ISO-10303-21;
HEADER;
FILE_DESCRIPTION(('Open CASCADE Model'),'2;1');
FILE_NAME('Open CASCADE Shape Model','2026-08-17T03:10:00',('Author'),(
    'Open CASCADE'),'Open CASCADE STEP processor 7.9','Open CASCADE 7.9'
  ,'Unknown');
FILE_SCHEMA(('AUTOMOTIVE_DESIGN { 1 0 10303 214 1 1 1 1 }'));
ENDSEC;
DATA;
#1 = APPLICATION_PROTOCOL_DEFINITION('international standard',
  'automotive_design',2000,#2);
#2 = APPLICATION_CONTEXT(
  'core data for automotive mechanical design processes');
#3 = SHAPE_DEFINITION_REPRESENTATION(#4,#10);
#4 = PRODUCT_DEFINITION_SHAPE('','',#5);
#5 = PRODUCT_DEFINITION('design','',#6,#9);
#6 = PRODUCT_DEFINITION_FORMATION('','',#7);
#7 = PRODUCT('Open CASCADE STEP translator 7.9 7',
  'Open CASCADE STEP translator 7.9 7','',(#8));
#8 = PRODUCT_CONTEXT('',#2,'mechanical');
#9 = PRODUCT_DEFINITION_CONTEXT('part definition',#2,'design');
#10 = SHAPE_REPRESENTATION('',(#11,#15,#19),#23);
#11 = AXIS2_PLACEMENT_3D('',#12,#13,#14);
#12 = CARTESIAN_POINT('',(0.,0.,0.));
#13 = DIRECTION('',(0.,0.,1.));
#14 = DIRECTION('',(1.,0.,-0.));
#15 = AXIS2_PLACEMENT_3D('',#16,#17,#18);
#16 = CARTESIAN_POINT('',(0.,0.,0.));
#17 = DIRECTION('',(0.,0.,1.));
#18 = DIRECTION('',(1.,0.,-0.));
#19 = AXIS2_PLACEMENT_3D('',#20,#21,#22);
#20 = CARTESIAN_POINT('',(0.,0.,0.));
#21 = DIRECTION('',(0.,0.,1.));
#22 = DIRECTION('',(1.,0.,-0.));
#23 = ( GEOMETRIC_REPRESENTATION_CONTEXT(3) 
GLOBAL_UNCERTAINTY_ASSIGNED_CONTEXT((#27)) GLOBAL_UNIT_ASSIGNED_CONTEXT(
(#24,#25,#26)) REPRESENTATION_CONTEXT('Context #1',
  '3D Context with UNIT and UNCERTAINTY') );
#24 = ( LENGTH_UNIT() NAMED_UNIT(*) SI_UNIT(.MILLI.,.METRE.) );
#25 = ( NAMED_UNIT(*) PLANE_ANGLE_UNIT() SI_UNIT($,.RADIAN.) );
#26 = ( NAMED_UNIT(*) SI_UNIT($,.STERADIAN.) SOLID_ANGLE_UNIT() );
#27 = UNCERTAINTY_MEASURE_WITH_UNIT(LENGTH_MEASURE(2.E-06),#24,
  'distance_accuracy_value','confusion accuracy');
#28 = PRODUCT_RELATED_PRODUCT_CATEGORY('part',$,(#7));
#29 = SHAPE_DEFINITION_REPRESENTATION(#30,#36);
#30 = PRODUCT_DEFINITION_SHAPE('','',#31);
#31 = PRODUCT_DEFINITION('design','',#32,#35);
#32 = PRODUCT_DEFINITION_FORMATION('','',#33);
#33 = PRODUCT('Open CASCADE STEP translator 7.9 7.1',
  'Open CASCADE STEP translator 7.9 7.1','',(#34));
#34 = PRODUCT_CONTEXT('',#2,'mechanical');
#35 = PRODUCT_DEFINITION_CONTEXT('part definition',#2,'design');
#36 = ADVANCED_BREP_SHAPE_REPRESENTATION('',(#11,#37),#1191);
#37 = MANIFOLD_SOLID_BREP('',#38);
#38 = CLOSED_SHELL('',(#39,#424,#500,#554,#604,#653,#702,#752,#802,#851,
    #900,#950,#1000,#1027,#1082,#1097,#1132,#1187));
#39 = ADVANCED_FACE('',(#40,#393),#54,.T.);
#40 = FACE_BOUND('',#41,.T.);
#41 = EDGE_LOOP('',(#42,#77,#110,#138,#167,#195,#224,#252,#281,#309,#338
    ,#366));
#42 = ORIENTED_EDGE('',*,*,#43,.F.);
#43 = EDGE_CURVE('',#44,#46,#48,.T.);
#44 = VERTEX_POINT('',#45);
#45 = CARTESIAN_POINT('',(7.447818472546,0.1,31.5));
#46 = VERTEX_POINT('',#47);
#47 = CARTESIAN_POINT('',(3.810511776652,6.4,31.5));
#48 = SURFACE_CURVE('',#49,(#53,#65),.PCURVE_S1.);
#49 = LINE('',#50,#51);
#50 = CARTESIAN_POINT('',(7.505553499465,0.,31.5));
#51 = VECTOR('',#52,1.);
#52 = DIRECTION('',(-0.5,0.866025403784,0.));
#53 = PCURVE('',#54,#59);
#54 = PLANE('',#55);
#55 = AXIS2_PLACEMENT_3D('',#56,#57,#58);
#56 = CARTESIAN_POINT('',(-3.038755850088E-16,2.403571302733E-16,31.5));
#57 = DIRECTION('',(0.,0.,1.));
#58 = DIRECTION('',(1.,0.,-0.));
#59 = DEFINITIONAL_REPRESENTATION('',(#60),#64);
#60 = LINE('',#61,#62);
#61 = CARTESIAN_POINT('',(7.505553499465,-2.403571302733E-16));
#62 = VECTOR('',#63,1.);
#63 = DIRECTION('',(-0.5,0.866025403784));
#64 = ( GEOMETRIC_REPRESENTATION_CONTEXT(2) 
PARAMETRIC_REPRESENTATION_CONTEXT() REPRESENTATION_CONTEXT('2D SPACE',''
  ) );
#65 = PCURVE('',#66,#71);
#66 = PLANE('',#67);
#67 = AXIS2_PLACEMENT_3D('',#68,#69,#70);
#68 = CARTESIAN_POINT('',(7.505553499465,0.,31.5));
#69 = DIRECTION('',(-0.866025403784,-0.5,0.));
#70 = DIRECTION('',(-0.5,0.866025403784,0.));
#71 = DEFINITIONAL_REPRESENTATION('',(#72),#76);
#72 = LINE('',#73,#74);
#73 = CARTESIAN_POINT('',(0.,0.));
#74 = VECTOR('',#75,1.);
#75 = DIRECTION('',(1.,0.));
#76 = ( GEOMETRIC_REPRESENTATION_CONTEXT(2) 
PARAMETRIC_REPRESENTATION_CONTEXT() REPRESENTATION_CONTEXT('2D SPACE',''
  ) );
#77 = ORIENTED_EDGE('',*,*,#78,.T.);
#78 = EDGE_CURVE('',#44,#79,#81,.T.);
#79 = VERTEX_POINT('',#80);
#80 = CARTESIAN_POINT('',(7.447818472546,-1.E-01,31.5));
#81 = SURFACE_CURVE('',#82,(#87,#98),.PCURVE_S1.);
#82 = CIRCLE('',#83,0.2);
#83 = AXIS2_PLACEMENT_3D('',#84,#85,#86);
#84 = CARTESIAN_POINT('',(7.274613391789,9.39988827516E-16,31.5));
#85 = DIRECTION('',(-0.,-0.,-1.));
#86 = DIRECTION('',(0.,-1.,0.));
#87 = PCURVE('',#54,#88);
#88 = DEFINITIONAL_REPRESENTATION('',(#89),#97);
#89 = ( BOUNDED_CURVE() B_SPLINE_CURVE(2,(#90,#91,#92,#93,#94,#95,#96),
.UNSPECIFIED.,.T.,.F.) B_SPLINE_CURVE_WITH_KNOTS((1,2,2,2,2,1),(
    -2.094395102393,0.,2.094395102393,4.188790204786,6.28318530718,
8.377580409573),.UNSPECIFIED.) CURVE() GEOMETRIC_REPRESENTATION_ITEM() 
RATIONAL_B_SPLINE_CURVE((1.,0.5,1.,0.5,1.,0.5,1.)) REPRESENTATION_ITEM(
  '') );
#90 = CARTESIAN_POINT('',(7.274613391789,-0.2));
#91 = CARTESIAN_POINT('',(6.928203230276,-0.2));
#92 = CARTESIAN_POINT('',(7.101408311032,0.1));
#93 = CARTESIAN_POINT('',(7.274613391789,0.4));
#94 = CARTESIAN_POINT('',(7.447818472546,0.1));
#95 = CARTESIAN_POINT('',(7.621023553303,-0.2));
#96 = CARTESIAN_POINT('',(7.274613391789,-0.2));
#97 = ( GEOMETRIC_REPRESENTATION_CONTEXT(2) 
PARAMETRIC_REPRESENTATION_CONTEXT() REPRESENTATION_CONTEXT('2D SPACE',''
  ) );
#98 = PCURVE('',#99,#104);
#99 = CYLINDRICAL_SURFACE('',#100,0.2);
#100 = AXIS2_PLACEMENT_3D('',#101,#102,#103);
#101 = CARTESIAN_POINT('',(7.274613391789,9.39988827516E-16,31.5));
#102 = DIRECTION('',(0.,0.,1.));
#103 = DIRECTION('',(0.866025403784,0.5,-0.));
#104 = DEFINITIONAL_REPRESENTATION('',(#105),#109);
#105 = LINE('',#106,#107);
#106 = CARTESIAN_POINT('',(4.188790204786,-0.));
#107 = VECTOR('',#108,1.);
#108 = DIRECTION('',(-1.,0.));
#109 = ( GEOMETRIC_REPRESENTATION_CONTEXT(2) 
PARAMETRIC_REPRESENTATION_CONTEXT() REPRESENTATION_CONTEXT('2D SPACE',''
  ) );
#110 = ORIENTED_EDGE('',*,*,#111,.F.);
#111 = EDGE_CURVE('',#112,#79,#114,.T.);
#112 = VERTEX_POINT('',#113);
#113 = CARTESIAN_POINT('',(3.810511776652,-6.4,31.5));
#114 = SURFACE_CURVE('',#115,(#119,#126),.PCURVE_S1.);
#115 = LINE('',#116,#117);
#116 = CARTESIAN_POINT('',(3.752776749733,-6.5,31.5));
#117 = VECTOR('',#118,1.);
#118 = DIRECTION('',(0.5,0.866025403784,0.));
#119 = PCURVE('',#54,#120);
#120 = DEFINITIONAL_REPRESENTATION('',(#121),#125);
#121 = LINE('',#122,#123);
#122 = CARTESIAN_POINT('',(3.752776749733,-6.5));
#123 = VECTOR('',#124,1.);
#124 = DIRECTION('',(0.5,0.866025403784));
#125 = ( GEOMETRIC_REPRESENTATION_CONTEXT(2) 
PARAMETRIC_REPRESENTATION_CONTEXT() REPRESENTATION_CONTEXT('2D SPACE',''
  ) );
#126 = PCURVE('',#127,#132);
#127 = PLANE('',#128);
#128 = AXIS2_PLACEMENT_3D('',#129,#130,#131);
#129 = CARTESIAN_POINT('',(3.752776749733,-6.5,31.5));
#130 = DIRECTION('',(-0.866025403784,0.5,0.));
#131 = DIRECTION('',(0.5,0.866025403784,0.));
#132 = DEFINITIONAL_REPRESENTATION('',(#133),#137);
#133 = LINE('',#134,#135);
#134 = CARTESIAN_POINT('',(0.,0.));
#135 = VECTOR('',#136,1.);
#136 = DIRECTION('',(1.,0.));
#137 = ( GEOMETRIC_REPRESENTATION_CONTEXT(2) 
PARAMETRIC_REPRESENTATION_CONTEXT() REPRESENTATION_CONTEXT('2D SPACE',''
  ) );
#138 = ORIENTED_EDGE('',*,*,#139,.F.);
#139 = EDGE_CURVE('',#140,#112,#142,.T.);
#140 = VERTEX_POINT('',#141);
#141 = CARTESIAN_POINT('',(3.637306695895,-6.5,31.5));
#142 = SURFACE_CURVE('',#143,(#148,#155),.PCURVE_S1.);
#143 = CIRCLE('',#144,0.2);
#144 = AXIS2_PLACEMENT_3D('',#145,#146,#147);
#145 = CARTESIAN_POINT('',(3.637306695895,-6.3,31.5));
#146 = DIRECTION('',(0.,0.,1.));
#147 = DIRECTION('',(0.,-1.,0.));
#148 = PCURVE('',#54,#149);
#149 = DEFINITIONAL_REPRESENTATION('',(#150),#154);
#150 = CIRCLE('',#151,0.2);
#151 = AXIS2_PLACEMENT_2D('',#152,#153);
#152 = CARTESIAN_POINT('',(3.637306695895,-6.3));
#153 = DIRECTION('',(0.,-1.));
#154 = ( GEOMETRIC_REPRESENTATION_CONTEXT(2) 
PARAMETRIC_REPRESENTATION_CONTEXT() REPRESENTATION_CONTEXT('2D SPACE',''
  ) );
#155 = PCURVE('',#156,#161);
#156 = CYLINDRICAL_SURFACE('',#157,0.2);
#157 = AXIS2_PLACEMENT_3D('',#158,#159,#160);
#158 = CARTESIAN_POINT('',(3.637306695895,-6.3,31.5));
#159 = DIRECTION('',(0.,0.,1.));
#160 = DIRECTION('',(-5.916808265796E-16,-1.,0.));
#161 = DEFINITIONAL_REPRESENTATION('',(#162),#166);
#162 = LINE('',#163,#164);
#163 = CARTESIAN_POINT('',(5.916808265796E-16,0.));
#164 = VECTOR('',#165,1.);
#165 = DIRECTION('',(1.,0.));
#166 = ( GEOMETRIC_REPRESENTATION_CONTEXT(2) 
PARAMETRIC_REPRESENTATION_CONTEXT() REPRESENTATION_CONTEXT('2D SPACE',''
  ) );
#167 = ORIENTED_EDGE('',*,*,#168,.F.);
#168 = EDGE_CURVE('',#169,#140,#171,.T.);
#169 = VERTEX_POINT('',#170);
#170 = CARTESIAN_POINT('',(-3.637306695895,-6.5,31.5));
#171 = SURFACE_CURVE('',#172,(#176,#183),.PCURVE_S1.);
#172 = LINE('',#173,#174);
#173 = CARTESIAN_POINT('',(-3.752776749733,-6.5,31.5));
#174 = VECTOR('',#175,1.);
#175 = DIRECTION('',(1.,-5.916808265796E-16,0.));
#176 = PCURVE('',#54,#177);
#177 = DEFINITIONAL_REPRESENTATION('',(#178),#182);
#178 = LINE('',#179,#180);
#179 = CARTESIAN_POINT('',(-3.752776749733,-6.5));
#180 = VECTOR('',#181,1.);
#181 = DIRECTION('',(1.,-5.916808265796E-16));
#182 = ( GEOMETRIC_REPRESENTATION_CONTEXT(2) 
PARAMETRIC_REPRESENTATION_CONTEXT() REPRESENTATION_CONTEXT('2D SPACE',''
  ) );
#183 = PCURVE('',#184,#189);
#184 = PLANE('',#185);
#185 = AXIS2_PLACEMENT_3D('',#186,#187,#188);
#186 = CARTESIAN_POINT('',(-3.752776749733,-6.5,31.5));
#187 = DIRECTION('',(5.916808265796E-16,1.,-0.));
#188 = DIRECTION('',(1.,-5.916808265796E-16,0.));
#189 = DEFINITIONAL_REPRESENTATION('',(#190),#194);
#190 = LINE('',#191,#192);
#191 = CARTESIAN_POINT('',(0.,0.));
#192 = VECTOR('',#193,1.);
#193 = DIRECTION('',(1.,0.));
#194 = ( GEOMETRIC_REPRESENTATION_CONTEXT(2) 
PARAMETRIC_REPRESENTATION_CONTEXT() REPRESENTATION_CONTEXT('2D SPACE',''
  ) );
#195 = ORIENTED_EDGE('',*,*,#196,.F.);
#196 = EDGE_CURVE('',#197,#169,#199,.T.);
#197 = VERTEX_POINT('',#198);
#198 = CARTESIAN_POINT('',(-3.810511776652,-6.4,31.5));
#199 = SURFACE_CURVE('',#200,(#205,#212),.PCURVE_S1.);
#200 = CIRCLE('',#201,0.2);
#201 = AXIS2_PLACEMENT_3D('',#202,#203,#204);
#202 = CARTESIAN_POINT('',(-3.637306695895,-6.3,31.5));
#203 = DIRECTION('',(0.,0.,1.));
#204 = DIRECTION('',(0.,-1.,0.));
#205 = PCURVE('',#54,#206);
#206 = DEFINITIONAL_REPRESENTATION('',(#207),#211);
#207 = CIRCLE('',#208,0.2);
#208 = AXIS2_PLACEMENT_2D('',#209,#210);
#209 = CARTESIAN_POINT('',(-3.637306695895,-6.3));
#210 = DIRECTION('',(0.,-1.));
#211 = ( GEOMETRIC_REPRESENTATION_CONTEXT(2) 
PARAMETRIC_REPRESENTATION_CONTEXT() REPRESENTATION_CONTEXT('2D SPACE',''
  ) );
#212 = PCURVE('',#213,#218);
#213 = CYLINDRICAL_SURFACE('',#214,0.2);
#214 = AXIS2_PLACEMENT_3D('',#215,#216,#217);
#215 = CARTESIAN_POINT('',(-3.637306695895,-6.3,31.5));
#216 = DIRECTION('',(0.,0.,1.));
#217 = DIRECTION('',(-0.866025403784,-0.5,0.));
#218 = DEFINITIONAL_REPRESENTATION('',(#219),#223);
#219 = LINE('',#220,#221);
#220 = CARTESIAN_POINT('',(-5.235987755983,0.));
#221 = VECTOR('',#222,1.);
#222 = DIRECTION('',(1.,0.));
#223 = ( GEOMETRIC_REPRESENTATION_CONTEXT(2) 
PARAMETRIC_REPRESENTATION_CONTEXT() REPRESENTATION_CONTEXT('2D SPACE',''
  ) );
#224 = ORIENTED_EDGE('',*,*,#225,.F.);
#225 = EDGE_CURVE('',#226,#197,#228,.T.);
#226 = VERTEX_POINT('',#227);
#227 = CARTESIAN_POINT('',(-7.447818472546,-0.1,31.5));
#228 = SURFACE_CURVE('',#229,(#233,#240),.PCURVE_S1.);
#229 = LINE('',#230,#231);
#230 = CARTESIAN_POINT('',(-7.505553499465,9.191652068949E-16,31.5));
#231 = VECTOR('',#232,1.);
#232 = DIRECTION('',(0.5,-0.866025403784,0.));
#233 = PCURVE('',#54,#234);
#234 = DEFINITIONAL_REPRESENTATION('',(#235),#239);
#235 = LINE('',#236,#237);
#236 = CARTESIAN_POINT('',(-7.505553499465,6.788080766216E-16));
#237 = VECTOR('',#238,1.);
#238 = DIRECTION('',(0.5,-0.866025403784));
#239 = ( GEOMETRIC_REPRESENTATION_CONTEXT(2) 
PARAMETRIC_REPRESENTATION_CONTEXT() REPRESENTATION_CONTEXT('2D SPACE',''
  ) );
#240 = PCURVE('',#241,#246);
#241 = PLANE('',#242);
#242 = AXIS2_PLACEMENT_3D('',#243,#244,#245);
#243 = CARTESIAN_POINT('',(-7.505553499465,9.191652068949E-16,31.5));
#244 = DIRECTION('',(0.866025403784,0.5,-0.));
#245 = DIRECTION('',(0.5,-0.866025403784,0.));
#246 = DEFINITIONAL_REPRESENTATION('',(#247),#251);
#247 = LINE('',#248,#249);
#248 = CARTESIAN_POINT('',(0.,0.));
#249 = VECTOR('',#250,1.);
#250 = DIRECTION('',(1.,0.));
#251 = ( GEOMETRIC_REPRESENTATION_CONTEXT(2) 
PARAMETRIC_REPRESENTATION_CONTEXT() REPRESENTATION_CONTEXT('2D SPACE',''
  ) );
#252 = ORIENTED_EDGE('',*,*,#253,.F.);
#253 = EDGE_CURVE('',#254,#226,#256,.T.);
#254 = VERTEX_POINT('',#255);
#255 = CARTESIAN_POINT('',(-7.447818472546,1.E-01,31.5));
#256 = SURFACE_CURVE('',#257,(#262,#269),.PCURVE_S1.);
#257 = CIRCLE('',#258,0.2);
#258 = AXIS2_PLACEMENT_3D('',#259,#260,#261);
#259 = CARTESIAN_POINT('',(-7.274613391789,-5.100121713918E-16,31.5));
#260 = DIRECTION('',(0.,0.,1.));
#261 = DIRECTION('',(0.,-1.,0.));
#262 = PCURVE('',#54,#263);
#263 = DEFINITIONAL_REPRESENTATION('',(#264),#268);
#264 = CIRCLE('',#265,0.2);
#265 = AXIS2_PLACEMENT_2D('',#266,#267);
#266 = CARTESIAN_POINT('',(-7.274613391789,-7.503693016652E-16));
#267 = DIRECTION('',(0.,-1.));
#268 = ( GEOMETRIC_REPRESENTATION_CONTEXT(2) 
PARAMETRIC_REPRESENTATION_CONTEXT() REPRESENTATION_CONTEXT('2D SPACE',''
  ) );
#269 = PCURVE('',#270,#275);
#270 = CYLINDRICAL_SURFACE('',#271,0.2);
#271 = AXIS2_PLACEMENT_3D('',#272,#273,#274);
#272 = CARTESIAN_POINT('',(-7.274613391789,-5.100121713918E-16,31.5));
#273 = DIRECTION('',(0.,0.,1.));
#274 = DIRECTION('',(-0.866025403784,0.5,0.));
#275 = DEFINITIONAL_REPRESENTATION('',(#276),#280);
#276 = LINE('',#277,#278);
#277 = CARTESIAN_POINT('',(-4.188790204786,0.));
#278 = VECTOR('',#279,1.);
#279 = DIRECTION('',(1.,0.));
#280 = ( GEOMETRIC_REPRESENTATION_CONTEXT(2) 
PARAMETRIC_REPRESENTATION_CONTEXT() REPRESENTATION_CONTEXT('2D SPACE',''
  ) );
#281 = ORIENTED_EDGE('',*,*,#282,.F.);
#282 = EDGE_CURVE('',#283,#254,#285,.T.);
#283 = VERTEX_POINT('',#284);
#284 = CARTESIAN_POINT('',(-3.810511776652,6.4,31.5));
#285 = SURFACE_CURVE('',#286,(#290,#297),.PCURVE_S1.);
#286 = LINE('',#287,#288);
#287 = CARTESIAN_POINT('',(-3.752776749733,6.5,31.5));
#288 = VECTOR('',#289,1.);
#289 = DIRECTION('',(-0.5,-0.866025403784,0.));
#290 = PCURVE('',#54,#291);
#291 = DEFINITIONAL_REPRESENTATION('',(#292),#296);
#292 = LINE('',#293,#294);
#293 = CARTESIAN_POINT('',(-3.752776749733,6.5));
#294 = VECTOR('',#295,1.);
#295 = DIRECTION('',(-0.5,-0.866025403784));
#296 = ( GEOMETRIC_REPRESENTATION_CONTEXT(2) 
PARAMETRIC_REPRESENTATION_CONTEXT() REPRESENTATION_CONTEXT('2D SPACE',''
  ) );
#297 = PCURVE('',#298,#303);
#298 = PLANE('',#299);
#299 = AXIS2_PLACEMENT_3D('',#300,#301,#302);
#300 = CARTESIAN_POINT('',(-3.752776749733,6.5,31.5));
#301 = DIRECTION('',(0.866025403784,-0.5,0.));
#302 = DIRECTION('',(-0.5,-0.866025403784,0.));
#303 = DEFINITIONAL_REPRESENTATION('',(#304),#308);
#304 = LINE('',#305,#306);
#305 = CARTESIAN_POINT('',(0.,0.));
#306 = VECTOR('',#307,1.);
#307 = DIRECTION('',(1.,0.));
#308 = ( GEOMETRIC_REPRESENTATION_CONTEXT(2) 
PARAMETRIC_REPRESENTATION_CONTEXT() REPRESENTATION_CONTEXT('2D SPACE',''
  ) );
#309 = ORIENTED_EDGE('',*,*,#310,.F.);
#310 = EDGE_CURVE('',#311,#283,#313,.T.);
#311 = VERTEX_POINT('',#312);
#312 = CARTESIAN_POINT('',(-3.637306695895,6.5,31.5));
#313 = SURFACE_CURVE('',#314,(#319,#326),.PCURVE_S1.);
#314 = CIRCLE('',#315,0.2);
#315 = AXIS2_PLACEMENT_3D('',#316,#317,#318);
#316 = CARTESIAN_POINT('',(-3.637306695895,6.3,31.5));
#317 = DIRECTION('',(0.,0.,1.));
#318 = DIRECTION('',(0.,-1.,0.));
#319 = PCURVE('',#54,#320);
#320 = DEFINITIONAL_REPRESENTATION('',(#321),#325);
#321 = CIRCLE('',#322,0.2);
#322 = AXIS2_PLACEMENT_2D('',#323,#324);
#323 = CARTESIAN_POINT('',(-3.637306695895,6.3));
#324 = DIRECTION('',(0.,-1.));
#325 = ( GEOMETRIC_REPRESENTATION_CONTEXT(2) 
PARAMETRIC_REPRESENTATION_CONTEXT() REPRESENTATION_CONTEXT('2D SPACE',''
  ) );
#326 = PCURVE('',#327,#332);
#327 = CYLINDRICAL_SURFACE('',#328,0.2);
#328 = AXIS2_PLACEMENT_3D('',#329,#330,#331);
#329 = CARTESIAN_POINT('',(-3.637306695895,6.3,31.5));
#330 = DIRECTION('',(0.,0.,1.));
#331 = DIRECTION('',(1.183361653159E-16,1.,-0.));
#332 = DEFINITIONAL_REPRESENTATION('',(#333),#337);
#333 = LINE('',#334,#335);
#334 = CARTESIAN_POINT('',(-3.14159265359,0.));
#335 = VECTOR('',#336,1.);
#336 = DIRECTION('',(1.,0.));
#337 = ( GEOMETRIC_REPRESENTATION_CONTEXT(2) 
PARAMETRIC_REPRESENTATION_CONTEXT() REPRESENTATION_CONTEXT('2D SPACE',''
  ) );
#338 = ORIENTED_EDGE('',*,*,#339,.F.);
#339 = EDGE_CURVE('',#340,#311,#342,.T.);
#340 = VERTEX_POINT('',#341);
#341 = CARTESIAN_POINT('',(3.637306695895,6.5,31.5));
#342 = SURFACE_CURVE('',#343,(#347,#354),.PCURVE_S1.);
#343 = LINE('',#344,#345);
#344 = CARTESIAN_POINT('',(3.752776749733,6.5,31.5));
#345 = VECTOR('',#346,1.);
#346 = DIRECTION('',(-1.,1.183361653159E-16,0.));
#347 = PCURVE('',#54,#348);
#348 = DEFINITIONAL_REPRESENTATION('',(#349),#353);
#349 = LINE('',#350,#351);
#350 = CARTESIAN_POINT('',(3.752776749733,6.5));
#351 = VECTOR('',#352,1.);
#352 = DIRECTION('',(-1.,1.183361653159E-16));
#353 = ( GEOMETRIC_REPRESENTATION_CONTEXT(2) 
PARAMETRIC_REPRESENTATION_CONTEXT() REPRESENTATION_CONTEXT('2D SPACE',''
  ) );
#354 = PCURVE('',#355,#360);
#355 = PLANE('',#356);
#356 = AXIS2_PLACEMENT_3D('',#357,#358,#359);
#357 = CARTESIAN_POINT('',(3.752776749733,6.5,31.5));
#358 = DIRECTION('',(-1.183361653159E-16,-1.,0.));
#359 = DIRECTION('',(-1.,1.183361653159E-16,0.));
#360 = DEFINITIONAL_REPRESENTATION('',(#361),#365);
#361 = LINE('',#362,#363);
#362 = CARTESIAN_POINT('',(0.,0.));
#363 = VECTOR('',#364,1.);
#364 = DIRECTION('',(1.,0.));
#365 = ( GEOMETRIC_REPRESENTATION_CONTEXT(2) 
PARAMETRIC_REPRESENTATION_CONTEXT() REPRESENTATION_CONTEXT('2D SPACE',''
  ) );
#366 = ORIENTED_EDGE('',*,*,#367,.F.);
#367 = EDGE_CURVE('',#46,#340,#368,.T.);
#368 = SURFACE_CURVE('',#369,(#374,#381),.PCURVE_S1.);
#369 = CIRCLE('',#370,0.2);
#370 = AXIS2_PLACEMENT_3D('',#371,#372,#373);
#371 = CARTESIAN_POINT('',(3.637306695895,6.3,31.5));
#372 = DIRECTION('',(0.,0.,1.));
#373 = DIRECTION('',(0.,-1.,0.));
#374 = PCURVE('',#54,#375);
#375 = DEFINITIONAL_REPRESENTATION('',(#376),#380);
#376 = CIRCLE('',#377,0.2);
#377 = AXIS2_PLACEMENT_2D('',#378,#379);
#378 = CARTESIAN_POINT('',(3.637306695895,6.3));
#379 = DIRECTION('',(0.,-1.));
#380 = ( GEOMETRIC_REPRESENTATION_CONTEXT(2) 
PARAMETRIC_REPRESENTATION_CONTEXT() REPRESENTATION_CONTEXT('2D SPACE',''
  ) );
#381 = PCURVE('',#382,#387);
#382 = CYLINDRICAL_SURFACE('',#383,0.2);
#383 = AXIS2_PLACEMENT_3D('',#384,#385,#386);
#384 = CARTESIAN_POINT('',(3.637306695895,6.3,31.5));
#385 = DIRECTION('',(0.,0.,1.));
#386 = DIRECTION('',(0.866025403784,0.5,-0.));
#387 = DEFINITIONAL_REPRESENTATION('',(#388),#392);
#388 = LINE('',#389,#390);
#389 = CARTESIAN_POINT('',(-2.094395102393,0.));
#390 = VECTOR('',#391,1.);
#391 = DIRECTION('',(1.,0.));
#392 = ( GEOMETRIC_REPRESENTATION_CONTEXT(2) 
PARAMETRIC_REPRESENTATION_CONTEXT() REPRESENTATION_CONTEXT('2D SPACE',''
  ) );
#393 = FACE_BOUND('',#394,.T.);
#394 = EDGE_LOOP('',(#395));
#395 = ORIENTED_EDGE('',*,*,#396,.T.);
#396 = EDGE_CURVE('',#397,#397,#399,.T.);
#397 = VERTEX_POINT('',#398);
#398 = CARTESIAN_POINT('',(9.,0.,31.5));
#399 = SURFACE_CURVE('',#400,(#405,#412),.PCURVE_S1.);
#400 = CIRCLE('',#401,9.);
#401 = AXIS2_PLACEMENT_3D('',#402,#403,#404);
#402 = CARTESIAN_POINT('',(0.,0.,31.5));
#403 = DIRECTION('',(0.,0.,1.));
#404 = DIRECTION('',(1.,0.,0.));
#405 = PCURVE('',#54,#406);
#406 = DEFINITIONAL_REPRESENTATION('',(#407),#411);
#407 = CIRCLE('',#408,9.);
#408 = AXIS2_PLACEMENT_2D('',#409,#410);
#409 = CARTESIAN_POINT('',(3.038755850088E-16,-2.403571302733E-16));
#410 = DIRECTION('',(1.,0.));
#411 = ( GEOMETRIC_REPRESENTATION_CONTEXT(2) 
PARAMETRIC_REPRESENTATION_CONTEXT() REPRESENTATION_CONTEXT('2D SPACE',''
  ) );
#412 = PCURVE('',#413,#418);
#413 = CYLINDRICAL_SURFACE('',#414,9.);
#414 = AXIS2_PLACEMENT_3D('',#415,#416,#417);
#415 = CARTESIAN_POINT('',(0.,0.,30.));
#416 = DIRECTION('',(-0.,-0.,-1.));
#417 = DIRECTION('',(1.,0.,0.));
#418 = DEFINITIONAL_REPRESENTATION('',(#419),#423);
#419 = LINE('',#420,#421);
#420 = CARTESIAN_POINT('',(-0.,-1.5));
#421 = VECTOR('',#422,1.);
#422 = DIRECTION('',(-1.,0.));
#423 = ( GEOMETRIC_REPRESENTATION_CONTEXT(2) 
PARAMETRIC_REPRESENTATION_CONTEXT() REPRESENTATION_CONTEXT('2D SPACE',''
  ) );
#424 = ADVANCED_FACE('',(#425),#66,.F.);
#425 = FACE_BOUND('',#426,.F.);
#426 = EDGE_LOOP('',(#427,#428,#451,#479));
#427 = ORIENTED_EDGE('',*,*,#43,.F.);
#428 = ORIENTED_EDGE('',*,*,#429,.T.);
#429 = EDGE_CURVE('',#44,#430,#432,.T.);
#430 = VERTEX_POINT('',#431);
#431 = CARTESIAN_POINT('',(7.447818472546,0.1,36.8));
#432 = SURFACE_CURVE('',#433,(#437,#444),.PCURVE_S1.);
#433 = LINE('',#434,#435);
#434 = CARTESIAN_POINT('',(7.447818472546,0.1,31.5));
#435 = VECTOR('',#436,1.);
#436 = DIRECTION('',(0.,0.,1.));
#437 = PCURVE('',#66,#438);
#438 = DEFINITIONAL_REPRESENTATION('',(#439),#443);
#439 = LINE('',#440,#441);
#440 = CARTESIAN_POINT('',(0.115470053838,0.));
#441 = VECTOR('',#442,1.);
#442 = DIRECTION('',(0.,-1.));
#443 = ( GEOMETRIC_REPRESENTATION_CONTEXT(2) 
PARAMETRIC_REPRESENTATION_CONTEXT() REPRESENTATION_CONTEXT('2D SPACE',''
  ) );
#444 = PCURVE('',#99,#445);
#445 = DEFINITIONAL_REPRESENTATION('',(#446),#450);
#446 = LINE('',#447,#448);
#447 = CARTESIAN_POINT('',(-0.,0.));
#448 = VECTOR('',#449,1.);
#449 = DIRECTION('',(-0.,1.));
#450 = ( GEOMETRIC_REPRESENTATION_CONTEXT(2) 
PARAMETRIC_REPRESENTATION_CONTEXT() REPRESENTATION_CONTEXT('2D SPACE',''
  ) );
#451 = ORIENTED_EDGE('',*,*,#452,.T.);
#452 = EDGE_CURVE('',#430,#453,#455,.T.);
#453 = VERTEX_POINT('',#454);
#454 = CARTESIAN_POINT('',(3.810511776652,6.4,36.8));
#455 = SURFACE_CURVE('',#456,(#460,#467),.PCURVE_S1.);
#456 = LINE('',#457,#458);
#457 = CARTESIAN_POINT('',(7.505553499465,0.,36.8));
#458 = VECTOR('',#459,1.);
#459 = DIRECTION('',(-0.5,0.866025403784,0.));
#460 = PCURVE('',#66,#461);
#461 = DEFINITIONAL_REPRESENTATION('',(#462),#466);
#462 = LINE('',#463,#464);
#463 = CARTESIAN_POINT('',(0.,-5.3));
#464 = VECTOR('',#465,1.);
#465 = DIRECTION('',(1.,0.));
#466 = ( GEOMETRIC_REPRESENTATION_CONTEXT(2) 
PARAMETRIC_REPRESENTATION_CONTEXT() REPRESENTATION_CONTEXT('2D SPACE',''
  ) );
#467 = PCURVE('',#468,#473);
#468 = PLANE('',#469);
#469 = AXIS2_PLACEMENT_3D('',#470,#471,#472);
#470 = CARTESIAN_POINT('',(-3.155631075091E-16,-7.889077687727E-17,36.8)
  );
#471 = DIRECTION('',(0.,0.,1.));
#472 = DIRECTION('',(1.,0.,-0.));
#473 = DEFINITIONAL_REPRESENTATION('',(#474),#478);
#474 = LINE('',#475,#476);
#475 = CARTESIAN_POINT('',(7.505553499465,7.889077687727E-17));
#476 = VECTOR('',#477,1.);
#477 = DIRECTION('',(-0.5,0.866025403784));
#478 = ( GEOMETRIC_REPRESENTATION_CONTEXT(2) 
PARAMETRIC_REPRESENTATION_CONTEXT() REPRESENTATION_CONTEXT('2D SPACE',''
  ) );
#479 = ORIENTED_EDGE('',*,*,#480,.F.);
#480 = EDGE_CURVE('',#46,#453,#481,.T.);
#481 = SURFACE_CURVE('',#482,(#486,#493),.PCURVE_S1.);
#482 = LINE('',#483,#484);
#483 = CARTESIAN_POINT('',(3.810511776652,6.4,31.5));
#484 = VECTOR('',#485,1.);
#485 = DIRECTION('',(0.,0.,1.));
#486 = PCURVE('',#66,#487);
#487 = DEFINITIONAL_REPRESENTATION('',(#488),#492);
#488 = LINE('',#489,#490);
#489 = CARTESIAN_POINT('',(7.390083445627,0.));
#490 = VECTOR('',#491,1.);
#491 = DIRECTION('',(0.,-1.));
#492 = ( GEOMETRIC_REPRESENTATION_CONTEXT(2) 
PARAMETRIC_REPRESENTATION_CONTEXT() REPRESENTATION_CONTEXT('2D SPACE',''
  ) );
#493 = PCURVE('',#382,#494);
#494 = DEFINITIONAL_REPRESENTATION('',(#495),#499);
#495 = LINE('',#496,#497);
#496 = CARTESIAN_POINT('',(0.,0.));
#497 = VECTOR('',#498,1.);
#498 = DIRECTION('',(0.,1.));
#499 = ( GEOMETRIC_REPRESENTATION_CONTEXT(2) 
PARAMETRIC_REPRESENTATION_CONTEXT() REPRESENTATION_CONTEXT('2D SPACE',''
  ) );
#500 = ADVANCED_FACE('',(#501),#99,.T.);
#501 = FACE_BOUND('',#502,.F.);
#502 = EDGE_LOOP('',(#503,#504,#527,#553));
#503 = ORIENTED_EDGE('',*,*,#78,.T.);
#504 = ORIENTED_EDGE('',*,*,#505,.T.);
#505 = EDGE_CURVE('',#79,#506,#508,.T.);
#506 = VERTEX_POINT('',#507);
#507 = CARTESIAN_POINT('',(7.447818472546,-1.E-01,36.8));
#508 = SURFACE_CURVE('',#509,(#513,#520),.PCURVE_S1.);
#509 = LINE('',#510,#511);
#510 = CARTESIAN_POINT('',(7.447818472546,-1.E-01,31.5));
#511 = VECTOR('',#512,1.);
#512 = DIRECTION('',(0.,0.,1.));
#513 = PCURVE('',#99,#514);
#514 = DEFINITIONAL_REPRESENTATION('',(#515),#519);
#515 = LINE('',#516,#517);
#516 = CARTESIAN_POINT('',(-1.047197551197,0.));
#517 = VECTOR('',#518,1.);
#518 = DIRECTION('',(-0.,1.));
#519 = ( GEOMETRIC_REPRESENTATION_CONTEXT(2) 
PARAMETRIC_REPRESENTATION_CONTEXT() REPRESENTATION_CONTEXT('2D SPACE',''
  ) );
#520 = PCURVE('',#127,#521);
#521 = DEFINITIONAL_REPRESENTATION('',(#522),#526);
#522 = LINE('',#523,#524);
#523 = CARTESIAN_POINT('',(7.390083445627,0.));
#524 = VECTOR('',#525,1.);
#525 = DIRECTION('',(0.,-1.));
#526 = ( GEOMETRIC_REPRESENTATION_CONTEXT(2) 
PARAMETRIC_REPRESENTATION_CONTEXT() REPRESENTATION_CONTEXT('2D SPACE',''
  ) );
#527 = ORIENTED_EDGE('',*,*,#528,.F.);
#528 = EDGE_CURVE('',#430,#506,#529,.T.);
#529 = SURFACE_CURVE('',#530,(#535,#542),.PCURVE_S1.);
#530 = CIRCLE('',#531,0.2);
#531 = AXIS2_PLACEMENT_3D('',#532,#533,#534);
#532 = CARTESIAN_POINT('',(7.274613391789,9.39988827516E-16,36.8));
#533 = DIRECTION('',(-0.,-0.,-1.));
#534 = DIRECTION('',(0.,-1.,0.));
#535 = PCURVE('',#99,#536);
#536 = DEFINITIONAL_REPRESENTATION('',(#537),#541);
#537 = LINE('',#538,#539);
#538 = CARTESIAN_POINT('',(4.188790204786,5.3));
#539 = VECTOR('',#540,1.);
#540 = DIRECTION('',(-1.,0.));
#541 = ( GEOMETRIC_REPRESENTATION_CONTEXT(2) 
PARAMETRIC_REPRESENTATION_CONTEXT() REPRESENTATION_CONTEXT('2D SPACE',''
  ) );
#542 = PCURVE('',#468,#543);
#543 = DEFINITIONAL_REPRESENTATION('',(#544),#552);
#544 = ( BOUNDED_CURVE() B_SPLINE_CURVE(2,(#545,#546,#547,#548,#549,#550
,#551),.UNSPECIFIED.,.T.,.F.) B_SPLINE_CURVE_WITH_KNOTS((1,2,2,2,2,1),(
    -2.094395102393,0.,2.094395102393,4.188790204786,6.28318530718,
8.377580409573),.UNSPECIFIED.) CURVE() GEOMETRIC_REPRESENTATION_ITEM() 
RATIONAL_B_SPLINE_CURVE((1.,0.5,1.,0.5,1.,0.5,1.)) REPRESENTATION_ITEM(
  '') );
#545 = CARTESIAN_POINT('',(7.274613391789,-0.2));
#546 = CARTESIAN_POINT('',(6.928203230276,-0.2));
#547 = CARTESIAN_POINT('',(7.101408311032,0.1));
#548 = CARTESIAN_POINT('',(7.274613391789,0.4));
#549 = CARTESIAN_POINT('',(7.447818472546,0.1));
#550 = CARTESIAN_POINT('',(7.621023553303,-0.2));
#551 = CARTESIAN_POINT('',(7.274613391789,-0.2));
#552 = ( GEOMETRIC_REPRESENTATION_CONTEXT(2) 
PARAMETRIC_REPRESENTATION_CONTEXT() REPRESENTATION_CONTEXT('2D SPACE',''
  ) );
#553 = ORIENTED_EDGE('',*,*,#429,.F.);
#554 = ADVANCED_FACE('',(#555),#382,.T.);
#555 = FACE_BOUND('',#556,.T.);
#556 = EDGE_LOOP('',(#557,#558,#581,#603));
#557 = ORIENTED_EDGE('',*,*,#367,.T.);
#558 = ORIENTED_EDGE('',*,*,#559,.T.);
#559 = EDGE_CURVE('',#340,#560,#562,.T.);
#560 = VERTEX_POINT('',#561);
#561 = CARTESIAN_POINT('',(3.637306695895,6.5,36.8));
#562 = SURFACE_CURVE('',#563,(#567,#574),.PCURVE_S1.);
#563 = LINE('',#564,#565);
#564 = CARTESIAN_POINT('',(3.637306695895,6.5,31.5));
#565 = VECTOR('',#566,1.);
#566 = DIRECTION('',(0.,0.,1.));
#567 = PCURVE('',#382,#568);
#568 = DEFINITIONAL_REPRESENTATION('',(#569),#573);
#569 = LINE('',#570,#571);
#570 = CARTESIAN_POINT('',(1.047197551197,0.));
#571 = VECTOR('',#572,1.);
#572 = DIRECTION('',(0.,1.));
#573 = ( GEOMETRIC_REPRESENTATION_CONTEXT(2) 
PARAMETRIC_REPRESENTATION_CONTEXT() REPRESENTATION_CONTEXT('2D SPACE',''
  ) );
#574 = PCURVE('',#355,#575);
#575 = DEFINITIONAL_REPRESENTATION('',(#576),#580);
#576 = LINE('',#577,#578);
#577 = CARTESIAN_POINT('',(0.115470053838,0.));
#578 = VECTOR('',#579,1.);
#579 = DIRECTION('',(0.,-1.));
#580 = ( GEOMETRIC_REPRESENTATION_CONTEXT(2) 
PARAMETRIC_REPRESENTATION_CONTEXT() REPRESENTATION_CONTEXT('2D SPACE',''
  ) );
#581 = ORIENTED_EDGE('',*,*,#582,.F.);
#582 = EDGE_CURVE('',#453,#560,#583,.T.);
#583 = SURFACE_CURVE('',#584,(#589,#596),.PCURVE_S1.);
#584 = CIRCLE('',#585,0.2);
#585 = AXIS2_PLACEMENT_3D('',#586,#587,#588);
#586 = CARTESIAN_POINT('',(3.637306695895,6.3,36.8));
#587 = DIRECTION('',(0.,0.,1.));
#588 = DIRECTION('',(0.,-1.,0.));
#589 = PCURVE('',#382,#590);
#590 = DEFINITIONAL_REPRESENTATION('',(#591),#595);
#591 = LINE('',#592,#593);
#592 = CARTESIAN_POINT('',(-2.094395102393,5.3));
#593 = VECTOR('',#594,1.);
#594 = DIRECTION('',(1.,0.));
#595 = ( GEOMETRIC_REPRESENTATION_CONTEXT(2) 
PARAMETRIC_REPRESENTATION_CONTEXT() REPRESENTATION_CONTEXT('2D SPACE',''
  ) );
#596 = PCURVE('',#468,#597);
#597 = DEFINITIONAL_REPRESENTATION('',(#598),#602);
#598 = CIRCLE('',#599,0.2);
#599 = AXIS2_PLACEMENT_2D('',#600,#601);
#600 = CARTESIAN_POINT('',(3.637306695895,6.3));
#601 = DIRECTION('',(0.,-1.));
#602 = ( GEOMETRIC_REPRESENTATION_CONTEXT(2) 
PARAMETRIC_REPRESENTATION_CONTEXT() REPRESENTATION_CONTEXT('2D SPACE',''
  ) );
#603 = ORIENTED_EDGE('',*,*,#480,.F.);
#604 = ADVANCED_FACE('',(#605),#127,.F.);
#605 = FACE_BOUND('',#606,.F.);
#606 = EDGE_LOOP('',(#607,#608,#631,#652));
#607 = ORIENTED_EDGE('',*,*,#111,.F.);
#608 = ORIENTED_EDGE('',*,*,#609,.T.);
#609 = EDGE_CURVE('',#112,#610,#612,.T.);
#610 = VERTEX_POINT('',#611);
#611 = CARTESIAN_POINT('',(3.810511776652,-6.4,36.8));
#612 = SURFACE_CURVE('',#613,(#617,#624),.PCURVE_S1.);
#613 = LINE('',#614,#615);
#614 = CARTESIAN_POINT('',(3.810511776652,-6.4,31.5));
#615 = VECTOR('',#616,1.);
#616 = DIRECTION('',(0.,0.,1.));
#617 = PCURVE('',#127,#618);
#618 = DEFINITIONAL_REPRESENTATION('',(#619),#623);
#619 = LINE('',#620,#621);
#620 = CARTESIAN_POINT('',(0.115470053838,0.));
#621 = VECTOR('',#622,1.);
#622 = DIRECTION('',(0.,-1.));
#623 = ( GEOMETRIC_REPRESENTATION_CONTEXT(2) 
PARAMETRIC_REPRESENTATION_CONTEXT() REPRESENTATION_CONTEXT('2D SPACE',''
  ) );
#624 = PCURVE('',#156,#625);
#625 = DEFINITIONAL_REPRESENTATION('',(#626),#630);
#626 = LINE('',#627,#628);
#627 = CARTESIAN_POINT('',(1.047197551197,0.));
#628 = VECTOR('',#629,1.);
#629 = DIRECTION('',(0.,1.));
#630 = ( GEOMETRIC_REPRESENTATION_CONTEXT(2) 
PARAMETRIC_REPRESENTATION_CONTEXT() REPRESENTATION_CONTEXT('2D SPACE',''
  ) );
#631 = ORIENTED_EDGE('',*,*,#632,.T.);
#632 = EDGE_CURVE('',#610,#506,#633,.T.);
#633 = SURFACE_CURVE('',#634,(#638,#645),.PCURVE_S1.);
#634 = LINE('',#635,#636);
#635 = CARTESIAN_POINT('',(3.752776749733,-6.5,36.8));
#636 = VECTOR('',#637,1.);
#637 = DIRECTION('',(0.5,0.866025403784,0.));
#638 = PCURVE('',#127,#639);
#639 = DEFINITIONAL_REPRESENTATION('',(#640),#644);
#640 = LINE('',#641,#642);
#641 = CARTESIAN_POINT('',(0.,-5.3));
#642 = VECTOR('',#643,1.);
#643 = DIRECTION('',(1.,0.));
#644 = ( GEOMETRIC_REPRESENTATION_CONTEXT(2) 
PARAMETRIC_REPRESENTATION_CONTEXT() REPRESENTATION_CONTEXT('2D SPACE',''
  ) );
#645 = PCURVE('',#468,#646);
#646 = DEFINITIONAL_REPRESENTATION('',(#647),#651);
#647 = LINE('',#648,#649);
#648 = CARTESIAN_POINT('',(3.752776749733,-6.5));
#649 = VECTOR('',#650,1.);
#650 = DIRECTION('',(0.5,0.866025403784));
#651 = ( GEOMETRIC_REPRESENTATION_CONTEXT(2) 
PARAMETRIC_REPRESENTATION_CONTEXT() REPRESENTATION_CONTEXT('2D SPACE',''
  ) );
#652 = ORIENTED_EDGE('',*,*,#505,.F.);
#653 = ADVANCED_FACE('',(#654),#355,.F.);
#654 = FACE_BOUND('',#655,.F.);
#655 = EDGE_LOOP('',(#656,#657,#658,#681));
#656 = ORIENTED_EDGE('',*,*,#339,.F.);
#657 = ORIENTED_EDGE('',*,*,#559,.T.);
#658 = ORIENTED_EDGE('',*,*,#659,.T.);
#659 = EDGE_CURVE('',#560,#660,#662,.T.);
#660 = VERTEX_POINT('',#661);
#661 = CARTESIAN_POINT('',(-3.637306695895,6.5,36.8));
#662 = SURFACE_CURVE('',#663,(#667,#674),.PCURVE_S1.);
#663 = LINE('',#664,#665);
#664 = CARTESIAN_POINT('',(3.752776749733,6.5,36.8));
#665 = VECTOR('',#666,1.);
#666 = DIRECTION('',(-1.,1.183361653159E-16,0.));
#667 = PCURVE('',#355,#668);
#668 = DEFINITIONAL_REPRESENTATION('',(#669),#673);
#669 = LINE('',#670,#671);
#670 = CARTESIAN_POINT('',(0.,-5.3));
#671 = VECTOR('',#672,1.);
#672 = DIRECTION('',(1.,0.));
#673 = ( GEOMETRIC_REPRESENTATION_CONTEXT(2) 
PARAMETRIC_REPRESENTATION_CONTEXT() REPRESENTATION_CONTEXT('2D SPACE',''
  ) );
#674 = PCURVE('',#468,#675);
#675 = DEFINITIONAL_REPRESENTATION('',(#676),#680);
#676 = LINE('',#677,#678);
#677 = CARTESIAN_POINT('',(3.752776749733,6.5));
#678 = VECTOR('',#679,1.);
#679 = DIRECTION('',(-1.,1.183361653159E-16));
#680 = ( GEOMETRIC_REPRESENTATION_CONTEXT(2) 
PARAMETRIC_REPRESENTATION_CONTEXT() REPRESENTATION_CONTEXT('2D SPACE',''
  ) );
#681 = ORIENTED_EDGE('',*,*,#682,.F.);
#682 = EDGE_CURVE('',#311,#660,#683,.T.);
#683 = SURFACE_CURVE('',#684,(#688,#695),.PCURVE_S1.);
#684 = LINE('',#685,#686);
#685 = CARTESIAN_POINT('',(-3.637306695895,6.5,31.5));
#686 = VECTOR('',#687,1.);
#687 = DIRECTION('',(0.,0.,1.));
#688 = PCURVE('',#355,#689);
#689 = DEFINITIONAL_REPRESENTATION('',(#690),#694);
#690 = LINE('',#691,#692);
#691 = CARTESIAN_POINT('',(7.390083445627,0.));
#692 = VECTOR('',#693,1.);
#693 = DIRECTION('',(0.,-1.));
#694 = ( GEOMETRIC_REPRESENTATION_CONTEXT(2) 
PARAMETRIC_REPRESENTATION_CONTEXT() REPRESENTATION_CONTEXT('2D SPACE',''
  ) );
#695 = PCURVE('',#327,#696);
#696 = DEFINITIONAL_REPRESENTATION('',(#697),#701);
#697 = LINE('',#698,#699);
#698 = CARTESIAN_POINT('',(0.,0.));
#699 = VECTOR('',#700,1.);
#700 = DIRECTION('',(0.,1.));
#701 = ( GEOMETRIC_REPRESENTATION_CONTEXT(2) 
PARAMETRIC_REPRESENTATION_CONTEXT() REPRESENTATION_CONTEXT('2D SPACE',''
  ) );
#702 = ADVANCED_FACE('',(#703),#156,.T.);
#703 = FACE_BOUND('',#704,.T.);
#704 = EDGE_LOOP('',(#705,#706,#707,#731));
#705 = ORIENTED_EDGE('',*,*,#139,.T.);
#706 = ORIENTED_EDGE('',*,*,#609,.T.);
#707 = ORIENTED_EDGE('',*,*,#708,.F.);
#708 = EDGE_CURVE('',#709,#610,#711,.T.);
#709 = VERTEX_POINT('',#710);
#710 = CARTESIAN_POINT('',(3.637306695895,-6.5,36.8));
#711 = SURFACE_CURVE('',#712,(#717,#724),.PCURVE_S1.);
#712 = CIRCLE('',#713,0.2);
#713 = AXIS2_PLACEMENT_3D('',#714,#715,#716);
#714 = CARTESIAN_POINT('',(3.637306695895,-6.3,36.8));
#715 = DIRECTION('',(0.,0.,1.));
#716 = DIRECTION('',(0.,-1.,0.));
#717 = PCURVE('',#156,#718);
#718 = DEFINITIONAL_REPRESENTATION('',(#719),#723);
#719 = LINE('',#720,#721);
#720 = CARTESIAN_POINT('',(5.916808265796E-16,5.3));
#721 = VECTOR('',#722,1.);
#722 = DIRECTION('',(1.,0.));
#723 = ( GEOMETRIC_REPRESENTATION_CONTEXT(2) 
PARAMETRIC_REPRESENTATION_CONTEXT() REPRESENTATION_CONTEXT('2D SPACE',''
  ) );
#724 = PCURVE('',#468,#725);
#725 = DEFINITIONAL_REPRESENTATION('',(#726),#730);
#726 = CIRCLE('',#727,0.2);
#727 = AXIS2_PLACEMENT_2D('',#728,#729);
#728 = CARTESIAN_POINT('',(3.637306695895,-6.3));
#729 = DIRECTION('',(0.,-1.));
#730 = ( GEOMETRIC_REPRESENTATION_CONTEXT(2) 
PARAMETRIC_REPRESENTATION_CONTEXT() REPRESENTATION_CONTEXT('2D SPACE',''
  ) );
#731 = ORIENTED_EDGE('',*,*,#732,.F.);
#732 = EDGE_CURVE('',#140,#709,#733,.T.);
#733 = SURFACE_CURVE('',#734,(#738,#745),.PCURVE_S1.);
#734 = LINE('',#735,#736);
#735 = CARTESIAN_POINT('',(3.637306695895,-6.5,31.5));
#736 = VECTOR('',#737,1.);
#737 = DIRECTION('',(0.,0.,1.));
#738 = PCURVE('',#156,#739);
#739 = DEFINITIONAL_REPRESENTATION('',(#740),#744);
#740 = LINE('',#741,#742);
#741 = CARTESIAN_POINT('',(0.,0.));
#742 = VECTOR('',#743,1.);
#743 = DIRECTION('',(0.,1.));
#744 = ( GEOMETRIC_REPRESENTATION_CONTEXT(2) 
PARAMETRIC_REPRESENTATION_CONTEXT() REPRESENTATION_CONTEXT('2D SPACE',''
  ) );
#745 = PCURVE('',#184,#746);
#746 = DEFINITIONAL_REPRESENTATION('',(#747),#751);
#747 = LINE('',#748,#749);
#748 = CARTESIAN_POINT('',(7.390083445627,0.));
#749 = VECTOR('',#750,1.);
#750 = DIRECTION('',(0.,-1.));
#751 = ( GEOMETRIC_REPRESENTATION_CONTEXT(2) 
PARAMETRIC_REPRESENTATION_CONTEXT() REPRESENTATION_CONTEXT('2D SPACE',''
  ) );
#752 = ADVANCED_FACE('',(#753),#327,.T.);
#753 = FACE_BOUND('',#754,.T.);
#754 = EDGE_LOOP('',(#755,#756,#779,#801));
#755 = ORIENTED_EDGE('',*,*,#310,.T.);
#756 = ORIENTED_EDGE('',*,*,#757,.T.);
#757 = EDGE_CURVE('',#283,#758,#760,.T.);
#758 = VERTEX_POINT('',#759);
#759 = CARTESIAN_POINT('',(-3.810511776652,6.4,36.8));
#760 = SURFACE_CURVE('',#761,(#765,#772),.PCURVE_S1.);
#761 = LINE('',#762,#763);
#762 = CARTESIAN_POINT('',(-3.810511776652,6.4,31.5));
#763 = VECTOR('',#764,1.);
#764 = DIRECTION('',(0.,0.,1.));
#765 = PCURVE('',#327,#766);
#766 = DEFINITIONAL_REPRESENTATION('',(#767),#771);
#767 = LINE('',#768,#769);
#768 = CARTESIAN_POINT('',(1.047197551197,0.));
#769 = VECTOR('',#770,1.);
#770 = DIRECTION('',(0.,1.));
#771 = ( GEOMETRIC_REPRESENTATION_CONTEXT(2) 
PARAMETRIC_REPRESENTATION_CONTEXT() REPRESENTATION_CONTEXT('2D SPACE',''
  ) );
#772 = PCURVE('',#298,#773);
#773 = DEFINITIONAL_REPRESENTATION('',(#774),#778);
#774 = LINE('',#775,#776);
#775 = CARTESIAN_POINT('',(0.115470053838,0.));
#776 = VECTOR('',#777,1.);
#777 = DIRECTION('',(0.,-1.));
#778 = ( GEOMETRIC_REPRESENTATION_CONTEXT(2) 
PARAMETRIC_REPRESENTATION_CONTEXT() REPRESENTATION_CONTEXT('2D SPACE',''
  ) );
#779 = ORIENTED_EDGE('',*,*,#780,.F.);
#780 = EDGE_CURVE('',#660,#758,#781,.T.);
#781 = SURFACE_CURVE('',#782,(#787,#794),.PCURVE_S1.);
#782 = CIRCLE('',#783,0.2);
#783 = AXIS2_PLACEMENT_3D('',#784,#785,#786);
#784 = CARTESIAN_POINT('',(-3.637306695895,6.3,36.8));
#785 = DIRECTION('',(0.,0.,1.));
#786 = DIRECTION('',(0.,-1.,0.));
#787 = PCURVE('',#327,#788);
#788 = DEFINITIONAL_REPRESENTATION('',(#789),#793);
#789 = LINE('',#790,#791);
#790 = CARTESIAN_POINT('',(-3.14159265359,5.3));
#791 = VECTOR('',#792,1.);
#792 = DIRECTION('',(1.,0.));
#793 = ( GEOMETRIC_REPRESENTATION_CONTEXT(2) 
PARAMETRIC_REPRESENTATION_CONTEXT() REPRESENTATION_CONTEXT('2D SPACE',''
  ) );
#794 = PCURVE('',#468,#795);
#795 = DEFINITIONAL_REPRESENTATION('',(#796),#800);
#796 = CIRCLE('',#797,0.2);
#797 = AXIS2_PLACEMENT_2D('',#798,#799);
#798 = CARTESIAN_POINT('',(-3.637306695895,6.3));
#799 = DIRECTION('',(0.,-1.));
#800 = ( GEOMETRIC_REPRESENTATION_CONTEXT(2) 
PARAMETRIC_REPRESENTATION_CONTEXT() REPRESENTATION_CONTEXT('2D SPACE',''
  ) );
#801 = ORIENTED_EDGE('',*,*,#682,.F.);
#802 = ADVANCED_FACE('',(#803),#184,.F.);
#803 = FACE_BOUND('',#804,.F.);
#804 = EDGE_LOOP('',(#805,#806,#829,#850));
#805 = ORIENTED_EDGE('',*,*,#168,.F.);
#806 = ORIENTED_EDGE('',*,*,#807,.T.);
#807 = EDGE_CURVE('',#169,#808,#810,.T.);
#808 = VERTEX_POINT('',#809);
#809 = CARTESIAN_POINT('',(-3.637306695895,-6.5,36.8));
#810 = SURFACE_CURVE('',#811,(#815,#822),.PCURVE_S1.);
#811 = LINE('',#812,#813);
#812 = CARTESIAN_POINT('',(-3.637306695895,-6.5,31.5));
#813 = VECTOR('',#814,1.);
#814 = DIRECTION('',(0.,0.,1.));
#815 = PCURVE('',#184,#816);
#816 = DEFINITIONAL_REPRESENTATION('',(#817),#821);
#817 = LINE('',#818,#819);
#818 = CARTESIAN_POINT('',(0.115470053838,0.));
#819 = VECTOR('',#820,1.);
#820 = DIRECTION('',(0.,-1.));
#821 = ( GEOMETRIC_REPRESENTATION_CONTEXT(2) 
PARAMETRIC_REPRESENTATION_CONTEXT() REPRESENTATION_CONTEXT('2D SPACE',''
  ) );
#822 = PCURVE('',#213,#823);
#823 = DEFINITIONAL_REPRESENTATION('',(#824),#828);
#824 = LINE('',#825,#826);
#825 = CARTESIAN_POINT('',(1.047197551197,0.));
#826 = VECTOR('',#827,1.);
#827 = DIRECTION('',(0.,1.));
#828 = ( GEOMETRIC_REPRESENTATION_CONTEXT(2) 
PARAMETRIC_REPRESENTATION_CONTEXT() REPRESENTATION_CONTEXT('2D SPACE',''
  ) );
#829 = ORIENTED_EDGE('',*,*,#830,.T.);
#830 = EDGE_CURVE('',#808,#709,#831,.T.);
#831 = SURFACE_CURVE('',#832,(#836,#843),.PCURVE_S1.);
#832 = LINE('',#833,#834);
#833 = CARTESIAN_POINT('',(-3.752776749733,-6.5,36.8));
#834 = VECTOR('',#835,1.);
#835 = DIRECTION('',(1.,-5.916808265796E-16,0.));
#836 = PCURVE('',#184,#837);
#837 = DEFINITIONAL_REPRESENTATION('',(#838),#842);
#838 = LINE('',#839,#840);
#839 = CARTESIAN_POINT('',(0.,-5.3));
#840 = VECTOR('',#841,1.);
#841 = DIRECTION('',(1.,0.));
#842 = ( GEOMETRIC_REPRESENTATION_CONTEXT(2) 
PARAMETRIC_REPRESENTATION_CONTEXT() REPRESENTATION_CONTEXT('2D SPACE',''
  ) );
#843 = PCURVE('',#468,#844);
#844 = DEFINITIONAL_REPRESENTATION('',(#845),#849);
#845 = LINE('',#846,#847);
#846 = CARTESIAN_POINT('',(-3.752776749733,-6.5));
#847 = VECTOR('',#848,1.);
#848 = DIRECTION('',(1.,-5.916808265796E-16));
#849 = ( GEOMETRIC_REPRESENTATION_CONTEXT(2) 
PARAMETRIC_REPRESENTATION_CONTEXT() REPRESENTATION_CONTEXT('2D SPACE',''
  ) );
#850 = ORIENTED_EDGE('',*,*,#732,.F.);
#851 = ADVANCED_FACE('',(#852),#298,.F.);
#852 = FACE_BOUND('',#853,.F.);
#853 = EDGE_LOOP('',(#854,#855,#856,#879));
#854 = ORIENTED_EDGE('',*,*,#282,.F.);
#855 = ORIENTED_EDGE('',*,*,#757,.T.);
#856 = ORIENTED_EDGE('',*,*,#857,.T.);
#857 = EDGE_CURVE('',#758,#858,#860,.T.);
#858 = VERTEX_POINT('',#859);
#859 = CARTESIAN_POINT('',(-7.447818472546,1.E-01,36.8));
#860 = SURFACE_CURVE('',#861,(#865,#872),.PCURVE_S1.);
#861 = LINE('',#862,#863);
#862 = CARTESIAN_POINT('',(-3.752776749733,6.5,36.8));
#863 = VECTOR('',#864,1.);
#864 = DIRECTION('',(-0.5,-0.866025403784,0.));
#865 = PCURVE('',#298,#866);
#866 = DEFINITIONAL_REPRESENTATION('',(#867),#871);
#867 = LINE('',#868,#869);
#868 = CARTESIAN_POINT('',(0.,-5.3));
#869 = VECTOR('',#870,1.);
#870 = DIRECTION('',(1.,0.));
#871 = ( GEOMETRIC_REPRESENTATION_CONTEXT(2) 
PARAMETRIC_REPRESENTATION_CONTEXT() REPRESENTATION_CONTEXT('2D SPACE',''
  ) );
#872 = PCURVE('',#468,#873);
#873 = DEFINITIONAL_REPRESENTATION('',(#874),#878);
#874 = LINE('',#875,#876);
#875 = CARTESIAN_POINT('',(-3.752776749733,6.5));
#876 = VECTOR('',#877,1.);
#877 = DIRECTION('',(-0.5,-0.866025403784));
#878 = ( GEOMETRIC_REPRESENTATION_CONTEXT(2) 
PARAMETRIC_REPRESENTATION_CONTEXT() REPRESENTATION_CONTEXT('2D SPACE',''
  ) );
#879 = ORIENTED_EDGE('',*,*,#880,.F.);
#880 = EDGE_CURVE('',#254,#858,#881,.T.);
#881 = SURFACE_CURVE('',#882,(#886,#893),.PCURVE_S1.);
#882 = LINE('',#883,#884);
#883 = CARTESIAN_POINT('',(-7.447818472546,1.E-01,31.5));
#884 = VECTOR('',#885,1.);
#885 = DIRECTION('',(0.,0.,1.));
#886 = PCURVE('',#298,#887);
#887 = DEFINITIONAL_REPRESENTATION('',(#888),#892);
#888 = LINE('',#889,#890);
#889 = CARTESIAN_POINT('',(7.390083445627,0.));
#890 = VECTOR('',#891,1.);
#891 = DIRECTION('',(0.,-1.));
#892 = ( GEOMETRIC_REPRESENTATION_CONTEXT(2) 
PARAMETRIC_REPRESENTATION_CONTEXT() REPRESENTATION_CONTEXT('2D SPACE',''
  ) );
#893 = PCURVE('',#270,#894);
#894 = DEFINITIONAL_REPRESENTATION('',(#895),#899);
#895 = LINE('',#896,#897);
#896 = CARTESIAN_POINT('',(0.,0.));
#897 = VECTOR('',#898,1.);
#898 = DIRECTION('',(0.,1.));
#899 = ( GEOMETRIC_REPRESENTATION_CONTEXT(2) 
PARAMETRIC_REPRESENTATION_CONTEXT() REPRESENTATION_CONTEXT('2D SPACE',''
  ) );
#900 = ADVANCED_FACE('',(#901),#213,.T.);
#901 = FACE_BOUND('',#902,.T.);
#902 = EDGE_LOOP('',(#903,#904,#905,#929));
#903 = ORIENTED_EDGE('',*,*,#196,.T.);
#904 = ORIENTED_EDGE('',*,*,#807,.T.);
#905 = ORIENTED_EDGE('',*,*,#906,.F.);
#906 = EDGE_CURVE('',#907,#808,#909,.T.);
#907 = VERTEX_POINT('',#908);
#908 = CARTESIAN_POINT('',(-3.810511776652,-6.4,36.8));
#909 = SURFACE_CURVE('',#910,(#915,#922),.PCURVE_S1.);
#910 = CIRCLE('',#911,0.2);
#911 = AXIS2_PLACEMENT_3D('',#912,#913,#914);
#912 = CARTESIAN_POINT('',(-3.637306695895,-6.3,36.8));
#913 = DIRECTION('',(0.,0.,1.));
#914 = DIRECTION('',(0.,-1.,0.));
#915 = PCURVE('',#213,#916);
#916 = DEFINITIONAL_REPRESENTATION('',(#917),#921);
#917 = LINE('',#918,#919);
#918 = CARTESIAN_POINT('',(-5.235987755983,5.3));
#919 = VECTOR('',#920,1.);
#920 = DIRECTION('',(1.,0.));
#921 = ( GEOMETRIC_REPRESENTATION_CONTEXT(2) 
PARAMETRIC_REPRESENTATION_CONTEXT() REPRESENTATION_CONTEXT('2D SPACE',''
  ) );
#922 = PCURVE('',#468,#923);
#923 = DEFINITIONAL_REPRESENTATION('',(#924),#928);
#924 = CIRCLE('',#925,0.2);
#925 = AXIS2_PLACEMENT_2D('',#926,#927);
#926 = CARTESIAN_POINT('',(-3.637306695895,-6.3));
#927 = DIRECTION('',(0.,-1.));
#928 = ( GEOMETRIC_REPRESENTATION_CONTEXT(2) 
PARAMETRIC_REPRESENTATION_CONTEXT() REPRESENTATION_CONTEXT('2D SPACE',''
  ) );
#929 = ORIENTED_EDGE('',*,*,#930,.F.);
#930 = EDGE_CURVE('',#197,#907,#931,.T.);
#931 = SURFACE_CURVE('',#932,(#936,#943),.PCURVE_S1.);
#932 = LINE('',#933,#934);
#933 = CARTESIAN_POINT('',(-3.810511776652,-6.4,31.5));
#934 = VECTOR('',#935,1.);
#935 = DIRECTION('',(0.,0.,1.));
#936 = PCURVE('',#213,#937);
#937 = DEFINITIONAL_REPRESENTATION('',(#938),#942);
#938 = LINE('',#939,#940);
#939 = CARTESIAN_POINT('',(0.,0.));
#940 = VECTOR('',#941,1.);
#941 = DIRECTION('',(0.,1.));
#942 = ( GEOMETRIC_REPRESENTATION_CONTEXT(2) 
PARAMETRIC_REPRESENTATION_CONTEXT() REPRESENTATION_CONTEXT('2D SPACE',''
  ) );
#943 = PCURVE('',#241,#944);
#944 = DEFINITIONAL_REPRESENTATION('',(#945),#949);
#945 = LINE('',#946,#947);
#946 = CARTESIAN_POINT('',(7.390083445627,0.));
#947 = VECTOR('',#948,1.);
#948 = DIRECTION('',(0.,-1.));
#949 = ( GEOMETRIC_REPRESENTATION_CONTEXT(2) 
PARAMETRIC_REPRESENTATION_CONTEXT() REPRESENTATION_CONTEXT('2D SPACE',''
  ) );
#950 = ADVANCED_FACE('',(#951),#270,.T.);
#951 = FACE_BOUND('',#952,.T.);
#952 = EDGE_LOOP('',(#953,#954,#977,#999));
#953 = ORIENTED_EDGE('',*,*,#253,.T.);
#954 = ORIENTED_EDGE('',*,*,#955,.T.);
#955 = EDGE_CURVE('',#226,#956,#958,.T.);
#956 = VERTEX_POINT('',#957);
#957 = CARTESIAN_POINT('',(-7.447818472546,-0.1,36.8));
#958 = SURFACE_CURVE('',#959,(#963,#970),.PCURVE_S1.);
#959 = LINE('',#960,#961);
#960 = CARTESIAN_POINT('',(-7.447818472546,-0.1,31.5));
#961 = VECTOR('',#962,1.);
#962 = DIRECTION('',(0.,0.,1.));
#963 = PCURVE('',#270,#964);
#964 = DEFINITIONAL_REPRESENTATION('',(#965),#969);
#965 = LINE('',#966,#967);
#966 = CARTESIAN_POINT('',(1.047197551197,0.));
#967 = VECTOR('',#968,1.);
#968 = DIRECTION('',(0.,1.));
#969 = ( GEOMETRIC_REPRESENTATION_CONTEXT(2) 
PARAMETRIC_REPRESENTATION_CONTEXT() REPRESENTATION_CONTEXT('2D SPACE',''
  ) );
#970 = PCURVE('',#241,#971);
#971 = DEFINITIONAL_REPRESENTATION('',(#972),#976);
#972 = LINE('',#973,#974);
#973 = CARTESIAN_POINT('',(0.115470053838,0.));
#974 = VECTOR('',#975,1.);
#975 = DIRECTION('',(0.,-1.));
#976 = ( GEOMETRIC_REPRESENTATION_CONTEXT(2) 
PARAMETRIC_REPRESENTATION_CONTEXT() REPRESENTATION_CONTEXT('2D SPACE',''
  ) );
#977 = ORIENTED_EDGE('',*,*,#978,.F.);
#978 = EDGE_CURVE('',#858,#956,#979,.T.);
#979 = SURFACE_CURVE('',#980,(#985,#992),.PCURVE_S1.);
#980 = CIRCLE('',#981,0.2);
#981 = AXIS2_PLACEMENT_3D('',#982,#983,#984);
#982 = CARTESIAN_POINT('',(-7.274613391789,-5.100121713918E-16,36.8));
#983 = DIRECTION('',(0.,0.,1.));
#984 = DIRECTION('',(0.,-1.,0.));
#985 = PCURVE('',#270,#986);
#986 = DEFINITIONAL_REPRESENTATION('',(#987),#991);
#987 = LINE('',#988,#989);
#988 = CARTESIAN_POINT('',(-4.188790204786,5.3));
#989 = VECTOR('',#990,1.);
#990 = DIRECTION('',(1.,0.));
#991 = ( GEOMETRIC_REPRESENTATION_CONTEXT(2) 
PARAMETRIC_REPRESENTATION_CONTEXT() REPRESENTATION_CONTEXT('2D SPACE',''
  ) );
#992 = PCURVE('',#468,#993);
#993 = DEFINITIONAL_REPRESENTATION('',(#994),#998);
#994 = CIRCLE('',#995,0.2);
#995 = AXIS2_PLACEMENT_2D('',#996,#997);
#996 = CARTESIAN_POINT('',(-7.274613391789,-4.311213945146E-16));
#997 = DIRECTION('',(0.,-1.));
#998 = ( GEOMETRIC_REPRESENTATION_CONTEXT(2) 
PARAMETRIC_REPRESENTATION_CONTEXT() REPRESENTATION_CONTEXT('2D SPACE',''
  ) );
#999 = ORIENTED_EDGE('',*,*,#880,.F.);
#1000 = ADVANCED_FACE('',(#1001),#241,.F.);
#1001 = FACE_BOUND('',#1002,.F.);
#1002 = EDGE_LOOP('',(#1003,#1004,#1005,#1026));
#1003 = ORIENTED_EDGE('',*,*,#225,.F.);
#1004 = ORIENTED_EDGE('',*,*,#955,.T.);
#1005 = ORIENTED_EDGE('',*,*,#1006,.T.);
#1006 = EDGE_CURVE('',#956,#907,#1007,.T.);
#1007 = SURFACE_CURVE('',#1008,(#1012,#1019),.PCURVE_S1.);
#1008 = LINE('',#1009,#1010);
#1009 = CARTESIAN_POINT('',(-7.505553499465,9.191652068949E-16,36.8));
#1010 = VECTOR('',#1011,1.);
#1011 = DIRECTION('',(0.5,-0.866025403784,0.));
#1012 = PCURVE('',#241,#1013);
#1013 = DEFINITIONAL_REPRESENTATION('',(#1014),#1018);
#1014 = LINE('',#1015,#1016);
#1015 = CARTESIAN_POINT('',(0.,-5.3));
#1016 = VECTOR('',#1017,1.);
#1017 = DIRECTION('',(1.,0.));
#1018 = ( GEOMETRIC_REPRESENTATION_CONTEXT(2) 
PARAMETRIC_REPRESENTATION_CONTEXT() REPRESENTATION_CONTEXT('2D SPACE',''
  ) );
#1019 = PCURVE('',#468,#1020);
#1020 = DEFINITIONAL_REPRESENTATION('',(#1021),#1025);
#1021 = LINE('',#1022,#1023);
#1022 = CARTESIAN_POINT('',(-7.505553499465,9.980559837722E-16));
#1023 = VECTOR('',#1024,1.);
#1024 = DIRECTION('',(0.5,-0.866025403784));
#1025 = ( GEOMETRIC_REPRESENTATION_CONTEXT(2) 
PARAMETRIC_REPRESENTATION_CONTEXT() REPRESENTATION_CONTEXT('2D SPACE',''
  ) );
#1026 = ORIENTED_EDGE('',*,*,#930,.F.);
#1027 = ADVANCED_FACE('',(#1028),#413,.T.);
#1028 = FACE_BOUND('',#1029,.F.);
#1029 = EDGE_LOOP('',(#1030,#1053,#1054,#1055));
#1030 = ORIENTED_EDGE('',*,*,#1031,.T.);
#1031 = EDGE_CURVE('',#1032,#397,#1034,.T.);
#1032 = VERTEX_POINT('',#1033);
#1033 = CARTESIAN_POINT('',(9.,0.,30.));
#1034 = SEAM_CURVE('',#1035,(#1039,#1046),.PCURVE_S1.);
#1035 = LINE('',#1036,#1037);
#1036 = CARTESIAN_POINT('',(9.,0.,30.));
#1037 = VECTOR('',#1038,1.);
#1038 = DIRECTION('',(0.,0.,1.));
#1039 = PCURVE('',#413,#1040);
#1040 = DEFINITIONAL_REPRESENTATION('',(#1041),#1045);
#1041 = LINE('',#1042,#1043);
#1042 = CARTESIAN_POINT('',(-0.,0.));
#1043 = VECTOR('',#1044,1.);
#1044 = DIRECTION('',(-0.,-1.));
#1045 = ( GEOMETRIC_REPRESENTATION_CONTEXT(2) 
PARAMETRIC_REPRESENTATION_CONTEXT() REPRESENTATION_CONTEXT('2D SPACE',''
  ) );
#1046 = PCURVE('',#413,#1047);
#1047 = DEFINITIONAL_REPRESENTATION('',(#1048),#1052);
#1048 = LINE('',#1049,#1050);
#1049 = CARTESIAN_POINT('',(-6.28318530718,0.));
#1050 = VECTOR('',#1051,1.);
#1051 = DIRECTION('',(-0.,-1.));
#1052 = ( GEOMETRIC_REPRESENTATION_CONTEXT(2) 
PARAMETRIC_REPRESENTATION_CONTEXT() REPRESENTATION_CONTEXT('2D SPACE',''
  ) );
#1053 = ORIENTED_EDGE('',*,*,#396,.T.);
#1054 = ORIENTED_EDGE('',*,*,#1031,.F.);
#1055 = ORIENTED_EDGE('',*,*,#1056,.F.);
#1056 = EDGE_CURVE('',#1032,#1032,#1057,.T.);
#1057 = SURFACE_CURVE('',#1058,(#1063,#1070),.PCURVE_S1.);
#1058 = CIRCLE('',#1059,9.);
#1059 = AXIS2_PLACEMENT_3D('',#1060,#1061,#1062);
#1060 = CARTESIAN_POINT('',(0.,0.,30.));
#1061 = DIRECTION('',(0.,0.,1.));
#1062 = DIRECTION('',(1.,0.,0.));
#1063 = PCURVE('',#413,#1064);
#1064 = DEFINITIONAL_REPRESENTATION('',(#1065),#1069);
#1065 = LINE('',#1066,#1067);
#1066 = CARTESIAN_POINT('',(-0.,0.));
#1067 = VECTOR('',#1068,1.);
#1068 = DIRECTION('',(-1.,0.));
#1069 = ( GEOMETRIC_REPRESENTATION_CONTEXT(2) 
PARAMETRIC_REPRESENTATION_CONTEXT() REPRESENTATION_CONTEXT('2D SPACE',''
  ) );
#1070 = PCURVE('',#1071,#1076);
#1071 = PLANE('',#1072);
#1072 = AXIS2_PLACEMENT_3D('',#1073,#1074,#1075);
#1073 = CARTESIAN_POINT('',(-3.038755850088E-16,2.403571302733E-16,30.)
  );
#1074 = DIRECTION('',(0.,0.,1.));
#1075 = DIRECTION('',(1.,0.,-0.));
#1076 = DEFINITIONAL_REPRESENTATION('',(#1077),#1081);
#1077 = CIRCLE('',#1078,9.);
#1078 = AXIS2_PLACEMENT_2D('',#1079,#1080);
#1079 = CARTESIAN_POINT('',(3.038755850088E-16,-2.403571302733E-16));
#1080 = DIRECTION('',(1.,0.));
#1081 = ( GEOMETRIC_REPRESENTATION_CONTEXT(2) 
PARAMETRIC_REPRESENTATION_CONTEXT() REPRESENTATION_CONTEXT('2D SPACE',''
  ) );
#1082 = ADVANCED_FACE('',(#1083),#468,.T.);
#1083 = FACE_BOUND('',#1084,.T.);
#1084 = EDGE_LOOP('',(#1085,#1086,#1087,#1088,#1089,#1090,#1091,#1092,
    #1093,#1094,#1095,#1096));
#1085 = ORIENTED_EDGE('',*,*,#452,.T.);
#1086 = ORIENTED_EDGE('',*,*,#582,.T.);
#1087 = ORIENTED_EDGE('',*,*,#659,.T.);
#1088 = ORIENTED_EDGE('',*,*,#780,.T.);
#1089 = ORIENTED_EDGE('',*,*,#857,.T.);
#1090 = ORIENTED_EDGE('',*,*,#978,.T.);
#1091 = ORIENTED_EDGE('',*,*,#1006,.T.);
#1092 = ORIENTED_EDGE('',*,*,#906,.T.);
#1093 = ORIENTED_EDGE('',*,*,#830,.T.);
#1094 = ORIENTED_EDGE('',*,*,#708,.T.);
#1095 = ORIENTED_EDGE('',*,*,#632,.T.);
#1096 = ORIENTED_EDGE('',*,*,#528,.F.);
#1097 = ADVANCED_FACE('',(#1098,#1101),#1071,.F.);
#1098 = FACE_BOUND('',#1099,.F.);
#1099 = EDGE_LOOP('',(#1100));
#1100 = ORIENTED_EDGE('',*,*,#1056,.T.);
#1101 = FACE_BOUND('',#1102,.F.);
#1102 = EDGE_LOOP('',(#1103));
#1103 = ORIENTED_EDGE('',*,*,#1104,.F.);
#1104 = EDGE_CURVE('',#1105,#1105,#1107,.T.);
#1105 = VERTEX_POINT('',#1106);
#1106 = CARTESIAN_POINT('',(3.325,0.,30.));
#1107 = SURFACE_CURVE('',#1108,(#1113,#1120),.PCURVE_S1.);
#1108 = CIRCLE('',#1109,3.325);
#1109 = AXIS2_PLACEMENT_3D('',#1110,#1111,#1112);
#1110 = CARTESIAN_POINT('',(0.,0.,30.));
#1111 = DIRECTION('',(0.,0.,1.));
#1112 = DIRECTION('',(1.,0.,0.));
#1113 = PCURVE('',#1071,#1114);
#1114 = DEFINITIONAL_REPRESENTATION('',(#1115),#1119);
#1115 = CIRCLE('',#1116,3.325);
#1116 = AXIS2_PLACEMENT_2D('',#1117,#1118);
#1117 = CARTESIAN_POINT('',(3.038755850088E-16,-2.403571302733E-16));
#1118 = DIRECTION('',(1.,0.));
#1119 = ( GEOMETRIC_REPRESENTATION_CONTEXT(2) 
PARAMETRIC_REPRESENTATION_CONTEXT() REPRESENTATION_CONTEXT('2D SPACE',''
  ) );
#1120 = PCURVE('',#1121,#1126);
#1121 = CYLINDRICAL_SURFACE('',#1122,3.325);
#1122 = AXIS2_PLACEMENT_3D('',#1123,#1124,#1125);
#1123 = CARTESIAN_POINT('',(0.,0.,0.));
#1124 = DIRECTION('',(-0.,-0.,-1.));
#1125 = DIRECTION('',(1.,0.,0.));
#1126 = DEFINITIONAL_REPRESENTATION('',(#1127),#1131);
#1127 = LINE('',#1128,#1129);
#1128 = CARTESIAN_POINT('',(-0.,-30.));
#1129 = VECTOR('',#1130,1.);
#1130 = DIRECTION('',(-1.,0.));
#1131 = ( GEOMETRIC_REPRESENTATION_CONTEXT(2) 
PARAMETRIC_REPRESENTATION_CONTEXT() REPRESENTATION_CONTEXT('2D SPACE',''
  ) );
#1132 = ADVANCED_FACE('',(#1133),#1121,.T.);
#1133 = FACE_BOUND('',#1134,.F.);
#1134 = EDGE_LOOP('',(#1135,#1158,#1159,#1160));
#1135 = ORIENTED_EDGE('',*,*,#1136,.T.);
#1136 = EDGE_CURVE('',#1137,#1105,#1139,.T.);
#1137 = VERTEX_POINT('',#1138);
#1138 = CARTESIAN_POINT('',(3.325,0.,0.));
#1139 = SEAM_CURVE('',#1140,(#1144,#1151),.PCURVE_S1.);
#1140 = LINE('',#1141,#1142);
#1141 = CARTESIAN_POINT('',(3.325,0.,0.));
#1142 = VECTOR('',#1143,1.);
#1143 = DIRECTION('',(0.,0.,1.));
#1144 = PCURVE('',#1121,#1145);
#1145 = DEFINITIONAL_REPRESENTATION('',(#1146),#1150);
#1146 = LINE('',#1147,#1148);
#1147 = CARTESIAN_POINT('',(-0.,0.));
#1148 = VECTOR('',#1149,1.);
#1149 = DIRECTION('',(-0.,-1.));
#1150 = ( GEOMETRIC_REPRESENTATION_CONTEXT(2) 
PARAMETRIC_REPRESENTATION_CONTEXT() REPRESENTATION_CONTEXT('2D SPACE',''
  ) );
#1151 = PCURVE('',#1121,#1152);
#1152 = DEFINITIONAL_REPRESENTATION('',(#1153),#1157);
#1153 = LINE('',#1154,#1155);
#1154 = CARTESIAN_POINT('',(-6.28318530718,0.));
#1155 = VECTOR('',#1156,1.);
#1156 = DIRECTION('',(-0.,-1.));
#1157 = ( GEOMETRIC_REPRESENTATION_CONTEXT(2) 
PARAMETRIC_REPRESENTATION_CONTEXT() REPRESENTATION_CONTEXT('2D SPACE',''
  ) );
#1158 = ORIENTED_EDGE('',*,*,#1104,.T.);
#1159 = ORIENTED_EDGE('',*,*,#1136,.F.);
#1160 = ORIENTED_EDGE('',*,*,#1161,.F.);
#1161 = EDGE_CURVE('',#1137,#1137,#1162,.T.);
#1162 = SURFACE_CURVE('',#1163,(#1168,#1175),.PCURVE_S1.);
#1163 = CIRCLE('',#1164,3.325);
#1164 = AXIS2_PLACEMENT_3D('',#1165,#1166,#1167);
#1165 = CARTESIAN_POINT('',(0.,0.,0.));
#1166 = DIRECTION('',(0.,0.,1.));
#1167 = DIRECTION('',(1.,0.,0.));
#1168 = PCURVE('',#1121,#1169);
#1169 = DEFINITIONAL_REPRESENTATION('',(#1170),#1174);
#1170 = LINE('',#1171,#1172);
#1171 = CARTESIAN_POINT('',(-0.,0.));
#1172 = VECTOR('',#1173,1.);
#1173 = DIRECTION('',(-1.,0.));
#1174 = ( GEOMETRIC_REPRESENTATION_CONTEXT(2) 
PARAMETRIC_REPRESENTATION_CONTEXT() REPRESENTATION_CONTEXT('2D SPACE',''
  ) );
#1175 = PCURVE('',#1176,#1181);
#1176 = PLANE('',#1177);
#1177 = AXIS2_PLACEMENT_3D('',#1178,#1179,#1180);
#1178 = CARTESIAN_POINT('',(-3.084451426781E-16,6.989840821321E-17,0.));
#1179 = DIRECTION('',(0.,0.,1.));
#1180 = DIRECTION('',(1.,0.,-0.));
#1181 = DEFINITIONAL_REPRESENTATION('',(#1182),#1186);
#1182 = CIRCLE('',#1183,3.325);
#1183 = AXIS2_PLACEMENT_2D('',#1184,#1185);
#1184 = CARTESIAN_POINT('',(3.084451426781E-16,-6.989840821321E-17));
#1185 = DIRECTION('',(1.,0.));
#1186 = ( GEOMETRIC_REPRESENTATION_CONTEXT(2) 
PARAMETRIC_REPRESENTATION_CONTEXT() REPRESENTATION_CONTEXT('2D SPACE',''
  ) );
#1187 = ADVANCED_FACE('',(#1188),#1176,.F.);
#1188 = FACE_BOUND('',#1189,.F.);
#1189 = EDGE_LOOP('',(#1190));
#1190 = ORIENTED_EDGE('',*,*,#1161,.T.);
#1191 = ( GEOMETRIC_REPRESENTATION_CONTEXT(3) 
GLOBAL_UNCERTAINTY_ASSIGNED_CONTEXT((#1195)) 
GLOBAL_UNIT_ASSIGNED_CONTEXT((#1192,#1193,#1194)) REPRESENTATION_CONTEXT
('Context #1','3D Context with UNIT and UNCERTAINTY') );
#1192 = ( LENGTH_UNIT() NAMED_UNIT(*) SI_UNIT(.MILLI.,.METRE.) );
#1193 = ( NAMED_UNIT(*) PLANE_ANGLE_UNIT() SI_UNIT($,.RADIAN.) );
#1194 = ( NAMED_UNIT(*) SI_UNIT($,.STERADIAN.) SOLID_ANGLE_UNIT() );
#1195 = UNCERTAINTY_MEASURE_WITH_UNIT(LENGTH_MEASURE(1.E-07),#1192,
  'distance_accuracy_value','confusion accuracy');
#1196 = CONTEXT_DEPENDENT_SHAPE_REPRESENTATION(#1197,#1199);
#1197 = ( REPRESENTATION_RELATIONSHIP('','',#36,#10) 
REPRESENTATION_RELATIONSHIP_WITH_TRANSFORMATION(#1198) 
SHAPE_REPRESENTATION_RELATIONSHIP() );
#1198 = ITEM_DEFINED_TRANSFORMATION('','',#11,#15);
#1199 = PRODUCT_DEFINITION_SHAPE('Placement','Placement of an item',
  #1200);
#1200 = NEXT_ASSEMBLY_USAGE_OCCURRENCE('13','','',#5,#31,$);
#1201 = PRODUCT_RELATED_PRODUCT_CATEGORY('part',$,(#33));
#1202 = SHAPE_DEFINITION_REPRESENTATION(#1203,#1209);
#1203 = PRODUCT_DEFINITION_SHAPE('','',#1204);
#1204 = PRODUCT_DEFINITION('design','',#1205,#1208);
#1205 = PRODUCT_DEFINITION_FORMATION('','',#1206);
#1206 = PRODUCT('Open CASCADE STEP translator 7.9 7.2',
  'Open CASCADE STEP translator 7.9 7.2','',(#1207));
#1207 = PRODUCT_CONTEXT('',#2,'mechanical');
#1208 = PRODUCT_DEFINITION_CONTEXT('part definition',#2,'design');
#1209 = ADVANCED_BREP_SHAPE_REPRESENTATION('',(#11,#1210),#3748);
#1210 = MANIFOLD_SOLID_BREP('',#1211);
#1211 = CLOSED_SHELL('',(#1212,#3372,#3693,#3736,#3742));
#1212 = ADVANCED_FACE('',(#1213),#1482,.F.);
#1213 = FACE_BOUND('',#1214,.F.);
#1214 = EDGE_LOOP('',(#1215,#2528,#2554,#3348));
#1215 = ORIENTED_EDGE('',*,*,#1216,.F.);
#1216 = EDGE_CURVE('',#1217,#1219,#1221,.T.);
#1217 = VERTEX_POINT('',#1218);
#1218 = CARTESIAN_POINT('',(3.34525,8.881784197001E-16,-0.275));
#1219 = VERTEX_POINT('',#1220);
#1220 = CARTESIAN_POINT('',(1.033739176349,-3.181522006508,
    28.224999784263));
#1221 = SURFACE_CURVE('',#1222,(#1481,#2005),.PCURVE_S1.);
#1222 = B_SPLINE_CURVE_WITH_KNOTS('',9,(#1223,#1224,#1225,#1226,#1227,
    #1228,#1229,#1230,#1231,#1232,#1233,#1234,#1235,#1236,#1237,#1238,
    #1239,#1240,#1241,#1242,#1243,#1244,#1245,#1246,#1247,#1248,#1249,
    #1250,#1251,#1252,#1253,#1254,#1255,#1256,#1257,#1258,#1259,#1260,
    #1261,#1262,#1263,#1264,#1265,#1266,#1267,#1268,#1269,#1270,#1271,
    #1272,#1273,#1274,#1275,#1276,#1277,#1278,#1279,#1280,#1281,#1282,
    #1283,#1284,#1285,#1286,#1287,#1288,#1289,#1290,#1291,#1292,#1293,
    #1294,#1295,#1296,#1297,#1298,#1299,#1300,#1301,#1302,#1303,#1304,
    #1305,#1306,#1307,#1308,#1309,#1310,#1311,#1312,#1313,#1314,#1315,
    #1316,#1317,#1318,#1319,#1320,#1321,#1322,#1323,#1324,#1325,#1326,
    #1327,#1328,#1329,#1330,#1331,#1332,#1333,#1334,#1335,#1336,#1337,
    #1338,#1339,#1340,#1341,#1342,#1343,#1344,#1345,#1346,#1347,#1348,
    #1349,#1350,#1351,#1352,#1353,#1354,#1355,#1356,#1357,#1358,#1359,
    #1360,#1361,#1362,#1363,#1364,#1365,#1366,#1367,#1368,#1369,#1370,
    #1371,#1372,#1373,#1374,#1375,#1376,#1377,#1378,#1379,#1380,#1381,
    #1382,#1383,#1384,#1385,#1386,#1387,#1388,#1389,#1390,#1391,#1392,
    #1393,#1394,#1395,#1396,#1397,#1398,#1399,#1400,#1401,#1402,#1403,
    #1404,#1405,#1406,#1407,#1408,#1409,#1410,#1411,#1412,#1413,#1414,
    #1415,#1416,#1417,#1418,#1419,#1420,#1421,#1422,#1423,#1424,#1425,
    #1426,#1427,#1428,#1429,#1430,#1431,#1432,#1433,#1434,#1435,#1436,
    #1437,#1438,#1439,#1440,#1441,#1442,#1443,#1444,#1445,#1446,#1447,
    #1448,#1449,#1450,#1451,#1452,#1453,#1454,#1455,#1456,#1457,#1458,
    #1459,#1460,#1461,#1462,#1463,#1464,#1465,#1466,#1467,#1468,#1469,
    #1470,#1471,#1472,#1473,#1474,#1475,#1476,#1477,#1478,#1479,#1480),
  .UNSPECIFIED.,.F.,.F.,(10,8,8,8,8,8,8,8,8,8,8,8,8,8,8,8,8,8,8,8,8,8,8,
    8,8,8,8,8,8,8,8,8,10),(0.,4.564501980237,9.129003960474,
    13.693505940711,18.258007920948,22.822509901185,27.387011881422,
    31.951513861659,36.516015841896,41.080517822133,45.64501980237,
    50.209521782607,54.774023762843,59.33852574308,63.903027723317,
    68.467529703554,73.032031683791,77.596533664028,82.161035644265,
    86.725537624502,91.290039604739,95.854541584976,100.41904356521,
    104.98354554545,109.54804752568,114.11254950592,118.67705148616,
    123.24155346639,127.80605544663,132.37055742687,136.9350594071,
    141.49956138734,146.06406336758),.UNSPECIFIED.);
#1223 = CARTESIAN_POINT('',(3.34525,0.,-0.275));
#1224 = CARTESIAN_POINT('',(3.345250967639,1.663991083347,
    -0.176042649673));
#1225 = CARTESIAN_POINT('',(2.413888796492,3.328319951565,
    -7.708031045984E-02));
#1226 = CARTESIAN_POINT('',(0.552758150055,4.39451681255,
    2.186812561756E-02));
#1227 = CARTESIAN_POINT('',(-1.799835048115,4.27985355169,0.120842969331
    ));
#1228 = CARTESIAN_POINT('',(-3.74143341047,2.749208148142,0.219781896483
    ));
#1229 = CARTESIAN_POINT('',(-4.402135386194,0.488402663345,0.318756454)
  );
#1230 = CARTESIAN_POINT('',(-3.799870030776,-1.570216832124,
    0.41770533186));
#1231 = CARTESIAN_POINT('',(-2.398947820184,-2.864368933304,
    0.516667245005));
#1232 = CARTESIAN_POINT('',(0.837081579137,-3.641272229164,
    0.714582543503));
#1233 = CARTESIAN_POINT('',(2.672847013465,-3.124173992525,
    0.813544414148));
#1234 = CARTESIAN_POINT('',(4.144057186286,-1.563364663917,
    0.912493438484));
#1235 = CARTESIAN_POINT('',(4.581763959116,0.750993210386,1.011467684932
    ));
#1236 = CARTESIAN_POINT('',(3.546667625041,2.996267614114,1.110407100941
    ));
#1237 = CARTESIAN_POINT('',(1.502566137723,4.166488586129,1.209381341763
    ));
#1238 = CARTESIAN_POINT('',(-0.639769567188,4.061439201684,
    1.308330374781));
#1239 = CARTESIAN_POINT('',(-2.225202946196,3.001338340908,
    1.407292237055));
#1240 = CARTESIAN_POINT('',(-3.736076400824,3.608517573319E-02,
    1.605207547297));
#1241 = CARTESIAN_POINT('',(-3.661816560882,-1.869672108658,
    1.704169408739));
#1242 = CARTESIAN_POINT('',(-2.487579710507,-3.664596317438,
    1.803118444628));
#1243 = CARTESIAN_POINT('',(-0.339348347237,-4.630485345009,
    1.902092679348));
#1244 = CARTESIAN_POINT('',(2.085527387871,-4.148137695634,
    2.001032104954));
#1245 = CARTESIAN_POINT('',(3.700601075738,-2.433697561912,
    2.100006339561));
#1246 = CARTESIAN_POINT('',(4.098572552774,-0.326031468258,
    2.198955375623));
#1247 = CARTESIAN_POINT('',(3.437874435038,1.463071890458,2.297917236899
    ));
#1248 = CARTESIAN_POINT('',(0.907257854251,3.624424395564,2.495832547372
    ));
#1249 = CARTESIAN_POINT('',(-0.963178820054,3.997106563408,
    2.594794408633));
#1250 = CARTESIAN_POINT('',(-2.982629278817,3.274330705917,
    2.693743444749));
#1251 = CARTESIAN_POINT('',(-4.423325367954,1.410937461477,
    2.792717679238));
#1252 = CARTESIAN_POINT('',(-4.520381020781,-1.059540586371,
    2.891657105033));
#1253 = CARTESIAN_POINT('',(-3.230342469167,-3.030217760626,
    2.990631339517));
#1254 = CARTESIAN_POINT('',(-1.273815953707,-3.909218132132,
    3.08958037564));
#1255 = CARTESIAN_POINT('',(0.620091249282,-3.684433040553,
    3.188542236896));
#1256 = CARTESIAN_POINT('',(3.312486121106,-1.728295319308,
    3.386457547373));
#1257 = CARTESIAN_POINT('',(4.111515820987,3.460116517807E-03,
    3.485419408633));
#1258 = CARTESIAN_POINT('',(3.880141665108,2.135841671393,3.584368444747
    ));
#1259 = CARTESIAN_POINT('',(2.40455794708,3.971731726857,3.683342679241)
  );
#1260 = CARTESIAN_POINT('',(2.499659653244E-02,4.642827371051,
    3.782282105031));
#1261 = CARTESIAN_POINT('',(-2.192384129591,3.848478137292,
    3.881256339518));
#1262 = CARTESIAN_POINT('',(-3.503839695161,2.151209166755,
    3.980205375639));
#1263 = CARTESIAN_POINT('',(-3.727389289665,0.257155733051,
    4.079167236896));
#1264 = CARTESIAN_POINT('',(-2.453826909868,-2.817499336231,
    4.277082547374));
#1265 = CARTESIAN_POINT('',(-0.956449793609,-3.998722059726,
    4.376044408629));
#1266 = CARTESIAN_POINT('',(1.171027113174,-4.271535378152,
    4.474993444754));
#1267 = CARTESIAN_POINT('',(3.300659558212,-3.265302177703,
    4.573967679232));
#1268 = CARTESIAN_POINT('',(4.508710341639,-1.108152463541,
    4.672907105038));
#1269 = CARTESIAN_POINT('',(4.253946290854,1.233399002525,4.771881339514
    ));
#1270 = CARTESIAN_POINT('',(2.909726218766,2.904838518805,4.870830375641
    ));
#1271 = CARTESIAN_POINT('',(1.120192248635,3.564369413214,4.969792236896
    ));
#1272 = CARTESIAN_POINT('',(-2.166817089479,3.043759634729,
    5.167707547373));
#1273 = CARTESIAN_POINT('',(-3.664958280829,1.863506135865,
    5.266669408633));
#1274 = CARTESIAN_POINT('',(-4.426883366149,-0.141501410241,
    5.365618444747));
#1275 = CARTESIAN_POINT('',(-3.94560529014,-2.447192416908,5.46459267924
    ));
#1276 = CARTESIAN_POINT('',(-2.130071648985,-4.125441260935,
    5.563532105032));
#1277 = CARTESIAN_POINT('',(0.20625605021,-4.424340695138,5.662506339517
    ));
#1278 = CARTESIAN_POINT('',(2.145315503437,-3.507451336686,
    5.761455375641));
#1279 = CARTESIAN_POINT('',(3.204381915524,-1.92132676222,5.860417236895
    ));
#1280 = CARTESIAN_POINT('',(3.465493717591,1.396396185394,6.058332547375
    ));
#1281 = CARTESIAN_POINT('',(2.667584832385,3.128668323853,6.157294408623
    ));
#1282 = CARTESIAN_POINT('',(0.895843683131,4.337601074562,6.256243444768
    ));
#1283 = CARTESIAN_POINT('',(-1.458493033023,4.407873626067,
    6.355217679211));
#1284 = CARTESIAN_POINT('',(-3.514199639375,3.03428273601,6.45415710506)
  );
#1285 = CARTESIAN_POINT('',(-4.350245328228,0.832284644259,
    6.553131339498));
#1286 = CARTESIAN_POINT('',(-3.911354135338,-1.267242011798,
    6.652080375649));
#1287 = CARTESIAN_POINT('',(-2.616288453041,-2.667319763031,
    6.751042236894));
#1288 = CARTESIAN_POINT('',(0.548810205791,-3.695724065899,
    6.948957547375));
#1289 = CARTESIAN_POINT('',(2.419487657205,-3.324252366364,
    7.047919408627));
#1290 = CARTESIAN_POINT('',(4.008622257017,-1.883684311971,7.14686844476
    ));
#1291 = CARTESIAN_POINT('',(4.626562163685,0.389197091955,7.245842679222
    ));
#1292 = CARTESIAN_POINT('',(3.770818875947,2.708762786251,7.34478210505)
  );
#1293 = CARTESIAN_POINT('',(1.824833156802,4.035754711908,7.443756339504
    ));
#1294 = CARTESIAN_POINT('',(-0.319140524845,4.099114881765,
    7.542705375647));
#1295 = CARTESIAN_POINT('',(-1.982861095781,3.166673627421,
    7.641667236894));
#1296 = CARTESIAN_POINT('',(-3.721728113948,0.329103113156,
    7.839582547376));
#1297 = CARTESIAN_POINT('',(-3.797221185347,-1.576605717422,
    7.938544408622));
#1298 = CARTESIAN_POINT('',(-2.767432245832,-3.458126335368,
    8.037493444769));
#1299 = CARTESIAN_POINT('',(-0.701605942384,-4.589586139552,
    8.13646767921));
#1300 = CARTESIAN_POINT('',(1.753639270314,-4.298978964482,
    8.235407105061));
#1301 = CARTESIAN_POINT('',(3.498247647697,-2.716541098568,
    8.334381339497));
#1302 = CARTESIAN_POINT('',(4.060357887225,-0.646596718323,8.43333037565
    ));
#1303 = CARTESIAN_POINT('',(3.542067913002,1.188829208698,8.532292236893
    ));
#1304 = CARTESIAN_POINT('',(1.188830141675,3.542068873905,8.730207547375
    ));
#1305 = CARTESIAN_POINT('',(-0.646600294695,4.060354957088,
    8.829169408624));
#1306 = CARTESIAN_POINT('',(-2.71653380187,3.498251433207,8.928118444764
    ));
#1307 = CARTESIAN_POINT('',(-4.298988854675,1.753638120641,
    9.027092679217));
#1308 = CARTESIAN_POINT('',(-4.589576791011,-0.701609369109,
    9.126032105055));
#1309 = CARTESIAN_POINT('',(-3.458132546748,-2.767426861537,
    9.225006339501));
#1310 = CARTESIAN_POINT('',(-1.576602923893,-3.797224869411,
    9.323955375648));
#1311 = CARTESIAN_POINT('',(0.329102430275,-3.721726961795,
    9.422917236894));
#1312 = CARTESIAN_POINT('',(3.166674343976,-1.982862227299,
    9.620832547376));
#1313 = CARTESIAN_POINT('',(4.099112867475,-0.31913636326,9.719794408624
    ));
#1314 = CARTESIAN_POINT('',(4.035756689443,1.824825177996,9.818743444766
    ));
#1315 = CARTESIAN_POINT('',(2.708763977165,3.770828761269,9.917717679216
    ));
#1316 = CARTESIAN_POINT('',(0.389191577532,4.626553873388,
    10.016657105055));
#1317 = CARTESIAN_POINT('',(-1.883677626422,4.008627039845,
    10.115631339501));
#1318 = CARTESIAN_POINT('',(-3.324256600776,2.419485800886,
    10.214580375647));
#1319 = CARTESIAN_POINT('',(-3.695722786164,0.54881060084,
    10.313542236894));
#1320 = CARTESIAN_POINT('',(-2.66732103056,-2.616288885649,
    10.511457547376));
#1321 = CARTESIAN_POINT('',(-1.267237494974,-3.911353148206,
    10.610419408624));
#1322 = CARTESIAN_POINT('',(0.832276424269,-4.35024538851,
    10.709368444766));
#1323 = CARTESIAN_POINT('',(3.034292070175,-3.514203105063,
    10.808342679215));
#1324 = CARTESIAN_POINT('',(4.40786685216,-1.458485735638,
    10.907282105056));
#1325 = CARTESIAN_POINT('',(4.337604164522,0.895836065781,
    11.006256339501));
#1326 = CARTESIAN_POINT('',(3.128667507331,2.667589383146,
    11.105205375648));
#1327 = CARTESIAN_POINT('',(1.396396270778,3.465492380994,
    11.204167236894));
#1328 = CARTESIAN_POINT('',(-1.921326886976,3.204383249024,
    11.402082547375));
#1329 = CARTESIAN_POINT('',(-3.507451431263,2.145310880963,
    11.501044408626));
#1330 = CARTESIAN_POINT('',(-4.424338834825,0.20626405717,
    11.599993444761));
#1331 = CARTESIAN_POINT('',(-4.125446809904,-2.130079916218,
    11.698967679222));
#1332 = CARTESIAN_POINT('',(-2.447183739789,-3.94560040692,
    11.797907105048));
#1333 = CARTESIAN_POINT('',(-0.141509538482,-4.426884592506,
    11.896881339507));
#1334 = CARTESIAN_POINT('',(1.863510751513,-3.66495854922,
    11.995830375644));
#1335 = CARTESIAN_POINT('',(3.043758315125,-2.166816860481,
    12.094792236896));
#1336 = CARTESIAN_POINT('',(3.564370738996,1.120192058645,
    12.292707547372));
#1337 = CARTESIAN_POINT('',(2.904834046121,2.90972738983,12.391669408636
    ));
#1338 = CARTESIAN_POINT('',(1.233406353981,4.253942612743,
    12.490618444741));
#1339 = CARTESIAN_POINT('',(-1.108159206979,4.508717667253,
    12.589592679248));
#1340 = CARTESIAN_POINT('',(-3.265299455033,3.30064998086,
    12.688532105025));
#1341 = CARTESIAN_POINT('',(-4.271534673127,1.171035303129,
    12.787506339522));
#1342 = CARTESIAN_POINT('',(-3.998723398202,-0.956454219076,
    12.886455375637));
#1343 = CARTESIAN_POINT('',(-2.817498805506,-2.453825680183,
    12.985417236897));
#1344 = CARTESIAN_POINT('',(0.257155238812,-3.727390534464,
    13.183332547372));
#1345 = CARTESIAN_POINT('',(2.151211349588,-3.503835619435,
    13.282294408636));
#1346 = CARTESIAN_POINT('',(3.848472844647,-2.192390419293,
    13.381243444741));
#1347 = CARTESIAN_POINT('',(4.642836068478,2.500144352241E-02,
    13.480217679247));
#1348 = CARTESIAN_POINT('',(3.971721778537,2.404557535423,
    13.579157105026));
#1349 = CARTESIAN_POINT('',(2.135849470473,3.880139067657,
    13.678131339521));
#1350 = CARTESIAN_POINT('',(3.456125788243E-03,4.111518155586,
    13.777080375639));
#1351 = CARTESIAN_POINT('',(-1.728294247495,3.31248531798,
    13.876042236895));
#1352 = CARTESIAN_POINT('',(-3.684434135577,0.620092020456,
    14.073957547375));
#1353 = CARTESIAN_POINT('',(-3.909214678601,-1.27381902768,
    14.172919408621));
#1354 = CARTESIAN_POINT('',(-3.030222640984,-3.230335854473,
    14.271868444774));
#1355 = CARTESIAN_POINT('',(-1.05953790369,-4.52039060938,
    14.370842679201));
#1356 = CARTESIAN_POINT('',(1.410939383586,-4.423315598433,
    14.469782105073));
#1357 = CARTESIAN_POINT('',(3.274326359581,-2.982636256026,
    14.568756339487));
#1358 = CARTESIAN_POINT('',(3.997109765112,-0.963175484597,
    14.667705375655));
#1359 = CARTESIAN_POINT('',(3.624423364422,0.90725699954,14.766667236892
    ));
#1360 = CARTESIAN_POINT('',(1.463072895952,3.437875319782,
    14.964582547377));
#1361 = CARTESIAN_POINT('',(-0.326035263506,4.098569912251,
    15.063544408619));
#1362 = CARTESIAN_POINT('',(-2.433689990688,3.700604277128,
    15.162493444774));
#1363 = CARTESIAN_POINT('',(-4.148147645557,2.085527017644,
    15.261467679203));
#1364 = CARTESIAN_POINT('',(-4.630476294127,-0.339352496775,
    15.360407105069));
#1365 = CARTESIAN_POINT('',(-3.66460208724,-2.487573855584,
    15.459381339491));
#1366 = CARTESIAN_POINT('',(-1.869669612776,-3.661820452665,
    15.558330375653));
#1367 = CARTESIAN_POINT('',(3.608458534707E-02,-3.736075198718,
    15.657292236893));
#1368 = CARTESIAN_POINT('',(3.001338966491,-2.225204130292,
    15.855207547375));
#1369 = CARTESIAN_POINT('',(4.061437520039,-0.639765261224,
    15.954169408628));
#1370 = CARTESIAN_POINT('',(4.166489931759,1.50255803054,16.053118444757
    ));
#1371 = CARTESIAN_POINT('',(2.996269576587,3.546677382466,
    16.152092679226));
#1372 = CARTESIAN_POINT('',(0.750987063021,4.581756132588,
    16.251032105047));
#1373 = CARTESIAN_POINT('',(-1.563357624284,4.144061423707,
    16.350006339506));
#1374 = CARTESIAN_POINT('',(-3.124178359029,2.672845500487,
    16.448955375645));
#1375 = CARTESIAN_POINT('',(-3.641270922731,0.837081868777,
    16.547917236895));
#1376 = CARTESIAN_POINT('',(-2.864370230129,-2.398948144084,
    16.745832547373));
#1377 = CARTESIAN_POINT('',(-1.570212255771,-3.79986944387,
    16.844794408632));
#1378 = CARTESIAN_POINT('',(0.488394474425,-4.40213468944,16.94374344475
    ));
#1379 = CARTESIAN_POINT('',(2.74921716255,-3.741437801703,
    17.042717679236));
#1380 = CARTESIAN_POINT('',(4.279847397747,-1.79982695816,
    17.141657105036));
#1381 = CARTESIAN_POINT('',(4.394519266131,0.552750001778,
    17.240631339514));
#1382 = CARTESIAN_POINT('',(3.32831952032,2.413893671887,17.339580375642
    ));
#1383 = CARTESIAN_POINT('',(1.663991045564,3.345249435848,
    17.438542236896));
#1384 = CARTESIAN_POINT('',(-1.66399106531,3.345250775027,
    17.636457547374));
#1385 = CARTESIAN_POINT('',(-3.328319977279,2.413889071081,
    17.73541940863));
#1386 = CARTESIAN_POINT('',(-4.394516783334,0.5527578381,17.834368444753
    ));
#1387 = CARTESIAN_POINT('',(-4.279853578249,-1.799834764544,
    17.933342679232));
#1388 = CARTESIAN_POINT('',(-2.749208129047,-3.741433614333,
    18.032282105041));
#1389 = CARTESIAN_POINT('',(-0.488402673826,-4.402135274283,
    18.13125633951));
#1390 = CARTESIAN_POINT('',(1.570216836131,-3.799870073572,
    18.230205375644));
#1391 = CARTESIAN_POINT('',(2.864368932563,-2.398947812258,
    18.329167236894));
#1392 = CARTESIAN_POINT('',(3.641272229514,0.837081575354,
    18.527082547377));
#1393 = CARTESIAN_POINT('',(3.124173992033,2.672847018852,
    18.626044408613));
#1394 = CARTESIAN_POINT('',(1.563364664466,4.144057180177,18.72499344479
    ));
#1395 = CARTESIAN_POINT('',(-0.75099321088,4.581763964651,18.82396767918
    ));
#1396 = CARTESIAN_POINT('',(-2.996267613757,3.546667621078,
    18.922907105093));
#1397 = CARTESIAN_POINT('',(-4.16648858633,1.502566139888,
    19.021881339473));
#1398 = CARTESIAN_POINT('',(-4.061439201603,-0.639769568011,
    19.120830375662));
#1399 = CARTESIAN_POINT('',(-3.001338340924,-2.225202946045,
    19.21979223689));
#1400 = CARTESIAN_POINT('',(-3.608517572454E-02,-3.736076400895,
    19.417707547377));
#1401 = CARTESIAN_POINT('',(1.869672108642,-3.661816560785,
    19.51666940862));
#1402 = CARTESIAN_POINT('',(3.664596317463,-2.487579710612,
    19.615618444772));
#1403 = CARTESIAN_POINT('',(4.630485344979,-0.339348347141,
    19.714592679205));
#1404 = CARTESIAN_POINT('',(4.148137695663,2.085527387798,
    19.813532105066));
#1405 = CARTESIAN_POINT('',(2.433697561891,3.700601075782,
    19.912506339494));
#1406 = CARTESIAN_POINT('',(0.326031468268,4.098572552754,20.01145537565
    ));
#1407 = CARTESIAN_POINT('',(-1.463071890459,3.437874435042,
    20.110417236895));
#1408 = CARTESIAN_POINT('',(-3.624424395565,0.90725785425,
    20.308332547371));
#1409 = CARTESIAN_POINT('',(-3.997106563404,-0.963178820055,
    20.407294408643));
#1410 = CARTESIAN_POINT('',(-3.274330705921,-2.982629278813,
    20.506243444726));
#1411 = CARTESIAN_POINT('',(-1.410937461477,-4.42332536796,
    20.605217679268));
#1412 = CARTESIAN_POINT('',(1.059540586377,-4.520381020775,
    20.704157105005));
#1413 = CARTESIAN_POINT('',(3.030217760619,-3.23034246917,
    20.803131339535));
#1414 = CARTESIAN_POINT('',(3.909218132136,-1.273815953706,
    20.902080375633));
#1415 = CARTESIAN_POINT('',(3.684433040553,0.620091249282,
    21.001042236896));
#1416 = CARTESIAN_POINT('',(1.728295319305,3.312486121103,
    21.198957547377));
#1417 = CARTESIAN_POINT('',(-3.460116501523E-03,4.111515820995,
    21.297919408612));
#1418 = CARTESIAN_POINT('',(-2.135841671428,3.880141665101,
    21.396868444792));
#1419 = CARTESIAN_POINT('',(-3.971731726808,2.404557947076,
    21.495842679176));
#1420 = CARTESIAN_POINT('',(-4.642827371096,2.49965965492E-02,
    21.594782105096));
#1421 = CARTESIAN_POINT('',(-3.848478137264,-2.192384129613,
    21.693756339473));
#1422 = CARTESIAN_POINT('',(-2.151209166766,-3.503839695147,
    21.79270537566));
#1423 = CARTESIAN_POINT('',(-0.257155733049,-3.727389289669,
    21.891667236892));
#1424 = CARTESIAN_POINT('',(2.817499336232,-2.453826909867,
    22.089582547373));
#1425 = CARTESIAN_POINT('',(3.998722059725,-0.956449793606,
    22.188544408639));
#1426 = CARTESIAN_POINT('',(4.271535378152,1.171027113169,
    22.287493444735));
#1427 = CARTESIAN_POINT('',(3.265302177706,3.300659558216,
    22.386467679256));
#1428 = CARTESIAN_POINT('',(1.108152463536,4.508710341638,
    22.485407105018));
#1429 = CARTESIAN_POINT('',(-1.23339900252,4.253946290853,
    22.584381339525));
#1430 = CARTESIAN_POINT('',(-2.904838518806,2.909726218768,
    22.683330375638));
#1431 = CARTESIAN_POINT('',(-3.564369413214,1.120192248635,
    22.782292236895));
#1432 = CARTESIAN_POINT('',(-3.043759634725,-2.166817089478,
    22.980207547376));
#1433 = CARTESIAN_POINT('',(-1.86350613588,-3.66495828083,
    23.079169408618));
#1434 = CARTESIAN_POINT('',(0.14150141027,-4.426883366154,
    23.178118444781));
#1435 = CARTESIAN_POINT('',(2.447192416873,-3.945605290123,
    23.27709267919));
#1436 = CARTESIAN_POINT('',(4.125441260963,-2.130071649011,
    23.376032105084));
#1437 = CARTESIAN_POINT('',(4.424340695124,0.206256050235,
    23.475006339479));
#1438 = CARTESIAN_POINT('',(3.50745133669,2.145315503423,23.573955375658
    ));
#1439 = CARTESIAN_POINT('',(1.92132676222,3.204381915527,23.672917236892
    ));
#1440 = CARTESIAN_POINT('',(-1.396396185394,3.465493717593,
    23.870832547373));
#1441 = CARTESIAN_POINT('',(-3.128668323857,2.667584832375,
    23.96979440864));
#1442 = CARTESIAN_POINT('',(-4.337601074549,0.895843683148,
    24.06874344473));
#1443 = CARTESIAN_POINT('',(-4.407873626092,-1.45849303304,
    24.167717679264));
#1444 = CARTESIAN_POINT('',(-3.034282735979,-3.514199639364,
    24.266657105007));
#1445 = CARTESIAN_POINT('',(-0.832284644285,-4.350245328231,
    24.365631339536));
#1446 = CARTESIAN_POINT('',(1.267242011813,-3.911354135339,
    24.464580375629));
#1447 = CARTESIAN_POINT('',(2.667319763024,-2.616288453039,
    24.563542236902));
#1448 = CARTESIAN_POINT('',(3.695724065909,0.548810205788,
    24.761457547363));
#1449 = CARTESIAN_POINT('',(3.324252366333,2.419487657223,
    24.860419408673));
#1450 = CARTESIAN_POINT('',(1.88368431202,4.00862225697,24.959368444668)
  );
#1451 = CARTESIAN_POINT('',(-0.389197091999,4.62656216376,
    25.058342679346));
#1452 = CARTESIAN_POINT('',(-2.70876278623,3.770818875866,
    25.157282104931));
#1453 = CARTESIAN_POINT('',(-4.035754711907,1.824833156861,
    25.256256339586));
#1454 = CARTESIAN_POINT('',(-4.099114881772,-0.319140524874,
    25.355205375608));
#1455 = CARTESIAN_POINT('',(-3.166673627418,-1.982861095774,
    25.454167236903));
#1456 = CARTESIAN_POINT('',(-0.329103113156,-3.721728113953,
    25.652082547369));
#1457 = CARTESIAN_POINT('',(1.57660571742,-3.79722118533,25.751044408642
    ));
#1458 = CARTESIAN_POINT('',(3.458126335378,-2.767432245872,
    25.849993444723));
#1459 = CARTESIAN_POINT('',(4.589586139532,-0.701605942312,
    25.948967679291));
#1460 = CARTESIAN_POINT('',(4.298978964511,1.753639270214,
    26.047907104949));
#1461 = CARTESIAN_POINT('',(2.716541098533,3.498247647809,26.14688133962
    ));
#1462 = CARTESIAN_POINT('',(0.646596718356,4.060357887126,
    26.245830375541));
#1463 = CARTESIAN_POINT('',(-1.188829208722,3.542067913071,
    26.34479223697));
#1464 = CARTESIAN_POINT('',(-3.542068873856,1.188830141531,
    26.542707547215));
#1465 = CARTESIAN_POINT('',(-4.060354957355,-0.646600293914,
    26.641669409491));
#1466 = CARTESIAN_POINT('',(-3.498251432505,-2.71653380391,26.7406184425
    ));
#1467 = CARTESIAN_POINT('',(-1.753638121927,-4.298988850959,
    26.839592683339));
#1468 = CARTESIAN_POINT('',(0.701609370906,-4.589576796179,
    26.938532099326));
#1469 = CARTESIAN_POINT('',(2.767426859556,-3.45813254106,
    27.037506345797));
#1470 = CARTESIAN_POINT('',(3.797224871155,-1.576602928905,
    27.136455370113));
#1471 = CARTESIAN_POINT('',(3.721726960573,0.329102433794,
    27.235417240773));
#1472 = CARTESIAN_POINT('',(1.982862229859,3.166674336603,
    27.433332539253));
#1473 = CARTESIAN_POINT('',(0.319136349445,4.099112907301,
    27.532294452458));
#1474 = CARTESIAN_POINT('',(-1.824825141893,4.035756585273,
    27.631243330171));
#1475 = CARTESIAN_POINT('',(-3.770828826997,2.708764166953,
    27.73021788792));
#1476 = CARTESIAN_POINT('',(-4.626553782009,0.389191313527,
    27.829156814807));
#1477 = CARTESIAN_POINT('',(-4.008627140328,-1.883677335994,
    27.92813165875));
#1478 = CARTESIAN_POINT('',(-2.419485712465,-3.324256856405,
    28.027080094675));
#1479 = CARTESIAN_POINT('',(-0.548810662853,-3.695722606863,
    28.126042433965));
#1480 = CARTESIAN_POINT('',(1.033739176349,-3.181522006508,
    28.224999784263));
#1481 = PCURVE('',#1482,#1999);
#1482 = B_SPLINE_SURFACE_WITH_KNOTS('',1,9,(
    (#1483,#1484,#1485,#1486,#1487,#1488,#1489,#1490,#1491,#1492,#1493
      ,#1494,#1495,#1496,#1497,#1498,#1499,#1500,#1501,#1502,#1503,#1504
      ,#1505,#1506,#1507,#1508,#1509,#1510,#1511,#1512,#1513,#1514,#1515
      ,#1516,#1517,#1518,#1519,#1520,#1521,#1522,#1523,#1524,#1525,#1526
      ,#1527,#1528,#1529,#1530,#1531,#1532,#1533,#1534,#1535,#1536,#1537
      ,#1538,#1539,#1540,#1541,#1542,#1543,#1544,#1545,#1546,#1547,#1548
      ,#1549,#1550,#1551,#1552,#1553,#1554,#1555,#1556,#1557,#1558,#1559
      ,#1560,#1561,#1562,#1563,#1564,#1565,#1566,#1567,#1568,#1569,#1570
      ,#1571,#1572,#1573,#1574,#1575,#1576,#1577,#1578,#1579,#1580,#1581
      ,#1582,#1583,#1584,#1585,#1586,#1587,#1588,#1589,#1590,#1591,#1592
      ,#1593,#1594,#1595,#1596,#1597,#1598,#1599,#1600,#1601,#1602,#1603
      ,#1604,#1605,#1606,#1607,#1608,#1609,#1610,#1611,#1612,#1613,#1614
      ,#1615,#1616,#1617,#1618,#1619,#1620,#1621,#1622,#1623,#1624,#1625
      ,#1626,#1627,#1628,#1629,#1630,#1631,#1632,#1633,#1634,#1635,#1636
      ,#1637,#1638,#1639,#1640,#1641,#1642,#1643,#1644,#1645,#1646,#1647
      ,#1648,#1649,#1650,#1651,#1652,#1653,#1654,#1655,#1656,#1657,#1658
      ,#1659,#1660,#1661,#1662,#1663,#1664,#1665,#1666,#1667,#1668,#1669
      ,#1670,#1671,#1672,#1673,#1674,#1675,#1676,#1677,#1678,#1679,#1680
      ,#1681,#1682,#1683,#1684,#1685,#1686,#1687,#1688,#1689,#1690,#1691
      ,#1692,#1693,#1694,#1695,#1696,#1697,#1698,#1699,#1700,#1701,#1702
      ,#1703,#1704,#1705,#1706,#1707,#1708,#1709,#1710,#1711,#1712,#1713
      ,#1714,#1715,#1716,#1717,#1718,#1719,#1720,#1721,#1722,#1723,#1724
      ,#1725,#1726,#1727,#1728,#1729,#1730,#1731,#1732,#1733,#1734,#1735
      ,#1736,#1737,#1738,#1739,#1740)
    ,(#1741,#1742,#1743,#1744,#1745,#1746,#1747,#1748,#1749,#1750,#1751
      ,#1752,#1753,#1754,#1755,#1756,#1757,#1758,#1759,#1760,#1761,#1762
      ,#1763,#1764,#1765,#1766,#1767,#1768,#1769,#1770,#1771,#1772,#1773
      ,#1774,#1775,#1776,#1777,#1778,#1779,#1780,#1781,#1782,#1783,#1784
      ,#1785,#1786,#1787,#1788,#1789,#1790,#1791,#1792,#1793,#1794,#1795
      ,#1796,#1797,#1798,#1799,#1800,#1801,#1802,#1803,#1804,#1805,#1806
      ,#1807,#1808,#1809,#1810,#1811,#1812,#1813,#1814,#1815,#1816,#1817
      ,#1818,#1819,#1820,#1821,#1822,#1823,#1824,#1825,#1826,#1827,#1828
      ,#1829,#1830,#1831,#1832,#1833,#1834,#1835,#1836,#1837,#1838,#1839
      ,#1840,#1841,#1842,#1843,#1844,#1845,#1846,#1847,#1848,#1849,#1850
      ,#1851,#1852,#1853,#1854,#1855,#1856,#1857,#1858,#1859,#1860,#1861
      ,#1862,#1863,#1864,#1865,#1866,#1867,#1868,#1869,#1870,#1871,#1872
      ,#1873,#1874,#1875,#1876,#1877,#1878,#1879,#1880,#1881,#1882,#1883
      ,#1884,#1885,#1886,#1887,#1888,#1889,#1890,#1891,#1892,#1893,#1894
      ,#1895,#1896,#1897,#1898,#1899,#1900,#1901,#1902,#1903,#1904,#1905
      ,#1906,#1907,#1908,#1909,#1910,#1911,#1912,#1913,#1914,#1915,#1916
      ,#1917,#1918,#1919,#1920,#1921,#1922,#1923,#1924,#1925,#1926,#1927
      ,#1928,#1929,#1930,#1931,#1932,#1933,#1934,#1935,#1936,#1937,#1938
      ,#1939,#1940,#1941,#1942,#1943,#1944,#1945,#1946,#1947,#1948,#1949
      ,#1950,#1951,#1952,#1953,#1954,#1955,#1956,#1957,#1958,#1959,#1960
      ,#1961,#1962,#1963,#1964,#1965,#1966,#1967,#1968,#1969,#1970,#1971
      ,#1972,#1973,#1974,#1975,#1976,#1977,#1978,#1979,#1980,#1981,#1982
      ,#1983,#1984,#1985,#1986,#1987,#1988,#1989,#1990,#1991,#1992,#1993
      ,#1994,#1995,#1996,#1997,#1998
    )),.UNSPECIFIED.,.F.,.F.,.F.,(2,2),(10,8,8,8,8,8,8,8,8,8,8,8,8,8,8,8
    ,8,8,8,8,8,8,8,8,8,8,8,8,8,8,8,8,10),(0.,0.728868986856),(0.,
    4.564501980237,9.129003960474,13.693505940711,18.258007920948,
    22.822509901185,27.387011881422,31.951513861659,36.516015841896,
    41.080517822133,45.64501980237,50.209521782607,54.774023762843,
    59.33852574308,63.903027723317,68.467529703554,73.032031683791,
    77.596533664028,82.161035644265,86.725537624502,91.290039604739,
    95.854541584976,100.41904356521,104.98354554545,109.54804752568,
    114.11254950592,118.67705148616,123.24155346639,127.80605544663,
    132.37055742687,136.9350594071,141.49956138734,146.06406336758),
  .UNSPECIFIED.);
#1483 = CARTESIAN_POINT('',(3.34525,0.,-0.275));
#1484 = CARTESIAN_POINT('',(3.345250967639,1.663991083347,
    -0.176042649673));
#1485 = CARTESIAN_POINT('',(2.413888796492,3.328319951565,
    -7.708031045984E-02));
#1486 = CARTESIAN_POINT('',(0.552758150055,4.39451681255,
    2.186812561756E-02));
#1487 = CARTESIAN_POINT('',(-1.799835048115,4.27985355169,0.120842969331
    ));
#1488 = CARTESIAN_POINT('',(-3.74143341047,2.749208148142,0.219781896483
    ));
#1489 = CARTESIAN_POINT('',(-4.402135386194,0.488402663345,0.318756454)
  );
#1490 = CARTESIAN_POINT('',(-3.799870030776,-1.570216832124,
    0.41770533186));
#1491 = CARTESIAN_POINT('',(-2.398947820184,-2.864368933304,
    0.516667245005));
#1492 = CARTESIAN_POINT('',(0.837081579137,-3.641272229164,
    0.714582543503));
#1493 = CARTESIAN_POINT('',(2.672847013465,-3.124173992525,
    0.813544414148));
#1494 = CARTESIAN_POINT('',(4.144057186286,-1.563364663917,
    0.912493438484));
#1495 = CARTESIAN_POINT('',(4.581763959116,0.750993210386,1.011467684932
    ));
#1496 = CARTESIAN_POINT('',(3.546667625041,2.996267614114,1.110407100941
    ));
#1497 = CARTESIAN_POINT('',(1.502566137723,4.166488586129,1.209381341763
    ));
#1498 = CARTESIAN_POINT('',(-0.639769567188,4.061439201684,
    1.308330374781));
#1499 = CARTESIAN_POINT('',(-2.225202946196,3.001338340908,
    1.407292237055));
#1500 = CARTESIAN_POINT('',(-3.736076400824,3.608517573319E-02,
    1.605207547297));
#1501 = CARTESIAN_POINT('',(-3.661816560882,-1.869672108658,
    1.704169408739));
#1502 = CARTESIAN_POINT('',(-2.487579710507,-3.664596317438,
    1.803118444628));
#1503 = CARTESIAN_POINT('',(-0.339348347237,-4.630485345009,
    1.902092679348));
#1504 = CARTESIAN_POINT('',(2.085527387871,-4.148137695634,
    2.001032104954));
#1505 = CARTESIAN_POINT('',(3.700601075738,-2.433697561912,
    2.100006339561));
#1506 = CARTESIAN_POINT('',(4.098572552774,-0.326031468258,
    2.198955375623));
#1507 = CARTESIAN_POINT('',(3.437874435038,1.463071890458,2.297917236899
    ));
#1508 = CARTESIAN_POINT('',(0.907257854251,3.624424395564,2.495832547372
    ));
#1509 = CARTESIAN_POINT('',(-0.963178820054,3.997106563408,
    2.594794408633));
#1510 = CARTESIAN_POINT('',(-2.982629278817,3.274330705917,
    2.693743444749));
#1511 = CARTESIAN_POINT('',(-4.423325367954,1.410937461477,
    2.792717679238));
#1512 = CARTESIAN_POINT('',(-4.520381020781,-1.059540586371,
    2.891657105033));
#1513 = CARTESIAN_POINT('',(-3.230342469167,-3.030217760626,
    2.990631339517));
#1514 = CARTESIAN_POINT('',(-1.273815953707,-3.909218132132,
    3.08958037564));
#1515 = CARTESIAN_POINT('',(0.620091249282,-3.684433040553,
    3.188542236896));
#1516 = CARTESIAN_POINT('',(3.312486121106,-1.728295319308,
    3.386457547373));
#1517 = CARTESIAN_POINT('',(4.111515820987,3.460116517807E-03,
    3.485419408633));
#1518 = CARTESIAN_POINT('',(3.880141665108,2.135841671393,3.584368444747
    ));
#1519 = CARTESIAN_POINT('',(2.40455794708,3.971731726857,3.683342679241)
  );
#1520 = CARTESIAN_POINT('',(2.499659653244E-02,4.642827371051,
    3.782282105031));
#1521 = CARTESIAN_POINT('',(-2.192384129591,3.848478137292,
    3.881256339518));
#1522 = CARTESIAN_POINT('',(-3.503839695161,2.151209166755,
    3.980205375639));
#1523 = CARTESIAN_POINT('',(-3.727389289665,0.257155733051,
    4.079167236896));
#1524 = CARTESIAN_POINT('',(-2.453826909868,-2.817499336231,
    4.277082547374));
#1525 = CARTESIAN_POINT('',(-0.956449793609,-3.998722059726,
    4.376044408629));
#1526 = CARTESIAN_POINT('',(1.171027113174,-4.271535378152,
    4.474993444754));
#1527 = CARTESIAN_POINT('',(3.300659558212,-3.265302177703,
    4.573967679232));
#1528 = CARTESIAN_POINT('',(4.508710341639,-1.108152463541,
    4.672907105038));
#1529 = CARTESIAN_POINT('',(4.253946290854,1.233399002525,4.771881339514
    ));
#1530 = CARTESIAN_POINT('',(2.909726218766,2.904838518805,4.870830375641
    ));
#1531 = CARTESIAN_POINT('',(1.120192248635,3.564369413214,4.969792236896
    ));
#1532 = CARTESIAN_POINT('',(-2.166817089479,3.043759634729,
    5.167707547373));
#1533 = CARTESIAN_POINT('',(-3.664958280829,1.863506135865,
    5.266669408633));
#1534 = CARTESIAN_POINT('',(-4.426883366149,-0.141501410241,
    5.365618444747));
#1535 = CARTESIAN_POINT('',(-3.94560529014,-2.447192416908,5.46459267924
    ));
#1536 = CARTESIAN_POINT('',(-2.130071648985,-4.125441260935,
    5.563532105032));
#1537 = CARTESIAN_POINT('',(0.20625605021,-4.424340695138,5.662506339517
    ));
#1538 = CARTESIAN_POINT('',(2.145315503437,-3.507451336686,
    5.761455375641));
#1539 = CARTESIAN_POINT('',(3.204381915524,-1.92132676222,5.860417236895
    ));
#1540 = CARTESIAN_POINT('',(3.465493717591,1.396396185394,6.058332547375
    ));
#1541 = CARTESIAN_POINT('',(2.667584832385,3.128668323853,6.157294408623
    ));
#1542 = CARTESIAN_POINT('',(0.895843683131,4.337601074562,6.256243444768
    ));
#1543 = CARTESIAN_POINT('',(-1.458493033023,4.407873626067,
    6.355217679211));
#1544 = CARTESIAN_POINT('',(-3.514199639375,3.03428273601,6.45415710506)
  );
#1545 = CARTESIAN_POINT('',(-4.350245328228,0.832284644259,
    6.553131339498));
#1546 = CARTESIAN_POINT('',(-3.911354135338,-1.267242011798,
    6.652080375649));
#1547 = CARTESIAN_POINT('',(-2.616288453041,-2.667319763031,
    6.751042236894));
#1548 = CARTESIAN_POINT('',(0.548810205791,-3.695724065899,
    6.948957547375));
#1549 = CARTESIAN_POINT('',(2.419487657205,-3.324252366364,
    7.047919408627));
#1550 = CARTESIAN_POINT('',(4.008622257017,-1.883684311971,7.14686844476
    ));
#1551 = CARTESIAN_POINT('',(4.626562163685,0.389197091955,7.245842679222
    ));
#1552 = CARTESIAN_POINT('',(3.770818875947,2.708762786251,7.34478210505)
  );
#1553 = CARTESIAN_POINT('',(1.824833156802,4.035754711908,7.443756339504
    ));
#1554 = CARTESIAN_POINT('',(-0.319140524845,4.099114881765,
    7.542705375647));
#1555 = CARTESIAN_POINT('',(-1.982861095781,3.166673627421,
    7.641667236894));
#1556 = CARTESIAN_POINT('',(-3.721728113948,0.329103113156,
    7.839582547376));
#1557 = CARTESIAN_POINT('',(-3.797221185347,-1.576605717422,
    7.938544408622));
#1558 = CARTESIAN_POINT('',(-2.767432245832,-3.458126335368,
    8.037493444769));
#1559 = CARTESIAN_POINT('',(-0.701605942384,-4.589586139552,
    8.13646767921));
#1560 = CARTESIAN_POINT('',(1.753639270314,-4.298978964482,
    8.235407105061));
#1561 = CARTESIAN_POINT('',(3.498247647697,-2.716541098568,
    8.334381339497));
#1562 = CARTESIAN_POINT('',(4.060357887225,-0.646596718323,8.43333037565
    ));
#1563 = CARTESIAN_POINT('',(3.542067913002,1.188829208698,8.532292236893
    ));
#1564 = CARTESIAN_POINT('',(1.188830141675,3.542068873905,8.730207547375
    ));
#1565 = CARTESIAN_POINT('',(-0.646600294695,4.060354957088,
    8.829169408624));
#1566 = CARTESIAN_POINT('',(-2.71653380187,3.498251433207,8.928118444764
    ));
#1567 = CARTESIAN_POINT('',(-4.298988854675,1.753638120641,
    9.027092679217));
#1568 = CARTESIAN_POINT('',(-4.589576791011,-0.701609369109,
    9.126032105055));
#1569 = CARTESIAN_POINT('',(-3.458132546748,-2.767426861537,
    9.225006339501));
#1570 = CARTESIAN_POINT('',(-1.576602923893,-3.797224869411,
    9.323955375648));
#1571 = CARTESIAN_POINT('',(0.329102430275,-3.721726961795,
    9.422917236894));
#1572 = CARTESIAN_POINT('',(3.166674343976,-1.982862227299,
    9.620832547376));
#1573 = CARTESIAN_POINT('',(4.099112867475,-0.31913636326,9.719794408624
    ));
#1574 = CARTESIAN_POINT('',(4.035756689443,1.824825177996,9.818743444766
    ));
#1575 = CARTESIAN_POINT('',(2.708763977165,3.770828761269,9.917717679216
    ));
#1576 = CARTESIAN_POINT('',(0.389191577532,4.626553873388,
    10.016657105055));
#1577 = CARTESIAN_POINT('',(-1.883677626422,4.008627039845,
    10.115631339501));
#1578 = CARTESIAN_POINT('',(-3.324256600776,2.419485800886,
    10.214580375647));
#1579 = CARTESIAN_POINT('',(-3.695722786164,0.54881060084,
    10.313542236894));
#1580 = CARTESIAN_POINT('',(-2.66732103056,-2.616288885649,
    10.511457547376));
#1581 = CARTESIAN_POINT('',(-1.267237494974,-3.911353148206,
    10.610419408624));
#1582 = CARTESIAN_POINT('',(0.832276424269,-4.35024538851,
    10.709368444766));
#1583 = CARTESIAN_POINT('',(3.034292070175,-3.514203105063,
    10.808342679215));
#1584 = CARTESIAN_POINT('',(4.40786685216,-1.458485735638,
    10.907282105056));
#1585 = CARTESIAN_POINT('',(4.337604164522,0.895836065781,
    11.006256339501));
#1586 = CARTESIAN_POINT('',(3.128667507331,2.667589383146,
    11.105205375648));
#1587 = CARTESIAN_POINT('',(1.396396270778,3.465492380994,
    11.204167236894));
#1588 = CARTESIAN_POINT('',(-1.921326886976,3.204383249024,
    11.402082547375));
#1589 = CARTESIAN_POINT('',(-3.507451431263,2.145310880963,
    11.501044408626));
#1590 = CARTESIAN_POINT('',(-4.424338834825,0.20626405717,
    11.599993444761));
#1591 = CARTESIAN_POINT('',(-4.125446809904,-2.130079916218,
    11.698967679222));
#1592 = CARTESIAN_POINT('',(-2.447183739789,-3.94560040692,
    11.797907105048));
#1593 = CARTESIAN_POINT('',(-0.141509538482,-4.426884592506,
    11.896881339507));
#1594 = CARTESIAN_POINT('',(1.863510751513,-3.66495854922,
    11.995830375644));
#1595 = CARTESIAN_POINT('',(3.043758315125,-2.166816860481,
    12.094792236896));
#1596 = CARTESIAN_POINT('',(3.564370738996,1.120192058645,
    12.292707547372));
#1597 = CARTESIAN_POINT('',(2.904834046121,2.90972738983,12.391669408636
    ));
#1598 = CARTESIAN_POINT('',(1.233406353981,4.253942612743,
    12.490618444741));
#1599 = CARTESIAN_POINT('',(-1.108159206979,4.508717667253,
    12.589592679248));
#1600 = CARTESIAN_POINT('',(-3.265299455033,3.30064998086,
    12.688532105025));
#1601 = CARTESIAN_POINT('',(-4.271534673127,1.171035303129,
    12.787506339522));
#1602 = CARTESIAN_POINT('',(-3.998723398202,-0.956454219076,
    12.886455375637));
#1603 = CARTESIAN_POINT('',(-2.817498805506,-2.453825680183,
    12.985417236897));
#1604 = CARTESIAN_POINT('',(0.257155238812,-3.727390534464,
    13.183332547372));
#1605 = CARTESIAN_POINT('',(2.151211349588,-3.503835619435,
    13.282294408636));
#1606 = CARTESIAN_POINT('',(3.848472844647,-2.192390419293,
    13.381243444741));
#1607 = CARTESIAN_POINT('',(4.642836068478,2.500144352241E-02,
    13.480217679247));
#1608 = CARTESIAN_POINT('',(3.971721778537,2.404557535423,
    13.579157105026));
#1609 = CARTESIAN_POINT('',(2.135849470473,3.880139067657,
    13.678131339521));
#1610 = CARTESIAN_POINT('',(3.456125788243E-03,4.111518155586,
    13.777080375639));
#1611 = CARTESIAN_POINT('',(-1.728294247495,3.31248531798,
    13.876042236895));
#1612 = CARTESIAN_POINT('',(-3.684434135577,0.620092020456,
    14.073957547375));
#1613 = CARTESIAN_POINT('',(-3.909214678601,-1.27381902768,
    14.172919408621));
#1614 = CARTESIAN_POINT('',(-3.030222640984,-3.230335854473,
    14.271868444774));
#1615 = CARTESIAN_POINT('',(-1.05953790369,-4.52039060938,
    14.370842679201));
#1616 = CARTESIAN_POINT('',(1.410939383586,-4.423315598433,
    14.469782105073));
#1617 = CARTESIAN_POINT('',(3.274326359581,-2.982636256026,
    14.568756339487));
#1618 = CARTESIAN_POINT('',(3.997109765112,-0.963175484597,
    14.667705375655));
#1619 = CARTESIAN_POINT('',(3.624423364422,0.90725699954,14.766667236892
    ));
#1620 = CARTESIAN_POINT('',(1.463072895952,3.437875319782,
    14.964582547377));
#1621 = CARTESIAN_POINT('',(-0.326035263506,4.098569912251,
    15.063544408619));
#1622 = CARTESIAN_POINT('',(-2.433689990688,3.700604277128,
    15.162493444774));
#1623 = CARTESIAN_POINT('',(-4.148147645557,2.085527017644,
    15.261467679203));
#1624 = CARTESIAN_POINT('',(-4.630476294127,-0.339352496775,
    15.360407105069));
#1625 = CARTESIAN_POINT('',(-3.66460208724,-2.487573855584,
    15.459381339491));
#1626 = CARTESIAN_POINT('',(-1.869669612776,-3.661820452665,
    15.558330375653));
#1627 = CARTESIAN_POINT('',(3.608458534707E-02,-3.736075198718,
    15.657292236893));
#1628 = CARTESIAN_POINT('',(3.001338966491,-2.225204130292,
    15.855207547375));
#1629 = CARTESIAN_POINT('',(4.061437520039,-0.639765261224,
    15.954169408628));
#1630 = CARTESIAN_POINT('',(4.166489931759,1.50255803054,16.053118444757
    ));
#1631 = CARTESIAN_POINT('',(2.996269576587,3.546677382466,
    16.152092679226));
#1632 = CARTESIAN_POINT('',(0.750987063021,4.581756132588,
    16.251032105047));
#1633 = CARTESIAN_POINT('',(-1.563357624284,4.144061423707,
    16.350006339506));
#1634 = CARTESIAN_POINT('',(-3.124178359029,2.672845500487,
    16.448955375645));
#1635 = CARTESIAN_POINT('',(-3.641270922731,0.837081868777,
    16.547917236895));
#1636 = CARTESIAN_POINT('',(-2.864370230129,-2.398948144084,
    16.745832547373));
#1637 = CARTESIAN_POINT('',(-1.570212255771,-3.79986944387,
    16.844794408632));
#1638 = CARTESIAN_POINT('',(0.488394474425,-4.40213468944,16.94374344475
    ));
#1639 = CARTESIAN_POINT('',(2.74921716255,-3.741437801703,
    17.042717679236));
#1640 = CARTESIAN_POINT('',(4.279847397747,-1.79982695816,
    17.141657105036));
#1641 = CARTESIAN_POINT('',(4.394519266131,0.552750001778,
    17.240631339514));
#1642 = CARTESIAN_POINT('',(3.32831952032,2.413893671887,17.339580375642
    ));
#1643 = CARTESIAN_POINT('',(1.663991045564,3.345249435848,
    17.438542236896));
#1644 = CARTESIAN_POINT('',(-1.66399106531,3.345250775027,
    17.636457547374));
#1645 = CARTESIAN_POINT('',(-3.328319977279,2.413889071081,
    17.73541940863));
#1646 = CARTESIAN_POINT('',(-4.394516783334,0.5527578381,17.834368444753
    ));
#1647 = CARTESIAN_POINT('',(-4.279853578249,-1.799834764544,
    17.933342679232));
#1648 = CARTESIAN_POINT('',(-2.749208129047,-3.741433614333,
    18.032282105041));
#1649 = CARTESIAN_POINT('',(-0.488402673826,-4.402135274283,
    18.13125633951));
#1650 = CARTESIAN_POINT('',(1.570216836131,-3.799870073572,
    18.230205375644));
#1651 = CARTESIAN_POINT('',(2.864368932563,-2.398947812258,
    18.329167236894));
#1652 = CARTESIAN_POINT('',(3.641272229514,0.837081575354,
    18.527082547377));
#1653 = CARTESIAN_POINT('',(3.124173992033,2.672847018852,
    18.626044408613));
#1654 = CARTESIAN_POINT('',(1.563364664466,4.144057180177,18.72499344479
    ));
#1655 = CARTESIAN_POINT('',(-0.75099321088,4.581763964651,18.82396767918
    ));
#1656 = CARTESIAN_POINT('',(-2.996267613757,3.546667621078,
    18.922907105093));
#1657 = CARTESIAN_POINT('',(-4.16648858633,1.502566139888,
    19.021881339473));
#1658 = CARTESIAN_POINT('',(-4.061439201603,-0.639769568011,
    19.120830375662));
#1659 = CARTESIAN_POINT('',(-3.001338340924,-2.225202946045,
    19.21979223689));
#1660 = CARTESIAN_POINT('',(-3.608517572454E-02,-3.736076400895,
    19.417707547377));
#1661 = CARTESIAN_POINT('',(1.869672108642,-3.661816560785,
    19.51666940862));
#1662 = CARTESIAN_POINT('',(3.664596317463,-2.487579710612,
    19.615618444772));
#1663 = CARTESIAN_POINT('',(4.630485344979,-0.339348347141,
    19.714592679205));
#1664 = CARTESIAN_POINT('',(4.148137695663,2.085527387798,
    19.813532105066));
#1665 = CARTESIAN_POINT('',(2.433697561891,3.700601075782,
    19.912506339494));
#1666 = CARTESIAN_POINT('',(0.326031468268,4.098572552754,20.01145537565
    ));
#1667 = CARTESIAN_POINT('',(-1.463071890459,3.437874435042,
    20.110417236895));
#1668 = CARTESIAN_POINT('',(-3.624424395565,0.90725785425,
    20.308332547371));
#1669 = CARTESIAN_POINT('',(-3.997106563404,-0.963178820055,
    20.407294408643));
#1670 = CARTESIAN_POINT('',(-3.274330705921,-2.982629278813,
    20.506243444726));
#1671 = CARTESIAN_POINT('',(-1.410937461477,-4.42332536796,
    20.605217679268));
#1672 = CARTESIAN_POINT('',(1.059540586377,-4.520381020775,
    20.704157105005));
#1673 = CARTESIAN_POINT('',(3.030217760619,-3.23034246917,
    20.803131339535));
#1674 = CARTESIAN_POINT('',(3.909218132136,-1.273815953706,
    20.902080375633));
#1675 = CARTESIAN_POINT('',(3.684433040553,0.620091249282,
    21.001042236896));
#1676 = CARTESIAN_POINT('',(1.728295319305,3.312486121103,
    21.198957547377));
#1677 = CARTESIAN_POINT('',(-3.460116501523E-03,4.111515820995,
    21.297919408612));
#1678 = CARTESIAN_POINT('',(-2.135841671428,3.880141665101,
    21.396868444792));
#1679 = CARTESIAN_POINT('',(-3.971731726808,2.404557947076,
    21.495842679176));
#1680 = CARTESIAN_POINT('',(-4.642827371096,2.49965965492E-02,
    21.594782105096));
#1681 = CARTESIAN_POINT('',(-3.848478137264,-2.192384129613,
    21.693756339473));
#1682 = CARTESIAN_POINT('',(-2.151209166766,-3.503839695147,
    21.79270537566));
#1683 = CARTESIAN_POINT('',(-0.257155733049,-3.727389289669,
    21.891667236892));
#1684 = CARTESIAN_POINT('',(2.817499336232,-2.453826909867,
    22.089582547373));
#1685 = CARTESIAN_POINT('',(3.998722059725,-0.956449793606,
    22.188544408639));
#1686 = CARTESIAN_POINT('',(4.271535378152,1.171027113169,
    22.287493444735));
#1687 = CARTESIAN_POINT('',(3.265302177706,3.300659558216,
    22.386467679256));
#1688 = CARTESIAN_POINT('',(1.108152463536,4.508710341638,
    22.485407105018));
#1689 = CARTESIAN_POINT('',(-1.23339900252,4.253946290853,
    22.584381339525));
#1690 = CARTESIAN_POINT('',(-2.904838518806,2.909726218768,
    22.683330375638));
#1691 = CARTESIAN_POINT('',(-3.564369413214,1.120192248635,
    22.782292236895));
#1692 = CARTESIAN_POINT('',(-3.043759634725,-2.166817089478,
    22.980207547376));
#1693 = CARTESIAN_POINT('',(-1.86350613588,-3.66495828083,
    23.079169408618));
#1694 = CARTESIAN_POINT('',(0.14150141027,-4.426883366154,
    23.178118444781));
#1695 = CARTESIAN_POINT('',(2.447192416873,-3.945605290123,
    23.27709267919));
#1696 = CARTESIAN_POINT('',(4.125441260963,-2.130071649011,
    23.376032105084));
#1697 = CARTESIAN_POINT('',(4.424340695124,0.206256050235,
    23.475006339479));
#1698 = CARTESIAN_POINT('',(3.50745133669,2.145315503423,23.573955375658
    ));
#1699 = CARTESIAN_POINT('',(1.92132676222,3.204381915527,23.672917236892
    ));
#1700 = CARTESIAN_POINT('',(-1.396396185394,3.465493717593,
    23.870832547373));
#1701 = CARTESIAN_POINT('',(-3.128668323857,2.667584832375,
    23.96979440864));
#1702 = CARTESIAN_POINT('',(-4.337601074549,0.895843683148,
    24.06874344473));
#1703 = CARTESIAN_POINT('',(-4.407873626092,-1.45849303304,
    24.167717679264));
#1704 = CARTESIAN_POINT('',(-3.034282735979,-3.514199639364,
    24.266657105007));
#1705 = CARTESIAN_POINT('',(-0.832284644285,-4.350245328231,
    24.365631339536));
#1706 = CARTESIAN_POINT('',(1.267242011813,-3.911354135339,
    24.464580375629));
#1707 = CARTESIAN_POINT('',(2.667319763024,-2.616288453039,
    24.563542236902));
#1708 = CARTESIAN_POINT('',(3.695724065909,0.548810205788,
    24.761457547363));
#1709 = CARTESIAN_POINT('',(3.324252366333,2.419487657223,
    24.860419408673));
#1710 = CARTESIAN_POINT('',(1.88368431202,4.00862225697,24.959368444668)
  );
#1711 = CARTESIAN_POINT('',(-0.389197091999,4.62656216376,
    25.058342679346));
#1712 = CARTESIAN_POINT('',(-2.70876278623,3.770818875866,
    25.157282104931));
#1713 = CARTESIAN_POINT('',(-4.035754711907,1.824833156861,
    25.256256339586));
#1714 = CARTESIAN_POINT('',(-4.099114881772,-0.319140524874,
    25.355205375608));
#1715 = CARTESIAN_POINT('',(-3.166673627418,-1.982861095774,
    25.454167236903));
#1716 = CARTESIAN_POINT('',(-0.329103113156,-3.721728113953,
    25.652082547369));
#1717 = CARTESIAN_POINT('',(1.57660571742,-3.79722118533,25.751044408642
    ));
#1718 = CARTESIAN_POINT('',(3.458126335378,-2.767432245872,
    25.849993444723));
#1719 = CARTESIAN_POINT('',(4.589586139532,-0.701605942312,
    25.948967679291));
#1720 = CARTESIAN_POINT('',(4.298978964511,1.753639270214,
    26.047907104949));
#1721 = CARTESIAN_POINT('',(2.716541098533,3.498247647809,26.14688133962
    ));
#1722 = CARTESIAN_POINT('',(0.646596718356,4.060357887126,
    26.245830375541));
#1723 = CARTESIAN_POINT('',(-1.188829208722,3.542067913071,
    26.34479223697));
#1724 = CARTESIAN_POINT('',(-3.542068873856,1.188830141531,
    26.542707547215));
#1725 = CARTESIAN_POINT('',(-4.060354957355,-0.646600293914,
    26.641669409491));
#1726 = CARTESIAN_POINT('',(-3.498251432505,-2.71653380391,26.7406184425
    ));
#1727 = CARTESIAN_POINT('',(-1.753638121927,-4.298988850959,
    26.839592683339));
#1728 = CARTESIAN_POINT('',(0.701609370906,-4.589576796179,
    26.938532099326));
#1729 = CARTESIAN_POINT('',(2.767426859556,-3.45813254106,
    27.037506345797));
#1730 = CARTESIAN_POINT('',(3.797224871155,-1.576602928905,
    27.136455370113));
#1731 = CARTESIAN_POINT('',(3.721726960573,0.329102433794,
    27.235417240773));
#1732 = CARTESIAN_POINT('',(1.982862229859,3.166674336603,
    27.433332539253));
#1733 = CARTESIAN_POINT('',(0.319136349445,4.099112907301,
    27.532294452458));
#1734 = CARTESIAN_POINT('',(-1.824825141893,4.035756585273,
    27.631243330171));
#1735 = CARTESIAN_POINT('',(-3.770828826997,2.708764166953,
    27.73021788792));
#1736 = CARTESIAN_POINT('',(-4.626553782009,0.389191313527,
    27.829156814807));
#1737 = CARTESIAN_POINT('',(-4.008627140328,-1.883677335994,
    27.92813165875));
#1738 = CARTESIAN_POINT('',(-2.419485712465,-3.324256856405,
    28.027080094675));
#1739 = CARTESIAN_POINT('',(-0.548810662853,-3.695722606863,
    28.126042433965));
#1740 = CARTESIAN_POINT('',(1.033739176349,-3.181522006508,
    28.224999784263));
#1741 = CARTESIAN_POINT('',(4.02025,8.881784197001E-16,
    5.551115123126E-17));
#1742 = CARTESIAN_POINT('',(4.020250000914,1.99974717248,
    9.895969081779E-02));
#1743 = CARTESIAN_POINT('',(2.90096352919,3.999909446416,0.197912492222)
  );
#1744 = CARTESIAN_POINT('',(0.66428495377,5.281227331751,0.296884493197)
  );
#1745 = CARTESIAN_POINT('',(-2.162990618443,5.143442846632,
    0.395820026476));
#1746 = CARTESIAN_POINT('',(-4.496388946086,3.303939902548,
    0.494805158831));
#1747 = CARTESIAN_POINT('',(-5.290380863611,0.58694736104,0.593741087328
    ));
#1748 = CARTESIAN_POINT('',(-4.566608103374,-1.88704934675,
    0.692712478227));
#1749 = CARTESIAN_POINT('',(-2.883002752058,-3.442338453237,
    0.791665868009));
#1750 = CARTESIAN_POINT('',(1.005985288656,-4.376001885421,
    0.989584424052));
#1751 = CARTESIAN_POINT('',(3.212175123459,-3.754569983861,
    1.088537872526));
#1752 = CARTESIAN_POINT('',(4.980232380099,-1.878808753005,
    1.187509061141));
#1753 = CARTESIAN_POINT('',(5.506269222692,0.902514137145,1.286445419221
    ));
#1754 = CARTESIAN_POINT('',(4.262312948403,3.600863902784,1.385429876481
    ));
#1755 = CARTESIAN_POINT('',(1.805744836247,5.007187082303,1.484366242325
    ));
#1756 = CARTESIAN_POINT('',(-0.768856529698,4.880955278053,
    1.583337418955));
#1757 = CARTESIAN_POINT('',(-2.67420274188,3.606943109493,1.682290878987
    ));
#1758 = CARTESIAN_POINT('',(-4.489935206456,4.336751721111E-02,
    1.880209418811));
#1759 = CARTESIAN_POINT('',(-4.40069830719,-2.246935512935,
    1.979162879997));
#1760 = CARTESIAN_POINT('',(-2.989509277217,-4.404028970221,
    2.078134052654));
#1761 = CARTESIAN_POINT('',(-0.40783542289,-5.564818306722,
    2.177070426935));
#1762 = CARTESIAN_POINT('',(2.506354549695,-4.985149886449,
    2.276054870935));
#1763 = CARTESIAN_POINT('',(4.447295344147,-2.924756572937,
    2.374991245369));
#1764 = CARTESIAN_POINT('',(4.925580087575,-0.391823418295,
    2.473962417791));
#1765 = CARTESIAN_POINT('',(4.131563216348,1.758290160651,2.572915879203
    ));
#1766 = CARTESIAN_POINT('',(1.090323827224,4.355753993455,2.770834418708
    ));
#1767 = CARTESIAN_POINT('',(-1.157529888318,4.803643341038,
    2.869787880144));
#1768 = CARTESIAN_POINT('',(-3.584458218223,3.935009043297,
    2.968759052486));
#1769 = CARTESIAN_POINT('',(-5.315854645254,1.695647932099,
    3.067695427088));
#1770 = CARTESIAN_POINT('',(-5.432506648056,-1.27334364486,
    3.166679870825));
#1771 = CARTESIAN_POINT('',(-3.882145795802,-3.641645357413,
    3.26561624543));
#1772 = CARTESIAN_POINT('',(-1.530851141801,-4.698016557217,
    3.364587417767));
#1773 = CARTESIAN_POINT('',(0.745214185214,-4.427872482115,
    3.463540879207));
#1774 = CARTESIAN_POINT('',(3.980873121321,-2.077028668955,
    3.661459418707));
#1775 = CARTESIAN_POINT('',(4.941138279098,4.158977778695E-03,
    3.760412880145));
#1776 = CARTESIAN_POINT('',(4.663059583171,2.566809734434,3.859384052485
    ));
#1777 = CARTESIAN_POINT('',(2.889758666628,4.773136009769,3.958320427088
    ));
#1778 = CARTESIAN_POINT('',(3.003243250978E-02,5.57966222742,
    4.057304870825));
#1779 = CARTESIAN_POINT('',(-2.634757468459,4.62500702393,4.156241245429
    ));
#1780 = CARTESIAN_POINT('',(-4.210839883961,2.585283787495,
    4.255212417768));
#1781 = CARTESIAN_POINT('',(-4.479496809583,0.309042444739,
    4.354165879207));
#1782 = CARTESIAN_POINT('',(-2.948956575766,-3.386008566729,
    4.552084418706));
#1783 = CARTESIAN_POINT('',(-1.149441758534,-4.805585129199,
    4.651037880148));
#1784 = CARTESIAN_POINT('',(1.407318936071,-5.133428708105,
    4.750009052481));
#1785 = CARTESIAN_POINT('',(3.966653118482,-3.924180877167,
    4.848945427093));
#1786 = CARTESIAN_POINT('',(5.418484783785,-1.331748912887,
    4.947929870821));
#1787 = CARTESIAN_POINT('',(5.112289627596,1.482272462338,5.046866245432
    ));
#1788 = CARTESIAN_POINT('',(3.496853239501,3.490971528331,5.145837417766
    ));
#1789 = CARTESIAN_POINT('',(1.346221339995,4.283583430197,5.244790879207
    ));
#1790 = CARTESIAN_POINT('',(-2.604032639671,3.657924672713,
    5.442709418707));
#1791 = CARTESIAN_POINT('',(-4.404474579992,2.239524160275,
    5.541662880145));
#1792 = CARTESIAN_POINT('',(-5.32012374536,-0.170059469251,
    5.640634052486));
#1793 = CARTESIAN_POINT('',(-4.741752227691,-2.940972344355,
    5.739570427086));
#1794 = CARTESIAN_POINT('',(-2.559872736312,-4.957881008353,
    5.838554870827));
#1795 = CARTESIAN_POINT('',(0.247876843961,-5.317066292539,
    5.937491245428));
#1796 = CARTESIAN_POINT('',(2.578191530267,-4.215186024779,
    6.036462417767));
#1797 = CARTESIAN_POINT('',(3.850958548492,-2.309007829678,
    6.135415879208));
#1798 = CARTESIAN_POINT('',(4.164755269887,1.678157454371,6.333334418705
    ));
#1799 = CARTESIAN_POINT('',(3.205850100376,3.75997206428,6.432287880153)
  );
#1800 = CARTESIAN_POINT('',(1.076597510915,5.21282789746,6.531259052471)
  );
#1801 = CARTESIAN_POINT('',(-1.752772970265,5.2972935952,6.630195427106)
  );
#1802 = CARTESIAN_POINT('',(-4.223303939079,3.646537584788,
    6.729179870808));
#1803 = CARTESIAN_POINT('',(-5.228021027656,1.000216488275,
    6.828116245442));
#1804 = CARTESIAN_POINT('',(-4.700586959248,-1.522940257781,
    6.927087417761));
#1805 = CARTESIAN_POINT('',(-3.144198179089,-3.205529084307,
    7.026040879209));
#1806 = CARTESIAN_POINT('',(0.659547020972,-4.441440827799,
    7.223959418705));
#1807 = CARTESIAN_POINT('',(2.907692893692,-3.995020253543,
    7.322912880151));
#1808 = CARTESIAN_POINT('',(4.817470350037,-2.263761541229,
    7.421884052475));
#1809 = CARTESIAN_POINT('',(5.56010567529,0.467715082787,7.520820427102)
  );
#1810 = CARTESIAN_POINT('',(4.531694185778,3.255346421764,7.619804870811
    ));
#1811 = CARTESIAN_POINT('',(2.193037698133,4.850074488459,7.718741245439
    ));
#1812 = CARTESIAN_POINT('',(-0.383531064191,4.926232709995,
    7.817712417762));
#1813 = CARTESIAN_POINT('',(-2.382961572587,3.805639636552,
    7.916665879209));
#1814 = CARTESIAN_POINT('',(-4.472691658469,0.395510085809,
    8.114584418704));
#1815 = CARTESIAN_POINT('',(-4.563424951474,-1.89473415088,
    8.213537880154));
#1816 = CARTESIAN_POINT('',(-3.325829748372,-4.155898624108,
    8.312509052469));
#1817 = CARTESIAN_POINT('',(-0.843188814629,-5.515665430566,
    8.411445427109));
#1818 = CARTESIAN_POINT('',(2.107497942916,-5.166428644598,
    8.510429870805));
#1819 = CARTESIAN_POINT('',(4.204112060873,-3.264671295649,
    8.609366245444));
#1820 = CARTESIAN_POINT('',(4.87965405691,-0.777072117066,8.70833741776)
  );
#1821 = CARTESIAN_POINT('',(4.256780841823,1.428711224988,8.80729087921)
  );
#1822 = CARTESIAN_POINT('',(1.428711242281,4.256780836018,9.005209418704
    ));
#1823 = CARTESIAN_POINT('',(-0.77707209724,4.879654060068,9.104162880152
    ));
#1824 = CARTESIAN_POINT('',(-3.264671278573,4.204112074134,
    9.203134052472));
#1825 = CARTESIAN_POINT('',(-5.16642863603,2.107497963906,9.302070427105
    ));
#1826 = CARTESIAN_POINT('',(-5.515665433997,-0.843188792217,
    9.401054870809));
#1827 = CARTESIAN_POINT('',(-4.155898637617,-3.325829731493,
    9.499991245441));
#1828 = CARTESIAN_POINT('',(-1.894734169421,-4.563424943774,
    9.598962417761));
#1829 = CARTESIAN_POINT('',(0.395510067639,-4.472691660076,
    9.697915879209));
#1830 = CARTESIAN_POINT('',(3.80563962687,-2.382961588048,9.895834418704
    ));
#1831 = CARTESIAN_POINT('',(4.926232708438,-0.383531084207,
    9.994787880153));
#1832 = CARTESIAN_POINT('',(4.850074497368,2.193037678432,10.09375905247
    ));
#1833 = CARTESIAN_POINT('',(3.255346440172,4.531694172549,
    10.192695427107));
#1834 = CARTESIAN_POINT('',(0.467715105381,5.560105673392,
    10.291679870807));
#1835 = CARTESIAN_POINT('',(-2.263761521663,4.817470359233,
    10.390616245442));
#1836 = CARTESIAN_POINT('',(-3.995020241727,2.907692909923,
    10.489587417761));
#1837 = CARTESIAN_POINT('',(-4.441440825121,0.659547039016,
    10.588540879209));
#1838 = CARTESIAN_POINT('',(-3.20552909708,-3.144198166065,
    10.786459418704));
#1839 = CARTESIAN_POINT('',(-1.522940276881,-4.700586953062,
    10.885412880154));
#1840 = CARTESIAN_POINT('',(1.000216467042,-5.228021031718,
    10.98438405247));
#1841 = CARTESIAN_POINT('',(3.646537567623,-4.223303953893,
    11.083320427108));
#1842 = CARTESIAN_POINT('',(5.297293588085,-1.752772991789,
    11.182304870806));
#1843 = CARTESIAN_POINT('',(5.212827901831,1.076597489742,
    11.281241245443));
#1844 = CARTESIAN_POINT('',(3.759972077305,3.205850085097,11.38021241776
    ));
#1845 = CARTESIAN_POINT('',(1.678157471291,4.16475526307,11.47916587921)
  );
#1846 = CARTESIAN_POINT('',(-2.309007814033,3.850958557872,
    11.677084418704));
#1847 = CARTESIAN_POINT('',(-4.215186014305,2.578191547395,
    11.776037880153));
#1848 = CARTESIAN_POINT('',(-5.317066291532,0.247876865558,
    11.875009052469));
#1849 = CARTESIAN_POINT('',(-4.957881018751,-2.559872716165,
    11.973945427109));
#1850 = CARTESIAN_POINT('',(-2.940972363623,-4.741752215745,
    12.072929870805));
#1851 = CARTESIAN_POINT('',(-0.170059490861,-5.320123744669,
    12.171866245443));
#1852 = CARTESIAN_POINT('',(2.239524142379,-4.40447458909,
    12.270837417761));
#1853 = CARTESIAN_POINT('',(3.657924662135,-2.604032654532,
    12.369790879209));
#1854 = CARTESIAN_POINT('',(4.283583435666,1.346221322592,
    12.567709418706));
#1855 = CARTESIAN_POINT('',(3.490971542541,3.496853225321,
    12.666662880146));
#1856 = CARTESIAN_POINT('',(1.482272483102,5.112289621571,
    12.765634052483));
#1857 = CARTESIAN_POINT('',(-1.331748890867,5.418484789199,
    12.864570427092));
#1858 = CARTESIAN_POINT('',(-3.924180861056,3.966653134422,
    12.963554870821));
#1859 = CARTESIAN_POINT('',(-5.133428702386,1.407318956927,
    13.062491245431));
#1860 = CARTESIAN_POINT('',(-4.805585133869,-1.14944173901,
    13.161462417767));
#1861 = CARTESIAN_POINT('',(-3.386008578709,-2.948956562011,
    13.260415879207));
#1862 = CARTESIAN_POINT('',(0.30904242654,-4.479496810838,
    13.458334418707));
#1863 = CARTESIAN_POINT('',(2.585283770387,-4.210839894466,
    13.557287880146));
#1864 = CARTESIAN_POINT('',(4.625007013229,-2.634757487247,
    13.656259052482));
#1865 = CARTESIAN_POINT('',(5.579662227537,3.003240984026E-02,
    13.755195427094));
#1866 = CARTESIAN_POINT('',(4.773136021514,2.889758647235,13.85417987082
    ));
#1867 = CARTESIAN_POINT('',(2.566809753375,4.663059572745,
    13.953116245432));
#1868 = CARTESIAN_POINT('',(4.15899785475E-03,4.941138279079,
    14.052087417766));
#1869 = CARTESIAN_POINT('',(-2.077028652782,3.980873129759,
    14.151040879208));
#1870 = CARTESIAN_POINT('',(-4.427872479087,0.745214203203,
    14.348959418704));
#1871 = CARTESIAN_POINT('',(-4.698016563438,-1.530851122715,
    14.447912880156));
#1872 = CARTESIAN_POINT('',(-3.641645373181,-3.882145781007,
    14.546884052465));
#1873 = CARTESIAN_POINT('',(-1.273343666934,-5.432506642883,
    14.645820427115));
#1874 = CARTESIAN_POINT('',(1.695647910503,-5.315854652142,
    14.744804870799));
#1875 = CARTESIAN_POINT('',(3.935009028736,-3.58445823421,
    14.843741245449));
#1876 = CARTESIAN_POINT('',(4.803643336334,-1.157529907833,
    14.942712417756));
#1877 = CARTESIAN_POINT('',(4.355753997885,1.090323809529,
    15.041665879211));
#1878 = CARTESIAN_POINT('',(1.758290177435,4.131563209204,
    15.239584418703));
#1879 = CARTESIAN_POINT('',(-0.39182339828,4.925580089168,
    15.338537880157));
#1880 = CARTESIAN_POINT('',(-2.924756554878,4.447295356028,
    15.437509052464));
#1881 = CARTESIAN_POINT('',(-4.985149876254,2.506354569949,
    15.536445427116));
#1882 = CARTESIAN_POINT('',(-5.564818308393,-0.40783540028,
    15.635429870798));
#1883 = CARTESIAN_POINT('',(-4.404028982354,-2.989509259327,
    15.734366245449));
#1884 = CARTESIAN_POINT('',(-2.246935530823,-4.40069829806,
    15.833337417757));
#1885 = CARTESIAN_POINT('',(4.336749897582E-02,-4.489935206632,
    15.93229087921));
#1886 = CARTESIAN_POINT('',(3.606943098616,-2.674202756535,
    16.130209418704));
#1887 = CARTESIAN_POINT('',(4.880955274996,-0.76885654952,
    16.229162880151));
#1888 = CARTESIAN_POINT('',(5.007187089466,1.805744815883,
    16.328134052474));
#1889 = CARTESIAN_POINT('',(3.600863920413,4.262312933815,
    16.427070427103));
#1890 = CARTESIAN_POINT('',(0.902514159083,5.506269218966,
    16.526054870811));
#1891 = CARTESIAN_POINT('',(-1.878808732299,4.980232387797,
    16.624991245439));
#1892 = CARTESIAN_POINT('',(-3.754569971227,3.212175138655,
    16.723962417762));
#1893 = CARTESIAN_POINT('',(-4.376001881041,1.005985306474,
    16.822915879209));
#1894 = CARTESIAN_POINT('',(-3.442338465563,-2.883002738156,
    17.020834418706));
#1895 = CARTESIAN_POINT('',(-1.887049361991,-4.566608095256,
    17.119787880149));
#1896 = CARTESIAN_POINT('',(0.586947330886,-5.290380867177,
    17.218759052477));
#1897 = CARTESIAN_POINT('',(3.303939900063,-4.496388957354,
    17.317695427099));
#1898 = CARTESIAN_POINT('',(5.143442815887,-2.162990642339,
    17.416679870814));
#1899 = CARTESIAN_POINT('',(5.281227358609,0.664284935614,
    17.515616245437));
#1900 = CARTESIAN_POINT('',(3.999909436934,2.900963510036,
    17.614587417764));
#1901 = CARTESIAN_POINT('',(1.999747203732,4.020249994825,
    17.713540879208));
#1902 = CARTESIAN_POINT('',(-1.999747187399,4.020250002948,
    17.911459418705));
#1903 = CARTESIAN_POINT('',(-3.999909425149,2.900963526289,
    18.01041288015));
#1904 = CARTESIAN_POINT('',(-5.28122735591,0.664284957065,
    18.109384052475));
#1905 = CARTESIAN_POINT('',(-5.143442824672,-2.162990621439,
    18.208320427102));
#1906 = CARTESIAN_POINT('',(-3.303939918334,-4.496388943933,
    18.307304870811));
#1907 = CARTESIAN_POINT('',(-0.586947352375,-5.290380864793,
    18.406241245439));
#1908 = CARTESIAN_POINT('',(1.887049343436,-4.566608102922,
    18.505212417762));
#1909 = CARTESIAN_POINT('',(3.442338453851,-2.883002752142,
    18.60416587921));
#1910 = CARTESIAN_POINT('',(4.376001885127,1.005985288697,
    18.802084418702));
#1911 = CARTESIAN_POINT('',(3.754569984279,3.2121751234,18.901037880163)
  );
#1912 = CARTESIAN_POINT('',(1.878808752529,4.980232380168,
    19.000009052453));
#1913 = CARTESIAN_POINT('',(-0.902514136712,5.506269222627,
    19.098945427131));
#1914 = CARTESIAN_POINT('',(-3.600863903094,4.262312948451,
    19.197929870784));
#1915 = CARTESIAN_POINT('',(-5.007187082133,1.80574483622,19.29686624546
    ));
#1916 = CARTESIAN_POINT('',(-4.880955278118,-0.768856529688,
    19.395837417751));
#1917 = CARTESIAN_POINT('',(-3.606943109481,-2.674202741882,
    19.494790879212));
#1918 = CARTESIAN_POINT('',(-4.336751721657E-02,-4.489935206455,
    19.692709418702));
#1919 = CARTESIAN_POINT('',(2.246935512944,-4.400698307192,
    19.791662880159));
#1920 = CARTESIAN_POINT('',(4.404028970212,-2.989509277213,
    19.890634052459));
#1921 = CARTESIAN_POINT('',(5.56481830673,-0.407835422894,
    19.989570427123));
#1922 = CARTESIAN_POINT('',(4.985149886443,2.506354549697,
    20.088554870792));
#1923 = CARTESIAN_POINT('',(2.92475657294,4.447295344148,20.187491245452
    ));
#1924 = CARTESIAN_POINT('',(0.391823418294,4.925580087574,
    20.286462417756));
#1925 = CARTESIAN_POINT('',(-1.758290160651,4.131563216348,
    20.385415879209));
#1926 = CARTESIAN_POINT('',(-4.355753993455,1.090323827224,
    20.583334418707));
#1927 = CARTESIAN_POINT('',(-4.80364334104,-1.157529888317,
    20.682287880144));
#1928 = CARTESIAN_POINT('',(-3.935009043293,-3.584458218226,
    20.781259052487));
#1929 = CARTESIAN_POINT('',(-1.695647932104,-5.315854645248,
    20.880195427087));
#1930 = CARTESIAN_POINT('',(1.273343644864,-5.432506648061,
    20.979179870827));
#1931 = CARTESIAN_POINT('',(3.641645357411,-3.882145795799,
    21.078116245427));
#1932 = CARTESIAN_POINT('',(4.698016557217,-1.530851141803,
    21.177087417769));
#1933 = CARTESIAN_POINT('',(4.427872482115,0.745214185214,
    21.276040879208));
#1934 = CARTESIAN_POINT('',(2.077028668955,3.980873121321,
    21.473959418702));
#1935 = CARTESIAN_POINT('',(-4.158977777903E-03,4.941138279096,
    21.572912880164));
#1936 = CARTESIAN_POINT('',(-2.566809734435,4.663059583174,
    21.671884052449));
#1937 = CARTESIAN_POINT('',(-4.773136009768,2.889758666624,
    21.770820427135));
#1938 = CARTESIAN_POINT('',(-5.579662227419,3.003243251489E-02,
    21.869804870779));
#1939 = CARTESIAN_POINT('',(-4.625007023932,-2.634757468463,
    21.968741245463));
#1940 = CARTESIAN_POINT('',(-2.585283787494,-4.210839883959,
    22.06771241775));
#1941 = CARTESIAN_POINT('',(-0.309042444739,-4.479496809584,
    22.166665879212));
#1942 = CARTESIAN_POINT('',(3.386008566728,-2.948956575766,
    22.364584418706));
#1943 = CARTESIAN_POINT('',(4.8055851292,-1.149441758536,22.463537880146
    ));
#1944 = CARTESIAN_POINT('',(5.133428708103,1.407318936075,
    22.562509052483));
#1945 = CARTESIAN_POINT('',(3.924180877169,3.966653118476,
    22.661445427092));
#1946 = CARTESIAN_POINT('',(1.331748912886,5.41848478379,22.760429870821
    ));
#1947 = CARTESIAN_POINT('',(-1.482272462338,5.112289627593,
    22.859366245432));
#1948 = CARTESIAN_POINT('',(-3.490971528331,3.496853239503,
    22.958337417766));
#1949 = CARTESIAN_POINT('',(-4.283583430197,1.346221339995,
    23.057290879209));
#1950 = CARTESIAN_POINT('',(-3.657924672713,-2.604032639671,
    23.255209418703));
#1951 = CARTESIAN_POINT('',(-2.239524160275,-4.404474579992,
    23.354162880161));
#1952 = CARTESIAN_POINT('',(0.170059469252,-5.320123745359,
    23.453134052455));
#1953 = CARTESIAN_POINT('',(2.940972344355,-4.741752227692,
    23.552070427129));
#1954 = CARTESIAN_POINT('',(4.957881008352,-2.559872736311,
    23.651054870784));
#1955 = CARTESIAN_POINT('',(5.31706629254,0.247876843961,23.74999124546)
  );
#1956 = CARTESIAN_POINT('',(4.215186024778,2.578191530268,
    23.848962417751));
#1957 = CARTESIAN_POINT('',(2.309007829678,3.850958548492,
    23.947915879212));
#1958 = CARTESIAN_POINT('',(-1.67815745437,4.164755269887,
    24.145834418706));
#1959 = CARTESIAN_POINT('',(-3.759972064281,3.205850100377,
    24.244787880147));
#1960 = CARTESIAN_POINT('',(-5.212827897457,1.076597510912,
    24.343759052481));
#1961 = CARTESIAN_POINT('',(-5.297293595205,-1.752772970258,
    24.442695427095));
#1962 = CARTESIAN_POINT('',(-3.646537584784,-4.223303939086,
    24.541679870819));
#1963 = CARTESIAN_POINT('',(-1.000216488278,-5.228021027651,
    24.640616245431));
#1964 = CARTESIAN_POINT('',(1.522940257782,-4.700586959251,
    24.739587417769));
#1965 = CARTESIAN_POINT('',(3.205529084307,-3.144198179088,
    24.838540879204));
#1966 = CARTESIAN_POINT('',(4.441440827799,0.659547020971,
    25.036459418714));
#1967 = CARTESIAN_POINT('',(3.995020253545,2.907692893696,25.13541288012
    ));
#1968 = CARTESIAN_POINT('',(2.263761541223,4.81747035003,25.234384052527
    ));
#1969 = CARTESIAN_POINT('',(-0.467715082777,5.560105675296,
    25.333320427039));
#1970 = CARTESIAN_POINT('',(-3.255346421774,4.531694185775,
    25.432304870872));
#1971 = CARTESIAN_POINT('',(-4.850074488451,2.193037698133,
    25.531241245393));
#1972 = CARTESIAN_POINT('',(-4.926232709999,-0.383531064191,
    25.630212417789));
#1973 = CARTESIAN_POINT('',(-3.805639636551,-2.382961572587,
    25.7291658792));
#1974 = CARTESIAN_POINT('',(-0.395510085809,-4.472691658469,
    25.927084418711));
#1975 = CARTESIAN_POINT('',(1.894734150881,-4.563424951473,
    26.026037880127));
#1976 = CARTESIAN_POINT('',(4.155898624105,-3.325829748374,
    26.125009052537));
#1977 = CARTESIAN_POINT('',(5.515665430574,-0.843188814625,
    26.223945426988));
#1978 = CARTESIAN_POINT('',(5.166428644586,2.107497942912,
    26.322929870969));
#1979 = CARTESIAN_POINT('',(3.264671295661,4.204112060879,
    26.421866245268));
#1980 = CARTESIAN_POINT('',(0.777072117057,4.879654056905,
    26.520837417912));
#1981 = CARTESIAN_POINT('',(-1.428711224983,4.256780841826,
    26.619790879104));
#1982 = CARTESIAN_POINT('',(-4.256780836029,1.428711242276,
    26.817709418926));
#1983 = CARTESIAN_POINT('',(-4.879654060009,-0.77707209721,
    26.916662878958));
#1984 = CARTESIAN_POINT('',(-4.204112074289,-3.264671278652,
    27.01563405559));
#1985 = CARTESIAN_POINT('',(-2.107497963626,-5.166428635888,
    27.114570421431));
#1986 = CARTESIAN_POINT('',(0.843188791828,-5.51566543419,
    27.213554878695));
#1987 = CARTESIAN_POINT('',(3.325829731921,-4.155898637407,
    27.31249123677));
#1988 = CARTESIAN_POINT('',(4.563424943395,-1.894734169605,
    27.411462425391));
#1989 = CARTESIAN_POINT('',(4.472691660342,0.395510067768,
    27.510415873858));
#1990 = CARTESIAN_POINT('',(2.38296158749,3.8056396266,27.708334429913)
  );
#1991 = CARTESIAN_POINT('',(0.383531087218,4.926232709897,
    27.807287819655));
#1992 = CARTESIAN_POINT('',(-2.19303768631,4.850074493554,
    27.906259210642));
#1993 = CARTESIAN_POINT('',(-4.531694158196,3.255346447115,
    28.005195139008));
#1994 = CARTESIAN_POINT('',(-5.560105693361,0.46771509573,
    28.104180271517));
#1995 = CARTESIAN_POINT('',(-4.817470337265,-2.263761511053,
    28.203115804648));
#1996 = CARTESIAN_POINT('',(-2.907692929258,-3.995020251062,
    28.30208780574));
#1997 = CARTESIAN_POINT('',(-0.659547025454,-4.441440818574,
    28.40104060707));
#1998 = CARTESIAN_POINT('',(1.242325556102,-3.823484964683,
    28.500000297923));
#1999 = DEFINITIONAL_REPRESENTATION('',(#2000),#2004);
#2000 = LINE('',#2001,#2002);
#2001 = CARTESIAN_POINT('',(0.,0.));
#2002 = VECTOR('',#2003,1.);
#2003 = DIRECTION('',(0.,1.));
#2004 = ( GEOMETRIC_REPRESENTATION_CONTEXT(2) 
PARAMETRIC_REPRESENTATION_CONTEXT() REPRESENTATION_CONTEXT('2D SPACE',''
  ) );
#2005 = PCURVE('',#2006,#2523);
#2006 = B_SPLINE_SURFACE_WITH_KNOTS('',1,9,(
    (#2007,#2008,#2009,#2010,#2011,#2012,#2013,#2014,#2015,#2016,#2017
      ,#2018,#2019,#2020,#2021,#2022,#2023,#2024,#2025,#2026,#2027,#2028
      ,#2029,#2030,#2031,#2032,#2033,#2034,#2035,#2036,#2037,#2038,#2039
      ,#2040,#2041,#2042,#2043,#2044,#2045,#2046,#2047,#2048,#2049,#2050
      ,#2051,#2052,#2053,#2054,#2055,#2056,#2057,#2058,#2059,#2060,#2061
      ,#2062,#2063,#2064,#2065,#2066,#2067,#2068,#2069,#2070,#2071,#2072
      ,#2073,#2074,#2075,#2076,#2077,#2078,#2079,#2080,#2081,#2082,#2083
      ,#2084,#2085,#2086,#2087,#2088,#2089,#2090,#2091,#2092,#2093,#2094
      ,#2095,#2096,#2097,#2098,#2099,#2100,#2101,#2102,#2103,#2104,#2105
      ,#2106,#2107,#2108,#2109,#2110,#2111,#2112,#2113,#2114,#2115,#2116
      ,#2117,#2118,#2119,#2120,#2121,#2122,#2123,#2124,#2125,#2126,#2127
      ,#2128,#2129,#2130,#2131,#2132,#2133,#2134,#2135,#2136,#2137,#2138
      ,#2139,#2140,#2141,#2142,#2143,#2144,#2145,#2146,#2147,#2148,#2149
      ,#2150,#2151,#2152,#2153,#2154,#2155,#2156,#2157,#2158,#2159,#2160
      ,#2161,#2162,#2163,#2164,#2165,#2166,#2167,#2168,#2169,#2170,#2171
      ,#2172,#2173,#2174,#2175,#2176,#2177,#2178,#2179,#2180,#2181,#2182
      ,#2183,#2184,#2185,#2186,#2187,#2188,#2189,#2190,#2191,#2192,#2193
      ,#2194,#2195,#2196,#2197,#2198,#2199,#2200,#2201,#2202,#2203,#2204
      ,#2205,#2206,#2207,#2208,#2209,#2210,#2211,#2212,#2213,#2214,#2215
      ,#2216,#2217,#2218,#2219,#2220,#2221,#2222,#2223,#2224,#2225,#2226
      ,#2227,#2228,#2229,#2230,#2231,#2232,#2233,#2234,#2235,#2236,#2237
      ,#2238,#2239,#2240,#2241,#2242,#2243,#2244,#2245,#2246,#2247,#2248
      ,#2249,#2250,#2251,#2252,#2253,#2254,#2255,#2256,#2257,#2258,#2259
      ,#2260,#2261,#2262,#2263,#2264)
    ,(#2265,#2266,#2267,#2268,#2269,#2270,#2271,#2272,#2273,#2274,#2275
      ,#2276,#2277,#2278,#2279,#2280,#2281,#2282,#2283,#2284,#2285,#2286
      ,#2287,#2288,#2289,#2290,#2291,#2292,#2293,#2294,#2295,#2296,#2297
      ,#2298,#2299,#2300,#2301,#2302,#2303,#2304,#2305,#2306,#2307,#2308
      ,#2309,#2310,#2311,#2312,#2313,#2314,#2315,#2316,#2317,#2318,#2319
      ,#2320,#2321,#2322,#2323,#2324,#2325,#2326,#2327,#2328,#2329,#2330
      ,#2331,#2332,#2333,#2334,#2335,#2336,#2337,#2338,#2339,#2340,#2341
      ,#2342,#2343,#2344,#2345,#2346,#2347,#2348,#2349,#2350,#2351,#2352
      ,#2353,#2354,#2355,#2356,#2357,#2358,#2359,#2360,#2361,#2362,#2363
      ,#2364,#2365,#2366,#2367,#2368,#2369,#2370,#2371,#2372,#2373,#2374
      ,#2375,#2376,#2377,#2378,#2379,#2380,#2381,#2382,#2383,#2384,#2385
      ,#2386,#2387,#2388,#2389,#2390,#2391,#2392,#2393,#2394,#2395,#2396
      ,#2397,#2398,#2399,#2400,#2401,#2402,#2403,#2404,#2405,#2406,#2407
      ,#2408,#2409,#2410,#2411,#2412,#2413,#2414,#2415,#2416,#2417,#2418
      ,#2419,#2420,#2421,#2422,#2423,#2424,#2425,#2426,#2427,#2428,#2429
      ,#2430,#2431,#2432,#2433,#2434,#2435,#2436,#2437,#2438,#2439,#2440
      ,#2441,#2442,#2443,#2444,#2445,#2446,#2447,#2448,#2449,#2450,#2451
      ,#2452,#2453,#2454,#2455,#2456,#2457,#2458,#2459,#2460,#2461,#2462
      ,#2463,#2464,#2465,#2466,#2467,#2468,#2469,#2470,#2471,#2472,#2473
      ,#2474,#2475,#2476,#2477,#2478,#2479,#2480,#2481,#2482,#2483,#2484
      ,#2485,#2486,#2487,#2488,#2489,#2490,#2491,#2492,#2493,#2494,#2495
      ,#2496,#2497,#2498,#2499,#2500,#2501,#2502,#2503,#2504,#2505,#2506
      ,#2507,#2508,#2509,#2510,#2511,#2512,#2513,#2514,#2515,#2516,#2517
      ,#2518,#2519,#2520,#2521,#2522
    )),.UNSPECIFIED.,.F.,.F.,.F.,(2,2),(10,8,8,8,8,8,8,8,8,8,8,8,8,8,8,8
    ,8,8,8,8,8,8,8,8,8,8,8,8,8,8,8,8,10),(0.,0.55),(0.,4.564501980237,
    9.129003960474,13.693505940711,18.258007920948,22.822509901185,
    27.387011881422,31.951513861659,36.516015841896,41.080517822133,
    45.64501980237,50.209521782607,54.774023762843,59.33852574308,
    63.903027723317,68.467529703554,73.032031683791,77.596533664028,
    82.161035644265,86.725537624502,91.290039604739,95.854541584976,
    100.41904356521,104.98354554545,109.54804752568,114.11254950592,
    118.67705148616,123.24155346639,127.80605544663,132.37055742687,
    136.9350594071,141.49956138734,146.06406336758),.UNSPECIFIED.);
#2007 = CARTESIAN_POINT('',(3.34525,0.,0.275));
#2008 = CARTESIAN_POINT('',(3.345249031038,1.66399095687,0.373957350327)
  );
#2009 = CARTESIAN_POINT('',(2.413893779506,3.328319315559,0.47291968954)
  );
#2010 = CARTESIAN_POINT('',(0.552749644483,4.394518998971,0.571868125615
    ));
#2011 = CARTESIAN_POINT('',(-1.799826581473,4.279847118399,
    0.670842969336));
#2012 = CARTESIAN_POINT('',(-3.741437778119,2.749216981122,
    0.769781896475));
#2013 = CARTESIAN_POINT('',(-4.402134305592,0.488394426238,
    0.868756454007));
#2014 = CARTESIAN_POINT('',(-3.799869242759,-1.57021217019,
    0.967705331857));
#2015 = CARTESIAN_POINT('',(-2.398947976085,-2.864370059576,
    1.066667245005));
#2016 = CARTESIAN_POINT('',(0.837081825561,-3.641270691921,
    1.264582543502));
#2017 = CARTESIAN_POINT('',(2.672845349644,-3.124178154246,
    1.363544414149));
#2018 = CARTESIAN_POINT('',(4.144061163969,-1.563357511726,
    1.462493438481));
#2019 = CARTESIAN_POINT('',(4.581755848806,0.750987032145,1.561467684938
    ));
#2020 = CARTESIAN_POINT('',(3.546677146064,2.99626940176,1.660407100932)
  );
#2021 = CARTESIAN_POINT('',(1.502557923984,4.166489676403,1.75938134177)
  );
#2022 = CARTESIAN_POINT('',(-0.639765236392,4.061437263726,
    1.858330374777));
#2023 = CARTESIAN_POINT('',(-2.225204001553,3.001338770873,
    1.957292237056));
#2024 = CARTESIAN_POINT('',(-3.736074965206,3.60845698804E-02,
    2.155207547297));
#2025 = CARTESIAN_POINT('',(-3.661820216889,-1.869669508759,
    2.25416940874));
#2026 = CARTESIAN_POINT('',(-2.487573687131,-3.664601866811,
    2.353118444625));
#2027 = CARTESIAN_POINT('',(-0.339352459068,-4.630476005645,
    2.452092679354));
#2028 = CARTESIAN_POINT('',(2.085526901766,-4.148147378717,
    2.551032104946));
#2029 = CARTESIAN_POINT('',(3.700604054291,-2.43368982535,2.650006339568
    ));
#2030 = CARTESIAN_POINT('',(4.098569656996,-0.326035228627,
    2.748955375619));
#2031 = CARTESIAN_POINT('',(3.437875099558,1.463072816586,2.8479172369)
  );
#2032 = CARTESIAN_POINT('',(0.907256929968,3.624423140901,3.045832547372
    ));
#2033 = CARTESIAN_POINT('',(-0.963175438468,3.997109511671,
    3.144794408634));
#2034 = CARTESIAN_POINT('',(-2.98263608104,3.274326144209,3.243743444746
    ));
#2035 = CARTESIAN_POINT('',(-4.423315326703,1.410939279679,
    3.342717679244));
#2036 = CARTESIAN_POINT('',(-4.520390322874,-1.059537853381,
    3.441657105025));
#2037 = CARTESIAN_POINT('',(-3.230335641679,-3.030222462861,
    3.540631339524));
#2038 = CARTESIAN_POINT('',(-1.273818934177,-3.909214438557,
    3.639580375636));
#2039 = CARTESIAN_POINT('',(0.620091994693,-3.684433902907,
    3.738542236897));
#2040 = CARTESIAN_POINT('',(3.312485116878,-1.72829412767,3.936457547372
    ));
#2041 = CARTESIAN_POINT('',(4.111517898376,3.456140108288E-03,
    4.035419408634));
#2042 = CARTESIAN_POINT('',(3.880138817387,2.13584935058,4.134368444745)
  );
#2043 = CARTESIAN_POINT('',(2.404557370961,3.971721538593,4.233342679246
    ));
#2044 = CARTESIAN_POINT('',(2.500142554315E-02,4.642835778124,
    4.332282105023));
#2045 = CARTESIAN_POINT('',(-2.192390295751,3.848472596163,
    4.431256339525));
#2046 = CARTESIAN_POINT('',(-3.503835407861,2.151211202626,
    4.530205375636));
#2047 = CARTESIAN_POINT('',(-3.727390302205,0.257155209549,
    4.629167236897));
#2048 = CARTESIAN_POINT('',(-2.453825516724,-2.817498637934,
    4.827082547373));
#2049 = CARTESIAN_POINT('',(-0.956454145101,-3.998723151442,
    4.92604440863));
#2050 = CARTESIAN_POINT('',(1.171035244963,-4.271534401782,
    5.024993444751));
#2051 = CARTESIAN_POINT('',(3.300649785954,-3.265299239105,
    5.123967679238));
#2052 = CARTESIAN_POINT('',(4.508717389106,-1.108159121711,5.22290710503
    ));
#2053 = CARTESIAN_POINT('',(4.253942342292,1.233406291858,5.321881339521
    ));
#2054 = CARTESIAN_POINT('',(2.909727197535,2.904833874701,5.420830375637
    ));
#2055 = CARTESIAN_POINT('',(1.12019197597,3.564370519986,5.519792236897)
  );
#2056 = CARTESIAN_POINT('',(-2.166816735698,3.043758117061,
    5.717707547373));
#2057 = CARTESIAN_POINT('',(-3.664958326544,1.863510621986,
    5.816669408634));
#2058 = CARTESIAN_POINT('',(-4.426884315088,-0.141509545286,
    5.915618444745));
#2059 = CARTESIAN_POINT('',(-3.945600151441,-2.447183600652,
    6.014592679245));
#2060 = CARTESIAN_POINT('',(-2.130079768394,-4.125446559365,
    6.113532105024));
#2061 = CARTESIAN_POINT('',(0.206264059917,-4.424338557335,
    6.212506339524));
#2062 = CARTESIAN_POINT('',(2.145310759161,-3.507451204267,
    6.311455375637));
#2063 = CARTESIAN_POINT('',(3.204383055367,-1.921326755459,
    6.410417236896));
#2064 = CARTESIAN_POINT('',(3.465492159273,1.39639619568,6.608332547375)
  );
#2065 = CARTESIAN_POINT('',(2.667589205211,3.128667321045,6.707294408624
    ));
#2066 = CARTESIAN_POINT('',(0.89583599441,4.337603896356,6.806243444765)
  );
#2067 = CARTESIAN_POINT('',(-1.458485659992,4.407866571264,
    6.905217679218));
#2068 = CARTESIAN_POINT('',(-3.514202895956,3.034291867941,7.00415710505
    ));
#2069 = CARTESIAN_POINT('',(-4.350245119325,0.832276356827,
    7.103131339506));
#2070 = CARTESIAN_POINT('',(-3.91135289905,-1.267237429532,
    7.202080375645));
#2071 = CARTESIAN_POINT('',(-2.616288712557,-2.667320872956,
    7.301042236895));
#2072 = CARTESIAN_POINT('',(0.548810579575,-3.695722553038,
    7.498957547374));
#2073 = CARTESIAN_POINT('',(2.419485661286,-3.324256384273,
    7.597919408627));
#2074 = CARTESIAN_POINT('',(4.008626795748,-1.883677494417,
    7.696868444757));
#2075 = CARTESIAN_POINT('',(4.626553582596,0.389191569547,7.795842679228
    ));
#2076 = CARTESIAN_POINT('',(3.770828515806,2.708763821046,7.894782105042
    ));
#2077 = CARTESIAN_POINT('',(1.824825049577,4.035756443441,7.993756339511
    ));
#2078 = CARTESIAN_POINT('',(-0.319136357791,4.099112609925,
    8.092705375643));
#2079 = CARTESIAN_POINT('',(-1.982862114456,3.166674138874,
    8.191667236894));
#2080 = CARTESIAN_POINT('',(-3.721726730147,0.329102396529,
    8.389582547376));
#2081 = CARTESIAN_POINT('',(-3.797224626298,-1.576602838693,
    8.488544408623));
#2082 = CARTESIAN_POINT('',(-2.7674266762,-3.458132340209,8.587493444767
    ));
#2083 = CARTESIAN_POINT('',(-0.701609308988,-4.589576506394,
    8.686467679215));
#2084 = CARTESIAN_POINT('',(1.753638026139,-4.298988579544,
    8.785407105053));
#2085 = CARTESIAN_POINT('',(3.498251223978,-2.716533619575,
    8.884381339504));
#2086 = CARTESIAN_POINT('',(4.06035470538,-0.646600239887,8.983330375646
    ));
#2087 = CARTESIAN_POINT('',(3.542068648127,1.18883007983,9.082292236894)
  );
#2088 = CARTESIAN_POINT('',(1.188829121807,3.542067695631,9.280207547375
    ));
#2089 = CARTESIAN_POINT('',(-0.646596692229,4.060357630941,
    9.379169408625));
#2090 = CARTESIAN_POINT('',(-2.716540941007,3.498247419264,
    9.478118444761));
#2091 = CARTESIAN_POINT('',(-4.298978701756,1.75363914541,9.577092679223
    ));
#2092 = CARTESIAN_POINT('',(-4.58958584997,-0.701605914717,
    9.676032105046));
#2093 = CARTESIAN_POINT('',(-3.458126109262,-2.767432084944,
    9.775006339508));
#2094 = CARTESIAN_POINT('',(-1.576605605371,-3.797220953385,
    9.873955375644));
#2095 = CARTESIAN_POINT('',(0.329103105726,-3.721727879972,
    9.972917236894));
#2096 = CARTESIAN_POINT('',(3.166673436341,-1.982860960547,
    10.170832547375));
#2097 = CARTESIAN_POINT('',(4.099114626469,-0.319140490387,
    10.269794408625));
#2098 = CARTESIAN_POINT('',(4.035754453004,1.824833056913,
    10.368743444762));
#2099 = CARTESIAN_POINT('',(2.708762603467,3.770818649649,
    10.467717679223));
#2100 = CARTESIAN_POINT('',(0.389197051252,4.626561875635,
    10.566657105045));
#2101 = CARTESIAN_POINT('',(-1.883684208308,4.008621999606,
    10.66563133951));
#2102 = CARTESIAN_POINT('',(-3.324252166972,2.419487494097,
    10.764580375643));
#2103 = CARTESIAN_POINT('',(-3.695723836653,0.548810158395,
    10.863542236895));
#2104 = CARTESIAN_POINT('',(-2.667319586926,-2.61628829881,
    11.061457547375));
#2105 = CARTESIAN_POINT('',(-1.267241918697,-3.911353895141,
    11.160419408624));
#2106 = CARTESIAN_POINT('',(0.832284607577,-4.35024505316,
    11.259368444763));
#2107 = CARTESIAN_POINT('',(3.034282558624,-3.514199408812,
    11.358342679221));
#2108 = CARTESIAN_POINT('',(4.407873355489,-1.458492926203,
    11.457282105047));
#2109 = CARTESIAN_POINT('',(4.337600800057,0.895843642427,
    11.556256339508));
#2110 = CARTESIAN_POINT('',(3.128668118707,2.667584676577,
    11.655205375644));
#2111 = CARTESIAN_POINT('',(1.39639608579,3.465493505743,11.754167236895
    ));
#2112 = CARTESIAN_POINT('',(-1.921326653361,3.204381708282,
    11.952082547375));
#2113 = CARTESIAN_POINT('',(-3.507451124862,2.14531535683,
    12.051044408627));
#2114 = CARTESIAN_POINT('',(-4.4243404191,0.206256021678,12.149993444758
    ));
#2115 = CARTESIAN_POINT('',(-4.125440995346,-2.130071530339,
    12.248967679228));
#2116 = CARTESIAN_POINT('',(-2.447192249859,-3.945605051963,
    12.34790710504));
#2117 = CARTESIAN_POINT('',(-0.141501385752,-4.426883089732,
    12.446881339514));
#2118 = CARTESIAN_POINT('',(1.863506032259,-3.664958044977,
    12.54583037564));
#2119 = CARTESIAN_POINT('',(3.043759451985,-2.166816943172,
    12.644792236896));
#2120 = CARTESIAN_POINT('',(3.564369186284,1.120192191164,
    12.842707547372));
#2121 = CARTESIAN_POINT('',(2.904838326805,2.909726047018,
    12.941669408637));
#2122 = CARTESIAN_POINT('',(1.233398910329,4.25394602911,13.040618444737
    ));
#2123 = CARTESIAN_POINT('',(-1.108152410163,4.508710055679,
    13.139592679256));
#2124 = CARTESIAN_POINT('',(-3.265301985107,3.300659340191,
    13.238532105015));
#2125 = CARTESIAN_POINT('',(-4.271535115091,1.171027024822,
    13.33750633953));
#2126 = CARTESIAN_POINT('',(-3.998721806202,-0.956449747917,
    13.436455375633));
#2127 = CARTESIAN_POINT('',(-2.817499151308,-2.45382676633,
    13.535417236898));
#2128 = CARTESIAN_POINT('',(0.257155730144,-3.727389055589,
    13.733332547371));
#2129 = CARTESIAN_POINT('',(2.151209044572,-3.503839468371,
    13.832294408637));
#2130 = CARTESIAN_POINT('',(3.848477904305,-2.192383978845,
    13.931243444739));
#2131 = CARTESIAN_POINT('',(4.64282708053,2.499661139059E-02,
    14.030217679253));
#2132 = CARTESIAN_POINT('',(3.971731469899,2.404557810698,
    14.129157105018));
#2133 = CARTESIAN_POINT('',(2.135841524073,3.880141429941,
    14.228131339528));
#2134 = CARTESIAN_POINT('',(3.460101760317E-03,4.111515563802,
    14.327080375635));
#2135 = CARTESIAN_POINT('',(-1.728295222904,3.312485907782,
    14.426042236896));
#2136 = CARTESIAN_POINT('',(-3.684432812268,0.620091197467,
    14.623957547375));
#2137 = CARTESIAN_POINT('',(-3.909217883079,-1.273815887853,
    14.722919408622));
#2138 = CARTESIAN_POINT('',(-3.03021755966,-3.230342277784,
    14.821868444771));
#2139 = CARTESIAN_POINT('',(-1.059540504104,-4.520380741791,
    14.920842679207));
#2140 = CARTESIAN_POINT('',(1.410937388858,-4.423325086223,
    15.019782105065));
#2141 = CARTESIAN_POINT('',(3.274330511627,-2.982629080693,
    15.118756339494));
#2142 = CARTESIAN_POINT('',(3.997106316781,-0.963178745654,
    15.217705375652));
#2143 = CARTESIAN_POINT('',(3.624424165627,0.907257810307,
    15.316667236892));
#2144 = CARTESIAN_POINT('',(1.463071786783,3.43787422516,15.514582547377
    ));
#2145 = CARTESIAN_POINT('',(-0.326031462365,4.098572295211,
    15.61354440862));
#2146 = CARTESIAN_POINT('',(-2.433697422733,3.700600835693,
    15.712493444771));
#2147 = CARTESIAN_POINT('',(-4.148137443553,2.085527242665,
    15.811467679209));
#2148 = CARTESIAN_POINT('',(-4.630485054113,-0.33934834228,
    15.910407105061));
#2149 = CARTESIAN_POINT('',(-3.664596079434,-2.48757956796,
    16.009381339498));
#2150 = CARTESIAN_POINT('',(-1.869671978735,-3.66181633833,
    16.108330375649));
#2151 = CARTESIAN_POINT('',(3.608518667626E-02,-3.736076167057,
    16.207292236894));
#2152 = CARTESIAN_POINT('',(3.001338161042,-2.225202796233,
    16.405207547375));
#2153 = CARTESIAN_POINT('',(4.061438949802,-0.639769513642,
    16.504169408628));
#2154 = CARTESIAN_POINT('',(4.166488320388,1.502566060647,
    16.603118444756));
#2155 = CARTESIAN_POINT('',(2.996267413772,3.546667409786,16.70209267923
    ));
#2156 = CARTESIAN_POINT('',(0.750993147721,4.58176368071,16.80103210504)
  );
#2157 = CARTESIAN_POINT('',(-1.563364581338,4.144056915412,
    16.900006339512));
#2158 = CARTESIAN_POINT('',(-3.124173806042,2.672846840607,
    16.998955375642));
#2159 = CARTESIAN_POINT('',(-3.641272004696,0.837081510116,
    17.097917236895));
#2160 = CARTESIAN_POINT('',(-2.864368744899,-2.398947672319,
    17.295832547373));
#2161 = CARTESIAN_POINT('',(-1.570216724473,-3.799869841421,
    17.394794408634));
#2162 = CARTESIAN_POINT('',(0.488402658838,-4.402134997185,
    17.493743444744));
#2163 = CARTESIAN_POINT('',(2.749207970301,-3.741433370563,
    17.592717679247));
#2164 = CARTESIAN_POINT('',(4.279853316882,-1.799834636825,
    17.691657105024));
#2165 = CARTESIAN_POINT('',(4.394516506485,0.552757819058,
    17.790631339524));
#2166 = CARTESIAN_POINT('',(3.328319760539,2.413888931849,
    17.889580375637));
#2167 = CARTESIAN_POINT('',(1.663990949393,3.345250571647,
    17.988542236896));
#2168 = CARTESIAN_POINT('',(-1.6639909533,3.345249220703,18.186457547373
    ));
#2169 = CARTESIAN_POINT('',(-3.328319320649,2.413893509116,
    18.28541940863));
#2170 = CARTESIAN_POINT('',(-4.394518993187,0.552749951668,
    18.384368444752));
#2171 = CARTESIAN_POINT('',(-4.27984712366,-1.79982686071,
    18.483342679236));
#2172 = CARTESIAN_POINT('',(-2.749216977338,-3.74143757737,
    18.582282105034));
#2173 = CARTESIAN_POINT('',(-0.488394428317,-4.402134415795,
    18.681256339517));
#2174 = CARTESIAN_POINT('',(1.570212170986,-3.799869200615,
    18.780205375641));
#2175 = CARTESIAN_POINT('',(2.864370059428,-2.398947983891,
    18.879167236895));
#2176 = CARTESIAN_POINT('',(3.641270691995,0.837081829287,
    19.077082547377));
#2177 = CARTESIAN_POINT('',(3.124178154134,2.672845344336,
    19.176044408615));
#2178 = CARTESIAN_POINT('',(1.563357511857,4.144061169992,
    19.274993444786));
#2179 = CARTESIAN_POINT('',(-0.750987032263,4.581755843343,
    19.373967679187));
#2180 = CARTESIAN_POINT('',(-2.996269401682,3.546677149978,
    19.472907105084));
#2181 = CARTESIAN_POINT('',(-4.166489676439,1.502557921844,
    19.571881339481));
#2182 = CARTESIAN_POINT('',(-4.061437263716,-0.639765235578,
    19.670830375658));
#2183 = CARTESIAN_POINT('',(-3.001338770873,-2.225204001702,
    19.769792236891));
#2184 = CARTESIAN_POINT('',(-3.608456988073E-02,-3.736074965136,
    19.967707547377));
#2185 = CARTESIAN_POINT('',(1.869669508763,-3.661820216987,
    20.066669408621));
#2186 = CARTESIAN_POINT('',(3.664601866802,-2.487573687021,
    20.165618444768));
#2187 = CARTESIAN_POINT('',(4.63047600566,-0.339352459171,
    20.264592679213));
#2188 = CARTESIAN_POINT('',(4.1481473787,2.085526901846,20.363532105055)
  );
#2189 = CARTESIAN_POINT('',(2.433689825363,3.700604054242,
    20.462506339503));
#2190 = CARTESIAN_POINT('',(0.326035228621,4.098569657017,
    20.561455375645));
#2191 = CARTESIAN_POINT('',(-1.463072816585,3.437875099554,
    20.660417236896));
#2192 = CARTESIAN_POINT('',(-3.6244231409,0.907256929968,20.858332547371
    ));
#2193 = CARTESIAN_POINT('',(-3.997109511675,-0.963175438463,
    20.957294408644));
#2194 = CARTESIAN_POINT('',(-3.274326144205,-2.982636081055,
    21.056243444722));
#2195 = CARTESIAN_POINT('',(-1.410939279681,-4.423315326681,
    21.155217679278));
#2196 = CARTESIAN_POINT('',(1.059537853377,-4.520390322894,
    21.254157104994));
#2197 = CARTESIAN_POINT('',(3.030222462866,-3.230335641668,
    21.353131339544));
#2198 = CARTESIAN_POINT('',(3.909214438554,-1.27381893418,
    21.452080375629));
#2199 = CARTESIAN_POINT('',(3.684433902907,0.620091994692,
    21.551042236897));
#2200 = CARTESIAN_POINT('',(1.728294127672,3.312485116881,
    21.748957547377));
#2201 = CARTESIAN_POINT('',(-3.456140122672E-03,4.111517898369,
    21.847919408614));
#2202 = CARTESIAN_POINT('',(-2.135849350551,3.880138817392,
    21.946868444788));
#2203 = CARTESIAN_POINT('',(-3.971721538632,2.404557370967,
    22.045842679185));
#2204 = CARTESIAN_POINT('',(-4.642835778089,2.500142552356E-02,
    22.144782105085));
#2205 = CARTESIAN_POINT('',(-3.848472596183,-2.192390295729,
    22.243756339482));
#2206 = CARTESIAN_POINT('',(-2.151211202619,-3.503835407876,
    22.342705375656));
#2207 = CARTESIAN_POINT('',(-0.257155209549,-3.727390302201,
    22.441667236893));
#2208 = CARTESIAN_POINT('',(2.817498637933,-2.453825516723,
    22.639582547372));
#2209 = CARTESIAN_POINT('',(3.998723151442,-0.956454145107,
    22.73854440864));
#2210 = CARTESIAN_POINT('',(4.271534401786,1.171035244976,
    22.837493444731));
#2211 = CARTESIAN_POINT('',(3.265299239098,3.300649785939,
    22.936467679264));
#2212 = CARTESIAN_POINT('',(1.108159121719,4.508717389117,
    23.035407105008));
#2213 = CARTESIAN_POINT('',(-1.233406291864,4.253942342287,
    23.134381339533));
#2214 = CARTESIAN_POINT('',(-2.904833874699,2.909727197536,
    23.233330375634));
#2215 = CARTESIAN_POINT('',(-3.564370519985,1.12019197597,
    23.332292236896));
#2216 = CARTESIAN_POINT('',(-3.043758117064,-2.166816735698,
    23.530207547376));
#2217 = CARTESIAN_POINT('',(-1.863510621974,-3.664958326545,
    23.629169408619));
#2218 = CARTESIAN_POINT('',(0.141509545262,-4.42688431508,
    23.728118444777));
#2219 = CARTESIAN_POINT('',(2.447183600679,-3.945600151463,
    23.827092679197));
#2220 = CARTESIAN_POINT('',(4.125446559347,-2.130079768362,
    23.926032105075));
#2221 = CARTESIAN_POINT('',(4.424338557341,0.206264059889,
    24.025006339486));
#2222 = CARTESIAN_POINT('',(3.507451204267,2.145310759176,
    24.123955375655));
#2223 = CARTESIAN_POINT('',(1.921326755458,3.204383055364,
    24.222917236893));
#2224 = CARTESIAN_POINT('',(-1.39639619568,3.465492159271,
    24.420832547372));
#2225 = CARTESIAN_POINT('',(-3.128667321042,2.667589205221,
    24.519794408641));
#2226 = CARTESIAN_POINT('',(-4.337603896366,0.895835994391,
    24.618743444727));
#2227 = CARTESIAN_POINT('',(-4.407866571243,-1.458485659971,
    24.717717679271));
#2228 = CARTESIAN_POINT('',(-3.034291867967,-3.51420289597,
    24.816657104999));
#2229 = CARTESIAN_POINT('',(-0.832276356805,-4.35024511932,
    24.915631339543));
#2230 = CARTESIAN_POINT('',(1.267237429519,-3.911352899049,
    25.014580375625));
#2231 = CARTESIAN_POINT('',(2.667320872961,-2.616288712559,
    25.113542236902));
#2232 = CARTESIAN_POINT('',(3.695722553029,0.548810579579,
    25.311457547362));
#2233 = CARTESIAN_POINT('',(3.324256384301,2.419485661268,
    25.410419408674));
#2234 = CARTESIAN_POINT('',(1.883677494375,4.008626795793,
    25.509368444666));
#2235 = CARTESIAN_POINT('',(-0.389191569511,4.626553582523,
    25.60834267935));
#2236 = CARTESIAN_POINT('',(-2.708763821059,3.770828515884,
    25.707282104925));
#2237 = CARTESIAN_POINT('',(-4.035756443448,1.82482504952,
    25.806256339591));
#2238 = CARTESIAN_POINT('',(-4.099112609914,-0.319136357763,
    25.905205375605));
#2239 = CARTESIAN_POINT('',(-3.166674138878,-1.982862114463,
    26.004167236904));
#2240 = CARTESIAN_POINT('',(-0.329102396528,-3.721726730142,
    26.202082547369));
#2241 = CARTESIAN_POINT('',(1.576602838694,-3.797224626316,
    26.301044408642));
#2242 = CARTESIAN_POINT('',(3.458132340202,-2.767426676155,
    26.399993444721));
#2243 = CARTESIAN_POINT('',(4.589576506411,-0.701609309067,
    26.498967679296));
#2244 = CARTESIAN_POINT('',(4.298988579519,1.753638026248,
    26.597907104942));
#2245 = CARTESIAN_POINT('',(2.716533619603,3.498251223859,
    26.696881339626));
#2246 = CARTESIAN_POINT('',(0.646600239864,4.060354705483,
    26.795830375538));
#2247 = CARTESIAN_POINT('',(-1.188830079814,3.542068648055,
    26.89479223697));
#2248 = CARTESIAN_POINT('',(-3.542067695664,1.188829121959,
    27.092707547215));
#2249 = CARTESIAN_POINT('',(-4.060357630758,-0.646596693047,
    27.191669409491));
#2250 = CARTESIAN_POINT('',(-3.498247419744,-2.716540938867,
    27.290618442499));
#2251 = CARTESIAN_POINT('',(-1.75363914453,-4.298978705658,
    27.389592683343));
#2252 = CARTESIAN_POINT('',(0.701605913488,-4.589585844534,
    27.48853209932));
#2253 = CARTESIAN_POINT('',(2.767432086299,-3.458126115251,
    27.587506345802));
#2254 = CARTESIAN_POINT('',(3.797220952191,-1.576605600093,
    27.68645537011));
#2255 = CARTESIAN_POINT('',(3.721727880809,0.329103102021,
    27.785417240773));
#2256 = CARTESIAN_POINT('',(1.982860958795,3.166673444105,
    27.983332539253));
#2257 = CARTESIAN_POINT('',(0.319140499834,4.099114584536,
    28.082294452459));
#2258 = CARTESIAN_POINT('',(-1.824833081594,4.035754562681,
    28.181243330168));
#2259 = CARTESIAN_POINT('',(-3.770818604725,2.708762403649,
    28.280217887927));
#2260 = CARTESIAN_POINT('',(-4.626561938081,0.389197329212,
    28.379156814797));
#2261 = CARTESIAN_POINT('',(-4.008621930946,-1.883684514089,
    28.478131658758));
#2262 = CARTESIAN_POINT('',(-2.419487554512,-3.324251897829,
    28.57708009467));
#2263 = CARTESIAN_POINT('',(-0.548810116024,-3.695724025433,
    28.676042433966));
#2264 = CARTESIAN_POINT('',(1.033739047014,-3.181521608455,
    28.774999784263));
#2265 = CARTESIAN_POINT('',(3.34525,8.881784197001E-16,-0.275));
#2266 = CARTESIAN_POINT('',(3.345250967639,1.663991083347,
    -0.176042649673));
#2267 = CARTESIAN_POINT('',(2.413888796492,3.328319951565,
    -7.708031045984E-02));
#2268 = CARTESIAN_POINT('',(0.552758150055,4.39451681255,
    2.186812561756E-02));
#2269 = CARTESIAN_POINT('',(-1.799835048115,4.27985355169,0.120842969331
    ));
#2270 = CARTESIAN_POINT('',(-3.74143341047,2.749208148142,0.219781896483
    ));
#2271 = CARTESIAN_POINT('',(-4.402135386194,0.488402663344,0.318756454)
  );
#2272 = CARTESIAN_POINT('',(-3.799870030776,-1.570216832124,
    0.41770533186));
#2273 = CARTESIAN_POINT('',(-2.398947820184,-2.864368933304,
    0.516667245005));
#2274 = CARTESIAN_POINT('',(0.837081579137,-3.641272229164,
    0.714582543503));
#2275 = CARTESIAN_POINT('',(2.672847013465,-3.124173992525,
    0.813544414148));
#2276 = CARTESIAN_POINT('',(4.144057186286,-1.563364663917,
    0.912493438484));
#2277 = CARTESIAN_POINT('',(4.581763959116,0.750993210386,1.011467684932
    ));
#2278 = CARTESIAN_POINT('',(3.546667625042,2.996267614114,1.110407100941
    ));
#2279 = CARTESIAN_POINT('',(1.502566137723,4.166488586129,1.209381341763
    ));
#2280 = CARTESIAN_POINT('',(-0.639769567188,4.061439201684,
    1.308330374781));
#2281 = CARTESIAN_POINT('',(-2.225202946196,3.001338340908,
    1.407292237055));
#2282 = CARTESIAN_POINT('',(-3.736076400824,3.608517573319E-02,
    1.605207547297));
#2283 = CARTESIAN_POINT('',(-3.661816560882,-1.869672108658,
    1.704169408739));
#2284 = CARTESIAN_POINT('',(-2.487579710506,-3.664596317438,
    1.803118444628));
#2285 = CARTESIAN_POINT('',(-0.339348347237,-4.630485345009,
    1.902092679348));
#2286 = CARTESIAN_POINT('',(2.085527387871,-4.148137695634,
    2.001032104954));
#2287 = CARTESIAN_POINT('',(3.700601075738,-2.433697561912,
    2.100006339561));
#2288 = CARTESIAN_POINT('',(4.098572552774,-0.326031468258,
    2.198955375623));
#2289 = CARTESIAN_POINT('',(3.437874435038,1.463071890458,2.297917236899
    ));
#2290 = CARTESIAN_POINT('',(0.907257854251,3.624424395564,2.495832547372
    ));
#2291 = CARTESIAN_POINT('',(-0.963178820054,3.997106563408,
    2.594794408633));
#2292 = CARTESIAN_POINT('',(-2.982629278817,3.274330705917,
    2.693743444749));
#2293 = CARTESIAN_POINT('',(-4.423325367954,1.410937461477,
    2.792717679238));
#2294 = CARTESIAN_POINT('',(-4.520381020781,-1.059540586371,
    2.891657105033));
#2295 = CARTESIAN_POINT('',(-3.230342469167,-3.030217760626,
    2.990631339517));
#2296 = CARTESIAN_POINT('',(-1.273815953707,-3.909218132132,
    3.08958037564));
#2297 = CARTESIAN_POINT('',(0.620091249282,-3.684433040553,
    3.188542236896));
#2298 = CARTESIAN_POINT('',(3.312486121106,-1.728295319308,
    3.386457547373));
#2299 = CARTESIAN_POINT('',(4.111515820987,3.46011651787E-03,
    3.485419408633));
#2300 = CARTESIAN_POINT('',(3.880141665108,2.135841671393,3.584368444747
    ));
#2301 = CARTESIAN_POINT('',(2.40455794708,3.971731726857,3.683342679241)
  );
#2302 = CARTESIAN_POINT('',(2.499659653247E-02,4.64282737105,
    3.782282105031));
#2303 = CARTESIAN_POINT('',(-2.192384129591,3.848478137293,
    3.881256339518));
#2304 = CARTESIAN_POINT('',(-3.503839695161,2.151209166755,
    3.980205375639));
#2305 = CARTESIAN_POINT('',(-3.727389289665,0.257155733051,
    4.079167236896));
#2306 = CARTESIAN_POINT('',(-2.453826909868,-2.817499336231,
    4.277082547374));
#2307 = CARTESIAN_POINT('',(-0.956449793608,-3.998722059726,
    4.376044408629));
#2308 = CARTESIAN_POINT('',(1.171027113174,-4.271535378152,
    4.474993444754));
#2309 = CARTESIAN_POINT('',(3.300659558212,-3.265302177703,
    4.573967679232));
#2310 = CARTESIAN_POINT('',(4.508710341639,-1.108152463541,
    4.672907105038));
#2311 = CARTESIAN_POINT('',(4.253946290854,1.233399002525,4.771881339514
    ));
#2312 = CARTESIAN_POINT('',(2.909726218766,2.904838518805,4.870830375641
    ));
#2313 = CARTESIAN_POINT('',(1.120192248635,3.564369413214,4.969792236896
    ));
#2314 = CARTESIAN_POINT('',(-2.166817089479,3.043759634729,
    5.167707547373));
#2315 = CARTESIAN_POINT('',(-3.664958280829,1.863506135865,
    5.266669408633));
#2316 = CARTESIAN_POINT('',(-4.426883366149,-0.141501410241,
    5.365618444747));
#2317 = CARTESIAN_POINT('',(-3.94560529014,-2.447192416908,5.46459267924
    ));
#2318 = CARTESIAN_POINT('',(-2.130071648985,-4.125441260935,
    5.563532105032));
#2319 = CARTESIAN_POINT('',(0.20625605021,-4.424340695138,5.662506339517
    ));
#2320 = CARTESIAN_POINT('',(2.145315503437,-3.507451336686,
    5.761455375641));
#2321 = CARTESIAN_POINT('',(3.204381915524,-1.92132676222,5.860417236895
    ));
#2322 = CARTESIAN_POINT('',(3.465493717591,1.396396185394,6.058332547375
    ));
#2323 = CARTESIAN_POINT('',(2.667584832385,3.128668323853,6.157294408623
    ));
#2324 = CARTESIAN_POINT('',(0.895843683131,4.337601074562,6.256243444768
    ));
#2325 = CARTESIAN_POINT('',(-1.458493033022,4.407873626067,
    6.355217679211));
#2326 = CARTESIAN_POINT('',(-3.514199639375,3.03428273601,6.45415710506)
  );
#2327 = CARTESIAN_POINT('',(-4.350245328228,0.832284644259,
    6.553131339498));
#2328 = CARTESIAN_POINT('',(-3.911354135338,-1.267242011798,
    6.652080375649));
#2329 = CARTESIAN_POINT('',(-2.616288453041,-2.667319763031,
    6.751042236894));
#2330 = CARTESIAN_POINT('',(0.548810205791,-3.695724065899,
    6.948957547375));
#2331 = CARTESIAN_POINT('',(2.419487657205,-3.324252366364,
    7.047919408627));
#2332 = CARTESIAN_POINT('',(4.008622257017,-1.883684311971,7.14686844476
    ));
#2333 = CARTESIAN_POINT('',(4.626562163685,0.389197091955,7.245842679222
    ));
#2334 = CARTESIAN_POINT('',(3.770818875947,2.70876278625,7.34478210505)
  );
#2335 = CARTESIAN_POINT('',(1.824833156802,4.035754711908,7.443756339504
    ));
#2336 = CARTESIAN_POINT('',(-0.319140524845,4.099114881764,
    7.542705375647));
#2337 = CARTESIAN_POINT('',(-1.982861095781,3.166673627421,
    7.641667236894));
#2338 = CARTESIAN_POINT('',(-3.721728113948,0.329103113156,
    7.839582547376));
#2339 = CARTESIAN_POINT('',(-3.797221185347,-1.576605717422,
    7.938544408622));
#2340 = CARTESIAN_POINT('',(-2.767432245832,-3.458126335368,
    8.037493444769));
#2341 = CARTESIAN_POINT('',(-0.701605942384,-4.589586139552,
    8.13646767921));
#2342 = CARTESIAN_POINT('',(1.753639270314,-4.298978964482,
    8.235407105061));
#2343 = CARTESIAN_POINT('',(3.498247647697,-2.716541098568,
    8.334381339497));
#2344 = CARTESIAN_POINT('',(4.060357887225,-0.646596718323,8.43333037565
    ));
#2345 = CARTESIAN_POINT('',(3.542067913002,1.188829208698,8.532292236893
    ));
#2346 = CARTESIAN_POINT('',(1.188830141675,3.542068873905,8.730207547375
    ));
#2347 = CARTESIAN_POINT('',(-0.646600294695,4.060354957088,
    8.829169408624));
#2348 = CARTESIAN_POINT('',(-2.71653380187,3.498251433207,8.928118444764
    ));
#2349 = CARTESIAN_POINT('',(-4.298988854675,1.753638120641,
    9.027092679217));
#2350 = CARTESIAN_POINT('',(-4.589576791011,-0.701609369109,
    9.126032105055));
#2351 = CARTESIAN_POINT('',(-3.458132546749,-2.767426861537,
    9.225006339501));
#2352 = CARTESIAN_POINT('',(-1.576602923893,-3.797224869411,
    9.323955375648));
#2353 = CARTESIAN_POINT('',(0.329102430275,-3.721726961795,
    9.422917236894));
#2354 = CARTESIAN_POINT('',(3.166674343976,-1.982862227299,
    9.620832547376));
#2355 = CARTESIAN_POINT('',(4.099112867475,-0.31913636326,9.719794408624
    ));
#2356 = CARTESIAN_POINT('',(4.035756689443,1.824825177996,9.818743444766
    ));
#2357 = CARTESIAN_POINT('',(2.708763977165,3.770828761269,9.917717679216
    ));
#2358 = CARTESIAN_POINT('',(0.389191577532,4.626553873388,
    10.016657105055));
#2359 = CARTESIAN_POINT('',(-1.883677626422,4.008627039845,
    10.115631339501));
#2360 = CARTESIAN_POINT('',(-3.324256600776,2.419485800886,
    10.214580375647));
#2361 = CARTESIAN_POINT('',(-3.695722786164,0.54881060084,
    10.313542236894));
#2362 = CARTESIAN_POINT('',(-2.66732103056,-2.616288885649,
    10.511457547376));
#2363 = CARTESIAN_POINT('',(-1.267237494974,-3.911353148206,
    10.610419408624));
#2364 = CARTESIAN_POINT('',(0.832276424269,-4.35024538851,
    10.709368444766));
#2365 = CARTESIAN_POINT('',(3.034292070175,-3.514203105064,
    10.808342679215));
#2366 = CARTESIAN_POINT('',(4.40786685216,-1.458485735638,
    10.907282105056));
#2367 = CARTESIAN_POINT('',(4.337604164522,0.89583606578,11.006256339501
    ));
#2368 = CARTESIAN_POINT('',(3.128667507331,2.667589383146,
    11.105205375648));
#2369 = CARTESIAN_POINT('',(1.396396270778,3.465492380994,
    11.204167236894));
#2370 = CARTESIAN_POINT('',(-1.921326886976,3.204383249024,
    11.402082547375));
#2371 = CARTESIAN_POINT('',(-3.507451431263,2.145310880963,
    11.501044408626));
#2372 = CARTESIAN_POINT('',(-4.424338834825,0.20626405717,
    11.599993444761));
#2373 = CARTESIAN_POINT('',(-4.125446809903,-2.130079916218,
    11.698967679222));
#2374 = CARTESIAN_POINT('',(-2.447183739789,-3.94560040692,
    11.797907105048));
#2375 = CARTESIAN_POINT('',(-0.141509538482,-4.426884592506,
    11.896881339507));
#2376 = CARTESIAN_POINT('',(1.863510751513,-3.66495854922,
    11.995830375644));
#2377 = CARTESIAN_POINT('',(3.043758315125,-2.166816860481,
    12.094792236896));
#2378 = CARTESIAN_POINT('',(3.564370738996,1.120192058645,
    12.292707547372));
#2379 = CARTESIAN_POINT('',(2.904834046122,2.90972738983,12.391669408636
    ));
#2380 = CARTESIAN_POINT('',(1.233406353981,4.253942612743,
    12.490618444741));
#2381 = CARTESIAN_POINT('',(-1.108159206979,4.508717667253,
    12.589592679248));
#2382 = CARTESIAN_POINT('',(-3.265299455034,3.30064998086,
    12.688532105025));
#2383 = CARTESIAN_POINT('',(-4.271534673127,1.17103530313,
    12.787506339522));
#2384 = CARTESIAN_POINT('',(-3.998723398203,-0.956454219076,
    12.886455375637));
#2385 = CARTESIAN_POINT('',(-2.817498805506,-2.453825680183,
    12.985417236897));
#2386 = CARTESIAN_POINT('',(0.257155238812,-3.727390534464,
    13.183332547372));
#2387 = CARTESIAN_POINT('',(2.151211349588,-3.503835619435,
    13.282294408636));
#2388 = CARTESIAN_POINT('',(3.848472844647,-2.192390419293,
    13.381243444741));
#2389 = CARTESIAN_POINT('',(4.642836068478,2.500144352217E-02,
    13.480217679247));
#2390 = CARTESIAN_POINT('',(3.971721778537,2.404557535423,
    13.579157105026));
#2391 = CARTESIAN_POINT('',(2.135849470473,3.880139067657,
    13.678131339521));
#2392 = CARTESIAN_POINT('',(3.456125788242E-03,4.111518155586,
    13.777080375639));
#2393 = CARTESIAN_POINT('',(-1.728294247495,3.31248531798,
    13.876042236895));
#2394 = CARTESIAN_POINT('',(-3.684434135577,0.620092020456,
    14.073957547375));
#2395 = CARTESIAN_POINT('',(-3.909214678601,-1.27381902768,
    14.172919408621));
#2396 = CARTESIAN_POINT('',(-3.030222640984,-3.230335854473,
    14.271868444774));
#2397 = CARTESIAN_POINT('',(-1.05953790369,-4.52039060938,
    14.370842679201));
#2398 = CARTESIAN_POINT('',(1.410939383586,-4.423315598433,
    14.469782105073));
#2399 = CARTESIAN_POINT('',(3.274326359581,-2.982636256026,
    14.568756339487));
#2400 = CARTESIAN_POINT('',(3.997109765112,-0.963175484597,
    14.667705375655));
#2401 = CARTESIAN_POINT('',(3.624423364422,0.90725699954,14.766667236892
    ));
#2402 = CARTESIAN_POINT('',(1.463072895952,3.437875319782,
    14.964582547377));
#2403 = CARTESIAN_POINT('',(-0.326035263506,4.098569912251,
    15.063544408619));
#2404 = CARTESIAN_POINT('',(-2.433689990688,3.700604277128,
    15.162493444774));
#2405 = CARTESIAN_POINT('',(-4.148147645557,2.085527017644,
    15.261467679203));
#2406 = CARTESIAN_POINT('',(-4.630476294127,-0.339352496775,
    15.360407105069));
#2407 = CARTESIAN_POINT('',(-3.66460208724,-2.487573855584,
    15.459381339491));
#2408 = CARTESIAN_POINT('',(-1.869669612776,-3.661820452665,
    15.558330375653));
#2409 = CARTESIAN_POINT('',(3.608458534706E-02,-3.736075198718,
    15.657292236893));
#2410 = CARTESIAN_POINT('',(3.001338966491,-2.225204130292,
    15.855207547375));
#2411 = CARTESIAN_POINT('',(4.061437520039,-0.639765261224,
    15.954169408628));
#2412 = CARTESIAN_POINT('',(4.166489931759,1.50255803054,16.053118444757
    ));
#2413 = CARTESIAN_POINT('',(2.996269576587,3.546677382466,
    16.152092679226));
#2414 = CARTESIAN_POINT('',(0.75098706302,4.581756132588,16.251032105047
    ));
#2415 = CARTESIAN_POINT('',(-1.563357624284,4.144061423707,
    16.350006339506));
#2416 = CARTESIAN_POINT('',(-3.124178359029,2.672845500487,
    16.448955375645));
#2417 = CARTESIAN_POINT('',(-3.641270922731,0.837081868777,
    16.547917236895));
#2418 = CARTESIAN_POINT('',(-2.864370230129,-2.398948144084,
    16.745832547373));
#2419 = CARTESIAN_POINT('',(-1.570212255771,-3.79986944387,
    16.844794408632));
#2420 = CARTESIAN_POINT('',(0.488394474425,-4.40213468944,16.94374344475
    ));
#2421 = CARTESIAN_POINT('',(2.74921716255,-3.741437801703,
    17.042717679236));
#2422 = CARTESIAN_POINT('',(4.279847397748,-1.79982695816,
    17.141657105036));
#2423 = CARTESIAN_POINT('',(4.39451926613,0.552750001778,17.240631339514
    ));
#2424 = CARTESIAN_POINT('',(3.32831952032,2.413893671887,17.339580375642
    ));
#2425 = CARTESIAN_POINT('',(1.663991045564,3.345249435848,
    17.438542236896));
#2426 = CARTESIAN_POINT('',(-1.66399106531,3.345250775027,
    17.636457547374));
#2427 = CARTESIAN_POINT('',(-3.328319977279,2.413889071081,
    17.73541940863));
#2428 = CARTESIAN_POINT('',(-4.394516783334,0.5527578381,17.834368444753
    ));
#2429 = CARTESIAN_POINT('',(-4.279853578249,-1.799834764544,
    17.933342679232));
#2430 = CARTESIAN_POINT('',(-2.749208129047,-3.741433614333,
    18.032282105041));
#2431 = CARTESIAN_POINT('',(-0.488402673826,-4.402135274283,
    18.13125633951));
#2432 = CARTESIAN_POINT('',(1.570216836131,-3.799870073572,
    18.230205375644));
#2433 = CARTESIAN_POINT('',(2.864368932563,-2.398947812258,
    18.329167236894));
#2434 = CARTESIAN_POINT('',(3.641272229514,0.837081575354,
    18.527082547377));
#2435 = CARTESIAN_POINT('',(3.124173992033,2.672847018852,
    18.626044408613));
#2436 = CARTESIAN_POINT('',(1.563364664466,4.144057180178,18.72499344479
    ));
#2437 = CARTESIAN_POINT('',(-0.750993210879,4.581763964651,
    18.82396767918));
#2438 = CARTESIAN_POINT('',(-2.996267613757,3.546667621078,
    18.922907105093));
#2439 = CARTESIAN_POINT('',(-4.16648858633,1.502566139888,
    19.021881339473));
#2440 = CARTESIAN_POINT('',(-4.061439201604,-0.639769568011,
    19.120830375662));
#2441 = CARTESIAN_POINT('',(-3.001338340924,-2.225202946045,
    19.21979223689));
#2442 = CARTESIAN_POINT('',(-3.608517572454E-02,-3.736076400895,
    19.417707547377));
#2443 = CARTESIAN_POINT('',(1.869672108642,-3.661816560786,
    19.51666940862));
#2444 = CARTESIAN_POINT('',(3.664596317463,-2.487579710612,
    19.615618444772));
#2445 = CARTESIAN_POINT('',(4.630485344979,-0.339348347142,
    19.714592679205));
#2446 = CARTESIAN_POINT('',(4.148137695663,2.085527387799,
    19.813532105066));
#2447 = CARTESIAN_POINT('',(2.433697561891,3.700601075782,
    19.912506339494));
#2448 = CARTESIAN_POINT('',(0.326031468268,4.098572552754,20.01145537565
    ));
#2449 = CARTESIAN_POINT('',(-1.463071890459,3.437874435042,
    20.110417236895));
#2450 = CARTESIAN_POINT('',(-3.624424395565,0.90725785425,
    20.308332547371));
#2451 = CARTESIAN_POINT('',(-3.997106563404,-0.963178820055,
    20.407294408643));
#2452 = CARTESIAN_POINT('',(-3.274330705921,-2.982629278812,
    20.506243444726));
#2453 = CARTESIAN_POINT('',(-1.410937461477,-4.423325367961,
    20.605217679268));
#2454 = CARTESIAN_POINT('',(1.059540586377,-4.520381020775,
    20.704157105005));
#2455 = CARTESIAN_POINT('',(3.03021776062,-3.23034246917,20.803131339535
    ));
#2456 = CARTESIAN_POINT('',(3.909218132136,-1.273815953706,
    20.902080375633));
#2457 = CARTESIAN_POINT('',(3.684433040553,0.620091249282,
    21.001042236896));
#2458 = CARTESIAN_POINT('',(1.728295319305,3.312486121103,
    21.198957547377));
#2459 = CARTESIAN_POINT('',(-3.460116501489E-03,4.111515820995,
    21.297919408612));
#2460 = CARTESIAN_POINT('',(-2.135841671428,3.880141665101,
    21.396868444792));
#2461 = CARTESIAN_POINT('',(-3.971731726808,2.404557947076,
    21.495842679176));
#2462 = CARTESIAN_POINT('',(-4.642827371096,2.499659654922E-02,
    21.594782105096));
#2463 = CARTESIAN_POINT('',(-3.848478137264,-2.192384129613,
    21.693756339473));
#2464 = CARTESIAN_POINT('',(-2.151209166767,-3.503839695147,
    21.79270537566));
#2465 = CARTESIAN_POINT('',(-0.257155733049,-3.727389289669,
    21.891667236892));
#2466 = CARTESIAN_POINT('',(2.817499336232,-2.453826909867,
    22.089582547373));
#2467 = CARTESIAN_POINT('',(3.998722059725,-0.956449793606,
    22.188544408639));
#2468 = CARTESIAN_POINT('',(4.271535378152,1.171027113169,
    22.287493444735));
#2469 = CARTESIAN_POINT('',(3.265302177706,3.300659558216,
    22.386467679256));
#2470 = CARTESIAN_POINT('',(1.108152463536,4.508710341637,
    22.485407105018));
#2471 = CARTESIAN_POINT('',(-1.23339900252,4.253946290853,
    22.584381339525));
#2472 = CARTESIAN_POINT('',(-2.904838518806,2.909726218768,
    22.683330375638));
#2473 = CARTESIAN_POINT('',(-3.564369413214,1.120192248635,
    22.782292236895));
#2474 = CARTESIAN_POINT('',(-3.043759634725,-2.166817089478,
    22.980207547376));
#2475 = CARTESIAN_POINT('',(-1.86350613588,-3.66495828083,
    23.079169408618));
#2476 = CARTESIAN_POINT('',(0.14150141027,-4.426883366154,
    23.178118444781));
#2477 = CARTESIAN_POINT('',(2.447192416873,-3.945605290124,
    23.27709267919));
#2478 = CARTESIAN_POINT('',(4.125441260963,-2.130071649011,
    23.376032105084));
#2479 = CARTESIAN_POINT('',(4.424340695124,0.206256050235,
    23.475006339479));
#2480 = CARTESIAN_POINT('',(3.50745133669,2.145315503423,23.573955375658
    ));
#2481 = CARTESIAN_POINT('',(1.92132676222,3.204381915527,23.672917236892
    ));
#2482 = CARTESIAN_POINT('',(-1.396396185394,3.465493717593,
    23.870832547373));
#2483 = CARTESIAN_POINT('',(-3.128668323857,2.667584832375,
    23.96979440864));
#2484 = CARTESIAN_POINT('',(-4.337601074549,0.895843683149,
    24.06874344473));
#2485 = CARTESIAN_POINT('',(-4.407873626092,-1.45849303304,
    24.167717679264));
#2486 = CARTESIAN_POINT('',(-3.034282735979,-3.514199639363,
    24.266657105007));
#2487 = CARTESIAN_POINT('',(-0.832284644285,-4.350245328231,
    24.365631339536));
#2488 = CARTESIAN_POINT('',(1.267242011813,-3.911354135339,
    24.464580375629));
#2489 = CARTESIAN_POINT('',(2.667319763024,-2.61628845304,
    24.563542236902));
#2490 = CARTESIAN_POINT('',(3.695724065909,0.548810205788,
    24.761457547363));
#2491 = CARTESIAN_POINT('',(3.324252366333,2.419487657223,
    24.860419408673));
#2492 = CARTESIAN_POINT('',(1.883684312019,4.00862225697,24.959368444668
    ));
#2493 = CARTESIAN_POINT('',(-0.389197091999,4.62656216376,
    25.058342679346));
#2494 = CARTESIAN_POINT('',(-2.70876278623,3.770818875866,
    25.157282104931));
#2495 = CARTESIAN_POINT('',(-4.035754711907,1.824833156861,
    25.256256339586));
#2496 = CARTESIAN_POINT('',(-4.099114881772,-0.319140524874,
    25.355205375608));
#2497 = CARTESIAN_POINT('',(-3.166673627418,-1.982861095774,
    25.454167236903));
#2498 = CARTESIAN_POINT('',(-0.329103113156,-3.721728113953,
    25.652082547369));
#2499 = CARTESIAN_POINT('',(1.57660571742,-3.79722118533,25.751044408642
    ));
#2500 = CARTESIAN_POINT('',(3.458126335378,-2.767432245872,
    25.849993444723));
#2501 = CARTESIAN_POINT('',(4.589586139532,-0.701605942312,
    25.948967679291));
#2502 = CARTESIAN_POINT('',(4.298978964512,1.753639270214,
    26.047907104949));
#2503 = CARTESIAN_POINT('',(2.716541098533,3.498247647808,26.14688133962
    ));
#2504 = CARTESIAN_POINT('',(0.646596718356,4.060357887126,
    26.245830375541));
#2505 = CARTESIAN_POINT('',(-1.188829208722,3.542067913071,
    26.34479223697));
#2506 = CARTESIAN_POINT('',(-3.542068873856,1.188830141531,
    26.542707547215));
#2507 = CARTESIAN_POINT('',(-4.060354957355,-0.646600293915,
    26.641669409491));
#2508 = CARTESIAN_POINT('',(-3.498251432505,-2.71653380391,26.7406184425
    ));
#2509 = CARTESIAN_POINT('',(-1.753638121927,-4.29898885096,
    26.839592683339));
#2510 = CARTESIAN_POINT('',(0.701609370906,-4.589576796179,
    26.938532099326));
#2511 = CARTESIAN_POINT('',(2.767426859556,-3.45813254106,
    27.037506345797));
#2512 = CARTESIAN_POINT('',(3.797224871155,-1.576602928905,
    27.136455370113));
#2513 = CARTESIAN_POINT('',(3.721726960573,0.329102433794,
    27.235417240773));
#2514 = CARTESIAN_POINT('',(1.982862229859,3.166674336603,
    27.433332539253));
#2515 = CARTESIAN_POINT('',(0.319136349445,4.099112907301,
    27.532294452458));
#2516 = CARTESIAN_POINT('',(-1.824825141893,4.035756585273,
    27.631243330171));
#2517 = CARTESIAN_POINT('',(-3.770828826997,2.708764166952,
    27.73021788792));
#2518 = CARTESIAN_POINT('',(-4.62655378201,0.389191313527,
    27.829156814807));
#2519 = CARTESIAN_POINT('',(-4.008627140327,-1.883677335994,
    27.92813165875));
#2520 = CARTESIAN_POINT('',(-2.419485712465,-3.324256856405,
    28.027080094675));
#2521 = CARTESIAN_POINT('',(-0.548810662853,-3.695722606863,
    28.126042433965));
#2522 = CARTESIAN_POINT('',(1.033739176349,-3.181522006508,
    28.224999784263));
#2523 = DEFINITIONAL_REPRESENTATION('',(#2524),#2527);
#2524 = B_SPLINE_CURVE_WITH_KNOTS('',1,(#2525,#2526),.UNSPECIFIED.,.F.,
  .F.,(2,2),(0.,146.06406336758),.PIECEWISE_BEZIER_KNOTS.);
#2525 = CARTESIAN_POINT('',(0.55,0.));
#2526 = CARTESIAN_POINT('',(0.55,146.06406336758));
#2527 = ( GEOMETRIC_REPRESENTATION_CONTEXT(2) 
PARAMETRIC_REPRESENTATION_CONTEXT() REPRESENTATION_CONTEXT('2D SPACE',''
  ) );
#2528 = ORIENTED_EDGE('',*,*,#2529,.T.);
#2529 = EDGE_CURVE('',#1217,#2530,#2532,.T.);
#2530 = VERTEX_POINT('',#2531);
#2531 = CARTESIAN_POINT('',(4.02025,8.881784197001E-16,0.));
#2532 = SURFACE_CURVE('',#2533,(#2536,#2543),.PCURVE_S1.);
#2533 = B_SPLINE_CURVE_WITH_KNOTS('',1,(#2534,#2535),.UNSPECIFIED.,.F.,
  .F.,(2,2),(0.,0.728868986856),.PIECEWISE_BEZIER_KNOTS.);
#2534 = CARTESIAN_POINT('',(3.34525,0.,-0.275));
#2535 = CARTESIAN_POINT('',(4.02025,8.881784197001E-16,
    5.551115123126E-17));
#2536 = PCURVE('',#1482,#2537);
#2537 = DEFINITIONAL_REPRESENTATION('',(#2538),#2542);
#2538 = LINE('',#2539,#2540);
#2539 = CARTESIAN_POINT('',(0.,0.));
#2540 = VECTOR('',#2541,1.);
#2541 = DIRECTION('',(1.,0.));
#2542 = ( GEOMETRIC_REPRESENTATION_CONTEXT(2) 
PARAMETRIC_REPRESENTATION_CONTEXT() REPRESENTATION_CONTEXT('2D SPACE',''
  ) );
#2543 = PCURVE('',#2544,#2549);
#2544 = PLANE('',#2545);
#2545 = AXIS2_PLACEMENT_3D('',#2546,#2547,#2548);
#2546 = CARTESIAN_POINT('',(3.590295206381,4.440892098501E-16,
    5.529720706397E-17));
#2547 = DIRECTION('',(1.032874191522E-15,-1.,-6.945030560823E-16));
#2548 = DIRECTION('',(-1.,-1.032874191522E-15,0.));
#2549 = DEFINITIONAL_REPRESENTATION('',(#2550),#2553);
#2550 = B_SPLINE_CURVE_WITH_KNOTS('',1,(#2551,#2552),.UNSPECIFIED.,.F.,
  .F.,(2,2),(0.,0.728868986856),.PIECEWISE_BEZIER_KNOTS.);
#2551 = CARTESIAN_POINT('',(0.245045206381,0.275));
#2552 = CARTESIAN_POINT('',(-0.429954793619,-2.139441672854E-19));
#2553 = ( GEOMETRIC_REPRESENTATION_CONTEXT(2) 
PARAMETRIC_REPRESENTATION_CONTEXT() REPRESENTATION_CONTEXT('2D SPACE',''
  ) );
#2554 = ORIENTED_EDGE('',*,*,#2555,.T.);
#2555 = EDGE_CURVE('',#2530,#2556,#2558,.T.);
#2556 = VERTEX_POINT('',#2557);
#2557 = CARTESIAN_POINT('',(1.242325556102,-3.823484964683,
    28.500000297923));
#2558 = SURFACE_CURVE('',#2559,(#2818,#2825),.PCURVE_S1.);
#2559 = B_SPLINE_CURVE_WITH_KNOTS('',9,(#2560,#2561,#2562,#2563,#2564,
    #2565,#2566,#2567,#2568,#2569,#2570,#2571,#2572,#2573,#2574,#2575,
    #2576,#2577,#2578,#2579,#2580,#2581,#2582,#2583,#2584,#2585,#2586,
    #2587,#2588,#2589,#2590,#2591,#2592,#2593,#2594,#2595,#2596,#2597,
    #2598,#2599,#2600,#2601,#2602,#2603,#2604,#2605,#2606,#2607,#2608,
    #2609,#2610,#2611,#2612,#2613,#2614,#2615,#2616,#2617,#2618,#2619,
    #2620,#2621,#2622,#2623,#2624,#2625,#2626,#2627,#2628,#2629,#2630,
    #2631,#2632,#2633,#2634,#2635,#2636,#2637,#2638,#2639,#2640,#2641,
    #2642,#2643,#2644,#2645,#2646,#2647,#2648,#2649,#2650,#2651,#2652,
    #2653,#2654,#2655,#2656,#2657,#2658,#2659,#2660,#2661,#2662,#2663,
    #2664,#2665,#2666,#2667,#2668,#2669,#2670,#2671,#2672,#2673,#2674,
    #2675,#2676,#2677,#2678,#2679,#2680,#2681,#2682,#2683,#2684,#2685,
    #2686,#2687,#2688,#2689,#2690,#2691,#2692,#2693,#2694,#2695,#2696,
    #2697,#2698,#2699,#2700,#2701,#2702,#2703,#2704,#2705,#2706,#2707,
    #2708,#2709,#2710,#2711,#2712,#2713,#2714,#2715,#2716,#2717,#2718,
    #2719,#2720,#2721,#2722,#2723,#2724,#2725,#2726,#2727,#2728,#2729,
    #2730,#2731,#2732,#2733,#2734,#2735,#2736,#2737,#2738,#2739,#2740,
    #2741,#2742,#2743,#2744,#2745,#2746,#2747,#2748,#2749,#2750,#2751,
    #2752,#2753,#2754,#2755,#2756,#2757,#2758,#2759,#2760,#2761,#2762,
    #2763,#2764,#2765,#2766,#2767,#2768,#2769,#2770,#2771,#2772,#2773,
    #2774,#2775,#2776,#2777,#2778,#2779,#2780,#2781,#2782,#2783,#2784,
    #2785,#2786,#2787,#2788,#2789,#2790,#2791,#2792,#2793,#2794,#2795,
    #2796,#2797,#2798,#2799,#2800,#2801,#2802,#2803,#2804,#2805,#2806,
    #2807,#2808,#2809,#2810,#2811,#2812,#2813,#2814,#2815,#2816,#2817),
  .UNSPECIFIED.,.F.,.F.,(10,8,8,8,8,8,8,8,8,8,8,8,8,8,8,8,8,8,8,8,8,8,8,
    8,8,8,8,8,8,8,8,8,10),(0.,4.564501980237,9.129003960474,
    13.693505940711,18.258007920948,22.822509901185,27.387011881422,
    31.951513861659,36.516015841896,41.080517822133,45.64501980237,
    50.209521782607,54.774023762843,59.33852574308,63.903027723317,
    68.467529703554,73.032031683791,77.596533664028,82.161035644265,
    86.725537624502,91.290039604739,95.854541584976,100.41904356521,
    104.98354554545,109.54804752568,114.11254950592,118.67705148616,
    123.24155346639,127.80605544663,132.37055742687,136.9350594071,
    141.49956138734,146.06406336758),.UNSPECIFIED.);
#2560 = CARTESIAN_POINT('',(4.02025,8.881784197001E-16,
    5.551115123126E-17));
#2561 = CARTESIAN_POINT('',(4.020250000914,1.99974717248,
    9.895969081779E-02));
#2562 = CARTESIAN_POINT('',(2.90096352919,3.999909446416,0.197912492222)
  );
#2563 = CARTESIAN_POINT('',(0.66428495377,5.281227331751,0.296884493197)
  );
#2564 = CARTESIAN_POINT('',(-2.162990618443,5.143442846632,
    0.395820026476));
#2565 = CARTESIAN_POINT('',(-4.496388946086,3.303939902548,
    0.494805158831));
#2566 = CARTESIAN_POINT('',(-5.290380863611,0.58694736104,0.593741087328
    ));
#2567 = CARTESIAN_POINT('',(-4.566608103374,-1.88704934675,
    0.692712478227));
#2568 = CARTESIAN_POINT('',(-2.883002752058,-3.442338453237,
    0.791665868009));
#2569 = CARTESIAN_POINT('',(1.005985288656,-4.376001885421,
    0.989584424052));
#2570 = CARTESIAN_POINT('',(3.212175123459,-3.754569983861,
    1.088537872526));
#2571 = CARTESIAN_POINT('',(4.980232380099,-1.878808753005,
    1.187509061141));
#2572 = CARTESIAN_POINT('',(5.506269222692,0.902514137145,1.286445419221
    ));
#2573 = CARTESIAN_POINT('',(4.262312948403,3.600863902784,1.385429876481
    ));
#2574 = CARTESIAN_POINT('',(1.805744836247,5.007187082303,1.484366242325
    ));
#2575 = CARTESIAN_POINT('',(-0.768856529698,4.880955278053,
    1.583337418955));
#2576 = CARTESIAN_POINT('',(-2.67420274188,3.606943109493,1.682290878987
    ));
#2577 = CARTESIAN_POINT('',(-4.489935206456,4.336751721111E-02,
    1.880209418811));
#2578 = CARTESIAN_POINT('',(-4.40069830719,-2.246935512935,
    1.979162879997));
#2579 = CARTESIAN_POINT('',(-2.989509277217,-4.404028970221,
    2.078134052654));
#2580 = CARTESIAN_POINT('',(-0.40783542289,-5.564818306722,
    2.177070426935));
#2581 = CARTESIAN_POINT('',(2.506354549695,-4.985149886449,
    2.276054870935));
#2582 = CARTESIAN_POINT('',(4.447295344147,-2.924756572937,
    2.374991245369));
#2583 = CARTESIAN_POINT('',(4.925580087575,-0.391823418295,
    2.473962417791));
#2584 = CARTESIAN_POINT('',(4.131563216348,1.758290160651,2.572915879203
    ));
#2585 = CARTESIAN_POINT('',(1.090323827224,4.355753993455,2.770834418708
    ));
#2586 = CARTESIAN_POINT('',(-1.157529888318,4.803643341038,
    2.869787880144));
#2587 = CARTESIAN_POINT('',(-3.584458218223,3.935009043297,
    2.968759052486));
#2588 = CARTESIAN_POINT('',(-5.315854645254,1.695647932099,
    3.067695427088));
#2589 = CARTESIAN_POINT('',(-5.432506648056,-1.27334364486,
    3.166679870825));
#2590 = CARTESIAN_POINT('',(-3.882145795802,-3.641645357413,
    3.26561624543));
#2591 = CARTESIAN_POINT('',(-1.530851141801,-4.698016557217,
    3.364587417767));
#2592 = CARTESIAN_POINT('',(0.745214185214,-4.427872482115,
    3.463540879207));
#2593 = CARTESIAN_POINT('',(3.980873121321,-2.077028668955,
    3.661459418707));
#2594 = CARTESIAN_POINT('',(4.941138279098,4.158977778695E-03,
    3.760412880145));
#2595 = CARTESIAN_POINT('',(4.663059583171,2.566809734434,3.859384052485
    ));
#2596 = CARTESIAN_POINT('',(2.889758666628,4.773136009769,3.958320427088
    ));
#2597 = CARTESIAN_POINT('',(3.003243250978E-02,5.57966222742,
    4.057304870825));
#2598 = CARTESIAN_POINT('',(-2.634757468459,4.62500702393,4.156241245429
    ));
#2599 = CARTESIAN_POINT('',(-4.210839883961,2.585283787495,
    4.255212417768));
#2600 = CARTESIAN_POINT('',(-4.479496809583,0.309042444739,
    4.354165879207));
#2601 = CARTESIAN_POINT('',(-2.948956575766,-3.386008566729,
    4.552084418706));
#2602 = CARTESIAN_POINT('',(-1.149441758534,-4.805585129199,
    4.651037880148));
#2603 = CARTESIAN_POINT('',(1.407318936071,-5.133428708105,
    4.750009052481));
#2604 = CARTESIAN_POINT('',(3.966653118482,-3.924180877167,
    4.848945427093));
#2605 = CARTESIAN_POINT('',(5.418484783785,-1.331748912887,
    4.947929870821));
#2606 = CARTESIAN_POINT('',(5.112289627596,1.482272462338,5.046866245432
    ));
#2607 = CARTESIAN_POINT('',(3.496853239501,3.490971528331,5.145837417766
    ));
#2608 = CARTESIAN_POINT('',(1.346221339995,4.283583430197,5.244790879207
    ));
#2609 = CARTESIAN_POINT('',(-2.604032639671,3.657924672713,
    5.442709418707));
#2610 = CARTESIAN_POINT('',(-4.404474579992,2.239524160275,
    5.541662880145));
#2611 = CARTESIAN_POINT('',(-5.32012374536,-0.170059469251,
    5.640634052486));
#2612 = CARTESIAN_POINT('',(-4.741752227691,-2.940972344355,
    5.739570427086));
#2613 = CARTESIAN_POINT('',(-2.559872736312,-4.957881008353,
    5.838554870827));
#2614 = CARTESIAN_POINT('',(0.247876843961,-5.317066292539,
    5.937491245428));
#2615 = CARTESIAN_POINT('',(2.578191530267,-4.215186024779,
    6.036462417767));
#2616 = CARTESIAN_POINT('',(3.850958548492,-2.309007829678,
    6.135415879208));
#2617 = CARTESIAN_POINT('',(4.164755269887,1.678157454371,6.333334418705
    ));
#2618 = CARTESIAN_POINT('',(3.205850100376,3.75997206428,6.432287880153)
  );
#2619 = CARTESIAN_POINT('',(1.076597510915,5.21282789746,6.531259052471)
  );
#2620 = CARTESIAN_POINT('',(-1.752772970265,5.2972935952,6.630195427106)
  );
#2621 = CARTESIAN_POINT('',(-4.223303939079,3.646537584788,
    6.729179870808));
#2622 = CARTESIAN_POINT('',(-5.228021027656,1.000216488275,
    6.828116245442));
#2623 = CARTESIAN_POINT('',(-4.700586959248,-1.522940257781,
    6.927087417761));
#2624 = CARTESIAN_POINT('',(-3.144198179089,-3.205529084307,
    7.026040879209));
#2625 = CARTESIAN_POINT('',(0.659547020972,-4.441440827799,
    7.223959418705));
#2626 = CARTESIAN_POINT('',(2.907692893692,-3.995020253543,
    7.322912880151));
#2627 = CARTESIAN_POINT('',(4.817470350037,-2.263761541229,
    7.421884052475));
#2628 = CARTESIAN_POINT('',(5.56010567529,0.467715082787,7.520820427102)
  );
#2629 = CARTESIAN_POINT('',(4.531694185778,3.255346421764,7.619804870811
    ));
#2630 = CARTESIAN_POINT('',(2.193037698133,4.850074488459,7.718741245439
    ));
#2631 = CARTESIAN_POINT('',(-0.383531064191,4.926232709995,
    7.817712417762));
#2632 = CARTESIAN_POINT('',(-2.382961572587,3.805639636552,
    7.916665879209));
#2633 = CARTESIAN_POINT('',(-4.472691658469,0.395510085809,
    8.114584418704));
#2634 = CARTESIAN_POINT('',(-4.563424951474,-1.89473415088,
    8.213537880154));
#2635 = CARTESIAN_POINT('',(-3.325829748372,-4.155898624108,
    8.312509052469));
#2636 = CARTESIAN_POINT('',(-0.843188814629,-5.515665430566,
    8.411445427109));
#2637 = CARTESIAN_POINT('',(2.107497942916,-5.166428644598,
    8.510429870805));
#2638 = CARTESIAN_POINT('',(4.204112060873,-3.264671295649,
    8.609366245444));
#2639 = CARTESIAN_POINT('',(4.87965405691,-0.777072117066,8.70833741776)
  );
#2640 = CARTESIAN_POINT('',(4.256780841823,1.428711224988,8.80729087921)
  );
#2641 = CARTESIAN_POINT('',(1.428711242281,4.256780836018,9.005209418704
    ));
#2642 = CARTESIAN_POINT('',(-0.77707209724,4.879654060068,9.104162880152
    ));
#2643 = CARTESIAN_POINT('',(-3.264671278573,4.204112074134,
    9.203134052472));
#2644 = CARTESIAN_POINT('',(-5.16642863603,2.107497963906,9.302070427105
    ));
#2645 = CARTESIAN_POINT('',(-5.515665433997,-0.843188792217,
    9.401054870809));
#2646 = CARTESIAN_POINT('',(-4.155898637617,-3.325829731493,
    9.499991245441));
#2647 = CARTESIAN_POINT('',(-1.894734169421,-4.563424943774,
    9.598962417761));
#2648 = CARTESIAN_POINT('',(0.395510067639,-4.472691660076,
    9.697915879209));
#2649 = CARTESIAN_POINT('',(3.80563962687,-2.382961588048,9.895834418704
    ));
#2650 = CARTESIAN_POINT('',(4.926232708438,-0.383531084207,
    9.994787880153));
#2651 = CARTESIAN_POINT('',(4.850074497368,2.193037678432,10.09375905247
    ));
#2652 = CARTESIAN_POINT('',(3.255346440172,4.531694172549,
    10.192695427107));
#2653 = CARTESIAN_POINT('',(0.467715105381,5.560105673392,
    10.291679870807));
#2654 = CARTESIAN_POINT('',(-2.263761521663,4.817470359233,
    10.390616245442));
#2655 = CARTESIAN_POINT('',(-3.995020241727,2.907692909923,
    10.489587417761));
#2656 = CARTESIAN_POINT('',(-4.441440825121,0.659547039016,
    10.588540879209));
#2657 = CARTESIAN_POINT('',(-3.20552909708,-3.144198166065,
    10.786459418704));
#2658 = CARTESIAN_POINT('',(-1.522940276881,-4.700586953062,
    10.885412880154));
#2659 = CARTESIAN_POINT('',(1.000216467042,-5.228021031718,
    10.98438405247));
#2660 = CARTESIAN_POINT('',(3.646537567623,-4.223303953893,
    11.083320427108));
#2661 = CARTESIAN_POINT('',(5.297293588085,-1.752772991789,
    11.182304870806));
#2662 = CARTESIAN_POINT('',(5.212827901831,1.076597489742,
    11.281241245443));
#2663 = CARTESIAN_POINT('',(3.759972077305,3.205850085097,11.38021241776
    ));
#2664 = CARTESIAN_POINT('',(1.678157471291,4.16475526307,11.47916587921)
  );
#2665 = CARTESIAN_POINT('',(-2.309007814033,3.850958557872,
    11.677084418704));
#2666 = CARTESIAN_POINT('',(-4.215186014305,2.578191547395,
    11.776037880153));
#2667 = CARTESIAN_POINT('',(-5.317066291532,0.247876865558,
    11.875009052469));
#2668 = CARTESIAN_POINT('',(-4.957881018751,-2.559872716165,
    11.973945427109));
#2669 = CARTESIAN_POINT('',(-2.940972363623,-4.741752215745,
    12.072929870805));
#2670 = CARTESIAN_POINT('',(-0.170059490861,-5.320123744669,
    12.171866245443));
#2671 = CARTESIAN_POINT('',(2.239524142379,-4.40447458909,
    12.270837417761));
#2672 = CARTESIAN_POINT('',(3.657924662135,-2.604032654532,
    12.369790879209));
#2673 = CARTESIAN_POINT('',(4.283583435666,1.346221322592,
    12.567709418706));
#2674 = CARTESIAN_POINT('',(3.490971542541,3.496853225321,
    12.666662880146));
#2675 = CARTESIAN_POINT('',(1.482272483102,5.112289621571,
    12.765634052483));
#2676 = CARTESIAN_POINT('',(-1.331748890867,5.418484789199,
    12.864570427092));
#2677 = CARTESIAN_POINT('',(-3.924180861056,3.966653134422,
    12.963554870821));
#2678 = CARTESIAN_POINT('',(-5.133428702386,1.407318956927,
    13.062491245431));
#2679 = CARTESIAN_POINT('',(-4.805585133869,-1.14944173901,
    13.161462417767));
#2680 = CARTESIAN_POINT('',(-3.386008578709,-2.948956562011,
    13.260415879207));
#2681 = CARTESIAN_POINT('',(0.30904242654,-4.479496810838,
    13.458334418707));
#2682 = CARTESIAN_POINT('',(2.585283770387,-4.210839894466,
    13.557287880146));
#2683 = CARTESIAN_POINT('',(4.625007013229,-2.634757487247,
    13.656259052482));
#2684 = CARTESIAN_POINT('',(5.579662227537,3.003240984026E-02,
    13.755195427094));
#2685 = CARTESIAN_POINT('',(4.773136021514,2.889758647235,13.85417987082
    ));
#2686 = CARTESIAN_POINT('',(2.566809753375,4.663059572745,
    13.953116245432));
#2687 = CARTESIAN_POINT('',(4.15899785475E-03,4.941138279079,
    14.052087417766));
#2688 = CARTESIAN_POINT('',(-2.077028652782,3.980873129759,
    14.151040879208));
#2689 = CARTESIAN_POINT('',(-4.427872479087,0.745214203203,
    14.348959418704));
#2690 = CARTESIAN_POINT('',(-4.698016563438,-1.530851122715,
    14.447912880156));
#2691 = CARTESIAN_POINT('',(-3.641645373181,-3.882145781007,
    14.546884052465));
#2692 = CARTESIAN_POINT('',(-1.273343666934,-5.432506642883,
    14.645820427115));
#2693 = CARTESIAN_POINT('',(1.695647910503,-5.315854652142,
    14.744804870799));
#2694 = CARTESIAN_POINT('',(3.935009028736,-3.58445823421,
    14.843741245449));
#2695 = CARTESIAN_POINT('',(4.803643336334,-1.157529907833,
    14.942712417756));
#2696 = CARTESIAN_POINT('',(4.355753997885,1.090323809529,
    15.041665879211));
#2697 = CARTESIAN_POINT('',(1.758290177435,4.131563209204,
    15.239584418703));
#2698 = CARTESIAN_POINT('',(-0.39182339828,4.925580089168,
    15.338537880157));
#2699 = CARTESIAN_POINT('',(-2.924756554878,4.447295356028,
    15.437509052464));
#2700 = CARTESIAN_POINT('',(-4.985149876254,2.506354569949,
    15.536445427116));
#2701 = CARTESIAN_POINT('',(-5.564818308393,-0.40783540028,
    15.635429870798));
#2702 = CARTESIAN_POINT('',(-4.404028982354,-2.989509259327,
    15.734366245449));
#2703 = CARTESIAN_POINT('',(-2.246935530823,-4.40069829806,
    15.833337417757));
#2704 = CARTESIAN_POINT('',(4.336749897582E-02,-4.489935206632,
    15.93229087921));
#2705 = CARTESIAN_POINT('',(3.606943098616,-2.674202756535,
    16.130209418704));
#2706 = CARTESIAN_POINT('',(4.880955274996,-0.76885654952,
    16.229162880151));
#2707 = CARTESIAN_POINT('',(5.007187089466,1.805744815883,
    16.328134052474));
#2708 = CARTESIAN_POINT('',(3.600863920413,4.262312933815,
    16.427070427103));
#2709 = CARTESIAN_POINT('',(0.902514159083,5.506269218966,
    16.526054870811));
#2710 = CARTESIAN_POINT('',(-1.878808732299,4.980232387797,
    16.624991245439));
#2711 = CARTESIAN_POINT('',(-3.754569971227,3.212175138655,
    16.723962417762));
#2712 = CARTESIAN_POINT('',(-4.376001881041,1.005985306474,
    16.822915879209));
#2713 = CARTESIAN_POINT('',(-3.442338465563,-2.883002738156,
    17.020834418706));
#2714 = CARTESIAN_POINT('',(-1.887049361991,-4.566608095256,
    17.119787880149));
#2715 = CARTESIAN_POINT('',(0.586947330886,-5.290380867177,
    17.218759052477));
#2716 = CARTESIAN_POINT('',(3.303939900063,-4.496388957354,
    17.317695427099));
#2717 = CARTESIAN_POINT('',(5.143442815887,-2.162990642339,
    17.416679870814));
#2718 = CARTESIAN_POINT('',(5.281227358609,0.664284935614,
    17.515616245437));
#2719 = CARTESIAN_POINT('',(3.999909436934,2.900963510036,
    17.614587417764));
#2720 = CARTESIAN_POINT('',(1.999747203732,4.020249994825,
    17.713540879208));
#2721 = CARTESIAN_POINT('',(-1.999747187399,4.020250002948,
    17.911459418705));
#2722 = CARTESIAN_POINT('',(-3.999909425149,2.900963526289,
    18.01041288015));
#2723 = CARTESIAN_POINT('',(-5.28122735591,0.664284957065,
    18.109384052475));
#2724 = CARTESIAN_POINT('',(-5.143442824672,-2.162990621439,
    18.208320427102));
#2725 = CARTESIAN_POINT('',(-3.303939918334,-4.496388943933,
    18.307304870811));
#2726 = CARTESIAN_POINT('',(-0.586947352375,-5.290380864793,
    18.406241245439));
#2727 = CARTESIAN_POINT('',(1.887049343436,-4.566608102922,
    18.505212417762));
#2728 = CARTESIAN_POINT('',(3.442338453851,-2.883002752142,
    18.60416587921));
#2729 = CARTESIAN_POINT('',(4.376001885127,1.005985288697,
    18.802084418702));
#2730 = CARTESIAN_POINT('',(3.754569984279,3.2121751234,18.901037880163)
  );
#2731 = CARTESIAN_POINT('',(1.878808752529,4.980232380168,
    19.000009052453));
#2732 = CARTESIAN_POINT('',(-0.902514136712,5.506269222627,
    19.098945427131));
#2733 = CARTESIAN_POINT('',(-3.600863903094,4.262312948451,
    19.197929870784));
#2734 = CARTESIAN_POINT('',(-5.007187082133,1.80574483622,19.29686624546
    ));
#2735 = CARTESIAN_POINT('',(-4.880955278118,-0.768856529688,
    19.395837417751));
#2736 = CARTESIAN_POINT('',(-3.606943109481,-2.674202741882,
    19.494790879212));
#2737 = CARTESIAN_POINT('',(-4.336751721657E-02,-4.489935206455,
    19.692709418702));
#2738 = CARTESIAN_POINT('',(2.246935512944,-4.400698307192,
    19.791662880159));
#2739 = CARTESIAN_POINT('',(4.404028970212,-2.989509277213,
    19.890634052459));
#2740 = CARTESIAN_POINT('',(5.56481830673,-0.407835422894,
    19.989570427123));
#2741 = CARTESIAN_POINT('',(4.985149886443,2.506354549697,
    20.088554870792));
#2742 = CARTESIAN_POINT('',(2.92475657294,4.447295344148,20.187491245452
    ));
#2743 = CARTESIAN_POINT('',(0.391823418294,4.925580087574,
    20.286462417756));
#2744 = CARTESIAN_POINT('',(-1.758290160651,4.131563216348,
    20.385415879209));
#2745 = CARTESIAN_POINT('',(-4.355753993455,1.090323827224,
    20.583334418707));
#2746 = CARTESIAN_POINT('',(-4.80364334104,-1.157529888317,
    20.682287880144));
#2747 = CARTESIAN_POINT('',(-3.935009043293,-3.584458218226,
    20.781259052487));
#2748 = CARTESIAN_POINT('',(-1.695647932104,-5.315854645248,
    20.880195427087));
#2749 = CARTESIAN_POINT('',(1.273343644864,-5.432506648061,
    20.979179870827));
#2750 = CARTESIAN_POINT('',(3.641645357411,-3.882145795799,
    21.078116245427));
#2751 = CARTESIAN_POINT('',(4.698016557217,-1.530851141803,
    21.177087417769));
#2752 = CARTESIAN_POINT('',(4.427872482115,0.745214185214,
    21.276040879208));
#2753 = CARTESIAN_POINT('',(2.077028668955,3.980873121321,
    21.473959418702));
#2754 = CARTESIAN_POINT('',(-4.158977777903E-03,4.941138279096,
    21.572912880164));
#2755 = CARTESIAN_POINT('',(-2.566809734435,4.663059583174,
    21.671884052449));
#2756 = CARTESIAN_POINT('',(-4.773136009768,2.889758666624,
    21.770820427135));
#2757 = CARTESIAN_POINT('',(-5.579662227419,3.003243251489E-02,
    21.869804870779));
#2758 = CARTESIAN_POINT('',(-4.625007023932,-2.634757468463,
    21.968741245463));
#2759 = CARTESIAN_POINT('',(-2.585283787494,-4.210839883959,
    22.06771241775));
#2760 = CARTESIAN_POINT('',(-0.309042444739,-4.479496809584,
    22.166665879212));
#2761 = CARTESIAN_POINT('',(3.386008566728,-2.948956575766,
    22.364584418706));
#2762 = CARTESIAN_POINT('',(4.8055851292,-1.149441758536,22.463537880146
    ));
#2763 = CARTESIAN_POINT('',(5.133428708103,1.407318936075,
    22.562509052483));
#2764 = CARTESIAN_POINT('',(3.924180877169,3.966653118476,
    22.661445427092));
#2765 = CARTESIAN_POINT('',(1.331748912886,5.41848478379,22.760429870821
    ));
#2766 = CARTESIAN_POINT('',(-1.482272462338,5.112289627593,
    22.859366245432));
#2767 = CARTESIAN_POINT('',(-3.490971528331,3.496853239503,
    22.958337417766));
#2768 = CARTESIAN_POINT('',(-4.283583430197,1.346221339995,
    23.057290879209));
#2769 = CARTESIAN_POINT('',(-3.657924672713,-2.604032639671,
    23.255209418703));
#2770 = CARTESIAN_POINT('',(-2.239524160275,-4.404474579992,
    23.354162880161));
#2771 = CARTESIAN_POINT('',(0.170059469252,-5.320123745359,
    23.453134052455));
#2772 = CARTESIAN_POINT('',(2.940972344355,-4.741752227692,
    23.552070427129));
#2773 = CARTESIAN_POINT('',(4.957881008352,-2.559872736311,
    23.651054870784));
#2774 = CARTESIAN_POINT('',(5.31706629254,0.247876843961,23.74999124546)
  );
#2775 = CARTESIAN_POINT('',(4.215186024778,2.578191530268,
    23.848962417751));
#2776 = CARTESIAN_POINT('',(2.309007829678,3.850958548492,
    23.947915879212));
#2777 = CARTESIAN_POINT('',(-1.67815745437,4.164755269887,
    24.145834418706));
#2778 = CARTESIAN_POINT('',(-3.759972064281,3.205850100377,
    24.244787880147));
#2779 = CARTESIAN_POINT('',(-5.212827897457,1.076597510912,
    24.343759052481));
#2780 = CARTESIAN_POINT('',(-5.297293595205,-1.752772970258,
    24.442695427095));
#2781 = CARTESIAN_POINT('',(-3.646537584784,-4.223303939086,
    24.541679870819));
#2782 = CARTESIAN_POINT('',(-1.000216488278,-5.228021027651,
    24.640616245431));
#2783 = CARTESIAN_POINT('',(1.522940257782,-4.700586959251,
    24.739587417769));
#2784 = CARTESIAN_POINT('',(3.205529084307,-3.144198179088,
    24.838540879204));
#2785 = CARTESIAN_POINT('',(4.441440827799,0.659547020971,
    25.036459418714));
#2786 = CARTESIAN_POINT('',(3.995020253545,2.907692893696,25.13541288012
    ));
#2787 = CARTESIAN_POINT('',(2.263761541223,4.81747035003,25.234384052527
    ));
#2788 = CARTESIAN_POINT('',(-0.467715082777,5.560105675296,
    25.333320427039));
#2789 = CARTESIAN_POINT('',(-3.255346421774,4.531694185775,
    25.432304870872));
#2790 = CARTESIAN_POINT('',(-4.850074488451,2.193037698133,
    25.531241245393));
#2791 = CARTESIAN_POINT('',(-4.926232709999,-0.383531064191,
    25.630212417789));
#2792 = CARTESIAN_POINT('',(-3.805639636551,-2.382961572587,
    25.7291658792));
#2793 = CARTESIAN_POINT('',(-0.395510085809,-4.472691658469,
    25.927084418711));
#2794 = CARTESIAN_POINT('',(1.894734150881,-4.563424951473,
    26.026037880127));
#2795 = CARTESIAN_POINT('',(4.155898624105,-3.325829748374,
    26.125009052537));
#2796 = CARTESIAN_POINT('',(5.515665430574,-0.843188814625,
    26.223945426988));
#2797 = CARTESIAN_POINT('',(5.166428644586,2.107497942912,
    26.322929870969));
#2798 = CARTESIAN_POINT('',(3.264671295661,4.204112060879,
    26.421866245268));
#2799 = CARTESIAN_POINT('',(0.777072117057,4.879654056905,
    26.520837417912));
#2800 = CARTESIAN_POINT('',(-1.428711224983,4.256780841826,
    26.619790879104));
#2801 = CARTESIAN_POINT('',(-4.256780836029,1.428711242276,
    26.817709418926));
#2802 = CARTESIAN_POINT('',(-4.879654060009,-0.77707209721,
    26.916662878958));
#2803 = CARTESIAN_POINT('',(-4.204112074289,-3.264671278652,
    27.01563405559));
#2804 = CARTESIAN_POINT('',(-2.107497963626,-5.166428635888,
    27.114570421431));
#2805 = CARTESIAN_POINT('',(0.843188791828,-5.51566543419,
    27.213554878695));
#2806 = CARTESIAN_POINT('',(3.325829731921,-4.155898637407,
    27.31249123677));
#2807 = CARTESIAN_POINT('',(4.563424943395,-1.894734169605,
    27.411462425391));
#2808 = CARTESIAN_POINT('',(4.472691660342,0.395510067768,
    27.510415873858));
#2809 = CARTESIAN_POINT('',(2.38296158749,3.8056396266,27.708334429913)
  );
#2810 = CARTESIAN_POINT('',(0.383531087218,4.926232709897,
    27.807287819655));
#2811 = CARTESIAN_POINT('',(-2.19303768631,4.850074493554,
    27.906259210642));
#2812 = CARTESIAN_POINT('',(-4.531694158196,3.255346447115,
    28.005195139008));
#2813 = CARTESIAN_POINT('',(-5.560105693361,0.46771509573,
    28.104180271517));
#2814 = CARTESIAN_POINT('',(-4.817470337265,-2.263761511053,
    28.203115804648));
#2815 = CARTESIAN_POINT('',(-2.907692929258,-3.995020251062,
    28.30208780574));
#2816 = CARTESIAN_POINT('',(-0.659547025454,-4.441440818574,
    28.40104060707));
#2817 = CARTESIAN_POINT('',(1.242325556102,-3.823484964683,
    28.500000297923));
#2818 = PCURVE('',#1482,#2819);
#2819 = DEFINITIONAL_REPRESENTATION('',(#2820),#2824);
#2820 = LINE('',#2821,#2822);
#2821 = CARTESIAN_POINT('',(0.728868986856,0.));
#2822 = VECTOR('',#2823,1.);
#2823 = DIRECTION('',(0.,1.));
#2824 = ( GEOMETRIC_REPRESENTATION_CONTEXT(2) 
PARAMETRIC_REPRESENTATION_CONTEXT() REPRESENTATION_CONTEXT('2D SPACE',''
  ) );
#2825 = PCURVE('',#2826,#3343);
#2826 = B_SPLINE_SURFACE_WITH_KNOTS('',1,9,(
    (#2827,#2828,#2829,#2830,#2831,#2832,#2833,#2834,#2835,#2836,#2837
      ,#2838,#2839,#2840,#2841,#2842,#2843,#2844,#2845,#2846,#2847,#2848
      ,#2849,#2850,#2851,#2852,#2853,#2854,#2855,#2856,#2857,#2858,#2859
      ,#2860,#2861,#2862,#2863,#2864,#2865,#2866,#2867,#2868,#2869,#2870
      ,#2871,#2872,#2873,#2874,#2875,#2876,#2877,#2878,#2879,#2880,#2881
      ,#2882,#2883,#2884,#2885,#2886,#2887,#2888,#2889,#2890,#2891,#2892
      ,#2893,#2894,#2895,#2896,#2897,#2898,#2899,#2900,#2901,#2902,#2903
      ,#2904,#2905,#2906,#2907,#2908,#2909,#2910,#2911,#2912,#2913,#2914
      ,#2915,#2916,#2917,#2918,#2919,#2920,#2921,#2922,#2923,#2924,#2925
      ,#2926,#2927,#2928,#2929,#2930,#2931,#2932,#2933,#2934,#2935,#2936
      ,#2937,#2938,#2939,#2940,#2941,#2942,#2943,#2944,#2945,#2946,#2947
      ,#2948,#2949,#2950,#2951,#2952,#2953,#2954,#2955,#2956,#2957,#2958
      ,#2959,#2960,#2961,#2962,#2963,#2964,#2965,#2966,#2967,#2968,#2969
      ,#2970,#2971,#2972,#2973,#2974,#2975,#2976,#2977,#2978,#2979,#2980
      ,#2981,#2982,#2983,#2984,#2985,#2986,#2987,#2988,#2989,#2990,#2991
      ,#2992,#2993,#2994,#2995,#2996,#2997,#2998,#2999,#3000,#3001,#3002
      ,#3003,#3004,#3005,#3006,#3007,#3008,#3009,#3010,#3011,#3012,#3013
      ,#3014,#3015,#3016,#3017,#3018,#3019,#3020,#3021,#3022,#3023,#3024
      ,#3025,#3026,#3027,#3028,#3029,#3030,#3031,#3032,#3033,#3034,#3035
      ,#3036,#3037,#3038,#3039,#3040,#3041,#3042,#3043,#3044,#3045,#3046
      ,#3047,#3048,#3049,#3050,#3051,#3052,#3053,#3054,#3055,#3056,#3057
      ,#3058,#3059,#3060,#3061,#3062,#3063,#3064,#3065,#3066,#3067,#3068
      ,#3069,#3070,#3071,#3072,#3073,#3074,#3075,#3076,#3077,#3078,#3079
      ,#3080,#3081,#3082,#3083,#3084)
    ,(#3085,#3086,#3087,#3088,#3089,#3090,#3091,#3092,#3093,#3094,#3095
      ,#3096,#3097,#3098,#3099,#3100,#3101,#3102,#3103,#3104,#3105,#3106
      ,#3107,#3108,#3109,#3110,#3111,#3112,#3113,#3114,#3115,#3116,#3117
      ,#3118,#3119,#3120,#3121,#3122,#3123,#3124,#3125,#3126,#3127,#3128
      ,#3129,#3130,#3131,#3132,#3133,#3134,#3135,#3136,#3137,#3138,#3139
      ,#3140,#3141,#3142,#3143,#3144,#3145,#3146,#3147,#3148,#3149,#3150
      ,#3151,#3152,#3153,#3154,#3155,#3156,#3157,#3158,#3159,#3160,#3161
      ,#3162,#3163,#3164,#3165,#3166,#3167,#3168,#3169,#3170,#3171,#3172
      ,#3173,#3174,#3175,#3176,#3177,#3178,#3179,#3180,#3181,#3182,#3183
      ,#3184,#3185,#3186,#3187,#3188,#3189,#3190,#3191,#3192,#3193,#3194
      ,#3195,#3196,#3197,#3198,#3199,#3200,#3201,#3202,#3203,#3204,#3205
      ,#3206,#3207,#3208,#3209,#3210,#3211,#3212,#3213,#3214,#3215,#3216
      ,#3217,#3218,#3219,#3220,#3221,#3222,#3223,#3224,#3225,#3226,#3227
      ,#3228,#3229,#3230,#3231,#3232,#3233,#3234,#3235,#3236,#3237,#3238
      ,#3239,#3240,#3241,#3242,#3243,#3244,#3245,#3246,#3247,#3248,#3249
      ,#3250,#3251,#3252,#3253,#3254,#3255,#3256,#3257,#3258,#3259,#3260
      ,#3261,#3262,#3263,#3264,#3265,#3266,#3267,#3268,#3269,#3270,#3271
      ,#3272,#3273,#3274,#3275,#3276,#3277,#3278,#3279,#3280,#3281,#3282
      ,#3283,#3284,#3285,#3286,#3287,#3288,#3289,#3290,#3291,#3292,#3293
      ,#3294,#3295,#3296,#3297,#3298,#3299,#3300,#3301,#3302,#3303,#3304
      ,#3305,#3306,#3307,#3308,#3309,#3310,#3311,#3312,#3313,#3314,#3315
      ,#3316,#3317,#3318,#3319,#3320,#3321,#3322,#3323,#3324,#3325,#3326
      ,#3327,#3328,#3329,#3330,#3331,#3332,#3333,#3334,#3335,#3336,#3337
      ,#3338,#3339,#3340,#3341,#3342
    )),.UNSPECIFIED.,.F.,.F.,.F.,(2,2),(10,8,8,8,8,8,8,8,8,8,8,8,8,8,8,8
    ,8,8,8,8,8,8,8,8,8,8,8,8,8,8,8,8,10),(0.,0.728868986856),(0.,
    4.564501980237,9.129003960474,13.693505940711,18.258007920948,
    22.822509901185,27.387011881422,31.951513861659,36.516015841896,
    41.080517822133,45.64501980237,50.209521782607,54.774023762843,
    59.33852574308,63.903027723317,68.467529703554,73.032031683791,
    77.596533664028,82.161035644265,86.725537624502,91.290039604739,
    95.854541584976,100.41904356521,104.98354554545,109.54804752568,
    114.11254950592,118.67705148616,123.24155346639,127.80605544663,
    132.37055742687,136.9350594071,141.49956138734,146.06406336758),
  .UNSPECIFIED.);
#2827 = CARTESIAN_POINT('',(4.02025,8.881784197001E-16,0.));
#2828 = CARTESIAN_POINT('',(4.020250000914,1.99974717248,
    9.895969081778E-02));
#2829 = CARTESIAN_POINT('',(2.90096352919,3.999909446416,0.197912492222)
  );
#2830 = CARTESIAN_POINT('',(0.66428495377,5.28122733175,0.296884493197)
  );
#2831 = CARTESIAN_POINT('',(-2.162990618443,5.143442846632,
    0.395820026476));
#2832 = CARTESIAN_POINT('',(-4.496388946086,3.303939902548,
    0.494805158831));
#2833 = CARTESIAN_POINT('',(-5.290380863611,0.586947361041,
    0.593741087328));
#2834 = CARTESIAN_POINT('',(-4.566608103374,-1.88704934675,
    0.692712478227));
#2835 = CARTESIAN_POINT('',(-2.883002752058,-3.442338453237,
    0.791665868009));
#2836 = CARTESIAN_POINT('',(1.005985288656,-4.376001885421,
    0.989584424052));
#2837 = CARTESIAN_POINT('',(3.212175123459,-3.754569983861,
    1.088537872526));
#2838 = CARTESIAN_POINT('',(4.980232380099,-1.878808753005,
    1.187509061141));
#2839 = CARTESIAN_POINT('',(5.506269222692,0.902514137145,1.286445419221
    ));
#2840 = CARTESIAN_POINT('',(4.262312948403,3.600863902784,1.385429876481
    ));
#2841 = CARTESIAN_POINT('',(1.805744836247,5.007187082303,1.484366242325
    ));
#2842 = CARTESIAN_POINT('',(-0.768856529698,4.880955278053,
    1.583337418955));
#2843 = CARTESIAN_POINT('',(-2.67420274188,3.606943109493,1.682290878987
    ));
#2844 = CARTESIAN_POINT('',(-4.489935206456,4.336751721111E-02,
    1.880209418811));
#2845 = CARTESIAN_POINT('',(-4.40069830719,-2.246935512936,
    1.979162879997));
#2846 = CARTESIAN_POINT('',(-2.989509277217,-4.404028970221,
    2.078134052654));
#2847 = CARTESIAN_POINT('',(-0.40783542289,-5.564818306722,
    2.177070426935));
#2848 = CARTESIAN_POINT('',(2.506354549695,-4.985149886449,
    2.276054870935));
#2849 = CARTESIAN_POINT('',(4.447295344147,-2.924756572937,
    2.374991245369));
#2850 = CARTESIAN_POINT('',(4.925580087575,-0.391823418295,
    2.473962417791));
#2851 = CARTESIAN_POINT('',(4.131563216348,1.758290160651,2.572915879203
    ));
#2852 = CARTESIAN_POINT('',(1.090323827224,4.355753993455,2.770834418708
    ));
#2853 = CARTESIAN_POINT('',(-1.157529888318,4.803643341038,
    2.869787880144));
#2854 = CARTESIAN_POINT('',(-3.584458218223,3.935009043297,
    2.968759052486));
#2855 = CARTESIAN_POINT('',(-5.315854645254,1.695647932099,
    3.067695427088));
#2856 = CARTESIAN_POINT('',(-5.432506648056,-1.27334364486,
    3.166679870825));
#2857 = CARTESIAN_POINT('',(-3.882145795802,-3.641645357413,
    3.26561624543));
#2858 = CARTESIAN_POINT('',(-1.530851141801,-4.698016557217,
    3.364587417767));
#2859 = CARTESIAN_POINT('',(0.745214185214,-4.427872482115,
    3.463540879207));
#2860 = CARTESIAN_POINT('',(3.980873121321,-2.077028668955,
    3.661459418707));
#2861 = CARTESIAN_POINT('',(4.941138279098,4.158977778695E-03,
    3.760412880145));
#2862 = CARTESIAN_POINT('',(4.663059583171,2.566809734434,3.859384052485
    ));
#2863 = CARTESIAN_POINT('',(2.889758666628,4.773136009769,3.958320427088
    ));
#2864 = CARTESIAN_POINT('',(3.003243250978E-02,5.57966222742,
    4.057304870825));
#2865 = CARTESIAN_POINT('',(-2.634757468459,4.62500702393,4.156241245429
    ));
#2866 = CARTESIAN_POINT('',(-4.210839883961,2.585283787495,
    4.255212417768));
#2867 = CARTESIAN_POINT('',(-4.479496809583,0.309042444739,
    4.354165879207));
#2868 = CARTESIAN_POINT('',(-2.948956575766,-3.386008566729,
    4.552084418706));
#2869 = CARTESIAN_POINT('',(-1.149441758534,-4.805585129199,
    4.651037880148));
#2870 = CARTESIAN_POINT('',(1.407318936071,-5.133428708105,
    4.750009052481));
#2871 = CARTESIAN_POINT('',(3.966653118482,-3.924180877167,
    4.848945427093));
#2872 = CARTESIAN_POINT('',(5.418484783785,-1.331748912887,
    4.947929870821));
#2873 = CARTESIAN_POINT('',(5.112289627596,1.482272462338,5.046866245432
    ));
#2874 = CARTESIAN_POINT('',(3.496853239501,3.490971528331,5.145837417766
    ));
#2875 = CARTESIAN_POINT('',(1.346221339995,4.283583430197,5.244790879207
    ));
#2876 = CARTESIAN_POINT('',(-2.604032639671,3.657924672713,
    5.442709418707));
#2877 = CARTESIAN_POINT('',(-4.404474579992,2.239524160275,
    5.541662880145));
#2878 = CARTESIAN_POINT('',(-5.32012374536,-0.170059469251,
    5.640634052486));
#2879 = CARTESIAN_POINT('',(-4.741752227691,-2.940972344355,
    5.739570427086));
#2880 = CARTESIAN_POINT('',(-2.559872736312,-4.957881008353,
    5.838554870827));
#2881 = CARTESIAN_POINT('',(0.247876843961,-5.317066292539,
    5.937491245428));
#2882 = CARTESIAN_POINT('',(2.578191530267,-4.215186024779,
    6.036462417767));
#2883 = CARTESIAN_POINT('',(3.850958548492,-2.309007829678,
    6.135415879208));
#2884 = CARTESIAN_POINT('',(4.164755269887,1.678157454371,6.333334418705
    ));
#2885 = CARTESIAN_POINT('',(3.205850100376,3.75997206428,6.432287880153)
  );
#2886 = CARTESIAN_POINT('',(1.076597510915,5.21282789746,6.531259052471)
  );
#2887 = CARTESIAN_POINT('',(-1.752772970265,5.2972935952,6.630195427106)
  );
#2888 = CARTESIAN_POINT('',(-4.223303939079,3.646537584788,
    6.729179870808));
#2889 = CARTESIAN_POINT('',(-5.228021027656,1.000216488275,
    6.828116245442));
#2890 = CARTESIAN_POINT('',(-4.700586959248,-1.522940257781,
    6.927087417761));
#2891 = CARTESIAN_POINT('',(-3.144198179089,-3.205529084307,
    7.026040879209));
#2892 = CARTESIAN_POINT('',(0.659547020972,-4.441440827799,
    7.223959418705));
#2893 = CARTESIAN_POINT('',(2.907692893692,-3.995020253543,
    7.322912880151));
#2894 = CARTESIAN_POINT('',(4.817470350037,-2.263761541229,
    7.421884052475));
#2895 = CARTESIAN_POINT('',(5.56010567529,0.467715082787,7.520820427101)
  );
#2896 = CARTESIAN_POINT('',(4.531694185778,3.255346421764,7.619804870812
    ));
#2897 = CARTESIAN_POINT('',(2.193037698133,4.850074488459,7.718741245439
    ));
#2898 = CARTESIAN_POINT('',(-0.383531064191,4.926232709995,
    7.817712417762));
#2899 = CARTESIAN_POINT('',(-2.382961572587,3.805639636552,
    7.916665879209));
#2900 = CARTESIAN_POINT('',(-4.472691658469,0.395510085809,
    8.114584418704));
#2901 = CARTESIAN_POINT('',(-4.563424951474,-1.89473415088,
    8.213537880154));
#2902 = CARTESIAN_POINT('',(-3.325829748372,-4.155898624108,
    8.312509052469));
#2903 = CARTESIAN_POINT('',(-0.843188814629,-5.515665430566,
    8.411445427109));
#2904 = CARTESIAN_POINT('',(2.107497942916,-5.166428644598,
    8.510429870805));
#2905 = CARTESIAN_POINT('',(4.204112060873,-3.264671295649,
    8.609366245444));
#2906 = CARTESIAN_POINT('',(4.87965405691,-0.777072117066,8.70833741776)
  );
#2907 = CARTESIAN_POINT('',(4.256780841823,1.428711224988,8.80729087921)
  );
#2908 = CARTESIAN_POINT('',(1.428711242281,4.256780836018,9.005209418704
    ));
#2909 = CARTESIAN_POINT('',(-0.77707209724,4.879654060068,9.104162880152
    ));
#2910 = CARTESIAN_POINT('',(-3.264671278573,4.204112074134,
    9.203134052472));
#2911 = CARTESIAN_POINT('',(-5.16642863603,2.107497963906,9.302070427105
    ));
#2912 = CARTESIAN_POINT('',(-5.515665433997,-0.843188792217,
    9.401054870809));
#2913 = CARTESIAN_POINT('',(-4.155898637617,-3.325829731493,
    9.499991245441));
#2914 = CARTESIAN_POINT('',(-1.894734169421,-4.563424943774,
    9.598962417761));
#2915 = CARTESIAN_POINT('',(0.395510067639,-4.472691660076,
    9.697915879209));
#2916 = CARTESIAN_POINT('',(3.80563962687,-2.382961588048,9.895834418704
    ));
#2917 = CARTESIAN_POINT('',(4.926232708438,-0.383531084207,
    9.994787880153));
#2918 = CARTESIAN_POINT('',(4.850074497368,2.193037678432,10.09375905247
    ));
#2919 = CARTESIAN_POINT('',(3.255346440172,4.531694172549,
    10.192695427107));
#2920 = CARTESIAN_POINT('',(0.467715105381,5.560105673392,
    10.291679870807));
#2921 = CARTESIAN_POINT('',(-2.263761521663,4.817470359233,
    10.390616245442));
#2922 = CARTESIAN_POINT('',(-3.995020241727,2.907692909923,
    10.489587417761));
#2923 = CARTESIAN_POINT('',(-4.441440825121,0.659547039016,
    10.588540879209));
#2924 = CARTESIAN_POINT('',(-3.20552909708,-3.144198166065,
    10.786459418704));
#2925 = CARTESIAN_POINT('',(-1.522940276881,-4.700586953062,
    10.885412880154));
#2926 = CARTESIAN_POINT('',(1.000216467042,-5.228021031718,
    10.98438405247));
#2927 = CARTESIAN_POINT('',(3.646537567623,-4.223303953893,
    11.083320427108));
#2928 = CARTESIAN_POINT('',(5.297293588085,-1.752772991789,
    11.182304870806));
#2929 = CARTESIAN_POINT('',(5.212827901831,1.076597489741,
    11.281241245443));
#2930 = CARTESIAN_POINT('',(3.759972077305,3.205850085097,11.38021241776
    ));
#2931 = CARTESIAN_POINT('',(1.678157471291,4.16475526307,11.47916587921)
  );
#2932 = CARTESIAN_POINT('',(-2.309007814033,3.850958557872,
    11.677084418704));
#2933 = CARTESIAN_POINT('',(-4.215186014305,2.578191547395,
    11.776037880153));
#2934 = CARTESIAN_POINT('',(-5.317066291532,0.247876865558,
    11.875009052469));
#2935 = CARTESIAN_POINT('',(-4.957881018751,-2.559872716165,
    11.973945427109));
#2936 = CARTESIAN_POINT('',(-2.940972363623,-4.741752215745,
    12.072929870805));
#2937 = CARTESIAN_POINT('',(-0.170059490861,-5.320123744669,
    12.171866245443));
#2938 = CARTESIAN_POINT('',(2.239524142379,-4.40447458909,
    12.270837417761));
#2939 = CARTESIAN_POINT('',(3.657924662135,-2.604032654532,
    12.369790879209));
#2940 = CARTESIAN_POINT('',(4.283583435666,1.346221322592,
    12.567709418706));
#2941 = CARTESIAN_POINT('',(3.490971542541,3.496853225321,
    12.666662880146));
#2942 = CARTESIAN_POINT('',(1.482272483102,5.112289621571,
    12.765634052483));
#2943 = CARTESIAN_POINT('',(-1.331748890867,5.418484789199,
    12.864570427092));
#2944 = CARTESIAN_POINT('',(-3.924180861056,3.966653134422,
    12.963554870821));
#2945 = CARTESIAN_POINT('',(-5.133428702386,1.407318956927,
    13.062491245431));
#2946 = CARTESIAN_POINT('',(-4.805585133869,-1.14944173901,
    13.161462417767));
#2947 = CARTESIAN_POINT('',(-3.386008578709,-2.948956562011,
    13.260415879207));
#2948 = CARTESIAN_POINT('',(0.30904242654,-4.479496810838,
    13.458334418707));
#2949 = CARTESIAN_POINT('',(2.585283770387,-4.210839894466,
    13.557287880146));
#2950 = CARTESIAN_POINT('',(4.625007013229,-2.634757487247,
    13.656259052482));
#2951 = CARTESIAN_POINT('',(5.579662227537,3.003240984008E-02,
    13.755195427094));
#2952 = CARTESIAN_POINT('',(4.773136021514,2.889758647235,13.85417987082
    ));
#2953 = CARTESIAN_POINT('',(2.566809753375,4.663059572745,
    13.953116245432));
#2954 = CARTESIAN_POINT('',(4.15899785475E-03,4.941138279079,
    14.052087417766));
#2955 = CARTESIAN_POINT('',(-2.077028652782,3.980873129759,
    14.151040879208));
#2956 = CARTESIAN_POINT('',(-4.427872479087,0.745214203203,
    14.348959418704));
#2957 = CARTESIAN_POINT('',(-4.698016563438,-1.530851122715,
    14.447912880156));
#2958 = CARTESIAN_POINT('',(-3.641645373181,-3.882145781007,
    14.546884052465));
#2959 = CARTESIAN_POINT('',(-1.273343666934,-5.432506642883,
    14.645820427115));
#2960 = CARTESIAN_POINT('',(1.695647910503,-5.315854652142,
    14.744804870799));
#2961 = CARTESIAN_POINT('',(3.935009028736,-3.58445823421,
    14.843741245449));
#2962 = CARTESIAN_POINT('',(4.803643336334,-1.157529907833,
    14.942712417756));
#2963 = CARTESIAN_POINT('',(4.355753997885,1.090323809529,
    15.041665879211));
#2964 = CARTESIAN_POINT('',(1.758290177435,4.131563209204,
    15.239584418703));
#2965 = CARTESIAN_POINT('',(-0.39182339828,4.925580089167,
    15.338537880157));
#2966 = CARTESIAN_POINT('',(-2.924756554878,4.447295356028,
    15.437509052464));
#2967 = CARTESIAN_POINT('',(-4.985149876254,2.506354569949,
    15.536445427116));
#2968 = CARTESIAN_POINT('',(-5.564818308393,-0.40783540028,
    15.635429870798));
#2969 = CARTESIAN_POINT('',(-4.404028982354,-2.989509259327,
    15.734366245449));
#2970 = CARTESIAN_POINT('',(-2.246935530823,-4.40069829806,
    15.833337417757));
#2971 = CARTESIAN_POINT('',(4.336749897582E-02,-4.489935206632,
    15.93229087921));
#2972 = CARTESIAN_POINT('',(3.606943098616,-2.674202756535,
    16.130209418704));
#2973 = CARTESIAN_POINT('',(4.880955274996,-0.76885654952,
    16.229162880151));
#2974 = CARTESIAN_POINT('',(5.007187089466,1.805744815883,
    16.328134052474));
#2975 = CARTESIAN_POINT('',(3.600863920413,4.262312933815,
    16.427070427103));
#2976 = CARTESIAN_POINT('',(0.902514159083,5.506269218966,
    16.526054870811));
#2977 = CARTESIAN_POINT('',(-1.878808732299,4.980232387797,
    16.624991245439));
#2978 = CARTESIAN_POINT('',(-3.754569971227,3.212175138655,
    16.723962417762));
#2979 = CARTESIAN_POINT('',(-4.376001881041,1.005985306474,
    16.822915879209));
#2980 = CARTESIAN_POINT('',(-3.442338465563,-2.883002738156,
    17.020834418706));
#2981 = CARTESIAN_POINT('',(-1.887049361991,-4.566608095256,
    17.119787880149));
#2982 = CARTESIAN_POINT('',(0.586947330886,-5.290380867177,
    17.218759052477));
#2983 = CARTESIAN_POINT('',(3.303939900063,-4.496388957354,
    17.317695427099));
#2984 = CARTESIAN_POINT('',(5.143442815887,-2.162990642339,
    17.416679870814));
#2985 = CARTESIAN_POINT('',(5.281227358609,0.664284935614,
    17.515616245437));
#2986 = CARTESIAN_POINT('',(3.999909436934,2.900963510036,
    17.614587417764));
#2987 = CARTESIAN_POINT('',(1.999747203732,4.020249994825,
    17.713540879208));
#2988 = CARTESIAN_POINT('',(-1.999747187399,4.020250002948,
    17.911459418705));
#2989 = CARTESIAN_POINT('',(-3.999909425149,2.900963526289,
    18.01041288015));
#2990 = CARTESIAN_POINT('',(-5.28122735591,0.664284957065,
    18.109384052475));
#2991 = CARTESIAN_POINT('',(-5.143442824672,-2.162990621439,
    18.208320427102));
#2992 = CARTESIAN_POINT('',(-3.303939918334,-4.496388943933,
    18.307304870811));
#2993 = CARTESIAN_POINT('',(-0.586947352375,-5.290380864793,
    18.406241245439));
#2994 = CARTESIAN_POINT('',(1.887049343436,-4.566608102922,
    18.505212417762));
#2995 = CARTESIAN_POINT('',(3.442338453851,-2.883002752142,
    18.60416587921));
#2996 = CARTESIAN_POINT('',(4.376001885127,1.005985288697,
    18.802084418702));
#2997 = CARTESIAN_POINT('',(3.754569984279,3.2121751234,18.901037880163)
  );
#2998 = CARTESIAN_POINT('',(1.878808752529,4.980232380168,
    19.000009052453));
#2999 = CARTESIAN_POINT('',(-0.902514136712,5.506269222627,
    19.098945427131));
#3000 = CARTESIAN_POINT('',(-3.600863903094,4.262312948451,
    19.197929870784));
#3001 = CARTESIAN_POINT('',(-5.007187082134,1.80574483622,19.29686624546
    ));
#3002 = CARTESIAN_POINT('',(-4.880955278117,-0.768856529688,
    19.395837417751));
#3003 = CARTESIAN_POINT('',(-3.606943109481,-2.674202741882,
    19.494790879212));
#3004 = CARTESIAN_POINT('',(-4.336751721658E-02,-4.489935206455,
    19.692709418702));
#3005 = CARTESIAN_POINT('',(2.246935512944,-4.400698307192,
    19.791662880159));
#3006 = CARTESIAN_POINT('',(4.404028970212,-2.989509277213,
    19.890634052459));
#3007 = CARTESIAN_POINT('',(5.56481830673,-0.407835422894,
    19.989570427123));
#3008 = CARTESIAN_POINT('',(4.985149886443,2.506354549697,
    20.088554870792));
#3009 = CARTESIAN_POINT('',(2.92475657294,4.447295344148,20.187491245452
    ));
#3010 = CARTESIAN_POINT('',(0.391823418294,4.925580087574,
    20.286462417756));
#3011 = CARTESIAN_POINT('',(-1.758290160651,4.131563216348,
    20.385415879209));
#3012 = CARTESIAN_POINT('',(-4.355753993455,1.090323827224,
    20.583334418707));
#3013 = CARTESIAN_POINT('',(-4.80364334104,-1.157529888317,
    20.682287880144));
#3014 = CARTESIAN_POINT('',(-3.935009043293,-3.584458218226,
    20.781259052487));
#3015 = CARTESIAN_POINT('',(-1.695647932104,-5.315854645248,
    20.880195427087));
#3016 = CARTESIAN_POINT('',(1.273343644864,-5.432506648061,
    20.979179870827));
#3017 = CARTESIAN_POINT('',(3.641645357411,-3.882145795799,
    21.078116245427));
#3018 = CARTESIAN_POINT('',(4.698016557217,-1.530851141803,
    21.177087417769));
#3019 = CARTESIAN_POINT('',(4.427872482115,0.745214185214,
    21.276040879208));
#3020 = CARTESIAN_POINT('',(2.077028668954,3.980873121321,
    21.473959418702));
#3021 = CARTESIAN_POINT('',(-4.158977777817E-03,4.941138279096,
    21.572912880163));
#3022 = CARTESIAN_POINT('',(-2.566809734436,4.663059583174,
    21.67188405245));
#3023 = CARTESIAN_POINT('',(-4.773136009768,2.889758666624,
    21.770820427134));
#3024 = CARTESIAN_POINT('',(-5.579662227419,3.003243251489E-02,
    21.869804870781));
#3025 = CARTESIAN_POINT('',(-4.625007023931,-2.634757468463,
    21.968741245462));
#3026 = CARTESIAN_POINT('',(-2.585283787494,-4.210839883959,
    22.067712417751));
#3027 = CARTESIAN_POINT('',(-0.309042444739,-4.479496809584,
    22.166665879212));
#3028 = CARTESIAN_POINT('',(3.386008566728,-2.948956575766,
    22.364584418706));
#3029 = CARTESIAN_POINT('',(4.8055851292,-1.149441758536,22.463537880147
    ));
#3030 = CARTESIAN_POINT('',(5.133428708104,1.407318936075,
    22.562509052482));
#3031 = CARTESIAN_POINT('',(3.924180877169,3.966653118476,
    22.661445427093));
#3032 = CARTESIAN_POINT('',(1.331748912886,5.41848478379,22.76042987082)
  );
#3033 = CARTESIAN_POINT('',(-1.482272462338,5.112289627593,
    22.859366245433));
#3034 = CARTESIAN_POINT('',(-3.490971528331,3.496853239503,
    22.958337417765));
#3035 = CARTESIAN_POINT('',(-4.283583430197,1.346221339995,
    23.057290879209));
#3036 = CARTESIAN_POINT('',(-3.657924672713,-2.604032639671,
    23.255209418703));
#3037 = CARTESIAN_POINT('',(-2.239524160275,-4.404474579992,
    23.354162880161));
#3038 = CARTESIAN_POINT('',(0.170059469252,-5.320123745359,
    23.453134052453));
#3039 = CARTESIAN_POINT('',(2.940972344355,-4.741752227692,
    23.552070427132));
#3040 = CARTESIAN_POINT('',(4.957881008352,-2.559872736311,
    23.651054870781));
#3041 = CARTESIAN_POINT('',(5.31706629254,0.247876843961,23.749991245462
    ));
#3042 = CARTESIAN_POINT('',(4.215186024778,2.578191530268,23.84896241775
    ));
#3043 = CARTESIAN_POINT('',(2.309007829678,3.850958548492,
    23.947915879212));
#3044 = CARTESIAN_POINT('',(-1.67815745437,4.164755269887,
    24.145834418706));
#3045 = CARTESIAN_POINT('',(-3.759972064281,3.205850100377,
    24.244787880146));
#3046 = CARTESIAN_POINT('',(-5.212827897457,1.076597510912,
    24.343759052482));
#3047 = CARTESIAN_POINT('',(-5.297293595205,-1.752772970258,
    24.442695427094));
#3048 = CARTESIAN_POINT('',(-3.646537584784,-4.223303939086,
    24.54167987082));
#3049 = CARTESIAN_POINT('',(-1.000216488278,-5.228021027651,
    24.640616245431));
#3050 = CARTESIAN_POINT('',(1.522940257782,-4.700586959251,
    24.739587417769));
#3051 = CARTESIAN_POINT('',(3.205529084307,-3.144198179088,
    24.838540879204));
#3052 = CARTESIAN_POINT('',(4.441440827799,0.659547020971,
    25.036459418714));
#3053 = CARTESIAN_POINT('',(3.995020253545,2.907692893696,25.13541288012
    ));
#3054 = CARTESIAN_POINT('',(2.263761541223,4.81747035003,25.234384052527
    ));
#3055 = CARTESIAN_POINT('',(-0.467715082777,5.560105675296,
    25.333320427038));
#3056 = CARTESIAN_POINT('',(-3.255346421774,4.531694185775,
    25.432304870873));
#3057 = CARTESIAN_POINT('',(-4.850074488451,2.193037698133,
    25.531241245392));
#3058 = CARTESIAN_POINT('',(-4.926232709999,-0.383531064191,
    25.630212417789));
#3059 = CARTESIAN_POINT('',(-3.805639636551,-2.382961572587,
    25.7291658792));
#3060 = CARTESIAN_POINT('',(-0.395510085809,-4.472691658469,
    25.927084418711));
#3061 = CARTESIAN_POINT('',(1.894734150881,-4.563424951473,
    26.026037880127));
#3062 = CARTESIAN_POINT('',(4.155898624105,-3.325829748374,
    26.125009052537));
#3063 = CARTESIAN_POINT('',(5.515665430574,-0.843188814625,
    26.223945426988));
#3064 = CARTESIAN_POINT('',(5.166428644586,2.107497942912,
    26.322929870969));
#3065 = CARTESIAN_POINT('',(3.264671295661,4.204112060879,
    26.421866245268));
#3066 = CARTESIAN_POINT('',(0.777072117057,4.879654056905,
    26.520837417912));
#3067 = CARTESIAN_POINT('',(-1.428711224983,4.256780841826,
    26.619790879104));
#3068 = CARTESIAN_POINT('',(-4.256780836029,1.428711242276,
    26.817709418926));
#3069 = CARTESIAN_POINT('',(-4.879654060009,-0.77707209721,
    26.916662878958));
#3070 = CARTESIAN_POINT('',(-4.204112074289,-3.264671278652,
    27.015634055591));
#3071 = CARTESIAN_POINT('',(-2.107497963626,-5.166428635888,
    27.11457042143));
#3072 = CARTESIAN_POINT('',(0.843188791828,-5.51566543419,
    27.213554878695));
#3073 = CARTESIAN_POINT('',(3.325829731921,-4.155898637407,
    27.31249123677));
#3074 = CARTESIAN_POINT('',(4.563424943395,-1.894734169605,
    27.411462425391));
#3075 = CARTESIAN_POINT('',(4.472691660342,0.395510067768,
    27.510415873858));
#3076 = CARTESIAN_POINT('',(2.38296158749,3.8056396266,27.708334429913)
  );
#3077 = CARTESIAN_POINT('',(0.383531087218,4.926232709897,
    27.807287819655));
#3078 = CARTESIAN_POINT('',(-2.193037686309,4.850074493554,
    27.906259210642));
#3079 = CARTESIAN_POINT('',(-4.531694158196,3.255346447115,
    28.005195139008));
#3080 = CARTESIAN_POINT('',(-5.560105693361,0.46771509573,
    28.104180271517));
#3081 = CARTESIAN_POINT('',(-4.817470337265,-2.263761511053,
    28.203115804648));
#3082 = CARTESIAN_POINT('',(-2.907692929258,-3.995020251062,
    28.30208780574));
#3083 = CARTESIAN_POINT('',(-0.659547025454,-4.441440818574,
    28.40104060707));
#3084 = CARTESIAN_POINT('',(1.242325556102,-3.823484964683,
    28.500000297923));
#3085 = CARTESIAN_POINT('',(3.34525,0.,0.275));
#3086 = CARTESIAN_POINT('',(3.345249031038,1.66399095687,0.373957350327)
  );
#3087 = CARTESIAN_POINT('',(2.413893779506,3.328319315559,0.47291968954)
  );
#3088 = CARTESIAN_POINT('',(0.552749644483,4.394518998971,0.571868125615
    ));
#3089 = CARTESIAN_POINT('',(-1.799826581473,4.279847118399,
    0.670842969336));
#3090 = CARTESIAN_POINT('',(-3.741437778119,2.749216981122,
    0.769781896475));
#3091 = CARTESIAN_POINT('',(-4.402134305592,0.488394426238,
    0.868756454007));
#3092 = CARTESIAN_POINT('',(-3.799869242759,-1.57021217019,
    0.967705331857));
#3093 = CARTESIAN_POINT('',(-2.398947976085,-2.864370059576,
    1.066667245005));
#3094 = CARTESIAN_POINT('',(0.837081825561,-3.641270691921,
    1.264582543502));
#3095 = CARTESIAN_POINT('',(2.672845349644,-3.124178154246,
    1.363544414149));
#3096 = CARTESIAN_POINT('',(4.144061163969,-1.563357511726,
    1.462493438481));
#3097 = CARTESIAN_POINT('',(4.581755848806,0.750987032145,1.561467684938
    ));
#3098 = CARTESIAN_POINT('',(3.546677146064,2.99626940176,1.660407100932)
  );
#3099 = CARTESIAN_POINT('',(1.502557923984,4.166489676403,1.75938134177)
  );
#3100 = CARTESIAN_POINT('',(-0.639765236392,4.061437263726,
    1.858330374777));
#3101 = CARTESIAN_POINT('',(-2.225204001553,3.001338770873,
    1.957292237056));
#3102 = CARTESIAN_POINT('',(-3.736074965206,3.608456988041E-02,
    2.155207547297));
#3103 = CARTESIAN_POINT('',(-3.661820216889,-1.869669508759,
    2.25416940874));
#3104 = CARTESIAN_POINT('',(-2.487573687131,-3.664601866811,
    2.353118444625));
#3105 = CARTESIAN_POINT('',(-0.339352459068,-4.630476005645,
    2.452092679354));
#3106 = CARTESIAN_POINT('',(2.085526901766,-4.148147378717,
    2.551032104946));
#3107 = CARTESIAN_POINT('',(3.700604054291,-2.43368982535,2.650006339568
    ));
#3108 = CARTESIAN_POINT('',(4.098569656996,-0.326035228627,
    2.748955375619));
#3109 = CARTESIAN_POINT('',(3.437875099558,1.463072816586,2.8479172369)
  );
#3110 = CARTESIAN_POINT('',(0.907256929968,3.624423140901,3.045832547372
    ));
#3111 = CARTESIAN_POINT('',(-0.963175438468,3.997109511671,
    3.144794408634));
#3112 = CARTESIAN_POINT('',(-2.98263608104,3.274326144209,3.243743444746
    ));
#3113 = CARTESIAN_POINT('',(-4.423315326703,1.410939279679,
    3.342717679243));
#3114 = CARTESIAN_POINT('',(-4.520390322874,-1.059537853381,
    3.441657105025));
#3115 = CARTESIAN_POINT('',(-3.230335641679,-3.030222462861,
    3.540631339524));
#3116 = CARTESIAN_POINT('',(-1.273818934177,-3.909214438557,
    3.639580375636));
#3117 = CARTESIAN_POINT('',(0.620091994693,-3.684433902907,
    3.738542236897));
#3118 = CARTESIAN_POINT('',(3.312485116878,-1.72829412767,3.936457547372
    ));
#3119 = CARTESIAN_POINT('',(4.111517898376,3.456140108267E-03,
    4.035419408634));
#3120 = CARTESIAN_POINT('',(3.880138817387,2.13584935058,4.134368444744)
  );
#3121 = CARTESIAN_POINT('',(2.404557370961,3.971721538593,4.233342679246
    ));
#3122 = CARTESIAN_POINT('',(2.500142554313E-02,4.642835778124,
    4.332282105023));
#3123 = CARTESIAN_POINT('',(-2.192390295751,3.848472596163,
    4.431256339525));
#3124 = CARTESIAN_POINT('',(-3.503835407861,2.151211202626,
    4.530205375636));
#3125 = CARTESIAN_POINT('',(-3.727390302205,0.257155209549,
    4.629167236897));
#3126 = CARTESIAN_POINT('',(-2.453825516724,-2.817498637934,
    4.827082547373));
#3127 = CARTESIAN_POINT('',(-0.956454145101,-3.998723151442,
    4.92604440863));
#3128 = CARTESIAN_POINT('',(1.171035244963,-4.271534401782,
    5.024993444751));
#3129 = CARTESIAN_POINT('',(3.300649785954,-3.265299239105,
    5.123967679238));
#3130 = CARTESIAN_POINT('',(4.508717389106,-1.108159121711,5.22290710503
    ));
#3131 = CARTESIAN_POINT('',(4.253942342292,1.233406291858,5.321881339521
    ));
#3132 = CARTESIAN_POINT('',(2.909727197535,2.904833874701,5.420830375637
    ));
#3133 = CARTESIAN_POINT('',(1.12019197597,3.564370519986,5.519792236897)
  );
#3134 = CARTESIAN_POINT('',(-2.166816735698,3.043758117061,
    5.717707547373));
#3135 = CARTESIAN_POINT('',(-3.664958326544,1.863510621986,
    5.816669408634));
#3136 = CARTESIAN_POINT('',(-4.426884315088,-0.141509545286,
    5.915618444745));
#3137 = CARTESIAN_POINT('',(-3.945600151441,-2.447183600652,
    6.014592679246));
#3138 = CARTESIAN_POINT('',(-2.130079768394,-4.125446559365,
    6.113532105024));
#3139 = CARTESIAN_POINT('',(0.206264059917,-4.424338557335,
    6.212506339524));
#3140 = CARTESIAN_POINT('',(2.145310759161,-3.507451204267,
    6.311455375637));
#3141 = CARTESIAN_POINT('',(3.204383055367,-1.921326755459,
    6.410417236896));
#3142 = CARTESIAN_POINT('',(3.465492159273,1.39639619568,6.608332547375)
  );
#3143 = CARTESIAN_POINT('',(2.667589205211,3.128667321045,6.707294408623
    ));
#3144 = CARTESIAN_POINT('',(0.89583599441,4.337603896356,6.806243444765)
  );
#3145 = CARTESIAN_POINT('',(-1.458485659992,4.407866571264,
    6.905217679218));
#3146 = CARTESIAN_POINT('',(-3.514202895956,3.034291867941,
    7.004157105051));
#3147 = CARTESIAN_POINT('',(-4.350245119325,0.832276356827,
    7.103131339506));
#3148 = CARTESIAN_POINT('',(-3.91135289905,-1.267237429532,
    7.202080375645));
#3149 = CARTESIAN_POINT('',(-2.616288712557,-2.667320872956,
    7.301042236894));
#3150 = CARTESIAN_POINT('',(0.548810579576,-3.695722553038,
    7.498957547375));
#3151 = CARTESIAN_POINT('',(2.419485661286,-3.324256384273,
    7.597919408627));
#3152 = CARTESIAN_POINT('',(4.008626795748,-1.883677494417,
    7.696868444757));
#3153 = CARTESIAN_POINT('',(4.626553582596,0.389191569547,7.795842679228
    ));
#3154 = CARTESIAN_POINT('',(3.770828515806,2.708763821046,7.894782105042
    ));
#3155 = CARTESIAN_POINT('',(1.824825049577,4.035756443441,7.993756339511
    ));
#3156 = CARTESIAN_POINT('',(-0.319136357791,4.099112609925,
    8.092705375643));
#3157 = CARTESIAN_POINT('',(-1.982862114456,3.166674138874,
    8.191667236894));
#3158 = CARTESIAN_POINT('',(-3.721726730147,0.329102396529,
    8.389582547376));
#3159 = CARTESIAN_POINT('',(-3.797224626298,-1.576602838693,
    8.488544408623));
#3160 = CARTESIAN_POINT('',(-2.7674266762,-3.458132340209,8.587493444767
    ));
#3161 = CARTESIAN_POINT('',(-0.701609308988,-4.589576506394,
    8.686467679215));
#3162 = CARTESIAN_POINT('',(1.753638026139,-4.298988579544,
    8.785407105053));
#3163 = CARTESIAN_POINT('',(3.498251223978,-2.716533619575,
    8.884381339504));
#3164 = CARTESIAN_POINT('',(4.06035470538,-0.646600239887,8.983330375646
    ));
#3165 = CARTESIAN_POINT('',(3.542068648127,1.18883007983,9.082292236894)
  );
#3166 = CARTESIAN_POINT('',(1.188829121807,3.542067695631,9.280207547375
    ));
#3167 = CARTESIAN_POINT('',(-0.646596692229,4.060357630941,
    9.379169408625));
#3168 = CARTESIAN_POINT('',(-2.716540941007,3.498247419264,
    9.478118444761));
#3169 = CARTESIAN_POINT('',(-4.298978701756,1.75363914541,9.577092679223
    ));
#3170 = CARTESIAN_POINT('',(-4.58958584997,-0.701605914717,
    9.676032105046));
#3171 = CARTESIAN_POINT('',(-3.458126109262,-2.767432084944,
    9.775006339508));
#3172 = CARTESIAN_POINT('',(-1.576605605371,-3.797220953385,
    9.873955375644));
#3173 = CARTESIAN_POINT('',(0.329103105726,-3.721727879972,
    9.972917236894));
#3174 = CARTESIAN_POINT('',(3.166673436341,-1.982860960547,
    10.170832547375));
#3175 = CARTESIAN_POINT('',(4.099114626469,-0.319140490387,
    10.269794408624));
#3176 = CARTESIAN_POINT('',(4.035754453004,1.824833056913,
    10.368743444763));
#3177 = CARTESIAN_POINT('',(2.708762603467,3.770818649649,
    10.467717679222));
#3178 = CARTESIAN_POINT('',(0.389197051252,4.626561875636,
    10.566657105046));
#3179 = CARTESIAN_POINT('',(-1.883684208308,4.008621999606,
    10.665631339509));
#3180 = CARTESIAN_POINT('',(-3.324252166972,2.419487494097,
    10.764580375644));
#3181 = CARTESIAN_POINT('',(-3.695723836652,0.548810158395,
    10.863542236895));
#3182 = CARTESIAN_POINT('',(-2.667319586926,-2.61628829881,
    11.061457547375));
#3183 = CARTESIAN_POINT('',(-1.267241918697,-3.911353895141,
    11.160419408624));
#3184 = CARTESIAN_POINT('',(0.832284607577,-4.35024505316,
    11.259368444764));
#3185 = CARTESIAN_POINT('',(3.034282558624,-3.514199408812,
    11.35834267922));
#3186 = CARTESIAN_POINT('',(4.407873355488,-1.458492926203,
    11.457282105048));
#3187 = CARTESIAN_POINT('',(4.337600800057,0.895843642427,
    11.556256339507));
#3188 = CARTESIAN_POINT('',(3.128668118706,2.667584676577,
    11.655205375644));
#3189 = CARTESIAN_POINT('',(1.39639608579,3.465493505743,11.754167236895
    ));
#3190 = CARTESIAN_POINT('',(-1.921326653361,3.204381708282,
    11.952082547375));
#3191 = CARTESIAN_POINT('',(-3.507451124862,2.14531535683,
    12.051044408627));
#3192 = CARTESIAN_POINT('',(-4.4243404191,0.206256021678,12.149993444758
    ));
#3193 = CARTESIAN_POINT('',(-4.125440995345,-2.130071530339,
    12.248967679229));
#3194 = CARTESIAN_POINT('',(-2.447192249859,-3.945605051963,
    12.347907105039));
#3195 = CARTESIAN_POINT('',(-0.141501385752,-4.426883089731,
    12.446881339515));
#3196 = CARTESIAN_POINT('',(1.863506032259,-3.664958044977,
    12.54583037564));
#3197 = CARTESIAN_POINT('',(3.043759451985,-2.166816943172,
    12.644792236896));
#3198 = CARTESIAN_POINT('',(3.564369186284,1.120192191164,
    12.842707547372));
#3199 = CARTESIAN_POINT('',(2.904838326805,2.909726047018,
    12.941669408637));
#3200 = CARTESIAN_POINT('',(1.233398910329,4.25394602911,13.040618444738
    ));
#3201 = CARTESIAN_POINT('',(-1.108152410163,4.508710055679,
    13.139592679255));
#3202 = CARTESIAN_POINT('',(-3.265301985107,3.300659340191,
    13.238532105016));
#3203 = CARTESIAN_POINT('',(-4.271535115091,1.171027024822,
    13.33750633953));
#3204 = CARTESIAN_POINT('',(-3.998721806201,-0.956449747917,
    13.436455375634));
#3205 = CARTESIAN_POINT('',(-2.817499151308,-2.45382676633,
    13.535417236898));
#3206 = CARTESIAN_POINT('',(0.257155730144,-3.727389055589,
    13.733332547372));
#3207 = CARTESIAN_POINT('',(2.151209044572,-3.503839468371,
    13.832294408637));
#3208 = CARTESIAN_POINT('',(3.848477904305,-2.192383978845,
    13.931243444739));
#3209 = CARTESIAN_POINT('',(4.64282708053,2.499661139054E-02,
    14.030217679253));
#3210 = CARTESIAN_POINT('',(3.971731469899,2.404557810698,
    14.129157105018));
#3211 = CARTESIAN_POINT('',(2.135841524073,3.880141429941,
    14.228131339528));
#3212 = CARTESIAN_POINT('',(3.460101760303E-03,4.111515563802,
    14.327080375635));
#3213 = CARTESIAN_POINT('',(-1.728295222904,3.312485907782,
    14.426042236896));
#3214 = CARTESIAN_POINT('',(-3.684432812268,0.620091197467,
    14.623957547375));
#3215 = CARTESIAN_POINT('',(-3.909217883079,-1.273815887853,
    14.722919408622));
#3216 = CARTESIAN_POINT('',(-3.03021755966,-3.230342277784,
    14.821868444771));
#3217 = CARTESIAN_POINT('',(-1.059540504104,-4.520380741791,
    14.920842679207));
#3218 = CARTESIAN_POINT('',(1.410937388858,-4.423325086222,
    15.019782105064));
#3219 = CARTESIAN_POINT('',(3.274330511627,-2.982629080694,
    15.118756339494));
#3220 = CARTESIAN_POINT('',(3.997106316781,-0.963178745654,
    15.217705375652));
#3221 = CARTESIAN_POINT('',(3.624424165627,0.907257810307,
    15.316667236892));
#3222 = CARTESIAN_POINT('',(1.463071786783,3.43787422516,15.514582547377
    ));
#3223 = CARTESIAN_POINT('',(-0.326031462365,4.098572295211,
    15.61354440862));
#3224 = CARTESIAN_POINT('',(-2.433697422733,3.700600835693,
    15.712493444771));
#3225 = CARTESIAN_POINT('',(-4.148137443553,2.085527242665,
    15.811467679209));
#3226 = CARTESIAN_POINT('',(-4.630485054113,-0.33934834228,
    15.910407105061));
#3227 = CARTESIAN_POINT('',(-3.664596079434,-2.48757956796,
    16.009381339498));
#3228 = CARTESIAN_POINT('',(-1.869671978735,-3.66181633833,
    16.108330375649));
#3229 = CARTESIAN_POINT('',(3.608518667626E-02,-3.736076167057,
    16.207292236894));
#3230 = CARTESIAN_POINT('',(3.001338161042,-2.225202796233,
    16.405207547375));
#3231 = CARTESIAN_POINT('',(4.061438949802,-0.639769513642,
    16.504169408628));
#3232 = CARTESIAN_POINT('',(4.166488320388,1.502566060647,
    16.603118444756));
#3233 = CARTESIAN_POINT('',(2.996267413772,3.546667409786,16.70209267923
    ));
#3234 = CARTESIAN_POINT('',(0.750993147721,4.58176368071,16.80103210504)
  );
#3235 = CARTESIAN_POINT('',(-1.563364581338,4.144056915412,
    16.900006339512));
#3236 = CARTESIAN_POINT('',(-3.124173806042,2.672846840607,
    16.998955375642));
#3237 = CARTESIAN_POINT('',(-3.641272004696,0.837081510116,
    17.097917236895));
#3238 = CARTESIAN_POINT('',(-2.864368744899,-2.398947672319,
    17.295832547373));
#3239 = CARTESIAN_POINT('',(-1.570216724473,-3.799869841421,
    17.394794408634));
#3240 = CARTESIAN_POINT('',(0.488402658838,-4.402134997185,
    17.493743444744));
#3241 = CARTESIAN_POINT('',(2.749207970301,-3.741433370563,
    17.592717679247));
#3242 = CARTESIAN_POINT('',(4.279853316882,-1.799834636825,
    17.691657105024));
#3243 = CARTESIAN_POINT('',(4.394516506485,0.552757819058,
    17.790631339524));
#3244 = CARTESIAN_POINT('',(3.328319760539,2.413888931849,
    17.889580375637));
#3245 = CARTESIAN_POINT('',(1.663990949393,3.345250571647,
    17.988542236896));
#3246 = CARTESIAN_POINT('',(-1.6639909533,3.345249220703,18.186457547373
    ));
#3247 = CARTESIAN_POINT('',(-3.328319320649,2.413893509116,
    18.28541940863));
#3248 = CARTESIAN_POINT('',(-4.394518993187,0.552749951668,
    18.384368444752));
#3249 = CARTESIAN_POINT('',(-4.27984712366,-1.79982686071,
    18.483342679236));
#3250 = CARTESIAN_POINT('',(-2.749216977338,-3.74143757737,
    18.582282105034));
#3251 = CARTESIAN_POINT('',(-0.488394428317,-4.402134415796,
    18.681256339517));
#3252 = CARTESIAN_POINT('',(1.570212170986,-3.799869200615,
    18.780205375641));
#3253 = CARTESIAN_POINT('',(2.864370059428,-2.398947983891,
    18.879167236895));
#3254 = CARTESIAN_POINT('',(3.641270691995,0.837081829287,
    19.077082547377));
#3255 = CARTESIAN_POINT('',(3.124178154134,2.672845344336,
    19.176044408615));
#3256 = CARTESIAN_POINT('',(1.563357511857,4.144061169992,
    19.274993444786));
#3257 = CARTESIAN_POINT('',(-0.750987032263,4.581755843343,
    19.373967679187));
#3258 = CARTESIAN_POINT('',(-2.996269401682,3.546677149978,
    19.472907105084));
#3259 = CARTESIAN_POINT('',(-4.166489676439,1.502557921844,
    19.571881339481));
#3260 = CARTESIAN_POINT('',(-4.061437263716,-0.639765235577,
    19.670830375658));
#3261 = CARTESIAN_POINT('',(-3.001338770873,-2.225204001702,
    19.769792236891));
#3262 = CARTESIAN_POINT('',(-3.608456988072E-02,-3.736074965136,
    19.967707547377));
#3263 = CARTESIAN_POINT('',(1.869669508763,-3.661820216987,
    20.066669408621));
#3264 = CARTESIAN_POINT('',(3.664601866802,-2.487573687021,
    20.165618444768));
#3265 = CARTESIAN_POINT('',(4.63047600566,-0.339352459171,
    20.264592679213));
#3266 = CARTESIAN_POINT('',(4.1481473787,2.085526901846,20.363532105055)
  );
#3267 = CARTESIAN_POINT('',(2.433689825363,3.700604054242,
    20.462506339503));
#3268 = CARTESIAN_POINT('',(0.326035228621,4.098569657017,
    20.561455375645));
#3269 = CARTESIAN_POINT('',(-1.463072816585,3.437875099554,
    20.660417236896));
#3270 = CARTESIAN_POINT('',(-3.6244231409,0.907256929969,20.858332547371
    ));
#3271 = CARTESIAN_POINT('',(-3.997109511675,-0.963175438463,
    20.957294408644));
#3272 = CARTESIAN_POINT('',(-3.274326144204,-2.982636081055,
    21.056243444722));
#3273 = CARTESIAN_POINT('',(-1.410939279681,-4.423315326681,
    21.155217679278));
#3274 = CARTESIAN_POINT('',(1.059537853378,-4.520390322893,
    21.254157104994));
#3275 = CARTESIAN_POINT('',(3.030222462866,-3.230335641668,
    21.353131339544));
#3276 = CARTESIAN_POINT('',(3.909214438554,-1.27381893418,
    21.452080375629));
#3277 = CARTESIAN_POINT('',(3.684433902907,0.620091994692,
    21.551042236897));
#3278 = CARTESIAN_POINT('',(1.728294127672,3.312485116881,
    21.748957547377));
#3279 = CARTESIAN_POINT('',(-3.456140122569E-03,4.111517898369,
    21.847919408614));
#3280 = CARTESIAN_POINT('',(-2.135849350551,3.880138817392,
    21.946868444788));
#3281 = CARTESIAN_POINT('',(-3.971721538632,2.404557370967,
    22.045842679185));
#3282 = CARTESIAN_POINT('',(-4.64283577809,2.500142552359E-02,
    22.144782105085));
#3283 = CARTESIAN_POINT('',(-3.848472596183,-2.192390295729,
    22.243756339482));
#3284 = CARTESIAN_POINT('',(-2.151211202619,-3.503835407876,
    22.342705375656));
#3285 = CARTESIAN_POINT('',(-0.257155209549,-3.727390302201,
    22.441667236893));
#3286 = CARTESIAN_POINT('',(2.817498637933,-2.453825516723,
    22.639582547372));
#3287 = CARTESIAN_POINT('',(3.998723151442,-0.956454145107,
    22.73854440864));
#3288 = CARTESIAN_POINT('',(4.271534401786,1.171035244976,
    22.837493444731));
#3289 = CARTESIAN_POINT('',(3.265299239097,3.300649785939,
    22.936467679264));
#3290 = CARTESIAN_POINT('',(1.10815912172,4.508717389117,23.035407105008
    ));
#3291 = CARTESIAN_POINT('',(-1.233406291864,4.253942342287,
    23.134381339533));
#3292 = CARTESIAN_POINT('',(-2.904833874699,2.909727197536,
    23.233330375634));
#3293 = CARTESIAN_POINT('',(-3.564370519985,1.12019197597,
    23.332292236896));
#3294 = CARTESIAN_POINT('',(-3.043758117064,-2.166816735698,
    23.530207547376));
#3295 = CARTESIAN_POINT('',(-1.863510621974,-3.664958326545,
    23.629169408619));
#3296 = CARTESIAN_POINT('',(0.141509545262,-4.42688431508,
    23.728118444777));
#3297 = CARTESIAN_POINT('',(2.447183600679,-3.945600151463,
    23.827092679197));
#3298 = CARTESIAN_POINT('',(4.125446559347,-2.130079768362,
    23.926032105075));
#3299 = CARTESIAN_POINT('',(4.424338557341,0.206264059889,
    24.025006339486));
#3300 = CARTESIAN_POINT('',(3.507451204267,2.145310759176,
    24.123955375655));
#3301 = CARTESIAN_POINT('',(1.921326755458,3.204383055364,
    24.222917236893));
#3302 = CARTESIAN_POINT('',(-1.39639619568,3.465492159271,
    24.420832547372));
#3303 = CARTESIAN_POINT('',(-3.128667321042,2.667589205221,
    24.519794408641));
#3304 = CARTESIAN_POINT('',(-4.337603896367,0.895835994391,
    24.618743444727));
#3305 = CARTESIAN_POINT('',(-4.407866571243,-1.458485659971,
    24.717717679271));
#3306 = CARTESIAN_POINT('',(-3.034291867967,-3.51420289597,
    24.816657104999));
#3307 = CARTESIAN_POINT('',(-0.832276356805,-4.35024511932,
    24.915631339543));
#3308 = CARTESIAN_POINT('',(1.267237429519,-3.911352899049,
    25.014580375625));
#3309 = CARTESIAN_POINT('',(2.667320872961,-2.616288712559,
    25.113542236902));
#3310 = CARTESIAN_POINT('',(3.695722553029,0.548810579579,
    25.311457547362));
#3311 = CARTESIAN_POINT('',(3.324256384301,2.419485661268,
    25.410419408674));
#3312 = CARTESIAN_POINT('',(1.883677494375,4.008626795794,
    25.509368444666));
#3313 = CARTESIAN_POINT('',(-0.389191569511,4.626553582523,
    25.60834267935));
#3314 = CARTESIAN_POINT('',(-2.708763821059,3.770828515885,
    25.707282104925));
#3315 = CARTESIAN_POINT('',(-4.035756443448,1.82482504952,
    25.806256339591));
#3316 = CARTESIAN_POINT('',(-4.099112609914,-0.319136357763,
    25.905205375605));
#3317 = CARTESIAN_POINT('',(-3.166674138878,-1.982862114463,
    26.004167236904));
#3318 = CARTESIAN_POINT('',(-0.329102396528,-3.721726730142,
    26.202082547369));
#3319 = CARTESIAN_POINT('',(1.576602838694,-3.797224626316,
    26.301044408642));
#3320 = CARTESIAN_POINT('',(3.458132340202,-2.767426676155,
    26.399993444721));
#3321 = CARTESIAN_POINT('',(4.589576506411,-0.701609309067,
    26.498967679296));
#3322 = CARTESIAN_POINT('',(4.298988579519,1.753638026248,
    26.597907104942));
#3323 = CARTESIAN_POINT('',(2.716533619603,3.498251223859,
    26.696881339626));
#3324 = CARTESIAN_POINT('',(0.646600239864,4.060354705483,
    26.795830375538));
#3325 = CARTESIAN_POINT('',(-1.188830079814,3.542068648055,
    26.89479223697));
#3326 = CARTESIAN_POINT('',(-3.542067695664,1.188829121959,
    27.092707547215));
#3327 = CARTESIAN_POINT('',(-4.060357630758,-0.646596693047,
    27.191669409491));
#3328 = CARTESIAN_POINT('',(-3.498247419744,-2.716540938867,
    27.290618442498));
#3329 = CARTESIAN_POINT('',(-1.75363914453,-4.298978705657,
    27.389592683344));
#3330 = CARTESIAN_POINT('',(0.701605913488,-4.589585844534,
    27.488532099318));
#3331 = CARTESIAN_POINT('',(2.767432086299,-3.458126115251,
    27.587506345803));
#3332 = CARTESIAN_POINT('',(3.797220952191,-1.576605600093,
    27.686455370109));
#3333 = CARTESIAN_POINT('',(3.721727880809,0.329103102021,
    27.785417240773));
#3334 = CARTESIAN_POINT('',(1.982860958795,3.166673444105,
    27.983332539253));
#3335 = CARTESIAN_POINT('',(0.319140499834,4.099114584536,
    28.082294452459));
#3336 = CARTESIAN_POINT('',(-1.824833081594,4.035754562681,
    28.181243330168));
#3337 = CARTESIAN_POINT('',(-3.770818604725,2.70876240365,
    28.280217887926));
#3338 = CARTESIAN_POINT('',(-4.626561938081,0.389197329212,
    28.379156814798));
#3339 = CARTESIAN_POINT('',(-4.008621930946,-1.883684514089,
    28.478131658757));
#3340 = CARTESIAN_POINT('',(-2.419487554512,-3.324251897829,
    28.577080094671));
#3341 = CARTESIAN_POINT('',(-0.548810116024,-3.695724025433,
    28.676042433966));
#3342 = CARTESIAN_POINT('',(1.033739047014,-3.181521608455,
    28.774999784263));
#3343 = DEFINITIONAL_REPRESENTATION('',(#3344),#3347);
#3344 = B_SPLINE_CURVE_WITH_KNOTS('',1,(#3345,#3346),.UNSPECIFIED.,.F.,
  .F.,(2,2),(0.,146.06406336758),.PIECEWISE_BEZIER_KNOTS.);
#3345 = CARTESIAN_POINT('',(0.,0.));
#3346 = CARTESIAN_POINT('',(0.,146.06406336758));
#3347 = ( GEOMETRIC_REPRESENTATION_CONTEXT(2) 
PARAMETRIC_REPRESENTATION_CONTEXT() REPRESENTATION_CONTEXT('2D SPACE',''
  ) );
#3348 = ORIENTED_EDGE('',*,*,#3349,.F.);
#3349 = EDGE_CURVE('',#1219,#2556,#3350,.T.);
#3350 = SURFACE_CURVE('',#3351,(#3354,#3361),.PCURVE_S1.);
#3351 = B_SPLINE_CURVE_WITH_KNOTS('',1,(#3352,#3353),.UNSPECIFIED.,.F.,
  .F.,(2,2),(0.,0.728868986856),.PIECEWISE_BEZIER_KNOTS.);
#3352 = CARTESIAN_POINT('',(1.033739176349,-3.181522006508,
    28.224999784263));
#3353 = CARTESIAN_POINT('',(1.242325556102,-3.823484964683,
    28.500000297923));
#3354 = PCURVE('',#1482,#3355);
#3355 = DEFINITIONAL_REPRESENTATION('',(#3356),#3360);
#3356 = LINE('',#3357,#3358);
#3357 = CARTESIAN_POINT('',(0.,146.06406336758));
#3358 = VECTOR('',#3359,1.);
#3359 = DIRECTION('',(1.,0.));
#3360 = ( GEOMETRIC_REPRESENTATION_CONTEXT(2) 
PARAMETRIC_REPRESENTATION_CONTEXT() REPRESENTATION_CONTEXT('2D SPACE',''
  ) );
#3361 = PCURVE('',#3362,#3367);
#3362 = PLANE('',#3363);
#3363 = AXIS2_PLACEMENT_3D('',#3364,#3365,#3366);
#3364 = CARTESIAN_POINT('',(1.109462235121,-3.414573650956,
    28.499999970737));
#3365 = DIRECTION('',(-0.951056529187,-0.309016954697,1.649317832416E-12
    ));
#3366 = DIRECTION('',(0.309016954697,-0.951056529187,0.));
#3367 = DEFINITIONAL_REPRESENTATION('',(#3368),#3371);
#3368 = B_SPLINE_CURVE_WITH_KNOTS('',1,(#3369,#3370),.UNSPECIFIED.,.F.,
  .F.,(2,2),(0.,0.728868986856),.PIECEWISE_BEZIER_KNOTS.);
#3369 = CARTESIAN_POINT('',(-0.245044997112,-0.275000186474));
#3370 = CARTESIAN_POINT('',(0.429954793619,3.271859618792E-07));
#3371 = ( GEOMETRIC_REPRESENTATION_CONTEXT(2) 
PARAMETRIC_REPRESENTATION_CONTEXT() REPRESENTATION_CONTEXT('2D SPACE',''
  ) );
#3372 = ADVANCED_FACE('',(#3373),#2826,.F.);
#3373 = FACE_BOUND('',#3374,.F.);
#3374 = EDGE_LOOP('',(#3375,#3376,#3397,#3674));
#3375 = ORIENTED_EDGE('',*,*,#2555,.F.);
#3376 = ORIENTED_EDGE('',*,*,#3377,.T.);
#3377 = EDGE_CURVE('',#2530,#3378,#3380,.T.);
#3378 = VERTEX_POINT('',#3379);
#3379 = CARTESIAN_POINT('',(3.34525,0.,0.275));
#3380 = SURFACE_CURVE('',#3381,(#3384,#3391),.PCURVE_S1.);
#3381 = B_SPLINE_CURVE_WITH_KNOTS('',1,(#3382,#3383),.UNSPECIFIED.,.F.,
  .F.,(2,2),(0.,0.728868986856),.PIECEWISE_BEZIER_KNOTS.);
#3382 = CARTESIAN_POINT('',(4.02025,8.881784197001E-16,0.));
#3383 = CARTESIAN_POINT('',(3.34525,0.,0.275));
#3384 = PCURVE('',#2826,#3385);
#3385 = DEFINITIONAL_REPRESENTATION('',(#3386),#3390);
#3386 = LINE('',#3387,#3388);
#3387 = CARTESIAN_POINT('',(0.,0.));
#3388 = VECTOR('',#3389,1.);
#3389 = DIRECTION('',(1.,0.));
#3390 = ( GEOMETRIC_REPRESENTATION_CONTEXT(2) 
PARAMETRIC_REPRESENTATION_CONTEXT() REPRESENTATION_CONTEXT('2D SPACE',''
  ) );
#3391 = PCURVE('',#2544,#3392);
#3392 = DEFINITIONAL_REPRESENTATION('',(#3393),#3396);
#3393 = B_SPLINE_CURVE_WITH_KNOTS('',1,(#3394,#3395),.UNSPECIFIED.,.F.,
  .F.,(2,2),(0.,0.728868986856),.PIECEWISE_BEZIER_KNOTS.);
#3394 = CARTESIAN_POINT('',(-0.429954793619,5.529720706397E-17));
#3395 = CARTESIAN_POINT('',(0.245045206381,-0.275));
#3396 = ( GEOMETRIC_REPRESENTATION_CONTEXT(2) 
PARAMETRIC_REPRESENTATION_CONTEXT() REPRESENTATION_CONTEXT('2D SPACE',''
  ) );
#3397 = ORIENTED_EDGE('',*,*,#3398,.T.);
#3398 = EDGE_CURVE('',#3378,#3399,#3401,.T.);
#3399 = VERTEX_POINT('',#3400);
#3400 = CARTESIAN_POINT('',(1.033739047014,-3.181521608455,
    28.774999784263));
#3401 = SURFACE_CURVE('',#3402,(#3661,#3668),.PCURVE_S1.);
#3402 = B_SPLINE_CURVE_WITH_KNOTS('',9,(#3403,#3404,#3405,#3406,#3407,
    #3408,#3409,#3410,#3411,#3412,#3413,#3414,#3415,#3416,#3417,#3418,
    #3419,#3420,#3421,#3422,#3423,#3424,#3425,#3426,#3427,#3428,#3429,
    #3430,#3431,#3432,#3433,#3434,#3435,#3436,#3437,#3438,#3439,#3440,
    #3441,#3442,#3443,#3444,#3445,#3446,#3447,#3448,#3449,#3450,#3451,
    #3452,#3453,#3454,#3455,#3456,#3457,#3458,#3459,#3460,#3461,#3462,
    #3463,#3464,#3465,#3466,#3467,#3468,#3469,#3470,#3471,#3472,#3473,
    #3474,#3475,#3476,#3477,#3478,#3479,#3480,#3481,#3482,#3483,#3484,
    #3485,#3486,#3487,#3488,#3489,#3490,#3491,#3492,#3493,#3494,#3495,
    #3496,#3497,#3498,#3499,#3500,#3501,#3502,#3503,#3504,#3505,#3506,
    #3507,#3508,#3509,#3510,#3511,#3512,#3513,#3514,#3515,#3516,#3517,
    #3518,#3519,#3520,#3521,#3522,#3523,#3524,#3525,#3526,#3527,#3528,
    #3529,#3530,#3531,#3532,#3533,#3534,#3535,#3536,#3537,#3538,#3539,
    #3540,#3541,#3542,#3543,#3544,#3545,#3546,#3547,#3548,#3549,#3550,
    #3551,#3552,#3553,#3554,#3555,#3556,#3557,#3558,#3559,#3560,#3561,
    #3562,#3563,#3564,#3565,#3566,#3567,#3568,#3569,#3570,#3571,#3572,
    #3573,#3574,#3575,#3576,#3577,#3578,#3579,#3580,#3581,#3582,#3583,
    #3584,#3585,#3586,#3587,#3588,#3589,#3590,#3591,#3592,#3593,#3594,
    #3595,#3596,#3597,#3598,#3599,#3600,#3601,#3602,#3603,#3604,#3605,
    #3606,#3607,#3608,#3609,#3610,#3611,#3612,#3613,#3614,#3615,#3616,
    #3617,#3618,#3619,#3620,#3621,#3622,#3623,#3624,#3625,#3626,#3627,
    #3628,#3629,#3630,#3631,#3632,#3633,#3634,#3635,#3636,#3637,#3638,
    #3639,#3640,#3641,#3642,#3643,#3644,#3645,#3646,#3647,#3648,#3649,
    #3650,#3651,#3652,#3653,#3654,#3655,#3656,#3657,#3658,#3659,#3660),
  .UNSPECIFIED.,.F.,.F.,(10,8,8,8,8,8,8,8,8,8,8,8,8,8,8,8,8,8,8,8,8,8,8,
    8,8,8,8,8,8,8,8,8,10),(0.,4.564501980237,9.129003960474,
    13.693505940711,18.258007920948,22.822509901185,27.387011881422,
    31.951513861659,36.516015841896,41.080517822133,45.64501980237,
    50.209521782607,54.774023762843,59.33852574308,63.903027723317,
    68.467529703554,73.032031683791,77.596533664028,82.161035644265,
    86.725537624502,91.290039604739,95.854541584976,100.41904356521,
    104.98354554545,109.54804752568,114.11254950592,118.67705148616,
    123.24155346639,127.80605544663,132.37055742687,136.9350594071,
    141.49956138734,146.06406336758),.UNSPECIFIED.);
#3403 = CARTESIAN_POINT('',(3.34525,0.,0.275));
#3404 = CARTESIAN_POINT('',(3.345249031038,1.66399095687,0.373957350327)
  );
#3405 = CARTESIAN_POINT('',(2.413893779506,3.328319315559,0.47291968954)
  );
#3406 = CARTESIAN_POINT('',(0.552749644483,4.394518998971,0.571868125615
    ));
#3407 = CARTESIAN_POINT('',(-1.799826581473,4.279847118399,
    0.670842969336));
#3408 = CARTESIAN_POINT('',(-3.741437778119,2.749216981122,
    0.769781896475));
#3409 = CARTESIAN_POINT('',(-4.402134305592,0.488394426238,
    0.868756454007));
#3410 = CARTESIAN_POINT('',(-3.799869242759,-1.57021217019,
    0.967705331857));
#3411 = CARTESIAN_POINT('',(-2.398947976085,-2.864370059576,
    1.066667245005));
#3412 = CARTESIAN_POINT('',(0.837081825561,-3.641270691921,
    1.264582543502));
#3413 = CARTESIAN_POINT('',(2.672845349644,-3.124178154246,
    1.363544414149));
#3414 = CARTESIAN_POINT('',(4.144061163969,-1.563357511726,
    1.462493438481));
#3415 = CARTESIAN_POINT('',(4.581755848806,0.750987032145,1.561467684938
    ));
#3416 = CARTESIAN_POINT('',(3.546677146064,2.99626940176,1.660407100932)
  );
#3417 = CARTESIAN_POINT('',(1.502557923984,4.166489676403,1.75938134177)
  );
#3418 = CARTESIAN_POINT('',(-0.639765236392,4.061437263726,
    1.858330374777));
#3419 = CARTESIAN_POINT('',(-2.225204001553,3.001338770873,
    1.957292237056));
#3420 = CARTESIAN_POINT('',(-3.736074965206,3.608456988041E-02,
    2.155207547297));
#3421 = CARTESIAN_POINT('',(-3.661820216889,-1.869669508759,
    2.25416940874));
#3422 = CARTESIAN_POINT('',(-2.487573687131,-3.664601866811,
    2.353118444625));
#3423 = CARTESIAN_POINT('',(-0.339352459068,-4.630476005645,
    2.452092679354));
#3424 = CARTESIAN_POINT('',(2.085526901766,-4.148147378717,
    2.551032104946));
#3425 = CARTESIAN_POINT('',(3.700604054291,-2.43368982535,2.650006339568
    ));
#3426 = CARTESIAN_POINT('',(4.098569656996,-0.326035228627,
    2.748955375619));
#3427 = CARTESIAN_POINT('',(3.437875099558,1.463072816586,2.8479172369)
  );
#3428 = CARTESIAN_POINT('',(0.907256929968,3.624423140901,3.045832547372
    ));
#3429 = CARTESIAN_POINT('',(-0.963175438468,3.997109511671,
    3.144794408634));
#3430 = CARTESIAN_POINT('',(-2.98263608104,3.274326144209,3.243743444746
    ));
#3431 = CARTESIAN_POINT('',(-4.423315326703,1.410939279679,
    3.342717679243));
#3432 = CARTESIAN_POINT('',(-4.520390322874,-1.059537853381,
    3.441657105025));
#3433 = CARTESIAN_POINT('',(-3.230335641679,-3.030222462861,
    3.540631339524));
#3434 = CARTESIAN_POINT('',(-1.273818934177,-3.909214438557,
    3.639580375636));
#3435 = CARTESIAN_POINT('',(0.620091994693,-3.684433902907,
    3.738542236897));
#3436 = CARTESIAN_POINT('',(3.312485116878,-1.72829412767,3.936457547372
    ));
#3437 = CARTESIAN_POINT('',(4.111517898376,3.456140108267E-03,
    4.035419408634));
#3438 = CARTESIAN_POINT('',(3.880138817387,2.13584935058,4.134368444744)
  );
#3439 = CARTESIAN_POINT('',(2.404557370961,3.971721538593,4.233342679246
    ));
#3440 = CARTESIAN_POINT('',(2.500142554313E-02,4.642835778124,
    4.332282105023));
#3441 = CARTESIAN_POINT('',(-2.192390295751,3.848472596163,
    4.431256339525));
#3442 = CARTESIAN_POINT('',(-3.503835407861,2.151211202626,
    4.530205375636));
#3443 = CARTESIAN_POINT('',(-3.727390302205,0.257155209549,
    4.629167236897));
#3444 = CARTESIAN_POINT('',(-2.453825516724,-2.817498637934,
    4.827082547373));
#3445 = CARTESIAN_POINT('',(-0.956454145101,-3.998723151442,
    4.92604440863));
#3446 = CARTESIAN_POINT('',(1.171035244963,-4.271534401782,
    5.024993444751));
#3447 = CARTESIAN_POINT('',(3.300649785954,-3.265299239105,
    5.123967679238));
#3448 = CARTESIAN_POINT('',(4.508717389106,-1.108159121711,5.22290710503
    ));
#3449 = CARTESIAN_POINT('',(4.253942342292,1.233406291858,5.321881339521
    ));
#3450 = CARTESIAN_POINT('',(2.909727197535,2.904833874701,5.420830375637
    ));
#3451 = CARTESIAN_POINT('',(1.12019197597,3.564370519986,5.519792236897)
  );
#3452 = CARTESIAN_POINT('',(-2.166816735698,3.043758117061,
    5.717707547373));
#3453 = CARTESIAN_POINT('',(-3.664958326544,1.863510621986,
    5.816669408634));
#3454 = CARTESIAN_POINT('',(-4.426884315088,-0.141509545286,
    5.915618444745));
#3455 = CARTESIAN_POINT('',(-3.945600151441,-2.447183600652,
    6.014592679246));
#3456 = CARTESIAN_POINT('',(-2.130079768394,-4.125446559365,
    6.113532105024));
#3457 = CARTESIAN_POINT('',(0.206264059917,-4.424338557335,
    6.212506339524));
#3458 = CARTESIAN_POINT('',(2.145310759161,-3.507451204267,
    6.311455375637));
#3459 = CARTESIAN_POINT('',(3.204383055367,-1.921326755459,
    6.410417236896));
#3460 = CARTESIAN_POINT('',(3.465492159273,1.39639619568,6.608332547375)
  );
#3461 = CARTESIAN_POINT('',(2.667589205211,3.128667321045,6.707294408623
    ));
#3462 = CARTESIAN_POINT('',(0.89583599441,4.337603896356,6.806243444765)
  );
#3463 = CARTESIAN_POINT('',(-1.458485659992,4.407866571264,
    6.905217679218));
#3464 = CARTESIAN_POINT('',(-3.514202895956,3.034291867941,
    7.004157105051));
#3465 = CARTESIAN_POINT('',(-4.350245119325,0.832276356827,
    7.103131339506));
#3466 = CARTESIAN_POINT('',(-3.91135289905,-1.267237429532,
    7.202080375645));
#3467 = CARTESIAN_POINT('',(-2.616288712557,-2.667320872956,
    7.301042236894));
#3468 = CARTESIAN_POINT('',(0.548810579576,-3.695722553038,
    7.498957547375));
#3469 = CARTESIAN_POINT('',(2.419485661286,-3.324256384273,
    7.597919408627));
#3470 = CARTESIAN_POINT('',(4.008626795748,-1.883677494417,
    7.696868444757));
#3471 = CARTESIAN_POINT('',(4.626553582596,0.389191569547,7.795842679228
    ));
#3472 = CARTESIAN_POINT('',(3.770828515806,2.708763821046,7.894782105042
    ));
#3473 = CARTESIAN_POINT('',(1.824825049577,4.035756443441,7.993756339511
    ));
#3474 = CARTESIAN_POINT('',(-0.319136357791,4.099112609925,
    8.092705375643));
#3475 = CARTESIAN_POINT('',(-1.982862114456,3.166674138874,
    8.191667236894));
#3476 = CARTESIAN_POINT('',(-3.721726730147,0.329102396529,
    8.389582547376));
#3477 = CARTESIAN_POINT('',(-3.797224626298,-1.576602838693,
    8.488544408623));
#3478 = CARTESIAN_POINT('',(-2.7674266762,-3.458132340209,8.587493444767
    ));
#3479 = CARTESIAN_POINT('',(-0.701609308988,-4.589576506394,
    8.686467679215));
#3480 = CARTESIAN_POINT('',(1.753638026139,-4.298988579544,
    8.785407105053));
#3481 = CARTESIAN_POINT('',(3.498251223978,-2.716533619575,
    8.884381339504));
#3482 = CARTESIAN_POINT('',(4.06035470538,-0.646600239887,8.983330375646
    ));
#3483 = CARTESIAN_POINT('',(3.542068648127,1.18883007983,9.082292236894)
  );
#3484 = CARTESIAN_POINT('',(1.188829121807,3.542067695631,9.280207547375
    ));
#3485 = CARTESIAN_POINT('',(-0.646596692229,4.060357630941,
    9.379169408625));
#3486 = CARTESIAN_POINT('',(-2.716540941007,3.498247419264,
    9.478118444761));
#3487 = CARTESIAN_POINT('',(-4.298978701756,1.75363914541,9.577092679223
    ));
#3488 = CARTESIAN_POINT('',(-4.58958584997,-0.701605914717,
    9.676032105046));
#3489 = CARTESIAN_POINT('',(-3.458126109262,-2.767432084944,
    9.775006339508));
#3490 = CARTESIAN_POINT('',(-1.576605605371,-3.797220953385,
    9.873955375644));
#3491 = CARTESIAN_POINT('',(0.329103105726,-3.721727879972,
    9.972917236894));
#3492 = CARTESIAN_POINT('',(3.166673436341,-1.982860960547,
    10.170832547375));
#3493 = CARTESIAN_POINT('',(4.099114626469,-0.319140490387,
    10.269794408624));
#3494 = CARTESIAN_POINT('',(4.035754453004,1.824833056913,
    10.368743444763));
#3495 = CARTESIAN_POINT('',(2.708762603467,3.770818649649,
    10.467717679222));
#3496 = CARTESIAN_POINT('',(0.389197051252,4.626561875636,
    10.566657105046));
#3497 = CARTESIAN_POINT('',(-1.883684208308,4.008621999606,
    10.665631339509));
#3498 = CARTESIAN_POINT('',(-3.324252166972,2.419487494097,
    10.764580375644));
#3499 = CARTESIAN_POINT('',(-3.695723836652,0.548810158395,
    10.863542236895));
#3500 = CARTESIAN_POINT('',(-2.667319586926,-2.61628829881,
    11.061457547375));
#3501 = CARTESIAN_POINT('',(-1.267241918697,-3.911353895141,
    11.160419408624));
#3502 = CARTESIAN_POINT('',(0.832284607577,-4.35024505316,
    11.259368444764));
#3503 = CARTESIAN_POINT('',(3.034282558624,-3.514199408812,
    11.35834267922));
#3504 = CARTESIAN_POINT('',(4.407873355488,-1.458492926203,
    11.457282105048));
#3505 = CARTESIAN_POINT('',(4.337600800057,0.895843642427,
    11.556256339507));
#3506 = CARTESIAN_POINT('',(3.128668118706,2.667584676577,
    11.655205375644));
#3507 = CARTESIAN_POINT('',(1.39639608579,3.465493505743,11.754167236895
    ));
#3508 = CARTESIAN_POINT('',(-1.921326653361,3.204381708282,
    11.952082547375));
#3509 = CARTESIAN_POINT('',(-3.507451124862,2.14531535683,
    12.051044408627));
#3510 = CARTESIAN_POINT('',(-4.4243404191,0.206256021678,12.149993444758
    ));
#3511 = CARTESIAN_POINT('',(-4.125440995345,-2.130071530339,
    12.248967679229));
#3512 = CARTESIAN_POINT('',(-2.447192249859,-3.945605051963,
    12.347907105039));
#3513 = CARTESIAN_POINT('',(-0.141501385752,-4.426883089731,
    12.446881339515));
#3514 = CARTESIAN_POINT('',(1.863506032259,-3.664958044977,
    12.54583037564));
#3515 = CARTESIAN_POINT('',(3.043759451985,-2.166816943172,
    12.644792236896));
#3516 = CARTESIAN_POINT('',(3.564369186284,1.120192191164,
    12.842707547372));
#3517 = CARTESIAN_POINT('',(2.904838326805,2.909726047018,
    12.941669408637));
#3518 = CARTESIAN_POINT('',(1.233398910329,4.25394602911,13.040618444738
    ));
#3519 = CARTESIAN_POINT('',(-1.108152410163,4.508710055679,
    13.139592679255));
#3520 = CARTESIAN_POINT('',(-3.265301985107,3.300659340191,
    13.238532105016));
#3521 = CARTESIAN_POINT('',(-4.271535115091,1.171027024822,
    13.33750633953));
#3522 = CARTESIAN_POINT('',(-3.998721806201,-0.956449747917,
    13.436455375634));
#3523 = CARTESIAN_POINT('',(-2.817499151308,-2.45382676633,
    13.535417236898));
#3524 = CARTESIAN_POINT('',(0.257155730144,-3.727389055589,
    13.733332547372));
#3525 = CARTESIAN_POINT('',(2.151209044572,-3.503839468371,
    13.832294408637));
#3526 = CARTESIAN_POINT('',(3.848477904305,-2.192383978845,
    13.931243444739));
#3527 = CARTESIAN_POINT('',(4.64282708053,2.499661139054E-02,
    14.030217679253));
#3528 = CARTESIAN_POINT('',(3.971731469899,2.404557810698,
    14.129157105018));
#3529 = CARTESIAN_POINT('',(2.135841524073,3.880141429941,
    14.228131339528));
#3530 = CARTESIAN_POINT('',(3.460101760303E-03,4.111515563802,
    14.327080375635));
#3531 = CARTESIAN_POINT('',(-1.728295222904,3.312485907782,
    14.426042236896));
#3532 = CARTESIAN_POINT('',(-3.684432812268,0.620091197467,
    14.623957547375));
#3533 = CARTESIAN_POINT('',(-3.909217883079,-1.273815887853,
    14.722919408622));
#3534 = CARTESIAN_POINT('',(-3.03021755966,-3.230342277784,
    14.821868444771));
#3535 = CARTESIAN_POINT('',(-1.059540504104,-4.520380741791,
    14.920842679207));
#3536 = CARTESIAN_POINT('',(1.410937388858,-4.423325086222,
    15.019782105064));
#3537 = CARTESIAN_POINT('',(3.274330511627,-2.982629080694,
    15.118756339494));
#3538 = CARTESIAN_POINT('',(3.997106316781,-0.963178745654,
    15.217705375652));
#3539 = CARTESIAN_POINT('',(3.624424165627,0.907257810307,
    15.316667236892));
#3540 = CARTESIAN_POINT('',(1.463071786783,3.43787422516,15.514582547377
    ));
#3541 = CARTESIAN_POINT('',(-0.326031462365,4.098572295211,
    15.61354440862));
#3542 = CARTESIAN_POINT('',(-2.433697422733,3.700600835693,
    15.712493444771));
#3543 = CARTESIAN_POINT('',(-4.148137443553,2.085527242665,
    15.811467679209));
#3544 = CARTESIAN_POINT('',(-4.630485054113,-0.33934834228,
    15.910407105061));
#3545 = CARTESIAN_POINT('',(-3.664596079434,-2.48757956796,
    16.009381339498));
#3546 = CARTESIAN_POINT('',(-1.869671978735,-3.66181633833,
    16.108330375649));
#3547 = CARTESIAN_POINT('',(3.608518667626E-02,-3.736076167057,
    16.207292236894));
#3548 = CARTESIAN_POINT('',(3.001338161042,-2.225202796233,
    16.405207547375));
#3549 = CARTESIAN_POINT('',(4.061438949802,-0.639769513642,
    16.504169408628));
#3550 = CARTESIAN_POINT('',(4.166488320388,1.502566060647,
    16.603118444756));
#3551 = CARTESIAN_POINT('',(2.996267413772,3.546667409786,16.70209267923
    ));
#3552 = CARTESIAN_POINT('',(0.750993147721,4.58176368071,16.80103210504)
  );
#3553 = CARTESIAN_POINT('',(-1.563364581338,4.144056915412,
    16.900006339512));
#3554 = CARTESIAN_POINT('',(-3.124173806042,2.672846840607,
    16.998955375642));
#3555 = CARTESIAN_POINT('',(-3.641272004696,0.837081510116,
    17.097917236895));
#3556 = CARTESIAN_POINT('',(-2.864368744899,-2.398947672319,
    17.295832547373));
#3557 = CARTESIAN_POINT('',(-1.570216724473,-3.799869841421,
    17.394794408634));
#3558 = CARTESIAN_POINT('',(0.488402658838,-4.402134997185,
    17.493743444744));
#3559 = CARTESIAN_POINT('',(2.749207970301,-3.741433370563,
    17.592717679247));
#3560 = CARTESIAN_POINT('',(4.279853316882,-1.799834636825,
    17.691657105024));
#3561 = CARTESIAN_POINT('',(4.394516506485,0.552757819058,
    17.790631339524));
#3562 = CARTESIAN_POINT('',(3.328319760539,2.413888931849,
    17.889580375637));
#3563 = CARTESIAN_POINT('',(1.663990949393,3.345250571647,
    17.988542236896));
#3564 = CARTESIAN_POINT('',(-1.6639909533,3.345249220703,18.186457547373
    ));
#3565 = CARTESIAN_POINT('',(-3.328319320649,2.413893509116,
    18.28541940863));
#3566 = CARTESIAN_POINT('',(-4.394518993187,0.552749951668,
    18.384368444752));
#3567 = CARTESIAN_POINT('',(-4.27984712366,-1.79982686071,
    18.483342679236));
#3568 = CARTESIAN_POINT('',(-2.749216977338,-3.74143757737,
    18.582282105034));
#3569 = CARTESIAN_POINT('',(-0.488394428317,-4.402134415796,
    18.681256339517));
#3570 = CARTESIAN_POINT('',(1.570212170986,-3.799869200615,
    18.780205375641));
#3571 = CARTESIAN_POINT('',(2.864370059428,-2.398947983891,
    18.879167236895));
#3572 = CARTESIAN_POINT('',(3.641270691995,0.837081829287,
    19.077082547377));
#3573 = CARTESIAN_POINT('',(3.124178154134,2.672845344336,
    19.176044408615));
#3574 = CARTESIAN_POINT('',(1.563357511857,4.144061169992,
    19.274993444786));
#3575 = CARTESIAN_POINT('',(-0.750987032263,4.581755843343,
    19.373967679187));
#3576 = CARTESIAN_POINT('',(-2.996269401682,3.546677149978,
    19.472907105084));
#3577 = CARTESIAN_POINT('',(-4.166489676439,1.502557921844,
    19.571881339481));
#3578 = CARTESIAN_POINT('',(-4.061437263716,-0.639765235577,
    19.670830375658));
#3579 = CARTESIAN_POINT('',(-3.001338770873,-2.225204001702,
    19.769792236891));
#3580 = CARTESIAN_POINT('',(-3.608456988072E-02,-3.736074965136,
    19.967707547377));
#3581 = CARTESIAN_POINT('',(1.869669508763,-3.661820216987,
    20.066669408621));
#3582 = CARTESIAN_POINT('',(3.664601866802,-2.487573687021,
    20.165618444768));
#3583 = CARTESIAN_POINT('',(4.63047600566,-0.339352459171,
    20.264592679213));
#3584 = CARTESIAN_POINT('',(4.1481473787,2.085526901846,20.363532105055)
  );
#3585 = CARTESIAN_POINT('',(2.433689825363,3.700604054242,
    20.462506339503));
#3586 = CARTESIAN_POINT('',(0.326035228621,4.098569657017,
    20.561455375645));
#3587 = CARTESIAN_POINT('',(-1.463072816585,3.437875099554,
    20.660417236896));
#3588 = CARTESIAN_POINT('',(-3.6244231409,0.907256929969,20.858332547371
    ));
#3589 = CARTESIAN_POINT('',(-3.997109511675,-0.963175438463,
    20.957294408644));
#3590 = CARTESIAN_POINT('',(-3.274326144204,-2.982636081055,
    21.056243444722));
#3591 = CARTESIAN_POINT('',(-1.410939279681,-4.423315326681,
    21.155217679278));
#3592 = CARTESIAN_POINT('',(1.059537853378,-4.520390322893,
    21.254157104994));
#3593 = CARTESIAN_POINT('',(3.030222462866,-3.230335641668,
    21.353131339544));
#3594 = CARTESIAN_POINT('',(3.909214438554,-1.27381893418,
    21.452080375629));
#3595 = CARTESIAN_POINT('',(3.684433902907,0.620091994692,
    21.551042236897));
#3596 = CARTESIAN_POINT('',(1.728294127672,3.312485116881,
    21.748957547377));
#3597 = CARTESIAN_POINT('',(-3.456140122569E-03,4.111517898369,
    21.847919408614));
#3598 = CARTESIAN_POINT('',(-2.135849350551,3.880138817392,
    21.946868444788));
#3599 = CARTESIAN_POINT('',(-3.971721538632,2.404557370967,
    22.045842679185));
#3600 = CARTESIAN_POINT('',(-4.64283577809,2.500142552359E-02,
    22.144782105085));
#3601 = CARTESIAN_POINT('',(-3.848472596183,-2.192390295729,
    22.243756339482));
#3602 = CARTESIAN_POINT('',(-2.151211202619,-3.503835407876,
    22.342705375656));
#3603 = CARTESIAN_POINT('',(-0.257155209549,-3.727390302201,
    22.441667236893));
#3604 = CARTESIAN_POINT('',(2.817498637933,-2.453825516723,
    22.639582547372));
#3605 = CARTESIAN_POINT('',(3.998723151442,-0.956454145107,
    22.73854440864));
#3606 = CARTESIAN_POINT('',(4.271534401786,1.171035244976,
    22.837493444731));
#3607 = CARTESIAN_POINT('',(3.265299239097,3.300649785939,
    22.936467679264));
#3608 = CARTESIAN_POINT('',(1.10815912172,4.508717389117,23.035407105008
    ));
#3609 = CARTESIAN_POINT('',(-1.233406291864,4.253942342287,
    23.134381339533));
#3610 = CARTESIAN_POINT('',(-2.904833874699,2.909727197536,
    23.233330375634));
#3611 = CARTESIAN_POINT('',(-3.564370519985,1.12019197597,
    23.332292236896));
#3612 = CARTESIAN_POINT('',(-3.043758117064,-2.166816735698,
    23.530207547376));
#3613 = CARTESIAN_POINT('',(-1.863510621974,-3.664958326545,
    23.629169408619));
#3614 = CARTESIAN_POINT('',(0.141509545262,-4.42688431508,
    23.728118444777));
#3615 = CARTESIAN_POINT('',(2.447183600679,-3.945600151463,
    23.827092679197));
#3616 = CARTESIAN_POINT('',(4.125446559347,-2.130079768362,
    23.926032105075));
#3617 = CARTESIAN_POINT('',(4.424338557341,0.206264059889,
    24.025006339486));
#3618 = CARTESIAN_POINT('',(3.507451204267,2.145310759176,
    24.123955375655));
#3619 = CARTESIAN_POINT('',(1.921326755458,3.204383055364,
    24.222917236893));
#3620 = CARTESIAN_POINT('',(-1.39639619568,3.465492159271,
    24.420832547372));
#3621 = CARTESIAN_POINT('',(-3.128667321042,2.667589205221,
    24.519794408641));
#3622 = CARTESIAN_POINT('',(-4.337603896367,0.895835994391,
    24.618743444727));
#3623 = CARTESIAN_POINT('',(-4.407866571243,-1.458485659971,
    24.717717679271));
#3624 = CARTESIAN_POINT('',(-3.034291867967,-3.51420289597,
    24.816657104999));
#3625 = CARTESIAN_POINT('',(-0.832276356805,-4.35024511932,
    24.915631339543));
#3626 = CARTESIAN_POINT('',(1.267237429519,-3.911352899049,
    25.014580375625));
#3627 = CARTESIAN_POINT('',(2.667320872961,-2.616288712559,
    25.113542236902));
#3628 = CARTESIAN_POINT('',(3.695722553029,0.548810579579,
    25.311457547362));
#3629 = CARTESIAN_POINT('',(3.324256384301,2.419485661268,
    25.410419408674));
#3630 = CARTESIAN_POINT('',(1.883677494375,4.008626795794,
    25.509368444666));
#3631 = CARTESIAN_POINT('',(-0.389191569511,4.626553582523,
    25.60834267935));
#3632 = CARTESIAN_POINT('',(-2.708763821059,3.770828515885,
    25.707282104925));
#3633 = CARTESIAN_POINT('',(-4.035756443448,1.82482504952,
    25.806256339591));
#3634 = CARTESIAN_POINT('',(-4.099112609914,-0.319136357763,
    25.905205375605));
#3635 = CARTESIAN_POINT('',(-3.166674138878,-1.982862114463,
    26.004167236904));
#3636 = CARTESIAN_POINT('',(-0.329102396528,-3.721726730142,
    26.202082547369));
#3637 = CARTESIAN_POINT('',(1.576602838694,-3.797224626316,
    26.301044408642));
#3638 = CARTESIAN_POINT('',(3.458132340202,-2.767426676155,
    26.399993444721));
#3639 = CARTESIAN_POINT('',(4.589576506411,-0.701609309067,
    26.498967679296));
#3640 = CARTESIAN_POINT('',(4.298988579519,1.753638026248,
    26.597907104942));
#3641 = CARTESIAN_POINT('',(2.716533619603,3.498251223859,
    26.696881339626));
#3642 = CARTESIAN_POINT('',(0.646600239864,4.060354705483,
    26.795830375538));
#3643 = CARTESIAN_POINT('',(-1.188830079814,3.542068648055,
    26.89479223697));
#3644 = CARTESIAN_POINT('',(-3.542067695664,1.188829121959,
    27.092707547215));
#3645 = CARTESIAN_POINT('',(-4.060357630758,-0.646596693047,
    27.191669409491));
#3646 = CARTESIAN_POINT('',(-3.498247419744,-2.716540938867,
    27.290618442498));
#3647 = CARTESIAN_POINT('',(-1.75363914453,-4.298978705657,
    27.389592683344));
#3648 = CARTESIAN_POINT('',(0.701605913488,-4.589585844534,
    27.488532099318));
#3649 = CARTESIAN_POINT('',(2.767432086299,-3.458126115251,
    27.587506345803));
#3650 = CARTESIAN_POINT('',(3.797220952191,-1.576605600093,
    27.686455370109));
#3651 = CARTESIAN_POINT('',(3.721727880809,0.329103102021,
    27.785417240773));
#3652 = CARTESIAN_POINT('',(1.982860958795,3.166673444105,
    27.983332539253));
#3653 = CARTESIAN_POINT('',(0.319140499834,4.099114584536,
    28.082294452459));
#3654 = CARTESIAN_POINT('',(-1.824833081594,4.035754562681,
    28.181243330168));
#3655 = CARTESIAN_POINT('',(-3.770818604725,2.70876240365,
    28.280217887926));
#3656 = CARTESIAN_POINT('',(-4.626561938081,0.389197329212,
    28.379156814798));
#3657 = CARTESIAN_POINT('',(-4.008621930946,-1.883684514089,
    28.478131658757));
#3658 = CARTESIAN_POINT('',(-2.419487554512,-3.324251897829,
    28.577080094671));
#3659 = CARTESIAN_POINT('',(-0.548810116024,-3.695724025433,
    28.676042433966));
#3660 = CARTESIAN_POINT('',(1.033739047014,-3.181521608455,
    28.774999784263));
#3661 = PCURVE('',#2826,#3662);
#3662 = DEFINITIONAL_REPRESENTATION('',(#3663),#3667);
#3663 = LINE('',#3664,#3665);
#3664 = CARTESIAN_POINT('',(0.728868986856,0.));
#3665 = VECTOR('',#3666,1.);
#3666 = DIRECTION('',(0.,1.));
#3667 = ( GEOMETRIC_REPRESENTATION_CONTEXT(2) 
PARAMETRIC_REPRESENTATION_CONTEXT() REPRESENTATION_CONTEXT('2D SPACE',''
  ) );
#3668 = PCURVE('',#2006,#3669);
#3669 = DEFINITIONAL_REPRESENTATION('',(#3670),#3673);
#3670 = B_SPLINE_CURVE_WITH_KNOTS('',1,(#3671,#3672),.UNSPECIFIED.,.F.,
  .F.,(2,2),(0.,146.06406336758),.PIECEWISE_BEZIER_KNOTS.);
#3671 = CARTESIAN_POINT('',(0.,0.));
#3672 = CARTESIAN_POINT('',(0.,146.06406336758));
#3673 = ( GEOMETRIC_REPRESENTATION_CONTEXT(2) 
PARAMETRIC_REPRESENTATION_CONTEXT() REPRESENTATION_CONTEXT('2D SPACE',''
  ) );
#3674 = ORIENTED_EDGE('',*,*,#3675,.F.);
#3675 = EDGE_CURVE('',#2556,#3399,#3676,.T.);
#3676 = SURFACE_CURVE('',#3677,(#3680,#3687),.PCURVE_S1.);
#3677 = B_SPLINE_CURVE_WITH_KNOTS('',1,(#3678,#3679),.UNSPECIFIED.,.F.,
  .F.,(2,2),(0.,0.728868986856),.PIECEWISE_BEZIER_KNOTS.);
#3678 = CARTESIAN_POINT('',(1.242325556102,-3.823484964683,
    28.500000297923));
#3679 = CARTESIAN_POINT('',(1.033739047014,-3.181521608455,
    28.774999784263));
#3680 = PCURVE('',#2826,#3681);
#3681 = DEFINITIONAL_REPRESENTATION('',(#3682),#3686);
#3682 = LINE('',#3683,#3684);
#3683 = CARTESIAN_POINT('',(0.,146.06406336758));
#3684 = VECTOR('',#3685,1.);
#3685 = DIRECTION('',(1.,0.));
#3686 = ( GEOMETRIC_REPRESENTATION_CONTEXT(2) 
PARAMETRIC_REPRESENTATION_CONTEXT() REPRESENTATION_CONTEXT('2D SPACE',''
  ) );
#3687 = PCURVE('',#3362,#3688);
#3688 = DEFINITIONAL_REPRESENTATION('',(#3689),#3692);
#3689 = B_SPLINE_CURVE_WITH_KNOTS('',1,(#3690,#3691),.UNSPECIFIED.,.F.,
  .F.,(2,2),(0.,0.728868986856),.PIECEWISE_BEZIER_KNOTS.);
#3690 = CARTESIAN_POINT('',(0.429954793619,3.271859618792E-07));
#3691 = CARTESIAN_POINT('',(-0.24504541565,0.274999813526));
#3692 = ( GEOMETRIC_REPRESENTATION_CONTEXT(2) 
PARAMETRIC_REPRESENTATION_CONTEXT() REPRESENTATION_CONTEXT('2D SPACE',''
  ) );
#3693 = ADVANCED_FACE('',(#3694),#2006,.F.);
#3694 = FACE_BOUND('',#3695,.F.);
#3695 = EDGE_LOOP('',(#3696,#3697,#3716,#3717));
#3696 = ORIENTED_EDGE('',*,*,#3398,.F.);
#3697 = ORIENTED_EDGE('',*,*,#3698,.T.);
#3698 = EDGE_CURVE('',#3378,#1217,#3699,.T.);
#3699 = SURFACE_CURVE('',#3700,(#3703,#3710),.PCURVE_S1.);
#3700 = B_SPLINE_CURVE_WITH_KNOTS('',1,(#3701,#3702),.UNSPECIFIED.,.F.,
  .F.,(2,2),(0.,0.55),.PIECEWISE_BEZIER_KNOTS.);
#3701 = CARTESIAN_POINT('',(3.34525,0.,0.275));
#3702 = CARTESIAN_POINT('',(3.34525,8.881784197001E-16,-0.275));
#3703 = PCURVE('',#2006,#3704);
#3704 = DEFINITIONAL_REPRESENTATION('',(#3705),#3709);
#3705 = LINE('',#3706,#3707);
#3706 = CARTESIAN_POINT('',(0.,0.));
#3707 = VECTOR('',#3708,1.);
#3708 = DIRECTION('',(1.,0.));
#3709 = ( GEOMETRIC_REPRESENTATION_CONTEXT(2) 
PARAMETRIC_REPRESENTATION_CONTEXT() REPRESENTATION_CONTEXT('2D SPACE',''
  ) );
#3710 = PCURVE('',#2544,#3711);
#3711 = DEFINITIONAL_REPRESENTATION('',(#3712),#3715);
#3712 = B_SPLINE_CURVE_WITH_KNOTS('',1,(#3713,#3714),.UNSPECIFIED.,.F.,
  .F.,(2,2),(0.,0.55),.PIECEWISE_BEZIER_KNOTS.);
#3713 = CARTESIAN_POINT('',(0.245045206381,-0.275));
#3714 = CARTESIAN_POINT('',(0.245045206381,0.275));
#3715 = ( GEOMETRIC_REPRESENTATION_CONTEXT(2) 
PARAMETRIC_REPRESENTATION_CONTEXT() REPRESENTATION_CONTEXT('2D SPACE',''
  ) );
#3716 = ORIENTED_EDGE('',*,*,#1216,.T.);
#3717 = ORIENTED_EDGE('',*,*,#3718,.F.);
#3718 = EDGE_CURVE('',#3399,#1219,#3719,.T.);
#3719 = SURFACE_CURVE('',#3720,(#3723,#3730),.PCURVE_S1.);
#3720 = B_SPLINE_CURVE_WITH_KNOTS('',1,(#3721,#3722),.UNSPECIFIED.,.F.,
  .F.,(2,2),(0.,0.55),.PIECEWISE_BEZIER_KNOTS.);
#3721 = CARTESIAN_POINT('',(1.033739047014,-3.181521608455,
    28.774999784263));
#3722 = CARTESIAN_POINT('',(1.033739176349,-3.181522006508,
    28.224999784263));
#3723 = PCURVE('',#2006,#3724);
#3724 = DEFINITIONAL_REPRESENTATION('',(#3725),#3729);
#3725 = LINE('',#3726,#3727);
#3726 = CARTESIAN_POINT('',(0.,146.06406336758));
#3727 = VECTOR('',#3728,1.);
#3728 = DIRECTION('',(1.,0.));
#3729 = ( GEOMETRIC_REPRESENTATION_CONTEXT(2) 
PARAMETRIC_REPRESENTATION_CONTEXT() REPRESENTATION_CONTEXT('2D SPACE',''
  ) );
#3730 = PCURVE('',#3362,#3731);
#3731 = DEFINITIONAL_REPRESENTATION('',(#3732),#3735);
#3732 = B_SPLINE_CURVE_WITH_KNOTS('',1,(#3733,#3734),.UNSPECIFIED.,.F.,
  .F.,(2,2),(0.,0.55),.PIECEWISE_BEZIER_KNOTS.);
#3733 = CARTESIAN_POINT('',(-0.24504541565,0.274999813526));
#3734 = CARTESIAN_POINT('',(-0.245044997112,-0.275000186474));
#3735 = ( GEOMETRIC_REPRESENTATION_CONTEXT(2) 
PARAMETRIC_REPRESENTATION_CONTEXT() REPRESENTATION_CONTEXT('2D SPACE',''
  ) );
#3736 = ADVANCED_FACE('',(#3737),#2544,.T.);
#3737 = FACE_BOUND('',#3738,.T.);
#3738 = EDGE_LOOP('',(#3739,#3740,#3741));
#3739 = ORIENTED_EDGE('',*,*,#2529,.T.);
#3740 = ORIENTED_EDGE('',*,*,#3377,.T.);
#3741 = ORIENTED_EDGE('',*,*,#3698,.T.);
#3742 = ADVANCED_FACE('',(#3743),#3362,.F.);
#3743 = FACE_BOUND('',#3744,.F.);
#3744 = EDGE_LOOP('',(#3745,#3746,#3747));
#3745 = ORIENTED_EDGE('',*,*,#3349,.T.);
#3746 = ORIENTED_EDGE('',*,*,#3675,.T.);
#3747 = ORIENTED_EDGE('',*,*,#3718,.T.);
#3748 = ( GEOMETRIC_REPRESENTATION_CONTEXT(3) 
GLOBAL_UNCERTAINTY_ASSIGNED_CONTEXT((#3752)) 
GLOBAL_UNIT_ASSIGNED_CONTEXT((#3749,#3750,#3751)) REPRESENTATION_CONTEXT
('Context #1','3D Context with UNIT and UNCERTAINTY') );
#3749 = ( LENGTH_UNIT() NAMED_UNIT(*) SI_UNIT(.MILLI.,.METRE.) );
#3750 = ( NAMED_UNIT(*) PLANE_ANGLE_UNIT() SI_UNIT($,.RADIAN.) );
#3751 = ( NAMED_UNIT(*) SI_UNIT($,.STERADIAN.) SOLID_ANGLE_UNIT() );
#3752 = UNCERTAINTY_MEASURE_WITH_UNIT(LENGTH_MEASURE(1.E-05),#3749,
  'distance_accuracy_value','confusion accuracy');
#3753 = CONTEXT_DEPENDENT_SHAPE_REPRESENTATION(#3754,#3756);
#3754 = ( REPRESENTATION_RELATIONSHIP('','',#1209,#10) 
REPRESENTATION_RELATIONSHIP_WITH_TRANSFORMATION(#3755) 
SHAPE_REPRESENTATION_RELATIONSHIP() );
#3755 = ITEM_DEFINED_TRANSFORMATION('','',#11,#19);
#3756 = PRODUCT_DEFINITION_SHAPE('Placement','Placement of an item',
  #3757);
#3757 = NEXT_ASSEMBLY_USAGE_OCCURRENCE('14','','',#5,#1204,$);
#3758 = PRODUCT_RELATED_PRODUCT_CATEGORY('part',$,(#1206));
ENDSEC;
END-ISO-10303-21;
