ISO-10303-21;
HEADER;
FILE_DESCRIPTION(('Open CASCADE Model'),'2;1');
FILE_NAME('Open CASCADE Shape Model','2026-08-17T03:10:05',('Author'),(
    'Open CASCADE'),'Open CASCADE STEP processor 7.9','Open CASCADE 7.9'
  ,'Unknown');
FILE_SCHEMA(('AUTOMOTIVE_DESIGN { 1 0 10303 214 1 1 1 1 }'));
ENDSEC;
DATA;
#1 = APPLICATION_PROTOCOL_DEFINITION('international standard',
  'automotive_design',2000,#2);
#2 = APPLICATION_CONTEXT(
  'core data for automotive mechanical design processes');
#3 = SHAPE_DEFINITION_REPRESENTATION(#4,#10);
#4 = PRODUCT_DEFINITION_SHAPE('','',#5);
#5 = PRODUCT_DEFINITION('design','',#6,#9);
#6 = PRODUCT_DEFINITION_FORMATION('','',#7);
#7 = PRODUCT('Open CASCADE STEP translator 7.9 9',
  'Open CASCADE STEP translator 7.9 9','',(#8));
#8 = PRODUCT_CONTEXT('',#2,'mechanical');
#9 = PRODUCT_DEFINITION_CONTEXT('part definition',#2,'design');
#10 = SHAPE_REPRESENTATION('',(#11,#15,#19),#23);
#11 = AXIS2_PLACEMENT_3D('',#12,#13,#14);
#12 = CARTESIAN_POINT('',(0.,0.,0.));
#13 = DIRECTION('',(0.,0.,1.));
#14 = DIRECTION('',(1.,0.,-0.));
#15 = AXIS2_PLACEMENT_3D('',#16,#17,#18);
#16 = CARTESIAN_POINT('',(0.,0.,0.));
#17 = DIRECTION('',(0.,0.,1.));
#18 = DIRECTION('',(1.,0.,-0.));
#19 = AXIS2_PLACEMENT_3D('',#20,#21,#22);
#20 = CARTESIAN_POINT('',(0.,0.,0.));
#21 = DIRECTION('',(0.,0.,1.));
#22 = DIRECTION('',(1.,0.,-0.));
#23 = ( GEOMETRIC_REPRESENTATION_CONTEXT(3) 
GLOBAL_UNCERTAINTY_ASSIGNED_CONTEXT((#27)) GLOBAL_UNIT_ASSIGNED_CONTEXT(
(#24,#25,#26)) REPRESENTATION_CONTEXT('Context #1',
  '3D Context with UNIT and UNCERTAINTY') );
#24 = ( LENGTH_UNIT() NAMED_UNIT(*) SI_UNIT(.MILLI.,.METRE.) );
#25 = ( NAMED_UNIT(*) PLANE_ANGLE_UNIT() SI_UNIT($,.RADIAN.) );
#26 = ( NAMED_UNIT(*) SI_UNIT($,.STERADIAN.) SOLID_ANGLE_UNIT() );
#27 = UNCERTAINTY_MEASURE_WITH_UNIT(LENGTH_MEASURE(1.E-05),#24,
  'distance_accuracy_value','confusion accuracy');
#28 = PRODUCT_RELATED_PRODUCT_CATEGORY('part',$,(#7));
#29 = SHAPE_DEFINITION_REPRESENTATION(#30,#36);
#30 = PRODUCT_DEFINITION_SHAPE('','',#31);
#31 = PRODUCT_DEFINITION('design','',#32,#35);
#32 = PRODUCT_DEFINITION_FORMATION('','',#33);
#33 = PRODUCT('Open CASCADE STEP translator 7.9 9.1',
  'Open CASCADE STEP translator 7.9 9.1','',(#34));
#34 = PRODUCT_CONTEXT('',#2,'mechanical');
#35 = PRODUCT_DEFINITION_CONTEXT('part definition',#2,'design');
#36 = ADVANCED_BREP_SHAPE_REPRESENTATION('',(#11,#37),#1191);
#37 = MANIFOLD_SOLID_BREP('',#38);
#38 = CLOSED_SHELL('',(#39,#424,#500,#554,#604,#653,#702,#752,#802,#851,
    #900,#950,#1000,#1027,#1082,#1097,#1132,#1187));
#39 = ADVANCED_FACE('',(#40,#393),#54,.T.);
#40 = FACE_BOUND('',#41,.T.);
#41 = EDGE_LOOP('',(#42,#77,#110,#138,#167,#195,#224,#252,#281,#309,#338
    ,#366));
#42 = ORIENTED_EDGE('',*,*,#43,.F.);
#43 = EDGE_CURVE('',#44,#46,#48,.T.);
#44 = VERTEX_POINT('',#45);
#45 = CARTESIAN_POINT('',(5.730201421707,7.5E-02,31.2));
#46 = VERTEX_POINT('',#47);
#47 = CARTESIAN_POINT('',(2.930052616137,4.925,31.2));
#48 = SURFACE_CURVE('',#49,(#53,#65),.PCURVE_S1.);
#49 = LINE('',#50,#51);
#50 = CARTESIAN_POINT('',(5.773502691896,0.,31.2));
#51 = VECTOR('',#52,1.);
#52 = DIRECTION('',(-0.5,0.866025403784,0.));
#53 = PCURVE('',#54,#59);
#54 = PLANE('',#55);
#55 = AXIS2_PLACEMENT_3D('',#56,#57,#58);
#56 = CARTESIAN_POINT('',(-1.953485903628E-16,4.9564344165E-16,31.2));
#57 = DIRECTION('',(0.,0.,1.));
#58 = DIRECTION('',(1.,0.,-0.));
#59 = DEFINITIONAL_REPRESENTATION('',(#60),#64);
#60 = LINE('',#61,#62);
#61 = CARTESIAN_POINT('',(5.773502691896,-4.9564344165E-16));
#62 = VECTOR('',#63,1.);
#63 = DIRECTION('',(-0.5,0.866025403784));
#64 = ( GEOMETRIC_REPRESENTATION_CONTEXT(2) 
PARAMETRIC_REPRESENTATION_CONTEXT() REPRESENTATION_CONTEXT('2D SPACE',''
  ) );
#65 = PCURVE('',#66,#71);
#66 = PLANE('',#67);
#67 = AXIS2_PLACEMENT_3D('',#68,#69,#70);
#68 = CARTESIAN_POINT('',(5.773502691896,0.,31.2));
#69 = DIRECTION('',(-0.866025403784,-0.5,0.));
#70 = DIRECTION('',(-0.5,0.866025403784,0.));
#71 = DEFINITIONAL_REPRESENTATION('',(#72),#76);
#72 = LINE('',#73,#74);
#73 = CARTESIAN_POINT('',(0.,0.));
#74 = VECTOR('',#75,1.);
#75 = DIRECTION('',(1.,0.));
#76 = ( GEOMETRIC_REPRESENTATION_CONTEXT(2) 
PARAMETRIC_REPRESENTATION_CONTEXT() REPRESENTATION_CONTEXT('2D SPACE',''
  ) );
#77 = ORIENTED_EDGE('',*,*,#78,.T.);
#78 = EDGE_CURVE('',#44,#79,#81,.T.);
#79 = VERTEX_POINT('',#80);
#80 = CARTESIAN_POINT('',(5.730201421707,-7.5E-02,31.2));
#81 = SURFACE_CURVE('',#82,(#87,#98),.PCURVE_S1.);
#82 = CIRCLE('',#83,0.15);
#83 = AXIS2_PLACEMENT_3D('',#84,#85,#86);
#84 = CARTESIAN_POINT('',(5.600297611139,9.214851104389E-16,31.2));
#85 = DIRECTION('',(-0.,-0.,-1.));
#86 = DIRECTION('',(0.,-1.,0.));
#87 = PCURVE('',#54,#88);
#88 = DEFINITIONAL_REPRESENTATION('',(#89),#97);
#89 = ( BOUNDED_CURVE() B_SPLINE_CURVE(2,(#90,#91,#92,#93,#94,#95,#96),
.UNSPECIFIED.,.T.,.F.) B_SPLINE_CURVE_WITH_KNOTS((1,2,2,2,2,1),(
    -2.094395102393,0.,2.094395102393,4.188790204786,6.28318530718,
8.377580409573),.UNSPECIFIED.) CURVE() GEOMETRIC_REPRESENTATION_ITEM() 
RATIONAL_B_SPLINE_CURVE((1.,0.5,1.,0.5,1.,0.5,1.)) REPRESENTATION_ITEM(
  '') );
#90 = CARTESIAN_POINT('',(5.600297611139,-0.15));
#91 = CARTESIAN_POINT('',(5.340489990004,-0.15));
#92 = CARTESIAN_POINT('',(5.470393800572,7.5E-02));
#93 = CARTESIAN_POINT('',(5.600297611139,0.3));
#94 = CARTESIAN_POINT('',(5.730201421707,7.5E-02));
#95 = CARTESIAN_POINT('',(5.860105232275,-0.15));
#96 = CARTESIAN_POINT('',(5.600297611139,-0.15));
#97 = ( GEOMETRIC_REPRESENTATION_CONTEXT(2) 
PARAMETRIC_REPRESENTATION_CONTEXT() REPRESENTATION_CONTEXT('2D SPACE',''
  ) );
#98 = PCURVE('',#99,#104);
#99 = CYLINDRICAL_SURFACE('',#100,0.15);
#100 = AXIS2_PLACEMENT_3D('',#101,#102,#103);
#101 = CARTESIAN_POINT('',(5.600297611139,9.214851104389E-16,31.2));
#102 = DIRECTION('',(0.,0.,1.));
#103 = DIRECTION('',(0.866025403784,0.5,-0.));
#104 = DEFINITIONAL_REPRESENTATION('',(#105),#109);
#105 = LINE('',#106,#107);
#106 = CARTESIAN_POINT('',(4.188790204786,-0.));
#107 = VECTOR('',#108,1.);
#108 = DIRECTION('',(-1.,0.));
#109 = ( GEOMETRIC_REPRESENTATION_CONTEXT(2) 
PARAMETRIC_REPRESENTATION_CONTEXT() REPRESENTATION_CONTEXT('2D SPACE',''
  ) );
#110 = ORIENTED_EDGE('',*,*,#111,.F.);
#111 = EDGE_CURVE('',#112,#79,#114,.T.);
#112 = VERTEX_POINT('',#113);
#113 = CARTESIAN_POINT('',(2.930052616137,-4.925,31.2));
#114 = SURFACE_CURVE('',#115,(#119,#126),.PCURVE_S1.);
#115 = LINE('',#116,#117);
#116 = CARTESIAN_POINT('',(2.886751345948,-5.,31.2));
#117 = VECTOR('',#118,1.);
#118 = DIRECTION('',(0.5,0.866025403784,0.));
#119 = PCURVE('',#54,#120);
#120 = DEFINITIONAL_REPRESENTATION('',(#121),#125);
#121 = LINE('',#122,#123);
#122 = CARTESIAN_POINT('',(2.886751345948,-5.));
#123 = VECTOR('',#124,1.);
#124 = DIRECTION('',(0.5,0.866025403784));
#125 = ( GEOMETRIC_REPRESENTATION_CONTEXT(2) 
PARAMETRIC_REPRESENTATION_CONTEXT() REPRESENTATION_CONTEXT('2D SPACE',''
  ) );
#126 = PCURVE('',#127,#132);
#127 = PLANE('',#128);
#128 = AXIS2_PLACEMENT_3D('',#129,#130,#131);
#129 = CARTESIAN_POINT('',(2.886751345948,-5.,31.2));
#130 = DIRECTION('',(-0.866025403784,0.5,0.));
#131 = DIRECTION('',(0.5,0.866025403784,0.));
#132 = DEFINITIONAL_REPRESENTATION('',(#133),#137);
#133 = LINE('',#134,#135);
#134 = CARTESIAN_POINT('',(0.,0.));
#135 = VECTOR('',#136,1.);
#136 = DIRECTION('',(1.,0.));
#137 = ( GEOMETRIC_REPRESENTATION_CONTEXT(2) 
PARAMETRIC_REPRESENTATION_CONTEXT() REPRESENTATION_CONTEXT('2D SPACE',''
  ) );
#138 = ORIENTED_EDGE('',*,*,#139,.F.);
#139 = EDGE_CURVE('',#140,#112,#142,.T.);
#140 = VERTEX_POINT('',#141);
#141 = CARTESIAN_POINT('',(2.80014880557,-5.,31.2));
#142 = SURFACE_CURVE('',#143,(#148,#155),.PCURVE_S1.);
#143 = CIRCLE('',#144,0.15);
#144 = AXIS2_PLACEMENT_3D('',#145,#146,#147);
#145 = CARTESIAN_POINT('',(2.80014880557,-4.85,31.2));
#146 = DIRECTION('',(0.,0.,1.));
#147 = DIRECTION('',(0.,-1.,0.));
#148 = PCURVE('',#54,#149);
#149 = DEFINITIONAL_REPRESENTATION('',(#150),#154);
#150 = CIRCLE('',#151,0.15);
#151 = AXIS2_PLACEMENT_2D('',#152,#153);
#152 = CARTESIAN_POINT('',(2.80014880557,-4.85));
#153 = DIRECTION('',(0.,-1.));
#154 = ( GEOMETRIC_REPRESENTATION_CONTEXT(2) 
PARAMETRIC_REPRESENTATION_CONTEXT() REPRESENTATION_CONTEXT('2D SPACE',''
  ) );
#155 = PCURVE('',#156,#161);
#156 = CYLINDRICAL_SURFACE('',#157,0.15);
#157 = AXIS2_PLACEMENT_3D('',#158,#159,#160);
#158 = CARTESIAN_POINT('',(2.80014880557,-4.85,31.2));
#159 = DIRECTION('',(0.,0.,1.));
#160 = DIRECTION('',(-6.153480596427E-16,-1.,0.));
#161 = DEFINITIONAL_REPRESENTATION('',(#162),#166);
#162 = LINE('',#163,#164);
#163 = CARTESIAN_POINT('',(6.153480596427E-16,0.));
#164 = VECTOR('',#165,1.);
#165 = DIRECTION('',(1.,0.));
#166 = ( GEOMETRIC_REPRESENTATION_CONTEXT(2) 
PARAMETRIC_REPRESENTATION_CONTEXT() REPRESENTATION_CONTEXT('2D SPACE',''
  ) );
#167 = ORIENTED_EDGE('',*,*,#168,.F.);
#168 = EDGE_CURVE('',#169,#140,#171,.T.);
#169 = VERTEX_POINT('',#170);
#170 = CARTESIAN_POINT('',(-2.80014880557,-5.,31.2));
#171 = SURFACE_CURVE('',#172,(#176,#183),.PCURVE_S1.);
#172 = LINE('',#173,#174);
#173 = CARTESIAN_POINT('',(-2.886751345948,-5.,31.2));
#174 = VECTOR('',#175,1.);
#175 = DIRECTION('',(1.,-6.153480596427E-16,0.));
#176 = PCURVE('',#54,#177);
#177 = DEFINITIONAL_REPRESENTATION('',(#178),#182);
#178 = LINE('',#179,#180);
#179 = CARTESIAN_POINT('',(-2.886751345948,-5.));
#180 = VECTOR('',#181,1.);
#181 = DIRECTION('',(1.,-6.153480596427E-16));
#182 = ( GEOMETRIC_REPRESENTATION_CONTEXT(2) 
PARAMETRIC_REPRESENTATION_CONTEXT() REPRESENTATION_CONTEXT('2D SPACE',''
  ) );
#183 = PCURVE('',#184,#189);
#184 = PLANE('',#185);
#185 = AXIS2_PLACEMENT_3D('',#186,#187,#188);
#186 = CARTESIAN_POINT('',(-2.886751345948,-5.,31.2));
#187 = DIRECTION('',(6.153480596427E-16,1.,-0.));
#188 = DIRECTION('',(1.,-6.153480596427E-16,0.));
#189 = DEFINITIONAL_REPRESENTATION('',(#190),#194);
#190 = LINE('',#191,#192);
#191 = CARTESIAN_POINT('',(0.,0.));
#192 = VECTOR('',#193,1.);
#193 = DIRECTION('',(1.,0.));
#194 = ( GEOMETRIC_REPRESENTATION_CONTEXT(2) 
PARAMETRIC_REPRESENTATION_CONTEXT() REPRESENTATION_CONTEXT('2D SPACE',''
  ) );
#195 = ORIENTED_EDGE('',*,*,#196,.F.);
#196 = EDGE_CURVE('',#197,#169,#199,.T.);
#197 = VERTEX_POINT('',#198);
#198 = CARTESIAN_POINT('',(-2.930052616137,-4.925,31.2));
#199 = SURFACE_CURVE('',#200,(#205,#212),.PCURVE_S1.);
#200 = CIRCLE('',#201,0.15);
#201 = AXIS2_PLACEMENT_3D('',#202,#203,#204);
#202 = CARTESIAN_POINT('',(-2.80014880557,-4.85,31.2));
#203 = DIRECTION('',(0.,0.,1.));
#204 = DIRECTION('',(0.,-1.,0.));
#205 = PCURVE('',#54,#206);
#206 = DEFINITIONAL_REPRESENTATION('',(#207),#211);
#207 = CIRCLE('',#208,0.15);
#208 = AXIS2_PLACEMENT_2D('',#209,#210);
#209 = CARTESIAN_POINT('',(-2.80014880557,-4.85));
#210 = DIRECTION('',(0.,-1.));
#211 = ( GEOMETRIC_REPRESENTATION_CONTEXT(2) 
PARAMETRIC_REPRESENTATION_CONTEXT() REPRESENTATION_CONTEXT('2D SPACE',''
  ) );
#212 = PCURVE('',#213,#218);
#213 = CYLINDRICAL_SURFACE('',#214,0.15);
#214 = AXIS2_PLACEMENT_3D('',#215,#216,#217);
#215 = CARTESIAN_POINT('',(-2.80014880557,-4.85,31.2));
#216 = DIRECTION('',(0.,0.,1.));
#217 = DIRECTION('',(-0.866025403784,-0.5,0.));
#218 = DEFINITIONAL_REPRESENTATION('',(#219),#223);
#219 = LINE('',#220,#221);
#220 = CARTESIAN_POINT('',(-5.235987755983,0.));
#221 = VECTOR('',#222,1.);
#222 = DIRECTION('',(1.,0.));
#223 = ( GEOMETRIC_REPRESENTATION_CONTEXT(2) 
PARAMETRIC_REPRESENTATION_CONTEXT() REPRESENTATION_CONTEXT('2D SPACE',''
  ) );
#224 = ORIENTED_EDGE('',*,*,#225,.F.);
#225 = EDGE_CURVE('',#226,#197,#228,.T.);
#226 = VERTEX_POINT('',#227);
#227 = CARTESIAN_POINT('',(-5.730201421707,-7.5E-02,31.2));
#228 = SURFACE_CURVE('',#229,(#233,#240),.PCURVE_S1.);
#229 = LINE('',#230,#231);
#230 = CARTESIAN_POINT('',(-5.773502691896,7.070501591499E-16,31.2));
#231 = VECTOR('',#232,1.);
#232 = DIRECTION('',(0.5,-0.866025403784,0.));
#233 = PCURVE('',#54,#234);
#234 = DEFINITIONAL_REPRESENTATION('',(#235),#239);
#235 = LINE('',#236,#237);
#236 = CARTESIAN_POINT('',(-5.773502691896,2.114067174999E-16));
#237 = VECTOR('',#238,1.);
#238 = DIRECTION('',(0.5,-0.866025403784));
#239 = ( GEOMETRIC_REPRESENTATION_CONTEXT(2) 
PARAMETRIC_REPRESENTATION_CONTEXT() REPRESENTATION_CONTEXT('2D SPACE',''
  ) );
#240 = PCURVE('',#241,#246);
#241 = PLANE('',#242);
#242 = AXIS2_PLACEMENT_3D('',#243,#244,#245);
#243 = CARTESIAN_POINT('',(-5.773502691896,7.070501591499E-16,31.2));
#244 = DIRECTION('',(0.866025403784,0.5,-0.));
#245 = DIRECTION('',(0.5,-0.866025403784,0.));
#246 = DEFINITIONAL_REPRESENTATION('',(#247),#251);
#247 = LINE('',#248,#249);
#248 = CARTESIAN_POINT('',(0.,0.));
#249 = VECTOR('',#250,1.);
#250 = DIRECTION('',(1.,0.));
#251 = ( GEOMETRIC_REPRESENTATION_CONTEXT(2) 
PARAMETRIC_REPRESENTATION_CONTEXT() REPRESENTATION_CONTEXT('2D SPACE',''
  ) );
#252 = ORIENTED_EDGE('',*,*,#253,.F.);
#253 = EDGE_CURVE('',#254,#226,#256,.T.);
#254 = VERTEX_POINT('',#255);
#255 = CARTESIAN_POINT('',(-5.730201421707,7.5E-02,31.2));
#256 = SURFACE_CURVE('',#257,(#262,#269),.PCURVE_S1.);
#257 = CIRCLE('',#258,0.15);
#258 = AXIS2_PLACEMENT_3D('',#259,#260,#261);
#259 = CARTESIAN_POINT('',(-5.600297611139,2.980139283437E-16,31.2));
#260 = DIRECTION('',(0.,0.,1.));
#261 = DIRECTION('',(0.,-1.,0.));
#262 = PCURVE('',#54,#263);
#263 = DEFINITIONAL_REPRESENTATION('',(#264),#268);
#264 = CIRCLE('',#265,0.15);
#265 = AXIS2_PLACEMENT_2D('',#266,#267);
#266 = CARTESIAN_POINT('',(-5.600297611139,-1.976295133063E-16));
#267 = DIRECTION('',(0.,-1.));
#268 = ( GEOMETRIC_REPRESENTATION_CONTEXT(2) 
PARAMETRIC_REPRESENTATION_CONTEXT() REPRESENTATION_CONTEXT('2D SPACE',''
  ) );
#269 = PCURVE('',#270,#275);
#270 = CYLINDRICAL_SURFACE('',#271,0.15);
#271 = AXIS2_PLACEMENT_3D('',#272,#273,#274);
#272 = CARTESIAN_POINT('',(-5.600297611139,2.980139283437E-16,31.2));
#273 = DIRECTION('',(0.,0.,1.));
#274 = DIRECTION('',(-0.866025403784,0.5,0.));
#275 = DEFINITIONAL_REPRESENTATION('',(#276),#280);
#276 = LINE('',#277,#278);
#277 = CARTESIAN_POINT('',(-4.188790204786,0.));
#278 = VECTOR('',#279,1.);
#279 = DIRECTION('',(1.,0.));
#280 = ( GEOMETRIC_REPRESENTATION_CONTEXT(2) 
PARAMETRIC_REPRESENTATION_CONTEXT() REPRESENTATION_CONTEXT('2D SPACE',''
  ) );
#281 = ORIENTED_EDGE('',*,*,#282,.F.);
#282 = EDGE_CURVE('',#283,#254,#285,.T.);
#283 = VERTEX_POINT('',#284);
#284 = CARTESIAN_POINT('',(-2.930052616137,4.925,31.2));
#285 = SURFACE_CURVE('',#286,(#290,#297),.PCURVE_S1.);
#286 = LINE('',#287,#288);
#287 = CARTESIAN_POINT('',(-2.886751345948,5.,31.2));
#288 = VECTOR('',#289,1.);
#289 = DIRECTION('',(-0.5,-0.866025403784,0.));
#290 = PCURVE('',#54,#291);
#291 = DEFINITIONAL_REPRESENTATION('',(#292),#296);
#292 = LINE('',#293,#294);
#293 = CARTESIAN_POINT('',(-2.886751345948,5.));
#294 = VECTOR('',#295,1.);
#295 = DIRECTION('',(-0.5,-0.866025403784));
#296 = ( GEOMETRIC_REPRESENTATION_CONTEXT(2) 
PARAMETRIC_REPRESENTATION_CONTEXT() REPRESENTATION_CONTEXT('2D SPACE',''
  ) );
#297 = PCURVE('',#298,#303);
#298 = PLANE('',#299);
#299 = AXIS2_PLACEMENT_3D('',#300,#301,#302);
#300 = CARTESIAN_POINT('',(-2.886751345948,5.,31.2));
#301 = DIRECTION('',(0.866025403784,-0.5,0.));
#302 = DIRECTION('',(-0.5,-0.866025403784,0.));
#303 = DEFINITIONAL_REPRESENTATION('',(#304),#308);
#304 = LINE('',#305,#306);
#305 = CARTESIAN_POINT('',(0.,0.));
#306 = VECTOR('',#307,1.);
#307 = DIRECTION('',(1.,0.));
#308 = ( GEOMETRIC_REPRESENTATION_CONTEXT(2) 
PARAMETRIC_REPRESENTATION_CONTEXT() REPRESENTATION_CONTEXT('2D SPACE',''
  ) );
#309 = ORIENTED_EDGE('',*,*,#310,.F.);
#310 = EDGE_CURVE('',#311,#283,#313,.T.);
#311 = VERTEX_POINT('',#312);
#312 = CARTESIAN_POINT('',(-2.80014880557,5.,31.2));
#313 = SURFACE_CURVE('',#314,(#319,#326),.PCURVE_S1.);
#314 = CIRCLE('',#315,0.15);
#315 = AXIS2_PLACEMENT_3D('',#316,#317,#318);
#316 = CARTESIAN_POINT('',(-2.80014880557,4.85,31.2));
#317 = DIRECTION('',(0.,0.,1.));
#318 = DIRECTION('',(0.,-1.,0.));
#319 = PCURVE('',#54,#320);
#320 = DEFINITIONAL_REPRESENTATION('',(#321),#325);
#321 = CIRCLE('',#322,0.15);
#322 = AXIS2_PLACEMENT_2D('',#323,#324);
#323 = CARTESIAN_POINT('',(-2.80014880557,4.85));
#324 = DIRECTION('',(0.,-1.));
#325 = ( GEOMETRIC_REPRESENTATION_CONTEXT(2) 
PARAMETRIC_REPRESENTATION_CONTEXT() REPRESENTATION_CONTEXT('2D SPACE',''
  ) );
#326 = PCURVE('',#327,#332);
#327 = CYLINDRICAL_SURFACE('',#328,0.15);
#328 = AXIS2_PLACEMENT_3D('',#329,#330,#331);
#329 = CARTESIAN_POINT('',(-2.80014880557,4.85,31.2));
#330 = DIRECTION('',(0.,0.,1.));
#331 = DIRECTION('',(1.538370149107E-16,1.,-0.));
#332 = DEFINITIONAL_REPRESENTATION('',(#333),#337);
#333 = LINE('',#334,#335);
#334 = CARTESIAN_POINT('',(-3.14159265359,0.));
#335 = VECTOR('',#336,1.);
#336 = DIRECTION('',(1.,0.));
#337 = ( GEOMETRIC_REPRESENTATION_CONTEXT(2) 
PARAMETRIC_REPRESENTATION_CONTEXT() REPRESENTATION_CONTEXT('2D SPACE',''
  ) );
#338 = ORIENTED_EDGE('',*,*,#339,.F.);
#339 = EDGE_CURVE('',#340,#311,#342,.T.);
#340 = VERTEX_POINT('',#341);
#341 = CARTESIAN_POINT('',(2.80014880557,5.,31.2));
#342 = SURFACE_CURVE('',#343,(#347,#354),.PCURVE_S1.);
#343 = LINE('',#344,#345);
#344 = CARTESIAN_POINT('',(2.886751345948,5.,31.2));
#345 = VECTOR('',#346,1.);
#346 = DIRECTION('',(-1.,1.538370149107E-16,0.));
#347 = PCURVE('',#54,#348);
#348 = DEFINITIONAL_REPRESENTATION('',(#349),#353);
#349 = LINE('',#350,#351);
#350 = CARTESIAN_POINT('',(2.886751345948,5.));
#351 = VECTOR('',#352,1.);
#352 = DIRECTION('',(-1.,1.538370149107E-16));
#353 = ( GEOMETRIC_REPRESENTATION_CONTEXT(2) 
PARAMETRIC_REPRESENTATION_CONTEXT() REPRESENTATION_CONTEXT('2D SPACE',''
  ) );
#354 = PCURVE('',#355,#360);
#355 = PLANE('',#356);
#356 = AXIS2_PLACEMENT_3D('',#357,#358,#359);
#357 = CARTESIAN_POINT('',(2.886751345948,5.,31.2));
#358 = DIRECTION('',(-1.538370149107E-16,-1.,0.));
#359 = DIRECTION('',(-1.,1.538370149107E-16,0.));
#360 = DEFINITIONAL_REPRESENTATION('',(#361),#365);
#361 = LINE('',#362,#363);
#362 = CARTESIAN_POINT('',(0.,0.));
#363 = VECTOR('',#364,1.);
#364 = DIRECTION('',(1.,0.));
#365 = ( GEOMETRIC_REPRESENTATION_CONTEXT(2) 
PARAMETRIC_REPRESENTATION_CONTEXT() REPRESENTATION_CONTEXT('2D SPACE',''
  ) );
#366 = ORIENTED_EDGE('',*,*,#367,.F.);
#367 = EDGE_CURVE('',#46,#340,#368,.T.);
#368 = SURFACE_CURVE('',#369,(#374,#381),.PCURVE_S1.);
#369 = CIRCLE('',#370,0.15);
#370 = AXIS2_PLACEMENT_3D('',#371,#372,#373);
#371 = CARTESIAN_POINT('',(2.80014880557,4.85,31.2));
#372 = DIRECTION('',(0.,0.,1.));
#373 = DIRECTION('',(0.,-1.,0.));
#374 = PCURVE('',#54,#375);
#375 = DEFINITIONAL_REPRESENTATION('',(#376),#380);
#376 = CIRCLE('',#377,0.15);
#377 = AXIS2_PLACEMENT_2D('',#378,#379);
#378 = CARTESIAN_POINT('',(2.80014880557,4.85));
#379 = DIRECTION('',(0.,-1.));
#380 = ( GEOMETRIC_REPRESENTATION_CONTEXT(2) 
PARAMETRIC_REPRESENTATION_CONTEXT() REPRESENTATION_CONTEXT('2D SPACE',''
  ) );
#381 = PCURVE('',#382,#387);
#382 = CYLINDRICAL_SURFACE('',#383,0.15);
#383 = AXIS2_PLACEMENT_3D('',#384,#385,#386);
#384 = CARTESIAN_POINT('',(2.80014880557,4.85,31.2));
#385 = DIRECTION('',(0.,0.,1.));
#386 = DIRECTION('',(0.866025403784,0.5,-0.));
#387 = DEFINITIONAL_REPRESENTATION('',(#388),#392);
#388 = LINE('',#389,#390);
#389 = CARTESIAN_POINT('',(-2.094395102393,0.));
#390 = VECTOR('',#391,1.);
#391 = DIRECTION('',(1.,0.));
#392 = ( GEOMETRIC_REPRESENTATION_CONTEXT(2) 
PARAMETRIC_REPRESENTATION_CONTEXT() REPRESENTATION_CONTEXT('2D SPACE',''
  ) );
#393 = FACE_BOUND('',#394,.T.);
#394 = EDGE_LOOP('',(#395));
#395 = ORIENTED_EDGE('',*,*,#396,.T.);
#396 = EDGE_CURVE('',#397,#397,#399,.T.);
#397 = VERTEX_POINT('',#398);
#398 = CARTESIAN_POINT('',(7.,0.,31.2));
#399 = SURFACE_CURVE('',#400,(#405,#412),.PCURVE_S1.);
#400 = CIRCLE('',#401,7.);
#401 = AXIS2_PLACEMENT_3D('',#402,#403,#404);
#402 = CARTESIAN_POINT('',(0.,0.,31.2));
#403 = DIRECTION('',(0.,0.,1.));
#404 = DIRECTION('',(1.,0.,0.));
#405 = PCURVE('',#54,#406);
#406 = DEFINITIONAL_REPRESENTATION('',(#407),#411);
#407 = CIRCLE('',#408,7.);
#408 = AXIS2_PLACEMENT_2D('',#409,#410);
#409 = CARTESIAN_POINT('',(1.953485903628E-16,-4.9564344165E-16));
#410 = DIRECTION('',(1.,0.));
#411 = ( GEOMETRIC_REPRESENTATION_CONTEXT(2) 
PARAMETRIC_REPRESENTATION_CONTEXT() REPRESENTATION_CONTEXT('2D SPACE',''
  ) );
#412 = PCURVE('',#413,#418);
#413 = CYLINDRICAL_SURFACE('',#414,7.);
#414 = AXIS2_PLACEMENT_3D('',#415,#416,#417);
#415 = CARTESIAN_POINT('',(0.,0.,30.));
#416 = DIRECTION('',(-0.,-0.,-1.));
#417 = DIRECTION('',(1.,0.,0.));
#418 = DEFINITIONAL_REPRESENTATION('',(#419),#423);
#419 = LINE('',#420,#421);
#420 = CARTESIAN_POINT('',(-0.,-1.2));
#421 = VECTOR('',#422,1.);
#422 = DIRECTION('',(-1.,0.));
#423 = ( GEOMETRIC_REPRESENTATION_CONTEXT(2) 
PARAMETRIC_REPRESENTATION_CONTEXT() REPRESENTATION_CONTEXT('2D SPACE',''
  ) );
#424 = ADVANCED_FACE('',(#425),#66,.F.);
#425 = FACE_BOUND('',#426,.F.);
#426 = EDGE_LOOP('',(#427,#428,#451,#479));
#427 = ORIENTED_EDGE('',*,*,#43,.F.);
#428 = ORIENTED_EDGE('',*,*,#429,.T.);
#429 = EDGE_CURVE('',#44,#430,#432,.T.);
#430 = VERTEX_POINT('',#431);
#431 = CARTESIAN_POINT('',(5.730201421707,7.5E-02,35.2));
#432 = SURFACE_CURVE('',#433,(#437,#444),.PCURVE_S1.);
#433 = LINE('',#434,#435);
#434 = CARTESIAN_POINT('',(5.730201421707,7.5E-02,31.2));
#435 = VECTOR('',#436,1.);
#436 = DIRECTION('',(0.,0.,1.));
#437 = PCURVE('',#66,#438);
#438 = DEFINITIONAL_REPRESENTATION('',(#439),#443);
#439 = LINE('',#440,#441);
#440 = CARTESIAN_POINT('',(8.660254037844E-02,0.));
#441 = VECTOR('',#442,1.);
#442 = DIRECTION('',(0.,-1.));
#443 = ( GEOMETRIC_REPRESENTATION_CONTEXT(2) 
PARAMETRIC_REPRESENTATION_CONTEXT() REPRESENTATION_CONTEXT('2D SPACE',''
  ) );
#444 = PCURVE('',#99,#445);
#445 = DEFINITIONAL_REPRESENTATION('',(#446),#450);
#446 = LINE('',#447,#448);
#447 = CARTESIAN_POINT('',(-0.,0.));
#448 = VECTOR('',#449,1.);
#449 = DIRECTION('',(-0.,1.));
#450 = ( GEOMETRIC_REPRESENTATION_CONTEXT(2) 
PARAMETRIC_REPRESENTATION_CONTEXT() REPRESENTATION_CONTEXT('2D SPACE',''
  ) );
#451 = ORIENTED_EDGE('',*,*,#452,.T.);
#452 = EDGE_CURVE('',#430,#453,#455,.T.);
#453 = VERTEX_POINT('',#454);
#454 = CARTESIAN_POINT('',(2.930052616137,4.925,35.2));
#455 = SURFACE_CURVE('',#456,(#460,#467),.PCURVE_S1.);
#456 = LINE('',#457,#458);
#457 = CARTESIAN_POINT('',(5.773502691896,0.,35.2));
#458 = VECTOR('',#459,1.);
#459 = DIRECTION('',(-0.5,0.866025403784,0.));
#460 = PCURVE('',#66,#461);
#461 = DEFINITIONAL_REPRESENTATION('',(#462),#466);
#462 = LINE('',#463,#464);
#463 = CARTESIAN_POINT('',(0.,-4.));
#464 = VECTOR('',#465,1.);
#465 = DIRECTION('',(1.,0.));
#466 = ( GEOMETRIC_REPRESENTATION_CONTEXT(2) 
PARAMETRIC_REPRESENTATION_CONTEXT() REPRESENTATION_CONTEXT('2D SPACE',''
  ) );
#467 = PCURVE('',#468,#473);
#468 = PLANE('',#469);
#469 = AXIS2_PLACEMENT_3D('',#470,#471,#472);
#470 = CARTESIAN_POINT('',(-2.051160198809E-16,-4.615110447321E-16,35.2)
  );
#471 = DIRECTION('',(0.,0.,1.));
#472 = DIRECTION('',(1.,0.,-0.));
#473 = DEFINITIONAL_REPRESENTATION('',(#474),#478);
#474 = LINE('',#475,#476);
#475 = CARTESIAN_POINT('',(5.773502691896,4.615110447321E-16));
#476 = VECTOR('',#477,1.);
#477 = DIRECTION('',(-0.5,0.866025403784));
#478 = ( GEOMETRIC_REPRESENTATION_CONTEXT(2) 
PARAMETRIC_REPRESENTATION_CONTEXT() REPRESENTATION_CONTEXT('2D SPACE',''
  ) );
#479 = ORIENTED_EDGE('',*,*,#480,.F.);
#480 = EDGE_CURVE('',#46,#453,#481,.T.);
#481 = SURFACE_CURVE('',#482,(#486,#493),.PCURVE_S1.);
#482 = LINE('',#483,#484);
#483 = CARTESIAN_POINT('',(2.930052616137,4.925,31.2));
#484 = VECTOR('',#485,1.);
#485 = DIRECTION('',(0.,0.,1.));
#486 = PCURVE('',#66,#487);
#487 = DEFINITIONAL_REPRESENTATION('',(#488),#492);
#488 = LINE('',#489,#490);
#489 = CARTESIAN_POINT('',(5.686900151518,0.));
#490 = VECTOR('',#491,1.);
#491 = DIRECTION('',(0.,-1.));
#492 = ( GEOMETRIC_REPRESENTATION_CONTEXT(2) 
PARAMETRIC_REPRESENTATION_CONTEXT() REPRESENTATION_CONTEXT('2D SPACE',''
  ) );
#493 = PCURVE('',#382,#494);
#494 = DEFINITIONAL_REPRESENTATION('',(#495),#499);
#495 = LINE('',#496,#497);
#496 = CARTESIAN_POINT('',(0.,0.));
#497 = VECTOR('',#498,1.);
#498 = DIRECTION('',(0.,1.));
#499 = ( GEOMETRIC_REPRESENTATION_CONTEXT(2) 
PARAMETRIC_REPRESENTATION_CONTEXT() REPRESENTATION_CONTEXT('2D SPACE',''
  ) );
#500 = ADVANCED_FACE('',(#501),#99,.T.);
#501 = FACE_BOUND('',#502,.F.);
#502 = EDGE_LOOP('',(#503,#504,#527,#553));
#503 = ORIENTED_EDGE('',*,*,#78,.T.);
#504 = ORIENTED_EDGE('',*,*,#505,.T.);
#505 = EDGE_CURVE('',#79,#506,#508,.T.);
#506 = VERTEX_POINT('',#507);
#507 = CARTESIAN_POINT('',(5.730201421707,-7.5E-02,35.2));
#508 = SURFACE_CURVE('',#509,(#513,#520),.PCURVE_S1.);
#509 = LINE('',#510,#511);
#510 = CARTESIAN_POINT('',(5.730201421707,-7.5E-02,31.2));
#511 = VECTOR('',#512,1.);
#512 = DIRECTION('',(0.,0.,1.));
#513 = PCURVE('',#99,#514);
#514 = DEFINITIONAL_REPRESENTATION('',(#515),#519);
#515 = LINE('',#516,#517);
#516 = CARTESIAN_POINT('',(-1.047197551197,0.));
#517 = VECTOR('',#518,1.);
#518 = DIRECTION('',(-0.,1.));
#519 = ( GEOMETRIC_REPRESENTATION_CONTEXT(2) 
PARAMETRIC_REPRESENTATION_CONTEXT() REPRESENTATION_CONTEXT('2D SPACE',''
  ) );
#520 = PCURVE('',#127,#521);
#521 = DEFINITIONAL_REPRESENTATION('',(#522),#526);
#522 = LINE('',#523,#524);
#523 = CARTESIAN_POINT('',(5.686900151518,0.));
#524 = VECTOR('',#525,1.);
#525 = DIRECTION('',(0.,-1.));
#526 = ( GEOMETRIC_REPRESENTATION_CONTEXT(2) 
PARAMETRIC_REPRESENTATION_CONTEXT() REPRESENTATION_CONTEXT('2D SPACE',''
  ) );
#527 = ORIENTED_EDGE('',*,*,#528,.F.);
#528 = EDGE_CURVE('',#430,#506,#529,.T.);
#529 = SURFACE_CURVE('',#530,(#535,#542),.PCURVE_S1.);
#530 = CIRCLE('',#531,0.15);
#531 = AXIS2_PLACEMENT_3D('',#532,#533,#534);
#532 = CARTESIAN_POINT('',(5.600297611139,9.214851104389E-16,35.2));
#533 = DIRECTION('',(-0.,-0.,-1.));
#534 = DIRECTION('',(0.,-1.,0.));
#535 = PCURVE('',#99,#536);
#536 = DEFINITIONAL_REPRESENTATION('',(#537),#541);
#537 = LINE('',#538,#539);
#538 = CARTESIAN_POINT('',(4.188790204786,4.));
#539 = VECTOR('',#540,1.);
#540 = DIRECTION('',(-1.,0.));
#541 = ( GEOMETRIC_REPRESENTATION_CONTEXT(2) 
PARAMETRIC_REPRESENTATION_CONTEXT() REPRESENTATION_CONTEXT('2D SPACE',''
  ) );
#542 = PCURVE('',#468,#543);
#543 = DEFINITIONAL_REPRESENTATION('',(#544),#552);
#544 = ( BOUNDED_CURVE() B_SPLINE_CURVE(2,(#545,#546,#547,#548,#549,#550
,#551),.UNSPECIFIED.,.T.,.F.) B_SPLINE_CURVE_WITH_KNOTS((1,2,2,2,2,1),(
    -2.094395102393,0.,2.094395102393,4.188790204786,6.28318530718,
8.377580409573),.UNSPECIFIED.) CURVE() GEOMETRIC_REPRESENTATION_ITEM() 
RATIONAL_B_SPLINE_CURVE((1.,0.5,1.,0.5,1.,0.5,1.)) REPRESENTATION_ITEM(
  '') );
#545 = CARTESIAN_POINT('',(5.600297611139,-0.15));
#546 = CARTESIAN_POINT('',(5.340489990004,-0.15));
#547 = CARTESIAN_POINT('',(5.470393800572,7.5E-02));
#548 = CARTESIAN_POINT('',(5.600297611139,0.3));
#549 = CARTESIAN_POINT('',(5.730201421707,7.5E-02));
#550 = CARTESIAN_POINT('',(5.860105232275,-0.15));
#551 = CARTESIAN_POINT('',(5.600297611139,-0.15));
#552 = ( GEOMETRIC_REPRESENTATION_CONTEXT(2) 
PARAMETRIC_REPRESENTATION_CONTEXT() REPRESENTATION_CONTEXT('2D SPACE',''
  ) );
#553 = ORIENTED_EDGE('',*,*,#429,.F.);
#554 = ADVANCED_FACE('',(#555),#382,.T.);
#555 = FACE_BOUND('',#556,.T.);
#556 = EDGE_LOOP('',(#557,#558,#581,#603));
#557 = ORIENTED_EDGE('',*,*,#367,.T.);
#558 = ORIENTED_EDGE('',*,*,#559,.T.);
#559 = EDGE_CURVE('',#340,#560,#562,.T.);
#560 = VERTEX_POINT('',#561);
#561 = CARTESIAN_POINT('',(2.80014880557,5.,35.2));
#562 = SURFACE_CURVE('',#563,(#567,#574),.PCURVE_S1.);
#563 = LINE('',#564,#565);
#564 = CARTESIAN_POINT('',(2.80014880557,5.,31.2));
#565 = VECTOR('',#566,1.);
#566 = DIRECTION('',(0.,0.,1.));
#567 = PCURVE('',#382,#568);
#568 = DEFINITIONAL_REPRESENTATION('',(#569),#573);
#569 = LINE('',#570,#571);
#570 = CARTESIAN_POINT('',(1.047197551197,0.));
#571 = VECTOR('',#572,1.);
#572 = DIRECTION('',(0.,1.));
#573 = ( GEOMETRIC_REPRESENTATION_CONTEXT(2) 
PARAMETRIC_REPRESENTATION_CONTEXT() REPRESENTATION_CONTEXT('2D SPACE',''
  ) );
#574 = PCURVE('',#355,#575);
#575 = DEFINITIONAL_REPRESENTATION('',(#576),#580);
#576 = LINE('',#577,#578);
#577 = CARTESIAN_POINT('',(8.660254037844E-02,0.));
#578 = VECTOR('',#579,1.);
#579 = DIRECTION('',(0.,-1.));
#580 = ( GEOMETRIC_REPRESENTATION_CONTEXT(2) 
PARAMETRIC_REPRESENTATION_CONTEXT() REPRESENTATION_CONTEXT('2D SPACE',''
  ) );
#581 = ORIENTED_EDGE('',*,*,#582,.F.);
#582 = EDGE_CURVE('',#453,#560,#583,.T.);
#583 = SURFACE_CURVE('',#584,(#589,#596),.PCURVE_S1.);
#584 = CIRCLE('',#585,0.15);
#585 = AXIS2_PLACEMENT_3D('',#586,#587,#588);
#586 = CARTESIAN_POINT('',(2.80014880557,4.85,35.2));
#587 = DIRECTION('',(0.,0.,1.));
#588 = DIRECTION('',(0.,-1.,0.));
#589 = PCURVE('',#382,#590);
#590 = DEFINITIONAL_REPRESENTATION('',(#591),#595);
#591 = LINE('',#592,#593);
#592 = CARTESIAN_POINT('',(-2.094395102393,4.));
#593 = VECTOR('',#594,1.);
#594 = DIRECTION('',(1.,0.));
#595 = ( GEOMETRIC_REPRESENTATION_CONTEXT(2) 
PARAMETRIC_REPRESENTATION_CONTEXT() REPRESENTATION_CONTEXT('2D SPACE',''
  ) );
#596 = PCURVE('',#468,#597);
#597 = DEFINITIONAL_REPRESENTATION('',(#598),#602);
#598 = CIRCLE('',#599,0.15);
#599 = AXIS2_PLACEMENT_2D('',#600,#601);
#600 = CARTESIAN_POINT('',(2.80014880557,4.85));
#601 = DIRECTION('',(0.,-1.));
#602 = ( GEOMETRIC_REPRESENTATION_CONTEXT(2) 
PARAMETRIC_REPRESENTATION_CONTEXT() REPRESENTATION_CONTEXT('2D SPACE',''
  ) );
#603 = ORIENTED_EDGE('',*,*,#480,.F.);
#604 = ADVANCED_FACE('',(#605),#127,.F.);
#605 = FACE_BOUND('',#606,.F.);
#606 = EDGE_LOOP('',(#607,#608,#631,#652));
#607 = ORIENTED_EDGE('',*,*,#111,.F.);
#608 = ORIENTED_EDGE('',*,*,#609,.T.);
#609 = EDGE_CURVE('',#112,#610,#612,.T.);
#610 = VERTEX_POINT('',#611);
#611 = CARTESIAN_POINT('',(2.930052616137,-4.925,35.2));
#612 = SURFACE_CURVE('',#613,(#617,#624),.PCURVE_S1.);
#613 = LINE('',#614,#615);
#614 = CARTESIAN_POINT('',(2.930052616137,-4.925,31.2));
#615 = VECTOR('',#616,1.);
#616 = DIRECTION('',(0.,0.,1.));
#617 = PCURVE('',#127,#618);
#618 = DEFINITIONAL_REPRESENTATION('',(#619),#623);
#619 = LINE('',#620,#621);
#620 = CARTESIAN_POINT('',(8.660254037844E-02,0.));
#621 = VECTOR('',#622,1.);
#622 = DIRECTION('',(0.,-1.));
#623 = ( GEOMETRIC_REPRESENTATION_CONTEXT(2) 
PARAMETRIC_REPRESENTATION_CONTEXT() REPRESENTATION_CONTEXT('2D SPACE',''
  ) );
#624 = PCURVE('',#156,#625);
#625 = DEFINITIONAL_REPRESENTATION('',(#626),#630);
#626 = LINE('',#627,#628);
#627 = CARTESIAN_POINT('',(1.047197551197,0.));
#628 = VECTOR('',#629,1.);
#629 = DIRECTION('',(0.,1.));
#630 = ( GEOMETRIC_REPRESENTATION_CONTEXT(2) 
PARAMETRIC_REPRESENTATION_CONTEXT() REPRESENTATION_CONTEXT('2D SPACE',''
  ) );
#631 = ORIENTED_EDGE('',*,*,#632,.T.);
#632 = EDGE_CURVE('',#610,#506,#633,.T.);
#633 = SURFACE_CURVE('',#634,(#638,#645),.PCURVE_S1.);
#634 = LINE('',#635,#636);
#635 = CARTESIAN_POINT('',(2.886751345948,-5.,35.2));
#636 = VECTOR('',#637,1.);
#637 = DIRECTION('',(0.5,0.866025403784,0.));
#638 = PCURVE('',#127,#639);
#639 = DEFINITIONAL_REPRESENTATION('',(#640),#644);
#640 = LINE('',#641,#642);
#641 = CARTESIAN_POINT('',(0.,-4.));
#642 = VECTOR('',#643,1.);
#643 = DIRECTION('',(1.,0.));
#644 = ( GEOMETRIC_REPRESENTATION_CONTEXT(2) 
PARAMETRIC_REPRESENTATION_CONTEXT() REPRESENTATION_CONTEXT('2D SPACE',''
  ) );
#645 = PCURVE('',#468,#646);
#646 = DEFINITIONAL_REPRESENTATION('',(#647),#651);
#647 = LINE('',#648,#649);
#648 = CARTESIAN_POINT('',(2.886751345948,-5.));
#649 = VECTOR('',#650,1.);
#650 = DIRECTION('',(0.5,0.866025403784));
#651 = ( GEOMETRIC_REPRESENTATION_CONTEXT(2) 
PARAMETRIC_REPRESENTATION_CONTEXT() REPRESENTATION_CONTEXT('2D SPACE',''
  ) );
#652 = ORIENTED_EDGE('',*,*,#505,.F.);
#653 = ADVANCED_FACE('',(#654),#355,.F.);
#654 = FACE_BOUND('',#655,.F.);
#655 = EDGE_LOOP('',(#656,#657,#658,#681));
#656 = ORIENTED_EDGE('',*,*,#339,.F.);
#657 = ORIENTED_EDGE('',*,*,#559,.T.);
#658 = ORIENTED_EDGE('',*,*,#659,.T.);
#659 = EDGE_CURVE('',#560,#660,#662,.T.);
#660 = VERTEX_POINT('',#661);
#661 = CARTESIAN_POINT('',(-2.80014880557,5.,35.2));
#662 = SURFACE_CURVE('',#663,(#667,#674),.PCURVE_S1.);
#663 = LINE('',#664,#665);
#664 = CARTESIAN_POINT('',(2.886751345948,5.,35.2));
#665 = VECTOR('',#666,1.);
#666 = DIRECTION('',(-1.,1.538370149107E-16,0.));
#667 = PCURVE('',#355,#668);
#668 = DEFINITIONAL_REPRESENTATION('',(#669),#673);
#669 = LINE('',#670,#671);
#670 = CARTESIAN_POINT('',(0.,-4.));
#671 = VECTOR('',#672,1.);
#672 = DIRECTION('',(1.,0.));
#673 = ( GEOMETRIC_REPRESENTATION_CONTEXT(2) 
PARAMETRIC_REPRESENTATION_CONTEXT() REPRESENTATION_CONTEXT('2D SPACE',''
  ) );
#674 = PCURVE('',#468,#675);
#675 = DEFINITIONAL_REPRESENTATION('',(#676),#680);
#676 = LINE('',#677,#678);
#677 = CARTESIAN_POINT('',(2.886751345948,5.));
#678 = VECTOR('',#679,1.);
#679 = DIRECTION('',(-1.,1.538370149107E-16));
#680 = ( GEOMETRIC_REPRESENTATION_CONTEXT(2) 
PARAMETRIC_REPRESENTATION_CONTEXT() REPRESENTATION_CONTEXT('2D SPACE',''
  ) );
#681 = ORIENTED_EDGE('',*,*,#682,.F.);
#682 = EDGE_CURVE('',#311,#660,#683,.T.);
#683 = SURFACE_CURVE('',#684,(#688,#695),.PCURVE_S1.);
#684 = LINE('',#685,#686);
#685 = CARTESIAN_POINT('',(-2.80014880557,5.,31.2));
#686 = VECTOR('',#687,1.);
#687 = DIRECTION('',(0.,0.,1.));
#688 = PCURVE('',#355,#689);
#689 = DEFINITIONAL_REPRESENTATION('',(#690),#694);
#690 = LINE('',#691,#692);
#691 = CARTESIAN_POINT('',(5.686900151518,0.));
#692 = VECTOR('',#693,1.);
#693 = DIRECTION('',(0.,-1.));
#694 = ( GEOMETRIC_REPRESENTATION_CONTEXT(2) 
PARAMETRIC_REPRESENTATION_CONTEXT() REPRESENTATION_CONTEXT('2D SPACE',''
  ) );
#695 = PCURVE('',#327,#696);
#696 = DEFINITIONAL_REPRESENTATION('',(#697),#701);
#697 = LINE('',#698,#699);
#698 = CARTESIAN_POINT('',(0.,0.));
#699 = VECTOR('',#700,1.);
#700 = DIRECTION('',(0.,1.));
#701 = ( GEOMETRIC_REPRESENTATION_CONTEXT(2) 
PARAMETRIC_REPRESENTATION_CONTEXT() REPRESENTATION_CONTEXT('2D SPACE',''
  ) );
#702 = ADVANCED_FACE('',(#703),#156,.T.);
#703 = FACE_BOUND('',#704,.T.);
#704 = EDGE_LOOP('',(#705,#706,#707,#731));
#705 = ORIENTED_EDGE('',*,*,#139,.T.);
#706 = ORIENTED_EDGE('',*,*,#609,.T.);
#707 = ORIENTED_EDGE('',*,*,#708,.F.);
#708 = EDGE_CURVE('',#709,#610,#711,.T.);
#709 = VERTEX_POINT('',#710);
#710 = CARTESIAN_POINT('',(2.80014880557,-5.,35.2));
#711 = SURFACE_CURVE('',#712,(#717,#724),.PCURVE_S1.);
#712 = CIRCLE('',#713,0.15);
#713 = AXIS2_PLACEMENT_3D('',#714,#715,#716);
#714 = CARTESIAN_POINT('',(2.80014880557,-4.85,35.2));
#715 = DIRECTION('',(0.,0.,1.));
#716 = DIRECTION('',(0.,-1.,0.));
#717 = PCURVE('',#156,#718);
#718 = DEFINITIONAL_REPRESENTATION('',(#719),#723);
#719 = LINE('',#720,#721);
#720 = CARTESIAN_POINT('',(6.153480596427E-16,4.));
#721 = VECTOR('',#722,1.);
#722 = DIRECTION('',(1.,0.));
#723 = ( GEOMETRIC_REPRESENTATION_CONTEXT(2) 
PARAMETRIC_REPRESENTATION_CONTEXT() REPRESENTATION_CONTEXT('2D SPACE',''
  ) );
#724 = PCURVE('',#468,#725);
#725 = DEFINITIONAL_REPRESENTATION('',(#726),#730);
#726 = CIRCLE('',#727,0.15);
#727 = AXIS2_PLACEMENT_2D('',#728,#729);
#728 = CARTESIAN_POINT('',(2.80014880557,-4.85));
#729 = DIRECTION('',(0.,-1.));
#730 = ( GEOMETRIC_REPRESENTATION_CONTEXT(2) 
PARAMETRIC_REPRESENTATION_CONTEXT() REPRESENTATION_CONTEXT('2D SPACE',''
  ) );
#731 = ORIENTED_EDGE('',*,*,#732,.F.);
#732 = EDGE_CURVE('',#140,#709,#733,.T.);
#733 = SURFACE_CURVE('',#734,(#738,#745),.PCURVE_S1.);
#734 = LINE('',#735,#736);
#735 = CARTESIAN_POINT('',(2.80014880557,-5.,31.2));
#736 = VECTOR('',#737,1.);
#737 = DIRECTION('',(0.,0.,1.));
#738 = PCURVE('',#156,#739);
#739 = DEFINITIONAL_REPRESENTATION('',(#740),#744);
#740 = LINE('',#741,#742);
#741 = CARTESIAN_POINT('',(0.,0.));
#742 = VECTOR('',#743,1.);
#743 = DIRECTION('',(0.,1.));
#744 = ( GEOMETRIC_REPRESENTATION_CONTEXT(2) 
PARAMETRIC_REPRESENTATION_CONTEXT() REPRESENTATION_CONTEXT('2D SPACE',''
  ) );
#745 = PCURVE('',#184,#746);
#746 = DEFINITIONAL_REPRESENTATION('',(#747),#751);
#747 = LINE('',#748,#749);
#748 = CARTESIAN_POINT('',(5.686900151518,0.));
#749 = VECTOR('',#750,1.);
#750 = DIRECTION('',(0.,-1.));
#751 = ( GEOMETRIC_REPRESENTATION_CONTEXT(2) 
PARAMETRIC_REPRESENTATION_CONTEXT() REPRESENTATION_CONTEXT('2D SPACE',''
  ) );
#752 = ADVANCED_FACE('',(#753),#327,.T.);
#753 = FACE_BOUND('',#754,.T.);
#754 = EDGE_LOOP('',(#755,#756,#779,#801));
#755 = ORIENTED_EDGE('',*,*,#310,.T.);
#756 = ORIENTED_EDGE('',*,*,#757,.T.);
#757 = EDGE_CURVE('',#283,#758,#760,.T.);
#758 = VERTEX_POINT('',#759);
#759 = CARTESIAN_POINT('',(-2.930052616137,4.925,35.2));
#760 = SURFACE_CURVE('',#761,(#765,#772),.PCURVE_S1.);
#761 = LINE('',#762,#763);
#762 = CARTESIAN_POINT('',(-2.930052616137,4.925,31.2));
#763 = VECTOR('',#764,1.);
#764 = DIRECTION('',(0.,0.,1.));
#765 = PCURVE('',#327,#766);
#766 = DEFINITIONAL_REPRESENTATION('',(#767),#771);
#767 = LINE('',#768,#769);
#768 = CARTESIAN_POINT('',(1.047197551197,0.));
#769 = VECTOR('',#770,1.);
#770 = DIRECTION('',(0.,1.));
#771 = ( GEOMETRIC_REPRESENTATION_CONTEXT(2) 
PARAMETRIC_REPRESENTATION_CONTEXT() REPRESENTATION_CONTEXT('2D SPACE',''
  ) );
#772 = PCURVE('',#298,#773);
#773 = DEFINITIONAL_REPRESENTATION('',(#774),#778);
#774 = LINE('',#775,#776);
#775 = CARTESIAN_POINT('',(8.660254037844E-02,0.));
#776 = VECTOR('',#777,1.);
#777 = DIRECTION('',(0.,-1.));
#778 = ( GEOMETRIC_REPRESENTATION_CONTEXT(2) 
PARAMETRIC_REPRESENTATION_CONTEXT() REPRESENTATION_CONTEXT('2D SPACE',''
  ) );
#779 = ORIENTED_EDGE('',*,*,#780,.F.);
#780 = EDGE_CURVE('',#660,#758,#781,.T.);
#781 = SURFACE_CURVE('',#782,(#787,#794),.PCURVE_S1.);
#782 = CIRCLE('',#783,0.15);
#783 = AXIS2_PLACEMENT_3D('',#784,#785,#786);
#784 = CARTESIAN_POINT('',(-2.80014880557,4.85,35.2));
#785 = DIRECTION('',(0.,0.,1.));
#786 = DIRECTION('',(0.,-1.,0.));
#787 = PCURVE('',#327,#788);
#788 = DEFINITIONAL_REPRESENTATION('',(#789),#793);
#789 = LINE('',#790,#791);
#790 = CARTESIAN_POINT('',(-3.14159265359,4.));
#791 = VECTOR('',#792,1.);
#792 = DIRECTION('',(1.,0.));
#793 = ( GEOMETRIC_REPRESENTATION_CONTEXT(2) 
PARAMETRIC_REPRESENTATION_CONTEXT() REPRESENTATION_CONTEXT('2D SPACE',''
  ) );
#794 = PCURVE('',#468,#795);
#795 = DEFINITIONAL_REPRESENTATION('',(#796),#800);
#796 = CIRCLE('',#797,0.15);
#797 = AXIS2_PLACEMENT_2D('',#798,#799);
#798 = CARTESIAN_POINT('',(-2.80014880557,4.85));
#799 = DIRECTION('',(0.,-1.));
#800 = ( GEOMETRIC_REPRESENTATION_CONTEXT(2) 
PARAMETRIC_REPRESENTATION_CONTEXT() REPRESENTATION_CONTEXT('2D SPACE',''
  ) );
#801 = ORIENTED_EDGE('',*,*,#682,.F.);
#802 = ADVANCED_FACE('',(#803),#184,.F.);
#803 = FACE_BOUND('',#804,.F.);
#804 = EDGE_LOOP('',(#805,#806,#829,#850));
#805 = ORIENTED_EDGE('',*,*,#168,.F.);
#806 = ORIENTED_EDGE('',*,*,#807,.T.);
#807 = EDGE_CURVE('',#169,#808,#810,.T.);
#808 = VERTEX_POINT('',#809);
#809 = CARTESIAN_POINT('',(-2.80014880557,-5.,35.2));
#810 = SURFACE_CURVE('',#811,(#815,#822),.PCURVE_S1.);
#811 = LINE('',#812,#813);
#812 = CARTESIAN_POINT('',(-2.80014880557,-5.,31.2));
#813 = VECTOR('',#814,1.);
#814 = DIRECTION('',(0.,0.,1.));
#815 = PCURVE('',#184,#816);
#816 = DEFINITIONAL_REPRESENTATION('',(#817),#821);
#817 = LINE('',#818,#819);
#818 = CARTESIAN_POINT('',(8.660254037844E-02,0.));
#819 = VECTOR('',#820,1.);
#820 = DIRECTION('',(0.,-1.));
#821 = ( GEOMETRIC_REPRESENTATION_CONTEXT(2) 
PARAMETRIC_REPRESENTATION_CONTEXT() REPRESENTATION_CONTEXT('2D SPACE',''
  ) );
#822 = PCURVE('',#213,#823);
#823 = DEFINITIONAL_REPRESENTATION('',(#824),#828);
#824 = LINE('',#825,#826);
#825 = CARTESIAN_POINT('',(1.047197551197,0.));
#826 = VECTOR('',#827,1.);
#827 = DIRECTION('',(0.,1.));
#828 = ( GEOMETRIC_REPRESENTATION_CONTEXT(2) 
PARAMETRIC_REPRESENTATION_CONTEXT() REPRESENTATION_CONTEXT('2D SPACE',''
  ) );
#829 = ORIENTED_EDGE('',*,*,#830,.T.);
#830 = EDGE_CURVE('',#808,#709,#831,.T.);
#831 = SURFACE_CURVE('',#832,(#836,#843),.PCURVE_S1.);
#832 = LINE('',#833,#834);
#833 = CARTESIAN_POINT('',(-2.886751345948,-5.,35.2));
#834 = VECTOR('',#835,1.);
#835 = DIRECTION('',(1.,-6.153480596427E-16,0.));
#836 = PCURVE('',#184,#837);
#837 = DEFINITIONAL_REPRESENTATION('',(#838),#842);
#838 = LINE('',#839,#840);
#839 = CARTESIAN_POINT('',(0.,-4.));
#840 = VECTOR('',#841,1.);
#841 = DIRECTION('',(1.,0.));
#842 = ( GEOMETRIC_REPRESENTATION_CONTEXT(2) 
PARAMETRIC_REPRESENTATION_CONTEXT() REPRESENTATION_CONTEXT('2D SPACE',''
  ) );
#843 = PCURVE('',#468,#844);
#844 = DEFINITIONAL_REPRESENTATION('',(#845),#849);
#845 = LINE('',#846,#847);
#846 = CARTESIAN_POINT('',(-2.886751345948,-5.));
#847 = VECTOR('',#848,1.);
#848 = DIRECTION('',(1.,-6.153480596427E-16));
#849 = ( GEOMETRIC_REPRESENTATION_CONTEXT(2) 
PARAMETRIC_REPRESENTATION_CONTEXT() REPRESENTATION_CONTEXT('2D SPACE',''
  ) );
#850 = ORIENTED_EDGE('',*,*,#732,.F.);
#851 = ADVANCED_FACE('',(#852),#298,.F.);
#852 = FACE_BOUND('',#853,.F.);
#853 = EDGE_LOOP('',(#854,#855,#856,#879));
#854 = ORIENTED_EDGE('',*,*,#282,.F.);
#855 = ORIENTED_EDGE('',*,*,#757,.T.);
#856 = ORIENTED_EDGE('',*,*,#857,.T.);
#857 = EDGE_CURVE('',#758,#858,#860,.T.);
#858 = VERTEX_POINT('',#859);
#859 = CARTESIAN_POINT('',(-5.730201421707,7.5E-02,35.2));
#860 = SURFACE_CURVE('',#861,(#865,#872),.PCURVE_S1.);
#861 = LINE('',#862,#863);
#862 = CARTESIAN_POINT('',(-2.886751345948,5.,35.2));
#863 = VECTOR('',#864,1.);
#864 = DIRECTION('',(-0.5,-0.866025403784,0.));
#865 = PCURVE('',#298,#866);
#866 = DEFINITIONAL_REPRESENTATION('',(#867),#871);
#867 = LINE('',#868,#869);
#868 = CARTESIAN_POINT('',(0.,-4.));
#869 = VECTOR('',#870,1.);
#870 = DIRECTION('',(1.,0.));
#871 = ( GEOMETRIC_REPRESENTATION_CONTEXT(2) 
PARAMETRIC_REPRESENTATION_CONTEXT() REPRESENTATION_CONTEXT('2D SPACE',''
  ) );
#872 = PCURVE('',#468,#873);
#873 = DEFINITIONAL_REPRESENTATION('',(#874),#878);
#874 = LINE('',#875,#876);
#875 = CARTESIAN_POINT('',(-2.886751345948,5.));
#876 = VECTOR('',#877,1.);
#877 = DIRECTION('',(-0.5,-0.866025403784));
#878 = ( GEOMETRIC_REPRESENTATION_CONTEXT(2) 
PARAMETRIC_REPRESENTATION_CONTEXT() REPRESENTATION_CONTEXT('2D SPACE',''
  ) );
#879 = ORIENTED_EDGE('',*,*,#880,.F.);
#880 = EDGE_CURVE('',#254,#858,#881,.T.);
#881 = SURFACE_CURVE('',#882,(#886,#893),.PCURVE_S1.);
#882 = LINE('',#883,#884);
#883 = CARTESIAN_POINT('',(-5.730201421707,7.5E-02,31.2));
#884 = VECTOR('',#885,1.);
#885 = DIRECTION('',(0.,0.,1.));
#886 = PCURVE('',#298,#887);
#887 = DEFINITIONAL_REPRESENTATION('',(#888),#892);
#888 = LINE('',#889,#890);
#889 = CARTESIAN_POINT('',(5.686900151518,0.));
#890 = VECTOR('',#891,1.);
#891 = DIRECTION('',(0.,-1.));
#892 = ( GEOMETRIC_REPRESENTATION_CONTEXT(2) 
PARAMETRIC_REPRESENTATION_CONTEXT() REPRESENTATION_CONTEXT('2D SPACE',''
  ) );
#893 = PCURVE('',#270,#894);
#894 = DEFINITIONAL_REPRESENTATION('',(#895),#899);
#895 = LINE('',#896,#897);
#896 = CARTESIAN_POINT('',(0.,0.));
#897 = VECTOR('',#898,1.);
#898 = DIRECTION('',(0.,1.));
#899 = ( GEOMETRIC_REPRESENTATION_CONTEXT(2) 
PARAMETRIC_REPRESENTATION_CONTEXT() REPRESENTATION_CONTEXT('2D SPACE',''
  ) );
#900 = ADVANCED_FACE('',(#901),#213,.T.);
#901 = FACE_BOUND('',#902,.T.);
#902 = EDGE_LOOP('',(#903,#904,#905,#929));
#903 = ORIENTED_EDGE('',*,*,#196,.T.);
#904 = ORIENTED_EDGE('',*,*,#807,.T.);
#905 = ORIENTED_EDGE('',*,*,#906,.F.);
#906 = EDGE_CURVE('',#907,#808,#909,.T.);
#907 = VERTEX_POINT('',#908);
#908 = CARTESIAN_POINT('',(-2.930052616137,-4.925,35.2));
#909 = SURFACE_CURVE('',#910,(#915,#922),.PCURVE_S1.);
#910 = CIRCLE('',#911,0.15);
#911 = AXIS2_PLACEMENT_3D('',#912,#913,#914);
#912 = CARTESIAN_POINT('',(-2.80014880557,-4.85,35.2));
#913 = DIRECTION('',(0.,0.,1.));
#914 = DIRECTION('',(0.,-1.,0.));
#915 = PCURVE('',#213,#916);
#916 = DEFINITIONAL_REPRESENTATION('',(#917),#921);
#917 = LINE('',#918,#919);
#918 = CARTESIAN_POINT('',(-5.235987755983,4.));
#919 = VECTOR('',#920,1.);
#920 = DIRECTION('',(1.,0.));
#921 = ( GEOMETRIC_REPRESENTATION_CONTEXT(2) 
PARAMETRIC_REPRESENTATION_CONTEXT() REPRESENTATION_CONTEXT('2D SPACE',''
  ) );
#922 = PCURVE('',#468,#923);
#923 = DEFINITIONAL_REPRESENTATION('',(#924),#928);
#924 = CIRCLE('',#925,0.15);
#925 = AXIS2_PLACEMENT_2D('',#926,#927);
#926 = CARTESIAN_POINT('',(-2.80014880557,-4.85));
#927 = DIRECTION('',(0.,-1.));
#928 = ( GEOMETRIC_REPRESENTATION_CONTEXT(2) 
PARAMETRIC_REPRESENTATION_CONTEXT() REPRESENTATION_CONTEXT('2D SPACE',''
  ) );
#929 = ORIENTED_EDGE('',*,*,#930,.F.);
#930 = EDGE_CURVE('',#197,#907,#931,.T.);
#931 = SURFACE_CURVE('',#932,(#936,#943),.PCURVE_S1.);
#932 = LINE('',#933,#934);
#933 = CARTESIAN_POINT('',(-2.930052616137,-4.925,31.2));
#934 = VECTOR('',#935,1.);
#935 = DIRECTION('',(0.,0.,1.));
#936 = PCURVE('',#213,#937);
#937 = DEFINITIONAL_REPRESENTATION('',(#938),#942);
#938 = LINE('',#939,#940);
#939 = CARTESIAN_POINT('',(0.,0.));
#940 = VECTOR('',#941,1.);
#941 = DIRECTION('',(0.,1.));
#942 = ( GEOMETRIC_REPRESENTATION_CONTEXT(2) 
PARAMETRIC_REPRESENTATION_CONTEXT() REPRESENTATION_CONTEXT('2D SPACE',''
  ) );
#943 = PCURVE('',#241,#944);
#944 = DEFINITIONAL_REPRESENTATION('',(#945),#949);
#945 = LINE('',#946,#947);
#946 = CARTESIAN_POINT('',(5.686900151518,0.));
#947 = VECTOR('',#948,1.);
#948 = DIRECTION('',(0.,-1.));
#949 = ( GEOMETRIC_REPRESENTATION_CONTEXT(2) 
PARAMETRIC_REPRESENTATION_CONTEXT() REPRESENTATION_CONTEXT('2D SPACE',''
  ) );
#950 = ADVANCED_FACE('',(#951),#270,.T.);
#951 = FACE_BOUND('',#952,.T.);
#952 = EDGE_LOOP('',(#953,#954,#977,#999));
#953 = ORIENTED_EDGE('',*,*,#253,.T.);
#954 = ORIENTED_EDGE('',*,*,#955,.T.);
#955 = EDGE_CURVE('',#226,#956,#958,.T.);
#956 = VERTEX_POINT('',#957);
#957 = CARTESIAN_POINT('',(-5.730201421707,-7.5E-02,35.2));
#958 = SURFACE_CURVE('',#959,(#963,#970),.PCURVE_S1.);
#959 = LINE('',#960,#961);
#960 = CARTESIAN_POINT('',(-5.730201421707,-7.5E-02,31.2));
#961 = VECTOR('',#962,1.);
#962 = DIRECTION('',(0.,0.,1.));
#963 = PCURVE('',#270,#964);
#964 = DEFINITIONAL_REPRESENTATION('',(#965),#969);
#965 = LINE('',#966,#967);
#966 = CARTESIAN_POINT('',(1.047197551197,0.));
#967 = VECTOR('',#968,1.);
#968 = DIRECTION('',(0.,1.));
#969 = ( GEOMETRIC_REPRESENTATION_CONTEXT(2) 
PARAMETRIC_REPRESENTATION_CONTEXT() REPRESENTATION_CONTEXT('2D SPACE',''
  ) );
#970 = PCURVE('',#241,#971);
#971 = DEFINITIONAL_REPRESENTATION('',(#972),#976);
#972 = LINE('',#973,#974);
#973 = CARTESIAN_POINT('',(8.660254037844E-02,0.));
#974 = VECTOR('',#975,1.);
#975 = DIRECTION('',(0.,-1.));
#976 = ( GEOMETRIC_REPRESENTATION_CONTEXT(2) 
PARAMETRIC_REPRESENTATION_CONTEXT() REPRESENTATION_CONTEXT('2D SPACE',''
  ) );
#977 = ORIENTED_EDGE('',*,*,#978,.F.);
#978 = EDGE_CURVE('',#858,#956,#979,.T.);
#979 = SURFACE_CURVE('',#980,(#985,#992),.PCURVE_S1.);
#980 = CIRCLE('',#981,0.15);
#981 = AXIS2_PLACEMENT_3D('',#982,#983,#984);
#982 = CARTESIAN_POINT('',(-5.600297611139,2.980139283437E-16,35.2));
#983 = DIRECTION('',(0.,0.,1.));
#984 = DIRECTION('',(0.,-1.,0.));
#985 = PCURVE('',#270,#986);
#986 = DEFINITIONAL_REPRESENTATION('',(#987),#991);
#987 = LINE('',#988,#989);
#988 = CARTESIAN_POINT('',(-4.188790204786,4.));
#989 = VECTOR('',#990,1.);
#990 = DIRECTION('',(1.,0.));
#991 = ( GEOMETRIC_REPRESENTATION_CONTEXT(2) 
PARAMETRIC_REPRESENTATION_CONTEXT() REPRESENTATION_CONTEXT('2D SPACE',''
  ) );
#992 = PCURVE('',#468,#993);
#993 = DEFINITIONAL_REPRESENTATION('',(#994),#998);
#994 = CIRCLE('',#995,0.15);
#995 = AXIS2_PLACEMENT_2D('',#996,#997);
#996 = CARTESIAN_POINT('',(-5.600297611139,7.595249730758E-16));
#997 = DIRECTION('',(0.,-1.));
#998 = ( GEOMETRIC_REPRESENTATION_CONTEXT(2) 
PARAMETRIC_REPRESENTATION_CONTEXT() REPRESENTATION_CONTEXT('2D SPACE',''
  ) );
#999 = ORIENTED_EDGE('',*,*,#880,.F.);
#1000 = ADVANCED_FACE('',(#1001),#241,.F.);
#1001 = FACE_BOUND('',#1002,.F.);
#1002 = EDGE_LOOP('',(#1003,#1004,#1005,#1026));
#1003 = ORIENTED_EDGE('',*,*,#225,.F.);
#1004 = ORIENTED_EDGE('',*,*,#955,.T.);
#1005 = ORIENTED_EDGE('',*,*,#1006,.T.);
#1006 = EDGE_CURVE('',#956,#907,#1007,.T.);
#1007 = SURFACE_CURVE('',#1008,(#1012,#1019),.PCURVE_S1.);
#1008 = LINE('',#1009,#1010);
#1009 = CARTESIAN_POINT('',(-5.773502691896,7.070501591499E-16,35.2));
#1010 = VECTOR('',#1011,1.);
#1011 = DIRECTION('',(0.5,-0.866025403784,0.));
#1012 = PCURVE('',#241,#1013);
#1013 = DEFINITIONAL_REPRESENTATION('',(#1014),#1018);
#1014 = LINE('',#1015,#1016);
#1015 = CARTESIAN_POINT('',(0.,-4.));
#1016 = VECTOR('',#1017,1.);
#1017 = DIRECTION('',(1.,0.));
#1018 = ( GEOMETRIC_REPRESENTATION_CONTEXT(2) 
PARAMETRIC_REPRESENTATION_CONTEXT() REPRESENTATION_CONTEXT('2D SPACE',''
  ) );
#1019 = PCURVE('',#468,#1020);
#1020 = DEFINITIONAL_REPRESENTATION('',(#1021),#1025);
#1021 = LINE('',#1022,#1023);
#1022 = CARTESIAN_POINT('',(-5.773502691896,1.168561203882E-15));
#1023 = VECTOR('',#1024,1.);
#1024 = DIRECTION('',(0.5,-0.866025403784));
#1025 = ( GEOMETRIC_REPRESENTATION_CONTEXT(2) 
PARAMETRIC_REPRESENTATION_CONTEXT() REPRESENTATION_CONTEXT('2D SPACE',''
  ) );
#1026 = ORIENTED_EDGE('',*,*,#930,.F.);
#1027 = ADVANCED_FACE('',(#1028),#413,.T.);
#1028 = FACE_BOUND('',#1029,.F.);
#1029 = EDGE_LOOP('',(#1030,#1053,#1054,#1055));
#1030 = ORIENTED_EDGE('',*,*,#1031,.T.);
#1031 = EDGE_CURVE('',#1032,#397,#1034,.T.);
#1032 = VERTEX_POINT('',#1033);
#1033 = CARTESIAN_POINT('',(7.,0.,30.));
#1034 = SEAM_CURVE('',#1035,(#1039,#1046),.PCURVE_S1.);
#1035 = LINE('',#1036,#1037);
#1036 = CARTESIAN_POINT('',(7.,0.,30.));
#1037 = VECTOR('',#1038,1.);
#1038 = DIRECTION('',(0.,0.,1.));
#1039 = PCURVE('',#413,#1040);
#1040 = DEFINITIONAL_REPRESENTATION('',(#1041),#1045);
#1041 = LINE('',#1042,#1043);
#1042 = CARTESIAN_POINT('',(-0.,0.));
#1043 = VECTOR('',#1044,1.);
#1044 = DIRECTION('',(-0.,-1.));
#1045 = ( GEOMETRIC_REPRESENTATION_CONTEXT(2) 
PARAMETRIC_REPRESENTATION_CONTEXT() REPRESENTATION_CONTEXT('2D SPACE',''
  ) );
#1046 = PCURVE('',#413,#1047);
#1047 = DEFINITIONAL_REPRESENTATION('',(#1048),#1052);
#1048 = LINE('',#1049,#1050);
#1049 = CARTESIAN_POINT('',(-6.28318530718,0.));
#1050 = VECTOR('',#1051,1.);
#1051 = DIRECTION('',(-0.,-1.));
#1052 = ( GEOMETRIC_REPRESENTATION_CONTEXT(2) 
PARAMETRIC_REPRESENTATION_CONTEXT() REPRESENTATION_CONTEXT('2D SPACE',''
  ) );
#1053 = ORIENTED_EDGE('',*,*,#396,.T.);
#1054 = ORIENTED_EDGE('',*,*,#1031,.F.);
#1055 = ORIENTED_EDGE('',*,*,#1056,.F.);
#1056 = EDGE_CURVE('',#1032,#1032,#1057,.T.);
#1057 = SURFACE_CURVE('',#1058,(#1063,#1070),.PCURVE_S1.);
#1058 = CIRCLE('',#1059,7.);
#1059 = AXIS2_PLACEMENT_3D('',#1060,#1061,#1062);
#1060 = CARTESIAN_POINT('',(0.,0.,30.));
#1061 = DIRECTION('',(0.,0.,1.));
#1062 = DIRECTION('',(1.,0.,0.));
#1063 = PCURVE('',#413,#1064);
#1064 = DEFINITIONAL_REPRESENTATION('',(#1065),#1069);
#1065 = LINE('',#1066,#1067);
#1066 = CARTESIAN_POINT('',(-0.,0.));
#1067 = VECTOR('',#1068,1.);
#1068 = DIRECTION('',(-1.,0.));
#1069 = ( GEOMETRIC_REPRESENTATION_CONTEXT(2) 
PARAMETRIC_REPRESENTATION_CONTEXT() REPRESENTATION_CONTEXT('2D SPACE',''
  ) );
#1070 = PCURVE('',#1071,#1076);
#1071 = PLANE('',#1072);
#1072 = AXIS2_PLACEMENT_3D('',#1073,#1074,#1075);
#1073 = CARTESIAN_POINT('',(-1.953485903628E-16,4.9564344165E-16,30.));
#1074 = DIRECTION('',(0.,0.,1.));
#1075 = DIRECTION('',(1.,0.,-0.));
#1076 = DEFINITIONAL_REPRESENTATION('',(#1077),#1081);
#1077 = CIRCLE('',#1078,7.);
#1078 = AXIS2_PLACEMENT_2D('',#1079,#1080);
#1079 = CARTESIAN_POINT('',(1.953485903628E-16,-4.9564344165E-16));
#1080 = DIRECTION('',(1.,0.));
#1081 = ( GEOMETRIC_REPRESENTATION_CONTEXT(2) 
PARAMETRIC_REPRESENTATION_CONTEXT() REPRESENTATION_CONTEXT('2D SPACE',''
  ) );
#1082 = ADVANCED_FACE('',(#1083),#468,.T.);
#1083 = FACE_BOUND('',#1084,.T.);
#1084 = EDGE_LOOP('',(#1085,#1086,#1087,#1088,#1089,#1090,#1091,#1092,
    #1093,#1094,#1095,#1096));
#1085 = ORIENTED_EDGE('',*,*,#452,.T.);
#1086 = ORIENTED_EDGE('',*,*,#582,.T.);
#1087 = ORIENTED_EDGE('',*,*,#659,.T.);
#1088 = ORIENTED_EDGE('',*,*,#780,.T.);
#1089 = ORIENTED_EDGE('',*,*,#857,.T.);
#1090 = ORIENTED_EDGE('',*,*,#978,.T.);
#1091 = ORIENTED_EDGE('',*,*,#1006,.T.);
#1092 = ORIENTED_EDGE('',*,*,#906,.T.);
#1093 = ORIENTED_EDGE('',*,*,#830,.T.);
#1094 = ORIENTED_EDGE('',*,*,#708,.T.);
#1095 = ORIENTED_EDGE('',*,*,#632,.T.);
#1096 = ORIENTED_EDGE('',*,*,#528,.F.);
#1097 = ADVANCED_FACE('',(#1098,#1101),#1071,.F.);
#1098 = FACE_BOUND('',#1099,.F.);
#1099 = EDGE_LOOP('',(#1100));
#1100 = ORIENTED_EDGE('',*,*,#1056,.T.);
#1101 = FACE_BOUND('',#1102,.F.);
#1102 = EDGE_LOOP('',(#1103));
#1103 = ORIENTED_EDGE('',*,*,#1104,.F.);
#1104 = EDGE_CURVE('',#1105,#1105,#1107,.T.);
#1105 = VERTEX_POINT('',#1106);
#1106 = CARTESIAN_POINT('',(2.46,0.,30.));
#1107 = SURFACE_CURVE('',#1108,(#1113,#1120),.PCURVE_S1.);
#1108 = CIRCLE('',#1109,2.46);
#1109 = AXIS2_PLACEMENT_3D('',#1110,#1111,#1112);
#1110 = CARTESIAN_POINT('',(0.,0.,30.));
#1111 = DIRECTION('',(0.,0.,1.));
#1112 = DIRECTION('',(1.,0.,0.));
#1113 = PCURVE('',#1071,#1114);
#1114 = DEFINITIONAL_REPRESENTATION('',(#1115),#1119);
#1115 = CIRCLE('',#1116,2.46);
#1116 = AXIS2_PLACEMENT_2D('',#1117,#1118);
#1117 = CARTESIAN_POINT('',(1.953485903628E-16,-4.9564344165E-16));
#1118 = DIRECTION('',(1.,0.));
#1119 = ( GEOMETRIC_REPRESENTATION_CONTEXT(2) 
PARAMETRIC_REPRESENTATION_CONTEXT() REPRESENTATION_CONTEXT('2D SPACE',''
  ) );
#1120 = PCURVE('',#1121,#1126);
#1121 = CYLINDRICAL_SURFACE('',#1122,2.46);
#1122 = AXIS2_PLACEMENT_3D('',#1123,#1124,#1125);
#1123 = CARTESIAN_POINT('',(0.,0.,0.));
#1124 = DIRECTION('',(-0.,-0.,-1.));
#1125 = DIRECTION('',(1.,0.,0.));
#1126 = DEFINITIONAL_REPRESENTATION('',(#1127),#1131);
#1127 = LINE('',#1128,#1129);
#1128 = CARTESIAN_POINT('',(-0.,-30.));
#1129 = VECTOR('',#1130,1.);
#1130 = DIRECTION('',(-1.,0.));
#1131 = ( GEOMETRIC_REPRESENTATION_CONTEXT(2) 
PARAMETRIC_REPRESENTATION_CONTEXT() REPRESENTATION_CONTEXT('2D SPACE',''
  ) );
#1132 = ADVANCED_FACE('',(#1133),#1121,.T.);
#1133 = FACE_BOUND('',#1134,.F.);
#1134 = EDGE_LOOP('',(#1135,#1158,#1159,#1160));
#1135 = ORIENTED_EDGE('',*,*,#1136,.T.);
#1136 = EDGE_CURVE('',#1137,#1105,#1139,.T.);
#1137 = VERTEX_POINT('',#1138);
#1138 = CARTESIAN_POINT('',(2.46,0.,0.));
#1139 = SEAM_CURVE('',#1140,(#1144,#1151),.PCURVE_S1.);
#1140 = LINE('',#1141,#1142);
#1141 = CARTESIAN_POINT('',(2.46,0.,0.));
#1142 = VECTOR('',#1143,1.);
#1143 = DIRECTION('',(0.,0.,1.));
#1144 = PCURVE('',#1121,#1145);
#1145 = DEFINITIONAL_REPRESENTATION('',(#1146),#1150);
#1146 = LINE('',#1147,#1148);
#1147 = CARTESIAN_POINT('',(-0.,0.));
#1148 = VECTOR('',#1149,1.);
#1149 = DIRECTION('',(-0.,-1.));
#1150 = ( GEOMETRIC_REPRESENTATION_CONTEXT(2) 
PARAMETRIC_REPRESENTATION_CONTEXT() REPRESENTATION_CONTEXT('2D SPACE',''
  ) );
#1151 = PCURVE('',#1121,#1152);
#1152 = DEFINITIONAL_REPRESENTATION('',(#1153),#1157);
#1153 = LINE('',#1154,#1155);
#1154 = CARTESIAN_POINT('',(-6.28318530718,0.));
#1155 = VECTOR('',#1156,1.);
#1156 = DIRECTION('',(-0.,-1.));
#1157 = ( GEOMETRIC_REPRESENTATION_CONTEXT(2) 
PARAMETRIC_REPRESENTATION_CONTEXT() REPRESENTATION_CONTEXT('2D SPACE',''
  ) );
#1158 = ORIENTED_EDGE('',*,*,#1104,.T.);
#1159 = ORIENTED_EDGE('',*,*,#1136,.F.);
#1160 = ORIENTED_EDGE('',*,*,#1161,.F.);
#1161 = EDGE_CURVE('',#1137,#1137,#1162,.T.);
#1162 = SURFACE_CURVE('',#1163,(#1168,#1175),.PCURVE_S1.);
#1163 = CIRCLE('',#1164,2.46);
#1164 = AXIS2_PLACEMENT_3D('',#1165,#1166,#1167);
#1165 = CARTESIAN_POINT('',(0.,0.,0.));
#1166 = DIRECTION('',(0.,0.,1.));
#1167 = DIRECTION('',(1.,0.,0.));
#1168 = PCURVE('',#1121,#1169);
#1169 = DEFINITIONAL_REPRESENTATION('',(#1170),#1174);
#1170 = LINE('',#1171,#1172);
#1171 = CARTESIAN_POINT('',(-0.,0.));
#1172 = VECTOR('',#1173,1.);
#1173 = DIRECTION('',(-1.,0.));
#1174 = ( GEOMETRIC_REPRESENTATION_CONTEXT(2) 
PARAMETRIC_REPRESENTATION_CONTEXT() REPRESENTATION_CONTEXT('2D SPACE',''
  ) );
#1175 = PCURVE('',#1176,#1181);
#1176 = PLANE('',#1177);
#1177 = AXIS2_PLACEMENT_3D('',#1178,#1179,#1180);
#1178 = CARTESIAN_POINT('',(-1.389674931443E-16,3.854645561417E-17,0.));
#1179 = DIRECTION('',(0.,0.,1.));
#1180 = DIRECTION('',(1.,0.,-0.));
#1181 = DEFINITIONAL_REPRESENTATION('',(#1182),#1186);
#1182 = CIRCLE('',#1183,2.46);
#1183 = AXIS2_PLACEMENT_2D('',#1184,#1185);
#1184 = CARTESIAN_POINT('',(1.389674931443E-16,-3.854645561417E-17));
#1185 = DIRECTION('',(1.,0.));
#1186 = ( GEOMETRIC_REPRESENTATION_CONTEXT(2) 
PARAMETRIC_REPRESENTATION_CONTEXT() REPRESENTATION_CONTEXT('2D SPACE',''
  ) );
#1187 = ADVANCED_FACE('',(#1188),#1176,.F.);
#1188 = FACE_BOUND('',#1189,.F.);
#1189 = EDGE_LOOP('',(#1190));
#1190 = ORIENTED_EDGE('',*,*,#1161,.T.);
#1191 = ( GEOMETRIC_REPRESENTATION_CONTEXT(3) 
GLOBAL_UNCERTAINTY_ASSIGNED_CONTEXT((#1195)) 
GLOBAL_UNIT_ASSIGNED_CONTEXT((#1192,#1193,#1194)) REPRESENTATION_CONTEXT
('Context #1','3D Context with UNIT and UNCERTAINTY') );
#1192 = ( LENGTH_UNIT() NAMED_UNIT(*) SI_UNIT(.MILLI.,.METRE.) );
#1193 = ( NAMED_UNIT(*) PLANE_ANGLE_UNIT() SI_UNIT($,.RADIAN.) );
#1194 = ( NAMED_UNIT(*) SI_UNIT($,.STERADIAN.) SOLID_ANGLE_UNIT() );
#1195 = UNCERTAINTY_MEASURE_WITH_UNIT(LENGTH_MEASURE(1.E-07),#1192,
  'distance_accuracy_value','confusion accuracy');
#1196 = CONTEXT_DEPENDENT_SHAPE_REPRESENTATION(#1197,#1199);
#1197 = ( REPRESENTATION_RELATIONSHIP('','',#36,#10) 
REPRESENTATION_RELATIONSHIP_WITH_TRANSFORMATION(#1198) 
SHAPE_REPRESENTATION_RELATIONSHIP() );
#1198 = ITEM_DEFINED_TRANSFORMATION('','',#11,#15);
#1199 = PRODUCT_DEFINITION_SHAPE('Placement','Placement of an item',
  #1200);
#1200 = NEXT_ASSEMBLY_USAGE_OCCURRENCE('17','','',#5,#31,$);
#1201 = PRODUCT_RELATED_PRODUCT_CATEGORY('part',$,(#33));
#1202 = SHAPE_DEFINITION_REPRESENTATION(#1203,#1209);
#1203 = PRODUCT_DEFINITION_SHAPE('','',#1204);
#1204 = PRODUCT_DEFINITION('design','',#1205,#1208);
#1205 = PRODUCT_DEFINITION_FORMATION('','',#1206);
#1206 = PRODUCT('Open CASCADE STEP translator 7.9 9.2',
  'Open CASCADE STEP translator 7.9 9.2','',(#1207));
#1207 = PRODUCT_CONTEXT('',#2,'mechanical');
#1208 = PRODUCT_DEFINITION_CONTEXT('part definition',#2,'design');
#1209 = ADVANCED_BREP_SHAPE_REPRESENTATION('',(#11,#1210),#3972);
#1210 = MANIFOLD_SOLID_BREP('',#1211);
#1211 = CLOSED_SHELL('',(#1212,#3564,#3917,#3960,#3966));
#1212 = ADVANCED_FACE('',(#1213),#1514,.F.);
#1213 = FACE_BOUND('',#1214,.F.);
#1214 = EDGE_LOOP('',(#1215,#2624,#2650,#3540));
#1215 = ORIENTED_EDGE('',*,*,#1216,.F.);
#1216 = EDGE_CURVE('',#1217,#1219,#1221,.T.);
#1217 = VERTEX_POINT('',#1218);
#1218 = CARTESIAN_POINT('',(2.4762,-4.440892098501E-16,-0.22));
#1219 = VERTEX_POINT('',#1220);
#1220 = CARTESIAN_POINT('',(-2.476200243538,-1.478293942814E-08,
    28.279999748935));
#1221 = SURFACE_CURVE('',#1222,(#1513,#2101),.PCURVE_S1.);
#1222 = B_SPLINE_CURVE_WITH_KNOTS('',10,(#1223,#1224,#1225,#1226,#1227,
    #1228,#1229,#1230,#1231,#1232,#1233,#1234,#1235,#1236,#1237,#1238,
    #1239,#1240,#1241,#1242,#1243,#1244,#1245,#1246,#1247,#1248,#1249,
    #1250,#1251,#1252,#1253,#1254,#1255,#1256,#1257,#1258,#1259,#1260,
    #1261,#1262,#1263,#1264,#1265,#1266,#1267,#1268,#1269,#1270,#1271,
    #1272,#1273,#1274,#1275,#1276,#1277,#1278,#1279,#1280,#1281,#1282,
    #1283,#1284,#1285,#1286,#1287,#1288,#1289,#1290,#1291,#1292,#1293,
    #1294,#1295,#1296,#1297,#1298,#1299,#1300,#1301,#1302,#1303,#1304,
    #1305,#1306,#1307,#1308,#1309,#1310,#1311,#1312,#1313,#1314,#1315,
    #1316,#1317,#1318,#1319,#1320,#1321,#1322,#1323,#1324,#1325,#1326,
    #1327,#1328,#1329,#1330,#1331,#1332,#1333,#1334,#1335,#1336,#1337,
    #1338,#1339,#1340,#1341,#1342,#1343,#1344,#1345,#1346,#1347,#1348,
    #1349,#1350,#1351,#1352,#1353,#1354,#1355,#1356,#1357,#1358,#1359,
    #1360,#1361,#1362,#1363,#1364,#1365,#1366,#1367,#1368,#1369,#1370,
    #1371,#1372,#1373,#1374,#1375,#1376,#1377,#1378,#1379,#1380,#1381,
    #1382,#1383,#1384,#1385,#1386,#1387,#1388,#1389,#1390,#1391,#1392,
    #1393,#1394,#1395,#1396,#1397,#1398,#1399,#1400,#1401,#1402,#1403,
    #1404,#1405,#1406,#1407,#1408,#1409,#1410,#1411,#1412,#1413,#1414,
    #1415,#1416,#1417,#1418,#1419,#1420,#1421,#1422,#1423,#1424,#1425,
    #1426,#1427,#1428,#1429,#1430,#1431,#1432,#1433,#1434,#1435,#1436,
    #1437,#1438,#1439,#1440,#1441,#1442,#1443,#1444,#1445,#1446,#1447,
    #1448,#1449,#1450,#1451,#1452,#1453,#1454,#1455,#1456,#1457,#1458,
    #1459,#1460,#1461,#1462,#1463,#1464,#1465,#1466,#1467,#1468,#1469,
    #1470,#1471,#1472,#1473,#1474,#1475,#1476,#1477,#1478,#1479,#1480,
    #1481,#1482,#1483,#1484,#1485,#1486,#1487,#1488,#1489,#1490,#1491,
    #1492,#1493,#1494,#1495,#1496,#1497,#1498,#1499,#1500,#1501,#1502,
    #1503,#1504,#1505,#1506,#1507,#1508,#1509,#1510,#1511,#1512),
  .UNSPECIFIED.,.F.,.F.,(11,9,9,9,9,9,9,9,9,9,9,9,9,9,9,9,9,9,9,9,9,9,9,
    9,9,9,9,9,9,9,9,9,11),(0.,5.666392382802,11.332784765604,
    16.999177148406,22.665569531209,28.331961914011,33.998354296813,
    39.664746679615,45.331139062417,50.997531445219,56.663923828022,
    62.330316210824,67.996708593626,73.663100976428,79.32949335923,
    84.995885742032,90.662278124834,96.328670507637,101.99506289043,
    107.66145527324,113.32784765604,118.99424003884,124.66063242164,
    130.32702480445,135.99341718725,141.65980957005,147.32620195285,
    152.99259433565,158.65898671846,164.32537910126,169.99177148406,
    175.65816386686,181.32455624966),.UNSPECIFIED.);
#1223 = CARTESIAN_POINT('',(2.4762,-5.551115123126E-16,-0.22));
#1224 = CARTESIAN_POINT('',(2.476201319543,1.385671610025,
    -0.130938862651));
#1225 = CARTESIAN_POINT('',(1.614803157115,2.771673105824,
    -4.187121090285E-02));
#1226 = CARTESIAN_POINT('',(-0.109718155432,3.55240370439,
    4.718081660306E-02));
#1227 = CARTESIAN_POINT('',(-2.207124810357,3.137963637085,
    0.136255520755));
#1228 = CARTESIAN_POINT('',(-3.742112493154,1.338956527182,
    0.225311990328));
#1229 = CARTESIAN_POINT('',(-3.696828901779,-1.025507725143,
    0.314369947817));
#1230 = CARTESIAN_POINT('',(-2.338442241372,-2.67643019275,
    0.403443343058));
#1231 = CARTESIAN_POINT('',(-0.510065848775,-3.166957663899,0.492496377)
  );
#1232 = CARTESIAN_POINT('',(1.03506709574,-2.642022744847,0.581563361233
    ));
#1233 = CARTESIAN_POINT('',(2.793190074448,-0.499746704467,
    0.759686383415));
#1234 = CARTESIAN_POINT('',(3.006590820695,1.118111786856,0.848753413108
    ));
#1235 = CARTESIAN_POINT('',(2.168807404923,2.815649930593,0.937806282582
    ));
#1236 = CARTESIAN_POINT('',(0.284572878795,3.825863575419,1.026880048353
    ));
#1237 = CARTESIAN_POINT('',(-2.043267353693,3.408998654052,1.11593738102
    ));
#1238 = CARTESIAN_POINT('',(-3.508262394832,1.552515085203,
    1.204994688304));
#1239 = CARTESIAN_POINT('',(-3.505549741921,-0.585416385641,
    1.29406847641));
#1240 = CARTESIAN_POINT('',(-2.403382868209,-2.124509058755,
    1.383121328704));
#1241 = CARTESIAN_POINT('',(-0.875963807738,-2.698950808994,
    1.472188369796));
#1242 = CARTESIAN_POINT('',(1.842129175987,-2.158290453659,
    1.650311379212));
#1243 = CARTESIAN_POINT('',(3.033448736857,-1.043048921863,
    1.739378419532));
#1244 = CARTESIAN_POINT('',(3.462740208116,0.800649972383,1.828431274618
    ));
#1245 = CARTESIAN_POINT('',(2.647079962085,2.776901418494,1.917505056431
    ));
#1246 = CARTESIAN_POINT('',(0.583178833675,3.931426678108,2.006562374337
    ));
#1247 = CARTESIAN_POINT('',(-1.727018364211,3.425728494829,
    2.095619692744));
#1248 = CARTESIAN_POINT('',(-3.081210816988,1.77136422657,2.184693474128
    ));
#1249 = CARTESIAN_POINT('',(-3.205614360226,-0.117577759332,
    2.27374632953));
#1250 = CARTESIAN_POINT('',(-2.389325447548,-1.530611631751,
    2.362813369649));
#1251 = CARTESIAN_POINT('',(5.478014035002E-02,-2.837015459837,
    2.540936379284));
#1252 = CARTESIAN_POINT('',(1.683184352333,-2.730687226549,
    2.630003419424));
#1253 = CARTESIAN_POINT('',(3.18466134349,-1.577828334618,2.71905627475)
  );
#1254 = CARTESIAN_POINT('',(3.807868092367,0.467284073785,2.808130056299
    ));
#1255 = CARTESIAN_POINT('',(2.944874016291,2.66906918332,2.897187374443)
  );
#1256 = CARTESIAN_POINT('',(0.838255901867,3.743732788727,2.986244692676
    ));
#1257 = CARTESIAN_POINT('',(-1.258066601437,3.323982513262,
    3.075318474161));
#1258 = CARTESIAN_POINT('',(-2.552563950778,1.942731384692,3.16437132952
    ));
#1259 = CARTESIAN_POINT('',(-2.817983287289,0.332593226225,3.25343836965
    ));
#1260 = CARTESIAN_POINT('',(-1.757437933658,-2.22779475995,
    3.431561379286));
#1261 = CARTESIAN_POINT('',(-0.431210538399,-3.178650620112,
    3.520628419412));
#1262 = CARTESIAN_POINT('',(1.460812809926,-3.240005564927,
    3.609681274778));
#1263 = CARTESIAN_POINT('',(3.239963718583,-2.054470471037,
    3.698755056257));
#1264 = CARTESIAN_POINT('',(3.96965796335,0.195010080795,3.78781237449)
  );
#1265 = CARTESIAN_POINT('',(3.022979513564,2.36216066574,3.876869692638)
  );
#1266 = CARTESIAN_POINT('',(1.136213549179,3.367582232522,3.965943474184
    ));
#1267 = CARTESIAN_POINT('',(-0.740702873456,3.121081096217,4.05499632951
    ));
#1268 = CARTESIAN_POINT('',(-1.967335629398,2.04480771293,4.144063369653
    ));
#1269 = CARTESIAN_POINT('',(-2.771815928064,-0.607201814939,
    4.322186379282));
#1270 = CARTESIAN_POINT('',(-2.349844859875,-2.183573087324,
    4.411253419427));
#1271 = CARTESIAN_POINT('',(-0.926214198582,-3.431288006655,
    4.500306274745));
#1272 = CARTESIAN_POINT('',(1.201183553669,-3.643538374277,
    4.589380056306));
#1273 = CARTESIAN_POINT('',(3.192300187514,-2.367579521369,
    4.678437374436));
#1274 = CARTESIAN_POINT('',(3.835333626773,-9.178301446325E-02,
    4.767494692682));
#1275 = CARTESIAN_POINT('',(3.014676502933,1.882370023342,4.856568474157
    ));
#1276 = CARTESIAN_POINT('',(1.407421822759,2.882525241642,4.945621329521
    ));
#1277 = CARTESIAN_POINT('',(-0.22355872631,2.8287222482,5.03468836965));
#1278 = CARTESIAN_POINT('',(-2.527847440719,1.289048059451,
    5.212811379284));
#1279 = CARTESIAN_POINT('',(-3.201698742545,-0.197199024245,
    5.301878419418));
#1280 = CARTESIAN_POINT('',(-2.892759325007,-2.064837430379,
    5.390931274764));
#1281 = CARTESIAN_POINT('',(-1.382908831845,-3.578516030019,
    5.480005056277));
#1282 = CARTESIAN_POINT('',(0.965704867147,-3.855337519203,
    5.569062374469));
#1283 = CARTESIAN_POINT('',(2.906526457648,-2.504059124953,
    5.658119692655));
#1284 = CARTESIAN_POINT('',(3.524539351397,-0.457398822259,
    5.747193474174));
#1285 = CARTESIAN_POINT('',(2.916606436013,1.335363191533,5.836246329513
    ));
#1286 = CARTESIAN_POINT('',(1.621709164644,2.328456022104,5.925313369652
    ));
#1287 = CARTESIAN_POINT('',(-1.136289064302,2.600097064626,
    6.103436379283));
#1288 = CARTESIAN_POINT('',(-2.600048333132,1.87869927305,6.192503419423
    ));
#1289 = CARTESIAN_POINT('',(-3.546052196011,0.23900617031,6.281556274755
    ));
#1290 = CARTESIAN_POINT('',(-3.339189519787,-1.888922223199,
    6.370630056288));
#1291 = CARTESIAN_POINT('',(-1.699300273192,-3.592852885787,
    6.459687374459));
#1292 = CARTESIAN_POINT('',(0.658217042714,-3.779544744402,
    6.548744692661));
#1293 = CARTESIAN_POINT('',(2.434335020894,-2.589518165259,
    6.637818474171));
#1294 = CARTESIAN_POINT('',(3.10171270401,-0.818025829465,6.726871329516
    ));
#1295 = CARTESIAN_POINT('',(2.730754999478,0.771119442365,6.81593836965)
  );
#1296 = CARTESIAN_POINT('',(0.771120791223,2.730756361974,6.994061379287
    ));
#1297 = CARTESIAN_POINT('',(-0.818030338962,3.101707377838,
    7.083128419406));
#1298 = CARTESIAN_POINT('',(-2.589511506395,2.4343459665,7.172181274793)
  );
#1299 = CARTESIAN_POINT('',(-3.779547977217,0.658202781796,
    7.261255056232));
#1300 = CARTESIAN_POINT('',(-3.592858616357,-1.699288157034,
    7.350312374519));
#1301 = CARTESIAN_POINT('',(-1.888909148409,-3.33919606778,
    7.439369692613));
#1302 = CARTESIAN_POINT('',(0.238993484857,-3.546050399586,7.5284434742)
  );
#1303 = CARTESIAN_POINT('',(1.878706251052,-2.600048226122,
    7.617496329503));
#1304 = CARTESIAN_POINT('',(2.600095155691,-1.136289242626,
    7.706563369654));
#1305 = CARTESIAN_POINT('',(2.328457929146,1.621709362162,7.884686379283
    ));
#1306 = CARTESIAN_POINT('',(1.335356326748,2.916605179621,7.973753419417
    ));
#1307 = CARTESIAN_POINT('',(-0.45738673105,3.524543588127,8.062806274769
    ));
#1308 = CARTESIAN_POINT('',(-2.504070671013,2.906517484683,
    8.151880056268));
#1309 = CARTESIAN_POINT('',(-3.855334262549,0.965717868502,
    8.240937374479));
#1310 = CARTESIAN_POINT('',(-3.578510077104,-1.382922188075,
    8.329994692646));
#1311 = CARTESIAN_POINT('',(-2.064846096708,-2.892749888785,
    8.41906847418));
#1312 = CARTESIAN_POINT('',(-0.197193562298,-3.201703086622,
    8.508121329511));
#1313 = CARTESIAN_POINT('',(1.289046470699,-2.527846367551,
    8.597188369652));
#1314 = CARTESIAN_POINT('',(2.828723847667,-0.223559783441,
    8.775311379282));
#1315 = CARTESIAN_POINT('',(2.882519138045,1.407425206529,8.864378419424
    ));
#1316 = CARTESIAN_POINT('',(1.882382057725,3.014672107385,8.953431274753
    ));
#1317 = CARTESIAN_POINT('',(-9.179763207309E-02,3.835334015325,
    9.042505056291));
#1318 = CARTESIAN_POINT('',(-2.367568755976,3.192308171693,
    9.131562374455));
#1319 = CARTESIAN_POINT('',(-3.643542245706,1.201169452677,
    9.220619692665));
#1320 = CARTESIAN_POINT('',(-3.431288719548,-0.926201406422,
    9.309693474169));
#1321 = CARTESIAN_POINT('',(-2.183571621032,-2.349851682916,
    9.398746329515));
#1322 = CARTESIAN_POINT('',(-0.607202362251,-2.771814090598,
    9.487813369652));
#1323 = CARTESIAN_POINT('',(2.044808278699,-1.967337461265,
    9.665936379282));
#1324 = CARTESIAN_POINT('',(3.121078524712,-0.740696385675,
    9.755003419426));
#1325 = CARTESIAN_POINT('',(3.367588746726,1.136202516819,9.844056274748
    ));
#1326 = CARTESIAN_POINT('',(2.362149612657,3.022989087273,9.933130056301
    ));
#1327 = CARTESIAN_POINT('',(0.195023467684,3.969657305662,
    10.022187374444));
#1328 = CARTESIAN_POINT('',(-2.054482409284,3.239955274421,
    10.111244692675));
#1329 = CARTESIAN_POINT('',(-3.23999800073,1.460823150623,
    10.200318474163));
#1330 = CARTESIAN_POINT('',(-3.178653815148,-0.431216742872,
    10.289371329518));
#1331 = CARTESIAN_POINT('',(-2.227794017352,-1.757436166071,
    10.378438369651));
#1332 = CARTESIAN_POINT('',(0.332592501447,-2.817985062258,
    10.556561379284));
#1333 = CARTESIAN_POINT('',(1.94273351269,-2.552557304321,10.64562841942
    ));
#1334 = CARTESIAN_POINT('',(3.323980549968,-1.258079262106,
    10.73468127476));
#1335 = CARTESIAN_POINT('',(3.743730318051,0.8382703144,10.823755056283)
  );
#1336 = CARTESIAN_POINT('',(2.66907911432,2.944865015396,10.912812374463
    ));
#1337 = CARTESIAN_POINT('',(0.467269488452,3.807869138434,
    11.001869692659));
#1338 = CARTESIAN_POINT('',(-1.577815927329,3.184664538315,
    11.090943474173));
#1339 = CARTESIAN_POINT('',(-2.73069363243,1.683181583105,
    11.179996329513));
#1340 = CARTESIAN_POINT('',(-2.837013764452,5.478103561868E-02,
    11.269063369654));
#1341 = CARTESIAN_POINT('',(-1.530613318045,-2.389326359828,
    11.447186379278));
#1342 = CARTESIAN_POINT('',(-0.117571897878,-3.205610572413,
    11.536253419445));
#1343 = CARTESIAN_POINT('',(1.77135467703,-3.081219358365,
    11.625306274704));
#1344 = CARTESIAN_POINT('',(3.425735728265,-1.727005655708,
    11.714380056369));
#1345 = CARTESIAN_POINT('',(3.931428644674,0.583165575608,
    11.803437374365));
#1346 = CARTESIAN_POINT('',(2.776890807578,2.647090023686,
    11.892494692743));
#1347 = CARTESIAN_POINT('',(0.80066159007,3.462734806511,11.981568474118
    ));
#1348 = CARTESIAN_POINT('',(-1.043055630429,3.03345066017,
    12.070621329539));
#1349 = CARTESIAN_POINT('',(-2.158288575167,1.842128792429,
    12.159688369644));
#1350 = CARTESIAN_POINT('',(-2.698952691245,-0.875963443026,
    12.337811379293));
#1351 = CARTESIAN_POINT('',(-2.124502124904,-2.403383659445,
    12.426878419387));
#1352 = CARTESIAN_POINT('',(-0.585429185942,-3.505550284156,
    12.51593127483));
#1353 = CARTESIAN_POINT('',(1.552528738592,-3.508257164116,
    12.605005056183));
#1354 = CARTESIAN_POINT('',(3.408991763835,-2.043278843469,
    12.694062374568));
#1355 = CARTESIAN_POINT('',(3.825861755601,0.284587380203,
    12.783119692577));
#1356 = CARTESIAN_POINT('',(2.815655484882,2.168795866978,
    12.872193474218));
#1357 = CARTESIAN_POINT('',(1.118107820869,3.006596557046,
    12.961246329498));
#1358 = CARTESIAN_POINT('',(-0.499745495492,2.793188590356,
    13.050313369653));
#1359 = CARTESIAN_POINT('',(-2.642023968894,1.035068563382,
    13.228436379287));
#1360 = CARTESIAN_POINT('',(-3.166952803563,-0.510070811969,
    13.317503419398));
#1361 = CARTESIAN_POINT('',(-2.676440437993,-2.338434670514,
    13.406556274815));
#1362 = CARTESIAN_POINT('',(-1.025493839979,-3.696833266191,
    13.495630056192));
#1363 = CARTESIAN_POINT('',(1.338943892932,-3.742117385882,
    13.584687374572));
#1364 = CARTESIAN_POINT('',(3.137971452932,-2.207111984091,
    13.673744692562));
#1365 = CARTESIAN_POINT('',(3.552400655631,-0.109731053756,
    13.762818474236));
#1366 = CARTESIAN_POINT('',(2.771673697492,1.614810475121,
    13.851871329485));
#1367 = CARTESIAN_POINT('',(1.385671591089,2.476199164684,13.94093836966
    ));
#1368 = CARTESIAN_POINT('',(-1.385671600732,2.476201081916,
    14.119061379276));
#1369 = CARTESIAN_POINT('',(-2.77167312003,1.614803520197,
    14.208128419447));
#1370 = CARTESIAN_POINT('',(-3.552403686776,-0.109718605398,
    14.297181274704));
#1371 = CARTESIAN_POINT('',(-3.137963654953,-2.207124354207,
    14.386255056365));
#1372 = CARTESIAN_POINT('',(-1.338956512397,-3.74211287039,
    14.475312374374));
#1373 = CARTESIAN_POINT('',(1.025507715319,-3.696828651213,
    14.56436969273));
#1374 = CARTESIAN_POINT('',(2.6764301978,-2.338442370123,14.653443474131
    ));
#1375 = CARTESIAN_POINT('',(3.16695766207,-0.510065802146,14.74249632953
    ));
#1376 = CARTESIAN_POINT('',(2.642022745171,1.035067087472,14.83156336965
    ));
#1377 = CARTESIAN_POINT('',(0.49974670431,2.793190078508,15.00968637928)
  );
#1378 = CARTESIAN_POINT('',(-1.118111786627,3.006590814486,
    15.098753419443));
#1379 = CARTESIAN_POINT('',(-2.815649930857,2.168807412624,
    15.187806274709));
#1380 = CARTESIAN_POINT('',(-3.825863575173,0.284572870981,
    15.276880056359));
#1381 = CARTESIAN_POINT('',(-3.408998654239,-2.043267347224,
    15.365937374381));
#1382 = CARTESIAN_POINT('',(-1.552515085087,-3.508262399133,
    15.454994692725));
#1383 = CARTESIAN_POINT('',(0.585416385583,-3.50554973971,
    15.544068474134));
#1384 = CARTESIAN_POINT('',(2.124509058776,-2.403382869009,
    15.633121329528));
#1385 = CARTESIAN_POINT('',(2.69895080899,-0.875963807597,
    15.722188369651));
#1386 = CARTESIAN_POINT('',(2.158290453664,1.842129175918,
    15.900311379279));
#1387 = CARTESIAN_POINT('',(1.043048921841,3.03344873696,15.989378419448
    ));
#1388 = CARTESIAN_POINT('',(-0.800649972332,3.46274020799,
    16.078431274693));
#1389 = CARTESIAN_POINT('',(-2.776901418574,2.647079962211,
    16.167505056392));
#1390 = CARTESIAN_POINT('',(-3.931426678016,0.583178833571,
    16.256562374335));
#1391 = CARTESIAN_POINT('',(-3.425728494909,-1.72701836414,
    16.34561969277));
#1392 = CARTESIAN_POINT('',(-1.77136422652,-3.081210817027,
    16.434693474102));
#1393 = CARTESIAN_POINT('',(0.117577759311,-3.205614360209,
    16.523746329544));
#1394 = CARTESIAN_POINT('',(1.530611631755,-2.389325447552,
    16.612813369646));
#1395 = CARTESIAN_POINT('',(2.837015459837,5.478014035202E-02,
    16.790936379284));
#1396 = CARTESIAN_POINT('',(2.730687226546,1.683184352331,
    16.880003419429));
#1397 = CARTESIAN_POINT('',(1.577828334628,3.184661343491,
    16.969056274734));
#1398 = CARTESIAN_POINT('',(-0.467284073802,3.80786809237,
    17.058130056329));
#1399 = CARTESIAN_POINT('',(-2.669069183301,2.944874016285,
    17.147187374406));
#1400 = CARTESIAN_POINT('',(-3.743732788743,0.838255901875,
    17.236244692711));
#1401 = CARTESIAN_POINT('',(-3.323982513252,-1.258066601443,
    17.325318474139));
#1402 = CARTESIAN_POINT('',(-1.942731384695,-2.552563950775,
    17.414371329528));
#1403 = CARTESIAN_POINT('',(-0.332593226225,-2.817983287289,
    17.50343836965));
#1404 = CARTESIAN_POINT('',(2.227794759951,-1.757437933662,
    17.681561379281));
#1405 = CARTESIAN_POINT('',(3.178650620113,-0.431210538377,
    17.770628419437));
#1406 = CARTESIAN_POINT('',(3.240005564921,1.460812809875,
    17.859681274722));
#1407 = CARTESIAN_POINT('',(2.05447047105,3.239963718661,17.948755056339
    ));
#1408 = CARTESIAN_POINT('',(-0.19501008081,3.969657963265,
    18.037812374402));
#1409 = CARTESIAN_POINT('',(-2.362160665729,3.022979513631,
    18.126869692708));
#1410 = CARTESIAN_POINT('',(-3.367582232527,1.136213549141,
    18.215943474143));
#1411 = CARTESIAN_POINT('',(-3.121081096215,-0.740702873442,
    18.304996329526));
#1412 = CARTESIAN_POINT('',(-2.044807712931,-1.9673356294,18.39406336965
    ));
#1413 = CARTESIAN_POINT('',(0.60720181494,-2.771815928063,
    18.572186379283));
#1414 = CARTESIAN_POINT('',(2.183573087322,-2.349844859875,
    18.661253419429));
#1415 = CARTESIAN_POINT('',(3.43128800666,-0.926214198585,
    18.750306274738));
#1416 = CARTESIAN_POINT('',(3.643538374272,1.201183553675,
    18.839380056319));
#1417 = CARTESIAN_POINT('',(2.367579521374,3.192300187508,18.92843737442
    ));
#1418 = CARTESIAN_POINT('',(9.178301445993E-02,3.835333626777,
    19.017494692695));
#1419 = CARTESIAN_POINT('',(-1.88237002334,3.014676502932,
    19.106568474151));
#1420 = CARTESIAN_POINT('',(-2.882525241644,1.407421822758,
    19.195621329521));
#1421 = CARTESIAN_POINT('',(-2.828722248198,-0.223558726308,
    19.284688369653));
#1422 = CARTESIAN_POINT('',(-1.289048059457,-2.527847440723,
    19.462811379276));
#1423 = CARTESIAN_POINT('',(0.197199024276,-3.201698742531,
    19.551878419459));
#1424 = CARTESIAN_POINT('',(2.064837430304,-2.892759325031,
    19.640931274672));
#1425 = CARTESIAN_POINT('',(3.57851603014,-1.382908831813,19.73000505642
    ));
#1426 = CARTESIAN_POINT('',(3.855337519065,0.965704867113,
    19.819062374307));
#1427 = CARTESIAN_POINT('',(2.504059125067,2.906526457675,19.90811969279
    ));
#1428 = CARTESIAN_POINT('',(0.457398822191,3.524539351383,
    19.997193474093));
#1429 = CARTESIAN_POINT('',(-1.335363191507,2.916606436016,
    20.086246329546));
#1430 = CARTESIAN_POINT('',(-2.328456022107,1.621709164644,
    20.175313369648));
#1431 = CARTESIAN_POINT('',(-2.600097064629,-1.136289064302,
    20.353436379278));
#1432 = CARTESIAN_POINT('',(-1.878699273026,-2.60004833314,
    20.442503419457));
#1433 = CARTESIAN_POINT('',(-0.239006170366,-3.546052195985,
    20.531556274676));
#1434 = CARTESIAN_POINT('',(1.888922223284,-3.339189519835,
    20.620630056408));
#1435 = CARTESIAN_POINT('',(3.592852885693,-1.699300273134,
    20.709687374328));
#1436 = CARTESIAN_POINT('',(3.779544744477,0.658217042666,
    20.798744692766));
#1437 = CARTESIAN_POINT('',(2.589518165218,2.434335020923,
    20.887818474112));
#1438 = CARTESIAN_POINT('',(0.818025829478,3.101712703999,
    20.976871329536));
#1439 = CARTESIAN_POINT('',(-0.771119442365,2.730754999478,
    21.06593836965));
#1440 = CARTESIAN_POINT('',(-2.73075636198,0.771120791229,
    21.244061379276));
#1441 = CARTESIAN_POINT('',(-3.101707377812,-0.818030339001,
    21.333128419461));
#1442 = CARTESIAN_POINT('',(-2.434345966555,-2.589511506295,
    21.422181274664));
#1443 = CARTESIAN_POINT('',(-0.658202781712,-3.779547977382,
    21.511255056434));
#1444 = CARTESIAN_POINT('',(1.699288156937,-3.592858616166,
    21.600312374288));
#1445 = CARTESIAN_POINT('',(3.339196067864,-1.888909148569,
    21.689369692809));
#1446 = CARTESIAN_POINT('',(3.546050399537,0.238993484955,
    21.778443474077));
#1447 = CARTESIAN_POINT('',(2.60004822614,1.87870625101,21.867496329557)
  );
#1448 = CARTESIAN_POINT('',(1.136289242624,2.600095155701,21.95656336964
    ));
#1449 = CARTESIAN_POINT('',(-1.621709362162,2.328457929139,
    22.134686379294));
#1450 = CARTESIAN_POINT('',(-2.916605179617,1.335356326766,
    22.223753419388));
#1451 = CARTESIAN_POINT('',(-3.524543588142,-0.457386731081,
    22.31280627482));
#1452 = CARTESIAN_POINT('',(-2.906517484658,-2.504070670978,
    22.401880056205));
#1453 = CARTESIAN_POINT('',(-0.965717868527,-3.855334262579,
    22.490937374535));
#1454 = CARTESIAN_POINT('',(1.382922188092,-3.578510077085,
    22.57999469261));
#1455 = CARTESIAN_POINT('',(2.892749888777,-2.064846096716,
    22.669068474197));
#1456 = CARTESIAN_POINT('',(3.201703086625,-0.197193562295,
    22.758121329505));
#1457 = CARTESIAN_POINT('',(2.527846367549,1.289046470697,
    22.847188369656));
#1458 = CARTESIAN_POINT('',(0.223559783444,2.828723847671,
    23.025311379275));
#1459 = CARTESIAN_POINT('',(-1.407425206549,2.88251913803,
    23.114378419454));
#1460 = CARTESIAN_POINT('',(-3.014672107336,1.882382057753,
    23.203431274689));
#1461 = CARTESIAN_POINT('',(-3.835334015403,-9.179763211106E-02,
    23.292505056384));
#1462 = CARTESIAN_POINT('',(-3.192308171608,-2.367568755938,
    23.381562374357));
#1463 = CARTESIAN_POINT('',(-1.201169452743,-3.643542245735,
    23.47061969274));
#1464 = CARTESIAN_POINT('',(0.926201406459,-3.431288719532,
    23.559693474128));
#1465 = CARTESIAN_POINT('',(2.349851682904,-2.183571621037,
    23.648746329529));
#1466 = CARTESIAN_POINT('',(2.771814090599,-0.607202362251,
    23.737813369651));
#1467 = CARTESIAN_POINT('',(1.96733746127,2.044808278701,23.915936379277
    ));
#1468 = CARTESIAN_POINT('',(0.740696385647,3.121078524709,
    24.005003419457));
#1469 = CARTESIAN_POINT('',(-1.136202516751,3.367588746723,
    24.094056274675));
#1470 = CARTESIAN_POINT('',(-3.022989087384,2.362149612665,
    24.183130056415));
#1471 = CARTESIAN_POINT('',(-3.969657305533,0.195023467674,
    24.27218737431));
#1472 = CARTESIAN_POINT('',(-3.239955274531,-2.054482409277,
    24.361244692791));
#1473 = CARTESIAN_POINT('',(-1.460823150555,-3.239998000735,
    24.450318474086));
#1474 = CARTESIAN_POINT('',(0.431216742841,-3.178653815144,
    24.539371329556));
#1475 = CARTESIAN_POINT('',(1.75743616608,-2.227794017355,
    24.628438369638));
#1476 = CARTESIAN_POINT('',(2.817985062246,0.332592501453,
    24.806561379301));
#1477 = CARTESIAN_POINT('',(2.55255730436,1.94273351266,24.895628419357)
  );
#1478 = CARTESIAN_POINT('',(1.258079262035,3.323980550044,
    24.984681274891));
#1479 = CARTESIAN_POINT('',(-0.838270314305,3.743730317933,
    25.073755056097));
#1480 = CARTESIAN_POINT('',(-2.944865015493,2.669079114446,
    25.162812374655));
#1481 = CARTESIAN_POINT('',(-3.807869138359,0.467269488356,
    25.251869692511));
#1482 = CARTESIAN_POINT('',(-3.184664538359,-1.577815927275,
    25.340943474256));
#1483 = CARTESIAN_POINT('',(-1.683181583087,-2.730693632452,
    25.429996329481));
#1484 = CARTESIAN_POINT('',(-5.478103562294E-02,-2.837013764447,
    25.51906336966));
#1485 = CARTESIAN_POINT('',(2.389326359833,-1.530613318049,
    25.697186379276));
#1486 = CARTESIAN_POINT('',(3.205610572396,-0.117571897867,
    25.786253419445));
#1487 = CARTESIAN_POINT('',(3.081219358408,1.771354677006,
    25.875306274713));
#1488 = CARTESIAN_POINT('',(1.727005655628,3.425735728302,
    25.964380056342));
#1489 = CARTESIAN_POINT('',(-0.583165575491,3.931428644633,
    26.05343737442));
#1490 = CARTESIAN_POINT('',(-2.647090023824,2.77689080761,
    26.142494692657));
#1491 = CARTESIAN_POINT('',(-3.462734806379,0.800661590054,
    26.231568474221));
#1492 = CARTESIAN_POINT('',(-3.033450660275,-1.043055630427,
    26.320621329444));
#1493 = CARTESIAN_POINT('',(-1.842128792361,-2.158288575162,
    26.409688369713));
#1494 = CARTESIAN_POINT('',(0.875963442887,-2.698952691259,
    26.587811379146));
#1495 = CARTESIAN_POINT('',(2.40338366023,-2.124502124827,
    26.676878420214));
#1496 = CARTESIAN_POINT('',(3.505550281986,-0.58542918615,
    26.765931272552));
#1497 = CARTESIAN_POINT('',(3.508257168332,1.552528738983,
    26.855005060598));
#1498 = CARTESIAN_POINT('',(2.043278837137,3.408991763267,
    26.944062367947));
#1499 = CARTESIAN_POINT('',(-0.284587372568,3.825861756268,
    27.033119700557));
#1500 = CARTESIAN_POINT('',(-2.168795874492,2.815655484241,
    27.122193466367));
#1501 = CARTESIAN_POINT('',(-3.006596550993,1.118107821377,
    27.211246335821));
#1502 = CARTESIAN_POINT('',(-2.793188594313,-0.49974549582,
    27.30031336552));
#1503 = CARTESIAN_POINT('',(-1.035068555319,-2.642023968227,
    27.478436387705));
#1504 = CARTESIAN_POINT('',(0.5100707665,-3.166952807325,27.567503371925
    ));
#1505 = CARTESIAN_POINT('',(2.33843479606,-2.676440427606,
    27.656556405896));
#1506 = CARTESIAN_POINT('',(3.696833021866,-1.025493860194,
    27.745629801096));
#1507 = CARTESIAN_POINT('',(3.742117753723,1.338943923372,
    27.834687758622));
#1508 = CARTESIAN_POINT('',(2.207111539293,3.137971416114,
    27.923744228173));
#1509 = CARTESIAN_POINT('',(0.109731492533,3.552400691963,
    28.012818932333));
#1510 = CARTESIAN_POINT('',(-1.614810829179,2.771673668166,
    28.101870959838));
#1511 = CARTESIAN_POINT('',(-2.476198932961,1.385671610286,
    28.190938611586));
#1512 = CARTESIAN_POINT('',(-2.476200243538,-1.478293853996E-08,
    28.279999748935));
#1513 = PCURVE('',#1514,#2095);
#1514 = B_SPLINE_SURFACE_WITH_KNOTS('',1,10,(
    (#1515,#1516,#1517,#1518,#1519,#1520,#1521,#1522,#1523,#1524,#1525
      ,#1526,#1527,#1528,#1529,#1530,#1531,#1532,#1533,#1534,#1535,#1536
      ,#1537,#1538,#1539,#1540,#1541,#1542,#1543,#1544,#1545,#1546,#1547
      ,#1548,#1549,#1550,#1551,#1552,#1553,#1554,#1555,#1556,#1557,#1558
      ,#1559,#1560,#1561,#1562,#1563,#1564,#1565,#1566,#1567,#1568,#1569
      ,#1570,#1571,#1572,#1573,#1574,#1575,#1576,#1577,#1578,#1579,#1580
      ,#1581,#1582,#1583,#1584,#1585,#1586,#1587,#1588,#1589,#1590,#1591
      ,#1592,#1593,#1594,#1595,#1596,#1597,#1598,#1599,#1600,#1601,#1602
      ,#1603,#1604,#1605,#1606,#1607,#1608,#1609,#1610,#1611,#1612,#1613
      ,#1614,#1615,#1616,#1617,#1618,#1619,#1620,#1621,#1622,#1623,#1624
      ,#1625,#1626,#1627,#1628,#1629,#1630,#1631,#1632,#1633,#1634,#1635
      ,#1636,#1637,#1638,#1639,#1640,#1641,#1642,#1643,#1644,#1645,#1646
      ,#1647,#1648,#1649,#1650,#1651,#1652,#1653,#1654,#1655,#1656,#1657
      ,#1658,#1659,#1660,#1661,#1662,#1663,#1664,#1665,#1666,#1667,#1668
      ,#1669,#1670,#1671,#1672,#1673,#1674,#1675,#1676,#1677,#1678,#1679
      ,#1680,#1681,#1682,#1683,#1684,#1685,#1686,#1687,#1688,#1689,#1690
      ,#1691,#1692,#1693,#1694,#1695,#1696,#1697,#1698,#1699,#1700,#1701
      ,#1702,#1703,#1704,#1705,#1706,#1707,#1708,#1709,#1710,#1711,#1712
      ,#1713,#1714,#1715,#1716,#1717,#1718,#1719,#1720,#1721,#1722,#1723
      ,#1724,#1725,#1726,#1727,#1728,#1729,#1730,#1731,#1732,#1733,#1734
      ,#1735,#1736,#1737,#1738,#1739,#1740,#1741,#1742,#1743,#1744,#1745
      ,#1746,#1747,#1748,#1749,#1750,#1751,#1752,#1753,#1754,#1755,#1756
      ,#1757,#1758,#1759,#1760,#1761,#1762,#1763,#1764,#1765,#1766,#1767
      ,#1768,#1769,#1770,#1771,#1772,#1773,#1774,#1775,#1776,#1777,#1778
      ,#1779,#1780,#1781,#1782,#1783,#1784,#1785,#1786,#1787,#1788,#1789
      ,#1790,#1791,#1792,#1793,#1794,#1795,#1796,#1797,#1798,#1799,#1800
      ,#1801,#1802,#1803,#1804)
    ,(#1805,#1806,#1807,#1808,#1809,#1810,#1811,#1812,#1813,#1814,#1815
      ,#1816,#1817,#1818,#1819,#1820,#1821,#1822,#1823,#1824,#1825,#1826
      ,#1827,#1828,#1829,#1830,#1831,#1832,#1833,#1834,#1835,#1836,#1837
      ,#1838,#1839,#1840,#1841,#1842,#1843,#1844,#1845,#1846,#1847,#1848
      ,#1849,#1850,#1851,#1852,#1853,#1854,#1855,#1856,#1857,#1858,#1859
      ,#1860,#1861,#1862,#1863,#1864,#1865,#1866,#1867,#1868,#1869,#1870
      ,#1871,#1872,#1873,#1874,#1875,#1876,#1877,#1878,#1879,#1880,#1881
      ,#1882,#1883,#1884,#1885,#1886,#1887,#1888,#1889,#1890,#1891,#1892
      ,#1893,#1894,#1895,#1896,#1897,#1898,#1899,#1900,#1901,#1902,#1903
      ,#1904,#1905,#1906,#1907,#1908,#1909,#1910,#1911,#1912,#1913,#1914
      ,#1915,#1916,#1917,#1918,#1919,#1920,#1921,#1922,#1923,#1924,#1925
      ,#1926,#1927,#1928,#1929,#1930,#1931,#1932,#1933,#1934,#1935,#1936
      ,#1937,#1938,#1939,#1940,#1941,#1942,#1943,#1944,#1945,#1946,#1947
      ,#1948,#1949,#1950,#1951,#1952,#1953,#1954,#1955,#1956,#1957,#1958
      ,#1959,#1960,#1961,#1962,#1963,#1964,#1965,#1966,#1967,#1968,#1969
      ,#1970,#1971,#1972,#1973,#1974,#1975,#1976,#1977,#1978,#1979,#1980
      ,#1981,#1982,#1983,#1984,#1985,#1986,#1987,#1988,#1989,#1990,#1991
      ,#1992,#1993,#1994,#1995,#1996,#1997,#1998,#1999,#2000,#2001,#2002
      ,#2003,#2004,#2005,#2006,#2007,#2008,#2009,#2010,#2011,#2012,#2013
      ,#2014,#2015,#2016,#2017,#2018,#2019,#2020,#2021,#2022,#2023,#2024
      ,#2025,#2026,#2027,#2028,#2029,#2030,#2031,#2032,#2033,#2034,#2035
      ,#2036,#2037,#2038,#2039,#2040,#2041,#2042,#2043,#2044,#2045,#2046
      ,#2047,#2048,#2049,#2050,#2051,#2052,#2053,#2054,#2055,#2056,#2057
      ,#2058,#2059,#2060,#2061,#2062,#2063,#2064,#2065,#2066,#2067,#2068
      ,#2069,#2070,#2071,#2072,#2073,#2074,#2075,#2076,#2077,#2078,#2079
      ,#2080,#2081,#2082,#2083,#2084,#2085,#2086,#2087,#2088,#2089,#2090
      ,#2091,#2092,#2093,#2094
    )),.UNSPECIFIED.,.F.,.F.,.F.,(2,2),(11,9,9,9,9,9,9,9,9,9,9,9,9,9,9,9
    ,9,9,9,9,9,9,9,9,9,9,9,9,9,9,9,9,11),(0.,0.583095189485),(0.,
    5.666392382802,11.332784765604,16.999177148406,22.665569531209,
    28.331961914011,33.998354296813,39.664746679615,45.331139062417,
    50.997531445219,56.663923828022,62.330316210824,67.996708593626,
    73.663100976428,79.32949335923,84.995885742032,90.662278124834,
    96.328670507637,101.99506289043,107.66145527324,113.32784765604,
    118.99424003884,124.66063242164,130.32702480445,135.99341718725,
    141.65980957005,147.32620195285,152.99259433565,158.65898671846,
    164.32537910126,169.99177148406,175.65816386686,181.32455624966),
  .UNSPECIFIED.);
#1515 = CARTESIAN_POINT('',(2.4762,-5.551115123126E-16,-0.22));
#1516 = CARTESIAN_POINT('',(2.476201319543,1.385671610025,
    -0.130938862651));
#1517 = CARTESIAN_POINT('',(1.614803157115,2.771673105824,
    -4.187121090285E-02));
#1518 = CARTESIAN_POINT('',(-0.109718155432,3.55240370439,
    4.718081660306E-02));
#1519 = CARTESIAN_POINT('',(-2.207124810357,3.137963637085,
    0.136255520755));
#1520 = CARTESIAN_POINT('',(-3.742112493154,1.338956527182,
    0.225311990328));
#1521 = CARTESIAN_POINT('',(-3.696828901779,-1.025507725143,
    0.314369947817));
#1522 = CARTESIAN_POINT('',(-2.338442241372,-2.67643019275,
    0.403443343058));
#1523 = CARTESIAN_POINT('',(-0.510065848775,-3.166957663899,0.492496377)
  );
#1524 = CARTESIAN_POINT('',(1.03506709574,-2.642022744847,0.581563361233
    ));
#1525 = CARTESIAN_POINT('',(2.793190074448,-0.499746704467,
    0.759686383415));
#1526 = CARTESIAN_POINT('',(3.006590820695,1.118111786856,0.848753413108
    ));
#1527 = CARTESIAN_POINT('',(2.168807404923,2.815649930593,0.937806282582
    ));
#1528 = CARTESIAN_POINT('',(0.284572878795,3.825863575419,1.026880048353
    ));
#1529 = CARTESIAN_POINT('',(-2.043267353693,3.408998654052,1.11593738102
    ));
#1530 = CARTESIAN_POINT('',(-3.508262394832,1.552515085203,
    1.204994688304));
#1531 = CARTESIAN_POINT('',(-3.505549741921,-0.585416385641,
    1.29406847641));
#1532 = CARTESIAN_POINT('',(-2.403382868209,-2.124509058755,
    1.383121328704));
#1533 = CARTESIAN_POINT('',(-0.875963807738,-2.698950808994,
    1.472188369796));
#1534 = CARTESIAN_POINT('',(1.842129175987,-2.158290453659,
    1.650311379212));
#1535 = CARTESIAN_POINT('',(3.033448736857,-1.043048921863,
    1.739378419532));
#1536 = CARTESIAN_POINT('',(3.462740208116,0.800649972383,1.828431274618
    ));
#1537 = CARTESIAN_POINT('',(2.647079962085,2.776901418494,1.917505056431
    ));
#1538 = CARTESIAN_POINT('',(0.583178833675,3.931426678108,2.006562374337
    ));
#1539 = CARTESIAN_POINT('',(-1.727018364211,3.425728494829,
    2.095619692744));
#1540 = CARTESIAN_POINT('',(-3.081210816988,1.77136422657,2.184693474128
    ));
#1541 = CARTESIAN_POINT('',(-3.205614360226,-0.117577759332,
    2.27374632953));
#1542 = CARTESIAN_POINT('',(-2.389325447548,-1.530611631751,
    2.362813369649));
#1543 = CARTESIAN_POINT('',(5.478014035002E-02,-2.837015459837,
    2.540936379284));
#1544 = CARTESIAN_POINT('',(1.683184352333,-2.730687226549,
    2.630003419424));
#1545 = CARTESIAN_POINT('',(3.18466134349,-1.577828334618,2.71905627475)
  );
#1546 = CARTESIAN_POINT('',(3.807868092367,0.467284073785,2.808130056299
    ));
#1547 = CARTESIAN_POINT('',(2.944874016291,2.66906918332,2.897187374443)
  );
#1548 = CARTESIAN_POINT('',(0.838255901867,3.743732788727,2.986244692676
    ));
#1549 = CARTESIAN_POINT('',(-1.258066601437,3.323982513262,
    3.075318474161));
#1550 = CARTESIAN_POINT('',(-2.552563950778,1.942731384692,3.16437132952
    ));
#1551 = CARTESIAN_POINT('',(-2.817983287289,0.332593226225,3.25343836965
    ));
#1552 = CARTESIAN_POINT('',(-1.757437933658,-2.22779475995,
    3.431561379286));
#1553 = CARTESIAN_POINT('',(-0.431210538399,-3.178650620112,
    3.520628419412));
#1554 = CARTESIAN_POINT('',(1.460812809926,-3.240005564927,
    3.609681274778));
#1555 = CARTESIAN_POINT('',(3.239963718583,-2.054470471037,
    3.698755056257));
#1556 = CARTESIAN_POINT('',(3.96965796335,0.195010080795,3.78781237449)
  );
#1557 = CARTESIAN_POINT('',(3.022979513564,2.36216066574,3.876869692638)
  );
#1558 = CARTESIAN_POINT('',(1.136213549179,3.367582232522,3.965943474184
    ));
#1559 = CARTESIAN_POINT('',(-0.740702873456,3.121081096217,4.05499632951
    ));
#1560 = CARTESIAN_POINT('',(-1.967335629398,2.04480771293,4.144063369653
    ));
#1561 = CARTESIAN_POINT('',(-2.771815928064,-0.607201814939,
    4.322186379282));
#1562 = CARTESIAN_POINT('',(-2.349844859875,-2.183573087324,
    4.411253419427));
#1563 = CARTESIAN_POINT('',(-0.926214198582,-3.431288006655,
    4.500306274745));
#1564 = CARTESIAN_POINT('',(1.201183553669,-3.643538374277,
    4.589380056306));
#1565 = CARTESIAN_POINT('',(3.192300187514,-2.367579521369,
    4.678437374436));
#1566 = CARTESIAN_POINT('',(3.835333626773,-9.178301446325E-02,
    4.767494692682));
#1567 = CARTESIAN_POINT('',(3.014676502933,1.882370023342,4.856568474157
    ));
#1568 = CARTESIAN_POINT('',(1.407421822759,2.882525241642,4.945621329521
    ));
#1569 = CARTESIAN_POINT('',(-0.22355872631,2.8287222482,5.03468836965));
#1570 = CARTESIAN_POINT('',(-2.527847440719,1.289048059451,
    5.212811379284));
#1571 = CARTESIAN_POINT('',(-3.201698742545,-0.197199024245,
    5.301878419418));
#1572 = CARTESIAN_POINT('',(-2.892759325007,-2.064837430379,
    5.390931274764));
#1573 = CARTESIAN_POINT('',(-1.382908831845,-3.578516030019,
    5.480005056277));
#1574 = CARTESIAN_POINT('',(0.965704867147,-3.855337519203,
    5.569062374469));
#1575 = CARTESIAN_POINT('',(2.906526457648,-2.504059124953,
    5.658119692655));
#1576 = CARTESIAN_POINT('',(3.524539351397,-0.457398822259,
    5.747193474174));
#1577 = CARTESIAN_POINT('',(2.916606436013,1.335363191533,5.836246329513
    ));
#1578 = CARTESIAN_POINT('',(1.621709164644,2.328456022104,5.925313369652
    ));
#1579 = CARTESIAN_POINT('',(-1.136289064302,2.600097064626,
    6.103436379283));
#1580 = CARTESIAN_POINT('',(-2.600048333132,1.87869927305,6.192503419423
    ));
#1581 = CARTESIAN_POINT('',(-3.546052196011,0.23900617031,6.281556274755
    ));
#1582 = CARTESIAN_POINT('',(-3.339189519787,-1.888922223199,
    6.370630056288));
#1583 = CARTESIAN_POINT('',(-1.699300273192,-3.592852885787,
    6.459687374459));
#1584 = CARTESIAN_POINT('',(0.658217042714,-3.779544744402,
    6.548744692661));
#1585 = CARTESIAN_POINT('',(2.434335020894,-2.589518165259,
    6.637818474171));
#1586 = CARTESIAN_POINT('',(3.10171270401,-0.818025829465,6.726871329516
    ));
#1587 = CARTESIAN_POINT('',(2.730754999478,0.771119442365,6.81593836965)
  );
#1588 = CARTESIAN_POINT('',(0.771120791223,2.730756361974,6.994061379287
    ));
#1589 = CARTESIAN_POINT('',(-0.818030338962,3.101707377838,
    7.083128419406));
#1590 = CARTESIAN_POINT('',(-2.589511506395,2.4343459665,7.172181274793)
  );
#1591 = CARTESIAN_POINT('',(-3.779547977217,0.658202781796,
    7.261255056232));
#1592 = CARTESIAN_POINT('',(-3.592858616357,-1.699288157034,
    7.350312374519));
#1593 = CARTESIAN_POINT('',(-1.888909148409,-3.33919606778,
    7.439369692613));
#1594 = CARTESIAN_POINT('',(0.238993484857,-3.546050399586,7.5284434742)
  );
#1595 = CARTESIAN_POINT('',(1.878706251052,-2.600048226122,
    7.617496329503));
#1596 = CARTESIAN_POINT('',(2.600095155691,-1.136289242626,
    7.706563369654));
#1597 = CARTESIAN_POINT('',(2.328457929146,1.621709362162,7.884686379283
    ));
#1598 = CARTESIAN_POINT('',(1.335356326748,2.916605179621,7.973753419417
    ));
#1599 = CARTESIAN_POINT('',(-0.45738673105,3.524543588127,8.062806274769
    ));
#1600 = CARTESIAN_POINT('',(-2.504070671013,2.906517484683,
    8.151880056268));
#1601 = CARTESIAN_POINT('',(-3.855334262549,0.965717868502,
    8.240937374479));
#1602 = CARTESIAN_POINT('',(-3.578510077104,-1.382922188075,
    8.329994692646));
#1603 = CARTESIAN_POINT('',(-2.064846096708,-2.892749888785,
    8.41906847418));
#1604 = CARTESIAN_POINT('',(-0.197193562298,-3.201703086622,
    8.508121329511));
#1605 = CARTESIAN_POINT('',(1.289046470699,-2.527846367551,
    8.597188369652));
#1606 = CARTESIAN_POINT('',(2.828723847667,-0.223559783441,
    8.775311379282));
#1607 = CARTESIAN_POINT('',(2.882519138045,1.407425206529,8.864378419424
    ));
#1608 = CARTESIAN_POINT('',(1.882382057725,3.014672107385,8.953431274753
    ));
#1609 = CARTESIAN_POINT('',(-9.179763207309E-02,3.835334015325,
    9.042505056291));
#1610 = CARTESIAN_POINT('',(-2.367568755976,3.192308171693,
    9.131562374455));
#1611 = CARTESIAN_POINT('',(-3.643542245706,1.201169452677,
    9.220619692665));
#1612 = CARTESIAN_POINT('',(-3.431288719548,-0.926201406422,
    9.309693474169));
#1613 = CARTESIAN_POINT('',(-2.183571621032,-2.349851682916,
    9.398746329515));
#1614 = CARTESIAN_POINT('',(-0.607202362251,-2.771814090598,
    9.487813369652));
#1615 = CARTESIAN_POINT('',(2.044808278699,-1.967337461265,
    9.665936379282));
#1616 = CARTESIAN_POINT('',(3.121078524712,-0.740696385675,
    9.755003419426));
#1617 = CARTESIAN_POINT('',(3.367588746726,1.136202516819,9.844056274748
    ));
#1618 = CARTESIAN_POINT('',(2.362149612657,3.022989087273,9.933130056301
    ));
#1619 = CARTESIAN_POINT('',(0.195023467684,3.969657305662,
    10.022187374444));
#1620 = CARTESIAN_POINT('',(-2.054482409284,3.239955274421,
    10.111244692675));
#1621 = CARTESIAN_POINT('',(-3.23999800073,1.460823150623,
    10.200318474163));
#1622 = CARTESIAN_POINT('',(-3.178653815148,-0.431216742872,
    10.289371329518));
#1623 = CARTESIAN_POINT('',(-2.227794017352,-1.757436166071,
    10.378438369651));
#1624 = CARTESIAN_POINT('',(0.332592501447,-2.817985062258,
    10.556561379284));
#1625 = CARTESIAN_POINT('',(1.94273351269,-2.552557304321,10.64562841942
    ));
#1626 = CARTESIAN_POINT('',(3.323980549968,-1.258079262106,
    10.73468127476));
#1627 = CARTESIAN_POINT('',(3.743730318051,0.8382703144,10.823755056283)
  );
#1628 = CARTESIAN_POINT('',(2.66907911432,2.944865015396,10.912812374463
    ));
#1629 = CARTESIAN_POINT('',(0.467269488452,3.807869138434,
    11.001869692659));
#1630 = CARTESIAN_POINT('',(-1.577815927329,3.184664538315,
    11.090943474173));
#1631 = CARTESIAN_POINT('',(-2.73069363243,1.683181583105,
    11.179996329513));
#1632 = CARTESIAN_POINT('',(-2.837013764452,5.478103561868E-02,
    11.269063369654));
#1633 = CARTESIAN_POINT('',(-1.530613318045,-2.389326359828,
    11.447186379278));
#1634 = CARTESIAN_POINT('',(-0.117571897878,-3.205610572413,
    11.536253419445));
#1635 = CARTESIAN_POINT('',(1.77135467703,-3.081219358365,
    11.625306274704));
#1636 = CARTESIAN_POINT('',(3.425735728265,-1.727005655708,
    11.714380056369));
#1637 = CARTESIAN_POINT('',(3.931428644674,0.583165575608,
    11.803437374365));
#1638 = CARTESIAN_POINT('',(2.776890807578,2.647090023686,
    11.892494692743));
#1639 = CARTESIAN_POINT('',(0.80066159007,3.462734806511,11.981568474118
    ));
#1640 = CARTESIAN_POINT('',(-1.043055630429,3.03345066017,
    12.070621329539));
#1641 = CARTESIAN_POINT('',(-2.158288575167,1.842128792429,
    12.159688369644));
#1642 = CARTESIAN_POINT('',(-2.698952691245,-0.875963443026,
    12.337811379293));
#1643 = CARTESIAN_POINT('',(-2.124502124904,-2.403383659445,
    12.426878419387));
#1644 = CARTESIAN_POINT('',(-0.585429185942,-3.505550284156,
    12.51593127483));
#1645 = CARTESIAN_POINT('',(1.552528738592,-3.508257164116,
    12.605005056183));
#1646 = CARTESIAN_POINT('',(3.408991763835,-2.043278843469,
    12.694062374568));
#1647 = CARTESIAN_POINT('',(3.825861755601,0.284587380203,
    12.783119692577));
#1648 = CARTESIAN_POINT('',(2.815655484882,2.168795866978,
    12.872193474218));
#1649 = CARTESIAN_POINT('',(1.118107820869,3.006596557046,
    12.961246329498));
#1650 = CARTESIAN_POINT('',(-0.499745495492,2.793188590356,
    13.050313369653));
#1651 = CARTESIAN_POINT('',(-2.642023968894,1.035068563382,
    13.228436379287));
#1652 = CARTESIAN_POINT('',(-3.166952803563,-0.510070811969,
    13.317503419398));
#1653 = CARTESIAN_POINT('',(-2.676440437993,-2.338434670514,
    13.406556274815));
#1654 = CARTESIAN_POINT('',(-1.025493839979,-3.696833266191,
    13.495630056192));
#1655 = CARTESIAN_POINT('',(1.338943892932,-3.742117385882,
    13.584687374572));
#1656 = CARTESIAN_POINT('',(3.137971452932,-2.207111984091,
    13.673744692562));
#1657 = CARTESIAN_POINT('',(3.552400655631,-0.109731053756,
    13.762818474236));
#1658 = CARTESIAN_POINT('',(2.771673697492,1.614810475121,
    13.851871329485));
#1659 = CARTESIAN_POINT('',(1.385671591089,2.476199164684,13.94093836966
    ));
#1660 = CARTESIAN_POINT('',(-1.385671600732,2.476201081916,
    14.119061379276));
#1661 = CARTESIAN_POINT('',(-2.77167312003,1.614803520197,
    14.208128419447));
#1662 = CARTESIAN_POINT('',(-3.552403686776,-0.109718605398,
    14.297181274704));
#1663 = CARTESIAN_POINT('',(-3.137963654953,-2.207124354207,
    14.386255056365));
#1664 = CARTESIAN_POINT('',(-1.338956512397,-3.74211287039,
    14.475312374374));
#1665 = CARTESIAN_POINT('',(1.025507715319,-3.696828651213,
    14.56436969273));
#1666 = CARTESIAN_POINT('',(2.6764301978,-2.338442370123,14.653443474131
    ));
#1667 = CARTESIAN_POINT('',(3.16695766207,-0.510065802146,14.74249632953
    ));
#1668 = CARTESIAN_POINT('',(2.642022745171,1.035067087472,14.83156336965
    ));
#1669 = CARTESIAN_POINT('',(0.49974670431,2.793190078508,15.00968637928)
  );
#1670 = CARTESIAN_POINT('',(-1.118111786627,3.006590814486,
    15.098753419443));
#1671 = CARTESIAN_POINT('',(-2.815649930857,2.168807412624,
    15.187806274709));
#1672 = CARTESIAN_POINT('',(-3.825863575173,0.284572870981,
    15.276880056359));
#1673 = CARTESIAN_POINT('',(-3.408998654239,-2.043267347224,
    15.365937374381));
#1674 = CARTESIAN_POINT('',(-1.552515085087,-3.508262399133,
    15.454994692725));
#1675 = CARTESIAN_POINT('',(0.585416385583,-3.50554973971,
    15.544068474134));
#1676 = CARTESIAN_POINT('',(2.124509058776,-2.403382869009,
    15.633121329528));
#1677 = CARTESIAN_POINT('',(2.69895080899,-0.875963807597,
    15.722188369651));
#1678 = CARTESIAN_POINT('',(2.158290453664,1.842129175918,
    15.900311379279));
#1679 = CARTESIAN_POINT('',(1.043048921841,3.03344873696,15.989378419448
    ));
#1680 = CARTESIAN_POINT('',(-0.800649972332,3.46274020799,
    16.078431274693));
#1681 = CARTESIAN_POINT('',(-2.776901418574,2.647079962211,
    16.167505056392));
#1682 = CARTESIAN_POINT('',(-3.931426678016,0.583178833571,
    16.256562374335));
#1683 = CARTESIAN_POINT('',(-3.425728494909,-1.72701836414,
    16.34561969277));
#1684 = CARTESIAN_POINT('',(-1.77136422652,-3.081210817027,
    16.434693474102));
#1685 = CARTESIAN_POINT('',(0.117577759311,-3.205614360209,
    16.523746329544));
#1686 = CARTESIAN_POINT('',(1.530611631755,-2.389325447552,
    16.612813369646));
#1687 = CARTESIAN_POINT('',(2.837015459837,5.478014035202E-02,
    16.790936379284));
#1688 = CARTESIAN_POINT('',(2.730687226546,1.683184352331,
    16.880003419429));
#1689 = CARTESIAN_POINT('',(1.577828334628,3.184661343491,
    16.969056274734));
#1690 = CARTESIAN_POINT('',(-0.467284073802,3.80786809237,
    17.058130056329));
#1691 = CARTESIAN_POINT('',(-2.669069183301,2.944874016285,
    17.147187374406));
#1692 = CARTESIAN_POINT('',(-3.743732788743,0.838255901875,
    17.236244692711));
#1693 = CARTESIAN_POINT('',(-3.323982513252,-1.258066601443,
    17.325318474139));
#1694 = CARTESIAN_POINT('',(-1.942731384695,-2.552563950775,
    17.414371329528));
#1695 = CARTESIAN_POINT('',(-0.332593226225,-2.817983287289,
    17.50343836965));
#1696 = CARTESIAN_POINT('',(2.227794759951,-1.757437933662,
    17.681561379281));
#1697 = CARTESIAN_POINT('',(3.178650620113,-0.431210538377,
    17.770628419437));
#1698 = CARTESIAN_POINT('',(3.240005564921,1.460812809875,
    17.859681274722));
#1699 = CARTESIAN_POINT('',(2.05447047105,3.239963718661,17.948755056339
    ));
#1700 = CARTESIAN_POINT('',(-0.19501008081,3.969657963265,
    18.037812374402));
#1701 = CARTESIAN_POINT('',(-2.362160665729,3.022979513631,
    18.126869692708));
#1702 = CARTESIAN_POINT('',(-3.367582232527,1.136213549141,
    18.215943474143));
#1703 = CARTESIAN_POINT('',(-3.121081096215,-0.740702873442,
    18.304996329526));
#1704 = CARTESIAN_POINT('',(-2.044807712931,-1.9673356294,18.39406336965
    ));
#1705 = CARTESIAN_POINT('',(0.60720181494,-2.771815928063,
    18.572186379283));
#1706 = CARTESIAN_POINT('',(2.183573087322,-2.349844859875,
    18.661253419429));
#1707 = CARTESIAN_POINT('',(3.43128800666,-0.926214198585,
    18.750306274738));
#1708 = CARTESIAN_POINT('',(3.643538374272,1.201183553675,
    18.839380056319));
#1709 = CARTESIAN_POINT('',(2.367579521374,3.192300187508,18.92843737442
    ));
#1710 = CARTESIAN_POINT('',(9.178301445993E-02,3.835333626777,
    19.017494692695));
#1711 = CARTESIAN_POINT('',(-1.88237002334,3.014676502932,
    19.106568474151));
#1712 = CARTESIAN_POINT('',(-2.882525241644,1.407421822758,
    19.195621329521));
#1713 = CARTESIAN_POINT('',(-2.828722248198,-0.223558726308,
    19.284688369653));
#1714 = CARTESIAN_POINT('',(-1.289048059457,-2.527847440723,
    19.462811379276));
#1715 = CARTESIAN_POINT('',(0.197199024276,-3.201698742531,
    19.551878419459));
#1716 = CARTESIAN_POINT('',(2.064837430304,-2.892759325031,
    19.640931274672));
#1717 = CARTESIAN_POINT('',(3.57851603014,-1.382908831813,19.73000505642
    ));
#1718 = CARTESIAN_POINT('',(3.855337519065,0.965704867113,
    19.819062374307));
#1719 = CARTESIAN_POINT('',(2.504059125067,2.906526457675,19.90811969279
    ));
#1720 = CARTESIAN_POINT('',(0.457398822191,3.524539351383,
    19.997193474093));
#1721 = CARTESIAN_POINT('',(-1.335363191507,2.916606436016,
    20.086246329546));
#1722 = CARTESIAN_POINT('',(-2.328456022107,1.621709164644,
    20.175313369648));
#1723 = CARTESIAN_POINT('',(-2.600097064629,-1.136289064302,
    20.353436379278));
#1724 = CARTESIAN_POINT('',(-1.878699273026,-2.60004833314,
    20.442503419457));
#1725 = CARTESIAN_POINT('',(-0.239006170366,-3.546052195985,
    20.531556274676));
#1726 = CARTESIAN_POINT('',(1.888922223284,-3.339189519835,
    20.620630056408));
#1727 = CARTESIAN_POINT('',(3.592852885693,-1.699300273134,
    20.709687374328));
#1728 = CARTESIAN_POINT('',(3.779544744477,0.658217042666,
    20.798744692766));
#1729 = CARTESIAN_POINT('',(2.589518165218,2.434335020923,
    20.887818474112));
#1730 = CARTESIAN_POINT('',(0.818025829478,3.101712703999,
    20.976871329536));
#1731 = CARTESIAN_POINT('',(-0.771119442365,2.730754999478,
    21.06593836965));
#1732 = CARTESIAN_POINT('',(-2.73075636198,0.771120791229,
    21.244061379276));
#1733 = CARTESIAN_POINT('',(-3.101707377812,-0.818030339001,
    21.333128419461));
#1734 = CARTESIAN_POINT('',(-2.434345966555,-2.589511506295,
    21.422181274664));
#1735 = CARTESIAN_POINT('',(-0.658202781712,-3.779547977382,
    21.511255056434));
#1736 = CARTESIAN_POINT('',(1.699288156937,-3.592858616166,
    21.600312374288));
#1737 = CARTESIAN_POINT('',(3.339196067864,-1.888909148569,
    21.689369692809));
#1738 = CARTESIAN_POINT('',(3.546050399537,0.238993484955,
    21.778443474077));
#1739 = CARTESIAN_POINT('',(2.60004822614,1.87870625101,21.867496329557)
  );
#1740 = CARTESIAN_POINT('',(1.136289242624,2.600095155701,21.95656336964
    ));
#1741 = CARTESIAN_POINT('',(-1.621709362162,2.328457929139,
    22.134686379294));
#1742 = CARTESIAN_POINT('',(-2.916605179617,1.335356326766,
    22.223753419388));
#1743 = CARTESIAN_POINT('',(-3.524543588142,-0.457386731081,
    22.31280627482));
#1744 = CARTESIAN_POINT('',(-2.906517484658,-2.504070670978,
    22.401880056205));
#1745 = CARTESIAN_POINT('',(-0.965717868527,-3.855334262579,
    22.490937374535));
#1746 = CARTESIAN_POINT('',(1.382922188092,-3.578510077085,
    22.57999469261));
#1747 = CARTESIAN_POINT('',(2.892749888777,-2.064846096716,
    22.669068474197));
#1748 = CARTESIAN_POINT('',(3.201703086625,-0.197193562295,
    22.758121329505));
#1749 = CARTESIAN_POINT('',(2.527846367549,1.289046470697,
    22.847188369656));
#1750 = CARTESIAN_POINT('',(0.223559783444,2.828723847671,
    23.025311379275));
#1751 = CARTESIAN_POINT('',(-1.407425206549,2.88251913803,
    23.114378419454));
#1752 = CARTESIAN_POINT('',(-3.014672107336,1.882382057753,
    23.203431274689));
#1753 = CARTESIAN_POINT('',(-3.835334015403,-9.179763211106E-02,
    23.292505056384));
#1754 = CARTESIAN_POINT('',(-3.192308171608,-2.367568755938,
    23.381562374357));
#1755 = CARTESIAN_POINT('',(-1.201169452743,-3.643542245735,
    23.47061969274));
#1756 = CARTESIAN_POINT('',(0.926201406459,-3.431288719532,
    23.559693474128));
#1757 = CARTESIAN_POINT('',(2.349851682904,-2.183571621037,
    23.648746329529));
#1758 = CARTESIAN_POINT('',(2.771814090599,-0.607202362251,
    23.737813369651));
#1759 = CARTESIAN_POINT('',(1.96733746127,2.044808278701,23.915936379277
    ));
#1760 = CARTESIAN_POINT('',(0.740696385647,3.121078524709,
    24.005003419457));
#1761 = CARTESIAN_POINT('',(-1.136202516751,3.367588746723,
    24.094056274675));
#1762 = CARTESIAN_POINT('',(-3.022989087384,2.362149612665,
    24.183130056415));
#1763 = CARTESIAN_POINT('',(-3.969657305533,0.195023467674,
    24.27218737431));
#1764 = CARTESIAN_POINT('',(-3.239955274531,-2.054482409277,
    24.361244692791));
#1765 = CARTESIAN_POINT('',(-1.460823150555,-3.239998000735,
    24.450318474086));
#1766 = CARTESIAN_POINT('',(0.431216742841,-3.178653815144,
    24.539371329556));
#1767 = CARTESIAN_POINT('',(1.75743616608,-2.227794017355,
    24.628438369638));
#1768 = CARTESIAN_POINT('',(2.817985062246,0.332592501453,
    24.806561379301));
#1769 = CARTESIAN_POINT('',(2.55255730436,1.94273351266,24.895628419357)
  );
#1770 = CARTESIAN_POINT('',(1.258079262035,3.323980550044,
    24.984681274891));
#1771 = CARTESIAN_POINT('',(-0.838270314305,3.743730317933,
    25.073755056097));
#1772 = CARTESIAN_POINT('',(-2.944865015493,2.669079114446,
    25.162812374655));
#1773 = CARTESIAN_POINT('',(-3.807869138359,0.467269488356,
    25.251869692511));
#1774 = CARTESIAN_POINT('',(-3.184664538359,-1.577815927275,
    25.340943474256));
#1775 = CARTESIAN_POINT('',(-1.683181583087,-2.730693632452,
    25.429996329481));
#1776 = CARTESIAN_POINT('',(-5.478103562294E-02,-2.837013764447,
    25.51906336966));
#1777 = CARTESIAN_POINT('',(2.389326359833,-1.530613318049,
    25.697186379276));
#1778 = CARTESIAN_POINT('',(3.205610572396,-0.117571897867,
    25.786253419445));
#1779 = CARTESIAN_POINT('',(3.081219358408,1.771354677006,
    25.875306274713));
#1780 = CARTESIAN_POINT('',(1.727005655628,3.425735728302,
    25.964380056342));
#1781 = CARTESIAN_POINT('',(-0.583165575491,3.931428644633,
    26.05343737442));
#1782 = CARTESIAN_POINT('',(-2.647090023824,2.77689080761,
    26.142494692657));
#1783 = CARTESIAN_POINT('',(-3.462734806379,0.800661590054,
    26.231568474221));
#1784 = CARTESIAN_POINT('',(-3.033450660275,-1.043055630427,
    26.320621329444));
#1785 = CARTESIAN_POINT('',(-1.842128792361,-2.158288575162,
    26.409688369713));
#1786 = CARTESIAN_POINT('',(0.875963442887,-2.698952691259,
    26.587811379146));
#1787 = CARTESIAN_POINT('',(2.40338366023,-2.124502124827,
    26.676878420214));
#1788 = CARTESIAN_POINT('',(3.505550281986,-0.58542918615,
    26.765931272552));
#1789 = CARTESIAN_POINT('',(3.508257168332,1.552528738983,
    26.855005060598));
#1790 = CARTESIAN_POINT('',(2.043278837137,3.408991763267,
    26.944062367947));
#1791 = CARTESIAN_POINT('',(-0.284587372568,3.825861756268,
    27.033119700557));
#1792 = CARTESIAN_POINT('',(-2.168795874492,2.815655484241,
    27.122193466367));
#1793 = CARTESIAN_POINT('',(-3.006596550993,1.118107821377,
    27.211246335821));
#1794 = CARTESIAN_POINT('',(-2.793188594313,-0.49974549582,
    27.30031336552));
#1795 = CARTESIAN_POINT('',(-1.035068555319,-2.642023968227,
    27.478436387705));
#1796 = CARTESIAN_POINT('',(0.5100707665,-3.166952807325,27.567503371925
    ));
#1797 = CARTESIAN_POINT('',(2.33843479606,-2.676440427606,
    27.656556405896));
#1798 = CARTESIAN_POINT('',(3.696833021866,-1.025493860194,
    27.745629801096));
#1799 = CARTESIAN_POINT('',(3.742117753723,1.338943923372,
    27.834687758622));
#1800 = CARTESIAN_POINT('',(2.207111539293,3.137971416114,
    27.923744228173));
#1801 = CARTESIAN_POINT('',(0.109731492533,3.552400691963,
    28.012818932333));
#1802 = CARTESIAN_POINT('',(-1.614810829179,2.771673668166,
    28.101870959838));
#1803 = CARTESIAN_POINT('',(-2.476198932961,1.385671610286,
    28.190938611586));
#1804 = CARTESIAN_POINT('',(-2.476200243538,-1.478293853996E-08,
    28.279999748935));
#1805 = CARTESIAN_POINT('',(3.0162,-6.661338147751E-16,0.));
#1806 = CARTESIAN_POINT('',(3.016199999519,1.687854777988,
    8.906438175665E-02));
#1807 = CARTESIAN_POINT('',(1.966958926446,3.376102482207,0.178119767439
    ));
#1808 = CARTESIAN_POINT('',(-0.133659710487,4.327109688642,
    0.267196729447));
#1809 = CARTESIAN_POINT('',(-2.688421237971,3.82226686191,0.356242376115
    ));
#1810 = CARTESIAN_POINT('',(-4.558205207441,1.630951885996,
    0.445313203811));
#1811 = CARTESIAN_POINT('',(-4.502998133722,-1.249135776037,
    0.534381976846));
#1812 = CARTESIAN_POINT('',(-2.848409721647,-3.260108224553,
    0.623429431001));
#1813 = CARTESIAN_POINT('',(-0.621296940943,-3.857588008277,
    0.712505003197));
#1814 = CARTESIAN_POINT('',(1.260790362011,-3.218186437544,
    0.801561310678));
#1815 = CARTESIAN_POINT('',(3.402317880561,-0.60872762329,0.979689041952
    ));
#1816 = CARTESIAN_POINT('',(3.662256528848,1.36193695741,1.068745286659)
  );
#1817 = CARTESIAN_POINT('',(2.641769002646,3.4296938694,1.157821085958)
  );
#1818 = CARTESIAN_POINT('',(0.346642677342,4.660168593296,1.24686802847)
  );
#1819 = CARTESIAN_POINT('',(-2.488875325727,4.152437648819,
    1.335937664294));
#1820 = CARTESIAN_POINT('',(-4.273307992724,1.891076748423,
    1.425007335213));
#1821 = CARTESIAN_POINT('',(-4.270041245088,-0.713085731691,
    1.514054246853));
#1822 = CARTESIAN_POINT('',(-2.927496958593,-2.587809250903,
    1.603130069889));
#1823 = CARTESIAN_POINT('',(-1.066991733285,-3.287528695039,
    1.692186298853));
#1824 = CARTESIAN_POINT('',(2.243854570968,-2.628960430293,
    1.870314047755));
#1825 = CARTESIAN_POINT('',(3.694966239341,-1.270519441547,
    1.959370277791));
#1826 = CARTESIAN_POINT('',(4.21788981139,0.975268698866,2.048446096949)
  );
#1827 = CARTESIAN_POINT('',(3.224338072342,3.382451250973,2.137493017327
    ));
#1828 = CARTESIAN_POINT('',(0.710351912985,4.788803500875,2.22656267351)
  );
#1829 = CARTESIAN_POINT('',(-2.103625359488,4.17277998663,2.315632329091
    ));
#1830 = CARTESIAN_POINT('',(-3.75316331811,2.157662764121,2.404679249999
    ));
#1831 = CARTESIAN_POINT('',(-3.904674560595,-0.143219192271,
    2.493755068749));
#1832 = CARTESIAN_POINT('',(-2.910381889118,-1.864401657149,
    2.582811299055));
#1833 = CARTESIAN_POINT('',(6.672819787914E-02,-3.455700164552,
    2.760939047656));
#1834 = CARTESIAN_POINT('',(2.050238526709,-3.326186576971,
    2.849995277941));
#1835 = CARTESIAN_POINT('',(3.87917682816,-1.921908070619,2.939071096763
    ));
#1836 = CARTESIAN_POINT('',(4.638251392717,0.569171756016,3.028118017515
    ));
#1837 = CARTESIAN_POINT('',(3.587094234443,3.251152682294,3.117187673355
    ));
#1838 = CARTESIAN_POINT('',(1.021059206965,4.560128349698,3.206257329194
    ));
#1839 = CARTESIAN_POINT('',(-1.532427711028,4.048877474878,
    3.295304249947));
#1840 = CARTESIAN_POINT('',(-3.109211546059,2.366389385337,
    3.384380068768));
#1841 = CARTESIAN_POINT('',(-3.432519513845,0.405124754566,
    3.473436299053));
#1842 = CARTESIAN_POINT('',(-2.14069138198,-2.713624271485,
    3.651564047656));
#1843 = CARTESIAN_POINT('',(-0.525254613276,-3.871834546109,
    3.740620277945));
#1844 = CARTESIAN_POINT('',(1.779398665837,-3.946578756866,
    3.829696096757));
#1845 = CARTESIAN_POINT('',(3.946495551434,-2.502499816629,
    3.918743017522));
#1846 = CARTESIAN_POINT('',(4.835370767874,0.237546516881,4.007812673348
    ));
#1847 = CARTESIAN_POINT('',(3.682204240447,2.877273779378,4.0968823292)
  );
#1848 = CARTESIAN_POINT('',(1.383998038823,4.101986460797,4.185929249941
    ));
#1849 = CARTESIAN_POINT('',(-0.902231493048,3.801706655462,
    4.275005068772));
#1850 = CARTESIAN_POINT('',(-2.396365042029,2.490732997538,
    4.364061299051));
#1851 = CARTESIAN_POINT('',(-3.376281829268,-0.739619692161,
    4.542189047658));
#1852 = CARTESIAN_POINT('',(-2.862293140184,-2.659750578699,
    4.631245277939));
#1853 = CARTESIAN_POINT('',(-1.128189289386,-4.179585197524,
    4.720321096765));
#1854 = CARTESIAN_POINT('',(1.463113238116,-4.43808879162,4.809368017514
    ));
#1855 = CARTESIAN_POINT('',(3.88849006444,-2.883900800853,4.898437673356
    ));
#1856 = CARTESIAN_POINT('',(4.671705531616,-0.111802932429,
    4.987507329192));
#1857 = CARTESIAN_POINT('',(3.672117613906,2.292879352633,5.076554249948
    ));
#1858 = CARTESIAN_POINT('',(1.714342795105,3.511128585237,5.165630068767
    ));
#1859 = CARTESIAN_POINT('',(-0.272310941278,3.445600532701,
    5.254686299053));
#1860 = CARTESIAN_POINT('',(-3.079110913065,1.570156764378,
    5.432814047656));
#1861 = CARTESIAN_POINT('',(-3.899910422626,-0.240195455232,
    5.521870277943));
#1862 = CARTESIAN_POINT('',(-3.523602893969,-2.515147339955,
    5.610946096759));
#1863 = CARTESIAN_POINT('',(-1.684491896405,-4.358878241105,
    5.69999301752));
#1864 = CARTESIAN_POINT('',(1.17631616735,-4.696117447939,5.789062673349
    ));
#1865 = CARTESIAN_POINT('',(3.540350181492,-3.050123450331,
    5.878132329199));
#1866 = CARTESIAN_POINT('',(4.293172564233,-0.557147045037,
    5.967179249943));
#1867 = CARTESIAN_POINT('',(3.552641295573,1.626571543521,6.05625506877)
  );
#1868 = CARTESIAN_POINT('',(1.975366633683,2.836237462241,6.145311299052
    ));
#1869 = CARTESIAN_POINT('',(-1.384088016457,3.167114876725,
    6.323439047657));
#1870 = CARTESIAN_POINT('',(-3.167049907555,2.288403383211,
    6.412495277943));
#1871 = CARTESIAN_POINT('',(-4.319374451684,0.291114826458,
    6.501571096755));
#1872 = CARTESIAN_POINT('',(-4.067372927173,-2.300828098999,
    6.590618017528));
#1873 = CARTESIAN_POINT('',(-2.069880676794,-4.376394954099,
    6.679687673339));
#1874 = CARTESIAN_POINT('',(0.801749866098,-4.603751689878,
    6.768757329208));
#1875 = CARTESIAN_POINT('',(2.965216926578,-3.154240332379,
    6.857804249938));
#1876 = CARTESIAN_POINT('',(3.778114921948,-0.99641497267,6.946880068772
    ));
#1877 = CARTESIAN_POINT('',(3.3262690554,0.939281880362,7.035936299052)
  );
#1878 = CARTESIAN_POINT('',(0.939281902874,3.326269049041,7.214064047654
    ));
#1879 = CARTESIAN_POINT('',(-0.996414947095,3.778114928696,
    7.303120277952));
#1880 = CARTESIAN_POINT('',(-3.154240312316,2.96521694792,7.392196096742
    ));
#1881 = CARTESIAN_POINT('',(-4.603751684446,0.801749897267,
    7.481243017543));
#1882 = CARTESIAN_POINT('',(-4.376394968106,-2.069880647181,
    7.570312673325));
#1883 = CARTESIAN_POINT('',(-2.300828126537,-4.067372911595,
    7.65938232922));
#1884 = CARTESIAN_POINT('',(0.291114797232,-4.319374453656,
    7.748429249928));
#1885 = CARTESIAN_POINT('',(2.28840336177,-3.167049923044,7.837505068778
    ));
#1886 = CARTESIAN_POINT('',(3.167114867359,-1.384088037893,7.92656129905
    ));
#1887 = CARTESIAN_POINT('',(2.836237475609,1.975366614486,8.104689047657
    ));
#1888 = CARTESIAN_POINT('',(1.626571567572,3.552641284565,8.193745277946
    ));
#1889 = CARTESIAN_POINT('',(-0.557147015991,4.293172568003,
    8.282821096752));
#1890 = CARTESIAN_POINT('',(-3.050123426357,3.540350202138,8.37186801753
    ));
#1891 = CARTESIAN_POINT('',(-4.696117439983,1.176316199133,
    8.460937673339));
#1892 = CARTESIAN_POINT('',(-4.358878252508,-1.684491866901,
    8.550007329207));
#1893 = CARTESIAN_POINT('',(-2.515147363799,-3.523602876947,
    8.639054249938));
#1894 = CARTESIAN_POINT('',(-0.240195481631,-3.899910421,8.728130068772)
  );
#1895 = CARTESIAN_POINT('',(1.570156743539,-3.079110923693,
    8.817186299051));
#1896 = CARTESIAN_POINT('',(3.445600530856,-0.272310964598,
    8.995314047658));
#1897 = CARTESIAN_POINT('',(3.511128596847,1.714342771338,9.084370277939
    ));
#1898 = CARTESIAN_POINT('',(2.292879377473,3.672117598391,9.173446096764
    ));
#1899 = CARTESIAN_POINT('',(-0.111802900792,4.671705532372,
    9.262493017516));
#1900 = CARTESIAN_POINT('',(-2.883900774549,3.888490083954,
    9.351562673352));
#1901 = CARTESIAN_POINT('',(-4.438088781711,1.463113268163,
    9.440632329196));
#1902 = CARTESIAN_POINT('',(-4.179585205161,-1.128189261106,
    9.529679249945));
#1903 = CARTESIAN_POINT('',(-2.659750598073,-2.862293122177,
    9.618755068768));
#1904 = CARTESIAN_POINT('',(-0.739619715013,-3.376281824263,
    9.707811299052));
#1905 = CARTESIAN_POINT('',(2.490732981319,-2.396365058886,
    9.885939047657));
#1906 = CARTESIAN_POINT('',(3.801706649354,-0.902231518783,
    9.974995277944));
#1907 = CARTESIAN_POINT('',(4.101986470167,1.383998011065,
    10.064071096754));
#1908 = CARTESIAN_POINT('',(2.877273804296,3.68220422097,10.153118017529
    ));
#1909 = CARTESIAN_POINT('',(0.237546549613,4.835370766262,
    10.242187673339));
#1910 = CARTESIAN_POINT('',(-2.502499789922,3.946495568383,
    10.331257329207));
#1911 = CARTESIAN_POINT('',(-3.946578744821,1.779398692537,
    10.420304249939));
#1912 = CARTESIAN_POINT('',(-3.871834549665,-0.525254587063,
    10.509380068771));
#1913 = CARTESIAN_POINT('',(-2.713624285974,-2.140691363615,
    10.598436299052));
#1914 = CARTESIAN_POINT('',(0.405124731333,-3.432519516585,
    10.776564047657));
#1915 = CARTESIAN_POINT('',(2.366389364293,-3.109211562083,
    10.865620277942));
#1916 = CARTESIAN_POINT('',(4.048877464507,-1.532427738418,
    10.95469609676));
#1917 = CARTESIAN_POINT('',(4.560128356609,1.021059176082,
    11.043743017518));
#1918 = CARTESIAN_POINT('',(3.25115270657,3.587094212454,11.132812673352
    ));
#1919 = CARTESIAN_POINT('',(0.569171787415,4.638251388857,
    11.221882329196));
#1920 = CARTESIAN_POINT('',(-1.921908044369,3.879176841169,
    11.310929249945));
#1921 = CARTESIAN_POINT('',(-3.326186563092,2.050238549223,
    11.40000506877));
#1922 = CARTESIAN_POINT('',(-3.455700164101,6.672822126752E-02,
    11.489061299051));
#1923 = CARTESIAN_POINT('',(-1.864401676846,-2.910381876498,
    11.66718904766));
#1924 = CARTESIAN_POINT('',(-0.143219218703,-3.904674559631,
    11.756245277929));
#1925 = CARTESIAN_POINT('',(2.157662738727,-3.753163332701,
    11.845321096783));
#1926 = CARTESIAN_POINT('',(4.172779972383,-2.103625387751,
    11.934368017489));
#1927 = CARTESIAN_POINT('',(4.788803505688,0.710351880596,
    12.023437673381));
#1928 = CARTESIAN_POINT('',(3.382451272795,3.224338049428,12.11250732917
    ));
#1929 = CARTESIAN_POINT('',(0.975268727415,4.217889804802,
    12.201554249964));
#1930 = CARTESIAN_POINT('',(-1.270519416542,3.694966247933,
    12.290630068757));
#1931 = CARTESIAN_POINT('',(-2.628960415102,2.243854588764,
    12.379686299057));
#1932 = CARTESIAN_POINT('',(-3.287528702271,-1.066991711037,
    12.55781404765));
#1933 = CARTESIAN_POINT('',(-2.587809270654,-2.92749694106,
    12.646870277961));
#1934 = CARTESIAN_POINT('',(-0.713085760771,-4.270041240307,
    12.73594609673));
#1935 = CARTESIAN_POINT('',(1.891076719855,-4.273308005442,
    12.824993017554));
#1936 = CARTESIAN_POINT('',(4.152437631432,-2.488875353947,
    12.914062673315));
#1937 = CARTESIAN_POINT('',(4.660168596299,0.346642645934,
    13.003132329228));
#1938 = CARTESIAN_POINT('',(3.429693886634,2.641768979303,
    13.092179249922));
#1939 = CARTESIAN_POINT('',(1.361936982716,3.662256519734,13.18125506878
    ));
#1940 = CARTESIAN_POINT('',(-0.608727600599,3.402317884612,
    13.27031129905));
#1941 = CARTESIAN_POINT('',(-3.218186428325,1.260790383934,
    13.448439047653));
#1942 = CARTESIAN_POINT('',(-3.857588016346,-0.621296915629,
    13.537495277959));
#1943 = CARTESIAN_POINT('',(-3.260108233166,-2.848409697382,
    13.626571096725));
#1944 = CARTESIAN_POINT('',(-1.249135827266,-4.502998129555,
    13.71561801757));
#1945 = CARTESIAN_POINT('',(1.630951886378,-4.558205212015,
    13.804687673294));
#1946 = CARTESIAN_POINT('',(3.822266805952,-2.688421271666,
    13.893757329247));
#1947 = CARTESIAN_POINT('',(4.327109724985,-0.133659732052,
    13.982804249908));
#1948 = CARTESIAN_POINT('',(3.376102465465,1.966958897363,
    14.071880068789));
#1949 = CARTESIAN_POINT('',(1.687854818074,3.016199992173,
    14.160936299045));
#1950 = CARTESIAN_POINT('',(-1.68785479766,3.016200003596,
    14.339064047663));
#1951 = CARTESIAN_POINT('',(-3.376102452152,1.966958920216,
    14.428120277926));
#1952 = CARTESIAN_POINT('',(-4.327109725888,-0.133659702767,
    14.517196096788));
#1953 = CARTESIAN_POINT('',(-3.822266824153,-2.688421245796,
    14.606243017484));
#1954 = CARTESIAN_POINT('',(-1.630951917219,-4.558205200971,
    14.695312673388));
#1955 = CARTESIAN_POINT('',(1.249135796775,-4.502998138018,
    14.784382329164));
#1956 = CARTESIAN_POINT('',(3.260108213897,-2.84840971944,
    14.873429249968));
#1957 = CARTESIAN_POINT('',(3.857588012136,-0.621296941742,
    14.962505068758));
#1958 = CARTESIAN_POINT('',(3.21818643686,1.260790362153,15.051561299054
    ));
#1959 = CARTESIAN_POINT('',(0.608727623626,3.402317880491,
    15.229689047659));
#1960 = CARTESIAN_POINT('',(-1.361936957925,3.662256528956,
    15.318745277931));
#1961 = CARTESIAN_POINT('',(-3.429693868759,2.64176900251,
    15.407821096779));
#1962 = CARTESIAN_POINT('',(-4.660168593949,0.346642677481,
    15.496868017496));
#1963 = CARTESIAN_POINT('',(-4.152437648276,-2.488875325844,
    15.585937673374));
#1964 = CARTESIAN_POINT('',(-1.891076748786,-4.273307992645,
    15.675007329175));
#1965 = CARTESIAN_POINT('',(0.713085731878,-4.27004124513,
    15.764054249961));
#1966 = CARTESIAN_POINT('',(2.587809250835,-2.927496958578,
    15.853130068761));
#1967 = CARTESIAN_POINT('',(3.287528695051,-1.066991733288,
    15.942186299053));
#1968 = CARTESIAN_POINT('',(2.628960430288,2.24385457097,16.12031404766)
  );
#1969 = CARTESIAN_POINT('',(1.270519441555,3.694966239338,
    16.209370277926));
#1970 = CARTESIAN_POINT('',(-0.975268698875,4.217889811393,
    16.298446096791));
#1971 = CARTESIAN_POINT('',(-3.382451250965,3.224338072339,
    16.387493017476));
#1972 = CARTESIAN_POINT('',(-4.78880350088,0.710351912987,
    16.476562673397));
#1973 = CARTESIAN_POINT('',(-4.172779986628,-2.103625359488,
    16.565632329156));
#1974 = CARTESIAN_POINT('',(-2.157662764121,-3.753163318112,
    16.654679249974));
#1975 = CARTESIAN_POINT('',(0.14321919227,-3.904674560594,
    16.743755068754));
#1976 = CARTESIAN_POINT('',(1.864401657149,-2.910381889119,
    16.832811299056));
#1977 = CARTESIAN_POINT('',(3.455700164552,6.672819787938E-02,
    17.010939047658));
#1978 = CARTESIAN_POINT('',(3.326186576973,2.050238526709,
    17.099995277934));
#1979 = CARTESIAN_POINT('',(1.921908070616,3.879176828162,
    17.189071096778));
#1980 = CARTESIAN_POINT('',(-0.56917175601,4.638251392712,
    17.278118017494));
#1981 = CARTESIAN_POINT('',(-3.251152682301,3.58709423445,
    17.367187673379));
#1982 = CARTESIAN_POINT('',(-4.560128349693,1.021059206958,
    17.456257329172));
#1983 = CARTESIAN_POINT('',(-4.048877474881,-1.532427711024,
    17.545304249963));
#1984 = CARTESIAN_POINT('',(-2.366389385337,-3.109211546061,
    17.63438006876));
#1985 = CARTESIAN_POINT('',(-0.405124754565,-3.432519513845,
    17.723436299054));
#1986 = CARTESIAN_POINT('',(2.713624271485,-2.14069138198,
    17.901564047659));
#1987 = CARTESIAN_POINT('',(3.871834546113,-0.525254613273,
    17.990620277931));
#1988 = CARTESIAN_POINT('',(3.946578756857,1.779398665832,
    18.079696096778));
#1989 = CARTESIAN_POINT('',(2.502499816644,3.946495551442,
    18.168743017498));
#1990 = CARTESIAN_POINT('',(-0.237546516898,4.835370767865,
    18.257812673371));
#1991 = CARTESIAN_POINT('',(-2.877273779363,3.682204240454,
    18.34688232918));
#1992 = CARTESIAN_POINT('',(-4.101986460806,1.38399803882,
    18.435929249957));
#1993 = CARTESIAN_POINT('',(-3.801706655458,-0.902231493047,
    18.525005068762));
#1994 = CARTESIAN_POINT('',(-2.490732997539,-2.396365042029,
    18.614061299054));
#1995 = CARTESIAN_POINT('',(0.739619692161,-3.376281829268,
    18.792189047657));
#1996 = CARTESIAN_POINT('',(2.659750578698,-2.862293140183,
    18.881245277938));
#1997 = CARTESIAN_POINT('',(4.179585197527,-1.128189289387,
    18.97032109677));
#1998 = CARTESIAN_POINT('',(4.438088791615,1.463113238116,
    19.059368017505));
#1999 = CARTESIAN_POINT('',(2.88390080086,3.88849006444,19.148437673367)
  );
#2000 = CARTESIAN_POINT('',(0.111802932423,4.671705531616,
    19.237507329183));
#2001 = CARTESIAN_POINT('',(-2.292879352629,3.672117613906,
    19.326554249953));
#2002 = CARTESIAN_POINT('',(-3.511128585239,1.714342795105,
    19.415630068766));
#2003 = CARTESIAN_POINT('',(-3.4456005327,-0.272310941278,
    19.504686299051));
#2004 = CARTESIAN_POINT('',(-1.570156764378,-3.079110913065,
    19.682814047664));
#2005 = CARTESIAN_POINT('',(0.240195455234,-3.899910422629,
    19.771870277915));
#2006 = CARTESIAN_POINT('',(2.51514733995,-3.523602893963,
    19.860946096811));
#2007 = CARTESIAN_POINT('',(4.358878241115,-1.684491896416,
    19.949993017452));
#2008 = CARTESIAN_POINT('',(4.696117447927,1.176316167365,
    20.039062673419));
#2009 = CARTESIAN_POINT('',(3.050123450341,3.540350181479,
    20.128132329139));
#2010 = CARTESIAN_POINT('',(0.557147045031,4.293172564241,
    20.217179249985));
#2011 = CARTESIAN_POINT('',(-1.626571543519,3.55264129557,
    20.306255068748));
#2012 = CARTESIAN_POINT('',(-2.836237462241,1.975366633683,
    20.395311299056));
#2013 = CARTESIAN_POINT('',(-3.167114876725,-1.384088016457,
    20.57343904766));
#2014 = CARTESIAN_POINT('',(-2.288403383211,-3.167049907558,
    20.662495277928));
#2015 = CARTESIAN_POINT('',(-0.291114826458,-4.319374451677,
    20.751571096785));
#2016 = CARTESIAN_POINT('',(2.300828098999,-4.067372927186,
    20.840618017488));
#2017 = CARTESIAN_POINT('',(4.376394954099,-2.069880676777,
    20.929687673383));
#2018 = CARTESIAN_POINT('',(4.603751689877,0.801749866083,
    21.018757329167));
#2019 = CARTESIAN_POINT('',(3.15424033238,2.965216926587,21.107804249967
    ));
#2020 = CARTESIAN_POINT('',(0.996414972669,3.778114921945,
    21.196880068758));
#2021 = CARTESIAN_POINT('',(-0.939281880362,3.3262690554,21.285936299053
    ));
#2022 = CARTESIAN_POINT('',(-3.326269049041,0.939281902874,
    21.464064047664));
#2023 = CARTESIAN_POINT('',(-3.778114928696,-0.996414947097,
    21.553120277913));
#2024 = CARTESIAN_POINT('',(-2.965216947918,-3.154240312307,
    21.642196096815));
#2025 = CARTESIAN_POINT('',(-0.80174989727,-4.603751684465,
    21.731243017444));
#2026 = CARTESIAN_POINT('',(2.069880647184,-4.376394968081,
    21.820312673431));
#2027 = CARTESIAN_POINT('',(4.067372911591,-2.300828126559,
    21.909382329126));
#2028 = CARTESIAN_POINT('',(4.31937445366,0.291114797246,21.998429249995
    ));
#2029 = CARTESIAN_POINT('',(3.167049923041,2.288403361765,
    22.087505068742));
#2030 = CARTESIAN_POINT('',(1.384088037894,3.16711486736,22.176561299061
    ));
#2031 = CARTESIAN_POINT('',(-1.975366614487,2.836237475609,
    22.35468904765));
#2032 = CARTESIAN_POINT('',(-3.552641284562,1.626571567571,
    22.443745277957));
#2033 = CARTESIAN_POINT('',(-4.293172568007,-0.557147015985,
    22.532821096742));
#2034 = CARTESIAN_POINT('',(-3.540350202134,-3.050123426367,
    22.621868017534));
#2035 = CARTESIAN_POINT('',(-1.176316199134,-4.696117439972,
    22.71093767334));
#2036 = CARTESIAN_POINT('',(1.6844918669,-4.358878252517,22.800007329205
    ));
#2037 = CARTESIAN_POINT('',(3.523602876948,-2.515147363794,
    22.889054249938));
#2038 = CARTESIAN_POINT('',(3.899910420999,-0.240195481633,
    22.978130068774));
#2039 = CARTESIAN_POINT('',(3.079110923693,1.570156743539,
    23.067186299049));
#2040 = CARTESIAN_POINT('',(0.272310964599,3.445600530856,
    23.245314047663));
#2041 = CARTESIAN_POINT('',(-1.71434277134,3.511128596848,
    23.334370277925));
#2042 = CARTESIAN_POINT('',(-3.672117598384,2.292879377471,
    23.423446096788));
#2043 = CARTESIAN_POINT('',(-4.671705532384,-0.111802900788,
    23.512493017486));
#2044 = CARTESIAN_POINT('',(-3.88849008394,-2.883900774554,
    23.601562673385));
#2045 = CARTESIAN_POINT('',(-1.463113268176,-4.438088781705,
    23.690632329166));
#2046 = CARTESIAN_POINT('',(1.128189261113,-4.179585205165,
    23.779679249967));
#2047 = CARTESIAN_POINT('',(2.862293122174,-2.659750598071,
    23.868755068759));
#2048 = CARTESIAN_POINT('',(3.376281824263,-0.739619715013,
    23.957811299053));
#2049 = CARTESIAN_POINT('',(2.396365058886,2.490732981318,
    24.135939047663));
#2050 = CARTESIAN_POINT('',(0.902231518782,3.801706649357,
    24.224995277918));
#2051 = CARTESIAN_POINT('',(-1.383998011062,4.10198647016,
    24.314071096801));
#2052 = CARTESIAN_POINT('',(-3.682204220978,2.877273804308,
    24.40311801747));
#2053 = CARTESIAN_POINT('',(-4.83537076625,0.237546549597,24.4921876734)
  );
#2054 = CARTESIAN_POINT('',(-3.946495568394,-2.502499789907,
    24.581257329153));
#2055 = CARTESIAN_POINT('',(-1.779398692532,-3.94657874483,
    24.670304249979));
#2056 = CARTESIAN_POINT('',(0.525254587062,-3.871834549661,
    24.759380068747));
#2057 = CARTESIAN_POINT('',(2.140691363615,-2.713624285975,
    24.848436299062));
#2058 = CARTESIAN_POINT('',(3.432519516586,0.405124731335,
    25.026564047644));
#2059 = CARTESIAN_POINT('',(3.10921156208,2.366389364288,25.115620277978
    ));
#2060 = CARTESIAN_POINT('',(1.532427738427,4.048877464515,
    25.204696096706));
#2061 = CARTESIAN_POINT('',(-1.021059176097,4.560128356599,
    25.293743017578));
#2062 = CARTESIAN_POINT('',(-3.587094212436,3.25115270658,
    25.382812673296));
#2063 = CARTESIAN_POINT('',(-4.638251388872,0.569171787406,
    25.471882329243));
#2064 = CARTESIAN_POINT('',(-3.879176841161,-1.921908044363,
    25.560929249911));
#2065 = CARTESIAN_POINT('',(-2.050238549226,-3.326186563094,
    25.650005068788));
#2066 = CARTESIAN_POINT('',(-6.672822126715E-02,-3.455700164101,
    25.739061299046));
#2067 = CARTESIAN_POINT('',(2.910381876498,-1.864401676847,
    25.917189047661));
#2068 = CARTESIAN_POINT('',(3.904674559631,-0.143219218701,
    26.006245277939));
#2069 = CARTESIAN_POINT('',(3.753163332702,2.15766273872,26.095321096746
    ));
#2070 = CARTESIAN_POINT('',(2.103625387751,4.172779972395,
    26.184368017572));
#2071 = CARTESIAN_POINT('',(-0.710351880596,4.788803505672,
    26.27343767325));
#2072 = CARTESIAN_POINT('',(-3.224338049428,3.382451272812,
    26.362507329335));
#2073 = CARTESIAN_POINT('',(-4.217889804801,0.975268727402,
    26.451554249797));
#2074 = CARTESIAN_POINT('',(-3.694966247935,-1.270519416532,
    26.540630068898));
#2075 = CARTESIAN_POINT('',(-2.243854588763,-2.628960415107,
    26.629686298961));
#2076 = CARTESIAN_POINT('',(1.066991711035,-3.28752870226,
    26.807814047852));
#2077 = CARTESIAN_POINT('',(2.927496941076,-2.587809270719,
    26.896870276827));
#2078 = CARTESIAN_POINT('',(4.270041240262,-0.713085760591,
    26.985946099848));
#2079 = CARTESIAN_POINT('',(4.273308005529,1.891076719504,
    27.074993011504));
#2080 = CARTESIAN_POINT('',(2.488875353819,4.152437631962,
    27.164062682405));
#2081 = CARTESIAN_POINT('',(-0.346642645785,4.660168595656,
    27.253132318251));
#2082 = CARTESIAN_POINT('',(-2.641768979444,3.429693887269,
    27.342179260741));
#2083 = CARTESIAN_POINT('',(-3.662256519625,1.361936982203,
    27.431255060056));
#2084 = CARTESIAN_POINT('',(-3.402317884682,-0.608727600263,
    27.520311304756));
#2085 = CARTESIAN_POINT('',(-1.260790383791,-3.21818642901,
    27.69843903603));
#2086 = CARTESIAN_POINT('',(0.621296914831,-3.857588012484,
    27.787495343518));
#2087 = CARTESIAN_POINT('',(2.848409699581,-3.260108243827,
    27.876570915702));
#2088 = CARTESIAN_POINT('',(4.502998125278,-1.249135806521,
    27.965618369868));
#2089 = CARTESIAN_POINT('',(4.558205218459,1.630951855149,
    28.054687142895));
#2090 = CARTESIAN_POINT('',(2.688421263864,3.822266843712,
    28.143757970597));
#2091 = CARTESIAN_POINT('',(0.133659739759,4.327109687738,28.23280361726
    ));
#2092 = CARTESIAN_POINT('',(-1.966958903588,3.376102495521,
    28.321880579271));
#2093 = CARTESIAN_POINT('',(-3.016199988097,1.687854798403,
    28.410935964952));
#2094 = CARTESIAN_POINT('',(-3.0162,2.041459490343E-08,28.500000346709)
  );
#2095 = DEFINITIONAL_REPRESENTATION('',(#2096),#2100);
#2096 = LINE('',#2097,#2098);
#2097 = CARTESIAN_POINT('',(0.,0.));
#2098 = VECTOR('',#2099,1.);
#2099 = DIRECTION('',(0.,1.));
#2100 = ( GEOMETRIC_REPRESENTATION_CONTEXT(2) 
PARAMETRIC_REPRESENTATION_CONTEXT() REPRESENTATION_CONTEXT('2D SPACE',''
  ) );
#2101 = PCURVE('',#2102,#2619);
#2102 = B_SPLINE_SURFACE_WITH_KNOTS('',1,9,(
    (#2103,#2104,#2105,#2106,#2107,#2108,#2109,#2110,#2111,#2112,#2113
      ,#2114,#2115,#2116,#2117,#2118,#2119,#2120,#2121,#2122,#2123,#2124
      ,#2125,#2126,#2127,#2128,#2129,#2130,#2131,#2132,#2133,#2134,#2135
      ,#2136,#2137,#2138,#2139,#2140,#2141,#2142,#2143,#2144,#2145,#2146
      ,#2147,#2148,#2149,#2150,#2151,#2152,#2153,#2154,#2155,#2156,#2157
      ,#2158,#2159,#2160,#2161,#2162,#2163,#2164,#2165,#2166,#2167,#2168
      ,#2169,#2170,#2171,#2172,#2173,#2174,#2175,#2176,#2177,#2178,#2179
      ,#2180,#2181,#2182,#2183,#2184,#2185,#2186,#2187,#2188,#2189,#2190
      ,#2191,#2192,#2193,#2194,#2195,#2196,#2197,#2198,#2199,#2200,#2201
      ,#2202,#2203,#2204,#2205,#2206,#2207,#2208,#2209,#2210,#2211,#2212
      ,#2213,#2214,#2215,#2216,#2217,#2218,#2219,#2220,#2221,#2222,#2223
      ,#2224,#2225,#2226,#2227,#2228,#2229,#2230,#2231,#2232,#2233,#2234
      ,#2235,#2236,#2237,#2238,#2239,#2240,#2241,#2242,#2243,#2244,#2245
      ,#2246,#2247,#2248,#2249,#2250,#2251,#2252,#2253,#2254,#2255,#2256
      ,#2257,#2258,#2259,#2260,#2261,#2262,#2263,#2264,#2265,#2266,#2267
      ,#2268,#2269,#2270,#2271,#2272,#2273,#2274,#2275,#2276,#2277,#2278
      ,#2279,#2280,#2281,#2282,#2283,#2284,#2285,#2286,#2287,#2288,#2289
      ,#2290,#2291,#2292,#2293,#2294,#2295,#2296,#2297,#2298,#2299,#2300
      ,#2301,#2302,#2303,#2304,#2305,#2306,#2307,#2308,#2309,#2310,#2311
      ,#2312,#2313,#2314,#2315,#2316,#2317,#2318,#2319,#2320,#2321,#2322
      ,#2323,#2324,#2325,#2326,#2327,#2328,#2329,#2330,#2331,#2332,#2333
      ,#2334,#2335,#2336,#2337,#2338,#2339,#2340,#2341,#2342,#2343,#2344
      ,#2345,#2346,#2347,#2348,#2349,#2350,#2351,#2352,#2353,#2354,#2355
      ,#2356,#2357,#2358,#2359,#2360)
    ,(#2361,#2362,#2363,#2364,#2365,#2366,#2367,#2368,#2369,#2370,#2371
      ,#2372,#2373,#2374,#2375,#2376,#2377,#2378,#2379,#2380,#2381,#2382
      ,#2383,#2384,#2385,#2386,#2387,#2388,#2389,#2390,#2391,#2392,#2393
      ,#2394,#2395,#2396,#2397,#2398,#2399,#2400,#2401,#2402,#2403,#2404
      ,#2405,#2406,#2407,#2408,#2409,#2410,#2411,#2412,#2413,#2414,#2415
      ,#2416,#2417,#2418,#2419,#2420,#2421,#2422,#2423,#2424,#2425,#2426
      ,#2427,#2428,#2429,#2430,#2431,#2432,#2433,#2434,#2435,#2436,#2437
      ,#2438,#2439,#2440,#2441,#2442,#2443,#2444,#2445,#2446,#2447,#2448
      ,#2449,#2450,#2451,#2452,#2453,#2454,#2455,#2456,#2457,#2458,#2459
      ,#2460,#2461,#2462,#2463,#2464,#2465,#2466,#2467,#2468,#2469,#2470
      ,#2471,#2472,#2473,#2474,#2475,#2476,#2477,#2478,#2479,#2480,#2481
      ,#2482,#2483,#2484,#2485,#2486,#2487,#2488,#2489,#2490,#2491,#2492
      ,#2493,#2494,#2495,#2496,#2497,#2498,#2499,#2500,#2501,#2502,#2503
      ,#2504,#2505,#2506,#2507,#2508,#2509,#2510,#2511,#2512,#2513,#2514
      ,#2515,#2516,#2517,#2518,#2519,#2520,#2521,#2522,#2523,#2524,#2525
      ,#2526,#2527,#2528,#2529,#2530,#2531,#2532,#2533,#2534,#2535,#2536
      ,#2537,#2538,#2539,#2540,#2541,#2542,#2543,#2544,#2545,#2546,#2547
      ,#2548,#2549,#2550,#2551,#2552,#2553,#2554,#2555,#2556,#2557,#2558
      ,#2559,#2560,#2561,#2562,#2563,#2564,#2565,#2566,#2567,#2568,#2569
      ,#2570,#2571,#2572,#2573,#2574,#2575,#2576,#2577,#2578,#2579,#2580
      ,#2581,#2582,#2583,#2584,#2585,#2586,#2587,#2588,#2589,#2590,#2591
      ,#2592,#2593,#2594,#2595,#2596,#2597,#2598,#2599,#2600,#2601,#2602
      ,#2603,#2604,#2605,#2606,#2607,#2608,#2609,#2610,#2611,#2612,#2613
      ,#2614,#2615,#2616,#2617,#2618
    )),.UNSPECIFIED.,.F.,.F.,.F.,(2,2),(10,8,8,8,8,8,8,8,8,8,8,8,8,8,8,8
    ,8,8,8,8,8,8,8,8,8,8,8,8,8,8,8,8,10),(0.,0.44),(0.,5.666392382802,
    11.332784765604,16.999177148406,22.665569531209,28.331961914011,
    33.998354296813,39.664746679615,45.331139062417,50.997531445219,
    56.663923828022,62.330316210824,67.996708593626,73.663100976428,
    79.32949335923,84.995885742032,90.662278124834,96.328670507637,
    101.99506289043,107.66145527324,113.32784765604,118.99424003884,
    124.66063242164,130.32702480445,135.99341718725,141.65980957005,
    147.32620195285,152.99259433565,158.65898671846,164.32537910126,
    169.99177148406,175.65816386686,181.32455624966),.UNSPECIFIED.);
#2103 = CARTESIAN_POINT('',(2.4762,6.661338147751E-16,0.22));
#2104 = CARTESIAN_POINT('',(2.476198554744,1.539634968853,0.318956847208
    ));
#2105 = CARTESIAN_POINT('',(1.397062235793,3.080541466627,0.417921653483
    ));
#2106 = CARTESIAN_POINT('',(-0.743150193719,3.750210883528,
    0.516863628501));
#2107 = CARTESIAN_POINT('',(-3.213960436329,2.74084783147,0.615849525694
    ));
#2108 = CARTESIAN_POINT('',(-4.22322675934,-7.977793835071E-02,
    0.714775318138));
#2109 = CARTESIAN_POINT('',(-2.95355408647,-2.427512572749,
    0.813760882269));
#2110 = CARTESIAN_POINT('',(-0.874338659178,-3.267572339715,
    0.912703371418));
#2111 = CARTESIAN_POINT('',(0.937395181085,-2.761039188093,
    1.011667681843));
#2112 = CARTESIAN_POINT('',(2.890861612321,-0.380729953363,
    1.209582072025));
#2113 = CARTESIAN_POINT('',(3.034218301329,1.495004062864,1.308546332981
    ));
#2114 = CARTESIAN_POINT('',(1.804645990653,3.370401472031,1.407488992618
    ));
#2115 = CARTESIAN_POINT('',(-0.74564979322,4.157619155042,1.506474194707
    ));
#2116 = CARTESIAN_POINT('',(-3.315208850223,2.617517359583,
    1.605400556087));
#2117 = CARTESIAN_POINT('',(-3.8231259501,-2.77763313435E-03,
    1.704385751648));
#2118 = CARTESIAN_POINT('',(-2.748798835475,-1.971193034526,
    1.803328421368));
#2119 = CARTESIAN_POINT('',(-1.026968450937,-2.72898935605,
    1.902292672592));
#2120 = CARTESIAN_POINT('',(1.993133723211,-2.128251429014,2.10020707644
    ));
#2121 = CARTESIAN_POINT('',(3.293902997495,-0.769233940569,
    2.199171326689));
#2122 = CARTESIAN_POINT('',(3.533170279291,1.460500268526,2.298113999764
    ));
#2123 = CARTESIAN_POINT('',(2.061170580723,3.686918293305,2.397099188211
    ));
#2124 = CARTESIAN_POINT('',(-0.902155658868,4.126514507978,2.49602556076
    ));
#2125 = CARTESIAN_POINT('',(-2.957078437586,2.423218289465,2.59501074908
    ));
#2126 = CARTESIAN_POINT('',(-3.375361856207,0.220066698823,
    2.693953422351));
#2127 = CARTESIAN_POINT('',(-2.52510986801,-1.458035410903,2.79291767241
    ));
#2128 = CARTESIAN_POINT('',(0.190564789476,-2.909591250513,
    2.990832076526));
#2129 = CARTESIAN_POINT('',(2.05822460349,-2.684255817359,3.089796326566
    ));
#2130 = CARTESIAN_POINT('',(3.657709121376,-1.11243752237,3.188738999905
    ));
#2131 = CARTESIAN_POINT('',(3.932262609504,1.542433607577,3.287724188081
    ));
#2132 = CARTESIAN_POINT('',(1.920457336065,3.762160341813,3.386650560857
    ));
#2133 = CARTESIAN_POINT('',(-0.748579134803,3.749123770122,
    3.485635749024));
#2134 = CARTESIAN_POINT('',(-2.469581162917,2.311420751812,
    3.584578422375));
#2135 = CARTESIAN_POINT('',(-2.876904196612,0.474836128043,
    3.683542672404));
#2136 = CARTESIAN_POINT('',(-1.698516574681,-2.370037474303,
    3.881457076532));
#2137 = CARTESIAN_POINT('',(-0.111844729637,-3.380681672066,
    3.980421326548));
#2138 = CARTESIAN_POINT('',(2.121724492931,-3.180351935541,4.07936399993
    ));
#2139 = CARTESIAN_POINT('',(4.018189624435,-1.302283688751,
    4.178349188063));
#2140 = CARTESIAN_POINT('',(3.871222850812,1.689864034918,4.277275560857
    ));
#2141 = CARTESIAN_POINT('',(1.799759444883,3.373005441043,4.376260749036
    ));
#2142 = CARTESIAN_POINT('',(-0.442662252529,3.35343810772,4.475203422364
    ));
#2143 = CARTESIAN_POINT('',(-1.922644166598,2.192141992125,
    4.574167672409));
#2144 = CARTESIAN_POINT('',(-2.816506924348,-0.754536234481,
    4.772082076527));
#2145 = CARTESIAN_POINT('',(-2.231138893828,-2.542348726645,
    4.871046326566));
#2146 = CARTESIAN_POINT('',(-0.377478696976,-3.80445306071,
    4.969988999904));
#2147 = CARTESIAN_POINT('',(2.27994255705,-3.555791416886,5.068974188081
    ));
#2148 = CARTESIAN_POINT('',(4.064534125878,-1.149595214296,
    5.167900560858));
#2149 = CARTESIAN_POINT('',(3.531044863684,1.465613160223,5.266885749022
    ));
#2150 = CARTESIAN_POINT('',(1.785216065877,2.873064672136,5.365828422376
    ));
#2151 = CARTESIAN_POINT('',(-9.554388113815E-02,2.914261222292,
    5.464792672404));
#2152 = CARTESIAN_POINT('',(-2.655862014304,1.203508680915,
    5.662707076531));
#2153 = CARTESIAN_POINT('',(-3.337542646015,-0.549842611516,
    5.761671326555));
#2154 = CARTESIAN_POINT('',(-2.70531445032,-2.701412034971,
    5.860613999919));
#2155 = CARTESIAN_POINT('',(-0.493350765088,-4.195044181708,
    5.959599188071));
#2156 = CARTESIAN_POINT('',(2.412631883895,-3.4671622705,6.058525560856)
  );
#2157 = CARTESIAN_POINT('',(3.659309736948,-1.107136854156,
    6.157510749032));
#2158 = CARTESIAN_POINT('',(3.202643613404,1.088379941769,6.256453422368
    ));
#2159 = CARTESIAN_POINT('',(1.774931328846,2.3133667852,6.355417672407)
  );
#2160 = CARTESIAN_POINT('',(-1.289511275141,2.615185816598,
    6.553332076529));
#2161 = CARTESIAN_POINT('',(-2.928771814005,1.69228055384,6.65229632656)
  );
#2162 = CARTESIAN_POINT('',(-3.804994002477,-0.371986423045,
    6.751238999912));
#2163 = CARTESIAN_POINT('',(-3.042673154229,-2.929834592663,
    6.850224188077));
#2164 = CARTESIAN_POINT('',(-0.334554793147,-4.210710142906,
    6.949150560852));
#2165 = CARTESIAN_POINT('',(2.126324493828,-3.17726988336,7.048135749031
    ));
#2166 = CARTESIAN_POINT('',(3.166137917234,-1.190406527694,7.14707842237
    ));
#2167 = CARTESIAN_POINT('',(2.839624823536,0.662252192549,7.246042672405
    ));
#2168 = CARTESIAN_POINT('',(0.662250623479,2.839623266522,7.443957076534
    ));
#2169 = CARTESIAN_POINT('',(-1.190399809474,3.166143727784,
    7.542921326539));
#2170 = CARTESIAN_POINT('',(-3.177285827461,2.126313247947,
    7.641863999944));
#2171 = CARTESIAN_POINT('',(-4.210685543691,-0.334541351818,
    7.740849188054));
#2172 = CARTESIAN_POINT('',(-2.929860588549,-3.042683642583,
    7.839775560854));
#2173 = CARTESIAN_POINT('',(-0.371967614996,-3.80498881183,
    7.938760749046));
#2174 = CARTESIAN_POINT('',(1.692271800206,-2.928773321088,
    8.037703422357));
#2175 = CARTESIAN_POINT('',(2.615188015602,-1.289511049993,8.13666767241
    ));
#2176 = CARTESIAN_POINT('',(2.313364584528,1.774931120665,8.33458207653)
  );
#2177 = CARTESIAN_POINT('',(1.088388821209,3.202643843025,8.433546326553
    ));
#2178 = CARTESIAN_POINT('',(-1.107156313438,3.659311158598,
    8.532488999924));
#2179 = CARTESIAN_POINT('',(-3.467134727956,2.412626668606,
    8.631474188066));
#2180 = CARTESIAN_POINT('',(-4.195070930531,-0.493342381087,
    8.730400560857));
#2181 = CARTESIAN_POINT('',(-2.701394203255,-2.705322369586,
    8.829385749034));
#2182 = CARTESIAN_POINT('',(-0.54985033424,-3.337538257766,
    8.928328422366));
#2183 = CARTESIAN_POINT('',(1.203510523598,-2.655863235293,
    9.027292672408));
#2184 = CARTESIAN_POINT('',(2.914259389082,-9.554264597317E-02,
    9.225207076528));
#2185 = CARTESIAN_POINT('',(2.873071681706,1.785210610318,9.324171326564
    ));
#2186 = CARTESIAN_POINT('',(1.465599019876,3.531058307474,9.423113999905
    ));
#2187 = CARTESIAN_POINT('',(-1.149577232161,4.064512621594,
    9.522099188084));
#2188 = CARTESIAN_POINT('',(-3.555806775256,2.279966007253,
    9.621025560849));
#2189 = CARTESIAN_POINT('',(-3.804444300534,-0.377496130979,
    9.720010749032));
#2190 = CARTESIAN_POINT('',(-2.542351912517,-2.231130602417,
    9.81895342237));
#2191 = CARTESIAN_POINT('',(-0.754535584655,-2.816509037173,
    9.917917672407));
#2192 = CARTESIAN_POINT('',(2.192141358614,-1.922642048824,
    10.115832076529));
#2193 = CARTESIAN_POINT('',(3.353440065223,-0.442670916563,
    10.214796326562));
#2194 = CARTESIAN_POINT('',(3.373003039054,1.799778807621,
    10.313738999908));
#2195 = CARTESIAN_POINT('',(1.689864293132,3.871194820031,10.41272418808
    ));
#2196 = CARTESIAN_POINT('',(-1.302280684291,4.018217494922,
    10.511650560852));
#2197 = CARTESIAN_POINT('',(-3.180356223837,2.121705458883,
    10.61063574903));
#2198 = CARTESIAN_POINT('',(-3.380678874769,-0.111836299205,
    10.70957842237));
#2199 = CARTESIAN_POINT('',(-2.37003831234,-1.698518620158,
    10.808542672406));
#2200 = CARTESIAN_POINT('',(0.474836981832,-2.876902157659,
    11.00645707653));
#2201 = CARTESIAN_POINT('',(2.311416768583,-2.469589102123,
    11.105421326557));
#2202 = CARTESIAN_POINT('',(3.749134196942,-0.748562643411,
    11.204363999917));
#2203 = CARTESIAN_POINT('',(3.762142758879,1.920435504179,
    11.303349188073));
#2204 = CARTESIAN_POINT('',(1.542453610914,3.932282247672,
    11.402275560855));
#2205 = CARTESIAN_POINT('',(-1.112452912354,3.657697128321,
    11.501260749033));
#2206 = CARTESIAN_POINT('',(-2.684248306799,2.05822934572,
    11.600203422366));
#2207 = CARTESIAN_POINT('',(-2.909593195966,0.190563739945,
    11.699167672409));
#2208 = CARTESIAN_POINT('',(-1.45803345741,-2.525108833517,
    11.897082076522));
#2209 = CARTESIAN_POINT('',(0.220058583144,-3.375365466352,
    11.996046326584));
#2210 = CARTESIAN_POINT('',(2.423236811566,-2.957072304312,
    12.094988999879));
#2211 = CARTESIAN_POINT('',(4.126487066164,-0.902161380566,
    12.193974188093));
#2212 = CARTESIAN_POINT('',(3.68694621441,2.061173071128,12.292900560871
    ));
#2213 = CARTESIAN_POINT('',(1.460480763616,3.533170771972,
    12.391885748994));
#2214 = CARTESIAN_POINT('',(-0.769225126407,3.293901898521,
    12.490828422398));
#2215 = CARTESIAN_POINT('',(-2.128253598679,1.993134146177,
    12.589792672395));
#2216 = CARTESIAN_POINT('',(-2.728987189711,-1.026968890716,
    12.787707076543));
#2217 = CARTESIAN_POINT('',(-1.971201598281,-2.748796476694,
    12.886671326513));
#2218 = CARTESIAN_POINT('',(-2.759424397091E-03,-3.823132961755,
    12.985613999985));
#2219 = CARTESIAN_POINT('',(2.617492516798,-3.315195859769,
    13.084599188015));
#2220 = CARTESIAN_POINT('',(4.157642318544,-0.74566558734,
    13.183525560874));
#2221 = CARTESIAN_POINT('',(3.370386706726,1.804658752195,
    13.282510749043));
#2222 = CARTESIAN_POINT('',(1.495010179437,3.034211854086,
    13.381453422355));
#2223 = CARTESIAN_POINT('',(-0.380731362421,2.890863319956,
    13.480417672409));
#2224 = CARTESIAN_POINT('',(-2.761037792051,0.937393457914,
    13.678332076535));
#2225 = CARTESIAN_POINT('',(-3.267577465511,-0.874331354957,
    13.777296326534));
#2226 = CARTESIAN_POINT('',(-2.427502939298,-2.953571183749,
    13.876238999948));
#2227 = CARTESIAN_POINT('',(-7.978891204928E-02,-4.223200728522,
    13.975224188065));
#2228 = CARTESIAN_POINT('',(2.740855732743,-3.213987658597,
    14.074150560822));
#2229 = CARTESIAN_POINT('',(3.75020754877,-0.743130611557,
    14.173135749083));
#2230 = CARTESIAN_POINT('',(3.080542119552,1.397053063319,
    14.272078422332));
#2231 = CARTESIAN_POINT('',(1.539634952541,2.476200984966,
    14.371042672419));
#2232 = CARTESIAN_POINT('',(-1.539634961067,2.476198774468,
    14.568957076518));
#2233 = CARTESIAN_POINT('',(-3.080541477725,1.397061922562,
    14.667921326592));
#2234 = CARTESIAN_POINT('',(-3.75021087092,-0.743149837869,
    14.766863999867));
#2235 = CARTESIAN_POINT('',(-2.740847842936,-3.213960759808,
    14.86584918811));
#2236 = CARTESIAN_POINT('',(7.977794660207E-02,-4.223226526772,
    14.964775560852));
#2237 = CARTESIAN_POINT('',(2.427512568213,-2.953554214149,
    15.063760749013));
#2238 = CARTESIAN_POINT('',(3.267572341452,-0.874338610347,
    15.162703422384));
#2239 = CARTESIAN_POINT('',(2.761039187771,0.937395172042,
    15.261667672404));
#2240 = CARTESIAN_POINT('',(0.380729953513,2.890861616635,
    15.459582076524));
#2241 = CARTESIAN_POINT('',(-1.49500406307,3.034218295188,
    15.558546326583));
#2242 = CARTESIAN_POINT('',(-3.370401471803,1.804645997625,
    15.657488999876));
#2243 = CARTESIAN_POINT('',(-4.157619155255,-0.745649799558,
    15.756474188103));
#2244 = CARTESIAN_POINT('',(-2.617517359416,-3.315208845661,
    15.855400560855));
#2245 = CARTESIAN_POINT('',(2.777633030872E-03,-3.823125952609,
    15.954385749012));
#2246 = CARTESIAN_POINT('',(1.971193034571,-2.748798834513,
    16.053328422383));
#2247 = CARTESIAN_POINT('',(2.728989356043,-1.026968451115,
    16.152292672405));
#2248 = CARTESIAN_POINT('',(2.128251429013,1.993133723296,
    16.350207076523));
#2249 = CARTESIAN_POINT('',(0.769233940583,3.293902997375,
    16.449171326585));
#2250 = CARTESIAN_POINT('',(-1.460500268546,3.533170279426,
    16.548113999877));
#2251 = CARTESIAN_POINT('',(-3.686918293299,2.061170580608,
    16.647099188089));
#2252 = CARTESIAN_POINT('',(-4.126514507959,-0.902155658795,
    16.746025560882));
#2253 = CARTESIAN_POINT('',(-2.423218289495,-2.957078437617,
    16.845010748984));
#2254 = CARTESIAN_POINT('',(-0.220066698803,-3.375361856199,
    16.943953422401));
#2255 = CARTESIAN_POINT('',(1.458035410898,-2.525109868011,
    17.042917672399));
#2256 = CARTESIAN_POINT('',(2.909591250514,0.190564789477,17.24083207653
    ));
#2257 = CARTESIAN_POINT('',(2.684255817362,2.058224603485,
    17.339796326565));
#2258 = CARTESIAN_POINT('',(1.112437522365,3.657709121381,
    17.438738999905));
#2259 = CARTESIAN_POINT('',(-1.542433607575,3.932262609506,
    17.537724188073));
#2260 = CARTESIAN_POINT('',(-3.76216034181,1.920457336053,
    17.636650560874));
#2261 = CARTESIAN_POINT('',(-3.749123770127,-0.748579134789,
    17.735635749005));
#2262 = CARTESIAN_POINT('',(-2.311420751809,-2.469581162924,
    17.834578422384));
#2263 = CARTESIAN_POINT('',(-0.474836128043,-2.876904196611,
    17.933542672404));
#2264 = CARTESIAN_POINT('',(2.370037474301,-1.698516574676,
    18.131457076525));
#2265 = CARTESIAN_POINT('',(3.380681672073,-0.111844729658,
    18.230421326578));
#2266 = CARTESIAN_POINT('',(3.180351935529,2.121724492962,
    18.329363999883));
#2267 = CARTESIAN_POINT('',(1.302283688763,4.018189624413,
    18.428349188097));
#2268 = CARTESIAN_POINT('',(-1.689864034928,3.87122285081,
    18.527275560856));
#2269 = CARTESIAN_POINT('',(-3.373005441036,1.7997594449,18.626260749014
    ));
#2270 = CARTESIAN_POINT('',(-3.353438107723,-0.442662252543,
    18.725203422383));
#2271 = CARTESIAN_POINT('',(-2.192141992124,-1.922644166594,
    18.824167672403));
#2272 = CARTESIAN_POINT('',(0.754536234481,-2.81650692435,
    19.022082076529));
#2273 = CARTESIAN_POINT('',(2.542348726644,-2.231138893828,
    19.121046326563));
#2274 = CARTESIAN_POINT('',(3.80445306071,-0.377478696976,
    19.219988999908));
#2275 = CARTESIAN_POINT('',(3.555791416888,2.279942557048,
    19.318974188077));
#2276 = CARTESIAN_POINT('',(1.149595214293,4.064534125881,19.41790056086
    ));
#2277 = CARTESIAN_POINT('',(-1.465613160221,3.53104486368,
    19.516885749024));
#2278 = CARTESIAN_POINT('',(-2.873064672135,1.78521606588,
    19.615828422371));
#2279 = CARTESIAN_POINT('',(-2.914261222295,-9.554388114033E-02,
    19.71479267241));
#2280 = CARTESIAN_POINT('',(-1.203508680906,-2.655862014299,
    19.912707076517));
#2281 = CARTESIAN_POINT('',(0.549842611483,-3.337542646032,
    20.011671326605));
#2282 = CARTESIAN_POINT('',(2.701412035019,-2.705314450293,
    20.110613999846));
#2283 = CARTESIAN_POINT('',(4.19504418168,-0.493350765114,
    20.209599188116));
#2284 = CARTESIAN_POINT('',(3.467162270484,2.412631883912,
    20.308525560871));
#2285 = CARTESIAN_POINT('',(1.107136854196,3.65930973694,20.407510748982
    ));
#2286 = CARTESIAN_POINT('',(-1.088379941798,3.202643613408,
    20.506453422404));
#2287 = CARTESIAN_POINT('',(-2.313366785195,1.774931328845,20.6054176724
    ));
#2288 = CARTESIAN_POINT('',(-2.615185816594,-1.289511275142,
    20.803332076523));
#2289 = CARTESIAN_POINT('',(-1.692280553865,-2.928771814,20.902296326596
    ));
#2290 = CARTESIAN_POINT('',(0.371986423086,-3.804994002484,
    21.001238999851));
#2291 = CARTESIAN_POINT('',(2.929834592631,-3.042673154231,
    21.100224188125));
#2292 = CARTESIAN_POINT('',(4.210710142911,-0.334554793131,
    21.199150560848));
#2293 = CARTESIAN_POINT('',(3.177269883373,2.126324493807,
    21.298135749009));
#2294 = CARTESIAN_POINT('',(1.190406527684,3.166137917246,
    21.397078422387));
#2295 = CARTESIAN_POINT('',(-0.662252192549,2.839624823536,
    21.496042672405));
#2296 = CARTESIAN_POINT('',(-2.839623266515,0.662250623471,
    21.693957076519));
#2297 = CARTESIAN_POINT('',(-3.166143727814,-1.190399809438,
    21.792921326605));
#2298 = CARTESIAN_POINT('',(-2.126313247898,-3.177285827512,
    21.891863999846));
#2299 = CARTESIAN_POINT('',(0.334541351774,-4.210685543672,
    21.990849188111));
#2300 = CARTESIAN_POINT('',(3.042683642602,-2.92986058851,
    22.089775560886));
#2301 = CARTESIAN_POINT('',(3.804988811831,-0.371967615065,
    22.188760748962));
#2302 = CARTESIAN_POINT('',(2.928773321084,1.692271800256,
    22.287703422421));
#2303 = CARTESIAN_POINT('',(1.289511049994,2.615188015586,
    22.386667672389));
#2304 = CARTESIAN_POINT('',(-1.774931120665,2.31336458454,
    22.584582076545));
#2305 = CARTESIAN_POINT('',(-3.202643843029,1.08838882118,
    22.683546326514));
#2306 = CARTESIAN_POINT('',(-3.659311158586,-1.107156313396,
    22.782488999984));
#2307 = CARTESIAN_POINT('',(-2.412626668621,-3.467134727993,
    22.881474188009));
#2308 = CARTESIAN_POINT('',(0.493342381097,-4.195070930515,
    22.980400560887));
#2309 = CARTESIAN_POINT('',(2.705322369582,-2.701394203253,
    23.079385749032));
#2310 = CARTESIAN_POINT('',(3.337538257765,-0.549850334247,
    23.178328422357));
#2311 = CARTESIAN_POINT('',(2.655863235295,1.203510523602,
    23.277292672414));
#2312 = CARTESIAN_POINT('',(9.554264596858E-02,2.914259389075,
    23.475207076517));
#2313 = CARTESIAN_POINT('',(-1.785210610301,2.873071681727,
    23.574171326601));
#2314 = CARTESIAN_POINT('',(-3.531058307501,1.465599019844,
    23.673113999847));
#2315 = CARTESIAN_POINT('',(-4.064512621575,-1.149577232131,
    23.772099188132));
#2316 = CARTESIAN_POINT('',(-2.279966007251,-3.555806775271,
    23.871025560837));
#2317 = CARTESIAN_POINT('',(0.377496130964,-3.804444300531,
    23.970010749018));
#2318 = CARTESIAN_POINT('',(2.231130602428,-2.542351912516,
    24.068953422382));
#2319 = CARTESIAN_POINT('',(2.816509037172,-0.754535584655,
    24.167917672406));
#2320 = CARTESIAN_POINT('',(1.922642048817,2.192141358613,
    24.365832076519));
#2321 = CARTESIAN_POINT('',(0.442670916592,3.353440065227,24.4647963266)
  );
#2322 = CARTESIAN_POINT('',(-1.799778807662,3.373003039047,
    24.563738999856));
#2323 = CARTESIAN_POINT('',(-3.871194820013,1.689864293139,
    24.662724188101));
#2324 = CARTESIAN_POINT('',(-4.018217494897,-1.3022806843,
    24.761650560891));
#2325 = CARTESIAN_POINT('',(-2.121705458932,-3.180356223826,
    24.86063574896));
#2326 = CARTESIAN_POINT('',(0.111836299242,-3.380678874779,
    24.959578422424));
#2327 = CARTESIAN_POINT('',(1.698518620143,-2.370038312335,
    25.058542672385));
#2328 = CARTESIAN_POINT('',(2.876902157676,0.474836981824,
    25.256457076556));
#2329 = CARTESIAN_POINT('',(2.469589102072,2.311416768615,
    25.355421326474));
#2330 = CARTESIAN_POINT('',(0.748562643487,3.749134196892,
    25.454364000045));
#2331 = CARTESIAN_POINT('',(-1.920435504241,3.762142758915,
    25.553349187968));
#2332 = CARTESIAN_POINT('',(-3.93228224765,1.542453610915,25.65227556088
    ));
#2333 = CARTESIAN_POINT('',(-3.657697128311,-1.112452912382,
    25.751260749069));
#2334 = CARTESIAN_POINT('',(-2.058229345732,-2.684248306774,
    25.850203422327));
#2335 = CARTESIAN_POINT('',(-0.190563739942,-2.909593195975,
    25.949167672424));
#2336 = CARTESIAN_POINT('',(2.525108833517,-1.458033457404,
    26.14708207651));
#2337 = CARTESIAN_POINT('',(3.375365466337,0.220058583132,
    26.246046326623));
#2338 = CARTESIAN_POINT('',(2.957072304356,2.423236811579,
    26.344988999804));
#2339 = CARTESIAN_POINT('',(0.902161380482,4.126487066164,
    26.443974188196));
#2340 = CARTESIAN_POINT('',(-2.061173071007,3.68694621439,
    26.542900560754));
#2341 = CARTESIAN_POINT('',(-3.533170772107,1.460480763644,
    26.641885749115));
#2342 = CARTESIAN_POINT('',(-3.293901898401,-0.769225126427,
    26.740828422287));
#2343 = CARTESIAN_POINT('',(-1.993134146263,-2.12825359867,
    26.839792672481));
#2344 = CARTESIAN_POINT('',(1.026968890898,-2.728987189723,
    27.037707076354));
#2345 = CARTESIAN_POINT('',(2.748796475709,-1.971201598212,
    27.136671327535));
#2346 = CARTESIAN_POINT('',(3.823132964328,-2.759424591915E-03,
    27.235613997333));
#2347 = CARTESIAN_POINT('',(3.315195855089,2.617492517176,
    27.334599192814));
#2348 = CARTESIAN_POINT('',(0.745665593846,4.157642317997,
    27.433525554232));
#2349 = CARTESIAN_POINT('',(-1.80465875935,3.370386707339,
    27.532510756332));
#2350 = CARTESIAN_POINT('',(-3.034211847785,1.495010178895,
    27.631453415941));
#2351 = CARTESIAN_POINT('',(-2.890863324378,-0.380731362042,
    27.730417676912));
#2352 = CARTESIAN_POINT('',(-0.937393448647,-2.761037792841,
    27.928332067095));
#2353 = CARTESIAN_POINT('',(0.874331304923,-3.267577461246,
    28.027296377498));
#2354 = CARTESIAN_POINT('',(2.953571314571,-2.427502950454,
    28.126238866699));
#2355 = CARTESIAN_POINT('',(4.223200490228,-7.978889171774E-02,
    28.225224430768));
#2356 = CARTESIAN_POINT('',(3.213987990047,2.740855704453,
    28.324150223251));
#2357 = CARTESIAN_POINT('',(0.74313024693,3.750207579897,28.42313612044)
  );
#2358 = CARTESIAN_POINT('',(-1.397052742357,3.080542092152,
    28.522078095444));
#2359 = CARTESIAN_POINT('',(-2.476201210116,1.539634971759,
    28.62104290173));
#2360 = CARTESIAN_POINT('',(-2.476199756462,-1.478292543933E-08,
    28.719999748935));
#2361 = CARTESIAN_POINT('',(2.4762,-4.440892098501E-16,-0.22));
#2362 = CARTESIAN_POINT('',(2.476201444462,1.539635137969,
    -0.121043152792));
#2363 = CARTESIAN_POINT('',(1.397052861365,3.080542403464,
    -2.207834651798E-02));
#2364 = CARTESIAN_POINT('',(-0.743130342394,3.750207944307,
    7.686362850652E-02));
#2365 = CARTESIAN_POINT('',(-3.21398832254,2.740855954823,0.175849525681
    ));
#2366 = CARTESIAN_POINT('',(-4.223200905069,-7.978892477421E-02,
    0.274775318157));
#2367 = CARTESIAN_POINT('',(-2.953571590601,-2.427503206832,
    0.373760882252));
#2368 = CARTESIAN_POINT('',(-0.87433137139,-3.267577787841,
    0.472703371426));
#2369 = CARTESIAN_POINT('',(0.937393557321,-2.761038058795,
    0.571667681842));
#2370 = CARTESIAN_POINT('',(2.890863610972,-0.380731382228,
    0.769582072025));
#2371 = CARTESIAN_POINT('',(3.034212137279,1.49501034404,0.868546332979)
  );
#2372 = CARTESIAN_POINT('',(1.804658916726,3.370387049602,0.967488992625
    ));
#2373 = CARTESIAN_POINT('',(-0.745665692024,4.157642722461,
    1.066474194693));
#2374 = CARTESIAN_POINT('',(-3.315196196739,2.617492754794,
    1.165400556106));
#2375 = CARTESIAN_POINT('',(-3.823133340348,-2.759447656758E-03,
    1.264385751632));
#2376 = CARTESIAN_POINT('',(-2.748796734275,-1.971201808515,
    1.363328421376));
#2377 = CARTESIAN_POINT('',(-1.026968975614,-2.728987464245,
    1.462292672591));
#2378 = CARTESIAN_POINT('',(1.993134354999,-2.128253796099,
    1.660207076441));
#2379 = CARTESIAN_POINT('',(3.293902226945,-0.76922518238,1.759171326687
    ));
#2380 = CARTESIAN_POINT('',(3.533171110893,1.46048092832,1.858113999771)
  );
#2381 = CARTESIAN_POINT('',(2.061173251697,3.686946589355,1.957099188196
    ));
#2382 = CARTESIAN_POINT('',(-0.902161493824,4.126487466622,2.05602556078
    ));
#2383 = CARTESIAN_POINT('',(-2.957072609673,2.423237032227,
    2.155010749064));
#2384 = CARTESIAN_POINT('',(-3.375365799611,0.220058584649,2.25395342236
    ));
#2385 = CARTESIAN_POINT('',(-2.525109073166,-1.458033615888,
    2.352917672408));
#2386 = CARTESIAN_POINT('',(0.19056377606,-2.909593480991,2.550832076527
    ));
#2387 = CARTESIAN_POINT('',(2.058229564172,-2.684248558505,
    2.649796326564));
#2388 = CARTESIAN_POINT('',(3.657697494703,-1.112452999944,
    2.748738999911));
#2389 = CARTESIAN_POINT('',(3.93228262521,1.542453786115,2.847724188066)
  );
#2390 = CARTESIAN_POINT('',(1.920435670594,3.762143140335,2.946650560877
    ));
#2391 = CARTESIAN_POINT('',(-0.748562739413,3.749134561218,
    3.045635749007));
#2392 = CARTESIAN_POINT('',(-2.46958935881,2.311416981166,3.144578422384
    ));
#2393 = CARTESIAN_POINT('',(-2.876902443441,0.474837011359,
    3.243542672402));
#2394 = CARTESIAN_POINT('',(-1.698518773058,-2.370038555578,
    3.441457076533));
#2395 = CARTESIAN_POINT('',(-0.111836290028,-3.380679207928,
    3.540421326547));
#2396 = CARTESIAN_POINT('',(2.121705686551,-3.180356523973,
    3.639363999936));
#2397 = CARTESIAN_POINT('',(4.018217897894,-1.30228078837,3.738349188048
    ));
#2398 = CARTESIAN_POINT('',(3.871195190669,1.689864482432,3.837275560876
    ));
#2399 = CARTESIAN_POINT('',(1.799778964511,3.373003381543,3.93626074902)
  );
#2400 = CARTESIAN_POINT('',(-0.442670980131,3.353440392395,
    4.035203422372));
#2401 = CARTESIAN_POINT('',(-1.922642251003,2.192141562736,
    4.134167672407));
#2402 = CARTESIAN_POINT('',(-2.816509309679,-0.754535675678,
    4.332082076528));
#2403 = CARTESIAN_POINT('',(-2.231130806666,-2.542352175883,
    4.431046326564));
#2404 = CARTESIAN_POINT('',(-0.377496145409,-3.804444676956,
    4.529988999911));
#2405 = CARTESIAN_POINT('',(2.279966252735,-3.555807111365,
    4.628974188065));
#2406 = CARTESIAN_POINT('',(4.064513028197,-1.14957732096,4.727900560879
    ));
#2407 = CARTESIAN_POINT('',(3.531058646012,1.465599185104,4.826885749005
    ));
#2408 = CARTESIAN_POINT('',(1.785210768744,2.873071974932,4.925828422385
    ));
#2409 = CARTESIAN_POINT('',(-9.554267276853E-02,2.914259675134,
    5.024792672403));
#2410 = CARTESIAN_POINT('',(-2.655863503686,1.203510626107,
    5.222707076532));
#2411 = CARTESIAN_POINT('',(-3.337538582735,-0.54985040824,
    5.321671326553));
#2412 = CARTESIAN_POINT('',(-2.705322619535,-2.701394485094,
    5.420613999926));
#2413 = CARTESIAN_POINT('',(-0.493342404554,-4.195071346075,
    5.519599188056));
#2414 = CARTESIAN_POINT('',(2.412626926581,-3.467135054532,
    5.618525560876));
#2415 = CARTESIAN_POINT('',(3.659311525112,-1.107156400501,
    5.717510749015));
#2416 = CARTESIAN_POINT('',(3.202644151509,1.088388947384,5.816453422376
    ));
#2417 = CARTESIAN_POINT('',(1.774931281422,2.313364822646,5.915417672405
    ));
#2418 = CARTESIAN_POINT('',(-1.289511192431,2.615188265109,6.11333207653
    ));
#2419 = CARTESIAN_POINT('',(-2.928773619238,1.692271949166,
    6.212296326558));
#2420 = CARTESIAN_POINT('',(-3.804989183837,-0.371967674302,
    6.311238999919));
#2421 = CARTESIAN_POINT('',(-3.042683924349,-2.929860894879,
    6.410224188063));
#2422 = CARTESIAN_POINT('',(-0.334541359569,-4.210685959788,
    6.509150560872));
#2423 = CARTESIAN_POINT('',(2.126313476025,-3.177286127288,
    6.608135749015));
#2424 = CARTESIAN_POINT('',(3.166144046295,-1.190399907632,
    6.707078422379));
#2425 = CARTESIAN_POINT('',(2.839623541848,0.662250705562,6.806042672403
    ));
#2426 = CARTESIAN_POINT('',(0.662252240728,2.83962510677,7.003957076535)
  );
#2427 = CARTESIAN_POINT('',(-1.190406663662,3.166138221527,
    7.102921326538));
#2428 = CARTESIAN_POINT('',(-3.177270208562,2.126324683981,
    7.201863999949));
#2429 = CARTESIAN_POINT('',(-4.210710555029,-0.334554851193,
    7.300849188041));
#2430 = CARTESIAN_POINT('',(-2.929834862641,-3.042673470957,
    7.399775560872));
#2431 = CARTESIAN_POINT('',(-0.371986436936,-3.80499437894,7.49876074903
    ));
#2432 = CARTESIAN_POINT('',(1.692280737778,-2.928772091942,
    7.597703422365));
#2433 = CARTESIAN_POINT('',(2.6151860815,-1.289511386356,7.696667672408)
  );
#2434 = CARTESIAN_POINT('',(2.313367002127,1.774931517225,7.89458207653)
  );
#2435 = CARTESIAN_POINT('',(1.088380029697,3.202643934882,7.993546326552
    ));
#2436 = CARTESIAN_POINT('',(-1.107136984892,3.659310090246,
    8.092488999931));
#2437 = CARTESIAN_POINT('',(-3.467162625913,2.412632100471,
    8.191474188052));
#2438 = CARTESIAN_POINT('',(-4.195044591328,-0.493350838649,
    8.290400560877));
#2439 = CARTESIAN_POINT('',(-2.701412284532,-2.705314732518,
    8.389385749017));
#2440 = CARTESIAN_POINT('',(-0.549842645654,-3.337542977552,
    8.488328422374));
#2441 = CARTESIAN_POINT('',(1.203508815133,-2.655862268326,
    8.587292672406));
#2442 = CARTESIAN_POINT('',(2.914261509487,-9.554387313792E-02,
    8.785207076528));
#2443 = CARTESIAN_POINT('',(2.873064944038,1.785216258611,8.884171326563
    ));
#2444 = CARTESIAN_POINT('',(1.465613283307,3.531045219711,8.983113999911
    ));
#2445 = CARTESIAN_POINT('',(-1.149595351651,4.064534518773,9.08209918807
    ));
#2446 = CARTESIAN_POINT('',(-3.555791780191,2.279942760053,
    9.181025560869));
#2447 = CARTESIAN_POINT('',(-3.804453432644,-0.377478756813,
    9.280010749015));
#2448 = CARTESIAN_POINT('',(-2.542348963363,-2.231139128442,
    9.378953422378));
#2449 = CARTESIAN_POINT('',(-0.754536291877,-2.816507205861,
    9.477917672405));
#2450 = CARTESIAN_POINT('',(2.192142219205,-1.922644342605,
    9.675832076529));
#2451 = CARTESIAN_POINT('',(3.353438440174,-0.442662276045,9.77479632656
    ));
#2452 = CARTESIAN_POINT('',(3.373005762045,1.799759642023,9.873738999915
    ));
#2453 = CARTESIAN_POINT('',(1.689864178,3.871223241657,9.972724188065));
#2454 = CARTESIAN_POINT('',(-1.302283840817,4.018190011829,
    10.071650560873));
#2455 = CARTESIAN_POINT('',(-3.180352260999,2.121724682642,
    10.170635749013));
#2456 = CARTESIAN_POINT('',(-3.380682003895,-0.111844760833,
    10.269578422379));
#2457 = CARTESIAN_POINT('',(-2.370037697259,-1.698516755878,
    10.368542672404));
#2458 = CARTESIAN_POINT('',(0.474836191919,-2.876904476727,
    10.566457076531));
#2459 = CARTESIAN_POINT('',(2.311420993887,-2.469581391998,
    10.665421326556));
#2460 = CARTESIAN_POINT('',(3.749124143322,-0.748579186058,
    10.764363999923));
#2461 = CARTESIAN_POINT('',(3.762160700363,1.920457547427,
    10.863349188059));
#2462 = CARTESIAN_POINT('',(1.542433735799,3.932263005432,
    10.962275560874));
#2463 = CARTESIAN_POINT('',(-1.112437653613,3.657709474494,
    11.061260749017));
#2464 = CARTESIAN_POINT('',(-2.684256093651,2.058224789884,
    11.160203422374));
#2465 = CARTESIAN_POINT('',(-2.909591537811,0.190564790852,
    11.259167672408));
#2466 = CARTESIAN_POINT('',(-1.458035539233,-2.52511012507,
    11.457082076523));
#2467 = CARTESIAN_POINT('',(0.220066740637,-3.375362186833,
    11.556046326582));
#2468 = CARTESIAN_POINT('',(2.423218545415,-2.957078714024,
    11.654988999886));
#2469 = CARTESIAN_POINT('',(4.126514919234,-0.902155722845,
    11.753974188078));
#2470 = CARTESIAN_POINT('',(3.686918643618,2.061170805308,
    11.852900560892));
#2471 = CARTESIAN_POINT('',(1.460500391053,3.533170635651,
    11.951885748977));
#2472 = CARTESIAN_POINT('',(-0.769234035867,3.293903316737,
    12.050828422407));
#2473 = CARTESIAN_POINT('',(-2.12825165024,1.993133906619,
    12.149792672393));
#2474 = CARTESIAN_POINT('',(-2.728989618303,-1.026968568414,
    12.347707076544));
#2475 = CARTESIAN_POINT('',(-1.971193212049,-2.748799116616,
    12.446671326511));
#2476 = CARTESIAN_POINT('',(-2.777610454133E-03,-3.82312632866,
    12.545613999993));
#2477 = CARTESIAN_POINT('',(2.617517636625,-3.315209156061,
    12.644599187999));
#2478 = CARTESIAN_POINT('',(4.157619568621,-0.745649848093,
    12.743525560895));
#2479 = CARTESIAN_POINT('',(3.370401792516,1.804646195244,
    12.842510749026));
#2480 = CARTESIAN_POINT('',(1.495004191988,3.034218602531,
    12.941453422364));
#2481 = CARTESIAN_POINT('',(-0.380730008216,2.890861898683,
    13.040417672407));
#2482 = CARTESIAN_POINT('',(-2.761039464919,0.93739524775,
    13.238332076535));
#2483 = CARTESIAN_POINT('',(-3.267572657602,-0.874338715839,
    13.337296326532));
#2484 = CARTESIAN_POINT('',(-2.427512789336,-2.953554519138,
    13.436238999955));
#2485 = CARTESIAN_POINT('',(-7.977792922148E-02,-4.223226942609,
    13.53522418805));
#2486 = CARTESIAN_POINT('',(2.740848131671,-3.213961059529,
    13.634150560843));
#2487 = CARTESIAN_POINT('',(3.75021124421,-0.743149888589,
    13.733135749066));
#2488 = CARTESIAN_POINT('',(3.080541772354,1.397062078367,
    13.832078422341));
#2489 = CARTESIAN_POINT('',(1.53963509771,2.476199027194,13.931042672417
    ));
#2490 = CARTESIAN_POINT('',(-1.53963511875,2.476201219313,
    14.128957076518));
#2491 = CARTESIAN_POINT('',(-3.080542430866,1.397053182329,
    14.22792132659));
#2492 = CARTESIAN_POINT('',(-3.750207913172,-0.743130707027,
    14.326863999873));
#2493 = CARTESIAN_POINT('',(-2.740855983125,-3.213987991078,
    14.425849188096));
#2494 = CARTESIAN_POINT('',(7.978894511582E-02,-4.223201143377,
    14.524775560871));
#2495 = CARTESIAN_POINT('',(2.427503195671,-2.953571459767,
    14.623760748996));
#2496 = CARTESIAN_POINT('',(3.267577792107,-0.874331421429,
    14.722703422392));
#2497 = CARTESIAN_POINT('',(2.761038058005,0.937393566588,
    14.821667672403));
#2498 = CARTESIAN_POINT('',(0.380731382609,2.890863606551,
    15.019582076525));
#2499 = CARTESIAN_POINT('',(-1.495010344594,3.034212143573,
    15.118546326581));
#2500 = CARTESIAN_POINT('',(-3.370387048964,1.80465890958,
    15.217488999883));
#2501 = CARTESIAN_POINT('',(-4.157642723037,-0.745665685526,
    15.316474188088));
#2502 = CARTESIAN_POINT('',(-2.617492754393,-3.315196201419,
    15.415400560876));
#2503 = CARTESIAN_POINT('',(2.75944744945E-03,-3.823133337773,
    15.514385748995));
#2504 = CARTESIAN_POINT('',(1.971201808589,-2.748796735263,
    15.613328422392));
#2505 = CARTESIAN_POINT('',(2.728987464231,-1.026968975431,
    15.712292672403));
#2506 = CARTESIAN_POINT('',(2.12825379611,1.993134354913,15.910207076524
    ));
#2507 = CARTESIAN_POINT('',(0.76922518235,3.293902227065,16.009171326583
    ));
#2508 = CARTESIAN_POINT('',(-1.460480928282,3.53317111076,
    16.108113999884));
#2509 = CARTESIAN_POINT('',(-3.686946589374,2.061173251815,
    16.207099188074));
#2510 = CARTESIAN_POINT('',(-4.126487466636,-0.902161493904,
    16.306025560903));
#2511 = CARTESIAN_POINT('',(-2.423237032196,-2.957072609633,
    16.405010748967));
#2512 = CARTESIAN_POINT('',(-0.220058584671,-3.375365799624,
    16.50395342241));
#2513 = CARTESIAN_POINT('',(1.458033615894,-2.525109073164,
    16.602917672397));
#2514 = CARTESIAN_POINT('',(2.90959348099,0.190563776059,16.800832076531
    ));
#2515 = CARTESIAN_POINT('',(2.684248558502,2.058229564175,
    16.899796326564));
#2516 = CARTESIAN_POINT('',(1.11245299995,3.6576974947,16.99873899991));
#2517 = CARTESIAN_POINT('',(-1.542453786117,3.932282625208,
    17.09772418806));
#2518 = CARTESIAN_POINT('',(-3.762143140338,1.920435670601,
    17.196650560893));
#2519 = CARTESIAN_POINT('',(-3.749134561212,-0.748562739422,
    17.295635748989));
#2520 = CARTESIAN_POINT('',(-2.31141698117,-2.469589358806,
    17.394578422393));
#2521 = CARTESIAN_POINT('',(-0.474837011358,-2.876902443441,
    17.493542672403));
#2522 = CARTESIAN_POINT('',(2.370038555579,-1.698518773064,
    17.691457076526));
#2523 = CARTESIAN_POINT('',(3.380679207924,-0.111836290003,
    17.790421326577));
#2524 = CARTESIAN_POINT('',(3.180356523976,2.121705686511,
    17.889363999889));
#2525 = CARTESIAN_POINT('',(1.30228078837,4.018217897926,17.988349188084
    ));
#2526 = CARTESIAN_POINT('',(-1.689864482433,3.871195190665,
    18.087275560875));
#2527 = CARTESIAN_POINT('',(-3.373003381543,1.799778964494,
    18.186260748998));
#2528 = CARTESIAN_POINT('',(-3.353440392394,-0.442670980116,
    18.285203422391));
#2529 = CARTESIAN_POINT('',(-2.192141562737,-1.922642251007,
    18.384167672401));
#2530 = CARTESIAN_POINT('',(0.754535675679,-2.816509309677,
    18.58208207653));
#2531 = CARTESIAN_POINT('',(2.542352175881,-2.231130806667,
    18.681046326561));
#2532 = CARTESIAN_POINT('',(3.80444467696,-0.377496145409,
    18.779988999913));
#2533 = CARTESIAN_POINT('',(3.555807111362,2.279966252737,
    18.878974188064));
#2534 = CARTESIAN_POINT('',(1.149577320962,4.064513028196,
    18.977900560879));
#2535 = CARTESIAN_POINT('',(-1.465599185103,3.531058646014,
    19.076885749007));
#2536 = CARTESIAN_POINT('',(-2.873071974935,1.785210768742,
    19.17582842238));
#2537 = CARTESIAN_POINT('',(-2.91425967513,-9.554267276613E-02,
    19.274792672408));
#2538 = CARTESIAN_POINT('',(-1.203510626117,-2.655863503691,
    19.472707076518));
#2539 = CARTESIAN_POINT('',(0.549850408276,-3.337538582716,
    19.571671326603));
#2540 = CARTESIAN_POINT('',(2.70139448504,-2.705322619562,
    19.670613999853));
#2541 = CARTESIAN_POINT('',(4.195071346109,-0.493342404533,
    19.769599188102));
#2542 = CARTESIAN_POINT('',(3.467135054544,2.412626926575,
    19.868525560891));
#2543 = CARTESIAN_POINT('',(1.107156400463,3.659311525108,
    19.967510748965));
#2544 = CARTESIAN_POINT('',(-1.088388947356,3.202644151513,
    20.066453422413));
#2545 = CARTESIAN_POINT('',(-2.313364822651,1.774931281421,
    20.165417672398));
#2546 = CARTESIAN_POINT('',(-2.615188265114,-1.28951119243,
    20.363332076524));
#2547 = CARTESIAN_POINT('',(-1.692271949138,-2.928773619245,
    20.462296326594));
#2548 = CARTESIAN_POINT('',(0.371967674256,-3.804989183826,
    20.561238999859));
#2549 = CARTESIAN_POINT('',(2.929860894915,-3.042683924353,
    20.660224188109));
#2550 = CARTESIAN_POINT('',(4.210685959783,-0.334541359577,
    20.759150560869));
#2551 = CARTESIAN_POINT('',(3.177286127272,2.126313476039,
    20.858135748991));
#2552 = CARTESIAN_POINT('',(1.190399907645,3.166144046287,
    20.957078422396));
#2553 = CARTESIAN_POINT('',(-0.662250705562,2.839623541847,
    21.056042672403));
#2554 = CARTESIAN_POINT('',(-2.839625106778,0.662252240737,
    21.253957076519));
#2555 = CARTESIAN_POINT('',(-3.166138221496,-1.190406663703,
    21.352921326604));
#2556 = CARTESIAN_POINT('',(-2.126324684025,-3.177270208499,
    21.451863999852));
#2557 = CARTESIAN_POINT('',(0.334554851218,-4.210710555063,
    21.550849188097));
#2558 = CARTESIAN_POINT('',(3.042673470967,-2.929834862669,
    21.649775560905));
#2559 = CARTESIAN_POINT('',(3.804994378913,-0.371986436872,
    21.748760748946));
#2560 = CARTESIAN_POINT('',(2.928772091961,1.692280737729,21.84770342243
    ));
#2561 = CARTESIAN_POINT('',(1.289511386352,2.615186081516,
    21.946667672387));
#2562 = CARTESIAN_POINT('',(-1.774931517223,2.313367002115,
    22.144582076545));
#2563 = CARTESIAN_POINT('',(-3.202643934882,1.088380029725,
    22.243546326513));
#2564 = CARTESIAN_POINT('',(-3.659310090251,-1.107136984935,
    22.342488999989));
#2565 = CARTESIAN_POINT('',(-2.412632100463,-3.467162625873,
    22.441474187998));
#2566 = CARTESIAN_POINT('',(0.493350838643,-4.19504459135,
    22.540400560903));
#2567 = CARTESIAN_POINT('',(2.705314732519,-2.701412284529,
    22.639385749017));
#2568 = CARTESIAN_POINT('',(3.337542977554,-0.549842645649,
    22.738328422365));
#2569 = CARTESIAN_POINT('',(2.655862268323,1.203508815129,
    22.837292672413));
#2570 = CARTESIAN_POINT('',(9.554387314302E-02,2.914261509494,
    23.035207076518));
#2571 = CARTESIAN_POINT('',(-1.785216258632,2.873064944016,23.1341713266
    ));
#2572 = CARTESIAN_POINT('',(-3.531045219676,1.46561328334,
    23.233113999854));
#2573 = CARTESIAN_POINT('',(-4.064534518802,-1.149595351678,
    23.332099188116));
#2574 = CARTESIAN_POINT('',(-2.279942760047,-3.555791780183,
    23.431025560858));
#2575 = CARTESIAN_POINT('',(0.377478756824,-3.804453432639,
    23.530010749001));
#2576 = CARTESIAN_POINT('',(2.231139128433,-2.542348963369,
    23.628953422391));
#2577 = CARTESIAN_POINT('',(2.816507205861,-0.754536291876,
    23.727917672404));
#2578 = CARTESIAN_POINT('',(1.922644342612,2.192142219206,23.92583207652
    ));
#2579 = CARTESIAN_POINT('',(0.442662276015,3.353438440169,
    24.024796326598));
#2580 = CARTESIAN_POINT('',(-1.799759641979,3.373005762051,
    24.123738999862));
#2581 = CARTESIAN_POINT('',(-3.871223241678,1.689864177995,
    24.222724188087));
#2582 = CARTESIAN_POINT('',(-4.018190011855,-1.302283840813,
    24.32165056091));
#2583 = CARTESIAN_POINT('',(-2.121724682592,-3.180352261005,
    24.420635748943));
#2584 = CARTESIAN_POINT('',(0.111844760794,-3.380682003888,
    24.519578422433));
#2585 = CARTESIAN_POINT('',(1.698516755893,-2.370037697263,
    24.618542672383));
#2586 = CARTESIAN_POINT('',(2.876904476708,0.474836191927,
    24.816457076556));
#2587 = CARTESIAN_POINT('',(2.469581392054,2.311420993854,
    24.915421326472));
#2588 = CARTESIAN_POINT('',(0.748579185974,3.749124143378,
    25.014364000052));
#2589 = CARTESIAN_POINT('',(-1.920457547357,3.762160700315,
    25.113349187953));
#2590 = CARTESIAN_POINT('',(-3.932263005454,1.54243373581,25.2122755609)
  );
#2591 = CARTESIAN_POINT('',(-3.657709474507,-1.112437653592,
    25.311260749052));
#2592 = CARTESIAN_POINT('',(-2.058224789868,-2.684256093673,
    25.410203422336));
#2593 = CARTESIAN_POINT('',(-0.190564790856,-2.909591537802,
    25.509167672422));
#2594 = CARTESIAN_POINT('',(2.52511012507,-1.458035539239,
    25.707082076511));
#2595 = CARTESIAN_POINT('',(3.375362186846,0.220066740653,
    25.806046326621));
#2596 = CARTESIAN_POINT('',(2.957078713982,2.423218545395,
    25.904988999811));
#2597 = CARTESIAN_POINT('',(0.90215572293,4.126514919246,26.003974188182
    ));
#2598 = CARTESIAN_POINT('',(-2.061170805431,3.686918643622,
    26.102900560773));
#2599 = CARTESIAN_POINT('',(-3.533170635513,1.460500391041,
    26.201885749099));
#2600 = CARTESIAN_POINT('',(-3.293903316859,-0.769234035861,
    26.300828422295));
#2601 = CARTESIAN_POINT('',(-1.993133906534,-2.128251650239,
    26.39979267248));
#2602 = CARTESIAN_POINT('',(1.026968568234,-2.728989618313,
    26.597707076355));
#2603 = CARTESIAN_POINT('',(2.748799117583,-1.971193211999,
    26.696671327532));
#2604 = CARTESIAN_POINT('',(3.823126326139,-2.77761057013E-03,
    26.79561399734));
#2605 = CARTESIAN_POINT('',(3.315209160641,2.617517636809,
    26.894599192798));
#2606 = CARTESIAN_POINT('',(0.745649841736,4.157619568391,
    26.993525554253));
#2607 = CARTESIAN_POINT('',(-1.804646188257,3.370401792756,
    27.092510756314));
#2608 = CARTESIAN_POINT('',(-3.03421860868,1.495004191777,27.19145341595
    ));
#2609 = CARTESIAN_POINT('',(-2.890861894368,-0.380730008065,
    27.290417676911));
#2610 = CARTESIAN_POINT('',(-0.937395256795,-2.761039465241,
    27.488332067096));
#2611 = CARTESIAN_POINT('',(0.874338764671,-3.267572655868,
    27.587296377495));
#2612 = CARTESIAN_POINT('',(2.953554391459,-2.427512793863,
    27.686238866707));
#2613 = CARTESIAN_POINT('',(4.22322717517,-7.977792098477E-02,
    27.785224430751));
#2614 = CARTESIAN_POINT('',(3.21396073606,2.740848120221,27.884150223274
    ));
#2615 = CARTESIAN_POINT('',(0.74315024443,3.750211256807,27.98313612042)
  );
#2616 = CARTESIAN_POINT('',(-1.397062391594,3.08054176126,
    28.082078095455));
#2617 = CARTESIAN_POINT('',(-2.476198807471,1.539635105495,
    28.181042901727));
#2618 = CARTESIAN_POINT('',(-2.476200243538,-1.478293942814E-08,
    28.279999748935));
#2619 = DEFINITIONAL_REPRESENTATION('',(#2620),#2623);
#2620 = B_SPLINE_CURVE_WITH_KNOTS('',1,(#2621,#2622),.UNSPECIFIED.,.F.,
  .F.,(2,2),(0.,181.32455624966),.PIECEWISE_BEZIER_KNOTS.);
#2621 = CARTESIAN_POINT('',(0.44,0.));
#2622 = CARTESIAN_POINT('',(0.44,181.32455624966));
#2623 = ( GEOMETRIC_REPRESENTATION_CONTEXT(2) 
PARAMETRIC_REPRESENTATION_CONTEXT() REPRESENTATION_CONTEXT('2D SPACE',''
  ) );
#2624 = ORIENTED_EDGE('',*,*,#2625,.T.);
#2625 = EDGE_CURVE('',#1217,#2626,#2628,.T.);
#2626 = VERTEX_POINT('',#2627);
#2627 = CARTESIAN_POINT('',(3.0162,-6.661338147751E-16,0.));
#2628 = SURFACE_CURVE('',#2629,(#2632,#2639),.PCURVE_S1.);
#2629 = B_SPLINE_CURVE_WITH_KNOTS('',1,(#2630,#2631),.UNSPECIFIED.,.F.,
  .F.,(2,2),(0.,0.583095189485),.PIECEWISE_BEZIER_KNOTS.);
#2630 = CARTESIAN_POINT('',(2.4762,-5.551115123126E-16,-0.22));
#2631 = CARTESIAN_POINT('',(3.0162,-6.661338147751E-16,0.));
#2632 = PCURVE('',#1514,#2633);
#2633 = DEFINITIONAL_REPRESENTATION('',(#2634),#2638);
#2634 = LINE('',#2635,#2636);
#2635 = CARTESIAN_POINT('',(0.,0.));
#2636 = VECTOR('',#2637,1.);
#2637 = DIRECTION('',(1.,0.));
#2638 = ( GEOMETRIC_REPRESENTATION_CONTEXT(2) 
PARAMETRIC_REPRESENTATION_CONTEXT() REPRESENTATION_CONTEXT('2D SPACE',''
  ) );
#2639 = PCURVE('',#2640,#2645);
#2640 = PLANE('',#2641);
#2641 = AXIS2_PLACEMENT_3D('',#2642,#2643,#2644);
#2642 = CARTESIAN_POINT('',(2.672236165105,-7.353705025995E-16,
    6.912150882997E-17));
#2643 = DIRECTION('',(-0.,-1.,-1.215755969666E-15));
#2644 = DIRECTION('',(0.,1.215755969666E-15,-1.));
#2645 = DEFINITIONAL_REPRESENTATION('',(#2646),#2649);
#2646 = B_SPLINE_CURVE_WITH_KNOTS('',1,(#2647,#2648),.UNSPECIFIED.,.F.,
  .F.,(2,2),(0.,0.583095189485),.PIECEWISE_BEZIER_KNOTS.);
#2647 = CARTESIAN_POINT('',(0.22,-0.196036165105));
#2648 = CARTESIAN_POINT('',(6.912150882997E-17,0.343963834895));
#2649 = ( GEOMETRIC_REPRESENTATION_CONTEXT(2) 
PARAMETRIC_REPRESENTATION_CONTEXT() REPRESENTATION_CONTEXT('2D SPACE',''
  ) );
#2650 = ORIENTED_EDGE('',*,*,#2651,.T.);
#2651 = EDGE_CURVE('',#2626,#2652,#2654,.T.);
#2652 = VERTEX_POINT('',#2653);
#2653 = CARTESIAN_POINT('',(-3.0162,2.041459490343E-08,28.500000346709)
  );
#2654 = SURFACE_CURVE('',#2655,(#2946,#2953),.PCURVE_S1.);
#2655 = B_SPLINE_CURVE_WITH_KNOTS('',10,(#2656,#2657,#2658,#2659,#2660,
    #2661,#2662,#2663,#2664,#2665,#2666,#2667,#2668,#2669,#2670,#2671,
    #2672,#2673,#2674,#2675,#2676,#2677,#2678,#2679,#2680,#2681,#2682,
    #2683,#2684,#2685,#2686,#2687,#2688,#2689,#2690,#2691,#2692,#2693,
    #2694,#2695,#2696,#2697,#2698,#2699,#2700,#2701,#2702,#2703,#2704,
    #2705,#2706,#2707,#2708,#2709,#2710,#2711,#2712,#2713,#2714,#2715,
    #2716,#2717,#2718,#2719,#2720,#2721,#2722,#2723,#2724,#2725,#2726,
    #2727,#2728,#2729,#2730,#2731,#2732,#2733,#2734,#2735,#2736,#2737,
    #2738,#2739,#2740,#2741,#2742,#2743,#2744,#2745,#2746,#2747,#2748,
    #2749,#2750,#2751,#2752,#2753,#2754,#2755,#2756,#2757,#2758,#2759,
    #2760,#2761,#2762,#2763,#2764,#2765,#2766,#2767,#2768,#2769,#2770,
    #2771,#2772,#2773,#2774,#2775,#2776,#2777,#2778,#2779,#2780,#2781,
    #2782,#2783,#2784,#2785,#2786,#2787,#2788,#2789,#2790,#2791,#2792,
    #2793,#2794,#2795,#2796,#2797,#2798,#2799,#2800,#2801,#2802,#2803,
    #2804,#2805,#2806,#2807,#2808,#2809,#2810,#2811,#2812,#2813,#2814,
    #2815,#2816,#2817,#2818,#2819,#2820,#2821,#2822,#2823,#2824,#2825,
    #2826,#2827,#2828,#2829,#2830,#2831,#2832,#2833,#2834,#2835,#2836,
    #2837,#2838,#2839,#2840,#2841,#2842,#2843,#2844,#2845,#2846,#2847,
    #2848,#2849,#2850,#2851,#2852,#2853,#2854,#2855,#2856,#2857,#2858,
    #2859,#2860,#2861,#2862,#2863,#2864,#2865,#2866,#2867,#2868,#2869,
    #2870,#2871,#2872,#2873,#2874,#2875,#2876,#2877,#2878,#2879,#2880,
    #2881,#2882,#2883,#2884,#2885,#2886,#2887,#2888,#2889,#2890,#2891,
    #2892,#2893,#2894,#2895,#2896,#2897,#2898,#2899,#2900,#2901,#2902,
    #2903,#2904,#2905,#2906,#2907,#2908,#2909,#2910,#2911,#2912,#2913,
    #2914,#2915,#2916,#2917,#2918,#2919,#2920,#2921,#2922,#2923,#2924,
    #2925,#2926,#2927,#2928,#2929,#2930,#2931,#2932,#2933,#2934,#2935,
    #2936,#2937,#2938,#2939,#2940,#2941,#2942,#2943,#2944,#2945),
  .UNSPECIFIED.,.F.,.F.,(11,9,9,9,9,9,9,9,9,9,9,9,9,9,9,9,9,9,9,9,9,9,9,
    9,9,9,9,9,9,9,9,9,11),(0.,5.666392382802,11.332784765604,
    16.999177148406,22.665569531209,28.331961914011,33.998354296813,
    39.664746679615,45.331139062417,50.997531445219,56.663923828022,
    62.330316210824,67.996708593626,73.663100976428,79.32949335923,
    84.995885742032,90.662278124834,96.328670507637,101.99506289043,
    107.66145527324,113.32784765604,118.99424003884,124.66063242164,
    130.32702480445,135.99341718725,141.65980957005,147.32620195285,
    152.99259433565,158.65898671846,164.32537910126,169.99177148406,
    175.65816386686,181.32455624966),.UNSPECIFIED.);
#2656 = CARTESIAN_POINT('',(3.0162,-6.661338147751E-16,0.));
#2657 = CARTESIAN_POINT('',(3.016199999519,1.687854777988,
    8.906438175665E-02));
#2658 = CARTESIAN_POINT('',(1.966958926446,3.376102482207,0.178119767439
    ));
#2659 = CARTESIAN_POINT('',(-0.133659710487,4.327109688642,
    0.267196729447));
#2660 = CARTESIAN_POINT('',(-2.688421237971,3.82226686191,0.356242376115
    ));
#2661 = CARTESIAN_POINT('',(-4.558205207441,1.630951885996,
    0.445313203811));
#2662 = CARTESIAN_POINT('',(-4.502998133722,-1.249135776037,
    0.534381976846));
#2663 = CARTESIAN_POINT('',(-2.848409721647,-3.260108224553,
    0.623429431001));
#2664 = CARTESIAN_POINT('',(-0.621296940943,-3.857588008277,
    0.712505003197));
#2665 = CARTESIAN_POINT('',(1.260790362011,-3.218186437544,
    0.801561310678));
#2666 = CARTESIAN_POINT('',(3.402317880561,-0.60872762329,0.979689041952
    ));
#2667 = CARTESIAN_POINT('',(3.662256528848,1.36193695741,1.068745286659)
  );
#2668 = CARTESIAN_POINT('',(2.641769002646,3.4296938694,1.157821085958)
  );
#2669 = CARTESIAN_POINT('',(0.346642677342,4.660168593296,1.24686802847)
  );
#2670 = CARTESIAN_POINT('',(-2.488875325727,4.152437648819,
    1.335937664294));
#2671 = CARTESIAN_POINT('',(-4.273307992724,1.891076748423,
    1.425007335213));
#2672 = CARTESIAN_POINT('',(-4.270041245088,-0.713085731691,
    1.514054246853));
#2673 = CARTESIAN_POINT('',(-2.927496958593,-2.587809250903,
    1.603130069889));
#2674 = CARTESIAN_POINT('',(-1.066991733285,-3.287528695039,
    1.692186298853));
#2675 = CARTESIAN_POINT('',(2.243854570968,-2.628960430293,
    1.870314047755));
#2676 = CARTESIAN_POINT('',(3.694966239341,-1.270519441547,
    1.959370277791));
#2677 = CARTESIAN_POINT('',(4.21788981139,0.975268698866,2.048446096949)
  );
#2678 = CARTESIAN_POINT('',(3.224338072342,3.382451250973,2.137493017327
    ));
#2679 = CARTESIAN_POINT('',(0.710351912985,4.788803500875,2.22656267351)
  );
#2680 = CARTESIAN_POINT('',(-2.103625359488,4.17277998663,2.315632329091
    ));
#2681 = CARTESIAN_POINT('',(-3.75316331811,2.157662764121,2.404679249999
    ));
#2682 = CARTESIAN_POINT('',(-3.904674560595,-0.143219192271,
    2.493755068749));
#2683 = CARTESIAN_POINT('',(-2.910381889118,-1.864401657149,
    2.582811299055));
#2684 = CARTESIAN_POINT('',(6.672819787914E-02,-3.455700164552,
    2.760939047656));
#2685 = CARTESIAN_POINT('',(2.050238526709,-3.326186576971,
    2.849995277941));
#2686 = CARTESIAN_POINT('',(3.87917682816,-1.921908070619,2.939071096763
    ));
#2687 = CARTESIAN_POINT('',(4.638251392717,0.569171756016,3.028118017515
    ));
#2688 = CARTESIAN_POINT('',(3.587094234443,3.251152682294,3.117187673355
    ));
#2689 = CARTESIAN_POINT('',(1.021059206965,4.560128349698,3.206257329194
    ));
#2690 = CARTESIAN_POINT('',(-1.532427711028,4.048877474878,
    3.295304249947));
#2691 = CARTESIAN_POINT('',(-3.109211546059,2.366389385337,
    3.384380068768));
#2692 = CARTESIAN_POINT('',(-3.432519513845,0.405124754566,
    3.473436299053));
#2693 = CARTESIAN_POINT('',(-2.14069138198,-2.713624271485,
    3.651564047656));
#2694 = CARTESIAN_POINT('',(-0.525254613276,-3.871834546109,
    3.740620277945));
#2695 = CARTESIAN_POINT('',(1.779398665837,-3.946578756866,
    3.829696096757));
#2696 = CARTESIAN_POINT('',(3.946495551434,-2.502499816629,
    3.918743017522));
#2697 = CARTESIAN_POINT('',(4.835370767874,0.237546516881,4.007812673348
    ));
#2698 = CARTESIAN_POINT('',(3.682204240447,2.877273779378,4.0968823292)
  );
#2699 = CARTESIAN_POINT('',(1.383998038823,4.101986460797,4.185929249941
    ));
#2700 = CARTESIAN_POINT('',(-0.902231493048,3.801706655462,
    4.275005068772));
#2701 = CARTESIAN_POINT('',(-2.396365042029,2.490732997538,
    4.364061299051));
#2702 = CARTESIAN_POINT('',(-3.376281829268,-0.739619692161,
    4.542189047658));
#2703 = CARTESIAN_POINT('',(-2.862293140184,-2.659750578699,
    4.631245277939));
#2704 = CARTESIAN_POINT('',(-1.128189289386,-4.179585197524,
    4.720321096765));
#2705 = CARTESIAN_POINT('',(1.463113238116,-4.43808879162,4.809368017514
    ));
#2706 = CARTESIAN_POINT('',(3.88849006444,-2.883900800853,4.898437673356
    ));
#2707 = CARTESIAN_POINT('',(4.671705531616,-0.111802932429,
    4.987507329192));
#2708 = CARTESIAN_POINT('',(3.672117613906,2.292879352633,5.076554249948
    ));
#2709 = CARTESIAN_POINT('',(1.714342795105,3.511128585237,5.165630068767
    ));
#2710 = CARTESIAN_POINT('',(-0.272310941278,3.445600532701,
    5.254686299053));
#2711 = CARTESIAN_POINT('',(-3.079110913065,1.570156764378,
    5.432814047656));
#2712 = CARTESIAN_POINT('',(-3.899910422626,-0.240195455232,
    5.521870277943));
#2713 = CARTESIAN_POINT('',(-3.523602893969,-2.515147339955,
    5.610946096759));
#2714 = CARTESIAN_POINT('',(-1.684491896405,-4.358878241105,
    5.69999301752));
#2715 = CARTESIAN_POINT('',(1.17631616735,-4.696117447939,5.789062673349
    ));
#2716 = CARTESIAN_POINT('',(3.540350181492,-3.050123450331,
    5.878132329199));
#2717 = CARTESIAN_POINT('',(4.293172564233,-0.557147045037,
    5.967179249943));
#2718 = CARTESIAN_POINT('',(3.552641295573,1.626571543521,6.05625506877)
  );
#2719 = CARTESIAN_POINT('',(1.975366633683,2.836237462241,6.145311299052
    ));
#2720 = CARTESIAN_POINT('',(-1.384088016457,3.167114876725,
    6.323439047657));
#2721 = CARTESIAN_POINT('',(-3.167049907555,2.288403383211,
    6.412495277943));
#2722 = CARTESIAN_POINT('',(-4.319374451684,0.291114826458,
    6.501571096755));
#2723 = CARTESIAN_POINT('',(-4.067372927173,-2.300828098999,
    6.590618017528));
#2724 = CARTESIAN_POINT('',(-2.069880676794,-4.376394954099,
    6.679687673339));
#2725 = CARTESIAN_POINT('',(0.801749866098,-4.603751689878,
    6.768757329208));
#2726 = CARTESIAN_POINT('',(2.965216926578,-3.154240332379,
    6.857804249938));
#2727 = CARTESIAN_POINT('',(3.778114921948,-0.99641497267,6.946880068772
    ));
#2728 = CARTESIAN_POINT('',(3.3262690554,0.939281880362,7.035936299052)
  );
#2729 = CARTESIAN_POINT('',(0.939281902874,3.326269049041,7.214064047654
    ));
#2730 = CARTESIAN_POINT('',(-0.996414947095,3.778114928696,
    7.303120277952));
#2731 = CARTESIAN_POINT('',(-3.154240312316,2.96521694792,7.392196096742
    ));
#2732 = CARTESIAN_POINT('',(-4.603751684446,0.801749897267,
    7.481243017543));
#2733 = CARTESIAN_POINT('',(-4.376394968106,-2.069880647181,
    7.570312673325));
#2734 = CARTESIAN_POINT('',(-2.300828126537,-4.067372911595,
    7.65938232922));
#2735 = CARTESIAN_POINT('',(0.291114797232,-4.319374453656,
    7.748429249928));
#2736 = CARTESIAN_POINT('',(2.28840336177,-3.167049923044,7.837505068778
    ));
#2737 = CARTESIAN_POINT('',(3.167114867359,-1.384088037893,7.92656129905
    ));
#2738 = CARTESIAN_POINT('',(2.836237475609,1.975366614486,8.104689047657
    ));
#2739 = CARTESIAN_POINT('',(1.626571567572,3.552641284565,8.193745277946
    ));
#2740 = CARTESIAN_POINT('',(-0.557147015991,4.293172568003,
    8.282821096752));
#2741 = CARTESIAN_POINT('',(-3.050123426357,3.540350202138,8.37186801753
    ));
#2742 = CARTESIAN_POINT('',(-4.696117439983,1.176316199133,
    8.460937673339));
#2743 = CARTESIAN_POINT('',(-4.358878252508,-1.684491866901,
    8.550007329207));
#2744 = CARTESIAN_POINT('',(-2.515147363799,-3.523602876947,
    8.639054249938));
#2745 = CARTESIAN_POINT('',(-0.240195481631,-3.899910421,8.728130068772)
  );
#2746 = CARTESIAN_POINT('',(1.570156743539,-3.079110923693,
    8.817186299051));
#2747 = CARTESIAN_POINT('',(3.445600530856,-0.272310964598,
    8.995314047658));
#2748 = CARTESIAN_POINT('',(3.511128596847,1.714342771338,9.084370277939
    ));
#2749 = CARTESIAN_POINT('',(2.292879377473,3.672117598391,9.173446096764
    ));
#2750 = CARTESIAN_POINT('',(-0.111802900792,4.671705532372,
    9.262493017516));
#2751 = CARTESIAN_POINT('',(-2.883900774549,3.888490083954,
    9.351562673352));
#2752 = CARTESIAN_POINT('',(-4.438088781711,1.463113268163,
    9.440632329196));
#2753 = CARTESIAN_POINT('',(-4.179585205161,-1.128189261106,
    9.529679249945));
#2754 = CARTESIAN_POINT('',(-2.659750598073,-2.862293122177,
    9.618755068768));
#2755 = CARTESIAN_POINT('',(-0.739619715013,-3.376281824263,
    9.707811299052));
#2756 = CARTESIAN_POINT('',(2.490732981319,-2.396365058886,
    9.885939047657));
#2757 = CARTESIAN_POINT('',(3.801706649354,-0.902231518783,
    9.974995277944));
#2758 = CARTESIAN_POINT('',(4.101986470167,1.383998011065,
    10.064071096754));
#2759 = CARTESIAN_POINT('',(2.877273804296,3.68220422097,10.153118017529
    ));
#2760 = CARTESIAN_POINT('',(0.237546549613,4.835370766262,
    10.242187673339));
#2761 = CARTESIAN_POINT('',(-2.502499789922,3.946495568383,
    10.331257329207));
#2762 = CARTESIAN_POINT('',(-3.946578744821,1.779398692537,
    10.420304249939));
#2763 = CARTESIAN_POINT('',(-3.871834549665,-0.525254587063,
    10.509380068771));
#2764 = CARTESIAN_POINT('',(-2.713624285974,-2.140691363615,
    10.598436299052));
#2765 = CARTESIAN_POINT('',(0.405124731333,-3.432519516585,
    10.776564047657));
#2766 = CARTESIAN_POINT('',(2.366389364293,-3.109211562083,
    10.865620277942));
#2767 = CARTESIAN_POINT('',(4.048877464507,-1.532427738418,
    10.95469609676));
#2768 = CARTESIAN_POINT('',(4.560128356609,1.021059176082,
    11.043743017518));
#2769 = CARTESIAN_POINT('',(3.25115270657,3.587094212454,11.132812673352
    ));
#2770 = CARTESIAN_POINT('',(0.569171787415,4.638251388857,
    11.221882329196));
#2771 = CARTESIAN_POINT('',(-1.921908044369,3.879176841169,
    11.310929249945));
#2772 = CARTESIAN_POINT('',(-3.326186563092,2.050238549223,
    11.40000506877));
#2773 = CARTESIAN_POINT('',(-3.455700164101,6.672822126752E-02,
    11.489061299051));
#2774 = CARTESIAN_POINT('',(-1.864401676846,-2.910381876498,
    11.66718904766));
#2775 = CARTESIAN_POINT('',(-0.143219218703,-3.904674559631,
    11.756245277929));
#2776 = CARTESIAN_POINT('',(2.157662738727,-3.753163332701,
    11.845321096783));
#2777 = CARTESIAN_POINT('',(4.172779972383,-2.103625387751,
    11.934368017489));
#2778 = CARTESIAN_POINT('',(4.788803505688,0.710351880596,
    12.023437673381));
#2779 = CARTESIAN_POINT('',(3.382451272795,3.224338049428,12.11250732917
    ));
#2780 = CARTESIAN_POINT('',(0.975268727415,4.217889804802,
    12.201554249964));
#2781 = CARTESIAN_POINT('',(-1.270519416542,3.694966247933,
    12.290630068757));
#2782 = CARTESIAN_POINT('',(-2.628960415102,2.243854588764,
    12.379686299057));
#2783 = CARTESIAN_POINT('',(-3.287528702271,-1.066991711037,
    12.55781404765));
#2784 = CARTESIAN_POINT('',(-2.587809270654,-2.92749694106,
    12.646870277961));
#2785 = CARTESIAN_POINT('',(-0.713085760771,-4.270041240307,
    12.73594609673));
#2786 = CARTESIAN_POINT('',(1.891076719855,-4.273308005442,
    12.824993017554));
#2787 = CARTESIAN_POINT('',(4.152437631432,-2.488875353947,
    12.914062673315));
#2788 = CARTESIAN_POINT('',(4.660168596299,0.346642645934,
    13.003132329228));
#2789 = CARTESIAN_POINT('',(3.429693886634,2.641768979303,
    13.092179249922));
#2790 = CARTESIAN_POINT('',(1.361936982716,3.662256519734,13.18125506878
    ));
#2791 = CARTESIAN_POINT('',(-0.608727600599,3.402317884612,
    13.27031129905));
#2792 = CARTESIAN_POINT('',(-3.218186428325,1.260790383934,
    13.448439047653));
#2793 = CARTESIAN_POINT('',(-3.857588016346,-0.621296915629,
    13.537495277959));
#2794 = CARTESIAN_POINT('',(-3.260108233166,-2.848409697382,
    13.626571096725));
#2795 = CARTESIAN_POINT('',(-1.249135827266,-4.502998129555,
    13.71561801757));
#2796 = CARTESIAN_POINT('',(1.630951886378,-4.558205212015,
    13.804687673294));
#2797 = CARTESIAN_POINT('',(3.822266805952,-2.688421271666,
    13.893757329247));
#2798 = CARTESIAN_POINT('',(4.327109724985,-0.133659732052,
    13.982804249908));
#2799 = CARTESIAN_POINT('',(3.376102465465,1.966958897363,
    14.071880068789));
#2800 = CARTESIAN_POINT('',(1.687854818074,3.016199992173,
    14.160936299045));
#2801 = CARTESIAN_POINT('',(-1.68785479766,3.016200003596,
    14.339064047663));
#2802 = CARTESIAN_POINT('',(-3.376102452152,1.966958920216,
    14.428120277926));
#2803 = CARTESIAN_POINT('',(-4.327109725888,-0.133659702767,
    14.517196096788));
#2804 = CARTESIAN_POINT('',(-3.822266824153,-2.688421245796,
    14.606243017484));
#2805 = CARTESIAN_POINT('',(-1.630951917219,-4.558205200971,
    14.695312673388));
#2806 = CARTESIAN_POINT('',(1.249135796775,-4.502998138018,
    14.784382329164));
#2807 = CARTESIAN_POINT('',(3.260108213897,-2.84840971944,
    14.873429249968));
#2808 = CARTESIAN_POINT('',(3.857588012136,-0.621296941742,
    14.962505068758));
#2809 = CARTESIAN_POINT('',(3.21818643686,1.260790362153,15.051561299054
    ));
#2810 = CARTESIAN_POINT('',(0.608727623626,3.402317880491,
    15.229689047659));
#2811 = CARTESIAN_POINT('',(-1.361936957925,3.662256528956,
    15.318745277931));
#2812 = CARTESIAN_POINT('',(-3.429693868759,2.64176900251,
    15.407821096779));
#2813 = CARTESIAN_POINT('',(-4.660168593949,0.346642677481,
    15.496868017496));
#2814 = CARTESIAN_POINT('',(-4.152437648276,-2.488875325844,
    15.585937673374));
#2815 = CARTESIAN_POINT('',(-1.891076748786,-4.273307992645,
    15.675007329175));
#2816 = CARTESIAN_POINT('',(0.713085731878,-4.27004124513,
    15.764054249961));
#2817 = CARTESIAN_POINT('',(2.587809250835,-2.927496958578,
    15.853130068761));
#2818 = CARTESIAN_POINT('',(3.287528695051,-1.066991733288,
    15.942186299053));
#2819 = CARTESIAN_POINT('',(2.628960430288,2.24385457097,16.12031404766)
  );
#2820 = CARTESIAN_POINT('',(1.270519441555,3.694966239338,
    16.209370277926));
#2821 = CARTESIAN_POINT('',(-0.975268698875,4.217889811393,
    16.298446096791));
#2822 = CARTESIAN_POINT('',(-3.382451250965,3.224338072339,
    16.387493017476));
#2823 = CARTESIAN_POINT('',(-4.78880350088,0.710351912987,
    16.476562673397));
#2824 = CARTESIAN_POINT('',(-4.172779986628,-2.103625359488,
    16.565632329156));
#2825 = CARTESIAN_POINT('',(-2.157662764121,-3.753163318112,
    16.654679249974));
#2826 = CARTESIAN_POINT('',(0.14321919227,-3.904674560594,
    16.743755068754));
#2827 = CARTESIAN_POINT('',(1.864401657149,-2.910381889119,
    16.832811299056));
#2828 = CARTESIAN_POINT('',(3.455700164552,6.672819787938E-02,
    17.010939047658));
#2829 = CARTESIAN_POINT('',(3.326186576973,2.050238526709,
    17.099995277934));
#2830 = CARTESIAN_POINT('',(1.921908070616,3.879176828162,
    17.189071096778));
#2831 = CARTESIAN_POINT('',(-0.56917175601,4.638251392712,
    17.278118017494));
#2832 = CARTESIAN_POINT('',(-3.251152682301,3.58709423445,
    17.367187673379));
#2833 = CARTESIAN_POINT('',(-4.560128349693,1.021059206958,
    17.456257329172));
#2834 = CARTESIAN_POINT('',(-4.048877474881,-1.532427711024,
    17.545304249963));
#2835 = CARTESIAN_POINT('',(-2.366389385337,-3.109211546061,
    17.63438006876));
#2836 = CARTESIAN_POINT('',(-0.405124754565,-3.432519513845,
    17.723436299054));
#2837 = CARTESIAN_POINT('',(2.713624271485,-2.14069138198,
    17.901564047659));
#2838 = CARTESIAN_POINT('',(3.871834546113,-0.525254613273,
    17.990620277931));
#2839 = CARTESIAN_POINT('',(3.946578756857,1.779398665832,
    18.079696096778));
#2840 = CARTESIAN_POINT('',(2.502499816644,3.946495551442,
    18.168743017498));
#2841 = CARTESIAN_POINT('',(-0.237546516898,4.835370767865,
    18.257812673371));
#2842 = CARTESIAN_POINT('',(-2.877273779363,3.682204240454,
    18.34688232918));
#2843 = CARTESIAN_POINT('',(-4.101986460806,1.38399803882,
    18.435929249957));
#2844 = CARTESIAN_POINT('',(-3.801706655458,-0.902231493047,
    18.525005068762));
#2845 = CARTESIAN_POINT('',(-2.490732997539,-2.396365042029,
    18.614061299054));
#2846 = CARTESIAN_POINT('',(0.739619692161,-3.376281829268,
    18.792189047657));
#2847 = CARTESIAN_POINT('',(2.659750578698,-2.862293140183,
    18.881245277938));
#2848 = CARTESIAN_POINT('',(4.179585197527,-1.128189289387,
    18.97032109677));
#2849 = CARTESIAN_POINT('',(4.438088791615,1.463113238116,
    19.059368017505));
#2850 = CARTESIAN_POINT('',(2.88390080086,3.88849006444,19.148437673367)
  );
#2851 = CARTESIAN_POINT('',(0.111802932423,4.671705531616,
    19.237507329183));
#2852 = CARTESIAN_POINT('',(-2.292879352629,3.672117613906,
    19.326554249953));
#2853 = CARTESIAN_POINT('',(-3.511128585239,1.714342795105,
    19.415630068766));
#2854 = CARTESIAN_POINT('',(-3.4456005327,-0.272310941278,
    19.504686299051));
#2855 = CARTESIAN_POINT('',(-1.570156764378,-3.079110913065,
    19.682814047664));
#2856 = CARTESIAN_POINT('',(0.240195455234,-3.899910422629,
    19.771870277915));
#2857 = CARTESIAN_POINT('',(2.51514733995,-3.523602893963,
    19.860946096811));
#2858 = CARTESIAN_POINT('',(4.358878241115,-1.684491896416,
    19.949993017452));
#2859 = CARTESIAN_POINT('',(4.696117447927,1.176316167365,
    20.039062673419));
#2860 = CARTESIAN_POINT('',(3.050123450341,3.540350181479,
    20.128132329139));
#2861 = CARTESIAN_POINT('',(0.557147045031,4.293172564241,
    20.217179249985));
#2862 = CARTESIAN_POINT('',(-1.626571543519,3.55264129557,
    20.306255068748));
#2863 = CARTESIAN_POINT('',(-2.836237462241,1.975366633683,
    20.395311299056));
#2864 = CARTESIAN_POINT('',(-3.167114876725,-1.384088016457,
    20.57343904766));
#2865 = CARTESIAN_POINT('',(-2.288403383211,-3.167049907558,
    20.662495277928));
#2866 = CARTESIAN_POINT('',(-0.291114826458,-4.319374451677,
    20.751571096785));
#2867 = CARTESIAN_POINT('',(2.300828098999,-4.067372927186,
    20.840618017488));
#2868 = CARTESIAN_POINT('',(4.376394954099,-2.069880676777,
    20.929687673383));
#2869 = CARTESIAN_POINT('',(4.603751689877,0.801749866083,
    21.018757329167));
#2870 = CARTESIAN_POINT('',(3.15424033238,2.965216926587,21.107804249967
    ));
#2871 = CARTESIAN_POINT('',(0.996414972669,3.778114921945,
    21.196880068758));
#2872 = CARTESIAN_POINT('',(-0.939281880362,3.3262690554,21.285936299053
    ));
#2873 = CARTESIAN_POINT('',(-3.326269049041,0.939281902874,
    21.464064047664));
#2874 = CARTESIAN_POINT('',(-3.778114928696,-0.996414947097,
    21.553120277913));
#2875 = CARTESIAN_POINT('',(-2.965216947918,-3.154240312307,
    21.642196096815));
#2876 = CARTESIAN_POINT('',(-0.80174989727,-4.603751684465,
    21.731243017444));
#2877 = CARTESIAN_POINT('',(2.069880647184,-4.376394968081,
    21.820312673431));
#2878 = CARTESIAN_POINT('',(4.067372911591,-2.300828126559,
    21.909382329126));
#2879 = CARTESIAN_POINT('',(4.31937445366,0.291114797246,21.998429249995
    ));
#2880 = CARTESIAN_POINT('',(3.167049923041,2.288403361765,
    22.087505068742));
#2881 = CARTESIAN_POINT('',(1.384088037894,3.16711486736,22.176561299061
    ));
#2882 = CARTESIAN_POINT('',(-1.975366614487,2.836237475609,
    22.35468904765));
#2883 = CARTESIAN_POINT('',(-3.552641284562,1.626571567571,
    22.443745277957));
#2884 = CARTESIAN_POINT('',(-4.293172568007,-0.557147015985,
    22.532821096742));
#2885 = CARTESIAN_POINT('',(-3.540350202134,-3.050123426367,
    22.621868017534));
#2886 = CARTESIAN_POINT('',(-1.176316199134,-4.696117439972,
    22.71093767334));
#2887 = CARTESIAN_POINT('',(1.6844918669,-4.358878252517,22.800007329205
    ));
#2888 = CARTESIAN_POINT('',(3.523602876948,-2.515147363794,
    22.889054249938));
#2889 = CARTESIAN_POINT('',(3.899910420999,-0.240195481633,
    22.978130068774));
#2890 = CARTESIAN_POINT('',(3.079110923693,1.570156743539,
    23.067186299049));
#2891 = CARTESIAN_POINT('',(0.272310964599,3.445600530856,
    23.245314047663));
#2892 = CARTESIAN_POINT('',(-1.71434277134,3.511128596848,
    23.334370277925));
#2893 = CARTESIAN_POINT('',(-3.672117598384,2.292879377471,
    23.423446096788));
#2894 = CARTESIAN_POINT('',(-4.671705532384,-0.111802900788,
    23.512493017486));
#2895 = CARTESIAN_POINT('',(-3.88849008394,-2.883900774554,
    23.601562673385));
#2896 = CARTESIAN_POINT('',(-1.463113268176,-4.438088781705,
    23.690632329166));
#2897 = CARTESIAN_POINT('',(1.128189261113,-4.179585205165,
    23.779679249967));
#2898 = CARTESIAN_POINT('',(2.862293122174,-2.659750598071,
    23.868755068759));
#2899 = CARTESIAN_POINT('',(3.376281824263,-0.739619715013,
    23.957811299053));
#2900 = CARTESIAN_POINT('',(2.396365058886,2.490732981318,
    24.135939047663));
#2901 = CARTESIAN_POINT('',(0.902231518782,3.801706649357,
    24.224995277918));
#2902 = CARTESIAN_POINT('',(-1.383998011062,4.10198647016,
    24.314071096801));
#2903 = CARTESIAN_POINT('',(-3.682204220978,2.877273804308,
    24.40311801747));
#2904 = CARTESIAN_POINT('',(-4.83537076625,0.237546549597,24.4921876734)
  );
#2905 = CARTESIAN_POINT('',(-3.946495568394,-2.502499789907,
    24.581257329153));
#2906 = CARTESIAN_POINT('',(-1.779398692532,-3.94657874483,
    24.670304249979));
#2907 = CARTESIAN_POINT('',(0.525254587062,-3.871834549661,
    24.759380068747));
#2908 = CARTESIAN_POINT('',(2.140691363615,-2.713624285975,
    24.848436299062));
#2909 = CARTESIAN_POINT('',(3.432519516586,0.405124731335,
    25.026564047644));
#2910 = CARTESIAN_POINT('',(3.10921156208,2.366389364288,25.115620277978
    ));
#2911 = CARTESIAN_POINT('',(1.532427738427,4.048877464515,
    25.204696096706));
#2912 = CARTESIAN_POINT('',(-1.021059176097,4.560128356599,
    25.293743017578));
#2913 = CARTESIAN_POINT('',(-3.587094212436,3.25115270658,
    25.382812673296));
#2914 = CARTESIAN_POINT('',(-4.638251388872,0.569171787406,
    25.471882329243));
#2915 = CARTESIAN_POINT('',(-3.879176841161,-1.921908044363,
    25.560929249911));
#2916 = CARTESIAN_POINT('',(-2.050238549226,-3.326186563094,
    25.650005068788));
#2917 = CARTESIAN_POINT('',(-6.672822126715E-02,-3.455700164101,
    25.739061299046));
#2918 = CARTESIAN_POINT('',(2.910381876498,-1.864401676847,
    25.917189047661));
#2919 = CARTESIAN_POINT('',(3.904674559631,-0.143219218701,
    26.006245277939));
#2920 = CARTESIAN_POINT('',(3.753163332702,2.15766273872,26.095321096746
    ));
#2921 = CARTESIAN_POINT('',(2.103625387751,4.172779972395,
    26.184368017572));
#2922 = CARTESIAN_POINT('',(-0.710351880596,4.788803505672,
    26.27343767325));
#2923 = CARTESIAN_POINT('',(-3.224338049428,3.382451272812,
    26.362507329335));
#2924 = CARTESIAN_POINT('',(-4.217889804801,0.975268727402,
    26.451554249797));
#2925 = CARTESIAN_POINT('',(-3.694966247935,-1.270519416532,
    26.540630068898));
#2926 = CARTESIAN_POINT('',(-2.243854588763,-2.628960415107,
    26.629686298961));
#2927 = CARTESIAN_POINT('',(1.066991711035,-3.28752870226,
    26.807814047852));
#2928 = CARTESIAN_POINT('',(2.927496941076,-2.587809270719,
    26.896870276827));
#2929 = CARTESIAN_POINT('',(4.270041240262,-0.713085760591,
    26.985946099848));
#2930 = CARTESIAN_POINT('',(4.273308005529,1.891076719504,
    27.074993011504));
#2931 = CARTESIAN_POINT('',(2.488875353819,4.152437631962,
    27.164062682405));
#2932 = CARTESIAN_POINT('',(-0.346642645785,4.660168595656,
    27.253132318251));
#2933 = CARTESIAN_POINT('',(-2.641768979444,3.429693887269,
    27.342179260741));
#2934 = CARTESIAN_POINT('',(-3.662256519625,1.361936982203,
    27.431255060056));
#2935 = CARTESIAN_POINT('',(-3.402317884682,-0.608727600263,
    27.520311304756));
#2936 = CARTESIAN_POINT('',(-1.260790383791,-3.21818642901,
    27.69843903603));
#2937 = CARTESIAN_POINT('',(0.621296914831,-3.857588012484,
    27.787495343518));
#2938 = CARTESIAN_POINT('',(2.848409699581,-3.260108243827,
    27.876570915702));
#2939 = CARTESIAN_POINT('',(4.502998125278,-1.249135806521,
    27.965618369868));
#2940 = CARTESIAN_POINT('',(4.558205218459,1.630951855149,
    28.054687142895));
#2941 = CARTESIAN_POINT('',(2.688421263864,3.822266843712,
    28.143757970597));
#2942 = CARTESIAN_POINT('',(0.133659739759,4.327109687738,28.23280361726
    ));
#2943 = CARTESIAN_POINT('',(-1.966958903588,3.376102495521,
    28.321880579271));
#2944 = CARTESIAN_POINT('',(-3.016199988097,1.687854798403,
    28.410935964952));
#2945 = CARTESIAN_POINT('',(-3.0162,2.041459490343E-08,28.500000346709)
  );
#2946 = PCURVE('',#1514,#2947);
#2947 = DEFINITIONAL_REPRESENTATION('',(#2948),#2952);
#2948 = LINE('',#2949,#2950);
#2949 = CARTESIAN_POINT('',(0.583095189485,0.));
#2950 = VECTOR('',#2951,1.);
#2951 = DIRECTION('',(0.,1.));
#2952 = ( GEOMETRIC_REPRESENTATION_CONTEXT(2) 
PARAMETRIC_REPRESENTATION_CONTEXT() REPRESENTATION_CONTEXT('2D SPACE',''
  ) );
#2953 = PCURVE('',#2954,#3535);
#2954 = B_SPLINE_SURFACE_WITH_KNOTS('',1,10,(
    (#2955,#2956,#2957,#2958,#2959,#2960,#2961,#2962,#2963,#2964,#2965
      ,#2966,#2967,#2968,#2969,#2970,#2971,#2972,#2973,#2974,#2975,#2976
      ,#2977,#2978,#2979,#2980,#2981,#2982,#2983,#2984,#2985,#2986,#2987
      ,#2988,#2989,#2990,#2991,#2992,#2993,#2994,#2995,#2996,#2997,#2998
      ,#2999,#3000,#3001,#3002,#3003,#3004,#3005,#3006,#3007,#3008,#3009
      ,#3010,#3011,#3012,#3013,#3014,#3015,#3016,#3017,#3018,#3019,#3020
      ,#3021,#3022,#3023,#3024,#3025,#3026,#3027,#3028,#3029,#3030,#3031
      ,#3032,#3033,#3034,#3035,#3036,#3037,#3038,#3039,#3040,#3041,#3042
      ,#3043,#3044,#3045,#3046,#3047,#3048,#3049,#3050,#3051,#3052,#3053
      ,#3054,#3055,#3056,#3057,#3058,#3059,#3060,#3061,#3062,#3063,#3064
      ,#3065,#3066,#3067,#3068,#3069,#3070,#3071,#3072,#3073,#3074,#3075
      ,#3076,#3077,#3078,#3079,#3080,#3081,#3082,#3083,#3084,#3085,#3086
      ,#3087,#3088,#3089,#3090,#3091,#3092,#3093,#3094,#3095,#3096,#3097
      ,#3098,#3099,#3100,#3101,#3102,#3103,#3104,#3105,#3106,#3107,#3108
      ,#3109,#3110,#3111,#3112,#3113,#3114,#3115,#3116,#3117,#3118,#3119
      ,#3120,#3121,#3122,#3123,#3124,#3125,#3126,#3127,#3128,#3129,#3130
      ,#3131,#3132,#3133,#3134,#3135,#3136,#3137,#3138,#3139,#3140,#3141
      ,#3142,#3143,#3144,#3145,#3146,#3147,#3148,#3149,#3150,#3151,#3152
      ,#3153,#3154,#3155,#3156,#3157,#3158,#3159,#3160,#3161,#3162,#3163
      ,#3164,#3165,#3166,#3167,#3168,#3169,#3170,#3171,#3172,#3173,#3174
      ,#3175,#3176,#3177,#3178,#3179,#3180,#3181,#3182,#3183,#3184,#3185
      ,#3186,#3187,#3188,#3189,#3190,#3191,#3192,#3193,#3194,#3195,#3196
      ,#3197,#3198,#3199,#3200,#3201,#3202,#3203,#3204,#3205,#3206,#3207
      ,#3208,#3209,#3210,#3211,#3212,#3213,#3214,#3215,#3216,#3217,#3218
      ,#3219,#3220,#3221,#3222,#3223,#3224,#3225,#3226,#3227,#3228,#3229
      ,#3230,#3231,#3232,#3233,#3234,#3235,#3236,#3237,#3238,#3239,#3240
      ,#3241,#3242,#3243,#3244)
    ,(#3245,#3246,#3247,#3248,#3249,#3250,#3251,#3252,#3253,#3254,#3255
      ,#3256,#3257,#3258,#3259,#3260,#3261,#3262,#3263,#3264,#3265,#3266
      ,#3267,#3268,#3269,#3270,#3271,#3272,#3273,#3274,#3275,#3276,#3277
      ,#3278,#3279,#3280,#3281,#3282,#3283,#3284,#3285,#3286,#3287,#3288
      ,#3289,#3290,#3291,#3292,#3293,#3294,#3295,#3296,#3297,#3298,#3299
      ,#3300,#3301,#3302,#3303,#3304,#3305,#3306,#3307,#3308,#3309,#3310
      ,#3311,#3312,#3313,#3314,#3315,#3316,#3317,#3318,#3319,#3320,#3321
      ,#3322,#3323,#3324,#3325,#3326,#3327,#3328,#3329,#3330,#3331,#3332
      ,#3333,#3334,#3335,#3336,#3337,#3338,#3339,#3340,#3341,#3342,#3343
      ,#3344,#3345,#3346,#3347,#3348,#3349,#3350,#3351,#3352,#3353,#3354
      ,#3355,#3356,#3357,#3358,#3359,#3360,#3361,#3362,#3363,#3364,#3365
      ,#3366,#3367,#3368,#3369,#3370,#3371,#3372,#3373,#3374,#3375,#3376
      ,#3377,#3378,#3379,#3380,#3381,#3382,#3383,#3384,#3385,#3386,#3387
      ,#3388,#3389,#3390,#3391,#3392,#3393,#3394,#3395,#3396,#3397,#3398
      ,#3399,#3400,#3401,#3402,#3403,#3404,#3405,#3406,#3407,#3408,#3409
      ,#3410,#3411,#3412,#3413,#3414,#3415,#3416,#3417,#3418,#3419,#3420
      ,#3421,#3422,#3423,#3424,#3425,#3426,#3427,#3428,#3429,#3430,#3431
      ,#3432,#3433,#3434,#3435,#3436,#3437,#3438,#3439,#3440,#3441,#3442
      ,#3443,#3444,#3445,#3446,#3447,#3448,#3449,#3450,#3451,#3452,#3453
      ,#3454,#3455,#3456,#3457,#3458,#3459,#3460,#3461,#3462,#3463,#3464
      ,#3465,#3466,#3467,#3468,#3469,#3470,#3471,#3472,#3473,#3474,#3475
      ,#3476,#3477,#3478,#3479,#3480,#3481,#3482,#3483,#3484,#3485,#3486
      ,#3487,#3488,#3489,#3490,#3491,#3492,#3493,#3494,#3495,#3496,#3497
      ,#3498,#3499,#3500,#3501,#3502,#3503,#3504,#3505,#3506,#3507,#3508
      ,#3509,#3510,#3511,#3512,#3513,#3514,#3515,#3516,#3517,#3518,#3519
      ,#3520,#3521,#3522,#3523,#3524,#3525,#3526,#3527,#3528,#3529,#3530
      ,#3531,#3532,#3533,#3534
    )),.UNSPECIFIED.,.F.,.F.,.F.,(2,2),(11,9,9,9,9,9,9,9,9,9,9,9,9,9,9,9
    ,9,9,9,9,9,9,9,9,9,9,9,9,9,9,9,9,11),(0.,0.583095189485),(0.,
    5.666392382802,11.332784765604,16.999177148406,22.665569531209,
    28.331961914011,33.998354296813,39.664746679615,45.331139062417,
    50.997531445219,56.663923828022,62.330316210824,67.996708593626,
    73.663100976428,79.32949335923,84.995885742032,90.662278124834,
    96.328670507637,101.99506289043,107.66145527324,113.32784765604,
    118.99424003884,124.66063242164,130.32702480445,135.99341718725,
    141.65980957005,147.32620195285,152.99259433565,158.65898671846,
    164.32537910126,169.99177148406,175.65816386686,181.32455624966),
  .UNSPECIFIED.);
#2955 = CARTESIAN_POINT('',(3.0162,-6.661338147751E-16,0.));
#2956 = CARTESIAN_POINT('',(3.016199999519,1.687854777988,
    8.906438175665E-02));
#2957 = CARTESIAN_POINT('',(1.966958926446,3.376102482207,0.178119767439
    ));
#2958 = CARTESIAN_POINT('',(-0.133659710487,4.327109688642,
    0.267196729447));
#2959 = CARTESIAN_POINT('',(-2.688421237971,3.82226686191,0.356242376115
    ));
#2960 = CARTESIAN_POINT('',(-4.558205207441,1.630951885996,
    0.445313203811));
#2961 = CARTESIAN_POINT('',(-4.502998133722,-1.249135776037,
    0.534381976846));
#2962 = CARTESIAN_POINT('',(-2.848409721647,-3.260108224553,
    0.623429431001));
#2963 = CARTESIAN_POINT('',(-0.621296940943,-3.857588008277,
    0.712505003197));
#2964 = CARTESIAN_POINT('',(1.260790362011,-3.218186437544,
    0.801561310678));
#2965 = CARTESIAN_POINT('',(3.402317880561,-0.60872762329,0.979689041952
    ));
#2966 = CARTESIAN_POINT('',(3.662256528848,1.36193695741,1.068745286659)
  );
#2967 = CARTESIAN_POINT('',(2.641769002646,3.4296938694,1.157821085958)
  );
#2968 = CARTESIAN_POINT('',(0.346642677342,4.660168593296,1.24686802847)
  );
#2969 = CARTESIAN_POINT('',(-2.488875325727,4.152437648819,
    1.335937664294));
#2970 = CARTESIAN_POINT('',(-4.273307992724,1.891076748423,
    1.425007335213));
#2971 = CARTESIAN_POINT('',(-4.270041245088,-0.713085731691,
    1.514054246853));
#2972 = CARTESIAN_POINT('',(-2.927496958593,-2.587809250903,
    1.603130069889));
#2973 = CARTESIAN_POINT('',(-1.066991733285,-3.287528695039,
    1.692186298853));
#2974 = CARTESIAN_POINT('',(2.243854570968,-2.628960430293,
    1.870314047755));
#2975 = CARTESIAN_POINT('',(3.694966239341,-1.270519441547,
    1.959370277791));
#2976 = CARTESIAN_POINT('',(4.21788981139,0.975268698866,2.048446096949)
  );
#2977 = CARTESIAN_POINT('',(3.224338072342,3.382451250973,2.137493017327
    ));
#2978 = CARTESIAN_POINT('',(0.710351912985,4.788803500875,2.22656267351)
  );
#2979 = CARTESIAN_POINT('',(-2.103625359488,4.17277998663,2.315632329091
    ));
#2980 = CARTESIAN_POINT('',(-3.75316331811,2.157662764121,2.404679249999
    ));
#2981 = CARTESIAN_POINT('',(-3.904674560595,-0.143219192271,
    2.493755068749));
#2982 = CARTESIAN_POINT('',(-2.910381889118,-1.864401657149,
    2.582811299055));
#2983 = CARTESIAN_POINT('',(6.672819787914E-02,-3.455700164552,
    2.760939047656));
#2984 = CARTESIAN_POINT('',(2.050238526709,-3.326186576971,
    2.849995277941));
#2985 = CARTESIAN_POINT('',(3.87917682816,-1.921908070619,2.939071096763
    ));
#2986 = CARTESIAN_POINT('',(4.638251392717,0.569171756016,3.028118017515
    ));
#2987 = CARTESIAN_POINT('',(3.587094234443,3.251152682294,3.117187673355
    ));
#2988 = CARTESIAN_POINT('',(1.021059206965,4.560128349698,3.206257329193
    ));
#2989 = CARTESIAN_POINT('',(-1.532427711028,4.048877474878,
    3.295304249947));
#2990 = CARTESIAN_POINT('',(-3.109211546059,2.366389385337,
    3.384380068768));
#2991 = CARTESIAN_POINT('',(-3.432519513845,0.405124754566,
    3.473436299053));
#2992 = CARTESIAN_POINT('',(-2.14069138198,-2.713624271485,
    3.651564047656));
#2993 = CARTESIAN_POINT('',(-0.525254613276,-3.871834546109,
    3.740620277945));
#2994 = CARTESIAN_POINT('',(1.779398665837,-3.946578756866,
    3.829696096757));
#2995 = CARTESIAN_POINT('',(3.946495551434,-2.502499816629,
    3.918743017522));
#2996 = CARTESIAN_POINT('',(4.835370767874,0.237546516881,4.007812673348
    ));
#2997 = CARTESIAN_POINT('',(3.682204240447,2.877273779378,4.0968823292)
  );
#2998 = CARTESIAN_POINT('',(1.383998038823,4.101986460797,4.185929249941
    ));
#2999 = CARTESIAN_POINT('',(-0.902231493048,3.801706655462,
    4.275005068772));
#3000 = CARTESIAN_POINT('',(-2.396365042029,2.490732997538,
    4.364061299051));
#3001 = CARTESIAN_POINT('',(-3.376281829268,-0.739619692161,
    4.542189047658));
#3002 = CARTESIAN_POINT('',(-2.862293140184,-2.659750578699,
    4.631245277939));
#3003 = CARTESIAN_POINT('',(-1.128189289386,-4.179585197524,
    4.720321096765));
#3004 = CARTESIAN_POINT('',(1.463113238116,-4.43808879162,4.809368017514
    ));
#3005 = CARTESIAN_POINT('',(3.88849006444,-2.883900800853,4.898437673356
    ));
#3006 = CARTESIAN_POINT('',(4.671705531616,-0.111802932429,
    4.987507329192));
#3007 = CARTESIAN_POINT('',(3.672117613906,2.292879352633,5.076554249948
    ));
#3008 = CARTESIAN_POINT('',(1.714342795104,3.511128585237,5.165630068767
    ));
#3009 = CARTESIAN_POINT('',(-0.272310941278,3.445600532701,
    5.254686299053));
#3010 = CARTESIAN_POINT('',(-3.079110913065,1.570156764378,
    5.432814047656));
#3011 = CARTESIAN_POINT('',(-3.899910422626,-0.240195455232,
    5.521870277943));
#3012 = CARTESIAN_POINT('',(-3.523602893969,-2.515147339955,
    5.610946096759));
#3013 = CARTESIAN_POINT('',(-1.684491896405,-4.358878241105,
    5.69999301752));
#3014 = CARTESIAN_POINT('',(1.17631616735,-4.696117447939,5.789062673349
    ));
#3015 = CARTESIAN_POINT('',(3.540350181492,-3.050123450331,
    5.878132329199));
#3016 = CARTESIAN_POINT('',(4.293172564233,-0.557147045037,
    5.967179249943));
#3017 = CARTESIAN_POINT('',(3.552641295573,1.626571543521,6.05625506877)
  );
#3018 = CARTESIAN_POINT('',(1.975366633683,2.836237462241,6.145311299052
    ));
#3019 = CARTESIAN_POINT('',(-1.384088016457,3.167114876725,
    6.323439047657));
#3020 = CARTESIAN_POINT('',(-3.167049907555,2.288403383211,
    6.412495277943));
#3021 = CARTESIAN_POINT('',(-4.319374451684,0.291114826458,
    6.501571096755));
#3022 = CARTESIAN_POINT('',(-4.067372927173,-2.300828099,6.590618017528)
  );
#3023 = CARTESIAN_POINT('',(-2.069880676793,-4.376394954098,
    6.679687673339));
#3024 = CARTESIAN_POINT('',(0.801749866098,-4.603751689878,
    6.768757329208));
#3025 = CARTESIAN_POINT('',(2.965216926579,-3.154240332379,
    6.857804249938));
#3026 = CARTESIAN_POINT('',(3.778114921948,-0.99641497267,6.946880068772
    ));
#3027 = CARTESIAN_POINT('',(3.3262690554,0.939281880362,7.035936299052)
  );
#3028 = CARTESIAN_POINT('',(0.939281902874,3.326269049041,7.214064047654
    ));
#3029 = CARTESIAN_POINT('',(-0.996414947095,3.778114928696,
    7.303120277952));
#3030 = CARTESIAN_POINT('',(-3.154240312316,2.96521694792,7.392196096742
    ));
#3031 = CARTESIAN_POINT('',(-4.603751684447,0.801749897267,
    7.481243017543));
#3032 = CARTESIAN_POINT('',(-4.376394968106,-2.069880647182,
    7.570312673325));
#3033 = CARTESIAN_POINT('',(-2.300828126537,-4.067372911595,
    7.65938232922));
#3034 = CARTESIAN_POINT('',(0.291114797232,-4.319374453656,
    7.748429249928));
#3035 = CARTESIAN_POINT('',(2.28840336177,-3.167049923044,7.837505068778
    ));
#3036 = CARTESIAN_POINT('',(3.167114867359,-1.384088037893,7.92656129905
    ));
#3037 = CARTESIAN_POINT('',(2.836237475609,1.975366614486,8.104689047657
    ));
#3038 = CARTESIAN_POINT('',(1.626571567572,3.552641284565,8.193745277946
    ));
#3039 = CARTESIAN_POINT('',(-0.557147015991,4.293172568003,
    8.282821096752));
#3040 = CARTESIAN_POINT('',(-3.050123426357,3.540350202138,8.37186801753
    ));
#3041 = CARTESIAN_POINT('',(-4.696117439983,1.176316199133,
    8.460937673339));
#3042 = CARTESIAN_POINT('',(-4.358878252508,-1.684491866901,
    8.550007329207));
#3043 = CARTESIAN_POINT('',(-2.515147363799,-3.523602876947,
    8.639054249938));
#3044 = CARTESIAN_POINT('',(-0.240195481631,-3.899910421,8.728130068772)
  );
#3045 = CARTESIAN_POINT('',(1.570156743539,-3.079110923693,
    8.817186299051));
#3046 = CARTESIAN_POINT('',(3.445600530856,-0.272310964598,
    8.995314047658));
#3047 = CARTESIAN_POINT('',(3.511128596847,1.714342771338,9.084370277939
    ));
#3048 = CARTESIAN_POINT('',(2.292879377473,3.672117598391,9.173446096764
    ));
#3049 = CARTESIAN_POINT('',(-0.111802900792,4.671705532372,
    9.262493017516));
#3050 = CARTESIAN_POINT('',(-2.883900774549,3.888490083954,
    9.351562673352));
#3051 = CARTESIAN_POINT('',(-4.438088781711,1.463113268163,
    9.440632329196));
#3052 = CARTESIAN_POINT('',(-4.179585205161,-1.128189261106,
    9.529679249945));
#3053 = CARTESIAN_POINT('',(-2.659750598073,-2.862293122177,
    9.618755068768));
#3054 = CARTESIAN_POINT('',(-0.739619715013,-3.376281824263,
    9.707811299052));
#3055 = CARTESIAN_POINT('',(2.490732981319,-2.396365058886,
    9.885939047657));
#3056 = CARTESIAN_POINT('',(3.801706649354,-0.902231518783,
    9.974995277944));
#3057 = CARTESIAN_POINT('',(4.101986470167,1.383998011065,
    10.064071096754));
#3058 = CARTESIAN_POINT('',(2.877273804296,3.68220422097,10.153118017529
    ));
#3059 = CARTESIAN_POINT('',(0.237546549613,4.835370766261,
    10.242187673339));
#3060 = CARTESIAN_POINT('',(-2.502499789922,3.946495568383,
    10.331257329207));
#3061 = CARTESIAN_POINT('',(-3.946578744821,1.779398692537,
    10.420304249939));
#3062 = CARTESIAN_POINT('',(-3.871834549665,-0.525254587063,
    10.509380068771));
#3063 = CARTESIAN_POINT('',(-2.713624285974,-2.140691363615,
    10.598436299052));
#3064 = CARTESIAN_POINT('',(0.405124731333,-3.432519516585,
    10.776564047657));
#3065 = CARTESIAN_POINT('',(2.366389364293,-3.109211562083,
    10.865620277942));
#3066 = CARTESIAN_POINT('',(4.048877464507,-1.532427738418,
    10.95469609676));
#3067 = CARTESIAN_POINT('',(4.560128356609,1.021059176082,
    11.043743017518));
#3068 = CARTESIAN_POINT('',(3.25115270657,3.587094212454,11.132812673352
    ));
#3069 = CARTESIAN_POINT('',(0.569171787415,4.638251388857,
    11.221882329196));
#3070 = CARTESIAN_POINT('',(-1.921908044369,3.879176841169,
    11.310929249945));
#3071 = CARTESIAN_POINT('',(-3.326186563092,2.050238549223,
    11.40000506877));
#3072 = CARTESIAN_POINT('',(-3.455700164101,6.672822126752E-02,
    11.489061299051));
#3073 = CARTESIAN_POINT('',(-1.864401676846,-2.910381876498,
    11.66718904766));
#3074 = CARTESIAN_POINT('',(-0.143219218703,-3.904674559631,
    11.756245277929));
#3075 = CARTESIAN_POINT('',(2.157662738726,-3.753163332701,
    11.845321096784));
#3076 = CARTESIAN_POINT('',(4.172779972384,-2.103625387751,
    11.934368017487));
#3077 = CARTESIAN_POINT('',(4.788803505688,0.710351880596,
    12.023437673384));
#3078 = CARTESIAN_POINT('',(3.382451272795,3.224338049428,
    12.112507329168));
#3079 = CARTESIAN_POINT('',(0.975268727415,4.217889804802,
    12.201554249966));
#3080 = CARTESIAN_POINT('',(-1.270519416541,3.694966247933,
    12.290630068757));
#3081 = CARTESIAN_POINT('',(-2.628960415102,2.243854588764,
    12.379686299057));
#3082 = CARTESIAN_POINT('',(-3.287528702271,-1.066991711037,
    12.55781404765));
#3083 = CARTESIAN_POINT('',(-2.587809270654,-2.92749694106,
    12.646870277961));
#3084 = CARTESIAN_POINT('',(-0.713085760771,-4.270041240307,
    12.735946096729));
#3085 = CARTESIAN_POINT('',(1.891076719856,-4.273308005442,
    12.824993017556));
#3086 = CARTESIAN_POINT('',(4.152437631432,-2.488875353947,
    12.914062673314));
#3087 = CARTESIAN_POINT('',(4.660168596299,0.346642645934,
    13.003132329229));
#3088 = CARTESIAN_POINT('',(3.429693886633,2.641768979303,
    13.092179249922));
#3089 = CARTESIAN_POINT('',(1.361936982716,3.662256519734,13.18125506878
    ));
#3090 = CARTESIAN_POINT('',(-0.608727600599,3.402317884612,
    13.27031129905));
#3091 = CARTESIAN_POINT('',(-3.218186428325,1.260790383934,
    13.448439047654));
#3092 = CARTESIAN_POINT('',(-3.857588016346,-0.621296915629,
    13.537495277958));
#3093 = CARTESIAN_POINT('',(-3.260108233166,-2.848409697382,
    13.626571096726));
#3094 = CARTESIAN_POINT('',(-1.249135827266,-4.502998129555,
    13.715618017568));
#3095 = CARTESIAN_POINT('',(1.630951886378,-4.558205212015,
    13.804687673297));
#3096 = CARTESIAN_POINT('',(3.822266805952,-2.688421271666,
    13.893757329245));
#3097 = CARTESIAN_POINT('',(4.327109724985,-0.133659732052,
    13.982804249909));
#3098 = CARTESIAN_POINT('',(3.376102465465,1.966958897363,
    14.071880068789));
#3099 = CARTESIAN_POINT('',(1.687854818074,3.016199992173,
    14.160936299046));
#3100 = CARTESIAN_POINT('',(-1.68785479766,3.016200003596,
    14.339064047663));
#3101 = CARTESIAN_POINT('',(-3.376102452151,1.966958920216,
    14.428120277926));
#3102 = CARTESIAN_POINT('',(-4.327109725889,-0.133659702767,
    14.517196096787));
#3103 = CARTESIAN_POINT('',(-3.822266824153,-2.688421245796,
    14.606243017485));
#3104 = CARTESIAN_POINT('',(-1.630951917219,-4.558205200971,
    14.695312673387));
#3105 = CARTESIAN_POINT('',(1.249135796775,-4.502998138018,
    14.784382329165));
#3106 = CARTESIAN_POINT('',(3.260108213897,-2.84840971944,
    14.873429249968));
#3107 = CARTESIAN_POINT('',(3.857588012136,-0.621296941742,
    14.962505068758));
#3108 = CARTESIAN_POINT('',(3.21818643686,1.260790362153,15.051561299054
    ));
#3109 = CARTESIAN_POINT('',(0.608727623626,3.402317880491,
    15.229689047659));
#3110 = CARTESIAN_POINT('',(-1.361936957925,3.662256528956,
    15.318745277931));
#3111 = CARTESIAN_POINT('',(-3.429693868758,2.64176900251,
    15.407821096779));
#3112 = CARTESIAN_POINT('',(-4.660168593949,0.346642677481,
    15.496868017496));
#3113 = CARTESIAN_POINT('',(-4.152437648275,-2.488875325844,
    15.585937673374));
#3114 = CARTESIAN_POINT('',(-1.891076748786,-4.273307992645,
    15.675007329175));
#3115 = CARTESIAN_POINT('',(0.713085731878,-4.27004124513,
    15.764054249961));
#3116 = CARTESIAN_POINT('',(2.587809250835,-2.927496958578,
    15.853130068761));
#3117 = CARTESIAN_POINT('',(3.287528695051,-1.066991733288,
    15.942186299053));
#3118 = CARTESIAN_POINT('',(2.628960430288,2.24385457097,16.12031404766)
  );
#3119 = CARTESIAN_POINT('',(1.270519441555,3.694966239338,
    16.209370277926));
#3120 = CARTESIAN_POINT('',(-0.975268698875,4.217889811393,
    16.298446096791));
#3121 = CARTESIAN_POINT('',(-3.382451250965,3.224338072339,
    16.387493017476));
#3122 = CARTESIAN_POINT('',(-4.78880350088,0.710351912987,
    16.476562673397));
#3123 = CARTESIAN_POINT('',(-4.172779986629,-2.103625359488,
    16.565632329156));
#3124 = CARTESIAN_POINT('',(-2.15766276412,-3.753163318112,
    16.654679249974));
#3125 = CARTESIAN_POINT('',(0.14321919227,-3.904674560594,
    16.743755068754));
#3126 = CARTESIAN_POINT('',(1.864401657149,-2.910381889119,
    16.832811299056));
#3127 = CARTESIAN_POINT('',(3.455700164552,6.672819787938E-02,
    17.010939047658));
#3128 = CARTESIAN_POINT('',(3.326186576973,2.050238526709,
    17.099995277934));
#3129 = CARTESIAN_POINT('',(1.921908070616,3.879176828162,
    17.189071096778));
#3130 = CARTESIAN_POINT('',(-0.569171756011,4.638251392712,
    17.278118017494));
#3131 = CARTESIAN_POINT('',(-3.251152682301,3.58709423445,
    17.367187673379));
#3132 = CARTESIAN_POINT('',(-4.560128349693,1.021059206958,
    17.456257329172));
#3133 = CARTESIAN_POINT('',(-4.04887747488,-1.532427711024,
    17.545304249963));
#3134 = CARTESIAN_POINT('',(-2.366389385337,-3.109211546061,
    17.63438006876));
#3135 = CARTESIAN_POINT('',(-0.405124754565,-3.432519513845,
    17.723436299054));
#3136 = CARTESIAN_POINT('',(2.713624271485,-2.14069138198,
    17.901564047659));
#3137 = CARTESIAN_POINT('',(3.871834546113,-0.525254613273,
    17.990620277931));
#3138 = CARTESIAN_POINT('',(3.946578756857,1.779398665832,
    18.079696096778));
#3139 = CARTESIAN_POINT('',(2.502499816644,3.946495551442,
    18.168743017498));
#3140 = CARTESIAN_POINT('',(-0.237546516898,4.835370767865,
    18.257812673371));
#3141 = CARTESIAN_POINT('',(-2.877273779363,3.682204240454,
    18.34688232918));
#3142 = CARTESIAN_POINT('',(-4.101986460806,1.38399803882,
    18.435929249957));
#3143 = CARTESIAN_POINT('',(-3.801706655458,-0.902231493047,
    18.525005068762));
#3144 = CARTESIAN_POINT('',(-2.490732997539,-2.396365042029,
    18.614061299054));
#3145 = CARTESIAN_POINT('',(0.739619692161,-3.376281829268,
    18.792189047657));
#3146 = CARTESIAN_POINT('',(2.659750578698,-2.862293140183,
    18.881245277938));
#3147 = CARTESIAN_POINT('',(4.179585197527,-1.128189289387,
    18.97032109677));
#3148 = CARTESIAN_POINT('',(4.438088791615,1.463113238116,
    19.059368017505));
#3149 = CARTESIAN_POINT('',(2.88390080086,3.88849006444,19.148437673367)
  );
#3150 = CARTESIAN_POINT('',(0.111802932423,4.671705531616,
    19.237507329183));
#3151 = CARTESIAN_POINT('',(-2.292879352629,3.672117613906,
    19.326554249953));
#3152 = CARTESIAN_POINT('',(-3.511128585239,1.714342795105,
    19.415630068766));
#3153 = CARTESIAN_POINT('',(-3.4456005327,-0.272310941278,
    19.504686299051));
#3154 = CARTESIAN_POINT('',(-1.570156764378,-3.079110913065,
    19.682814047664));
#3155 = CARTESIAN_POINT('',(0.240195455234,-3.899910422629,
    19.771870277915));
#3156 = CARTESIAN_POINT('',(2.51514733995,-3.523602893963,
    19.860946096811));
#3157 = CARTESIAN_POINT('',(4.358878241115,-1.684491896416,
    19.949993017452));
#3158 = CARTESIAN_POINT('',(4.696117447927,1.176316167365,
    20.039062673419));
#3159 = CARTESIAN_POINT('',(3.050123450341,3.540350181479,
    20.128132329139));
#3160 = CARTESIAN_POINT('',(0.557147045031,4.293172564241,
    20.217179249985));
#3161 = CARTESIAN_POINT('',(-1.626571543519,3.55264129557,
    20.306255068748));
#3162 = CARTESIAN_POINT('',(-2.836237462241,1.975366633683,
    20.395311299056));
#3163 = CARTESIAN_POINT('',(-3.167114876725,-1.384088016457,
    20.57343904766));
#3164 = CARTESIAN_POINT('',(-2.288403383211,-3.167049907558,
    20.662495277928));
#3165 = CARTESIAN_POINT('',(-0.291114826458,-4.319374451677,
    20.751571096785));
#3166 = CARTESIAN_POINT('',(2.300828098999,-4.067372927186,
    20.840618017488));
#3167 = CARTESIAN_POINT('',(4.376394954099,-2.069880676777,
    20.929687673383));
#3168 = CARTESIAN_POINT('',(4.603751689877,0.801749866083,
    21.018757329167));
#3169 = CARTESIAN_POINT('',(3.15424033238,2.965216926587,21.107804249967
    ));
#3170 = CARTESIAN_POINT('',(0.996414972669,3.778114921945,
    21.196880068758));
#3171 = CARTESIAN_POINT('',(-0.939281880362,3.3262690554,21.285936299053
    ));
#3172 = CARTESIAN_POINT('',(-3.326269049041,0.939281902874,
    21.464064047664));
#3173 = CARTESIAN_POINT('',(-3.778114928696,-0.996414947097,
    21.553120277913));
#3174 = CARTESIAN_POINT('',(-2.965216947918,-3.154240312307,
    21.642196096815));
#3175 = CARTESIAN_POINT('',(-0.80174989727,-4.603751684465,
    21.731243017444));
#3176 = CARTESIAN_POINT('',(2.069880647184,-4.376394968081,
    21.820312673431));
#3177 = CARTESIAN_POINT('',(4.067372911591,-2.300828126559,
    21.909382329126));
#3178 = CARTESIAN_POINT('',(4.31937445366,0.291114797246,21.998429249995
    ));
#3179 = CARTESIAN_POINT('',(3.167049923041,2.288403361765,
    22.087505068742));
#3180 = CARTESIAN_POINT('',(1.384088037894,3.16711486736,22.176561299061
    ));
#3181 = CARTESIAN_POINT('',(-1.975366614487,2.836237475609,
    22.35468904765));
#3182 = CARTESIAN_POINT('',(-3.552641284562,1.626571567571,
    22.443745277957));
#3183 = CARTESIAN_POINT('',(-4.293172568008,-0.557147015985,
    22.532821096742));
#3184 = CARTESIAN_POINT('',(-3.540350202134,-3.050123426367,
    22.621868017534));
#3185 = CARTESIAN_POINT('',(-1.176316199134,-4.696117439972,
    22.71093767334));
#3186 = CARTESIAN_POINT('',(1.6844918669,-4.358878252517,22.800007329205
    ));
#3187 = CARTESIAN_POINT('',(3.523602876948,-2.515147363794,
    22.889054249938));
#3188 = CARTESIAN_POINT('',(3.899910420999,-0.240195481633,
    22.978130068774));
#3189 = CARTESIAN_POINT('',(3.079110923693,1.570156743539,
    23.067186299049));
#3190 = CARTESIAN_POINT('',(0.272310964599,3.445600530856,
    23.245314047663));
#3191 = CARTESIAN_POINT('',(-1.71434277134,3.511128596848,
    23.334370277925));
#3192 = CARTESIAN_POINT('',(-3.672117598384,2.292879377471,
    23.423446096788));
#3193 = CARTESIAN_POINT('',(-4.671705532384,-0.111802900788,
    23.512493017486));
#3194 = CARTESIAN_POINT('',(-3.88849008394,-2.883900774554,
    23.601562673385));
#3195 = CARTESIAN_POINT('',(-1.463113268176,-4.438088781705,
    23.690632329166));
#3196 = CARTESIAN_POINT('',(1.128189261113,-4.179585205165,
    23.779679249967));
#3197 = CARTESIAN_POINT('',(2.862293122174,-2.659750598071,
    23.868755068759));
#3198 = CARTESIAN_POINT('',(3.376281824263,-0.739619715013,
    23.957811299053));
#3199 = CARTESIAN_POINT('',(2.396365058886,2.490732981318,
    24.135939047663));
#3200 = CARTESIAN_POINT('',(0.902231518783,3.801706649357,
    24.224995277918));
#3201 = CARTESIAN_POINT('',(-1.383998011063,4.10198647016,
    24.314071096801));
#3202 = CARTESIAN_POINT('',(-3.682204220977,2.877273804308,
    24.40311801747));
#3203 = CARTESIAN_POINT('',(-4.835370766251,0.237546549597,24.4921876734
    ));
#3204 = CARTESIAN_POINT('',(-3.946495568393,-2.502499789907,
    24.581257329153));
#3205 = CARTESIAN_POINT('',(-1.779398692532,-3.94657874483,
    24.670304249979));
#3206 = CARTESIAN_POINT('',(0.525254587062,-3.871834549661,
    24.759380068747));
#3207 = CARTESIAN_POINT('',(2.140691363615,-2.713624285975,
    24.848436299062));
#3208 = CARTESIAN_POINT('',(3.432519516586,0.405124731335,
    25.026564047644));
#3209 = CARTESIAN_POINT('',(3.10921156208,2.366389364288,25.115620277978
    ));
#3210 = CARTESIAN_POINT('',(1.532427738427,4.048877464515,
    25.204696096706));
#3211 = CARTESIAN_POINT('',(-1.021059176098,4.560128356599,
    25.293743017578));
#3212 = CARTESIAN_POINT('',(-3.587094212435,3.25115270658,
    25.382812673296));
#3213 = CARTESIAN_POINT('',(-4.638251388872,0.569171787406,
    25.471882329243));
#3214 = CARTESIAN_POINT('',(-3.879176841161,-1.921908044363,
    25.560929249911));
#3215 = CARTESIAN_POINT('',(-2.050238549226,-3.326186563094,
    25.650005068788));
#3216 = CARTESIAN_POINT('',(-6.672822126712E-02,-3.455700164101,
    25.739061299046));
#3217 = CARTESIAN_POINT('',(2.910381876498,-1.864401676847,
    25.917189047661));
#3218 = CARTESIAN_POINT('',(3.904674559631,-0.143219218701,
    26.006245277939));
#3219 = CARTESIAN_POINT('',(3.753163332701,2.15766273872,26.095321096746
    ));
#3220 = CARTESIAN_POINT('',(2.103625387751,4.172779972395,
    26.184368017572));
#3221 = CARTESIAN_POINT('',(-0.710351880596,4.788803505672,
    26.27343767325));
#3222 = CARTESIAN_POINT('',(-3.224338049428,3.382451272812,
    26.362507329335));
#3223 = CARTESIAN_POINT('',(-4.217889804801,0.975268727402,
    26.451554249797));
#3224 = CARTESIAN_POINT('',(-3.694966247935,-1.270519416532,
    26.540630068898));
#3225 = CARTESIAN_POINT('',(-2.243854588763,-2.628960415107,
    26.629686298961));
#3226 = CARTESIAN_POINT('',(1.066991711035,-3.28752870226,
    26.807814047852));
#3227 = CARTESIAN_POINT('',(2.927496941076,-2.587809270719,
    26.896870276827));
#3228 = CARTESIAN_POINT('',(4.270041240262,-0.713085760591,
    26.985946099848));
#3229 = CARTESIAN_POINT('',(4.273308005529,1.891076719504,
    27.074993011504));
#3230 = CARTESIAN_POINT('',(2.488875353819,4.152437631962,
    27.164062682405));
#3231 = CARTESIAN_POINT('',(-0.346642645785,4.660168595656,
    27.253132318251));
#3232 = CARTESIAN_POINT('',(-2.641768979444,3.429693887269,
    27.342179260741));
#3233 = CARTESIAN_POINT('',(-3.662256519625,1.361936982203,
    27.431255060056));
#3234 = CARTESIAN_POINT('',(-3.402317884682,-0.608727600263,
    27.520311304756));
#3235 = CARTESIAN_POINT('',(-1.260790383791,-3.21818642901,
    27.69843903603));
#3236 = CARTESIAN_POINT('',(0.621296914831,-3.857588012484,
    27.787495343518));
#3237 = CARTESIAN_POINT('',(2.848409699581,-3.260108243827,
    27.876570915702));
#3238 = CARTESIAN_POINT('',(4.502998125278,-1.249135806521,
    27.965618369868));
#3239 = CARTESIAN_POINT('',(4.558205218459,1.630951855149,
    28.054687142895));
#3240 = CARTESIAN_POINT('',(2.688421263864,3.822266843712,
    28.143757970597));
#3241 = CARTESIAN_POINT('',(0.133659739759,4.327109687738,28.23280361726
    ));
#3242 = CARTESIAN_POINT('',(-1.966958903588,3.376102495521,
    28.321880579271));
#3243 = CARTESIAN_POINT('',(-3.016199988097,1.687854798403,
    28.410935964952));
#3244 = CARTESIAN_POINT('',(-3.0162,2.041459490343E-08,28.500000346709)
  );
#3245 = CARTESIAN_POINT('',(2.4762,-2.331468351713E-15,0.22));
#3246 = CARTESIAN_POINT('',(2.476198681153,1.385671488786,0.309061137349
    ));
#3247 = CARTESIAN_POINT('',(1.614810653807,2.771673405209,0.398128789095
    ));
#3248 = CARTESIAN_POINT('',(-0.109731502934,3.552400341924,
    0.487180816611));
#3249 = CARTESIAN_POINT('',(-2.207111340977,3.137971094312,
    0.576255520735));
#3250 = CARTESIAN_POINT('',(-3.742117393647,1.338943769348,
    0.665311990358));
#3251 = CARTESIAN_POINT('',(-3.696832652179,-1.025493781409,
    0.754369947787));
#3252 = CARTESIAN_POINT('',(-2.338434550078,-2.676440178334,
    0.843443343078));
#3253 = CARTESIAN_POINT('',(-0.510070697433,-3.166952498896,
    0.932496376991));
#3254 = CARTESIAN_POINT('',(1.035068469293,-2.642023702201,
    1.021563361234));
#3255 = CARTESIAN_POINT('',(2.793188322584,-0.499745429995,
    1.199686383414));
#3256 = CARTESIAN_POINT('',(3.006596248609,1.118107729366,1.288753413107
    ));
#3257 = CARTESIAN_POINT('',(2.168795644394,2.815655220247,1.377806282589
    ));
#3258 = CARTESIAN_POINT('',(0.284587321713,3.825861381716,1.466880048335
    ));
#3259 = CARTESIAN_POINT('',(-2.043278656498,3.408991415761,
    1.555937381049));
#3260 = CARTESIAN_POINT('',(-3.508256832589,1.552528565367,
    1.644994688274));
#3261 = CARTESIAN_POINT('',(-3.505549933696,-0.585429149514,
    1.73406847643));
#3262 = CARTESIAN_POINT('',(-2.403383411178,-2.124501930219,
    1.823121328695));
#3263 = CARTESIAN_POINT('',(-0.875963340621,-2.698952431046,
    1.912188369797));
#3264 = CARTESIAN_POINT('',(1.842128624069,-2.158288351888,
    2.090311379211));
#3265 = CARTESIAN_POINT('',(3.033450368159,-1.043055509755,
    2.179378419531));
#3266 = CARTESIAN_POINT('',(3.462734461038,0.800661532033,2.268431274625
    ));
#3267 = CARTESIAN_POINT('',(2.647089746889,2.776890550216,2.357505056412
    ));
#3268 = CARTESIAN_POINT('',(0.583165494686,3.931428261557,2.446562374366
    ));
#3269 = CARTESIAN_POINT('',(-1.727005506251,3.425735380971,
    2.535619692714));
#3270 = CARTESIAN_POINT('',(-3.08121906592,1.771354484458,2.624693474148
    ));
#3271 = CARTESIAN_POINT('',(-3.205610256431,-0.11757190547,
    2.713746329522));
#3272 = CARTESIAN_POINT('',(-2.389326115697,-1.530613181768,
    2.80281336965));
#3273 = CARTESIAN_POINT('',(5.478104716708E-02,-2.837013485103,
    2.980936379283));
#3274 = CARTESIAN_POINT('',(1.683181433869,-2.730693353811,
    3.070003419423));
#3275 = CARTESIAN_POINT('',(3.184664234507,-1.577815753144,
    3.159056274757));
#3276 = CARTESIAN_POINT('',(3.807868761151,0.467269465242,3.248130056281
    ));
#3277 = CARTESIAN_POINT('',(2.944864709817,2.669078869377,3.337187374472
    ));
#3278 = CARTESIAN_POINT('',(0.838270209609,3.743729954868,3.426244692646
    ));
#3279 = CARTESIAN_POINT('',(-1.258079158215,3.323980215533,
    3.515318474181));
#3280 = CARTESIAN_POINT('',(-2.552557064875,1.942733306383,
    3.604371329511));
#3281 = CARTESIAN_POINT('',(-2.817984787089,0.332592451913,
    3.693438369651));
#3282 = CARTESIAN_POINT('',(-1.757435979927,-2.227793808738,
    3.871561379285));
#3283 = CARTESIAN_POINT('',(-0.431216681475,-3.178653505095,
    3.960628419411));
#3284 = CARTESIAN_POINT('',(1.46082302627,-3.239997673357,4.049681274785
    ));
#3285 = CARTESIAN_POINT('',(3.239954968063,-2.05448218787,4.138755056239
    ));
#3286 = CARTESIAN_POINT('',(3.969656914047,0.195023472188,4.227812374518
    ));
#3287 = CARTESIAN_POINT('',(3.022988775874,2.362149398398,4.316869692608
    ));
#3288 = CARTESIAN_POINT('',(1.13620238496,3.367588422292,4.405943474204)
  );
#3289 = CARTESIAN_POINT('',(-0.740696331458,3.121078213331,
    4.494996329501));
#3290 = CARTESIAN_POINT('',(-1.967337279982,2.044808065843,
    4.584063369654));
#3291 = CARTESIAN_POINT('',(-2.771813814362,-0.607202319079,
    4.762186379281));
#3292 = CARTESIAN_POINT('',(-2.349851438768,-2.183571420308,
    4.851253419427));
#3293 = CARTESIAN_POINT('',(-0.926201294847,-3.431288387597,
    4.940306274751));
#3294 = CARTESIAN_POINT('',(1.201169356295,-3.643541880196,
    5.029380056288));
#3295 = CARTESIAN_POINT('',(3.192307871857,-2.367568504062,
    5.118437374465));
#3296 = CARTESIAN_POINT('',(3.835333638664,-9.179760014235E-02,
    5.207494692653));
#3297 = CARTESIAN_POINT('',(3.014671799651,1.882381890579,5.296568474177
    ));
#3298 = CARTESIAN_POINT('',(1.407425050897,2.882518862953,5.385621329513
    ));
#3299 = CARTESIAN_POINT('',(-0.223559778341,2.828723568121,
    5.474688369651));
#3300 = CARTESIAN_POINT('',(-2.52784612663,1.289046328831,5.652811379284
    ));
#3301 = CARTESIAN_POINT('',(-3.20170277055,-0.197193562031,
    5.741878419418));
#3302 = CARTESIAN_POINT('',(-2.892749591958,-2.064845910868,
    5.83093127477));
#3303 = CARTESIAN_POINT('',(-1.382922030687,-3.578509733453,
    5.920005056261));
#3304 = CARTESIAN_POINT('',(0.965717796521,-3.855333877559,
    6.009062374495));
#3305 = CARTESIAN_POINT('',(2.90651721379,-2.504070407417,6.098119692627
    ));
#3306 = CARTESIAN_POINT('',(3.524543244202,-0.457386665007,
    6.187193474193));
#3307 = CARTESIAN_POINT('',(2.916604884801,1.33535621282,6.276246329506)
  );
#3308 = CARTESIAN_POINT('',(1.621709188763,2.328457709821,6.365313369653
    ));
#3309 = CARTESIAN_POINT('',(-1.136289146392,2.600094893187,
    6.543436379282));
#3310 = CARTESIAN_POINT('',(-2.600047981628,1.878706050742,
    6.632503419422));
#3311 = CARTESIAN_POINT('',(-3.546050052234,0.238993440218,
    6.721556274762));
#3312 = CARTESIAN_POINT('',(-3.339195728121,-1.888908982626,
    6.810630056269));
#3313 = CARTESIAN_POINT('',(-1.699287968425,-3.592858273069,
    6.899687374488));
#3314 = CARTESIAN_POINT('',(0.658202739601,-3.779547601623,
    6.988744692631));
#3315 = CARTESIAN_POINT('',(2.434345742551,-2.589511237146,
    7.077818474191));
#3316 = CARTESIAN_POINT('',(3.101707077659,-0.818030240003,
    7.166871329507));
#3317 = CARTESIAN_POINT('',(2.730756088797,0.771120731686,7.255938369652
    ));
#3318 = CARTESIAN_POINT('',(0.771119350224,2.73075473551,7.434061379286)
  );
#3319 = CARTESIAN_POINT('',(-0.818025767544,3.101712394061,
    7.523128419405));
#3320 = CARTESIAN_POINT('',(-2.58951792507,2.434334766029,7.6121812748)
  );
#3321 = CARTESIAN_POINT('',(-3.779544376669,0.658216955394,
    7.701255056213));
#3322 = CARTESIAN_POINT('',(-3.592852522215,-1.699300127492,
    7.790312374549));
#3323 = CARTESIAN_POINT('',(-1.888922017534,-3.339189202665,
    7.879369692582));
#3324 = CARTESIAN_POINT('',(0.239006167999,-3.546051845817,
    7.968443474221));
#3325 = CARTESIAN_POINT('',(1.878699103791,-2.6000480662,8.057496329495)
  );
#3326 = CARTESIAN_POINT('',(2.600096815687,-1.136288937024,
    8.146563369655));
#3327 = CARTESIAN_POINT('',(2.328455783417,1.621709019048,8.324686379283
    ));
#3328 = CARTESIAN_POINT('',(1.335363042776,2.916606157134,8.413753419417
    ));
#3329 = CARTESIAN_POINT('',(-0.457398798291,3.524539002018,
    8.502806274775));
#3330 = CARTESIAN_POINT('',(-2.504058896063,2.906526156844,
    8.591880056251));
#3331 = CARTESIAN_POINT('',(-3.855337145753,0.965704749148,
    8.680937374506));
#3332 = CARTESIAN_POINT('',(-3.578515669839,-1.382908717198,
    8.769994692618));
#3333 = CARTESIAN_POINT('',(-2.064837210016,-2.892759052825,
    8.859068474199));
#3334 = CARTESIAN_POINT('',(-0.19719898574,-3.201698428832,
    8.948121329503));
#3335 = CARTESIAN_POINT('',(1.289047947763,-2.527847184406,
    9.037188369654));
#3336 = CARTESIAN_POINT('',(2.828721971325,-0.223558687435,
    9.215311379282));
#3337 = CARTESIAN_POINT('',(2.882524949741,1.407421701545,9.304378419423
    ));
#3338 = CARTESIAN_POINT('',(1.88236982021,3.014676217675,9.393431274761)
  );
#3339 = CARTESIAN_POINT('',(-9.178302833266E-02,3.83533324901,
    9.482505056272));
#3340 = CARTESIAN_POINT('',(-2.367579307572,3.192299859422,
    9.571562374484));
#3341 = CARTESIAN_POINT('',(-3.6435380231,1.201183413767,9.660619692635)
  );
#3342 = CARTESIAN_POINT('',(-3.431287663656,-0.926214127961,
    9.749693474189));
#3343 = CARTESIAN_POINT('',(-2.183572858536,-2.349844641807,
    9.838746329507));
#3344 = CARTESIAN_POINT('',(-0.607201738673,-2.771815659075,
    9.927813369653));
#3345 = CARTESIAN_POINT('',(2.044807523566,-1.967335423702,
    10.105936379282));
#3346 = CARTESIAN_POINT('',(3.121080793675,-0.740702781963,
    10.195003419424));
#3347 = CARTESIAN_POINT('',(3.367581894538,1.13621345751,10.284056274757
    ));
#3348 = CARTESIAN_POINT('',(2.362160415357,3.022979230393,
    10.373130056279));
#3349 = CARTESIAN_POINT('',(0.195010037939,3.969657574047,
    10.462187374476));
#3350 = CARTESIAN_POINT('',(-2.054470288344,3.2399633877,10.551244692641
    ));
#3351 = CARTESIAN_POINT('',(-3.240005254973,1.460812646889,
    10.640318474185));
#3352 = CARTESIAN_POINT('',(-3.178650304919,-0.431210514957,
    10.729371329509));
#3353 = CARTESIAN_POINT('',(-2.227794530351,-1.757437774113,
    10.818438369652));
#3354 = CARTESIAN_POINT('',(0.332593210337,-2.817983008151,
    10.996561379283));
#3355 = CARTESIAN_POINT('',(1.942731208864,-2.552563688131,
    11.085628419419));
#3356 = CARTESIAN_POINT('',(3.323982193847,-1.258066457862,
    11.174681274768));
#3357 = CARTESIAN_POINT('',(3.743732415526,0.838255841775,
    11.263755056263));
#3358 = CARTESIAN_POINT('',(2.669068903234,2.944873742593,
    11.352812374493));
#3359 = CARTESIAN_POINT('',(0.467284005085,3.807867720646,
    11.441869692629));
#3360 = CARTESIAN_POINT('',(-1.577828198439,3.184661020857,
    11.530943474193));
#3361 = CARTESIAN_POINT('',(-2.730686968036,1.683184170485,
    11.619996329504));
#3362 = CARTESIAN_POINT('',(-2.837015181139,5.478011802593E-02,
    11.709063369655));
#3363 = CARTESIAN_POINT('',(-1.530611466947,-2.389325221693,
    11.887186379278));
#3364 = CARTESIAN_POINT('',(-0.117577728639,-3.205614045643,
    11.976253419443));
#3365 = CARTESIAN_POINT('',(1.77136407077,-3.0812105034,12.065306274713)
  );
#3366 = CARTESIAN_POINT('',(3.425728168178,-1.727018173841,
    12.154380056346));
#3367 = CARTESIAN_POINT('',(3.931426288013,0.583178799687,
    12.243437374398));
#3368 = CARTESIAN_POINT('',(2.776901129532,2.647079718449,
    12.332494692709));
#3369 = CARTESIAN_POINT('',(0.800649872998,3.462739872199,
    12.421568474141));
#3370 = CARTESIAN_POINT('',(-1.043048837403,3.033448432394,
    12.51062132953));
#3371 = CARTESIAN_POINT('',(-2.158290252382,1.842128981855,
    12.599688369646));
#3372 = CARTESIAN_POINT('',(-2.698950538322,-0.875963737555,
    12.777811379292));
#3373 = CARTESIAN_POINT('',(-2.124508835462,-2.403382645327,
    12.866878419387));
#3374 = CARTESIAN_POINT('',(-0.585416307108,-3.505549398404,
    12.955931274835));
#3375 = CARTESIAN_POINT('',(1.552514953372,-3.508262044857,
    13.045005056166));
#3376 = CARTESIAN_POINT('',(3.408998331134,-2.043267125883,
    13.134062374595));
#3377 = CARTESIAN_POINT('',(3.825863197204,0.284572865816,13.22311969255
    ));
#3378 = CARTESIAN_POINT('',(2.815649640987,2.168807216132,
    13.312193474236));
#3379 = CARTESIAN_POINT('',(1.118111658708,3.00659052546,13.40124632949)
  );
#3380 = CARTESIAN_POINT('',(-0.499746671834,2.793189800808,
    13.490313369654));
#3381 = CARTESIAN_POINT('',(-2.642022491505,1.035066969901,
    13.668436379286));
#3382 = CARTESIAN_POINT('',(-3.166957347546,-0.510065770898,
    13.757503419398));
#3383 = CARTESIAN_POINT('',(-2.676429920617,-2.338442156089,
    13.846556274822));
#3384 = CARTESIAN_POINT('',(-1.025507592376,-3.696828293779,
    13.935630056173));
#3385 = CARTESIAN_POINT('',(1.338956403037,-3.742112494324,
    14.024687374601));
#3386 = CARTESIAN_POINT('',(3.137963359517,-2.207124118418,
    14.113744692532));
#3387 = CARTESIAN_POINT('',(3.552403338042,-0.109718573393,
    14.202818474256));
#3388 = CARTESIAN_POINT('',(2.771672837793,1.614803377925,
    14.291871329477));
#3389 = CARTESIAN_POINT('',(1.385671449666,2.47620084665,14.380938369661
    ));
#3390 = CARTESIAN_POINT('',(-1.385671469589,2.476198912876,
    14.559061379275));
#3391 = CARTESIAN_POINT('',(-2.771673434539,1.614810299743,
    14.648128419446));
#3392 = CARTESIAN_POINT('',(-3.552400305581,-0.109731064142,
    14.737181274713));
#3393 = CARTESIAN_POINT('',(-3.137971131147,-2.207111785799,
    14.826255056343));
#3394 = CARTESIAN_POINT('',(-1.338943738894,-3.74211702578,
    14.915312374406));
#3395 = CARTESIAN_POINT('',(1.025493761187,-3.696832896522,
    15.004369692699));
#3396 = CARTESIAN_POINT('',(2.676440188722,-2.338434424524,
    15.093443474152));
#3397 = CARTESIAN_POINT('',(3.166952495135,-0.510070742905,
    15.182496329521));
#3398 = CARTESIAN_POINT('',(2.642023702868,1.035068477356,
    15.271563369652));
#3399 = CARTESIAN_POINT('',(0.499745429666,2.793188318625,
    15.449686379279));
#3400 = CARTESIAN_POINT('',(-1.118107728856,3.006596254664,
    15.538753419442));
#3401 = CARTESIAN_POINT('',(-2.815655220892,2.168795636884,
    15.627806274716));
#3402 = CARTESIAN_POINT('',(-3.825861381047,0.284587329331,
    15.71688005634));
#3403 = CARTESIAN_POINT('',(-3.408991416326,-2.043278662801,
    15.805937374409));
#3404 = CARTESIAN_POINT('',(-1.552528564984,-3.5082568284,
    15.894994692695));
#3405 = CARTESIAN_POINT('',(0.585429149314,-3.505549935848,
    15.984068474154));
#3406 = CARTESIAN_POINT('',(2.124501930292,-2.4033834104,16.07312132952)
  );
#3407 = CARTESIAN_POINT('',(2.698952431034,-0.875963340758,
    16.162188369652));
#3408 = CARTESIAN_POINT('',(2.158288351892,1.842128624136,
    16.340311379278));
#3409 = CARTESIAN_POINT('',(1.043055509762,3.033450368055,
    16.429378419447));
#3410 = CARTESIAN_POINT('',(-0.800661532062,3.462734461171,
    16.518431274699));
#3411 = CARTESIAN_POINT('',(-2.776890550162,2.647089746745,
    16.607505056374));
#3412 = CARTESIAN_POINT('',(-3.931428261626,0.583165494814,
    16.696562374363));
#3413 = CARTESIAN_POINT('',(-3.425735380911,-1.727005506343,
    16.785619692741));
#3414 = CARTESIAN_POINT('',(-1.771354484497,-3.081219065867,
    16.874693474122));
#3415 = CARTESIAN_POINT('',(0.117571905485,-3.205610256452,
    16.963746329536));
#3416 = CARTESIAN_POINT('',(1.530613181765,-2.389326115692,
    17.052813369647));
#3417 = CARTESIAN_POINT('',(2.837013485103,5.478104716547E-02,
    17.230936379283));
#3418 = CARTESIAN_POINT('',(2.730693353814,1.683181433868,
    17.320003419428));
#3419 = CARTESIAN_POINT('',(1.577815753133,3.184664234516,
    17.409056274743));
#3420 = CARTESIAN_POINT('',(-0.467269465222,3.80786876113,
    17.498130056306));
#3421 = CARTESIAN_POINT('',(-2.669078869401,2.944864709846,
    17.58718737444));
#3422 = CARTESIAN_POINT('',(-3.743729954847,0.838270209581,
    17.676244692676));
#3423 = CARTESIAN_POINT('',(-3.323980215544,-1.258079158196,
    17.765318474162));
#3424 = CARTESIAN_POINT('',(-1.94273330638,-2.552557064882,
    17.854371329519));
#3425 = CARTESIAN_POINT('',(-0.332592451912,-2.817984787089,
    17.943438369651));
#3426 = CARTESIAN_POINT('',(2.227793808736,-1.757435979924,
    18.12156137928));
#3427 = CARTESIAN_POINT('',(3.1786535051,-0.431216681489,18.210628419436
    ));
#3428 = CARTESIAN_POINT('',(3.239997673351,1.460823026303,18.29968127473
    ));
#3429 = CARTESIAN_POINT('',(2.054482187873,3.239954968014,
    18.388755056319));
#3430 = CARTESIAN_POINT('',(-0.195023472187,3.969656914101,
    18.477812374432));
#3431 = CARTESIAN_POINT('',(-2.362149398401,3.02298877583,
    18.566869692678));
#3432 = CARTESIAN_POINT('',(-3.367588422289,1.136202384987,
    18.655943474164));
#3433 = CARTESIAN_POINT('',(-3.121078213334,-0.740696331469,
    18.744996329517));
#3434 = CARTESIAN_POINT('',(-2.044808065842,-1.96733727998,
    18.834063369651));
#3435 = CARTESIAN_POINT('',(0.607202319078,-2.771813814363,
    19.012186379282));
#3436 = CARTESIAN_POINT('',(2.183571420308,-2.349851438768,
    19.101253419427));
#3437 = CARTESIAN_POINT('',(3.431288387599,-0.926201294845,
    19.190306274748));
#3438 = CARTESIAN_POINT('',(3.64354188019,1.201169356292,19.279380056295
    ));
#3439 = CARTESIAN_POINT('',(2.367568504071,3.192307871861,
    19.368437374455));
#3440 = CARTESIAN_POINT('',(9.179760013293E-02,3.835333638661,
    19.457494692661));
#3441 = CARTESIAN_POINT('',(-1.882381890573,3.01467179965,
    19.546568474174));
#3442 = CARTESIAN_POINT('',(-2.882518862954,1.4074250509,19.635621329512
    ));
#3443 = CARTESIAN_POINT('',(-2.828723568123,-0.223559778342,
    19.724688369655));
#3444 = CARTESIAN_POINT('',(-1.289046328825,-2.527846126626,
    19.902811379275));
#3445 = CARTESIAN_POINT('',(0.197193562004,-3.201702770562,
    19.991878419459));
#3446 = CARTESIAN_POINT('',(2.064845910932,-2.892749591939,
    20.080931274676));
#3447 = CARTESIAN_POINT('',(3.578509733351,-1.382922030709,
    20.170005056406));
#3448 = CARTESIAN_POINT('',(3.855333877676,0.965717796541,20.25906237433
    ));
#3449 = CARTESIAN_POINT('',(2.504070407318,2.906517213777,
    20.348119692766));
#3450 = CARTESIAN_POINT('',(0.457386665068,3.524543244205,
    20.437193474109));
#3451 = CARTESIAN_POINT('',(-1.335356212845,2.916604884803,
    20.526246329539));
#3452 = CARTESIAN_POINT('',(-2.328457709817,1.621709188761,
    20.615313369649));
#3453 = CARTESIAN_POINT('',(-2.600094893184,-1.136289146391,
    20.793436379277));
#3454 = CARTESIAN_POINT('',(-1.878706050762,-2.600047981623,
    20.882503419455));
#3455 = CARTESIAN_POINT('',(-0.238993440172,-3.546050052253,
    20.971556274684));
#3456 = CARTESIAN_POINT('',(1.888908982558,-3.339195728084,
    21.060630056389));
#3457 = CARTESIAN_POINT('',(3.592858273143,-1.699287968471,
    21.149687374357));
#3458 = CARTESIAN_POINT('',(3.779547601564,0.658202739642,
    21.238744692736));
#3459 = CARTESIAN_POINT('',(2.589511237177,2.434345742524,
    21.327818474132));
#3460 = CARTESIAN_POINT('',(0.818030239993,3.101707077671,
    21.416871329527));
#3461 = CARTESIAN_POINT('',(-0.771120731687,2.730756088796,
    21.505938369652));
#3462 = CARTESIAN_POINT('',(-2.730754735504,0.771119350219,
    21.684061379276));
#3463 = CARTESIAN_POINT('',(-3.101712394084,-0.818025767512,
    21.77312841946));
#3464 = CARTESIAN_POINT('',(-2.434334765986,-2.589517925146,
    21.86218127467));
#3465 = CARTESIAN_POINT('',(-0.65821695545,-3.779544376546,
    21.951255056418));
#3466 = CARTESIAN_POINT('',(1.699300127548,-3.59285252236,
    22.040312374315));
#3467 = CARTESIAN_POINT('',(3.339189202625,-1.888922017408,
    22.129369692781));
#3468 = CARTESIAN_POINT('',(3.546051845837,0.239006167916,
    22.218443474096));
#3469 = CARTESIAN_POINT('',(2.600048066194,1.878699103829,
    22.307496329549));
#3470 = CARTESIAN_POINT('',(1.136288937024,2.600096815677,
    22.396563369642));
#3471 = CARTESIAN_POINT('',(-1.621709019047,2.328455783424,
    22.574686379293));
#3472 = CARTESIAN_POINT('',(-2.916606157142,1.335363042757,
    22.663753419387));
#3473 = CARTESIAN_POINT('',(-3.524539001996,-0.457398798257,
    22.752806274829));
#3474 = CARTESIAN_POINT('',(-2.906526156879,-2.504058896107,
    22.841880056183));
#3475 = CARTESIAN_POINT('',(-0.965704749112,-3.855337145711,
    22.930937374568));
#3476 = CARTESIAN_POINT('',(1.382908717174,-3.578515669869,
    23.019994692576));
#3477 = CARTESIAN_POINT('',(2.892759052836,-2.06483721,23.109068474219)
  );
#3478 = CARTESIAN_POINT('',(3.201698428829,-0.197198985747,
    23.198121329495));
#3479 = CARTESIAN_POINT('',(2.527847184407,1.289047947766,
    23.287188369657));
#3480 = CARTESIAN_POINT('',(0.223558687432,2.828721971321,
    23.465311379274));
#3481 = CARTESIAN_POINT('',(-1.407421701532,2.882524949754,
    23.554378419454));
#3482 = CARTESIAN_POINT('',(-3.014676217708,1.882369820185,
    23.643431274694));
#3483 = CARTESIAN_POINT('',(-3.835333248958,-9.178302830274E-02,
    23.732505056369));
#3484 = CARTESIAN_POINT('',(-3.19229985948,-2.3675793076,23.821562374382
    ));
#3485 = CARTESIAN_POINT('',(-1.201183413719,-3.643538023082,
    23.910619692713));
#3486 = CARTESIAN_POINT('',(0.926214127933,-3.431287663664,
    23.999693474147));
#3487 = CARTESIAN_POINT('',(2.349844641817,-2.183572858535,
    24.088746329521));
#3488 = CARTESIAN_POINT('',(2.771815659075,-0.607201738672,
    24.177813369653));
#3489 = CARTESIAN_POINT('',(1.967335423698,2.044807523564,
    24.355936379276));
#3490 = CARTESIAN_POINT('',(0.740702781988,3.121080793678,
    24.445003419457));
#3491 = CARTESIAN_POINT('',(-1.136213457567,3.367581894535,
    24.534056274681));
#3492 = CARTESIAN_POINT('',(-3.022979230304,2.362160415358,
    24.623130056398));
#3493 = CARTESIAN_POINT('',(-3.969657574149,0.195010037937,
    24.712187374338));
#3494 = CARTESIAN_POINT('',(-3.239963387611,-2.054470288342,
    24.801244692762));
#3495 = CARTESIAN_POINT('',(-1.460812646948,-3.240005254972,
    24.890318474106));
#3496 = CARTESIAN_POINT('',(0.431210514985,-3.178650304923,
    24.979371329547));
#3497 = CARTESIAN_POINT('',(1.757437774104,-2.227794530347,
    25.068438369639));
#3498 = CARTESIAN_POINT('',(2.817983008162,0.332593210331,25.2465613793)
  );
#3499 = CARTESIAN_POINT('',(2.552563688096,1.942731208893,
    25.335628419354));
#3500 = CARTESIAN_POINT('',(1.258066457926,3.323982193775,
    25.424681274902));
#3501 = CARTESIAN_POINT('',(-0.838255841862,3.743732415643,
    25.513755056071));
#3502 = CARTESIAN_POINT('',(-2.944873742504,2.669068903104,
    25.602812374693));
#3503 = CARTESIAN_POINT('',(-3.807867720715,0.467284005189,
    25.691869692474));
#3504 = CARTESIAN_POINT('',(-3.184661020818,-1.577828198498,
    25.78094347428));
#3505 = CARTESIAN_POINT('',(-1.683184170501,-2.730686968012,
    25.869996329471));
#3506 = CARTESIAN_POINT('',(-5.478011802266E-02,-2.837015181145,
    25.959063369661));
#3507 = CARTESIAN_POINT('',(2.38932522169,-1.530611466943,
    26.137186379275));
#3508 = CARTESIAN_POINT('',(3.205614045659,-0.11757772865,
    26.226253419445));
#3509 = CARTESIAN_POINT('',(3.081210503359,1.771364070793,
    26.315306274718));
#3510 = CARTESIAN_POINT('',(1.727018173919,3.425728168141,
    26.404380056327));
#3511 = CARTESIAN_POINT('',(-0.583178799802,3.931426288057,
    26.493437374444));
#3512 = CARTESIAN_POINT('',(-2.647079718314,2.776901129492,
    26.582494692632));
#3513 = CARTESIAN_POINT('',(-3.462739872329,0.800649873026,
    26.671568474237));
#3514 = CARTESIAN_POINT('',(-3.03344843229,-1.043048837417,
    26.760621329438));
#3515 = CARTESIAN_POINT('',(-1.842128981923,-2.158290252378,
    26.849688369714));
#3516 = CARTESIAN_POINT('',(0.875963737696,-2.698950538325,
    27.027811379146));
#3517 = CARTESIAN_POINT('',(2.40338264453,-2.124508835442,
    27.116878420211));
#3518 = CARTESIAN_POINT('',(3.505549400608,-0.58541630717,
    27.205931272564));
#3519 = CARTESIAN_POINT('',(3.508262040568,1.552514953507,
    27.295005060571));
#3520 = CARTESIAN_POINT('',(2.043267132338,3.408998330914,
    27.384062367986));
#3521 = CARTESIAN_POINT('',(-0.284572873618,3.825863197486,
    27.473119700518));
#3522 = CARTESIAN_POINT('',(-2.168807208439,2.815649640698,
    27.562193466393));
#3523 = CARTESIAN_POINT('',(-3.006590531665,1.118111658947,
    27.65124633581));
#3524 = CARTESIAN_POINT('',(-2.79318979675,-0.499746671992,
    27.740313365523));
#3525 = CARTESIAN_POINT('',(-1.035066978169,-2.642022491181,
    27.918436387703));
#3526 = CARTESIAN_POINT('',(0.510065817533,-3.166957349378,
    28.007503371925));
#3527 = CARTESIAN_POINT('',(2.338442027321,-2.67642991556,
    28.096556405901));
#3528 = CARTESIAN_POINT('',(3.696828544374,-1.025507602212,
    28.185629801082));
#3529 = CARTESIAN_POINT('',(3.742112117058,1.338956417832,
    28.274687758647));
#3530 = CARTESIAN_POINT('',(2.207124574588,3.137963341644,
    28.363744228146));
#3531 = CARTESIAN_POINT('',(0.109718123419,3.552403355656,
    28.452818932352));
#3532 = CARTESIAN_POINT('',(-1.614803014842,2.771672823589,
    28.541870959829));
#3533 = CARTESIAN_POINT('',(-2.476201084277,1.385671458959,
    28.630938611588));
#3534 = CARTESIAN_POINT('',(-2.476199756462,-1.478292621648E-08,
    28.719999748935));
#3535 = DEFINITIONAL_REPRESENTATION('',(#3536),#3539);
#3536 = B_SPLINE_CURVE_WITH_KNOTS('',1,(#3537,#3538),.UNSPECIFIED.,.F.,
  .F.,(2,2),(0.,181.32455624966),.PIECEWISE_BEZIER_KNOTS.);
#3537 = CARTESIAN_POINT('',(0.,0.));
#3538 = CARTESIAN_POINT('',(0.,181.32455624966));
#3539 = ( GEOMETRIC_REPRESENTATION_CONTEXT(2) 
PARAMETRIC_REPRESENTATION_CONTEXT() REPRESENTATION_CONTEXT('2D SPACE',''
  ) );
#3540 = ORIENTED_EDGE('',*,*,#3541,.F.);
#3541 = EDGE_CURVE('',#1219,#2652,#3542,.T.);
#3542 = SURFACE_CURVE('',#3543,(#3546,#3553),.PCURVE_S1.);
#3543 = B_SPLINE_CURVE_WITH_KNOTS('',1,(#3544,#3545),.UNSPECIFIED.,.F.,
  .F.,(2,2),(0.,0.583095189485),.PIECEWISE_BEZIER_KNOTS.);
#3544 = CARTESIAN_POINT('',(-2.476200243538,-1.478293853996E-08,
    28.279999748935));
#3545 = CARTESIAN_POINT('',(-3.0162,2.041459490343E-08,28.500000346709)
  );
#3546 = PCURVE('',#1514,#3547);
#3547 = DEFINITIONAL_REPRESENTATION('',(#3548),#3552);
#3548 = LINE('',#3549,#3550);
#3549 = CARTESIAN_POINT('',(0.,181.32455624966));
#3550 = VECTOR('',#3551,1.);
#3551 = DIRECTION('',(1.,0.));
#3552 = ( GEOMETRIC_REPRESENTATION_CONTEXT(2) 
PARAMETRIC_REPRESENTATION_CONTEXT() REPRESENTATION_CONTEXT('2D SPACE',''
  ) );
#3553 = PCURVE('',#3554,#3559);
#3554 = PLANE('',#3555);
#3555 = AXIS2_PLACEMENT_3D('',#3556,#3557,#3558);
#3556 = CARTESIAN_POINT('',(-2.672236165105,-2.005176338848E-09,
    28.499999965945));
#3557 = DIRECTION('',(6.518060612127E-08,1.,-1.017898963764E-13));
#3558 = DIRECTION('',(1.,-6.518060612127E-08,0.));
#3559 = DEFINITIONAL_REPRESENTATION('',(#3560),#3563);
#3560 = B_SPLINE_CURVE_WITH_KNOTS('',1,(#3561,#3562),.UNSPECIFIED.,.F.,
  .F.,(2,2),(0.,0.583095189485),.PIECEWISE_BEZIER_KNOTS.);
#3561 = CARTESIAN_POINT('',(0.196035921567,0.22000021701));
#3562 = CARTESIAN_POINT('',(-0.343963834895,-3.80764401342E-07));
#3563 = ( GEOMETRIC_REPRESENTATION_CONTEXT(2) 
PARAMETRIC_REPRESENTATION_CONTEXT() REPRESENTATION_CONTEXT('2D SPACE',''
  ) );
#3564 = ADVANCED_FACE('',(#3565),#2954,.F.);
#3565 = FACE_BOUND('',#3566,.F.);
#3566 = EDGE_LOOP('',(#3567,#3568,#3589,#3898));
#3567 = ORIENTED_EDGE('',*,*,#2651,.F.);
#3568 = ORIENTED_EDGE('',*,*,#3569,.T.);
#3569 = EDGE_CURVE('',#2626,#3570,#3572,.T.);
#3570 = VERTEX_POINT('',#3571);
#3571 = CARTESIAN_POINT('',(2.4762,6.661338147751E-16,0.22));
#3572 = SURFACE_CURVE('',#3573,(#3576,#3583),.PCURVE_S1.);
#3573 = B_SPLINE_CURVE_WITH_KNOTS('',1,(#3574,#3575),.UNSPECIFIED.,.F.,
  .F.,(2,2),(0.,0.583095189485),.PIECEWISE_BEZIER_KNOTS.);
#3574 = CARTESIAN_POINT('',(3.0162,-6.661338147751E-16,0.));
#3575 = CARTESIAN_POINT('',(2.4762,-2.331468351713E-15,0.22));
#3576 = PCURVE('',#2954,#3577);
#3577 = DEFINITIONAL_REPRESENTATION('',(#3578),#3582);
#3578 = LINE('',#3579,#3580);
#3579 = CARTESIAN_POINT('',(0.,0.));
#3580 = VECTOR('',#3581,1.);
#3581 = DIRECTION('',(1.,0.));
#3582 = ( GEOMETRIC_REPRESENTATION_CONTEXT(2) 
PARAMETRIC_REPRESENTATION_CONTEXT() REPRESENTATION_CONTEXT('2D SPACE',''
  ) );
#3583 = PCURVE('',#2640,#3584);
#3584 = DEFINITIONAL_REPRESENTATION('',(#3585),#3588);
#3585 = B_SPLINE_CURVE_WITH_KNOTS('',1,(#3586,#3587),.UNSPECIFIED.,.F.,
  .F.,(2,2),(0.,0.583095189485),.PIECEWISE_BEZIER_KNOTS.);
#3586 = CARTESIAN_POINT('',(6.912150882997E-17,0.343963834895));
#3587 = CARTESIAN_POINT('',(-0.22,-0.196036165105));
#3588 = ( GEOMETRIC_REPRESENTATION_CONTEXT(2) 
PARAMETRIC_REPRESENTATION_CONTEXT() REPRESENTATION_CONTEXT('2D SPACE',''
  ) );
#3589 = ORIENTED_EDGE('',*,*,#3590,.T.);
#3590 = EDGE_CURVE('',#3570,#3591,#3593,.T.);
#3591 = VERTEX_POINT('',#3592);
#3592 = CARTESIAN_POINT('',(-2.476199756462,-1.478292543933E-08,
    28.719999748935));
#3593 = SURFACE_CURVE('',#3594,(#3885,#3892),.PCURVE_S1.);
#3594 = B_SPLINE_CURVE_WITH_KNOTS('',10,(#3595,#3596,#3597,#3598,#3599,
    #3600,#3601,#3602,#3603,#3604,#3605,#3606,#3607,#3608,#3609,#3610,
    #3611,#3612,#3613,#3614,#3615,#3616,#3617,#3618,#3619,#3620,#3621,
    #3622,#3623,#3624,#3625,#3626,#3627,#3628,#3629,#3630,#3631,#3632,
    #3633,#3634,#3635,#3636,#3637,#3638,#3639,#3640,#3641,#3642,#3643,
    #3644,#3645,#3646,#3647,#3648,#3649,#3650,#3651,#3652,#3653,#3654,
    #3655,#3656,#3657,#3658,#3659,#3660,#3661,#3662,#3663,#3664,#3665,
    #3666,#3667,#3668,#3669,#3670,#3671,#3672,#3673,#3674,#3675,#3676,
    #3677,#3678,#3679,#3680,#3681,#3682,#3683,#3684,#3685,#3686,#3687,
    #3688,#3689,#3690,#3691,#3692,#3693,#3694,#3695,#3696,#3697,#3698,
    #3699,#3700,#3701,#3702,#3703,#3704,#3705,#3706,#3707,#3708,#3709,
    #3710,#3711,#3712,#3713,#3714,#3715,#3716,#3717,#3718,#3719,#3720,
    #3721,#3722,#3723,#3724,#3725,#3726,#3727,#3728,#3729,#3730,#3731,
    #3732,#3733,#3734,#3735,#3736,#3737,#3738,#3739,#3740,#3741,#3742,
    #3743,#3744,#3745,#3746,#3747,#3748,#3749,#3750,#3751,#3752,#3753,
    #3754,#3755,#3756,#3757,#3758,#3759,#3760,#3761,#3762,#3763,#3764,
    #3765,#3766,#3767,#3768,#3769,#3770,#3771,#3772,#3773,#3774,#3775,
    #3776,#3777,#3778,#3779,#3780,#3781,#3782,#3783,#3784,#3785,#3786,
    #3787,#3788,#3789,#3790,#3791,#3792,#3793,#3794,#3795,#3796,#3797,
    #3798,#3799,#3800,#3801,#3802,#3803,#3804,#3805,#3806,#3807,#3808,
    #3809,#3810,#3811,#3812,#3813,#3814,#3815,#3816,#3817,#3818,#3819,
    #3820,#3821,#3822,#3823,#3824,#3825,#3826,#3827,#3828,#3829,#3830,
    #3831,#3832,#3833,#3834,#3835,#3836,#3837,#3838,#3839,#3840,#3841,
    #3842,#3843,#3844,#3845,#3846,#3847,#3848,#3849,#3850,#3851,#3852,
    #3853,#3854,#3855,#3856,#3857,#3858,#3859,#3860,#3861,#3862,#3863,
    #3864,#3865,#3866,#3867,#3868,#3869,#3870,#3871,#3872,#3873,#3874,
    #3875,#3876,#3877,#3878,#3879,#3880,#3881,#3882,#3883,#3884),
  .UNSPECIFIED.,.F.,.F.,(11,9,9,9,9,9,9,9,9,9,9,9,9,9,9,9,9,9,9,9,9,9,9,
    9,9,9,9,9,9,9,9,9,11),(0.,5.666392382802,11.332784765604,
    16.999177148406,22.665569531209,28.331961914011,33.998354296813,
    39.664746679615,45.331139062417,50.997531445219,56.663923828022,
    62.330316210824,67.996708593626,73.663100976428,79.32949335923,
    84.995885742032,90.662278124834,96.328670507637,101.99506289043,
    107.66145527324,113.32784765604,118.99424003884,124.66063242164,
    130.32702480445,135.99341718725,141.65980957005,147.32620195285,
    152.99259433565,158.65898671846,164.32537910126,169.99177148406,
    175.65816386686,181.32455624966),.UNSPECIFIED.);
#3595 = CARTESIAN_POINT('',(2.4762,-2.331468351713E-15,0.22));
#3596 = CARTESIAN_POINT('',(2.476198681153,1.385671488786,0.309061137349
    ));
#3597 = CARTESIAN_POINT('',(1.614810653807,2.771673405209,0.398128789095
    ));
#3598 = CARTESIAN_POINT('',(-0.109731502934,3.552400341924,
    0.487180816611));
#3599 = CARTESIAN_POINT('',(-2.207111340977,3.137971094312,
    0.576255520735));
#3600 = CARTESIAN_POINT('',(-3.742117393647,1.338943769348,
    0.665311990358));
#3601 = CARTESIAN_POINT('',(-3.696832652179,-1.025493781409,
    0.754369947787));
#3602 = CARTESIAN_POINT('',(-2.338434550078,-2.676440178334,
    0.843443343078));
#3603 = CARTESIAN_POINT('',(-0.510070697433,-3.166952498896,
    0.932496376991));
#3604 = CARTESIAN_POINT('',(1.035068469293,-2.642023702201,
    1.021563361234));
#3605 = CARTESIAN_POINT('',(2.793188322584,-0.499745429995,
    1.199686383414));
#3606 = CARTESIAN_POINT('',(3.006596248609,1.118107729366,1.288753413107
    ));
#3607 = CARTESIAN_POINT('',(2.168795644394,2.815655220247,1.377806282589
    ));
#3608 = CARTESIAN_POINT('',(0.284587321713,3.825861381716,1.466880048335
    ));
#3609 = CARTESIAN_POINT('',(-2.043278656498,3.408991415761,
    1.555937381049));
#3610 = CARTESIAN_POINT('',(-3.508256832589,1.552528565367,
    1.644994688274));
#3611 = CARTESIAN_POINT('',(-3.505549933696,-0.585429149514,
    1.73406847643));
#3612 = CARTESIAN_POINT('',(-2.403383411178,-2.124501930219,
    1.823121328695));
#3613 = CARTESIAN_POINT('',(-0.875963340621,-2.698952431046,
    1.912188369797));
#3614 = CARTESIAN_POINT('',(1.842128624069,-2.158288351888,
    2.090311379211));
#3615 = CARTESIAN_POINT('',(3.033450368159,-1.043055509755,
    2.179378419531));
#3616 = CARTESIAN_POINT('',(3.462734461038,0.800661532033,2.268431274625
    ));
#3617 = CARTESIAN_POINT('',(2.647089746889,2.776890550216,2.357505056412
    ));
#3618 = CARTESIAN_POINT('',(0.583165494686,3.931428261557,2.446562374366
    ));
#3619 = CARTESIAN_POINT('',(-1.727005506251,3.425735380971,
    2.535619692714));
#3620 = CARTESIAN_POINT('',(-3.08121906592,1.771354484458,2.624693474148
    ));
#3621 = CARTESIAN_POINT('',(-3.205610256431,-0.11757190547,
    2.713746329522));
#3622 = CARTESIAN_POINT('',(-2.389326115697,-1.530613181768,
    2.80281336965));
#3623 = CARTESIAN_POINT('',(5.478104716708E-02,-2.837013485103,
    2.980936379283));
#3624 = CARTESIAN_POINT('',(1.683181433869,-2.730693353811,
    3.070003419423));
#3625 = CARTESIAN_POINT('',(3.184664234507,-1.577815753144,
    3.159056274757));
#3626 = CARTESIAN_POINT('',(3.807868761151,0.467269465242,3.248130056281
    ));
#3627 = CARTESIAN_POINT('',(2.944864709817,2.669078869377,3.337187374472
    ));
#3628 = CARTESIAN_POINT('',(0.838270209609,3.743729954868,3.426244692646
    ));
#3629 = CARTESIAN_POINT('',(-1.258079158215,3.323980215533,
    3.515318474181));
#3630 = CARTESIAN_POINT('',(-2.552557064875,1.942733306383,
    3.604371329511));
#3631 = CARTESIAN_POINT('',(-2.817984787089,0.332592451913,
    3.693438369651));
#3632 = CARTESIAN_POINT('',(-1.757435979927,-2.227793808738,
    3.871561379285));
#3633 = CARTESIAN_POINT('',(-0.431216681475,-3.178653505095,
    3.960628419411));
#3634 = CARTESIAN_POINT('',(1.46082302627,-3.239997673357,4.049681274785
    ));
#3635 = CARTESIAN_POINT('',(3.239954968063,-2.05448218787,4.138755056239
    ));
#3636 = CARTESIAN_POINT('',(3.969656914047,0.195023472188,4.227812374518
    ));
#3637 = CARTESIAN_POINT('',(3.022988775874,2.362149398398,4.316869692608
    ));
#3638 = CARTESIAN_POINT('',(1.13620238496,3.367588422292,4.405943474204)
  );
#3639 = CARTESIAN_POINT('',(-0.740696331458,3.121078213331,
    4.494996329501));
#3640 = CARTESIAN_POINT('',(-1.967337279982,2.044808065843,
    4.584063369654));
#3641 = CARTESIAN_POINT('',(-2.771813814362,-0.607202319079,
    4.762186379281));
#3642 = CARTESIAN_POINT('',(-2.349851438768,-2.183571420308,
    4.851253419427));
#3643 = CARTESIAN_POINT('',(-0.926201294847,-3.431288387597,
    4.940306274751));
#3644 = CARTESIAN_POINT('',(1.201169356295,-3.643541880196,
    5.029380056288));
#3645 = CARTESIAN_POINT('',(3.192307871857,-2.367568504062,
    5.118437374465));
#3646 = CARTESIAN_POINT('',(3.835333638664,-9.179760014235E-02,
    5.207494692653));
#3647 = CARTESIAN_POINT('',(3.014671799651,1.882381890579,5.296568474177
    ));
#3648 = CARTESIAN_POINT('',(1.407425050897,2.882518862953,5.385621329513
    ));
#3649 = CARTESIAN_POINT('',(-0.223559778341,2.828723568121,
    5.474688369651));
#3650 = CARTESIAN_POINT('',(-2.52784612663,1.289046328831,5.652811379284
    ));
#3651 = CARTESIAN_POINT('',(-3.20170277055,-0.197193562031,
    5.741878419418));
#3652 = CARTESIAN_POINT('',(-2.892749591958,-2.064845910868,
    5.83093127477));
#3653 = CARTESIAN_POINT('',(-1.382922030687,-3.578509733453,
    5.920005056261));
#3654 = CARTESIAN_POINT('',(0.965717796521,-3.855333877559,
    6.009062374495));
#3655 = CARTESIAN_POINT('',(2.90651721379,-2.504070407417,6.098119692627
    ));
#3656 = CARTESIAN_POINT('',(3.524543244202,-0.457386665007,
    6.187193474193));
#3657 = CARTESIAN_POINT('',(2.916604884801,1.33535621282,6.276246329506)
  );
#3658 = CARTESIAN_POINT('',(1.621709188763,2.328457709821,6.365313369653
    ));
#3659 = CARTESIAN_POINT('',(-1.136289146392,2.600094893187,
    6.543436379282));
#3660 = CARTESIAN_POINT('',(-2.600047981628,1.878706050742,
    6.632503419422));
#3661 = CARTESIAN_POINT('',(-3.546050052234,0.238993440218,
    6.721556274762));
#3662 = CARTESIAN_POINT('',(-3.339195728121,-1.888908982626,
    6.810630056269));
#3663 = CARTESIAN_POINT('',(-1.699287968425,-3.592858273069,
    6.899687374488));
#3664 = CARTESIAN_POINT('',(0.658202739601,-3.779547601623,
    6.988744692631));
#3665 = CARTESIAN_POINT('',(2.434345742551,-2.589511237146,
    7.077818474191));
#3666 = CARTESIAN_POINT('',(3.101707077659,-0.818030240003,
    7.166871329507));
#3667 = CARTESIAN_POINT('',(2.730756088797,0.771120731686,7.255938369652
    ));
#3668 = CARTESIAN_POINT('',(0.771119350224,2.73075473551,7.434061379286)
  );
#3669 = CARTESIAN_POINT('',(-0.818025767544,3.101712394061,
    7.523128419405));
#3670 = CARTESIAN_POINT('',(-2.58951792507,2.434334766029,7.6121812748)
  );
#3671 = CARTESIAN_POINT('',(-3.779544376669,0.658216955394,
    7.701255056213));
#3672 = CARTESIAN_POINT('',(-3.592852522215,-1.699300127492,
    7.790312374549));
#3673 = CARTESIAN_POINT('',(-1.888922017534,-3.339189202665,
    7.879369692582));
#3674 = CARTESIAN_POINT('',(0.239006167999,-3.546051845817,
    7.968443474221));
#3675 = CARTESIAN_POINT('',(1.878699103791,-2.6000480662,8.057496329495)
  );
#3676 = CARTESIAN_POINT('',(2.600096815687,-1.136288937024,
    8.146563369655));
#3677 = CARTESIAN_POINT('',(2.328455783417,1.621709019048,8.324686379283
    ));
#3678 = CARTESIAN_POINT('',(1.335363042776,2.916606157134,8.413753419417
    ));
#3679 = CARTESIAN_POINT('',(-0.457398798291,3.524539002018,
    8.502806274775));
#3680 = CARTESIAN_POINT('',(-2.504058896063,2.906526156844,
    8.591880056251));
#3681 = CARTESIAN_POINT('',(-3.855337145753,0.965704749148,
    8.680937374506));
#3682 = CARTESIAN_POINT('',(-3.578515669839,-1.382908717198,
    8.769994692618));
#3683 = CARTESIAN_POINT('',(-2.064837210016,-2.892759052825,
    8.859068474199));
#3684 = CARTESIAN_POINT('',(-0.19719898574,-3.201698428832,
    8.948121329503));
#3685 = CARTESIAN_POINT('',(1.289047947763,-2.527847184406,
    9.037188369654));
#3686 = CARTESIAN_POINT('',(2.828721971325,-0.223558687435,
    9.215311379282));
#3687 = CARTESIAN_POINT('',(2.882524949741,1.407421701545,9.304378419423
    ));
#3688 = CARTESIAN_POINT('',(1.88236982021,3.014676217675,9.393431274761)
  );
#3689 = CARTESIAN_POINT('',(-9.178302833266E-02,3.83533324901,
    9.482505056272));
#3690 = CARTESIAN_POINT('',(-2.367579307572,3.192299859422,
    9.571562374484));
#3691 = CARTESIAN_POINT('',(-3.6435380231,1.201183413767,9.660619692635)
  );
#3692 = CARTESIAN_POINT('',(-3.431287663656,-0.926214127961,
    9.749693474189));
#3693 = CARTESIAN_POINT('',(-2.183572858536,-2.349844641807,
    9.838746329507));
#3694 = CARTESIAN_POINT('',(-0.607201738673,-2.771815659075,
    9.927813369653));
#3695 = CARTESIAN_POINT('',(2.044807523566,-1.967335423702,
    10.105936379282));
#3696 = CARTESIAN_POINT('',(3.121080793675,-0.740702781963,
    10.195003419424));
#3697 = CARTESIAN_POINT('',(3.367581894538,1.13621345751,10.284056274757
    ));
#3698 = CARTESIAN_POINT('',(2.362160415357,3.022979230393,
    10.373130056279));
#3699 = CARTESIAN_POINT('',(0.195010037939,3.969657574047,
    10.462187374476));
#3700 = CARTESIAN_POINT('',(-2.054470288344,3.2399633877,10.551244692641
    ));
#3701 = CARTESIAN_POINT('',(-3.240005254973,1.460812646889,
    10.640318474185));
#3702 = CARTESIAN_POINT('',(-3.178650304919,-0.431210514957,
    10.729371329509));
#3703 = CARTESIAN_POINT('',(-2.227794530351,-1.757437774113,
    10.818438369652));
#3704 = CARTESIAN_POINT('',(0.332593210337,-2.817983008151,
    10.996561379283));
#3705 = CARTESIAN_POINT('',(1.942731208864,-2.552563688131,
    11.085628419419));
#3706 = CARTESIAN_POINT('',(3.323982193847,-1.258066457862,
    11.174681274768));
#3707 = CARTESIAN_POINT('',(3.743732415526,0.838255841775,
    11.263755056263));
#3708 = CARTESIAN_POINT('',(2.669068903234,2.944873742593,
    11.352812374493));
#3709 = CARTESIAN_POINT('',(0.467284005085,3.807867720646,
    11.441869692629));
#3710 = CARTESIAN_POINT('',(-1.577828198439,3.184661020857,
    11.530943474193));
#3711 = CARTESIAN_POINT('',(-2.730686968036,1.683184170485,
    11.619996329504));
#3712 = CARTESIAN_POINT('',(-2.837015181139,5.478011802593E-02,
    11.709063369655));
#3713 = CARTESIAN_POINT('',(-1.530611466947,-2.389325221693,
    11.887186379278));
#3714 = CARTESIAN_POINT('',(-0.117577728639,-3.205614045643,
    11.976253419443));
#3715 = CARTESIAN_POINT('',(1.77136407077,-3.0812105034,12.065306274713)
  );
#3716 = CARTESIAN_POINT('',(3.425728168178,-1.727018173841,
    12.154380056346));
#3717 = CARTESIAN_POINT('',(3.931426288013,0.583178799687,
    12.243437374398));
#3718 = CARTESIAN_POINT('',(2.776901129532,2.647079718449,
    12.332494692709));
#3719 = CARTESIAN_POINT('',(0.800649872998,3.462739872199,
    12.421568474141));
#3720 = CARTESIAN_POINT('',(-1.043048837403,3.033448432394,
    12.51062132953));
#3721 = CARTESIAN_POINT('',(-2.158290252382,1.842128981855,
    12.599688369646));
#3722 = CARTESIAN_POINT('',(-2.698950538322,-0.875963737555,
    12.777811379292));
#3723 = CARTESIAN_POINT('',(-2.124508835462,-2.403382645327,
    12.866878419387));
#3724 = CARTESIAN_POINT('',(-0.585416307108,-3.505549398404,
    12.955931274835));
#3725 = CARTESIAN_POINT('',(1.552514953372,-3.508262044857,
    13.045005056166));
#3726 = CARTESIAN_POINT('',(3.408998331134,-2.043267125883,
    13.134062374595));
#3727 = CARTESIAN_POINT('',(3.825863197204,0.284572865816,13.22311969255
    ));
#3728 = CARTESIAN_POINT('',(2.815649640987,2.168807216132,
    13.312193474236));
#3729 = CARTESIAN_POINT('',(1.118111658708,3.00659052546,13.40124632949)
  );
#3730 = CARTESIAN_POINT('',(-0.499746671834,2.793189800808,
    13.490313369654));
#3731 = CARTESIAN_POINT('',(-2.642022491505,1.035066969901,
    13.668436379286));
#3732 = CARTESIAN_POINT('',(-3.166957347546,-0.510065770898,
    13.757503419398));
#3733 = CARTESIAN_POINT('',(-2.676429920617,-2.338442156089,
    13.846556274822));
#3734 = CARTESIAN_POINT('',(-1.025507592376,-3.696828293779,
    13.935630056173));
#3735 = CARTESIAN_POINT('',(1.338956403037,-3.742112494324,
    14.024687374601));
#3736 = CARTESIAN_POINT('',(3.137963359517,-2.207124118418,
    14.113744692532));
#3737 = CARTESIAN_POINT('',(3.552403338042,-0.109718573393,
    14.202818474256));
#3738 = CARTESIAN_POINT('',(2.771672837793,1.614803377925,
    14.291871329477));
#3739 = CARTESIAN_POINT('',(1.385671449666,2.47620084665,14.380938369661
    ));
#3740 = CARTESIAN_POINT('',(-1.385671469589,2.476198912876,
    14.559061379275));
#3741 = CARTESIAN_POINT('',(-2.771673434539,1.614810299743,
    14.648128419446));
#3742 = CARTESIAN_POINT('',(-3.552400305581,-0.109731064142,
    14.737181274713));
#3743 = CARTESIAN_POINT('',(-3.137971131147,-2.207111785799,
    14.826255056343));
#3744 = CARTESIAN_POINT('',(-1.338943738894,-3.74211702578,
    14.915312374406));
#3745 = CARTESIAN_POINT('',(1.025493761187,-3.696832896522,
    15.004369692699));
#3746 = CARTESIAN_POINT('',(2.676440188722,-2.338434424524,
    15.093443474152));
#3747 = CARTESIAN_POINT('',(3.166952495135,-0.510070742905,
    15.182496329521));
#3748 = CARTESIAN_POINT('',(2.642023702868,1.035068477356,
    15.271563369652));
#3749 = CARTESIAN_POINT('',(0.499745429666,2.793188318625,
    15.449686379279));
#3750 = CARTESIAN_POINT('',(-1.118107728856,3.006596254664,
    15.538753419442));
#3751 = CARTESIAN_POINT('',(-2.815655220892,2.168795636884,
    15.627806274716));
#3752 = CARTESIAN_POINT('',(-3.825861381047,0.284587329331,
    15.71688005634));
#3753 = CARTESIAN_POINT('',(-3.408991416326,-2.043278662801,
    15.805937374409));
#3754 = CARTESIAN_POINT('',(-1.552528564984,-3.5082568284,
    15.894994692695));
#3755 = CARTESIAN_POINT('',(0.585429149314,-3.505549935848,
    15.984068474154));
#3756 = CARTESIAN_POINT('',(2.124501930292,-2.4033834104,16.07312132952)
  );
#3757 = CARTESIAN_POINT('',(2.698952431034,-0.875963340758,
    16.162188369652));
#3758 = CARTESIAN_POINT('',(2.158288351892,1.842128624136,
    16.340311379278));
#3759 = CARTESIAN_POINT('',(1.043055509762,3.033450368055,
    16.429378419447));
#3760 = CARTESIAN_POINT('',(-0.800661532062,3.462734461171,
    16.518431274699));
#3761 = CARTESIAN_POINT('',(-2.776890550162,2.647089746745,
    16.607505056374));
#3762 = CARTESIAN_POINT('',(-3.931428261626,0.583165494814,
    16.696562374363));
#3763 = CARTESIAN_POINT('',(-3.425735380911,-1.727005506343,
    16.785619692741));
#3764 = CARTESIAN_POINT('',(-1.771354484497,-3.081219065867,
    16.874693474122));
#3765 = CARTESIAN_POINT('',(0.117571905485,-3.205610256452,
    16.963746329536));
#3766 = CARTESIAN_POINT('',(1.530613181765,-2.389326115692,
    17.052813369647));
#3767 = CARTESIAN_POINT('',(2.837013485103,5.478104716547E-02,
    17.230936379283));
#3768 = CARTESIAN_POINT('',(2.730693353814,1.683181433868,
    17.320003419428));
#3769 = CARTESIAN_POINT('',(1.577815753133,3.184664234516,
    17.409056274743));
#3770 = CARTESIAN_POINT('',(-0.467269465222,3.80786876113,
    17.498130056306));
#3771 = CARTESIAN_POINT('',(-2.669078869401,2.944864709846,
    17.58718737444));
#3772 = CARTESIAN_POINT('',(-3.743729954847,0.838270209581,
    17.676244692676));
#3773 = CARTESIAN_POINT('',(-3.323980215544,-1.258079158196,
    17.765318474162));
#3774 = CARTESIAN_POINT('',(-1.94273330638,-2.552557064882,
    17.854371329519));
#3775 = CARTESIAN_POINT('',(-0.332592451912,-2.817984787089,
    17.943438369651));
#3776 = CARTESIAN_POINT('',(2.227793808736,-1.757435979924,
    18.12156137928));
#3777 = CARTESIAN_POINT('',(3.1786535051,-0.431216681489,18.210628419436
    ));
#3778 = CARTESIAN_POINT('',(3.239997673351,1.460823026303,18.29968127473
    ));
#3779 = CARTESIAN_POINT('',(2.054482187873,3.239954968014,
    18.388755056319));
#3780 = CARTESIAN_POINT('',(-0.195023472187,3.969656914101,
    18.477812374432));
#3781 = CARTESIAN_POINT('',(-2.362149398401,3.02298877583,
    18.566869692678));
#3782 = CARTESIAN_POINT('',(-3.367588422289,1.136202384987,
    18.655943474164));
#3783 = CARTESIAN_POINT('',(-3.121078213334,-0.740696331469,
    18.744996329517));
#3784 = CARTESIAN_POINT('',(-2.044808065842,-1.96733727998,
    18.834063369651));
#3785 = CARTESIAN_POINT('',(0.607202319078,-2.771813814363,
    19.012186379282));
#3786 = CARTESIAN_POINT('',(2.183571420308,-2.349851438768,
    19.101253419427));
#3787 = CARTESIAN_POINT('',(3.431288387599,-0.926201294845,
    19.190306274748));
#3788 = CARTESIAN_POINT('',(3.64354188019,1.201169356292,19.279380056295
    ));
#3789 = CARTESIAN_POINT('',(2.367568504071,3.192307871861,
    19.368437374455));
#3790 = CARTESIAN_POINT('',(9.179760013293E-02,3.835333638661,
    19.457494692661));
#3791 = CARTESIAN_POINT('',(-1.882381890573,3.01467179965,
    19.546568474174));
#3792 = CARTESIAN_POINT('',(-2.882518862954,1.4074250509,19.635621329512
    ));
#3793 = CARTESIAN_POINT('',(-2.828723568123,-0.223559778342,
    19.724688369655));
#3794 = CARTESIAN_POINT('',(-1.289046328825,-2.527846126626,
    19.902811379275));
#3795 = CARTESIAN_POINT('',(0.197193562004,-3.201702770562,
    19.991878419459));
#3796 = CARTESIAN_POINT('',(2.064845910932,-2.892749591939,
    20.080931274676));
#3797 = CARTESIAN_POINT('',(3.578509733351,-1.382922030709,
    20.170005056406));
#3798 = CARTESIAN_POINT('',(3.855333877676,0.965717796541,20.25906237433
    ));
#3799 = CARTESIAN_POINT('',(2.504070407318,2.906517213777,
    20.348119692766));
#3800 = CARTESIAN_POINT('',(0.457386665068,3.524543244205,
    20.437193474109));
#3801 = CARTESIAN_POINT('',(-1.335356212845,2.916604884803,
    20.526246329539));
#3802 = CARTESIAN_POINT('',(-2.328457709817,1.621709188761,
    20.615313369649));
#3803 = CARTESIAN_POINT('',(-2.600094893184,-1.136289146391,
    20.793436379277));
#3804 = CARTESIAN_POINT('',(-1.878706050762,-2.600047981623,
    20.882503419455));
#3805 = CARTESIAN_POINT('',(-0.238993440172,-3.546050052253,
    20.971556274684));
#3806 = CARTESIAN_POINT('',(1.888908982558,-3.339195728084,
    21.060630056389));
#3807 = CARTESIAN_POINT('',(3.592858273143,-1.699287968471,
    21.149687374357));
#3808 = CARTESIAN_POINT('',(3.779547601564,0.658202739642,
    21.238744692736));
#3809 = CARTESIAN_POINT('',(2.589511237177,2.434345742524,
    21.327818474132));
#3810 = CARTESIAN_POINT('',(0.818030239993,3.101707077671,
    21.416871329527));
#3811 = CARTESIAN_POINT('',(-0.771120731687,2.730756088796,
    21.505938369652));
#3812 = CARTESIAN_POINT('',(-2.730754735504,0.771119350219,
    21.684061379276));
#3813 = CARTESIAN_POINT('',(-3.101712394084,-0.818025767512,
    21.77312841946));
#3814 = CARTESIAN_POINT('',(-2.434334765986,-2.589517925146,
    21.86218127467));
#3815 = CARTESIAN_POINT('',(-0.65821695545,-3.779544376546,
    21.951255056418));
#3816 = CARTESIAN_POINT('',(1.699300127548,-3.59285252236,
    22.040312374315));
#3817 = CARTESIAN_POINT('',(3.339189202625,-1.888922017408,
    22.129369692781));
#3818 = CARTESIAN_POINT('',(3.546051845837,0.239006167916,
    22.218443474096));
#3819 = CARTESIAN_POINT('',(2.600048066194,1.878699103829,
    22.307496329549));
#3820 = CARTESIAN_POINT('',(1.136288937024,2.600096815677,
    22.396563369642));
#3821 = CARTESIAN_POINT('',(-1.621709019047,2.328455783424,
    22.574686379293));
#3822 = CARTESIAN_POINT('',(-2.916606157142,1.335363042757,
    22.663753419387));
#3823 = CARTESIAN_POINT('',(-3.524539001996,-0.457398798257,
    22.752806274829));
#3824 = CARTESIAN_POINT('',(-2.906526156879,-2.504058896107,
    22.841880056183));
#3825 = CARTESIAN_POINT('',(-0.965704749112,-3.855337145711,
    22.930937374568));
#3826 = CARTESIAN_POINT('',(1.382908717174,-3.578515669869,
    23.019994692576));
#3827 = CARTESIAN_POINT('',(2.892759052836,-2.06483721,23.109068474219)
  );
#3828 = CARTESIAN_POINT('',(3.201698428829,-0.197198985747,
    23.198121329495));
#3829 = CARTESIAN_POINT('',(2.527847184407,1.289047947766,
    23.287188369657));
#3830 = CARTESIAN_POINT('',(0.223558687432,2.828721971321,
    23.465311379274));
#3831 = CARTESIAN_POINT('',(-1.407421701532,2.882524949754,
    23.554378419454));
#3832 = CARTESIAN_POINT('',(-3.014676217708,1.882369820185,
    23.643431274694));
#3833 = CARTESIAN_POINT('',(-3.835333248958,-9.178302830274E-02,
    23.732505056369));
#3834 = CARTESIAN_POINT('',(-3.19229985948,-2.3675793076,23.821562374382
    ));
#3835 = CARTESIAN_POINT('',(-1.201183413719,-3.643538023082,
    23.910619692713));
#3836 = CARTESIAN_POINT('',(0.926214127933,-3.431287663664,
    23.999693474147));
#3837 = CARTESIAN_POINT('',(2.349844641817,-2.183572858535,
    24.088746329521));
#3838 = CARTESIAN_POINT('',(2.771815659075,-0.607201738672,
    24.177813369653));
#3839 = CARTESIAN_POINT('',(1.967335423698,2.044807523564,
    24.355936379276));
#3840 = CARTESIAN_POINT('',(0.740702781988,3.121080793678,
    24.445003419457));
#3841 = CARTESIAN_POINT('',(-1.136213457567,3.367581894535,
    24.534056274681));
#3842 = CARTESIAN_POINT('',(-3.022979230304,2.362160415358,
    24.623130056398));
#3843 = CARTESIAN_POINT('',(-3.969657574149,0.195010037937,
    24.712187374338));
#3844 = CARTESIAN_POINT('',(-3.239963387611,-2.054470288342,
    24.801244692762));
#3845 = CARTESIAN_POINT('',(-1.460812646948,-3.240005254972,
    24.890318474106));
#3846 = CARTESIAN_POINT('',(0.431210514985,-3.178650304923,
    24.979371329547));
#3847 = CARTESIAN_POINT('',(1.757437774104,-2.227794530347,
    25.068438369639));
#3848 = CARTESIAN_POINT('',(2.817983008162,0.332593210331,25.2465613793)
  );
#3849 = CARTESIAN_POINT('',(2.552563688096,1.942731208893,
    25.335628419354));
#3850 = CARTESIAN_POINT('',(1.258066457926,3.323982193775,
    25.424681274902));
#3851 = CARTESIAN_POINT('',(-0.838255841862,3.743732415643,
    25.513755056071));
#3852 = CARTESIAN_POINT('',(-2.944873742504,2.669068903104,
    25.602812374693));
#3853 = CARTESIAN_POINT('',(-3.807867720715,0.467284005189,
    25.691869692474));
#3854 = CARTESIAN_POINT('',(-3.184661020818,-1.577828198498,
    25.78094347428));
#3855 = CARTESIAN_POINT('',(-1.683184170501,-2.730686968012,
    25.869996329471));
#3856 = CARTESIAN_POINT('',(-5.478011802266E-02,-2.837015181145,
    25.959063369661));
#3857 = CARTESIAN_POINT('',(2.38932522169,-1.530611466943,
    26.137186379275));
#3858 = CARTESIAN_POINT('',(3.205614045659,-0.11757772865,
    26.226253419445));
#3859 = CARTESIAN_POINT('',(3.081210503359,1.771364070793,
    26.315306274718));
#3860 = CARTESIAN_POINT('',(1.727018173919,3.425728168141,
    26.404380056327));
#3861 = CARTESIAN_POINT('',(-0.583178799802,3.931426288057,
    26.493437374444));
#3862 = CARTESIAN_POINT('',(-2.647079718314,2.776901129492,
    26.582494692632));
#3863 = CARTESIAN_POINT('',(-3.462739872329,0.800649873026,
    26.671568474237));
#3864 = CARTESIAN_POINT('',(-3.03344843229,-1.043048837417,
    26.760621329438));
#3865 = CARTESIAN_POINT('',(-1.842128981923,-2.158290252378,
    26.849688369714));
#3866 = CARTESIAN_POINT('',(0.875963737696,-2.698950538325,
    27.027811379146));
#3867 = CARTESIAN_POINT('',(2.40338264453,-2.124508835442,
    27.116878420211));
#3868 = CARTESIAN_POINT('',(3.505549400608,-0.58541630717,
    27.205931272564));
#3869 = CARTESIAN_POINT('',(3.508262040568,1.552514953507,
    27.295005060571));
#3870 = CARTESIAN_POINT('',(2.043267132338,3.408998330914,
    27.384062367986));
#3871 = CARTESIAN_POINT('',(-0.284572873618,3.825863197486,
    27.473119700518));
#3872 = CARTESIAN_POINT('',(-2.168807208439,2.815649640698,
    27.562193466393));
#3873 = CARTESIAN_POINT('',(-3.006590531665,1.118111658947,
    27.65124633581));
#3874 = CARTESIAN_POINT('',(-2.79318979675,-0.499746671992,
    27.740313365523));
#3875 = CARTESIAN_POINT('',(-1.035066978169,-2.642022491181,
    27.918436387703));
#3876 = CARTESIAN_POINT('',(0.510065817533,-3.166957349378,
    28.007503371925));
#3877 = CARTESIAN_POINT('',(2.338442027321,-2.67642991556,
    28.096556405901));
#3878 = CARTESIAN_POINT('',(3.696828544374,-1.025507602212,
    28.185629801082));
#3879 = CARTESIAN_POINT('',(3.742112117058,1.338956417832,
    28.274687758647));
#3880 = CARTESIAN_POINT('',(2.207124574588,3.137963341644,
    28.363744228146));
#3881 = CARTESIAN_POINT('',(0.109718123419,3.552403355656,
    28.452818932352));
#3882 = CARTESIAN_POINT('',(-1.614803014842,2.771672823589,
    28.541870959829));
#3883 = CARTESIAN_POINT('',(-2.476201084277,1.385671458959,
    28.630938611588));
#3884 = CARTESIAN_POINT('',(-2.476199756462,-1.478292621648E-08,
    28.719999748935));
#3885 = PCURVE('',#2954,#3886);
#3886 = DEFINITIONAL_REPRESENTATION('',(#3887),#3891);
#3887 = LINE('',#3888,#3889);
#3888 = CARTESIAN_POINT('',(0.583095189485,0.));
#3889 = VECTOR('',#3890,1.);
#3890 = DIRECTION('',(0.,1.));
#3891 = ( GEOMETRIC_REPRESENTATION_CONTEXT(2) 
PARAMETRIC_REPRESENTATION_CONTEXT() REPRESENTATION_CONTEXT('2D SPACE',''
  ) );
#3892 = PCURVE('',#2102,#3893);
#3893 = DEFINITIONAL_REPRESENTATION('',(#3894),#3897);
#3894 = B_SPLINE_CURVE_WITH_KNOTS('',1,(#3895,#3896),.UNSPECIFIED.,.F.,
  .F.,(2,2),(0.,181.32455624966),.PIECEWISE_BEZIER_KNOTS.);
#3895 = CARTESIAN_POINT('',(0.,0.));
#3896 = CARTESIAN_POINT('',(0.,181.32455624966));
#3897 = ( GEOMETRIC_REPRESENTATION_CONTEXT(2) 
PARAMETRIC_REPRESENTATION_CONTEXT() REPRESENTATION_CONTEXT('2D SPACE',''
  ) );
#3898 = ORIENTED_EDGE('',*,*,#3899,.F.);
#3899 = EDGE_CURVE('',#2652,#3591,#3900,.T.);
#3900 = SURFACE_CURVE('',#3901,(#3904,#3911),.PCURVE_S1.);
#3901 = B_SPLINE_CURVE_WITH_KNOTS('',1,(#3902,#3903),.UNSPECIFIED.,.F.,
  .F.,(2,2),(0.,0.583095189485),.PIECEWISE_BEZIER_KNOTS.);
#3902 = CARTESIAN_POINT('',(-3.0162,2.041459490343E-08,28.500000346709)
  );
#3903 = CARTESIAN_POINT('',(-2.476199756462,-1.478292621648E-08,
    28.719999748935));
#3904 = PCURVE('',#2954,#3905);
#3905 = DEFINITIONAL_REPRESENTATION('',(#3906),#3910);
#3906 = LINE('',#3907,#3908);
#3907 = CARTESIAN_POINT('',(0.,181.32455624966));
#3908 = VECTOR('',#3909,1.);
#3909 = DIRECTION('',(1.,0.));
#3910 = ( GEOMETRIC_REPRESENTATION_CONTEXT(2) 
PARAMETRIC_REPRESENTATION_CONTEXT() REPRESENTATION_CONTEXT('2D SPACE',''
  ) );
#3911 = PCURVE('',#3554,#3912);
#3912 = DEFINITIONAL_REPRESENTATION('',(#3913),#3916);
#3913 = B_SPLINE_CURVE_WITH_KNOTS('',1,(#3914,#3915),.UNSPECIFIED.,.F.,
  .F.,(2,2),(0.,0.583095189485),.PIECEWISE_BEZIER_KNOTS.);
#3914 = CARTESIAN_POINT('',(-0.343963834895,-3.80764401342E-07));
#3915 = CARTESIAN_POINT('',(0.196036408643,-0.21999978299));
#3916 = ( GEOMETRIC_REPRESENTATION_CONTEXT(2) 
PARAMETRIC_REPRESENTATION_CONTEXT() REPRESENTATION_CONTEXT('2D SPACE',''
  ) );
#3917 = ADVANCED_FACE('',(#3918),#2102,.F.);
#3918 = FACE_BOUND('',#3919,.F.);
#3919 = EDGE_LOOP('',(#3920,#3921,#3940,#3941));
#3920 = ORIENTED_EDGE('',*,*,#3590,.F.);
#3921 = ORIENTED_EDGE('',*,*,#3922,.T.);
#3922 = EDGE_CURVE('',#3570,#1217,#3923,.T.);
#3923 = SURFACE_CURVE('',#3924,(#3927,#3934),.PCURVE_S1.);
#3924 = B_SPLINE_CURVE_WITH_KNOTS('',1,(#3925,#3926),.UNSPECIFIED.,.F.,
  .F.,(2,2),(0.,0.44),.PIECEWISE_BEZIER_KNOTS.);
#3925 = CARTESIAN_POINT('',(2.4762,6.661338147751E-16,0.22));
#3926 = CARTESIAN_POINT('',(2.4762,-4.440892098501E-16,-0.22));
#3927 = PCURVE('',#2102,#3928);
#3928 = DEFINITIONAL_REPRESENTATION('',(#3929),#3933);
#3929 = LINE('',#3930,#3931);
#3930 = CARTESIAN_POINT('',(0.,0.));
#3931 = VECTOR('',#3932,1.);
#3932 = DIRECTION('',(1.,0.));
#3933 = ( GEOMETRIC_REPRESENTATION_CONTEXT(2) 
PARAMETRIC_REPRESENTATION_CONTEXT() REPRESENTATION_CONTEXT('2D SPACE',''
  ) );
#3934 = PCURVE('',#2640,#3935);
#3935 = DEFINITIONAL_REPRESENTATION('',(#3936),#3939);
#3936 = B_SPLINE_CURVE_WITH_KNOTS('',1,(#3937,#3938),.UNSPECIFIED.,.F.,
  .F.,(2,2),(0.,0.44),.PIECEWISE_BEZIER_KNOTS.);
#3937 = CARTESIAN_POINT('',(-0.22,-0.196036165105));
#3938 = CARTESIAN_POINT('',(0.22,-0.196036165105));
#3939 = ( GEOMETRIC_REPRESENTATION_CONTEXT(2) 
PARAMETRIC_REPRESENTATION_CONTEXT() REPRESENTATION_CONTEXT('2D SPACE',''
  ) );
#3940 = ORIENTED_EDGE('',*,*,#1216,.T.);
#3941 = ORIENTED_EDGE('',*,*,#3942,.F.);
#3942 = EDGE_CURVE('',#3591,#1219,#3943,.T.);
#3943 = SURFACE_CURVE('',#3944,(#3947,#3954),.PCURVE_S1.);
#3944 = B_SPLINE_CURVE_WITH_KNOTS('',1,(#3945,#3946),.UNSPECIFIED.,.F.,
  .F.,(2,2),(0.,0.44),.PIECEWISE_BEZIER_KNOTS.);
#3945 = CARTESIAN_POINT('',(-2.476199756462,-1.478292543933E-08,
    28.719999748935));
#3946 = CARTESIAN_POINT('',(-2.476200243538,-1.478293942814E-08,
    28.279999748935));
#3947 = PCURVE('',#2102,#3948);
#3948 = DEFINITIONAL_REPRESENTATION('',(#3949),#3953);
#3949 = LINE('',#3950,#3951);
#3950 = CARTESIAN_POINT('',(0.,181.32455624966));
#3951 = VECTOR('',#3952,1.);
#3952 = DIRECTION('',(1.,0.));
#3953 = ( GEOMETRIC_REPRESENTATION_CONTEXT(2) 
PARAMETRIC_REPRESENTATION_CONTEXT() REPRESENTATION_CONTEXT('2D SPACE',''
  ) );
#3954 = PCURVE('',#3554,#3955);
#3955 = DEFINITIONAL_REPRESENTATION('',(#3956),#3959);
#3956 = B_SPLINE_CURVE_WITH_KNOTS('',1,(#3957,#3958),.UNSPECIFIED.,.F.,
  .F.,(2,2),(0.,0.44),.PIECEWISE_BEZIER_KNOTS.);
#3957 = CARTESIAN_POINT('',(0.196036408643,-0.21999978299));
#3958 = CARTESIAN_POINT('',(0.196035921567,0.22000021701));
#3959 = ( GEOMETRIC_REPRESENTATION_CONTEXT(2) 
PARAMETRIC_REPRESENTATION_CONTEXT() REPRESENTATION_CONTEXT('2D SPACE',''
  ) );
#3960 = ADVANCED_FACE('',(#3961),#2640,.T.);
#3961 = FACE_BOUND('',#3962,.T.);
#3962 = EDGE_LOOP('',(#3963,#3964,#3965));
#3963 = ORIENTED_EDGE('',*,*,#2625,.T.);
#3964 = ORIENTED_EDGE('',*,*,#3569,.T.);
#3965 = ORIENTED_EDGE('',*,*,#3922,.T.);
#3966 = ADVANCED_FACE('',(#3967),#3554,.F.);
#3967 = FACE_BOUND('',#3968,.F.);
#3968 = EDGE_LOOP('',(#3969,#3970,#3971));
#3969 = ORIENTED_EDGE('',*,*,#3541,.T.);
#3970 = ORIENTED_EDGE('',*,*,#3899,.T.);
#3971 = ORIENTED_EDGE('',*,*,#3942,.T.);
#3972 = ( GEOMETRIC_REPRESENTATION_CONTEXT(3) 
GLOBAL_UNCERTAINTY_ASSIGNED_CONTEXT((#3976)) 
GLOBAL_UNIT_ASSIGNED_CONTEXT((#3973,#3974,#3975)) REPRESENTATION_CONTEXT
('Context #1','3D Context with UNIT and UNCERTAINTY') );
#3973 = ( LENGTH_UNIT() NAMED_UNIT(*) SI_UNIT(.MILLI.,.METRE.) );
#3974 = ( NAMED_UNIT(*) PLANE_ANGLE_UNIT() SI_UNIT($,.RADIAN.) );
#3975 = ( NAMED_UNIT(*) SI_UNIT($,.STERADIAN.) SOLID_ANGLE_UNIT() );
#3976 = UNCERTAINTY_MEASURE_WITH_UNIT(LENGTH_MEASURE(5.E-05),#3973,
  'distance_accuracy_value','confusion accuracy');
#3977 = CONTEXT_DEPENDENT_SHAPE_REPRESENTATION(#3978,#3980);
#3978 = ( REPRESENTATION_RELATIONSHIP('','',#1209,#10) 
REPRESENTATION_RELATIONSHIP_WITH_TRANSFORMATION(#3979) 
SHAPE_REPRESENTATION_RELATIONSHIP() );
#3979 = ITEM_DEFINED_TRANSFORMATION('','',#11,#19);
#3980 = PRODUCT_DEFINITION_SHAPE('Placement','Placement of an item',
  #3981);
#3981 = NEXT_ASSEMBLY_USAGE_OCCURRENCE('18','','',#5,#1204,$);
#3982 = PRODUCT_RELATED_PRODUCT_CATEGORY('part',$,(#1206));
ENDSEC;
END-ISO-10303-21;
