ISO-10303-21;
HEADER;
FILE_DESCRIPTION(('Open CASCADE Model'),'2;1');
FILE_NAME('Open CASCADE Shape Model','2026-08-17T03:10:03',('Author'),(
    'Open CASCADE'),'Open CASCADE STEP processor 7.9','Open CASCADE 7.9'
  ,'Unknown');
FILE_SCHEMA(('AUTOMOTIVE_DESIGN { 1 0 10303 214 1 1 1 1 }'));
ENDSEC;
DATA;
#1 = APPLICATION_PROTOCOL_DEFINITION('international standard',
  'automotive_design',2000,#2);
#2 = APPLICATION_CONTEXT(
  'core data for automotive mechanical design processes');
#3 = SHAPE_DEFINITION_REPRESENTATION(#4,#10);
#4 = PRODUCT_DEFINITION_SHAPE('','',#5);
#5 = PRODUCT_DEFINITION('design','',#6,#9);
#6 = PRODUCT_DEFINITION_FORMATION('','',#7);
#7 = PRODUCT('Open CASCADE STEP translator 7.9 8',
  'Open CASCADE STEP translator 7.9 8','',(#8));
#8 = PRODUCT_CONTEXT('',#2,'mechanical');
#9 = PRODUCT_DEFINITION_CONTEXT('part definition',#2,'design');
#10 = SHAPE_REPRESENTATION('',(#11,#15,#19),#23);
#11 = AXIS2_PLACEMENT_3D('',#12,#13,#14);
#12 = CARTESIAN_POINT('',(0.,0.,0.));
#13 = DIRECTION('',(0.,0.,1.));
#14 = DIRECTION('',(1.,0.,-0.));
#15 = AXIS2_PLACEMENT_3D('',#16,#17,#18);
#16 = CARTESIAN_POINT('',(0.,0.,0.));
#17 = DIRECTION('',(0.,0.,1.));
#18 = DIRECTION('',(1.,0.,-0.));
#19 = AXIS2_PLACEMENT_3D('',#20,#21,#22);
#20 = CARTESIAN_POINT('',(0.,0.,0.));
#21 = DIRECTION('',(0.,0.,1.));
#22 = DIRECTION('',(1.,0.,-0.));
#23 = ( GEOMETRIC_REPRESENTATION_CONTEXT(3) 
GLOBAL_UNCERTAINTY_ASSIGNED_CONTEXT((#27)) GLOBAL_UNIT_ASSIGNED_CONTEXT(
(#24,#25,#26)) REPRESENTATION_CONTEXT('Context #1',
  '3D Context with UNIT and UNCERTAINTY') );
#24 = ( LENGTH_UNIT() NAMED_UNIT(*) SI_UNIT(.MILLI.,.METRE.) );
#25 = ( NAMED_UNIT(*) PLANE_ANGLE_UNIT() SI_UNIT($,.RADIAN.) );
#26 = ( NAMED_UNIT(*) SI_UNIT($,.STERADIAN.) SOLID_ANGLE_UNIT() );
#27 = UNCERTAINTY_MEASURE_WITH_UNIT(LENGTH_MEASURE(2.E-06),#24,
  'distance_accuracy_value','confusion accuracy');
#28 = PRODUCT_RELATED_PRODUCT_CATEGORY('part',$,(#7));
#29 = SHAPE_DEFINITION_REPRESENTATION(#30,#36);
#30 = PRODUCT_DEFINITION_SHAPE('','',#31);
#31 = PRODUCT_DEFINITION('design','',#32,#35);
#32 = PRODUCT_DEFINITION_FORMATION('','',#33);
#33 = PRODUCT('Open CASCADE STEP translator 7.9 8.1',
  'Open CASCADE STEP translator 7.9 8.1','',(#34));
#34 = PRODUCT_CONTEXT('',#2,'mechanical');
#35 = PRODUCT_DEFINITION_CONTEXT('part definition',#2,'design');
#36 = ADVANCED_BREP_SHAPE_REPRESENTATION('',(#11,#37),#1191);
#37 = MANIFOLD_SOLID_BREP('',#38);
#38 = CLOSED_SHELL('',(#39,#424,#500,#554,#604,#653,#702,#752,#802,#851,
    #900,#950,#1000,#1027,#1082,#1097,#1132,#1187));
#39 = ADVANCED_FACE('',(#40,#393),#54,.T.);
#40 = FACE_BOUND('',#41,.T.);
#41 = EDGE_LOOP('',(#42,#77,#110,#138,#167,#195,#224,#252,#281,#309,#338
    ,#366));
#42 = ORIENTED_EDGE('',*,*,#43,.F.);
#43 = EDGE_CURVE('',#44,#46,#48,.T.);
#44 = VERTEX_POINT('',#45);
#45 = CARTESIAN_POINT('',(5.730201421707,7.5E-02,26.2));
#46 = VERTEX_POINT('',#47);
#47 = CARTESIAN_POINT('',(2.930052616137,4.925,26.2));
#48 = SURFACE_CURVE('',#49,(#53,#65),.PCURVE_S1.);
#49 = LINE('',#50,#51);
#50 = CARTESIAN_POINT('',(5.773502691896,0.,26.2));
#51 = VECTOR('',#52,1.);
#52 = DIRECTION('',(-0.5,0.866025403784,0.));
#53 = PCURVE('',#54,#59);
#54 = PLANE('',#55);
#55 = AXIS2_PLACEMENT_3D('',#56,#57,#58);
#56 = CARTESIAN_POINT('',(-1.953485903628E-16,4.9564344165E-16,26.2));
#57 = DIRECTION('',(0.,0.,1.));
#58 = DIRECTION('',(1.,0.,-0.));
#59 = DEFINITIONAL_REPRESENTATION('',(#60),#64);
#60 = LINE('',#61,#62);
#61 = CARTESIAN_POINT('',(5.773502691896,-4.9564344165E-16));
#62 = VECTOR('',#63,1.);
#63 = DIRECTION('',(-0.5,0.866025403784));
#64 = ( GEOMETRIC_REPRESENTATION_CONTEXT(2) 
PARAMETRIC_REPRESENTATION_CONTEXT() REPRESENTATION_CONTEXT('2D SPACE',''
  ) );
#65 = PCURVE('',#66,#71);
#66 = PLANE('',#67);
#67 = AXIS2_PLACEMENT_3D('',#68,#69,#70);
#68 = CARTESIAN_POINT('',(5.773502691896,0.,26.2));
#69 = DIRECTION('',(-0.866025403784,-0.5,0.));
#70 = DIRECTION('',(-0.5,0.866025403784,0.));
#71 = DEFINITIONAL_REPRESENTATION('',(#72),#76);
#72 = LINE('',#73,#74);
#73 = CARTESIAN_POINT('',(0.,0.));
#74 = VECTOR('',#75,1.);
#75 = DIRECTION('',(1.,0.));
#76 = ( GEOMETRIC_REPRESENTATION_CONTEXT(2) 
PARAMETRIC_REPRESENTATION_CONTEXT() REPRESENTATION_CONTEXT('2D SPACE',''
  ) );
#77 = ORIENTED_EDGE('',*,*,#78,.T.);
#78 = EDGE_CURVE('',#44,#79,#81,.T.);
#79 = VERTEX_POINT('',#80);
#80 = CARTESIAN_POINT('',(5.730201421707,-7.5E-02,26.2));
#81 = SURFACE_CURVE('',#82,(#87,#98),.PCURVE_S1.);
#82 = CIRCLE('',#83,0.15);
#83 = AXIS2_PLACEMENT_3D('',#84,#85,#86);
#84 = CARTESIAN_POINT('',(5.600297611139,9.214851104389E-16,26.2));
#85 = DIRECTION('',(-0.,-0.,-1.));
#86 = DIRECTION('',(0.,-1.,0.));
#87 = PCURVE('',#54,#88);
#88 = DEFINITIONAL_REPRESENTATION('',(#89),#97);
#89 = ( BOUNDED_CURVE() B_SPLINE_CURVE(2,(#90,#91,#92,#93,#94,#95,#96),
.UNSPECIFIED.,.T.,.F.) B_SPLINE_CURVE_WITH_KNOTS((1,2,2,2,2,1),(
    -2.094395102393,0.,2.094395102393,4.188790204786,6.28318530718,
8.377580409573),.UNSPECIFIED.) CURVE() GEOMETRIC_REPRESENTATION_ITEM() 
RATIONAL_B_SPLINE_CURVE((1.,0.5,1.,0.5,1.,0.5,1.)) REPRESENTATION_ITEM(
  '') );
#90 = CARTESIAN_POINT('',(5.600297611139,-0.15));
#91 = CARTESIAN_POINT('',(5.340489990004,-0.15));
#92 = CARTESIAN_POINT('',(5.470393800572,7.5E-02));
#93 = CARTESIAN_POINT('',(5.600297611139,0.3));
#94 = CARTESIAN_POINT('',(5.730201421707,7.5E-02));
#95 = CARTESIAN_POINT('',(5.860105232275,-0.15));
#96 = CARTESIAN_POINT('',(5.600297611139,-0.15));
#97 = ( GEOMETRIC_REPRESENTATION_CONTEXT(2) 
PARAMETRIC_REPRESENTATION_CONTEXT() REPRESENTATION_CONTEXT('2D SPACE',''
  ) );
#98 = PCURVE('',#99,#104);
#99 = CYLINDRICAL_SURFACE('',#100,0.15);
#100 = AXIS2_PLACEMENT_3D('',#101,#102,#103);
#101 = CARTESIAN_POINT('',(5.600297611139,9.214851104389E-16,26.2));
#102 = DIRECTION('',(0.,0.,1.));
#103 = DIRECTION('',(0.866025403784,0.5,-0.));
#104 = DEFINITIONAL_REPRESENTATION('',(#105),#109);
#105 = LINE('',#106,#107);
#106 = CARTESIAN_POINT('',(4.188790204786,-0.));
#107 = VECTOR('',#108,1.);
#108 = DIRECTION('',(-1.,0.));
#109 = ( GEOMETRIC_REPRESENTATION_CONTEXT(2) 
PARAMETRIC_REPRESENTATION_CONTEXT() REPRESENTATION_CONTEXT('2D SPACE',''
  ) );
#110 = ORIENTED_EDGE('',*,*,#111,.F.);
#111 = EDGE_CURVE('',#112,#79,#114,.T.);
#112 = VERTEX_POINT('',#113);
#113 = CARTESIAN_POINT('',(2.930052616137,-4.925,26.2));
#114 = SURFACE_CURVE('',#115,(#119,#126),.PCURVE_S1.);
#115 = LINE('',#116,#117);
#116 = CARTESIAN_POINT('',(2.886751345948,-5.,26.2));
#117 = VECTOR('',#118,1.);
#118 = DIRECTION('',(0.5,0.866025403784,0.));
#119 = PCURVE('',#54,#120);
#120 = DEFINITIONAL_REPRESENTATION('',(#121),#125);
#121 = LINE('',#122,#123);
#122 = CARTESIAN_POINT('',(2.886751345948,-5.));
#123 = VECTOR('',#124,1.);
#124 = DIRECTION('',(0.5,0.866025403784));
#125 = ( GEOMETRIC_REPRESENTATION_CONTEXT(2) 
PARAMETRIC_REPRESENTATION_CONTEXT() REPRESENTATION_CONTEXT('2D SPACE',''
  ) );
#126 = PCURVE('',#127,#132);
#127 = PLANE('',#128);
#128 = AXIS2_PLACEMENT_3D('',#129,#130,#131);
#129 = CARTESIAN_POINT('',(2.886751345948,-5.,26.2));
#130 = DIRECTION('',(-0.866025403784,0.5,0.));
#131 = DIRECTION('',(0.5,0.866025403784,0.));
#132 = DEFINITIONAL_REPRESENTATION('',(#133),#137);
#133 = LINE('',#134,#135);
#134 = CARTESIAN_POINT('',(0.,0.));
#135 = VECTOR('',#136,1.);
#136 = DIRECTION('',(1.,0.));
#137 = ( GEOMETRIC_REPRESENTATION_CONTEXT(2) 
PARAMETRIC_REPRESENTATION_CONTEXT() REPRESENTATION_CONTEXT('2D SPACE',''
  ) );
#138 = ORIENTED_EDGE('',*,*,#139,.F.);
#139 = EDGE_CURVE('',#140,#112,#142,.T.);
#140 = VERTEX_POINT('',#141);
#141 = CARTESIAN_POINT('',(2.80014880557,-5.,26.2));
#142 = SURFACE_CURVE('',#143,(#148,#155),.PCURVE_S1.);
#143 = CIRCLE('',#144,0.15);
#144 = AXIS2_PLACEMENT_3D('',#145,#146,#147);
#145 = CARTESIAN_POINT('',(2.80014880557,-4.85,26.2));
#146 = DIRECTION('',(0.,0.,1.));
#147 = DIRECTION('',(0.,-1.,0.));
#148 = PCURVE('',#54,#149);
#149 = DEFINITIONAL_REPRESENTATION('',(#150),#154);
#150 = CIRCLE('',#151,0.15);
#151 = AXIS2_PLACEMENT_2D('',#152,#153);
#152 = CARTESIAN_POINT('',(2.80014880557,-4.85));
#153 = DIRECTION('',(0.,-1.));
#154 = ( GEOMETRIC_REPRESENTATION_CONTEXT(2) 
PARAMETRIC_REPRESENTATION_CONTEXT() REPRESENTATION_CONTEXT('2D SPACE',''
  ) );
#155 = PCURVE('',#156,#161);
#156 = CYLINDRICAL_SURFACE('',#157,0.15);
#157 = AXIS2_PLACEMENT_3D('',#158,#159,#160);
#158 = CARTESIAN_POINT('',(2.80014880557,-4.85,26.2));
#159 = DIRECTION('',(0.,0.,1.));
#160 = DIRECTION('',(-6.153480596427E-16,-1.,0.));
#161 = DEFINITIONAL_REPRESENTATION('',(#162),#166);
#162 = LINE('',#163,#164);
#163 = CARTESIAN_POINT('',(6.153480596427E-16,0.));
#164 = VECTOR('',#165,1.);
#165 = DIRECTION('',(1.,0.));
#166 = ( GEOMETRIC_REPRESENTATION_CONTEXT(2) 
PARAMETRIC_REPRESENTATION_CONTEXT() REPRESENTATION_CONTEXT('2D SPACE',''
  ) );
#167 = ORIENTED_EDGE('',*,*,#168,.F.);
#168 = EDGE_CURVE('',#169,#140,#171,.T.);
#169 = VERTEX_POINT('',#170);
#170 = CARTESIAN_POINT('',(-2.80014880557,-5.,26.2));
#171 = SURFACE_CURVE('',#172,(#176,#183),.PCURVE_S1.);
#172 = LINE('',#173,#174);
#173 = CARTESIAN_POINT('',(-2.886751345948,-5.,26.2));
#174 = VECTOR('',#175,1.);
#175 = DIRECTION('',(1.,-6.153480596427E-16,0.));
#176 = PCURVE('',#54,#177);
#177 = DEFINITIONAL_REPRESENTATION('',(#178),#182);
#178 = LINE('',#179,#180);
#179 = CARTESIAN_POINT('',(-2.886751345948,-5.));
#180 = VECTOR('',#181,1.);
#181 = DIRECTION('',(1.,-6.153480596427E-16));
#182 = ( GEOMETRIC_REPRESENTATION_CONTEXT(2) 
PARAMETRIC_REPRESENTATION_CONTEXT() REPRESENTATION_CONTEXT('2D SPACE',''
  ) );
#183 = PCURVE('',#184,#189);
#184 = PLANE('',#185);
#185 = AXIS2_PLACEMENT_3D('',#186,#187,#188);
#186 = CARTESIAN_POINT('',(-2.886751345948,-5.,26.2));
#187 = DIRECTION('',(6.153480596427E-16,1.,-0.));
#188 = DIRECTION('',(1.,-6.153480596427E-16,0.));
#189 = DEFINITIONAL_REPRESENTATION('',(#190),#194);
#190 = LINE('',#191,#192);
#191 = CARTESIAN_POINT('',(0.,0.));
#192 = VECTOR('',#193,1.);
#193 = DIRECTION('',(1.,0.));
#194 = ( GEOMETRIC_REPRESENTATION_CONTEXT(2) 
PARAMETRIC_REPRESENTATION_CONTEXT() REPRESENTATION_CONTEXT('2D SPACE',''
  ) );
#195 = ORIENTED_EDGE('',*,*,#196,.F.);
#196 = EDGE_CURVE('',#197,#169,#199,.T.);
#197 = VERTEX_POINT('',#198);
#198 = CARTESIAN_POINT('',(-2.930052616137,-4.925,26.2));
#199 = SURFACE_CURVE('',#200,(#205,#212),.PCURVE_S1.);
#200 = CIRCLE('',#201,0.15);
#201 = AXIS2_PLACEMENT_3D('',#202,#203,#204);
#202 = CARTESIAN_POINT('',(-2.80014880557,-4.85,26.2));
#203 = DIRECTION('',(0.,0.,1.));
#204 = DIRECTION('',(0.,-1.,0.));
#205 = PCURVE('',#54,#206);
#206 = DEFINITIONAL_REPRESENTATION('',(#207),#211);
#207 = CIRCLE('',#208,0.15);
#208 = AXIS2_PLACEMENT_2D('',#209,#210);
#209 = CARTESIAN_POINT('',(-2.80014880557,-4.85));
#210 = DIRECTION('',(0.,-1.));
#211 = ( GEOMETRIC_REPRESENTATION_CONTEXT(2) 
PARAMETRIC_REPRESENTATION_CONTEXT() REPRESENTATION_CONTEXT('2D SPACE',''
  ) );
#212 = PCURVE('',#213,#218);
#213 = CYLINDRICAL_SURFACE('',#214,0.15);
#214 = AXIS2_PLACEMENT_3D('',#215,#216,#217);
#215 = CARTESIAN_POINT('',(-2.80014880557,-4.85,26.2));
#216 = DIRECTION('',(0.,0.,1.));
#217 = DIRECTION('',(-0.866025403784,-0.5,0.));
#218 = DEFINITIONAL_REPRESENTATION('',(#219),#223);
#219 = LINE('',#220,#221);
#220 = CARTESIAN_POINT('',(-5.235987755983,0.));
#221 = VECTOR('',#222,1.);
#222 = DIRECTION('',(1.,0.));
#223 = ( GEOMETRIC_REPRESENTATION_CONTEXT(2) 
PARAMETRIC_REPRESENTATION_CONTEXT() REPRESENTATION_CONTEXT('2D SPACE',''
  ) );
#224 = ORIENTED_EDGE('',*,*,#225,.F.);
#225 = EDGE_CURVE('',#226,#197,#228,.T.);
#226 = VERTEX_POINT('',#227);
#227 = CARTESIAN_POINT('',(-5.730201421707,-7.5E-02,26.2));
#228 = SURFACE_CURVE('',#229,(#233,#240),.PCURVE_S1.);
#229 = LINE('',#230,#231);
#230 = CARTESIAN_POINT('',(-5.773502691896,7.070501591499E-16,26.2));
#231 = VECTOR('',#232,1.);
#232 = DIRECTION('',(0.5,-0.866025403784,0.));
#233 = PCURVE('',#54,#234);
#234 = DEFINITIONAL_REPRESENTATION('',(#235),#239);
#235 = LINE('',#236,#237);
#236 = CARTESIAN_POINT('',(-5.773502691896,2.114067174999E-16));
#237 = VECTOR('',#238,1.);
#238 = DIRECTION('',(0.5,-0.866025403784));
#239 = ( GEOMETRIC_REPRESENTATION_CONTEXT(2) 
PARAMETRIC_REPRESENTATION_CONTEXT() REPRESENTATION_CONTEXT('2D SPACE',''
  ) );
#240 = PCURVE('',#241,#246);
#241 = PLANE('',#242);
#242 = AXIS2_PLACEMENT_3D('',#243,#244,#245);
#243 = CARTESIAN_POINT('',(-5.773502691896,7.070501591499E-16,26.2));
#244 = DIRECTION('',(0.866025403784,0.5,-0.));
#245 = DIRECTION('',(0.5,-0.866025403784,0.));
#246 = DEFINITIONAL_REPRESENTATION('',(#247),#251);
#247 = LINE('',#248,#249);
#248 = CARTESIAN_POINT('',(0.,0.));
#249 = VECTOR('',#250,1.);
#250 = DIRECTION('',(1.,0.));
#251 = ( GEOMETRIC_REPRESENTATION_CONTEXT(2) 
PARAMETRIC_REPRESENTATION_CONTEXT() REPRESENTATION_CONTEXT('2D SPACE',''
  ) );
#252 = ORIENTED_EDGE('',*,*,#253,.F.);
#253 = EDGE_CURVE('',#254,#226,#256,.T.);
#254 = VERTEX_POINT('',#255);
#255 = CARTESIAN_POINT('',(-5.730201421707,7.5E-02,26.2));
#256 = SURFACE_CURVE('',#257,(#262,#269),.PCURVE_S1.);
#257 = CIRCLE('',#258,0.15);
#258 = AXIS2_PLACEMENT_3D('',#259,#260,#261);
#259 = CARTESIAN_POINT('',(-5.600297611139,2.980139283437E-16,26.2));
#260 = DIRECTION('',(0.,0.,1.));
#261 = DIRECTION('',(0.,-1.,0.));
#262 = PCURVE('',#54,#263);
#263 = DEFINITIONAL_REPRESENTATION('',(#264),#268);
#264 = CIRCLE('',#265,0.15);
#265 = AXIS2_PLACEMENT_2D('',#266,#267);
#266 = CARTESIAN_POINT('',(-5.600297611139,-1.976295133063E-16));
#267 = DIRECTION('',(0.,-1.));
#268 = ( GEOMETRIC_REPRESENTATION_CONTEXT(2) 
PARAMETRIC_REPRESENTATION_CONTEXT() REPRESENTATION_CONTEXT('2D SPACE',''
  ) );
#269 = PCURVE('',#270,#275);
#270 = CYLINDRICAL_SURFACE('',#271,0.15);
#271 = AXIS2_PLACEMENT_3D('',#272,#273,#274);
#272 = CARTESIAN_POINT('',(-5.600297611139,2.980139283437E-16,26.2));
#273 = DIRECTION('',(0.,0.,1.));
#274 = DIRECTION('',(-0.866025403784,0.5,0.));
#275 = DEFINITIONAL_REPRESENTATION('',(#276),#280);
#276 = LINE('',#277,#278);
#277 = CARTESIAN_POINT('',(-4.188790204786,0.));
#278 = VECTOR('',#279,1.);
#279 = DIRECTION('',(1.,0.));
#280 = ( GEOMETRIC_REPRESENTATION_CONTEXT(2) 
PARAMETRIC_REPRESENTATION_CONTEXT() REPRESENTATION_CONTEXT('2D SPACE',''
  ) );
#281 = ORIENTED_EDGE('',*,*,#282,.F.);
#282 = EDGE_CURVE('',#283,#254,#285,.T.);
#283 = VERTEX_POINT('',#284);
#284 = CARTESIAN_POINT('',(-2.930052616137,4.925,26.2));
#285 = SURFACE_CURVE('',#286,(#290,#297),.PCURVE_S1.);
#286 = LINE('',#287,#288);
#287 = CARTESIAN_POINT('',(-2.886751345948,5.,26.2));
#288 = VECTOR('',#289,1.);
#289 = DIRECTION('',(-0.5,-0.866025403784,0.));
#290 = PCURVE('',#54,#291);
#291 = DEFINITIONAL_REPRESENTATION('',(#292),#296);
#292 = LINE('',#293,#294);
#293 = CARTESIAN_POINT('',(-2.886751345948,5.));
#294 = VECTOR('',#295,1.);
#295 = DIRECTION('',(-0.5,-0.866025403784));
#296 = ( GEOMETRIC_REPRESENTATION_CONTEXT(2) 
PARAMETRIC_REPRESENTATION_CONTEXT() REPRESENTATION_CONTEXT('2D SPACE',''
  ) );
#297 = PCURVE('',#298,#303);
#298 = PLANE('',#299);
#299 = AXIS2_PLACEMENT_3D('',#300,#301,#302);
#300 = CARTESIAN_POINT('',(-2.886751345948,5.,26.2));
#301 = DIRECTION('',(0.866025403784,-0.5,0.));
#302 = DIRECTION('',(-0.5,-0.866025403784,0.));
#303 = DEFINITIONAL_REPRESENTATION('',(#304),#308);
#304 = LINE('',#305,#306);
#305 = CARTESIAN_POINT('',(0.,0.));
#306 = VECTOR('',#307,1.);
#307 = DIRECTION('',(1.,0.));
#308 = ( GEOMETRIC_REPRESENTATION_CONTEXT(2) 
PARAMETRIC_REPRESENTATION_CONTEXT() REPRESENTATION_CONTEXT('2D SPACE',''
  ) );
#309 = ORIENTED_EDGE('',*,*,#310,.F.);
#310 = EDGE_CURVE('',#311,#283,#313,.T.);
#311 = VERTEX_POINT('',#312);
#312 = CARTESIAN_POINT('',(-2.80014880557,5.,26.2));
#313 = SURFACE_CURVE('',#314,(#319,#326),.PCURVE_S1.);
#314 = CIRCLE('',#315,0.15);
#315 = AXIS2_PLACEMENT_3D('',#316,#317,#318);
#316 = CARTESIAN_POINT('',(-2.80014880557,4.85,26.2));
#317 = DIRECTION('',(0.,0.,1.));
#318 = DIRECTION('',(0.,-1.,0.));
#319 = PCURVE('',#54,#320);
#320 = DEFINITIONAL_REPRESENTATION('',(#321),#325);
#321 = CIRCLE('',#322,0.15);
#322 = AXIS2_PLACEMENT_2D('',#323,#324);
#323 = CARTESIAN_POINT('',(-2.80014880557,4.85));
#324 = DIRECTION('',(0.,-1.));
#325 = ( GEOMETRIC_REPRESENTATION_CONTEXT(2) 
PARAMETRIC_REPRESENTATION_CONTEXT() REPRESENTATION_CONTEXT('2D SPACE',''
  ) );
#326 = PCURVE('',#327,#332);
#327 = CYLINDRICAL_SURFACE('',#328,0.15);
#328 = AXIS2_PLACEMENT_3D('',#329,#330,#331);
#329 = CARTESIAN_POINT('',(-2.80014880557,4.85,26.2));
#330 = DIRECTION('',(0.,0.,1.));
#331 = DIRECTION('',(1.538370149107E-16,1.,-0.));
#332 = DEFINITIONAL_REPRESENTATION('',(#333),#337);
#333 = LINE('',#334,#335);
#334 = CARTESIAN_POINT('',(-3.14159265359,0.));
#335 = VECTOR('',#336,1.);
#336 = DIRECTION('',(1.,0.));
#337 = ( GEOMETRIC_REPRESENTATION_CONTEXT(2) 
PARAMETRIC_REPRESENTATION_CONTEXT() REPRESENTATION_CONTEXT('2D SPACE',''
  ) );
#338 = ORIENTED_EDGE('',*,*,#339,.F.);
#339 = EDGE_CURVE('',#340,#311,#342,.T.);
#340 = VERTEX_POINT('',#341);
#341 = CARTESIAN_POINT('',(2.80014880557,5.,26.2));
#342 = SURFACE_CURVE('',#343,(#347,#354),.PCURVE_S1.);
#343 = LINE('',#344,#345);
#344 = CARTESIAN_POINT('',(2.886751345948,5.,26.2));
#345 = VECTOR('',#346,1.);
#346 = DIRECTION('',(-1.,1.538370149107E-16,0.));
#347 = PCURVE('',#54,#348);
#348 = DEFINITIONAL_REPRESENTATION('',(#349),#353);
#349 = LINE('',#350,#351);
#350 = CARTESIAN_POINT('',(2.886751345948,5.));
#351 = VECTOR('',#352,1.);
#352 = DIRECTION('',(-1.,1.538370149107E-16));
#353 = ( GEOMETRIC_REPRESENTATION_CONTEXT(2) 
PARAMETRIC_REPRESENTATION_CONTEXT() REPRESENTATION_CONTEXT('2D SPACE',''
  ) );
#354 = PCURVE('',#355,#360);
#355 = PLANE('',#356);
#356 = AXIS2_PLACEMENT_3D('',#357,#358,#359);
#357 = CARTESIAN_POINT('',(2.886751345948,5.,26.2));
#358 = DIRECTION('',(-1.538370149107E-16,-1.,0.));
#359 = DIRECTION('',(-1.,1.538370149107E-16,0.));
#360 = DEFINITIONAL_REPRESENTATION('',(#361),#365);
#361 = LINE('',#362,#363);
#362 = CARTESIAN_POINT('',(0.,0.));
#363 = VECTOR('',#364,1.);
#364 = DIRECTION('',(1.,0.));
#365 = ( GEOMETRIC_REPRESENTATION_CONTEXT(2) 
PARAMETRIC_REPRESENTATION_CONTEXT() REPRESENTATION_CONTEXT('2D SPACE',''
  ) );
#366 = ORIENTED_EDGE('',*,*,#367,.F.);
#367 = EDGE_CURVE('',#46,#340,#368,.T.);
#368 = SURFACE_CURVE('',#369,(#374,#381),.PCURVE_S1.);
#369 = CIRCLE('',#370,0.15);
#370 = AXIS2_PLACEMENT_3D('',#371,#372,#373);
#371 = CARTESIAN_POINT('',(2.80014880557,4.85,26.2));
#372 = DIRECTION('',(0.,0.,1.));
#373 = DIRECTION('',(0.,-1.,0.));
#374 = PCURVE('',#54,#375);
#375 = DEFINITIONAL_REPRESENTATION('',(#376),#380);
#376 = CIRCLE('',#377,0.15);
#377 = AXIS2_PLACEMENT_2D('',#378,#379);
#378 = CARTESIAN_POINT('',(2.80014880557,4.85));
#379 = DIRECTION('',(0.,-1.));
#380 = ( GEOMETRIC_REPRESENTATION_CONTEXT(2) 
PARAMETRIC_REPRESENTATION_CONTEXT() REPRESENTATION_CONTEXT('2D SPACE',''
  ) );
#381 = PCURVE('',#382,#387);
#382 = CYLINDRICAL_SURFACE('',#383,0.15);
#383 = AXIS2_PLACEMENT_3D('',#384,#385,#386);
#384 = CARTESIAN_POINT('',(2.80014880557,4.85,26.2));
#385 = DIRECTION('',(0.,0.,1.));
#386 = DIRECTION('',(0.866025403784,0.5,-0.));
#387 = DEFINITIONAL_REPRESENTATION('',(#388),#392);
#388 = LINE('',#389,#390);
#389 = CARTESIAN_POINT('',(-2.094395102393,0.));
#390 = VECTOR('',#391,1.);
#391 = DIRECTION('',(1.,0.));
#392 = ( GEOMETRIC_REPRESENTATION_CONTEXT(2) 
PARAMETRIC_REPRESENTATION_CONTEXT() REPRESENTATION_CONTEXT('2D SPACE',''
  ) );
#393 = FACE_BOUND('',#394,.T.);
#394 = EDGE_LOOP('',(#395));
#395 = ORIENTED_EDGE('',*,*,#396,.T.);
#396 = EDGE_CURVE('',#397,#397,#399,.T.);
#397 = VERTEX_POINT('',#398);
#398 = CARTESIAN_POINT('',(7.,0.,26.2));
#399 = SURFACE_CURVE('',#400,(#405,#412),.PCURVE_S1.);
#400 = CIRCLE('',#401,7.);
#401 = AXIS2_PLACEMENT_3D('',#402,#403,#404);
#402 = CARTESIAN_POINT('',(0.,0.,26.2));
#403 = DIRECTION('',(0.,0.,1.));
#404 = DIRECTION('',(1.,0.,0.));
#405 = PCURVE('',#54,#406);
#406 = DEFINITIONAL_REPRESENTATION('',(#407),#411);
#407 = CIRCLE('',#408,7.);
#408 = AXIS2_PLACEMENT_2D('',#409,#410);
#409 = CARTESIAN_POINT('',(1.953485903628E-16,-4.9564344165E-16));
#410 = DIRECTION('',(1.,0.));
#411 = ( GEOMETRIC_REPRESENTATION_CONTEXT(2) 
PARAMETRIC_REPRESENTATION_CONTEXT() REPRESENTATION_CONTEXT('2D SPACE',''
  ) );
#412 = PCURVE('',#413,#418);
#413 = CYLINDRICAL_SURFACE('',#414,7.);
#414 = AXIS2_PLACEMENT_3D('',#415,#416,#417);
#415 = CARTESIAN_POINT('',(0.,0.,25.));
#416 = DIRECTION('',(-0.,-0.,-1.));
#417 = DIRECTION('',(1.,0.,0.));
#418 = DEFINITIONAL_REPRESENTATION('',(#419),#423);
#419 = LINE('',#420,#421);
#420 = CARTESIAN_POINT('',(-0.,-1.2));
#421 = VECTOR('',#422,1.);
#422 = DIRECTION('',(-1.,0.));
#423 = ( GEOMETRIC_REPRESENTATION_CONTEXT(2) 
PARAMETRIC_REPRESENTATION_CONTEXT() REPRESENTATION_CONTEXT('2D SPACE',''
  ) );
#424 = ADVANCED_FACE('',(#425),#66,.F.);
#425 = FACE_BOUND('',#426,.F.);
#426 = EDGE_LOOP('',(#427,#428,#451,#479));
#427 = ORIENTED_EDGE('',*,*,#43,.F.);
#428 = ORIENTED_EDGE('',*,*,#429,.T.);
#429 = EDGE_CURVE('',#44,#430,#432,.T.);
#430 = VERTEX_POINT('',#431);
#431 = CARTESIAN_POINT('',(5.730201421707,7.5E-02,30.2));
#432 = SURFACE_CURVE('',#433,(#437,#444),.PCURVE_S1.);
#433 = LINE('',#434,#435);
#434 = CARTESIAN_POINT('',(5.730201421707,7.5E-02,26.2));
#435 = VECTOR('',#436,1.);
#436 = DIRECTION('',(0.,0.,1.));
#437 = PCURVE('',#66,#438);
#438 = DEFINITIONAL_REPRESENTATION('',(#439),#443);
#439 = LINE('',#440,#441);
#440 = CARTESIAN_POINT('',(8.660254037844E-02,0.));
#441 = VECTOR('',#442,1.);
#442 = DIRECTION('',(0.,-1.));
#443 = ( GEOMETRIC_REPRESENTATION_CONTEXT(2) 
PARAMETRIC_REPRESENTATION_CONTEXT() REPRESENTATION_CONTEXT('2D SPACE',''
  ) );
#444 = PCURVE('',#99,#445);
#445 = DEFINITIONAL_REPRESENTATION('',(#446),#450);
#446 = LINE('',#447,#448);
#447 = CARTESIAN_POINT('',(-0.,0.));
#448 = VECTOR('',#449,1.);
#449 = DIRECTION('',(-0.,1.));
#450 = ( GEOMETRIC_REPRESENTATION_CONTEXT(2) 
PARAMETRIC_REPRESENTATION_CONTEXT() REPRESENTATION_CONTEXT('2D SPACE',''
  ) );
#451 = ORIENTED_EDGE('',*,*,#452,.T.);
#452 = EDGE_CURVE('',#430,#453,#455,.T.);
#453 = VERTEX_POINT('',#454);
#454 = CARTESIAN_POINT('',(2.930052616137,4.925,30.2));
#455 = SURFACE_CURVE('',#456,(#460,#467),.PCURVE_S1.);
#456 = LINE('',#457,#458);
#457 = CARTESIAN_POINT('',(5.773502691896,0.,30.2));
#458 = VECTOR('',#459,1.);
#459 = DIRECTION('',(-0.5,0.866025403784,0.));
#460 = PCURVE('',#66,#461);
#461 = DEFINITIONAL_REPRESENTATION('',(#462),#466);
#462 = LINE('',#463,#464);
#463 = CARTESIAN_POINT('',(0.,-4.));
#464 = VECTOR('',#465,1.);
#465 = DIRECTION('',(1.,0.));
#466 = ( GEOMETRIC_REPRESENTATION_CONTEXT(2) 
PARAMETRIC_REPRESENTATION_CONTEXT() REPRESENTATION_CONTEXT('2D SPACE',''
  ) );
#467 = PCURVE('',#468,#473);
#468 = PLANE('',#469);
#469 = AXIS2_PLACEMENT_3D('',#470,#471,#472);
#470 = CARTESIAN_POINT('',(-2.051160198809E-16,-4.615110447321E-16,30.2)
  );
#471 = DIRECTION('',(0.,0.,1.));
#472 = DIRECTION('',(1.,0.,-0.));
#473 = DEFINITIONAL_REPRESENTATION('',(#474),#478);
#474 = LINE('',#475,#476);
#475 = CARTESIAN_POINT('',(5.773502691896,4.615110447321E-16));
#476 = VECTOR('',#477,1.);
#477 = DIRECTION('',(-0.5,0.866025403784));
#478 = ( GEOMETRIC_REPRESENTATION_CONTEXT(2) 
PARAMETRIC_REPRESENTATION_CONTEXT() REPRESENTATION_CONTEXT('2D SPACE',''
  ) );
#479 = ORIENTED_EDGE('',*,*,#480,.F.);
#480 = EDGE_CURVE('',#46,#453,#481,.T.);
#481 = SURFACE_CURVE('',#482,(#486,#493),.PCURVE_S1.);
#482 = LINE('',#483,#484);
#483 = CARTESIAN_POINT('',(2.930052616137,4.925,26.2));
#484 = VECTOR('',#485,1.);
#485 = DIRECTION('',(0.,0.,1.));
#486 = PCURVE('',#66,#487);
#487 = DEFINITIONAL_REPRESENTATION('',(#488),#492);
#488 = LINE('',#489,#490);
#489 = CARTESIAN_POINT('',(5.686900151518,0.));
#490 = VECTOR('',#491,1.);
#491 = DIRECTION('',(0.,-1.));
#492 = ( GEOMETRIC_REPRESENTATION_CONTEXT(2) 
PARAMETRIC_REPRESENTATION_CONTEXT() REPRESENTATION_CONTEXT('2D SPACE',''
  ) );
#493 = PCURVE('',#382,#494);
#494 = DEFINITIONAL_REPRESENTATION('',(#495),#499);
#495 = LINE('',#496,#497);
#496 = CARTESIAN_POINT('',(0.,0.));
#497 = VECTOR('',#498,1.);
#498 = DIRECTION('',(0.,1.));
#499 = ( GEOMETRIC_REPRESENTATION_CONTEXT(2) 
PARAMETRIC_REPRESENTATION_CONTEXT() REPRESENTATION_CONTEXT('2D SPACE',''
  ) );
#500 = ADVANCED_FACE('',(#501),#99,.T.);
#501 = FACE_BOUND('',#502,.F.);
#502 = EDGE_LOOP('',(#503,#504,#527,#553));
#503 = ORIENTED_EDGE('',*,*,#78,.T.);
#504 = ORIENTED_EDGE('',*,*,#505,.T.);
#505 = EDGE_CURVE('',#79,#506,#508,.T.);
#506 = VERTEX_POINT('',#507);
#507 = CARTESIAN_POINT('',(5.730201421707,-7.5E-02,30.2));
#508 = SURFACE_CURVE('',#509,(#513,#520),.PCURVE_S1.);
#509 = LINE('',#510,#511);
#510 = CARTESIAN_POINT('',(5.730201421707,-7.5E-02,26.2));
#511 = VECTOR('',#512,1.);
#512 = DIRECTION('',(0.,0.,1.));
#513 = PCURVE('',#99,#514);
#514 = DEFINITIONAL_REPRESENTATION('',(#515),#519);
#515 = LINE('',#516,#517);
#516 = CARTESIAN_POINT('',(-1.047197551197,0.));
#517 = VECTOR('',#518,1.);
#518 = DIRECTION('',(-0.,1.));
#519 = ( GEOMETRIC_REPRESENTATION_CONTEXT(2) 
PARAMETRIC_REPRESENTATION_CONTEXT() REPRESENTATION_CONTEXT('2D SPACE',''
  ) );
#520 = PCURVE('',#127,#521);
#521 = DEFINITIONAL_REPRESENTATION('',(#522),#526);
#522 = LINE('',#523,#524);
#523 = CARTESIAN_POINT('',(5.686900151518,0.));
#524 = VECTOR('',#525,1.);
#525 = DIRECTION('',(0.,-1.));
#526 = ( GEOMETRIC_REPRESENTATION_CONTEXT(2) 
PARAMETRIC_REPRESENTATION_CONTEXT() REPRESENTATION_CONTEXT('2D SPACE',''
  ) );
#527 = ORIENTED_EDGE('',*,*,#528,.F.);
#528 = EDGE_CURVE('',#430,#506,#529,.T.);
#529 = SURFACE_CURVE('',#530,(#535,#542),.PCURVE_S1.);
#530 = CIRCLE('',#531,0.15);
#531 = AXIS2_PLACEMENT_3D('',#532,#533,#534);
#532 = CARTESIAN_POINT('',(5.600297611139,9.214851104389E-16,30.2));
#533 = DIRECTION('',(-0.,-0.,-1.));
#534 = DIRECTION('',(0.,-1.,0.));
#535 = PCURVE('',#99,#536);
#536 = DEFINITIONAL_REPRESENTATION('',(#537),#541);
#537 = LINE('',#538,#539);
#538 = CARTESIAN_POINT('',(4.188790204786,4.));
#539 = VECTOR('',#540,1.);
#540 = DIRECTION('',(-1.,0.));
#541 = ( GEOMETRIC_REPRESENTATION_CONTEXT(2) 
PARAMETRIC_REPRESENTATION_CONTEXT() REPRESENTATION_CONTEXT('2D SPACE',''
  ) );
#542 = PCURVE('',#468,#543);
#543 = DEFINITIONAL_REPRESENTATION('',(#544),#552);
#544 = ( BOUNDED_CURVE() B_SPLINE_CURVE(2,(#545,#546,#547,#548,#549,#550
,#551),.UNSPECIFIED.,.T.,.F.) B_SPLINE_CURVE_WITH_KNOTS((1,2,2,2,2,1),(
    -2.094395102393,0.,2.094395102393,4.188790204786,6.28318530718,
8.377580409573),.UNSPECIFIED.) CURVE() GEOMETRIC_REPRESENTATION_ITEM() 
RATIONAL_B_SPLINE_CURVE((1.,0.5,1.,0.5,1.,0.5,1.)) REPRESENTATION_ITEM(
  '') );
#545 = CARTESIAN_POINT('',(5.600297611139,-0.15));
#546 = CARTESIAN_POINT('',(5.340489990004,-0.15));
#547 = CARTESIAN_POINT('',(5.470393800572,7.5E-02));
#548 = CARTESIAN_POINT('',(5.600297611139,0.3));
#549 = CARTESIAN_POINT('',(5.730201421707,7.5E-02));
#550 = CARTESIAN_POINT('',(5.860105232275,-0.15));
#551 = CARTESIAN_POINT('',(5.600297611139,-0.15));
#552 = ( GEOMETRIC_REPRESENTATION_CONTEXT(2) 
PARAMETRIC_REPRESENTATION_CONTEXT() REPRESENTATION_CONTEXT('2D SPACE',''
  ) );
#553 = ORIENTED_EDGE('',*,*,#429,.F.);
#554 = ADVANCED_FACE('',(#555),#382,.T.);
#555 = FACE_BOUND('',#556,.T.);
#556 = EDGE_LOOP('',(#557,#558,#581,#603));
#557 = ORIENTED_EDGE('',*,*,#367,.T.);
#558 = ORIENTED_EDGE('',*,*,#559,.T.);
#559 = EDGE_CURVE('',#340,#560,#562,.T.);
#560 = VERTEX_POINT('',#561);
#561 = CARTESIAN_POINT('',(2.80014880557,5.,30.2));
#562 = SURFACE_CURVE('',#563,(#567,#574),.PCURVE_S1.);
#563 = LINE('',#564,#565);
#564 = CARTESIAN_POINT('',(2.80014880557,5.,26.2));
#565 = VECTOR('',#566,1.);
#566 = DIRECTION('',(0.,0.,1.));
#567 = PCURVE('',#382,#568);
#568 = DEFINITIONAL_REPRESENTATION('',(#569),#573);
#569 = LINE('',#570,#571);
#570 = CARTESIAN_POINT('',(1.047197551197,0.));
#571 = VECTOR('',#572,1.);
#572 = DIRECTION('',(0.,1.));
#573 = ( GEOMETRIC_REPRESENTATION_CONTEXT(2) 
PARAMETRIC_REPRESENTATION_CONTEXT() REPRESENTATION_CONTEXT('2D SPACE',''
  ) );
#574 = PCURVE('',#355,#575);
#575 = DEFINITIONAL_REPRESENTATION('',(#576),#580);
#576 = LINE('',#577,#578);
#577 = CARTESIAN_POINT('',(8.660254037844E-02,0.));
#578 = VECTOR('',#579,1.);
#579 = DIRECTION('',(0.,-1.));
#580 = ( GEOMETRIC_REPRESENTATION_CONTEXT(2) 
PARAMETRIC_REPRESENTATION_CONTEXT() REPRESENTATION_CONTEXT('2D SPACE',''
  ) );
#581 = ORIENTED_EDGE('',*,*,#582,.F.);
#582 = EDGE_CURVE('',#453,#560,#583,.T.);
#583 = SURFACE_CURVE('',#584,(#589,#596),.PCURVE_S1.);
#584 = CIRCLE('',#585,0.15);
#585 = AXIS2_PLACEMENT_3D('',#586,#587,#588);
#586 = CARTESIAN_POINT('',(2.80014880557,4.85,30.2));
#587 = DIRECTION('',(0.,0.,1.));
#588 = DIRECTION('',(0.,-1.,0.));
#589 = PCURVE('',#382,#590);
#590 = DEFINITIONAL_REPRESENTATION('',(#591),#595);
#591 = LINE('',#592,#593);
#592 = CARTESIAN_POINT('',(-2.094395102393,4.));
#593 = VECTOR('',#594,1.);
#594 = DIRECTION('',(1.,0.));
#595 = ( GEOMETRIC_REPRESENTATION_CONTEXT(2) 
PARAMETRIC_REPRESENTATION_CONTEXT() REPRESENTATION_CONTEXT('2D SPACE',''
  ) );
#596 = PCURVE('',#468,#597);
#597 = DEFINITIONAL_REPRESENTATION('',(#598),#602);
#598 = CIRCLE('',#599,0.15);
#599 = AXIS2_PLACEMENT_2D('',#600,#601);
#600 = CARTESIAN_POINT('',(2.80014880557,4.85));
#601 = DIRECTION('',(0.,-1.));
#602 = ( GEOMETRIC_REPRESENTATION_CONTEXT(2) 
PARAMETRIC_REPRESENTATION_CONTEXT() REPRESENTATION_CONTEXT('2D SPACE',''
  ) );
#603 = ORIENTED_EDGE('',*,*,#480,.F.);
#604 = ADVANCED_FACE('',(#605),#127,.F.);
#605 = FACE_BOUND('',#606,.F.);
#606 = EDGE_LOOP('',(#607,#608,#631,#652));
#607 = ORIENTED_EDGE('',*,*,#111,.F.);
#608 = ORIENTED_EDGE('',*,*,#609,.T.);
#609 = EDGE_CURVE('',#112,#610,#612,.T.);
#610 = VERTEX_POINT('',#611);
#611 = CARTESIAN_POINT('',(2.930052616137,-4.925,30.2));
#612 = SURFACE_CURVE('',#613,(#617,#624),.PCURVE_S1.);
#613 = LINE('',#614,#615);
#614 = CARTESIAN_POINT('',(2.930052616137,-4.925,26.2));
#615 = VECTOR('',#616,1.);
#616 = DIRECTION('',(0.,0.,1.));
#617 = PCURVE('',#127,#618);
#618 = DEFINITIONAL_REPRESENTATION('',(#619),#623);
#619 = LINE('',#620,#621);
#620 = CARTESIAN_POINT('',(8.660254037844E-02,0.));
#621 = VECTOR('',#622,1.);
#622 = DIRECTION('',(0.,-1.));
#623 = ( GEOMETRIC_REPRESENTATION_CONTEXT(2) 
PARAMETRIC_REPRESENTATION_CONTEXT() REPRESENTATION_CONTEXT('2D SPACE',''
  ) );
#624 = PCURVE('',#156,#625);
#625 = DEFINITIONAL_REPRESENTATION('',(#626),#630);
#626 = LINE('',#627,#628);
#627 = CARTESIAN_POINT('',(1.047197551197,0.));
#628 = VECTOR('',#629,1.);
#629 = DIRECTION('',(0.,1.));
#630 = ( GEOMETRIC_REPRESENTATION_CONTEXT(2) 
PARAMETRIC_REPRESENTATION_CONTEXT() REPRESENTATION_CONTEXT('2D SPACE',''
  ) );
#631 = ORIENTED_EDGE('',*,*,#632,.T.);
#632 = EDGE_CURVE('',#610,#506,#633,.T.);
#633 = SURFACE_CURVE('',#634,(#638,#645),.PCURVE_S1.);
#634 = LINE('',#635,#636);
#635 = CARTESIAN_POINT('',(2.886751345948,-5.,30.2));
#636 = VECTOR('',#637,1.);
#637 = DIRECTION('',(0.5,0.866025403784,0.));
#638 = PCURVE('',#127,#639);
#639 = DEFINITIONAL_REPRESENTATION('',(#640),#644);
#640 = LINE('',#641,#642);
#641 = CARTESIAN_POINT('',(0.,-4.));
#642 = VECTOR('',#643,1.);
#643 = DIRECTION('',(1.,0.));
#644 = ( GEOMETRIC_REPRESENTATION_CONTEXT(2) 
PARAMETRIC_REPRESENTATION_CONTEXT() REPRESENTATION_CONTEXT('2D SPACE',''
  ) );
#645 = PCURVE('',#468,#646);
#646 = DEFINITIONAL_REPRESENTATION('',(#647),#651);
#647 = LINE('',#648,#649);
#648 = CARTESIAN_POINT('',(2.886751345948,-5.));
#649 = VECTOR('',#650,1.);
#650 = DIRECTION('',(0.5,0.866025403784));
#651 = ( GEOMETRIC_REPRESENTATION_CONTEXT(2) 
PARAMETRIC_REPRESENTATION_CONTEXT() REPRESENTATION_CONTEXT('2D SPACE',''
  ) );
#652 = ORIENTED_EDGE('',*,*,#505,.F.);
#653 = ADVANCED_FACE('',(#654),#355,.F.);
#654 = FACE_BOUND('',#655,.F.);
#655 = EDGE_LOOP('',(#656,#657,#658,#681));
#656 = ORIENTED_EDGE('',*,*,#339,.F.);
#657 = ORIENTED_EDGE('',*,*,#559,.T.);
#658 = ORIENTED_EDGE('',*,*,#659,.T.);
#659 = EDGE_CURVE('',#560,#660,#662,.T.);
#660 = VERTEX_POINT('',#661);
#661 = CARTESIAN_POINT('',(-2.80014880557,5.,30.2));
#662 = SURFACE_CURVE('',#663,(#667,#674),.PCURVE_S1.);
#663 = LINE('',#664,#665);
#664 = CARTESIAN_POINT('',(2.886751345948,5.,30.2));
#665 = VECTOR('',#666,1.);
#666 = DIRECTION('',(-1.,1.538370149107E-16,0.));
#667 = PCURVE('',#355,#668);
#668 = DEFINITIONAL_REPRESENTATION('',(#669),#673);
#669 = LINE('',#670,#671);
#670 = CARTESIAN_POINT('',(0.,-4.));
#671 = VECTOR('',#672,1.);
#672 = DIRECTION('',(1.,0.));
#673 = ( GEOMETRIC_REPRESENTATION_CONTEXT(2) 
PARAMETRIC_REPRESENTATION_CONTEXT() REPRESENTATION_CONTEXT('2D SPACE',''
  ) );
#674 = PCURVE('',#468,#675);
#675 = DEFINITIONAL_REPRESENTATION('',(#676),#680);
#676 = LINE('',#677,#678);
#677 = CARTESIAN_POINT('',(2.886751345948,5.));
#678 = VECTOR('',#679,1.);
#679 = DIRECTION('',(-1.,1.538370149107E-16));
#680 = ( GEOMETRIC_REPRESENTATION_CONTEXT(2) 
PARAMETRIC_REPRESENTATION_CONTEXT() REPRESENTATION_CONTEXT('2D SPACE',''
  ) );
#681 = ORIENTED_EDGE('',*,*,#682,.F.);
#682 = EDGE_CURVE('',#311,#660,#683,.T.);
#683 = SURFACE_CURVE('',#684,(#688,#695),.PCURVE_S1.);
#684 = LINE('',#685,#686);
#685 = CARTESIAN_POINT('',(-2.80014880557,5.,26.2));
#686 = VECTOR('',#687,1.);
#687 = DIRECTION('',(0.,0.,1.));
#688 = PCURVE('',#355,#689);
#689 = DEFINITIONAL_REPRESENTATION('',(#690),#694);
#690 = LINE('',#691,#692);
#691 = CARTESIAN_POINT('',(5.686900151518,0.));
#692 = VECTOR('',#693,1.);
#693 = DIRECTION('',(0.,-1.));
#694 = ( GEOMETRIC_REPRESENTATION_CONTEXT(2) 
PARAMETRIC_REPRESENTATION_CONTEXT() REPRESENTATION_CONTEXT('2D SPACE',''
  ) );
#695 = PCURVE('',#327,#696);
#696 = DEFINITIONAL_REPRESENTATION('',(#697),#701);
#697 = LINE('',#698,#699);
#698 = CARTESIAN_POINT('',(0.,0.));
#699 = VECTOR('',#700,1.);
#700 = DIRECTION('',(0.,1.));
#701 = ( GEOMETRIC_REPRESENTATION_CONTEXT(2) 
PARAMETRIC_REPRESENTATION_CONTEXT() REPRESENTATION_CONTEXT('2D SPACE',''
  ) );
#702 = ADVANCED_FACE('',(#703),#156,.T.);
#703 = FACE_BOUND('',#704,.T.);
#704 = EDGE_LOOP('',(#705,#706,#707,#731));
#705 = ORIENTED_EDGE('',*,*,#139,.T.);
#706 = ORIENTED_EDGE('',*,*,#609,.T.);
#707 = ORIENTED_EDGE('',*,*,#708,.F.);
#708 = EDGE_CURVE('',#709,#610,#711,.T.);
#709 = VERTEX_POINT('',#710);
#710 = CARTESIAN_POINT('',(2.80014880557,-5.,30.2));
#711 = SURFACE_CURVE('',#712,(#717,#724),.PCURVE_S1.);
#712 = CIRCLE('',#713,0.15);
#713 = AXIS2_PLACEMENT_3D('',#714,#715,#716);
#714 = CARTESIAN_POINT('',(2.80014880557,-4.85,30.2));
#715 = DIRECTION('',(0.,0.,1.));
#716 = DIRECTION('',(0.,-1.,0.));
#717 = PCURVE('',#156,#718);
#718 = DEFINITIONAL_REPRESENTATION('',(#719),#723);
#719 = LINE('',#720,#721);
#720 = CARTESIAN_POINT('',(6.153480596427E-16,4.));
#721 = VECTOR('',#722,1.);
#722 = DIRECTION('',(1.,0.));
#723 = ( GEOMETRIC_REPRESENTATION_CONTEXT(2) 
PARAMETRIC_REPRESENTATION_CONTEXT() REPRESENTATION_CONTEXT('2D SPACE',''
  ) );
#724 = PCURVE('',#468,#725);
#725 = DEFINITIONAL_REPRESENTATION('',(#726),#730);
#726 = CIRCLE('',#727,0.15);
#727 = AXIS2_PLACEMENT_2D('',#728,#729);
#728 = CARTESIAN_POINT('',(2.80014880557,-4.85));
#729 = DIRECTION('',(0.,-1.));
#730 = ( GEOMETRIC_REPRESENTATION_CONTEXT(2) 
PARAMETRIC_REPRESENTATION_CONTEXT() REPRESENTATION_CONTEXT('2D SPACE',''
  ) );
#731 = ORIENTED_EDGE('',*,*,#732,.F.);
#732 = EDGE_CURVE('',#140,#709,#733,.T.);
#733 = SURFACE_CURVE('',#734,(#738,#745),.PCURVE_S1.);
#734 = LINE('',#735,#736);
#735 = CARTESIAN_POINT('',(2.80014880557,-5.,26.2));
#736 = VECTOR('',#737,1.);
#737 = DIRECTION('',(0.,0.,1.));
#738 = PCURVE('',#156,#739);
#739 = DEFINITIONAL_REPRESENTATION('',(#740),#744);
#740 = LINE('',#741,#742);
#741 = CARTESIAN_POINT('',(0.,0.));
#742 = VECTOR('',#743,1.);
#743 = DIRECTION('',(0.,1.));
#744 = ( GEOMETRIC_REPRESENTATION_CONTEXT(2) 
PARAMETRIC_REPRESENTATION_CONTEXT() REPRESENTATION_CONTEXT('2D SPACE',''
  ) );
#745 = PCURVE('',#184,#746);
#746 = DEFINITIONAL_REPRESENTATION('',(#747),#751);
#747 = LINE('',#748,#749);
#748 = CARTESIAN_POINT('',(5.686900151518,0.));
#749 = VECTOR('',#750,1.);
#750 = DIRECTION('',(0.,-1.));
#751 = ( GEOMETRIC_REPRESENTATION_CONTEXT(2) 
PARAMETRIC_REPRESENTATION_CONTEXT() REPRESENTATION_CONTEXT('2D SPACE',''
  ) );
#752 = ADVANCED_FACE('',(#753),#327,.T.);
#753 = FACE_BOUND('',#754,.T.);
#754 = EDGE_LOOP('',(#755,#756,#779,#801));
#755 = ORIENTED_EDGE('',*,*,#310,.T.);
#756 = ORIENTED_EDGE('',*,*,#757,.T.);
#757 = EDGE_CURVE('',#283,#758,#760,.T.);
#758 = VERTEX_POINT('',#759);
#759 = CARTESIAN_POINT('',(-2.930052616137,4.925,30.2));
#760 = SURFACE_CURVE('',#761,(#765,#772),.PCURVE_S1.);
#761 = LINE('',#762,#763);
#762 = CARTESIAN_POINT('',(-2.930052616137,4.925,26.2));
#763 = VECTOR('',#764,1.);
#764 = DIRECTION('',(0.,0.,1.));
#765 = PCURVE('',#327,#766);
#766 = DEFINITIONAL_REPRESENTATION('',(#767),#771);
#767 = LINE('',#768,#769);
#768 = CARTESIAN_POINT('',(1.047197551197,0.));
#769 = VECTOR('',#770,1.);
#770 = DIRECTION('',(0.,1.));
#771 = ( GEOMETRIC_REPRESENTATION_CONTEXT(2) 
PARAMETRIC_REPRESENTATION_CONTEXT() REPRESENTATION_CONTEXT('2D SPACE',''
  ) );
#772 = PCURVE('',#298,#773);
#773 = DEFINITIONAL_REPRESENTATION('',(#774),#778);
#774 = LINE('',#775,#776);
#775 = CARTESIAN_POINT('',(8.660254037844E-02,0.));
#776 = VECTOR('',#777,1.);
#777 = DIRECTION('',(0.,-1.));
#778 = ( GEOMETRIC_REPRESENTATION_CONTEXT(2) 
PARAMETRIC_REPRESENTATION_CONTEXT() REPRESENTATION_CONTEXT('2D SPACE',''
  ) );
#779 = ORIENTED_EDGE('',*,*,#780,.F.);
#780 = EDGE_CURVE('',#660,#758,#781,.T.);
#781 = SURFACE_CURVE('',#782,(#787,#794),.PCURVE_S1.);
#782 = CIRCLE('',#783,0.15);
#783 = AXIS2_PLACEMENT_3D('',#784,#785,#786);
#784 = CARTESIAN_POINT('',(-2.80014880557,4.85,30.2));
#785 = DIRECTION('',(0.,0.,1.));
#786 = DIRECTION('',(0.,-1.,0.));
#787 = PCURVE('',#327,#788);
#788 = DEFINITIONAL_REPRESENTATION('',(#789),#793);
#789 = LINE('',#790,#791);
#790 = CARTESIAN_POINT('',(-3.14159265359,4.));
#791 = VECTOR('',#792,1.);
#792 = DIRECTION('',(1.,0.));
#793 = ( GEOMETRIC_REPRESENTATION_CONTEXT(2) 
PARAMETRIC_REPRESENTATION_CONTEXT() REPRESENTATION_CONTEXT('2D SPACE',''
  ) );
#794 = PCURVE('',#468,#795);
#795 = DEFINITIONAL_REPRESENTATION('',(#796),#800);
#796 = CIRCLE('',#797,0.15);
#797 = AXIS2_PLACEMENT_2D('',#798,#799);
#798 = CARTESIAN_POINT('',(-2.80014880557,4.85));
#799 = DIRECTION('',(0.,-1.));
#800 = ( GEOMETRIC_REPRESENTATION_CONTEXT(2) 
PARAMETRIC_REPRESENTATION_CONTEXT() REPRESENTATION_CONTEXT('2D SPACE',''
  ) );
#801 = ORIENTED_EDGE('',*,*,#682,.F.);
#802 = ADVANCED_FACE('',(#803),#184,.F.);
#803 = FACE_BOUND('',#804,.F.);
#804 = EDGE_LOOP('',(#805,#806,#829,#850));
#805 = ORIENTED_EDGE('',*,*,#168,.F.);
#806 = ORIENTED_EDGE('',*,*,#807,.T.);
#807 = EDGE_CURVE('',#169,#808,#810,.T.);
#808 = VERTEX_POINT('',#809);
#809 = CARTESIAN_POINT('',(-2.80014880557,-5.,30.2));
#810 = SURFACE_CURVE('',#811,(#815,#822),.PCURVE_S1.);
#811 = LINE('',#812,#813);
#812 = CARTESIAN_POINT('',(-2.80014880557,-5.,26.2));
#813 = VECTOR('',#814,1.);
#814 = DIRECTION('',(0.,0.,1.));
#815 = PCURVE('',#184,#816);
#816 = DEFINITIONAL_REPRESENTATION('',(#817),#821);
#817 = LINE('',#818,#819);
#818 = CARTESIAN_POINT('',(8.660254037844E-02,0.));
#819 = VECTOR('',#820,1.);
#820 = DIRECTION('',(0.,-1.));
#821 = ( GEOMETRIC_REPRESENTATION_CONTEXT(2) 
PARAMETRIC_REPRESENTATION_CONTEXT() REPRESENTATION_CONTEXT('2D SPACE',''
  ) );
#822 = PCURVE('',#213,#823);
#823 = DEFINITIONAL_REPRESENTATION('',(#824),#828);
#824 = LINE('',#825,#826);
#825 = CARTESIAN_POINT('',(1.047197551197,0.));
#826 = VECTOR('',#827,1.);
#827 = DIRECTION('',(0.,1.));
#828 = ( GEOMETRIC_REPRESENTATION_CONTEXT(2) 
PARAMETRIC_REPRESENTATION_CONTEXT() REPRESENTATION_CONTEXT('2D SPACE',''
  ) );
#829 = ORIENTED_EDGE('',*,*,#830,.T.);
#830 = EDGE_CURVE('',#808,#709,#831,.T.);
#831 = SURFACE_CURVE('',#832,(#836,#843),.PCURVE_S1.);
#832 = LINE('',#833,#834);
#833 = CARTESIAN_POINT('',(-2.886751345948,-5.,30.2));
#834 = VECTOR('',#835,1.);
#835 = DIRECTION('',(1.,-6.153480596427E-16,0.));
#836 = PCURVE('',#184,#837);
#837 = DEFINITIONAL_REPRESENTATION('',(#838),#842);
#838 = LINE('',#839,#840);
#839 = CARTESIAN_POINT('',(0.,-4.));
#840 = VECTOR('',#841,1.);
#841 = DIRECTION('',(1.,0.));
#842 = ( GEOMETRIC_REPRESENTATION_CONTEXT(2) 
PARAMETRIC_REPRESENTATION_CONTEXT() REPRESENTATION_CONTEXT('2D SPACE',''
  ) );
#843 = PCURVE('',#468,#844);
#844 = DEFINITIONAL_REPRESENTATION('',(#845),#849);
#845 = LINE('',#846,#847);
#846 = CARTESIAN_POINT('',(-2.886751345948,-5.));
#847 = VECTOR('',#848,1.);
#848 = DIRECTION('',(1.,-6.153480596427E-16));
#849 = ( GEOMETRIC_REPRESENTATION_CONTEXT(2) 
PARAMETRIC_REPRESENTATION_CONTEXT() REPRESENTATION_CONTEXT('2D SPACE',''
  ) );
#850 = ORIENTED_EDGE('',*,*,#732,.F.);
#851 = ADVANCED_FACE('',(#852),#298,.F.);
#852 = FACE_BOUND('',#853,.F.);
#853 = EDGE_LOOP('',(#854,#855,#856,#879));
#854 = ORIENTED_EDGE('',*,*,#282,.F.);
#855 = ORIENTED_EDGE('',*,*,#757,.T.);
#856 = ORIENTED_EDGE('',*,*,#857,.T.);
#857 = EDGE_CURVE('',#758,#858,#860,.T.);
#858 = VERTEX_POINT('',#859);
#859 = CARTESIAN_POINT('',(-5.730201421707,7.5E-02,30.2));
#860 = SURFACE_CURVE('',#861,(#865,#872),.PCURVE_S1.);
#861 = LINE('',#862,#863);
#862 = CARTESIAN_POINT('',(-2.886751345948,5.,30.2));
#863 = VECTOR('',#864,1.);
#864 = DIRECTION('',(-0.5,-0.866025403784,0.));
#865 = PCURVE('',#298,#866);
#866 = DEFINITIONAL_REPRESENTATION('',(#867),#871);
#867 = LINE('',#868,#869);
#868 = CARTESIAN_POINT('',(0.,-4.));
#869 = VECTOR('',#870,1.);
#870 = DIRECTION('',(1.,0.));
#871 = ( GEOMETRIC_REPRESENTATION_CONTEXT(2) 
PARAMETRIC_REPRESENTATION_CONTEXT() REPRESENTATION_CONTEXT('2D SPACE',''
  ) );
#872 = PCURVE('',#468,#873);
#873 = DEFINITIONAL_REPRESENTATION('',(#874),#878);
#874 = LINE('',#875,#876);
#875 = CARTESIAN_POINT('',(-2.886751345948,5.));
#876 = VECTOR('',#877,1.);
#877 = DIRECTION('',(-0.5,-0.866025403784));
#878 = ( GEOMETRIC_REPRESENTATION_CONTEXT(2) 
PARAMETRIC_REPRESENTATION_CONTEXT() REPRESENTATION_CONTEXT('2D SPACE',''
  ) );
#879 = ORIENTED_EDGE('',*,*,#880,.F.);
#880 = EDGE_CURVE('',#254,#858,#881,.T.);
#881 = SURFACE_CURVE('',#882,(#886,#893),.PCURVE_S1.);
#882 = LINE('',#883,#884);
#883 = CARTESIAN_POINT('',(-5.730201421707,7.5E-02,26.2));
#884 = VECTOR('',#885,1.);
#885 = DIRECTION('',(0.,0.,1.));
#886 = PCURVE('',#298,#887);
#887 = DEFINITIONAL_REPRESENTATION('',(#888),#892);
#888 = LINE('',#889,#890);
#889 = CARTESIAN_POINT('',(5.686900151518,0.));
#890 = VECTOR('',#891,1.);
#891 = DIRECTION('',(0.,-1.));
#892 = ( GEOMETRIC_REPRESENTATION_CONTEXT(2) 
PARAMETRIC_REPRESENTATION_CONTEXT() REPRESENTATION_CONTEXT('2D SPACE',''
  ) );
#893 = PCURVE('',#270,#894);
#894 = DEFINITIONAL_REPRESENTATION('',(#895),#899);
#895 = LINE('',#896,#897);
#896 = CARTESIAN_POINT('',(0.,0.));
#897 = VECTOR('',#898,1.);
#898 = DIRECTION('',(0.,1.));
#899 = ( GEOMETRIC_REPRESENTATION_CONTEXT(2) 
PARAMETRIC_REPRESENTATION_CONTEXT() REPRESENTATION_CONTEXT('2D SPACE',''
  ) );
#900 = ADVANCED_FACE('',(#901),#213,.T.);
#901 = FACE_BOUND('',#902,.T.);
#902 = EDGE_LOOP('',(#903,#904,#905,#929));
#903 = ORIENTED_EDGE('',*,*,#196,.T.);
#904 = ORIENTED_EDGE('',*,*,#807,.T.);
#905 = ORIENTED_EDGE('',*,*,#906,.F.);
#906 = EDGE_CURVE('',#907,#808,#909,.T.);
#907 = VERTEX_POINT('',#908);
#908 = CARTESIAN_POINT('',(-2.930052616137,-4.925,30.2));
#909 = SURFACE_CURVE('',#910,(#915,#922),.PCURVE_S1.);
#910 = CIRCLE('',#911,0.15);
#911 = AXIS2_PLACEMENT_3D('',#912,#913,#914);
#912 = CARTESIAN_POINT('',(-2.80014880557,-4.85,30.2));
#913 = DIRECTION('',(0.,0.,1.));
#914 = DIRECTION('',(0.,-1.,0.));
#915 = PCURVE('',#213,#916);
#916 = DEFINITIONAL_REPRESENTATION('',(#917),#921);
#917 = LINE('',#918,#919);
#918 = CARTESIAN_POINT('',(-5.235987755983,4.));
#919 = VECTOR('',#920,1.);
#920 = DIRECTION('',(1.,0.));
#921 = ( GEOMETRIC_REPRESENTATION_CONTEXT(2) 
PARAMETRIC_REPRESENTATION_CONTEXT() REPRESENTATION_CONTEXT('2D SPACE',''
  ) );
#922 = PCURVE('',#468,#923);
#923 = DEFINITIONAL_REPRESENTATION('',(#924),#928);
#924 = CIRCLE('',#925,0.15);
#925 = AXIS2_PLACEMENT_2D('',#926,#927);
#926 = CARTESIAN_POINT('',(-2.80014880557,-4.85));
#927 = DIRECTION('',(0.,-1.));
#928 = ( GEOMETRIC_REPRESENTATION_CONTEXT(2) 
PARAMETRIC_REPRESENTATION_CONTEXT() REPRESENTATION_CONTEXT('2D SPACE',''
  ) );
#929 = ORIENTED_EDGE('',*,*,#930,.F.);
#930 = EDGE_CURVE('',#197,#907,#931,.T.);
#931 = SURFACE_CURVE('',#932,(#936,#943),.PCURVE_S1.);
#932 = LINE('',#933,#934);
#933 = CARTESIAN_POINT('',(-2.930052616137,-4.925,26.2));
#934 = VECTOR('',#935,1.);
#935 = DIRECTION('',(0.,0.,1.));
#936 = PCURVE('',#213,#937);
#937 = DEFINITIONAL_REPRESENTATION('',(#938),#942);
#938 = LINE('',#939,#940);
#939 = CARTESIAN_POINT('',(0.,0.));
#940 = VECTOR('',#941,1.);
#941 = DIRECTION('',(0.,1.));
#942 = ( GEOMETRIC_REPRESENTATION_CONTEXT(2) 
PARAMETRIC_REPRESENTATION_CONTEXT() REPRESENTATION_CONTEXT('2D SPACE',''
  ) );
#943 = PCURVE('',#241,#944);
#944 = DEFINITIONAL_REPRESENTATION('',(#945),#949);
#945 = LINE('',#946,#947);
#946 = CARTESIAN_POINT('',(5.686900151518,0.));
#947 = VECTOR('',#948,1.);
#948 = DIRECTION('',(0.,-1.));
#949 = ( GEOMETRIC_REPRESENTATION_CONTEXT(2) 
PARAMETRIC_REPRESENTATION_CONTEXT() REPRESENTATION_CONTEXT('2D SPACE',''
  ) );
#950 = ADVANCED_FACE('',(#951),#270,.T.);
#951 = FACE_BOUND('',#952,.T.);
#952 = EDGE_LOOP('',(#953,#954,#977,#999));
#953 = ORIENTED_EDGE('',*,*,#253,.T.);
#954 = ORIENTED_EDGE('',*,*,#955,.T.);
#955 = EDGE_CURVE('',#226,#956,#958,.T.);
#956 = VERTEX_POINT('',#957);
#957 = CARTESIAN_POINT('',(-5.730201421707,-7.5E-02,30.2));
#958 = SURFACE_CURVE('',#959,(#963,#970),.PCURVE_S1.);
#959 = LINE('',#960,#961);
#960 = CARTESIAN_POINT('',(-5.730201421707,-7.5E-02,26.2));
#961 = VECTOR('',#962,1.);
#962 = DIRECTION('',(0.,0.,1.));
#963 = PCURVE('',#270,#964);
#964 = DEFINITIONAL_REPRESENTATION('',(#965),#969);
#965 = LINE('',#966,#967);
#966 = CARTESIAN_POINT('',(1.047197551197,0.));
#967 = VECTOR('',#968,1.);
#968 = DIRECTION('',(0.,1.));
#969 = ( GEOMETRIC_REPRESENTATION_CONTEXT(2) 
PARAMETRIC_REPRESENTATION_CONTEXT() REPRESENTATION_CONTEXT('2D SPACE',''
  ) );
#970 = PCURVE('',#241,#971);
#971 = DEFINITIONAL_REPRESENTATION('',(#972),#976);
#972 = LINE('',#973,#974);
#973 = CARTESIAN_POINT('',(8.660254037844E-02,0.));
#974 = VECTOR('',#975,1.);
#975 = DIRECTION('',(0.,-1.));
#976 = ( GEOMETRIC_REPRESENTATION_CONTEXT(2) 
PARAMETRIC_REPRESENTATION_CONTEXT() REPRESENTATION_CONTEXT('2D SPACE',''
  ) );
#977 = ORIENTED_EDGE('',*,*,#978,.F.);
#978 = EDGE_CURVE('',#858,#956,#979,.T.);
#979 = SURFACE_CURVE('',#980,(#985,#992),.PCURVE_S1.);
#980 = CIRCLE('',#981,0.15);
#981 = AXIS2_PLACEMENT_3D('',#982,#983,#984);
#982 = CARTESIAN_POINT('',(-5.600297611139,2.980139283437E-16,30.2));
#983 = DIRECTION('',(0.,0.,1.));
#984 = DIRECTION('',(0.,-1.,0.));
#985 = PCURVE('',#270,#986);
#986 = DEFINITIONAL_REPRESENTATION('',(#987),#991);
#987 = LINE('',#988,#989);
#988 = CARTESIAN_POINT('',(-4.188790204786,4.));
#989 = VECTOR('',#990,1.);
#990 = DIRECTION('',(1.,0.));
#991 = ( GEOMETRIC_REPRESENTATION_CONTEXT(2) 
PARAMETRIC_REPRESENTATION_CONTEXT() REPRESENTATION_CONTEXT('2D SPACE',''
  ) );
#992 = PCURVE('',#468,#993);
#993 = DEFINITIONAL_REPRESENTATION('',(#994),#998);
#994 = CIRCLE('',#995,0.15);
#995 = AXIS2_PLACEMENT_2D('',#996,#997);
#996 = CARTESIAN_POINT('',(-5.600297611139,7.595249730758E-16));
#997 = DIRECTION('',(0.,-1.));
#998 = ( GEOMETRIC_REPRESENTATION_CONTEXT(2) 
PARAMETRIC_REPRESENTATION_CONTEXT() REPRESENTATION_CONTEXT('2D SPACE',''
  ) );
#999 = ORIENTED_EDGE('',*,*,#880,.F.);
#1000 = ADVANCED_FACE('',(#1001),#241,.F.);
#1001 = FACE_BOUND('',#1002,.F.);
#1002 = EDGE_LOOP('',(#1003,#1004,#1005,#1026));
#1003 = ORIENTED_EDGE('',*,*,#225,.F.);
#1004 = ORIENTED_EDGE('',*,*,#955,.T.);
#1005 = ORIENTED_EDGE('',*,*,#1006,.T.);
#1006 = EDGE_CURVE('',#956,#907,#1007,.T.);
#1007 = SURFACE_CURVE('',#1008,(#1012,#1019),.PCURVE_S1.);
#1008 = LINE('',#1009,#1010);
#1009 = CARTESIAN_POINT('',(-5.773502691896,7.070501591499E-16,30.2));
#1010 = VECTOR('',#1011,1.);
#1011 = DIRECTION('',(0.5,-0.866025403784,0.));
#1012 = PCURVE('',#241,#1013);
#1013 = DEFINITIONAL_REPRESENTATION('',(#1014),#1018);
#1014 = LINE('',#1015,#1016);
#1015 = CARTESIAN_POINT('',(0.,-4.));
#1016 = VECTOR('',#1017,1.);
#1017 = DIRECTION('',(1.,0.));
#1018 = ( GEOMETRIC_REPRESENTATION_CONTEXT(2) 
PARAMETRIC_REPRESENTATION_CONTEXT() REPRESENTATION_CONTEXT('2D SPACE',''
  ) );
#1019 = PCURVE('',#468,#1020);
#1020 = DEFINITIONAL_REPRESENTATION('',(#1021),#1025);
#1021 = LINE('',#1022,#1023);
#1022 = CARTESIAN_POINT('',(-5.773502691896,1.168561203882E-15));
#1023 = VECTOR('',#1024,1.);
#1024 = DIRECTION('',(0.5,-0.866025403784));
#1025 = ( GEOMETRIC_REPRESENTATION_CONTEXT(2) 
PARAMETRIC_REPRESENTATION_CONTEXT() REPRESENTATION_CONTEXT('2D SPACE',''
  ) );
#1026 = ORIENTED_EDGE('',*,*,#930,.F.);
#1027 = ADVANCED_FACE('',(#1028),#413,.T.);
#1028 = FACE_BOUND('',#1029,.F.);
#1029 = EDGE_LOOP('',(#1030,#1053,#1054,#1055));
#1030 = ORIENTED_EDGE('',*,*,#1031,.T.);
#1031 = EDGE_CURVE('',#1032,#397,#1034,.T.);
#1032 = VERTEX_POINT('',#1033);
#1033 = CARTESIAN_POINT('',(7.,0.,25.));
#1034 = SEAM_CURVE('',#1035,(#1039,#1046),.PCURVE_S1.);
#1035 = LINE('',#1036,#1037);
#1036 = CARTESIAN_POINT('',(7.,0.,25.));
#1037 = VECTOR('',#1038,1.);
#1038 = DIRECTION('',(0.,0.,1.));
#1039 = PCURVE('',#413,#1040);
#1040 = DEFINITIONAL_REPRESENTATION('',(#1041),#1045);
#1041 = LINE('',#1042,#1043);
#1042 = CARTESIAN_POINT('',(-0.,0.));
#1043 = VECTOR('',#1044,1.);
#1044 = DIRECTION('',(-0.,-1.));
#1045 = ( GEOMETRIC_REPRESENTATION_CONTEXT(2) 
PARAMETRIC_REPRESENTATION_CONTEXT() REPRESENTATION_CONTEXT('2D SPACE',''
  ) );
#1046 = PCURVE('',#413,#1047);
#1047 = DEFINITIONAL_REPRESENTATION('',(#1048),#1052);
#1048 = LINE('',#1049,#1050);
#1049 = CARTESIAN_POINT('',(-6.28318530718,0.));
#1050 = VECTOR('',#1051,1.);
#1051 = DIRECTION('',(-0.,-1.));
#1052 = ( GEOMETRIC_REPRESENTATION_CONTEXT(2) 
PARAMETRIC_REPRESENTATION_CONTEXT() REPRESENTATION_CONTEXT('2D SPACE',''
  ) );
#1053 = ORIENTED_EDGE('',*,*,#396,.T.);
#1054 = ORIENTED_EDGE('',*,*,#1031,.F.);
#1055 = ORIENTED_EDGE('',*,*,#1056,.F.);
#1056 = EDGE_CURVE('',#1032,#1032,#1057,.T.);
#1057 = SURFACE_CURVE('',#1058,(#1063,#1070),.PCURVE_S1.);
#1058 = CIRCLE('',#1059,7.);
#1059 = AXIS2_PLACEMENT_3D('',#1060,#1061,#1062);
#1060 = CARTESIAN_POINT('',(0.,0.,25.));
#1061 = DIRECTION('',(0.,0.,1.));
#1062 = DIRECTION('',(1.,0.,0.));
#1063 = PCURVE('',#413,#1064);
#1064 = DEFINITIONAL_REPRESENTATION('',(#1065),#1069);
#1065 = LINE('',#1066,#1067);
#1066 = CARTESIAN_POINT('',(-0.,0.));
#1067 = VECTOR('',#1068,1.);
#1068 = DIRECTION('',(-1.,0.));
#1069 = ( GEOMETRIC_REPRESENTATION_CONTEXT(2) 
PARAMETRIC_REPRESENTATION_CONTEXT() REPRESENTATION_CONTEXT('2D SPACE',''
  ) );
#1070 = PCURVE('',#1071,#1076);
#1071 = PLANE('',#1072);
#1072 = AXIS2_PLACEMENT_3D('',#1073,#1074,#1075);
#1073 = CARTESIAN_POINT('',(-1.953485903628E-16,4.9564344165E-16,25.));
#1074 = DIRECTION('',(0.,0.,1.));
#1075 = DIRECTION('',(1.,0.,-0.));
#1076 = DEFINITIONAL_REPRESENTATION('',(#1077),#1081);
#1077 = CIRCLE('',#1078,7.);
#1078 = AXIS2_PLACEMENT_2D('',#1079,#1080);
#1079 = CARTESIAN_POINT('',(1.953485903628E-16,-4.9564344165E-16));
#1080 = DIRECTION('',(1.,0.));
#1081 = ( GEOMETRIC_REPRESENTATION_CONTEXT(2) 
PARAMETRIC_REPRESENTATION_CONTEXT() REPRESENTATION_CONTEXT('2D SPACE',''
  ) );
#1082 = ADVANCED_FACE('',(#1083),#468,.T.);
#1083 = FACE_BOUND('',#1084,.T.);
#1084 = EDGE_LOOP('',(#1085,#1086,#1087,#1088,#1089,#1090,#1091,#1092,
    #1093,#1094,#1095,#1096));
#1085 = ORIENTED_EDGE('',*,*,#452,.T.);
#1086 = ORIENTED_EDGE('',*,*,#582,.T.);
#1087 = ORIENTED_EDGE('',*,*,#659,.T.);
#1088 = ORIENTED_EDGE('',*,*,#780,.T.);
#1089 = ORIENTED_EDGE('',*,*,#857,.T.);
#1090 = ORIENTED_EDGE('',*,*,#978,.T.);
#1091 = ORIENTED_EDGE('',*,*,#1006,.T.);
#1092 = ORIENTED_EDGE('',*,*,#906,.T.);
#1093 = ORIENTED_EDGE('',*,*,#830,.T.);
#1094 = ORIENTED_EDGE('',*,*,#708,.T.);
#1095 = ORIENTED_EDGE('',*,*,#632,.T.);
#1096 = ORIENTED_EDGE('',*,*,#528,.F.);
#1097 = ADVANCED_FACE('',(#1098,#1101),#1071,.F.);
#1098 = FACE_BOUND('',#1099,.F.);
#1099 = EDGE_LOOP('',(#1100));
#1100 = ORIENTED_EDGE('',*,*,#1056,.T.);
#1101 = FACE_BOUND('',#1102,.F.);
#1102 = EDGE_LOOP('',(#1103));
#1103 = ORIENTED_EDGE('',*,*,#1104,.F.);
#1104 = EDGE_CURVE('',#1105,#1105,#1107,.T.);
#1105 = VERTEX_POINT('',#1106);
#1106 = CARTESIAN_POINT('',(2.46,0.,25.));
#1107 = SURFACE_CURVE('',#1108,(#1113,#1120),.PCURVE_S1.);
#1108 = CIRCLE('',#1109,2.46);
#1109 = AXIS2_PLACEMENT_3D('',#1110,#1111,#1112);
#1110 = CARTESIAN_POINT('',(0.,0.,25.));
#1111 = DIRECTION('',(0.,0.,1.));
#1112 = DIRECTION('',(1.,0.,0.));
#1113 = PCURVE('',#1071,#1114);
#1114 = DEFINITIONAL_REPRESENTATION('',(#1115),#1119);
#1115 = CIRCLE('',#1116,2.46);
#1116 = AXIS2_PLACEMENT_2D('',#1117,#1118);
#1117 = CARTESIAN_POINT('',(1.953485903628E-16,-4.9564344165E-16));
#1118 = DIRECTION('',(1.,0.));
#1119 = ( GEOMETRIC_REPRESENTATION_CONTEXT(2) 
PARAMETRIC_REPRESENTATION_CONTEXT() REPRESENTATION_CONTEXT('2D SPACE',''
  ) );
#1120 = PCURVE('',#1121,#1126);
#1121 = CYLINDRICAL_SURFACE('',#1122,2.46);
#1122 = AXIS2_PLACEMENT_3D('',#1123,#1124,#1125);
#1123 = CARTESIAN_POINT('',(0.,0.,0.));
#1124 = DIRECTION('',(-0.,-0.,-1.));
#1125 = DIRECTION('',(1.,0.,0.));
#1126 = DEFINITIONAL_REPRESENTATION('',(#1127),#1131);
#1127 = LINE('',#1128,#1129);
#1128 = CARTESIAN_POINT('',(-0.,-25.));
#1129 = VECTOR('',#1130,1.);
#1130 = DIRECTION('',(-1.,0.));
#1131 = ( GEOMETRIC_REPRESENTATION_CONTEXT(2) 
PARAMETRIC_REPRESENTATION_CONTEXT() REPRESENTATION_CONTEXT('2D SPACE',''
  ) );
#1132 = ADVANCED_FACE('',(#1133),#1121,.T.);
#1133 = FACE_BOUND('',#1134,.F.);
#1134 = EDGE_LOOP('',(#1135,#1158,#1159,#1160));
#1135 = ORIENTED_EDGE('',*,*,#1136,.T.);
#1136 = EDGE_CURVE('',#1137,#1105,#1139,.T.);
#1137 = VERTEX_POINT('',#1138);
#1138 = CARTESIAN_POINT('',(2.46,0.,0.));
#1139 = SEAM_CURVE('',#1140,(#1144,#1151),.PCURVE_S1.);
#1140 = LINE('',#1141,#1142);
#1141 = CARTESIAN_POINT('',(2.46,0.,0.));
#1142 = VECTOR('',#1143,1.);
#1143 = DIRECTION('',(0.,0.,1.));
#1144 = PCURVE('',#1121,#1145);
#1145 = DEFINITIONAL_REPRESENTATION('',(#1146),#1150);
#1146 = LINE('',#1147,#1148);
#1147 = CARTESIAN_POINT('',(-0.,0.));
#1148 = VECTOR('',#1149,1.);
#1149 = DIRECTION('',(-0.,-1.));
#1150 = ( GEOMETRIC_REPRESENTATION_CONTEXT(2) 
PARAMETRIC_REPRESENTATION_CONTEXT() REPRESENTATION_CONTEXT('2D SPACE',''
  ) );
#1151 = PCURVE('',#1121,#1152);
#1152 = DEFINITIONAL_REPRESENTATION('',(#1153),#1157);
#1153 = LINE('',#1154,#1155);
#1154 = CARTESIAN_POINT('',(-6.28318530718,0.));
#1155 = VECTOR('',#1156,1.);
#1156 = DIRECTION('',(-0.,-1.));
#1157 = ( GEOMETRIC_REPRESENTATION_CONTEXT(2) 
PARAMETRIC_REPRESENTATION_CONTEXT() REPRESENTATION_CONTEXT('2D SPACE',''
  ) );
#1158 = ORIENTED_EDGE('',*,*,#1104,.T.);
#1159 = ORIENTED_EDGE('',*,*,#1136,.F.);
#1160 = ORIENTED_EDGE('',*,*,#1161,.F.);
#1161 = EDGE_CURVE('',#1137,#1137,#1162,.T.);
#1162 = SURFACE_CURVE('',#1163,(#1168,#1175),.PCURVE_S1.);
#1163 = CIRCLE('',#1164,2.46);
#1164 = AXIS2_PLACEMENT_3D('',#1165,#1166,#1167);
#1165 = CARTESIAN_POINT('',(0.,0.,0.));
#1166 = DIRECTION('',(0.,0.,1.));
#1167 = DIRECTION('',(1.,0.,0.));
#1168 = PCURVE('',#1121,#1169);
#1169 = DEFINITIONAL_REPRESENTATION('',(#1170),#1174);
#1170 = LINE('',#1171,#1172);
#1171 = CARTESIAN_POINT('',(-0.,0.));
#1172 = VECTOR('',#1173,1.);
#1173 = DIRECTION('',(-1.,0.));
#1174 = ( GEOMETRIC_REPRESENTATION_CONTEXT(2) 
PARAMETRIC_REPRESENTATION_CONTEXT() REPRESENTATION_CONTEXT('2D SPACE',''
  ) );
#1175 = PCURVE('',#1176,#1181);
#1176 = PLANE('',#1177);
#1177 = AXIS2_PLACEMENT_3D('',#1178,#1179,#1180);
#1178 = CARTESIAN_POINT('',(-1.389674931443E-16,3.854645561417E-17,0.));
#1179 = DIRECTION('',(0.,0.,1.));
#1180 = DIRECTION('',(1.,0.,-0.));
#1181 = DEFINITIONAL_REPRESENTATION('',(#1182),#1186);
#1182 = CIRCLE('',#1183,2.46);
#1183 = AXIS2_PLACEMENT_2D('',#1184,#1185);
#1184 = CARTESIAN_POINT('',(1.389674931443E-16,-3.854645561417E-17));
#1185 = DIRECTION('',(1.,0.));
#1186 = ( GEOMETRIC_REPRESENTATION_CONTEXT(2) 
PARAMETRIC_REPRESENTATION_CONTEXT() REPRESENTATION_CONTEXT('2D SPACE',''
  ) );
#1187 = ADVANCED_FACE('',(#1188),#1176,.F.);
#1188 = FACE_BOUND('',#1189,.F.);
#1189 = EDGE_LOOP('',(#1190));
#1190 = ORIENTED_EDGE('',*,*,#1161,.T.);
#1191 = ( GEOMETRIC_REPRESENTATION_CONTEXT(3) 
GLOBAL_UNCERTAINTY_ASSIGNED_CONTEXT((#1195)) 
GLOBAL_UNIT_ASSIGNED_CONTEXT((#1192,#1193,#1194)) REPRESENTATION_CONTEXT
('Context #1','3D Context with UNIT and UNCERTAINTY') );
#1192 = ( LENGTH_UNIT() NAMED_UNIT(*) SI_UNIT(.MILLI.,.METRE.) );
#1193 = ( NAMED_UNIT(*) PLANE_ANGLE_UNIT() SI_UNIT($,.RADIAN.) );
#1194 = ( NAMED_UNIT(*) SI_UNIT($,.STERADIAN.) SOLID_ANGLE_UNIT() );
#1195 = UNCERTAINTY_MEASURE_WITH_UNIT(LENGTH_MEASURE(1.E-07),#1192,
  'distance_accuracy_value','confusion accuracy');
#1196 = CONTEXT_DEPENDENT_SHAPE_REPRESENTATION(#1197,#1199);
#1197 = ( REPRESENTATION_RELATIONSHIP('','',#36,#10) 
REPRESENTATION_RELATIONSHIP_WITH_TRANSFORMATION(#1198) 
SHAPE_REPRESENTATION_RELATIONSHIP() );
#1198 = ITEM_DEFINED_TRANSFORMATION('','',#11,#15);
#1199 = PRODUCT_DEFINITION_SHAPE('Placement','Placement of an item',
  #1200);
#1200 = NEXT_ASSEMBLY_USAGE_OCCURRENCE('15','','',#5,#31,$);
#1201 = PRODUCT_RELATED_PRODUCT_CATEGORY('part',$,(#33));
#1202 = SHAPE_DEFINITION_REPRESENTATION(#1203,#1209);
#1203 = PRODUCT_DEFINITION_SHAPE('','',#1204);
#1204 = PRODUCT_DEFINITION('design','',#1205,#1208);
#1205 = PRODUCT_DEFINITION_FORMATION('','',#1206);
#1206 = PRODUCT('Open CASCADE STEP translator 7.9 8.2',
  'Open CASCADE STEP translator 7.9 8.2','',(#1207));
#1207 = PRODUCT_CONTEXT('',#2,'mechanical');
#1208 = PRODUCT_DEFINITION_CONTEXT('part definition',#2,'design');
#1209 = ADVANCED_BREP_SHAPE_REPRESENTATION('',(#11,#1210),#3748);
#1210 = MANIFOLD_SOLID_BREP('',#1211);
#1211 = CLOSED_SHELL('',(#1212,#3372,#3693,#3736,#3742));
#1212 = ADVANCED_FACE('',(#1213),#1482,.F.);
#1213 = FACE_BOUND('',#1214,.F.);
#1214 = EDGE_LOOP('',(#1215,#2528,#2554,#3348));
#1215 = ORIENTED_EDGE('',*,*,#1216,.F.);
#1216 = EDGE_CURVE('',#1217,#1219,#1221,.T.);
#1217 = VERTEX_POINT('',#1218);
#1218 = CARTESIAN_POINT('',(2.4762,1.33226762955E-15,-0.22));
#1219 = VERTEX_POINT('',#1220);
#1220 = CARTESIAN_POINT('',(-2.476200231409,-1.404682437034E-08,
    23.279999761438));
#1221 = SURFACE_CURVE('',#1222,(#1481,#2005),.PCURVE_S1.);
#1222 = B_SPLINE_CURVE_WITH_KNOTS('',9,(#1223,#1224,#1225,#1226,#1227,
    #1228,#1229,#1230,#1231,#1232,#1233,#1234,#1235,#1236,#1237,#1238,
    #1239,#1240,#1241,#1242,#1243,#1244,#1245,#1246,#1247,#1248,#1249,
    #1250,#1251,#1252,#1253,#1254,#1255,#1256,#1257,#1258,#1259,#1260,
    #1261,#1262,#1263,#1264,#1265,#1266,#1267,#1268,#1269,#1270,#1271,
    #1272,#1273,#1274,#1275,#1276,#1277,#1278,#1279,#1280,#1281,#1282,
    #1283,#1284,#1285,#1286,#1287,#1288,#1289,#1290,#1291,#1292,#1293,
    #1294,#1295,#1296,#1297,#1298,#1299,#1300,#1301,#1302,#1303,#1304,
    #1305,#1306,#1307,#1308,#1309,#1310,#1311,#1312,#1313,#1314,#1315,
    #1316,#1317,#1318,#1319,#1320,#1321,#1322,#1323,#1324,#1325,#1326,
    #1327,#1328,#1329,#1330,#1331,#1332,#1333,#1334,#1335,#1336,#1337,
    #1338,#1339,#1340,#1341,#1342,#1343,#1344,#1345,#1346,#1347,#1348,
    #1349,#1350,#1351,#1352,#1353,#1354,#1355,#1356,#1357,#1358,#1359,
    #1360,#1361,#1362,#1363,#1364,#1365,#1366,#1367,#1368,#1369,#1370,
    #1371,#1372,#1373,#1374,#1375,#1376,#1377,#1378,#1379,#1380,#1381,
    #1382,#1383,#1384,#1385,#1386,#1387,#1388,#1389,#1390,#1391,#1392,
    #1393,#1394,#1395,#1396,#1397,#1398,#1399,#1400,#1401,#1402,#1403,
    #1404,#1405,#1406,#1407,#1408,#1409,#1410,#1411,#1412,#1413,#1414,
    #1415,#1416,#1417,#1418,#1419,#1420,#1421,#1422,#1423,#1424,#1425,
    #1426,#1427,#1428,#1429,#1430,#1431,#1432,#1433,#1434,#1435,#1436,
    #1437,#1438,#1439,#1440,#1441,#1442,#1443,#1444,#1445,#1446,#1447,
    #1448,#1449,#1450,#1451,#1452,#1453,#1454,#1455,#1456,#1457,#1458,
    #1459,#1460,#1461,#1462,#1463,#1464,#1465,#1466,#1467,#1468,#1469,
    #1470,#1471,#1472,#1473,#1474,#1475,#1476,#1477,#1478,#1479,#1480),
  .UNSPECIFIED.,.F.,.F.,(10,8,8,8,8,8,8,8,8,8,8,8,8,8,8,8,8,8,8,8,8,8,8,
    8,8,8,8,8,8,8,8,8,10),(0.,4.672288455995,9.34457691199,
    14.016865367984,18.689153823979,23.361442279974,28.033730735969,
    32.706019191963,37.378307647958,42.050596103953,46.722884559948,
    51.395173015942,56.067461471937,60.739749927932,65.412038383927,
    70.084326839921,74.756615295916,79.428903751911,84.101192207906,
    88.7734806639,93.445769119895,98.11805757589,102.79034603188,
    107.46263448787,112.13492294387,116.80721139986,121.47949985586,
    126.15178831185,130.82407676785,135.49636522384,140.16865367984,
    144.84094213583,149.51323059183),.UNSPECIFIED.);
#1223 = CARTESIAN_POINT('',(2.4762,1.554312234475E-15,-0.22));
#1224 = CARTESIAN_POINT('',(2.476201057585,1.269525008543,
    -0.138403853799));
#1225 = CARTESIAN_POINT('',(1.743749048022,2.539371525079,
    -5.680225536098E-02));
#1226 = CARTESIAN_POINT('',(0.280612936716,3.324044514614,
    2.47841555904E-02));
#1227 = CARTESIAN_POINT('',(-1.548775894752,3.153173112701,
    0.106399415513));
#1228 = CARTESIAN_POINT('',(-2.986177054214,1.850372743308,
    0.187975436098));
#1229 = CARTESIAN_POINT('',(-3.335545124245,4.656112921757E-02,
    0.269590379532));
#1230 = CARTESIAN_POINT('',(-2.698061065306,-1.486455899645,
    0.351177279027));
#1231 = CARTESIAN_POINT('',(-1.506121846494,-2.339840606406,0.4327784063
    ));
#1232 = CARTESIAN_POINT('',(1.02070175621,-2.588712468955,0.595971359822
    ));
#1233 = CARTESIAN_POINT('',(2.356226456085,-1.984254660852,
    0.677572440098));
#1234 = CARTESIAN_POINT('',(3.280533460805,-0.605074698749,
    0.759159501574));
#1235 = CARTESIAN_POINT('',(3.289796300458,1.232252788025,0.84077410101)
  );
#1236 = CARTESIAN_POINT('',(2.134159232527,2.790429777827,0.9223506622)
  );
#1237 = CARTESIAN_POINT('',(0.373277516778,3.314919649328,1.003965255413
    ));
#1238 = CARTESIAN_POINT('',(-1.214841977226,2.830767368022,
    1.085552326492));
#1239 = CARTESIAN_POINT('',(-2.180947878131,1.728213934372,
    1.167153397508));
#1240 = CARTESIAN_POINT('',(-2.676293378042,-0.762048600709,
    1.330346364019));
#1241 = CARTESIAN_POINT('',(-2.205650511619,-2.150389620145,
    1.411947434114));
#1242 = CARTESIAN_POINT('',(-0.923709607142,-3.205429097046,
    1.493534508373));
#1243 = CARTESIAN_POINT('',(0.903862728284,-3.394736932728,
    1.575149094827));
#1244 = CARTESIAN_POINT('',(2.567808910851,-2.397392615151,
    1.656725666646));
#1245 = CARTESIAN_POINT('',(3.262369810366,-0.696399030403,
    1.738340252971));
#1246 = CARTESIAN_POINT('',(2.936211785995,0.93152845964,1.819927327426)
  );
#1247 = CARTESIAN_POINT('',(1.933662386128,2.001051430086,1.901528397335
    ));
#1248 = CARTESIAN_POINT('',(-0.496056504807,2.738100118637,
    2.064721364103));
#1249 = CARTESIAN_POINT('',(-1.923843350648,2.405804742584,
    2.146322433993));
#1250 = CARTESIAN_POINT('',(-3.099454705627,1.23344868666,2.227909508512
    ));
#1251 = CARTESIAN_POINT('',(-3.466984386392,-0.566767975997,
    2.309524094699));
#1252 = CARTESIAN_POINT('',(-2.637537800795,-2.320458640623,
    2.391100666739));
#1253 = CARTESIAN_POINT('',(-1.012813838232,-3.178401566591,
    2.47271525292));
#1254 = CARTESIAN_POINT('',(0.639243812827,-3.013378879429,
    2.554302327446));
#1255 = CARTESIAN_POINT('',(1.801883763056,-2.120488612048,
    2.635903397332));
#1256 = CARTESIAN_POINT('',(2.773537458211,0.225287113587,2.799096364103
    ));
#1257 = CARTESIAN_POINT('',(2.582789758845,1.678769418017,2.880697433996
    ));
#1258 = CARTESIAN_POINT('',(1.53130898093,2.963630871034,2.962284508504)
  );
#1259 = CARTESIAN_POINT('',(-0.224214938165,3.5058428852,3.043899094711)
  );
#1260 = CARTESIAN_POINT('',(-2.050761085272,2.852282055564,
    3.125475666727));
#1261 = CARTESIAN_POINT('',(-3.063823578195,1.319474695158,
    3.207090252928));
#1262 = CARTESIAN_POINT('',(-3.06152548699,-0.340802898659,
    3.288677327442));
#1263 = CARTESIAN_POINT('',(-2.286893373453,-1.585362970377,
    3.370278397333));
#1264 = CARTESIAN_POINT('',(-4.765191569299E-02,-2.782264115892,
    3.533471364103));
#1265 = CARTESIAN_POINT('',(1.417528018179,-2.734901097835,
    3.615072433995));
#1266 = CARTESIAN_POINT('',(2.799265651081,-1.814421932608,
    3.696659508507));
#1267 = CARTESIAN_POINT('',(3.510938200513,-0.120497412101,
    3.778274094707));
#1268 = CARTESIAN_POINT('',(3.039557274945,1.761313579619,3.859850666731
    ));
#1269 = CARTESIAN_POINT('',(1.613428289454,2.91973929388,3.941465252924)
  );
#1270 = CARTESIAN_POINT('',(-3.9079866267E-02,3.080187930513,
    4.023052327444));
#1271 = CARTESIAN_POINT('',(-1.353574265647,2.43127410153,4.104653397332
    ));
#1272 = CARTESIAN_POINT('',(-2.764196049195,0.320132030975,
    4.267846364105));
#1273 = CARTESIAN_POINT('',(-2.860673844206,-1.142635048623,
    4.349447433989));
#1274 = CARTESIAN_POINT('',(-2.080061009209,-2.607941972678,
    4.431034508519));
#1275 = CARTESIAN_POINT('',(-0.464049306417,-3.482221261676,
    4.512649094691));
#1276 = CARTESIAN_POINT('',(1.454903661359,-3.197559896181,
    4.594225666746));
#1277 = CARTESIAN_POINT('',(2.747536324076,-1.891843687331,
    4.675840252915));
#1278 = CARTESIAN_POINT('',(3.069186480462,-0.263019526601,
    4.757427327448));
#1279 = CARTESIAN_POINT('',(2.552240330939,1.1087499008,4.839028397331)
  );
#1280 = CARTESIAN_POINT('',(0.589529099797,2.719507263482,5.002221364105
    ));
#1281 = CARTESIAN_POINT('',(-0.856737878927,2.95889673765,5.083822433991
    ));
#1282 = CARTESIAN_POINT('',(-2.391502387418,2.325667961219,
    5.165409508513));
#1283 = CARTESIAN_POINT('',(-3.419968628534,0.803132152233,5.2470240947)
  );
#1284 = CARTESIAN_POINT('',(-3.324768267632,-1.13448222551,
    5.328600666736));
#1285 = CARTESIAN_POINT('',(-2.152039596327,-2.548873077513,
    5.410215252923));
#1286 = CARTESIAN_POINT('',(-0.562585897639,-3.028627086818,
    5.491802327443));
#1287 = CARTESIAN_POINT('',(0.853247668301,-2.648627090763,
    5.573403397333));
#1288 = CARTESIAN_POINT('',(2.648628136191,-0.853248681121,
    5.736596364101));
#1289 = CARTESIAN_POINT('',(3.028623838009,0.562589855126,5.818197434005
    ));
#1290 = CARTESIAN_POINT('',(2.548877459426,2.152031326821,5.899784508487
    ));
#1291 = CARTESIAN_POINT('',(1.134480396388,3.324779827977,5.981399094733
    ));
#1292 = CARTESIAN_POINT('',(-0.803135105662,3.419957303143,
    6.062975666707));
#1293 = CARTESIAN_POINT('',(-2.325662789852,2.391510187597,
    6.144590252941));
#1294 = CARTESIAN_POINT('',(-2.958900358714,0.85673425894,6.226177327437
    ));
#1295 = CARTESIAN_POINT('',(-2.719506123817,-0.589528194326,
    6.307778397333));
#1296 = CARTESIAN_POINT('',(-1.108751011208,-2.552241272056,
    6.470971364105));
#1297 = CARTESIAN_POINT('',(0.263023783453,-3.069183635205,
    6.552572433987));
#1298 = CARTESIAN_POINT('',(1.891835028178,-2.747539874331,
    6.634159508524));
#1299 = CARTESIAN_POINT('',(3.197571580098,-1.454902974154,
    6.715774094684));
#1300 = CARTESIAN_POINT('',(3.48221028035,0.464053355694,6.797350666752)
  );
#1301 = CARTESIAN_POINT('',(2.607949228387,2.080055098206,6.878965252911
    ));
#1302 = CARTESIAN_POINT('',(1.142631801004,2.860677802646,6.96055232745)
  );
#1303 = CARTESIAN_POINT('',(-0.320131241572,2.764194826268,
    7.042153397331));
#1304 = CARTESIAN_POINT('',(-2.431274929276,1.353575462955,
    7.205346364104));
#1305 = CARTESIAN_POINT('',(-3.0801855162,3.907535102231E-02,
    7.286947433992));
#1306 = CARTESIAN_POINT('',(-2.919741978295,-1.613419323996,
    7.368534508513));
#1307 = CARTESIAN_POINT('',(-1.761314040951,-3.03956896998,
    7.450149094699));
#1308 = CARTESIAN_POINT('',(0.120502518247,-3.510927668943,
    7.531725666738));
#1309 = CARTESIAN_POINT('',(1.814415338875,-2.799272292485,7.61334025292
    ));
#1310 = CARTESIAN_POINT('',(2.734905355542,-1.417525174187,
    7.694927327446));
#1311 = CARTESIAN_POINT('',(2.782262821476,4.765124995816E-02,
    7.776528397332));
#1312 = CARTESIAN_POINT('',(1.585364243054,2.286894079858,7.939721364104
    ));
#1313 = CARTESIAN_POINT('',(0.340798168507,3.061523526875,8.021322433993
    ));
#1314 = CARTESIAN_POINT('',(-1.31946550974,3.063825370912,8.10290950851)
  );
#1315 = CARTESIAN_POINT('',(-2.852293649083,2.050762690702,
    8.184524094703));
#1316 = CARTESIAN_POINT('',(-3.505832904816,0.224208824327,
    8.266100666734));
#1317 = CARTESIAN_POINT('',(-2.963636834171,-1.531301767973,
    8.347715252923));
#1318 = CARTESIAN_POINT('',(-1.678767005044,-2.582794274812,
    8.429302327445));
#1319 = CARTESIAN_POINT('',(-0.225287649242,-2.773536104775,
    8.510903397332));
#1320 = CARTESIAN_POINT('',(2.120489190307,-1.801885098843,
    8.674096364105));
#1321 = CARTESIAN_POINT('',(3.013377392386,-0.639238913335,
    8.755697433989));
#1322 = CARTESIAN_POINT('',(3.178402450353,1.012804521345,8.837284508519
    ));
#1323 = CARTESIAN_POINT('',(2.320461374674,2.637549181104,8.918899094693
    ));
#1324 = CARTESIAN_POINT('',(0.566760913364,3.466975053349,9.000475666743
    ));
#1325 = CARTESIAN_POINT('',(-1.233440923957,3.099459933043,
    9.082090252918));
#1326 = CARTESIAN_POINT('',(-2.405809473313,1.92384139194,9.163677327446
    ));
#1327 = CARTESIAN_POINT('',(-2.738098719216,0.496056905224,
    9.245278397331));
#1328 = CARTESIAN_POINT('',(-2.001052816121,-1.933662830676,
    9.408471364105));
#1329 = CARTESIAN_POINT('',(-0.93152343798,-2.93621078633,9.490072433991
    ));
#1330 = CARTESIAN_POINT('',(0.696389671746,-3.262369776704,
    9.571659508515));
#1331 = CARTESIAN_POINT('',(2.397403672692,-2.567812747119,
    9.653274094697));
#1332 = CARTESIAN_POINT('',(3.394728336867,-0.903854784977,
    9.734850666739));
#1333 = CARTESIAN_POINT('',(3.205433538428,0.92370136957,9.81646525292)
  );
#1334 = CARTESIAN_POINT('',(2.15038813455,2.205655411439,9.898052327445)
  );
#1335 = CARTESIAN_POINT('',(0.762048862036,2.676291946193,9.979653397332
    ));
#1336 = CARTESIAN_POINT('',(-1.728214240938,2.180949300893,
    10.142846364103));
#1337 = CARTESIAN_POINT('',(-2.830766865305,1.214836882693,
    10.224447433996));
#1338 = CARTESIAN_POINT('',(-3.314918698711,-0.373268208917,
    10.306034508503));
#1339 = CARTESIAN_POINT('',(-2.790434679104,-2.134169856365,
    10.387649094712));
#1340 = CARTESIAN_POINT('',(-1.232244040908,-3.289788530749,
    10.469225666726));
#1341 = CARTESIAN_POINT('',(0.605066066045,-3.280537066573,
    10.550840252929));
#1342 = CARTESIAN_POINT('',(1.984259682221,-2.356225463903,
    10.632427327443));
#1343 = CARTESIAN_POINT('',(2.588711018719,-1.020701871729,
    10.714028397332));
#1344 = CARTESIAN_POINT('',(2.339842051667,1.506122003321,
    10.877221364106));
#1345 = CARTESIAN_POINT('',(1.486450784141,2.698061111911,
    10.958822433984));
#1346 = CARTESIAN_POINT('',(-4.655196921373E-02,3.335543141538,
    11.04040950853));
#1347 = CARTESIAN_POINT('',(-1.850382817632,2.986183199704,
    11.122024094676));
#1348 = CARTESIAN_POINT('',(-3.153166262724,1.548766113137,
    11.203600666762));
#1349 = CARTESIAN_POINT('',(-3.32404722943,-0.280603645561,
    11.285215252904));
#1350 = CARTESIAN_POINT('',(-2.539371053997,-1.743754447546,
    11.366802327453));
#1351 = CARTESIAN_POINT('',(-1.269524964425,-2.476199389003,
    11.44840339733));
#1352 = CARTESIAN_POINT('',(1.269524987483,-2.476200844398,
    11.611596364105));
#1353 = CARTESIAN_POINT('',(2.539371555102,-1.743749351943,
    11.693197433993));
#1354 = CARTESIAN_POINT('',(3.324044480506,-0.280612591437,
    11.774784508509));
#1355 = CARTESIAN_POINT('',(3.153173143705,1.548775580888,
    11.856399094705));
#1356 = CARTESIAN_POINT('',(1.850372721019,2.986177279856,
    11.937975666732));
#1357 = CARTESIAN_POINT('',(4.656114145306E-02,3.335545000377,
    12.019590252924));
#1358 = CARTESIAN_POINT('',(-1.486455904323,2.698061112675,
    12.101177327444));
#1359 = CARTESIAN_POINT('',(-2.33984060554,1.506121837721,
    12.182778397332));
#1360 = CARTESIAN_POINT('',(-2.588712469367,-1.020701752022,
    12.345971364105));
#1361 = CARTESIAN_POINT('',(-1.984254660269,-2.356226462054,
    12.427572433987));
#1362 = CARTESIAN_POINT('',(-0.605074699406,-3.28053345403,
    12.509159508525));
#1363 = CARTESIAN_POINT('',(1.232252788618,-3.289796306608,
    12.590774094679));
#1364 = CARTESIAN_POINT('',(2.790429777403,-2.134159228113,
    12.672350666761));
#1365 = CARTESIAN_POINT('',(3.314919649561,-0.373277519194,
    12.753965252902));
#1366 = CARTESIAN_POINT('',(2.830767367932,1.214841978148,
    12.835552327456));
#1367 = CARTESIAN_POINT('',(1.728213934389,2.180947877961,
    12.917153397328));
#1368 = CARTESIAN_POINT('',(-0.762048600717,2.676293378121,
    13.080346364108));
#1369 = CARTESIAN_POINT('',(-2.150389620129,2.20565051151,13.16194743398
    ));
#1370 = CARTESIAN_POINT('',(-3.205429097072,0.923709607262,
    13.243534508536));
#1371 = CARTESIAN_POINT('',(-3.394736932697,-0.903862728392,
    13.325149094671));
#1372 = CARTESIAN_POINT('',(-2.397392615179,-2.567808910772,
    13.406725666764));
#1373 = CARTESIAN_POINT('',(-0.696399030385,-3.262369810412,
    13.488340252904));
#1374 = CARTESIAN_POINT('',(0.931528459631,-2.936211785976,
    13.569927327453));
#1375 = CARTESIAN_POINT('',(2.001051430088,-1.933662386132,
    13.65152839733));
#1376 = CARTESIAN_POINT('',(2.738100118636,0.496056504809,
    13.814721364105));
#1377 = CARTESIAN_POINT('',(2.405804742584,1.923843350647,
    13.896322433991));
#1378 = CARTESIAN_POINT('',(1.233448686662,3.099454705626,
    13.977909508513));
#1379 = CARTESIAN_POINT('',(-0.566767976001,3.466984386396,
    14.059524094702));
#1380 = CARTESIAN_POINT('',(-2.320458640619,2.63753780079,
    14.141100666733));
#1381 = CARTESIAN_POINT('',(-3.178401566593,1.012813838238,
    14.222715252926));
#1382 = CARTESIAN_POINT('',(-3.013378879428,-0.639243812831,
    14.304302327441));
#1383 = CARTESIAN_POINT('',(-2.120488612048,-1.801883763054,
    14.385903397334));
#1384 = CARTESIAN_POINT('',(0.225287113586,-2.773537458214,
    14.549096364099));
#1385 = CARTESIAN_POINT('',(1.678769418024,-2.582789758834,
    14.630697434015));
#1386 = CARTESIAN_POINT('',(2.963630871018,-1.531308980947,
    14.712284508467));
#1387 = CARTESIAN_POINT('',(3.505842885225,0.224214938179,
    14.793899094761));
#1388 = CARTESIAN_POINT('',(2.852282055537,2.050761085266,
    14.875475666679));
#1389 = CARTESIAN_POINT('',(1.319474695178,3.063823578193,
    14.957090252961));
#1390 = CARTESIAN_POINT('',(-0.340802898668,3.061525486994,
    15.038677327427));
#1391 = CARTESIAN_POINT('',(-1.585362970374,2.286893373452,
    15.120278397336));
#1392 = CARTESIAN_POINT('',(-2.782264115893,4.765191569384E-02,
    15.283471364101));
#1393 = CARTESIAN_POINT('',(-2.734901097833,-1.417528018181,
    15.365072433998));
#1394 = CARTESIAN_POINT('',(-1.814421932611,-2.799265651076,
    15.446659508503));
#1395 = CARTESIAN_POINT('',(-0.120497412099,-3.51093820052,
    15.528274094713));
#1396 = CARTESIAN_POINT('',(1.761313579618,-3.039557274937,
    15.609850666725));
#1397 = CARTESIAN_POINT('',(2.919739293879,-1.613428289461,
    15.691465252931));
#1398 = CARTESIAN_POINT('',(3.080187930515,3.90798662713E-02,
    15.773052327439));
#1399 = CARTESIAN_POINT('',(2.431274101528,1.353574265644,
    15.854653397335));
#1400 = CARTESIAN_POINT('',(0.320132030978,2.7641960492,16.017846364098)
  );
#1401 = CARTESIAN_POINT('',(-1.14263504864,2.860673844191,
    16.099447434018));
#1402 = CARTESIAN_POINT('',(-2.607941972638,2.080061009229,
    16.181034508462));
#1403 = CARTESIAN_POINT('',(-3.482221261733,0.464049306401,
    16.262649094767));
#1404 = CARTESIAN_POINT('',(-3.197559896125,-1.454903661356,
    16.344225666676));
#1405 = CARTESIAN_POINT('',(-1.891843687368,-2.74753632407,
    16.425840252961));
#1406 = CARTESIAN_POINT('',(-0.263019526585,-3.069186480468,
    16.507427327429));
#1407 = CARTESIAN_POINT('',(1.108749900797,-2.552240330937,
    16.589028397334));
#1408 = CARTESIAN_POINT('',(2.719507263482,-0.589529099797,
    16.752221364106));
#1409 = CARTESIAN_POINT('',(2.958896737655,0.856737878921,
    16.833822433979));
#1410 = CARTESIAN_POINT('',(2.325667961211,2.391502387433,16.91540950854
    ));
#1411 = CARTESIAN_POINT('',(0.803132152238,3.419968628511,
    16.997024094662));
#1412 = CARTESIAN_POINT('',(-1.134482225508,3.324768267656,
    17.078600666774));
#1413 = CARTESIAN_POINT('',(-2.548873077518,2.15203959631,
    17.160215252897));
#1414 = CARTESIAN_POINT('',(-3.028627086813,0.562585897647,
    17.241802327456));
#1415 = CARTESIAN_POINT('',(-2.648627090765,-0.853247668303,
    17.32340339733));
#1416 = CARTESIAN_POINT('',(-0.853248681119,-2.648628136189,
    17.486596364104));
#1417 = CARTESIAN_POINT('',(0.562589855118,-3.028623838014,
    17.568197433997));
#1418 = CARTESIAN_POINT('',(2.152031326836,-2.548877459422,
    17.649784508503));
#1419 = CARTESIAN_POINT('',(3.324779827955,-1.13448039639,
    17.731399094711));
#1420 = CARTESIAN_POINT('',(3.419957303164,0.803135105659,
    17.812975666727));
#1421 = CARTESIAN_POINT('',(2.391510187583,2.325662789857,
    17.894590252928));
#1422 = CARTESIAN_POINT('',(0.856734258945,2.958900358712,
    17.976177327441));
#1423 = CARTESIAN_POINT('',(-0.589528194326,2.719506123817,
    18.057778397334));
#1424 = CARTESIAN_POINT('',(-2.552241272059,1.108751011212,
    18.220971364099));
#1425 = CARTESIAN_POINT('',(-3.069183635198,-0.263023783472,
    18.302572434013));
#1426 = CARTESIAN_POINT('',(-2.747539874337,-1.891835028137,
    18.38415950847));
#1427 = CARTESIAN_POINT('',(-1.454902974158,-3.197571580153,
    18.465774094755));
#1428 = CARTESIAN_POINT('',(0.464053355709,-3.4822102803,18.547350666686
    ));
#1429 = CARTESIAN_POINT('',(2.080055098189,-2.607949228419,
    18.628965252956));
#1430 = CARTESIAN_POINT('',(2.860677802657,-1.14263180099,
    18.710552327429));
#1431 = CARTESIAN_POINT('',(2.764194826263,0.320131241569,
    18.792153397337));
#1432 = CARTESIAN_POINT('',(1.353575462959,2.431274929279,
    18.955346364099));
#1433 = CARTESIAN_POINT('',(3.907535100725E-02,3.080185516194,
    19.036947434012));
#1434 = CARTESIAN_POINT('',(-1.613419323965,2.9197419783,19.118534508474
    ));
#1435 = CARTESIAN_POINT('',(-3.039568970021,1.761314040953,
    19.200149094754));
#1436 = CARTESIAN_POINT('',(-3.510927668905,-0.120502518257,
    19.281725666684));
#1437 = CARTESIAN_POINT('',(-2.79927229251,-1.814415338861,
    19.36334025296));
#1438 = CARTESIAN_POINT('',(-1.417525174177,-2.734905355552,
    19.444927327426));
#1439 = CARTESIAN_POINT('',(4.76512499558E-02,-2.782262821472,
    19.526528397337));
#1440 = CARTESIAN_POINT('',(2.286894079859,-1.585364243057,19.6897213641
    ));
#1441 = CARTESIAN_POINT('',(3.061523526873,-0.340798168501,
    19.771322434004));
#1442 = CARTESIAN_POINT('',(3.063825370912,1.319465509731,
    19.852909508492));
#1443 = CARTESIAN_POINT('',(2.050762690705,2.85229364909,19.934524094723
    ));
#1444 = CARTESIAN_POINT('',(0.224208824322,3.505832904812,
    20.016100666719));
#1445 = CARTESIAN_POINT('',(-1.531301767969,2.963636834171,
    20.097715252931));
#1446 = CARTESIAN_POINT('',(-2.582794274813,1.678767005046,
    20.179302327443));
#1447 = CARTESIAN_POINT('',(-2.773536104775,0.225287649241,
    20.260903397331));
#1448 = CARTESIAN_POINT('',(-1.801885098841,-2.120489190305,
    20.424096364108));
#1449 = CARTESIAN_POINT('',(-0.639238913347,-3.013377392389,
    20.505697433975));
#1450 = CARTESIAN_POINT('',(1.012804521369,-3.178402450353,
    20.587284508547));
#1451 = CARTESIAN_POINT('',(2.637549181072,-2.320461374668,
    20.668899094653));
#1452 = CARTESIAN_POINT('',(3.466975053378,-0.566760913377,
    20.750475666783));
#1453 = CARTESIAN_POINT('',(3.099459933026,1.233440923971,20.83209025289
    ));
#1454 = CARTESIAN_POINT('',(1.923841391945,2.405809473303,20.91367732746
    ));
#1455 = CARTESIAN_POINT('',(0.496056905224,2.73809871922,20.995278397329
    ));
#1456 = CARTESIAN_POINT('',(-1.933662830678,2.001052816118,
    21.158471364105));
#1457 = CARTESIAN_POINT('',(-2.936210786313,0.931523437992,
    21.240072433997));
#1458 = CARTESIAN_POINT('',(-3.262369776752,-0.696389671769,
    21.321659508491));
#1459 = CARTESIAN_POINT('',(-2.567812747027,-2.397403672663,
    21.403274094752));
#1460 = CARTESIAN_POINT('',(-0.903854785108,-3.394728336893,
    21.484850666648));
#1461 = CARTESIAN_POINT('',(0.923701369713,-3.205433538413,
    21.566465253034));
#1462 = CARTESIAN_POINT('',(2.205655411318,-2.150388134557,
    21.648052327335));
#1463 = CARTESIAN_POINT('',(2.676291946275,-0.762048862034,
    21.729653397415));
#1464 = CARTESIAN_POINT('',(2.180949300726,1.728214240934,
    21.892846363924));
#1465 = CARTESIAN_POINT('',(1.214836883597,2.830766865325,
    21.974447434962));
#1466 = CARTESIAN_POINT('',(-0.37326821129,3.314918698651,
    22.056034505986));
#1467 = CARTESIAN_POINT('',(-2.13416985203,2.790434679216,
    22.137649099284));
#1468 = CARTESIAN_POINT('',(-3.289788536791,1.232244040755,
    22.219225660385));
#1469 = CARTESIAN_POINT('',(-3.280537059916,-0.605066065881,
    22.300840259888));
#1470 = CARTESIAN_POINT('',(-2.356225469768,-1.984259682359,
    22.382427321328));
#1471 = CARTESIAN_POINT('',(-1.020701867613,-2.588711018627,
    22.464028401615));
#1472 = CARTESIAN_POINT('',(1.506121994697,-2.339842051858,
    22.627221355136));
#1473 = CARTESIAN_POINT('',(2.698061158474,-1.486450783116,
    22.708822482405));
#1474 = CARTESIAN_POINT('',(3.335543019778,4.655196653879E-02,
    22.790409381918));
#1475 = CARTESIAN_POINT('',(2.986183421504,1.8503828225,22.872024325311)
  );
#1476 = CARTESIAN_POINT('',(1.548765804622,3.153166255955,
    22.953600345957));
#1477 = CARTESIAN_POINT('',(-0.28060330617,3.324047236877,
    23.035215605814));
#1478 = CARTESIAN_POINT('',(-1.743754746282,2.539371047441,
    23.116802016817));
#1479 = CARTESIAN_POINT('',(-2.476199179455,1.269524969025,
    23.198403615227));
#1480 = CARTESIAN_POINT('',(-2.476200231409,-1.404682437034E-08,
    23.279999761438));
#1481 = PCURVE('',#1482,#1999);
#1482 = B_SPLINE_SURFACE_WITH_KNOTS('',1,9,(
    (#1483,#1484,#1485,#1486,#1487,#1488,#1489,#1490,#1491,#1492,#1493
      ,#1494,#1495,#1496,#1497,#1498,#1499,#1500,#1501,#1502,#1503,#1504
      ,#1505,#1506,#1507,#1508,#1509,#1510,#1511,#1512,#1513,#1514,#1515
      ,#1516,#1517,#1518,#1519,#1520,#1521,#1522,#1523,#1524,#1525,#1526
      ,#1527,#1528,#1529,#1530,#1531,#1532,#1533,#1534,#1535,#1536,#1537
      ,#1538,#1539,#1540,#1541,#1542,#1543,#1544,#1545,#1546,#1547,#1548
      ,#1549,#1550,#1551,#1552,#1553,#1554,#1555,#1556,#1557,#1558,#1559
      ,#1560,#1561,#1562,#1563,#1564,#1565,#1566,#1567,#1568,#1569,#1570
      ,#1571,#1572,#1573,#1574,#1575,#1576,#1577,#1578,#1579,#1580,#1581
      ,#1582,#1583,#1584,#1585,#1586,#1587,#1588,#1589,#1590,#1591,#1592
      ,#1593,#1594,#1595,#1596,#1597,#1598,#1599,#1600,#1601,#1602,#1603
      ,#1604,#1605,#1606,#1607,#1608,#1609,#1610,#1611,#1612,#1613,#1614
      ,#1615,#1616,#1617,#1618,#1619,#1620,#1621,#1622,#1623,#1624,#1625
      ,#1626,#1627,#1628,#1629,#1630,#1631,#1632,#1633,#1634,#1635,#1636
      ,#1637,#1638,#1639,#1640,#1641,#1642,#1643,#1644,#1645,#1646,#1647
      ,#1648,#1649,#1650,#1651,#1652,#1653,#1654,#1655,#1656,#1657,#1658
      ,#1659,#1660,#1661,#1662,#1663,#1664,#1665,#1666,#1667,#1668,#1669
      ,#1670,#1671,#1672,#1673,#1674,#1675,#1676,#1677,#1678,#1679,#1680
      ,#1681,#1682,#1683,#1684,#1685,#1686,#1687,#1688,#1689,#1690,#1691
      ,#1692,#1693,#1694,#1695,#1696,#1697,#1698,#1699,#1700,#1701,#1702
      ,#1703,#1704,#1705,#1706,#1707,#1708,#1709,#1710,#1711,#1712,#1713
      ,#1714,#1715,#1716,#1717,#1718,#1719,#1720,#1721,#1722,#1723,#1724
      ,#1725,#1726,#1727,#1728,#1729,#1730,#1731,#1732,#1733,#1734,#1735
      ,#1736,#1737,#1738,#1739,#1740)
    ,(#1741,#1742,#1743,#1744,#1745,#1746,#1747,#1748,#1749,#1750,#1751
      ,#1752,#1753,#1754,#1755,#1756,#1757,#1758,#1759,#1760,#1761,#1762
      ,#1763,#1764,#1765,#1766,#1767,#1768,#1769,#1770,#1771,#1772,#1773
      ,#1774,#1775,#1776,#1777,#1778,#1779,#1780,#1781,#1782,#1783,#1784
      ,#1785,#1786,#1787,#1788,#1789,#1790,#1791,#1792,#1793,#1794,#1795
      ,#1796,#1797,#1798,#1799,#1800,#1801,#1802,#1803,#1804,#1805,#1806
      ,#1807,#1808,#1809,#1810,#1811,#1812,#1813,#1814,#1815,#1816,#1817
      ,#1818,#1819,#1820,#1821,#1822,#1823,#1824,#1825,#1826,#1827,#1828
      ,#1829,#1830,#1831,#1832,#1833,#1834,#1835,#1836,#1837,#1838,#1839
      ,#1840,#1841,#1842,#1843,#1844,#1845,#1846,#1847,#1848,#1849,#1850
      ,#1851,#1852,#1853,#1854,#1855,#1856,#1857,#1858,#1859,#1860,#1861
      ,#1862,#1863,#1864,#1865,#1866,#1867,#1868,#1869,#1870,#1871,#1872
      ,#1873,#1874,#1875,#1876,#1877,#1878,#1879,#1880,#1881,#1882,#1883
      ,#1884,#1885,#1886,#1887,#1888,#1889,#1890,#1891,#1892,#1893,#1894
      ,#1895,#1896,#1897,#1898,#1899,#1900,#1901,#1902,#1903,#1904,#1905
      ,#1906,#1907,#1908,#1909,#1910,#1911,#1912,#1913,#1914,#1915,#1916
      ,#1917,#1918,#1919,#1920,#1921,#1922,#1923,#1924,#1925,#1926,#1927
      ,#1928,#1929,#1930,#1931,#1932,#1933,#1934,#1935,#1936,#1937,#1938
      ,#1939,#1940,#1941,#1942,#1943,#1944,#1945,#1946,#1947,#1948,#1949
      ,#1950,#1951,#1952,#1953,#1954,#1955,#1956,#1957,#1958,#1959,#1960
      ,#1961,#1962,#1963,#1964,#1965,#1966,#1967,#1968,#1969,#1970,#1971
      ,#1972,#1973,#1974,#1975,#1976,#1977,#1978,#1979,#1980,#1981,#1982
      ,#1983,#1984,#1985,#1986,#1987,#1988,#1989,#1990,#1991,#1992,#1993
      ,#1994,#1995,#1996,#1997,#1998
    )),.UNSPECIFIED.,.F.,.F.,.F.,(2,2),(10,8,8,8,8,8,8,8,8,8,8,8,8,8,8,8
    ,8,8,8,8,8,8,8,8,8,8,8,8,8,8,8,8,10),(0.,0.583095189485),(0.,
    4.672288455995,9.34457691199,14.016865367984,18.689153823979,
    23.361442279974,28.033730735969,32.706019191963,37.378307647958,
    42.050596103953,46.722884559948,51.395173015942,56.067461471937,
    60.739749927932,65.412038383927,70.084326839921,74.756615295916,
    79.428903751911,84.101192207906,88.7734806639,93.445769119895,
    98.11805757589,102.79034603188,107.46263448787,112.13492294387,
    116.80721139986,121.47949985586,126.15178831185,130.82407676785,
    135.49636522384,140.16865367984,144.84094213583,149.51323059183),
  .UNSPECIFIED.);
#1483 = CARTESIAN_POINT('',(2.4762,1.554312234475E-15,-0.22));
#1484 = CARTESIAN_POINT('',(2.476201057585,1.269525008543,
    -0.138403853799));
#1485 = CARTESIAN_POINT('',(1.743749048022,2.539371525079,
    -5.680225536098E-02));
#1486 = CARTESIAN_POINT('',(0.280612936716,3.324044514614,
    2.47841555904E-02));
#1487 = CARTESIAN_POINT('',(-1.548775894752,3.153173112701,
    0.106399415513));
#1488 = CARTESIAN_POINT('',(-2.986177054214,1.850372743308,
    0.187975436098));
#1489 = CARTESIAN_POINT('',(-3.335545124245,4.656112921757E-02,
    0.269590379532));
#1490 = CARTESIAN_POINT('',(-2.698061065306,-1.486455899645,
    0.351177279027));
#1491 = CARTESIAN_POINT('',(-1.506121846494,-2.339840606406,0.4327784063
    ));
#1492 = CARTESIAN_POINT('',(1.02070175621,-2.588712468955,0.595971359822
    ));
#1493 = CARTESIAN_POINT('',(2.356226456085,-1.984254660852,
    0.677572440098));
#1494 = CARTESIAN_POINT('',(3.280533460805,-0.605074698749,
    0.759159501574));
#1495 = CARTESIAN_POINT('',(3.289796300458,1.232252788025,0.84077410101)
  );
#1496 = CARTESIAN_POINT('',(2.134159232527,2.790429777827,0.9223506622)
  );
#1497 = CARTESIAN_POINT('',(0.373277516778,3.314919649328,1.003965255413
    ));
#1498 = CARTESIAN_POINT('',(-1.214841977226,2.830767368022,
    1.085552326492));
#1499 = CARTESIAN_POINT('',(-2.180947878131,1.728213934372,
    1.167153397508));
#1500 = CARTESIAN_POINT('',(-2.676293378042,-0.762048600709,
    1.330346364019));
#1501 = CARTESIAN_POINT('',(-2.205650511619,-2.150389620145,
    1.411947434114));
#1502 = CARTESIAN_POINT('',(-0.923709607142,-3.205429097046,
    1.493534508373));
#1503 = CARTESIAN_POINT('',(0.903862728284,-3.394736932728,
    1.575149094827));
#1504 = CARTESIAN_POINT('',(2.567808910851,-2.397392615151,
    1.656725666646));
#1505 = CARTESIAN_POINT('',(3.262369810366,-0.696399030403,
    1.738340252971));
#1506 = CARTESIAN_POINT('',(2.936211785995,0.93152845964,1.819927327426)
  );
#1507 = CARTESIAN_POINT('',(1.933662386128,2.001051430086,1.901528397335
    ));
#1508 = CARTESIAN_POINT('',(-0.496056504807,2.738100118637,
    2.064721364103));
#1509 = CARTESIAN_POINT('',(-1.923843350648,2.405804742584,
    2.146322433993));
#1510 = CARTESIAN_POINT('',(-3.099454705627,1.23344868666,2.227909508512
    ));
#1511 = CARTESIAN_POINT('',(-3.466984386392,-0.566767975997,
    2.309524094699));
#1512 = CARTESIAN_POINT('',(-2.637537800795,-2.320458640623,
    2.391100666739));
#1513 = CARTESIAN_POINT('',(-1.012813838232,-3.178401566591,
    2.47271525292));
#1514 = CARTESIAN_POINT('',(0.639243812827,-3.013378879429,
    2.554302327446));
#1515 = CARTESIAN_POINT('',(1.801883763056,-2.120488612048,
    2.635903397332));
#1516 = CARTESIAN_POINT('',(2.773537458211,0.225287113587,2.799096364103
    ));
#1517 = CARTESIAN_POINT('',(2.582789758845,1.678769418017,2.880697433996
    ));
#1518 = CARTESIAN_POINT('',(1.53130898093,2.963630871034,2.962284508504)
  );
#1519 = CARTESIAN_POINT('',(-0.224214938165,3.5058428852,3.043899094711)
  );
#1520 = CARTESIAN_POINT('',(-2.050761085272,2.852282055564,
    3.125475666727));
#1521 = CARTESIAN_POINT('',(-3.063823578195,1.319474695158,
    3.207090252928));
#1522 = CARTESIAN_POINT('',(-3.06152548699,-0.340802898659,
    3.288677327442));
#1523 = CARTESIAN_POINT('',(-2.286893373453,-1.585362970377,
    3.370278397333));
#1524 = CARTESIAN_POINT('',(-4.765191569299E-02,-2.782264115892,
    3.533471364103));
#1525 = CARTESIAN_POINT('',(1.417528018179,-2.734901097835,
    3.615072433995));
#1526 = CARTESIAN_POINT('',(2.799265651081,-1.814421932608,
    3.696659508507));
#1527 = CARTESIAN_POINT('',(3.510938200513,-0.120497412101,
    3.778274094707));
#1528 = CARTESIAN_POINT('',(3.039557274945,1.761313579619,3.859850666731
    ));
#1529 = CARTESIAN_POINT('',(1.613428289454,2.91973929388,3.941465252924)
  );
#1530 = CARTESIAN_POINT('',(-3.9079866267E-02,3.080187930513,
    4.023052327444));
#1531 = CARTESIAN_POINT('',(-1.353574265647,2.43127410153,4.104653397332
    ));
#1532 = CARTESIAN_POINT('',(-2.764196049195,0.320132030975,
    4.267846364105));
#1533 = CARTESIAN_POINT('',(-2.860673844206,-1.142635048623,
    4.349447433989));
#1534 = CARTESIAN_POINT('',(-2.080061009209,-2.607941972678,
    4.431034508519));
#1535 = CARTESIAN_POINT('',(-0.464049306417,-3.482221261676,
    4.512649094691));
#1536 = CARTESIAN_POINT('',(1.454903661359,-3.197559896181,
    4.594225666746));
#1537 = CARTESIAN_POINT('',(2.747536324076,-1.891843687331,
    4.675840252915));
#1538 = CARTESIAN_POINT('',(3.069186480462,-0.263019526601,
    4.757427327448));
#1539 = CARTESIAN_POINT('',(2.552240330939,1.1087499008,4.839028397331)
  );
#1540 = CARTESIAN_POINT('',(0.589529099797,2.719507263482,5.002221364105
    ));
#1541 = CARTESIAN_POINT('',(-0.856737878927,2.95889673765,5.083822433991
    ));
#1542 = CARTESIAN_POINT('',(-2.391502387418,2.325667961219,
    5.165409508513));
#1543 = CARTESIAN_POINT('',(-3.419968628534,0.803132152233,5.2470240947)
  );
#1544 = CARTESIAN_POINT('',(-3.324768267632,-1.13448222551,
    5.328600666736));
#1545 = CARTESIAN_POINT('',(-2.152039596327,-2.548873077513,
    5.410215252923));
#1546 = CARTESIAN_POINT('',(-0.562585897639,-3.028627086818,
    5.491802327443));
#1547 = CARTESIAN_POINT('',(0.853247668301,-2.648627090763,
    5.573403397333));
#1548 = CARTESIAN_POINT('',(2.648628136191,-0.853248681121,
    5.736596364101));
#1549 = CARTESIAN_POINT('',(3.028623838009,0.562589855126,5.818197434005
    ));
#1550 = CARTESIAN_POINT('',(2.548877459426,2.152031326821,5.899784508487
    ));
#1551 = CARTESIAN_POINT('',(1.134480396388,3.324779827977,5.981399094733
    ));
#1552 = CARTESIAN_POINT('',(-0.803135105662,3.419957303143,
    6.062975666707));
#1553 = CARTESIAN_POINT('',(-2.325662789852,2.391510187597,
    6.144590252941));
#1554 = CARTESIAN_POINT('',(-2.958900358714,0.85673425894,6.226177327437
    ));
#1555 = CARTESIAN_POINT('',(-2.719506123817,-0.589528194326,
    6.307778397333));
#1556 = CARTESIAN_POINT('',(-1.108751011208,-2.552241272056,
    6.470971364105));
#1557 = CARTESIAN_POINT('',(0.263023783453,-3.069183635205,
    6.552572433987));
#1558 = CARTESIAN_POINT('',(1.891835028178,-2.747539874331,
    6.634159508524));
#1559 = CARTESIAN_POINT('',(3.197571580098,-1.454902974154,
    6.715774094684));
#1560 = CARTESIAN_POINT('',(3.48221028035,0.464053355694,6.797350666752)
  );
#1561 = CARTESIAN_POINT('',(2.607949228387,2.080055098206,6.878965252911
    ));
#1562 = CARTESIAN_POINT('',(1.142631801004,2.860677802646,6.96055232745)
  );
#1563 = CARTESIAN_POINT('',(-0.320131241572,2.764194826268,
    7.042153397331));
#1564 = CARTESIAN_POINT('',(-2.431274929276,1.353575462955,
    7.205346364104));
#1565 = CARTESIAN_POINT('',(-3.0801855162,3.907535102231E-02,
    7.286947433992));
#1566 = CARTESIAN_POINT('',(-2.919741978295,-1.613419323996,
    7.368534508513));
#1567 = CARTESIAN_POINT('',(-1.761314040951,-3.03956896998,
    7.450149094699));
#1568 = CARTESIAN_POINT('',(0.120502518247,-3.510927668943,
    7.531725666738));
#1569 = CARTESIAN_POINT('',(1.814415338875,-2.799272292485,7.61334025292
    ));
#1570 = CARTESIAN_POINT('',(2.734905355542,-1.417525174187,
    7.694927327446));
#1571 = CARTESIAN_POINT('',(2.782262821476,4.765124995816E-02,
    7.776528397332));
#1572 = CARTESIAN_POINT('',(1.585364243054,2.286894079858,7.939721364104
    ));
#1573 = CARTESIAN_POINT('',(0.340798168507,3.061523526875,8.021322433993
    ));
#1574 = CARTESIAN_POINT('',(-1.31946550974,3.063825370912,8.10290950851)
  );
#1575 = CARTESIAN_POINT('',(-2.852293649083,2.050762690702,
    8.184524094703));
#1576 = CARTESIAN_POINT('',(-3.505832904816,0.224208824327,
    8.266100666734));
#1577 = CARTESIAN_POINT('',(-2.963636834171,-1.531301767973,
    8.347715252923));
#1578 = CARTESIAN_POINT('',(-1.678767005044,-2.582794274812,
    8.429302327445));
#1579 = CARTESIAN_POINT('',(-0.225287649242,-2.773536104775,
    8.510903397332));
#1580 = CARTESIAN_POINT('',(2.120489190307,-1.801885098843,
    8.674096364105));
#1581 = CARTESIAN_POINT('',(3.013377392386,-0.639238913335,
    8.755697433989));
#1582 = CARTESIAN_POINT('',(3.178402450353,1.012804521345,8.837284508519
    ));
#1583 = CARTESIAN_POINT('',(2.320461374674,2.637549181104,8.918899094693
    ));
#1584 = CARTESIAN_POINT('',(0.566760913364,3.466975053349,9.000475666743
    ));
#1585 = CARTESIAN_POINT('',(-1.233440923957,3.099459933043,
    9.082090252918));
#1586 = CARTESIAN_POINT('',(-2.405809473313,1.92384139194,9.163677327446
    ));
#1587 = CARTESIAN_POINT('',(-2.738098719216,0.496056905224,
    9.245278397331));
#1588 = CARTESIAN_POINT('',(-2.001052816121,-1.933662830676,
    9.408471364105));
#1589 = CARTESIAN_POINT('',(-0.93152343798,-2.93621078633,9.490072433991
    ));
#1590 = CARTESIAN_POINT('',(0.696389671746,-3.262369776704,
    9.571659508515));
#1591 = CARTESIAN_POINT('',(2.397403672692,-2.567812747119,
    9.653274094697));
#1592 = CARTESIAN_POINT('',(3.394728336867,-0.903854784977,
    9.734850666739));
#1593 = CARTESIAN_POINT('',(3.205433538428,0.92370136957,9.81646525292)
  );
#1594 = CARTESIAN_POINT('',(2.15038813455,2.205655411439,9.898052327445)
  );
#1595 = CARTESIAN_POINT('',(0.762048862036,2.676291946193,9.979653397332
    ));
#1596 = CARTESIAN_POINT('',(-1.728214240938,2.180949300893,
    10.142846364103));
#1597 = CARTESIAN_POINT('',(-2.830766865305,1.214836882693,
    10.224447433996));
#1598 = CARTESIAN_POINT('',(-3.314918698711,-0.373268208917,
    10.306034508503));
#1599 = CARTESIAN_POINT('',(-2.790434679104,-2.134169856365,
    10.387649094712));
#1600 = CARTESIAN_POINT('',(-1.232244040908,-3.289788530749,
    10.469225666726));
#1601 = CARTESIAN_POINT('',(0.605066066045,-3.280537066573,
    10.550840252929));
#1602 = CARTESIAN_POINT('',(1.984259682221,-2.356225463903,
    10.632427327443));
#1603 = CARTESIAN_POINT('',(2.588711018719,-1.020701871729,
    10.714028397332));
#1604 = CARTESIAN_POINT('',(2.339842051667,1.506122003321,
    10.877221364106));
#1605 = CARTESIAN_POINT('',(1.486450784141,2.698061111911,
    10.958822433984));
#1606 = CARTESIAN_POINT('',(-4.655196921373E-02,3.335543141538,
    11.04040950853));
#1607 = CARTESIAN_POINT('',(-1.850382817632,2.986183199704,
    11.122024094676));
#1608 = CARTESIAN_POINT('',(-3.153166262724,1.548766113137,
    11.203600666762));
#1609 = CARTESIAN_POINT('',(-3.32404722943,-0.280603645561,
    11.285215252904));
#1610 = CARTESIAN_POINT('',(-2.539371053997,-1.743754447546,
    11.366802327453));
#1611 = CARTESIAN_POINT('',(-1.269524964425,-2.476199389003,
    11.44840339733));
#1612 = CARTESIAN_POINT('',(1.269524987483,-2.476200844398,
    11.611596364105));
#1613 = CARTESIAN_POINT('',(2.539371555102,-1.743749351943,
    11.693197433993));
#1614 = CARTESIAN_POINT('',(3.324044480506,-0.280612591437,
    11.774784508509));
#1615 = CARTESIAN_POINT('',(3.153173143705,1.548775580888,
    11.856399094705));
#1616 = CARTESIAN_POINT('',(1.850372721019,2.986177279856,
    11.937975666732));
#1617 = CARTESIAN_POINT('',(4.656114145306E-02,3.335545000377,
    12.019590252924));
#1618 = CARTESIAN_POINT('',(-1.486455904323,2.698061112675,
    12.101177327444));
#1619 = CARTESIAN_POINT('',(-2.33984060554,1.506121837721,
    12.182778397332));
#1620 = CARTESIAN_POINT('',(-2.588712469367,-1.020701752022,
    12.345971364105));
#1621 = CARTESIAN_POINT('',(-1.984254660269,-2.356226462054,
    12.427572433987));
#1622 = CARTESIAN_POINT('',(-0.605074699406,-3.28053345403,
    12.509159508525));
#1623 = CARTESIAN_POINT('',(1.232252788618,-3.289796306608,
    12.590774094679));
#1624 = CARTESIAN_POINT('',(2.790429777403,-2.134159228113,
    12.672350666761));
#1625 = CARTESIAN_POINT('',(3.314919649561,-0.373277519194,
    12.753965252902));
#1626 = CARTESIAN_POINT('',(2.830767367932,1.214841978148,
    12.835552327456));
#1627 = CARTESIAN_POINT('',(1.728213934389,2.180947877961,
    12.917153397328));
#1628 = CARTESIAN_POINT('',(-0.762048600717,2.676293378121,
    13.080346364108));
#1629 = CARTESIAN_POINT('',(-2.150389620129,2.20565051151,13.16194743398
    ));
#1630 = CARTESIAN_POINT('',(-3.205429097072,0.923709607262,
    13.243534508536));
#1631 = CARTESIAN_POINT('',(-3.394736932697,-0.903862728392,
    13.325149094671));
#1632 = CARTESIAN_POINT('',(-2.397392615179,-2.567808910772,
    13.406725666764));
#1633 = CARTESIAN_POINT('',(-0.696399030385,-3.262369810412,
    13.488340252904));
#1634 = CARTESIAN_POINT('',(0.931528459631,-2.936211785976,
    13.569927327453));
#1635 = CARTESIAN_POINT('',(2.001051430088,-1.933662386132,
    13.65152839733));
#1636 = CARTESIAN_POINT('',(2.738100118636,0.496056504809,
    13.814721364105));
#1637 = CARTESIAN_POINT('',(2.405804742584,1.923843350647,
    13.896322433991));
#1638 = CARTESIAN_POINT('',(1.233448686662,3.099454705626,
    13.977909508513));
#1639 = CARTESIAN_POINT('',(-0.566767976001,3.466984386396,
    14.059524094702));
#1640 = CARTESIAN_POINT('',(-2.320458640619,2.63753780079,
    14.141100666733));
#1641 = CARTESIAN_POINT('',(-3.178401566593,1.012813838238,
    14.222715252926));
#1642 = CARTESIAN_POINT('',(-3.013378879428,-0.639243812831,
    14.304302327441));
#1643 = CARTESIAN_POINT('',(-2.120488612048,-1.801883763054,
    14.385903397334));
#1644 = CARTESIAN_POINT('',(0.225287113586,-2.773537458214,
    14.549096364099));
#1645 = CARTESIAN_POINT('',(1.678769418024,-2.582789758834,
    14.630697434015));
#1646 = CARTESIAN_POINT('',(2.963630871018,-1.531308980947,
    14.712284508467));
#1647 = CARTESIAN_POINT('',(3.505842885225,0.224214938179,
    14.793899094761));
#1648 = CARTESIAN_POINT('',(2.852282055537,2.050761085266,
    14.875475666679));
#1649 = CARTESIAN_POINT('',(1.319474695178,3.063823578193,
    14.957090252961));
#1650 = CARTESIAN_POINT('',(-0.340802898668,3.061525486994,
    15.038677327427));
#1651 = CARTESIAN_POINT('',(-1.585362970374,2.286893373452,
    15.120278397336));
#1652 = CARTESIAN_POINT('',(-2.782264115893,4.765191569384E-02,
    15.283471364101));
#1653 = CARTESIAN_POINT('',(-2.734901097833,-1.417528018181,
    15.365072433998));
#1654 = CARTESIAN_POINT('',(-1.814421932611,-2.799265651076,
    15.446659508503));
#1655 = CARTESIAN_POINT('',(-0.120497412099,-3.51093820052,
    15.528274094713));
#1656 = CARTESIAN_POINT('',(1.761313579618,-3.039557274937,
    15.609850666725));
#1657 = CARTESIAN_POINT('',(2.919739293879,-1.613428289461,
    15.691465252931));
#1658 = CARTESIAN_POINT('',(3.080187930515,3.90798662713E-02,
    15.773052327439));
#1659 = CARTESIAN_POINT('',(2.431274101528,1.353574265644,
    15.854653397335));
#1660 = CARTESIAN_POINT('',(0.320132030978,2.7641960492,16.017846364098)
  );
#1661 = CARTESIAN_POINT('',(-1.14263504864,2.860673844191,
    16.099447434018));
#1662 = CARTESIAN_POINT('',(-2.607941972638,2.080061009229,
    16.181034508462));
#1663 = CARTESIAN_POINT('',(-3.482221261733,0.464049306401,
    16.262649094767));
#1664 = CARTESIAN_POINT('',(-3.197559896125,-1.454903661356,
    16.344225666676));
#1665 = CARTESIAN_POINT('',(-1.891843687368,-2.74753632407,
    16.425840252961));
#1666 = CARTESIAN_POINT('',(-0.263019526585,-3.069186480468,
    16.507427327429));
#1667 = CARTESIAN_POINT('',(1.108749900797,-2.552240330937,
    16.589028397334));
#1668 = CARTESIAN_POINT('',(2.719507263482,-0.589529099797,
    16.752221364106));
#1669 = CARTESIAN_POINT('',(2.958896737655,0.856737878921,
    16.833822433979));
#1670 = CARTESIAN_POINT('',(2.325667961211,2.391502387433,16.91540950854
    ));
#1671 = CARTESIAN_POINT('',(0.803132152238,3.419968628511,
    16.997024094662));
#1672 = CARTESIAN_POINT('',(-1.134482225508,3.324768267656,
    17.078600666774));
#1673 = CARTESIAN_POINT('',(-2.548873077518,2.15203959631,
    17.160215252897));
#1674 = CARTESIAN_POINT('',(-3.028627086813,0.562585897647,
    17.241802327456));
#1675 = CARTESIAN_POINT('',(-2.648627090765,-0.853247668303,
    17.32340339733));
#1676 = CARTESIAN_POINT('',(-0.853248681119,-2.648628136189,
    17.486596364104));
#1677 = CARTESIAN_POINT('',(0.562589855118,-3.028623838014,
    17.568197433997));
#1678 = CARTESIAN_POINT('',(2.152031326836,-2.548877459422,
    17.649784508503));
#1679 = CARTESIAN_POINT('',(3.324779827955,-1.13448039639,
    17.731399094711));
#1680 = CARTESIAN_POINT('',(3.419957303164,0.803135105659,
    17.812975666727));
#1681 = CARTESIAN_POINT('',(2.391510187583,2.325662789857,
    17.894590252928));
#1682 = CARTESIAN_POINT('',(0.856734258945,2.958900358712,
    17.976177327441));
#1683 = CARTESIAN_POINT('',(-0.589528194326,2.719506123817,
    18.057778397334));
#1684 = CARTESIAN_POINT('',(-2.552241272059,1.108751011212,
    18.220971364099));
#1685 = CARTESIAN_POINT('',(-3.069183635198,-0.263023783472,
    18.302572434013));
#1686 = CARTESIAN_POINT('',(-2.747539874337,-1.891835028137,
    18.38415950847));
#1687 = CARTESIAN_POINT('',(-1.454902974158,-3.197571580153,
    18.465774094755));
#1688 = CARTESIAN_POINT('',(0.464053355709,-3.4822102803,18.547350666686
    ));
#1689 = CARTESIAN_POINT('',(2.080055098189,-2.607949228419,
    18.628965252956));
#1690 = CARTESIAN_POINT('',(2.860677802657,-1.14263180099,
    18.710552327429));
#1691 = CARTESIAN_POINT('',(2.764194826263,0.320131241569,
    18.792153397337));
#1692 = CARTESIAN_POINT('',(1.353575462959,2.431274929279,
    18.955346364099));
#1693 = CARTESIAN_POINT('',(3.907535100725E-02,3.080185516194,
    19.036947434012));
#1694 = CARTESIAN_POINT('',(-1.613419323965,2.9197419783,19.118534508474
    ));
#1695 = CARTESIAN_POINT('',(-3.039568970021,1.761314040953,
    19.200149094754));
#1696 = CARTESIAN_POINT('',(-3.510927668905,-0.120502518257,
    19.281725666684));
#1697 = CARTESIAN_POINT('',(-2.79927229251,-1.814415338861,
    19.36334025296));
#1698 = CARTESIAN_POINT('',(-1.417525174177,-2.734905355552,
    19.444927327426));
#1699 = CARTESIAN_POINT('',(4.76512499558E-02,-2.782262821472,
    19.526528397337));
#1700 = CARTESIAN_POINT('',(2.286894079859,-1.585364243057,19.6897213641
    ));
#1701 = CARTESIAN_POINT('',(3.061523526873,-0.340798168501,
    19.771322434004));
#1702 = CARTESIAN_POINT('',(3.063825370912,1.319465509731,
    19.852909508492));
#1703 = CARTESIAN_POINT('',(2.050762690705,2.85229364909,19.934524094723
    ));
#1704 = CARTESIAN_POINT('',(0.224208824322,3.505832904812,
    20.016100666719));
#1705 = CARTESIAN_POINT('',(-1.531301767969,2.963636834171,
    20.097715252931));
#1706 = CARTESIAN_POINT('',(-2.582794274813,1.678767005046,
    20.179302327443));
#1707 = CARTESIAN_POINT('',(-2.773536104775,0.225287649241,
    20.260903397331));
#1708 = CARTESIAN_POINT('',(-1.801885098841,-2.120489190305,
    20.424096364108));
#1709 = CARTESIAN_POINT('',(-0.639238913347,-3.013377392389,
    20.505697433975));
#1710 = CARTESIAN_POINT('',(1.012804521369,-3.178402450353,
    20.587284508547));
#1711 = CARTESIAN_POINT('',(2.637549181072,-2.320461374668,
    20.668899094653));
#1712 = CARTESIAN_POINT('',(3.466975053378,-0.566760913377,
    20.750475666783));
#1713 = CARTESIAN_POINT('',(3.099459933026,1.233440923971,20.83209025289
    ));
#1714 = CARTESIAN_POINT('',(1.923841391945,2.405809473303,20.91367732746
    ));
#1715 = CARTESIAN_POINT('',(0.496056905224,2.73809871922,20.995278397329
    ));
#1716 = CARTESIAN_POINT('',(-1.933662830678,2.001052816118,
    21.158471364105));
#1717 = CARTESIAN_POINT('',(-2.936210786313,0.931523437992,
    21.240072433997));
#1718 = CARTESIAN_POINT('',(-3.262369776752,-0.696389671769,
    21.321659508491));
#1719 = CARTESIAN_POINT('',(-2.567812747027,-2.397403672663,
    21.403274094752));
#1720 = CARTESIAN_POINT('',(-0.903854785108,-3.394728336893,
    21.484850666648));
#1721 = CARTESIAN_POINT('',(0.923701369713,-3.205433538413,
    21.566465253034));
#1722 = CARTESIAN_POINT('',(2.205655411318,-2.150388134557,
    21.648052327335));
#1723 = CARTESIAN_POINT('',(2.676291946275,-0.762048862034,
    21.729653397415));
#1724 = CARTESIAN_POINT('',(2.180949300726,1.728214240934,
    21.892846363924));
#1725 = CARTESIAN_POINT('',(1.214836883597,2.830766865325,
    21.974447434962));
#1726 = CARTESIAN_POINT('',(-0.37326821129,3.314918698651,
    22.056034505986));
#1727 = CARTESIAN_POINT('',(-2.13416985203,2.790434679216,
    22.137649099284));
#1728 = CARTESIAN_POINT('',(-3.289788536791,1.232244040755,
    22.219225660385));
#1729 = CARTESIAN_POINT('',(-3.280537059916,-0.605066065881,
    22.300840259888));
#1730 = CARTESIAN_POINT('',(-2.356225469768,-1.984259682359,
    22.382427321328));
#1731 = CARTESIAN_POINT('',(-1.020701867613,-2.588711018627,
    22.464028401615));
#1732 = CARTESIAN_POINT('',(1.506121994697,-2.339842051858,
    22.627221355136));
#1733 = CARTESIAN_POINT('',(2.698061158474,-1.486450783116,
    22.708822482405));
#1734 = CARTESIAN_POINT('',(3.335543019778,4.655196653879E-02,
    22.790409381918));
#1735 = CARTESIAN_POINT('',(2.986183421504,1.8503828225,22.872024325311)
  );
#1736 = CARTESIAN_POINT('',(1.548765804622,3.153166255955,
    22.953600345957));
#1737 = CARTESIAN_POINT('',(-0.28060330617,3.324047236877,
    23.035215605814));
#1738 = CARTESIAN_POINT('',(-1.743754746282,2.539371047441,
    23.116802016817));
#1739 = CARTESIAN_POINT('',(-2.476199179455,1.269524969025,
    23.198403615227));
#1740 = CARTESIAN_POINT('',(-2.476200231409,-1.404682437034E-08,
    23.279999761438));
#1741 = CARTESIAN_POINT('',(3.0162,-1.7763568394E-15,-1.110223024625E-16
    ));
#1742 = CARTESIAN_POINT('',(3.01620000109,1.546375883878,
    8.159870815683E-02));
#1743 = CARTESIAN_POINT('',(2.124023127478,3.093154834237,0.163189887033
    ));
#1744 = CARTESIAN_POINT('',(0.341798082544,4.048926973441,0.244802039107
    ));
#1745 = CARTESIAN_POINT('',(-1.886510492544,3.840814693929,
    0.326374352117));
#1746 = CARTESIAN_POINT('',(-3.637409719536,2.253892107486,
    0.408000852803));
#1747 = CARTESIAN_POINT('',(-4.062932381135,5.671204717421E-02,
    0.489573602862));
#1748 = CARTESIAN_POINT('',(-3.286451107927,-1.81061316583,
    0.571185080289));
#1749 = CARTESIAN_POINT('',(-1.834568996204,-2.850104819894,
    0.652776909818));
#1750 = CARTESIAN_POINT('',(1.243290379899,-3.153247520267,
    0.815973413155));
#1751 = CARTESIAN_POINT('',(2.870069750598,-2.416977560482,0.89756530759
    ));
#1752 = CARTESIAN_POINT('',(3.995928240839,-0.737016482114,0.97917656132
    ));
#1753 = CARTESIAN_POINT('',(4.007230459532,1.500960762797,1.060749786433
    ));
#1754 = CARTESIAN_POINT('',(2.599567518203,3.398974533695,1.142375540566
    ));
#1755 = CARTESIAN_POINT('',(0.454675966444,4.037809501183,1.223948774266
    ));
#1756 = CARTESIAN_POINT('',(-1.479766025262,3.448097071304,
    1.305560014741));
#1757 = CARTESIAN_POINT('',(-2.656561580142,2.105094169323,
    1.387151921959));
#1758 = CARTESIAN_POINT('',(-3.259927538883,-0.928231292296,
    1.55034840736));
#1759 = CARTESIAN_POINT('',(-2.686655182887,-2.619344351431,
    1.631940315853));
#1760 = CARTESIAN_POINT('',(-1.125137004883,-3.904446506356,
    1.713551551932));
#1761 = CARTESIAN_POINT('',(1.100955955685,-4.135054431163,
    1.795124794967));
#1762 = CARTESIAN_POINT('',(3.127805368412,-2.920207654012,1.87675053443
    ));
#1763 = CARTESIAN_POINT('',(3.973800306585,-0.848261117838,
    1.958323777634));
#1764 = CARTESIAN_POINT('',(3.576535975673,1.134667932861,2.039935013453
    ));
#1765 = CARTESIAN_POINT('',(2.355346134698,2.437434199424,2.121526922198
    ));
#1766 = CARTESIAN_POINT('',(-0.604232829862,3.335212673588,
    2.284723407245));
#1767 = CARTESIAN_POINT('',(-2.34339323437,2.930458846712,2.366315316017
    ));
#1768 = CARTESIAN_POINT('',(-3.775362817527,1.502421843793,
    2.447926551745));
#1769 = CARTESIAN_POINT('',(-4.223055568265,-0.690348341383,
    2.529499795139));
#1770 = CARTESIAN_POINT('',(-3.212724593698,-2.826513727235,
    2.611125534306));
#1771 = CARTESIAN_POINT('',(-1.233677050997,-3.871521242934,
    2.692698777703));
#1772 = CARTESIAN_POINT('',(0.778642368008,-3.670530883386,
    2.774310013426));
#1773 = CARTESIAN_POINT('',(2.194832994925,-2.582914829247,
    2.855901922202));
#1774 = CARTESIAN_POINT('',(3.378377887035,0.274415274977,3.019098407244
    ));
#1775 = CARTESIAN_POINT('',(3.146040589889,2.044873959425,3.100690316017
    ));
#1776 = CARTESIAN_POINT('',(1.865237539043,3.609920320949,3.182301551746
    ));
#1777 = CARTESIAN_POINT('',(-0.273092295175,4.270386371683,
    3.263874795135));
#1778 = CARTESIAN_POINT('',(-2.498001213733,3.474301239294,
    3.345500534311));
#1779 = CARTESIAN_POINT('',(-3.731957313326,1.607211999758,
    3.427073777699));
#1780 = CARTESIAN_POINT('',(-3.729176572177,-0.415118051501,
    3.508685013429));
#1781 = CARTESIAN_POINT('',(-2.785608642025,-1.931094348868,
    3.590276922202));
#1782 = CARTESIAN_POINT('',(-5.804504901741E-02,-3.38900747462,
    3.753473407244));
#1783 = CARTESIAN_POINT('',(1.726661430408,-3.331324242386,
    3.835065316018));
#1784 = CARTESIAN_POINT('',(3.409712318301,-2.210089977147,
    3.916676551744));
#1785 = CARTESIAN_POINT('',(4.276591019905,-0.146793779126,
    3.998249795138));
#1786 = CARTESIAN_POINT('',(3.702418464716,2.145431582996,4.079875534308
    ));
#1787 = CARTESIAN_POINT('',(1.965268618366,3.556452594695,4.161448777701
    ));
#1788 = CARTESIAN_POINT('',(-4.759592123033E-02,3.751908252001,
    4.243060013427));
#1789 = CARTESIAN_POINT('',(-1.648758208588,2.961475520812,
    4.324651922202));
#1790 = CARTESIAN_POINT('',(-3.366999067605,0.389946367459,
    4.487848407243));
#1791 = CARTESIAN_POINT('',(-3.484525421341,-1.391820207925,
    4.569440316021));
#1792 = CARTESIAN_POINT('',(-2.533658040616,-3.17666692209,
    4.651051551741));
#1793 = CARTESIAN_POINT('',(-0.565266149084,-4.241609758782,
    4.732624795141));
#1794 = CARTESIAN_POINT('',(1.772200273301,-3.894879376375,
    4.814250534304));
#1795 = CARTESIAN_POINT('',(3.346697293424,-2.304398625855,
    4.895823777705));
#1796 = CARTESIAN_POINT('',(3.738507004357,-0.32038458378,4.977435013425
    ));
#1797 = CARTESIAN_POINT('',(3.108821771426,1.350543625456,5.059026922203
    ));
#1798 = CARTESIAN_POINT('',(0.718092289215,3.31256461898,5.222223407243)
  );
#1799 = CARTESIAN_POINT('',(-1.043574995996,3.604168715653,5.30381531602
    ));
#1800 = CARTESIAN_POINT('',(-2.913028486874,2.832825592113,
    5.385426551743));
#1801 = CARTESIAN_POINT('',(-4.165779476987,0.978294697026,
    5.466999795139));
#1802 = CARTESIAN_POINT('',(-4.049830470478,-1.381901706195,
    5.548625534307));
#1803 = CARTESIAN_POINT('',(-2.621336014866,-3.104711467723,
    5.630198777702));
#1804 = CARTESIAN_POINT('',(-0.685279610108,-3.689101890586,
    5.711810013428));
#1805 = CARTESIAN_POINT('',(1.039322568929,-3.226228368927,
    5.793401922201));
#1806 = CARTESIAN_POINT('',(3.226228362242,-1.039322589678,
    5.956598407246));
#1807 = CARTESIAN_POINT('',(3.689101894997,0.68527958638,6.038190316011)
  );
#1808 = CARTESIAN_POINT('',(3.104711484575,2.621335994904,6.119801551758
    ));
#1809 = CARTESIAN_POINT('',(1.381901732248,4.049830461582,6.201374795121
    ));
#1810 = CARTESIAN_POINT('',(-0.978294670238,4.165779483287,
    6.283000534324));
#1811 = CARTESIAN_POINT('',(-2.832825573378,2.913028505086,6.36457377769
    ));
#1812 = CARTESIAN_POINT('',(-3.604168708941,1.043575019179,
    6.446185013433));
#1813 = CARTESIAN_POINT('',(-3.312564623599,-0.718092267912,
    6.527776922201));
#1814 = CARTESIAN_POINT('',(-1.350543645449,-3.10882176274,
    6.690973407243));
#1815 = CARTESIAN_POINT('',(0.320384559733,-3.738507006419,
    6.772565316022));
#1816 = CARTESIAN_POINT('',(2.304398604339,-3.346697308243,
    6.854176551738));
#1817 = CARTESIAN_POINT('',(3.894879364967,-1.772200298349,
    6.935749795145));
#1818 = CARTESIAN_POINT('',(4.241609762427,0.565266121801,7.017375534301
    ));
#1819 = CARTESIAN_POINT('',(3.176666938378,2.533658020191,7.098948777707
    ));
#1820 = CARTESIAN_POINT('',(1.391820230338,3.484525412386,7.180560013424
    ));
#1821 = CARTESIAN_POINT('',(-0.389946345805,3.366999070114,
    7.262151922203));
#1822 = CARTESIAN_POINT('',(-2.961475510208,1.648758227633,
    7.425348407243));
#1823 = CARTESIAN_POINT('',(-3.751908251697,4.759594536379E-02,
    7.506940316019));
#1824 = CARTESIAN_POINT('',(-3.556452607332,-1.965268595501,
    7.588551551743));
#1825 = CARTESIAN_POINT('',(-2.145431606807,-3.702418450908,
    7.670124795139));
#1826 = CARTESIAN_POINT('',(0.146793751618,-4.276591020858,
    7.751750534307));
#1827 = CARTESIAN_POINT('',(2.210089955223,-3.409712332509,
    7.833323777702));
#1828 = CARTESIAN_POINT('',(3.331324231278,-1.726661451835,
    7.914935013427));
#1829 = CARTESIAN_POINT('',(3.389007474995,5.804502722203E-02,
    7.996526922202));
#1830 = CARTESIAN_POINT('',(1.931094366783,2.785608629605,8.159723407244
    ));
#1831 = CARTESIAN_POINT('',(0.415118075487,3.729176569508,8.241315316017
    ));
#1832 = CARTESIAN_POINT('',(-1.607211975762,3.731957323661,
    8.322926551747));
#1833 = CARTESIAN_POINT('',(-3.474301223223,2.498001236077,
    8.404499795133));
#1834 = CARTESIAN_POINT('',(-4.270386369931,0.273092322641,
    8.486125534312));
#1835 = CARTESIAN_POINT('',(-3.609920332942,-1.86523751583,
    8.567698777698));
#1836 = CARTESIAN_POINT('',(-2.04487397966,-3.146040576736,
    8.649310013429));
#1837 = CARTESIAN_POINT('',(-0.274415296704,-3.378377885271,
    8.730901922202));
#1838 = CARTESIAN_POINT('',(2.582914815131,-2.194833011536,
    8.894098407243));
#1839 = CARTESIAN_POINT('',(3.670530878379,-0.778642391618,
    8.975690316019));
#1840 = CARTESIAN_POINT('',(3.871521250869,1.233677026106,9.057301551745
    ));
#1841 = CARTESIAN_POINT('',(2.826513747894,3.21272457551,9.138874795136)
  );
#1842 = CARTESIAN_POINT('',(0.690348368549,4.223055563834,9.22050053431)
  );
#1843 = CARTESIAN_POINT('',(-1.502421819519,3.775362827184,9.3020737777)
  );
#1844 = CARTESIAN_POINT('',(-2.930458831637,2.343393253219,
    9.383685013428));
#1845 = CARTESIAN_POINT('',(-3.335212669704,0.604232851312,
    9.465276922202));
#1846 = CARTESIAN_POINT('',(-2.43743421457,-2.355346119022,
    9.628473407243));
#1847 = CARTESIAN_POINT('',(-1.134667955868,-3.576535968376,
    9.710065316019));
#1848 = CARTESIAN_POINT('',(0.848261092293,-3.973800312041,
    9.791676551743));
#1849 = CARTESIAN_POINT('',(2.92020763388,-3.12780538719,9.873249795139)
  );
#1850 = CARTESIAN_POINT('',(4.1350544241,-1.100955982284,9.954875534307)
  );
#1851 = CARTESIAN_POINT('',(3.904446513577,1.125136979778,
    10.036448777702));
#1852 = CARTESIAN_POINT('',(2.619344368721,2.686655166038,
    10.118060013427));
#1853 = CARTESIAN_POINT('',(0.928231313254,3.259927532914,
    10.199651922202));
#1854 = CARTESIAN_POINT('',(-2.105094152223,2.656561593682,
    10.362848407244));
#1855 = CARTESIAN_POINT('',(-3.448097061864,1.47976604743,
    10.444440316016));
#1856 = CARTESIAN_POINT('',(-4.037809503906,-0.454675940453,
    10.526051551748));
#1857 = CARTESIAN_POINT('',(-3.398974550778,-2.599567496389,
    10.607624795133));
#1858 = CARTESIAN_POINT('',(-1.500960788063,-4.00723044981,
    10.689250534312));
#1859 = CARTESIAN_POINT('',(0.737016455857,-3.995928245658,
    10.770823777699));
#1860 = CARTESIAN_POINT('',(2.416977542516,-2.870069766073,
    10.852435013428));
#1861 = CARTESIAN_POINT('',(3.153247511924,-1.243290400227,
    10.934026922203));
#1862 = CARTESIAN_POINT('',(2.850104832421,1.834568977978,
    11.097223407241));
#1863 = CARTESIAN_POINT('',(1.810613183033,3.286451095724,
    11.178815316026));
#1864 = CARTESIAN_POINT('',(-5.671201075545E-02,4.062932382961,
    11.260426551732));
#1865 = CARTESIAN_POINT('',(-2.253892102841,3.637409731369,
    11.341999795153));
#1866 = CARTESIAN_POINT('',(-3.840814655713,1.886510520948,
    11.423625534293));
#1867 = CARTESIAN_POINT('',(-4.048927004337,-0.341798060575,
    11.505198777713));
#1868 = CARTESIAN_POINT('',(-3.093154822637,-2.124023104005,
    11.586810013421));
#1869 = CARTESIAN_POINT('',(-1.546375920995,-3.016199993655,
    11.668401922204));
#1870 = CARTESIAN_POINT('',(1.546375901596,-3.016200003599,
    11.831598407243));
#1871 = CARTESIAN_POINT('',(3.093154808977,-2.124023123902,
    11.913190316019));
#1872 = CARTESIAN_POINT('',(4.048927002139,-0.341798086607,
    11.994801551745));
#1873 = CARTESIAN_POINT('',(3.840814667843,1.886510496237,
    12.076374795137));
#1874 = CARTESIAN_POINT('',(2.25389212624,3.637409716881,12.158000534308
    ));
#1875 = CARTESIAN_POINT('',(5.671203687915E-02,4.062932382592,
    12.239573777702));
#1876 = CARTESIAN_POINT('',(-1.810613161893,3.28645110737,
    12.321185013427));
#1877 = CARTESIAN_POINT('',(-2.850104820624,1.834568996307,
    12.402776922203));
#1878 = CARTESIAN_POINT('',(-3.153247519919,-1.243290379948,
    12.565973407242));
#1879 = CARTESIAN_POINT('',(-2.416977560979,-2.870069750527,
    12.647565316024));
#1880 = CARTESIAN_POINT('',(-0.73701648155,-3.995928240921,
    12.729176551733));
#1881 = CARTESIAN_POINT('',(1.500960762285,-4.007230459456,
    12.810749795153));
#1882 = CARTESIAN_POINT('',(3.398974534063,-2.599567518259,
    12.892375534293));
#1883 = CARTESIAN_POINT('',(4.037809500982,-0.454675966413,
    12.973948777713));
#1884 = CARTESIAN_POINT('',(3.448097071381,1.47976602525,13.05556001342)
  );
#1885 = CARTESIAN_POINT('',(2.105094169309,2.656561580144,
    13.137151922205));
#1886 = CARTESIAN_POINT('',(-0.928231292289,3.259927538882,
    13.300348407241));
#1887 = CARTESIAN_POINT('',(-2.61934435144,2.686655182887,
    13.381940316025));
#1888 = CARTESIAN_POINT('',(-3.904446506346,1.125137004883,
    13.463551551734));
#1889 = CARTESIAN_POINT('',(-4.135054431172,-1.100955955686,
    13.545124795149));
#1890 = CARTESIAN_POINT('',(-2.920207654006,-3.127805368411,
    13.626750534297));
#1891 = CARTESIAN_POINT('',(-0.848261117842,-3.973800306586,
    13.70832377771));
#1892 = CARTESIAN_POINT('',(1.134667932862,-3.576535975673,
    13.789935013422));
#1893 = CARTESIAN_POINT('',(2.437434199424,-2.355346134698,
    13.871526922204));
#1894 = CARTESIAN_POINT('',(3.335212673588,0.604232829862,
    14.034723407243));
#1895 = CARTESIAN_POINT('',(2.930458846711,2.343393234371,14.11631531602
    ));
#1896 = CARTESIAN_POINT('',(1.502421843794,3.775362817524,
    14.197926551743));
#1897 = CARTESIAN_POINT('',(-0.690348341384,4.223055568269,
    14.279499795139));
#1898 = CARTESIAN_POINT('',(-2.826513727235,3.212724593695,
    14.361125534307));
#1899 = CARTESIAN_POINT('',(-3.871521242934,1.233677050999,
    14.442698777701));
#1900 = CARTESIAN_POINT('',(-3.670530883387,-0.778642368008,
    14.524310013428));
#1901 = CARTESIAN_POINT('',(-2.582914829246,-2.194832994925,
    14.605901922201));
#1902 = CARTESIAN_POINT('',(0.274415274976,-3.378377887035,
    14.769098407247));
#1903 = CARTESIAN_POINT('',(2.044873959426,-3.14604058989,
    14.850690316008));
#1904 = CARTESIAN_POINT('',(3.609920320947,-1.86523753904,
    14.932301551762));
#1905 = CARTESIAN_POINT('',(4.270386371684,0.27309229517,15.013874795116
    ));
#1906 = CARTESIAN_POINT('',(3.474301239295,2.498001213738,
    15.095500534329));
#1907 = CARTESIAN_POINT('',(1.607211999758,3.731957313322,
    15.177073777686));
#1908 = CARTESIAN_POINT('',(-0.4151180515,3.729176572178,15.258685013436
    ));
#1909 = CARTESIAN_POINT('',(-1.931094348868,2.785608642025,
    15.340276922199));
#1910 = CARTESIAN_POINT('',(-3.38900747462,5.804504901755E-02,
    15.503473407245));
#1911 = CARTESIAN_POINT('',(-3.331324242387,-1.726661430408,
    15.585065316015));
#1912 = CARTESIAN_POINT('',(-2.210089977147,-3.409712318301,
    15.66667655175));
#1913 = CARTESIAN_POINT('',(-0.146793779127,-4.276591019905,
    15.74824979513));
#1914 = CARTESIAN_POINT('',(2.145431582998,-3.702418464717,
    15.829875534316));
#1915 = CARTESIAN_POINT('',(3.556452594694,-1.965268618366,
    15.911448777695));
#1916 = CARTESIAN_POINT('',(3.751908252002,4.759592123006E-02,
    15.993060013432));
#1917 = CARTESIAN_POINT('',(2.961475520812,1.648758208588,16.0746519222)
  );
#1918 = CARTESIAN_POINT('',(0.389946367459,3.366999067605,
    16.237848407248));
#1919 = CARTESIAN_POINT('',(-1.391820207928,3.484525421343,
    16.319440316003));
#1920 = CARTESIAN_POINT('',(-3.176666922085,2.533658040612,
    16.40105155177));
#1921 = CARTESIAN_POINT('',(-4.241609758788,0.565266149091,
    16.482624795107));
#1922 = CARTESIAN_POINT('',(-3.89487937637,-1.772200273308,
    16.564250534337));
#1923 = CARTESIAN_POINT('',(-2.304398625857,-3.346697293419,
    16.64582377768));
#1924 = CARTESIAN_POINT('',(-0.32038458378,-3.738507004359,
    16.727435013438));
#1925 = CARTESIAN_POINT('',(1.350543625456,-3.108821771426,16.8090269222
    ));
#1926 = CARTESIAN_POINT('',(3.31256461898,-0.718092289215,
    16.972223407242));
#1927 = CARTESIAN_POINT('',(3.604168715653,1.043574995996,
    17.053815316026));
#1928 = CARTESIAN_POINT('',(2.832825592115,2.913028486875,17.13542655173
    ));
#1929 = CARTESIAN_POINT('',(0.978294697023,4.165779476985,
    17.216999795156));
#1930 = CARTESIAN_POINT('',(-1.381901706192,4.049830470479,
    17.298625534291));
#1931 = CARTESIAN_POINT('',(-3.104711467726,2.621336014865,
    17.380198777714));
#1932 = CARTESIAN_POINT('',(-3.689101890585,0.685279610108,
    17.461810013421));
#1933 = CARTESIAN_POINT('',(-3.226228368927,-1.039322568929,
    17.543401922204));
#1934 = CARTESIAN_POINT('',(-1.039322589677,-3.226228362242,
    17.706598407243));
#1935 = CARTESIAN_POINT('',(0.685279586379,-3.689101894996,
    17.788190316019));
#1936 = CARTESIAN_POINT('',(2.621335994905,-3.104711484577,
    17.869801551742));
#1937 = CARTESIAN_POINT('',(4.049830461581,-1.381901732244,
    17.951374795142));
#1938 = CARTESIAN_POINT('',(4.165779483288,0.978294670234,
    18.033000534303));
#1939 = CARTESIAN_POINT('',(2.913028505085,2.832825573381,
    18.114573777705));
#1940 = CARTESIAN_POINT('',(1.043575019179,3.60416870894,18.196185013426
    ));
#1941 = CARTESIAN_POINT('',(-0.718092267912,3.312564623599,
    18.277776922201));
#1942 = CARTESIAN_POINT('',(-3.108821762739,1.35054364545,
    18.440973407247));
#1943 = CARTESIAN_POINT('',(-3.738507006422,-0.320384559734,
    18.522565316007));
#1944 = CARTESIAN_POINT('',(-3.346697308235,-2.304398604337,
    18.604176551763));
#1945 = CARTESIAN_POINT('',(-1.77220029836,-3.894879364969,
    18.685749795114));
#1946 = CARTESIAN_POINT('',(0.565266121811,-4.241609762427,
    18.767375534331));
#1947 = CARTESIAN_POINT('',(2.533658020185,-3.176666938377,
    18.848948777683));
#1948 = CARTESIAN_POINT('',(3.484525412389,-1.391820230339,
    18.930560013438));
#1949 = CARTESIAN_POINT('',(3.366999070114,0.389946345805,
    19.012151922198));
#1950 = CARTESIAN_POINT('',(1.648758227634,2.961475510207,
    19.175348407248));
#1951 = CARTESIAN_POINT('',(4.759594536304E-02,3.751908251698,
    19.256940316007));
#1952 = CARTESIAN_POINT('',(-1.9652685955,3.556452607329,19.338551551764
    ));
#1953 = CARTESIAN_POINT('',(-3.702418450908,2.145431606812,
    19.420124795114));
#1954 = CARTESIAN_POINT('',(-4.27659102086,-0.146793751622,
    19.501750534332));
#1955 = CARTESIAN_POINT('',(-3.409712332507,-2.210089955221,
    19.583323777682));
#1956 = CARTESIAN_POINT('',(-1.726661451836,-3.331324231279,
    19.664935013439));
#1957 = CARTESIAN_POINT('',(5.80450272223E-02,-3.389007474994,
    19.746526922198));
#1958 = CARTESIAN_POINT('',(2.785608629604,-1.931094366783,
    19.909723407246));
#1959 = CARTESIAN_POINT('',(3.72917656951,-0.415118075487,
    19.991315316013));
#1960 = CARTESIAN_POINT('',(3.731957323658,1.607211975762,
    20.072926551751));
#1961 = CARTESIAN_POINT('',(2.498001236081,3.474301223222,20.15449979513
    ));
#1962 = CARTESIAN_POINT('',(0.273092322639,4.270386369933,
    20.236125534314));
#1963 = CARTESIAN_POINT('',(-1.865237515829,3.609920332941,
    20.317698777698));
#1964 = CARTESIAN_POINT('',(-3.146040576735,2.04487397966,
    20.399310013428));
#1965 = CARTESIAN_POINT('',(-3.378377885271,0.274415296704,
    20.480901922203));
#1966 = CARTESIAN_POINT('',(-2.194833011536,-2.582914815131,
    20.64409840724));
#1967 = CARTESIAN_POINT('',(-0.778642391618,-3.670530878379,
    20.725690316029));
#1968 = CARTESIAN_POINT('',(1.233677026107,-3.871521250869,
    20.807301551728));
#1969 = CARTESIAN_POINT('',(3.212724575509,-2.826513747893,
    20.888874795157));
#1970 = CARTESIAN_POINT('',(4.223055563834,-0.69034836855,20.97050053429
    ));
#1971 = CARTESIAN_POINT('',(3.775362827185,1.50242181952,21.052073777715
    ));
#1972 = CARTESIAN_POINT('',(2.343393253218,2.930458831636,21.13368501342
    ));
#1973 = CARTESIAN_POINT('',(0.604232851312,3.335212669704,
    21.215276922204));
#1974 = CARTESIAN_POINT('',(-2.355346119022,2.437434214571,
    21.378473407244));
#1975 = CARTESIAN_POINT('',(-3.576535968375,1.134667955867,
    21.460065316003));
#1976 = CARTESIAN_POINT('',(-3.973800312042,-0.84826109229,
    21.541676551793));
#1977 = CARTESIAN_POINT('',(-3.127805387189,-2.920207633886,
    21.623249795038));
#1978 = CARTESIAN_POINT('',(-1.100955982286,-4.135054424091,
    21.704875534457));
#1979 = CARTESIAN_POINT('',(1.12513697978,-3.904446513589,21.78644877753
    ));
#1980 = CARTESIAN_POINT('',(2.686655166036,-2.619344368711,
    21.868060013585));
#1981 = CARTESIAN_POINT('',(3.259927532915,-0.928231313261,
    21.949651922087));
#1982 = CARTESIAN_POINT('',(2.65656159368,2.105094152237,22.112848407489
    ));
#1983 = CARTESIAN_POINT('',(1.479766047441,3.448097061789,
    22.194440314695));
#1984 = CARTESIAN_POINT('',(-0.454675940483,4.037809504105,
    22.276051555197));
#1985 = CARTESIAN_POINT('',(-2.599567496334,3.398974550415,
    22.357624788859));
#1986 = CARTESIAN_POINT('',(-4.007230449886,1.50096078857,
    22.439250543031));
#1987 = CARTESIAN_POINT('',(-3.995928245575,-0.737016456418,
    22.520823768113));
#1988 = CARTESIAN_POINT('',(-2.870069766144,-2.416977542021,
    22.602435021862));
#1989 = CARTESIAN_POINT('',(-1.243290400178,-3.153247512272,
    22.684026916289));
#1990 = CARTESIAN_POINT('',(1.834568977874,-2.850104831692,
    22.847223419626));
#1991 = CARTESIAN_POINT('',(3.286451096282,-1.810613186971,
    22.928815249164));
#1992 = CARTESIAN_POINT('',(4.062932381502,5.671202105262E-02,
    23.010426726568));
#1993 = CARTESIAN_POINT('',(3.637409734025,2.253892084083,
    23.091999476666));
#1994 = CARTESIAN_POINT('',(1.886510517255,3.840814681802,
    23.173625977304));
#1995 = CARTESIAN_POINT('',(-0.341798056513,4.048926975638,
    23.25519829036));
#1996 = CARTESIAN_POINT('',(-2.12402310758,3.093154847896,
    23.336810442398));
#1997 = CARTESIAN_POINT('',(-3.016199991147,1.546375903277,
    23.418401621297));
#1998 = CARTESIAN_POINT('',(-3.0162,1.939790994498E-08,23.500000329443)
  );
#1999 = DEFINITIONAL_REPRESENTATION('',(#2000),#2004);
#2000 = LINE('',#2001,#2002);
#2001 = CARTESIAN_POINT('',(0.,0.));
#2002 = VECTOR('',#2003,1.);
#2003 = DIRECTION('',(0.,1.));
#2004 = ( GEOMETRIC_REPRESENTATION_CONTEXT(2) 
PARAMETRIC_REPRESENTATION_CONTEXT() REPRESENTATION_CONTEXT('2D SPACE',''
  ) );
#2005 = PCURVE('',#2006,#2523);
#2006 = B_SPLINE_SURFACE_WITH_KNOTS('',1,9,(
    (#2007,#2008,#2009,#2010,#2011,#2012,#2013,#2014,#2015,#2016,#2017
      ,#2018,#2019,#2020,#2021,#2022,#2023,#2024,#2025,#2026,#2027,#2028
      ,#2029,#2030,#2031,#2032,#2033,#2034,#2035,#2036,#2037,#2038,#2039
      ,#2040,#2041,#2042,#2043,#2044,#2045,#2046,#2047,#2048,#2049,#2050
      ,#2051,#2052,#2053,#2054,#2055,#2056,#2057,#2058,#2059,#2060,#2061
      ,#2062,#2063,#2064,#2065,#2066,#2067,#2068,#2069,#2070,#2071,#2072
      ,#2073,#2074,#2075,#2076,#2077,#2078,#2079,#2080,#2081,#2082,#2083
      ,#2084,#2085,#2086,#2087,#2088,#2089,#2090,#2091,#2092,#2093,#2094
      ,#2095,#2096,#2097,#2098,#2099,#2100,#2101,#2102,#2103,#2104,#2105
      ,#2106,#2107,#2108,#2109,#2110,#2111,#2112,#2113,#2114,#2115,#2116
      ,#2117,#2118,#2119,#2120,#2121,#2122,#2123,#2124,#2125,#2126,#2127
      ,#2128,#2129,#2130,#2131,#2132,#2133,#2134,#2135,#2136,#2137,#2138
      ,#2139,#2140,#2141,#2142,#2143,#2144,#2145,#2146,#2147,#2148,#2149
      ,#2150,#2151,#2152,#2153,#2154,#2155,#2156,#2157,#2158,#2159,#2160
      ,#2161,#2162,#2163,#2164,#2165,#2166,#2167,#2168,#2169,#2170,#2171
      ,#2172,#2173,#2174,#2175,#2176,#2177,#2178,#2179,#2180,#2181,#2182
      ,#2183,#2184,#2185,#2186,#2187,#2188,#2189,#2190,#2191,#2192,#2193
      ,#2194,#2195,#2196,#2197,#2198,#2199,#2200,#2201,#2202,#2203,#2204
      ,#2205,#2206,#2207,#2208,#2209,#2210,#2211,#2212,#2213,#2214,#2215
      ,#2216,#2217,#2218,#2219,#2220,#2221,#2222,#2223,#2224,#2225,#2226
      ,#2227,#2228,#2229,#2230,#2231,#2232,#2233,#2234,#2235,#2236,#2237
      ,#2238,#2239,#2240,#2241,#2242,#2243,#2244,#2245,#2246,#2247,#2248
      ,#2249,#2250,#2251,#2252,#2253,#2254,#2255,#2256,#2257,#2258,#2259
      ,#2260,#2261,#2262,#2263,#2264)
    ,(#2265,#2266,#2267,#2268,#2269,#2270,#2271,#2272,#2273,#2274,#2275
      ,#2276,#2277,#2278,#2279,#2280,#2281,#2282,#2283,#2284,#2285,#2286
      ,#2287,#2288,#2289,#2290,#2291,#2292,#2293,#2294,#2295,#2296,#2297
      ,#2298,#2299,#2300,#2301,#2302,#2303,#2304,#2305,#2306,#2307,#2308
      ,#2309,#2310,#2311,#2312,#2313,#2314,#2315,#2316,#2317,#2318,#2319
      ,#2320,#2321,#2322,#2323,#2324,#2325,#2326,#2327,#2328,#2329,#2330
      ,#2331,#2332,#2333,#2334,#2335,#2336,#2337,#2338,#2339,#2340,#2341
      ,#2342,#2343,#2344,#2345,#2346,#2347,#2348,#2349,#2350,#2351,#2352
      ,#2353,#2354,#2355,#2356,#2357,#2358,#2359,#2360,#2361,#2362,#2363
      ,#2364,#2365,#2366,#2367,#2368,#2369,#2370,#2371,#2372,#2373,#2374
      ,#2375,#2376,#2377,#2378,#2379,#2380,#2381,#2382,#2383,#2384,#2385
      ,#2386,#2387,#2388,#2389,#2390,#2391,#2392,#2393,#2394,#2395,#2396
      ,#2397,#2398,#2399,#2400,#2401,#2402,#2403,#2404,#2405,#2406,#2407
      ,#2408,#2409,#2410,#2411,#2412,#2413,#2414,#2415,#2416,#2417,#2418
      ,#2419,#2420,#2421,#2422,#2423,#2424,#2425,#2426,#2427,#2428,#2429
      ,#2430,#2431,#2432,#2433,#2434,#2435,#2436,#2437,#2438,#2439,#2440
      ,#2441,#2442,#2443,#2444,#2445,#2446,#2447,#2448,#2449,#2450,#2451
      ,#2452,#2453,#2454,#2455,#2456,#2457,#2458,#2459,#2460,#2461,#2462
      ,#2463,#2464,#2465,#2466,#2467,#2468,#2469,#2470,#2471,#2472,#2473
      ,#2474,#2475,#2476,#2477,#2478,#2479,#2480,#2481,#2482,#2483,#2484
      ,#2485,#2486,#2487,#2488,#2489,#2490,#2491,#2492,#2493,#2494,#2495
      ,#2496,#2497,#2498,#2499,#2500,#2501,#2502,#2503,#2504,#2505,#2506
      ,#2507,#2508,#2509,#2510,#2511,#2512,#2513,#2514,#2515,#2516,#2517
      ,#2518,#2519,#2520,#2521,#2522
    )),.UNSPECIFIED.,.F.,.F.,.F.,(2,2),(10,8,8,8,8,8,8,8,8,8,8,8,8,8,8,8
    ,8,8,8,8,8,8,8,8,8,8,8,8,8,8,8,8,10),(0.,0.44),(0.,4.672288455995,
    9.34457691199,14.016865367984,18.689153823979,23.361442279974,
    28.033730735969,32.706019191963,37.378307647958,42.050596103953,
    46.722884559948,51.395173015942,56.067461471937,60.739749927932,
    65.412038383927,70.084326839921,74.756615295916,79.428903751911,
    84.101192207906,88.7734806639,93.445769119895,98.11805757589,
    102.79034603188,107.46263448787,112.13492294387,116.80721139986,
    121.47949985586,126.15178831185,130.82407676785,135.49636522384,
    140.16865367984,144.84094213583,149.51323059183),.UNSPECIFIED.);
#2007 = CARTESIAN_POINT('',(2.4762,0.,0.22));
#2008 = CARTESIAN_POINT('',(2.476198940836,1.269524864431,0.301596146201
    ));
#2009 = CARTESIAN_POINT('',(1.743754568925,2.539370820011,0.383197744639
    ));
#2010 = CARTESIAN_POINT('',(0.280603261079,3.324046927839,0.464784155587
    ));
#2011 = CARTESIAN_POINT('',(-1.548765677763,3.153165952471,
    0.546399415521));
#2012 = CARTESIAN_POINT('',(-2.986183152931,1.850382632653,
    0.627975436086));
#2013 = CARTESIAN_POINT('',(-3.335542708325,4.655194325654E-02,
    0.709590379542));
#2014 = CARTESIAN_POINT('',(-2.698060897894,-1.486450659503,
    0.791177279022));
#2015 = CARTESIAN_POINT('',(-1.506121840671,-2.339841841733,
    0.872778406301));
#2016 = CARTESIAN_POINT('',(1.020701786909,-2.588710770913,
    1.035971359822));
#2017 = CARTESIAN_POINT('',(2.356225260826,-1.984259483542,
    1.117572440099));
#2018 = CARTESIAN_POINT('',(3.28053675676,-0.605065990751,1.19915950157)
  );
#2019 = CARTESIAN_POINT('',(3.289788222377,1.23224394429,1.280774101018)
  );
#2020 = CARTESIAN_POINT('',(2.134169636724,2.790434430519,1.362350662187
    ));
#2021 = CARTESIAN_POINT('',(0.373268157629,3.314918390989,1.443965255423
    ));
#2022 = CARTESIAN_POINT('',(-1.214836786138,2.830766593884,
    1.525552326487));
#2023 = CARTESIAN_POINT('',(-2.180949106707,1.728214067054,
    1.607153397509));
#2024 = CARTESIAN_POINT('',(-2.676291691841,-0.762048806001,
    1.770346364019));
#2025 = CARTESIAN_POINT('',(-2.205655192995,-2.150387946099,
    1.851947434115));
#2026 = CARTESIAN_POINT('',(-0.9237012652,-3.205433244109,1.93353450837)
  );
#2027 = CARTESIAN_POINT('',(0.903854719893,-3.394728014487,
    2.015149094836));
#2028 = CARTESIAN_POINT('',(2.567812520652,-2.397403434076,
    2.096725666633));
#2029 = CARTESIAN_POINT('',(3.262369475825,-0.696389588162,
    2.178340252982));
#2030 = CARTESIAN_POINT('',(2.936210506623,0.931523367584,2.259927327421
    ));
#2031 = CARTESIAN_POINT('',(1.933662638619,2.001052640082,2.341528397336
    ));
#2032 = CARTESIAN_POINT('',(-0.4960568744,2.738098460516,2.504721364102)
  );
#2033 = CARTESIAN_POINT('',(-1.923841225791,2.405809237562,
    2.586322433994));
#2034 = CARTESIAN_POINT('',(-3.099459650389,1.233440791111,
    2.667909508508));
#2035 = CARTESIAN_POINT('',(-3.466974726125,-0.566760880073,
    2.749524094708));
#2036 = CARTESIAN_POINT('',(-2.637548921452,-2.320461172773,
    2.831100666727));
#2037 = CARTESIAN_POINT('',(-1.012804408665,-3.178402159067,
    2.91271525293));
#2038 = CARTESIAN_POINT('',(0.639238870691,-3.013377107146,2.99430232744
    ));
#2039 = CARTESIAN_POINT('',(1.801884942478,-2.120488981917,
    3.075903397333));
#2040 = CARTESIAN_POINT('',(2.773535844299,0.225287643921,3.239096364103
    ));
#2041 = CARTESIAN_POINT('',(2.582794023912,1.678766862808,3.320697433997
    ));
#2042 = CARTESIAN_POINT('',(1.531301608062,2.96363656589,3.4022845085));
#2043 = CARTESIAN_POINT('',(-0.224208823272,3.505832575915,3.48389909472
    ));
#2044 = CARTESIAN_POINT('',(-2.050762515218,2.852293370881,
    3.565475666714));
#2045 = CARTESIAN_POINT('',(-3.063825092077,1.319465369059,
    3.647090252939));
#2046 = CARTESIAN_POINT('',(-3.061523238826,-0.340798154029,
    3.728677327436));
#2047 = CARTESIAN_POINT('',(-2.286893857145,-1.585364107867,
    3.810278397334));
#2048 = CARTESIAN_POINT('',(-4.7651229721E-02,-2.782262561733,
    3.973471364103));
#2049 = CARTESIAN_POINT('',(1.417525057224,-2.734905091909,
    4.055072433996));
#2050 = CARTESIAN_POINT('',(2.79927204118,-1.814415153438,4.136659508503
    ));
#2051 = CARTESIAN_POINT('',(3.510927341511,-0.120502487059,
    4.218274094716));
#2052 = CARTESIAN_POINT('',(3.039568675928,1.761313893583,4.299850666719
    ));
#2053 = CARTESIAN_POINT('',(1.613419156655,2.91974171459,4.381465252935)
  );
#2054 = CARTESIAN_POINT('',(-3.907536484589E-02,3.08018522812,
    4.463052327439));
#2055 = CARTESIAN_POINT('',(-1.353575350249,2.431274694385,
    4.544653397333));
#2056 = CARTESIAN_POINT('',(-2.764194569759,0.320131195973,
    4.707846364104));
#2057 = CARTESIAN_POINT('',(-2.860677528818,-1.142631710446,
    4.78944743399));
#2058 = CARTESIAN_POINT('',(-2.080054889029,-2.607948996467,
    4.871034508515));
#2059 = CARTESIAN_POINT('',(-0.464053292565,-3.482209957551,4.9526490947
    ));
#2060 = CARTESIAN_POINT('',(1.454902856321,-3.19757127302,5.034225666733
    ));
#2061 = CARTESIAN_POINT('',(2.747539628297,-1.891834835792,
    5.115840252926));
#2062 = CARTESIAN_POINT('',(3.069183349868,-0.26302374146,5.197427327443
    ));
#2063 = CARTESIAN_POINT('',(2.552241027248,1.108750922068,5.279028397332
    ));
#2064 = CARTESIAN_POINT('',(0.589528123806,2.719505873014,5.442221364104
    ));
#2065 = CARTESIAN_POINT('',(-0.856734195667,2.958900077323,
    5.523822433992));
#2066 = CARTESIAN_POINT('',(-2.391509977275,2.325662558957,5.60540950851
    ));
#2067 = CARTESIAN_POINT('',(-3.419956988119,0.803135011192,
    5.687024094709));
#2068 = CARTESIAN_POINT('',(-3.324779510793,-1.134480309222,
    5.768600666724));
#2069 = CARTESIAN_POINT('',(-2.152031111271,-2.548877233428,
    5.850215252933));
#2070 = CARTESIAN_POINT('',(-0.562589785357,-3.028623558167,
    5.931802327438));
#2071 = CARTESIAN_POINT('',(0.853248616404,-2.648627883824,
    6.013403397334));
#2072 = CARTESIAN_POINT('',(2.648626848078,-0.853247573536,6.1765963641)
  );
#2073 = CARTESIAN_POINT('',(3.028626800589,0.562585862238,6.258197434006
    ));
#2074 = CARTESIAN_POINT('',(2.548872827104,2.152039409682,6.339784508483
    ));
#2075 = CARTESIAN_POINT('',(1.134482100621,3.324767963339,6.421399094742
    ));
#2076 = CARTESIAN_POINT('',(-0.803132096568,3.419968304379,
    6.502975666694));
#2077 = CARTESIAN_POINT('',(-2.325667757451,2.391502150724,
    6.584590252952));
#2078 = CARTESIAN_POINT('',(-2.958896465983,0.856737782077,
    6.666177327431));
#2079 = CARTESIAN_POINT('',(-2.71950700599,-0.58952906013,6.747778397334
    ));
#2080 = CARTESIAN_POINT('',(-1.108749782704,-2.552240098712,
    6.910971364104));
#2081 = CARTESIAN_POINT('',(0.263019519432,-3.069186192136,
    6.992572433988));
#2082 = CARTESIAN_POINT('',(1.891843526113,-2.747536056584,7.07415950852
    ));
#2083 = CARTESIAN_POINT('',(3.197559605615,-1.454903507246,
    7.155774094693));
#2084 = CARTESIAN_POINT('',(3.482220933608,0.464049282801,7.237350666739
    ));
#2085 = CARTESIAN_POINT('',(2.607941717161,2.080060829611,7.318965252922
    ));
#2086 = CARTESIAN_POINT('',(1.142634925608,2.860673583347,7.400552327444
    ));
#2087 = CARTESIAN_POINT('',(-0.320132016737,2.764195789052,
    7.482153397332));
#2088 = CARTESIAN_POINT('',(-2.431273881997,1.353574125358,
    7.645346364104));
#2089 = CARTESIAN_POINT('',(-3.080187642874,3.907984513943E-02,
    7.726947433992));
#2090 = CARTESIAN_POINT('',(-2.919739011872,-1.61342815523,7.80853450851
    ));
#2091 = CARTESIAN_POINT('',(-1.761313397769,-3.039557000886,
    7.890149094707));
#2092 = CARTESIAN_POINT('',(0.120497420756,-3.510937871706,
    7.971725666727));
#2093 = CARTESIAN_POINT('',(1.81442177892,-2.799265379194,8.05334025293)
  );
#2094 = CARTESIAN_POINT('',(2.734900850291,-1.417527870186,
    8.134927327441));
#2095 = CARTESIAN_POINT('',(2.782263855606,4.76519270215E-02,
    8.216528397333));
#2096 = CARTESIAN_POINT('',(1.585362809246,2.286893168728,8.379721364104
    ));
#2097 = CARTESIAN_POINT('',(0.340802849437,3.061525202808,8.461322433994
    ));
#2098 = CARTESIAN_POINT('',(-1.319474589215,3.063823284386,
    8.542909508507));
#2099 = CARTESIAN_POINT('',(-2.852281800659,2.050760877438,8.62452409471
    ));
#2100 = CARTESIAN_POINT('',(-3.505842558814,0.224214897321,
    8.706100666723));
#2101 = CARTESIAN_POINT('',(-2.9636305854,-1.531308854632,8.787715252933
    ));
#2102 = CARTESIAN_POINT('',(-1.67876924647,-2.582789526998,8.86930232744
    ));
#2103 = CARTESIAN_POINT('',(-0.225287076801,-2.773537200289,
    8.950903397333));
#2104 = CARTESIAN_POINT('',(2.120488424102,-1.801883582634,
    9.114096364104));
#2105 = CARTESIAN_POINT('',(3.013378601438,-0.63924373599,9.19569743399)
  );
#2106 = CARTESIAN_POINT('',(3.178401263817,1.012813761605,9.277284508515
    ));
#2107 = CARTESIAN_POINT('',(2.320458408799,2.637537567478,9.358899094702
    ));
#2108 = CARTESIAN_POINT('',(0.566767903365,3.466984065593,9.44047566673)
  );
#2109 = CARTESIAN_POINT('',(-1.233448588971,3.099454408981,
    9.522090252929));
#2110 = CARTESIAN_POINT('',(-2.405804528666,1.923843157204,
    9.603677327441));
#2111 = CARTESIAN_POINT('',(-2.738099865563,0.496056442919,
    9.685278397332));
#2112 = CARTESIAN_POINT('',(-2.001051232111,-1.933662216775,
    9.848471364104));
#2113 = CARTESIAN_POINT('',(-0.931528355923,-2.936211516856,
    9.930072433992));
#2114 = CARTESIAN_POINT('',(0.696398983817,-3.262369501586,
    10.011659508511));
#2115 = CARTESIAN_POINT('',(2.39739240569,-2.567808657189,
    10.093274094706));
#2116 = CARTESIAN_POINT('',(3.394736620581,-0.903862624677,
    10.174850666726));
#2117 = CARTESIAN_POINT('',(3.205428792266,0.923709539131,
    10.256465252931));
#2118 = CARTESIAN_POINT('',(2.150389406655,2.205650317575,
    10.338052327439));
#2119 = CARTESIAN_POINT('',(0.762048514319,2.676293132335,
    10.419653397333));
#2120 = CARTESIAN_POINT('',(-1.728213785253,2.180947664336,
    10.582846364103));
#2121 = CARTESIAN_POINT('',(-2.830767110271,1.214841848565,
    10.664447433997));
#2122 = CARTESIAN_POINT('',(-3.314919337663,-0.373277503126,
    10.7460345085));
#2123 = CARTESIAN_POINT('',(-2.790429504502,-2.134159044486,
    10.82764909472));
#2124 = CARTESIAN_POINT('',(-1.232252654813,-3.289796006157,
    10.909225666714));
#2125 = CARTESIAN_POINT('',(0.605074661479,-3.280533144019,
    10.990840252939));
#2126 = CARTESIAN_POINT('',(1.984254488194,-2.356226230596,
    11.072427327437));
#2127 = CARTESIAN_POINT('',(2.588712233231,-1.020701641949,
    11.154028397333));
#2128 = CARTESIAN_POINT('',(2.33984037833,1.506121710242,11.317221364105
    ));
#2129 = CARTESIAN_POINT('',(1.486455750093,2.698060868959,
    11.398822433985));
#2130 = CARTESIAN_POINT('',(-4.656115600454E-02,3.335544688393,
    11.480409508526));
#2131 = CARTESIAN_POINT('',(-1.850372565057,2.986176990296,
    11.562024094684));
#2132 = CARTESIAN_POINT('',(-3.153172857794,1.548775418246,
    11.64360066675));
#2133 = CARTESIAN_POINT('',(-3.324044168279,-0.280612584053,
    11.725215252914));
#2134 = CARTESIAN_POINT('',(-2.539371307892,-1.743749203396,
    11.806802327448));
#2135 = CARTESIAN_POINT('',(-1.269524854794,-2.476200620186,
    11.888403397331));
#2136 = CARTESIAN_POINT('',(1.26952485983,-2.47619915039,12.051596364104
    ));
#2137 = CARTESIAN_POINT('',(2.53937082657,-1.743754270183,
    12.133197433994));
#2138 = CARTESIAN_POINT('',(3.324046920386,-0.280603600474,
    12.214784508505));
#2139 = CARTESIAN_POINT('',(3.153165959245,1.548765986279,
    12.296399094714));
#2140 = CARTESIAN_POINT('',(1.850382627782,2.986182931133,12.37797566672
    ));
#2141 = CARTESIAN_POINT('',(4.655194593052E-02,3.335542830082,
    12.459590252934));
#2142 = CARTESIAN_POINT('',(-1.486450660526,2.698060851332,
    12.541177327439));
#2143 = CARTESIAN_POINT('',(-2.339841841543,1.506121849295,
    12.622778397333));
#2144 = CARTESIAN_POINT('',(-2.588710771005,-1.020701791026,
    12.785971364104));
#2145 = CARTESIAN_POINT('',(-1.984259483408,-2.356225254958,
    12.867572433988));
#2146 = CARTESIAN_POINT('',(-0.605065990908,-3.280536763423,
    12.949159508521));
#2147 = CARTESIAN_POINT('',(1.232243944435,-3.289788216326,
    13.030774094688));
#2148 = CARTESIAN_POINT('',(2.790434430415,-2.134169641067,
    13.112350666748));
#2149 = CARTESIAN_POINT('',(3.314918391044,-0.37326815525,
    13.193965252913));
#2150 = CARTESIAN_POINT('',(2.830766593864,1.214836785232,13.27555232745
    ));
#2151 = CARTESIAN_POINT('',(1.728214067057,2.180949106874,
    13.357153397329));
#2152 = CARTESIAN_POINT('',(-0.762048806001,2.676291691763,
    13.520346364107));
#2153 = CARTESIAN_POINT('',(-2.150387946101,2.205655193102,
    13.60194743398));
#2154 = CARTESIAN_POINT('',(-3.2054332441,0.923701265081,13.683534508532
    ));
#2155 = CARTESIAN_POINT('',(-3.394728014503,-0.903854719785,
    13.765149094679));
#2156 = CARTESIAN_POINT('',(-2.397403434059,-2.567812520732,
    13.846725666752));
#2157 = CARTESIAN_POINT('',(-0.696389588175,-3.262369475778,
    13.928340252914));
#2158 = CARTESIAN_POINT('',(0.93152336759,-2.936210506643,
    14.009927327448));
#2159 = CARTESIAN_POINT('',(2.001052640081,-1.933662638615,
    14.091528397331));
#2160 = CARTESIAN_POINT('',(2.738098460517,0.496056874398,
    14.254721364105));
#2161 = CARTESIAN_POINT('',(2.405809237562,1.923841225796,
    14.336322433992));
#2162 = CARTESIAN_POINT('',(1.233440791111,3.099459650383,14.41790950851
    ));
#2163 = CARTESIAN_POINT('',(-0.566760880073,3.466974726131,
    14.49952409471));
#2164 = CARTESIAN_POINT('',(-2.320461172773,2.63754892145,
    14.581100666722));
#2165 = CARTESIAN_POINT('',(-3.178402159067,1.012804408665,
    14.662715252936));
#2166 = CARTESIAN_POINT('',(-3.013377107145,-0.639238870689,
    14.744302327436));
#2167 = CARTESIAN_POINT('',(-2.120488981917,-1.80188494248,
    14.825903397335));
#2168 = CARTESIAN_POINT('',(0.225287643922,-2.773535844296,
    14.989096364098));
#2169 = CARTESIAN_POINT('',(1.6787668628,-2.582794023922,15.070697434016
    ));
#2170 = CARTESIAN_POINT('',(2.963636565909,-1.531301608048,
    15.152284508463));
#2171 = CARTESIAN_POINT('',(3.505832575886,0.224208823259,15.23389909477
    ));
#2172 = CARTESIAN_POINT('',(2.852293370912,2.050762515224,
    15.315475666666));
#2173 = CARTESIAN_POINT('',(1.319465369036,3.063825092079,
    15.397090252972));
#2174 = CARTESIAN_POINT('',(-0.340798154018,3.061523238822,
    15.478677327422));
#2175 = CARTESIAN_POINT('',(-1.58536410787,2.286893857147,
    15.560278397337));
#2176 = CARTESIAN_POINT('',(-2.782262561732,4.765122972001E-02,
    15.723471364101));
#2177 = CARTESIAN_POINT('',(-2.734905091911,-1.417525057221,
    15.805072433999));
#2178 = CARTESIAN_POINT('',(-1.814415153436,-2.799272041186,
    15.886659508499));
#2179 = CARTESIAN_POINT('',(-0.120502487061,-3.510927341503,
    15.968274094721));
#2180 = CARTESIAN_POINT('',(1.761313893584,-3.039568675937,
    16.049850666713));
#2181 = CARTESIAN_POINT('',(2.91974171459,-1.613419156647,
    16.131465252941));
#2182 = CARTESIAN_POINT('',(3.080185228119,3.907536484094E-02,
    16.213052327434));
#2183 = CARTESIAN_POINT('',(2.431274694387,1.353575350251,
    16.294653397336));
#2184 = CARTESIAN_POINT('',(0.32013119597,2.764194569754,16.457846364097
    ));
#2185 = CARTESIAN_POINT('',(-1.142631710433,2.860677528832,
    16.539447434019));
#2186 = CARTESIAN_POINT('',(-2.607948996495,2.080054889011,
    16.621034508458));
#2187 = CARTESIAN_POINT('',(-3.482209957511,0.464053292575,
    16.702649094775));
#2188 = CARTESIAN_POINT('',(-3.197571273058,-1.454902856316,
    16.784225666664));
#2189 = CARTESIAN_POINT('',(-1.891834835767,-2.747539628309,
    16.865840252971));
#2190 = CARTESIAN_POINT('',(-0.263023741471,-3.069183349858,
    16.947427327424));
#2191 = CARTESIAN_POINT('',(1.10875092207,-2.552241027251,
    17.029028397335));
#2192 = CARTESIAN_POINT('',(2.719505873015,-0.589528123806,
    17.192221364105));
#2193 = CARTESIAN_POINT('',(2.958900077318,0.856734195671,17.27382243398
    ));
#2194 = CARTESIAN_POINT('',(2.325662558965,2.391509977262,
    17.355409508538));
#2195 = CARTESIAN_POINT('',(0.803135011187,3.419956988139,
    17.437024094668));
#2196 = CARTESIAN_POINT('',(-1.134480309223,3.324779510773,
    17.518600666764));
#2197 = CARTESIAN_POINT('',(-2.548877233422,2.152031111285,
    17.600215252905));
#2198 = CARTESIAN_POINT('',(-3.028623558172,0.562589785351,
    17.681802327451));
#2199 = CARTESIAN_POINT('',(-2.648627883822,-0.853248616403,
    17.763403397331));
#2200 = CARTESIAN_POINT('',(-0.853247573538,-2.648626848079,
    17.926596364103));
#2201 = CARTESIAN_POINT('',(0.562585862243,-3.028626800584,
    18.008197433997));
#2202 = CARTESIAN_POINT('',(2.152039409672,-2.54887282711,
    18.089784508501));
#2203 = CARTESIAN_POINT('',(3.324767963352,-1.134482100618,
    18.171399094718));
#2204 = CARTESIAN_POINT('',(3.419968304368,0.803132096571,
    18.252975666717));
#2205 = CARTESIAN_POINT('',(2.39150215073,2.325667757445,18.334590252937
    ));
#2206 = CARTESIAN_POINT('',(0.856737782076,2.958896465987,
    18.416177327437));
#2207 = CARTESIAN_POINT('',(-0.589529060131,2.71950700599,
    18.497778397335));
#2208 = CARTESIAN_POINT('',(-2.552240098709,1.108749782701,
    18.660971364098));
#2209 = CARTESIAN_POINT('',(-3.069186192144,-0.263019519416,
    18.742572434015));
#2210 = CARTESIAN_POINT('',(-2.747536056577,-1.891843526145,
    18.824159508466));
#2211 = CARTESIAN_POINT('',(-1.454903507243,-3.197559605573,
    18.905774094764));
#2212 = CARTESIAN_POINT('',(0.464049282785,-3.482220933646,
    18.987350666673));
#2213 = CARTESIAN_POINT('',(2.08006082963,-2.607941717138,
    19.068965252967));
#2214 = CARTESIAN_POINT('',(2.860673583335,-1.142634925618,
    19.150552327423));
#2215 = CARTESIAN_POINT('',(2.764195789057,0.320132016739,
    19.232153397338));
#2216 = CARTESIAN_POINT('',(1.353574125354,2.431273881994,
    19.395346364098));
#2217 = CARTESIAN_POINT('',(3.907984515419E-02,3.080187642878,
    19.476947434013));
#2218 = CARTESIAN_POINT('',(-1.613428155258,2.919739011871,
    19.55853450847));
#2219 = CARTESIAN_POINT('',(-3.039557000848,1.76131339776,
    19.640149094762));
#2220 = CARTESIAN_POINT('',(-3.510937871742,-0.120497420738,
    19.721725666671));
#2221 = CARTESIAN_POINT('',(-2.799265379172,-1.814421778938,
    19.80334025297));
#2222 = CARTESIAN_POINT('',(-1.417527870195,-2.734900850278,
    19.884927327421));
#2223 = CARTESIAN_POINT('',(4.765192702298E-02,-2.78226385561,
    19.966528397338));
#2224 = CARTESIAN_POINT('',(2.286893168727,-1.585362809243,
    20.129721364099));
#2225 = CARTESIAN_POINT('',(3.061525202809,-0.340802849445,
    20.211322434005));
#2226 = CARTESIAN_POINT('',(3.063823284386,1.319474589228,
    20.292909508488));
#2227 = CARTESIAN_POINT('',(2.050760877436,2.852281800644,
    20.374524094733));
#2228 = CARTESIAN_POINT('',(0.224214897324,3.505842558826,
    20.456100666705));
#2229 = CARTESIAN_POINT('',(-1.531308854634,2.963630585394,
    20.537715252942));
#2230 = CARTESIAN_POINT('',(-2.582789526997,1.678769246471,
    20.619302327437));
#2231 = CARTESIAN_POINT('',(-2.773537200288,0.225287076801,
    20.700903397332));
#2232 = CARTESIAN_POINT('',(-1.801883582637,-2.120488424103,
    20.864096364107));
#2233 = CARTESIAN_POINT('',(-0.639243735981,-3.013378601436,
    20.945697433976));
#2234 = CARTESIAN_POINT('',(1.012813761587,-3.178401263814,
    21.027284508544));
#2235 = CARTESIAN_POINT('',(2.6375375675,-2.320458408811,21.10889909466)
  );
#2236 = CARTESIAN_POINT('',(3.466984065575,-0.566767903345,
    21.190475666773));
#2237 = CARTESIAN_POINT('',(3.099454408991,1.233448588952,
    21.272090252899));
#2238 = CARTESIAN_POINT('',(1.923843157201,2.405804528677,
    21.353677327455));
#2239 = CARTESIAN_POINT('',(0.496056442918,2.73809986556,21.435278397329
    ));
#2240 = CARTESIAN_POINT('',(-1.933662216772,2.001051232114,
    21.598471364105));
#2241 = CARTESIAN_POINT('',(-2.936211516874,0.931528355915,
    21.680072433997));
#2242 = CARTESIAN_POINT('',(-3.262369501534,-0.696398983806,
    21.761659508488));
#2243 = CARTESIAN_POINT('',(-2.567808657287,-2.397392405699,
    21.84327409476));
#2244 = CARTESIAN_POINT('',(-0.903862624539,-3.394736620579,
    21.924850666637));
#2245 = CARTESIAN_POINT('',(0.923709538983,-3.205428792259,
    22.006465253044));
#2246 = CARTESIAN_POINT('',(2.2056503177,-2.150389406665,22.08805232733)
  );
#2247 = CARTESIAN_POINT('',(2.676293132252,-0.762048514311,
    22.169653397416));
#2248 = CARTESIAN_POINT('',(2.180947664507,1.728213785235,
    22.332846363924));
#2249 = CARTESIAN_POINT('',(1.214841847644,2.830767110363,
    22.414447434963));
#2250 = CARTESIAN_POINT('',(-0.373277500711,3.314919337425,
    22.496034505981));
#2251 = CARTESIAN_POINT('',(-2.134159048896,2.79042950493,
    22.577649099293));
#2252 = CARTESIAN_POINT('',(-3.289796000009,1.232252654219,
    22.659225660372));
#2253 = CARTESIAN_POINT('',(-3.280533150794,-0.605074660823,
    22.740840259899));
#2254 = CARTESIAN_POINT('',(-2.356226224627,-1.984254488775,
    22.822427321322));
#2255 = CARTESIAN_POINT('',(-1.020701646137,-2.58871223282,
    22.904028401616));
#2256 = CARTESIAN_POINT('',(1.506121719015,-2.339840379195,
    23.067221355136));
#2257 = CARTESIAN_POINT('',(2.69806082159,-1.486455745417,
    23.148822482406));
#2258 = CARTESIAN_POINT('',(3.335544812261,4.656114377428E-02,
    23.230409381913));
#2259 = CARTESIAN_POINT('',(2.986176764655,1.85037258734,23.312024325321
    ));
#2260 = CARTESIAN_POINT('',(1.548775732107,3.153172826794,
    23.393600345943));
#2261 = CARTESIAN_POINT('',(-0.280612929326,3.324044202386,
    23.475215605826));
#2262 = CARTESIAN_POINT('',(-1.743748899482,2.539371277869,
    23.55680201681));
#2263 = CARTESIAN_POINT('',(-2.476200833367,1.269524875854,
    23.638403615229));
#2264 = CARTESIAN_POINT('',(-2.476199768591,-1.40465110654E-08,
    23.719999761438));
#2265 = CARTESIAN_POINT('',(2.4762,1.33226762955E-15,-0.22));
#2266 = CARTESIAN_POINT('',(2.476201057585,1.269525008543,
    -0.138403853799));
#2267 = CARTESIAN_POINT('',(1.743749048022,2.539371525079,
    -5.680225536098E-02));
#2268 = CARTESIAN_POINT('',(0.280612936716,3.324044514614,
    2.47841555904E-02));
#2269 = CARTESIAN_POINT('',(-1.548775894752,3.153173112701,
    0.106399415513));
#2270 = CARTESIAN_POINT('',(-2.986177054214,1.850372743308,
    0.187975436098));
#2271 = CARTESIAN_POINT('',(-3.335545124245,4.656112921769E-02,
    0.269590379532));
#2272 = CARTESIAN_POINT('',(-2.698061065306,-1.486455899645,
    0.351177279027));
#2273 = CARTESIAN_POINT('',(-1.506121846494,-2.339840606406,0.4327784063
    ));
#2274 = CARTESIAN_POINT('',(1.02070175621,-2.588712468955,0.595971359822
    ));
#2275 = CARTESIAN_POINT('',(2.356226456085,-1.984254660852,
    0.677572440098));
#2276 = CARTESIAN_POINT('',(3.280533460806,-0.605074698749,
    0.759159501574));
#2277 = CARTESIAN_POINT('',(3.289796300457,1.232252788025,0.84077410101)
  );
#2278 = CARTESIAN_POINT('',(2.134159232527,2.790429777827,0.9223506622)
  );
#2279 = CARTESIAN_POINT('',(0.373277516777,3.314919649328,1.003965255413
    ));
#2280 = CARTESIAN_POINT('',(-1.214841977226,2.830767368022,
    1.085552326492));
#2281 = CARTESIAN_POINT('',(-2.180947878131,1.728213934372,
    1.167153397508));
#2282 = CARTESIAN_POINT('',(-2.676293378042,-0.762048600709,
    1.330346364019));
#2283 = CARTESIAN_POINT('',(-2.205650511619,-2.150389620145,
    1.411947434114));
#2284 = CARTESIAN_POINT('',(-0.923709607142,-3.205429097046,
    1.493534508373));
#2285 = CARTESIAN_POINT('',(0.903862728284,-3.394736932728,
    1.575149094827));
#2286 = CARTESIAN_POINT('',(2.567808910851,-2.397392615151,
    1.656725666646));
#2287 = CARTESIAN_POINT('',(3.262369810366,-0.696399030403,
    1.738340252971));
#2288 = CARTESIAN_POINT('',(2.936211785995,0.93152845964,1.819927327426)
  );
#2289 = CARTESIAN_POINT('',(1.933662386128,2.001051430086,1.901528397335
    ));
#2290 = CARTESIAN_POINT('',(-0.496056504807,2.738100118637,
    2.064721364103));
#2291 = CARTESIAN_POINT('',(-1.923843350648,2.405804742584,
    2.146322433993));
#2292 = CARTESIAN_POINT('',(-3.099454705627,1.23344868666,2.227909508512
    ));
#2293 = CARTESIAN_POINT('',(-3.466984386392,-0.566767975997,
    2.309524094699));
#2294 = CARTESIAN_POINT('',(-2.637537800795,-2.320458640623,
    2.391100666739));
#2295 = CARTESIAN_POINT('',(-1.012813838232,-3.178401566591,
    2.47271525292));
#2296 = CARTESIAN_POINT('',(0.639243812827,-3.013378879429,
    2.554302327446));
#2297 = CARTESIAN_POINT('',(1.801883763056,-2.120488612048,
    2.635903397332));
#2298 = CARTESIAN_POINT('',(2.773537458211,0.225287113587,2.799096364103
    ));
#2299 = CARTESIAN_POINT('',(2.582789758845,1.678769418017,2.880697433996
    ));
#2300 = CARTESIAN_POINT('',(1.531308980931,2.963630871034,2.962284508504
    ));
#2301 = CARTESIAN_POINT('',(-0.224214938165,3.5058428852,3.043899094711)
  );
#2302 = CARTESIAN_POINT('',(-2.050761085272,2.852282055564,
    3.125475666727));
#2303 = CARTESIAN_POINT('',(-3.063823578195,1.319474695158,
    3.207090252928));
#2304 = CARTESIAN_POINT('',(-3.06152548699,-0.340802898659,
    3.288677327442));
#2305 = CARTESIAN_POINT('',(-2.286893373453,-1.585362970377,
    3.370278397333));
#2306 = CARTESIAN_POINT('',(-4.7651915693E-02,-2.782264115892,
    3.533471364103));
#2307 = CARTESIAN_POINT('',(1.417528018179,-2.734901097835,
    3.615072433995));
#2308 = CARTESIAN_POINT('',(2.799265651081,-1.814421932608,
    3.696659508507));
#2309 = CARTESIAN_POINT('',(3.510938200514,-0.120497412101,
    3.778274094707));
#2310 = CARTESIAN_POINT('',(3.039557274944,1.761313579619,3.859850666731
    ));
#2311 = CARTESIAN_POINT('',(1.613428289454,2.91973929388,3.941465252924)
  );
#2312 = CARTESIAN_POINT('',(-3.907986626703E-02,3.080187930513,
    4.023052327444));
#2313 = CARTESIAN_POINT('',(-1.353574265647,2.43127410153,4.104653397332
    ));
#2314 = CARTESIAN_POINT('',(-2.764196049195,0.320132030975,
    4.267846364105));
#2315 = CARTESIAN_POINT('',(-2.860673844206,-1.142635048623,
    4.349447433989));
#2316 = CARTESIAN_POINT('',(-2.080061009209,-2.607941972678,
    4.431034508519));
#2317 = CARTESIAN_POINT('',(-0.464049306417,-3.482221261676,
    4.512649094691));
#2318 = CARTESIAN_POINT('',(1.45490366136,-3.197559896181,4.594225666746
    ));
#2319 = CARTESIAN_POINT('',(2.747536324076,-1.891843687331,
    4.675840252915));
#2320 = CARTESIAN_POINT('',(3.069186480462,-0.263019526601,
    4.757427327448));
#2321 = CARTESIAN_POINT('',(2.552240330939,1.1087499008,4.839028397331)
  );
#2322 = CARTESIAN_POINT('',(0.589529099797,2.719507263482,5.002221364105
    ));
#2323 = CARTESIAN_POINT('',(-0.856737878927,2.95889673765,5.083822433991
    ));
#2324 = CARTESIAN_POINT('',(-2.391502387418,2.325667961219,
    5.165409508513));
#2325 = CARTESIAN_POINT('',(-3.419968628534,0.803132152233,5.2470240947)
  );
#2326 = CARTESIAN_POINT('',(-3.324768267632,-1.13448222551,
    5.328600666736));
#2327 = CARTESIAN_POINT('',(-2.152039596328,-2.548873077513,
    5.410215252923));
#2328 = CARTESIAN_POINT('',(-0.562585897639,-3.028627086818,
    5.491802327443));
#2329 = CARTESIAN_POINT('',(0.853247668301,-2.648627090763,
    5.573403397333));
#2330 = CARTESIAN_POINT('',(2.648628136191,-0.853248681121,
    5.736596364101));
#2331 = CARTESIAN_POINT('',(3.028623838009,0.562589855126,5.818197434005
    ));
#2332 = CARTESIAN_POINT('',(2.548877459426,2.152031326821,5.899784508487
    ));
#2333 = CARTESIAN_POINT('',(1.134480396388,3.324779827977,5.981399094733
    ));
#2334 = CARTESIAN_POINT('',(-0.803135105662,3.419957303143,
    6.062975666707));
#2335 = CARTESIAN_POINT('',(-2.325662789852,2.391510187597,
    6.144590252941));
#2336 = CARTESIAN_POINT('',(-2.958900358714,0.85673425894,6.226177327437
    ));
#2337 = CARTESIAN_POINT('',(-2.719506123817,-0.589528194326,
    6.307778397333));
#2338 = CARTESIAN_POINT('',(-1.108751011208,-2.552241272056,
    6.470971364105));
#2339 = CARTESIAN_POINT('',(0.263023783453,-3.069183635205,
    6.552572433987));
#2340 = CARTESIAN_POINT('',(1.891835028178,-2.747539874331,
    6.634159508524));
#2341 = CARTESIAN_POINT('',(3.197571580098,-1.454902974154,
    6.715774094684));
#2342 = CARTESIAN_POINT('',(3.48221028035,0.464053355694,6.797350666752)
  );
#2343 = CARTESIAN_POINT('',(2.607949228387,2.080055098206,6.878965252911
    ));
#2344 = CARTESIAN_POINT('',(1.142631801004,2.860677802646,6.96055232745)
  );
#2345 = CARTESIAN_POINT('',(-0.320131241572,2.764194826268,
    7.042153397331));
#2346 = CARTESIAN_POINT('',(-2.431274929276,1.353575462955,
    7.205346364104));
#2347 = CARTESIAN_POINT('',(-3.0801855162,3.907535102221E-02,
    7.286947433992));
#2348 = CARTESIAN_POINT('',(-2.919741978295,-1.613419323995,
    7.368534508513));
#2349 = CARTESIAN_POINT('',(-1.761314040951,-3.03956896998,
    7.450149094699));
#2350 = CARTESIAN_POINT('',(0.120502518246,-3.510927668943,
    7.531725666738));
#2351 = CARTESIAN_POINT('',(1.814415338875,-2.799272292486,7.61334025292
    ));
#2352 = CARTESIAN_POINT('',(2.734905355542,-1.417525174187,
    7.694927327446));
#2353 = CARTESIAN_POINT('',(2.782262821476,4.765124995814E-02,
    7.776528397332));
#2354 = CARTESIAN_POINT('',(1.585364243054,2.286894079858,7.939721364104
    ));
#2355 = CARTESIAN_POINT('',(0.340798168507,3.061523526875,8.021322433993
    ));
#2356 = CARTESIAN_POINT('',(-1.31946550974,3.063825370912,8.10290950851)
  );
#2357 = CARTESIAN_POINT('',(-2.852293649083,2.050762690702,
    8.184524094703));
#2358 = CARTESIAN_POINT('',(-3.505832904816,0.224208824327,
    8.266100666734));
#2359 = CARTESIAN_POINT('',(-2.963636834171,-1.531301767973,
    8.347715252923));
#2360 = CARTESIAN_POINT('',(-1.678767005044,-2.582794274812,
    8.429302327445));
#2361 = CARTESIAN_POINT('',(-0.225287649242,-2.773536104775,
    8.510903397332));
#2362 = CARTESIAN_POINT('',(2.120489190307,-1.801885098843,
    8.674096364105));
#2363 = CARTESIAN_POINT('',(3.013377392386,-0.639238913335,
    8.755697433989));
#2364 = CARTESIAN_POINT('',(3.178402450353,1.012804521346,8.837284508519
    ));
#2365 = CARTESIAN_POINT('',(2.320461374674,2.637549181104,8.918899094693
    ));
#2366 = CARTESIAN_POINT('',(0.566760913364,3.466975053349,9.000475666743
    ));
#2367 = CARTESIAN_POINT('',(-1.233440923957,3.099459933043,
    9.082090252918));
#2368 = CARTESIAN_POINT('',(-2.405809473313,1.92384139194,9.163677327446
    ));
#2369 = CARTESIAN_POINT('',(-2.738098719216,0.496056905224,
    9.245278397331));
#2370 = CARTESIAN_POINT('',(-2.001052816121,-1.933662830676,
    9.408471364105));
#2371 = CARTESIAN_POINT('',(-0.93152343798,-2.93621078633,9.490072433991
    ));
#2372 = CARTESIAN_POINT('',(0.696389671746,-3.262369776704,
    9.571659508515));
#2373 = CARTESIAN_POINT('',(2.397403672692,-2.567812747119,
    9.653274094697));
#2374 = CARTESIAN_POINT('',(3.394728336867,-0.903854784977,
    9.734850666739));
#2375 = CARTESIAN_POINT('',(3.205433538429,0.92370136957,9.81646525292)
  );
#2376 = CARTESIAN_POINT('',(2.15038813455,2.205655411439,9.898052327445)
  );
#2377 = CARTESIAN_POINT('',(0.762048862036,2.676291946193,9.979653397332
    ));
#2378 = CARTESIAN_POINT('',(-1.728214240938,2.180949300893,
    10.142846364103));
#2379 = CARTESIAN_POINT('',(-2.830766865305,1.214836882693,
    10.224447433996));
#2380 = CARTESIAN_POINT('',(-3.314918698711,-0.373268208917,
    10.306034508503));
#2381 = CARTESIAN_POINT('',(-2.790434679104,-2.134169856365,
    10.387649094712));
#2382 = CARTESIAN_POINT('',(-1.232244040908,-3.289788530749,
    10.469225666726));
#2383 = CARTESIAN_POINT('',(0.605066066045,-3.280537066573,
    10.550840252929));
#2384 = CARTESIAN_POINT('',(1.984259682221,-2.356225463903,
    10.632427327443));
#2385 = CARTESIAN_POINT('',(2.588711018719,-1.020701871729,
    10.714028397332));
#2386 = CARTESIAN_POINT('',(2.339842051667,1.506122003321,
    10.877221364106));
#2387 = CARTESIAN_POINT('',(1.486450784141,2.698061111911,
    10.958822433984));
#2388 = CARTESIAN_POINT('',(-4.655196921358E-02,3.335543141538,
    11.04040950853));
#2389 = CARTESIAN_POINT('',(-1.850382817632,2.986183199704,
    11.122024094676));
#2390 = CARTESIAN_POINT('',(-3.153166262724,1.548766113137,
    11.203600666762));
#2391 = CARTESIAN_POINT('',(-3.32404722943,-0.280603645561,
    11.285215252904));
#2392 = CARTESIAN_POINT('',(-2.539371053997,-1.743754447546,
    11.366802327453));
#2393 = CARTESIAN_POINT('',(-1.269524964425,-2.476199389003,
    11.44840339733));
#2394 = CARTESIAN_POINT('',(1.269524987483,-2.476200844398,
    11.611596364105));
#2395 = CARTESIAN_POINT('',(2.539371555102,-1.743749351943,
    11.693197433993));
#2396 = CARTESIAN_POINT('',(3.324044480506,-0.280612591437,
    11.774784508509));
#2397 = CARTESIAN_POINT('',(3.153173143705,1.548775580888,
    11.856399094705));
#2398 = CARTESIAN_POINT('',(1.850372721019,2.986177279856,
    11.937975666732));
#2399 = CARTESIAN_POINT('',(4.656114145313E-02,3.335545000377,
    12.019590252924));
#2400 = CARTESIAN_POINT('',(-1.486455904323,2.698061112675,
    12.101177327444));
#2401 = CARTESIAN_POINT('',(-2.33984060554,1.506121837721,
    12.182778397332));
#2402 = CARTESIAN_POINT('',(-2.588712469367,-1.020701752022,
    12.345971364105));
#2403 = CARTESIAN_POINT('',(-1.984254660269,-2.356226462054,
    12.427572433987));
#2404 = CARTESIAN_POINT('',(-0.605074699406,-3.28053345403,
    12.509159508525));
#2405 = CARTESIAN_POINT('',(1.232252788618,-3.289796306608,
    12.590774094679));
#2406 = CARTESIAN_POINT('',(2.790429777403,-2.134159228113,
    12.672350666761));
#2407 = CARTESIAN_POINT('',(3.314919649561,-0.373277519194,
    12.753965252902));
#2408 = CARTESIAN_POINT('',(2.830767367932,1.214841978147,
    12.835552327456));
#2409 = CARTESIAN_POINT('',(1.728213934389,2.180947877961,
    12.917153397328));
#2410 = CARTESIAN_POINT('',(-0.762048600717,2.676293378121,
    13.080346364108));
#2411 = CARTESIAN_POINT('',(-2.150389620129,2.20565051151,13.16194743398
    ));
#2412 = CARTESIAN_POINT('',(-3.205429097072,0.923709607262,
    13.243534508536));
#2413 = CARTESIAN_POINT('',(-3.394736932697,-0.903862728392,
    13.325149094671));
#2414 = CARTESIAN_POINT('',(-2.39739261518,-2.567808910772,
    13.406725666764));
#2415 = CARTESIAN_POINT('',(-0.696399030385,-3.262369810412,
    13.488340252904));
#2416 = CARTESIAN_POINT('',(0.931528459631,-2.936211785976,
    13.569927327453));
#2417 = CARTESIAN_POINT('',(2.001051430088,-1.933662386132,
    13.65152839733));
#2418 = CARTESIAN_POINT('',(2.738100118636,0.496056504809,
    13.814721364105));
#2419 = CARTESIAN_POINT('',(2.405804742584,1.923843350647,
    13.896322433991));
#2420 = CARTESIAN_POINT('',(1.233448686662,3.099454705626,
    13.977909508513));
#2421 = CARTESIAN_POINT('',(-0.566767976001,3.466984386396,
    14.059524094702));
#2422 = CARTESIAN_POINT('',(-2.320458640619,2.63753780079,
    14.141100666733));
#2423 = CARTESIAN_POINT('',(-3.178401566593,1.012813838238,
    14.222715252926));
#2424 = CARTESIAN_POINT('',(-3.013378879428,-0.639243812831,
    14.304302327441));
#2425 = CARTESIAN_POINT('',(-2.120488612048,-1.801883763054,
    14.385903397334));
#2426 = CARTESIAN_POINT('',(0.225287113586,-2.773537458214,
    14.549096364099));
#2427 = CARTESIAN_POINT('',(1.678769418024,-2.582789758834,
    14.630697434015));
#2428 = CARTESIAN_POINT('',(2.963630871018,-1.531308980947,
    14.712284508467));
#2429 = CARTESIAN_POINT('',(3.505842885225,0.22421493818,14.793899094761
    ));
#2430 = CARTESIAN_POINT('',(2.852282055537,2.050761085266,
    14.875475666679));
#2431 = CARTESIAN_POINT('',(1.319474695178,3.063823578193,
    14.957090252961));
#2432 = CARTESIAN_POINT('',(-0.340802898668,3.061525486994,
    15.038677327427));
#2433 = CARTESIAN_POINT('',(-1.585362970374,2.286893373452,
    15.120278397336));
#2434 = CARTESIAN_POINT('',(-2.782264115893,4.765191569384E-02,
    15.283471364101));
#2435 = CARTESIAN_POINT('',(-2.734901097833,-1.417528018181,
    15.365072433998));
#2436 = CARTESIAN_POINT('',(-1.81442193261,-2.799265651076,
    15.446659508503));
#2437 = CARTESIAN_POINT('',(-0.120497412099,-3.51093820052,
    15.528274094713));
#2438 = CARTESIAN_POINT('',(1.761313579618,-3.039557274937,
    15.609850666725));
#2439 = CARTESIAN_POINT('',(2.919739293879,-1.613428289461,
    15.691465252931));
#2440 = CARTESIAN_POINT('',(3.080187930515,3.907986627131E-02,
    15.773052327439));
#2441 = CARTESIAN_POINT('',(2.431274101528,1.353574265644,
    15.854653397335));
#2442 = CARTESIAN_POINT('',(0.320132030978,2.7641960492,16.017846364098)
  );
#2443 = CARTESIAN_POINT('',(-1.14263504864,2.860673844191,
    16.099447434018));
#2444 = CARTESIAN_POINT('',(-2.607941972638,2.080061009229,
    16.181034508462));
#2445 = CARTESIAN_POINT('',(-3.482221261733,0.464049306401,
    16.262649094767));
#2446 = CARTESIAN_POINT('',(-3.197559896126,-1.454903661356,
    16.344225666676));
#2447 = CARTESIAN_POINT('',(-1.891843687368,-2.74753632407,
    16.425840252961));
#2448 = CARTESIAN_POINT('',(-0.263019526585,-3.069186480468,
    16.507427327429));
#2449 = CARTESIAN_POINT('',(1.108749900797,-2.552240330937,
    16.589028397334));
#2450 = CARTESIAN_POINT('',(2.719507263482,-0.589529099797,
    16.752221364106));
#2451 = CARTESIAN_POINT('',(2.958896737655,0.856737878921,
    16.833822433979));
#2452 = CARTESIAN_POINT('',(2.325667961211,2.391502387433,16.91540950854
    ));
#2453 = CARTESIAN_POINT('',(0.803132152238,3.419968628511,
    16.997024094662));
#2454 = CARTESIAN_POINT('',(-1.134482225508,3.324768267656,
    17.078600666774));
#2455 = CARTESIAN_POINT('',(-2.548873077518,2.15203959631,
    17.160215252897));
#2456 = CARTESIAN_POINT('',(-3.028627086813,0.562585897647,
    17.241802327456));
#2457 = CARTESIAN_POINT('',(-2.648627090765,-0.853247668303,
    17.32340339733));
#2458 = CARTESIAN_POINT('',(-0.853248681119,-2.648628136189,
    17.486596364104));
#2459 = CARTESIAN_POINT('',(0.562589855118,-3.028623838014,
    17.568197433997));
#2460 = CARTESIAN_POINT('',(2.152031326836,-2.548877459422,
    17.649784508503));
#2461 = CARTESIAN_POINT('',(3.324779827956,-1.13448039639,
    17.731399094711));
#2462 = CARTESIAN_POINT('',(3.419957303164,0.803135105659,
    17.812975666727));
#2463 = CARTESIAN_POINT('',(2.391510187583,2.325662789857,
    17.894590252928));
#2464 = CARTESIAN_POINT('',(0.856734258945,2.958900358711,
    17.976177327441));
#2465 = CARTESIAN_POINT('',(-0.589528194326,2.719506123817,
    18.057778397334));
#2466 = CARTESIAN_POINT('',(-2.552241272059,1.108751011212,
    18.220971364099));
#2467 = CARTESIAN_POINT('',(-3.069183635198,-0.263023783472,
    18.302572434013));
#2468 = CARTESIAN_POINT('',(-2.747539874337,-1.891835028137,
    18.38415950847));
#2469 = CARTESIAN_POINT('',(-1.454902974158,-3.197571580153,
    18.465774094755));
#2470 = CARTESIAN_POINT('',(0.464053355709,-3.482210280299,
    18.547350666686));
#2471 = CARTESIAN_POINT('',(2.080055098189,-2.607949228419,
    18.628965252956));
#2472 = CARTESIAN_POINT('',(2.860677802657,-1.14263180099,
    18.710552327429));
#2473 = CARTESIAN_POINT('',(2.764194826263,0.320131241569,
    18.792153397337));
#2474 = CARTESIAN_POINT('',(1.353575462959,2.431274929279,
    18.955346364099));
#2475 = CARTESIAN_POINT('',(3.907535100728E-02,3.080185516194,
    19.036947434012));
#2476 = CARTESIAN_POINT('',(-1.613419323965,2.9197419783,19.118534508474
    ));
#2477 = CARTESIAN_POINT('',(-3.039568970021,1.761314040953,
    19.200149094754));
#2478 = CARTESIAN_POINT('',(-3.510927668905,-0.120502518257,
    19.281725666684));
#2479 = CARTESIAN_POINT('',(-2.79927229251,-1.814415338861,
    19.36334025296));
#2480 = CARTESIAN_POINT('',(-1.417525174177,-2.734905355552,
    19.444927327426));
#2481 = CARTESIAN_POINT('',(4.76512499558E-02,-2.782262821472,
    19.526528397337));
#2482 = CARTESIAN_POINT('',(2.286894079859,-1.585364243057,19.6897213641
    ));
#2483 = CARTESIAN_POINT('',(3.061523526873,-0.340798168501,
    19.771322434004));
#2484 = CARTESIAN_POINT('',(3.063825370913,1.319465509731,
    19.852909508492));
#2485 = CARTESIAN_POINT('',(2.050762690705,2.85229364909,19.934524094723
    ));
#2486 = CARTESIAN_POINT('',(0.224208824322,3.505832904812,
    20.016100666719));
#2487 = CARTESIAN_POINT('',(-1.531301767969,2.963636834171,
    20.097715252931));
#2488 = CARTESIAN_POINT('',(-2.582794274813,1.678767005045,
    20.179302327443));
#2489 = CARTESIAN_POINT('',(-2.773536104775,0.225287649241,
    20.260903397331));
#2490 = CARTESIAN_POINT('',(-1.801885098841,-2.120489190305,
    20.424096364108));
#2491 = CARTESIAN_POINT('',(-0.639238913347,-3.013377392389,
    20.505697433975));
#2492 = CARTESIAN_POINT('',(1.012804521369,-3.178402450353,
    20.587284508547));
#2493 = CARTESIAN_POINT('',(2.637549181072,-2.320461374668,
    20.668899094653));
#2494 = CARTESIAN_POINT('',(3.466975053378,-0.566760913378,
    20.750475666783));
#2495 = CARTESIAN_POINT('',(3.099459933026,1.233440923971,20.83209025289
    ));
#2496 = CARTESIAN_POINT('',(1.923841391945,2.405809473303,20.91367732746
    ));
#2497 = CARTESIAN_POINT('',(0.496056905224,2.73809871922,20.995278397329
    ));
#2498 = CARTESIAN_POINT('',(-1.933662830678,2.001052816118,
    21.158471364105));
#2499 = CARTESIAN_POINT('',(-2.936210786313,0.931523437992,
    21.240072433997));
#2500 = CARTESIAN_POINT('',(-3.262369776752,-0.696389671769,
    21.321659508491));
#2501 = CARTESIAN_POINT('',(-2.567812747027,-2.397403672663,
    21.403274094752));
#2502 = CARTESIAN_POINT('',(-0.903854785108,-3.394728336893,
    21.484850666648));
#2503 = CARTESIAN_POINT('',(0.923701369713,-3.205433538412,
    21.566465253034));
#2504 = CARTESIAN_POINT('',(2.205655411318,-2.150388134557,
    21.648052327335));
#2505 = CARTESIAN_POINT('',(2.676291946275,-0.762048862034,
    21.729653397415));
#2506 = CARTESIAN_POINT('',(2.180949300726,1.728214240934,
    21.892846363924));
#2507 = CARTESIAN_POINT('',(1.214836883597,2.830766865325,
    21.974447434962));
#2508 = CARTESIAN_POINT('',(-0.37326821129,3.314918698651,
    22.056034505986));
#2509 = CARTESIAN_POINT('',(-2.13416985203,2.790434679216,
    22.137649099284));
#2510 = CARTESIAN_POINT('',(-3.289788536791,1.232244040755,
    22.219225660385));
#2511 = CARTESIAN_POINT('',(-3.280537059916,-0.605066065881,
    22.300840259888));
#2512 = CARTESIAN_POINT('',(-2.356225469768,-1.984259682359,
    22.382427321328));
#2513 = CARTESIAN_POINT('',(-1.020701867613,-2.588711018627,
    22.464028401615));
#2514 = CARTESIAN_POINT('',(1.506121994697,-2.339842051858,
    22.627221355136));
#2515 = CARTESIAN_POINT('',(2.698061158474,-1.486450783116,
    22.708822482405));
#2516 = CARTESIAN_POINT('',(3.335543019778,4.655196653885E-02,
    22.790409381918));
#2517 = CARTESIAN_POINT('',(2.986183421504,1.8503828225,22.872024325311)
  );
#2518 = CARTESIAN_POINT('',(1.548765804622,3.153166255955,
    22.953600345957));
#2519 = CARTESIAN_POINT('',(-0.28060330617,3.324047236877,
    23.035215605814));
#2520 = CARTESIAN_POINT('',(-1.743754746282,2.539371047441,
    23.116802016817));
#2521 = CARTESIAN_POINT('',(-2.476199179455,1.269524969025,
    23.198403615227));
#2522 = CARTESIAN_POINT('',(-2.476200231409,-1.404682437034E-08,
    23.279999761438));
#2523 = DEFINITIONAL_REPRESENTATION('',(#2524),#2527);
#2524 = B_SPLINE_CURVE_WITH_KNOTS('',1,(#2525,#2526),.UNSPECIFIED.,.F.,
  .F.,(2,2),(0.,149.51323059183),.PIECEWISE_BEZIER_KNOTS.);
#2525 = CARTESIAN_POINT('',(0.44,0.));
#2526 = CARTESIAN_POINT('',(0.44,149.51323059183));
#2527 = ( GEOMETRIC_REPRESENTATION_CONTEXT(2) 
PARAMETRIC_REPRESENTATION_CONTEXT() REPRESENTATION_CONTEXT('2D SPACE',''
  ) );
#2528 = ORIENTED_EDGE('',*,*,#2529,.T.);
#2529 = EDGE_CURVE('',#1217,#2530,#2532,.T.);
#2530 = VERTEX_POINT('',#2531);
#2531 = CARTESIAN_POINT('',(3.0162,-1.7763568394E-15,0.));
#2532 = SURFACE_CURVE('',#2533,(#2536,#2543),.PCURVE_S1.);
#2533 = B_SPLINE_CURVE_WITH_KNOTS('',1,(#2534,#2535),.UNSPECIFIED.,.F.,
  .F.,(2,2),(0.,0.583095189485),.PIECEWISE_BEZIER_KNOTS.);
#2534 = CARTESIAN_POINT('',(2.4762,1.554312234475E-15,-0.22));
#2535 = CARTESIAN_POINT('',(3.0162,-1.7763568394E-15,-1.110223024625E-16
    ));
#2536 = PCURVE('',#1482,#2537);
#2537 = DEFINITIONAL_REPRESENTATION('',(#2538),#2542);
#2538 = LINE('',#2539,#2540);
#2539 = CARTESIAN_POINT('',(0.,0.));
#2540 = VECTOR('',#2541,1.);
#2541 = DIRECTION('',(1.,0.));
#2542 = ( GEOMETRIC_REPRESENTATION_CONTEXT(2) 
PARAMETRIC_REPRESENTATION_CONTEXT() REPRESENTATION_CONTEXT('2D SPACE',''
  ) );
#2543 = PCURVE('',#2544,#2549);
#2544 = PLANE('',#2545);
#2545 = AXIS2_PLACEMENT_3D('',#2546,#2547,#2548);
#2546 = CARTESIAN_POINT('',(2.672236165105,-1.399545709982E-16,
    2.894463182255E-16));
#2547 = DIRECTION('',(-4.757483497943E-15,-1.,-3.02788097625E-15));
#2548 = DIRECTION('',(-1.,4.757483497943E-15,0.));
#2549 = DEFINITIONAL_REPRESENTATION('',(#2550),#2553);
#2550 = B_SPLINE_CURVE_WITH_KNOTS('',1,(#2551,#2552),.UNSPECIFIED.,.F.,
  .F.,(2,2),(0.,0.583095189485),.PIECEWISE_BEZIER_KNOTS.);
#2551 = CARTESIAN_POINT('',(0.196036165105,0.22));
#2552 = CARTESIAN_POINT('',(-0.343963834895,4.00468620688E-16));
#2553 = ( GEOMETRIC_REPRESENTATION_CONTEXT(2) 
PARAMETRIC_REPRESENTATION_CONTEXT() REPRESENTATION_CONTEXT('2D SPACE',''
  ) );
#2554 = ORIENTED_EDGE('',*,*,#2555,.T.);
#2555 = EDGE_CURVE('',#2530,#2556,#2558,.T.);
#2556 = VERTEX_POINT('',#2557);
#2557 = CARTESIAN_POINT('',(-3.0162,1.939790905681E-08,23.500000329443)
  );
#2558 = SURFACE_CURVE('',#2559,(#2818,#2825),.PCURVE_S1.);
#2559 = B_SPLINE_CURVE_WITH_KNOTS('',9,(#2560,#2561,#2562,#2563,#2564,
    #2565,#2566,#2567,#2568,#2569,#2570,#2571,#2572,#2573,#2574,#2575,
    #2576,#2577,#2578,#2579,#2580,#2581,#2582,#2583,#2584,#2585,#2586,
    #2587,#2588,#2589,#2590,#2591,#2592,#2593,#2594,#2595,#2596,#2597,
    #2598,#2599,#2600,#2601,#2602,#2603,#2604,#2605,#2606,#2607,#2608,
    #2609,#2610,#2611,#2612,#2613,#2614,#2615,#2616,#2617,#2618,#2619,
    #2620,#2621,#2622,#2623,#2624,#2625,#2626,#2627,#2628,#2629,#2630,
    #2631,#2632,#2633,#2634,#2635,#2636,#2637,#2638,#2639,#2640,#2641,
    #2642,#2643,#2644,#2645,#2646,#2647,#2648,#2649,#2650,#2651,#2652,
    #2653,#2654,#2655,#2656,#2657,#2658,#2659,#2660,#2661,#2662,#2663,
    #2664,#2665,#2666,#2667,#2668,#2669,#2670,#2671,#2672,#2673,#2674,
    #2675,#2676,#2677,#2678,#2679,#2680,#2681,#2682,#2683,#2684,#2685,
    #2686,#2687,#2688,#2689,#2690,#2691,#2692,#2693,#2694,#2695,#2696,
    #2697,#2698,#2699,#2700,#2701,#2702,#2703,#2704,#2705,#2706,#2707,
    #2708,#2709,#2710,#2711,#2712,#2713,#2714,#2715,#2716,#2717,#2718,
    #2719,#2720,#2721,#2722,#2723,#2724,#2725,#2726,#2727,#2728,#2729,
    #2730,#2731,#2732,#2733,#2734,#2735,#2736,#2737,#2738,#2739,#2740,
    #2741,#2742,#2743,#2744,#2745,#2746,#2747,#2748,#2749,#2750,#2751,
    #2752,#2753,#2754,#2755,#2756,#2757,#2758,#2759,#2760,#2761,#2762,
    #2763,#2764,#2765,#2766,#2767,#2768,#2769,#2770,#2771,#2772,#2773,
    #2774,#2775,#2776,#2777,#2778,#2779,#2780,#2781,#2782,#2783,#2784,
    #2785,#2786,#2787,#2788,#2789,#2790,#2791,#2792,#2793,#2794,#2795,
    #2796,#2797,#2798,#2799,#2800,#2801,#2802,#2803,#2804,#2805,#2806,
    #2807,#2808,#2809,#2810,#2811,#2812,#2813,#2814,#2815,#2816,#2817),
  .UNSPECIFIED.,.F.,.F.,(10,8,8,8,8,8,8,8,8,8,8,8,8,8,8,8,8,8,8,8,8,8,8,
    8,8,8,8,8,8,8,8,8,10),(0.,4.672288455995,9.34457691199,
    14.016865367984,18.689153823979,23.361442279974,28.033730735969,
    32.706019191963,37.378307647958,42.050596103953,46.722884559948,
    51.395173015942,56.067461471937,60.739749927932,65.412038383927,
    70.084326839921,74.756615295916,79.428903751911,84.101192207906,
    88.7734806639,93.445769119895,98.11805757589,102.79034603188,
    107.46263448787,112.13492294387,116.80721139986,121.47949985586,
    126.15178831185,130.82407676785,135.49636522384,140.16865367984,
    144.84094213583,149.51323059183),.UNSPECIFIED.);
#2560 = CARTESIAN_POINT('',(3.0162,-1.7763568394E-15,-1.110223024625E-16
    ));
#2561 = CARTESIAN_POINT('',(3.01620000109,1.546375883878,
    8.159870815683E-02));
#2562 = CARTESIAN_POINT('',(2.124023127478,3.093154834237,0.163189887033
    ));
#2563 = CARTESIAN_POINT('',(0.341798082544,4.048926973441,0.244802039107
    ));
#2564 = CARTESIAN_POINT('',(-1.886510492544,3.840814693929,
    0.326374352117));
#2565 = CARTESIAN_POINT('',(-3.637409719536,2.253892107486,
    0.408000852803));
#2566 = CARTESIAN_POINT('',(-4.062932381135,5.671204717421E-02,
    0.489573602862));
#2567 = CARTESIAN_POINT('',(-3.286451107927,-1.81061316583,
    0.571185080289));
#2568 = CARTESIAN_POINT('',(-1.834568996204,-2.850104819894,
    0.652776909818));
#2569 = CARTESIAN_POINT('',(1.243290379899,-3.153247520267,
    0.815973413155));
#2570 = CARTESIAN_POINT('',(2.870069750598,-2.416977560482,0.89756530759
    ));
#2571 = CARTESIAN_POINT('',(3.995928240839,-0.737016482114,0.97917656132
    ));
#2572 = CARTESIAN_POINT('',(4.007230459532,1.500960762797,1.060749786433
    ));
#2573 = CARTESIAN_POINT('',(2.599567518203,3.398974533695,1.142375540566
    ));
#2574 = CARTESIAN_POINT('',(0.454675966444,4.037809501183,1.223948774266
    ));
#2575 = CARTESIAN_POINT('',(-1.479766025262,3.448097071304,
    1.305560014741));
#2576 = CARTESIAN_POINT('',(-2.656561580142,2.105094169323,
    1.387151921959));
#2577 = CARTESIAN_POINT('',(-3.259927538883,-0.928231292296,
    1.55034840736));
#2578 = CARTESIAN_POINT('',(-2.686655182887,-2.619344351431,
    1.631940315853));
#2579 = CARTESIAN_POINT('',(-1.125137004883,-3.904446506356,
    1.713551551932));
#2580 = CARTESIAN_POINT('',(1.100955955685,-4.135054431163,
    1.795124794967));
#2581 = CARTESIAN_POINT('',(3.127805368412,-2.920207654012,1.87675053443
    ));
#2582 = CARTESIAN_POINT('',(3.973800306585,-0.848261117838,
    1.958323777634));
#2583 = CARTESIAN_POINT('',(3.576535975673,1.134667932861,2.039935013453
    ));
#2584 = CARTESIAN_POINT('',(2.355346134698,2.437434199424,2.121526922198
    ));
#2585 = CARTESIAN_POINT('',(-0.604232829862,3.335212673588,
    2.284723407245));
#2586 = CARTESIAN_POINT('',(-2.34339323437,2.930458846712,2.366315316017
    ));
#2587 = CARTESIAN_POINT('',(-3.775362817527,1.502421843793,
    2.447926551745));
#2588 = CARTESIAN_POINT('',(-4.223055568265,-0.690348341383,
    2.529499795139));
#2589 = CARTESIAN_POINT('',(-3.212724593698,-2.826513727235,
    2.611125534306));
#2590 = CARTESIAN_POINT('',(-1.233677050997,-3.871521242934,
    2.692698777703));
#2591 = CARTESIAN_POINT('',(0.778642368008,-3.670530883386,
    2.774310013426));
#2592 = CARTESIAN_POINT('',(2.194832994925,-2.582914829247,
    2.855901922202));
#2593 = CARTESIAN_POINT('',(3.378377887035,0.274415274977,3.019098407244
    ));
#2594 = CARTESIAN_POINT('',(3.146040589889,2.044873959425,3.100690316017
    ));
#2595 = CARTESIAN_POINT('',(1.865237539043,3.609920320949,3.182301551746
    ));
#2596 = CARTESIAN_POINT('',(-0.273092295175,4.270386371683,
    3.263874795135));
#2597 = CARTESIAN_POINT('',(-2.498001213733,3.474301239294,
    3.345500534311));
#2598 = CARTESIAN_POINT('',(-3.731957313326,1.607211999758,
    3.427073777699));
#2599 = CARTESIAN_POINT('',(-3.729176572177,-0.415118051501,
    3.508685013429));
#2600 = CARTESIAN_POINT('',(-2.785608642025,-1.931094348868,
    3.590276922202));
#2601 = CARTESIAN_POINT('',(-5.804504901741E-02,-3.38900747462,
    3.753473407244));
#2602 = CARTESIAN_POINT('',(1.726661430408,-3.331324242386,
    3.835065316018));
#2603 = CARTESIAN_POINT('',(3.409712318301,-2.210089977147,
    3.916676551744));
#2604 = CARTESIAN_POINT('',(4.276591019905,-0.146793779126,
    3.998249795138));
#2605 = CARTESIAN_POINT('',(3.702418464716,2.145431582996,4.079875534308
    ));
#2606 = CARTESIAN_POINT('',(1.965268618366,3.556452594695,4.161448777701
    ));
#2607 = CARTESIAN_POINT('',(-4.759592123033E-02,3.751908252001,
    4.243060013427));
#2608 = CARTESIAN_POINT('',(-1.648758208588,2.961475520812,
    4.324651922202));
#2609 = CARTESIAN_POINT('',(-3.366999067605,0.389946367459,
    4.487848407243));
#2610 = CARTESIAN_POINT('',(-3.484525421341,-1.391820207925,
    4.569440316021));
#2611 = CARTESIAN_POINT('',(-2.533658040616,-3.17666692209,
    4.651051551741));
#2612 = CARTESIAN_POINT('',(-0.565266149084,-4.241609758782,
    4.732624795141));
#2613 = CARTESIAN_POINT('',(1.772200273301,-3.894879376375,
    4.814250534304));
#2614 = CARTESIAN_POINT('',(3.346697293424,-2.304398625855,
    4.895823777705));
#2615 = CARTESIAN_POINT('',(3.738507004357,-0.32038458378,4.977435013425
    ));
#2616 = CARTESIAN_POINT('',(3.108821771426,1.350543625456,5.059026922203
    ));
#2617 = CARTESIAN_POINT('',(0.718092289215,3.31256461898,5.222223407243)
  );
#2618 = CARTESIAN_POINT('',(-1.043574995996,3.604168715653,5.30381531602
    ));
#2619 = CARTESIAN_POINT('',(-2.913028486874,2.832825592113,
    5.385426551743));
#2620 = CARTESIAN_POINT('',(-4.165779476987,0.978294697026,
    5.466999795139));
#2621 = CARTESIAN_POINT('',(-4.049830470478,-1.381901706195,
    5.548625534307));
#2622 = CARTESIAN_POINT('',(-2.621336014866,-3.104711467723,
    5.630198777702));
#2623 = CARTESIAN_POINT('',(-0.685279610108,-3.689101890586,
    5.711810013428));
#2624 = CARTESIAN_POINT('',(1.039322568929,-3.226228368927,
    5.793401922201));
#2625 = CARTESIAN_POINT('',(3.226228362242,-1.039322589678,
    5.956598407246));
#2626 = CARTESIAN_POINT('',(3.689101894997,0.68527958638,6.038190316011)
  );
#2627 = CARTESIAN_POINT('',(3.104711484575,2.621335994904,6.119801551758
    ));
#2628 = CARTESIAN_POINT('',(1.381901732248,4.049830461582,6.201374795121
    ));
#2629 = CARTESIAN_POINT('',(-0.978294670238,4.165779483287,
    6.283000534324));
#2630 = CARTESIAN_POINT('',(-2.832825573378,2.913028505086,6.36457377769
    ));
#2631 = CARTESIAN_POINT('',(-3.604168708941,1.043575019179,
    6.446185013433));
#2632 = CARTESIAN_POINT('',(-3.312564623599,-0.718092267912,
    6.527776922201));
#2633 = CARTESIAN_POINT('',(-1.350543645449,-3.10882176274,
    6.690973407243));
#2634 = CARTESIAN_POINT('',(0.320384559733,-3.738507006419,
    6.772565316022));
#2635 = CARTESIAN_POINT('',(2.304398604339,-3.346697308243,
    6.854176551738));
#2636 = CARTESIAN_POINT('',(3.894879364967,-1.772200298349,
    6.935749795145));
#2637 = CARTESIAN_POINT('',(4.241609762427,0.565266121801,7.017375534301
    ));
#2638 = CARTESIAN_POINT('',(3.176666938378,2.533658020191,7.098948777707
    ));
#2639 = CARTESIAN_POINT('',(1.391820230338,3.484525412386,7.180560013424
    ));
#2640 = CARTESIAN_POINT('',(-0.389946345805,3.366999070114,
    7.262151922203));
#2641 = CARTESIAN_POINT('',(-2.961475510208,1.648758227633,
    7.425348407243));
#2642 = CARTESIAN_POINT('',(-3.751908251697,4.759594536379E-02,
    7.506940316019));
#2643 = CARTESIAN_POINT('',(-3.556452607332,-1.965268595501,
    7.588551551743));
#2644 = CARTESIAN_POINT('',(-2.145431606807,-3.702418450908,
    7.670124795139));
#2645 = CARTESIAN_POINT('',(0.146793751618,-4.276591020858,
    7.751750534307));
#2646 = CARTESIAN_POINT('',(2.210089955223,-3.409712332509,
    7.833323777702));
#2647 = CARTESIAN_POINT('',(3.331324231278,-1.726661451835,
    7.914935013427));
#2648 = CARTESIAN_POINT('',(3.389007474995,5.804502722203E-02,
    7.996526922202));
#2649 = CARTESIAN_POINT('',(1.931094366783,2.785608629605,8.159723407244
    ));
#2650 = CARTESIAN_POINT('',(0.415118075487,3.729176569508,8.241315316017
    ));
#2651 = CARTESIAN_POINT('',(-1.607211975762,3.731957323661,
    8.322926551747));
#2652 = CARTESIAN_POINT('',(-3.474301223223,2.498001236077,
    8.404499795133));
#2653 = CARTESIAN_POINT('',(-4.270386369931,0.273092322641,
    8.486125534312));
#2654 = CARTESIAN_POINT('',(-3.609920332942,-1.86523751583,
    8.567698777698));
#2655 = CARTESIAN_POINT('',(-2.04487397966,-3.146040576736,
    8.649310013429));
#2656 = CARTESIAN_POINT('',(-0.274415296704,-3.378377885271,
    8.730901922202));
#2657 = CARTESIAN_POINT('',(2.582914815131,-2.194833011536,
    8.894098407243));
#2658 = CARTESIAN_POINT('',(3.670530878379,-0.778642391618,
    8.975690316019));
#2659 = CARTESIAN_POINT('',(3.871521250869,1.233677026106,9.057301551745
    ));
#2660 = CARTESIAN_POINT('',(2.826513747894,3.21272457551,9.138874795136)
  );
#2661 = CARTESIAN_POINT('',(0.690348368549,4.223055563834,9.22050053431)
  );
#2662 = CARTESIAN_POINT('',(-1.502421819519,3.775362827184,9.3020737777)
  );
#2663 = CARTESIAN_POINT('',(-2.930458831637,2.343393253219,
    9.383685013428));
#2664 = CARTESIAN_POINT('',(-3.335212669704,0.604232851312,
    9.465276922202));
#2665 = CARTESIAN_POINT('',(-2.43743421457,-2.355346119022,
    9.628473407243));
#2666 = CARTESIAN_POINT('',(-1.134667955868,-3.576535968376,
    9.710065316019));
#2667 = CARTESIAN_POINT('',(0.848261092293,-3.973800312041,
    9.791676551743));
#2668 = CARTESIAN_POINT('',(2.92020763388,-3.12780538719,9.873249795139)
  );
#2669 = CARTESIAN_POINT('',(4.1350544241,-1.100955982284,9.954875534307)
  );
#2670 = CARTESIAN_POINT('',(3.904446513577,1.125136979778,
    10.036448777702));
#2671 = CARTESIAN_POINT('',(2.619344368721,2.686655166038,
    10.118060013427));
#2672 = CARTESIAN_POINT('',(0.928231313254,3.259927532914,
    10.199651922202));
#2673 = CARTESIAN_POINT('',(-2.105094152223,2.656561593682,
    10.362848407244));
#2674 = CARTESIAN_POINT('',(-3.448097061864,1.47976604743,
    10.444440316016));
#2675 = CARTESIAN_POINT('',(-4.037809503906,-0.454675940453,
    10.526051551748));
#2676 = CARTESIAN_POINT('',(-3.398974550778,-2.599567496389,
    10.607624795133));
#2677 = CARTESIAN_POINT('',(-1.500960788063,-4.00723044981,
    10.689250534312));
#2678 = CARTESIAN_POINT('',(0.737016455857,-3.995928245658,
    10.770823777699));
#2679 = CARTESIAN_POINT('',(2.416977542516,-2.870069766073,
    10.852435013428));
#2680 = CARTESIAN_POINT('',(3.153247511924,-1.243290400227,
    10.934026922203));
#2681 = CARTESIAN_POINT('',(2.850104832421,1.834568977978,
    11.097223407241));
#2682 = CARTESIAN_POINT('',(1.810613183033,3.286451095724,
    11.178815316026));
#2683 = CARTESIAN_POINT('',(-5.671201075545E-02,4.062932382961,
    11.260426551732));
#2684 = CARTESIAN_POINT('',(-2.253892102841,3.637409731369,
    11.341999795153));
#2685 = CARTESIAN_POINT('',(-3.840814655713,1.886510520948,
    11.423625534293));
#2686 = CARTESIAN_POINT('',(-4.048927004337,-0.341798060575,
    11.505198777713));
#2687 = CARTESIAN_POINT('',(-3.093154822637,-2.124023104005,
    11.586810013421));
#2688 = CARTESIAN_POINT('',(-1.546375920995,-3.016199993655,
    11.668401922204));
#2689 = CARTESIAN_POINT('',(1.546375901596,-3.016200003599,
    11.831598407243));
#2690 = CARTESIAN_POINT('',(3.093154808977,-2.124023123902,
    11.913190316019));
#2691 = CARTESIAN_POINT('',(4.048927002139,-0.341798086607,
    11.994801551745));
#2692 = CARTESIAN_POINT('',(3.840814667843,1.886510496237,
    12.076374795137));
#2693 = CARTESIAN_POINT('',(2.25389212624,3.637409716881,12.158000534308
    ));
#2694 = CARTESIAN_POINT('',(5.671203687915E-02,4.062932382592,
    12.239573777702));
#2695 = CARTESIAN_POINT('',(-1.810613161893,3.28645110737,
    12.321185013427));
#2696 = CARTESIAN_POINT('',(-2.850104820624,1.834568996307,
    12.402776922203));
#2697 = CARTESIAN_POINT('',(-3.153247519919,-1.243290379948,
    12.565973407242));
#2698 = CARTESIAN_POINT('',(-2.416977560979,-2.870069750527,
    12.647565316024));
#2699 = CARTESIAN_POINT('',(-0.73701648155,-3.995928240921,
    12.729176551733));
#2700 = CARTESIAN_POINT('',(1.500960762285,-4.007230459456,
    12.810749795153));
#2701 = CARTESIAN_POINT('',(3.398974534063,-2.599567518259,
    12.892375534293));
#2702 = CARTESIAN_POINT('',(4.037809500982,-0.454675966413,
    12.973948777713));
#2703 = CARTESIAN_POINT('',(3.448097071381,1.47976602525,13.05556001342)
  );
#2704 = CARTESIAN_POINT('',(2.105094169309,2.656561580144,
    13.137151922205));
#2705 = CARTESIAN_POINT('',(-0.928231292289,3.259927538882,
    13.300348407241));
#2706 = CARTESIAN_POINT('',(-2.61934435144,2.686655182887,
    13.381940316025));
#2707 = CARTESIAN_POINT('',(-3.904446506346,1.125137004883,
    13.463551551734));
#2708 = CARTESIAN_POINT('',(-4.135054431172,-1.100955955686,
    13.545124795149));
#2709 = CARTESIAN_POINT('',(-2.920207654006,-3.127805368411,
    13.626750534297));
#2710 = CARTESIAN_POINT('',(-0.848261117842,-3.973800306586,
    13.70832377771));
#2711 = CARTESIAN_POINT('',(1.134667932862,-3.576535975673,
    13.789935013422));
#2712 = CARTESIAN_POINT('',(2.437434199424,-2.355346134698,
    13.871526922204));
#2713 = CARTESIAN_POINT('',(3.335212673588,0.604232829862,
    14.034723407243));
#2714 = CARTESIAN_POINT('',(2.930458846711,2.343393234371,14.11631531602
    ));
#2715 = CARTESIAN_POINT('',(1.502421843794,3.775362817524,
    14.197926551743));
#2716 = CARTESIAN_POINT('',(-0.690348341384,4.223055568269,
    14.279499795139));
#2717 = CARTESIAN_POINT('',(-2.826513727235,3.212724593695,
    14.361125534307));
#2718 = CARTESIAN_POINT('',(-3.871521242934,1.233677050999,
    14.442698777701));
#2719 = CARTESIAN_POINT('',(-3.670530883387,-0.778642368008,
    14.524310013428));
#2720 = CARTESIAN_POINT('',(-2.582914829246,-2.194832994925,
    14.605901922201));
#2721 = CARTESIAN_POINT('',(0.274415274976,-3.378377887035,
    14.769098407247));
#2722 = CARTESIAN_POINT('',(2.044873959426,-3.14604058989,
    14.850690316008));
#2723 = CARTESIAN_POINT('',(3.609920320947,-1.86523753904,
    14.932301551762));
#2724 = CARTESIAN_POINT('',(4.270386371684,0.27309229517,15.013874795116
    ));
#2725 = CARTESIAN_POINT('',(3.474301239295,2.498001213738,
    15.095500534329));
#2726 = CARTESIAN_POINT('',(1.607211999758,3.731957313322,
    15.177073777686));
#2727 = CARTESIAN_POINT('',(-0.4151180515,3.729176572178,15.258685013436
    ));
#2728 = CARTESIAN_POINT('',(-1.931094348868,2.785608642025,
    15.340276922199));
#2729 = CARTESIAN_POINT('',(-3.38900747462,5.804504901755E-02,
    15.503473407245));
#2730 = CARTESIAN_POINT('',(-3.331324242387,-1.726661430408,
    15.585065316015));
#2731 = CARTESIAN_POINT('',(-2.210089977147,-3.409712318301,
    15.66667655175));
#2732 = CARTESIAN_POINT('',(-0.146793779127,-4.276591019905,
    15.74824979513));
#2733 = CARTESIAN_POINT('',(2.145431582998,-3.702418464717,
    15.829875534316));
#2734 = CARTESIAN_POINT('',(3.556452594694,-1.965268618366,
    15.911448777695));
#2735 = CARTESIAN_POINT('',(3.751908252002,4.759592123006E-02,
    15.993060013432));
#2736 = CARTESIAN_POINT('',(2.961475520812,1.648758208588,16.0746519222)
  );
#2737 = CARTESIAN_POINT('',(0.389946367459,3.366999067605,
    16.237848407248));
#2738 = CARTESIAN_POINT('',(-1.391820207928,3.484525421343,
    16.319440316003));
#2739 = CARTESIAN_POINT('',(-3.176666922085,2.533658040612,
    16.40105155177));
#2740 = CARTESIAN_POINT('',(-4.241609758788,0.565266149091,
    16.482624795107));
#2741 = CARTESIAN_POINT('',(-3.89487937637,-1.772200273308,
    16.564250534337));
#2742 = CARTESIAN_POINT('',(-2.304398625857,-3.346697293419,
    16.64582377768));
#2743 = CARTESIAN_POINT('',(-0.32038458378,-3.738507004359,
    16.727435013438));
#2744 = CARTESIAN_POINT('',(1.350543625456,-3.108821771426,16.8090269222
    ));
#2745 = CARTESIAN_POINT('',(3.31256461898,-0.718092289215,
    16.972223407242));
#2746 = CARTESIAN_POINT('',(3.604168715653,1.043574995996,
    17.053815316026));
#2747 = CARTESIAN_POINT('',(2.832825592115,2.913028486875,17.13542655173
    ));
#2748 = CARTESIAN_POINT('',(0.978294697023,4.165779476985,
    17.216999795156));
#2749 = CARTESIAN_POINT('',(-1.381901706192,4.049830470479,
    17.298625534291));
#2750 = CARTESIAN_POINT('',(-3.104711467726,2.621336014865,
    17.380198777714));
#2751 = CARTESIAN_POINT('',(-3.689101890585,0.685279610108,
    17.461810013421));
#2752 = CARTESIAN_POINT('',(-3.226228368927,-1.039322568929,
    17.543401922204));
#2753 = CARTESIAN_POINT('',(-1.039322589677,-3.226228362242,
    17.706598407243));
#2754 = CARTESIAN_POINT('',(0.685279586379,-3.689101894996,
    17.788190316019));
#2755 = CARTESIAN_POINT('',(2.621335994905,-3.104711484577,
    17.869801551742));
#2756 = CARTESIAN_POINT('',(4.049830461581,-1.381901732244,
    17.951374795142));
#2757 = CARTESIAN_POINT('',(4.165779483288,0.978294670234,
    18.033000534303));
#2758 = CARTESIAN_POINT('',(2.913028505085,2.832825573381,
    18.114573777705));
#2759 = CARTESIAN_POINT('',(1.043575019179,3.60416870894,18.196185013426
    ));
#2760 = CARTESIAN_POINT('',(-0.718092267912,3.312564623599,
    18.277776922201));
#2761 = CARTESIAN_POINT('',(-3.108821762739,1.35054364545,
    18.440973407247));
#2762 = CARTESIAN_POINT('',(-3.738507006422,-0.320384559734,
    18.522565316007));
#2763 = CARTESIAN_POINT('',(-3.346697308235,-2.304398604337,
    18.604176551763));
#2764 = CARTESIAN_POINT('',(-1.77220029836,-3.894879364969,
    18.685749795114));
#2765 = CARTESIAN_POINT('',(0.565266121811,-4.241609762427,
    18.767375534331));
#2766 = CARTESIAN_POINT('',(2.533658020185,-3.176666938377,
    18.848948777683));
#2767 = CARTESIAN_POINT('',(3.484525412389,-1.391820230339,
    18.930560013438));
#2768 = CARTESIAN_POINT('',(3.366999070114,0.389946345805,
    19.012151922198));
#2769 = CARTESIAN_POINT('',(1.648758227634,2.961475510207,
    19.175348407248));
#2770 = CARTESIAN_POINT('',(4.759594536304E-02,3.751908251698,
    19.256940316007));
#2771 = CARTESIAN_POINT('',(-1.9652685955,3.556452607329,19.338551551764
    ));
#2772 = CARTESIAN_POINT('',(-3.702418450908,2.145431606812,
    19.420124795114));
#2773 = CARTESIAN_POINT('',(-4.27659102086,-0.146793751622,
    19.501750534332));
#2774 = CARTESIAN_POINT('',(-3.409712332507,-2.210089955221,
    19.583323777682));
#2775 = CARTESIAN_POINT('',(-1.726661451836,-3.331324231279,
    19.664935013439));
#2776 = CARTESIAN_POINT('',(5.80450272223E-02,-3.389007474994,
    19.746526922198));
#2777 = CARTESIAN_POINT('',(2.785608629604,-1.931094366783,
    19.909723407246));
#2778 = CARTESIAN_POINT('',(3.72917656951,-0.415118075487,
    19.991315316013));
#2779 = CARTESIAN_POINT('',(3.731957323658,1.607211975762,
    20.072926551751));
#2780 = CARTESIAN_POINT('',(2.498001236081,3.474301223222,20.15449979513
    ));
#2781 = CARTESIAN_POINT('',(0.273092322639,4.270386369933,
    20.236125534314));
#2782 = CARTESIAN_POINT('',(-1.865237515829,3.609920332941,
    20.317698777698));
#2783 = CARTESIAN_POINT('',(-3.146040576735,2.04487397966,
    20.399310013428));
#2784 = CARTESIAN_POINT('',(-3.378377885271,0.274415296704,
    20.480901922203));
#2785 = CARTESIAN_POINT('',(-2.194833011536,-2.582914815131,
    20.64409840724));
#2786 = CARTESIAN_POINT('',(-0.778642391618,-3.670530878379,
    20.725690316029));
#2787 = CARTESIAN_POINT('',(1.233677026107,-3.871521250869,
    20.807301551728));
#2788 = CARTESIAN_POINT('',(3.212724575509,-2.826513747893,
    20.888874795157));
#2789 = CARTESIAN_POINT('',(4.223055563834,-0.69034836855,20.97050053429
    ));
#2790 = CARTESIAN_POINT('',(3.775362827185,1.50242181952,21.052073777715
    ));
#2791 = CARTESIAN_POINT('',(2.343393253218,2.930458831636,21.13368501342
    ));
#2792 = CARTESIAN_POINT('',(0.604232851312,3.335212669704,
    21.215276922204));
#2793 = CARTESIAN_POINT('',(-2.355346119022,2.437434214571,
    21.378473407244));
#2794 = CARTESIAN_POINT('',(-3.576535968375,1.134667955867,
    21.460065316003));
#2795 = CARTESIAN_POINT('',(-3.973800312042,-0.84826109229,
    21.541676551793));
#2796 = CARTESIAN_POINT('',(-3.127805387189,-2.920207633886,
    21.623249795038));
#2797 = CARTESIAN_POINT('',(-1.100955982286,-4.135054424091,
    21.704875534457));
#2798 = CARTESIAN_POINT('',(1.12513697978,-3.904446513589,21.78644877753
    ));
#2799 = CARTESIAN_POINT('',(2.686655166036,-2.619344368711,
    21.868060013585));
#2800 = CARTESIAN_POINT('',(3.259927532915,-0.928231313261,
    21.949651922087));
#2801 = CARTESIAN_POINT('',(2.65656159368,2.105094152237,22.112848407489
    ));
#2802 = CARTESIAN_POINT('',(1.479766047441,3.448097061789,
    22.194440314695));
#2803 = CARTESIAN_POINT('',(-0.454675940483,4.037809504105,
    22.276051555197));
#2804 = CARTESIAN_POINT('',(-2.599567496334,3.398974550415,
    22.357624788859));
#2805 = CARTESIAN_POINT('',(-4.007230449886,1.50096078857,
    22.439250543031));
#2806 = CARTESIAN_POINT('',(-3.995928245575,-0.737016456418,
    22.520823768113));
#2807 = CARTESIAN_POINT('',(-2.870069766144,-2.416977542021,
    22.602435021862));
#2808 = CARTESIAN_POINT('',(-1.243290400178,-3.153247512272,
    22.684026916289));
#2809 = CARTESIAN_POINT('',(1.834568977874,-2.850104831692,
    22.847223419626));
#2810 = CARTESIAN_POINT('',(3.286451096282,-1.810613186971,
    22.928815249164));
#2811 = CARTESIAN_POINT('',(4.062932381502,5.671202105262E-02,
    23.010426726568));
#2812 = CARTESIAN_POINT('',(3.637409734025,2.253892084083,
    23.091999476666));
#2813 = CARTESIAN_POINT('',(1.886510517255,3.840814681802,
    23.173625977304));
#2814 = CARTESIAN_POINT('',(-0.341798056513,4.048926975638,
    23.25519829036));
#2815 = CARTESIAN_POINT('',(-2.12402310758,3.093154847896,
    23.336810442398));
#2816 = CARTESIAN_POINT('',(-3.016199991147,1.546375903277,
    23.418401621297));
#2817 = CARTESIAN_POINT('',(-3.0162,1.939790994498E-08,23.500000329443)
  );
#2818 = PCURVE('',#1482,#2819);
#2819 = DEFINITIONAL_REPRESENTATION('',(#2820),#2824);
#2820 = LINE('',#2821,#2822);
#2821 = CARTESIAN_POINT('',(0.583095189485,0.));
#2822 = VECTOR('',#2823,1.);
#2823 = DIRECTION('',(0.,1.));
#2824 = ( GEOMETRIC_REPRESENTATION_CONTEXT(2) 
PARAMETRIC_REPRESENTATION_CONTEXT() REPRESENTATION_CONTEXT('2D SPACE',''
  ) );
#2825 = PCURVE('',#2826,#3343);
#2826 = B_SPLINE_SURFACE_WITH_KNOTS('',1,9,(
    (#2827,#2828,#2829,#2830,#2831,#2832,#2833,#2834,#2835,#2836,#2837
      ,#2838,#2839,#2840,#2841,#2842,#2843,#2844,#2845,#2846,#2847,#2848
      ,#2849,#2850,#2851,#2852,#2853,#2854,#2855,#2856,#2857,#2858,#2859
      ,#2860,#2861,#2862,#2863,#2864,#2865,#2866,#2867,#2868,#2869,#2870
      ,#2871,#2872,#2873,#2874,#2875,#2876,#2877,#2878,#2879,#2880,#2881
      ,#2882,#2883,#2884,#2885,#2886,#2887,#2888,#2889,#2890,#2891,#2892
      ,#2893,#2894,#2895,#2896,#2897,#2898,#2899,#2900,#2901,#2902,#2903
      ,#2904,#2905,#2906,#2907,#2908,#2909,#2910,#2911,#2912,#2913,#2914
      ,#2915,#2916,#2917,#2918,#2919,#2920,#2921,#2922,#2923,#2924,#2925
      ,#2926,#2927,#2928,#2929,#2930,#2931,#2932,#2933,#2934,#2935,#2936
      ,#2937,#2938,#2939,#2940,#2941,#2942,#2943,#2944,#2945,#2946,#2947
      ,#2948,#2949,#2950,#2951,#2952,#2953,#2954,#2955,#2956,#2957,#2958
      ,#2959,#2960,#2961,#2962,#2963,#2964,#2965,#2966,#2967,#2968,#2969
      ,#2970,#2971,#2972,#2973,#2974,#2975,#2976,#2977,#2978,#2979,#2980
      ,#2981,#2982,#2983,#2984,#2985,#2986,#2987,#2988,#2989,#2990,#2991
      ,#2992,#2993,#2994,#2995,#2996,#2997,#2998,#2999,#3000,#3001,#3002
      ,#3003,#3004,#3005,#3006,#3007,#3008,#3009,#3010,#3011,#3012,#3013
      ,#3014,#3015,#3016,#3017,#3018,#3019,#3020,#3021,#3022,#3023,#3024
      ,#3025,#3026,#3027,#3028,#3029,#3030,#3031,#3032,#3033,#3034,#3035
      ,#3036,#3037,#3038,#3039,#3040,#3041,#3042,#3043,#3044,#3045,#3046
      ,#3047,#3048,#3049,#3050,#3051,#3052,#3053,#3054,#3055,#3056,#3057
      ,#3058,#3059,#3060,#3061,#3062,#3063,#3064,#3065,#3066,#3067,#3068
      ,#3069,#3070,#3071,#3072,#3073,#3074,#3075,#3076,#3077,#3078,#3079
      ,#3080,#3081,#3082,#3083,#3084)
    ,(#3085,#3086,#3087,#3088,#3089,#3090,#3091,#3092,#3093,#3094,#3095
      ,#3096,#3097,#3098,#3099,#3100,#3101,#3102,#3103,#3104,#3105,#3106
      ,#3107,#3108,#3109,#3110,#3111,#3112,#3113,#3114,#3115,#3116,#3117
      ,#3118,#3119,#3120,#3121,#3122,#3123,#3124,#3125,#3126,#3127,#3128
      ,#3129,#3130,#3131,#3132,#3133,#3134,#3135,#3136,#3137,#3138,#3139
      ,#3140,#3141,#3142,#3143,#3144,#3145,#3146,#3147,#3148,#3149,#3150
      ,#3151,#3152,#3153,#3154,#3155,#3156,#3157,#3158,#3159,#3160,#3161
      ,#3162,#3163,#3164,#3165,#3166,#3167,#3168,#3169,#3170,#3171,#3172
      ,#3173,#3174,#3175,#3176,#3177,#3178,#3179,#3180,#3181,#3182,#3183
      ,#3184,#3185,#3186,#3187,#3188,#3189,#3190,#3191,#3192,#3193,#3194
      ,#3195,#3196,#3197,#3198,#3199,#3200,#3201,#3202,#3203,#3204,#3205
      ,#3206,#3207,#3208,#3209,#3210,#3211,#3212,#3213,#3214,#3215,#3216
      ,#3217,#3218,#3219,#3220,#3221,#3222,#3223,#3224,#3225,#3226,#3227
      ,#3228,#3229,#3230,#3231,#3232,#3233,#3234,#3235,#3236,#3237,#3238
      ,#3239,#3240,#3241,#3242,#3243,#3244,#3245,#3246,#3247,#3248,#3249
      ,#3250,#3251,#3252,#3253,#3254,#3255,#3256,#3257,#3258,#3259,#3260
      ,#3261,#3262,#3263,#3264,#3265,#3266,#3267,#3268,#3269,#3270,#3271
      ,#3272,#3273,#3274,#3275,#3276,#3277,#3278,#3279,#3280,#3281,#3282
      ,#3283,#3284,#3285,#3286,#3287,#3288,#3289,#3290,#3291,#3292,#3293
      ,#3294,#3295,#3296,#3297,#3298,#3299,#3300,#3301,#3302,#3303,#3304
      ,#3305,#3306,#3307,#3308,#3309,#3310,#3311,#3312,#3313,#3314,#3315
      ,#3316,#3317,#3318,#3319,#3320,#3321,#3322,#3323,#3324,#3325,#3326
      ,#3327,#3328,#3329,#3330,#3331,#3332,#3333,#3334,#3335,#3336,#3337
      ,#3338,#3339,#3340,#3341,#3342
    )),.UNSPECIFIED.,.F.,.F.,.F.,(2,2),(10,8,8,8,8,8,8,8,8,8,8,8,8,8,8,8
    ,8,8,8,8,8,8,8,8,8,8,8,8,8,8,8,8,10),(0.,0.583095189485),(0.,
    4.672288455995,9.34457691199,14.016865367984,18.689153823979,
    23.361442279974,28.033730735969,32.706019191963,37.378307647958,
    42.050596103953,46.722884559948,51.395173015942,56.067461471937,
    60.739749927932,65.412038383927,70.084326839921,74.756615295916,
    79.428903751911,84.101192207906,88.7734806639,93.445769119895,
    98.11805757589,102.79034603188,107.46263448787,112.13492294387,
    116.80721139986,121.47949985586,126.15178831185,130.82407676785,
    135.49636522384,140.16865367984,144.84094213583,149.51323059183),
  .UNSPECIFIED.);
#2827 = CARTESIAN_POINT('',(3.0162,-1.7763568394E-15,0.));
#2828 = CARTESIAN_POINT('',(3.01620000109,1.546375883878,
    8.159870815683E-02));
#2829 = CARTESIAN_POINT('',(2.124023127478,3.093154834237,0.163189887033
    ));
#2830 = CARTESIAN_POINT('',(0.341798082544,4.048926973441,0.244802039107
    ));
#2831 = CARTESIAN_POINT('',(-1.886510492544,3.840814693929,
    0.326374352117));
#2832 = CARTESIAN_POINT('',(-3.637409719536,2.253892107486,
    0.408000852803));
#2833 = CARTESIAN_POINT('',(-4.062932381135,5.671204717416E-02,
    0.489573602862));
#2834 = CARTESIAN_POINT('',(-3.286451107927,-1.81061316583,
    0.571185080289));
#2835 = CARTESIAN_POINT('',(-1.834568996204,-2.850104819894,
    0.652776909818));
#2836 = CARTESIAN_POINT('',(1.243290379899,-3.153247520267,
    0.815973413155));
#2837 = CARTESIAN_POINT('',(2.870069750598,-2.416977560482,0.89756530759
    ));
#2838 = CARTESIAN_POINT('',(3.995928240839,-0.737016482114,0.97917656132
    ));
#2839 = CARTESIAN_POINT('',(4.007230459532,1.500960762797,1.060749786433
    ));
#2840 = CARTESIAN_POINT('',(2.599567518204,3.398974533695,1.142375540566
    ));
#2841 = CARTESIAN_POINT('',(0.454675966444,4.037809501183,1.223948774266
    ));
#2842 = CARTESIAN_POINT('',(-1.479766025262,3.448097071304,
    1.305560014741));
#2843 = CARTESIAN_POINT('',(-2.656561580142,2.105094169323,
    1.387151921959));
#2844 = CARTESIAN_POINT('',(-3.259927538883,-0.928231292296,
    1.55034840736));
#2845 = CARTESIAN_POINT('',(-2.686655182887,-2.619344351431,
    1.631940315853));
#2846 = CARTESIAN_POINT('',(-1.125137004883,-3.904446506356,
    1.713551551932));
#2847 = CARTESIAN_POINT('',(1.100955955685,-4.135054431163,
    1.795124794967));
#2848 = CARTESIAN_POINT('',(3.127805368412,-2.920207654012,1.87675053443
    ));
#2849 = CARTESIAN_POINT('',(3.973800306585,-0.848261117838,
    1.958323777634));
#2850 = CARTESIAN_POINT('',(3.576535975673,1.134667932861,2.039935013453
    ));
#2851 = CARTESIAN_POINT('',(2.355346134698,2.437434199424,2.121526922198
    ));
#2852 = CARTESIAN_POINT('',(-0.604232829862,3.335212673588,
    2.284723407245));
#2853 = CARTESIAN_POINT('',(-2.34339323437,2.930458846712,2.366315316017
    ));
#2854 = CARTESIAN_POINT('',(-3.775362817527,1.502421843793,
    2.447926551745));
#2855 = CARTESIAN_POINT('',(-4.223055568265,-0.690348341383,
    2.529499795138));
#2856 = CARTESIAN_POINT('',(-3.212724593698,-2.826513727235,
    2.611125534306));
#2857 = CARTESIAN_POINT('',(-1.233677050997,-3.871521242934,
    2.692698777703));
#2858 = CARTESIAN_POINT('',(0.778642368008,-3.670530883386,
    2.774310013426));
#2859 = CARTESIAN_POINT('',(2.194832994925,-2.582914829247,
    2.855901922202));
#2860 = CARTESIAN_POINT('',(3.378377887035,0.274415274977,3.019098407244
    ));
#2861 = CARTESIAN_POINT('',(3.146040589889,2.044873959425,3.100690316017
    ));
#2862 = CARTESIAN_POINT('',(1.865237539043,3.609920320949,3.182301551746
    ));
#2863 = CARTESIAN_POINT('',(-0.273092295175,4.270386371683,
    3.263874795135));
#2864 = CARTESIAN_POINT('',(-2.498001213733,3.474301239294,
    3.345500534311));
#2865 = CARTESIAN_POINT('',(-3.731957313326,1.607211999758,
    3.427073777699));
#2866 = CARTESIAN_POINT('',(-3.729176572177,-0.415118051501,
    3.508685013429));
#2867 = CARTESIAN_POINT('',(-2.785608642025,-1.931094348868,
    3.590276922202));
#2868 = CARTESIAN_POINT('',(-5.804504901741E-02,-3.38900747462,
    3.753473407244));
#2869 = CARTESIAN_POINT('',(1.726661430408,-3.331324242386,
    3.835065316018));
#2870 = CARTESIAN_POINT('',(3.409712318301,-2.210089977147,
    3.916676551745));
#2871 = CARTESIAN_POINT('',(4.276591019905,-0.146793779126,
    3.998249795137));
#2872 = CARTESIAN_POINT('',(3.702418464716,2.145431582996,4.079875534308
    ));
#2873 = CARTESIAN_POINT('',(1.965268618367,3.556452594695,4.161448777701
    ));
#2874 = CARTESIAN_POINT('',(-4.759592123036E-02,3.751908252001,
    4.243060013427));
#2875 = CARTESIAN_POINT('',(-1.648758208588,2.961475520812,
    4.324651922202));
#2876 = CARTESIAN_POINT('',(-3.366999067605,0.389946367459,
    4.487848407243));
#2877 = CARTESIAN_POINT('',(-3.484525421341,-1.391820207925,
    4.569440316021));
#2878 = CARTESIAN_POINT('',(-2.533658040616,-3.17666692209,
    4.651051551741));
#2879 = CARTESIAN_POINT('',(-0.565266149084,-4.241609758782,
    4.732624795141));
#2880 = CARTESIAN_POINT('',(1.772200273301,-3.894879376375,
    4.814250534304));
#2881 = CARTESIAN_POINT('',(3.346697293424,-2.304398625855,
    4.895823777705));
#2882 = CARTESIAN_POINT('',(3.738507004357,-0.32038458378,4.977435013425
    ));
#2883 = CARTESIAN_POINT('',(3.108821771426,1.350543625456,5.059026922203
    ));
#2884 = CARTESIAN_POINT('',(0.718092289215,3.31256461898,5.222223407243)
  );
#2885 = CARTESIAN_POINT('',(-1.043574995996,3.604168715653,
    5.303815316019));
#2886 = CARTESIAN_POINT('',(-2.913028486874,2.832825592113,
    5.385426551743));
#2887 = CARTESIAN_POINT('',(-4.165779476987,0.978294697025,
    5.466999795138));
#2888 = CARTESIAN_POINT('',(-4.049830470478,-1.381901706195,
    5.548625534308));
#2889 = CARTESIAN_POINT('',(-2.621336014866,-3.104711467723,
    5.630198777702));
#2890 = CARTESIAN_POINT('',(-0.685279610108,-3.689101890586,
    5.711810013428));
#2891 = CARTESIAN_POINT('',(1.039322568929,-3.226228368927,
    5.793401922201));
#2892 = CARTESIAN_POINT('',(3.226228362242,-1.039322589678,
    5.956598407246));
#2893 = CARTESIAN_POINT('',(3.689101894997,0.68527958638,6.038190316011)
  );
#2894 = CARTESIAN_POINT('',(3.104711484575,2.621335994904,6.119801551758
    ));
#2895 = CARTESIAN_POINT('',(1.381901732248,4.049830461582,6.201374795121
    ));
#2896 = CARTESIAN_POINT('',(-0.978294670238,4.165779483287,
    6.283000534324));
#2897 = CARTESIAN_POINT('',(-2.832825573378,2.913028505086,
    6.364573777689));
#2898 = CARTESIAN_POINT('',(-3.604168708941,1.043575019179,
    6.446185013433));
#2899 = CARTESIAN_POINT('',(-3.312564623599,-0.718092267912,
    6.527776922201));
#2900 = CARTESIAN_POINT('',(-1.350543645449,-3.10882176274,
    6.690973407243));
#2901 = CARTESIAN_POINT('',(0.320384559733,-3.738507006419,
    6.772565316022));
#2902 = CARTESIAN_POINT('',(2.304398604339,-3.346697308243,
    6.854176551738));
#2903 = CARTESIAN_POINT('',(3.894879364966,-1.772200298349,
    6.935749795145));
#2904 = CARTESIAN_POINT('',(4.241609762428,0.565266121801,7.017375534301
    ));
#2905 = CARTESIAN_POINT('',(3.176666938378,2.533658020192,7.098948777707
    ));
#2906 = CARTESIAN_POINT('',(1.391820230338,3.484525412386,7.180560013424
    ));
#2907 = CARTESIAN_POINT('',(-0.389946345805,3.366999070114,
    7.262151922203));
#2908 = CARTESIAN_POINT('',(-2.961475510208,1.648758227633,
    7.425348407243));
#2909 = CARTESIAN_POINT('',(-3.751908251697,4.759594536379E-02,
    7.506940316019));
#2910 = CARTESIAN_POINT('',(-3.556452607332,-1.965268595501,
    7.588551551743));
#2911 = CARTESIAN_POINT('',(-2.145431606807,-3.702418450908,
    7.670124795139));
#2912 = CARTESIAN_POINT('',(0.146793751618,-4.276591020858,
    7.751750534307));
#2913 = CARTESIAN_POINT('',(2.210089955223,-3.409712332509,
    7.833323777702));
#2914 = CARTESIAN_POINT('',(3.331324231278,-1.726661451835,
    7.914935013427));
#2915 = CARTESIAN_POINT('',(3.389007474995,5.804502722202E-02,
    7.996526922202));
#2916 = CARTESIAN_POINT('',(1.931094366783,2.785608629605,8.159723407244
    ));
#2917 = CARTESIAN_POINT('',(0.415118075487,3.729176569508,8.241315316018
    ));
#2918 = CARTESIAN_POINT('',(-1.607211975762,3.731957323661,
    8.322926551747));
#2919 = CARTESIAN_POINT('',(-3.474301223223,2.498001236077,
    8.404499795134));
#2920 = CARTESIAN_POINT('',(-4.270386369931,0.273092322641,
    8.486125534312));
#2921 = CARTESIAN_POINT('',(-3.609920332942,-1.86523751583,
    8.567698777698));
#2922 = CARTESIAN_POINT('',(-2.04487397966,-3.146040576736,
    8.649310013429));
#2923 = CARTESIAN_POINT('',(-0.274415296704,-3.378377885271,
    8.730901922202));
#2924 = CARTESIAN_POINT('',(2.582914815131,-2.194833011536,
    8.894098407243));
#2925 = CARTESIAN_POINT('',(3.670530878379,-0.778642391618,
    8.975690316019));
#2926 = CARTESIAN_POINT('',(3.871521250869,1.233677026106,9.057301551744
    ));
#2927 = CARTESIAN_POINT('',(2.826513747894,3.21272457551,9.138874795136)
  );
#2928 = CARTESIAN_POINT('',(0.690348368549,4.223055563834,9.22050053431)
  );
#2929 = CARTESIAN_POINT('',(-1.502421819519,3.775362827184,9.3020737777)
  );
#2930 = CARTESIAN_POINT('',(-2.930458831637,2.343393253219,
    9.383685013427));
#2931 = CARTESIAN_POINT('',(-3.335212669704,0.604232851312,
    9.465276922202));
#2932 = CARTESIAN_POINT('',(-2.43743421457,-2.355346119022,
    9.628473407243));
#2933 = CARTESIAN_POINT('',(-1.134667955868,-3.576535968376,
    9.710065316019));
#2934 = CARTESIAN_POINT('',(0.848261092293,-3.973800312041,
    9.791676551743));
#2935 = CARTESIAN_POINT('',(2.92020763388,-3.12780538719,9.873249795138)
  );
#2936 = CARTESIAN_POINT('',(4.1350544241,-1.100955982284,9.954875534307)
  );
#2937 = CARTESIAN_POINT('',(3.904446513577,1.125136979778,
    10.036448777702));
#2938 = CARTESIAN_POINT('',(2.619344368721,2.686655166038,
    10.118060013427));
#2939 = CARTESIAN_POINT('',(0.928231313254,3.259927532914,
    10.199651922202));
#2940 = CARTESIAN_POINT('',(-2.105094152223,2.656561593682,
    10.362848407244));
#2941 = CARTESIAN_POINT('',(-3.448097061864,1.47976604743,
    10.444440316016));
#2942 = CARTESIAN_POINT('',(-4.037809503906,-0.454675940453,
    10.526051551748));
#2943 = CARTESIAN_POINT('',(-3.398974550778,-2.599567496389,
    10.607624795133));
#2944 = CARTESIAN_POINT('',(-1.500960788063,-4.00723044981,
    10.689250534312));
#2945 = CARTESIAN_POINT('',(0.737016455857,-3.995928245657,
    10.770823777699));
#2946 = CARTESIAN_POINT('',(2.416977542516,-2.870069766073,
    10.852435013428));
#2947 = CARTESIAN_POINT('',(3.153247511924,-1.243290400227,
    10.934026922203));
#2948 = CARTESIAN_POINT('',(2.850104832421,1.834568977978,
    11.097223407242));
#2949 = CARTESIAN_POINT('',(1.810613183033,3.286451095724,
    11.178815316025));
#2950 = CARTESIAN_POINT('',(-5.671201075536E-02,4.062932382961,
    11.260426551732));
#2951 = CARTESIAN_POINT('',(-2.253892102841,3.637409731369,
    11.341999795153));
#2952 = CARTESIAN_POINT('',(-3.840814655713,1.886510520948,
    11.423625534293));
#2953 = CARTESIAN_POINT('',(-4.048927004337,-0.341798060575,
    11.505198777713));
#2954 = CARTESIAN_POINT('',(-3.093154822637,-2.124023104005,
    11.586810013421));
#2955 = CARTESIAN_POINT('',(-1.546375920995,-3.016199993655,
    11.668401922204));
#2956 = CARTESIAN_POINT('',(1.546375901596,-3.016200003599,
    11.831598407243));
#2957 = CARTESIAN_POINT('',(3.093154808977,-2.124023123902,
    11.913190316018));
#2958 = CARTESIAN_POINT('',(4.048927002139,-0.341798086607,
    11.994801551746));
#2959 = CARTESIAN_POINT('',(3.840814667842,1.886510496238,
    12.076374795136));
#2960 = CARTESIAN_POINT('',(2.25389212624,3.637409716881,12.15800053431)
  );
#2961 = CARTESIAN_POINT('',(5.671203687904E-02,4.062932382592,
    12.239573777701));
#2962 = CARTESIAN_POINT('',(-1.810613161893,3.28645110737,
    12.321185013427));
#2963 = CARTESIAN_POINT('',(-2.850104820624,1.834568996307,
    12.402776922203));
#2964 = CARTESIAN_POINT('',(-3.153247519919,-1.243290379948,
    12.565973407242));
#2965 = CARTESIAN_POINT('',(-2.416977560979,-2.870069750527,
    12.647565316024));
#2966 = CARTESIAN_POINT('',(-0.73701648155,-3.995928240921,
    12.729176551733));
#2967 = CARTESIAN_POINT('',(1.500960762284,-4.007230459456,
    12.810749795153));
#2968 = CARTESIAN_POINT('',(3.398974534063,-2.599567518259,
    12.892375534293));
#2969 = CARTESIAN_POINT('',(4.037809500981,-0.454675966413,
    12.973948777713));
#2970 = CARTESIAN_POINT('',(3.448097071381,1.47976602525,13.055560013421
    ));
#2971 = CARTESIAN_POINT('',(2.105094169309,2.656561580144,
    13.137151922205));
#2972 = CARTESIAN_POINT('',(-0.928231292289,3.259927538883,
    13.300348407241));
#2973 = CARTESIAN_POINT('',(-2.61934435144,2.686655182887,
    13.381940316025));
#2974 = CARTESIAN_POINT('',(-3.904446506347,1.125137004883,
    13.463551551734));
#2975 = CARTESIAN_POINT('',(-4.135054431172,-1.100955955686,
    13.545124795149));
#2976 = CARTESIAN_POINT('',(-2.920207654006,-3.127805368411,
    13.626750534297));
#2977 = CARTESIAN_POINT('',(-0.848261117841,-3.973800306586,
    13.70832377771));
#2978 = CARTESIAN_POINT('',(1.134667932862,-3.576535975673,
    13.789935013422));
#2979 = CARTESIAN_POINT('',(2.437434199424,-2.355346134698,
    13.871526922204));
#2980 = CARTESIAN_POINT('',(3.335212673588,0.604232829862,
    14.034723407243));
#2981 = CARTESIAN_POINT('',(2.930458846711,2.343393234372,14.11631531602
    ));
#2982 = CARTESIAN_POINT('',(1.502421843794,3.775362817524,
    14.197926551743));
#2983 = CARTESIAN_POINT('',(-0.690348341384,4.223055568269,
    14.279499795139));
#2984 = CARTESIAN_POINT('',(-2.826513727235,3.212724593695,
    14.361125534307));
#2985 = CARTESIAN_POINT('',(-3.871521242934,1.233677050999,
    14.442698777701));
#2986 = CARTESIAN_POINT('',(-3.670530883387,-0.778642368008,
    14.524310013428));
#2987 = CARTESIAN_POINT('',(-2.582914829246,-2.194832994925,
    14.605901922201));
#2988 = CARTESIAN_POINT('',(0.274415274976,-3.378377887035,
    14.769098407247));
#2989 = CARTESIAN_POINT('',(2.044873959426,-3.14604058989,
    14.850690316008));
#2990 = CARTESIAN_POINT('',(3.609920320947,-1.86523753904,
    14.932301551762));
#2991 = CARTESIAN_POINT('',(4.270386371684,0.27309229517,15.013874795116
    ));
#2992 = CARTESIAN_POINT('',(3.474301239295,2.498001213738,
    15.095500534329));
#2993 = CARTESIAN_POINT('',(1.607211999758,3.731957313322,
    15.177073777686));
#2994 = CARTESIAN_POINT('',(-0.4151180515,3.729176572178,15.258685013436
    ));
#2995 = CARTESIAN_POINT('',(-1.931094348868,2.785608642025,
    15.340276922199));
#2996 = CARTESIAN_POINT('',(-3.38900747462,5.804504901754E-02,
    15.503473407245));
#2997 = CARTESIAN_POINT('',(-3.331324242386,-1.726661430408,
    15.585065316015));
#2998 = CARTESIAN_POINT('',(-2.210089977147,-3.409712318301,
    15.66667655175));
#2999 = CARTESIAN_POINT('',(-0.146793779127,-4.276591019904,
    15.74824979513));
#3000 = CARTESIAN_POINT('',(2.145431582997,-3.702418464717,
    15.829875534316));
#3001 = CARTESIAN_POINT('',(3.556452594694,-1.965268618366,
    15.911448777695));
#3002 = CARTESIAN_POINT('',(3.751908252002,4.759592122996E-02,
    15.993060013432));
#3003 = CARTESIAN_POINT('',(2.961475520812,1.648758208588,16.0746519222)
  );
#3004 = CARTESIAN_POINT('',(0.389946367459,3.366999067605,
    16.237848407248));
#3005 = CARTESIAN_POINT('',(-1.391820207928,3.484525421343,
    16.319440316003));
#3006 = CARTESIAN_POINT('',(-3.176666922085,2.533658040612,
    16.40105155177));
#3007 = CARTESIAN_POINT('',(-4.241609758788,0.565266149091,
    16.482624795107));
#3008 = CARTESIAN_POINT('',(-3.89487937637,-1.772200273308,
    16.564250534337));
#3009 = CARTESIAN_POINT('',(-2.304398625857,-3.346697293419,
    16.64582377768));
#3010 = CARTESIAN_POINT('',(-0.32038458378,-3.738507004359,
    16.727435013438));
#3011 = CARTESIAN_POINT('',(1.350543625456,-3.108821771426,16.8090269222
    ));
#3012 = CARTESIAN_POINT('',(3.31256461898,-0.718092289215,
    16.972223407242));
#3013 = CARTESIAN_POINT('',(3.604168715653,1.043574995996,
    17.053815316026));
#3014 = CARTESIAN_POINT('',(2.832825592115,2.913028486875,17.13542655173
    ));
#3015 = CARTESIAN_POINT('',(0.978294697022,4.165779476986,
    17.216999795156));
#3016 = CARTESIAN_POINT('',(-1.381901706192,4.049830470479,
    17.298625534291));
#3017 = CARTESIAN_POINT('',(-3.104711467726,2.621336014866,
    17.380198777714));
#3018 = CARTESIAN_POINT('',(-3.689101890585,0.685279610108,
    17.461810013421));
#3019 = CARTESIAN_POINT('',(-3.226228368927,-1.039322568929,
    17.543401922204));
#3020 = CARTESIAN_POINT('',(-1.039322589677,-3.226228362242,
    17.706598407243));
#3021 = CARTESIAN_POINT('',(0.685279586379,-3.689101894996,
    17.788190316019));
#3022 = CARTESIAN_POINT('',(2.621335994905,-3.104711484577,
    17.869801551743));
#3023 = CARTESIAN_POINT('',(4.049830461581,-1.381901732244,
    17.951374795142));
#3024 = CARTESIAN_POINT('',(4.165779483289,0.978294670234,
    18.033000534304));
#3025 = CARTESIAN_POINT('',(2.913028505085,2.832825573381,
    18.114573777704));
#3026 = CARTESIAN_POINT('',(1.043575019179,3.60416870894,18.196185013427
    ));
#3027 = CARTESIAN_POINT('',(-0.718092267912,3.312564623599,
    18.277776922201));
#3028 = CARTESIAN_POINT('',(-3.108821762739,1.35054364545,
    18.440973407247));
#3029 = CARTESIAN_POINT('',(-3.738507006422,-0.320384559734,
    18.522565316007));
#3030 = CARTESIAN_POINT('',(-3.346697308235,-2.304398604337,
    18.604176551764));
#3031 = CARTESIAN_POINT('',(-1.77220029836,-3.894879364969,
    18.685749795114));
#3032 = CARTESIAN_POINT('',(0.565266121811,-4.241609762427,
    18.767375534331));
#3033 = CARTESIAN_POINT('',(2.533658020185,-3.176666938377,
    18.848948777683));
#3034 = CARTESIAN_POINT('',(3.484525412389,-1.391820230339,
    18.930560013438));
#3035 = CARTESIAN_POINT('',(3.366999070114,0.389946345805,
    19.012151922198));
#3036 = CARTESIAN_POINT('',(1.648758227634,2.961475510207,
    19.175348407248));
#3037 = CARTESIAN_POINT('',(4.7595945363E-02,3.751908251698,
    19.256940316007));
#3038 = CARTESIAN_POINT('',(-1.9652685955,3.556452607329,19.338551551764
    ));
#3039 = CARTESIAN_POINT('',(-3.702418450908,2.145431606812,
    19.420124795114));
#3040 = CARTESIAN_POINT('',(-4.27659102086,-0.146793751622,
    19.501750534332));
#3041 = CARTESIAN_POINT('',(-3.409712332507,-2.210089955221,
    19.583323777682));
#3042 = CARTESIAN_POINT('',(-1.726661451836,-3.331324231279,
    19.664935013439));
#3043 = CARTESIAN_POINT('',(5.80450272223E-02,-3.389007474994,
    19.746526922198));
#3044 = CARTESIAN_POINT('',(2.785608629604,-1.931094366783,
    19.909723407246));
#3045 = CARTESIAN_POINT('',(3.72917656951,-0.415118075487,
    19.991315316013));
#3046 = CARTESIAN_POINT('',(3.731957323658,1.607211975762,
    20.072926551751));
#3047 = CARTESIAN_POINT('',(2.498001236081,3.474301223222,20.15449979513
    ));
#3048 = CARTESIAN_POINT('',(0.273092322639,4.270386369933,
    20.236125534314));
#3049 = CARTESIAN_POINT('',(-1.865237515829,3.609920332941,
    20.317698777698));
#3050 = CARTESIAN_POINT('',(-3.146040576735,2.04487397966,
    20.399310013428));
#3051 = CARTESIAN_POINT('',(-3.378377885271,0.274415296704,
    20.480901922203));
#3052 = CARTESIAN_POINT('',(-2.194833011536,-2.582914815131,
    20.64409840724));
#3053 = CARTESIAN_POINT('',(-0.778642391618,-3.670530878379,
    20.725690316029));
#3054 = CARTESIAN_POINT('',(1.233677026107,-3.871521250869,
    20.807301551728));
#3055 = CARTESIAN_POINT('',(3.212724575508,-2.826513747893,
    20.888874795157));
#3056 = CARTESIAN_POINT('',(4.223055563834,-0.69034836855,20.97050053429
    ));
#3057 = CARTESIAN_POINT('',(3.775362827185,1.50242181952,21.052073777715
    ));
#3058 = CARTESIAN_POINT('',(2.343393253218,2.930458831636,21.13368501342
    ));
#3059 = CARTESIAN_POINT('',(0.604232851312,3.335212669704,
    21.215276922204));
#3060 = CARTESIAN_POINT('',(-2.355346119022,2.437434214571,
    21.378473407244));
#3061 = CARTESIAN_POINT('',(-3.576535968375,1.134667955867,
    21.460065316003));
#3062 = CARTESIAN_POINT('',(-3.973800312042,-0.84826109229,
    21.541676551793));
#3063 = CARTESIAN_POINT('',(-3.127805387189,-2.920207633886,
    21.623249795038));
#3064 = CARTESIAN_POINT('',(-1.100955982286,-4.135054424091,
    21.704875534457));
#3065 = CARTESIAN_POINT('',(1.12513697978,-3.904446513589,21.78644877753
    ));
#3066 = CARTESIAN_POINT('',(2.686655166037,-2.619344368711,
    21.868060013585));
#3067 = CARTESIAN_POINT('',(3.259927532915,-0.928231313261,
    21.949651922087));
#3068 = CARTESIAN_POINT('',(2.65656159368,2.105094152237,22.112848407489
    ));
#3069 = CARTESIAN_POINT('',(1.479766047441,3.448097061789,
    22.194440314695));
#3070 = CARTESIAN_POINT('',(-0.454675940483,4.037809504104,
    22.276051555197));
#3071 = CARTESIAN_POINT('',(-2.599567496334,3.398974550416,
    22.357624788859));
#3072 = CARTESIAN_POINT('',(-4.007230449886,1.50096078857,
    22.439250543031));
#3073 = CARTESIAN_POINT('',(-3.995928245575,-0.737016456418,
    22.520823768113));
#3074 = CARTESIAN_POINT('',(-2.870069766144,-2.416977542021,
    22.602435021862));
#3075 = CARTESIAN_POINT('',(-1.243290400178,-3.153247512272,
    22.684026916289));
#3076 = CARTESIAN_POINT('',(1.834568977874,-2.850104831692,
    22.847223419626));
#3077 = CARTESIAN_POINT('',(3.286451096282,-1.810613186971,
    22.928815249164));
#3078 = CARTESIAN_POINT('',(4.062932381502,5.671202105255E-02,
    23.010426726568));
#3079 = CARTESIAN_POINT('',(3.637409734025,2.253892084083,
    23.091999476666));
#3080 = CARTESIAN_POINT('',(1.886510517255,3.840814681802,
    23.173625977304));
#3081 = CARTESIAN_POINT('',(-0.341798056513,4.048926975638,
    23.25519829036));
#3082 = CARTESIAN_POINT('',(-2.12402310758,3.093154847896,
    23.336810442398));
#3083 = CARTESIAN_POINT('',(-3.016199991147,1.546375903277,
    23.418401621297));
#3084 = CARTESIAN_POINT('',(-3.0162,1.939790905681E-08,23.500000329443)
  );
#3085 = CARTESIAN_POINT('',(2.4762,2.22044604925E-16,0.22));
#3086 = CARTESIAN_POINT('',(2.476198940836,1.269524864431,0.301596146201
    ));
#3087 = CARTESIAN_POINT('',(1.743754568925,2.539370820011,0.383197744639
    ));
#3088 = CARTESIAN_POINT('',(0.280603261078,3.324046927839,0.464784155587
    ));
#3089 = CARTESIAN_POINT('',(-1.548765677763,3.15316595247,0.546399415521
    ));
#3090 = CARTESIAN_POINT('',(-2.986183152931,1.850382632653,
    0.627975436086));
#3091 = CARTESIAN_POINT('',(-3.335542708325,4.65519432564E-02,
    0.709590379542));
#3092 = CARTESIAN_POINT('',(-2.698060897894,-1.486450659503,
    0.791177279022));
#3093 = CARTESIAN_POINT('',(-1.506121840671,-2.339841841733,
    0.872778406301));
#3094 = CARTESIAN_POINT('',(1.020701786909,-2.588710770913,
    1.035971359822));
#3095 = CARTESIAN_POINT('',(2.356225260826,-1.984259483542,
    1.117572440099));
#3096 = CARTESIAN_POINT('',(3.28053675676,-0.605065990751,1.19915950157)
  );
#3097 = CARTESIAN_POINT('',(3.289788222377,1.23224394429,1.280774101018)
  );
#3098 = CARTESIAN_POINT('',(2.134169636724,2.790434430519,1.362350662187
    ));
#3099 = CARTESIAN_POINT('',(0.373268157629,3.314918390989,1.443965255423
    ));
#3100 = CARTESIAN_POINT('',(-1.214836786138,2.830766593884,
    1.525552326487));
#3101 = CARTESIAN_POINT('',(-2.180949106707,1.728214067054,
    1.607153397509));
#3102 = CARTESIAN_POINT('',(-2.676291691841,-0.762048806001,
    1.770346364019));
#3103 = CARTESIAN_POINT('',(-2.205655192995,-2.150387946099,
    1.851947434115));
#3104 = CARTESIAN_POINT('',(-0.9237012652,-3.205433244109,1.93353450837)
  );
#3105 = CARTESIAN_POINT('',(0.903854719893,-3.394728014487,
    2.015149094836));
#3106 = CARTESIAN_POINT('',(2.567812520652,-2.397403434076,
    2.096725666633));
#3107 = CARTESIAN_POINT('',(3.262369475825,-0.696389588162,
    2.178340252982));
#3108 = CARTESIAN_POINT('',(2.936210506623,0.931523367584,2.259927327421
    ));
#3109 = CARTESIAN_POINT('',(1.933662638619,2.001052640083,2.341528397336
    ));
#3110 = CARTESIAN_POINT('',(-0.4960568744,2.738098460516,2.504721364102)
  );
#3111 = CARTESIAN_POINT('',(-1.923841225791,2.405809237562,
    2.586322433994));
#3112 = CARTESIAN_POINT('',(-3.099459650389,1.233440791111,
    2.667909508508));
#3113 = CARTESIAN_POINT('',(-3.466974726125,-0.566760880073,
    2.749524094708));
#3114 = CARTESIAN_POINT('',(-2.637548921452,-2.320461172773,
    2.831100666727));
#3115 = CARTESIAN_POINT('',(-1.012804408666,-3.178402159067,
    2.91271525293));
#3116 = CARTESIAN_POINT('',(0.639238870691,-3.013377107146,2.99430232744
    ));
#3117 = CARTESIAN_POINT('',(1.801884942478,-2.120488981917,
    3.075903397333));
#3118 = CARTESIAN_POINT('',(2.773535844299,0.225287643921,3.239096364103
    ));
#3119 = CARTESIAN_POINT('',(2.582794023912,1.678766862808,3.320697433997
    ));
#3120 = CARTESIAN_POINT('',(1.531301608062,2.96363656589,3.4022845085));
#3121 = CARTESIAN_POINT('',(-0.224208823272,3.505832575915,3.48389909472
    ));
#3122 = CARTESIAN_POINT('',(-2.050762515218,2.852293370881,
    3.565475666714));
#3123 = CARTESIAN_POINT('',(-3.063825092077,1.319465369058,
    3.647090252939));
#3124 = CARTESIAN_POINT('',(-3.061523238826,-0.340798154029,
    3.728677327436));
#3125 = CARTESIAN_POINT('',(-2.286893857145,-1.585364107867,
    3.810278397334));
#3126 = CARTESIAN_POINT('',(-4.765122972101E-02,-2.782262561733,
    3.973471364103));
#3127 = CARTESIAN_POINT('',(1.417525057224,-2.734905091909,
    4.055072433996));
#3128 = CARTESIAN_POINT('',(2.79927204118,-1.814415153438,4.136659508503
    ));
#3129 = CARTESIAN_POINT('',(3.510927341512,-0.120502487059,
    4.218274094716));
#3130 = CARTESIAN_POINT('',(3.039568675928,1.761313893583,4.299850666719
    ));
#3131 = CARTESIAN_POINT('',(1.613419156655,2.91974171459,4.381465252935)
  );
#3132 = CARTESIAN_POINT('',(-3.907536484594E-02,3.08018522812,
    4.463052327439));
#3133 = CARTESIAN_POINT('',(-1.353575350249,2.431274694385,
    4.544653397333));
#3134 = CARTESIAN_POINT('',(-2.764194569759,0.320131195973,
    4.707846364104));
#3135 = CARTESIAN_POINT('',(-2.860677528818,-1.142631710446,
    4.78944743399));
#3136 = CARTESIAN_POINT('',(-2.080054889029,-2.607948996467,
    4.871034508515));
#3137 = CARTESIAN_POINT('',(-0.464053292565,-3.482209957551,4.9526490947
    ));
#3138 = CARTESIAN_POINT('',(1.454902856321,-3.197571273019,
    5.034225666733));
#3139 = CARTESIAN_POINT('',(2.747539628297,-1.891834835792,
    5.115840252926));
#3140 = CARTESIAN_POINT('',(3.069183349868,-0.26302374146,5.197427327443
    ));
#3141 = CARTESIAN_POINT('',(2.552241027248,1.108750922068,5.279028397332
    ));
#3142 = CARTESIAN_POINT('',(0.589528123806,2.719505873014,5.442221364104
    ));
#3143 = CARTESIAN_POINT('',(-0.856734195667,2.958900077323,
    5.523822433992));
#3144 = CARTESIAN_POINT('',(-2.391509977274,2.325662558957,5.60540950851
    ));
#3145 = CARTESIAN_POINT('',(-3.41995698812,0.803135011192,5.687024094708
    ));
#3146 = CARTESIAN_POINT('',(-3.324779510793,-1.134480309222,
    5.768600666724));
#3147 = CARTESIAN_POINT('',(-2.152031111271,-2.548877233428,
    5.850215252933));
#3148 = CARTESIAN_POINT('',(-0.562589785357,-3.028623558167,
    5.931802327438));
#3149 = CARTESIAN_POINT('',(0.853248616404,-2.648627883824,
    6.013403397334));
#3150 = CARTESIAN_POINT('',(2.648626848078,-0.853247573536,6.1765963641)
  );
#3151 = CARTESIAN_POINT('',(3.028626800589,0.562585862238,6.258197434006
    ));
#3152 = CARTESIAN_POINT('',(2.548872827104,2.152039409682,6.339784508483
    ));
#3153 = CARTESIAN_POINT('',(1.134482100621,3.324767963339,6.421399094742
    ));
#3154 = CARTESIAN_POINT('',(-0.803132096568,3.419968304379,
    6.502975666694));
#3155 = CARTESIAN_POINT('',(-2.325667757451,2.391502150724,
    6.584590252952));
#3156 = CARTESIAN_POINT('',(-2.958896465983,0.856737782077,
    6.666177327431));
#3157 = CARTESIAN_POINT('',(-2.71950700599,-0.58952906013,6.747778397334
    ));
#3158 = CARTESIAN_POINT('',(-1.108749782704,-2.552240098712,
    6.910971364104));
#3159 = CARTESIAN_POINT('',(0.263019519432,-3.069186192136,
    6.992572433988));
#3160 = CARTESIAN_POINT('',(1.891843526113,-2.747536056584,7.07415950852
    ));
#3161 = CARTESIAN_POINT('',(3.197559605615,-1.454903507246,
    7.155774094693));
#3162 = CARTESIAN_POINT('',(3.482220933608,0.464049282801,7.23735066674)
  );
#3163 = CARTESIAN_POINT('',(2.607941717161,2.080060829611,7.318965252922
    ));
#3164 = CARTESIAN_POINT('',(1.142634925608,2.860673583347,7.400552327444
    ));
#3165 = CARTESIAN_POINT('',(-0.320132016737,2.764195789052,
    7.482153397332));
#3166 = CARTESIAN_POINT('',(-2.431273881997,1.353574125358,
    7.645346364104));
#3167 = CARTESIAN_POINT('',(-3.080187642874,3.907984513937E-02,
    7.726947433992));
#3168 = CARTESIAN_POINT('',(-2.919739011872,-1.61342815523,7.80853450851
    ));
#3169 = CARTESIAN_POINT('',(-1.761313397769,-3.039557000886,
    7.890149094707));
#3170 = CARTESIAN_POINT('',(0.120497420755,-3.510937871706,
    7.971725666727));
#3171 = CARTESIAN_POINT('',(1.81442177892,-2.799265379194,8.05334025293)
  );
#3172 = CARTESIAN_POINT('',(2.734900850291,-1.417527870186,
    8.134927327441));
#3173 = CARTESIAN_POINT('',(2.782263855606,4.765192702148E-02,
    8.216528397333));
#3174 = CARTESIAN_POINT('',(1.585362809246,2.286893168728,8.379721364104
    ));
#3175 = CARTESIAN_POINT('',(0.340802849437,3.061525202808,8.461322433994
    ));
#3176 = CARTESIAN_POINT('',(-1.319474589215,3.063823284386,
    8.542909508507));
#3177 = CARTESIAN_POINT('',(-2.852281800659,2.050760877438,8.62452409471
    ));
#3178 = CARTESIAN_POINT('',(-3.505842558814,0.224214897321,
    8.706100666723));
#3179 = CARTESIAN_POINT('',(-2.9636305854,-1.531308854632,8.787715252933
    ));
#3180 = CARTESIAN_POINT('',(-1.67876924647,-2.582789526998,8.86930232744
    ));
#3181 = CARTESIAN_POINT('',(-0.225287076801,-2.773537200289,
    8.950903397333));
#3182 = CARTESIAN_POINT('',(2.120488424102,-1.801883582634,
    9.114096364104));
#3183 = CARTESIAN_POINT('',(3.013378601438,-0.63924373599,9.19569743399)
  );
#3184 = CARTESIAN_POINT('',(3.178401263817,1.012813761605,9.277284508515
    ));
#3185 = CARTESIAN_POINT('',(2.320458408799,2.637537567478,9.358899094702
    ));
#3186 = CARTESIAN_POINT('',(0.566767903365,3.466984065594,9.44047566673)
  );
#3187 = CARTESIAN_POINT('',(-1.233448588971,3.099454408981,
    9.522090252929));
#3188 = CARTESIAN_POINT('',(-2.405804528666,1.923843157204,
    9.603677327441));
#3189 = CARTESIAN_POINT('',(-2.738099865563,0.496056442919,
    9.685278397332));
#3190 = CARTESIAN_POINT('',(-2.001051232111,-1.933662216775,
    9.848471364104));
#3191 = CARTESIAN_POINT('',(-0.931528355923,-2.936211516856,
    9.930072433992));
#3192 = CARTESIAN_POINT('',(0.696398983817,-3.262369501586,
    10.011659508511));
#3193 = CARTESIAN_POINT('',(2.39739240569,-2.567808657188,
    10.093274094706));
#3194 = CARTESIAN_POINT('',(3.39473662058,-0.903862624677,
    10.174850666726));
#3195 = CARTESIAN_POINT('',(3.205428792266,0.923709539131,
    10.256465252931));
#3196 = CARTESIAN_POINT('',(2.150389406655,2.205650317575,
    10.338052327439));
#3197 = CARTESIAN_POINT('',(0.762048514319,2.676293132335,
    10.419653397333));
#3198 = CARTESIAN_POINT('',(-1.728213785253,2.180947664336,
    10.582846364103));
#3199 = CARTESIAN_POINT('',(-2.830767110271,1.214841848565,
    10.664447433997));
#3200 = CARTESIAN_POINT('',(-3.314919337663,-0.373277503126,
    10.7460345085));
#3201 = CARTESIAN_POINT('',(-2.790429504502,-2.134159044486,
    10.82764909472));
#3202 = CARTESIAN_POINT('',(-1.232252654813,-3.289796006157,
    10.909225666714));
#3203 = CARTESIAN_POINT('',(0.605074661479,-3.280533144019,
    10.990840252939));
#3204 = CARTESIAN_POINT('',(1.984254488194,-2.356226230596,
    11.072427327437));
#3205 = CARTESIAN_POINT('',(2.588712233231,-1.020701641949,
    11.154028397333));
#3206 = CARTESIAN_POINT('',(2.33984037833,1.506121710242,11.317221364105
    ));
#3207 = CARTESIAN_POINT('',(1.486455750093,2.698060868959,
    11.398822433985));
#3208 = CARTESIAN_POINT('',(-4.65611560046E-02,3.335544688393,
    11.480409508526));
#3209 = CARTESIAN_POINT('',(-1.850372565057,2.986176990296,
    11.562024094684));
#3210 = CARTESIAN_POINT('',(-3.153172857794,1.548775418246,
    11.643600666749));
#3211 = CARTESIAN_POINT('',(-3.324044168278,-0.280612584053,
    11.725215252914));
#3212 = CARTESIAN_POINT('',(-2.539371307892,-1.743749203396,
    11.806802327448));
#3213 = CARTESIAN_POINT('',(-1.269524854794,-2.476200620186,
    11.888403397331));
#3214 = CARTESIAN_POINT('',(1.26952485983,-2.47619915039,12.051596364104
    ));
#3215 = CARTESIAN_POINT('',(2.53937082657,-1.743754270183,
    12.133197433994));
#3216 = CARTESIAN_POINT('',(3.324046920386,-0.280603600474,
    12.214784508505));
#3217 = CARTESIAN_POINT('',(3.153165959245,1.548765986279,
    12.296399094714));
#3218 = CARTESIAN_POINT('',(1.850382627782,2.986182931133,12.37797566672
    ));
#3219 = CARTESIAN_POINT('',(4.655194593049E-02,3.335542830082,
    12.459590252935));
#3220 = CARTESIAN_POINT('',(-1.486450660526,2.698060851332,
    12.541177327439));
#3221 = CARTESIAN_POINT('',(-2.339841841543,1.506121849295,
    12.622778397333));
#3222 = CARTESIAN_POINT('',(-2.588710771005,-1.020701791026,
    12.785971364104));
#3223 = CARTESIAN_POINT('',(-1.984259483408,-2.356225254958,
    12.867572433988));
#3224 = CARTESIAN_POINT('',(-0.605065990908,-3.280536763423,
    12.949159508521));
#3225 = CARTESIAN_POINT('',(1.232243944435,-3.289788216326,
    13.030774094688));
#3226 = CARTESIAN_POINT('',(2.790434430415,-2.134169641067,
    13.112350666748));
#3227 = CARTESIAN_POINT('',(3.314918391044,-0.37326815525,
    13.193965252913));
#3228 = CARTESIAN_POINT('',(2.830766593864,1.214836785232,13.27555232745
    ));
#3229 = CARTESIAN_POINT('',(1.728214067057,2.180949106874,
    13.357153397329));
#3230 = CARTESIAN_POINT('',(-0.762048806001,2.676291691763,
    13.520346364107));
#3231 = CARTESIAN_POINT('',(-2.150387946101,2.205655193102,
    13.60194743398));
#3232 = CARTESIAN_POINT('',(-3.2054332441,0.923701265081,13.683534508532
    ));
#3233 = CARTESIAN_POINT('',(-3.394728014503,-0.903854719785,
    13.765149094679));
#3234 = CARTESIAN_POINT('',(-2.397403434059,-2.567812520732,
    13.846725666752));
#3235 = CARTESIAN_POINT('',(-0.696389588175,-3.262369475778,
    13.928340252914));
#3236 = CARTESIAN_POINT('',(0.93152336759,-2.936210506643,
    14.009927327448));
#3237 = CARTESIAN_POINT('',(2.001052640081,-1.933662638615,
    14.091528397331));
#3238 = CARTESIAN_POINT('',(2.738098460517,0.496056874398,
    14.254721364105));
#3239 = CARTESIAN_POINT('',(2.405809237562,1.923841225796,
    14.336322433992));
#3240 = CARTESIAN_POINT('',(1.233440791111,3.099459650383,14.41790950851
    ));
#3241 = CARTESIAN_POINT('',(-0.566760880073,3.46697472613,14.49952409471
    ));
#3242 = CARTESIAN_POINT('',(-2.320461172773,2.63754892145,
    14.581100666722));
#3243 = CARTESIAN_POINT('',(-3.178402159067,1.012804408664,
    14.662715252936));
#3244 = CARTESIAN_POINT('',(-3.013377107145,-0.639238870689,
    14.744302327436));
#3245 = CARTESIAN_POINT('',(-2.120488981917,-1.80188494248,
    14.825903397335));
#3246 = CARTESIAN_POINT('',(0.225287643922,-2.773535844296,
    14.989096364098));
#3247 = CARTESIAN_POINT('',(1.6787668628,-2.582794023922,15.070697434016
    ));
#3248 = CARTESIAN_POINT('',(2.963636565909,-1.531301608048,
    15.152284508463));
#3249 = CARTESIAN_POINT('',(3.505832575886,0.224208823259,15.23389909477
    ));
#3250 = CARTESIAN_POINT('',(2.852293370912,2.050762515224,
    15.315475666666));
#3251 = CARTESIAN_POINT('',(1.319465369036,3.063825092079,
    15.397090252972));
#3252 = CARTESIAN_POINT('',(-0.340798154018,3.061523238822,
    15.478677327422));
#3253 = CARTESIAN_POINT('',(-1.58536410787,2.286893857147,
    15.560278397337));
#3254 = CARTESIAN_POINT('',(-2.782262561732,4.765122972001E-02,
    15.723471364101));
#3255 = CARTESIAN_POINT('',(-2.734905091911,-1.417525057221,
    15.805072433999));
#3256 = CARTESIAN_POINT('',(-1.814415153436,-2.799272041185,
    15.886659508499));
#3257 = CARTESIAN_POINT('',(-0.120502487061,-3.510927341503,
    15.968274094721));
#3258 = CARTESIAN_POINT('',(1.761313893584,-3.039568675937,
    16.049850666713));
#3259 = CARTESIAN_POINT('',(2.91974171459,-1.613419156647,
    16.131465252941));
#3260 = CARTESIAN_POINT('',(3.080185228119,3.907536484096E-02,
    16.213052327434));
#3261 = CARTESIAN_POINT('',(2.431274694387,1.353575350251,
    16.294653397336));
#3262 = CARTESIAN_POINT('',(0.32013119597,2.764194569754,16.457846364097
    ));
#3263 = CARTESIAN_POINT('',(-1.142631710433,2.860677528832,
    16.539447434019));
#3264 = CARTESIAN_POINT('',(-2.607948996495,2.080054889011,
    16.621034508458));
#3265 = CARTESIAN_POINT('',(-3.482209957511,0.464053292575,
    16.702649094775));
#3266 = CARTESIAN_POINT('',(-3.197571273058,-1.454902856316,
    16.784225666664));
#3267 = CARTESIAN_POINT('',(-1.891834835767,-2.747539628309,
    16.865840252971));
#3268 = CARTESIAN_POINT('',(-0.263023741471,-3.069183349858,
    16.947427327424));
#3269 = CARTESIAN_POINT('',(1.10875092207,-2.552241027251,
    17.029028397335));
#3270 = CARTESIAN_POINT('',(2.719505873015,-0.589528123806,
    17.192221364105));
#3271 = CARTESIAN_POINT('',(2.958900077318,0.856734195671,17.27382243398
    ));
#3272 = CARTESIAN_POINT('',(2.325662558965,2.391509977262,
    17.355409508538));
#3273 = CARTESIAN_POINT('',(0.803135011187,3.419956988139,
    17.437024094668));
#3274 = CARTESIAN_POINT('',(-1.134480309223,3.324779510773,
    17.518600666764));
#3275 = CARTESIAN_POINT('',(-2.548877233423,2.152031111285,
    17.600215252905));
#3276 = CARTESIAN_POINT('',(-3.028623558172,0.562589785351,
    17.681802327451));
#3277 = CARTESIAN_POINT('',(-2.648627883822,-0.853248616403,
    17.763403397331));
#3278 = CARTESIAN_POINT('',(-0.853247573538,-2.648626848079,
    17.926596364103));
#3279 = CARTESIAN_POINT('',(0.562585862243,-3.028626800584,
    18.008197433997));
#3280 = CARTESIAN_POINT('',(2.152039409672,-2.548872827109,
    18.089784508501));
#3281 = CARTESIAN_POINT('',(3.324767963352,-1.134482100618,
    18.171399094718));
#3282 = CARTESIAN_POINT('',(3.419968304368,0.803132096571,
    18.252975666717));
#3283 = CARTESIAN_POINT('',(2.39150215073,2.325667757445,18.334590252937
    ));
#3284 = CARTESIAN_POINT('',(0.856737782076,2.958896465987,
    18.416177327437));
#3285 = CARTESIAN_POINT('',(-0.589529060131,2.71950700599,
    18.497778397335));
#3286 = CARTESIAN_POINT('',(-2.552240098709,1.108749782701,
    18.660971364098));
#3287 = CARTESIAN_POINT('',(-3.069186192144,-0.263019519416,
    18.742572434015));
#3288 = CARTESIAN_POINT('',(-2.747536056577,-1.891843526145,
    18.824159508466));
#3289 = CARTESIAN_POINT('',(-1.454903507243,-3.197559605573,
    18.905774094764));
#3290 = CARTESIAN_POINT('',(0.464049282785,-3.482220933646,
    18.987350666673));
#3291 = CARTESIAN_POINT('',(2.08006082963,-2.607941717138,
    19.068965252967));
#3292 = CARTESIAN_POINT('',(2.860673583335,-1.142634925618,
    19.150552327423));
#3293 = CARTESIAN_POINT('',(2.764195789057,0.320132016739,
    19.232153397338));
#3294 = CARTESIAN_POINT('',(1.353574125354,2.431273881994,
    19.395346364098));
#3295 = CARTESIAN_POINT('',(3.907984515415E-02,3.080187642878,
    19.476947434013));
#3296 = CARTESIAN_POINT('',(-1.613428155258,2.919739011871,
    19.55853450847));
#3297 = CARTESIAN_POINT('',(-3.039557000848,1.76131339776,
    19.640149094762));
#3298 = CARTESIAN_POINT('',(-3.510937871741,-0.120497420738,
    19.721725666671));
#3299 = CARTESIAN_POINT('',(-2.799265379172,-1.814421778938,
    19.80334025297));
#3300 = CARTESIAN_POINT('',(-1.417527870195,-2.734900850278,
    19.884927327421));
#3301 = CARTESIAN_POINT('',(4.765192702297E-02,-2.78226385561,
    19.966528397338));
#3302 = CARTESIAN_POINT('',(2.286893168727,-1.585362809243,
    20.129721364099));
#3303 = CARTESIAN_POINT('',(3.061525202809,-0.340802849445,
    20.211322434005));
#3304 = CARTESIAN_POINT('',(3.063823284386,1.319474589228,
    20.292909508487));
#3305 = CARTESIAN_POINT('',(2.050760877437,2.852281800644,
    20.374524094734));
#3306 = CARTESIAN_POINT('',(0.224214897324,3.505842558826,
    20.456100666704));
#3307 = CARTESIAN_POINT('',(-1.531308854634,2.963630585394,
    20.537715252943));
#3308 = CARTESIAN_POINT('',(-2.582789526997,1.678769246471,
    20.619302327437));
#3309 = CARTESIAN_POINT('',(-2.773537200288,0.225287076801,
    20.700903397332));
#3310 = CARTESIAN_POINT('',(-1.801883582637,-2.120488424103,
    20.864096364107));
#3311 = CARTESIAN_POINT('',(-0.639243735981,-3.013378601436,
    20.945697433976));
#3312 = CARTESIAN_POINT('',(1.012813761587,-3.178401263814,
    21.027284508544));
#3313 = CARTESIAN_POINT('',(2.637537567501,-2.320458408811,
    21.10889909466));
#3314 = CARTESIAN_POINT('',(3.466984065574,-0.566767903345,
    21.190475666772));
#3315 = CARTESIAN_POINT('',(3.099454408991,1.233448588952,
    21.272090252899));
#3316 = CARTESIAN_POINT('',(1.923843157201,2.405804528677,
    21.353677327455));
#3317 = CARTESIAN_POINT('',(0.496056442918,2.73809986556,21.435278397329
    ));
#3318 = CARTESIAN_POINT('',(-1.933662216772,2.001051232114,
    21.598471364105));
#3319 = CARTESIAN_POINT('',(-2.936211516874,0.931528355915,
    21.680072433997));
#3320 = CARTESIAN_POINT('',(-3.262369501534,-0.696398983806,
    21.761659508488));
#3321 = CARTESIAN_POINT('',(-2.567808657287,-2.397392405699,
    21.84327409476));
#3322 = CARTESIAN_POINT('',(-0.903862624539,-3.394736620579,
    21.924850666637));
#3323 = CARTESIAN_POINT('',(0.923709538983,-3.205428792259,
    22.006465253044));
#3324 = CARTESIAN_POINT('',(2.2056503177,-2.150389406665,22.08805232733)
  );
#3325 = CARTESIAN_POINT('',(2.676293132252,-0.762048514311,
    22.169653397416));
#3326 = CARTESIAN_POINT('',(2.180947664507,1.728213785235,
    22.332846363924));
#3327 = CARTESIAN_POINT('',(1.214841847644,2.830767110363,
    22.414447434963));
#3328 = CARTESIAN_POINT('',(-0.373277500711,3.314919337426,
    22.496034505981));
#3329 = CARTESIAN_POINT('',(-2.134159048896,2.790429504929,
    22.577649099293));
#3330 = CARTESIAN_POINT('',(-3.289796000009,1.232252654219,
    22.659225660372));
#3331 = CARTESIAN_POINT('',(-3.280533150794,-0.605074660823,
    22.740840259899));
#3332 = CARTESIAN_POINT('',(-2.356226224627,-1.984254488775,
    22.822427321322));
#3333 = CARTESIAN_POINT('',(-1.020701646137,-2.58871223282,
    22.904028401616));
#3334 = CARTESIAN_POINT('',(1.506121719015,-2.339840379195,
    23.067221355136));
#3335 = CARTESIAN_POINT('',(2.69806082159,-1.486455745417,
    23.148822482406));
#3336 = CARTESIAN_POINT('',(3.335544812261,4.656114377425E-02,
    23.230409381913));
#3337 = CARTESIAN_POINT('',(2.986176764655,1.850372587341,
    23.312024325321));
#3338 = CARTESIAN_POINT('',(1.548775732107,3.153172826794,
    23.393600345943));
#3339 = CARTESIAN_POINT('',(-0.280612929326,3.324044202386,
    23.475215605826));
#3340 = CARTESIAN_POINT('',(-1.743748899482,2.539371277869,
    23.55680201681));
#3341 = CARTESIAN_POINT('',(-2.476200833367,1.269524875854,
    23.638403615229));
#3342 = CARTESIAN_POINT('',(-2.476199768591,-1.404651128745E-08,
    23.719999761438));
#3343 = DEFINITIONAL_REPRESENTATION('',(#3344),#3347);
#3344 = B_SPLINE_CURVE_WITH_KNOTS('',1,(#3345,#3346),.UNSPECIFIED.,.F.,
  .F.,(2,2),(0.,149.51323059183),.PIECEWISE_BEZIER_KNOTS.);
#3345 = CARTESIAN_POINT('',(0.,0.));
#3346 = CARTESIAN_POINT('',(0.,149.51323059183));
#3347 = ( GEOMETRIC_REPRESENTATION_CONTEXT(2) 
PARAMETRIC_REPRESENTATION_CONTEXT() REPRESENTATION_CONTEXT('2D SPACE',''
  ) );
#3348 = ORIENTED_EDGE('',*,*,#3349,.F.);
#3349 = EDGE_CURVE('',#1219,#2556,#3350,.T.);
#3350 = SURFACE_CURVE('',#3351,(#3354,#3361),.PCURVE_S1.);
#3351 = B_SPLINE_CURVE_WITH_KNOTS('',1,(#3352,#3353),.UNSPECIFIED.,.F.,
  .F.,(2,2),(0.,0.583095189485),.PIECEWISE_BEZIER_KNOTS.);
#3352 = CARTESIAN_POINT('',(-2.476200231409,-1.404682437034E-08,
    23.279999761438));
#3353 = CARTESIAN_POINT('',(-3.0162,1.939790994498E-08,23.500000329443)
  );
#3354 = PCURVE('',#1482,#3355);
#3355 = DEFINITIONAL_REPRESENTATION('',(#3356),#3360);
#3356 = LINE('',#3357,#3358);
#3357 = CARTESIAN_POINT('',(0.,149.51323059183));
#3358 = VECTOR('',#3359,1.);
#3359 = DIRECTION('',(1.,0.));
#3360 = ( GEOMETRIC_REPRESENTATION_CONTEXT(2) 
PARAMETRIC_REPRESENTATION_CONTEXT() REPRESENTATION_CONTEXT('2D SPACE',''
  ) );
#3361 = PCURVE('',#3362,#3367);
#3362 = PLANE('',#3363);
#3363 = AXIS2_PLACEMENT_3D('',#3364,#3365,#3366);
#3364 = CARTESIAN_POINT('',(-2.672236165105,-1.905285051647E-09,
    23.499999967641));
#3365 = DIRECTION('',(6.193440237337E-08,1.,-7.769153946343E-13));
#3366 = DIRECTION('',(1.,-6.193440237337E-08,-6.01853107621E-36));
#3367 = DEFINITIONAL_REPRESENTATION('',(#3368),#3371);
#3368 = B_SPLINE_CURVE_WITH_KNOTS('',1,(#3369,#3370),.UNSPECIFIED.,.F.,
  .F.,(2,2),(0.,0.583095189485),.PIECEWISE_BEZIER_KNOTS.);
#3369 = CARTESIAN_POINT('',(0.196035933696,0.220000206203));
#3370 = CARTESIAN_POINT('',(-0.343963834895,-3.618018631357E-07));
#3371 = ( GEOMETRIC_REPRESENTATION_CONTEXT(2) 
PARAMETRIC_REPRESENTATION_CONTEXT() REPRESENTATION_CONTEXT('2D SPACE',''
  ) );
#3372 = ADVANCED_FACE('',(#3373),#2826,.F.);
#3373 = FACE_BOUND('',#3374,.F.);
#3374 = EDGE_LOOP('',(#3375,#3376,#3397,#3674));
#3375 = ORIENTED_EDGE('',*,*,#2555,.F.);
#3376 = ORIENTED_EDGE('',*,*,#3377,.T.);
#3377 = EDGE_CURVE('',#2530,#3378,#3380,.T.);
#3378 = VERTEX_POINT('',#3379);
#3379 = CARTESIAN_POINT('',(2.4762,0.,0.22));
#3380 = SURFACE_CURVE('',#3381,(#3384,#3391),.PCURVE_S1.);
#3381 = B_SPLINE_CURVE_WITH_KNOTS('',1,(#3382,#3383),.UNSPECIFIED.,.F.,
  .F.,(2,2),(0.,0.583095189485),.PIECEWISE_BEZIER_KNOTS.);
#3382 = CARTESIAN_POINT('',(3.0162,-1.7763568394E-15,0.));
#3383 = CARTESIAN_POINT('',(2.4762,2.22044604925E-16,0.22));
#3384 = PCURVE('',#2826,#3385);
#3385 = DEFINITIONAL_REPRESENTATION('',(#3386),#3390);
#3386 = LINE('',#3387,#3388);
#3387 = CARTESIAN_POINT('',(0.,0.));
#3388 = VECTOR('',#3389,1.);
#3389 = DIRECTION('',(1.,0.));
#3390 = ( GEOMETRIC_REPRESENTATION_CONTEXT(2) 
PARAMETRIC_REPRESENTATION_CONTEXT() REPRESENTATION_CONTEXT('2D SPACE',''
  ) );
#3391 = PCURVE('',#2544,#3392);
#3392 = DEFINITIONAL_REPRESENTATION('',(#3393),#3396);
#3393 = B_SPLINE_CURVE_WITH_KNOTS('',1,(#3394,#3395),.UNSPECIFIED.,.F.,
  .F.,(2,2),(0.,0.583095189485),.PIECEWISE_BEZIER_KNOTS.);
#3394 = CARTESIAN_POINT('',(-0.343963834895,2.894463182255E-16));
#3395 = CARTESIAN_POINT('',(0.196036165105,-0.22));
#3396 = ( GEOMETRIC_REPRESENTATION_CONTEXT(2) 
PARAMETRIC_REPRESENTATION_CONTEXT() REPRESENTATION_CONTEXT('2D SPACE',''
  ) );
#3397 = ORIENTED_EDGE('',*,*,#3398,.T.);
#3398 = EDGE_CURVE('',#3378,#3399,#3401,.T.);
#3399 = VERTEX_POINT('',#3400);
#3400 = CARTESIAN_POINT('',(-2.476199768591,-1.40465110654E-08,
    23.719999761438));
#3401 = SURFACE_CURVE('',#3402,(#3661,#3668),.PCURVE_S1.);
#3402 = B_SPLINE_CURVE_WITH_KNOTS('',9,(#3403,#3404,#3405,#3406,#3407,
    #3408,#3409,#3410,#3411,#3412,#3413,#3414,#3415,#3416,#3417,#3418,
    #3419,#3420,#3421,#3422,#3423,#3424,#3425,#3426,#3427,#3428,#3429,
    #3430,#3431,#3432,#3433,#3434,#3435,#3436,#3437,#3438,#3439,#3440,
    #3441,#3442,#3443,#3444,#3445,#3446,#3447,#3448,#3449,#3450,#3451,
    #3452,#3453,#3454,#3455,#3456,#3457,#3458,#3459,#3460,#3461,#3462,
    #3463,#3464,#3465,#3466,#3467,#3468,#3469,#3470,#3471,#3472,#3473,
    #3474,#3475,#3476,#3477,#3478,#3479,#3480,#3481,#3482,#3483,#3484,
    #3485,#3486,#3487,#3488,#3489,#3490,#3491,#3492,#3493,#3494,#3495,
    #3496,#3497,#3498,#3499,#3500,#3501,#3502,#3503,#3504,#3505,#3506,
    #3507,#3508,#3509,#3510,#3511,#3512,#3513,#3514,#3515,#3516,#3517,
    #3518,#3519,#3520,#3521,#3522,#3523,#3524,#3525,#3526,#3527,#3528,
    #3529,#3530,#3531,#3532,#3533,#3534,#3535,#3536,#3537,#3538,#3539,
    #3540,#3541,#3542,#3543,#3544,#3545,#3546,#3547,#3548,#3549,#3550,
    #3551,#3552,#3553,#3554,#3555,#3556,#3557,#3558,#3559,#3560,#3561,
    #3562,#3563,#3564,#3565,#3566,#3567,#3568,#3569,#3570,#3571,#3572,
    #3573,#3574,#3575,#3576,#3577,#3578,#3579,#3580,#3581,#3582,#3583,
    #3584,#3585,#3586,#3587,#3588,#3589,#3590,#3591,#3592,#3593,#3594,
    #3595,#3596,#3597,#3598,#3599,#3600,#3601,#3602,#3603,#3604,#3605,
    #3606,#3607,#3608,#3609,#3610,#3611,#3612,#3613,#3614,#3615,#3616,
    #3617,#3618,#3619,#3620,#3621,#3622,#3623,#3624,#3625,#3626,#3627,
    #3628,#3629,#3630,#3631,#3632,#3633,#3634,#3635,#3636,#3637,#3638,
    #3639,#3640,#3641,#3642,#3643,#3644,#3645,#3646,#3647,#3648,#3649,
    #3650,#3651,#3652,#3653,#3654,#3655,#3656,#3657,#3658,#3659,#3660),
  .UNSPECIFIED.,.F.,.F.,(10,8,8,8,8,8,8,8,8,8,8,8,8,8,8,8,8,8,8,8,8,8,8,
    8,8,8,8,8,8,8,8,8,10),(0.,4.672288455995,9.34457691199,
    14.016865367984,18.689153823979,23.361442279974,28.033730735969,
    32.706019191963,37.378307647958,42.050596103953,46.722884559948,
    51.395173015942,56.067461471937,60.739749927932,65.412038383927,
    70.084326839921,74.756615295916,79.428903751911,84.101192207906,
    88.7734806639,93.445769119895,98.11805757589,102.79034603188,
    107.46263448787,112.13492294387,116.80721139986,121.47949985586,
    126.15178831185,130.82407676785,135.49636522384,140.16865367984,
    144.84094213583,149.51323059183),.UNSPECIFIED.);
#3403 = CARTESIAN_POINT('',(2.4762,2.22044604925E-16,0.22));
#3404 = CARTESIAN_POINT('',(2.476198940836,1.269524864431,0.301596146201
    ));
#3405 = CARTESIAN_POINT('',(1.743754568925,2.539370820011,0.383197744639
    ));
#3406 = CARTESIAN_POINT('',(0.280603261078,3.324046927839,0.464784155587
    ));
#3407 = CARTESIAN_POINT('',(-1.548765677763,3.15316595247,0.546399415521
    ));
#3408 = CARTESIAN_POINT('',(-2.986183152931,1.850382632653,
    0.627975436086));
#3409 = CARTESIAN_POINT('',(-3.335542708325,4.65519432564E-02,
    0.709590379542));
#3410 = CARTESIAN_POINT('',(-2.698060897894,-1.486450659503,
    0.791177279022));
#3411 = CARTESIAN_POINT('',(-1.506121840671,-2.339841841733,
    0.872778406301));
#3412 = CARTESIAN_POINT('',(1.020701786909,-2.588710770913,
    1.035971359822));
#3413 = CARTESIAN_POINT('',(2.356225260826,-1.984259483542,
    1.117572440099));
#3414 = CARTESIAN_POINT('',(3.28053675676,-0.605065990751,1.19915950157)
  );
#3415 = CARTESIAN_POINT('',(3.289788222377,1.23224394429,1.280774101018)
  );
#3416 = CARTESIAN_POINT('',(2.134169636724,2.790434430519,1.362350662187
    ));
#3417 = CARTESIAN_POINT('',(0.373268157629,3.314918390989,1.443965255423
    ));
#3418 = CARTESIAN_POINT('',(-1.214836786138,2.830766593884,
    1.525552326487));
#3419 = CARTESIAN_POINT('',(-2.180949106707,1.728214067054,
    1.607153397509));
#3420 = CARTESIAN_POINT('',(-2.676291691841,-0.762048806001,
    1.770346364019));
#3421 = CARTESIAN_POINT('',(-2.205655192995,-2.150387946099,
    1.851947434115));
#3422 = CARTESIAN_POINT('',(-0.9237012652,-3.205433244109,1.93353450837)
  );
#3423 = CARTESIAN_POINT('',(0.903854719893,-3.394728014487,
    2.015149094836));
#3424 = CARTESIAN_POINT('',(2.567812520652,-2.397403434076,
    2.096725666633));
#3425 = CARTESIAN_POINT('',(3.262369475825,-0.696389588162,
    2.178340252982));
#3426 = CARTESIAN_POINT('',(2.936210506623,0.931523367584,2.259927327421
    ));
#3427 = CARTESIAN_POINT('',(1.933662638619,2.001052640083,2.341528397336
    ));
#3428 = CARTESIAN_POINT('',(-0.4960568744,2.738098460516,2.504721364102)
  );
#3429 = CARTESIAN_POINT('',(-1.923841225791,2.405809237562,
    2.586322433994));
#3430 = CARTESIAN_POINT('',(-3.099459650389,1.233440791111,
    2.667909508508));
#3431 = CARTESIAN_POINT('',(-3.466974726125,-0.566760880073,
    2.749524094708));
#3432 = CARTESIAN_POINT('',(-2.637548921452,-2.320461172773,
    2.831100666727));
#3433 = CARTESIAN_POINT('',(-1.012804408666,-3.178402159067,
    2.91271525293));
#3434 = CARTESIAN_POINT('',(0.639238870691,-3.013377107146,2.99430232744
    ));
#3435 = CARTESIAN_POINT('',(1.801884942478,-2.120488981917,
    3.075903397333));
#3436 = CARTESIAN_POINT('',(2.773535844299,0.225287643921,3.239096364103
    ));
#3437 = CARTESIAN_POINT('',(2.582794023912,1.678766862808,3.320697433997
    ));
#3438 = CARTESIAN_POINT('',(1.531301608062,2.96363656589,3.4022845085));
#3439 = CARTESIAN_POINT('',(-0.224208823272,3.505832575915,3.48389909472
    ));
#3440 = CARTESIAN_POINT('',(-2.050762515218,2.852293370881,
    3.565475666714));
#3441 = CARTESIAN_POINT('',(-3.063825092077,1.319465369058,
    3.647090252939));
#3442 = CARTESIAN_POINT('',(-3.061523238826,-0.340798154029,
    3.728677327436));
#3443 = CARTESIAN_POINT('',(-2.286893857145,-1.585364107867,
    3.810278397334));
#3444 = CARTESIAN_POINT('',(-4.765122972101E-02,-2.782262561733,
    3.973471364103));
#3445 = CARTESIAN_POINT('',(1.417525057224,-2.734905091909,
    4.055072433996));
#3446 = CARTESIAN_POINT('',(2.79927204118,-1.814415153438,4.136659508503
    ));
#3447 = CARTESIAN_POINT('',(3.510927341512,-0.120502487059,
    4.218274094716));
#3448 = CARTESIAN_POINT('',(3.039568675928,1.761313893583,4.299850666719
    ));
#3449 = CARTESIAN_POINT('',(1.613419156655,2.91974171459,4.381465252935)
  );
#3450 = CARTESIAN_POINT('',(-3.907536484594E-02,3.08018522812,
    4.463052327439));
#3451 = CARTESIAN_POINT('',(-1.353575350249,2.431274694385,
    4.544653397333));
#3452 = CARTESIAN_POINT('',(-2.764194569759,0.320131195973,
    4.707846364104));
#3453 = CARTESIAN_POINT('',(-2.860677528818,-1.142631710446,
    4.78944743399));
#3454 = CARTESIAN_POINT('',(-2.080054889029,-2.607948996467,
    4.871034508515));
#3455 = CARTESIAN_POINT('',(-0.464053292565,-3.482209957551,4.9526490947
    ));
#3456 = CARTESIAN_POINT('',(1.454902856321,-3.197571273019,
    5.034225666733));
#3457 = CARTESIAN_POINT('',(2.747539628297,-1.891834835792,
    5.115840252926));
#3458 = CARTESIAN_POINT('',(3.069183349868,-0.26302374146,5.197427327443
    ));
#3459 = CARTESIAN_POINT('',(2.552241027248,1.108750922068,5.279028397332
    ));
#3460 = CARTESIAN_POINT('',(0.589528123806,2.719505873014,5.442221364104
    ));
#3461 = CARTESIAN_POINT('',(-0.856734195667,2.958900077323,
    5.523822433992));
#3462 = CARTESIAN_POINT('',(-2.391509977274,2.325662558957,5.60540950851
    ));
#3463 = CARTESIAN_POINT('',(-3.41995698812,0.803135011192,5.687024094708
    ));
#3464 = CARTESIAN_POINT('',(-3.324779510793,-1.134480309222,
    5.768600666724));
#3465 = CARTESIAN_POINT('',(-2.152031111271,-2.548877233428,
    5.850215252933));
#3466 = CARTESIAN_POINT('',(-0.562589785357,-3.028623558167,
    5.931802327438));
#3467 = CARTESIAN_POINT('',(0.853248616404,-2.648627883824,
    6.013403397334));
#3468 = CARTESIAN_POINT('',(2.648626848078,-0.853247573536,6.1765963641)
  );
#3469 = CARTESIAN_POINT('',(3.028626800589,0.562585862238,6.258197434006
    ));
#3470 = CARTESIAN_POINT('',(2.548872827104,2.152039409682,6.339784508483
    ));
#3471 = CARTESIAN_POINT('',(1.134482100621,3.324767963339,6.421399094742
    ));
#3472 = CARTESIAN_POINT('',(-0.803132096568,3.419968304379,
    6.502975666694));
#3473 = CARTESIAN_POINT('',(-2.325667757451,2.391502150724,
    6.584590252952));
#3474 = CARTESIAN_POINT('',(-2.958896465983,0.856737782077,
    6.666177327431));
#3475 = CARTESIAN_POINT('',(-2.71950700599,-0.58952906013,6.747778397334
    ));
#3476 = CARTESIAN_POINT('',(-1.108749782704,-2.552240098712,
    6.910971364104));
#3477 = CARTESIAN_POINT('',(0.263019519432,-3.069186192136,
    6.992572433988));
#3478 = CARTESIAN_POINT('',(1.891843526113,-2.747536056584,7.07415950852
    ));
#3479 = CARTESIAN_POINT('',(3.197559605615,-1.454903507246,
    7.155774094693));
#3480 = CARTESIAN_POINT('',(3.482220933608,0.464049282801,7.23735066674)
  );
#3481 = CARTESIAN_POINT('',(2.607941717161,2.080060829611,7.318965252922
    ));
#3482 = CARTESIAN_POINT('',(1.142634925608,2.860673583347,7.400552327444
    ));
#3483 = CARTESIAN_POINT('',(-0.320132016737,2.764195789052,
    7.482153397332));
#3484 = CARTESIAN_POINT('',(-2.431273881997,1.353574125358,
    7.645346364104));
#3485 = CARTESIAN_POINT('',(-3.080187642874,3.907984513937E-02,
    7.726947433992));
#3486 = CARTESIAN_POINT('',(-2.919739011872,-1.61342815523,7.80853450851
    ));
#3487 = CARTESIAN_POINT('',(-1.761313397769,-3.039557000886,
    7.890149094707));
#3488 = CARTESIAN_POINT('',(0.120497420755,-3.510937871706,
    7.971725666727));
#3489 = CARTESIAN_POINT('',(1.81442177892,-2.799265379194,8.05334025293)
  );
#3490 = CARTESIAN_POINT('',(2.734900850291,-1.417527870186,
    8.134927327441));
#3491 = CARTESIAN_POINT('',(2.782263855606,4.765192702148E-02,
    8.216528397333));
#3492 = CARTESIAN_POINT('',(1.585362809246,2.286893168728,8.379721364104
    ));
#3493 = CARTESIAN_POINT('',(0.340802849437,3.061525202808,8.461322433994
    ));
#3494 = CARTESIAN_POINT('',(-1.319474589215,3.063823284386,
    8.542909508507));
#3495 = CARTESIAN_POINT('',(-2.852281800659,2.050760877438,8.62452409471
    ));
#3496 = CARTESIAN_POINT('',(-3.505842558814,0.224214897321,
    8.706100666723));
#3497 = CARTESIAN_POINT('',(-2.9636305854,-1.531308854632,8.787715252933
    ));
#3498 = CARTESIAN_POINT('',(-1.67876924647,-2.582789526998,8.86930232744
    ));
#3499 = CARTESIAN_POINT('',(-0.225287076801,-2.773537200289,
    8.950903397333));
#3500 = CARTESIAN_POINT('',(2.120488424102,-1.801883582634,
    9.114096364104));
#3501 = CARTESIAN_POINT('',(3.013378601438,-0.63924373599,9.19569743399)
  );
#3502 = CARTESIAN_POINT('',(3.178401263817,1.012813761605,9.277284508515
    ));
#3503 = CARTESIAN_POINT('',(2.320458408799,2.637537567478,9.358899094702
    ));
#3504 = CARTESIAN_POINT('',(0.566767903365,3.466984065594,9.44047566673)
  );
#3505 = CARTESIAN_POINT('',(-1.233448588971,3.099454408981,
    9.522090252929));
#3506 = CARTESIAN_POINT('',(-2.405804528666,1.923843157204,
    9.603677327441));
#3507 = CARTESIAN_POINT('',(-2.738099865563,0.496056442919,
    9.685278397332));
#3508 = CARTESIAN_POINT('',(-2.001051232111,-1.933662216775,
    9.848471364104));
#3509 = CARTESIAN_POINT('',(-0.931528355923,-2.936211516856,
    9.930072433992));
#3510 = CARTESIAN_POINT('',(0.696398983817,-3.262369501586,
    10.011659508511));
#3511 = CARTESIAN_POINT('',(2.39739240569,-2.567808657188,
    10.093274094706));
#3512 = CARTESIAN_POINT('',(3.39473662058,-0.903862624677,
    10.174850666726));
#3513 = CARTESIAN_POINT('',(3.205428792266,0.923709539131,
    10.256465252931));
#3514 = CARTESIAN_POINT('',(2.150389406655,2.205650317575,
    10.338052327439));
#3515 = CARTESIAN_POINT('',(0.762048514319,2.676293132335,
    10.419653397333));
#3516 = CARTESIAN_POINT('',(-1.728213785253,2.180947664336,
    10.582846364103));
#3517 = CARTESIAN_POINT('',(-2.830767110271,1.214841848565,
    10.664447433997));
#3518 = CARTESIAN_POINT('',(-3.314919337663,-0.373277503126,
    10.7460345085));
#3519 = CARTESIAN_POINT('',(-2.790429504502,-2.134159044486,
    10.82764909472));
#3520 = CARTESIAN_POINT('',(-1.232252654813,-3.289796006157,
    10.909225666714));
#3521 = CARTESIAN_POINT('',(0.605074661479,-3.280533144019,
    10.990840252939));
#3522 = CARTESIAN_POINT('',(1.984254488194,-2.356226230596,
    11.072427327437));
#3523 = CARTESIAN_POINT('',(2.588712233231,-1.020701641949,
    11.154028397333));
#3524 = CARTESIAN_POINT('',(2.33984037833,1.506121710242,11.317221364105
    ));
#3525 = CARTESIAN_POINT('',(1.486455750093,2.698060868959,
    11.398822433985));
#3526 = CARTESIAN_POINT('',(-4.65611560046E-02,3.335544688393,
    11.480409508526));
#3527 = CARTESIAN_POINT('',(-1.850372565057,2.986176990296,
    11.562024094684));
#3528 = CARTESIAN_POINT('',(-3.153172857794,1.548775418246,
    11.643600666749));
#3529 = CARTESIAN_POINT('',(-3.324044168278,-0.280612584053,
    11.725215252914));
#3530 = CARTESIAN_POINT('',(-2.539371307892,-1.743749203396,
    11.806802327448));
#3531 = CARTESIAN_POINT('',(-1.269524854794,-2.476200620186,
    11.888403397331));
#3532 = CARTESIAN_POINT('',(1.26952485983,-2.47619915039,12.051596364104
    ));
#3533 = CARTESIAN_POINT('',(2.53937082657,-1.743754270183,
    12.133197433994));
#3534 = CARTESIAN_POINT('',(3.324046920386,-0.280603600474,
    12.214784508505));
#3535 = CARTESIAN_POINT('',(3.153165959245,1.548765986279,
    12.296399094714));
#3536 = CARTESIAN_POINT('',(1.850382627782,2.986182931133,12.37797566672
    ));
#3537 = CARTESIAN_POINT('',(4.655194593049E-02,3.335542830082,
    12.459590252935));
#3538 = CARTESIAN_POINT('',(-1.486450660526,2.698060851332,
    12.541177327439));
#3539 = CARTESIAN_POINT('',(-2.339841841543,1.506121849295,
    12.622778397333));
#3540 = CARTESIAN_POINT('',(-2.588710771005,-1.020701791026,
    12.785971364104));
#3541 = CARTESIAN_POINT('',(-1.984259483408,-2.356225254958,
    12.867572433988));
#3542 = CARTESIAN_POINT('',(-0.605065990908,-3.280536763423,
    12.949159508521));
#3543 = CARTESIAN_POINT('',(1.232243944435,-3.289788216326,
    13.030774094688));
#3544 = CARTESIAN_POINT('',(2.790434430415,-2.134169641067,
    13.112350666748));
#3545 = CARTESIAN_POINT('',(3.314918391044,-0.37326815525,
    13.193965252913));
#3546 = CARTESIAN_POINT('',(2.830766593864,1.214836785232,13.27555232745
    ));
#3547 = CARTESIAN_POINT('',(1.728214067057,2.180949106874,
    13.357153397329));
#3548 = CARTESIAN_POINT('',(-0.762048806001,2.676291691763,
    13.520346364107));
#3549 = CARTESIAN_POINT('',(-2.150387946101,2.205655193102,
    13.60194743398));
#3550 = CARTESIAN_POINT('',(-3.2054332441,0.923701265081,13.683534508532
    ));
#3551 = CARTESIAN_POINT('',(-3.394728014503,-0.903854719785,
    13.765149094679));
#3552 = CARTESIAN_POINT('',(-2.397403434059,-2.567812520732,
    13.846725666752));
#3553 = CARTESIAN_POINT('',(-0.696389588175,-3.262369475778,
    13.928340252914));
#3554 = CARTESIAN_POINT('',(0.93152336759,-2.936210506643,
    14.009927327448));
#3555 = CARTESIAN_POINT('',(2.001052640081,-1.933662638615,
    14.091528397331));
#3556 = CARTESIAN_POINT('',(2.738098460517,0.496056874398,
    14.254721364105));
#3557 = CARTESIAN_POINT('',(2.405809237562,1.923841225796,
    14.336322433992));
#3558 = CARTESIAN_POINT('',(1.233440791111,3.099459650383,14.41790950851
    ));
#3559 = CARTESIAN_POINT('',(-0.566760880073,3.46697472613,14.49952409471
    ));
#3560 = CARTESIAN_POINT('',(-2.320461172773,2.63754892145,
    14.581100666722));
#3561 = CARTESIAN_POINT('',(-3.178402159067,1.012804408664,
    14.662715252936));
#3562 = CARTESIAN_POINT('',(-3.013377107145,-0.639238870689,
    14.744302327436));
#3563 = CARTESIAN_POINT('',(-2.120488981917,-1.80188494248,
    14.825903397335));
#3564 = CARTESIAN_POINT('',(0.225287643922,-2.773535844296,
    14.989096364098));
#3565 = CARTESIAN_POINT('',(1.6787668628,-2.582794023922,15.070697434016
    ));
#3566 = CARTESIAN_POINT('',(2.963636565909,-1.531301608048,
    15.152284508463));
#3567 = CARTESIAN_POINT('',(3.505832575886,0.224208823259,15.23389909477
    ));
#3568 = CARTESIAN_POINT('',(2.852293370912,2.050762515224,
    15.315475666666));
#3569 = CARTESIAN_POINT('',(1.319465369036,3.063825092079,
    15.397090252972));
#3570 = CARTESIAN_POINT('',(-0.340798154018,3.061523238822,
    15.478677327422));
#3571 = CARTESIAN_POINT('',(-1.58536410787,2.286893857147,
    15.560278397337));
#3572 = CARTESIAN_POINT('',(-2.782262561732,4.765122972001E-02,
    15.723471364101));
#3573 = CARTESIAN_POINT('',(-2.734905091911,-1.417525057221,
    15.805072433999));
#3574 = CARTESIAN_POINT('',(-1.814415153436,-2.799272041185,
    15.886659508499));
#3575 = CARTESIAN_POINT('',(-0.120502487061,-3.510927341503,
    15.968274094721));
#3576 = CARTESIAN_POINT('',(1.761313893584,-3.039568675937,
    16.049850666713));
#3577 = CARTESIAN_POINT('',(2.91974171459,-1.613419156647,
    16.131465252941));
#3578 = CARTESIAN_POINT('',(3.080185228119,3.907536484096E-02,
    16.213052327434));
#3579 = CARTESIAN_POINT('',(2.431274694387,1.353575350251,
    16.294653397336));
#3580 = CARTESIAN_POINT('',(0.32013119597,2.764194569754,16.457846364097
    ));
#3581 = CARTESIAN_POINT('',(-1.142631710433,2.860677528832,
    16.539447434019));
#3582 = CARTESIAN_POINT('',(-2.607948996495,2.080054889011,
    16.621034508458));
#3583 = CARTESIAN_POINT('',(-3.482209957511,0.464053292575,
    16.702649094775));
#3584 = CARTESIAN_POINT('',(-3.197571273058,-1.454902856316,
    16.784225666664));
#3585 = CARTESIAN_POINT('',(-1.891834835767,-2.747539628309,
    16.865840252971));
#3586 = CARTESIAN_POINT('',(-0.263023741471,-3.069183349858,
    16.947427327424));
#3587 = CARTESIAN_POINT('',(1.10875092207,-2.552241027251,
    17.029028397335));
#3588 = CARTESIAN_POINT('',(2.719505873015,-0.589528123806,
    17.192221364105));
#3589 = CARTESIAN_POINT('',(2.958900077318,0.856734195671,17.27382243398
    ));
#3590 = CARTESIAN_POINT('',(2.325662558965,2.391509977262,
    17.355409508538));
#3591 = CARTESIAN_POINT('',(0.803135011187,3.419956988139,
    17.437024094668));
#3592 = CARTESIAN_POINT('',(-1.134480309223,3.324779510773,
    17.518600666764));
#3593 = CARTESIAN_POINT('',(-2.548877233423,2.152031111285,
    17.600215252905));
#3594 = CARTESIAN_POINT('',(-3.028623558172,0.562589785351,
    17.681802327451));
#3595 = CARTESIAN_POINT('',(-2.648627883822,-0.853248616403,
    17.763403397331));
#3596 = CARTESIAN_POINT('',(-0.853247573538,-2.648626848079,
    17.926596364103));
#3597 = CARTESIAN_POINT('',(0.562585862243,-3.028626800584,
    18.008197433997));
#3598 = CARTESIAN_POINT('',(2.152039409672,-2.548872827109,
    18.089784508501));
#3599 = CARTESIAN_POINT('',(3.324767963352,-1.134482100618,
    18.171399094718));
#3600 = CARTESIAN_POINT('',(3.419968304368,0.803132096571,
    18.252975666717));
#3601 = CARTESIAN_POINT('',(2.39150215073,2.325667757445,18.334590252937
    ));
#3602 = CARTESIAN_POINT('',(0.856737782076,2.958896465987,
    18.416177327437));
#3603 = CARTESIAN_POINT('',(-0.589529060131,2.71950700599,
    18.497778397335));
#3604 = CARTESIAN_POINT('',(-2.552240098709,1.108749782701,
    18.660971364098));
#3605 = CARTESIAN_POINT('',(-3.069186192144,-0.263019519416,
    18.742572434015));
#3606 = CARTESIAN_POINT('',(-2.747536056577,-1.891843526145,
    18.824159508466));
#3607 = CARTESIAN_POINT('',(-1.454903507243,-3.197559605573,
    18.905774094764));
#3608 = CARTESIAN_POINT('',(0.464049282785,-3.482220933646,
    18.987350666673));
#3609 = CARTESIAN_POINT('',(2.08006082963,-2.607941717138,
    19.068965252967));
#3610 = CARTESIAN_POINT('',(2.860673583335,-1.142634925618,
    19.150552327423));
#3611 = CARTESIAN_POINT('',(2.764195789057,0.320132016739,
    19.232153397338));
#3612 = CARTESIAN_POINT('',(1.353574125354,2.431273881994,
    19.395346364098));
#3613 = CARTESIAN_POINT('',(3.907984515415E-02,3.080187642878,
    19.476947434013));
#3614 = CARTESIAN_POINT('',(-1.613428155258,2.919739011871,
    19.55853450847));
#3615 = CARTESIAN_POINT('',(-3.039557000848,1.76131339776,
    19.640149094762));
#3616 = CARTESIAN_POINT('',(-3.510937871741,-0.120497420738,
    19.721725666671));
#3617 = CARTESIAN_POINT('',(-2.799265379172,-1.814421778938,
    19.80334025297));
#3618 = CARTESIAN_POINT('',(-1.417527870195,-2.734900850278,
    19.884927327421));
#3619 = CARTESIAN_POINT('',(4.765192702297E-02,-2.78226385561,
    19.966528397338));
#3620 = CARTESIAN_POINT('',(2.286893168727,-1.585362809243,
    20.129721364099));
#3621 = CARTESIAN_POINT('',(3.061525202809,-0.340802849445,
    20.211322434005));
#3622 = CARTESIAN_POINT('',(3.063823284386,1.319474589228,
    20.292909508487));
#3623 = CARTESIAN_POINT('',(2.050760877437,2.852281800644,
    20.374524094734));
#3624 = CARTESIAN_POINT('',(0.224214897324,3.505842558826,
    20.456100666704));
#3625 = CARTESIAN_POINT('',(-1.531308854634,2.963630585394,
    20.537715252943));
#3626 = CARTESIAN_POINT('',(-2.582789526997,1.678769246471,
    20.619302327437));
#3627 = CARTESIAN_POINT('',(-2.773537200288,0.225287076801,
    20.700903397332));
#3628 = CARTESIAN_POINT('',(-1.801883582637,-2.120488424103,
    20.864096364107));
#3629 = CARTESIAN_POINT('',(-0.639243735981,-3.013378601436,
    20.945697433976));
#3630 = CARTESIAN_POINT('',(1.012813761587,-3.178401263814,
    21.027284508544));
#3631 = CARTESIAN_POINT('',(2.637537567501,-2.320458408811,
    21.10889909466));
#3632 = CARTESIAN_POINT('',(3.466984065574,-0.566767903345,
    21.190475666772));
#3633 = CARTESIAN_POINT('',(3.099454408991,1.233448588952,
    21.272090252899));
#3634 = CARTESIAN_POINT('',(1.923843157201,2.405804528677,
    21.353677327455));
#3635 = CARTESIAN_POINT('',(0.496056442918,2.73809986556,21.435278397329
    ));
#3636 = CARTESIAN_POINT('',(-1.933662216772,2.001051232114,
    21.598471364105));
#3637 = CARTESIAN_POINT('',(-2.936211516874,0.931528355915,
    21.680072433997));
#3638 = CARTESIAN_POINT('',(-3.262369501534,-0.696398983806,
    21.761659508488));
#3639 = CARTESIAN_POINT('',(-2.567808657287,-2.397392405699,
    21.84327409476));
#3640 = CARTESIAN_POINT('',(-0.903862624539,-3.394736620579,
    21.924850666637));
#3641 = CARTESIAN_POINT('',(0.923709538983,-3.205428792259,
    22.006465253044));
#3642 = CARTESIAN_POINT('',(2.2056503177,-2.150389406665,22.08805232733)
  );
#3643 = CARTESIAN_POINT('',(2.676293132252,-0.762048514311,
    22.169653397416));
#3644 = CARTESIAN_POINT('',(2.180947664507,1.728213785235,
    22.332846363924));
#3645 = CARTESIAN_POINT('',(1.214841847644,2.830767110363,
    22.414447434963));
#3646 = CARTESIAN_POINT('',(-0.373277500711,3.314919337426,
    22.496034505981));
#3647 = CARTESIAN_POINT('',(-2.134159048896,2.790429504929,
    22.577649099293));
#3648 = CARTESIAN_POINT('',(-3.289796000009,1.232252654219,
    22.659225660372));
#3649 = CARTESIAN_POINT('',(-3.280533150794,-0.605074660823,
    22.740840259899));
#3650 = CARTESIAN_POINT('',(-2.356226224627,-1.984254488775,
    22.822427321322));
#3651 = CARTESIAN_POINT('',(-1.020701646137,-2.58871223282,
    22.904028401616));
#3652 = CARTESIAN_POINT('',(1.506121719015,-2.339840379195,
    23.067221355136));
#3653 = CARTESIAN_POINT('',(2.69806082159,-1.486455745417,
    23.148822482406));
#3654 = CARTESIAN_POINT('',(3.335544812261,4.656114377425E-02,
    23.230409381913));
#3655 = CARTESIAN_POINT('',(2.986176764655,1.850372587341,
    23.312024325321));
#3656 = CARTESIAN_POINT('',(1.548775732107,3.153172826794,
    23.393600345943));
#3657 = CARTESIAN_POINT('',(-0.280612929326,3.324044202386,
    23.475215605826));
#3658 = CARTESIAN_POINT('',(-1.743748899482,2.539371277869,
    23.55680201681));
#3659 = CARTESIAN_POINT('',(-2.476200833367,1.269524875854,
    23.638403615229));
#3660 = CARTESIAN_POINT('',(-2.476199768591,-1.404651128745E-08,
    23.719999761438));
#3661 = PCURVE('',#2826,#3662);
#3662 = DEFINITIONAL_REPRESENTATION('',(#3663),#3667);
#3663 = LINE('',#3664,#3665);
#3664 = CARTESIAN_POINT('',(0.583095189485,0.));
#3665 = VECTOR('',#3666,1.);
#3666 = DIRECTION('',(0.,1.));
#3667 = ( GEOMETRIC_REPRESENTATION_CONTEXT(2) 
PARAMETRIC_REPRESENTATION_CONTEXT() REPRESENTATION_CONTEXT('2D SPACE',''
  ) );
#3668 = PCURVE('',#2006,#3669);
#3669 = DEFINITIONAL_REPRESENTATION('',(#3670),#3673);
#3670 = B_SPLINE_CURVE_WITH_KNOTS('',1,(#3671,#3672),.UNSPECIFIED.,.F.,
  .F.,(2,2),(0.,149.51323059183),.PIECEWISE_BEZIER_KNOTS.);
#3671 = CARTESIAN_POINT('',(0.,0.));
#3672 = CARTESIAN_POINT('',(0.,149.51323059183));
#3673 = ( GEOMETRIC_REPRESENTATION_CONTEXT(2) 
PARAMETRIC_REPRESENTATION_CONTEXT() REPRESENTATION_CONTEXT('2D SPACE',''
  ) );
#3674 = ORIENTED_EDGE('',*,*,#3675,.F.);
#3675 = EDGE_CURVE('',#2556,#3399,#3676,.T.);
#3676 = SURFACE_CURVE('',#3677,(#3680,#3687),.PCURVE_S1.);
#3677 = B_SPLINE_CURVE_WITH_KNOTS('',1,(#3678,#3679),.UNSPECIFIED.,.F.,
  .F.,(2,2),(0.,0.583095189485),.PIECEWISE_BEZIER_KNOTS.);
#3678 = CARTESIAN_POINT('',(-3.0162,1.939790905681E-08,23.500000329443)
  );
#3679 = CARTESIAN_POINT('',(-2.476199768591,-1.404651128745E-08,
    23.719999761438));
#3680 = PCURVE('',#2826,#3681);
#3681 = DEFINITIONAL_REPRESENTATION('',(#3682),#3686);
#3682 = LINE('',#3683,#3684);
#3683 = CARTESIAN_POINT('',(0.,149.51323059183));
#3684 = VECTOR('',#3685,1.);
#3685 = DIRECTION('',(1.,0.));
#3686 = ( GEOMETRIC_REPRESENTATION_CONTEXT(2) 
PARAMETRIC_REPRESENTATION_CONTEXT() REPRESENTATION_CONTEXT('2D SPACE',''
  ) );
#3687 = PCURVE('',#3362,#3688);
#3688 = DEFINITIONAL_REPRESENTATION('',(#3689),#3692);
#3689 = B_SPLINE_CURVE_WITH_KNOTS('',1,(#3690,#3691),.UNSPECIFIED.,.F.,
  .F.,(2,2),(0.,0.583095189485),.PIECEWISE_BEZIER_KNOTS.);
#3690 = CARTESIAN_POINT('',(-0.343963834895,-3.618018631357E-07));
#3691 = CARTESIAN_POINT('',(0.196036396514,-0.219999793797));
#3692 = ( GEOMETRIC_REPRESENTATION_CONTEXT(2) 
PARAMETRIC_REPRESENTATION_CONTEXT() REPRESENTATION_CONTEXT('2D SPACE',''
  ) );
#3693 = ADVANCED_FACE('',(#3694),#2006,.F.);
#3694 = FACE_BOUND('',#3695,.F.);
#3695 = EDGE_LOOP('',(#3696,#3697,#3716,#3717));
#3696 = ORIENTED_EDGE('',*,*,#3398,.F.);
#3697 = ORIENTED_EDGE('',*,*,#3698,.T.);
#3698 = EDGE_CURVE('',#3378,#1217,#3699,.T.);
#3699 = SURFACE_CURVE('',#3700,(#3703,#3710),.PCURVE_S1.);
#3700 = B_SPLINE_CURVE_WITH_KNOTS('',1,(#3701,#3702),.UNSPECIFIED.,.F.,
  .F.,(2,2),(0.,0.44),.PIECEWISE_BEZIER_KNOTS.);
#3701 = CARTESIAN_POINT('',(2.4762,0.,0.22));
#3702 = CARTESIAN_POINT('',(2.4762,1.33226762955E-15,-0.22));
#3703 = PCURVE('',#2006,#3704);
#3704 = DEFINITIONAL_REPRESENTATION('',(#3705),#3709);
#3705 = LINE('',#3706,#3707);
#3706 = CARTESIAN_POINT('',(0.,0.));
#3707 = VECTOR('',#3708,1.);
#3708 = DIRECTION('',(1.,0.));
#3709 = ( GEOMETRIC_REPRESENTATION_CONTEXT(2) 
PARAMETRIC_REPRESENTATION_CONTEXT() REPRESENTATION_CONTEXT('2D SPACE',''
  ) );
#3710 = PCURVE('',#2544,#3711);
#3711 = DEFINITIONAL_REPRESENTATION('',(#3712),#3715);
#3712 = B_SPLINE_CURVE_WITH_KNOTS('',1,(#3713,#3714),.UNSPECIFIED.,.F.,
  .F.,(2,2),(0.,0.44),.PIECEWISE_BEZIER_KNOTS.);
#3713 = CARTESIAN_POINT('',(0.196036165105,-0.22));
#3714 = CARTESIAN_POINT('',(0.196036165105,0.22));
#3715 = ( GEOMETRIC_REPRESENTATION_CONTEXT(2) 
PARAMETRIC_REPRESENTATION_CONTEXT() REPRESENTATION_CONTEXT('2D SPACE',''
  ) );
#3716 = ORIENTED_EDGE('',*,*,#1216,.T.);
#3717 = ORIENTED_EDGE('',*,*,#3718,.F.);
#3718 = EDGE_CURVE('',#3399,#1219,#3719,.T.);
#3719 = SURFACE_CURVE('',#3720,(#3723,#3730),.PCURVE_S1.);
#3720 = B_SPLINE_CURVE_WITH_KNOTS('',1,(#3721,#3722),.UNSPECIFIED.,.F.,
  .F.,(2,2),(0.,0.44),.PIECEWISE_BEZIER_KNOTS.);
#3721 = CARTESIAN_POINT('',(-2.476199768591,-1.40465110654E-08,
    23.719999761438));
#3722 = CARTESIAN_POINT('',(-2.476200231409,-1.404682437034E-08,
    23.279999761438));
#3723 = PCURVE('',#2006,#3724);
#3724 = DEFINITIONAL_REPRESENTATION('',(#3725),#3729);
#3725 = LINE('',#3726,#3727);
#3726 = CARTESIAN_POINT('',(0.,149.51323059183));
#3727 = VECTOR('',#3728,1.);
#3728 = DIRECTION('',(1.,0.));
#3729 = ( GEOMETRIC_REPRESENTATION_CONTEXT(2) 
PARAMETRIC_REPRESENTATION_CONTEXT() REPRESENTATION_CONTEXT('2D SPACE',''
  ) );
#3730 = PCURVE('',#3362,#3731);
#3731 = DEFINITIONAL_REPRESENTATION('',(#3732),#3735);
#3732 = B_SPLINE_CURVE_WITH_KNOTS('',1,(#3733,#3734),.UNSPECIFIED.,.F.,
  .F.,(2,2),(0.,0.44),.PIECEWISE_BEZIER_KNOTS.);
#3733 = CARTESIAN_POINT('',(0.196036396514,-0.219999793797));
#3734 = CARTESIAN_POINT('',(0.196035933696,0.220000206203));
#3735 = ( GEOMETRIC_REPRESENTATION_CONTEXT(2) 
PARAMETRIC_REPRESENTATION_CONTEXT() REPRESENTATION_CONTEXT('2D SPACE',''
  ) );
#3736 = ADVANCED_FACE('',(#3737),#2544,.T.);
#3737 = FACE_BOUND('',#3738,.T.);
#3738 = EDGE_LOOP('',(#3739,#3740,#3741));
#3739 = ORIENTED_EDGE('',*,*,#2529,.T.);
#3740 = ORIENTED_EDGE('',*,*,#3377,.T.);
#3741 = ORIENTED_EDGE('',*,*,#3698,.T.);
#3742 = ADVANCED_FACE('',(#3743),#3362,.F.);
#3743 = FACE_BOUND('',#3744,.F.);
#3744 = EDGE_LOOP('',(#3745,#3746,#3747));
#3745 = ORIENTED_EDGE('',*,*,#3349,.T.);
#3746 = ORIENTED_EDGE('',*,*,#3675,.T.);
#3747 = ORIENTED_EDGE('',*,*,#3718,.T.);
#3748 = ( GEOMETRIC_REPRESENTATION_CONTEXT(3) 
GLOBAL_UNCERTAINTY_ASSIGNED_CONTEXT((#3752)) 
GLOBAL_UNIT_ASSIGNED_CONTEXT((#3749,#3750,#3751)) REPRESENTATION_CONTEXT
('Context #1','3D Context with UNIT and UNCERTAINTY') );
#3749 = ( LENGTH_UNIT() NAMED_UNIT(*) SI_UNIT(.MILLI.,.METRE.) );
#3750 = ( NAMED_UNIT(*) PLANE_ANGLE_UNIT() SI_UNIT($,.RADIAN.) );
#3751 = ( NAMED_UNIT(*) SI_UNIT($,.STERADIAN.) SOLID_ANGLE_UNIT() );
#3752 = UNCERTAINTY_MEASURE_WITH_UNIT(LENGTH_MEASURE(1.E-05),#3749,
  'distance_accuracy_value','confusion accuracy');
#3753 = CONTEXT_DEPENDENT_SHAPE_REPRESENTATION(#3754,#3756);
#3754 = ( REPRESENTATION_RELATIONSHIP('','',#1209,#10) 
REPRESENTATION_RELATIONSHIP_WITH_TRANSFORMATION(#3755) 
SHAPE_REPRESENTATION_RELATIONSHIP() );
#3755 = ITEM_DEFINED_TRANSFORMATION('','',#11,#19);
#3756 = PRODUCT_DEFINITION_SHAPE('Placement','Placement of an item',
  #3757);
#3757 = NEXT_ASSEMBLY_USAGE_OCCURRENCE('16','','',#5,#1204,$);
#3758 = PRODUCT_RELATED_PRODUCT_CATEGORY('part',$,(#1206));
ENDSEC;
END-ISO-10303-21;
