ISO-10303-21;
HEADER;
FILE_DESCRIPTION(('Open CASCADE Model'),'2;1');
FILE_NAME('Open CASCADE Shape Model','2026-08-17T03:01:30',('Author'),(
    'Open CASCADE'),'Open CASCADE STEP processor 7.9','Open CASCADE 7.9'
  ,'Unknown');
FILE_SCHEMA(('AUTOMOTIVE_DESIGN { 1 0 10303 214 1 1 1 1 }'));
ENDSEC;
DATA;
#1 = APPLICATION_PROTOCOL_DEFINITION('international standard',
  'automotive_design',2000,#2);
#2 = APPLICATION_CONTEXT(
  'core data for automotive mechanical design processes');
#3 = SHAPE_DEFINITION_REPRESENTATION(#4,#10);
#4 = PRODUCT_DEFINITION_SHAPE('','',#5);
#5 = PRODUCT_DEFINITION('design','',#6,#9);
#6 = PRODUCT_DEFINITION_FORMATION('','',#7);
#7 = PRODUCT('Open CASCADE STEP translator 7.9 3',
  'Open CASCADE STEP translator 7.9 3','',(#8));
#8 = PRODUCT_CONTEXT('',#2,'mechanical');
#9 = PRODUCT_DEFINITION_CONTEXT('part definition',#2,'design');
#10 = SHAPE_REPRESENTATION('',(#11,#15,#19),#23);
#11 = AXIS2_PLACEMENT_3D('',#12,#13,#14);
#12 = CARTESIAN_POINT('',(0.,0.,0.));
#13 = DIRECTION('',(0.,0.,1.));
#14 = DIRECTION('',(1.,0.,-0.));
#15 = AXIS2_PLACEMENT_3D('',#16,#17,#18);
#16 = CARTESIAN_POINT('',(0.,0.,0.));
#17 = DIRECTION('',(0.,0.,1.));
#18 = DIRECTION('',(1.,0.,-0.));
#19 = AXIS2_PLACEMENT_3D('',#20,#21,#22);
#20 = CARTESIAN_POINT('',(0.,0.,0.));
#21 = DIRECTION('',(0.,0.,1.));
#22 = DIRECTION('',(1.,0.,-0.));
#23 = ( GEOMETRIC_REPRESENTATION_CONTEXT(3) 
GLOBAL_UNCERTAINTY_ASSIGNED_CONTEXT((#27)) GLOBAL_UNIT_ASSIGNED_CONTEXT(
(#24,#25,#26)) REPRESENTATION_CONTEXT('Context #1',
  '3D Context with UNIT and UNCERTAINTY') );
#24 = ( LENGTH_UNIT() NAMED_UNIT(*) SI_UNIT(.MILLI.,.METRE.) );
#25 = ( NAMED_UNIT(*) PLANE_ANGLE_UNIT() SI_UNIT($,.RADIAN.) );
#26 = ( NAMED_UNIT(*) SI_UNIT($,.STERADIAN.) SOLID_ANGLE_UNIT() );
#27 = UNCERTAINTY_MEASURE_WITH_UNIT(LENGTH_MEASURE(2.E-06),#24,
  'distance_accuracy_value','confusion accuracy');
#28 = PRODUCT_RELATED_PRODUCT_CATEGORY('part',$,(#7));
#29 = SHAPE_DEFINITION_REPRESENTATION(#30,#36);
#30 = PRODUCT_DEFINITION_SHAPE('','',#31);
#31 = PRODUCT_DEFINITION('design','',#32,#35);
#32 = PRODUCT_DEFINITION_FORMATION('','',#33);
#33 = PRODUCT('Open CASCADE STEP translator 7.9 3.1',
  'Open CASCADE STEP translator 7.9 3.1','',(#34));
#34 = PRODUCT_CONTEXT('',#2,'mechanical');
#35 = PRODUCT_DEFINITION_CONTEXT('part definition',#2,'design');
#36 = ADVANCED_BREP_SHAPE_REPRESENTATION('',(#11,#37),#1191);
#37 = MANIFOLD_SOLID_BREP('',#38);
#38 = CLOSED_SHELL('',(#39,#424,#500,#554,#604,#653,#702,#752,#802,#851,
    #900,#950,#1000,#1027,#1082,#1097,#1132,#1187));
#39 = ADVANCED_FACE('',(#40,#393),#54,.T.);
#40 = FACE_BOUND('',#41,.T.);
#41 = EDGE_LOOP('',(#42,#77,#110,#138,#167,#195,#224,#252,#281,#309,#338
    ,#366));
#42 = ORIENTED_EDGE('',*,*,#43,.F.);
#43 = EDGE_CURVE('',#44,#46,#48,.T.);
#44 = VERTEX_POINT('',#45);
#45 = CARTESIAN_POINT('',(7.447818472546,0.1,32.1));
#46 = VERTEX_POINT('',#47);
#47 = CARTESIAN_POINT('',(3.810511776652,6.4,32.1));
#48 = SURFACE_CURVE('',#49,(#53,#65),.PCURVE_S1.);
#49 = LINE('',#50,#51);
#50 = CARTESIAN_POINT('',(7.505553499465,0.,32.1));
#51 = VECTOR('',#52,1.);
#52 = DIRECTION('',(-0.5,0.866025403784,0.));
#53 = PCURVE('',#54,#59);
#54 = PLANE('',#55);
#55 = AXIS2_PLACEMENT_3D('',#56,#57,#58);
#56 = CARTESIAN_POINT('',(-6.435012388421E-16,6.182685985047E-16,32.1));
#57 = DIRECTION('',(0.,0.,1.));
#58 = DIRECTION('',(1.,0.,-0.));
#59 = DEFINITIONAL_REPRESENTATION('',(#60),#64);
#60 = LINE('',#61,#62);
#61 = CARTESIAN_POINT('',(7.505553499465,-6.182685985047E-16));
#62 = VECTOR('',#63,1.);
#63 = DIRECTION('',(-0.5,0.866025403784));
#64 = ( GEOMETRIC_REPRESENTATION_CONTEXT(2) 
PARAMETRIC_REPRESENTATION_CONTEXT() REPRESENTATION_CONTEXT('2D SPACE',''
  ) );
#65 = PCURVE('',#66,#71);
#66 = PLANE('',#67);
#67 = AXIS2_PLACEMENT_3D('',#68,#69,#70);
#68 = CARTESIAN_POINT('',(7.505553499465,0.,32.1));
#69 = DIRECTION('',(-0.866025403784,-0.5,0.));
#70 = DIRECTION('',(-0.5,0.866025403784,0.));
#71 = DEFINITIONAL_REPRESENTATION('',(#72),#76);
#72 = LINE('',#73,#74);
#73 = CARTESIAN_POINT('',(0.,0.));
#74 = VECTOR('',#75,1.);
#75 = DIRECTION('',(1.,0.));
#76 = ( GEOMETRIC_REPRESENTATION_CONTEXT(2) 
PARAMETRIC_REPRESENTATION_CONTEXT() REPRESENTATION_CONTEXT('2D SPACE',''
  ) );
#77 = ORIENTED_EDGE('',*,*,#78,.T.);
#78 = EDGE_CURVE('',#44,#79,#81,.T.);
#79 = VERTEX_POINT('',#80);
#80 = CARTESIAN_POINT('',(7.447818472546,-1.E-01,32.1));
#81 = SURFACE_CURVE('',#82,(#87,#98),.PCURVE_S1.);
#82 = CIRCLE('',#83,0.2);
#83 = AXIS2_PLACEMENT_3D('',#84,#85,#86);
#84 = CARTESIAN_POINT('',(7.274613391789,9.39988827516E-16,32.1));
#85 = DIRECTION('',(-0.,-0.,-1.));
#86 = DIRECTION('',(0.,-1.,0.));
#87 = PCURVE('',#54,#88);
#88 = DEFINITIONAL_REPRESENTATION('',(#89),#97);
#89 = ( BOUNDED_CURVE() B_SPLINE_CURVE(2,(#90,#91,#92,#93,#94,#95,#96),
.UNSPECIFIED.,.T.,.F.) B_SPLINE_CURVE_WITH_KNOTS((1,2,2,2,2,1),(
    -2.094395102393,0.,2.094395102393,4.188790204786,6.28318530718,
8.377580409573),.UNSPECIFIED.) CURVE() GEOMETRIC_REPRESENTATION_ITEM() 
RATIONAL_B_SPLINE_CURVE((1.,0.5,1.,0.5,1.,0.5,1.)) REPRESENTATION_ITEM(
  '') );
#90 = CARTESIAN_POINT('',(7.274613391789,-0.2));
#91 = CARTESIAN_POINT('',(6.928203230276,-0.2));
#92 = CARTESIAN_POINT('',(7.101408311032,0.1));
#93 = CARTESIAN_POINT('',(7.274613391789,0.4));
#94 = CARTESIAN_POINT('',(7.447818472546,0.1));
#95 = CARTESIAN_POINT('',(7.621023553303,-0.2));
#96 = CARTESIAN_POINT('',(7.274613391789,-0.2));
#97 = ( GEOMETRIC_REPRESENTATION_CONTEXT(2) 
PARAMETRIC_REPRESENTATION_CONTEXT() REPRESENTATION_CONTEXT('2D SPACE',''
  ) );
#98 = PCURVE('',#99,#104);
#99 = CYLINDRICAL_SURFACE('',#100,0.2);
#100 = AXIS2_PLACEMENT_3D('',#101,#102,#103);
#101 = CARTESIAN_POINT('',(7.274613391789,9.39988827516E-16,32.1));
#102 = DIRECTION('',(0.,0.,1.));
#103 = DIRECTION('',(0.866025403784,0.5,-0.));
#104 = DEFINITIONAL_REPRESENTATION('',(#105),#109);
#105 = LINE('',#106,#107);
#106 = CARTESIAN_POINT('',(4.188790204786,-0.));
#107 = VECTOR('',#108,1.);
#108 = DIRECTION('',(-1.,0.));
#109 = ( GEOMETRIC_REPRESENTATION_CONTEXT(2) 
PARAMETRIC_REPRESENTATION_CONTEXT() REPRESENTATION_CONTEXT('2D SPACE',''
  ) );
#110 = ORIENTED_EDGE('',*,*,#111,.F.);
#111 = EDGE_CURVE('',#112,#79,#114,.T.);
#112 = VERTEX_POINT('',#113);
#113 = CARTESIAN_POINT('',(3.810511776652,-6.4,32.1));
#114 = SURFACE_CURVE('',#115,(#119,#126),.PCURVE_S1.);
#115 = LINE('',#116,#117);
#116 = CARTESIAN_POINT('',(3.752776749733,-6.5,32.1));
#117 = VECTOR('',#118,1.);
#118 = DIRECTION('',(0.5,0.866025403784,0.));
#119 = PCURVE('',#54,#120);
#120 = DEFINITIONAL_REPRESENTATION('',(#121),#125);
#121 = LINE('',#122,#123);
#122 = CARTESIAN_POINT('',(3.752776749733,-6.5));
#123 = VECTOR('',#124,1.);
#124 = DIRECTION('',(0.5,0.866025403784));
#125 = ( GEOMETRIC_REPRESENTATION_CONTEXT(2) 
PARAMETRIC_REPRESENTATION_CONTEXT() REPRESENTATION_CONTEXT('2D SPACE',''
  ) );
#126 = PCURVE('',#127,#132);
#127 = PLANE('',#128);
#128 = AXIS2_PLACEMENT_3D('',#129,#130,#131);
#129 = CARTESIAN_POINT('',(3.752776749733,-6.5,32.1));
#130 = DIRECTION('',(-0.866025403784,0.5,0.));
#131 = DIRECTION('',(0.5,0.866025403784,0.));
#132 = DEFINITIONAL_REPRESENTATION('',(#133),#137);
#133 = LINE('',#134,#135);
#134 = CARTESIAN_POINT('',(0.,0.));
#135 = VECTOR('',#136,1.);
#136 = DIRECTION('',(1.,0.));
#137 = ( GEOMETRIC_REPRESENTATION_CONTEXT(2) 
PARAMETRIC_REPRESENTATION_CONTEXT() REPRESENTATION_CONTEXT('2D SPACE',''
  ) );
#138 = ORIENTED_EDGE('',*,*,#139,.F.);
#139 = EDGE_CURVE('',#140,#112,#142,.T.);
#140 = VERTEX_POINT('',#141);
#141 = CARTESIAN_POINT('',(3.637306695895,-6.5,32.1));
#142 = SURFACE_CURVE('',#143,(#148,#155),.PCURVE_S1.);
#143 = CIRCLE('',#144,0.2);
#144 = AXIS2_PLACEMENT_3D('',#145,#146,#147);
#145 = CARTESIAN_POINT('',(3.637306695895,-6.3,32.1));
#146 = DIRECTION('',(0.,0.,1.));
#147 = DIRECTION('',(0.,-1.,0.));
#148 = PCURVE('',#54,#149);
#149 = DEFINITIONAL_REPRESENTATION('',(#150),#154);
#150 = CIRCLE('',#151,0.2);
#151 = AXIS2_PLACEMENT_2D('',#152,#153);
#152 = CARTESIAN_POINT('',(3.637306695895,-6.3));
#153 = DIRECTION('',(0.,-1.));
#154 = ( GEOMETRIC_REPRESENTATION_CONTEXT(2) 
PARAMETRIC_REPRESENTATION_CONTEXT() REPRESENTATION_CONTEXT('2D SPACE',''
  ) );
#155 = PCURVE('',#156,#161);
#156 = CYLINDRICAL_SURFACE('',#157,0.2);
#157 = AXIS2_PLACEMENT_3D('',#158,#159,#160);
#158 = CARTESIAN_POINT('',(3.637306695895,-6.3,32.1));
#159 = DIRECTION('',(0.,0.,1.));
#160 = DIRECTION('',(-5.916808265796E-16,-1.,0.));
#161 = DEFINITIONAL_REPRESENTATION('',(#162),#166);
#162 = LINE('',#163,#164);
#163 = CARTESIAN_POINT('',(5.916808265796E-16,0.));
#164 = VECTOR('',#165,1.);
#165 = DIRECTION('',(1.,0.));
#166 = ( GEOMETRIC_REPRESENTATION_CONTEXT(2) 
PARAMETRIC_REPRESENTATION_CONTEXT() REPRESENTATION_CONTEXT('2D SPACE',''
  ) );
#167 = ORIENTED_EDGE('',*,*,#168,.F.);
#168 = EDGE_CURVE('',#169,#140,#171,.T.);
#169 = VERTEX_POINT('',#170);
#170 = CARTESIAN_POINT('',(-3.637306695895,-6.5,32.1));
#171 = SURFACE_CURVE('',#172,(#176,#183),.PCURVE_S1.);
#172 = LINE('',#173,#174);
#173 = CARTESIAN_POINT('',(-3.752776749733,-6.5,32.1));
#174 = VECTOR('',#175,1.);
#175 = DIRECTION('',(1.,-5.916808265796E-16,0.));
#176 = PCURVE('',#54,#177);
#177 = DEFINITIONAL_REPRESENTATION('',(#178),#182);
#178 = LINE('',#179,#180);
#179 = CARTESIAN_POINT('',(-3.752776749733,-6.5));
#180 = VECTOR('',#181,1.);
#181 = DIRECTION('',(1.,-5.916808265796E-16));
#182 = ( GEOMETRIC_REPRESENTATION_CONTEXT(2) 
PARAMETRIC_REPRESENTATION_CONTEXT() REPRESENTATION_CONTEXT('2D SPACE',''
  ) );
#183 = PCURVE('',#184,#189);
#184 = PLANE('',#185);
#185 = AXIS2_PLACEMENT_3D('',#186,#187,#188);
#186 = CARTESIAN_POINT('',(-3.752776749733,-6.5,32.1));
#187 = DIRECTION('',(5.916808265796E-16,1.,-0.));
#188 = DIRECTION('',(1.,-5.916808265796E-16,0.));
#189 = DEFINITIONAL_REPRESENTATION('',(#190),#194);
#190 = LINE('',#191,#192);
#191 = CARTESIAN_POINT('',(0.,0.));
#192 = VECTOR('',#193,1.);
#193 = DIRECTION('',(1.,0.));
#194 = ( GEOMETRIC_REPRESENTATION_CONTEXT(2) 
PARAMETRIC_REPRESENTATION_CONTEXT() REPRESENTATION_CONTEXT('2D SPACE',''
  ) );
#195 = ORIENTED_EDGE('',*,*,#196,.F.);
#196 = EDGE_CURVE('',#197,#169,#199,.T.);
#197 = VERTEX_POINT('',#198);
#198 = CARTESIAN_POINT('',(-3.810511776652,-6.4,32.1));
#199 = SURFACE_CURVE('',#200,(#205,#212),.PCURVE_S1.);
#200 = CIRCLE('',#201,0.2);
#201 = AXIS2_PLACEMENT_3D('',#202,#203,#204);
#202 = CARTESIAN_POINT('',(-3.637306695895,-6.3,32.1));
#203 = DIRECTION('',(0.,0.,1.));
#204 = DIRECTION('',(0.,-1.,0.));
#205 = PCURVE('',#54,#206);
#206 = DEFINITIONAL_REPRESENTATION('',(#207),#211);
#207 = CIRCLE('',#208,0.2);
#208 = AXIS2_PLACEMENT_2D('',#209,#210);
#209 = CARTESIAN_POINT('',(-3.637306695895,-6.3));
#210 = DIRECTION('',(0.,-1.));
#211 = ( GEOMETRIC_REPRESENTATION_CONTEXT(2) 
PARAMETRIC_REPRESENTATION_CONTEXT() REPRESENTATION_CONTEXT('2D SPACE',''
  ) );
#212 = PCURVE('',#213,#218);
#213 = CYLINDRICAL_SURFACE('',#214,0.2);
#214 = AXIS2_PLACEMENT_3D('',#215,#216,#217);
#215 = CARTESIAN_POINT('',(-3.637306695895,-6.3,32.1));
#216 = DIRECTION('',(0.,0.,1.));
#217 = DIRECTION('',(-0.866025403784,-0.5,0.));
#218 = DEFINITIONAL_REPRESENTATION('',(#219),#223);
#219 = LINE('',#220,#221);
#220 = CARTESIAN_POINT('',(-5.235987755983,0.));
#221 = VECTOR('',#222,1.);
#222 = DIRECTION('',(1.,0.));
#223 = ( GEOMETRIC_REPRESENTATION_CONTEXT(2) 
PARAMETRIC_REPRESENTATION_CONTEXT() REPRESENTATION_CONTEXT('2D SPACE',''
  ) );
#224 = ORIENTED_EDGE('',*,*,#225,.F.);
#225 = EDGE_CURVE('',#226,#197,#228,.T.);
#226 = VERTEX_POINT('',#227);
#227 = CARTESIAN_POINT('',(-7.447818472546,-0.1,32.1));
#228 = SURFACE_CURVE('',#229,(#233,#240),.PCURVE_S1.);
#229 = LINE('',#230,#231);
#230 = CARTESIAN_POINT('',(-7.505553499465,9.191652068949E-16,32.1));
#231 = VECTOR('',#232,1.);
#232 = DIRECTION('',(0.5,-0.866025403784,0.));
#233 = PCURVE('',#54,#234);
#234 = DEFINITIONAL_REPRESENTATION('',(#235),#239);
#235 = LINE('',#236,#237);
#236 = CARTESIAN_POINT('',(-7.505553499465,3.008966083902E-16));
#237 = VECTOR('',#238,1.);
#238 = DIRECTION('',(0.5,-0.866025403784));
#239 = ( GEOMETRIC_REPRESENTATION_CONTEXT(2) 
PARAMETRIC_REPRESENTATION_CONTEXT() REPRESENTATION_CONTEXT('2D SPACE',''
  ) );
#240 = PCURVE('',#241,#246);
#241 = PLANE('',#242);
#242 = AXIS2_PLACEMENT_3D('',#243,#244,#245);
#243 = CARTESIAN_POINT('',(-7.505553499465,9.191652068949E-16,32.1));
#244 = DIRECTION('',(0.866025403784,0.5,-0.));
#245 = DIRECTION('',(0.5,-0.866025403784,0.));
#246 = DEFINITIONAL_REPRESENTATION('',(#247),#251);
#247 = LINE('',#248,#249);
#248 = CARTESIAN_POINT('',(0.,0.));
#249 = VECTOR('',#250,1.);
#250 = DIRECTION('',(1.,0.));
#251 = ( GEOMETRIC_REPRESENTATION_CONTEXT(2) 
PARAMETRIC_REPRESENTATION_CONTEXT() REPRESENTATION_CONTEXT('2D SPACE',''
  ) );
#252 = ORIENTED_EDGE('',*,*,#253,.F.);
#253 = EDGE_CURVE('',#254,#226,#256,.T.);
#254 = VERTEX_POINT('',#255);
#255 = CARTESIAN_POINT('',(-7.447818472546,1.E-01,32.1));
#256 = SURFACE_CURVE('',#257,(#262,#269),.PCURVE_S1.);
#257 = CIRCLE('',#258,0.2);
#258 = AXIS2_PLACEMENT_3D('',#259,#260,#261);
#259 = CARTESIAN_POINT('',(-7.274613391789,-5.100121713918E-16,32.1));
#260 = DIRECTION('',(0.,0.,1.));
#261 = DIRECTION('',(0.,-1.,0.));
#262 = PCURVE('',#54,#263);
#263 = DEFINITIONAL_REPRESENTATION('',(#264),#268);
#264 = CIRCLE('',#265,0.2);
#265 = AXIS2_PLACEMENT_2D('',#266,#267);
#266 = CARTESIAN_POINT('',(-7.274613391789,-1.128280769897E-15));
#267 = DIRECTION('',(0.,-1.));
#268 = ( GEOMETRIC_REPRESENTATION_CONTEXT(2) 
PARAMETRIC_REPRESENTATION_CONTEXT() REPRESENTATION_CONTEXT('2D SPACE',''
  ) );
#269 = PCURVE('',#270,#275);
#270 = CYLINDRICAL_SURFACE('',#271,0.2);
#271 = AXIS2_PLACEMENT_3D('',#272,#273,#274);
#272 = CARTESIAN_POINT('',(-7.274613391789,-5.100121713918E-16,32.1));
#273 = DIRECTION('',(0.,0.,1.));
#274 = DIRECTION('',(-0.866025403784,0.5,0.));
#275 = DEFINITIONAL_REPRESENTATION('',(#276),#280);
#276 = LINE('',#277,#278);
#277 = CARTESIAN_POINT('',(-4.188790204786,0.));
#278 = VECTOR('',#279,1.);
#279 = DIRECTION('',(1.,0.));
#280 = ( GEOMETRIC_REPRESENTATION_CONTEXT(2) 
PARAMETRIC_REPRESENTATION_CONTEXT() REPRESENTATION_CONTEXT('2D SPACE',''
  ) );
#281 = ORIENTED_EDGE('',*,*,#282,.F.);
#282 = EDGE_CURVE('',#283,#254,#285,.T.);
#283 = VERTEX_POINT('',#284);
#284 = CARTESIAN_POINT('',(-3.810511776652,6.4,32.1));
#285 = SURFACE_CURVE('',#286,(#290,#297),.PCURVE_S1.);
#286 = LINE('',#287,#288);
#287 = CARTESIAN_POINT('',(-3.752776749733,6.5,32.1));
#288 = VECTOR('',#289,1.);
#289 = DIRECTION('',(-0.5,-0.866025403784,0.));
#290 = PCURVE('',#54,#291);
#291 = DEFINITIONAL_REPRESENTATION('',(#292),#296);
#292 = LINE('',#293,#294);
#293 = CARTESIAN_POINT('',(-3.752776749733,6.5));
#294 = VECTOR('',#295,1.);
#295 = DIRECTION('',(-0.5,-0.866025403784));
#296 = ( GEOMETRIC_REPRESENTATION_CONTEXT(2) 
PARAMETRIC_REPRESENTATION_CONTEXT() REPRESENTATION_CONTEXT('2D SPACE',''
  ) );
#297 = PCURVE('',#298,#303);
#298 = PLANE('',#299);
#299 = AXIS2_PLACEMENT_3D('',#300,#301,#302);
#300 = CARTESIAN_POINT('',(-3.752776749733,6.5,32.1));
#301 = DIRECTION('',(0.866025403784,-0.5,0.));
#302 = DIRECTION('',(-0.5,-0.866025403784,0.));
#303 = DEFINITIONAL_REPRESENTATION('',(#304),#308);
#304 = LINE('',#305,#306);
#305 = CARTESIAN_POINT('',(0.,0.));
#306 = VECTOR('',#307,1.);
#307 = DIRECTION('',(1.,0.));
#308 = ( GEOMETRIC_REPRESENTATION_CONTEXT(2) 
PARAMETRIC_REPRESENTATION_CONTEXT() REPRESENTATION_CONTEXT('2D SPACE',''
  ) );
#309 = ORIENTED_EDGE('',*,*,#310,.F.);
#310 = EDGE_CURVE('',#311,#283,#313,.T.);
#311 = VERTEX_POINT('',#312);
#312 = CARTESIAN_POINT('',(-3.637306695895,6.5,32.1));
#313 = SURFACE_CURVE('',#314,(#319,#326),.PCURVE_S1.);
#314 = CIRCLE('',#315,0.2);
#315 = AXIS2_PLACEMENT_3D('',#316,#317,#318);
#316 = CARTESIAN_POINT('',(-3.637306695895,6.3,32.1));
#317 = DIRECTION('',(0.,0.,1.));
#318 = DIRECTION('',(0.,-1.,0.));
#319 = PCURVE('',#54,#320);
#320 = DEFINITIONAL_REPRESENTATION('',(#321),#325);
#321 = CIRCLE('',#322,0.2);
#322 = AXIS2_PLACEMENT_2D('',#323,#324);
#323 = CARTESIAN_POINT('',(-3.637306695895,6.3));
#324 = DIRECTION('',(0.,-1.));
#325 = ( GEOMETRIC_REPRESENTATION_CONTEXT(2) 
PARAMETRIC_REPRESENTATION_CONTEXT() REPRESENTATION_CONTEXT('2D SPACE',''
  ) );
#326 = PCURVE('',#327,#332);
#327 = CYLINDRICAL_SURFACE('',#328,0.2);
#328 = AXIS2_PLACEMENT_3D('',#329,#330,#331);
#329 = CARTESIAN_POINT('',(-3.637306695895,6.3,32.1));
#330 = DIRECTION('',(0.,0.,1.));
#331 = DIRECTION('',(1.183361653159E-16,1.,-0.));
#332 = DEFINITIONAL_REPRESENTATION('',(#333),#337);
#333 = LINE('',#334,#335);
#334 = CARTESIAN_POINT('',(-3.14159265359,0.));
#335 = VECTOR('',#336,1.);
#336 = DIRECTION('',(1.,0.));
#337 = ( GEOMETRIC_REPRESENTATION_CONTEXT(2) 
PARAMETRIC_REPRESENTATION_CONTEXT() REPRESENTATION_CONTEXT('2D SPACE',''
  ) );
#338 = ORIENTED_EDGE('',*,*,#339,.F.);
#339 = EDGE_CURVE('',#340,#311,#342,.T.);
#340 = VERTEX_POINT('',#341);
#341 = CARTESIAN_POINT('',(3.637306695895,6.5,32.1));
#342 = SURFACE_CURVE('',#343,(#347,#354),.PCURVE_S1.);
#343 = LINE('',#344,#345);
#344 = CARTESIAN_POINT('',(3.752776749733,6.5,32.1));
#345 = VECTOR('',#346,1.);
#346 = DIRECTION('',(-1.,1.183361653159E-16,0.));
#347 = PCURVE('',#54,#348);
#348 = DEFINITIONAL_REPRESENTATION('',(#349),#353);
#349 = LINE('',#350,#351);
#350 = CARTESIAN_POINT('',(3.752776749733,6.5));
#351 = VECTOR('',#352,1.);
#352 = DIRECTION('',(-1.,1.183361653159E-16));
#353 = ( GEOMETRIC_REPRESENTATION_CONTEXT(2) 
PARAMETRIC_REPRESENTATION_CONTEXT() REPRESENTATION_CONTEXT('2D SPACE',''
  ) );
#354 = PCURVE('',#355,#360);
#355 = PLANE('',#356);
#356 = AXIS2_PLACEMENT_3D('',#357,#358,#359);
#357 = CARTESIAN_POINT('',(3.752776749733,6.5,32.1));
#358 = DIRECTION('',(-1.183361653159E-16,-1.,0.));
#359 = DIRECTION('',(-1.,1.183361653159E-16,0.));
#360 = DEFINITIONAL_REPRESENTATION('',(#361),#365);
#361 = LINE('',#362,#363);
#362 = CARTESIAN_POINT('',(0.,0.));
#363 = VECTOR('',#364,1.);
#364 = DIRECTION('',(1.,0.));
#365 = ( GEOMETRIC_REPRESENTATION_CONTEXT(2) 
PARAMETRIC_REPRESENTATION_CONTEXT() REPRESENTATION_CONTEXT('2D SPACE',''
  ) );
#366 = ORIENTED_EDGE('',*,*,#367,.F.);
#367 = EDGE_CURVE('',#46,#340,#368,.T.);
#368 = SURFACE_CURVE('',#369,(#374,#381),.PCURVE_S1.);
#369 = CIRCLE('',#370,0.2);
#370 = AXIS2_PLACEMENT_3D('',#371,#372,#373);
#371 = CARTESIAN_POINT('',(3.637306695895,6.3,32.1));
#372 = DIRECTION('',(0.,0.,1.));
#373 = DIRECTION('',(0.,-1.,0.));
#374 = PCURVE('',#54,#375);
#375 = DEFINITIONAL_REPRESENTATION('',(#376),#380);
#376 = CIRCLE('',#377,0.2);
#377 = AXIS2_PLACEMENT_2D('',#378,#379);
#378 = CARTESIAN_POINT('',(3.637306695895,6.3));
#379 = DIRECTION('',(0.,-1.));
#380 = ( GEOMETRIC_REPRESENTATION_CONTEXT(2) 
PARAMETRIC_REPRESENTATION_CONTEXT() REPRESENTATION_CONTEXT('2D SPACE',''
  ) );
#381 = PCURVE('',#382,#387);
#382 = CYLINDRICAL_SURFACE('',#383,0.2);
#383 = AXIS2_PLACEMENT_3D('',#384,#385,#386);
#384 = CARTESIAN_POINT('',(3.637306695895,6.3,32.1));
#385 = DIRECTION('',(0.,0.,1.));
#386 = DIRECTION('',(0.866025403784,0.5,-0.));
#387 = DEFINITIONAL_REPRESENTATION('',(#388),#392);
#388 = LINE('',#389,#390);
#389 = CARTESIAN_POINT('',(-2.094395102393,0.));
#390 = VECTOR('',#391,1.);
#391 = DIRECTION('',(1.,0.));
#392 = ( GEOMETRIC_REPRESENTATION_CONTEXT(2) 
PARAMETRIC_REPRESENTATION_CONTEXT() REPRESENTATION_CONTEXT('2D SPACE',''
  ) );
#393 = FACE_BOUND('',#394,.T.);
#394 = EDGE_LOOP('',(#395));
#395 = ORIENTED_EDGE('',*,*,#396,.T.);
#396 = EDGE_CURVE('',#397,#397,#399,.T.);
#397 = VERTEX_POINT('',#398);
#398 = CARTESIAN_POINT('',(8.5,0.,32.1));
#399 = SURFACE_CURVE('',#400,(#405,#412),.PCURVE_S1.);
#400 = CIRCLE('',#401,8.5);
#401 = AXIS2_PLACEMENT_3D('',#402,#403,#404);
#402 = CARTESIAN_POINT('',(0.,0.,32.1));
#403 = DIRECTION('',(0.,0.,1.));
#404 = DIRECTION('',(1.,0.,0.));
#405 = PCURVE('',#54,#406);
#406 = DEFINITIONAL_REPRESENTATION('',(#407),#411);
#407 = CIRCLE('',#408,8.5);
#408 = AXIS2_PLACEMENT_2D('',#409,#410);
#409 = CARTESIAN_POINT('',(6.435012388421E-16,-6.182685985047E-16));
#410 = DIRECTION('',(1.,0.));
#411 = ( GEOMETRIC_REPRESENTATION_CONTEXT(2) 
PARAMETRIC_REPRESENTATION_CONTEXT() REPRESENTATION_CONTEXT('2D SPACE',''
  ) );
#412 = PCURVE('',#413,#418);
#413 = CYLINDRICAL_SURFACE('',#414,8.5);
#414 = AXIS2_PLACEMENT_3D('',#415,#416,#417);
#415 = CARTESIAN_POINT('',(0.,0.,30.7));
#416 = DIRECTION('',(-0.,-0.,-1.));
#417 = DIRECTION('',(1.,0.,0.));
#418 = DEFINITIONAL_REPRESENTATION('',(#419),#423);
#419 = LINE('',#420,#421);
#420 = CARTESIAN_POINT('',(-0.,-1.4));
#421 = VECTOR('',#422,1.);
#422 = DIRECTION('',(-1.,0.));
#423 = ( GEOMETRIC_REPRESENTATION_CONTEXT(2) 
PARAMETRIC_REPRESENTATION_CONTEXT() REPRESENTATION_CONTEXT('2D SPACE',''
  ) );
#424 = ADVANCED_FACE('',(#425),#66,.F.);
#425 = FACE_BOUND('',#426,.F.);
#426 = EDGE_LOOP('',(#427,#428,#451,#479));
#427 = ORIENTED_EDGE('',*,*,#43,.F.);
#428 = ORIENTED_EDGE('',*,*,#429,.T.);
#429 = EDGE_CURVE('',#44,#430,#432,.T.);
#430 = VERTEX_POINT('',#431);
#431 = CARTESIAN_POINT('',(7.447818472546,0.1,37.4));
#432 = SURFACE_CURVE('',#433,(#437,#444),.PCURVE_S1.);
#433 = LINE('',#434,#435);
#434 = CARTESIAN_POINT('',(7.447818472546,0.1,32.1));
#435 = VECTOR('',#436,1.);
#436 = DIRECTION('',(0.,0.,1.));
#437 = PCURVE('',#66,#438);
#438 = DEFINITIONAL_REPRESENTATION('',(#439),#443);
#439 = LINE('',#440,#441);
#440 = CARTESIAN_POINT('',(0.115470053838,0.));
#441 = VECTOR('',#442,1.);
#442 = DIRECTION('',(0.,-1.));
#443 = ( GEOMETRIC_REPRESENTATION_CONTEXT(2) 
PARAMETRIC_REPRESENTATION_CONTEXT() REPRESENTATION_CONTEXT('2D SPACE',''
  ) );
#444 = PCURVE('',#99,#445);
#445 = DEFINITIONAL_REPRESENTATION('',(#446),#450);
#446 = LINE('',#447,#448);
#447 = CARTESIAN_POINT('',(-0.,0.));
#448 = VECTOR('',#449,1.);
#449 = DIRECTION('',(-0.,1.));
#450 = ( GEOMETRIC_REPRESENTATION_CONTEXT(2) 
PARAMETRIC_REPRESENTATION_CONTEXT() REPRESENTATION_CONTEXT('2D SPACE',''
  ) );
#451 = ORIENTED_EDGE('',*,*,#452,.T.);
#452 = EDGE_CURVE('',#430,#453,#455,.T.);
#453 = VERTEX_POINT('',#454);
#454 = CARTESIAN_POINT('',(3.810511776652,6.4,37.4));
#455 = SURFACE_CURVE('',#456,(#460,#467),.PCURVE_S1.);
#456 = LINE('',#457,#458);
#457 = CARTESIAN_POINT('',(7.505553499465,0.,37.4));
#458 = VECTOR('',#459,1.);
#459 = DIRECTION('',(-0.5,0.866025403784,0.));
#460 = PCURVE('',#66,#461);
#461 = DEFINITIONAL_REPRESENTATION('',(#462),#466);
#462 = LINE('',#463,#464);
#463 = CARTESIAN_POINT('',(0.,-5.3));
#464 = VECTOR('',#465,1.);
#465 = DIRECTION('',(1.,0.));
#466 = ( GEOMETRIC_REPRESENTATION_CONTEXT(2) 
PARAMETRIC_REPRESENTATION_CONTEXT() REPRESENTATION_CONTEXT('2D SPACE',''
  ) );
#467 = PCURVE('',#468,#473);
#468 = PLANE('',#469);
#469 = AXIS2_PLACEMENT_3D('',#470,#471,#472);
#470 = CARTESIAN_POINT('',(-3.155631075091E-16,-7.889077687727E-17,37.4)
  );
#471 = DIRECTION('',(0.,0.,1.));
#472 = DIRECTION('',(1.,0.,-0.));
#473 = DEFINITIONAL_REPRESENTATION('',(#474),#478);
#474 = LINE('',#475,#476);
#475 = CARTESIAN_POINT('',(7.505553499465,7.889077687727E-17));
#476 = VECTOR('',#477,1.);
#477 = DIRECTION('',(-0.5,0.866025403784));
#478 = ( GEOMETRIC_REPRESENTATION_CONTEXT(2) 
PARAMETRIC_REPRESENTATION_CONTEXT() REPRESENTATION_CONTEXT('2D SPACE',''
  ) );
#479 = ORIENTED_EDGE('',*,*,#480,.F.);
#480 = EDGE_CURVE('',#46,#453,#481,.T.);
#481 = SURFACE_CURVE('',#482,(#486,#493),.PCURVE_S1.);
#482 = LINE('',#483,#484);
#483 = CARTESIAN_POINT('',(3.810511776652,6.4,32.1));
#484 = VECTOR('',#485,1.);
#485 = DIRECTION('',(0.,0.,1.));
#486 = PCURVE('',#66,#487);
#487 = DEFINITIONAL_REPRESENTATION('',(#488),#492);
#488 = LINE('',#489,#490);
#489 = CARTESIAN_POINT('',(7.390083445627,0.));
#490 = VECTOR('',#491,1.);
#491 = DIRECTION('',(0.,-1.));
#492 = ( GEOMETRIC_REPRESENTATION_CONTEXT(2) 
PARAMETRIC_REPRESENTATION_CONTEXT() REPRESENTATION_CONTEXT('2D SPACE',''
  ) );
#493 = PCURVE('',#382,#494);
#494 = DEFINITIONAL_REPRESENTATION('',(#495),#499);
#495 = LINE('',#496,#497);
#496 = CARTESIAN_POINT('',(0.,0.));
#497 = VECTOR('',#498,1.);
#498 = DIRECTION('',(0.,1.));
#499 = ( GEOMETRIC_REPRESENTATION_CONTEXT(2) 
PARAMETRIC_REPRESENTATION_CONTEXT() REPRESENTATION_CONTEXT('2D SPACE',''
  ) );
#500 = ADVANCED_FACE('',(#501),#99,.T.);
#501 = FACE_BOUND('',#502,.F.);
#502 = EDGE_LOOP('',(#503,#504,#527,#553));
#503 = ORIENTED_EDGE('',*,*,#78,.T.);
#504 = ORIENTED_EDGE('',*,*,#505,.T.);
#505 = EDGE_CURVE('',#79,#506,#508,.T.);
#506 = VERTEX_POINT('',#507);
#507 = CARTESIAN_POINT('',(7.447818472546,-1.E-01,37.4));
#508 = SURFACE_CURVE('',#509,(#513,#520),.PCURVE_S1.);
#509 = LINE('',#510,#511);
#510 = CARTESIAN_POINT('',(7.447818472546,-1.E-01,32.1));
#511 = VECTOR('',#512,1.);
#512 = DIRECTION('',(0.,0.,1.));
#513 = PCURVE('',#99,#514);
#514 = DEFINITIONAL_REPRESENTATION('',(#515),#519);
#515 = LINE('',#516,#517);
#516 = CARTESIAN_POINT('',(-1.047197551197,0.));
#517 = VECTOR('',#518,1.);
#518 = DIRECTION('',(-0.,1.));
#519 = ( GEOMETRIC_REPRESENTATION_CONTEXT(2) 
PARAMETRIC_REPRESENTATION_CONTEXT() REPRESENTATION_CONTEXT('2D SPACE',''
  ) );
#520 = PCURVE('',#127,#521);
#521 = DEFINITIONAL_REPRESENTATION('',(#522),#526);
#522 = LINE('',#523,#524);
#523 = CARTESIAN_POINT('',(7.390083445627,0.));
#524 = VECTOR('',#525,1.);
#525 = DIRECTION('',(0.,-1.));
#526 = ( GEOMETRIC_REPRESENTATION_CONTEXT(2) 
PARAMETRIC_REPRESENTATION_CONTEXT() REPRESENTATION_CONTEXT('2D SPACE',''
  ) );
#527 = ORIENTED_EDGE('',*,*,#528,.F.);
#528 = EDGE_CURVE('',#430,#506,#529,.T.);
#529 = SURFACE_CURVE('',#530,(#535,#542),.PCURVE_S1.);
#530 = CIRCLE('',#531,0.2);
#531 = AXIS2_PLACEMENT_3D('',#532,#533,#534);
#532 = CARTESIAN_POINT('',(7.274613391789,9.39988827516E-16,37.4));
#533 = DIRECTION('',(-0.,-0.,-1.));
#534 = DIRECTION('',(0.,-1.,0.));
#535 = PCURVE('',#99,#536);
#536 = DEFINITIONAL_REPRESENTATION('',(#537),#541);
#537 = LINE('',#538,#539);
#538 = CARTESIAN_POINT('',(4.188790204786,5.3));
#539 = VECTOR('',#540,1.);
#540 = DIRECTION('',(-1.,0.));
#541 = ( GEOMETRIC_REPRESENTATION_CONTEXT(2) 
PARAMETRIC_REPRESENTATION_CONTEXT() REPRESENTATION_CONTEXT('2D SPACE',''
  ) );
#542 = PCURVE('',#468,#543);
#543 = DEFINITIONAL_REPRESENTATION('',(#544),#552);
#544 = ( BOUNDED_CURVE() B_SPLINE_CURVE(2,(#545,#546,#547,#548,#549,#550
,#551),.UNSPECIFIED.,.T.,.F.) B_SPLINE_CURVE_WITH_KNOTS((1,2,2,2,2,1),(
    -2.094395102393,0.,2.094395102393,4.188790204786,6.28318530718,
8.377580409573),.UNSPECIFIED.) CURVE() GEOMETRIC_REPRESENTATION_ITEM() 
RATIONAL_B_SPLINE_CURVE((1.,0.5,1.,0.5,1.,0.5,1.)) REPRESENTATION_ITEM(
  '') );
#545 = CARTESIAN_POINT('',(7.274613391789,-0.2));
#546 = CARTESIAN_POINT('',(6.928203230276,-0.2));
#547 = CARTESIAN_POINT('',(7.101408311032,0.1));
#548 = CARTESIAN_POINT('',(7.274613391789,0.4));
#549 = CARTESIAN_POINT('',(7.447818472546,0.1));
#550 = CARTESIAN_POINT('',(7.621023553303,-0.2));
#551 = CARTESIAN_POINT('',(7.274613391789,-0.2));
#552 = ( GEOMETRIC_REPRESENTATION_CONTEXT(2) 
PARAMETRIC_REPRESENTATION_CONTEXT() REPRESENTATION_CONTEXT('2D SPACE',''
  ) );
#553 = ORIENTED_EDGE('',*,*,#429,.F.);
#554 = ADVANCED_FACE('',(#555),#382,.T.);
#555 = FACE_BOUND('',#556,.T.);
#556 = EDGE_LOOP('',(#557,#558,#581,#603));
#557 = ORIENTED_EDGE('',*,*,#367,.T.);
#558 = ORIENTED_EDGE('',*,*,#559,.T.);
#559 = EDGE_CURVE('',#340,#560,#562,.T.);
#560 = VERTEX_POINT('',#561);
#561 = CARTESIAN_POINT('',(3.637306695895,6.5,37.4));
#562 = SURFACE_CURVE('',#563,(#567,#574),.PCURVE_S1.);
#563 = LINE('',#564,#565);
#564 = CARTESIAN_POINT('',(3.637306695895,6.5,32.1));
#565 = VECTOR('',#566,1.);
#566 = DIRECTION('',(0.,0.,1.));
#567 = PCURVE('',#382,#568);
#568 = DEFINITIONAL_REPRESENTATION('',(#569),#573);
#569 = LINE('',#570,#571);
#570 = CARTESIAN_POINT('',(1.047197551197,0.));
#571 = VECTOR('',#572,1.);
#572 = DIRECTION('',(0.,1.));
#573 = ( GEOMETRIC_REPRESENTATION_CONTEXT(2) 
PARAMETRIC_REPRESENTATION_CONTEXT() REPRESENTATION_CONTEXT('2D SPACE',''
  ) );
#574 = PCURVE('',#355,#575);
#575 = DEFINITIONAL_REPRESENTATION('',(#576),#580);
#576 = LINE('',#577,#578);
#577 = CARTESIAN_POINT('',(0.115470053838,0.));
#578 = VECTOR('',#579,1.);
#579 = DIRECTION('',(0.,-1.));
#580 = ( GEOMETRIC_REPRESENTATION_CONTEXT(2) 
PARAMETRIC_REPRESENTATION_CONTEXT() REPRESENTATION_CONTEXT('2D SPACE',''
  ) );
#581 = ORIENTED_EDGE('',*,*,#582,.F.);
#582 = EDGE_CURVE('',#453,#560,#583,.T.);
#583 = SURFACE_CURVE('',#584,(#589,#596),.PCURVE_S1.);
#584 = CIRCLE('',#585,0.2);
#585 = AXIS2_PLACEMENT_3D('',#586,#587,#588);
#586 = CARTESIAN_POINT('',(3.637306695895,6.3,37.4));
#587 = DIRECTION('',(0.,0.,1.));
#588 = DIRECTION('',(0.,-1.,0.));
#589 = PCURVE('',#382,#590);
#590 = DEFINITIONAL_REPRESENTATION('',(#591),#595);
#591 = LINE('',#592,#593);
#592 = CARTESIAN_POINT('',(-2.094395102393,5.3));
#593 = VECTOR('',#594,1.);
#594 = DIRECTION('',(1.,0.));
#595 = ( GEOMETRIC_REPRESENTATION_CONTEXT(2) 
PARAMETRIC_REPRESENTATION_CONTEXT() REPRESENTATION_CONTEXT('2D SPACE',''
  ) );
#596 = PCURVE('',#468,#597);
#597 = DEFINITIONAL_REPRESENTATION('',(#598),#602);
#598 = CIRCLE('',#599,0.2);
#599 = AXIS2_PLACEMENT_2D('',#600,#601);
#600 = CARTESIAN_POINT('',(3.637306695895,6.3));
#601 = DIRECTION('',(0.,-1.));
#602 = ( GEOMETRIC_REPRESENTATION_CONTEXT(2) 
PARAMETRIC_REPRESENTATION_CONTEXT() REPRESENTATION_CONTEXT('2D SPACE',''
  ) );
#603 = ORIENTED_EDGE('',*,*,#480,.F.);
#604 = ADVANCED_FACE('',(#605),#127,.F.);
#605 = FACE_BOUND('',#606,.F.);
#606 = EDGE_LOOP('',(#607,#608,#631,#652));
#607 = ORIENTED_EDGE('',*,*,#111,.F.);
#608 = ORIENTED_EDGE('',*,*,#609,.T.);
#609 = EDGE_CURVE('',#112,#610,#612,.T.);
#610 = VERTEX_POINT('',#611);
#611 = CARTESIAN_POINT('',(3.810511776652,-6.4,37.4));
#612 = SURFACE_CURVE('',#613,(#617,#624),.PCURVE_S1.);
#613 = LINE('',#614,#615);
#614 = CARTESIAN_POINT('',(3.810511776652,-6.4,32.1));
#615 = VECTOR('',#616,1.);
#616 = DIRECTION('',(0.,0.,1.));
#617 = PCURVE('',#127,#618);
#618 = DEFINITIONAL_REPRESENTATION('',(#619),#623);
#619 = LINE('',#620,#621);
#620 = CARTESIAN_POINT('',(0.115470053838,0.));
#621 = VECTOR('',#622,1.);
#622 = DIRECTION('',(0.,-1.));
#623 = ( GEOMETRIC_REPRESENTATION_CONTEXT(2) 
PARAMETRIC_REPRESENTATION_CONTEXT() REPRESENTATION_CONTEXT('2D SPACE',''
  ) );
#624 = PCURVE('',#156,#625);
#625 = DEFINITIONAL_REPRESENTATION('',(#626),#630);
#626 = LINE('',#627,#628);
#627 = CARTESIAN_POINT('',(1.047197551197,0.));
#628 = VECTOR('',#629,1.);
#629 = DIRECTION('',(0.,1.));
#630 = ( GEOMETRIC_REPRESENTATION_CONTEXT(2) 
PARAMETRIC_REPRESENTATION_CONTEXT() REPRESENTATION_CONTEXT('2D SPACE',''
  ) );
#631 = ORIENTED_EDGE('',*,*,#632,.T.);
#632 = EDGE_CURVE('',#610,#506,#633,.T.);
#633 = SURFACE_CURVE('',#634,(#638,#645),.PCURVE_S1.);
#634 = LINE('',#635,#636);
#635 = CARTESIAN_POINT('',(3.752776749733,-6.5,37.4));
#636 = VECTOR('',#637,1.);
#637 = DIRECTION('',(0.5,0.866025403784,0.));
#638 = PCURVE('',#127,#639);
#639 = DEFINITIONAL_REPRESENTATION('',(#640),#644);
#640 = LINE('',#641,#642);
#641 = CARTESIAN_POINT('',(0.,-5.3));
#642 = VECTOR('',#643,1.);
#643 = DIRECTION('',(1.,0.));
#644 = ( GEOMETRIC_REPRESENTATION_CONTEXT(2) 
PARAMETRIC_REPRESENTATION_CONTEXT() REPRESENTATION_CONTEXT('2D SPACE',''
  ) );
#645 = PCURVE('',#468,#646);
#646 = DEFINITIONAL_REPRESENTATION('',(#647),#651);
#647 = LINE('',#648,#649);
#648 = CARTESIAN_POINT('',(3.752776749733,-6.5));
#649 = VECTOR('',#650,1.);
#650 = DIRECTION('',(0.5,0.866025403784));
#651 = ( GEOMETRIC_REPRESENTATION_CONTEXT(2) 
PARAMETRIC_REPRESENTATION_CONTEXT() REPRESENTATION_CONTEXT('2D SPACE',''
  ) );
#652 = ORIENTED_EDGE('',*,*,#505,.F.);
#653 = ADVANCED_FACE('',(#654),#355,.F.);
#654 = FACE_BOUND('',#655,.F.);
#655 = EDGE_LOOP('',(#656,#657,#658,#681));
#656 = ORIENTED_EDGE('',*,*,#339,.F.);
#657 = ORIENTED_EDGE('',*,*,#559,.T.);
#658 = ORIENTED_EDGE('',*,*,#659,.T.);
#659 = EDGE_CURVE('',#560,#660,#662,.T.);
#660 = VERTEX_POINT('',#661);
#661 = CARTESIAN_POINT('',(-3.637306695895,6.5,37.4));
#662 = SURFACE_CURVE('',#663,(#667,#674),.PCURVE_S1.);
#663 = LINE('',#664,#665);
#664 = CARTESIAN_POINT('',(3.752776749733,6.5,37.4));
#665 = VECTOR('',#666,1.);
#666 = DIRECTION('',(-1.,1.183361653159E-16,0.));
#667 = PCURVE('',#355,#668);
#668 = DEFINITIONAL_REPRESENTATION('',(#669),#673);
#669 = LINE('',#670,#671);
#670 = CARTESIAN_POINT('',(0.,-5.3));
#671 = VECTOR('',#672,1.);
#672 = DIRECTION('',(1.,0.));
#673 = ( GEOMETRIC_REPRESENTATION_CONTEXT(2) 
PARAMETRIC_REPRESENTATION_CONTEXT() REPRESENTATION_CONTEXT('2D SPACE',''
  ) );
#674 = PCURVE('',#468,#675);
#675 = DEFINITIONAL_REPRESENTATION('',(#676),#680);
#676 = LINE('',#677,#678);
#677 = CARTESIAN_POINT('',(3.752776749733,6.5));
#678 = VECTOR('',#679,1.);
#679 = DIRECTION('',(-1.,1.183361653159E-16));
#680 = ( GEOMETRIC_REPRESENTATION_CONTEXT(2) 
PARAMETRIC_REPRESENTATION_CONTEXT() REPRESENTATION_CONTEXT('2D SPACE',''
  ) );
#681 = ORIENTED_EDGE('',*,*,#682,.F.);
#682 = EDGE_CURVE('',#311,#660,#683,.T.);
#683 = SURFACE_CURVE('',#684,(#688,#695),.PCURVE_S1.);
#684 = LINE('',#685,#686);
#685 = CARTESIAN_POINT('',(-3.637306695895,6.5,32.1));
#686 = VECTOR('',#687,1.);
#687 = DIRECTION('',(0.,0.,1.));
#688 = PCURVE('',#355,#689);
#689 = DEFINITIONAL_REPRESENTATION('',(#690),#694);
#690 = LINE('',#691,#692);
#691 = CARTESIAN_POINT('',(7.390083445627,0.));
#692 = VECTOR('',#693,1.);
#693 = DIRECTION('',(0.,-1.));
#694 = ( GEOMETRIC_REPRESENTATION_CONTEXT(2) 
PARAMETRIC_REPRESENTATION_CONTEXT() REPRESENTATION_CONTEXT('2D SPACE',''
  ) );
#695 = PCURVE('',#327,#696);
#696 = DEFINITIONAL_REPRESENTATION('',(#697),#701);
#697 = LINE('',#698,#699);
#698 = CARTESIAN_POINT('',(0.,0.));
#699 = VECTOR('',#700,1.);
#700 = DIRECTION('',(0.,1.));
#701 = ( GEOMETRIC_REPRESENTATION_CONTEXT(2) 
PARAMETRIC_REPRESENTATION_CONTEXT() REPRESENTATION_CONTEXT('2D SPACE',''
  ) );
#702 = ADVANCED_FACE('',(#703),#156,.T.);
#703 = FACE_BOUND('',#704,.T.);
#704 = EDGE_LOOP('',(#705,#706,#707,#731));
#705 = ORIENTED_EDGE('',*,*,#139,.T.);
#706 = ORIENTED_EDGE('',*,*,#609,.T.);
#707 = ORIENTED_EDGE('',*,*,#708,.F.);
#708 = EDGE_CURVE('',#709,#610,#711,.T.);
#709 = VERTEX_POINT('',#710);
#710 = CARTESIAN_POINT('',(3.637306695895,-6.5,37.4));
#711 = SURFACE_CURVE('',#712,(#717,#724),.PCURVE_S1.);
#712 = CIRCLE('',#713,0.2);
#713 = AXIS2_PLACEMENT_3D('',#714,#715,#716);
#714 = CARTESIAN_POINT('',(3.637306695895,-6.3,37.4));
#715 = DIRECTION('',(0.,0.,1.));
#716 = DIRECTION('',(0.,-1.,0.));
#717 = PCURVE('',#156,#718);
#718 = DEFINITIONAL_REPRESENTATION('',(#719),#723);
#719 = LINE('',#720,#721);
#720 = CARTESIAN_POINT('',(5.916808265796E-16,5.3));
#721 = VECTOR('',#722,1.);
#722 = DIRECTION('',(1.,0.));
#723 = ( GEOMETRIC_REPRESENTATION_CONTEXT(2) 
PARAMETRIC_REPRESENTATION_CONTEXT() REPRESENTATION_CONTEXT('2D SPACE',''
  ) );
#724 = PCURVE('',#468,#725);
#725 = DEFINITIONAL_REPRESENTATION('',(#726),#730);
#726 = CIRCLE('',#727,0.2);
#727 = AXIS2_PLACEMENT_2D('',#728,#729);
#728 = CARTESIAN_POINT('',(3.637306695895,-6.3));
#729 = DIRECTION('',(0.,-1.));
#730 = ( GEOMETRIC_REPRESENTATION_CONTEXT(2) 
PARAMETRIC_REPRESENTATION_CONTEXT() REPRESENTATION_CONTEXT('2D SPACE',''
  ) );
#731 = ORIENTED_EDGE('',*,*,#732,.F.);
#732 = EDGE_CURVE('',#140,#709,#733,.T.);
#733 = SURFACE_CURVE('',#734,(#738,#745),.PCURVE_S1.);
#734 = LINE('',#735,#736);
#735 = CARTESIAN_POINT('',(3.637306695895,-6.5,32.1));
#736 = VECTOR('',#737,1.);
#737 = DIRECTION('',(0.,0.,1.));
#738 = PCURVE('',#156,#739);
#739 = DEFINITIONAL_REPRESENTATION('',(#740),#744);
#740 = LINE('',#741,#742);
#741 = CARTESIAN_POINT('',(0.,0.));
#742 = VECTOR('',#743,1.);
#743 = DIRECTION('',(0.,1.));
#744 = ( GEOMETRIC_REPRESENTATION_CONTEXT(2) 
PARAMETRIC_REPRESENTATION_CONTEXT() REPRESENTATION_CONTEXT('2D SPACE',''
  ) );
#745 = PCURVE('',#184,#746);
#746 = DEFINITIONAL_REPRESENTATION('',(#747),#751);
#747 = LINE('',#748,#749);
#748 = CARTESIAN_POINT('',(7.390083445627,0.));
#749 = VECTOR('',#750,1.);
#750 = DIRECTION('',(0.,-1.));
#751 = ( GEOMETRIC_REPRESENTATION_CONTEXT(2) 
PARAMETRIC_REPRESENTATION_CONTEXT() REPRESENTATION_CONTEXT('2D SPACE',''
  ) );
#752 = ADVANCED_FACE('',(#753),#327,.T.);
#753 = FACE_BOUND('',#754,.T.);
#754 = EDGE_LOOP('',(#755,#756,#779,#801));
#755 = ORIENTED_EDGE('',*,*,#310,.T.);
#756 = ORIENTED_EDGE('',*,*,#757,.T.);
#757 = EDGE_CURVE('',#283,#758,#760,.T.);
#758 = VERTEX_POINT('',#759);
#759 = CARTESIAN_POINT('',(-3.810511776652,6.4,37.4));
#760 = SURFACE_CURVE('',#761,(#765,#772),.PCURVE_S1.);
#761 = LINE('',#762,#763);
#762 = CARTESIAN_POINT('',(-3.810511776652,6.4,32.1));
#763 = VECTOR('',#764,1.);
#764 = DIRECTION('',(0.,0.,1.));
#765 = PCURVE('',#327,#766);
#766 = DEFINITIONAL_REPRESENTATION('',(#767),#771);
#767 = LINE('',#768,#769);
#768 = CARTESIAN_POINT('',(1.047197551197,0.));
#769 = VECTOR('',#770,1.);
#770 = DIRECTION('',(0.,1.));
#771 = ( GEOMETRIC_REPRESENTATION_CONTEXT(2) 
PARAMETRIC_REPRESENTATION_CONTEXT() REPRESENTATION_CONTEXT('2D SPACE',''
  ) );
#772 = PCURVE('',#298,#773);
#773 = DEFINITIONAL_REPRESENTATION('',(#774),#778);
#774 = LINE('',#775,#776);
#775 = CARTESIAN_POINT('',(0.115470053838,0.));
#776 = VECTOR('',#777,1.);
#777 = DIRECTION('',(0.,-1.));
#778 = ( GEOMETRIC_REPRESENTATION_CONTEXT(2) 
PARAMETRIC_REPRESENTATION_CONTEXT() REPRESENTATION_CONTEXT('2D SPACE',''
  ) );
#779 = ORIENTED_EDGE('',*,*,#780,.F.);
#780 = EDGE_CURVE('',#660,#758,#781,.T.);
#781 = SURFACE_CURVE('',#782,(#787,#794),.PCURVE_S1.);
#782 = CIRCLE('',#783,0.2);
#783 = AXIS2_PLACEMENT_3D('',#784,#785,#786);
#784 = CARTESIAN_POINT('',(-3.637306695895,6.3,37.4));
#785 = DIRECTION('',(0.,0.,1.));
#786 = DIRECTION('',(0.,-1.,0.));
#787 = PCURVE('',#327,#788);
#788 = DEFINITIONAL_REPRESENTATION('',(#789),#793);
#789 = LINE('',#790,#791);
#790 = CARTESIAN_POINT('',(-3.14159265359,5.3));
#791 = VECTOR('',#792,1.);
#792 = DIRECTION('',(1.,0.));
#793 = ( GEOMETRIC_REPRESENTATION_CONTEXT(2) 
PARAMETRIC_REPRESENTATION_CONTEXT() REPRESENTATION_CONTEXT('2D SPACE',''
  ) );
#794 = PCURVE('',#468,#795);
#795 = DEFINITIONAL_REPRESENTATION('',(#796),#800);
#796 = CIRCLE('',#797,0.2);
#797 = AXIS2_PLACEMENT_2D('',#798,#799);
#798 = CARTESIAN_POINT('',(-3.637306695895,6.3));
#799 = DIRECTION('',(0.,-1.));
#800 = ( GEOMETRIC_REPRESENTATION_CONTEXT(2) 
PARAMETRIC_REPRESENTATION_CONTEXT() REPRESENTATION_CONTEXT('2D SPACE',''
  ) );
#801 = ORIENTED_EDGE('',*,*,#682,.F.);
#802 = ADVANCED_FACE('',(#803),#184,.F.);
#803 = FACE_BOUND('',#804,.F.);
#804 = EDGE_LOOP('',(#805,#806,#829,#850));
#805 = ORIENTED_EDGE('',*,*,#168,.F.);
#806 = ORIENTED_EDGE('',*,*,#807,.T.);
#807 = EDGE_CURVE('',#169,#808,#810,.T.);
#808 = VERTEX_POINT('',#809);
#809 = CARTESIAN_POINT('',(-3.637306695895,-6.5,37.4));
#810 = SURFACE_CURVE('',#811,(#815,#822),.PCURVE_S1.);
#811 = LINE('',#812,#813);
#812 = CARTESIAN_POINT('',(-3.637306695895,-6.5,32.1));
#813 = VECTOR('',#814,1.);
#814 = DIRECTION('',(0.,0.,1.));
#815 = PCURVE('',#184,#816);
#816 = DEFINITIONAL_REPRESENTATION('',(#817),#821);
#817 = LINE('',#818,#819);
#818 = CARTESIAN_POINT('',(0.115470053838,0.));
#819 = VECTOR('',#820,1.);
#820 = DIRECTION('',(0.,-1.));
#821 = ( GEOMETRIC_REPRESENTATION_CONTEXT(2) 
PARAMETRIC_REPRESENTATION_CONTEXT() REPRESENTATION_CONTEXT('2D SPACE',''
  ) );
#822 = PCURVE('',#213,#823);
#823 = DEFINITIONAL_REPRESENTATION('',(#824),#828);
#824 = LINE('',#825,#826);
#825 = CARTESIAN_POINT('',(1.047197551197,0.));
#826 = VECTOR('',#827,1.);
#827 = DIRECTION('',(0.,1.));
#828 = ( GEOMETRIC_REPRESENTATION_CONTEXT(2) 
PARAMETRIC_REPRESENTATION_CONTEXT() REPRESENTATION_CONTEXT('2D SPACE',''
  ) );
#829 = ORIENTED_EDGE('',*,*,#830,.T.);
#830 = EDGE_CURVE('',#808,#709,#831,.T.);
#831 = SURFACE_CURVE('',#832,(#836,#843),.PCURVE_S1.);
#832 = LINE('',#833,#834);
#833 = CARTESIAN_POINT('',(-3.752776749733,-6.5,37.4));
#834 = VECTOR('',#835,1.);
#835 = DIRECTION('',(1.,-5.916808265796E-16,0.));
#836 = PCURVE('',#184,#837);
#837 = DEFINITIONAL_REPRESENTATION('',(#838),#842);
#838 = LINE('',#839,#840);
#839 = CARTESIAN_POINT('',(0.,-5.3));
#840 = VECTOR('',#841,1.);
#841 = DIRECTION('',(1.,0.));
#842 = ( GEOMETRIC_REPRESENTATION_CONTEXT(2) 
PARAMETRIC_REPRESENTATION_CONTEXT() REPRESENTATION_CONTEXT('2D SPACE',''
  ) );
#843 = PCURVE('',#468,#844);
#844 = DEFINITIONAL_REPRESENTATION('',(#845),#849);
#845 = LINE('',#846,#847);
#846 = CARTESIAN_POINT('',(-3.752776749733,-6.5));
#847 = VECTOR('',#848,1.);
#848 = DIRECTION('',(1.,-5.916808265796E-16));
#849 = ( GEOMETRIC_REPRESENTATION_CONTEXT(2) 
PARAMETRIC_REPRESENTATION_CONTEXT() REPRESENTATION_CONTEXT('2D SPACE',''
  ) );
#850 = ORIENTED_EDGE('',*,*,#732,.F.);
#851 = ADVANCED_FACE('',(#852),#298,.F.);
#852 = FACE_BOUND('',#853,.F.);
#853 = EDGE_LOOP('',(#854,#855,#856,#879));
#854 = ORIENTED_EDGE('',*,*,#282,.F.);
#855 = ORIENTED_EDGE('',*,*,#757,.T.);
#856 = ORIENTED_EDGE('',*,*,#857,.T.);
#857 = EDGE_CURVE('',#758,#858,#860,.T.);
#858 = VERTEX_POINT('',#859);
#859 = CARTESIAN_POINT('',(-7.447818472546,1.E-01,37.4));
#860 = SURFACE_CURVE('',#861,(#865,#872),.PCURVE_S1.);
#861 = LINE('',#862,#863);
#862 = CARTESIAN_POINT('',(-3.752776749733,6.5,37.4));
#863 = VECTOR('',#864,1.);
#864 = DIRECTION('',(-0.5,-0.866025403784,0.));
#865 = PCURVE('',#298,#866);
#866 = DEFINITIONAL_REPRESENTATION('',(#867),#871);
#867 = LINE('',#868,#869);
#868 = CARTESIAN_POINT('',(0.,-5.3));
#869 = VECTOR('',#870,1.);
#870 = DIRECTION('',(1.,0.));
#871 = ( GEOMETRIC_REPRESENTATION_CONTEXT(2) 
PARAMETRIC_REPRESENTATION_CONTEXT() REPRESENTATION_CONTEXT('2D SPACE',''
  ) );
#872 = PCURVE('',#468,#873);
#873 = DEFINITIONAL_REPRESENTATION('',(#874),#878);
#874 = LINE('',#875,#876);
#875 = CARTESIAN_POINT('',(-3.752776749733,6.5));
#876 = VECTOR('',#877,1.);
#877 = DIRECTION('',(-0.5,-0.866025403784));
#878 = ( GEOMETRIC_REPRESENTATION_CONTEXT(2) 
PARAMETRIC_REPRESENTATION_CONTEXT() REPRESENTATION_CONTEXT('2D SPACE',''
  ) );
#879 = ORIENTED_EDGE('',*,*,#880,.F.);
#880 = EDGE_CURVE('',#254,#858,#881,.T.);
#881 = SURFACE_CURVE('',#882,(#886,#893),.PCURVE_S1.);
#882 = LINE('',#883,#884);
#883 = CARTESIAN_POINT('',(-7.447818472546,1.E-01,32.1));
#884 = VECTOR('',#885,1.);
#885 = DIRECTION('',(0.,0.,1.));
#886 = PCURVE('',#298,#887);
#887 = DEFINITIONAL_REPRESENTATION('',(#888),#892);
#888 = LINE('',#889,#890);
#889 = CARTESIAN_POINT('',(7.390083445627,0.));
#890 = VECTOR('',#891,1.);
#891 = DIRECTION('',(0.,-1.));
#892 = ( GEOMETRIC_REPRESENTATION_CONTEXT(2) 
PARAMETRIC_REPRESENTATION_CONTEXT() REPRESENTATION_CONTEXT('2D SPACE',''
  ) );
#893 = PCURVE('',#270,#894);
#894 = DEFINITIONAL_REPRESENTATION('',(#895),#899);
#895 = LINE('',#896,#897);
#896 = CARTESIAN_POINT('',(0.,0.));
#897 = VECTOR('',#898,1.);
#898 = DIRECTION('',(0.,1.));
#899 = ( GEOMETRIC_REPRESENTATION_CONTEXT(2) 
PARAMETRIC_REPRESENTATION_CONTEXT() REPRESENTATION_CONTEXT('2D SPACE',''
  ) );
#900 = ADVANCED_FACE('',(#901),#213,.T.);
#901 = FACE_BOUND('',#902,.T.);
#902 = EDGE_LOOP('',(#903,#904,#905,#929));
#903 = ORIENTED_EDGE('',*,*,#196,.T.);
#904 = ORIENTED_EDGE('',*,*,#807,.T.);
#905 = ORIENTED_EDGE('',*,*,#906,.F.);
#906 = EDGE_CURVE('',#907,#808,#909,.T.);
#907 = VERTEX_POINT('',#908);
#908 = CARTESIAN_POINT('',(-3.810511776652,-6.4,37.4));
#909 = SURFACE_CURVE('',#910,(#915,#922),.PCURVE_S1.);
#910 = CIRCLE('',#911,0.2);
#911 = AXIS2_PLACEMENT_3D('',#912,#913,#914);
#912 = CARTESIAN_POINT('',(-3.637306695895,-6.3,37.4));
#913 = DIRECTION('',(0.,0.,1.));
#914 = DIRECTION('',(0.,-1.,0.));
#915 = PCURVE('',#213,#916);
#916 = DEFINITIONAL_REPRESENTATION('',(#917),#921);
#917 = LINE('',#918,#919);
#918 = CARTESIAN_POINT('',(-5.235987755983,5.3));
#919 = VECTOR('',#920,1.);
#920 = DIRECTION('',(1.,0.));
#921 = ( GEOMETRIC_REPRESENTATION_CONTEXT(2) 
PARAMETRIC_REPRESENTATION_CONTEXT() REPRESENTATION_CONTEXT('2D SPACE',''
  ) );
#922 = PCURVE('',#468,#923);
#923 = DEFINITIONAL_REPRESENTATION('',(#924),#928);
#924 = CIRCLE('',#925,0.2);
#925 = AXIS2_PLACEMENT_2D('',#926,#927);
#926 = CARTESIAN_POINT('',(-3.637306695895,-6.3));
#927 = DIRECTION('',(0.,-1.));
#928 = ( GEOMETRIC_REPRESENTATION_CONTEXT(2) 
PARAMETRIC_REPRESENTATION_CONTEXT() REPRESENTATION_CONTEXT('2D SPACE',''
  ) );
#929 = ORIENTED_EDGE('',*,*,#930,.F.);
#930 = EDGE_CURVE('',#197,#907,#931,.T.);
#931 = SURFACE_CURVE('',#932,(#936,#943),.PCURVE_S1.);
#932 = LINE('',#933,#934);
#933 = CARTESIAN_POINT('',(-3.810511776652,-6.4,32.1));
#934 = VECTOR('',#935,1.);
#935 = DIRECTION('',(0.,0.,1.));
#936 = PCURVE('',#213,#937);
#937 = DEFINITIONAL_REPRESENTATION('',(#938),#942);
#938 = LINE('',#939,#940);
#939 = CARTESIAN_POINT('',(0.,0.));
#940 = VECTOR('',#941,1.);
#941 = DIRECTION('',(0.,1.));
#942 = ( GEOMETRIC_REPRESENTATION_CONTEXT(2) 
PARAMETRIC_REPRESENTATION_CONTEXT() REPRESENTATION_CONTEXT('2D SPACE',''
  ) );
#943 = PCURVE('',#241,#944);
#944 = DEFINITIONAL_REPRESENTATION('',(#945),#949);
#945 = LINE('',#946,#947);
#946 = CARTESIAN_POINT('',(7.390083445627,0.));
#947 = VECTOR('',#948,1.);
#948 = DIRECTION('',(0.,-1.));
#949 = ( GEOMETRIC_REPRESENTATION_CONTEXT(2) 
PARAMETRIC_REPRESENTATION_CONTEXT() REPRESENTATION_CONTEXT('2D SPACE',''
  ) );
#950 = ADVANCED_FACE('',(#951),#270,.T.);
#951 = FACE_BOUND('',#952,.T.);
#952 = EDGE_LOOP('',(#953,#954,#977,#999));
#953 = ORIENTED_EDGE('',*,*,#253,.T.);
#954 = ORIENTED_EDGE('',*,*,#955,.T.);
#955 = EDGE_CURVE('',#226,#956,#958,.T.);
#956 = VERTEX_POINT('',#957);
#957 = CARTESIAN_POINT('',(-7.447818472546,-0.1,37.4));
#958 = SURFACE_CURVE('',#959,(#963,#970),.PCURVE_S1.);
#959 = LINE('',#960,#961);
#960 = CARTESIAN_POINT('',(-7.447818472546,-0.1,32.1));
#961 = VECTOR('',#962,1.);
#962 = DIRECTION('',(0.,0.,1.));
#963 = PCURVE('',#270,#964);
#964 = DEFINITIONAL_REPRESENTATION('',(#965),#969);
#965 = LINE('',#966,#967);
#966 = CARTESIAN_POINT('',(1.047197551197,0.));
#967 = VECTOR('',#968,1.);
#968 = DIRECTION('',(0.,1.));
#969 = ( GEOMETRIC_REPRESENTATION_CONTEXT(2) 
PARAMETRIC_REPRESENTATION_CONTEXT() REPRESENTATION_CONTEXT('2D SPACE',''
  ) );
#970 = PCURVE('',#241,#971);
#971 = DEFINITIONAL_REPRESENTATION('',(#972),#976);
#972 = LINE('',#973,#974);
#973 = CARTESIAN_POINT('',(0.115470053838,0.));
#974 = VECTOR('',#975,1.);
#975 = DIRECTION('',(0.,-1.));
#976 = ( GEOMETRIC_REPRESENTATION_CONTEXT(2) 
PARAMETRIC_REPRESENTATION_CONTEXT() REPRESENTATION_CONTEXT('2D SPACE',''
  ) );
#977 = ORIENTED_EDGE('',*,*,#978,.F.);
#978 = EDGE_CURVE('',#858,#956,#979,.T.);
#979 = SURFACE_CURVE('',#980,(#985,#992),.PCURVE_S1.);
#980 = CIRCLE('',#981,0.2);
#981 = AXIS2_PLACEMENT_3D('',#982,#983,#984);
#982 = CARTESIAN_POINT('',(-7.274613391789,-5.100121713918E-16,37.4));
#983 = DIRECTION('',(0.,0.,1.));
#984 = DIRECTION('',(0.,-1.,0.));
#985 = PCURVE('',#270,#986);
#986 = DEFINITIONAL_REPRESENTATION('',(#987),#991);
#987 = LINE('',#988,#989);
#988 = CARTESIAN_POINT('',(-4.188790204786,5.3));
#989 = VECTOR('',#990,1.);
#990 = DIRECTION('',(1.,0.));
#991 = ( GEOMETRIC_REPRESENTATION_CONTEXT(2) 
PARAMETRIC_REPRESENTATION_CONTEXT() REPRESENTATION_CONTEXT('2D SPACE',''
  ) );
#992 = PCURVE('',#468,#993);
#993 = DEFINITIONAL_REPRESENTATION('',(#994),#998);
#994 = CIRCLE('',#995,0.2);
#995 = AXIS2_PLACEMENT_2D('',#996,#997);
#996 = CARTESIAN_POINT('',(-7.274613391789,-4.311213945146E-16));
#997 = DIRECTION('',(0.,-1.));
#998 = ( GEOMETRIC_REPRESENTATION_CONTEXT(2) 
PARAMETRIC_REPRESENTATION_CONTEXT() REPRESENTATION_CONTEXT('2D SPACE',''
  ) );
#999 = ORIENTED_EDGE('',*,*,#880,.F.);
#1000 = ADVANCED_FACE('',(#1001),#241,.F.);
#1001 = FACE_BOUND('',#1002,.F.);
#1002 = EDGE_LOOP('',(#1003,#1004,#1005,#1026));
#1003 = ORIENTED_EDGE('',*,*,#225,.F.);
#1004 = ORIENTED_EDGE('',*,*,#955,.T.);
#1005 = ORIENTED_EDGE('',*,*,#1006,.T.);
#1006 = EDGE_CURVE('',#956,#907,#1007,.T.);
#1007 = SURFACE_CURVE('',#1008,(#1012,#1019),.PCURVE_S1.);
#1008 = LINE('',#1009,#1010);
#1009 = CARTESIAN_POINT('',(-7.505553499465,9.191652068949E-16,37.4));
#1010 = VECTOR('',#1011,1.);
#1011 = DIRECTION('',(0.5,-0.866025403784,0.));
#1012 = PCURVE('',#241,#1013);
#1013 = DEFINITIONAL_REPRESENTATION('',(#1014),#1018);
#1014 = LINE('',#1015,#1016);
#1015 = CARTESIAN_POINT('',(0.,-5.3));
#1016 = VECTOR('',#1017,1.);
#1017 = DIRECTION('',(1.,0.));
#1018 = ( GEOMETRIC_REPRESENTATION_CONTEXT(2) 
PARAMETRIC_REPRESENTATION_CONTEXT() REPRESENTATION_CONTEXT('2D SPACE',''
  ) );
#1019 = PCURVE('',#468,#1020);
#1020 = DEFINITIONAL_REPRESENTATION('',(#1021),#1025);
#1021 = LINE('',#1022,#1023);
#1022 = CARTESIAN_POINT('',(-7.505553499465,9.980559837722E-16));
#1023 = VECTOR('',#1024,1.);
#1024 = DIRECTION('',(0.5,-0.866025403784));
#1025 = ( GEOMETRIC_REPRESENTATION_CONTEXT(2) 
PARAMETRIC_REPRESENTATION_CONTEXT() REPRESENTATION_CONTEXT('2D SPACE',''
  ) );
#1026 = ORIENTED_EDGE('',*,*,#930,.F.);
#1027 = ADVANCED_FACE('',(#1028),#413,.T.);
#1028 = FACE_BOUND('',#1029,.F.);
#1029 = EDGE_LOOP('',(#1030,#1053,#1054,#1055));
#1030 = ORIENTED_EDGE('',*,*,#1031,.T.);
#1031 = EDGE_CURVE('',#1032,#397,#1034,.T.);
#1032 = VERTEX_POINT('',#1033);
#1033 = CARTESIAN_POINT('',(8.5,0.,30.7));
#1034 = SEAM_CURVE('',#1035,(#1039,#1046),.PCURVE_S1.);
#1035 = LINE('',#1036,#1037);
#1036 = CARTESIAN_POINT('',(8.5,0.,30.7));
#1037 = VECTOR('',#1038,1.);
#1038 = DIRECTION('',(0.,0.,1.));
#1039 = PCURVE('',#413,#1040);
#1040 = DEFINITIONAL_REPRESENTATION('',(#1041),#1045);
#1041 = LINE('',#1042,#1043);
#1042 = CARTESIAN_POINT('',(-0.,0.));
#1043 = VECTOR('',#1044,1.);
#1044 = DIRECTION('',(-0.,-1.));
#1045 = ( GEOMETRIC_REPRESENTATION_CONTEXT(2) 
PARAMETRIC_REPRESENTATION_CONTEXT() REPRESENTATION_CONTEXT('2D SPACE',''
  ) );
#1046 = PCURVE('',#413,#1047);
#1047 = DEFINITIONAL_REPRESENTATION('',(#1048),#1052);
#1048 = LINE('',#1049,#1050);
#1049 = CARTESIAN_POINT('',(-6.28318530718,0.));
#1050 = VECTOR('',#1051,1.);
#1051 = DIRECTION('',(-0.,-1.));
#1052 = ( GEOMETRIC_REPRESENTATION_CONTEXT(2) 
PARAMETRIC_REPRESENTATION_CONTEXT() REPRESENTATION_CONTEXT('2D SPACE',''
  ) );
#1053 = ORIENTED_EDGE('',*,*,#396,.T.);
#1054 = ORIENTED_EDGE('',*,*,#1031,.F.);
#1055 = ORIENTED_EDGE('',*,*,#1056,.F.);
#1056 = EDGE_CURVE('',#1032,#1032,#1057,.T.);
#1057 = SURFACE_CURVE('',#1058,(#1063,#1070),.PCURVE_S1.);
#1058 = CIRCLE('',#1059,8.5);
#1059 = AXIS2_PLACEMENT_3D('',#1060,#1061,#1062);
#1060 = CARTESIAN_POINT('',(0.,0.,30.7));
#1061 = DIRECTION('',(0.,0.,1.));
#1062 = DIRECTION('',(1.,0.,0.));
#1063 = PCURVE('',#413,#1064);
#1064 = DEFINITIONAL_REPRESENTATION('',(#1065),#1069);
#1065 = LINE('',#1066,#1067);
#1066 = CARTESIAN_POINT('',(-0.,0.));
#1067 = VECTOR('',#1068,1.);
#1068 = DIRECTION('',(-1.,0.));
#1069 = ( GEOMETRIC_REPRESENTATION_CONTEXT(2) 
PARAMETRIC_REPRESENTATION_CONTEXT() REPRESENTATION_CONTEXT('2D SPACE',''
  ) );
#1070 = PCURVE('',#1071,#1076);
#1071 = PLANE('',#1072);
#1072 = AXIS2_PLACEMENT_3D('',#1073,#1074,#1075);
#1073 = CARTESIAN_POINT('',(-6.435012388421E-16,6.182685985047E-16,30.7)
  );
#1074 = DIRECTION('',(0.,0.,1.));
#1075 = DIRECTION('',(1.,0.,-0.));
#1076 = DEFINITIONAL_REPRESENTATION('',(#1077),#1081);
#1077 = CIRCLE('',#1078,8.5);
#1078 = AXIS2_PLACEMENT_2D('',#1079,#1080);
#1079 = CARTESIAN_POINT('',(6.435012388421E-16,-6.182685985047E-16));
#1080 = DIRECTION('',(1.,0.));
#1081 = ( GEOMETRIC_REPRESENTATION_CONTEXT(2) 
PARAMETRIC_REPRESENTATION_CONTEXT() REPRESENTATION_CONTEXT('2D SPACE',''
  ) );
#1082 = ADVANCED_FACE('',(#1083),#468,.T.);
#1083 = FACE_BOUND('',#1084,.T.);
#1084 = EDGE_LOOP('',(#1085,#1086,#1087,#1088,#1089,#1090,#1091,#1092,
    #1093,#1094,#1095,#1096));
#1085 = ORIENTED_EDGE('',*,*,#452,.T.);
#1086 = ORIENTED_EDGE('',*,*,#582,.T.);
#1087 = ORIENTED_EDGE('',*,*,#659,.T.);
#1088 = ORIENTED_EDGE('',*,*,#780,.T.);
#1089 = ORIENTED_EDGE('',*,*,#857,.T.);
#1090 = ORIENTED_EDGE('',*,*,#978,.T.);
#1091 = ORIENTED_EDGE('',*,*,#1006,.T.);
#1092 = ORIENTED_EDGE('',*,*,#906,.T.);
#1093 = ORIENTED_EDGE('',*,*,#830,.T.);
#1094 = ORIENTED_EDGE('',*,*,#708,.T.);
#1095 = ORIENTED_EDGE('',*,*,#632,.T.);
#1096 = ORIENTED_EDGE('',*,*,#528,.F.);
#1097 = ADVANCED_FACE('',(#1098,#1101),#1071,.F.);
#1098 = FACE_BOUND('',#1099,.F.);
#1099 = EDGE_LOOP('',(#1100));
#1100 = ORIENTED_EDGE('',*,*,#1056,.T.);
#1101 = FACE_BOUND('',#1102,.F.);
#1102 = EDGE_LOOP('',(#1103));
#1103 = ORIENTED_EDGE('',*,*,#1104,.F.);
#1104 = EDGE_CURVE('',#1105,#1105,#1107,.T.);
#1105 = VERTEX_POINT('',#1106);
#1106 = CARTESIAN_POINT('',(3.325,0.,30.7));
#1107 = SURFACE_CURVE('',#1108,(#1113,#1120),.PCURVE_S1.);
#1108 = CIRCLE('',#1109,3.325);
#1109 = AXIS2_PLACEMENT_3D('',#1110,#1111,#1112);
#1110 = CARTESIAN_POINT('',(0.,0.,30.7));
#1111 = DIRECTION('',(0.,0.,1.));
#1112 = DIRECTION('',(1.,0.,0.));
#1113 = PCURVE('',#1071,#1114);
#1114 = DEFINITIONAL_REPRESENTATION('',(#1115),#1119);
#1115 = CIRCLE('',#1116,3.325);
#1116 = AXIS2_PLACEMENT_2D('',#1117,#1118);
#1117 = CARTESIAN_POINT('',(6.435012388421E-16,-6.182685985047E-16));
#1118 = DIRECTION('',(1.,0.));
#1119 = ( GEOMETRIC_REPRESENTATION_CONTEXT(2) 
PARAMETRIC_REPRESENTATION_CONTEXT() REPRESENTATION_CONTEXT('2D SPACE',''
  ) );
#1120 = PCURVE('',#1121,#1126);
#1121 = CYLINDRICAL_SURFACE('',#1122,3.325);
#1122 = AXIS2_PLACEMENT_3D('',#1123,#1124,#1125);
#1123 = CARTESIAN_POINT('',(0.,0.,0.));
#1124 = DIRECTION('',(-0.,-0.,-1.));
#1125 = DIRECTION('',(1.,0.,0.));
#1126 = DEFINITIONAL_REPRESENTATION('',(#1127),#1131);
#1127 = LINE('',#1128,#1129);
#1128 = CARTESIAN_POINT('',(-0.,-30.7));
#1129 = VECTOR('',#1130,1.);
#1130 = DIRECTION('',(-1.,0.));
#1131 = ( GEOMETRIC_REPRESENTATION_CONTEXT(2) 
PARAMETRIC_REPRESENTATION_CONTEXT() REPRESENTATION_CONTEXT('2D SPACE',''
  ) );
#1132 = ADVANCED_FACE('',(#1133),#1121,.T.);
#1133 = FACE_BOUND('',#1134,.F.);
#1134 = EDGE_LOOP('',(#1135,#1158,#1159,#1160));
#1135 = ORIENTED_EDGE('',*,*,#1136,.T.);
#1136 = EDGE_CURVE('',#1137,#1105,#1139,.T.);
#1137 = VERTEX_POINT('',#1138);
#1138 = CARTESIAN_POINT('',(3.325,0.,0.));
#1139 = SEAM_CURVE('',#1140,(#1144,#1151),.PCURVE_S1.);
#1140 = LINE('',#1141,#1142);
#1141 = CARTESIAN_POINT('',(3.325,0.,0.));
#1142 = VECTOR('',#1143,1.);
#1143 = DIRECTION('',(0.,0.,1.));
#1144 = PCURVE('',#1121,#1145);
#1145 = DEFINITIONAL_REPRESENTATION('',(#1146),#1150);
#1146 = LINE('',#1147,#1148);
#1147 = CARTESIAN_POINT('',(-0.,0.));
#1148 = VECTOR('',#1149,1.);
#1149 = DIRECTION('',(-0.,-1.));
#1150 = ( GEOMETRIC_REPRESENTATION_CONTEXT(2) 
PARAMETRIC_REPRESENTATION_CONTEXT() REPRESENTATION_CONTEXT('2D SPACE',''
  ) );
#1151 = PCURVE('',#1121,#1152);
#1152 = DEFINITIONAL_REPRESENTATION('',(#1153),#1157);
#1153 = LINE('',#1154,#1155);
#1154 = CARTESIAN_POINT('',(-6.28318530718,0.));
#1155 = VECTOR('',#1156,1.);
#1156 = DIRECTION('',(-0.,-1.));
#1157 = ( GEOMETRIC_REPRESENTATION_CONTEXT(2) 
PARAMETRIC_REPRESENTATION_CONTEXT() REPRESENTATION_CONTEXT('2D SPACE',''
  ) );
#1158 = ORIENTED_EDGE('',*,*,#1104,.T.);
#1159 = ORIENTED_EDGE('',*,*,#1136,.F.);
#1160 = ORIENTED_EDGE('',*,*,#1161,.F.);
#1161 = EDGE_CURVE('',#1137,#1137,#1162,.T.);
#1162 = SURFACE_CURVE('',#1163,(#1168,#1175),.PCURVE_S1.);
#1163 = CIRCLE('',#1164,3.325);
#1164 = AXIS2_PLACEMENT_3D('',#1165,#1166,#1167);
#1165 = CARTESIAN_POINT('',(0.,0.,0.));
#1166 = DIRECTION('',(0.,0.,1.));
#1167 = DIRECTION('',(1.,0.,0.));
#1168 = PCURVE('',#1121,#1169);
#1169 = DEFINITIONAL_REPRESENTATION('',(#1170),#1174);
#1170 = LINE('',#1171,#1172);
#1171 = CARTESIAN_POINT('',(-0.,0.));
#1172 = VECTOR('',#1173,1.);
#1173 = DIRECTION('',(-1.,0.));
#1174 = ( GEOMETRIC_REPRESENTATION_CONTEXT(2) 
PARAMETRIC_REPRESENTATION_CONTEXT() REPRESENTATION_CONTEXT('2D SPACE',''
  ) );
#1175 = PCURVE('',#1176,#1181);
#1176 = PLANE('',#1177);
#1177 = AXIS2_PLACEMENT_3D('',#1178,#1179,#1180);
#1178 = CARTESIAN_POINT('',(-3.084451426781E-16,6.989840821321E-17,0.));
#1179 = DIRECTION('',(0.,0.,1.));
#1180 = DIRECTION('',(1.,0.,-0.));
#1181 = DEFINITIONAL_REPRESENTATION('',(#1182),#1186);
#1182 = CIRCLE('',#1183,3.325);
#1183 = AXIS2_PLACEMENT_2D('',#1184,#1185);
#1184 = CARTESIAN_POINT('',(3.084451426781E-16,-6.989840821321E-17));
#1185 = DIRECTION('',(1.,0.));
#1186 = ( GEOMETRIC_REPRESENTATION_CONTEXT(2) 
PARAMETRIC_REPRESENTATION_CONTEXT() REPRESENTATION_CONTEXT('2D SPACE',''
  ) );
#1187 = ADVANCED_FACE('',(#1188),#1176,.F.);
#1188 = FACE_BOUND('',#1189,.F.);
#1189 = EDGE_LOOP('',(#1190));
#1190 = ORIENTED_EDGE('',*,*,#1161,.T.);
#1191 = ( GEOMETRIC_REPRESENTATION_CONTEXT(3) 
GLOBAL_UNCERTAINTY_ASSIGNED_CONTEXT((#1195)) 
GLOBAL_UNIT_ASSIGNED_CONTEXT((#1192,#1193,#1194)) REPRESENTATION_CONTEXT
('Context #1','3D Context with UNIT and UNCERTAINTY') );
#1192 = ( LENGTH_UNIT() NAMED_UNIT(*) SI_UNIT(.MILLI.,.METRE.) );
#1193 = ( NAMED_UNIT(*) PLANE_ANGLE_UNIT() SI_UNIT($,.RADIAN.) );
#1194 = ( NAMED_UNIT(*) SI_UNIT($,.STERADIAN.) SOLID_ANGLE_UNIT() );
#1195 = UNCERTAINTY_MEASURE_WITH_UNIT(LENGTH_MEASURE(1.E-07),#1192,
  'distance_accuracy_value','confusion accuracy');
#1196 = CONTEXT_DEPENDENT_SHAPE_REPRESENTATION(#1197,#1199);
#1197 = ( REPRESENTATION_RELATIONSHIP('','',#36,#10) 
REPRESENTATION_RELATIONSHIP_WITH_TRANSFORMATION(#1198) 
SHAPE_REPRESENTATION_RELATIONSHIP() );
#1198 = ITEM_DEFINED_TRANSFORMATION('','',#11,#15);
#1199 = PRODUCT_DEFINITION_SHAPE('Placement','Placement of an item',
  #1200);
#1200 = NEXT_ASSEMBLY_USAGE_OCCURRENCE('5','','',#5,#31,$);
#1201 = PRODUCT_RELATED_PRODUCT_CATEGORY('part',$,(#33));
#1202 = SHAPE_DEFINITION_REPRESENTATION(#1203,#1209);
#1203 = PRODUCT_DEFINITION_SHAPE('','',#1204);
#1204 = PRODUCT_DEFINITION('design','',#1205,#1208);
#1205 = PRODUCT_DEFINITION_FORMATION('','',#1206);
#1206 = PRODUCT('Open CASCADE STEP translator 7.9 3.2',
  'Open CASCADE STEP translator 7.9 3.2','',(#1207));
#1207 = PRODUCT_CONTEXT('',#2,'mechanical');
#1208 = PRODUCT_DEFINITION_CONTEXT('part definition',#2,'design');
#1209 = ADVANCED_BREP_SHAPE_REPRESENTATION('',(#11,#1210),#3748);
#1210 = MANIFOLD_SOLID_BREP('',#1211);
#1211 = CLOSED_SHELL('',(#1212,#3372,#3693,#3736,#3742));
#1212 = ADVANCED_FACE('',(#1213),#1482,.F.);
#1213 = FACE_BOUND('',#1214,.F.);
#1214 = EDGE_LOOP('',(#1215,#2528,#2554,#3348));
#1215 = ORIENTED_EDGE('',*,*,#1216,.F.);
#1216 = EDGE_CURVE('',#1217,#1219,#1221,.T.);
#1217 = VERTEX_POINT('',#1218);
#1218 = CARTESIAN_POINT('',(3.34525,-4.440892098501E-16,-0.275));
#1219 = VERTEX_POINT('',#1220);
#1220 = CARTESIAN_POINT('',(-2.13234277637,2.577559613785,
    28.924999735581));
#1221 = SURFACE_CURVE('',#1222,(#1481,#2005),.PCURVE_S1.);
#1222 = B_SPLINE_CURVE_WITH_KNOTS('',9,(#1223,#1224,#1225,#1226,#1227,
    #1228,#1229,#1230,#1231,#1232,#1233,#1234,#1235,#1236,#1237,#1238,
    #1239,#1240,#1241,#1242,#1243,#1244,#1245,#1246,#1247,#1248,#1249,
    #1250,#1251,#1252,#1253,#1254,#1255,#1256,#1257,#1258,#1259,#1260,
    #1261,#1262,#1263,#1264,#1265,#1266,#1267,#1268,#1269,#1270,#1271,
    #1272,#1273,#1274,#1275,#1276,#1277,#1278,#1279,#1280,#1281,#1282,
    #1283,#1284,#1285,#1286,#1287,#1288,#1289,#1290,#1291,#1292,#1293,
    #1294,#1295,#1296,#1297,#1298,#1299,#1300,#1301,#1302,#1303,#1304,
    #1305,#1306,#1307,#1308,#1309,#1310,#1311,#1312,#1313,#1314,#1315,
    #1316,#1317,#1318,#1319,#1320,#1321,#1322,#1323,#1324,#1325,#1326,
    #1327,#1328,#1329,#1330,#1331,#1332,#1333,#1334,#1335,#1336,#1337,
    #1338,#1339,#1340,#1341,#1342,#1343,#1344,#1345,#1346,#1347,#1348,
    #1349,#1350,#1351,#1352,#1353,#1354,#1355,#1356,#1357,#1358,#1359,
    #1360,#1361,#1362,#1363,#1364,#1365,#1366,#1367,#1368,#1369,#1370,
    #1371,#1372,#1373,#1374,#1375,#1376,#1377,#1378,#1379,#1380,#1381,
    #1382,#1383,#1384,#1385,#1386,#1387,#1388,#1389,#1390,#1391,#1392,
    #1393,#1394,#1395,#1396,#1397,#1398,#1399,#1400,#1401,#1402,#1403,
    #1404,#1405,#1406,#1407,#1408,#1409,#1410,#1411,#1412,#1413,#1414,
    #1415,#1416,#1417,#1418,#1419,#1420,#1421,#1422,#1423,#1424,#1425,
    #1426,#1427,#1428,#1429,#1430,#1431,#1432,#1433,#1434,#1435,#1436,
    #1437,#1438,#1439,#1440,#1441,#1442,#1443,#1444,#1445,#1446,#1447,
    #1448,#1449,#1450,#1451,#1452,#1453,#1454,#1455,#1456,#1457,#1458,
    #1459,#1460,#1461,#1462,#1463,#1464,#1465,#1466,#1467,#1468,#1469,
    #1470,#1471,#1472,#1473,#1474,#1475,#1476,#1477,#1478,#1479,#1480),
  .UNSPECIFIED.,.F.,.F.,(10,8,8,8,8,8,8,8,8,8,8,8,8,8,8,8,8,8,8,8,8,8,8,
    8,8,8,8,8,8,8,8,8,10),(0.,4.67661255519,9.35322511038,14.02983766557
    ,18.706450220761,23.383062775951,28.059675331141,32.736287886331,
    37.412900441521,42.089512996711,46.766125551901,51.442738107092,
    56.119350662282,60.795963217472,65.472575772662,70.149188327852,
    74.825800883042,79.502413438232,84.179025993423,88.855638548613,
    93.532251103803,98.208863658993,102.88547621418,107.56208876937,
    112.23870132456,116.91531387975,121.59192643494,126.26853899013,
    130.94515154532,135.62176410051,140.2983766557,144.97498921089,
    149.65160176608),.UNSPECIFIED.);
#1223 = CARTESIAN_POINT('',(3.34525,-4.440892098501E-16,-0.275));
#1224 = CARTESIAN_POINT('',(3.345251175124,1.704861295135,
    -0.173612306302));
#1225 = CARTESIAN_POINT('',(2.367511073225,3.410136496423,
    -7.22185544947E-02));
#1226 = CARTESIAN_POINT('',(0.41423571174,4.471710859516,
    2.915832054053E-02));
#1227 = CARTESIAN_POINT('',(-2.033371103425,4.264888192647,
    0.130567252904));
#1228 = CARTESIAN_POINT('',(-3.976402846895,2.55185808956,0.231932582627
    ));
#1229 = CARTESIAN_POINT('',(-4.488369431699,0.149495165754,
    0.333341164205));
#1230 = CARTESIAN_POINT('',(-3.679974546119,-1.921445103839,
    0.434718580725));
#1231 = CARTESIAN_POINT('',(-2.110688832221,-3.105195257356,
    0.536111810308));
#1232 = CARTESIAN_POINT('',(1.272146819827,-3.532548411819,
    0.738887930469));
#1233 = CARTESIAN_POINT('',(3.086518716059,-2.776246313858,
    0.840281107962));
#1234 = CARTESIAN_POINT('',(4.38453260211,-0.971422936347,0.941658704016
    ));
#1235 = CARTESIAN_POINT('',(4.486107233034,1.482804787295,1.04306690432)
  );
#1236 = CARTESIAN_POINT('',(3.030111365858,3.62521534817,1.144432833229)
  );
#1237 = CARTESIAN_POINT('',(0.71085819901,4.434240447598,1.245841026636)
  );
#1238 = CARTESIAN_POINT('',(-1.445070823305,3.891777828419,
    1.347218633333));
#1239 = CARTESIAN_POINT('',(-2.816170409382,2.483229573026,
    1.448611800564));
#1240 = CARTESIAN_POINT('',(-3.664135486731,-0.81936984234,
    1.651387935121));
#1241 = CARTESIAN_POINT('',(-3.14119815393,-2.714224673045,
    1.752781101328));
#1242 = CARTESIAN_POINT('',(-1.513290624645,-4.228207667627,
    1.854158711556));
#1243 = CARTESIAN_POINT('',(0.908854102666,-4.636577663159,
    1.955566897464));
#1244 = CARTESIAN_POINT('',(3.216855787066,-3.460577989716,2.05693283816
    ));
#1245 = CARTESIAN_POINT('',(4.310180980396,-1.261010566189,
    2.158341023928));
#1246 = CARTESIAN_POINT('',(4.042205396893,0.945906909725,2.259718634369
    ));
#1247 = CARTESIAN_POINT('',(2.816608309803,2.482732872293,2.361111800372
    ));
#1248 = CARTESIAN_POINT('',(-0.353670917624,3.737936955911,
    2.563887935212));
#1249 = CARTESIAN_POINT('',(-2.299125678912,3.456611423016,
    2.665281101202));
#1250 = CARTESIAN_POINT('',(-4.005201379935,2.031292815389,
    2.766658711695));
#1251 = CARTESIAN_POINT('',(-4.713926486955,-0.320570245549,
    2.868066897341));
#1252 = CARTESIAN_POINT('',(-3.836469236323,-2.757764488803,
    2.969432838245));
#1253 = CARTESIAN_POINT('',(-1.791276040764,-4.118147384213,
    3.070841023883));
#1254 = CARTESIAN_POINT('',(0.431825478096,-4.128884971616,
    3.172218634386));
#1255 = CARTESIAN_POINT('',(2.110141154886,-3.105567450965,3.27361180037
    ));
#1256 = CARTESIAN_POINT('',(3.75278892627,-0.117605608739,3.476387935214
    ));
#1257 = CARTESIAN_POINT('',(3.717511865213,1.847768099392,3.577781101199
    ));
#1258 = CARTESIAN_POINT('',(2.517260304846,3.719030673896,3.679158711698
    ));
#1259 = CARTESIAN_POINT('',(0.272769195981,4.716933874076,3.780566897338
    ));
#1260 = CARTESIAN_POINT('',(-2.255181597246,4.151857071294,
    3.881932838248));
#1261 = CARTESIAN_POINT('',(-3.861168143662,2.293292022108,
    3.983341023881));
#1262 = CARTESIAN_POINT('',(-4.150449563882,8.906609928838E-02,
    4.084718634387));
#1263 = CARTESIAN_POINT('',(-3.345549938245,-1.70427125093,
    4.186111800369));
#1264 = CARTESIAN_POINT('',(-0.587027424401,-3.708457173454,
    4.388887935214));
#1265 = CARTESIAN_POINT('',(1.367270113145,-3.919784924564,
    4.490281101198));
#1266 = CARTESIAN_POINT('',(3.374208632485,-2.963529095556,4.5916587117)
  );
#1267 = CARTESIAN_POINT('',(4.645552396246,-0.861806904346,
    4.693066897335));
#1268 = CARTESIAN_POINT('',(4.401767640048,1.71703314472,4.794432838251)
  );
#1269 = CARTESIAN_POINT('',(2.759141418318,3.543295974936,4.895841023879
    ));
#1270 = CARTESIAN_POINT('',(0.608553051081,4.106559087167,4.997218634388
    ));
#1271 = CARTESIAN_POINT('',(-1.271523971264,3.532771104465,
    5.098611800369));
#1272 = CARTESIAN_POINT('',(-3.605640835687,1.047191466906,
    5.301387935215));
#1273 = CARTESIAN_POINT('',(-4.060240634088,-0.865209460444,
    5.402781101194));
#1274 = CARTESIAN_POINT('',(-3.363061262104,-2.976173305289,
    5.504158711709));
#1275 = CARTESIAN_POINT('',(-1.437253403009,-4.500907782005,
    5.605566897324));
#1276 = CARTESIAN_POINT('',(1.151806053792,-4.582259703635,
    5.706932838261));
#1277 = CARTESIAN_POINT('',(3.169543912027,-3.181477506129,
    5.808341023872));
#1278 = CARTESIAN_POINT('',(3.997905720505,-1.118442757727,
    5.909718634391));
#1279 = CARTESIAN_POINT('',(3.664278359992,0.818723999,6.011111800368));
#1280 = CARTESIAN_POINT('',(1.490840674416,3.445961388036,6.213887935216
    ));
#1281 = CARTESIAN_POINT('',(-0.349503937701,4.136663923342,6.31528110119
    ));
#1282 = CARTESIAN_POINT('',(-2.531201947188,3.709555943553,
    6.416658711715));
#1283 = CARTESIAN_POINT('',(-4.285281163329,1.990033556933,
    6.518066897316));
#1284 = CARTESIAN_POINT('',(-4.690486794385,-0.568414293341,
    6.619432838268));
#1285 = CARTESIAN_POINT('',(-3.553639793145,-2.745806248229,
    6.720841023868));
#1286 = CARTESIAN_POINT('',(-1.610693953957,-3.8262029924,6.822218634392
    ));
#1287 = CARTESIAN_POINT('',(0.35301226019,-3.737997756848,6.923611800368
    ));
#1288 = CARTESIAN_POINT('',(3.23193707078,-1.910978433907,7.126387935214
    ));
#1289 = CARTESIAN_POINT('',(4.147849551399,-0.171713470914,
    7.227781101199));
#1290 = CARTESIAN_POINT('',(3.997548711793,2.046312022293,7.329158711699
    ));
#1291 = CARTESIAN_POINT('',(2.511429692879,4.002073100833,7.430566897338
    ));
#1292 = CARTESIAN_POINT('',(2.394170006214E-02,4.724742106401,
    7.531932838246));
#1293 = CARTESIAN_POINT('',(-2.278765579624,3.869759057799,
    7.633341023882));
#1294 = CARTESIAN_POINT('',(-3.594158757445,2.077543544345,
    7.734718634386));
#1295 = CARTESIAN_POINT('',(-3.752766696106,0.118266692844,
    7.836111800369));
#1296 = CARTESIAN_POINT('',(-2.300978921931,-2.96694317525,
    8.038887935215));
#1297 = CARTESIAN_POINT('',(-0.690222855527,-4.093621114227,
    8.140281101195));
#1298 = CARTESIAN_POINT('',(1.529150534424,-4.222497748827,
    8.241658711708));
#1299 = CARTESIAN_POINT('',(3.65574995478,-2.993219082307,8.343066897325
    ));
#1300 = CARTESIAN_POINT('',(4.684485413007,-0.615920118565,
    8.444432838261));
#1301 = CARTESIAN_POINT('',(4.124849910408,1.775787416572,8.545841023872
    ));
#1302 = CARTESIAN_POINT('',(2.511629031983,3.305432491832,8.647218634391
    ));
#1303 = CARTESIAN_POINT('',(0.587680509481,3.708352262774,8.748611800368
    ));
#1304 = CARTESIAN_POINT('',(-2.655158813482,2.654691597818,
    8.951387935215));
#1305 = CARTESIAN_POINT('',(-3.974833826673,1.197847013384,
    9.052781101194));
#1306 = CARTESIAN_POINT('',(-4.380855473965,-0.987873429143,
    9.154158711707));
#1307 = CARTESIAN_POINT('',(-3.427803618747,-3.251773448119,
    9.255566897327));
#1308 = CARTESIAN_POINT('',(-1.19818510886,-4.570351586256,
    9.356932838257));
#1309 = CARTESIAN_POINT('',(1.244804025149,-4.314889415876,
    9.458341023876));
#1310 = CARTESIAN_POINT('',(2.964577581259,-2.906104629408,
    9.559718634388));
#1311 = CARTESIAN_POINT('',(3.605454898994,-1.047826253422,
    9.661111800369));
#1312 = CARTESIAN_POINT('',(2.966538201373,2.301501011109,9.863887935213
    ));
#1313 = CARTESIAN_POINT('',(1.686580408275,3.793361035224,9.965281101204
    ));
#1314 = CARTESIAN_POINT('',(-0.431016969748,4.470124491273,
    10.066658711688));
#1315 = CARTESIAN_POINT('',(-2.796514531678,3.808329644463,
    10.168066897353));
#1316 = CARTESIAN_POINT('',(-4.384140584785,1.76155400421,
    10.269432838232));
#1317 = CARTESIAN_POINT('',(-4.43688053767,-0.694189330629,
    10.370841023893));
#1318 = CARTESIAN_POINT('',(-3.254749220802,-2.576969511281,
    10.472218634381));
#1319 = CARTESIAN_POINT('',(-1.491447151404,-3.445697357661,
    10.573611800371));
#1320 = CARTESIAN_POINT('',(1.911547162942,-3.231600725369,
    10.776387935211));
#1321 = CARTESIAN_POINT('',(3.552064674204,-2.148715422615,
    10.87778110121));
#1322 = CARTESIAN_POINT('',(4.488896975036,-0.132636884732,
    10.979158711676));
#1323 = CARTESIAN_POINT('',(4.128796036693,2.297152910507,
    11.080566897367));
#1324 = CARTESIAN_POINT('',(2.297142140622,4.128789067343,
    11.181932838219));
#1325 = CARTESIAN_POINT('',(-0.132626855684,4.488899402915,11.2833410239
    ));
#1326 = CARTESIAN_POINT('',(-2.148721092698,3.552064472695,
    11.384718634378));
#1327 = CARTESIAN_POINT('',(-3.231599110641,1.911547036861,
    11.486111800371));
#1328 = CARTESIAN_POINT('',(-3.445698975456,-1.491447074111,
    11.688887935214));
#1329 = CARTESIAN_POINT('',(-2.576963911177,-3.254750131367,
    11.790281101195));
#1330 = CARTESIAN_POINT('',(-0.694198976275,-4.43687687198,
    11.891658711708));
#1331 = CARTESIAN_POINT('',(1.76156381565,-4.384148848973,
    11.993066897324));
#1332 = CARTESIAN_POINT('',(3.808324079914,-2.796502973264,
    12.094432838261));
#1333 = CARTESIAN_POINT('',(4.470125643026,-0.431027223978,
    12.195841023872));
#1334 = CARTESIAN_POINT('',(3.793361545954,1.686586058889,12.29721863439
    ));
#1335 = CARTESIAN_POINT('',(2.301500683645,2.966536615183,
    12.398611800369));
#1336 = CARTESIAN_POINT('',(-1.047825973975,3.605456494345,
    12.601387935212));
#1337 = CARTESIAN_POINT('',(-2.906106234674,2.964572139434,
    12.702781101207));
#1338 = CARTESIAN_POINT('',(-4.314884570163,1.244813135309,
    12.804158711681));
#1339 = CARTESIAN_POINT('',(-4.570361014991,-1.198193807161,
    12.905566897363));
#1340 = CARTESIAN_POINT('',(-3.251761283409,-3.427799546727,
    13.006932838221));
#1341 = CARTESIAN_POINT('',(-0.987883746879,-4.38085533144,
    13.108341023902));
#1342 = CARTESIAN_POINT('',(1.197852555436,-3.974835041587,
    13.209718634375));
#1343 = CARTESIAN_POINT('',(2.654690065175,-2.655158289796,
    13.311111800374));
#1344 = CARTESIAN_POINT('',(3.708353810524,0.587680032287,
    13.513887935207));
#1345 = CARTESIAN_POINT('',(3.305427294104,2.511631306639,
    13.615281101224));
#1346 = CARTESIAN_POINT('',(1.775795847578,4.124843961085,
    13.716658711651));
#1347 = CARTESIAN_POINT('',(-0.615927566555,4.6844958576,13.8180668974)
  );
#1348 = CARTESIAN_POINT('',(-2.993216567034,3.655737375613,
    13.919432838189));
#1349 = CARTESIAN_POINT('',(-4.222496314271,1.52916075295,14.02084102392
    ));
#1350 = CARTESIAN_POINT('',(-4.093623014166,-0.690228201613,
    14.12221863437));
#1351 = CARTESIAN_POINT('',(-2.966942463603,-2.300977467009,
    14.223611800373));
#1352 = CARTESIAN_POINT('',(0.118266025429,-3.752768171839,
    14.426387935213));
#1353 = CARTESIAN_POINT('',(2.077546452501,-3.594153885804,
    14.527781101196));
#1354 = CARTESIAN_POINT('',(3.869752098733,-2.278773198484,
    14.629158711707));
#1355 = CARTESIAN_POINT('',(4.724753402071,2.394778025208E-02,
    14.730566897327));
#1356 = CARTESIAN_POINT('',(4.002060305654,2.511428774033,
    14.831932838258));
#1357 = CARTESIAN_POINT('',(2.046321980416,3.997546007829,
    14.933341023875));
#1358 = CARTESIAN_POINT('',(-0.171718536706,4.147852106394,
    15.034718634389));
#1359 = CARTESIAN_POINT('',(-1.910977079653,3.231936182396,
    15.136111800369));
#1360 = CARTESIAN_POINT('',(-3.737999137295,0.3530131073,15.338887935212
    ));
#1361 = CARTESIAN_POINT('',(-3.82619852366,-1.610697449761,
    15.440281101205));
#1362 = CARTESIAN_POINT('',(-2.745812934811,-3.553631934053,
    15.541658711686));
#1363 = CARTESIAN_POINT('',(-0.568409676818,-4.69049876304,
    15.643066897355));
#1364 = CARTESIAN_POINT('',(1.990034248995,-4.285268353878,
    15.74443283823));
#1365 = CARTESIAN_POINT('',(3.709552012826,-2.531211487894,
    15.845841023894));
#1366 = CARTESIAN_POINT('',(4.136667093103,-0.349499232079,
    15.94721863438));
#1367 = CARTESIAN_POINT('',(3.445960336924,1.490839442184,
    16.048611800372));
#1368 = CARTESIAN_POINT('',(0.818725012448,3.664279623384,
    16.251387935211));
#1369 = CARTESIAN_POINT('',(-1.11844678605,3.997901725142,
    16.352781101209));
#1370 = CARTESIAN_POINT('',(-3.181468870949,3.169549560878,
    16.454158711681));
#1371 = CARTESIAN_POINT('',(-4.582272156528,1.151802973742,
    16.555566897358));
#1372 = CARTESIAN_POINT('',(-4.500895160288,-1.437255695066,
    16.656932838231));
#1373 = CARTESIAN_POINT('',(-2.976182278117,-3.363056166603,
    16.758341023891));
#1374 = CARTESIAN_POINT('',(-0.865205189202,-4.060244368626,
    16.859718634383));
#1375 = CARTESIAN_POINT('',(1.047190376131,-3.605639638424,
    16.96111180037));
#1376 = CARTESIAN_POINT('',(3.532772230875,-1.271525135064,
    17.163887935214));
#1377 = CARTESIAN_POINT('',(4.106555628192,0.608557548384,
    17.265281101198));
#1378 = CARTESIAN_POINT('',(3.54330049697,2.759132143256,17.366658711701
    ));
#1379 = CARTESIAN_POINT('',(1.717031649714,4.401780380761,
    17.468066897335));
#1380 = CARTESIAN_POINT('',(-0.861810760243,4.645540161342,
    17.569432838249));
#1381 = CARTESIAN_POINT('',(-2.963522915645,3.374216895917,
    17.670841023881));
#1382 = CARTESIAN_POINT('',(-3.919789164982,1.367266343647,
    17.772218634386));
#1383 = CARTESIAN_POINT('',(-3.70845584892,-0.587026492283,
    17.87361180037));
#1384 = CARTESIAN_POINT('',(-1.704272546731,-3.345550909912,
    18.076387935211));
#1385 = CARTESIAN_POINT('',(8.907099466461E-02,-4.150446695841,
    18.177781101209));
#1386 = CARTESIAN_POINT('',(2.293282253396,-3.861171467567,
    18.279158711678));
#1387 = CARTESIAN_POINT('',(4.151869898951,-2.255181710867,
    18.380566897367));
#1388 = CARTESIAN_POINT('',(4.716922218886,0.272774554923,
    18.481932838217));
#1389 = CARTESIAN_POINT('',(3.719038097643,2.517253137972,
    18.583341023904));
#1390 = CARTESIAN_POINT('',(1.847764891073,3.717516544646,
    18.684718634374));
#1391 = CARTESIAN_POINT('',(-0.117604849977,3.752787495352,
    18.786111800374));
#1392 = CARTESIAN_POINT('',(-3.105568252565,2.110142562256,
    18.988887935207));
#1393 = CARTESIAN_POINT('',(-4.12888273974,0.431820261843,
    19.090281101227));
#1394 = CARTESIAN_POINT('',(-4.118149457565,-1.79126593245,
    19.191658711639));
#1395 = CARTESIAN_POINT('',(-2.757766209267,-3.836481948638,
    19.293066897422));
#1396 = CARTESIAN_POINT('',(-0.320563468065,-4.713915595278,
    19.394432838163));
#1397 = CARTESIAN_POINT('',(2.031284774568,-4.005207846926,
    19.495841023943));
#1398 = CARTESIAN_POINT('',(3.456616467668,-2.299123082367,
    19.597218634357));
#1399 = CARTESIAN_POINT('',(3.737935441177,-0.353671491064,
    19.698611800377));
#1400 = CARTESIAN_POINT('',(2.482734369029,2.816608928695,
    19.901387935209));
#1401 = CARTESIAN_POINT('',(0.945901454897,4.042203836368,
    20.002781101208));
#1402 = CARTESIAN_POINT('',(-1.261000277768,4.310181770548,
    20.104158711683));
#1403 = CARTESIAN_POINT('',(-3.460590386098,3.216859087123,
    20.205566897356));
#1404 = CARTESIAN_POINT('',(-4.636567706862,0.908846013703,
    20.30693283823));
#1405 = CARTESIAN_POINT('',(-4.228213075814,-1.513281836879,
    20.408341023895));
#1406 = CARTESIAN_POINT('',(-2.714222729242,-3.141203484088,
    20.509718634378));
#1407 = CARTESIAN_POINT('',(-0.819370221418,-3.664133912164,
    20.611111800374));
#1408 = CARTESIAN_POINT('',(2.483229999461,-2.816171971696,
    20.813887935204));
#1409 = CARTESIAN_POINT('',(3.891776963796,-1.445065216914,
    20.915281101236));
#1410 = CARTESIAN_POINT('',(4.434239942224,0.71084789534,21.016658711626
    ));
#1411 = CARTESIAN_POINT('',(3.625220175553,3.030123246018,
    21.118066897432));
#1412 = CARTESIAN_POINT('',(1.482795514727,4.486098375867,21.21943283816
    ));
#1413 = CARTESIAN_POINT('',(-0.971413540578,4.384536858736,
    21.320841023939));
#1414 = CARTESIAN_POINT('',(-2.77625184513,3.086517462262,
    21.422218634361));
#1415 = CARTESIAN_POINT('',(-3.532546802505,1.272146993912,
    21.523611800375));
#1416 = CARTESIAN_POINT('',(-3.105196860061,-2.110689049724,
    21.726387935211));
#1417 = CARTESIAN_POINT('',(-1.921439437266,-3.679974443669,
    21.827781101202));
#1418 = CARTESIAN_POINT('',(0.149485017053,-4.488367501149,
    21.929158711698));
#1419 = CARTESIAN_POINT('',(2.551869252127,-3.976409376152,
    22.030566897331));
#1420 = CARTESIAN_POINT('',(4.264880593711,-2.03336044479,22.13193283826
    ));
#1421 = CARTESIAN_POINT('',(4.471713876152,0.41422547252,22.233341023869
    ));
#1422 = CARTESIAN_POINT('',(3.410135971119,2.367517056082,
    22.334718634394));
#1423 = CARTESIAN_POINT('',(1.704861248368,3.345249319537,
    22.436111800367));
#1424 = CARTESIAN_POINT('',(-1.70486127281,3.345250938988,
    22.638887935216));
#1425 = CARTESIAN_POINT('',(-3.410136528251,2.367511409867,
    22.740281101191));
#1426 = CARTESIAN_POINT('',(-4.471710823359,0.414235329282,
    22.841658711717));
#1427 = CARTESIAN_POINT('',(-4.26488822551,-2.03337075576,
    22.943066897309));
#1428 = CARTESIAN_POINT('',(-2.551858065941,-3.97640309684,
    23.044432838279));
#1429 = CARTESIAN_POINT('',(-0.149495178714,-4.48836929449,
    23.145841023857));
#1430 = CARTESIAN_POINT('',(1.921445108792,-3.679974598589,
    23.247218634399));
#1431 = CARTESIAN_POINT('',(3.10519525644,-2.110688822503,
    23.348611800366));
#1432 = CARTESIAN_POINT('',(3.532548412256,1.272146815189,
    23.551387935216));
#1433 = CARTESIAN_POINT('',(2.77624631324,3.086518722669,23.652781101191
    ));
#1434 = CARTESIAN_POINT('',(0.971422937042,4.384532594605,
    23.754158711716));
#1435 = CARTESIAN_POINT('',(-1.482804787921,4.486107239848,
    23.855566897309));
#1436 = CARTESIAN_POINT('',(-3.625215347724,3.030111360968,
    23.95693283828));
#1437 = CARTESIAN_POINT('',(-4.434240447842,0.710858201687,
    24.058341023854));
#1438 = CARTESIAN_POINT('',(-3.891777828325,-1.445070824325,
    24.159718634403));
#1439 = CARTESIAN_POINT('',(-2.483229573044,-2.816170409196,
    24.261111800363));
#1440 = CARTESIAN_POINT('',(0.81936984235,-3.664135486815,
    24.463887935224));
#1441 = CARTESIAN_POINT('',(2.714224673022,-3.141198153822,
    24.565281101162));
#1442 = CARTESIAN_POINT('',(4.228207667671,-1.513290624757,
    24.666658711771));
#1443 = CARTESIAN_POINT('',(4.636577663098,0.908854102766,
    24.768066897242));
#1444 = CARTESIAN_POINT('',(3.460577989776,3.216855786988,
    24.869432838335));
#1445 = CARTESIAN_POINT('',(1.261010566148,4.310180980445,
    24.970841023825));
#1446 = CARTESIAN_POINT('',(-0.945906909708,4.04220539687,
    25.072218634409));
#1447 = CARTESIAN_POINT('',(-2.482732872295,2.816608309808,
    25.173611800367));
#1448 = CARTESIAN_POINT('',(-3.737936955915,-0.353670917625,
    25.376387935208));
#1449 = CARTESIAN_POINT('',(-3.456611422999,-2.299125678918,
    25.477781101229));
#1450 = CARTESIAN_POINT('',(-2.031292815415,-4.005201379912,
    25.579158711637));
#1451 = CARTESIAN_POINT('',(0.320570245572,-4.713926486995,
    25.680566897421));
#1452 = CARTESIAN_POINT('',(2.757764488793,-3.836469236279,
    25.781932838167));
#1453 = CARTESIAN_POINT('',(4.11814738421,-1.791276040799,
    25.883341023937));
#1454 = CARTESIAN_POINT('',(4.128884971621,0.431825478114,25.98471863436
    ));
#1455 = CARTESIAN_POINT('',(3.105567450964,2.11014115488,26.086111800377
    ));
#1456 = CARTESIAN_POINT('',(0.117605608739,3.752788926277,
    26.288887935204));
#1457 = CARTESIAN_POINT('',(-1.847768099388,3.717511865189,
    26.390281101236));
#1458 = CARTESIAN_POINT('',(-3.719030673911,2.517260304899,
    26.491658711613));
#1459 = CARTESIAN_POINT('',(-4.716933874042,0.272769195896,
    26.593066897477));
#1460 = CARTESIAN_POINT('',(-4.151857071351,-2.255181597139,
    26.694432838071));
#1461 = CARTESIAN_POINT('',(-2.293292022034,-3.861168143772,
    26.795841024059));
#1462 = CARTESIAN_POINT('',(-8.906609936149E-02,-4.150449563787,
    26.897218634241));
#1463 = CARTESIAN_POINT('',(1.704271250986,-3.345549938312,
    26.998611800466));
#1464 = CARTESIAN_POINT('',(3.708457173333,-0.587027424259,
    27.201387935017));
#1465 = CARTESIAN_POINT('',(3.919784925223,1.367270112378,
    27.302781102256));
#1466 = CARTESIAN_POINT('',(2.963529093829,3.374208634493,
    27.404158708938));
#1467 = CARTESIAN_POINT('',(0.861806907495,4.645552392584,
    27.505566902362));
#1468 = CARTESIAN_POINT('',(-1.717033149101,4.401767645147,
    27.60693283126));
#1469 = CARTESIAN_POINT('',(-3.543295970118,2.759141412707,
    27.708341031568));
#1470 = CARTESIAN_POINT('',(-4.106559091407,0.608553056021,
    27.80971862762));
#1471 = CARTESIAN_POINT('',(-3.53277110149,-1.271523974729,
    27.911111805116));
#1472 = CARTESIAN_POINT('',(-1.047191473137,-3.605640828429,
    28.11388792527));
#1473 = CARTESIAN_POINT('',(0.865209494084,-4.060240673281,
    28.21528115488));
#1474 = CARTESIAN_POINT('',(2.976173217326,-3.363061159605,
    28.316658571335));
#1475 = CARTESIAN_POINT('',(4.500907942231,-1.437253589742,
    28.418067153015));
#1476 = CARTESIAN_POINT('',(4.582259480775,1.151806313548,
    28.519432482624));
#1477 = CARTESIAN_POINT('',(3.181477751283,3.169543626264,
    28.620841415081));
#1478 = CARTESIAN_POINT('',(1.118442541947,3.997905972038,
    28.722218290058));
#1479 = CARTESIAN_POINT('',(-0.818723847645,3.664278183556,
    28.823612041894));
#1480 = CARTESIAN_POINT('',(-2.13234277637,2.577559613785,
    28.924999735581));
#1481 = PCURVE('',#1482,#1999);
#1482 = B_SPLINE_SURFACE_WITH_KNOTS('',1,9,(
    (#1483,#1484,#1485,#1486,#1487,#1488,#1489,#1490,#1491,#1492,#1493
      ,#1494,#1495,#1496,#1497,#1498,#1499,#1500,#1501,#1502,#1503,#1504
      ,#1505,#1506,#1507,#1508,#1509,#1510,#1511,#1512,#1513,#1514,#1515
      ,#1516,#1517,#1518,#1519,#1520,#1521,#1522,#1523,#1524,#1525,#1526
      ,#1527,#1528,#1529,#1530,#1531,#1532,#1533,#1534,#1535,#1536,#1537
      ,#1538,#1539,#1540,#1541,#1542,#1543,#1544,#1545,#1546,#1547,#1548
      ,#1549,#1550,#1551,#1552,#1553,#1554,#1555,#1556,#1557,#1558,#1559
      ,#1560,#1561,#1562,#1563,#1564,#1565,#1566,#1567,#1568,#1569,#1570
      ,#1571,#1572,#1573,#1574,#1575,#1576,#1577,#1578,#1579,#1580,#1581
      ,#1582,#1583,#1584,#1585,#1586,#1587,#1588,#1589,#1590,#1591,#1592
      ,#1593,#1594,#1595,#1596,#1597,#1598,#1599,#1600,#1601,#1602,#1603
      ,#1604,#1605,#1606,#1607,#1608,#1609,#1610,#1611,#1612,#1613,#1614
      ,#1615,#1616,#1617,#1618,#1619,#1620,#1621,#1622,#1623,#1624,#1625
      ,#1626,#1627,#1628,#1629,#1630,#1631,#1632,#1633,#1634,#1635,#1636
      ,#1637,#1638,#1639,#1640,#1641,#1642,#1643,#1644,#1645,#1646,#1647
      ,#1648,#1649,#1650,#1651,#1652,#1653,#1654,#1655,#1656,#1657,#1658
      ,#1659,#1660,#1661,#1662,#1663,#1664,#1665,#1666,#1667,#1668,#1669
      ,#1670,#1671,#1672,#1673,#1674,#1675,#1676,#1677,#1678,#1679,#1680
      ,#1681,#1682,#1683,#1684,#1685,#1686,#1687,#1688,#1689,#1690,#1691
      ,#1692,#1693,#1694,#1695,#1696,#1697,#1698,#1699,#1700,#1701,#1702
      ,#1703,#1704,#1705,#1706,#1707,#1708,#1709,#1710,#1711,#1712,#1713
      ,#1714,#1715,#1716,#1717,#1718,#1719,#1720,#1721,#1722,#1723,#1724
      ,#1725,#1726,#1727,#1728,#1729,#1730,#1731,#1732,#1733,#1734,#1735
      ,#1736,#1737,#1738,#1739,#1740)
    ,(#1741,#1742,#1743,#1744,#1745,#1746,#1747,#1748,#1749,#1750,#1751
      ,#1752,#1753,#1754,#1755,#1756,#1757,#1758,#1759,#1760,#1761,#1762
      ,#1763,#1764,#1765,#1766,#1767,#1768,#1769,#1770,#1771,#1772,#1773
      ,#1774,#1775,#1776,#1777,#1778,#1779,#1780,#1781,#1782,#1783,#1784
      ,#1785,#1786,#1787,#1788,#1789,#1790,#1791,#1792,#1793,#1794,#1795
      ,#1796,#1797,#1798,#1799,#1800,#1801,#1802,#1803,#1804,#1805,#1806
      ,#1807,#1808,#1809,#1810,#1811,#1812,#1813,#1814,#1815,#1816,#1817
      ,#1818,#1819,#1820,#1821,#1822,#1823,#1824,#1825,#1826,#1827,#1828
      ,#1829,#1830,#1831,#1832,#1833,#1834,#1835,#1836,#1837,#1838,#1839
      ,#1840,#1841,#1842,#1843,#1844,#1845,#1846,#1847,#1848,#1849,#1850
      ,#1851,#1852,#1853,#1854,#1855,#1856,#1857,#1858,#1859,#1860,#1861
      ,#1862,#1863,#1864,#1865,#1866,#1867,#1868,#1869,#1870,#1871,#1872
      ,#1873,#1874,#1875,#1876,#1877,#1878,#1879,#1880,#1881,#1882,#1883
      ,#1884,#1885,#1886,#1887,#1888,#1889,#1890,#1891,#1892,#1893,#1894
      ,#1895,#1896,#1897,#1898,#1899,#1900,#1901,#1902,#1903,#1904,#1905
      ,#1906,#1907,#1908,#1909,#1910,#1911,#1912,#1913,#1914,#1915,#1916
      ,#1917,#1918,#1919,#1920,#1921,#1922,#1923,#1924,#1925,#1926,#1927
      ,#1928,#1929,#1930,#1931,#1932,#1933,#1934,#1935,#1936,#1937,#1938
      ,#1939,#1940,#1941,#1942,#1943,#1944,#1945,#1946,#1947,#1948,#1949
      ,#1950,#1951,#1952,#1953,#1954,#1955,#1956,#1957,#1958,#1959,#1960
      ,#1961,#1962,#1963,#1964,#1965,#1966,#1967,#1968,#1969,#1970,#1971
      ,#1972,#1973,#1974,#1975,#1976,#1977,#1978,#1979,#1980,#1981,#1982
      ,#1983,#1984,#1985,#1986,#1987,#1988,#1989,#1990,#1991,#1992,#1993
      ,#1994,#1995,#1996,#1997,#1998
    )),.UNSPECIFIED.,.F.,.F.,.F.,(2,2),(10,8,8,8,8,8,8,8,8,8,8,8,8,8,8,8
    ,8,8,8,8,8,8,8,8,8,8,8,8,8,8,8,8,10),(0.,0.728868986856),(0.,
    4.67661255519,9.35322511038,14.02983766557,18.706450220761,
    23.383062775951,28.059675331141,32.736287886331,37.412900441521,
    42.089512996711,46.766125551901,51.442738107092,56.119350662282,
    60.795963217472,65.472575772662,70.149188327852,74.825800883042,
    79.502413438232,84.179025993423,88.855638548613,93.532251103803,
    98.208863658993,102.88547621418,107.56208876937,112.23870132456,
    116.91531387975,121.59192643494,126.26853899013,130.94515154532,
    135.62176410051,140.2983766557,144.97498921089,149.65160176608),
  .UNSPECIFIED.);
#1483 = CARTESIAN_POINT('',(3.34525,-4.440892098501E-16,-0.275));
#1484 = CARTESIAN_POINT('',(3.345251175124,1.704861295135,
    -0.173612306302));
#1485 = CARTESIAN_POINT('',(2.367511073225,3.410136496423,
    -7.22185544947E-02));
#1486 = CARTESIAN_POINT('',(0.41423571174,4.471710859516,
    2.915832054053E-02));
#1487 = CARTESIAN_POINT('',(-2.033371103425,4.264888192647,
    0.130567252904));
#1488 = CARTESIAN_POINT('',(-3.976402846895,2.55185808956,0.231932582627
    ));
#1489 = CARTESIAN_POINT('',(-4.488369431699,0.149495165754,
    0.333341164205));
#1490 = CARTESIAN_POINT('',(-3.679974546119,-1.921445103839,
    0.434718580725));
#1491 = CARTESIAN_POINT('',(-2.110688832221,-3.105195257356,
    0.536111810308));
#1492 = CARTESIAN_POINT('',(1.272146819827,-3.532548411819,
    0.738887930469));
#1493 = CARTESIAN_POINT('',(3.086518716059,-2.776246313858,
    0.840281107962));
#1494 = CARTESIAN_POINT('',(4.38453260211,-0.971422936347,0.941658704016
    ));
#1495 = CARTESIAN_POINT('',(4.486107233034,1.482804787295,1.04306690432)
  );
#1496 = CARTESIAN_POINT('',(3.030111365858,3.62521534817,1.144432833229)
  );
#1497 = CARTESIAN_POINT('',(0.71085819901,4.434240447598,1.245841026636)
  );
#1498 = CARTESIAN_POINT('',(-1.445070823305,3.891777828419,
    1.347218633333));
#1499 = CARTESIAN_POINT('',(-2.816170409382,2.483229573026,
    1.448611800564));
#1500 = CARTESIAN_POINT('',(-3.664135486731,-0.81936984234,
    1.651387935121));
#1501 = CARTESIAN_POINT('',(-3.14119815393,-2.714224673045,
    1.752781101328));
#1502 = CARTESIAN_POINT('',(-1.513290624645,-4.228207667627,
    1.854158711556));
#1503 = CARTESIAN_POINT('',(0.908854102666,-4.636577663159,
    1.955566897464));
#1504 = CARTESIAN_POINT('',(3.216855787066,-3.460577989716,2.05693283816
    ));
#1505 = CARTESIAN_POINT('',(4.310180980396,-1.261010566189,
    2.158341023928));
#1506 = CARTESIAN_POINT('',(4.042205396893,0.945906909725,2.259718634369
    ));
#1507 = CARTESIAN_POINT('',(2.816608309803,2.482732872293,2.361111800372
    ));
#1508 = CARTESIAN_POINT('',(-0.353670917624,3.737936955911,
    2.563887935212));
#1509 = CARTESIAN_POINT('',(-2.299125678912,3.456611423016,
    2.665281101202));
#1510 = CARTESIAN_POINT('',(-4.005201379935,2.031292815389,
    2.766658711695));
#1511 = CARTESIAN_POINT('',(-4.713926486955,-0.320570245549,
    2.868066897341));
#1512 = CARTESIAN_POINT('',(-3.836469236323,-2.757764488803,
    2.969432838245));
#1513 = CARTESIAN_POINT('',(-1.791276040764,-4.118147384213,
    3.070841023883));
#1514 = CARTESIAN_POINT('',(0.431825478096,-4.128884971616,
    3.172218634386));
#1515 = CARTESIAN_POINT('',(2.110141154886,-3.105567450965,3.27361180037
    ));
#1516 = CARTESIAN_POINT('',(3.75278892627,-0.117605608739,3.476387935214
    ));
#1517 = CARTESIAN_POINT('',(3.717511865213,1.847768099392,3.577781101199
    ));
#1518 = CARTESIAN_POINT('',(2.517260304846,3.719030673896,3.679158711698
    ));
#1519 = CARTESIAN_POINT('',(0.272769195981,4.716933874076,3.780566897338
    ));
#1520 = CARTESIAN_POINT('',(-2.255181597246,4.151857071294,
    3.881932838248));
#1521 = CARTESIAN_POINT('',(-3.861168143662,2.293292022108,
    3.983341023881));
#1522 = CARTESIAN_POINT('',(-4.150449563882,8.906609928838E-02,
    4.084718634387));
#1523 = CARTESIAN_POINT('',(-3.345549938245,-1.70427125093,
    4.186111800369));
#1524 = CARTESIAN_POINT('',(-0.587027424401,-3.708457173454,
    4.388887935214));
#1525 = CARTESIAN_POINT('',(1.367270113145,-3.919784924564,
    4.490281101198));
#1526 = CARTESIAN_POINT('',(3.374208632485,-2.963529095556,4.5916587117)
  );
#1527 = CARTESIAN_POINT('',(4.645552396246,-0.861806904346,
    4.693066897335));
#1528 = CARTESIAN_POINT('',(4.401767640048,1.71703314472,4.794432838251)
  );
#1529 = CARTESIAN_POINT('',(2.759141418318,3.543295974936,4.895841023879
    ));
#1530 = CARTESIAN_POINT('',(0.608553051081,4.106559087167,4.997218634388
    ));
#1531 = CARTESIAN_POINT('',(-1.271523971264,3.532771104465,
    5.098611800369));
#1532 = CARTESIAN_POINT('',(-3.605640835687,1.047191466906,
    5.301387935215));
#1533 = CARTESIAN_POINT('',(-4.060240634088,-0.865209460444,
    5.402781101194));
#1534 = CARTESIAN_POINT('',(-3.363061262104,-2.976173305289,
    5.504158711709));
#1535 = CARTESIAN_POINT('',(-1.437253403009,-4.500907782005,
    5.605566897324));
#1536 = CARTESIAN_POINT('',(1.151806053792,-4.582259703635,
    5.706932838261));
#1537 = CARTESIAN_POINT('',(3.169543912027,-3.181477506129,
    5.808341023872));
#1538 = CARTESIAN_POINT('',(3.997905720505,-1.118442757727,
    5.909718634391));
#1539 = CARTESIAN_POINT('',(3.664278359992,0.818723999,6.011111800368));
#1540 = CARTESIAN_POINT('',(1.490840674416,3.445961388036,6.213887935216
    ));
#1541 = CARTESIAN_POINT('',(-0.349503937701,4.136663923342,6.31528110119
    ));
#1542 = CARTESIAN_POINT('',(-2.531201947188,3.709555943553,
    6.416658711715));
#1543 = CARTESIAN_POINT('',(-4.285281163329,1.990033556933,
    6.518066897316));
#1544 = CARTESIAN_POINT('',(-4.690486794385,-0.568414293341,
    6.619432838268));
#1545 = CARTESIAN_POINT('',(-3.553639793145,-2.745806248229,
    6.720841023868));
#1546 = CARTESIAN_POINT('',(-1.610693953957,-3.8262029924,6.822218634392
    ));
#1547 = CARTESIAN_POINT('',(0.35301226019,-3.737997756848,6.923611800368
    ));
#1548 = CARTESIAN_POINT('',(3.23193707078,-1.910978433907,7.126387935214
    ));
#1549 = CARTESIAN_POINT('',(4.147849551399,-0.171713470914,
    7.227781101199));
#1550 = CARTESIAN_POINT('',(3.997548711793,2.046312022293,7.329158711699
    ));
#1551 = CARTESIAN_POINT('',(2.511429692879,4.002073100833,7.430566897338
    ));
#1552 = CARTESIAN_POINT('',(2.394170006214E-02,4.724742106401,
    7.531932838246));
#1553 = CARTESIAN_POINT('',(-2.278765579624,3.869759057799,
    7.633341023882));
#1554 = CARTESIAN_POINT('',(-3.594158757445,2.077543544345,
    7.734718634386));
#1555 = CARTESIAN_POINT('',(-3.752766696106,0.118266692844,
    7.836111800369));
#1556 = CARTESIAN_POINT('',(-2.300978921931,-2.96694317525,
    8.038887935215));
#1557 = CARTESIAN_POINT('',(-0.690222855527,-4.093621114227,
    8.140281101195));
#1558 = CARTESIAN_POINT('',(1.529150534424,-4.222497748827,
    8.241658711708));
#1559 = CARTESIAN_POINT('',(3.65574995478,-2.993219082307,8.343066897325
    ));
#1560 = CARTESIAN_POINT('',(4.684485413007,-0.615920118565,
    8.444432838261));
#1561 = CARTESIAN_POINT('',(4.124849910408,1.775787416572,8.545841023872
    ));
#1562 = CARTESIAN_POINT('',(2.511629031983,3.305432491832,8.647218634391
    ));
#1563 = CARTESIAN_POINT('',(0.587680509481,3.708352262774,8.748611800368
    ));
#1564 = CARTESIAN_POINT('',(-2.655158813482,2.654691597818,
    8.951387935215));
#1565 = CARTESIAN_POINT('',(-3.974833826673,1.197847013384,
    9.052781101194));
#1566 = CARTESIAN_POINT('',(-4.380855473965,-0.987873429143,
    9.154158711707));
#1567 = CARTESIAN_POINT('',(-3.427803618747,-3.251773448119,
    9.255566897327));
#1568 = CARTESIAN_POINT('',(-1.19818510886,-4.570351586256,
    9.356932838257));
#1569 = CARTESIAN_POINT('',(1.244804025149,-4.314889415876,
    9.458341023876));
#1570 = CARTESIAN_POINT('',(2.964577581259,-2.906104629408,
    9.559718634388));
#1571 = CARTESIAN_POINT('',(3.605454898994,-1.047826253422,
    9.661111800369));
#1572 = CARTESIAN_POINT('',(2.966538201373,2.301501011109,9.863887935213
    ));
#1573 = CARTESIAN_POINT('',(1.686580408275,3.793361035224,9.965281101204
    ));
#1574 = CARTESIAN_POINT('',(-0.431016969748,4.470124491273,
    10.066658711688));
#1575 = CARTESIAN_POINT('',(-2.796514531678,3.808329644463,
    10.168066897353));
#1576 = CARTESIAN_POINT('',(-4.384140584785,1.76155400421,
    10.269432838232));
#1577 = CARTESIAN_POINT('',(-4.43688053767,-0.694189330629,
    10.370841023893));
#1578 = CARTESIAN_POINT('',(-3.254749220802,-2.576969511281,
    10.472218634381));
#1579 = CARTESIAN_POINT('',(-1.491447151404,-3.445697357661,
    10.573611800371));
#1580 = CARTESIAN_POINT('',(1.911547162942,-3.231600725369,
    10.776387935211));
#1581 = CARTESIAN_POINT('',(3.552064674204,-2.148715422615,
    10.87778110121));
#1582 = CARTESIAN_POINT('',(4.488896975036,-0.132636884732,
    10.979158711676));
#1583 = CARTESIAN_POINT('',(4.128796036693,2.297152910507,
    11.080566897367));
#1584 = CARTESIAN_POINT('',(2.297142140622,4.128789067343,
    11.181932838219));
#1585 = CARTESIAN_POINT('',(-0.132626855684,4.488899402915,11.2833410239
    ));
#1586 = CARTESIAN_POINT('',(-2.148721092698,3.552064472695,
    11.384718634378));
#1587 = CARTESIAN_POINT('',(-3.231599110641,1.911547036861,
    11.486111800371));
#1588 = CARTESIAN_POINT('',(-3.445698975456,-1.491447074111,
    11.688887935214));
#1589 = CARTESIAN_POINT('',(-2.576963911177,-3.254750131367,
    11.790281101195));
#1590 = CARTESIAN_POINT('',(-0.694198976275,-4.43687687198,
    11.891658711708));
#1591 = CARTESIAN_POINT('',(1.76156381565,-4.384148848973,
    11.993066897324));
#1592 = CARTESIAN_POINT('',(3.808324079914,-2.796502973264,
    12.094432838261));
#1593 = CARTESIAN_POINT('',(4.470125643026,-0.431027223978,
    12.195841023872));
#1594 = CARTESIAN_POINT('',(3.793361545954,1.686586058889,12.29721863439
    ));
#1595 = CARTESIAN_POINT('',(2.301500683645,2.966536615183,
    12.398611800369));
#1596 = CARTESIAN_POINT('',(-1.047825973975,3.605456494345,
    12.601387935212));
#1597 = CARTESIAN_POINT('',(-2.906106234674,2.964572139434,
    12.702781101207));
#1598 = CARTESIAN_POINT('',(-4.314884570163,1.244813135309,
    12.804158711681));
#1599 = CARTESIAN_POINT('',(-4.570361014991,-1.198193807161,
    12.905566897363));
#1600 = CARTESIAN_POINT('',(-3.251761283409,-3.427799546727,
    13.006932838221));
#1601 = CARTESIAN_POINT('',(-0.987883746879,-4.38085533144,
    13.108341023902));
#1602 = CARTESIAN_POINT('',(1.197852555436,-3.974835041587,
    13.209718634375));
#1603 = CARTESIAN_POINT('',(2.654690065175,-2.655158289796,
    13.311111800374));
#1604 = CARTESIAN_POINT('',(3.708353810524,0.587680032287,
    13.513887935207));
#1605 = CARTESIAN_POINT('',(3.305427294104,2.511631306639,
    13.615281101224));
#1606 = CARTESIAN_POINT('',(1.775795847578,4.124843961085,
    13.716658711651));
#1607 = CARTESIAN_POINT('',(-0.615927566555,4.6844958576,13.8180668974)
  );
#1608 = CARTESIAN_POINT('',(-2.993216567034,3.655737375613,
    13.919432838189));
#1609 = CARTESIAN_POINT('',(-4.222496314271,1.52916075295,14.02084102392
    ));
#1610 = CARTESIAN_POINT('',(-4.093623014166,-0.690228201613,
    14.12221863437));
#1611 = CARTESIAN_POINT('',(-2.966942463603,-2.300977467009,
    14.223611800373));
#1612 = CARTESIAN_POINT('',(0.118266025429,-3.752768171839,
    14.426387935213));
#1613 = CARTESIAN_POINT('',(2.077546452501,-3.594153885804,
    14.527781101196));
#1614 = CARTESIAN_POINT('',(3.869752098733,-2.278773198484,
    14.629158711707));
#1615 = CARTESIAN_POINT('',(4.724753402071,2.394778025208E-02,
    14.730566897327));
#1616 = CARTESIAN_POINT('',(4.002060305654,2.511428774033,
    14.831932838258));
#1617 = CARTESIAN_POINT('',(2.046321980416,3.997546007829,
    14.933341023875));
#1618 = CARTESIAN_POINT('',(-0.171718536706,4.147852106394,
    15.034718634389));
#1619 = CARTESIAN_POINT('',(-1.910977079653,3.231936182396,
    15.136111800369));
#1620 = CARTESIAN_POINT('',(-3.737999137295,0.3530131073,15.338887935212
    ));
#1621 = CARTESIAN_POINT('',(-3.82619852366,-1.610697449761,
    15.440281101205));
#1622 = CARTESIAN_POINT('',(-2.745812934811,-3.553631934053,
    15.541658711686));
#1623 = CARTESIAN_POINT('',(-0.568409676818,-4.69049876304,
    15.643066897355));
#1624 = CARTESIAN_POINT('',(1.990034248995,-4.285268353878,
    15.74443283823));
#1625 = CARTESIAN_POINT('',(3.709552012826,-2.531211487894,
    15.845841023894));
#1626 = CARTESIAN_POINT('',(4.136667093103,-0.349499232079,
    15.94721863438));
#1627 = CARTESIAN_POINT('',(3.445960336924,1.490839442184,
    16.048611800372));
#1628 = CARTESIAN_POINT('',(0.818725012448,3.664279623384,
    16.251387935211));
#1629 = CARTESIAN_POINT('',(-1.11844678605,3.997901725142,
    16.352781101209));
#1630 = CARTESIAN_POINT('',(-3.181468870949,3.169549560878,
    16.454158711681));
#1631 = CARTESIAN_POINT('',(-4.582272156528,1.151802973742,
    16.555566897358));
#1632 = CARTESIAN_POINT('',(-4.500895160288,-1.437255695066,
    16.656932838231));
#1633 = CARTESIAN_POINT('',(-2.976182278117,-3.363056166603,
    16.758341023891));
#1634 = CARTESIAN_POINT('',(-0.865205189202,-4.060244368626,
    16.859718634383));
#1635 = CARTESIAN_POINT('',(1.047190376131,-3.605639638424,
    16.96111180037));
#1636 = CARTESIAN_POINT('',(3.532772230875,-1.271525135064,
    17.163887935214));
#1637 = CARTESIAN_POINT('',(4.106555628192,0.608557548384,
    17.265281101198));
#1638 = CARTESIAN_POINT('',(3.54330049697,2.759132143256,17.366658711701
    ));
#1639 = CARTESIAN_POINT('',(1.717031649714,4.401780380761,
    17.468066897335));
#1640 = CARTESIAN_POINT('',(-0.861810760243,4.645540161342,
    17.569432838249));
#1641 = CARTESIAN_POINT('',(-2.963522915645,3.374216895917,
    17.670841023881));
#1642 = CARTESIAN_POINT('',(-3.919789164982,1.367266343647,
    17.772218634386));
#1643 = CARTESIAN_POINT('',(-3.70845584892,-0.587026492283,
    17.87361180037));
#1644 = CARTESIAN_POINT('',(-1.704272546731,-3.345550909912,
    18.076387935211));
#1645 = CARTESIAN_POINT('',(8.907099466461E-02,-4.150446695841,
    18.177781101209));
#1646 = CARTESIAN_POINT('',(2.293282253396,-3.861171467567,
    18.279158711678));
#1647 = CARTESIAN_POINT('',(4.151869898951,-2.255181710867,
    18.380566897367));
#1648 = CARTESIAN_POINT('',(4.716922218886,0.272774554923,
    18.481932838217));
#1649 = CARTESIAN_POINT('',(3.719038097643,2.517253137972,
    18.583341023904));
#1650 = CARTESIAN_POINT('',(1.847764891073,3.717516544646,
    18.684718634374));
#1651 = CARTESIAN_POINT('',(-0.117604849977,3.752787495352,
    18.786111800374));
#1652 = CARTESIAN_POINT('',(-3.105568252565,2.110142562256,
    18.988887935207));
#1653 = CARTESIAN_POINT('',(-4.12888273974,0.431820261843,
    19.090281101227));
#1654 = CARTESIAN_POINT('',(-4.118149457565,-1.79126593245,
    19.191658711639));
#1655 = CARTESIAN_POINT('',(-2.757766209267,-3.836481948638,
    19.293066897422));
#1656 = CARTESIAN_POINT('',(-0.320563468065,-4.713915595278,
    19.394432838163));
#1657 = CARTESIAN_POINT('',(2.031284774568,-4.005207846926,
    19.495841023943));
#1658 = CARTESIAN_POINT('',(3.456616467668,-2.299123082367,
    19.597218634357));
#1659 = CARTESIAN_POINT('',(3.737935441177,-0.353671491064,
    19.698611800377));
#1660 = CARTESIAN_POINT('',(2.482734369029,2.816608928695,
    19.901387935209));
#1661 = CARTESIAN_POINT('',(0.945901454897,4.042203836368,
    20.002781101208));
#1662 = CARTESIAN_POINT('',(-1.261000277768,4.310181770548,
    20.104158711683));
#1663 = CARTESIAN_POINT('',(-3.460590386098,3.216859087123,
    20.205566897356));
#1664 = CARTESIAN_POINT('',(-4.636567706862,0.908846013703,
    20.30693283823));
#1665 = CARTESIAN_POINT('',(-4.228213075814,-1.513281836879,
    20.408341023895));
#1666 = CARTESIAN_POINT('',(-2.714222729242,-3.141203484088,
    20.509718634378));
#1667 = CARTESIAN_POINT('',(-0.819370221418,-3.664133912164,
    20.611111800374));
#1668 = CARTESIAN_POINT('',(2.483229999461,-2.816171971696,
    20.813887935204));
#1669 = CARTESIAN_POINT('',(3.891776963796,-1.445065216914,
    20.915281101236));
#1670 = CARTESIAN_POINT('',(4.434239942224,0.71084789534,21.016658711626
    ));
#1671 = CARTESIAN_POINT('',(3.625220175553,3.030123246018,
    21.118066897432));
#1672 = CARTESIAN_POINT('',(1.482795514727,4.486098375867,21.21943283816
    ));
#1673 = CARTESIAN_POINT('',(-0.971413540578,4.384536858736,
    21.320841023939));
#1674 = CARTESIAN_POINT('',(-2.77625184513,3.086517462262,
    21.422218634361));
#1675 = CARTESIAN_POINT('',(-3.532546802505,1.272146993912,
    21.523611800375));
#1676 = CARTESIAN_POINT('',(-3.105196860061,-2.110689049724,
    21.726387935211));
#1677 = CARTESIAN_POINT('',(-1.921439437266,-3.679974443669,
    21.827781101202));
#1678 = CARTESIAN_POINT('',(0.149485017053,-4.488367501149,
    21.929158711698));
#1679 = CARTESIAN_POINT('',(2.551869252127,-3.976409376152,
    22.030566897331));
#1680 = CARTESIAN_POINT('',(4.264880593711,-2.03336044479,22.13193283826
    ));
#1681 = CARTESIAN_POINT('',(4.471713876152,0.41422547252,22.233341023869
    ));
#1682 = CARTESIAN_POINT('',(3.410135971119,2.367517056082,
    22.334718634394));
#1683 = CARTESIAN_POINT('',(1.704861248368,3.345249319537,
    22.436111800367));
#1684 = CARTESIAN_POINT('',(-1.70486127281,3.345250938988,
    22.638887935216));
#1685 = CARTESIAN_POINT('',(-3.410136528251,2.367511409867,
    22.740281101191));
#1686 = CARTESIAN_POINT('',(-4.471710823359,0.414235329282,
    22.841658711717));
#1687 = CARTESIAN_POINT('',(-4.26488822551,-2.03337075576,
    22.943066897309));
#1688 = CARTESIAN_POINT('',(-2.551858065941,-3.97640309684,
    23.044432838279));
#1689 = CARTESIAN_POINT('',(-0.149495178714,-4.48836929449,
    23.145841023857));
#1690 = CARTESIAN_POINT('',(1.921445108792,-3.679974598589,
    23.247218634399));
#1691 = CARTESIAN_POINT('',(3.10519525644,-2.110688822503,
    23.348611800366));
#1692 = CARTESIAN_POINT('',(3.532548412256,1.272146815189,
    23.551387935216));
#1693 = CARTESIAN_POINT('',(2.77624631324,3.086518722669,23.652781101191
    ));
#1694 = CARTESIAN_POINT('',(0.971422937042,4.384532594605,
    23.754158711716));
#1695 = CARTESIAN_POINT('',(-1.482804787921,4.486107239848,
    23.855566897309));
#1696 = CARTESIAN_POINT('',(-3.625215347724,3.030111360968,
    23.95693283828));
#1697 = CARTESIAN_POINT('',(-4.434240447842,0.710858201687,
    24.058341023854));
#1698 = CARTESIAN_POINT('',(-3.891777828325,-1.445070824325,
    24.159718634403));
#1699 = CARTESIAN_POINT('',(-2.483229573044,-2.816170409196,
    24.261111800363));
#1700 = CARTESIAN_POINT('',(0.81936984235,-3.664135486815,
    24.463887935224));
#1701 = CARTESIAN_POINT('',(2.714224673022,-3.141198153822,
    24.565281101162));
#1702 = CARTESIAN_POINT('',(4.228207667671,-1.513290624757,
    24.666658711771));
#1703 = CARTESIAN_POINT('',(4.636577663098,0.908854102766,
    24.768066897242));
#1704 = CARTESIAN_POINT('',(3.460577989776,3.216855786988,
    24.869432838335));
#1705 = CARTESIAN_POINT('',(1.261010566148,4.310180980445,
    24.970841023825));
#1706 = CARTESIAN_POINT('',(-0.945906909708,4.04220539687,
    25.072218634409));
#1707 = CARTESIAN_POINT('',(-2.482732872295,2.816608309808,
    25.173611800367));
#1708 = CARTESIAN_POINT('',(-3.737936955915,-0.353670917625,
    25.376387935208));
#1709 = CARTESIAN_POINT('',(-3.456611422999,-2.299125678918,
    25.477781101229));
#1710 = CARTESIAN_POINT('',(-2.031292815415,-4.005201379912,
    25.579158711637));
#1711 = CARTESIAN_POINT('',(0.320570245572,-4.713926486995,
    25.680566897421));
#1712 = CARTESIAN_POINT('',(2.757764488793,-3.836469236279,
    25.781932838167));
#1713 = CARTESIAN_POINT('',(4.11814738421,-1.791276040799,
    25.883341023937));
#1714 = CARTESIAN_POINT('',(4.128884971621,0.431825478114,25.98471863436
    ));
#1715 = CARTESIAN_POINT('',(3.105567450964,2.11014115488,26.086111800377
    ));
#1716 = CARTESIAN_POINT('',(0.117605608739,3.752788926277,
    26.288887935204));
#1717 = CARTESIAN_POINT('',(-1.847768099388,3.717511865189,
    26.390281101236));
#1718 = CARTESIAN_POINT('',(-3.719030673911,2.517260304899,
    26.491658711613));
#1719 = CARTESIAN_POINT('',(-4.716933874042,0.272769195896,
    26.593066897477));
#1720 = CARTESIAN_POINT('',(-4.151857071351,-2.255181597139,
    26.694432838071));
#1721 = CARTESIAN_POINT('',(-2.293292022034,-3.861168143772,
    26.795841024059));
#1722 = CARTESIAN_POINT('',(-8.906609936149E-02,-4.150449563787,
    26.897218634241));
#1723 = CARTESIAN_POINT('',(1.704271250986,-3.345549938312,
    26.998611800466));
#1724 = CARTESIAN_POINT('',(3.708457173333,-0.587027424259,
    27.201387935017));
#1725 = CARTESIAN_POINT('',(3.919784925223,1.367270112378,
    27.302781102256));
#1726 = CARTESIAN_POINT('',(2.963529093829,3.374208634493,
    27.404158708938));
#1727 = CARTESIAN_POINT('',(0.861806907495,4.645552392584,
    27.505566902362));
#1728 = CARTESIAN_POINT('',(-1.717033149101,4.401767645147,
    27.60693283126));
#1729 = CARTESIAN_POINT('',(-3.543295970118,2.759141412707,
    27.708341031568));
#1730 = CARTESIAN_POINT('',(-4.106559091407,0.608553056021,
    27.80971862762));
#1731 = CARTESIAN_POINT('',(-3.53277110149,-1.271523974729,
    27.911111805116));
#1732 = CARTESIAN_POINT('',(-1.047191473137,-3.605640828429,
    28.11388792527));
#1733 = CARTESIAN_POINT('',(0.865209494084,-4.060240673281,
    28.21528115488));
#1734 = CARTESIAN_POINT('',(2.976173217326,-3.363061159605,
    28.316658571335));
#1735 = CARTESIAN_POINT('',(4.500907942231,-1.437253589742,
    28.418067153015));
#1736 = CARTESIAN_POINT('',(4.582259480775,1.151806313548,
    28.519432482624));
#1737 = CARTESIAN_POINT('',(3.181477751283,3.169543626264,
    28.620841415081));
#1738 = CARTESIAN_POINT('',(1.118442541947,3.997905972038,
    28.722218290058));
#1739 = CARTESIAN_POINT('',(-0.818723847645,3.664278183556,
    28.823612041894));
#1740 = CARTESIAN_POINT('',(-2.13234277637,2.577559613785,
    28.924999735581));
#1741 = CARTESIAN_POINT('',(4.02025,-1.7763568394E-15,0.));
#1742 = CARTESIAN_POINT('',(4.020250001126,2.04886343726,0.101390539391)
  );
#1743 = CARTESIAN_POINT('',(2.845228747795,4.098237263828,0.20277271282)
  );
#1744 = CARTESIAN_POINT('',(0.497808836907,5.373992920533,0.304178192272
    ));
#1745 = CARTESIAN_POINT('',(-2.443643886954,5.125462578867,
    0.405539402068));
#1746 = CARTESIAN_POINT('',(-4.778776945773,3.066765828379,
    0.506960825058));
#1747 = CARTESIAN_POINT('',(-5.39400939996,0.179656481401,0.608322519266
    ));
#1748 = CARTESIAN_POINT('',(-4.422523143859,-2.309147922771,
    0.70972725096));
#1749 = CARTESIAN_POINT('',(-2.536578506409,-3.731758436227,
    0.811110145553));
#1750 = CARTESIAN_POINT('',(1.528836622482,-4.245339814,1.013890212421)
  );
#1751 = CARTESIAN_POINT('',(3.709319694397,-3.336438590066,
    1.115273178952));
#1752 = CARTESIAN_POINT('',(5.26922541877,-1.167423383846,1.216677662708
    ));
#1753 = CARTESIAN_POINT('',(5.391316539407,1.781984234161,1.318039883449
    ));
#1754 = CARTESIAN_POINT('',(3.641523049723,4.356727178842,1.419460478986
    ));
#1755 = CARTESIAN_POINT('',(0.854288466036,5.328959100006,1.520822709244
    ));
#1756 = CARTESIAN_POINT('',(-1.736650471611,4.677063202709,1.62222717831
    ));
#1757 = CARTESIAN_POINT('',(-3.384414820669,2.984290179154,
    1.723610159009));
#1758 = CARTESIAN_POINT('',(-4.403478078683,-0.984699122706,
    1.926390205997));
#1759 = CARTESIAN_POINT('',(-3.775030807358,-3.261903963458,
    2.027773188111));
#1760 = CARTESIAN_POINT('',(-1.818626961319,-5.081359055034,
    2.129177652301));
#1761 = CARTESIAN_POINT('',(1.092221620654,-5.572146244259,
    2.230539892911));
#1762 = CARTESIAN_POINT('',(3.865969225195,-4.158851258,2.331960472182)
  );
#1763 = CARTESIAN_POINT('',(5.179867929773,-1.515447821791,
    2.433322712979));
#1764 = CARTESIAN_POINT('',(4.85784318164,1.136765009126,2.534727176881)
  );
#1765 = CARTESIAN_POINT('',(3.38493781291,2.983696960889,2.636110159273)
  );
#1766 = CARTESIAN_POINT('',(-0.425032329471,4.492170863912,
    2.838890205871));
#1767 = CARTESIAN_POINT('',(-2.763046058543,4.154088533215,
    2.940273188288));
#1768 = CARTESIAN_POINT('',(-4.813356623434,2.441149705796,
    3.041677652103));
#1769 = CARTESIAN_POINT('',(-5.665099874303,-0.385234020254,
    3.14303989309));
#1770 = CARTESIAN_POINT('',(-4.610591897484,-3.314242627071,
    3.244460472056));
#1771 = CARTESIAN_POINT('',(-2.152707660155,-4.949087148188,
    3.345822713047));
#1772 = CARTESIAN_POINT('',(0.518952083393,-4.962012071583,
    3.447227176856));
#1773 = CARTESIAN_POINT('',(2.535924417659,-3.732202955307,
    3.548610159278));
#1774 = CARTESIAN_POINT('',(4.510019431125,-0.141337477496,
    3.751390205869));
#1775 = CARTESIAN_POINT('',(4.467633801368,2.220613266709,3.852773188293
    ));
#1776 = CARTESIAN_POINT('',(3.025174061143,4.469444682536,3.954177652097
    ));
#1777 = CARTESIAN_POINT('',(0.32782895077,5.668711495148,4.055539893096)
  );
#1778 = CARTESIAN_POINT('',(-2.710248442883,4.989620748524,
    4.156960472051));
#1779 = CARTESIAN_POINT('',(-4.640256305839,2.756018012746,4.25832271305
    ));
#1780 = CARTESIAN_POINT('',(-4.987927066994,0.107045026705,
    4.359727176854));
#1781 = CARTESIAN_POINT('',(-4.020609027589,-2.048158831475,
    4.461110159278));
#1782 = CARTESIAN_POINT('',(-0.705478308011,-4.456742297755,
    4.663890205868));
#1783 = CARTESIAN_POINT('',(1.643160077129,-4.710721815639,
    4.765273188294));
#1784 = CARTESIAN_POINT('',(4.055046929078,-3.561489614395,
    4.866677652095));
#1785 = CARTESIAN_POINT('',(5.58292414939,-1.035721863405,4.968039893098
    ));
#1786 = CARTESIAN_POINT('',(5.289960299703,2.063512021726,5.069460472049
    ));
#1787 = CARTESIAN_POINT('',(3.315864314911,4.258245849592,5.170822713052
    ));
#1788 = CARTESIAN_POINT('',(0.731353972786,4.935179472915,5.272227176853
    ));
#1789 = CARTESIAN_POINT('',(-1.528092557007,4.245607693711,
    5.373610159279));
#1790 = CARTESIAN_POINT('',(-4.333179676021,1.258493324176,
    5.576390205868));
#1791 = CARTESIAN_POINT('',(-4.879518932828,-1.039793271557,
    5.677773188295));
#1792 = CARTESIAN_POINT('',(-4.041638348898,-3.576698663182,
    5.779177652093));
#1793 = CARTESIAN_POINT('',(-1.727280823541,-5.409090754719,
    5.880539893101));
#1794 = CARTESIAN_POINT('',(1.384232783302,-5.506874016888,
    5.981960472046));
#1795 = CARTESIAN_POINT('',(3.809080312545,-3.823417456028,
    6.083322713054));
#1796 = CARTESIAN_POINT('',(4.804601150414,-1.344129029826,
    6.184727176852));
#1797 = CARTESIAN_POINT('',(4.4036505903,0.983927350078,6.286110159279)
  );
#1798 = CARTESIAN_POINT('',(1.791661148832,4.141280222279,6.488890205867
    ));
#1799 = CARTESIAN_POINT('',(-0.420028304949,4.971363121563,
    6.590273188297));
#1800 = CARTESIAN_POINT('',(-3.041943722751,4.458048032281,6.69167765209
    ));
#1801 = CARTESIAN_POINT('',(-5.149952767611,2.391599533264,
    6.793039893104));
#1802 = CARTESIAN_POINT('',(-5.63694104118,-0.683123366987,
    6.894460472044));
#1803 = CARTESIAN_POINT('',(-4.270673019864,-3.299843303534,
    6.995822713056));
#1804 = CARTESIAN_POINT('',(-1.935706369123,-4.598251397642,
    7.097227176851));
#1805 = CARTESIAN_POINT('',(0.424245021068,-4.492245286467,
    7.198610159279));
#1806 = CARTESIAN_POINT('',(3.884070305551,-2.296573406885,
    7.401390205869));
#1807 = CARTESIAN_POINT('',(4.984805944124,-0.206360758939,
    7.502773188292));
#1808 = CARTESIAN_POINT('',(4.804151635082,2.45921551264,7.604177652099)
  );
#1809 = CARTESIAN_POINT('',(3.018201289681,4.80959694893,7.705539893092)
  );
#1810 = CARTESIAN_POINT('',(2.875931289917E-02,5.678110137903,
    7.806960472054));
#1811 = CARTESIAN_POINT('',(-2.738565794392,4.650577519003,
    7.908322713048));
#1812 = CARTESIAN_POINT('',(-4.319384473469,2.496756462642,
    8.009727176855));
#1813 = CARTESIAN_POINT('',(-4.509994590928,0.142127905356,
    8.111110159278));
#1814 = CARTESIAN_POINT('',(-2.765267330404,-3.565606279874,
    8.313890205868));
#1815 = CARTESIAN_POINT('',(-0.829495390386,-4.919635399166,
    8.415273188296));
#1816 = CARTESIAN_POINT('',(1.837704004833,-5.074490896741,
    8.516677652091));
#1817 = CARTESIAN_POINT('',(4.393390913245,-3.597204208767,
    8.618039893102));
#1818 = CARTESIAN_POINT('',(5.629732045817,-0.740188441246,
    8.719460472045));
#1819 = CARTESIAN_POINT('',(4.957139632544,2.134099466736,8.820822713055
    ));
#1820 = CARTESIAN_POINT('',(3.018431215257,3.972398275872,8.922227176851
    ));
#1821 = CARTESIAN_POINT('',(0.706259389809,4.456618586551,9.023610159279
    ));
#1822 = CARTESIAN_POINT('',(-3.190910513173,3.190351336232,
    9.226390205868));
#1823 = CARTESIAN_POINT('',(-4.776879265116,1.43954838401,9.327773188293
    ));
#1824 = CARTESIAN_POINT('',(-5.264802405605,-1.18721080708,
    9.429177652098));
#1825 = CARTESIAN_POINT('',(-4.119477068615,-3.907898478375,
    9.530539893093));
#1826 = CARTESIAN_POINT('',(-1.439944355709,-5.492569716329,
    9.631960472053));
#1827 = CARTESIAN_POINT('',(1.495977115641,-5.185524692829,
    9.733322713049));
#1828 = CARTESIAN_POINT('',(3.562764984469,-3.492503504484,
    9.834727176854));
#1829 = CARTESIAN_POINT('',(4.332959044808,-1.259252741786,
    9.936110159278));
#1830 = CARTESIAN_POINT('',(3.565121595665,2.765892181521,10.13889020587
    ));
#1831 = CARTESIAN_POINT('',(2.026898839672,4.558788891488,10.24027318829
    ));
#1832 = CARTESIAN_POINT('',(-0.517994585691,5.372084835484,
    10.341677652103));
#1833 = CARTESIAN_POINT('',(-3.360776150037,4.576783314245,
    10.443039893088));
#1834 = CARTESIAN_POINT('',(-5.268786281311,2.11699148749,
    10.544460472059));
#1835 = CARTESIAN_POINT('',(-5.332130931026,-0.834262311773,
    10.645822713044));
#1836 = CARTESIAN_POINT('',(-3.911496927124,-3.09694476097,
    10.747227176857));
#1837 = CARTESIAN_POINT('',(-1.792386925784,-4.140966150545,
    10.848610159277));
#1838 = CARTESIAN_POINT('',(2.297254077903,-3.883667757833,
    11.051390205871));
#1839 = CARTESIAN_POINT('',(4.26880369375,-2.582283889822,
    11.152773188287));
#1840 = CARTESIAN_POINT('',(5.394646278387,-0.159390719749,
    11.254177652107));
#1841 = CARTESIAN_POINT('',(4.961910952961,2.760652374183,
    11.355539893083));
#1842 = CARTESIAN_POINT('',(2.760652398895,4.961910939216,
    11.456960472063));
#1843 = CARTESIAN_POINT('',(-0.15939069289,5.394646279181,
    11.558322713041));
#1844 = CARTESIAN_POINT('',(-2.582283868563,4.268803706608,
    11.659727176859));
#1845 = CARTESIAN_POINT('',(-3.883667746394,2.297254097242,
    11.761110159277));
#1846 = CARTESIAN_POINT('',(-4.140966159469,-1.792386905164,
    11.963890205868));
#1847 = CARTESIAN_POINT('',(-3.09694478045,-3.911496911701,
    12.065273188296));
#1848 = CARTESIAN_POINT('',(-0.834262338321,-5.332130926876,
    12.166677652091));
#1849 = CARTESIAN_POINT('',(2.116991461253,-5.268786291846,
    12.268039893102));
#1850 = CARTESIAN_POINT('',(4.576783297509,-3.360776172836,
    12.369460472045));
#1851 = CARTESIAN_POINT('',(5.372084832907,-0.517994612434,
    12.470822713055));
#1852 = CARTESIAN_POINT('',(4.558788901579,2.026898816968,
    12.572227176852));
#1853 = CARTESIAN_POINT('',(2.765892199274,3.565121581893,
    12.673610159278));
#1854 = CARTESIAN_POINT('',(-1.25925272021,4.332959051078,12.87639020587
    ));
#1855 = CARTESIAN_POINT('',(-3.492503486743,3.562765001864,
    12.977773188287));
#1856 = CARTESIAN_POINT('',(-5.18552468538,1.495977141454,
    13.079177652107));
#1857 = CARTESIAN_POINT('',(-5.492569723496,-1.439944328347,
    13.180539893082));
#1858 = CARTESIAN_POINT('',(-3.907898498894,-4.119477049165,
    13.281960472065));
#1859 = CARTESIAN_POINT('',(-1.18721083329,-5.264802399687,
    13.383322713039));
#1860 = CARTESIAN_POINT('',(1.439548360219,-4.776879272286,
    13.484727176861));
#1861 = CARTESIAN_POINT('',(3.190351320344,-3.190910529059,
    13.586110159275));
#1862 = CARTESIAN_POINT('',(4.456618590066,0.706259367617,
    13.788890205873));
#1863 = CARTESIAN_POINT('',(3.972398290907,3.018431195479,
    13.890273188279));
#1864 = CARTESIAN_POINT('',(2.13409949141,4.957139621913,13.991677652118
    ));
#1865 = CARTESIAN_POINT('',(-0.740188413199,5.629732049506,
    14.09303989307));
#1866 = CARTESIAN_POINT('',(-3.597204186902,4.393390931157,
    14.194460472076));
#1867 = CARTESIAN_POINT('',(-5.074490887584,1.8377040301,14.295822713031
    ));
#1868 = CARTESIAN_POINT('',(-4.919635403299,-0.829495365886,
    14.397227176865));
#1869 = CARTESIAN_POINT('',(-3.565606293643,-2.76526731265,
    14.498610159275));
#1870 = CARTESIAN_POINT('',(0.142127882898,-4.509994591635,
    14.701390205869));
#1871 = CARTESIAN_POINT('',(2.496756441132,-4.319384485904,
    14.802773188295));
#1872 = CARTESIAN_POINT('',(4.65057750537,-2.738565817545,
    14.904177652092));
#1873 = CARTESIAN_POINT('',(5.678110138039,2.875928461999E-02,
    15.005539893102));
#1874 = CARTESIAN_POINT('',(4.809596963967,3.018201265734,
    15.106960472045));
#1875 = CARTESIAN_POINT('',(2.459215536556,4.804151622836,
    15.208322713055));
#1876 = CARTESIAN_POINT('',(-0.206360734113,4.984805945151,
    15.309727176852));
#1877 = CARTESIAN_POINT('',(-2.296573387545,3.884070316987,
    15.411110159278));
#1878 = CARTESIAN_POINT('',(-4.492245284353,0.424245043437,
    15.61389020587));
#1879 = CARTESIAN_POINT('',(-4.598251407286,-1.935706346224,
    15.715273188288));
#1880 = CARTESIAN_POINT('',(-3.299843324791,-4.270673003436,
    15.816677652105));
#1881 = CARTESIAN_POINT('',(-0.683123395067,-5.636941037771,
    15.918039893085));
#1882 = CARTESIAN_POINT('',(2.391599507628,-5.149952779529,
    16.019460472061));
#1883 = CARTESIAN_POINT('',(4.45804801713,-3.041943744943,
    16.120822713043));
#1884 = CARTESIAN_POINT('',(4.971363119472,-0.420028329708,
    16.222227176858));
#1885 = CARTESIAN_POINT('',(4.141280231201,1.791661128212,
    16.323610159276));
#1886 = CARTESIAN_POINT('',(0.983927372006,4.4036505854,16.526390205871)
  );
#1887 = CARTESIAN_POINT('',(-1.3441290059,4.804601157112,16.627773188286
    ));
#1888 = CARTESIAN_POINT('',(-3.823417437065,3.809080331575,
    16.729177652105));
#1889 = CARTESIAN_POINT('',(-5.506874009988,1.384232810733,
    16.830539893087));
#1890 = CARTESIAN_POINT('',(-5.409090763328,-1.727280796611,
    16.931960472059));
#1891 = CARTESIAN_POINT('',(-3.576698683301,-4.041638331088,
    17.033322713045));
#1892 = CARTESIAN_POINT('',(-1.039793295857,-4.879518927649,
    17.134727176857));
#1893 = CARTESIAN_POINT('',(1.2584933026,-4.333179682288,17.236110159278
    ));
#1894 = CARTESIAN_POINT('',(4.245607686101,-1.528092578148,
    17.438890205868));
#1895 = CARTESIAN_POINT('',(4.935179476559,0.731353948208,
    17.540273188295));
#1896 = CARTESIAN_POINT('',(4.2582458661,3.315864293713,17.641677652093)
  );
#1897 = CARTESIAN_POINT('',(2.063512048069,5.289960289418,
    17.743039893099));
#1898 = CARTESIAN_POINT('',(-1.035721835602,5.582924154557,
    17.844460472048));
#1899 = CARTESIAN_POINT('',(-3.561489594206,4.055046946807,
    17.945822713052));
#1900 = CARTESIAN_POINT('',(-4.710721807454,1.64316010059,
    18.047227176853));
#1901 = CARTESIAN_POINT('',(-4.456742301269,-0.705478285819,
    18.148610159278));
#1902 = CARTESIAN_POINT('',(-2.048158851495,-4.02060901739,
    18.35139020587));
#1903 = CARTESIAN_POINT('',(0.107045001865,-4.987927067529,
    18.452773188287));
#1904 = CARTESIAN_POINT('',(2.756017989645,-4.64025631956,
    18.554177652108));
#1905 = CARTESIAN_POINT('',(4.989620735021,-2.71024846773,
    18.655539893081));
#1906 = CARTESIAN_POINT('',(5.668711496787,0.32782892254,18.756960472066
    ));
#1907 = CARTESIAN_POINT('',(4.469444697596,3.025174038891,
    18.858322713038));
#1908 = CARTESIAN_POINT('',(2.220613288958,4.467633790308,
    18.959727176862));
#1909 = CARTESIAN_POINT('',(-0.141337455038,4.51001943183,
    19.061110159274));
#1910 = CARTESIAN_POINT('',(-3.732202942679,2.535924436243,
    19.263890205875));
#1911 = CARTESIAN_POINT('',(-4.962012069002,0.518952108103,
    19.365273188271));
#1912 = CARTESIAN_POINT('',(-4.949087158903,-2.152707635515,
    19.466677652138));
#1913 = CARTESIAN_POINT('',(-3.314242650035,-4.610591880976,
    19.568039893043));
#1914 = CARTESIAN_POINT('',(-0.385234048462,-5.66509987239,
    19.669460472103));
#1915 = CARTESIAN_POINT('',(2.441149681828,-4.813356635585,
    19.770822713012));
#1916 = CARTESIAN_POINT('',(4.154088519454,-2.763046079231,
    19.872227176874));
#1917 = CARTESIAN_POINT('',(4.492170861796,-0.425032351839,
    19.973610159272));
#1918 = CARTESIAN_POINT('',(2.983696977743,3.384937798052,
    20.176390205871));
#1919 = CARTESIAN_POINT('',(1.136765033321,4.857843175982,
    20.277773188291));
#1920 = CARTESIAN_POINT('',(-1.515447796011,5.179867937315,
    20.379177652097));
#1921 = CARTESIAN_POINT('',(-4.15885123873,3.865969245906,
    20.480539893098));
#1922 = CARTESIAN_POINT('',(-5.572146238841,1.092221648402,
    20.581960472048));
#1923 = CARTESIAN_POINT('',(-5.081359064072,-1.818626936018,
    20.683322713052));
#1924 = CARTESIAN_POINT('',(-3.261903982269,-3.775030791114,
    20.784727176855));
#1925 = CARTESIAN_POINT('',(-0.984699144626,-4.403478073779,
    20.886110159276));
#1926 = CARTESIAN_POINT('',(2.984290162285,-3.384414835531,
    21.088890205875));
#1927 = CARTESIAN_POINT('',(4.677063194146,-1.736650494892,
    21.190273188272));
#1928 = CARTESIAN_POINT('',(5.328959104042,0.854288439478,21.29167765213
    ));
#1929 = CARTESIAN_POINT('',(4.356727197367,3.641523028072,
    21.393039893057));
#1930 = CARTESIAN_POINT('',(1.781984260471,5.391316530469,
    21.494460472087));
#1931 = CARTESIAN_POINT('',(-1.167423357024,5.269225424659,
    21.595822713023));
#1932 = CARTESIAN_POINT('',(-3.336438572107,3.709319710942,
    21.69722717687));
#1933 = CARTESIAN_POINT('',(-4.245339806028,1.528836643671,
    21.798610159274));
#1934 = CARTESIAN_POINT('',(-3.73175844961,-2.536578487932,
    22.001390205871));
#1935 = CARTESIAN_POINT('',(-2.309147940734,-4.422523131791,
    22.10277318829));
#1936 = CARTESIAN_POINT('',(0.179656443926,-5.394009402347,
    22.204177652097));
#1937 = CARTESIAN_POINT('',(3.066765823926,-4.778776958322,
    22.305539893099));
#1938 = CARTESIAN_POINT('',(5.125462539787,-2.443643916265,
    22.406960472046));
#1939 = CARTESIAN_POINT('',(5.373992952623,0.497808814315,
    22.508322713056));
#1940 = CARTESIAN_POINT('',(4.098237251929,2.845228723721,22.60972717685
    ));
#1941 = CARTESIAN_POINT('',(2.048863475564,4.020249993493,22.71111015928
    ));
#1942 = CARTESIAN_POINT('',(-2.048863455545,4.020250003695,
    22.913890205867));
#1943 = CARTESIAN_POINT('',(-4.098237237761,2.845228744133,23.0152731883
    ));
#1944 = CARTESIAN_POINT('',(-5.373992950148,0.497808841067,
    23.116677652083));
#1945 = CARTESIAN_POINT('',(-5.125462551948,-2.443643890735,
    23.218039893114));
#1946 = CARTESIAN_POINT('',(-3.066765847732,-4.778776943055,
    23.319460472032));
#1947 = CARTESIAN_POINT('',(-0.179656470777,-5.394009401452,
    23.420822713065));
#1948 = CARTESIAN_POINT('',(2.309147918708,-4.422523143288,
    23.522227176846));
#1949 = CARTESIAN_POINT('',(3.73175843698,-2.536578506515,
    23.623610159281));
#1950 = CARTESIAN_POINT('',(4.24533981364,1.528836622532,23.826390205867
    ));
#1951 = CARTESIAN_POINT('',(3.336438590579,3.709319694326,
    23.927773188299));
#1952 = CARTESIAN_POINT('',(1.16742338326,5.269225418851,24.029177652085
    ));
#1953 = CARTESIAN_POINT('',(-1.781984233628,5.391316539333,
    24.130539893113));
#1954 = CARTESIAN_POINT('',(-4.356727179226,3.641523049776,
    24.231960472033));
#1955 = CARTESIAN_POINT('',(-5.328959099797,0.854288466006,
    24.333322713065));
#1956 = CARTESIAN_POINT('',(-4.677063202789,-1.736650471599,
    24.434727176845));
#1957 = CARTESIAN_POINT('',(-2.984290179139,-3.384414820671,
    24.536110159283));
#1958 = CARTESIAN_POINT('',(0.9846991227,-4.403478078682,24.738890205861
    ));
#1959 = CARTESIAN_POINT('',(3.261903963466,-3.775030807359,
    24.840273188315));
#1960 = CARTESIAN_POINT('',(5.081359055027,-1.81862696132,
    24.941677652058));
#1961 = CARTESIAN_POINT('',(5.572146244264,1.092221620658,
    25.043039893143));
#1962 = CARTESIAN_POINT('',(4.158851257996,3.865969225191,
    25.144460472006));
#1963 = CARTESIAN_POINT('',(1.515447821795,5.179867929775,
    25.245822713083));
#1964 = CARTESIAN_POINT('',(-1.136765009127,4.857843181639,
    25.347227176838));
#1965 = CARTESIAN_POINT('',(-2.983696960889,3.38493781291,
    25.448610159281));
#1966 = CARTESIAN_POINT('',(-4.492170863911,-0.42503232947,
    25.651390205873));
#1967 = CARTESIAN_POINT('',(-4.154088533217,-2.763046058544,
    25.752773188275));
#1968 = CARTESIAN_POINT('',(-2.441149705791,-4.813356623432,
    25.854177652129));
#1969 = CARTESIAN_POINT('',(0.385234020245,-5.665099874304,
    25.955539893055));
#1970 = CARTESIAN_POINT('',(3.31424262708,-4.610591897484,26.05696047209
    ));
#1971 = CARTESIAN_POINT('',(4.949087148182,-2.152707660155,
    26.15832271302));
#1972 = CARTESIAN_POINT('',(4.962012071586,0.518952083392,
    26.259727176872));
#1973 = CARTESIAN_POINT('',(3.732202955307,2.535924417659,
    26.361110159271));
#1974 = CARTESIAN_POINT('',(0.141337477496,4.510019431126,
    26.563890205878));
#1975 = CARTESIAN_POINT('',(-2.220613266711,4.467633801367,
    26.665273188254));
#1976 = CARTESIAN_POINT('',(-4.469444682532,3.025174061146,
    26.766677652188));
#1977 = CARTESIAN_POINT('',(-5.668711495155,0.327828950763,
    26.868039892938));
#1978 = CARTESIAN_POINT('',(-4.989620748514,-2.710248442874,
    26.969460472262));
#1979 = CARTESIAN_POINT('',(-2.756018012756,-4.640256305849,
    27.070822712825));
#1980 = CARTESIAN_POINT('',(-0.107045026697,-4.987927066986,
    27.172227177047));
#1981 = CARTESIAN_POINT('',(2.04815883147,-4.020609027595,
    27.273610159147));
#1982 = CARTESIAN_POINT('',(4.456742297765,-0.705478308,27.47639020614)
  );
#1983 = CARTESIAN_POINT('',(4.710721815585,1.643160077071,
    27.577773186835));
#1984 = CARTESIAN_POINT('',(3.561489614535,4.055046929233,
    27.679177655905));
#1985 = CARTESIAN_POINT('',(1.035721863149,5.582924149107,27.78053988616
    ));
#1986 = CARTESIAN_POINT('',(-2.063512021369,5.289960300099,
    27.881960481697));
#1987 = CARTESIAN_POINT('',(-4.258245849986,3.315864314475,
    27.983322702438));
#1988 = CARTESIAN_POINT('',(-4.935179472567,0.731353973169,
    28.084727186196));
#1989 = CARTESIAN_POINT('',(-4.245607693956,-1.528092557275,
    28.186110152725));
#1990 = CARTESIAN_POINT('',(-1.258493323664,-4.333179675459,
    28.388890219597));
#1991 = CARTESIAN_POINT('',(1.039793268789,-4.879518935858,
    28.490273114176));
#1992 = CARTESIAN_POINT('',(3.57669867042,-4.041638340977,
    28.591677845901));
#1993 = CARTESIAN_POINT('',(5.409090741535,-1.727280837971,
    28.693039540062));
#1994 = CARTESIAN_POINT('',(5.506874035224,1.384232803375,
    28.794460963106));
#1995 = CARTESIAN_POINT('',(3.823417435859,3.809080290462,
    28.895822172851));
#1996 = CARTESIAN_POINT('',(1.344129047579,4.804601169852,
    28.997227652344));
#1997 = CARTESIAN_POINT('',(-0.98392736253,4.403650576666,
    29.098609825747));
#1998 = CARTESIAN_POINT('',(-2.562603779362,3.09765587703,29.20000036515
    ));
#1999 = DEFINITIONAL_REPRESENTATION('',(#2000),#2004);
#2000 = LINE('',#2001,#2002);
#2001 = CARTESIAN_POINT('',(0.,0.));
#2002 = VECTOR('',#2003,1.);
#2003 = DIRECTION('',(0.,1.));
#2004 = ( GEOMETRIC_REPRESENTATION_CONTEXT(2) 
PARAMETRIC_REPRESENTATION_CONTEXT() REPRESENTATION_CONTEXT('2D SPACE',''
  ) );
#2005 = PCURVE('',#2006,#2523);
#2006 = B_SPLINE_SURFACE_WITH_KNOTS('',1,9,(
    (#2007,#2008,#2009,#2010,#2011,#2012,#2013,#2014,#2015,#2016,#2017
      ,#2018,#2019,#2020,#2021,#2022,#2023,#2024,#2025,#2026,#2027,#2028
      ,#2029,#2030,#2031,#2032,#2033,#2034,#2035,#2036,#2037,#2038,#2039
      ,#2040,#2041,#2042,#2043,#2044,#2045,#2046,#2047,#2048,#2049,#2050
      ,#2051,#2052,#2053,#2054,#2055,#2056,#2057,#2058,#2059,#2060,#2061
      ,#2062,#2063,#2064,#2065,#2066,#2067,#2068,#2069,#2070,#2071,#2072
      ,#2073,#2074,#2075,#2076,#2077,#2078,#2079,#2080,#2081,#2082,#2083
      ,#2084,#2085,#2086,#2087,#2088,#2089,#2090,#2091,#2092,#2093,#2094
      ,#2095,#2096,#2097,#2098,#2099,#2100,#2101,#2102,#2103,#2104,#2105
      ,#2106,#2107,#2108,#2109,#2110,#2111,#2112,#2113,#2114,#2115,#2116
      ,#2117,#2118,#2119,#2120,#2121,#2122,#2123,#2124,#2125,#2126,#2127
      ,#2128,#2129,#2130,#2131,#2132,#2133,#2134,#2135,#2136,#2137,#2138
      ,#2139,#2140,#2141,#2142,#2143,#2144,#2145,#2146,#2147,#2148,#2149
      ,#2150,#2151,#2152,#2153,#2154,#2155,#2156,#2157,#2158,#2159,#2160
      ,#2161,#2162,#2163,#2164,#2165,#2166,#2167,#2168,#2169,#2170,#2171
      ,#2172,#2173,#2174,#2175,#2176,#2177,#2178,#2179,#2180,#2181,#2182
      ,#2183,#2184,#2185,#2186,#2187,#2188,#2189,#2190,#2191,#2192,#2193
      ,#2194,#2195,#2196,#2197,#2198,#2199,#2200,#2201,#2202,#2203,#2204
      ,#2205,#2206,#2207,#2208,#2209,#2210,#2211,#2212,#2213,#2214,#2215
      ,#2216,#2217,#2218,#2219,#2220,#2221,#2222,#2223,#2224,#2225,#2226
      ,#2227,#2228,#2229,#2230,#2231,#2232,#2233,#2234,#2235,#2236,#2237
      ,#2238,#2239,#2240,#2241,#2242,#2243,#2244,#2245,#2246,#2247,#2248
      ,#2249,#2250,#2251,#2252,#2253,#2254,#2255,#2256,#2257,#2258,#2259
      ,#2260,#2261,#2262,#2263,#2264)
    ,(#2265,#2266,#2267,#2268,#2269,#2270,#2271,#2272,#2273,#2274,#2275
      ,#2276,#2277,#2278,#2279,#2280,#2281,#2282,#2283,#2284,#2285,#2286
      ,#2287,#2288,#2289,#2290,#2291,#2292,#2293,#2294,#2295,#2296,#2297
      ,#2298,#2299,#2300,#2301,#2302,#2303,#2304,#2305,#2306,#2307,#2308
      ,#2309,#2310,#2311,#2312,#2313,#2314,#2315,#2316,#2317,#2318,#2319
      ,#2320,#2321,#2322,#2323,#2324,#2325,#2326,#2327,#2328,#2329,#2330
      ,#2331,#2332,#2333,#2334,#2335,#2336,#2337,#2338,#2339,#2340,#2341
      ,#2342,#2343,#2344,#2345,#2346,#2347,#2348,#2349,#2350,#2351,#2352
      ,#2353,#2354,#2355,#2356,#2357,#2358,#2359,#2360,#2361,#2362,#2363
      ,#2364,#2365,#2366,#2367,#2368,#2369,#2370,#2371,#2372,#2373,#2374
      ,#2375,#2376,#2377,#2378,#2379,#2380,#2381,#2382,#2383,#2384,#2385
      ,#2386,#2387,#2388,#2389,#2390,#2391,#2392,#2393,#2394,#2395,#2396
      ,#2397,#2398,#2399,#2400,#2401,#2402,#2403,#2404,#2405,#2406,#2407
      ,#2408,#2409,#2410,#2411,#2412,#2413,#2414,#2415,#2416,#2417,#2418
      ,#2419,#2420,#2421,#2422,#2423,#2424,#2425,#2426,#2427,#2428,#2429
      ,#2430,#2431,#2432,#2433,#2434,#2435,#2436,#2437,#2438,#2439,#2440
      ,#2441,#2442,#2443,#2444,#2445,#2446,#2447,#2448,#2449,#2450,#2451
      ,#2452,#2453,#2454,#2455,#2456,#2457,#2458,#2459,#2460,#2461,#2462
      ,#2463,#2464,#2465,#2466,#2467,#2468,#2469,#2470,#2471,#2472,#2473
      ,#2474,#2475,#2476,#2477,#2478,#2479,#2480,#2481,#2482,#2483,#2484
      ,#2485,#2486,#2487,#2488,#2489,#2490,#2491,#2492,#2493,#2494,#2495
      ,#2496,#2497,#2498,#2499,#2500,#2501,#2502,#2503,#2504,#2505,#2506
      ,#2507,#2508,#2509,#2510,#2511,#2512,#2513,#2514,#2515,#2516,#2517
      ,#2518,#2519,#2520,#2521,#2522
    )),.UNSPECIFIED.,.F.,.F.,.F.,(2,2),(10,8,8,8,8,8,8,8,8,8,8,8,8,8,8,8
    ,8,8,8,8,8,8,8,8,8,8,8,8,8,8,8,8,10),(0.,0.55),(0.,4.67661255519,
    9.35322511038,14.02983766557,18.706450220761,23.383062775951,
    28.059675331141,32.736287886331,37.412900441521,42.089512996711,
    46.766125551901,51.442738107092,56.119350662282,60.795963217472,
    65.472575772662,70.149188327852,74.825800883042,79.502413438232,
    84.179025993423,88.855638548613,93.532251103803,98.208863658993,
    102.88547621418,107.56208876937,112.23870132456,116.91531387975,
    121.59192643494,126.26853899013,130.94515154532,135.62176410051,
    140.2983766557,144.97498921089,149.65160176608),.UNSPECIFIED.);
#2007 = CARTESIAN_POINT('',(3.34525,-2.22044604925E-15,0.275));
#2008 = CARTESIAN_POINT('',(3.345248823245,1.704861136306,0.376387693698
    ));
#2009 = CARTESIAN_POINT('',(2.367517191115,3.410135713984,0.477781445505
    ));
#2010 = CARTESIAN_POINT('',(0.414225044964,4.471713541831,0.579158320538
    ));
#2011 = CARTESIAN_POINT('',(-2.033359965205,4.264880251774,
    0.680567252912));
#2012 = CARTESIAN_POINT('',(-3.976409328309,2.551869043636,
    0.781932582615));
#2013 = CARTESIAN_POINT('',(-4.488367022633,0.149484983733,
    0.883341164214));
#2014 = CARTESIAN_POINT('',(-3.679974204826,-1.921439304975,
    0.98471858072));
#2015 = CARTESIAN_POINT('',(-2.110688864871,-3.105196631291,
    1.086111810309));
#2016 = CARTESIAN_POINT('',(1.272146907115,-3.532546526067,
    1.288887930469));
#2017 = CARTESIAN_POINT('',(3.086517244158,-2.776251618984,
    1.390281107963));
#2018 = CARTESIAN_POINT('',(4.38453651935,-0.971413447013,1.491658704012
    ));
#2019 = CARTESIAN_POINT('',(4.486098032258,1.482795420418,1.593066904328
    ));
#2020 = CARTESIAN_POINT('',(3.030122993077,3.625219910765,1.694432833217
    ));
#2021 = CARTESIAN_POINT('',(0.710847824335,4.434239605298,1.795841026646
    ));
#2022 = CARTESIAN_POINT('',(-1.44506512403,3.891776659153,1.897218633328
    ));
#2023 = CARTESIAN_POINT('',(-2.816171766337,2.483229796858,
    1.998611800565));
#2024 = CARTESIAN_POINT('',(-3.664133627769,-0.819370174471,
    2.201387935121));
#2025 = CARTESIAN_POINT('',(-3.141203231344,-2.71422253475,
    2.302781101329));
#2026 = CARTESIAN_POINT('',(-1.513281702691,-4.228212758178,
    2.404158711552));
#2027 = CARTESIAN_POINT('',(0.908845964262,-4.636567347438,
    2.505566897472));
#2028 = CARTESIAN_POINT('',(3.216858855365,-3.460590106808,
    2.606932838148));
#2029 = CARTESIAN_POINT('',(4.310181445599,-1.261000162423,
    2.708341023938));
#2030 = CARTESIAN_POINT('',(4.042203522322,0.9459013999,2.809718634364)
  );
#2031 = CARTESIAN_POINT('',(2.816608701982,2.482734190873,2.911111800373
    ));
#2032 = CARTESIAN_POINT('',(-0.353671480145,3.737935153054,
    3.113887935212));
#2033 = CARTESIAN_POINT('',(-2.299122921079,3.456616192656,
    3.215281101203));
#2034 = CARTESIAN_POINT('',(-4.005207548603,2.031284601503,
    3.316658711691));
#2035 = CARTESIAN_POINT('',(-4.713915232522,-0.320563463949,
    3.418066897349));
#2036 = CARTESIAN_POINT('',(-3.836481642464,-2.757766014428,
    3.519432838233));
#2037 = CARTESIAN_POINT('',(-1.791265777318,-4.118149149582,
    3.620841023893));
#2038 = CARTESIAN_POINT('',(0.431820246654,-4.1288824213,3.72221863438)
  );
#2039 = CARTESIAN_POINT('',(2.110142413917,-3.105568005306,
    3.823611800371));
#2040 = CARTESIAN_POINT('',(3.752787208131,-0.1176048247,4.026387935213)
  );
#2041 = CARTESIAN_POINT('',(3.717516251596,1.847764765516,4.1277811012)
  );
#2042 = CARTESIAN_POINT('',(2.517252928868,3.719037823388,4.229158711694
    ));
#2043 = CARTESIAN_POINT('',(0.272774513552,4.716921858435,4.330566897346
    ));
#2044 = CARTESIAN_POINT('',(-2.255181555939,4.151869570814,
    4.431932838235));
#2045 = CARTESIAN_POINT('',(-3.86117118146,2.293282060856,4.533341023892
    ));
#2046 = CARTESIAN_POINT('',(-4.150446378003,8.907096983795E-02,
    4.634718634381));
#2047 = CARTESIAN_POINT('',(-3.345550646014,-1.704272430555,
    4.73611180037));
#2048 = CARTESIAN_POINT('',(-0.587026431204,-3.708455567129,
    4.938887935213));
#2049 = CARTESIAN_POINT('',(1.3672662558,-3.919788858512,5.040281101199)
  );
#2050 = CARTESIAN_POINT('',(3.374216650053,-2.96352267381,5.141658711696
    ));
#2051 = CARTESIAN_POINT('',(4.645539808888,-0.861810674026,
    5.243066897344));
#2052 = CARTESIAN_POINT('',(4.401780035824,1.717031537134,5.344432838238
    ));
#2053 = CARTESIAN_POINT('',(2.759131916354,3.543300237256,5.44584102389)
  );
#2054 = CARTESIAN_POINT('',(0.608557483926,4.106555315969,5.547218634383
    ));
#2055 = CARTESIAN_POINT('',(-1.27152505288,3.532771954498,5.64861180037)
  );
#2056 = CARTESIAN_POINT('',(-3.605639366511,1.047190280216,
    5.851387935215));
#2057 = CARTESIAN_POINT('',(-4.060244053559,-0.865205140466,
    5.952781101195));
#2058 = CARTESIAN_POINT('',(-3.363055895867,-2.976182064484,
    6.054158711705));
#2059 = CARTESIAN_POINT('',(-1.437255565349,-4.50089482145,
    6.155566897332));
#2060 = CARTESIAN_POINT('',(1.151802905282,-4.582271800169,
    6.256932838249));
#2061 = CARTESIAN_POINT('',(3.169549331644,-3.181468613309,
    6.358341023882));
#2062 = CARTESIAN_POINT('',(3.997901423464,-1.118446682958,
    6.459718634386));
#2063 = CARTESIAN_POINT('',(3.664279338884,0.818724965549,6.561111800369
    ));
#2064 = CARTESIAN_POINT('',(1.490839312948,3.445960079177,6.763887935216
    ));
#2065 = CARTESIAN_POINT('',(-0.349499223218,4.13666677441,6.865281101191
    ));
#2066 = CARTESIAN_POINT('',(-2.531211309874,3.70955171745,6.966658711712
    ));
#2067 = CARTESIAN_POINT('',(-4.285268033969,1.990034077834,
    7.068066897324));
#2068 = CARTESIAN_POINT('',(-4.690498400914,-0.568409653563,
    7.169432838256));
#2069 = CARTESIAN_POINT('',(-3.553631649711,-2.745812739674,
    7.270841023878));
#2070 = CARTESIAN_POINT('',(-1.610697309674,-3.826198237282,
    7.372218634387));
#2071 = CARTESIAN_POINT('',(0.35301309643,-3.737998849162,7.473611800369
    ));
#2072 = CARTESIAN_POINT('',(3.231935942877,-1.910976919129,
    7.676387935214));
#2073 = CARTESIAN_POINT('',(4.147851789109,-0.171718505567,
    7.777781101199));
#2074 = CARTESIAN_POINT('',(3.997545692466,2.046321840845,7.879158711695
    ));
#2075 = CARTESIAN_POINT('',(2.511428564124,4.002060009687,7.980566897347
    ));
#2076 = CARTESIAN_POINT('',(2.394775794891E-02,4.724753039915,
    8.081932838234));
#2077 = CARTESIAN_POINT('',(-2.278773040538,3.869751792157,
    8.183341023893));
#2078 = CARTESIAN_POINT('',(-3.594153619233,2.077546277632,
    8.284718634381));
#2079 = CARTESIAN_POINT('',(-3.752767884617,0.118266000101,8.38611180037
    ));
#2080 = CARTESIAN_POINT('',(-2.300977277734,-2.966942246094,
    8.588887935214));
#2081 = CARTESIAN_POINT('',(-0.690228130933,-4.093622703281,
    8.690281101196));
#2082 = CARTESIAN_POINT('',(1.52916065396,-4.2224959839,8.791658711703)
  );
#2083 = CARTESIAN_POINT('',(3.655737108352,-2.993216321702,
    8.893066897334));
#2084 = CARTESIAN_POINT('',(4.684495501035,-0.615927499006,
    8.994432838248));
#2085 = CARTESIAN_POINT('',(4.124843637169,1.775795729269,9.095841023883
    ));
#2086 = CARTESIAN_POINT('',(2.511631099724,3.305427051572,9.197218634386
    ));
#2087 = CARTESIAN_POINT('',(0.587679971161,3.708353528735,9.298611800369
    ));
#2088 = CARTESIAN_POINT('',(-2.655158097725,2.654689850132,
    9.501387935215));
#2089 = CARTESIAN_POINT('',(-3.974834742013,1.197852446355,
    9.602781101196));
#2090 = CARTESIAN_POINT('',(-4.38085499127,-0.987883690094,
    9.704158711703));
#2091 = CARTESIAN_POINT('',(-3.427799269822,-3.251761048976,
    9.805566897335));
#2092 = CARTESIAN_POINT('',(-1.198193695475,-4.570360669731,
    9.906932838245));
#2093 = CARTESIAN_POINT('',(1.244813058551,-4.314884233955,
    10.008341023886));
#2094 = CARTESIAN_POINT('',(2.964571924734,-2.906105999001,
    10.109718634383));
#2095 = CARTESIAN_POINT('',(3.605456222444,-1.047825878012,
    10.21111180037));
#2096 = CARTESIAN_POINT('',(2.966536377757,2.301500520039,
    10.413887935212));
#2097 = CARTESIAN_POINT('',(1.686585913139,3.793361262414,
    10.515281101205));
#2098 = CARTESIAN_POINT('',(-0.431027210307,4.47012529843,
    10.616658711684));
#2099 = CARTESIAN_POINT('',(-2.796502775346,3.808323775791,
    10.718066897361));
#2100 = CARTESIAN_POINT('',(-4.384148520465,1.7615636616,10.819432838221
    ));
#2101 = CARTESIAN_POINT('',(-4.436876528786,-0.694198942284,
    10.920841023903));
#2102 = CARTESIAN_POINT('',(-3.254749870648,-2.576963727694,
    11.022218634375));
#2103 = CARTESIAN_POINT('',(-1.491446944827,-3.44569871773,
    11.123611800372));
#2104 = CARTESIAN_POINT('',(1.911546904303,-3.231598854582,
    11.32638793521));
#2105 = CARTESIAN_POINT('',(3.552064209659,-2.148720912555,
    11.427781101211));
#2106 = CARTESIAN_POINT('',(4.488899059316,-0.132626826072,
    11.529158711672));
#2107 = CARTESIAN_POINT('',(4.128788740826,2.297141982402,
    11.630566897376));
#2108 = CARTESIAN_POINT('',(2.297152716478,4.128795730065,
    11.731932838207));
#2109 = CARTESIAN_POINT('',(-0.132636894005,4.488896630299,
    11.833341023911));
#2110 = CARTESIAN_POINT('',(-2.148715273266,3.55206439254,
    11.934718634373));
#2111 = CARTESIAN_POINT('',(-3.231600485875,1.911547002376,
    12.036111800372));
#2112 = CARTESIAN_POINT('',(-3.445697087011,-1.491447051984,
    12.238887935214));
#2113 = CARTESIAN_POINT('',(-2.576969299582,-3.254748982419,
    12.340281101196));
#2114 = CARTESIAN_POINT('',(-0.694189258198,-4.436880200487,
    12.441658711704));
#2115 = CARTESIAN_POINT('',(1.761553888172,-4.384140241023,
    12.543066897333));
#2116 = CARTESIAN_POINT('',(3.808329364566,-2.796514300737,
    12.644432838248));
#2117 = CARTESIAN_POINT('',(4.470124150417,-0.431016917349,
    12.745841023883));
#2118 = CARTESIAN_POINT('',(3.793360737065,1.686580295409,
    12.847218634385));
#2119 = CARTESIAN_POINT('',(2.301500821792,2.966537983893,12.94861180037
    ));
#2120 = CARTESIAN_POINT('',(-1.047826188707,3.605454618013,
    13.151387935212));
#2121 = CARTESIAN_POINT('',(-2.906104419432,2.964577341367,
    13.252781101208));
#2122 = CARTESIAN_POINT('',(-4.314889090446,1.244803911003,
    13.354158711676));
#2123 = CARTESIAN_POINT('',(-4.57035123063,-1.198185036791,
    13.455566897373));
#2124 = CARTESIAN_POINT('',(-3.251773183958,-3.427803370022,
    13.556932838207));
#2125 = CARTESIAN_POINT('',(-0.987873334404,-4.380855142356,
    13.658341023913));
#2126 = CARTESIAN_POINT('',(1.197846938759,-3.974833516719,
    13.759718634369));
#2127 = CARTESIAN_POINT('',(2.654691405785,-2.655158598401,
    13.861111800375));
#2128 = CARTESIAN_POINT('',(3.708351975894,0.587680480495,
    14.063887935207));
#2129 = CARTESIAN_POINT('',(3.305432227526,2.511628853723,
    14.165281101224));
#2130 = CARTESIAN_POINT('',(1.775787262524,4.124849601865,
    14.266658711648));
#2131 = CARTESIAN_POINT('',(-0.615920091626,4.684485051132,
    14.368066897407));
#2132 = CARTESIAN_POINT('',(-2.993218868654,3.655749661547,
    14.469432838179));
#2133 = CARTESIAN_POINT('',(-4.222497431711,1.529150398859,
    14.570841023929));
#2134 = CARTESIAN_POINT('',(-4.093620797361,-0.690222820336,
    14.672218634365));
#2135 = CARTESIAN_POINT('',(-2.966942937799,-2.300978758368,
    14.773611800374));
#2136 = CARTESIAN_POINT('',(0.11826670004,-3.75276640786,14.976387935213
    ));
#2137 = CARTESIAN_POINT('',(2.07754340063,-3.594158472862,
    15.077781101196));
#2138 = CARTESIAN_POINT('',(3.869758770965,-2.278765388148,
    15.179158711703));
#2139 = CARTESIAN_POINT('',(4.72474174405,2.394171871128E-02,
    15.280566897335));
#2140 = CARTESIAN_POINT('',(4.002072783086,2.511429517659,
    15.381932838245));
#2141 = CARTESIAN_POINT('',(2.046311848086,3.997548414158,
    15.483341023886));
#2142 = CARTESIAN_POINT('',(-0.171713475729,4.147849232629,
    15.584718634383));
#2143 = CARTESIAN_POINT('',(-1.910978301392,3.231936814698,
    15.68611180037));
#2144 = CARTESIAN_POINT('',(-3.737997471775,0.353012216924,
    15.888887935212));
#2145 = CARTESIAN_POINT('',(-3.826202692057,-1.610693847035,
    15.990281101207));
#2146 = CARTESIAN_POINT('',(-2.745806022298,-3.553639532593,
    16.091658711681));
#2147 = CARTESIAN_POINT('',(-0.568414229435,-4.690486437194,
    16.193066897366));
#2148 = CARTESIAN_POINT('',(1.99003342292,-4.285280826163,
    16.294432838216));
#2149 = CARTESIAN_POINT('',(3.709555670106,-2.531201737025,
    16.395841023906));
#2150 = CARTESIAN_POINT('',(4.136663607683,-0.349503892984,
    16.497218634374));
#2151 = CARTESIAN_POINT('',(3.445961117367,1.490840575044,
    16.598611800373));
#2152 = CARTESIAN_POINT('',(0.818723920345,3.664278082589,16.80138793521
    ));
#2153 = CARTESIAN_POINT('',(-1.118442689288,3.997905409131,
    16.90278110121));
#2154 = CARTESIAN_POINT('',(-3.18147727595,3.169543655223,
    17.004158711678));
#2155 = CARTESIAN_POINT('',(-4.582259357271,1.151805945619,
    17.105566897365));
#2156 = CARTESIAN_POINT('',(-4.500907430696,-1.437253312308,
    17.20693283822));
#2157 = CARTESIAN_POINT('',(-2.976173062517,-3.363061017154,
    17.3083410239));
#2158 = CARTESIAN_POINT('',(-0.865209376513,-4.060240326523,
    17.409718634378));
#2159 = CARTESIAN_POINT('',(1.04719140224,-3.605640554697,
    17.511111800371));
#2160 = CARTESIAN_POINT('',(3.532770839109,-1.271523858464,
    17.713887935213));
#2161 = CARTESIAN_POINT('',(4.106558769664,0.608553022217,
    17.815281101199));
#2162 = CARTESIAN_POINT('',(3.543295691314,2.759141222121,
    17.916658711696));
#2163 = CARTESIAN_POINT('',(1.717032993988,4.401767309998,
    18.018066897346));
#2164 = CARTESIAN_POINT('',(-0.861806858397,4.64555203632,
    18.119432838234));
#2165 = CARTESIAN_POINT('',(-2.963528882957,3.374208360938,
    18.220841023894));
#2166 = CARTESIAN_POINT('',(-3.919784629949,1.367269991324,
    18.32221863438));
#2167 = CARTESIAN_POINT('',(-3.708456886573,-0.587027395462,
    18.423611800371));
#2168 = CARTESIAN_POINT('',(-1.70427110576,-3.345549689119,
    18.626387935211));
#2169 = CARTESIAN_POINT('',(8.906611044025E-02,-4.150449245269,
    18.72778110121));
#2170 = CARTESIAN_POINT('',(2.293291863016,-3.861167837684,
    18.829158711674));
#2171 = CARTESIAN_POINT('',(4.151856762723,-2.255181406333,
    18.930566897375));
#2172 = CARTESIAN_POINT('',(4.716933511241,0.272769195495,
    19.031932838206));
#2173 = CARTESIAN_POINT('',(3.719030377837,2.517260127968,
    19.133341023914));
#2174 = CARTESIAN_POINT('',(1.847767941611,3.717511588183,
    19.234718634369));
#2175 = CARTESIAN_POINT('',(-0.117605615986,3.752788638027,
    19.336111800375));
#2176 = CARTESIAN_POINT('',(-3.105567221996,2.110140979633,
    19.538887935206));
#2177 = CARTESIAN_POINT('',(-4.128884656918,0.431825427111,
    19.640281101227));
#2178 = CARTESIAN_POINT('',(-4.118147060703,-1.791275921297,
    19.741658711638));
#2179 = CARTESIAN_POINT('',(-2.757764260718,-3.836468954089,
    19.843066897426));
#2180 = CARTESIAN_POINT('',(-0.32057020057,-4.713926126939,
    19.944432838154));
#2181 = CARTESIAN_POINT('',(2.031292677029,-4.005201064034,
    20.04584102395));
#2182 = CARTESIAN_POINT('',(3.456611167934,-2.299125487653,
    20.147218634353));
#2183 = CARTESIAN_POINT('',(3.737936670852,-0.353670874311,
    20.248611800377));
#2184 = CARTESIAN_POINT('',(2.482732669727,2.81660810461,20.451387935209
    ));
#2185 = CARTESIAN_POINT('',(0.945906819689,4.042205091041,
    20.552781101209));
#2186 = CARTESIAN_POINT('',(-1.261010488188,4.31018064452,20.65415871168
    ));
#2187 = CARTESIAN_POINT('',(-3.460577738321,3.216855525318,
    20.755566897365));
#2188 = CARTESIAN_POINT('',(-4.636577311596,0.908854013032,
    20.856932838218));
#2189 = CARTESIAN_POINT('',(-4.22820733689,-1.513290527093,
    20.958341023905));
#2190 = CARTESIAN_POINT('',(-2.714224451316,-3.141197924714,
    21.059718634373));
#2191 = CARTESIAN_POINT('',(-0.819369763647,-3.664135209437,
    21.161111800375));
#2192 = CARTESIAN_POINT('',(2.483229394851,-2.8161701825,21.363887935204
    ));
#2193 = CARTESIAN_POINT('',(3.89177753619,-1.445070696696,
    21.465281101238));
#2194 = CARTESIAN_POINT('',(4.434240104799,0.710858166455,
    21.566658711621));
#2195 = CARTESIAN_POINT('',(3.625215056595,3.030111144292,
    21.668066897441));
#2196 = CARTESIAN_POINT('',(1.482804654843,4.486106902352,
    21.769432838148));
#2197 = CARTESIAN_POINT('',(-0.971422881604,4.384532254207,
    21.870841023949));
#2198 = CARTESIAN_POINT('',(-2.77624611373,3.086518473988,
    21.972218634356));
#2199 = CARTESIAN_POINT('',(-3.532548146925,1.272146702343,
    22.073611800376));
#2200 = CARTESIAN_POINT('',(-3.105195009205,-2.110688674129,
    22.27638793521));
#2201 = CARTESIAN_POINT('',(-1.921444945533,-3.679974324754,
    22.377781101203));
#2202 = CARTESIAN_POINT('',(0.149495186714,-4.488368949725,
    22.479158711695));
#2203 = CARTESIAN_POINT('',(2.551857887508,-3.976402780879,
    22.580566897339));
#2204 = CARTESIAN_POINT('',(4.264887907321,-2.033370581391,
    22.681932838248));
#2205 = CARTESIAN_POINT('',(4.471710478712,0.414235316907,
    22.783341023879));
#2206 = CARTESIAN_POINT('',(3.410136256524,2.36751124312,22.884718634389
    ));
#2207 = CARTESIAN_POINT('',(1.704861127598,3.345250689887,
    22.986111800368));
#2208 = CARTESIAN_POINT('',(-1.704861132149,3.345249055661,
    23.188887935215));
#2209 = CARTESIAN_POINT('',(-3.410135719911,2.367516859776,
    23.290281101192));
#2210 = CARTESIAN_POINT('',(-4.471713535093,0.414225421396,
    23.391658711712));
#2211 = CARTESIAN_POINT('',(-4.264880257906,-2.03336030739,
    23.49306689732));
#2212 = CARTESIAN_POINT('',(-2.55186903922,-3.976409082307,
    23.594432838264));
#2213 = CARTESIAN_POINT('',(-0.149484986163,-4.488367157676,
    23.695841023869));
#2214 = CARTESIAN_POINT('',(1.921439305907,-3.679974153184,
    23.797218634393));
#2215 = CARTESIAN_POINT('',(3.105196631118,-2.110688874436,
    23.898611800367));
#2216 = CARTESIAN_POINT('',(3.53254652615,1.272146911681,24.101387935216
    ));
#2217 = CARTESIAN_POINT('',(2.776251618864,3.086517237649,
    24.202781101193));
#2218 = CARTESIAN_POINT('',(0.971413447151,4.384536526742,
    24.304158711711));
#2219 = CARTESIAN_POINT('',(-1.482795420543,4.486098025544,
    24.405566897319));
#2220 = CARTESIAN_POINT('',(-3.625219910677,3.030122997896,
    24.506932838268));
#2221 = CARTESIAN_POINT('',(-4.434239605345,0.710847821697,
    24.608341023865));
#2222 = CARTESIAN_POINT('',(-3.891776659137,-1.445065123025,
    24.709718634397));
#2223 = CARTESIAN_POINT('',(-2.48322979686,-2.816171766521,
    24.811111800364));
#2224 = CARTESIAN_POINT('',(0.81937017447,-3.664133627686,
    25.013887935223));
#2225 = CARTESIAN_POINT('',(2.71422253476,-3.141203231452,
    25.115281101163));
#2226 = CARTESIAN_POINT('',(4.228212758152,-1.513281702577,
    25.216658711767));
#2227 = CARTESIAN_POINT('',(4.636567347481,0.908845964157,
    25.318066897251));
#2228 = CARTESIAN_POINT('',(3.460590106762,3.216858855449,
    25.419432838323));
#2229 = CARTESIAN_POINT('',(1.261000162456,4.310181445544,
    25.520841023836));
#2230 = CARTESIAN_POINT('',(-0.945901399914,4.042203522347,
    25.622218634403));
#2231 = CARTESIAN_POINT('',(-2.482734190871,2.816608701977,
    25.723611800368));
#2232 = CARTESIAN_POINT('',(-3.73793515305,-0.353671480144,
    25.926387935208));
#2233 = CARTESIAN_POINT('',(-3.456616192672,-2.299122921069,
    26.02778110123));
#2234 = CARTESIAN_POINT('',(-2.031284601476,-4.005207548633,
    26.129158711632));
#2235 = CARTESIAN_POINT('',(0.320563463923,-4.713915232474,
    26.230566897431));
#2236 = CARTESIAN_POINT('',(2.75776601444,-3.836481642516,
    26.331932838154));
#2237 = CARTESIAN_POINT('',(4.118149149581,-1.79126577728,
    26.433341023947));
#2238 = CARTESIAN_POINT('',(4.128882421297,0.431820246634,
    26.534718634354));
#2239 = CARTESIAN_POINT('',(3.105568005308,2.110142413922,
    26.636111800378));
#2240 = CARTESIAN_POINT('',(0.117604824699,3.752787208124,
    26.838887935204));
#2241 = CARTESIAN_POINT('',(-1.84776476552,3.717516251621,
    26.940281101237));
#2242 = CARTESIAN_POINT('',(-3.719037823375,2.517252928813,
    27.04165871161));
#2243 = CARTESIAN_POINT('',(-4.716921858465,0.272774513638,
    27.143066897485));
#2244 = CARTESIAN_POINT('',(-4.151869570763,-2.255181556049,
    27.24443283806));
#2245 = CARTESIAN_POINT('',(-2.293282060922,-3.861171181344,
    27.345841024069));
#2246 = CARTESIAN_POINT('',(-8.907096977254E-02,-4.150446378106,
    27.447218634236));
#2247 = CARTESIAN_POINT('',(1.704272430505,-3.34555064594,
    27.548611800466));
#2248 = CARTESIAN_POINT('',(3.708455567236,-0.587026431361,
    27.751387935016));
#2249 = CARTESIAN_POINT('',(3.919788857931,1.367266256654,
    27.852781102257));
#2250 = CARTESIAN_POINT('',(2.963522675331,3.374216647818,
    27.954158708935));
#2251 = CARTESIAN_POINT('',(0.861810671256,4.645539812961,28.05556690237
    ));
#2252 = CARTESIAN_POINT('',(-1.71703153328,4.401780030158,
    28.156932831248));
#2253 = CARTESIAN_POINT('',(-3.543300241497,2.75913192259,
    28.258341031578));
#2254 = CARTESIAN_POINT('',(-4.106555312234,0.608557478435,
    28.359718627615));
#2255 = CARTESIAN_POINT('',(-3.532771957118,-1.271525049028,
    28.461111805117));
#2256 = CARTESIAN_POINT('',(-1.047190274727,-3.605639374581,
    28.66388792527));
#2257 = CARTESIAN_POINT('',(0.865205110829,-4.060244009975,
    28.765281154881));
#2258 = CARTESIAN_POINT('',(2.976182141976,-3.363056009847,
    28.86665857133));
#2259 = CARTESIAN_POINT('',(4.5008946803,-1.437255357705,28.968067153025
    ));
#2260 = CARTESIAN_POINT('',(4.582271996488,1.151802616446,29.06943248261
    ));
#2261 = CARTESIAN_POINT('',(3.181468397359,3.169549649391,
    29.170841415094));
#2262 = CARTESIAN_POINT('',(1.11844687303,3.99790114378,29.272218290051)
  );
#2263 = CARTESIAN_POINT('',(-0.81872509887,3.664279535067,
    29.373612041896));
#2264 = CARTESIAN_POINT('',(-2.132342449383,2.577559218525,
    29.474999735581));
#2265 = CARTESIAN_POINT('',(3.34525,-4.440892098501E-16,-0.275));
#2266 = CARTESIAN_POINT('',(3.345251175124,1.704861295135,
    -0.173612306302));
#2267 = CARTESIAN_POINT('',(2.367511073225,3.410136496423,
    -7.22185544947E-02));
#2268 = CARTESIAN_POINT('',(0.41423571174,4.471710859516,
    2.915832054053E-02));
#2269 = CARTESIAN_POINT('',(-2.033371103425,4.264888192647,
    0.130567252904));
#2270 = CARTESIAN_POINT('',(-3.976402846895,2.55185808956,0.231932582627
    ));
#2271 = CARTESIAN_POINT('',(-4.488369431699,0.149495165754,
    0.333341164205));
#2272 = CARTESIAN_POINT('',(-3.679974546119,-1.921445103839,
    0.434718580725));
#2273 = CARTESIAN_POINT('',(-2.110688832221,-3.105195257356,
    0.536111810308));
#2274 = CARTESIAN_POINT('',(1.272146819827,-3.532548411819,
    0.738887930469));
#2275 = CARTESIAN_POINT('',(3.086518716059,-2.776246313858,
    0.840281107962));
#2276 = CARTESIAN_POINT('',(4.38453260211,-0.971422936347,0.941658704016
    ));
#2277 = CARTESIAN_POINT('',(4.486107233034,1.482804787295,1.04306690432)
  );
#2278 = CARTESIAN_POINT('',(3.030111365858,3.62521534817,1.144432833229)
  );
#2279 = CARTESIAN_POINT('',(0.71085819901,4.434240447598,1.245841026636)
  );
#2280 = CARTESIAN_POINT('',(-1.445070823305,3.891777828419,
    1.347218633333));
#2281 = CARTESIAN_POINT('',(-2.816170409382,2.483229573026,
    1.448611800564));
#2282 = CARTESIAN_POINT('',(-3.664135486731,-0.81936984234,
    1.651387935121));
#2283 = CARTESIAN_POINT('',(-3.14119815393,-2.714224673045,
    1.752781101328));
#2284 = CARTESIAN_POINT('',(-1.513290624645,-4.228207667627,
    1.854158711556));
#2285 = CARTESIAN_POINT('',(0.908854102666,-4.636577663159,
    1.955566897464));
#2286 = CARTESIAN_POINT('',(3.216855787066,-3.460577989716,2.05693283816
    ));
#2287 = CARTESIAN_POINT('',(4.310180980396,-1.261010566189,
    2.158341023928));
#2288 = CARTESIAN_POINT('',(4.042205396893,0.945906909725,2.259718634369
    ));
#2289 = CARTESIAN_POINT('',(2.816608309803,2.482732872293,2.361111800372
    ));
#2290 = CARTESIAN_POINT('',(-0.353670917624,3.737936955911,
    2.563887935212));
#2291 = CARTESIAN_POINT('',(-2.299125678912,3.456611423016,
    2.665281101202));
#2292 = CARTESIAN_POINT('',(-4.005201379935,2.031292815389,
    2.766658711695));
#2293 = CARTESIAN_POINT('',(-4.713926486955,-0.320570245549,
    2.868066897341));
#2294 = CARTESIAN_POINT('',(-3.836469236323,-2.757764488803,
    2.969432838245));
#2295 = CARTESIAN_POINT('',(-1.791276040764,-4.118147384213,
    3.070841023883));
#2296 = CARTESIAN_POINT('',(0.431825478096,-4.128884971616,
    3.172218634386));
#2297 = CARTESIAN_POINT('',(2.110141154886,-3.105567450965,3.27361180037
    ));
#2298 = CARTESIAN_POINT('',(3.75278892627,-0.117605608739,3.476387935214
    ));
#2299 = CARTESIAN_POINT('',(3.717511865213,1.847768099392,3.577781101199
    ));
#2300 = CARTESIAN_POINT('',(2.517260304846,3.719030673896,3.679158711698
    ));
#2301 = CARTESIAN_POINT('',(0.272769195981,4.716933874076,3.780566897338
    ));
#2302 = CARTESIAN_POINT('',(-2.255181597246,4.151857071294,
    3.881932838248));
#2303 = CARTESIAN_POINT('',(-3.861168143662,2.293292022108,
    3.983341023881));
#2304 = CARTESIAN_POINT('',(-4.150449563882,8.906609928838E-02,
    4.084718634387));
#2305 = CARTESIAN_POINT('',(-3.345549938245,-1.70427125093,
    4.186111800369));
#2306 = CARTESIAN_POINT('',(-0.587027424401,-3.708457173454,
    4.388887935214));
#2307 = CARTESIAN_POINT('',(1.367270113145,-3.919784924564,
    4.490281101198));
#2308 = CARTESIAN_POINT('',(3.374208632485,-2.963529095556,4.5916587117)
  );
#2309 = CARTESIAN_POINT('',(4.645552396246,-0.861806904346,
    4.693066897335));
#2310 = CARTESIAN_POINT('',(4.401767640048,1.71703314472,4.794432838251)
  );
#2311 = CARTESIAN_POINT('',(2.759141418318,3.543295974936,4.895841023879
    ));
#2312 = CARTESIAN_POINT('',(0.608553051081,4.106559087167,4.997218634388
    ));
#2313 = CARTESIAN_POINT('',(-1.271523971264,3.532771104465,
    5.098611800369));
#2314 = CARTESIAN_POINT('',(-3.605640835687,1.047191466906,
    5.301387935215));
#2315 = CARTESIAN_POINT('',(-4.060240634088,-0.865209460444,
    5.402781101194));
#2316 = CARTESIAN_POINT('',(-3.363061262104,-2.976173305289,
    5.504158711709));
#2317 = CARTESIAN_POINT('',(-1.437253403009,-4.500907782005,
    5.605566897324));
#2318 = CARTESIAN_POINT('',(1.151806053792,-4.582259703635,
    5.706932838261));
#2319 = CARTESIAN_POINT('',(3.169543912027,-3.181477506129,
    5.808341023872));
#2320 = CARTESIAN_POINT('',(3.997905720505,-1.118442757727,
    5.909718634391));
#2321 = CARTESIAN_POINT('',(3.664278359992,0.818723999,6.011111800368));
#2322 = CARTESIAN_POINT('',(1.490840674416,3.445961388036,6.213887935216
    ));
#2323 = CARTESIAN_POINT('',(-0.349503937701,4.136663923342,6.31528110119
    ));
#2324 = CARTESIAN_POINT('',(-2.531201947188,3.709555943553,
    6.416658711715));
#2325 = CARTESIAN_POINT('',(-4.285281163329,1.990033556933,
    6.518066897316));
#2326 = CARTESIAN_POINT('',(-4.690486794385,-0.568414293341,
    6.619432838268));
#2327 = CARTESIAN_POINT('',(-3.553639793145,-2.745806248229,
    6.720841023868));
#2328 = CARTESIAN_POINT('',(-1.610693953957,-3.8262029924,6.822218634392
    ));
#2329 = CARTESIAN_POINT('',(0.35301226019,-3.737997756848,6.923611800368
    ));
#2330 = CARTESIAN_POINT('',(3.23193707078,-1.910978433907,7.126387935214
    ));
#2331 = CARTESIAN_POINT('',(4.147849551399,-0.171713470914,
    7.227781101199));
#2332 = CARTESIAN_POINT('',(3.997548711793,2.046312022293,7.329158711699
    ));
#2333 = CARTESIAN_POINT('',(2.511429692879,4.002073100833,7.430566897338
    ));
#2334 = CARTESIAN_POINT('',(2.394170006214E-02,4.724742106401,
    7.531932838246));
#2335 = CARTESIAN_POINT('',(-2.278765579624,3.869759057799,
    7.633341023882));
#2336 = CARTESIAN_POINT('',(-3.594158757445,2.077543544345,
    7.734718634386));
#2337 = CARTESIAN_POINT('',(-3.752766696106,0.118266692844,
    7.836111800369));
#2338 = CARTESIAN_POINT('',(-2.300978921931,-2.96694317525,
    8.038887935215));
#2339 = CARTESIAN_POINT('',(-0.690222855527,-4.093621114227,
    8.140281101195));
#2340 = CARTESIAN_POINT('',(1.529150534424,-4.222497748827,
    8.241658711708));
#2341 = CARTESIAN_POINT('',(3.65574995478,-2.993219082307,8.343066897325
    ));
#2342 = CARTESIAN_POINT('',(4.684485413007,-0.615920118565,
    8.444432838261));
#2343 = CARTESIAN_POINT('',(4.124849910408,1.775787416572,8.545841023872
    ));
#2344 = CARTESIAN_POINT('',(2.511629031983,3.305432491832,8.647218634391
    ));
#2345 = CARTESIAN_POINT('',(0.587680509481,3.708352262774,8.748611800368
    ));
#2346 = CARTESIAN_POINT('',(-2.655158813482,2.654691597818,
    8.951387935215));
#2347 = CARTESIAN_POINT('',(-3.974833826673,1.197847013384,
    9.052781101194));
#2348 = CARTESIAN_POINT('',(-4.380855473965,-0.987873429143,
    9.154158711707));
#2349 = CARTESIAN_POINT('',(-3.427803618747,-3.251773448119,
    9.255566897327));
#2350 = CARTESIAN_POINT('',(-1.19818510886,-4.570351586256,
    9.356932838257));
#2351 = CARTESIAN_POINT('',(1.244804025149,-4.314889415876,
    9.458341023876));
#2352 = CARTESIAN_POINT('',(2.964577581259,-2.906104629408,
    9.559718634388));
#2353 = CARTESIAN_POINT('',(3.605454898994,-1.047826253422,
    9.661111800369));
#2354 = CARTESIAN_POINT('',(2.966538201373,2.301501011109,9.863887935213
    ));
#2355 = CARTESIAN_POINT('',(1.686580408275,3.793361035224,9.965281101204
    ));
#2356 = CARTESIAN_POINT('',(-0.431016969748,4.470124491273,
    10.066658711688));
#2357 = CARTESIAN_POINT('',(-2.796514531678,3.808329644463,
    10.168066897353));
#2358 = CARTESIAN_POINT('',(-4.384140584785,1.76155400421,
    10.269432838232));
#2359 = CARTESIAN_POINT('',(-4.43688053767,-0.694189330629,
    10.370841023893));
#2360 = CARTESIAN_POINT('',(-3.254749220802,-2.576969511281,
    10.472218634381));
#2361 = CARTESIAN_POINT('',(-1.491447151404,-3.445697357661,
    10.573611800371));
#2362 = CARTESIAN_POINT('',(1.911547162942,-3.231600725369,
    10.776387935211));
#2363 = CARTESIAN_POINT('',(3.552064674204,-2.148715422615,
    10.87778110121));
#2364 = CARTESIAN_POINT('',(4.488896975036,-0.132636884732,
    10.979158711676));
#2365 = CARTESIAN_POINT('',(4.128796036693,2.297152910507,
    11.080566897367));
#2366 = CARTESIAN_POINT('',(2.297142140622,4.128789067343,
    11.181932838219));
#2367 = CARTESIAN_POINT('',(-0.132626855684,4.488899402915,11.2833410239
    ));
#2368 = CARTESIAN_POINT('',(-2.148721092698,3.552064472695,
    11.384718634378));
#2369 = CARTESIAN_POINT('',(-3.231599110641,1.911547036861,
    11.486111800371));
#2370 = CARTESIAN_POINT('',(-3.445698975456,-1.491447074111,
    11.688887935214));
#2371 = CARTESIAN_POINT('',(-2.576963911177,-3.254750131367,
    11.790281101195));
#2372 = CARTESIAN_POINT('',(-0.694198976275,-4.43687687198,
    11.891658711708));
#2373 = CARTESIAN_POINT('',(1.76156381565,-4.384148848973,
    11.993066897324));
#2374 = CARTESIAN_POINT('',(3.808324079914,-2.796502973264,
    12.094432838261));
#2375 = CARTESIAN_POINT('',(4.470125643026,-0.431027223978,
    12.195841023872));
#2376 = CARTESIAN_POINT('',(3.793361545954,1.686586058889,12.29721863439
    ));
#2377 = CARTESIAN_POINT('',(2.301500683645,2.966536615183,
    12.398611800369));
#2378 = CARTESIAN_POINT('',(-1.047825973975,3.605456494345,
    12.601387935212));
#2379 = CARTESIAN_POINT('',(-2.906106234674,2.964572139434,
    12.702781101207));
#2380 = CARTESIAN_POINT('',(-4.314884570163,1.244813135309,
    12.804158711681));
#2381 = CARTESIAN_POINT('',(-4.570361014991,-1.198193807161,
    12.905566897363));
#2382 = CARTESIAN_POINT('',(-3.251761283409,-3.427799546727,
    13.006932838221));
#2383 = CARTESIAN_POINT('',(-0.987883746879,-4.38085533144,
    13.108341023902));
#2384 = CARTESIAN_POINT('',(1.197852555436,-3.974835041587,
    13.209718634375));
#2385 = CARTESIAN_POINT('',(2.654690065175,-2.655158289796,
    13.311111800374));
#2386 = CARTESIAN_POINT('',(3.708353810524,0.587680032287,
    13.513887935207));
#2387 = CARTESIAN_POINT('',(3.305427294104,2.511631306639,
    13.615281101224));
#2388 = CARTESIAN_POINT('',(1.775795847578,4.124843961085,
    13.716658711651));
#2389 = CARTESIAN_POINT('',(-0.615927566555,4.6844958576,13.8180668974)
  );
#2390 = CARTESIAN_POINT('',(-2.993216567034,3.655737375613,
    13.919432838189));
#2391 = CARTESIAN_POINT('',(-4.222496314271,1.52916075295,14.02084102392
    ));
#2392 = CARTESIAN_POINT('',(-4.093623014166,-0.690228201613,
    14.12221863437));
#2393 = CARTESIAN_POINT('',(-2.966942463603,-2.300977467009,
    14.223611800373));
#2394 = CARTESIAN_POINT('',(0.118266025429,-3.752768171839,
    14.426387935213));
#2395 = CARTESIAN_POINT('',(2.077546452501,-3.594153885804,
    14.527781101196));
#2396 = CARTESIAN_POINT('',(3.869752098733,-2.278773198484,
    14.629158711707));
#2397 = CARTESIAN_POINT('',(4.724753402071,2.394778025208E-02,
    14.730566897327));
#2398 = CARTESIAN_POINT('',(4.002060305654,2.511428774033,
    14.831932838258));
#2399 = CARTESIAN_POINT('',(2.046321980416,3.997546007829,
    14.933341023875));
#2400 = CARTESIAN_POINT('',(-0.171718536706,4.147852106394,
    15.034718634389));
#2401 = CARTESIAN_POINT('',(-1.910977079653,3.231936182396,
    15.136111800369));
#2402 = CARTESIAN_POINT('',(-3.737999137295,0.3530131073,15.338887935212
    ));
#2403 = CARTESIAN_POINT('',(-3.82619852366,-1.610697449761,
    15.440281101205));
#2404 = CARTESIAN_POINT('',(-2.745812934811,-3.553631934053,
    15.541658711686));
#2405 = CARTESIAN_POINT('',(-0.568409676818,-4.69049876304,
    15.643066897355));
#2406 = CARTESIAN_POINT('',(1.990034248995,-4.285268353878,
    15.74443283823));
#2407 = CARTESIAN_POINT('',(3.709552012826,-2.531211487894,
    15.845841023894));
#2408 = CARTESIAN_POINT('',(4.136667093103,-0.349499232079,
    15.94721863438));
#2409 = CARTESIAN_POINT('',(3.445960336924,1.490839442184,
    16.048611800372));
#2410 = CARTESIAN_POINT('',(0.818725012448,3.664279623384,
    16.251387935211));
#2411 = CARTESIAN_POINT('',(-1.11844678605,3.997901725142,
    16.352781101209));
#2412 = CARTESIAN_POINT('',(-3.181468870949,3.169549560878,
    16.454158711681));
#2413 = CARTESIAN_POINT('',(-4.582272156528,1.151802973742,
    16.555566897358));
#2414 = CARTESIAN_POINT('',(-4.500895160288,-1.437255695066,
    16.656932838231));
#2415 = CARTESIAN_POINT('',(-2.976182278117,-3.363056166603,
    16.758341023891));
#2416 = CARTESIAN_POINT('',(-0.865205189202,-4.060244368626,
    16.859718634383));
#2417 = CARTESIAN_POINT('',(1.047190376131,-3.605639638424,
    16.96111180037));
#2418 = CARTESIAN_POINT('',(3.532772230875,-1.271525135064,
    17.163887935214));
#2419 = CARTESIAN_POINT('',(4.106555628192,0.608557548384,
    17.265281101198));
#2420 = CARTESIAN_POINT('',(3.54330049697,2.759132143256,17.366658711701
    ));
#2421 = CARTESIAN_POINT('',(1.717031649714,4.401780380761,
    17.468066897335));
#2422 = CARTESIAN_POINT('',(-0.861810760243,4.645540161342,
    17.569432838249));
#2423 = CARTESIAN_POINT('',(-2.963522915645,3.374216895917,
    17.670841023881));
#2424 = CARTESIAN_POINT('',(-3.919789164982,1.367266343647,
    17.772218634386));
#2425 = CARTESIAN_POINT('',(-3.70845584892,-0.587026492283,
    17.87361180037));
#2426 = CARTESIAN_POINT('',(-1.704272546731,-3.345550909912,
    18.076387935211));
#2427 = CARTESIAN_POINT('',(8.907099466461E-02,-4.150446695841,
    18.177781101209));
#2428 = CARTESIAN_POINT('',(2.293282253396,-3.861171467567,
    18.279158711678));
#2429 = CARTESIAN_POINT('',(4.151869898951,-2.255181710867,
    18.380566897367));
#2430 = CARTESIAN_POINT('',(4.716922218886,0.272774554923,
    18.481932838217));
#2431 = CARTESIAN_POINT('',(3.719038097643,2.517253137972,
    18.583341023904));
#2432 = CARTESIAN_POINT('',(1.847764891073,3.717516544646,
    18.684718634374));
#2433 = CARTESIAN_POINT('',(-0.117604849977,3.752787495352,
    18.786111800374));
#2434 = CARTESIAN_POINT('',(-3.105568252565,2.110142562256,
    18.988887935207));
#2435 = CARTESIAN_POINT('',(-4.12888273974,0.431820261843,
    19.090281101227));
#2436 = CARTESIAN_POINT('',(-4.118149457565,-1.79126593245,
    19.191658711639));
#2437 = CARTESIAN_POINT('',(-2.757766209267,-3.836481948638,
    19.293066897422));
#2438 = CARTESIAN_POINT('',(-0.320563468065,-4.713915595278,
    19.394432838163));
#2439 = CARTESIAN_POINT('',(2.031284774568,-4.005207846926,
    19.495841023943));
#2440 = CARTESIAN_POINT('',(3.456616467668,-2.299123082367,
    19.597218634357));
#2441 = CARTESIAN_POINT('',(3.737935441177,-0.353671491064,
    19.698611800377));
#2442 = CARTESIAN_POINT('',(2.482734369029,2.816608928695,
    19.901387935209));
#2443 = CARTESIAN_POINT('',(0.945901454897,4.042203836368,
    20.002781101208));
#2444 = CARTESIAN_POINT('',(-1.261000277768,4.310181770548,
    20.104158711683));
#2445 = CARTESIAN_POINT('',(-3.460590386098,3.216859087123,
    20.205566897356));
#2446 = CARTESIAN_POINT('',(-4.636567706862,0.908846013703,
    20.30693283823));
#2447 = CARTESIAN_POINT('',(-4.228213075814,-1.513281836879,
    20.408341023895));
#2448 = CARTESIAN_POINT('',(-2.714222729242,-3.141203484088,
    20.509718634378));
#2449 = CARTESIAN_POINT('',(-0.819370221418,-3.664133912164,
    20.611111800374));
#2450 = CARTESIAN_POINT('',(2.483229999461,-2.816171971696,
    20.813887935204));
#2451 = CARTESIAN_POINT('',(3.891776963796,-1.445065216914,
    20.915281101236));
#2452 = CARTESIAN_POINT('',(4.434239942224,0.71084789534,21.016658711626
    ));
#2453 = CARTESIAN_POINT('',(3.625220175553,3.030123246018,
    21.118066897432));
#2454 = CARTESIAN_POINT('',(1.482795514727,4.486098375867,21.21943283816
    ));
#2455 = CARTESIAN_POINT('',(-0.971413540578,4.384536858736,
    21.320841023939));
#2456 = CARTESIAN_POINT('',(-2.77625184513,3.086517462262,
    21.422218634361));
#2457 = CARTESIAN_POINT('',(-3.532546802505,1.272146993912,
    21.523611800375));
#2458 = CARTESIAN_POINT('',(-3.105196860061,-2.110689049724,
    21.726387935211));
#2459 = CARTESIAN_POINT('',(-1.921439437266,-3.679974443669,
    21.827781101202));
#2460 = CARTESIAN_POINT('',(0.149485017053,-4.488367501149,
    21.929158711698));
#2461 = CARTESIAN_POINT('',(2.551869252127,-3.976409376152,
    22.030566897331));
#2462 = CARTESIAN_POINT('',(4.264880593711,-2.03336044479,22.13193283826
    ));
#2463 = CARTESIAN_POINT('',(4.471713876152,0.41422547252,22.233341023869
    ));
#2464 = CARTESIAN_POINT('',(3.410135971119,2.367517056082,
    22.334718634394));
#2465 = CARTESIAN_POINT('',(1.704861248368,3.345249319537,
    22.436111800367));
#2466 = CARTESIAN_POINT('',(-1.70486127281,3.345250938988,
    22.638887935216));
#2467 = CARTESIAN_POINT('',(-3.410136528251,2.367511409867,
    22.740281101191));
#2468 = CARTESIAN_POINT('',(-4.471710823359,0.414235329282,
    22.841658711717));
#2469 = CARTESIAN_POINT('',(-4.26488822551,-2.03337075576,
    22.943066897309));
#2470 = CARTESIAN_POINT('',(-2.551858065941,-3.97640309684,
    23.044432838279));
#2471 = CARTESIAN_POINT('',(-0.149495178714,-4.48836929449,
    23.145841023857));
#2472 = CARTESIAN_POINT('',(1.921445108792,-3.679974598589,
    23.247218634399));
#2473 = CARTESIAN_POINT('',(3.10519525644,-2.110688822503,
    23.348611800366));
#2474 = CARTESIAN_POINT('',(3.532548412256,1.272146815189,
    23.551387935216));
#2475 = CARTESIAN_POINT('',(2.77624631324,3.086518722669,23.652781101191
    ));
#2476 = CARTESIAN_POINT('',(0.971422937042,4.384532594605,
    23.754158711716));
#2477 = CARTESIAN_POINT('',(-1.482804787921,4.486107239848,
    23.855566897309));
#2478 = CARTESIAN_POINT('',(-3.625215347724,3.030111360968,
    23.95693283828));
#2479 = CARTESIAN_POINT('',(-4.434240447842,0.710858201687,
    24.058341023854));
#2480 = CARTESIAN_POINT('',(-3.891777828325,-1.445070824325,
    24.159718634403));
#2481 = CARTESIAN_POINT('',(-2.483229573044,-2.816170409196,
    24.261111800363));
#2482 = CARTESIAN_POINT('',(0.81936984235,-3.664135486815,
    24.463887935224));
#2483 = CARTESIAN_POINT('',(2.714224673022,-3.141198153822,
    24.565281101162));
#2484 = CARTESIAN_POINT('',(4.228207667671,-1.513290624757,
    24.666658711771));
#2485 = CARTESIAN_POINT('',(4.636577663098,0.908854102766,
    24.768066897242));
#2486 = CARTESIAN_POINT('',(3.460577989776,3.216855786988,
    24.869432838335));
#2487 = CARTESIAN_POINT('',(1.261010566148,4.310180980445,
    24.970841023825));
#2488 = CARTESIAN_POINT('',(-0.945906909708,4.04220539687,
    25.072218634409));
#2489 = CARTESIAN_POINT('',(-2.482732872295,2.816608309808,
    25.173611800367));
#2490 = CARTESIAN_POINT('',(-3.737936955915,-0.353670917625,
    25.376387935208));
#2491 = CARTESIAN_POINT('',(-3.456611422999,-2.299125678918,
    25.477781101229));
#2492 = CARTESIAN_POINT('',(-2.031292815415,-4.005201379912,
    25.579158711637));
#2493 = CARTESIAN_POINT('',(0.320570245572,-4.713926486995,
    25.680566897421));
#2494 = CARTESIAN_POINT('',(2.757764488793,-3.836469236279,
    25.781932838167));
#2495 = CARTESIAN_POINT('',(4.11814738421,-1.791276040799,
    25.883341023937));
#2496 = CARTESIAN_POINT('',(4.128884971621,0.431825478114,25.98471863436
    ));
#2497 = CARTESIAN_POINT('',(3.105567450964,2.11014115488,26.086111800377
    ));
#2498 = CARTESIAN_POINT('',(0.117605608739,3.752788926277,
    26.288887935204));
#2499 = CARTESIAN_POINT('',(-1.847768099388,3.717511865189,
    26.390281101236));
#2500 = CARTESIAN_POINT('',(-3.719030673911,2.517260304899,
    26.491658711613));
#2501 = CARTESIAN_POINT('',(-4.716933874042,0.272769195896,
    26.593066897477));
#2502 = CARTESIAN_POINT('',(-4.151857071351,-2.255181597139,
    26.694432838071));
#2503 = CARTESIAN_POINT('',(-2.293292022034,-3.861168143772,
    26.795841024059));
#2504 = CARTESIAN_POINT('',(-8.906609936149E-02,-4.150449563787,
    26.897218634241));
#2505 = CARTESIAN_POINT('',(1.704271250986,-3.345549938312,
    26.998611800466));
#2506 = CARTESIAN_POINT('',(3.708457173333,-0.587027424259,
    27.201387935017));
#2507 = CARTESIAN_POINT('',(3.919784925223,1.367270112378,
    27.302781102256));
#2508 = CARTESIAN_POINT('',(2.963529093829,3.374208634493,
    27.404158708938));
#2509 = CARTESIAN_POINT('',(0.861806907495,4.645552392584,
    27.505566902362));
#2510 = CARTESIAN_POINT('',(-1.717033149101,4.401767645147,
    27.60693283126));
#2511 = CARTESIAN_POINT('',(-3.543295970118,2.759141412707,
    27.708341031568));
#2512 = CARTESIAN_POINT('',(-4.106559091407,0.608553056021,
    27.80971862762));
#2513 = CARTESIAN_POINT('',(-3.53277110149,-1.271523974729,
    27.911111805116));
#2514 = CARTESIAN_POINT('',(-1.047191473137,-3.605640828429,
    28.11388792527));
#2515 = CARTESIAN_POINT('',(0.865209494084,-4.060240673281,
    28.21528115488));
#2516 = CARTESIAN_POINT('',(2.976173217326,-3.363061159605,
    28.316658571335));
#2517 = CARTESIAN_POINT('',(4.500907942231,-1.437253589742,
    28.418067153015));
#2518 = CARTESIAN_POINT('',(4.582259480775,1.151806313548,
    28.519432482624));
#2519 = CARTESIAN_POINT('',(3.181477751283,3.169543626264,
    28.620841415081));
#2520 = CARTESIAN_POINT('',(1.118442541947,3.997905972038,
    28.722218290058));
#2521 = CARTESIAN_POINT('',(-0.818723847645,3.664278183556,
    28.823612041894));
#2522 = CARTESIAN_POINT('',(-2.13234277637,2.577559613785,
    28.924999735581));
#2523 = DEFINITIONAL_REPRESENTATION('',(#2524),#2527);
#2524 = B_SPLINE_CURVE_WITH_KNOTS('',1,(#2525,#2526),.UNSPECIFIED.,.F.,
  .F.,(2,2),(0.,149.65160176608),.PIECEWISE_BEZIER_KNOTS.);
#2525 = CARTESIAN_POINT('',(0.55,0.));
#2526 = CARTESIAN_POINT('',(0.55,149.65160176608));
#2527 = ( GEOMETRIC_REPRESENTATION_CONTEXT(2) 
PARAMETRIC_REPRESENTATION_CONTEXT() REPRESENTATION_CONTEXT('2D SPACE',''
  ) );
#2528 = ORIENTED_EDGE('',*,*,#2529,.T.);
#2529 = EDGE_CURVE('',#1217,#2530,#2532,.T.);
#2530 = VERTEX_POINT('',#2531);
#2531 = CARTESIAN_POINT('',(4.02025,2.22044604925E-15,0.));
#2532 = SURFACE_CURVE('',#2533,(#2536,#2543),.PCURVE_S1.);
#2533 = B_SPLINE_CURVE_WITH_KNOTS('',1,(#2534,#2535),.UNSPECIFIED.,.F.,
  .F.,(2,2),(0.,0.728868986856),.PIECEWISE_BEZIER_KNOTS.);
#2534 = CARTESIAN_POINT('',(3.34525,-4.440892098501E-16,-0.275));
#2535 = CARTESIAN_POINT('',(4.02025,-1.7763568394E-15,0.));
#2536 = PCURVE('',#1482,#2537);
#2537 = DEFINITIONAL_REPRESENTATION('',(#2538),#2542);
#2538 = LINE('',#2539,#2540);
#2539 = CARTESIAN_POINT('',(0.,0.));
#2540 = VECTOR('',#2541,1.);
#2541 = DIRECTION('',(1.,0.));
#2542 = ( GEOMETRIC_REPRESENTATION_CONTEXT(2) 
PARAMETRIC_REPRESENTATION_CONTEXT() REPRESENTATION_CONTEXT('2D SPACE',''
  ) );
#2543 = PCURVE('',#2544,#2549);
#2544 = PLANE('',#2545);
#2545 = AXIS2_PLACEMENT_3D('',#2546,#2547,#2548);
#2546 = CARTESIAN_POINT('',(3.590295206381,-5.261792437769E-16,
    -1.382430176599E-17));
#2547 = DIRECTION('',(1.74023841531E-15,-1.,-1.849189511124E-15));
#2548 = DIRECTION('',(0.,1.849189511124E-15,-1.));
#2549 = DEFINITIONAL_REPRESENTATION('',(#2550),#2553);
#2550 = B_SPLINE_CURVE_WITH_KNOTS('',1,(#2551,#2552),.UNSPECIFIED.,.F.,
  .F.,(2,2),(0.,0.728868986856),.PIECEWISE_BEZIER_KNOTS.);
#2551 = CARTESIAN_POINT('',(0.275,-0.245045206381));
#2552 = CARTESIAN_POINT('',(-1.3824301766E-17,0.429954793619));
#2553 = ( GEOMETRIC_REPRESENTATION_CONTEXT(2) 
PARAMETRIC_REPRESENTATION_CONTEXT() REPRESENTATION_CONTEXT('2D SPACE',''
  ) );
#2554 = ORIENTED_EDGE('',*,*,#2555,.T.);
#2555 = EDGE_CURVE('',#2530,#2556,#2558,.T.);
#2556 = VERTEX_POINT('',#2557);
#2557 = CARTESIAN_POINT('',(-2.562603779362,3.09765587703,29.20000036515
    ));
#2558 = SURFACE_CURVE('',#2559,(#2818,#2825),.PCURVE_S1.);
#2559 = B_SPLINE_CURVE_WITH_KNOTS('',9,(#2560,#2561,#2562,#2563,#2564,
    #2565,#2566,#2567,#2568,#2569,#2570,#2571,#2572,#2573,#2574,#2575,
    #2576,#2577,#2578,#2579,#2580,#2581,#2582,#2583,#2584,#2585,#2586,
    #2587,#2588,#2589,#2590,#2591,#2592,#2593,#2594,#2595,#2596,#2597,
    #2598,#2599,#2600,#2601,#2602,#2603,#2604,#2605,#2606,#2607,#2608,
    #2609,#2610,#2611,#2612,#2613,#2614,#2615,#2616,#2617,#2618,#2619,
    #2620,#2621,#2622,#2623,#2624,#2625,#2626,#2627,#2628,#2629,#2630,
    #2631,#2632,#2633,#2634,#2635,#2636,#2637,#2638,#2639,#2640,#2641,
    #2642,#2643,#2644,#2645,#2646,#2647,#2648,#2649,#2650,#2651,#2652,
    #2653,#2654,#2655,#2656,#2657,#2658,#2659,#2660,#2661,#2662,#2663,
    #2664,#2665,#2666,#2667,#2668,#2669,#2670,#2671,#2672,#2673,#2674,
    #2675,#2676,#2677,#2678,#2679,#2680,#2681,#2682,#2683,#2684,#2685,
    #2686,#2687,#2688,#2689,#2690,#2691,#2692,#2693,#2694,#2695,#2696,
    #2697,#2698,#2699,#2700,#2701,#2702,#2703,#2704,#2705,#2706,#2707,
    #2708,#2709,#2710,#2711,#2712,#2713,#2714,#2715,#2716,#2717,#2718,
    #2719,#2720,#2721,#2722,#2723,#2724,#2725,#2726,#2727,#2728,#2729,
    #2730,#2731,#2732,#2733,#2734,#2735,#2736,#2737,#2738,#2739,#2740,
    #2741,#2742,#2743,#2744,#2745,#2746,#2747,#2748,#2749,#2750,#2751,
    #2752,#2753,#2754,#2755,#2756,#2757,#2758,#2759,#2760,#2761,#2762,
    #2763,#2764,#2765,#2766,#2767,#2768,#2769,#2770,#2771,#2772,#2773,
    #2774,#2775,#2776,#2777,#2778,#2779,#2780,#2781,#2782,#2783,#2784,
    #2785,#2786,#2787,#2788,#2789,#2790,#2791,#2792,#2793,#2794,#2795,
    #2796,#2797,#2798,#2799,#2800,#2801,#2802,#2803,#2804,#2805,#2806,
    #2807,#2808,#2809,#2810,#2811,#2812,#2813,#2814,#2815,#2816,#2817),
  .UNSPECIFIED.,.F.,.F.,(10,8,8,8,8,8,8,8,8,8,8,8,8,8,8,8,8,8,8,8,8,8,8,
    8,8,8,8,8,8,8,8,8,10),(0.,4.67661255519,9.35322511038,14.02983766557
    ,18.706450220761,23.383062775951,28.059675331141,32.736287886331,
    37.412900441521,42.089512996711,46.766125551901,51.442738107092,
    56.119350662282,60.795963217472,65.472575772662,70.149188327852,
    74.825800883042,79.502413438232,84.179025993423,88.855638548613,
    93.532251103803,98.208863658993,102.88547621418,107.56208876937,
    112.23870132456,116.91531387975,121.59192643494,126.26853899013,
    130.94515154532,135.62176410051,140.2983766557,144.97498921089,
    149.65160176608),.UNSPECIFIED.);
#2560 = CARTESIAN_POINT('',(4.02025,-1.7763568394E-15,0.));
#2561 = CARTESIAN_POINT('',(4.020250001126,2.04886343726,0.101390539391)
  );
#2562 = CARTESIAN_POINT('',(2.845228747795,4.098237263828,0.20277271282)
  );
#2563 = CARTESIAN_POINT('',(0.497808836907,5.373992920533,0.304178192272
    ));
#2564 = CARTESIAN_POINT('',(-2.443643886954,5.125462578867,
    0.405539402068));
#2565 = CARTESIAN_POINT('',(-4.778776945773,3.066765828379,
    0.506960825058));
#2566 = CARTESIAN_POINT('',(-5.39400939996,0.179656481401,0.608322519266
    ));
#2567 = CARTESIAN_POINT('',(-4.422523143859,-2.309147922771,
    0.70972725096));
#2568 = CARTESIAN_POINT('',(-2.536578506409,-3.731758436227,
    0.811110145553));
#2569 = CARTESIAN_POINT('',(1.528836622482,-4.245339814,1.013890212421)
  );
#2570 = CARTESIAN_POINT('',(3.709319694397,-3.336438590066,
    1.115273178952));
#2571 = CARTESIAN_POINT('',(5.26922541877,-1.167423383846,1.216677662708
    ));
#2572 = CARTESIAN_POINT('',(5.391316539407,1.781984234161,1.318039883449
    ));
#2573 = CARTESIAN_POINT('',(3.641523049723,4.356727178842,1.419460478986
    ));
#2574 = CARTESIAN_POINT('',(0.854288466036,5.328959100006,1.520822709244
    ));
#2575 = CARTESIAN_POINT('',(-1.736650471611,4.677063202709,1.62222717831
    ));
#2576 = CARTESIAN_POINT('',(-3.384414820669,2.984290179154,
    1.723610159009));
#2577 = CARTESIAN_POINT('',(-4.403478078683,-0.984699122706,
    1.926390205997));
#2578 = CARTESIAN_POINT('',(-3.775030807358,-3.261903963458,
    2.027773188111));
#2579 = CARTESIAN_POINT('',(-1.818626961319,-5.081359055034,
    2.129177652301));
#2580 = CARTESIAN_POINT('',(1.092221620654,-5.572146244259,
    2.230539892911));
#2581 = CARTESIAN_POINT('',(3.865969225195,-4.158851258,2.331960472182)
  );
#2582 = CARTESIAN_POINT('',(5.179867929773,-1.515447821791,
    2.433322712979));
#2583 = CARTESIAN_POINT('',(4.85784318164,1.136765009126,2.534727176881)
  );
#2584 = CARTESIAN_POINT('',(3.38493781291,2.983696960889,2.636110159273)
  );
#2585 = CARTESIAN_POINT('',(-0.425032329471,4.492170863912,
    2.838890205871));
#2586 = CARTESIAN_POINT('',(-2.763046058543,4.154088533215,
    2.940273188288));
#2587 = CARTESIAN_POINT('',(-4.813356623434,2.441149705796,
    3.041677652103));
#2588 = CARTESIAN_POINT('',(-5.665099874303,-0.385234020254,
    3.14303989309));
#2589 = CARTESIAN_POINT('',(-4.610591897484,-3.314242627071,
    3.244460472056));
#2590 = CARTESIAN_POINT('',(-2.152707660155,-4.949087148188,
    3.345822713047));
#2591 = CARTESIAN_POINT('',(0.518952083393,-4.962012071583,
    3.447227176856));
#2592 = CARTESIAN_POINT('',(2.535924417659,-3.732202955307,
    3.548610159278));
#2593 = CARTESIAN_POINT('',(4.510019431125,-0.141337477496,
    3.751390205869));
#2594 = CARTESIAN_POINT('',(4.467633801368,2.220613266709,3.852773188293
    ));
#2595 = CARTESIAN_POINT('',(3.025174061143,4.469444682536,3.954177652097
    ));
#2596 = CARTESIAN_POINT('',(0.32782895077,5.668711495148,4.055539893096)
  );
#2597 = CARTESIAN_POINT('',(-2.710248442883,4.989620748524,
    4.156960472051));
#2598 = CARTESIAN_POINT('',(-4.640256305839,2.756018012746,4.25832271305
    ));
#2599 = CARTESIAN_POINT('',(-4.987927066994,0.107045026705,
    4.359727176854));
#2600 = CARTESIAN_POINT('',(-4.020609027589,-2.048158831475,
    4.461110159278));
#2601 = CARTESIAN_POINT('',(-0.705478308011,-4.456742297755,
    4.663890205868));
#2602 = CARTESIAN_POINT('',(1.643160077129,-4.710721815639,
    4.765273188294));
#2603 = CARTESIAN_POINT('',(4.055046929078,-3.561489614395,
    4.866677652095));
#2604 = CARTESIAN_POINT('',(5.58292414939,-1.035721863405,4.968039893098
    ));
#2605 = CARTESIAN_POINT('',(5.289960299703,2.063512021726,5.069460472049
    ));
#2606 = CARTESIAN_POINT('',(3.315864314911,4.258245849592,5.170822713052
    ));
#2607 = CARTESIAN_POINT('',(0.731353972786,4.935179472915,5.272227176853
    ));
#2608 = CARTESIAN_POINT('',(-1.528092557007,4.245607693711,
    5.373610159279));
#2609 = CARTESIAN_POINT('',(-4.333179676021,1.258493324176,
    5.576390205868));
#2610 = CARTESIAN_POINT('',(-4.879518932828,-1.039793271557,
    5.677773188295));
#2611 = CARTESIAN_POINT('',(-4.041638348898,-3.576698663182,
    5.779177652093));
#2612 = CARTESIAN_POINT('',(-1.727280823541,-5.409090754719,
    5.880539893101));
#2613 = CARTESIAN_POINT('',(1.384232783302,-5.506874016888,
    5.981960472046));
#2614 = CARTESIAN_POINT('',(3.809080312545,-3.823417456028,
    6.083322713054));
#2615 = CARTESIAN_POINT('',(4.804601150414,-1.344129029826,
    6.184727176852));
#2616 = CARTESIAN_POINT('',(4.4036505903,0.983927350078,6.286110159279)
  );
#2617 = CARTESIAN_POINT('',(1.791661148832,4.141280222279,6.488890205867
    ));
#2618 = CARTESIAN_POINT('',(-0.420028304949,4.971363121563,
    6.590273188297));
#2619 = CARTESIAN_POINT('',(-3.041943722751,4.458048032281,6.69167765209
    ));
#2620 = CARTESIAN_POINT('',(-5.149952767611,2.391599533264,
    6.793039893104));
#2621 = CARTESIAN_POINT('',(-5.63694104118,-0.683123366987,
    6.894460472044));
#2622 = CARTESIAN_POINT('',(-4.270673019864,-3.299843303534,
    6.995822713056));
#2623 = CARTESIAN_POINT('',(-1.935706369123,-4.598251397642,
    7.097227176851));
#2624 = CARTESIAN_POINT('',(0.424245021068,-4.492245286467,
    7.198610159279));
#2625 = CARTESIAN_POINT('',(3.884070305551,-2.296573406885,
    7.401390205869));
#2626 = CARTESIAN_POINT('',(4.984805944124,-0.206360758939,
    7.502773188292));
#2627 = CARTESIAN_POINT('',(4.804151635082,2.45921551264,7.604177652099)
  );
#2628 = CARTESIAN_POINT('',(3.018201289681,4.80959694893,7.705539893092)
  );
#2629 = CARTESIAN_POINT('',(2.875931289917E-02,5.678110137903,
    7.806960472054));
#2630 = CARTESIAN_POINT('',(-2.738565794392,4.650577519003,
    7.908322713048));
#2631 = CARTESIAN_POINT('',(-4.319384473469,2.496756462642,
    8.009727176855));
#2632 = CARTESIAN_POINT('',(-4.509994590928,0.142127905356,
    8.111110159278));
#2633 = CARTESIAN_POINT('',(-2.765267330404,-3.565606279874,
    8.313890205868));
#2634 = CARTESIAN_POINT('',(-0.829495390386,-4.919635399166,
    8.415273188296));
#2635 = CARTESIAN_POINT('',(1.837704004833,-5.074490896741,
    8.516677652091));
#2636 = CARTESIAN_POINT('',(4.393390913245,-3.597204208767,
    8.618039893102));
#2637 = CARTESIAN_POINT('',(5.629732045817,-0.740188441246,
    8.719460472045));
#2638 = CARTESIAN_POINT('',(4.957139632544,2.134099466736,8.820822713055
    ));
#2639 = CARTESIAN_POINT('',(3.018431215257,3.972398275872,8.922227176851
    ));
#2640 = CARTESIAN_POINT('',(0.706259389809,4.456618586551,9.023610159279
    ));
#2641 = CARTESIAN_POINT('',(-3.190910513173,3.190351336232,
    9.226390205868));
#2642 = CARTESIAN_POINT('',(-4.776879265116,1.43954838401,9.327773188293
    ));
#2643 = CARTESIAN_POINT('',(-5.264802405605,-1.18721080708,
    9.429177652098));
#2644 = CARTESIAN_POINT('',(-4.119477068615,-3.907898478375,
    9.530539893093));
#2645 = CARTESIAN_POINT('',(-1.439944355709,-5.492569716329,
    9.631960472053));
#2646 = CARTESIAN_POINT('',(1.495977115641,-5.185524692829,
    9.733322713049));
#2647 = CARTESIAN_POINT('',(3.562764984469,-3.492503504484,
    9.834727176854));
#2648 = CARTESIAN_POINT('',(4.332959044808,-1.259252741786,
    9.936110159278));
#2649 = CARTESIAN_POINT('',(3.565121595665,2.765892181521,10.13889020587
    ));
#2650 = CARTESIAN_POINT('',(2.026898839672,4.558788891488,10.24027318829
    ));
#2651 = CARTESIAN_POINT('',(-0.517994585691,5.372084835484,
    10.341677652103));
#2652 = CARTESIAN_POINT('',(-3.360776150037,4.576783314245,
    10.443039893088));
#2653 = CARTESIAN_POINT('',(-5.268786281311,2.11699148749,
    10.544460472059));
#2654 = CARTESIAN_POINT('',(-5.332130931026,-0.834262311773,
    10.645822713044));
#2655 = CARTESIAN_POINT('',(-3.911496927124,-3.09694476097,
    10.747227176857));
#2656 = CARTESIAN_POINT('',(-1.792386925784,-4.140966150545,
    10.848610159277));
#2657 = CARTESIAN_POINT('',(2.297254077903,-3.883667757833,
    11.051390205871));
#2658 = CARTESIAN_POINT('',(4.26880369375,-2.582283889822,
    11.152773188287));
#2659 = CARTESIAN_POINT('',(5.394646278387,-0.159390719749,
    11.254177652107));
#2660 = CARTESIAN_POINT('',(4.961910952961,2.760652374183,
    11.355539893083));
#2661 = CARTESIAN_POINT('',(2.760652398895,4.961910939216,
    11.456960472063));
#2662 = CARTESIAN_POINT('',(-0.15939069289,5.394646279181,
    11.558322713041));
#2663 = CARTESIAN_POINT('',(-2.582283868563,4.268803706608,
    11.659727176859));
#2664 = CARTESIAN_POINT('',(-3.883667746394,2.297254097242,
    11.761110159277));
#2665 = CARTESIAN_POINT('',(-4.140966159469,-1.792386905164,
    11.963890205868));
#2666 = CARTESIAN_POINT('',(-3.09694478045,-3.911496911701,
    12.065273188296));
#2667 = CARTESIAN_POINT('',(-0.834262338321,-5.332130926876,
    12.166677652091));
#2668 = CARTESIAN_POINT('',(2.116991461253,-5.268786291846,
    12.268039893102));
#2669 = CARTESIAN_POINT('',(4.576783297509,-3.360776172836,
    12.369460472045));
#2670 = CARTESIAN_POINT('',(5.372084832907,-0.517994612434,
    12.470822713055));
#2671 = CARTESIAN_POINT('',(4.558788901579,2.026898816968,
    12.572227176852));
#2672 = CARTESIAN_POINT('',(2.765892199274,3.565121581893,
    12.673610159278));
#2673 = CARTESIAN_POINT('',(-1.25925272021,4.332959051078,12.87639020587
    ));
#2674 = CARTESIAN_POINT('',(-3.492503486743,3.562765001864,
    12.977773188287));
#2675 = CARTESIAN_POINT('',(-5.18552468538,1.495977141454,
    13.079177652107));
#2676 = CARTESIAN_POINT('',(-5.492569723496,-1.439944328347,
    13.180539893082));
#2677 = CARTESIAN_POINT('',(-3.907898498894,-4.119477049165,
    13.281960472065));
#2678 = CARTESIAN_POINT('',(-1.18721083329,-5.264802399687,
    13.383322713039));
#2679 = CARTESIAN_POINT('',(1.439548360219,-4.776879272286,
    13.484727176861));
#2680 = CARTESIAN_POINT('',(3.190351320344,-3.190910529059,
    13.586110159275));
#2681 = CARTESIAN_POINT('',(4.456618590066,0.706259367617,
    13.788890205873));
#2682 = CARTESIAN_POINT('',(3.972398290907,3.018431195479,
    13.890273188279));
#2683 = CARTESIAN_POINT('',(2.13409949141,4.957139621913,13.991677652118
    ));
#2684 = CARTESIAN_POINT('',(-0.740188413199,5.629732049506,
    14.09303989307));
#2685 = CARTESIAN_POINT('',(-3.597204186902,4.393390931157,
    14.194460472076));
#2686 = CARTESIAN_POINT('',(-5.074490887584,1.8377040301,14.295822713031
    ));
#2687 = CARTESIAN_POINT('',(-4.919635403299,-0.829495365886,
    14.397227176865));
#2688 = CARTESIAN_POINT('',(-3.565606293643,-2.76526731265,
    14.498610159275));
#2689 = CARTESIAN_POINT('',(0.142127882898,-4.509994591635,
    14.701390205869));
#2690 = CARTESIAN_POINT('',(2.496756441132,-4.319384485904,
    14.802773188295));
#2691 = CARTESIAN_POINT('',(4.65057750537,-2.738565817545,
    14.904177652092));
#2692 = CARTESIAN_POINT('',(5.678110138039,2.875928461999E-02,
    15.005539893102));
#2693 = CARTESIAN_POINT('',(4.809596963967,3.018201265734,
    15.106960472045));
#2694 = CARTESIAN_POINT('',(2.459215536556,4.804151622836,
    15.208322713055));
#2695 = CARTESIAN_POINT('',(-0.206360734113,4.984805945151,
    15.309727176852));
#2696 = CARTESIAN_POINT('',(-2.296573387545,3.884070316987,
    15.411110159278));
#2697 = CARTESIAN_POINT('',(-4.492245284353,0.424245043437,
    15.61389020587));
#2698 = CARTESIAN_POINT('',(-4.598251407286,-1.935706346224,
    15.715273188288));
#2699 = CARTESIAN_POINT('',(-3.299843324791,-4.270673003436,
    15.816677652105));
#2700 = CARTESIAN_POINT('',(-0.683123395067,-5.636941037771,
    15.918039893085));
#2701 = CARTESIAN_POINT('',(2.391599507628,-5.149952779529,
    16.019460472061));
#2702 = CARTESIAN_POINT('',(4.45804801713,-3.041943744943,
    16.120822713043));
#2703 = CARTESIAN_POINT('',(4.971363119472,-0.420028329708,
    16.222227176858));
#2704 = CARTESIAN_POINT('',(4.141280231201,1.791661128212,
    16.323610159276));
#2705 = CARTESIAN_POINT('',(0.983927372006,4.4036505854,16.526390205871)
  );
#2706 = CARTESIAN_POINT('',(-1.3441290059,4.804601157112,16.627773188286
    ));
#2707 = CARTESIAN_POINT('',(-3.823417437065,3.809080331575,
    16.729177652105));
#2708 = CARTESIAN_POINT('',(-5.506874009988,1.384232810733,
    16.830539893087));
#2709 = CARTESIAN_POINT('',(-5.409090763328,-1.727280796611,
    16.931960472059));
#2710 = CARTESIAN_POINT('',(-3.576698683301,-4.041638331088,
    17.033322713045));
#2711 = CARTESIAN_POINT('',(-1.039793295857,-4.879518927649,
    17.134727176857));
#2712 = CARTESIAN_POINT('',(1.2584933026,-4.333179682288,17.236110159278
    ));
#2713 = CARTESIAN_POINT('',(4.245607686101,-1.528092578148,
    17.438890205868));
#2714 = CARTESIAN_POINT('',(4.935179476559,0.731353948208,
    17.540273188295));
#2715 = CARTESIAN_POINT('',(4.2582458661,3.315864293713,17.641677652093)
  );
#2716 = CARTESIAN_POINT('',(2.063512048069,5.289960289418,
    17.743039893099));
#2717 = CARTESIAN_POINT('',(-1.035721835602,5.582924154557,
    17.844460472048));
#2718 = CARTESIAN_POINT('',(-3.561489594206,4.055046946807,
    17.945822713052));
#2719 = CARTESIAN_POINT('',(-4.710721807454,1.64316010059,
    18.047227176853));
#2720 = CARTESIAN_POINT('',(-4.456742301269,-0.705478285819,
    18.148610159278));
#2721 = CARTESIAN_POINT('',(-2.048158851495,-4.02060901739,
    18.35139020587));
#2722 = CARTESIAN_POINT('',(0.107045001865,-4.987927067529,
    18.452773188287));
#2723 = CARTESIAN_POINT('',(2.756017989645,-4.64025631956,
    18.554177652108));
#2724 = CARTESIAN_POINT('',(4.989620735021,-2.71024846773,
    18.655539893081));
#2725 = CARTESIAN_POINT('',(5.668711496787,0.32782892254,18.756960472066
    ));
#2726 = CARTESIAN_POINT('',(4.469444697596,3.025174038891,
    18.858322713038));
#2727 = CARTESIAN_POINT('',(2.220613288958,4.467633790308,
    18.959727176862));
#2728 = CARTESIAN_POINT('',(-0.141337455038,4.51001943183,
    19.061110159274));
#2729 = CARTESIAN_POINT('',(-3.732202942679,2.535924436243,
    19.263890205875));
#2730 = CARTESIAN_POINT('',(-4.962012069002,0.518952108103,
    19.365273188271));
#2731 = CARTESIAN_POINT('',(-4.949087158903,-2.152707635515,
    19.466677652138));
#2732 = CARTESIAN_POINT('',(-3.314242650035,-4.610591880976,
    19.568039893043));
#2733 = CARTESIAN_POINT('',(-0.385234048462,-5.66509987239,
    19.669460472103));
#2734 = CARTESIAN_POINT('',(2.441149681828,-4.813356635585,
    19.770822713012));
#2735 = CARTESIAN_POINT('',(4.154088519454,-2.763046079231,
    19.872227176874));
#2736 = CARTESIAN_POINT('',(4.492170861796,-0.425032351839,
    19.973610159272));
#2737 = CARTESIAN_POINT('',(2.983696977743,3.384937798052,
    20.176390205871));
#2738 = CARTESIAN_POINT('',(1.136765033321,4.857843175982,
    20.277773188291));
#2739 = CARTESIAN_POINT('',(-1.515447796011,5.179867937315,
    20.379177652097));
#2740 = CARTESIAN_POINT('',(-4.15885123873,3.865969245906,
    20.480539893098));
#2741 = CARTESIAN_POINT('',(-5.572146238841,1.092221648402,
    20.581960472048));
#2742 = CARTESIAN_POINT('',(-5.081359064072,-1.818626936018,
    20.683322713052));
#2743 = CARTESIAN_POINT('',(-3.261903982269,-3.775030791114,
    20.784727176855));
#2744 = CARTESIAN_POINT('',(-0.984699144626,-4.403478073779,
    20.886110159276));
#2745 = CARTESIAN_POINT('',(2.984290162285,-3.384414835531,
    21.088890205875));
#2746 = CARTESIAN_POINT('',(4.677063194146,-1.736650494892,
    21.190273188272));
#2747 = CARTESIAN_POINT('',(5.328959104042,0.854288439478,21.29167765213
    ));
#2748 = CARTESIAN_POINT('',(4.356727197367,3.641523028072,
    21.393039893057));
#2749 = CARTESIAN_POINT('',(1.781984260471,5.391316530469,
    21.494460472087));
#2750 = CARTESIAN_POINT('',(-1.167423357024,5.269225424659,
    21.595822713023));
#2751 = CARTESIAN_POINT('',(-3.336438572107,3.709319710942,
    21.69722717687));
#2752 = CARTESIAN_POINT('',(-4.245339806028,1.528836643671,
    21.798610159274));
#2753 = CARTESIAN_POINT('',(-3.73175844961,-2.536578487932,
    22.001390205871));
#2754 = CARTESIAN_POINT('',(-2.309147940734,-4.422523131791,
    22.10277318829));
#2755 = CARTESIAN_POINT('',(0.179656443926,-5.394009402347,
    22.204177652097));
#2756 = CARTESIAN_POINT('',(3.066765823926,-4.778776958322,
    22.305539893099));
#2757 = CARTESIAN_POINT('',(5.125462539787,-2.443643916265,
    22.406960472046));
#2758 = CARTESIAN_POINT('',(5.373992952623,0.497808814315,
    22.508322713056));
#2759 = CARTESIAN_POINT('',(4.098237251929,2.845228723721,22.60972717685
    ));
#2760 = CARTESIAN_POINT('',(2.048863475564,4.020249993493,22.71111015928
    ));
#2761 = CARTESIAN_POINT('',(-2.048863455545,4.020250003695,
    22.913890205867));
#2762 = CARTESIAN_POINT('',(-4.098237237761,2.845228744133,23.0152731883
    ));
#2763 = CARTESIAN_POINT('',(-5.373992950148,0.497808841067,
    23.116677652083));
#2764 = CARTESIAN_POINT('',(-5.125462551948,-2.443643890735,
    23.218039893114));
#2765 = CARTESIAN_POINT('',(-3.066765847732,-4.778776943055,
    23.319460472032));
#2766 = CARTESIAN_POINT('',(-0.179656470777,-5.394009401452,
    23.420822713065));
#2767 = CARTESIAN_POINT('',(2.309147918708,-4.422523143288,
    23.522227176846));
#2768 = CARTESIAN_POINT('',(3.73175843698,-2.536578506515,
    23.623610159281));
#2769 = CARTESIAN_POINT('',(4.24533981364,1.528836622532,23.826390205867
    ));
#2770 = CARTESIAN_POINT('',(3.336438590579,3.709319694326,
    23.927773188299));
#2771 = CARTESIAN_POINT('',(1.16742338326,5.269225418851,24.029177652085
    ));
#2772 = CARTESIAN_POINT('',(-1.781984233628,5.391316539333,
    24.130539893113));
#2773 = CARTESIAN_POINT('',(-4.356727179226,3.641523049776,
    24.231960472033));
#2774 = CARTESIAN_POINT('',(-5.328959099797,0.854288466006,
    24.333322713065));
#2775 = CARTESIAN_POINT('',(-4.677063202789,-1.736650471599,
    24.434727176845));
#2776 = CARTESIAN_POINT('',(-2.984290179139,-3.384414820671,
    24.536110159283));
#2777 = CARTESIAN_POINT('',(0.9846991227,-4.403478078682,24.738890205861
    ));
#2778 = CARTESIAN_POINT('',(3.261903963466,-3.775030807359,
    24.840273188315));
#2779 = CARTESIAN_POINT('',(5.081359055027,-1.81862696132,
    24.941677652058));
#2780 = CARTESIAN_POINT('',(5.572146244264,1.092221620658,
    25.043039893143));
#2781 = CARTESIAN_POINT('',(4.158851257996,3.865969225191,
    25.144460472006));
#2782 = CARTESIAN_POINT('',(1.515447821795,5.179867929775,
    25.245822713083));
#2783 = CARTESIAN_POINT('',(-1.136765009127,4.857843181639,
    25.347227176838));
#2784 = CARTESIAN_POINT('',(-2.983696960889,3.38493781291,
    25.448610159281));
#2785 = CARTESIAN_POINT('',(-4.492170863911,-0.42503232947,
    25.651390205873));
#2786 = CARTESIAN_POINT('',(-4.154088533217,-2.763046058544,
    25.752773188275));
#2787 = CARTESIAN_POINT('',(-2.441149705791,-4.813356623432,
    25.854177652129));
#2788 = CARTESIAN_POINT('',(0.385234020245,-5.665099874304,
    25.955539893055));
#2789 = CARTESIAN_POINT('',(3.31424262708,-4.610591897484,26.05696047209
    ));
#2790 = CARTESIAN_POINT('',(4.949087148182,-2.152707660155,
    26.15832271302));
#2791 = CARTESIAN_POINT('',(4.962012071586,0.518952083392,
    26.259727176872));
#2792 = CARTESIAN_POINT('',(3.732202955307,2.535924417659,
    26.361110159271));
#2793 = CARTESIAN_POINT('',(0.141337477496,4.510019431126,
    26.563890205878));
#2794 = CARTESIAN_POINT('',(-2.220613266711,4.467633801367,
    26.665273188254));
#2795 = CARTESIAN_POINT('',(-4.469444682532,3.025174061146,
    26.766677652188));
#2796 = CARTESIAN_POINT('',(-5.668711495155,0.327828950763,
    26.868039892938));
#2797 = CARTESIAN_POINT('',(-4.989620748514,-2.710248442874,
    26.969460472262));
#2798 = CARTESIAN_POINT('',(-2.756018012756,-4.640256305849,
    27.070822712825));
#2799 = CARTESIAN_POINT('',(-0.107045026697,-4.987927066986,
    27.172227177047));
#2800 = CARTESIAN_POINT('',(2.04815883147,-4.020609027595,
    27.273610159147));
#2801 = CARTESIAN_POINT('',(4.456742297765,-0.705478308,27.47639020614)
  );
#2802 = CARTESIAN_POINT('',(4.710721815585,1.643160077071,
    27.577773186835));
#2803 = CARTESIAN_POINT('',(3.561489614535,4.055046929233,
    27.679177655905));
#2804 = CARTESIAN_POINT('',(1.035721863149,5.582924149107,27.78053988616
    ));
#2805 = CARTESIAN_POINT('',(-2.063512021369,5.289960300099,
    27.881960481697));
#2806 = CARTESIAN_POINT('',(-4.258245849986,3.315864314475,
    27.983322702438));
#2807 = CARTESIAN_POINT('',(-4.935179472567,0.731353973169,
    28.084727186196));
#2808 = CARTESIAN_POINT('',(-4.245607693956,-1.528092557275,
    28.186110152725));
#2809 = CARTESIAN_POINT('',(-1.258493323664,-4.333179675459,
    28.388890219597));
#2810 = CARTESIAN_POINT('',(1.039793268789,-4.879518935858,
    28.490273114176));
#2811 = CARTESIAN_POINT('',(3.57669867042,-4.041638340977,
    28.591677845901));
#2812 = CARTESIAN_POINT('',(5.409090741535,-1.727280837971,
    28.693039540062));
#2813 = CARTESIAN_POINT('',(5.506874035224,1.384232803375,
    28.794460963106));
#2814 = CARTESIAN_POINT('',(3.823417435859,3.809080290462,
    28.895822172851));
#2815 = CARTESIAN_POINT('',(1.344129047579,4.804601169852,
    28.997227652344));
#2816 = CARTESIAN_POINT('',(-0.98392736253,4.403650576666,
    29.098609825747));
#2817 = CARTESIAN_POINT('',(-2.562603779362,3.09765587703,29.20000036515
    ));
#2818 = PCURVE('',#1482,#2819);
#2819 = DEFINITIONAL_REPRESENTATION('',(#2820),#2824);
#2820 = LINE('',#2821,#2822);
#2821 = CARTESIAN_POINT('',(0.728868986856,0.));
#2822 = VECTOR('',#2823,1.);
#2823 = DIRECTION('',(0.,1.));
#2824 = ( GEOMETRIC_REPRESENTATION_CONTEXT(2) 
PARAMETRIC_REPRESENTATION_CONTEXT() REPRESENTATION_CONTEXT('2D SPACE',''
  ) );
#2825 = PCURVE('',#2826,#3343);
#2826 = B_SPLINE_SURFACE_WITH_KNOTS('',1,9,(
    (#2827,#2828,#2829,#2830,#2831,#2832,#2833,#2834,#2835,#2836,#2837
      ,#2838,#2839,#2840,#2841,#2842,#2843,#2844,#2845,#2846,#2847,#2848
      ,#2849,#2850,#2851,#2852,#2853,#2854,#2855,#2856,#2857,#2858,#2859
      ,#2860,#2861,#2862,#2863,#2864,#2865,#2866,#2867,#2868,#2869,#2870
      ,#2871,#2872,#2873,#2874,#2875,#2876,#2877,#2878,#2879,#2880,#2881
      ,#2882,#2883,#2884,#2885,#2886,#2887,#2888,#2889,#2890,#2891,#2892
      ,#2893,#2894,#2895,#2896,#2897,#2898,#2899,#2900,#2901,#2902,#2903
      ,#2904,#2905,#2906,#2907,#2908,#2909,#2910,#2911,#2912,#2913,#2914
      ,#2915,#2916,#2917,#2918,#2919,#2920,#2921,#2922,#2923,#2924,#2925
      ,#2926,#2927,#2928,#2929,#2930,#2931,#2932,#2933,#2934,#2935,#2936
      ,#2937,#2938,#2939,#2940,#2941,#2942,#2943,#2944,#2945,#2946,#2947
      ,#2948,#2949,#2950,#2951,#2952,#2953,#2954,#2955,#2956,#2957,#2958
      ,#2959,#2960,#2961,#2962,#2963,#2964,#2965,#2966,#2967,#2968,#2969
      ,#2970,#2971,#2972,#2973,#2974,#2975,#2976,#2977,#2978,#2979,#2980
      ,#2981,#2982,#2983,#2984,#2985,#2986,#2987,#2988,#2989,#2990,#2991
      ,#2992,#2993,#2994,#2995,#2996,#2997,#2998,#2999,#3000,#3001,#3002
      ,#3003,#3004,#3005,#3006,#3007,#3008,#3009,#3010,#3011,#3012,#3013
      ,#3014,#3015,#3016,#3017,#3018,#3019,#3020,#3021,#3022,#3023,#3024
      ,#3025,#3026,#3027,#3028,#3029,#3030,#3031,#3032,#3033,#3034,#3035
      ,#3036,#3037,#3038,#3039,#3040,#3041,#3042,#3043,#3044,#3045,#3046
      ,#3047,#3048,#3049,#3050,#3051,#3052,#3053,#3054,#3055,#3056,#3057
      ,#3058,#3059,#3060,#3061,#3062,#3063,#3064,#3065,#3066,#3067,#3068
      ,#3069,#3070,#3071,#3072,#3073,#3074,#3075,#3076,#3077,#3078,#3079
      ,#3080,#3081,#3082,#3083,#3084)
    ,(#3085,#3086,#3087,#3088,#3089,#3090,#3091,#3092,#3093,#3094,#3095
      ,#3096,#3097,#3098,#3099,#3100,#3101,#3102,#3103,#3104,#3105,#3106
      ,#3107,#3108,#3109,#3110,#3111,#3112,#3113,#3114,#3115,#3116,#3117
      ,#3118,#3119,#3120,#3121,#3122,#3123,#3124,#3125,#3126,#3127,#3128
      ,#3129,#3130,#3131,#3132,#3133,#3134,#3135,#3136,#3137,#3138,#3139
      ,#3140,#3141,#3142,#3143,#3144,#3145,#3146,#3147,#3148,#3149,#3150
      ,#3151,#3152,#3153,#3154,#3155,#3156,#3157,#3158,#3159,#3160,#3161
      ,#3162,#3163,#3164,#3165,#3166,#3167,#3168,#3169,#3170,#3171,#3172
      ,#3173,#3174,#3175,#3176,#3177,#3178,#3179,#3180,#3181,#3182,#3183
      ,#3184,#3185,#3186,#3187,#3188,#3189,#3190,#3191,#3192,#3193,#3194
      ,#3195,#3196,#3197,#3198,#3199,#3200,#3201,#3202,#3203,#3204,#3205
      ,#3206,#3207,#3208,#3209,#3210,#3211,#3212,#3213,#3214,#3215,#3216
      ,#3217,#3218,#3219,#3220,#3221,#3222,#3223,#3224,#3225,#3226,#3227
      ,#3228,#3229,#3230,#3231,#3232,#3233,#3234,#3235,#3236,#3237,#3238
      ,#3239,#3240,#3241,#3242,#3243,#3244,#3245,#3246,#3247,#3248,#3249
      ,#3250,#3251,#3252,#3253,#3254,#3255,#3256,#3257,#3258,#3259,#3260
      ,#3261,#3262,#3263,#3264,#3265,#3266,#3267,#3268,#3269,#3270,#3271
      ,#3272,#3273,#3274,#3275,#3276,#3277,#3278,#3279,#3280,#3281,#3282
      ,#3283,#3284,#3285,#3286,#3287,#3288,#3289,#3290,#3291,#3292,#3293
      ,#3294,#3295,#3296,#3297,#3298,#3299,#3300,#3301,#3302,#3303,#3304
      ,#3305,#3306,#3307,#3308,#3309,#3310,#3311,#3312,#3313,#3314,#3315
      ,#3316,#3317,#3318,#3319,#3320,#3321,#3322,#3323,#3324,#3325,#3326
      ,#3327,#3328,#3329,#3330,#3331,#3332,#3333,#3334,#3335,#3336,#3337
      ,#3338,#3339,#3340,#3341,#3342
    )),.UNSPECIFIED.,.F.,.F.,.F.,(2,2),(10,8,8,8,8,8,8,8,8,8,8,8,8,8,8,8
    ,8,8,8,8,8,8,8,8,8,8,8,8,8,8,8,8,10),(0.,0.728868986856),(0.,
    4.67661255519,9.35322511038,14.02983766557,18.706450220761,
    23.383062775951,28.059675331141,32.736287886331,37.412900441521,
    42.089512996711,46.766125551901,51.442738107092,56.119350662282,
    60.795963217472,65.472575772662,70.149188327852,74.825800883042,
    79.502413438232,84.179025993423,88.855638548613,93.532251103803,
    98.208863658993,102.88547621418,107.56208876937,112.23870132456,
    116.91531387975,121.59192643494,126.26853899013,130.94515154532,
    135.62176410051,140.2983766557,144.97498921089,149.65160176608),
  .UNSPECIFIED.);
#2827 = CARTESIAN_POINT('',(4.02025,2.22044604925E-15,0.));
#2828 = CARTESIAN_POINT('',(4.020250001126,2.04886343726,0.101390539391)
  );
#2829 = CARTESIAN_POINT('',(2.845228747795,4.098237263828,0.20277271282)
  );
#2830 = CARTESIAN_POINT('',(0.497808836907,5.373992920533,0.304178192272
    ));
#2831 = CARTESIAN_POINT('',(-2.443643886955,5.125462578867,
    0.405539402068));
#2832 = CARTESIAN_POINT('',(-4.778776945772,3.066765828379,
    0.506960825058));
#2833 = CARTESIAN_POINT('',(-5.39400939996,0.179656481401,0.608322519266
    ));
#2834 = CARTESIAN_POINT('',(-4.422523143859,-2.309147922771,
    0.70972725096));
#2835 = CARTESIAN_POINT('',(-2.536578506409,-3.731758436227,
    0.811110145553));
#2836 = CARTESIAN_POINT('',(1.528836622482,-4.245339814,1.013890212421)
  );
#2837 = CARTESIAN_POINT('',(3.709319694397,-3.336438590066,
    1.115273178952));
#2838 = CARTESIAN_POINT('',(5.26922541877,-1.167423383846,1.216677662709
    ));
#2839 = CARTESIAN_POINT('',(5.391316539407,1.781984234161,1.318039883449
    ));
#2840 = CARTESIAN_POINT('',(3.641523049723,4.356727178842,1.419460478986
    ));
#2841 = CARTESIAN_POINT('',(0.854288466036,5.328959100006,1.520822709243
    ));
#2842 = CARTESIAN_POINT('',(-1.736650471611,4.677063202709,1.62222717831
    ));
#2843 = CARTESIAN_POINT('',(-3.384414820669,2.984290179154,
    1.723610159009));
#2844 = CARTESIAN_POINT('',(-4.403478078683,-0.984699122706,
    1.926390205997));
#2845 = CARTESIAN_POINT('',(-3.775030807358,-3.261903963458,
    2.027773188111));
#2846 = CARTESIAN_POINT('',(-1.818626961319,-5.081359055034,
    2.129177652301));
#2847 = CARTESIAN_POINT('',(1.092221620655,-5.572146244259,
    2.230539892911));
#2848 = CARTESIAN_POINT('',(3.865969225194,-4.158851258,2.331960472183)
  );
#2849 = CARTESIAN_POINT('',(5.179867929773,-1.515447821791,
    2.433322712979));
#2850 = CARTESIAN_POINT('',(4.85784318164,1.136765009126,2.534727176881)
  );
#2851 = CARTESIAN_POINT('',(3.38493781291,2.983696960889,2.636110159273)
  );
#2852 = CARTESIAN_POINT('',(-0.425032329471,4.492170863912,
    2.838890205871));
#2853 = CARTESIAN_POINT('',(-2.763046058543,4.154088533215,
    2.940273188288));
#2854 = CARTESIAN_POINT('',(-4.813356623433,2.441149705796,
    3.041677652102));
#2855 = CARTESIAN_POINT('',(-5.665099874303,-0.385234020254,
    3.14303989309));
#2856 = CARTESIAN_POINT('',(-4.610591897484,-3.314242627071,
    3.244460472056));
#2857 = CARTESIAN_POINT('',(-2.152707660155,-4.949087148189,
    3.345822713047));
#2858 = CARTESIAN_POINT('',(0.518952083393,-4.962012071583,
    3.447227176856));
#2859 = CARTESIAN_POINT('',(2.535924417659,-3.732202955307,
    3.548610159278));
#2860 = CARTESIAN_POINT('',(4.510019431125,-0.141337477496,
    3.751390205869));
#2861 = CARTESIAN_POINT('',(4.467633801368,2.220613266709,3.852773188293
    ));
#2862 = CARTESIAN_POINT('',(3.025174061143,4.469444682536,3.954177652097
    ));
#2863 = CARTESIAN_POINT('',(0.32782895077,5.668711495148,4.055539893096)
  );
#2864 = CARTESIAN_POINT('',(-2.710248442883,4.989620748524,
    4.156960472051));
#2865 = CARTESIAN_POINT('',(-4.640256305839,2.756018012746,4.25832271305
    ));
#2866 = CARTESIAN_POINT('',(-4.987927066994,0.107045026705,
    4.359727176854));
#2867 = CARTESIAN_POINT('',(-4.020609027589,-2.048158831475,
    4.461110159278));
#2868 = CARTESIAN_POINT('',(-0.705478308011,-4.456742297755,
    4.663890205868));
#2869 = CARTESIAN_POINT('',(1.643160077129,-4.710721815639,
    4.765273188294));
#2870 = CARTESIAN_POINT('',(4.055046929078,-3.561489614395,
    4.866677652095));
#2871 = CARTESIAN_POINT('',(5.58292414939,-1.035721863405,4.968039893098
    ));
#2872 = CARTESIAN_POINT('',(5.289960299703,2.063512021726,5.069460472049
    ));
#2873 = CARTESIAN_POINT('',(3.315864314911,4.258245849592,5.170822713052
    ));
#2874 = CARTESIAN_POINT('',(0.731353972786,4.935179472915,5.272227176853
    ));
#2875 = CARTESIAN_POINT('',(-1.528092557007,4.245607693711,
    5.373610159279));
#2876 = CARTESIAN_POINT('',(-4.333179676021,1.258493324176,
    5.576390205868));
#2877 = CARTESIAN_POINT('',(-4.879518932828,-1.039793271557,
    5.677773188295));
#2878 = CARTESIAN_POINT('',(-4.041638348898,-3.576698663182,
    5.779177652093));
#2879 = CARTESIAN_POINT('',(-1.727280823541,-5.409090754719,
    5.880539893101));
#2880 = CARTESIAN_POINT('',(1.384232783302,-5.506874016888,
    5.981960472046));
#2881 = CARTESIAN_POINT('',(3.809080312545,-3.823417456028,
    6.083322713054));
#2882 = CARTESIAN_POINT('',(4.804601150414,-1.344129029826,
    6.184727176852));
#2883 = CARTESIAN_POINT('',(4.4036505903,0.983927350078,6.286110159279)
  );
#2884 = CARTESIAN_POINT('',(1.791661148832,4.141280222279,6.488890205867
    ));
#2885 = CARTESIAN_POINT('',(-0.420028304949,4.971363121563,
    6.590273188297));
#2886 = CARTESIAN_POINT('',(-3.041943722751,4.458048032281,6.69167765209
    ));
#2887 = CARTESIAN_POINT('',(-5.149952767611,2.391599533264,
    6.793039893104));
#2888 = CARTESIAN_POINT('',(-5.63694104118,-0.683123366987,
    6.894460472044));
#2889 = CARTESIAN_POINT('',(-4.270673019864,-3.299843303534,
    6.995822713056));
#2890 = CARTESIAN_POINT('',(-1.935706369123,-4.598251397642,
    7.097227176851));
#2891 = CARTESIAN_POINT('',(0.424245021068,-4.492245286467,
    7.198610159279));
#2892 = CARTESIAN_POINT('',(3.884070305551,-2.296573406885,
    7.401390205869));
#2893 = CARTESIAN_POINT('',(4.984805944124,-0.206360758939,
    7.502773188292));
#2894 = CARTESIAN_POINT('',(4.804151635082,2.45921551264,7.604177652099)
  );
#2895 = CARTESIAN_POINT('',(3.018201289681,4.80959694893,7.705539893092)
  );
#2896 = CARTESIAN_POINT('',(2.875931289919E-02,5.678110137903,
    7.806960472054));
#2897 = CARTESIAN_POINT('',(-2.738565794392,4.650577519003,
    7.908322713048));
#2898 = CARTESIAN_POINT('',(-4.319384473469,2.496756462642,
    8.009727176855));
#2899 = CARTESIAN_POINT('',(-4.509994590928,0.142127905356,
    8.111110159278));
#2900 = CARTESIAN_POINT('',(-2.765267330404,-3.565606279874,
    8.313890205868));
#2901 = CARTESIAN_POINT('',(-0.829495390386,-4.919635399166,
    8.415273188296));
#2902 = CARTESIAN_POINT('',(1.837704004834,-5.074490896741,
    8.516677652091));
#2903 = CARTESIAN_POINT('',(4.393390913245,-3.597204208767,
    8.618039893102));
#2904 = CARTESIAN_POINT('',(5.629732045817,-0.740188441246,
    8.719460472045));
#2905 = CARTESIAN_POINT('',(4.957139632544,2.134099466736,8.820822713055
    ));
#2906 = CARTESIAN_POINT('',(3.018431215257,3.972398275872,8.922227176851
    ));
#2907 = CARTESIAN_POINT('',(0.706259389809,4.456618586551,9.023610159279
    ));
#2908 = CARTESIAN_POINT('',(-3.190910513173,3.190351336232,
    9.226390205868));
#2909 = CARTESIAN_POINT('',(-4.776879265116,1.439548384009,
    9.327773188293));
#2910 = CARTESIAN_POINT('',(-5.264802405604,-1.187210807079,
    9.429177652097));
#2911 = CARTESIAN_POINT('',(-4.119477068615,-3.907898478375,
    9.530539893094));
#2912 = CARTESIAN_POINT('',(-1.439944355709,-5.492569716329,
    9.631960472053));
#2913 = CARTESIAN_POINT('',(1.495977115641,-5.185524692829,9.73332271305
    ));
#2914 = CARTESIAN_POINT('',(3.562764984469,-3.492503504484,
    9.834727176854));
#2915 = CARTESIAN_POINT('',(4.332959044808,-1.259252741786,
    9.936110159278));
#2916 = CARTESIAN_POINT('',(3.565121595665,2.765892181521,10.13889020587
    ));
#2917 = CARTESIAN_POINT('',(2.026898839672,4.558788891488,10.24027318829
    ));
#2918 = CARTESIAN_POINT('',(-0.517994585691,5.372084835484,
    10.341677652103));
#2919 = CARTESIAN_POINT('',(-3.360776150037,4.576783314245,
    10.443039893088));
#2920 = CARTESIAN_POINT('',(-5.268786281311,2.11699148749,
    10.544460472059));
#2921 = CARTESIAN_POINT('',(-5.332130931026,-0.834262311773,
    10.645822713044));
#2922 = CARTESIAN_POINT('',(-3.911496927124,-3.09694476097,
    10.747227176858));
#2923 = CARTESIAN_POINT('',(-1.792386925784,-4.140966150545,
    10.848610159277));
#2924 = CARTESIAN_POINT('',(2.297254077903,-3.883667757833,
    11.051390205871));
#2925 = CARTESIAN_POINT('',(4.26880369375,-2.582283889822,
    11.152773188287));
#2926 = CARTESIAN_POINT('',(5.394646278387,-0.159390719749,
    11.254177652107));
#2927 = CARTESIAN_POINT('',(4.961910952961,2.760652374183,
    11.355539893083));
#2928 = CARTESIAN_POINT('',(2.760652398895,4.961910939216,
    11.456960472064));
#2929 = CARTESIAN_POINT('',(-0.15939069289,5.394646279181,
    11.558322713041));
#2930 = CARTESIAN_POINT('',(-2.582283868563,4.268803706608,
    11.659727176859));
#2931 = CARTESIAN_POINT('',(-3.883667746395,2.297254097242,
    11.761110159277));
#2932 = CARTESIAN_POINT('',(-4.140966159469,-1.792386905164,
    11.963890205868));
#2933 = CARTESIAN_POINT('',(-3.09694478045,-3.911496911701,
    12.065273188296));
#2934 = CARTESIAN_POINT('',(-0.834262338321,-5.332130926876,
    12.166677652091));
#2935 = CARTESIAN_POINT('',(2.116991461252,-5.268786291846,
    12.268039893103));
#2936 = CARTESIAN_POINT('',(4.576783297509,-3.360776172836,
    12.369460472044));
#2937 = CARTESIAN_POINT('',(5.372084832907,-0.517994612434,
    12.470822713056));
#2938 = CARTESIAN_POINT('',(4.558788901579,2.026898816968,
    12.572227176851));
#2939 = CARTESIAN_POINT('',(2.765892199274,3.565121581893,
    12.673610159279));
#2940 = CARTESIAN_POINT('',(-1.25925272021,4.332959051078,12.87639020587
    ));
#2941 = CARTESIAN_POINT('',(-3.492503486743,3.562765001864,
    12.977773188287));
#2942 = CARTESIAN_POINT('',(-5.18552468538,1.495977141454,
    13.079177652108));
#2943 = CARTESIAN_POINT('',(-5.492569723496,-1.439944328347,
    13.180539893081));
#2944 = CARTESIAN_POINT('',(-3.907898498894,-4.119477049165,
    13.281960472066));
#2945 = CARTESIAN_POINT('',(-1.18721083329,-5.264802399687,
    13.383322713039));
#2946 = CARTESIAN_POINT('',(1.439548360219,-4.776879272286,
    13.484727176861));
#2947 = CARTESIAN_POINT('',(3.190351320344,-3.190910529059,
    13.586110159275));
#2948 = CARTESIAN_POINT('',(4.456618590066,0.706259367617,
    13.788890205873));
#2949 = CARTESIAN_POINT('',(3.972398290907,3.018431195479,
    13.890273188279));
#2950 = CARTESIAN_POINT('',(2.13409949141,4.957139621913,13.991677652119
    ));
#2951 = CARTESIAN_POINT('',(-0.740188413199,5.629732049506,
    14.09303989307));
#2952 = CARTESIAN_POINT('',(-3.597204186902,4.393390931157,
    14.194460472076));
#2953 = CARTESIAN_POINT('',(-5.074490887584,1.8377040301,14.295822713031
    ));
#2954 = CARTESIAN_POINT('',(-4.919635403299,-0.829495365886,
    14.397227176865));
#2955 = CARTESIAN_POINT('',(-3.565606293643,-2.76526731265,
    14.498610159275));
#2956 = CARTESIAN_POINT('',(0.142127882898,-4.509994591635,
    14.701390205869));
#2957 = CARTESIAN_POINT('',(2.496756441132,-4.319384485904,
    14.802773188296));
#2958 = CARTESIAN_POINT('',(4.65057750537,-2.738565817545,
    14.904177652091));
#2959 = CARTESIAN_POINT('',(5.678110138039,2.875928461987E-02,
    15.005539893103));
#2960 = CARTESIAN_POINT('',(4.809596963967,3.018201265734,
    15.106960472044));
#2961 = CARTESIAN_POINT('',(2.459215536556,4.804151622836,
    15.208322713055));
#2962 = CARTESIAN_POINT('',(-0.206360734113,4.984805945151,
    15.309727176852));
#2963 = CARTESIAN_POINT('',(-2.296573387545,3.884070316987,
    15.411110159278));
#2964 = CARTESIAN_POINT('',(-4.492245284353,0.424245043437,
    15.61389020587));
#2965 = CARTESIAN_POINT('',(-4.598251407286,-1.935706346224,
    15.715273188288));
#2966 = CARTESIAN_POINT('',(-3.299843324791,-4.270673003436,
    15.816677652105));
#2967 = CARTESIAN_POINT('',(-0.683123395067,-5.636941037771,
    15.918039893085));
#2968 = CARTESIAN_POINT('',(2.391599507628,-5.149952779529,
    16.019460472062));
#2969 = CARTESIAN_POINT('',(4.45804801713,-3.041943744942,
    16.120822713043));
#2970 = CARTESIAN_POINT('',(4.971363119472,-0.420028329708,
    16.222227176858));
#2971 = CARTESIAN_POINT('',(4.141280231201,1.791661128212,
    16.323610159276));
#2972 = CARTESIAN_POINT('',(0.983927372006,4.4036505854,16.526390205871)
  );
#2973 = CARTESIAN_POINT('',(-1.3441290059,4.804601157112,16.627773188287
    ));
#2974 = CARTESIAN_POINT('',(-3.823417437065,3.809080331575,
    16.729177652105));
#2975 = CARTESIAN_POINT('',(-5.506874009988,1.384232810733,
    16.830539893088));
#2976 = CARTESIAN_POINT('',(-5.409090763328,-1.727280796611,
    16.931960472058));
#2977 = CARTESIAN_POINT('',(-3.576698683301,-4.041638331088,
    17.033322713045));
#2978 = CARTESIAN_POINT('',(-1.039793295858,-4.879518927649,
    17.134727176857));
#2979 = CARTESIAN_POINT('',(1.2584933026,-4.333179682288,17.236110159278
    ));
#2980 = CARTESIAN_POINT('',(4.245607686101,-1.528092578148,
    17.438890205868));
#2981 = CARTESIAN_POINT('',(4.935179476559,0.731353948208,
    17.540273188295));
#2982 = CARTESIAN_POINT('',(4.2582458661,3.315864293713,17.641677652094)
  );
#2983 = CARTESIAN_POINT('',(2.063512048069,5.289960289418,
    17.743039893099));
#2984 = CARTESIAN_POINT('',(-1.035721835602,5.582924154557,
    17.844460472049));
#2985 = CARTESIAN_POINT('',(-3.561489594206,4.055046946807,
    17.945822713052));
#2986 = CARTESIAN_POINT('',(-4.710721807454,1.64316010059,
    18.047227176854));
#2987 = CARTESIAN_POINT('',(-4.456742301269,-0.705478285819,
    18.148610159278));
#2988 = CARTESIAN_POINT('',(-2.048158851495,-4.02060901739,
    18.35139020587));
#2989 = CARTESIAN_POINT('',(0.107045001865,-4.987927067529,
    18.452773188286));
#2990 = CARTESIAN_POINT('',(2.756017989645,-4.64025631956,
    18.554177652109));
#2991 = CARTESIAN_POINT('',(4.989620735021,-2.71024846773,
    18.655539893079));
#2992 = CARTESIAN_POINT('',(5.668711496787,0.32782892254,18.756960472068
    ));
#2993 = CARTESIAN_POINT('',(4.469444697596,3.025174038891,
    18.858322713037));
#2994 = CARTESIAN_POINT('',(2.220613288958,4.467633790308,
    18.959727176863));
#2995 = CARTESIAN_POINT('',(-0.141337455038,4.51001943183,
    19.061110159274));
#2996 = CARTESIAN_POINT('',(-3.732202942679,2.535924436243,
    19.263890205875));
#2997 = CARTESIAN_POINT('',(-4.962012069002,0.518952108103,
    19.365273188271));
#2998 = CARTESIAN_POINT('',(-4.949087158903,-2.152707635515,
    19.466677652138));
#2999 = CARTESIAN_POINT('',(-3.314242650035,-4.610591880975,
    19.568039893043));
#3000 = CARTESIAN_POINT('',(-0.385234048462,-5.66509987239,
    19.669460472103));
#3001 = CARTESIAN_POINT('',(2.441149681829,-4.813356635585,
    19.770822713012));
#3002 = CARTESIAN_POINT('',(4.154088519454,-2.763046079231,
    19.872227176874));
#3003 = CARTESIAN_POINT('',(4.492170861796,-0.425032351839,
    19.973610159272));
#3004 = CARTESIAN_POINT('',(2.983696977743,3.384937798052,
    20.176390205871));
#3005 = CARTESIAN_POINT('',(1.136765033321,4.857843175982,
    20.277773188291));
#3006 = CARTESIAN_POINT('',(-1.515447796011,5.179867937315,
    20.379177652097));
#3007 = CARTESIAN_POINT('',(-4.15885123873,3.865969245906,
    20.480539893098));
#3008 = CARTESIAN_POINT('',(-5.572146238841,1.092221648402,
    20.581960472048));
#3009 = CARTESIAN_POINT('',(-5.081359064072,-1.818626936018,
    20.683322713052));
#3010 = CARTESIAN_POINT('',(-3.261903982269,-3.775030791114,
    20.784727176855));
#3011 = CARTESIAN_POINT('',(-0.984699144626,-4.403478073779,
    20.886110159276));
#3012 = CARTESIAN_POINT('',(2.984290162285,-3.384414835531,
    21.088890205875));
#3013 = CARTESIAN_POINT('',(4.677063194146,-1.736650494892,
    21.190273188272));
#3014 = CARTESIAN_POINT('',(5.328959104042,0.854288439478,21.29167765213
    ));
#3015 = CARTESIAN_POINT('',(4.356727197367,3.641523028072,
    21.393039893057));
#3016 = CARTESIAN_POINT('',(1.781984260471,5.391316530468,
    21.494460472087));
#3017 = CARTESIAN_POINT('',(-1.167423357024,5.269225424659,
    21.595822713023));
#3018 = CARTESIAN_POINT('',(-3.336438572106,3.709319710942,
    21.69722717687));
#3019 = CARTESIAN_POINT('',(-4.245339806028,1.528836643671,
    21.798610159274));
#3020 = CARTESIAN_POINT('',(-3.73175844961,-2.536578487932,
    22.001390205871));
#3021 = CARTESIAN_POINT('',(-2.309147940734,-4.422523131791,
    22.10277318829));
#3022 = CARTESIAN_POINT('',(0.179656443926,-5.394009402347,
    22.204177652097));
#3023 = CARTESIAN_POINT('',(3.066765823926,-4.778776958322,
    22.305539893099));
#3024 = CARTESIAN_POINT('',(5.125462539786,-2.443643916265,
    22.406960472046));
#3025 = CARTESIAN_POINT('',(5.373992952623,0.497808814315,
    22.508322713056));
#3026 = CARTESIAN_POINT('',(4.098237251929,2.845228723721,22.60972717685
    ));
#3027 = CARTESIAN_POINT('',(2.048863475564,4.020249993493,22.71111015928
    ));
#3028 = CARTESIAN_POINT('',(-2.048863455545,4.020250003694,
    22.913890205867));
#3029 = CARTESIAN_POINT('',(-4.098237237761,2.845228744133,23.0152731883
    ));
#3030 = CARTESIAN_POINT('',(-5.373992950147,0.497808841067,
    23.116677652083));
#3031 = CARTESIAN_POINT('',(-5.125462551948,-2.443643890735,
    23.218039893114));
#3032 = CARTESIAN_POINT('',(-3.066765847732,-4.778776943055,
    23.319460472032));
#3033 = CARTESIAN_POINT('',(-0.179656470777,-5.394009401452,
    23.420822713065));
#3034 = CARTESIAN_POINT('',(2.309147918708,-4.422523143288,
    23.522227176846));
#3035 = CARTESIAN_POINT('',(3.73175843698,-2.536578506515,
    23.623610159281));
#3036 = CARTESIAN_POINT('',(4.24533981364,1.528836622532,23.826390205867
    ));
#3037 = CARTESIAN_POINT('',(3.336438590579,3.709319694326,
    23.927773188299));
#3038 = CARTESIAN_POINT('',(1.16742338326,5.269225418851,24.029177652085
    ));
#3039 = CARTESIAN_POINT('',(-1.781984233628,5.391316539333,
    24.130539893113));
#3040 = CARTESIAN_POINT('',(-4.356727179226,3.641523049776,
    24.231960472033));
#3041 = CARTESIAN_POINT('',(-5.328959099797,0.854288466006,
    24.333322713065));
#3042 = CARTESIAN_POINT('',(-4.677063202789,-1.736650471599,
    24.434727176845));
#3043 = CARTESIAN_POINT('',(-2.984290179139,-3.384414820671,
    24.536110159283));
#3044 = CARTESIAN_POINT('',(0.9846991227,-4.403478078682,24.738890205861
    ));
#3045 = CARTESIAN_POINT('',(3.261903963466,-3.775030807359,
    24.840273188315));
#3046 = CARTESIAN_POINT('',(5.081359055027,-1.81862696132,
    24.941677652058));
#3047 = CARTESIAN_POINT('',(5.572146244264,1.092221620658,
    25.043039893143));
#3048 = CARTESIAN_POINT('',(4.158851257996,3.865969225191,
    25.144460472006));
#3049 = CARTESIAN_POINT('',(1.515447821794,5.179867929775,
    25.245822713083));
#3050 = CARTESIAN_POINT('',(-1.136765009127,4.857843181639,
    25.347227176838));
#3051 = CARTESIAN_POINT('',(-2.983696960889,3.38493781291,
    25.448610159281));
#3052 = CARTESIAN_POINT('',(-4.492170863911,-0.42503232947,
    25.651390205873));
#3053 = CARTESIAN_POINT('',(-4.154088533217,-2.763046058544,
    25.752773188275));
#3054 = CARTESIAN_POINT('',(-2.441149705791,-4.813356623433,
    25.854177652129));
#3055 = CARTESIAN_POINT('',(0.385234020245,-5.665099874304,
    25.955539893055));
#3056 = CARTESIAN_POINT('',(3.31424262708,-4.610591897484,26.05696047209
    ));
#3057 = CARTESIAN_POINT('',(4.949087148182,-2.152707660155,
    26.15832271302));
#3058 = CARTESIAN_POINT('',(4.962012071586,0.518952083392,
    26.259727176872));
#3059 = CARTESIAN_POINT('',(3.732202955307,2.535924417659,
    26.361110159271));
#3060 = CARTESIAN_POINT('',(0.141337477496,4.510019431126,
    26.563890205878));
#3061 = CARTESIAN_POINT('',(-2.220613266711,4.467633801367,
    26.665273188254));
#3062 = CARTESIAN_POINT('',(-4.469444682532,3.025174061146,
    26.766677652188));
#3063 = CARTESIAN_POINT('',(-5.668711495155,0.327828950763,
    26.868039892938));
#3064 = CARTESIAN_POINT('',(-4.989620748514,-2.710248442873,
    26.969460472262));
#3065 = CARTESIAN_POINT('',(-2.756018012756,-4.640256305849,
    27.070822712825));
#3066 = CARTESIAN_POINT('',(-0.107045026697,-4.987927066986,
    27.172227177047));
#3067 = CARTESIAN_POINT('',(2.04815883147,-4.020609027595,
    27.273610159147));
#3068 = CARTESIAN_POINT('',(4.456742297765,-0.705478308,27.47639020614)
  );
#3069 = CARTESIAN_POINT('',(4.710721815585,1.643160077071,
    27.577773186835));
#3070 = CARTESIAN_POINT('',(3.561489614535,4.055046929233,
    27.679177655905));
#3071 = CARTESIAN_POINT('',(1.035721863149,5.582924149107,27.78053988616
    ));
#3072 = CARTESIAN_POINT('',(-2.063512021369,5.289960300099,
    27.881960481697));
#3073 = CARTESIAN_POINT('',(-4.258245849986,3.315864314475,
    27.983322702438));
#3074 = CARTESIAN_POINT('',(-4.935179472567,0.731353973169,
    28.084727186196));
#3075 = CARTESIAN_POINT('',(-4.245607693956,-1.528092557275,
    28.186110152725));
#3076 = CARTESIAN_POINT('',(-1.258493323664,-4.333179675459,
    28.388890219597));
#3077 = CARTESIAN_POINT('',(1.039793268789,-4.879518935858,
    28.490273114176));
#3078 = CARTESIAN_POINT('',(3.57669867042,-4.041638340977,
    28.591677845901));
#3079 = CARTESIAN_POINT('',(5.409090741535,-1.727280837971,
    28.693039540062));
#3080 = CARTESIAN_POINT('',(5.506874035224,1.384232803375,
    28.794460963106));
#3081 = CARTESIAN_POINT('',(3.823417435858,3.809080290462,
    28.895822172851));
#3082 = CARTESIAN_POINT('',(1.344129047579,4.804601169852,
    28.997227652344));
#3083 = CARTESIAN_POINT('',(-0.98392736253,4.403650576666,
    29.098609825747));
#3084 = CARTESIAN_POINT('',(-2.562603779362,3.09765587703,29.20000036515
    ));
#3085 = CARTESIAN_POINT('',(3.34525,-8.881784197001E-16,0.275));
#3086 = CARTESIAN_POINT('',(3.345248823245,1.704861136306,0.376387693698
    ));
#3087 = CARTESIAN_POINT('',(2.367517191115,3.410135713984,0.477781445505
    ));
#3088 = CARTESIAN_POINT('',(0.414225044964,4.471713541831,0.579158320538
    ));
#3089 = CARTESIAN_POINT('',(-2.033359965205,4.264880251774,
    0.680567252912));
#3090 = CARTESIAN_POINT('',(-3.976409328309,2.551869043636,
    0.781932582615));
#3091 = CARTESIAN_POINT('',(-4.488367022633,0.149484983733,
    0.883341164214));
#3092 = CARTESIAN_POINT('',(-3.679974204826,-1.921439304975,
    0.98471858072));
#3093 = CARTESIAN_POINT('',(-2.110688864871,-3.105196631291,
    1.086111810309));
#3094 = CARTESIAN_POINT('',(1.272146907115,-3.532546526067,
    1.288887930469));
#3095 = CARTESIAN_POINT('',(3.086517244158,-2.776251618984,
    1.390281107963));
#3096 = CARTESIAN_POINT('',(4.38453651935,-0.971413447013,1.491658704012
    ));
#3097 = CARTESIAN_POINT('',(4.486098032258,1.482795420418,1.593066904328
    ));
#3098 = CARTESIAN_POINT('',(3.030122993077,3.625219910765,1.694432833217
    ));
#3099 = CARTESIAN_POINT('',(0.710847824335,4.434239605298,1.795841026646
    ));
#3100 = CARTESIAN_POINT('',(-1.44506512403,3.891776659153,1.897218633328
    ));
#3101 = CARTESIAN_POINT('',(-2.816171766337,2.483229796858,
    1.998611800565));
#3102 = CARTESIAN_POINT('',(-3.664133627769,-0.819370174471,
    2.201387935121));
#3103 = CARTESIAN_POINT('',(-3.141203231344,-2.71422253475,
    2.302781101329));
#3104 = CARTESIAN_POINT('',(-1.513281702691,-4.228212758178,
    2.404158711552));
#3105 = CARTESIAN_POINT('',(0.908845964262,-4.636567347438,
    2.505566897472));
#3106 = CARTESIAN_POINT('',(3.216858855365,-3.460590106808,
    2.606932838148));
#3107 = CARTESIAN_POINT('',(4.310181445599,-1.261000162423,
    2.708341023938));
#3108 = CARTESIAN_POINT('',(4.042203522322,0.9459013999,2.809718634364)
  );
#3109 = CARTESIAN_POINT('',(2.816608701982,2.482734190873,2.911111800373
    ));
#3110 = CARTESIAN_POINT('',(-0.353671480145,3.737935153054,
    3.113887935212));
#3111 = CARTESIAN_POINT('',(-2.299122921079,3.456616192656,
    3.215281101203));
#3112 = CARTESIAN_POINT('',(-4.005207548603,2.031284601503,
    3.316658711691));
#3113 = CARTESIAN_POINT('',(-4.713915232522,-0.320563463949,
    3.418066897349));
#3114 = CARTESIAN_POINT('',(-3.836481642465,-2.757766014428,
    3.519432838233));
#3115 = CARTESIAN_POINT('',(-1.791265777318,-4.118149149582,
    3.620841023893));
#3116 = CARTESIAN_POINT('',(0.431820246654,-4.1288824213,3.72221863438)
  );
#3117 = CARTESIAN_POINT('',(2.110142413917,-3.105568005307,
    3.823611800371));
#3118 = CARTESIAN_POINT('',(3.752787208131,-0.1176048247,4.026387935213)
  );
#3119 = CARTESIAN_POINT('',(3.717516251596,1.847764765516,4.1277811012)
  );
#3120 = CARTESIAN_POINT('',(2.517252928868,3.719037823388,4.229158711694
    ));
#3121 = CARTESIAN_POINT('',(0.272774513551,4.716921858435,4.330566897346
    ));
#3122 = CARTESIAN_POINT('',(-2.255181555939,4.151869570814,
    4.431932838235));
#3123 = CARTESIAN_POINT('',(-3.86117118146,2.293282060856,4.533341023892
    ));
#3124 = CARTESIAN_POINT('',(-4.150446378003,8.907096983797E-02,
    4.634718634381));
#3125 = CARTESIAN_POINT('',(-3.345550646014,-1.704272430555,
    4.73611180037));
#3126 = CARTESIAN_POINT('',(-0.587026431204,-3.708455567129,
    4.938887935213));
#3127 = CARTESIAN_POINT('',(1.3672662558,-3.919788858512,5.040281101199)
  );
#3128 = CARTESIAN_POINT('',(3.374216650053,-2.96352267381,5.141658711696
    ));
#3129 = CARTESIAN_POINT('',(4.645539808888,-0.861810674026,
    5.243066897344));
#3130 = CARTESIAN_POINT('',(4.401780035824,1.717031537134,5.344432838238
    ));
#3131 = CARTESIAN_POINT('',(2.759131916354,3.543300237256,5.44584102389)
  );
#3132 = CARTESIAN_POINT('',(0.608557483926,4.106555315969,5.547218634383
    ));
#3133 = CARTESIAN_POINT('',(-1.27152505288,3.532771954498,5.64861180037)
  );
#3134 = CARTESIAN_POINT('',(-3.605639366511,1.047190280216,
    5.851387935215));
#3135 = CARTESIAN_POINT('',(-4.060244053559,-0.865205140466,
    5.952781101195));
#3136 = CARTESIAN_POINT('',(-3.363055895867,-2.976182064484,
    6.054158711705));
#3137 = CARTESIAN_POINT('',(-1.437255565349,-4.50089482145,
    6.155566897332));
#3138 = CARTESIAN_POINT('',(1.151802905282,-4.582271800169,
    6.256932838249));
#3139 = CARTESIAN_POINT('',(3.169549331644,-3.181468613309,
    6.358341023882));
#3140 = CARTESIAN_POINT('',(3.997901423464,-1.118446682958,
    6.459718634386));
#3141 = CARTESIAN_POINT('',(3.664279338884,0.818724965549,6.561111800369
    ));
#3142 = CARTESIAN_POINT('',(1.490839312948,3.445960079177,6.763887935216
    ));
#3143 = CARTESIAN_POINT('',(-0.349499223218,4.13666677441,6.865281101191
    ));
#3144 = CARTESIAN_POINT('',(-2.531211309874,3.70955171745,6.966658711712
    ));
#3145 = CARTESIAN_POINT('',(-4.285268033969,1.990034077834,
    7.068066897324));
#3146 = CARTESIAN_POINT('',(-4.690498400914,-0.568409653563,
    7.169432838256));
#3147 = CARTESIAN_POINT('',(-3.553631649711,-2.745812739674,
    7.270841023878));
#3148 = CARTESIAN_POINT('',(-1.610697309674,-3.826198237282,
    7.372218634387));
#3149 = CARTESIAN_POINT('',(0.35301309643,-3.737998849162,7.473611800369
    ));
#3150 = CARTESIAN_POINT('',(3.231935942877,-1.910976919129,
    7.676387935214));
#3151 = CARTESIAN_POINT('',(4.147851789109,-0.171718505567,
    7.777781101199));
#3152 = CARTESIAN_POINT('',(3.997545692466,2.046321840845,7.879158711695
    ));
#3153 = CARTESIAN_POINT('',(2.511428564124,4.002060009687,7.980566897347
    ));
#3154 = CARTESIAN_POINT('',(2.394775794911E-02,4.724753039915,
    8.081932838234));
#3155 = CARTESIAN_POINT('',(-2.278773040538,3.869751792157,
    8.183341023893));
#3156 = CARTESIAN_POINT('',(-3.594153619233,2.077546277632,
    8.284718634381));
#3157 = CARTESIAN_POINT('',(-3.752767884617,0.118266000101,8.38611180037
    ));
#3158 = CARTESIAN_POINT('',(-2.300977277734,-2.966942246094,
    8.588887935214));
#3159 = CARTESIAN_POINT('',(-0.690228130933,-4.093622703281,
    8.690281101196));
#3160 = CARTESIAN_POINT('',(1.52916065396,-4.2224959839,8.791658711703)
  );
#3161 = CARTESIAN_POINT('',(3.655737108352,-2.993216321702,
    8.893066897334));
#3162 = CARTESIAN_POINT('',(4.684495501035,-0.615927499006,
    8.994432838248));
#3163 = CARTESIAN_POINT('',(4.124843637169,1.775795729269,9.095841023883
    ));
#3164 = CARTESIAN_POINT('',(2.511631099724,3.305427051572,9.197218634386
    ));
#3165 = CARTESIAN_POINT('',(0.587679971161,3.708353528735,9.298611800369
    ));
#3166 = CARTESIAN_POINT('',(-2.655158097725,2.654689850132,
    9.501387935215));
#3167 = CARTESIAN_POINT('',(-3.974834742013,1.197852446355,
    9.602781101196));
#3168 = CARTESIAN_POINT('',(-4.38085499127,-0.987883690094,
    9.704158711703));
#3169 = CARTESIAN_POINT('',(-3.427799269822,-3.251761048976,
    9.805566897335));
#3170 = CARTESIAN_POINT('',(-1.198193695475,-4.570360669731,
    9.906932838245));
#3171 = CARTESIAN_POINT('',(1.244813058551,-4.314884233955,
    10.008341023886));
#3172 = CARTESIAN_POINT('',(2.964571924734,-2.906105999001,
    10.109718634383));
#3173 = CARTESIAN_POINT('',(3.605456222444,-1.047825878012,
    10.21111180037));
#3174 = CARTESIAN_POINT('',(2.966536377757,2.301500520039,
    10.413887935212));
#3175 = CARTESIAN_POINT('',(1.686585913139,3.793361262414,
    10.515281101205));
#3176 = CARTESIAN_POINT('',(-0.431027210307,4.47012529843,
    10.616658711684));
#3177 = CARTESIAN_POINT('',(-2.796502775346,3.808323775791,
    10.718066897361));
#3178 = CARTESIAN_POINT('',(-4.384148520465,1.7615636616,10.819432838221
    ));
#3179 = CARTESIAN_POINT('',(-4.436876528786,-0.694198942284,
    10.920841023903));
#3180 = CARTESIAN_POINT('',(-3.254749870648,-2.576963727694,
    11.022218634375));
#3181 = CARTESIAN_POINT('',(-1.491446944827,-3.44569871773,
    11.123611800372));
#3182 = CARTESIAN_POINT('',(1.911546904303,-3.231598854582,
    11.32638793521));
#3183 = CARTESIAN_POINT('',(3.552064209659,-2.148720912555,
    11.427781101211));
#3184 = CARTESIAN_POINT('',(4.488899059316,-0.132626826071,
    11.529158711672));
#3185 = CARTESIAN_POINT('',(4.128788740826,2.297141982402,
    11.630566897376));
#3186 = CARTESIAN_POINT('',(2.297152716479,4.128795730065,
    11.731932838207));
#3187 = CARTESIAN_POINT('',(-0.132636894005,4.488896630299,
    11.833341023911));
#3188 = CARTESIAN_POINT('',(-2.148715273266,3.55206439254,
    11.934718634373));
#3189 = CARTESIAN_POINT('',(-3.231600485875,1.911547002376,
    12.036111800372));
#3190 = CARTESIAN_POINT('',(-3.445697087011,-1.491447051984,
    12.238887935214));
#3191 = CARTESIAN_POINT('',(-2.576969299582,-3.254748982419,
    12.340281101196));
#3192 = CARTESIAN_POINT('',(-0.694189258198,-4.436880200487,
    12.441658711704));
#3193 = CARTESIAN_POINT('',(1.761553888172,-4.384140241023,
    12.543066897333));
#3194 = CARTESIAN_POINT('',(3.808329364566,-2.796514300738,
    12.644432838248));
#3195 = CARTESIAN_POINT('',(4.470124150417,-0.431016917349,
    12.745841023883));
#3196 = CARTESIAN_POINT('',(3.793360737065,1.686580295409,
    12.847218634385));
#3197 = CARTESIAN_POINT('',(2.301500821792,2.966537983893,12.94861180037
    ));
#3198 = CARTESIAN_POINT('',(-1.047826188707,3.605454618013,
    13.151387935212));
#3199 = CARTESIAN_POINT('',(-2.906104419432,2.964577341367,
    13.252781101208));
#3200 = CARTESIAN_POINT('',(-4.314889090446,1.244803911003,
    13.354158711676));
#3201 = CARTESIAN_POINT('',(-4.57035123063,-1.198185036791,
    13.455566897373));
#3202 = CARTESIAN_POINT('',(-3.251773183958,-3.427803370022,
    13.556932838207));
#3203 = CARTESIAN_POINT('',(-0.987873334404,-4.380855142356,
    13.658341023913));
#3204 = CARTESIAN_POINT('',(1.197846938759,-3.974833516718,
    13.759718634369));
#3205 = CARTESIAN_POINT('',(2.654691405785,-2.655158598401,
    13.861111800375));
#3206 = CARTESIAN_POINT('',(3.708351975894,0.587680480495,
    14.063887935207));
#3207 = CARTESIAN_POINT('',(3.305432227526,2.511628853723,
    14.165281101224));
#3208 = CARTESIAN_POINT('',(1.775787262524,4.124849601865,
    14.266658711648));
#3209 = CARTESIAN_POINT('',(-0.615920091627,4.684485051131,
    14.368066897407));
#3210 = CARTESIAN_POINT('',(-2.993218868654,3.655749661547,
    14.469432838179));
#3211 = CARTESIAN_POINT('',(-4.222497431711,1.529150398859,
    14.570841023929));
#3212 = CARTESIAN_POINT('',(-4.093620797361,-0.690222820336,
    14.672218634365));
#3213 = CARTESIAN_POINT('',(-2.966942937799,-2.300978758368,
    14.773611800374));
#3214 = CARTESIAN_POINT('',(0.11826670004,-3.75276640786,14.976387935213
    ));
#3215 = CARTESIAN_POINT('',(2.07754340063,-3.594158472862,
    15.077781101196));
#3216 = CARTESIAN_POINT('',(3.869758770965,-2.278765388148,
    15.179158711703));
#3217 = CARTESIAN_POINT('',(4.72474174405,2.394171871131E-02,
    15.280566897335));
#3218 = CARTESIAN_POINT('',(4.002072783086,2.511429517659,
    15.381932838245));
#3219 = CARTESIAN_POINT('',(2.046311848086,3.997548414158,
    15.483341023886));
#3220 = CARTESIAN_POINT('',(-0.171713475729,4.147849232629,
    15.584718634383));
#3221 = CARTESIAN_POINT('',(-1.910978301392,3.231936814698,
    15.68611180037));
#3222 = CARTESIAN_POINT('',(-3.737997471775,0.353012216924,
    15.888887935212));
#3223 = CARTESIAN_POINT('',(-3.826202692057,-1.610693847035,
    15.990281101207));
#3224 = CARTESIAN_POINT('',(-2.745806022298,-3.553639532593,
    16.091658711681));
#3225 = CARTESIAN_POINT('',(-0.568414229435,-4.690486437194,
    16.193066897366));
#3226 = CARTESIAN_POINT('',(1.99003342292,-4.285280826164,
    16.294432838216));
#3227 = CARTESIAN_POINT('',(3.709555670106,-2.531201737025,
    16.395841023906));
#3228 = CARTESIAN_POINT('',(4.136663607683,-0.349503892984,
    16.497218634374));
#3229 = CARTESIAN_POINT('',(3.445961117367,1.490840575044,
    16.598611800373));
#3230 = CARTESIAN_POINT('',(0.818723920345,3.664278082589,16.80138793521
    ));
#3231 = CARTESIAN_POINT('',(-1.118442689288,3.997905409131,
    16.90278110121));
#3232 = CARTESIAN_POINT('',(-3.18147727595,3.169543655223,
    17.004158711678));
#3233 = CARTESIAN_POINT('',(-4.582259357271,1.151805945619,
    17.105566897365));
#3234 = CARTESIAN_POINT('',(-4.500907430696,-1.437253312308,
    17.20693283822));
#3235 = CARTESIAN_POINT('',(-2.976173062517,-3.363061017154,
    17.3083410239));
#3236 = CARTESIAN_POINT('',(-0.865209376513,-4.060240326524,
    17.409718634378));
#3237 = CARTESIAN_POINT('',(1.04719140224,-3.605640554697,
    17.511111800371));
#3238 = CARTESIAN_POINT('',(3.532770839109,-1.271523858464,
    17.713887935213));
#3239 = CARTESIAN_POINT('',(4.106558769664,0.608553022217,
    17.815281101199));
#3240 = CARTESIAN_POINT('',(3.543295691314,2.759141222121,
    17.916658711696));
#3241 = CARTESIAN_POINT('',(1.717032993988,4.401767309998,
    18.018066897346));
#3242 = CARTESIAN_POINT('',(-0.861806858397,4.64555203632,
    18.119432838234));
#3243 = CARTESIAN_POINT('',(-2.963528882957,3.374208360938,
    18.220841023894));
#3244 = CARTESIAN_POINT('',(-3.919784629949,1.367269991324,
    18.32221863438));
#3245 = CARTESIAN_POINT('',(-3.708456886573,-0.587027395462,
    18.423611800371));
#3246 = CARTESIAN_POINT('',(-1.70427110576,-3.345549689119,
    18.626387935211));
#3247 = CARTESIAN_POINT('',(8.90661104403E-02,-4.150449245269,
    18.72778110121));
#3248 = CARTESIAN_POINT('',(2.293291863016,-3.861167837684,
    18.829158711674));
#3249 = CARTESIAN_POINT('',(4.151856762724,-2.255181406333,
    18.930566897375));
#3250 = CARTESIAN_POINT('',(4.716933511241,0.272769195495,
    19.031932838206));
#3251 = CARTESIAN_POINT('',(3.719030377837,2.517260127968,
    19.133341023914));
#3252 = CARTESIAN_POINT('',(1.847767941611,3.717511588183,
    19.234718634369));
#3253 = CARTESIAN_POINT('',(-0.117605615986,3.752788638027,
    19.336111800375));
#3254 = CARTESIAN_POINT('',(-3.105567221996,2.110140979633,
    19.538887935206));
#3255 = CARTESIAN_POINT('',(-4.128884656919,0.431825427111,
    19.640281101227));
#3256 = CARTESIAN_POINT('',(-4.118147060703,-1.791275921297,
    19.741658711638));
#3257 = CARTESIAN_POINT('',(-2.757764260718,-3.836468954089,
    19.843066897426));
#3258 = CARTESIAN_POINT('',(-0.32057020057,-4.713926126939,
    19.944432838154));
#3259 = CARTESIAN_POINT('',(2.031292677029,-4.005201064034,
    20.04584102395));
#3260 = CARTESIAN_POINT('',(3.456611167934,-2.299125487653,
    20.147218634353));
#3261 = CARTESIAN_POINT('',(3.737936670852,-0.353670874311,
    20.248611800377));
#3262 = CARTESIAN_POINT('',(2.482732669727,2.81660810461,20.451387935209
    ));
#3263 = CARTESIAN_POINT('',(0.945906819688,4.042205091041,
    20.552781101209));
#3264 = CARTESIAN_POINT('',(-1.261010488188,4.31018064452,20.65415871168
    ));
#3265 = CARTESIAN_POINT('',(-3.460577738322,3.216855525318,
    20.755566897365));
#3266 = CARTESIAN_POINT('',(-4.636577311595,0.908854013032,
    20.856932838218));
#3267 = CARTESIAN_POINT('',(-4.228207336891,-1.513290527093,
    20.958341023905));
#3268 = CARTESIAN_POINT('',(-2.714224451316,-3.141197924714,
    21.059718634373));
#3269 = CARTESIAN_POINT('',(-0.819369763647,-3.664135209437,
    21.161111800375));
#3270 = CARTESIAN_POINT('',(2.483229394851,-2.8161701825,21.363887935204
    ));
#3271 = CARTESIAN_POINT('',(3.89177753619,-1.445070696696,
    21.465281101238));
#3272 = CARTESIAN_POINT('',(4.434240104799,0.710858166455,
    21.566658711621));
#3273 = CARTESIAN_POINT('',(3.625215056595,3.030111144292,
    21.668066897441));
#3274 = CARTESIAN_POINT('',(1.482804654843,4.486106902352,
    21.769432838148));
#3275 = CARTESIAN_POINT('',(-0.971422881605,4.384532254207,
    21.870841023949));
#3276 = CARTESIAN_POINT('',(-2.77624611373,3.086518473988,
    21.972218634356));
#3277 = CARTESIAN_POINT('',(-3.532548146925,1.272146702343,
    22.073611800376));
#3278 = CARTESIAN_POINT('',(-3.105195009205,-2.110688674129,
    22.27638793521));
#3279 = CARTESIAN_POINT('',(-1.921444945533,-3.679974324754,
    22.377781101203));
#3280 = CARTESIAN_POINT('',(0.149495186714,-4.488368949725,
    22.479158711695));
#3281 = CARTESIAN_POINT('',(2.551857887507,-3.976402780879,
    22.580566897339));
#3282 = CARTESIAN_POINT('',(4.264887907321,-2.033370581391,
    22.681932838248));
#3283 = CARTESIAN_POINT('',(4.471710478711,0.414235316907,
    22.783341023879));
#3284 = CARTESIAN_POINT('',(3.410136256524,2.36751124312,22.884718634389
    ));
#3285 = CARTESIAN_POINT('',(1.704861127598,3.345250689887,
    22.986111800368));
#3286 = CARTESIAN_POINT('',(-1.704861132149,3.345249055661,
    23.188887935215));
#3287 = CARTESIAN_POINT('',(-3.410135719911,2.367516859776,
    23.290281101192));
#3288 = CARTESIAN_POINT('',(-4.471713535093,0.414225421396,
    23.391658711712));
#3289 = CARTESIAN_POINT('',(-4.264880257906,-2.033360307389,
    23.49306689732));
#3290 = CARTESIAN_POINT('',(-2.55186903922,-3.976409082307,
    23.594432838264));
#3291 = CARTESIAN_POINT('',(-0.149484986163,-4.488367157676,
    23.695841023869));
#3292 = CARTESIAN_POINT('',(1.921439305907,-3.679974153185,
    23.797218634393));
#3293 = CARTESIAN_POINT('',(3.105196631118,-2.110688874436,
    23.898611800367));
#3294 = CARTESIAN_POINT('',(3.53254652615,1.272146911681,24.101387935216
    ));
#3295 = CARTESIAN_POINT('',(2.776251618864,3.086517237649,
    24.202781101193));
#3296 = CARTESIAN_POINT('',(0.971413447151,4.384536526742,
    24.304158711711));
#3297 = CARTESIAN_POINT('',(-1.482795420543,4.486098025544,
    24.405566897319));
#3298 = CARTESIAN_POINT('',(-3.625219910677,3.030122997896,
    24.506932838268));
#3299 = CARTESIAN_POINT('',(-4.434239605345,0.710847821697,
    24.608341023865));
#3300 = CARTESIAN_POINT('',(-3.891776659137,-1.445065123025,
    24.709718634397));
#3301 = CARTESIAN_POINT('',(-2.48322979686,-2.816171766521,
    24.811111800364));
#3302 = CARTESIAN_POINT('',(0.81937017447,-3.664133627686,
    25.013887935223));
#3303 = CARTESIAN_POINT('',(2.71422253476,-3.141203231452,
    25.115281101163));
#3304 = CARTESIAN_POINT('',(4.228212758152,-1.513281702577,
    25.216658711767));
#3305 = CARTESIAN_POINT('',(4.636567347481,0.908845964157,
    25.318066897251));
#3306 = CARTESIAN_POINT('',(3.460590106762,3.216858855449,
    25.419432838323));
#3307 = CARTESIAN_POINT('',(1.261000162456,4.310181445544,
    25.520841023836));
#3308 = CARTESIAN_POINT('',(-0.945901399914,4.042203522347,
    25.622218634403));
#3309 = CARTESIAN_POINT('',(-2.482734190871,2.816608701977,
    25.723611800368));
#3310 = CARTESIAN_POINT('',(-3.73793515305,-0.353671480144,
    25.926387935208));
#3311 = CARTESIAN_POINT('',(-3.456616192672,-2.299122921069,
    26.02778110123));
#3312 = CARTESIAN_POINT('',(-2.031284601476,-4.005207548633,
    26.129158711632));
#3313 = CARTESIAN_POINT('',(0.320563463924,-4.713915232474,
    26.230566897431));
#3314 = CARTESIAN_POINT('',(2.75776601444,-3.836481642516,
    26.331932838154));
#3315 = CARTESIAN_POINT('',(4.118149149581,-1.79126577728,
    26.433341023947));
#3316 = CARTESIAN_POINT('',(4.128882421297,0.431820246635,
    26.534718634354));
#3317 = CARTESIAN_POINT('',(3.105568005308,2.110142413922,
    26.636111800378));
#3318 = CARTESIAN_POINT('',(0.117604824699,3.752787208124,
    26.838887935204));
#3319 = CARTESIAN_POINT('',(-1.84776476552,3.717516251621,
    26.940281101237));
#3320 = CARTESIAN_POINT('',(-3.719037823375,2.517252928813,
    27.04165871161));
#3321 = CARTESIAN_POINT('',(-4.716921858465,0.272774513638,
    27.143066897485));
#3322 = CARTESIAN_POINT('',(-4.151869570763,-2.255181556049,
    27.24443283806));
#3323 = CARTESIAN_POINT('',(-2.293282060922,-3.861171181344,
    27.345841024069));
#3324 = CARTESIAN_POINT('',(-8.907096977252E-02,-4.150446378106,
    27.447218634236));
#3325 = CARTESIAN_POINT('',(1.704272430505,-3.34555064594,
    27.548611800466));
#3326 = CARTESIAN_POINT('',(3.708455567236,-0.587026431361,
    27.751387935016));
#3327 = CARTESIAN_POINT('',(3.919788857931,1.367266256654,
    27.852781102257));
#3328 = CARTESIAN_POINT('',(2.963522675331,3.374216647818,
    27.954158708935));
#3329 = CARTESIAN_POINT('',(0.861810671256,4.645539812961,28.05556690237
    ));
#3330 = CARTESIAN_POINT('',(-1.71703153328,4.401780030158,
    28.156932831248));
#3331 = CARTESIAN_POINT('',(-3.543300241497,2.75913192259,
    28.258341031578));
#3332 = CARTESIAN_POINT('',(-4.106555312234,0.608557478436,
    28.359718627615));
#3333 = CARTESIAN_POINT('',(-3.532771957118,-1.271525049028,
    28.461111805117));
#3334 = CARTESIAN_POINT('',(-1.047190274727,-3.605639374581,
    28.66388792527));
#3335 = CARTESIAN_POINT('',(0.865205110829,-4.060244009975,
    28.765281154881));
#3336 = CARTESIAN_POINT('',(2.976182141976,-3.363056009847,
    28.86665857133));
#3337 = CARTESIAN_POINT('',(4.5008946803,-1.437255357705,28.968067153025
    ));
#3338 = CARTESIAN_POINT('',(4.582271996488,1.151802616446,29.06943248261
    ));
#3339 = CARTESIAN_POINT('',(3.181468397359,3.169549649391,
    29.170841415094));
#3340 = CARTESIAN_POINT('',(1.11844687303,3.99790114378,29.272218290051)
  );
#3341 = CARTESIAN_POINT('',(-0.81872509887,3.664279535067,
    29.373612041896));
#3342 = CARTESIAN_POINT('',(-2.132342449383,2.577559218525,
    29.474999735581));
#3343 = DEFINITIONAL_REPRESENTATION('',(#3344),#3347);
#3344 = B_SPLINE_CURVE_WITH_KNOTS('',1,(#3345,#3346),.UNSPECIFIED.,.F.,
  .F.,(2,2),(0.,149.65160176608),.PIECEWISE_BEZIER_KNOTS.);
#3345 = CARTESIAN_POINT('',(0.,0.));
#3346 = CARTESIAN_POINT('',(0.,149.65160176608));
#3347 = ( GEOMETRIC_REPRESENTATION_CONTEXT(2) 
PARAMETRIC_REPRESENTATION_CONTEXT() REPRESENTATION_CONTEXT('2D SPACE',''
  ) );
#3348 = ORIENTED_EDGE('',*,*,#3349,.F.);
#3349 = EDGE_CURVE('',#1219,#2556,#3350,.T.);
#3350 = SURFACE_CURVE('',#3351,(#3354,#3361),.PCURVE_S1.);
#3351 = B_SPLINE_CURVE_WITH_KNOTS('',1,(#3352,#3353),.UNSPECIFIED.,.F.,
  .F.,(2,2),(0.,0.728868986856),.PIECEWISE_BEZIER_KNOTS.);
#3352 = CARTESIAN_POINT('',(-2.13234277637,2.577559613785,
    28.924999735581));
#3353 = CARTESIAN_POINT('',(-2.562603779362,3.09765587703,29.20000036515
    ));
#3354 = PCURVE('',#1482,#3355);
#3355 = DEFINITIONAL_REPRESENTATION('',(#3356),#3360);
#3356 = LINE('',#3357,#3358);
#3357 = CARTESIAN_POINT('',(0.,149.65160176608));
#3358 = VECTOR('',#3359,1.);
#3359 = DIRECTION('',(1.,0.));
#3360 = ( GEOMETRIC_REPRESENTATION_CONTEXT(2) 
PARAMETRIC_REPRESENTATION_CONTEXT() REPRESENTATION_CONTEXT('2D SPACE',''
  ) );
#3361 = PCURVE('',#3362,#3367);
#3362 = PLANE('',#3363);
#3363 = AXIS2_PLACEMENT_3D('',#3364,#3365,#3366);
#3364 = CARTESIAN_POINT('',(-2.288540296342,2.766370000738,
    29.199999964133));
#3365 = DIRECTION('',(0.77051327537,0.637423950349,5.602471101292E-13));
#3366 = DIRECTION('',(-0.637423950349,0.77051327537,0.));
#3367 = DEFINITIONAL_REPRESENTATION('',(#3368),#3371);
#3368 = B_SPLINE_CURVE_WITH_KNOTS('',1,(#3369,#3370),.UNSPECIFIED.,.F.,
  .F.,(2,2),(0.,0.728868986856),.PIECEWISE_BEZIER_KNOTS.);
#3369 = CARTESIAN_POINT('',(-0.24504494989,-0.275000228552));
#3370 = CARTESIAN_POINT('',(0.429954793619,4.010167415913E-07));
#3371 = ( GEOMETRIC_REPRESENTATION_CONTEXT(2) 
PARAMETRIC_REPRESENTATION_CONTEXT() REPRESENTATION_CONTEXT('2D SPACE',''
  ) );
#3372 = ADVANCED_FACE('',(#3373),#2826,.F.);
#3373 = FACE_BOUND('',#3374,.F.);
#3374 = EDGE_LOOP('',(#3375,#3376,#3397,#3674));
#3375 = ORIENTED_EDGE('',*,*,#2555,.F.);
#3376 = ORIENTED_EDGE('',*,*,#3377,.T.);
#3377 = EDGE_CURVE('',#2530,#3378,#3380,.T.);
#3378 = VERTEX_POINT('',#3379);
#3379 = CARTESIAN_POINT('',(3.34525,-2.22044604925E-15,0.275));
#3380 = SURFACE_CURVE('',#3381,(#3384,#3391),.PCURVE_S1.);
#3381 = B_SPLINE_CURVE_WITH_KNOTS('',1,(#3382,#3383),.UNSPECIFIED.,.F.,
  .F.,(2,2),(0.,0.728868986856),.PIECEWISE_BEZIER_KNOTS.);
#3382 = CARTESIAN_POINT('',(4.02025,2.22044604925E-15,0.));
#3383 = CARTESIAN_POINT('',(3.34525,-8.881784197001E-16,0.275));
#3384 = PCURVE('',#2826,#3385);
#3385 = DEFINITIONAL_REPRESENTATION('',(#3386),#3390);
#3386 = LINE('',#3387,#3388);
#3387 = CARTESIAN_POINT('',(0.,0.));
#3388 = VECTOR('',#3389,1.);
#3389 = DIRECTION('',(1.,0.));
#3390 = ( GEOMETRIC_REPRESENTATION_CONTEXT(2) 
PARAMETRIC_REPRESENTATION_CONTEXT() REPRESENTATION_CONTEXT('2D SPACE',''
  ) );
#3391 = PCURVE('',#2544,#3392);
#3392 = DEFINITIONAL_REPRESENTATION('',(#3393),#3396);
#3393 = B_SPLINE_CURVE_WITH_KNOTS('',1,(#3394,#3395),.UNSPECIFIED.,.F.,
  .F.,(2,2),(0.,0.728868986856),.PIECEWISE_BEZIER_KNOTS.);
#3394 = CARTESIAN_POINT('',(-1.382430176599E-17,0.429954793619));
#3395 = CARTESIAN_POINT('',(-0.275,-0.245045206381));
#3396 = ( GEOMETRIC_REPRESENTATION_CONTEXT(2) 
PARAMETRIC_REPRESENTATION_CONTEXT() REPRESENTATION_CONTEXT('2D SPACE',''
  ) );
#3397 = ORIENTED_EDGE('',*,*,#3398,.T.);
#3398 = EDGE_CURVE('',#3378,#3399,#3401,.T.);
#3399 = VERTEX_POINT('',#3400);
#3400 = CARTESIAN_POINT('',(-2.132342449383,2.577559218525,
    29.474999735581));
#3401 = SURFACE_CURVE('',#3402,(#3661,#3668),.PCURVE_S1.);
#3402 = B_SPLINE_CURVE_WITH_KNOTS('',9,(#3403,#3404,#3405,#3406,#3407,
    #3408,#3409,#3410,#3411,#3412,#3413,#3414,#3415,#3416,#3417,#3418,
    #3419,#3420,#3421,#3422,#3423,#3424,#3425,#3426,#3427,#3428,#3429,
    #3430,#3431,#3432,#3433,#3434,#3435,#3436,#3437,#3438,#3439,#3440,
    #3441,#3442,#3443,#3444,#3445,#3446,#3447,#3448,#3449,#3450,#3451,
    #3452,#3453,#3454,#3455,#3456,#3457,#3458,#3459,#3460,#3461,#3462,
    #3463,#3464,#3465,#3466,#3467,#3468,#3469,#3470,#3471,#3472,#3473,
    #3474,#3475,#3476,#3477,#3478,#3479,#3480,#3481,#3482,#3483,#3484,
    #3485,#3486,#3487,#3488,#3489,#3490,#3491,#3492,#3493,#3494,#3495,
    #3496,#3497,#3498,#3499,#3500,#3501,#3502,#3503,#3504,#3505,#3506,
    #3507,#3508,#3509,#3510,#3511,#3512,#3513,#3514,#3515,#3516,#3517,
    #3518,#3519,#3520,#3521,#3522,#3523,#3524,#3525,#3526,#3527,#3528,
    #3529,#3530,#3531,#3532,#3533,#3534,#3535,#3536,#3537,#3538,#3539,
    #3540,#3541,#3542,#3543,#3544,#3545,#3546,#3547,#3548,#3549,#3550,
    #3551,#3552,#3553,#3554,#3555,#3556,#3557,#3558,#3559,#3560,#3561,
    #3562,#3563,#3564,#3565,#3566,#3567,#3568,#3569,#3570,#3571,#3572,
    #3573,#3574,#3575,#3576,#3577,#3578,#3579,#3580,#3581,#3582,#3583,
    #3584,#3585,#3586,#3587,#3588,#3589,#3590,#3591,#3592,#3593,#3594,
    #3595,#3596,#3597,#3598,#3599,#3600,#3601,#3602,#3603,#3604,#3605,
    #3606,#3607,#3608,#3609,#3610,#3611,#3612,#3613,#3614,#3615,#3616,
    #3617,#3618,#3619,#3620,#3621,#3622,#3623,#3624,#3625,#3626,#3627,
    #3628,#3629,#3630,#3631,#3632,#3633,#3634,#3635,#3636,#3637,#3638,
    #3639,#3640,#3641,#3642,#3643,#3644,#3645,#3646,#3647,#3648,#3649,
    #3650,#3651,#3652,#3653,#3654,#3655,#3656,#3657,#3658,#3659,#3660),
  .UNSPECIFIED.,.F.,.F.,(10,8,8,8,8,8,8,8,8,8,8,8,8,8,8,8,8,8,8,8,8,8,8,
    8,8,8,8,8,8,8,8,8,10),(0.,4.67661255519,9.35322511038,14.02983766557
    ,18.706450220761,23.383062775951,28.059675331141,32.736287886331,
    37.412900441521,42.089512996711,46.766125551901,51.442738107092,
    56.119350662282,60.795963217472,65.472575772662,70.149188327852,
    74.825800883042,79.502413438232,84.179025993423,88.855638548613,
    93.532251103803,98.208863658993,102.88547621418,107.56208876937,
    112.23870132456,116.91531387975,121.59192643494,126.26853899013,
    130.94515154532,135.62176410051,140.2983766557,144.97498921089,
    149.65160176608),.UNSPECIFIED.);
#3403 = CARTESIAN_POINT('',(3.34525,-8.881784197001E-16,0.275));
#3404 = CARTESIAN_POINT('',(3.345248823245,1.704861136306,0.376387693698
    ));
#3405 = CARTESIAN_POINT('',(2.367517191115,3.410135713984,0.477781445505
    ));
#3406 = CARTESIAN_POINT('',(0.414225044964,4.471713541831,0.579158320538
    ));
#3407 = CARTESIAN_POINT('',(-2.033359965205,4.264880251774,
    0.680567252912));
#3408 = CARTESIAN_POINT('',(-3.976409328309,2.551869043636,
    0.781932582615));
#3409 = CARTESIAN_POINT('',(-4.488367022633,0.149484983733,
    0.883341164214));
#3410 = CARTESIAN_POINT('',(-3.679974204826,-1.921439304975,
    0.98471858072));
#3411 = CARTESIAN_POINT('',(-2.110688864871,-3.105196631291,
    1.086111810309));
#3412 = CARTESIAN_POINT('',(1.272146907115,-3.532546526067,
    1.288887930469));
#3413 = CARTESIAN_POINT('',(3.086517244158,-2.776251618984,
    1.390281107963));
#3414 = CARTESIAN_POINT('',(4.38453651935,-0.971413447013,1.491658704012
    ));
#3415 = CARTESIAN_POINT('',(4.486098032258,1.482795420418,1.593066904328
    ));
#3416 = CARTESIAN_POINT('',(3.030122993077,3.625219910765,1.694432833217
    ));
#3417 = CARTESIAN_POINT('',(0.710847824335,4.434239605298,1.795841026646
    ));
#3418 = CARTESIAN_POINT('',(-1.44506512403,3.891776659153,1.897218633328
    ));
#3419 = CARTESIAN_POINT('',(-2.816171766337,2.483229796858,
    1.998611800565));
#3420 = CARTESIAN_POINT('',(-3.664133627769,-0.819370174471,
    2.201387935121));
#3421 = CARTESIAN_POINT('',(-3.141203231344,-2.71422253475,
    2.302781101329));
#3422 = CARTESIAN_POINT('',(-1.513281702691,-4.228212758178,
    2.404158711552));
#3423 = CARTESIAN_POINT('',(0.908845964262,-4.636567347438,
    2.505566897472));
#3424 = CARTESIAN_POINT('',(3.216858855365,-3.460590106808,
    2.606932838148));
#3425 = CARTESIAN_POINT('',(4.310181445599,-1.261000162423,
    2.708341023938));
#3426 = CARTESIAN_POINT('',(4.042203522322,0.9459013999,2.809718634364)
  );
#3427 = CARTESIAN_POINT('',(2.816608701982,2.482734190873,2.911111800373
    ));
#3428 = CARTESIAN_POINT('',(-0.353671480145,3.737935153054,
    3.113887935212));
#3429 = CARTESIAN_POINT('',(-2.299122921079,3.456616192656,
    3.215281101203));
#3430 = CARTESIAN_POINT('',(-4.005207548603,2.031284601503,
    3.316658711691));
#3431 = CARTESIAN_POINT('',(-4.713915232522,-0.320563463949,
    3.418066897349));
#3432 = CARTESIAN_POINT('',(-3.836481642465,-2.757766014428,
    3.519432838233));
#3433 = CARTESIAN_POINT('',(-1.791265777318,-4.118149149582,
    3.620841023893));
#3434 = CARTESIAN_POINT('',(0.431820246654,-4.1288824213,3.72221863438)
  );
#3435 = CARTESIAN_POINT('',(2.110142413917,-3.105568005307,
    3.823611800371));
#3436 = CARTESIAN_POINT('',(3.752787208131,-0.1176048247,4.026387935213)
  );
#3437 = CARTESIAN_POINT('',(3.717516251596,1.847764765516,4.1277811012)
  );
#3438 = CARTESIAN_POINT('',(2.517252928868,3.719037823388,4.229158711694
    ));
#3439 = CARTESIAN_POINT('',(0.272774513551,4.716921858435,4.330566897346
    ));
#3440 = CARTESIAN_POINT('',(-2.255181555939,4.151869570814,
    4.431932838235));
#3441 = CARTESIAN_POINT('',(-3.86117118146,2.293282060856,4.533341023892
    ));
#3442 = CARTESIAN_POINT('',(-4.150446378003,8.907096983797E-02,
    4.634718634381));
#3443 = CARTESIAN_POINT('',(-3.345550646014,-1.704272430555,
    4.73611180037));
#3444 = CARTESIAN_POINT('',(-0.587026431204,-3.708455567129,
    4.938887935213));
#3445 = CARTESIAN_POINT('',(1.3672662558,-3.919788858512,5.040281101199)
  );
#3446 = CARTESIAN_POINT('',(3.374216650053,-2.96352267381,5.141658711696
    ));
#3447 = CARTESIAN_POINT('',(4.645539808888,-0.861810674026,
    5.243066897344));
#3448 = CARTESIAN_POINT('',(4.401780035824,1.717031537134,5.344432838238
    ));
#3449 = CARTESIAN_POINT('',(2.759131916354,3.543300237256,5.44584102389)
  );
#3450 = CARTESIAN_POINT('',(0.608557483926,4.106555315969,5.547218634383
    ));
#3451 = CARTESIAN_POINT('',(-1.27152505288,3.532771954498,5.64861180037)
  );
#3452 = CARTESIAN_POINT('',(-3.605639366511,1.047190280216,
    5.851387935215));
#3453 = CARTESIAN_POINT('',(-4.060244053559,-0.865205140466,
    5.952781101195));
#3454 = CARTESIAN_POINT('',(-3.363055895867,-2.976182064484,
    6.054158711705));
#3455 = CARTESIAN_POINT('',(-1.437255565349,-4.50089482145,
    6.155566897332));
#3456 = CARTESIAN_POINT('',(1.151802905282,-4.582271800169,
    6.256932838249));
#3457 = CARTESIAN_POINT('',(3.169549331644,-3.181468613309,
    6.358341023882));
#3458 = CARTESIAN_POINT('',(3.997901423464,-1.118446682958,
    6.459718634386));
#3459 = CARTESIAN_POINT('',(3.664279338884,0.818724965549,6.561111800369
    ));
#3460 = CARTESIAN_POINT('',(1.490839312948,3.445960079177,6.763887935216
    ));
#3461 = CARTESIAN_POINT('',(-0.349499223218,4.13666677441,6.865281101191
    ));
#3462 = CARTESIAN_POINT('',(-2.531211309874,3.70955171745,6.966658711712
    ));
#3463 = CARTESIAN_POINT('',(-4.285268033969,1.990034077834,
    7.068066897324));
#3464 = CARTESIAN_POINT('',(-4.690498400914,-0.568409653563,
    7.169432838256));
#3465 = CARTESIAN_POINT('',(-3.553631649711,-2.745812739674,
    7.270841023878));
#3466 = CARTESIAN_POINT('',(-1.610697309674,-3.826198237282,
    7.372218634387));
#3467 = CARTESIAN_POINT('',(0.35301309643,-3.737998849162,7.473611800369
    ));
#3468 = CARTESIAN_POINT('',(3.231935942877,-1.910976919129,
    7.676387935214));
#3469 = CARTESIAN_POINT('',(4.147851789109,-0.171718505567,
    7.777781101199));
#3470 = CARTESIAN_POINT('',(3.997545692466,2.046321840845,7.879158711695
    ));
#3471 = CARTESIAN_POINT('',(2.511428564124,4.002060009687,7.980566897347
    ));
#3472 = CARTESIAN_POINT('',(2.394775794911E-02,4.724753039915,
    8.081932838234));
#3473 = CARTESIAN_POINT('',(-2.278773040538,3.869751792157,
    8.183341023893));
#3474 = CARTESIAN_POINT('',(-3.594153619233,2.077546277632,
    8.284718634381));
#3475 = CARTESIAN_POINT('',(-3.752767884617,0.118266000101,8.38611180037
    ));
#3476 = CARTESIAN_POINT('',(-2.300977277734,-2.966942246094,
    8.588887935214));
#3477 = CARTESIAN_POINT('',(-0.690228130933,-4.093622703281,
    8.690281101196));
#3478 = CARTESIAN_POINT('',(1.52916065396,-4.2224959839,8.791658711703)
  );
#3479 = CARTESIAN_POINT('',(3.655737108352,-2.993216321702,
    8.893066897334));
#3480 = CARTESIAN_POINT('',(4.684495501035,-0.615927499006,
    8.994432838248));
#3481 = CARTESIAN_POINT('',(4.124843637169,1.775795729269,9.095841023883
    ));
#3482 = CARTESIAN_POINT('',(2.511631099724,3.305427051572,9.197218634386
    ));
#3483 = CARTESIAN_POINT('',(0.587679971161,3.708353528735,9.298611800369
    ));
#3484 = CARTESIAN_POINT('',(-2.655158097725,2.654689850132,
    9.501387935215));
#3485 = CARTESIAN_POINT('',(-3.974834742013,1.197852446355,
    9.602781101196));
#3486 = CARTESIAN_POINT('',(-4.38085499127,-0.987883690094,
    9.704158711703));
#3487 = CARTESIAN_POINT('',(-3.427799269822,-3.251761048976,
    9.805566897335));
#3488 = CARTESIAN_POINT('',(-1.198193695475,-4.570360669731,
    9.906932838245));
#3489 = CARTESIAN_POINT('',(1.244813058551,-4.314884233955,
    10.008341023886));
#3490 = CARTESIAN_POINT('',(2.964571924734,-2.906105999001,
    10.109718634383));
#3491 = CARTESIAN_POINT('',(3.605456222444,-1.047825878012,
    10.21111180037));
#3492 = CARTESIAN_POINT('',(2.966536377757,2.301500520039,
    10.413887935212));
#3493 = CARTESIAN_POINT('',(1.686585913139,3.793361262414,
    10.515281101205));
#3494 = CARTESIAN_POINT('',(-0.431027210307,4.47012529843,
    10.616658711684));
#3495 = CARTESIAN_POINT('',(-2.796502775346,3.808323775791,
    10.718066897361));
#3496 = CARTESIAN_POINT('',(-4.384148520465,1.7615636616,10.819432838221
    ));
#3497 = CARTESIAN_POINT('',(-4.436876528786,-0.694198942284,
    10.920841023903));
#3498 = CARTESIAN_POINT('',(-3.254749870648,-2.576963727694,
    11.022218634375));
#3499 = CARTESIAN_POINT('',(-1.491446944827,-3.44569871773,
    11.123611800372));
#3500 = CARTESIAN_POINT('',(1.911546904303,-3.231598854582,
    11.32638793521));
#3501 = CARTESIAN_POINT('',(3.552064209659,-2.148720912555,
    11.427781101211));
#3502 = CARTESIAN_POINT('',(4.488899059316,-0.132626826071,
    11.529158711672));
#3503 = CARTESIAN_POINT('',(4.128788740826,2.297141982402,
    11.630566897376));
#3504 = CARTESIAN_POINT('',(2.297152716479,4.128795730065,
    11.731932838207));
#3505 = CARTESIAN_POINT('',(-0.132636894005,4.488896630299,
    11.833341023911));
#3506 = CARTESIAN_POINT('',(-2.148715273266,3.55206439254,
    11.934718634373));
#3507 = CARTESIAN_POINT('',(-3.231600485875,1.911547002376,
    12.036111800372));
#3508 = CARTESIAN_POINT('',(-3.445697087011,-1.491447051984,
    12.238887935214));
#3509 = CARTESIAN_POINT('',(-2.576969299582,-3.254748982419,
    12.340281101196));
#3510 = CARTESIAN_POINT('',(-0.694189258198,-4.436880200487,
    12.441658711704));
#3511 = CARTESIAN_POINT('',(1.761553888172,-4.384140241023,
    12.543066897333));
#3512 = CARTESIAN_POINT('',(3.808329364566,-2.796514300738,
    12.644432838248));
#3513 = CARTESIAN_POINT('',(4.470124150417,-0.431016917349,
    12.745841023883));
#3514 = CARTESIAN_POINT('',(3.793360737065,1.686580295409,
    12.847218634385));
#3515 = CARTESIAN_POINT('',(2.301500821792,2.966537983893,12.94861180037
    ));
#3516 = CARTESIAN_POINT('',(-1.047826188707,3.605454618013,
    13.151387935212));
#3517 = CARTESIAN_POINT('',(-2.906104419432,2.964577341367,
    13.252781101208));
#3518 = CARTESIAN_POINT('',(-4.314889090446,1.244803911003,
    13.354158711676));
#3519 = CARTESIAN_POINT('',(-4.57035123063,-1.198185036791,
    13.455566897373));
#3520 = CARTESIAN_POINT('',(-3.251773183958,-3.427803370022,
    13.556932838207));
#3521 = CARTESIAN_POINT('',(-0.987873334404,-4.380855142356,
    13.658341023913));
#3522 = CARTESIAN_POINT('',(1.197846938759,-3.974833516718,
    13.759718634369));
#3523 = CARTESIAN_POINT('',(2.654691405785,-2.655158598401,
    13.861111800375));
#3524 = CARTESIAN_POINT('',(3.708351975894,0.587680480495,
    14.063887935207));
#3525 = CARTESIAN_POINT('',(3.305432227526,2.511628853723,
    14.165281101224));
#3526 = CARTESIAN_POINT('',(1.775787262524,4.124849601865,
    14.266658711648));
#3527 = CARTESIAN_POINT('',(-0.615920091627,4.684485051131,
    14.368066897407));
#3528 = CARTESIAN_POINT('',(-2.993218868654,3.655749661547,
    14.469432838179));
#3529 = CARTESIAN_POINT('',(-4.222497431711,1.529150398859,
    14.570841023929));
#3530 = CARTESIAN_POINT('',(-4.093620797361,-0.690222820336,
    14.672218634365));
#3531 = CARTESIAN_POINT('',(-2.966942937799,-2.300978758368,
    14.773611800374));
#3532 = CARTESIAN_POINT('',(0.11826670004,-3.75276640786,14.976387935213
    ));
#3533 = CARTESIAN_POINT('',(2.07754340063,-3.594158472862,
    15.077781101196));
#3534 = CARTESIAN_POINT('',(3.869758770965,-2.278765388148,
    15.179158711703));
#3535 = CARTESIAN_POINT('',(4.72474174405,2.394171871131E-02,
    15.280566897335));
#3536 = CARTESIAN_POINT('',(4.002072783086,2.511429517659,
    15.381932838245));
#3537 = CARTESIAN_POINT('',(2.046311848086,3.997548414158,
    15.483341023886));
#3538 = CARTESIAN_POINT('',(-0.171713475729,4.147849232629,
    15.584718634383));
#3539 = CARTESIAN_POINT('',(-1.910978301392,3.231936814698,
    15.68611180037));
#3540 = CARTESIAN_POINT('',(-3.737997471775,0.353012216924,
    15.888887935212));
#3541 = CARTESIAN_POINT('',(-3.826202692057,-1.610693847035,
    15.990281101207));
#3542 = CARTESIAN_POINT('',(-2.745806022298,-3.553639532593,
    16.091658711681));
#3543 = CARTESIAN_POINT('',(-0.568414229435,-4.690486437194,
    16.193066897366));
#3544 = CARTESIAN_POINT('',(1.99003342292,-4.285280826164,
    16.294432838216));
#3545 = CARTESIAN_POINT('',(3.709555670106,-2.531201737025,
    16.395841023906));
#3546 = CARTESIAN_POINT('',(4.136663607683,-0.349503892984,
    16.497218634374));
#3547 = CARTESIAN_POINT('',(3.445961117367,1.490840575044,
    16.598611800373));
#3548 = CARTESIAN_POINT('',(0.818723920345,3.664278082589,16.80138793521
    ));
#3549 = CARTESIAN_POINT('',(-1.118442689288,3.997905409131,
    16.90278110121));
#3550 = CARTESIAN_POINT('',(-3.18147727595,3.169543655223,
    17.004158711678));
#3551 = CARTESIAN_POINT('',(-4.582259357271,1.151805945619,
    17.105566897365));
#3552 = CARTESIAN_POINT('',(-4.500907430696,-1.437253312308,
    17.20693283822));
#3553 = CARTESIAN_POINT('',(-2.976173062517,-3.363061017154,
    17.3083410239));
#3554 = CARTESIAN_POINT('',(-0.865209376513,-4.060240326524,
    17.409718634378));
#3555 = CARTESIAN_POINT('',(1.04719140224,-3.605640554697,
    17.511111800371));
#3556 = CARTESIAN_POINT('',(3.532770839109,-1.271523858464,
    17.713887935213));
#3557 = CARTESIAN_POINT('',(4.106558769664,0.608553022217,
    17.815281101199));
#3558 = CARTESIAN_POINT('',(3.543295691314,2.759141222121,
    17.916658711696));
#3559 = CARTESIAN_POINT('',(1.717032993988,4.401767309998,
    18.018066897346));
#3560 = CARTESIAN_POINT('',(-0.861806858397,4.64555203632,
    18.119432838234));
#3561 = CARTESIAN_POINT('',(-2.963528882957,3.374208360938,
    18.220841023894));
#3562 = CARTESIAN_POINT('',(-3.919784629949,1.367269991324,
    18.32221863438));
#3563 = CARTESIAN_POINT('',(-3.708456886573,-0.587027395462,
    18.423611800371));
#3564 = CARTESIAN_POINT('',(-1.70427110576,-3.345549689119,
    18.626387935211));
#3565 = CARTESIAN_POINT('',(8.90661104403E-02,-4.150449245269,
    18.72778110121));
#3566 = CARTESIAN_POINT('',(2.293291863016,-3.861167837684,
    18.829158711674));
#3567 = CARTESIAN_POINT('',(4.151856762724,-2.255181406333,
    18.930566897375));
#3568 = CARTESIAN_POINT('',(4.716933511241,0.272769195495,
    19.031932838206));
#3569 = CARTESIAN_POINT('',(3.719030377837,2.517260127968,
    19.133341023914));
#3570 = CARTESIAN_POINT('',(1.847767941611,3.717511588183,
    19.234718634369));
#3571 = CARTESIAN_POINT('',(-0.117605615986,3.752788638027,
    19.336111800375));
#3572 = CARTESIAN_POINT('',(-3.105567221996,2.110140979633,
    19.538887935206));
#3573 = CARTESIAN_POINT('',(-4.128884656919,0.431825427111,
    19.640281101227));
#3574 = CARTESIAN_POINT('',(-4.118147060703,-1.791275921297,
    19.741658711638));
#3575 = CARTESIAN_POINT('',(-2.757764260718,-3.836468954089,
    19.843066897426));
#3576 = CARTESIAN_POINT('',(-0.32057020057,-4.713926126939,
    19.944432838154));
#3577 = CARTESIAN_POINT('',(2.031292677029,-4.005201064034,
    20.04584102395));
#3578 = CARTESIAN_POINT('',(3.456611167934,-2.299125487653,
    20.147218634353));
#3579 = CARTESIAN_POINT('',(3.737936670852,-0.353670874311,
    20.248611800377));
#3580 = CARTESIAN_POINT('',(2.482732669727,2.81660810461,20.451387935209
    ));
#3581 = CARTESIAN_POINT('',(0.945906819688,4.042205091041,
    20.552781101209));
#3582 = CARTESIAN_POINT('',(-1.261010488188,4.31018064452,20.65415871168
    ));
#3583 = CARTESIAN_POINT('',(-3.460577738322,3.216855525318,
    20.755566897365));
#3584 = CARTESIAN_POINT('',(-4.636577311595,0.908854013032,
    20.856932838218));
#3585 = CARTESIAN_POINT('',(-4.228207336891,-1.513290527093,
    20.958341023905));
#3586 = CARTESIAN_POINT('',(-2.714224451316,-3.141197924714,
    21.059718634373));
#3587 = CARTESIAN_POINT('',(-0.819369763647,-3.664135209437,
    21.161111800375));
#3588 = CARTESIAN_POINT('',(2.483229394851,-2.8161701825,21.363887935204
    ));
#3589 = CARTESIAN_POINT('',(3.89177753619,-1.445070696696,
    21.465281101238));
#3590 = CARTESIAN_POINT('',(4.434240104799,0.710858166455,
    21.566658711621));
#3591 = CARTESIAN_POINT('',(3.625215056595,3.030111144292,
    21.668066897441));
#3592 = CARTESIAN_POINT('',(1.482804654843,4.486106902352,
    21.769432838148));
#3593 = CARTESIAN_POINT('',(-0.971422881605,4.384532254207,
    21.870841023949));
#3594 = CARTESIAN_POINT('',(-2.77624611373,3.086518473988,
    21.972218634356));
#3595 = CARTESIAN_POINT('',(-3.532548146925,1.272146702343,
    22.073611800376));
#3596 = CARTESIAN_POINT('',(-3.105195009205,-2.110688674129,
    22.27638793521));
#3597 = CARTESIAN_POINT('',(-1.921444945533,-3.679974324754,
    22.377781101203));
#3598 = CARTESIAN_POINT('',(0.149495186714,-4.488368949725,
    22.479158711695));
#3599 = CARTESIAN_POINT('',(2.551857887507,-3.976402780879,
    22.580566897339));
#3600 = CARTESIAN_POINT('',(4.264887907321,-2.033370581391,
    22.681932838248));
#3601 = CARTESIAN_POINT('',(4.471710478711,0.414235316907,
    22.783341023879));
#3602 = CARTESIAN_POINT('',(3.410136256524,2.36751124312,22.884718634389
    ));
#3603 = CARTESIAN_POINT('',(1.704861127598,3.345250689887,
    22.986111800368));
#3604 = CARTESIAN_POINT('',(-1.704861132149,3.345249055661,
    23.188887935215));
#3605 = CARTESIAN_POINT('',(-3.410135719911,2.367516859776,
    23.290281101192));
#3606 = CARTESIAN_POINT('',(-4.471713535093,0.414225421396,
    23.391658711712));
#3607 = CARTESIAN_POINT('',(-4.264880257906,-2.033360307389,
    23.49306689732));
#3608 = CARTESIAN_POINT('',(-2.55186903922,-3.976409082307,
    23.594432838264));
#3609 = CARTESIAN_POINT('',(-0.149484986163,-4.488367157676,
    23.695841023869));
#3610 = CARTESIAN_POINT('',(1.921439305907,-3.679974153185,
    23.797218634393));
#3611 = CARTESIAN_POINT('',(3.105196631118,-2.110688874436,
    23.898611800367));
#3612 = CARTESIAN_POINT('',(3.53254652615,1.272146911681,24.101387935216
    ));
#3613 = CARTESIAN_POINT('',(2.776251618864,3.086517237649,
    24.202781101193));
#3614 = CARTESIAN_POINT('',(0.971413447151,4.384536526742,
    24.304158711711));
#3615 = CARTESIAN_POINT('',(-1.482795420543,4.486098025544,
    24.405566897319));
#3616 = CARTESIAN_POINT('',(-3.625219910677,3.030122997896,
    24.506932838268));
#3617 = CARTESIAN_POINT('',(-4.434239605345,0.710847821697,
    24.608341023865));
#3618 = CARTESIAN_POINT('',(-3.891776659137,-1.445065123025,
    24.709718634397));
#3619 = CARTESIAN_POINT('',(-2.48322979686,-2.816171766521,
    24.811111800364));
#3620 = CARTESIAN_POINT('',(0.81937017447,-3.664133627686,
    25.013887935223));
#3621 = CARTESIAN_POINT('',(2.71422253476,-3.141203231452,
    25.115281101163));
#3622 = CARTESIAN_POINT('',(4.228212758152,-1.513281702577,
    25.216658711767));
#3623 = CARTESIAN_POINT('',(4.636567347481,0.908845964157,
    25.318066897251));
#3624 = CARTESIAN_POINT('',(3.460590106762,3.216858855449,
    25.419432838323));
#3625 = CARTESIAN_POINT('',(1.261000162456,4.310181445544,
    25.520841023836));
#3626 = CARTESIAN_POINT('',(-0.945901399914,4.042203522347,
    25.622218634403));
#3627 = CARTESIAN_POINT('',(-2.482734190871,2.816608701977,
    25.723611800368));
#3628 = CARTESIAN_POINT('',(-3.73793515305,-0.353671480144,
    25.926387935208));
#3629 = CARTESIAN_POINT('',(-3.456616192672,-2.299122921069,
    26.02778110123));
#3630 = CARTESIAN_POINT('',(-2.031284601476,-4.005207548633,
    26.129158711632));
#3631 = CARTESIAN_POINT('',(0.320563463924,-4.713915232474,
    26.230566897431));
#3632 = CARTESIAN_POINT('',(2.75776601444,-3.836481642516,
    26.331932838154));
#3633 = CARTESIAN_POINT('',(4.118149149581,-1.79126577728,
    26.433341023947));
#3634 = CARTESIAN_POINT('',(4.128882421297,0.431820246635,
    26.534718634354));
#3635 = CARTESIAN_POINT('',(3.105568005308,2.110142413922,
    26.636111800378));
#3636 = CARTESIAN_POINT('',(0.117604824699,3.752787208124,
    26.838887935204));
#3637 = CARTESIAN_POINT('',(-1.84776476552,3.717516251621,
    26.940281101237));
#3638 = CARTESIAN_POINT('',(-3.719037823375,2.517252928813,
    27.04165871161));
#3639 = CARTESIAN_POINT('',(-4.716921858465,0.272774513638,
    27.143066897485));
#3640 = CARTESIAN_POINT('',(-4.151869570763,-2.255181556049,
    27.24443283806));
#3641 = CARTESIAN_POINT('',(-2.293282060922,-3.861171181344,
    27.345841024069));
#3642 = CARTESIAN_POINT('',(-8.907096977252E-02,-4.150446378106,
    27.447218634236));
#3643 = CARTESIAN_POINT('',(1.704272430505,-3.34555064594,
    27.548611800466));
#3644 = CARTESIAN_POINT('',(3.708455567236,-0.587026431361,
    27.751387935016));
#3645 = CARTESIAN_POINT('',(3.919788857931,1.367266256654,
    27.852781102257));
#3646 = CARTESIAN_POINT('',(2.963522675331,3.374216647818,
    27.954158708935));
#3647 = CARTESIAN_POINT('',(0.861810671256,4.645539812961,28.05556690237
    ));
#3648 = CARTESIAN_POINT('',(-1.71703153328,4.401780030158,
    28.156932831248));
#3649 = CARTESIAN_POINT('',(-3.543300241497,2.75913192259,
    28.258341031578));
#3650 = CARTESIAN_POINT('',(-4.106555312234,0.608557478436,
    28.359718627615));
#3651 = CARTESIAN_POINT('',(-3.532771957118,-1.271525049028,
    28.461111805117));
#3652 = CARTESIAN_POINT('',(-1.047190274727,-3.605639374581,
    28.66388792527));
#3653 = CARTESIAN_POINT('',(0.865205110829,-4.060244009975,
    28.765281154881));
#3654 = CARTESIAN_POINT('',(2.976182141976,-3.363056009847,
    28.86665857133));
#3655 = CARTESIAN_POINT('',(4.5008946803,-1.437255357705,28.968067153025
    ));
#3656 = CARTESIAN_POINT('',(4.582271996488,1.151802616446,29.06943248261
    ));
#3657 = CARTESIAN_POINT('',(3.181468397359,3.169549649391,
    29.170841415094));
#3658 = CARTESIAN_POINT('',(1.11844687303,3.99790114378,29.272218290051)
  );
#3659 = CARTESIAN_POINT('',(-0.81872509887,3.664279535067,
    29.373612041896));
#3660 = CARTESIAN_POINT('',(-2.132342449383,2.577559218525,
    29.474999735581));
#3661 = PCURVE('',#2826,#3662);
#3662 = DEFINITIONAL_REPRESENTATION('',(#3663),#3667);
#3663 = LINE('',#3664,#3665);
#3664 = CARTESIAN_POINT('',(0.728868986856,0.));
#3665 = VECTOR('',#3666,1.);
#3666 = DIRECTION('',(0.,1.));
#3667 = ( GEOMETRIC_REPRESENTATION_CONTEXT(2) 
PARAMETRIC_REPRESENTATION_CONTEXT() REPRESENTATION_CONTEXT('2D SPACE',''
  ) );
#3668 = PCURVE('',#2006,#3669);
#3669 = DEFINITIONAL_REPRESENTATION('',(#3670),#3673);
#3670 = B_SPLINE_CURVE_WITH_KNOTS('',1,(#3671,#3672),.UNSPECIFIED.,.F.,
  .F.,(2,2),(0.,149.65160176608),.PIECEWISE_BEZIER_KNOTS.);
#3671 = CARTESIAN_POINT('',(0.,0.));
#3672 = CARTESIAN_POINT('',(0.,149.65160176608));
#3673 = ( GEOMETRIC_REPRESENTATION_CONTEXT(2) 
PARAMETRIC_REPRESENTATION_CONTEXT() REPRESENTATION_CONTEXT('2D SPACE',''
  ) );
#3674 = ORIENTED_EDGE('',*,*,#3675,.F.);
#3675 = EDGE_CURVE('',#2556,#3399,#3676,.T.);
#3676 = SURFACE_CURVE('',#3677,(#3680,#3687),.PCURVE_S1.);
#3677 = B_SPLINE_CURVE_WITH_KNOTS('',1,(#3678,#3679),.UNSPECIFIED.,.F.,
  .F.,(2,2),(0.,0.728868986856),.PIECEWISE_BEZIER_KNOTS.);
#3678 = CARTESIAN_POINT('',(-2.562603779362,3.09765587703,29.20000036515
    ));
#3679 = CARTESIAN_POINT('',(-2.132342449383,2.577559218525,
    29.474999735581));
#3680 = PCURVE('',#2826,#3681);
#3681 = DEFINITIONAL_REPRESENTATION('',(#3682),#3686);
#3682 = LINE('',#3683,#3684);
#3683 = CARTESIAN_POINT('',(0.,149.65160176608));
#3684 = VECTOR('',#3685,1.);
#3685 = DIRECTION('',(1.,0.));
#3686 = ( GEOMETRIC_REPRESENTATION_CONTEXT(2) 
PARAMETRIC_REPRESENTATION_CONTEXT() REPRESENTATION_CONTEXT('2D SPACE',''
  ) );
#3687 = PCURVE('',#3362,#3688);
#3688 = DEFINITIONAL_REPRESENTATION('',(#3689),#3692);
#3689 = B_SPLINE_CURVE_WITH_KNOTS('',1,(#3690,#3691),.UNSPECIFIED.,.F.,
  .F.,(2,2),(0.,0.728868986856),.PIECEWISE_BEZIER_KNOTS.);
#3690 = CARTESIAN_POINT('',(0.429954793619,4.010167415913E-07));
#3691 = CARTESIAN_POINT('',(-0.245045462872,0.274999771447));
#3692 = ( GEOMETRIC_REPRESENTATION_CONTEXT(2) 
PARAMETRIC_REPRESENTATION_CONTEXT() REPRESENTATION_CONTEXT('2D SPACE',''
  ) );
#3693 = ADVANCED_FACE('',(#3694),#2006,.F.);
#3694 = FACE_BOUND('',#3695,.F.);
#3695 = EDGE_LOOP('',(#3696,#3697,#3716,#3717));
#3696 = ORIENTED_EDGE('',*,*,#3398,.F.);
#3697 = ORIENTED_EDGE('',*,*,#3698,.T.);
#3698 = EDGE_CURVE('',#3378,#1217,#3699,.T.);
#3699 = SURFACE_CURVE('',#3700,(#3703,#3710),.PCURVE_S1.);
#3700 = B_SPLINE_CURVE_WITH_KNOTS('',1,(#3701,#3702),.UNSPECIFIED.,.F.,
  .F.,(2,2),(0.,0.55),.PIECEWISE_BEZIER_KNOTS.);
#3701 = CARTESIAN_POINT('',(3.34525,-2.22044604925E-15,0.275));
#3702 = CARTESIAN_POINT('',(3.34525,-4.440892098501E-16,-0.275));
#3703 = PCURVE('',#2006,#3704);
#3704 = DEFINITIONAL_REPRESENTATION('',(#3705),#3709);
#3705 = LINE('',#3706,#3707);
#3706 = CARTESIAN_POINT('',(0.,0.));
#3707 = VECTOR('',#3708,1.);
#3708 = DIRECTION('',(1.,0.));
#3709 = ( GEOMETRIC_REPRESENTATION_CONTEXT(2) 
PARAMETRIC_REPRESENTATION_CONTEXT() REPRESENTATION_CONTEXT('2D SPACE',''
  ) );
#3710 = PCURVE('',#2544,#3711);
#3711 = DEFINITIONAL_REPRESENTATION('',(#3712),#3715);
#3712 = B_SPLINE_CURVE_WITH_KNOTS('',1,(#3713,#3714),.UNSPECIFIED.,.F.,
  .F.,(2,2),(0.,0.55),.PIECEWISE_BEZIER_KNOTS.);
#3713 = CARTESIAN_POINT('',(-0.275,-0.245045206381));
#3714 = CARTESIAN_POINT('',(0.275,-0.245045206381));
#3715 = ( GEOMETRIC_REPRESENTATION_CONTEXT(2) 
PARAMETRIC_REPRESENTATION_CONTEXT() REPRESENTATION_CONTEXT('2D SPACE',''
  ) );
#3716 = ORIENTED_EDGE('',*,*,#1216,.T.);
#3717 = ORIENTED_EDGE('',*,*,#3718,.F.);
#3718 = EDGE_CURVE('',#3399,#1219,#3719,.T.);
#3719 = SURFACE_CURVE('',#3720,(#3723,#3730),.PCURVE_S1.);
#3720 = B_SPLINE_CURVE_WITH_KNOTS('',1,(#3721,#3722),.UNSPECIFIED.,.F.,
  .F.,(2,2),(0.,0.55),.PIECEWISE_BEZIER_KNOTS.);
#3721 = CARTESIAN_POINT('',(-2.132342449383,2.577559218525,
    29.474999735581));
#3722 = CARTESIAN_POINT('',(-2.13234277637,2.577559613785,
    28.924999735581));
#3723 = PCURVE('',#2006,#3724);
#3724 = DEFINITIONAL_REPRESENTATION('',(#3725),#3729);
#3725 = LINE('',#3726,#3727);
#3726 = CARTESIAN_POINT('',(0.,149.65160176608));
#3727 = VECTOR('',#3728,1.);
#3728 = DIRECTION('',(1.,0.));
#3729 = ( GEOMETRIC_REPRESENTATION_CONTEXT(2) 
PARAMETRIC_REPRESENTATION_CONTEXT() REPRESENTATION_CONTEXT('2D SPACE',''
  ) );
#3730 = PCURVE('',#3362,#3731);
#3731 = DEFINITIONAL_REPRESENTATION('',(#3732),#3735);
#3732 = B_SPLINE_CURVE_WITH_KNOTS('',1,(#3733,#3734),.UNSPECIFIED.,.F.,
  .F.,(2,2),(0.,0.55),.PIECEWISE_BEZIER_KNOTS.);
#3733 = CARTESIAN_POINT('',(-0.245045462872,0.274999771447));
#3734 = CARTESIAN_POINT('',(-0.24504494989,-0.275000228552));
#3735 = ( GEOMETRIC_REPRESENTATION_CONTEXT(2) 
PARAMETRIC_REPRESENTATION_CONTEXT() REPRESENTATION_CONTEXT('2D SPACE',''
  ) );
#3736 = ADVANCED_FACE('',(#3737),#2544,.T.);
#3737 = FACE_BOUND('',#3738,.T.);
#3738 = EDGE_LOOP('',(#3739,#3740,#3741));
#3739 = ORIENTED_EDGE('',*,*,#2529,.T.);
#3740 = ORIENTED_EDGE('',*,*,#3377,.T.);
#3741 = ORIENTED_EDGE('',*,*,#3698,.T.);
#3742 = ADVANCED_FACE('',(#3743),#3362,.F.);
#3743 = FACE_BOUND('',#3744,.F.);
#3744 = EDGE_LOOP('',(#3745,#3746,#3747));
#3745 = ORIENTED_EDGE('',*,*,#3349,.T.);
#3746 = ORIENTED_EDGE('',*,*,#3675,.T.);
#3747 = ORIENTED_EDGE('',*,*,#3718,.T.);
#3748 = ( GEOMETRIC_REPRESENTATION_CONTEXT(3) 
GLOBAL_UNCERTAINTY_ASSIGNED_CONTEXT((#3752)) 
GLOBAL_UNIT_ASSIGNED_CONTEXT((#3749,#3750,#3751)) REPRESENTATION_CONTEXT
('Context #1','3D Context with UNIT and UNCERTAINTY') );
#3749 = ( LENGTH_UNIT() NAMED_UNIT(*) SI_UNIT(.MILLI.,.METRE.) );
#3750 = ( NAMED_UNIT(*) PLANE_ANGLE_UNIT() SI_UNIT($,.RADIAN.) );
#3751 = ( NAMED_UNIT(*) SI_UNIT($,.STERADIAN.) SOLID_ANGLE_UNIT() );
#3752 = UNCERTAINTY_MEASURE_WITH_UNIT(LENGTH_MEASURE(1.E-05),#3749,
  'distance_accuracy_value','confusion accuracy');
#3753 = CONTEXT_DEPENDENT_SHAPE_REPRESENTATION(#3754,#3756);
#3754 = ( REPRESENTATION_RELATIONSHIP('','',#1209,#10) 
REPRESENTATION_RELATIONSHIP_WITH_TRANSFORMATION(#3755) 
SHAPE_REPRESENTATION_RELATIONSHIP() );
#3755 = ITEM_DEFINED_TRANSFORMATION('','',#11,#19);
#3756 = PRODUCT_DEFINITION_SHAPE('Placement','Placement of an item',
  #3757);
#3757 = NEXT_ASSEMBLY_USAGE_OCCURRENCE('6','','',#5,#1204,$);
#3758 = PRODUCT_RELATED_PRODUCT_CATEGORY('part',$,(#1206));
ENDSEC;
END-ISO-10303-21;
