ISO-10303-21;
HEADER;
FILE_DESCRIPTION(('Open CASCADE Model'),'2;1');
FILE_NAME('Open CASCADE Shape Model','2026-08-17T03:10:08',('Author'),(
    'Open CASCADE'),'Open CASCADE STEP processor 7.9','Open CASCADE 7.9'
  ,'Unknown');
FILE_SCHEMA(('AUTOMOTIVE_DESIGN { 1 0 10303 214 1 1 1 1 }'));
ENDSEC;
DATA;
#1 = APPLICATION_PROTOCOL_DEFINITION('international standard',
  'automotive_design',2000,#2);
#2 = APPLICATION_CONTEXT(
  'core data for automotive mechanical design processes');
#3 = SHAPE_DEFINITION_REPRESENTATION(#4,#10);
#4 = PRODUCT_DEFINITION_SHAPE('','',#5);
#5 = PRODUCT_DEFINITION('design','',#6,#9);
#6 = PRODUCT_DEFINITION_FORMATION('','',#7);
#7 = PRODUCT('Open CASCADE STEP translator 7.9 10',
  'Open CASCADE STEP translator 7.9 10','',(#8));
#8 = PRODUCT_CONTEXT('',#2,'mechanical');
#9 = PRODUCT_DEFINITION_CONTEXT('part definition',#2,'design');
#10 = SHAPE_REPRESENTATION('',(#11,#15,#19),#23);
#11 = AXIS2_PLACEMENT_3D('',#12,#13,#14);
#12 = CARTESIAN_POINT('',(0.,0.,0.));
#13 = DIRECTION('',(0.,0.,1.));
#14 = DIRECTION('',(1.,0.,-0.));
#15 = AXIS2_PLACEMENT_3D('',#16,#17,#18);
#16 = CARTESIAN_POINT('',(0.,0.,0.));
#17 = DIRECTION('',(0.,0.,1.));
#18 = DIRECTION('',(1.,0.,-0.));
#19 = AXIS2_PLACEMENT_3D('',#20,#21,#22);
#20 = CARTESIAN_POINT('',(0.,0.,0.));
#21 = DIRECTION('',(0.,0.,1.));
#22 = DIRECTION('',(1.,0.,-0.));
#23 = ( GEOMETRIC_REPRESENTATION_CONTEXT(3) 
GLOBAL_UNCERTAINTY_ASSIGNED_CONTEXT((#27)) GLOBAL_UNIT_ASSIGNED_CONTEXT(
(#24,#25,#26)) REPRESENTATION_CONTEXT('Context #1',
  '3D Context with UNIT and UNCERTAINTY') );
#24 = ( LENGTH_UNIT() NAMED_UNIT(*) SI_UNIT(.MILLI.,.METRE.) );
#25 = ( NAMED_UNIT(*) PLANE_ANGLE_UNIT() SI_UNIT($,.RADIAN.) );
#26 = ( NAMED_UNIT(*) SI_UNIT($,.STERADIAN.) SOLID_ANGLE_UNIT() );
#27 = UNCERTAINTY_MEASURE_WITH_UNIT(LENGTH_MEASURE(2.E-06),#24,
  'distance_accuracy_value','confusion accuracy');
#28 = PRODUCT_RELATED_PRODUCT_CATEGORY('part',$,(#7));
#29 = SHAPE_DEFINITION_REPRESENTATION(#30,#36);
#30 = PRODUCT_DEFINITION_SHAPE('','',#31);
#31 = PRODUCT_DEFINITION('design','',#32,#35);
#32 = PRODUCT_DEFINITION_FORMATION('','',#33);
#33 = PRODUCT('Open CASCADE STEP translator 7.9 10.1',
  'Open CASCADE STEP translator 7.9 10.1','',(#34));
#34 = PRODUCT_CONTEXT('',#2,'mechanical');
#35 = PRODUCT_DEFINITION_CONTEXT('part definition',#2,'design');
#36 = ADVANCED_BREP_SHAPE_REPRESENTATION('',(#11,#37),#1535);
#37 = MANIFOLD_SOLID_BREP('',#38);
#38 = CLOSED_SHELL('',(#39,#185,#294,#344,#538,#615,#674,#728,#963,#998,
    #1074,#1150,#1226,#1276,#1303,#1331,#1359,#1386,#1414,#1441,#1468,
    #1476,#1531));
#39 = ADVANCED_FACE('',(#40),#54,.F.);
#40 = FACE_BOUND('',#41,.F.);
#41 = EDGE_LOOP('',(#42,#77,#106,#134,#163));
#42 = ORIENTED_EDGE('',*,*,#43,.T.);
#43 = EDGE_CURVE('',#44,#46,#48,.T.);
#44 = VERTEX_POINT('',#45);
#45 = CARTESIAN_POINT('',(10.392304832358,-6.000000022612,15.8));
#46 = VERTEX_POINT('',#47);
#47 = CARTESIAN_POINT('',(13.755370163443,-0.175,15.8));
#48 = SURFACE_CURVE('',#49,(#53,#65),.PCURVE_S1.);
#49 = LINE('',#50,#51);
#50 = CARTESIAN_POINT('',(6.928203230275,-12.,15.8));
#51 = VECTOR('',#52,1.);
#52 = DIRECTION('',(0.5,0.866025403784,0.));
#53 = PCURVE('',#54,#59);
#54 = PLANE('',#55);
#55 = AXIS2_PLACEMENT_3D('',#56,#57,#58);
#56 = CARTESIAN_POINT('',(-3.418600331349E-16,-6.837200662697E-16,15.8)
  );
#57 = DIRECTION('',(0.,0.,1.));
#58 = DIRECTION('',(1.,0.,-0.));
#59 = DEFINITIONAL_REPRESENTATION('',(#60),#64);
#60 = LINE('',#61,#62);
#61 = CARTESIAN_POINT('',(6.928203230275,-12.));
#62 = VECTOR('',#63,1.);
#63 = DIRECTION('',(0.5,0.866025403784));
#64 = ( GEOMETRIC_REPRESENTATION_CONTEXT(2) 
PARAMETRIC_REPRESENTATION_CONTEXT() REPRESENTATION_CONTEXT('2D SPACE',''
  ) );
#65 = PCURVE('',#66,#71);
#66 = PLANE('',#67);
#67 = AXIS2_PLACEMENT_3D('',#68,#69,#70);
#68 = CARTESIAN_POINT('',(6.928203230275,-12.,15.8));
#69 = DIRECTION('',(-0.866025403784,0.5,0.));
#70 = DIRECTION('',(0.5,0.866025403784,0.));
#71 = DEFINITIONAL_REPRESENTATION('',(#72),#76);
#72 = LINE('',#73,#74);
#73 = CARTESIAN_POINT('',(0.,0.));
#74 = VECTOR('',#75,1.);
#75 = DIRECTION('',(1.,0.));
#76 = ( GEOMETRIC_REPRESENTATION_CONTEXT(2) 
PARAMETRIC_REPRESENTATION_CONTEXT() REPRESENTATION_CONTEXT('2D SPACE',''
  ) );
#77 = ORIENTED_EDGE('',*,*,#78,.T.);
#78 = EDGE_CURVE('',#46,#79,#81,.T.);
#79 = VERTEX_POINT('',#80);
#80 = CARTESIAN_POINT('',(13.755370163443,0.175,15.8));
#81 = SURFACE_CURVE('',#82,(#87,#94),.PCURVE_S1.);
#82 = CIRCLE('',#83,0.35);
#83 = AXIS2_PLACEMENT_3D('',#84,#85,#86);
#84 = CARTESIAN_POINT('',(13.452261272118,9.066821367772E-17,15.8));
#85 = DIRECTION('',(0.,0.,1.));
#86 = DIRECTION('',(0.,-1.,0.));
#87 = PCURVE('',#54,#88);
#88 = DEFINITIONAL_REPRESENTATION('',(#89),#93);
#89 = CIRCLE('',#90,0.35);
#90 = AXIS2_PLACEMENT_2D('',#91,#92);
#91 = CARTESIAN_POINT('',(13.452261272118,7.743882799474E-16));
#92 = DIRECTION('',(0.,-1.));
#93 = ( GEOMETRIC_REPRESENTATION_CONTEXT(2) 
PARAMETRIC_REPRESENTATION_CONTEXT() REPRESENTATION_CONTEXT('2D SPACE',''
  ) );
#94 = PCURVE('',#95,#100);
#95 = CYLINDRICAL_SURFACE('',#96,0.35);
#96 = AXIS2_PLACEMENT_3D('',#97,#98,#99);
#97 = CARTESIAN_POINT('',(13.452261272118,9.066821367772E-17,15.8));
#98 = DIRECTION('',(0.,0.,1.));
#99 = DIRECTION('',(0.866025403784,-0.5,0.));
#100 = DEFINITIONAL_REPRESENTATION('',(#101),#105);
#101 = LINE('',#102,#103);
#102 = CARTESIAN_POINT('',(-1.047197551197,0.));
#103 = VECTOR('',#104,1.);
#104 = DIRECTION('',(1.,0.));
#105 = ( GEOMETRIC_REPRESENTATION_CONTEXT(2) 
PARAMETRIC_REPRESENTATION_CONTEXT() REPRESENTATION_CONTEXT('2D SPACE',''
  ) );
#106 = ORIENTED_EDGE('',*,*,#107,.T.);
#107 = EDGE_CURVE('',#79,#108,#110,.T.);
#108 = VERTEX_POINT('',#109);
#109 = CARTESIAN_POINT('',(10.392304857672,5.999999978767,15.8));
#110 = SURFACE_CURVE('',#111,(#115,#122),.PCURVE_S1.);
#111 = LINE('',#112,#113);
#112 = CARTESIAN_POINT('',(13.856406460551,0.,15.8));
#113 = VECTOR('',#114,1.);
#114 = DIRECTION('',(-0.5,0.866025403784,0.));
#115 = PCURVE('',#54,#116);
#116 = DEFINITIONAL_REPRESENTATION('',(#117),#121);
#117 = LINE('',#118,#119);
#118 = CARTESIAN_POINT('',(13.856406460551,6.837200662697E-16));
#119 = VECTOR('',#120,1.);
#120 = DIRECTION('',(-0.5,0.866025403784));
#121 = ( GEOMETRIC_REPRESENTATION_CONTEXT(2) 
PARAMETRIC_REPRESENTATION_CONTEXT() REPRESENTATION_CONTEXT('2D SPACE',''
  ) );
#122 = PCURVE('',#123,#128);
#123 = PLANE('',#124);
#124 = AXIS2_PLACEMENT_3D('',#125,#126,#127);
#125 = CARTESIAN_POINT('',(13.856406460551,0.,15.8));
#126 = DIRECTION('',(-0.866025403784,-0.5,0.));
#127 = DIRECTION('',(-0.5,0.866025403784,0.));
#128 = DEFINITIONAL_REPRESENTATION('',(#129),#133);
#129 = LINE('',#130,#131);
#130 = CARTESIAN_POINT('',(0.,0.));
#131 = VECTOR('',#132,1.);
#132 = DIRECTION('',(1.,0.));
#133 = ( GEOMETRIC_REPRESENTATION_CONTEXT(2) 
PARAMETRIC_REPRESENTATION_CONTEXT() REPRESENTATION_CONTEXT('2D SPACE',''
  ) );
#134 = ORIENTED_EDGE('',*,*,#135,.F.);
#135 = EDGE_CURVE('',#136,#108,#138,.T.);
#136 = VERTEX_POINT('',#137);
#137 = CARTESIAN_POINT('',(12.,0.,15.8));
#138 = SURFACE_CURVE('',#139,(#144,#151),.PCURVE_S1.);
#139 = CIRCLE('',#140,12.);
#140 = AXIS2_PLACEMENT_3D('',#141,#142,#143);
#141 = CARTESIAN_POINT('',(0.,0.,15.8));
#142 = DIRECTION('',(0.,0.,1.));
#143 = DIRECTION('',(1.,0.,0.));
#144 = PCURVE('',#54,#145);
#145 = DEFINITIONAL_REPRESENTATION('',(#146),#150);
#146 = CIRCLE('',#147,12.);
#147 = AXIS2_PLACEMENT_2D('',#148,#149);
#148 = CARTESIAN_POINT('',(3.418600331349E-16,6.837200662697E-16));
#149 = DIRECTION('',(1.,0.));
#150 = ( GEOMETRIC_REPRESENTATION_CONTEXT(2) 
PARAMETRIC_REPRESENTATION_CONTEXT() REPRESENTATION_CONTEXT('2D SPACE',''
  ) );
#151 = PCURVE('',#152,#157);
#152 = CYLINDRICAL_SURFACE('',#153,12.);
#153 = AXIS2_PLACEMENT_3D('',#154,#155,#156);
#154 = CARTESIAN_POINT('',(0.,0.,14.));
#155 = DIRECTION('',(-0.,-0.,-1.));
#156 = DIRECTION('',(1.,0.,0.));
#157 = DEFINITIONAL_REPRESENTATION('',(#158),#162);
#158 = LINE('',#159,#160);
#159 = CARTESIAN_POINT('',(-0.,-1.8));
#160 = VECTOR('',#161,1.);
#161 = DIRECTION('',(-1.,0.));
#162 = ( GEOMETRIC_REPRESENTATION_CONTEXT(2) 
PARAMETRIC_REPRESENTATION_CONTEXT() REPRESENTATION_CONTEXT('2D SPACE',''
  ) );
#163 = ORIENTED_EDGE('',*,*,#164,.F.);
#164 = EDGE_CURVE('',#44,#136,#165,.T.);
#165 = SURFACE_CURVE('',#166,(#171,#178),.PCURVE_S1.);
#166 = CIRCLE('',#167,12.);
#167 = AXIS2_PLACEMENT_3D('',#168,#169,#170);
#168 = CARTESIAN_POINT('',(0.,0.,15.8));
#169 = DIRECTION('',(0.,0.,1.));
#170 = DIRECTION('',(1.,0.,0.));
#171 = PCURVE('',#54,#172);
#172 = DEFINITIONAL_REPRESENTATION('',(#173),#177);
#173 = CIRCLE('',#174,12.);
#174 = AXIS2_PLACEMENT_2D('',#175,#176);
#175 = CARTESIAN_POINT('',(3.418600331349E-16,6.837200662697E-16));
#176 = DIRECTION('',(1.,0.));
#177 = ( GEOMETRIC_REPRESENTATION_CONTEXT(2) 
PARAMETRIC_REPRESENTATION_CONTEXT() REPRESENTATION_CONTEXT('2D SPACE',''
  ) );
#178 = PCURVE('',#152,#179);
#179 = DEFINITIONAL_REPRESENTATION('',(#180),#184);
#180 = LINE('',#181,#182);
#181 = CARTESIAN_POINT('',(-0.,-1.8));
#182 = VECTOR('',#183,1.);
#183 = DIRECTION('',(-1.,0.));
#184 = ( GEOMETRIC_REPRESENTATION_CONTEXT(2) 
PARAMETRIC_REPRESENTATION_CONTEXT() REPRESENTATION_CONTEXT('2D SPACE',''
  ) );
#185 = ADVANCED_FACE('',(#186),#66,.F.);
#186 = FACE_BOUND('',#187,.F.);
#187 = EDGE_LOOP('',(#188,#216,#244,#272,#293));
#188 = ORIENTED_EDGE('',*,*,#189,.F.);
#189 = EDGE_CURVE('',#190,#44,#192,.T.);
#190 = VERTEX_POINT('',#191);
#191 = CARTESIAN_POINT('',(7.029239527384,-11.825,15.8));
#192 = SURFACE_CURVE('',#193,(#197,#204),.PCURVE_S1.);
#193 = LINE('',#194,#195);
#194 = CARTESIAN_POINT('',(6.928203230275,-12.,15.8));
#195 = VECTOR('',#196,1.);
#196 = DIRECTION('',(0.5,0.866025403784,0.));
#197 = PCURVE('',#66,#198);
#198 = DEFINITIONAL_REPRESENTATION('',(#199),#203);
#199 = LINE('',#200,#201);
#200 = CARTESIAN_POINT('',(0.,0.));
#201 = VECTOR('',#202,1.);
#202 = DIRECTION('',(1.,0.));
#203 = ( GEOMETRIC_REPRESENTATION_CONTEXT(2) 
PARAMETRIC_REPRESENTATION_CONTEXT() REPRESENTATION_CONTEXT('2D SPACE',''
  ) );
#204 = PCURVE('',#205,#210);
#205 = PLANE('',#206);
#206 = AXIS2_PLACEMENT_3D('',#207,#208,#209);
#207 = CARTESIAN_POINT('',(-3.418600331349E-16,-6.837200662697E-16,15.8)
  );
#208 = DIRECTION('',(0.,0.,1.));
#209 = DIRECTION('',(1.,0.,-0.));
#210 = DEFINITIONAL_REPRESENTATION('',(#211),#215);
#211 = LINE('',#212,#213);
#212 = CARTESIAN_POINT('',(6.928203230275,-12.));
#213 = VECTOR('',#214,1.);
#214 = DIRECTION('',(0.5,0.866025403784));
#215 = ( GEOMETRIC_REPRESENTATION_CONTEXT(2) 
PARAMETRIC_REPRESENTATION_CONTEXT() REPRESENTATION_CONTEXT('2D SPACE',''
  ) );
#216 = ORIENTED_EDGE('',*,*,#217,.T.);
#217 = EDGE_CURVE('',#190,#218,#220,.T.);
#218 = VERTEX_POINT('',#219);
#219 = CARTESIAN_POINT('',(7.029239527384,-11.825,22.8));
#220 = SURFACE_CURVE('',#221,(#225,#232),.PCURVE_S1.);
#221 = LINE('',#222,#223);
#222 = CARTESIAN_POINT('',(7.029239527384,-11.825,15.8));
#223 = VECTOR('',#224,1.);
#224 = DIRECTION('',(0.,0.,1.));
#225 = PCURVE('',#66,#226);
#226 = DEFINITIONAL_REPRESENTATION('',(#227),#231);
#227 = LINE('',#228,#229);
#228 = CARTESIAN_POINT('',(0.202072594216,0.));
#229 = VECTOR('',#230,1.);
#230 = DIRECTION('',(0.,-1.));
#231 = ( GEOMETRIC_REPRESENTATION_CONTEXT(2) 
PARAMETRIC_REPRESENTATION_CONTEXT() REPRESENTATION_CONTEXT('2D SPACE',''
  ) );
#232 = PCURVE('',#233,#238);
#233 = CYLINDRICAL_SURFACE('',#234,0.35);
#234 = AXIS2_PLACEMENT_3D('',#235,#236,#237);
#235 = CARTESIAN_POINT('',(6.726130636059,-11.65,15.8));
#236 = DIRECTION('',(0.,0.,1.));
#237 = DIRECTION('',(0.866025403784,-0.5,0.));
#238 = DEFINITIONAL_REPRESENTATION('',(#239),#243);
#239 = LINE('',#240,#241);
#240 = CARTESIAN_POINT('',(-0.,0.));
#241 = VECTOR('',#242,1.);
#242 = DIRECTION('',(-0.,1.));
#243 = ( GEOMETRIC_REPRESENTATION_CONTEXT(2) 
PARAMETRIC_REPRESENTATION_CONTEXT() REPRESENTATION_CONTEXT('2D SPACE',''
  ) );
#244 = ORIENTED_EDGE('',*,*,#245,.T.);
#245 = EDGE_CURVE('',#218,#246,#248,.T.);
#246 = VERTEX_POINT('',#247);
#247 = CARTESIAN_POINT('',(13.755370163443,-0.175,22.8));
#248 = SURFACE_CURVE('',#249,(#253,#260),.PCURVE_S1.);
#249 = LINE('',#250,#251);
#250 = CARTESIAN_POINT('',(6.928203230275,-12.,22.8));
#251 = VECTOR('',#252,1.);
#252 = DIRECTION('',(0.5,0.866025403784,0.));
#253 = PCURVE('',#66,#254);
#254 = DEFINITIONAL_REPRESENTATION('',(#255),#259);
#255 = LINE('',#256,#257);
#256 = CARTESIAN_POINT('',(0.,-7.));
#257 = VECTOR('',#258,1.);
#258 = DIRECTION('',(1.,0.));
#259 = ( GEOMETRIC_REPRESENTATION_CONTEXT(2) 
PARAMETRIC_REPRESENTATION_CONTEXT() REPRESENTATION_CONTEXT('2D SPACE',''
  ) );
#260 = PCURVE('',#261,#266);
#261 = PLANE('',#262);
#262 = AXIS2_PLACEMENT_3D('',#263,#264,#265);
#263 = CARTESIAN_POINT('',(-3.418600331349E-16,-6.837200662697E-16,22.8)
  );
#264 = DIRECTION('',(0.,0.,1.));
#265 = DIRECTION('',(1.,0.,-0.));
#266 = DEFINITIONAL_REPRESENTATION('',(#267),#271);
#267 = LINE('',#268,#269);
#268 = CARTESIAN_POINT('',(6.928203230275,-12.));
#269 = VECTOR('',#270,1.);
#270 = DIRECTION('',(0.5,0.866025403784));
#271 = ( GEOMETRIC_REPRESENTATION_CONTEXT(2) 
PARAMETRIC_REPRESENTATION_CONTEXT() REPRESENTATION_CONTEXT('2D SPACE',''
  ) );
#272 = ORIENTED_EDGE('',*,*,#273,.F.);
#273 = EDGE_CURVE('',#46,#246,#274,.T.);
#274 = SURFACE_CURVE('',#275,(#279,#286),.PCURVE_S1.);
#275 = LINE('',#276,#277);
#276 = CARTESIAN_POINT('',(13.755370163443,-0.175,15.8));
#277 = VECTOR('',#278,1.);
#278 = DIRECTION('',(0.,0.,1.));
#279 = PCURVE('',#66,#280);
#280 = DEFINITIONAL_REPRESENTATION('',(#281),#285);
#281 = LINE('',#282,#283);
#282 = CARTESIAN_POINT('',(13.654333866335,0.));
#283 = VECTOR('',#284,1.);
#284 = DIRECTION('',(0.,-1.));
#285 = ( GEOMETRIC_REPRESENTATION_CONTEXT(2) 
PARAMETRIC_REPRESENTATION_CONTEXT() REPRESENTATION_CONTEXT('2D SPACE',''
  ) );
#286 = PCURVE('',#95,#287);
#287 = DEFINITIONAL_REPRESENTATION('',(#288),#292);
#288 = LINE('',#289,#290);
#289 = CARTESIAN_POINT('',(0.,0.));
#290 = VECTOR('',#291,1.);
#291 = DIRECTION('',(0.,1.));
#292 = ( GEOMETRIC_REPRESENTATION_CONTEXT(2) 
PARAMETRIC_REPRESENTATION_CONTEXT() REPRESENTATION_CONTEXT('2D SPACE',''
  ) );
#293 = ORIENTED_EDGE('',*,*,#43,.F.);
#294 = ADVANCED_FACE('',(#295),#95,.T.);
#295 = FACE_BOUND('',#296,.T.);
#296 = EDGE_LOOP('',(#297,#298,#321,#343));
#297 = ORIENTED_EDGE('',*,*,#78,.T.);
#298 = ORIENTED_EDGE('',*,*,#299,.T.);
#299 = EDGE_CURVE('',#79,#300,#302,.T.);
#300 = VERTEX_POINT('',#301);
#301 = CARTESIAN_POINT('',(13.755370163443,0.175,22.8));
#302 = SURFACE_CURVE('',#303,(#307,#314),.PCURVE_S1.);
#303 = LINE('',#304,#305);
#304 = CARTESIAN_POINT('',(13.755370163443,0.175,15.8));
#305 = VECTOR('',#306,1.);
#306 = DIRECTION('',(0.,0.,1.));
#307 = PCURVE('',#95,#308);
#308 = DEFINITIONAL_REPRESENTATION('',(#309),#313);
#309 = LINE('',#310,#311);
#310 = CARTESIAN_POINT('',(1.047197551197,0.));
#311 = VECTOR('',#312,1.);
#312 = DIRECTION('',(0.,1.));
#313 = ( GEOMETRIC_REPRESENTATION_CONTEXT(2) 
PARAMETRIC_REPRESENTATION_CONTEXT() REPRESENTATION_CONTEXT('2D SPACE',''
  ) );
#314 = PCURVE('',#123,#315);
#315 = DEFINITIONAL_REPRESENTATION('',(#316),#320);
#316 = LINE('',#317,#318);
#317 = CARTESIAN_POINT('',(0.202072594216,0.));
#318 = VECTOR('',#319,1.);
#319 = DIRECTION('',(0.,-1.));
#320 = ( GEOMETRIC_REPRESENTATION_CONTEXT(2) 
PARAMETRIC_REPRESENTATION_CONTEXT() REPRESENTATION_CONTEXT('2D SPACE',''
  ) );
#321 = ORIENTED_EDGE('',*,*,#322,.F.);
#322 = EDGE_CURVE('',#246,#300,#323,.T.);
#323 = SURFACE_CURVE('',#324,(#329,#336),.PCURVE_S1.);
#324 = CIRCLE('',#325,0.35);
#325 = AXIS2_PLACEMENT_3D('',#326,#327,#328);
#326 = CARTESIAN_POINT('',(13.452261272118,9.066821367772E-17,22.8));
#327 = DIRECTION('',(0.,0.,1.));
#328 = DIRECTION('',(0.,-1.,0.));
#329 = PCURVE('',#95,#330);
#330 = DEFINITIONAL_REPRESENTATION('',(#331),#335);
#331 = LINE('',#332,#333);
#332 = CARTESIAN_POINT('',(-1.047197551197,7.));
#333 = VECTOR('',#334,1.);
#334 = DIRECTION('',(1.,0.));
#335 = ( GEOMETRIC_REPRESENTATION_CONTEXT(2) 
PARAMETRIC_REPRESENTATION_CONTEXT() REPRESENTATION_CONTEXT('2D SPACE',''
  ) );
#336 = PCURVE('',#261,#337);
#337 = DEFINITIONAL_REPRESENTATION('',(#338),#342);
#338 = CIRCLE('',#339,0.35);
#339 = AXIS2_PLACEMENT_2D('',#340,#341);
#340 = CARTESIAN_POINT('',(13.452261272118,7.743882799474E-16));
#341 = DIRECTION('',(0.,-1.));
#342 = ( GEOMETRIC_REPRESENTATION_CONTEXT(2) 
PARAMETRIC_REPRESENTATION_CONTEXT() REPRESENTATION_CONTEXT('2D SPACE',''
  ) );
#343 = ORIENTED_EDGE('',*,*,#273,.F.);
#344 = ADVANCED_FACE('',(#345),#152,.T.);
#345 = FACE_BOUND('',#346,.F.);
#346 = EDGE_LOOP('',(#347,#376,#397,#398,#427,#456,#485,#514,#536,#537)
  );
#347 = ORIENTED_EDGE('',*,*,#348,.F.);
#348 = EDGE_CURVE('',#349,#349,#351,.T.);
#349 = VERTEX_POINT('',#350);
#350 = CARTESIAN_POINT('',(12.,0.,14.));
#351 = SURFACE_CURVE('',#352,(#357,#364),.PCURVE_S1.);
#352 = CIRCLE('',#353,12.);
#353 = AXIS2_PLACEMENT_3D('',#354,#355,#356);
#354 = CARTESIAN_POINT('',(0.,0.,14.));
#355 = DIRECTION('',(0.,0.,1.));
#356 = DIRECTION('',(1.,0.,0.));
#357 = PCURVE('',#152,#358);
#358 = DEFINITIONAL_REPRESENTATION('',(#359),#363);
#359 = LINE('',#360,#361);
#360 = CARTESIAN_POINT('',(-0.,0.));
#361 = VECTOR('',#362,1.);
#362 = DIRECTION('',(-1.,0.));
#363 = ( GEOMETRIC_REPRESENTATION_CONTEXT(2) 
PARAMETRIC_REPRESENTATION_CONTEXT() REPRESENTATION_CONTEXT('2D SPACE',''
  ) );
#364 = PCURVE('',#365,#370);
#365 = PLANE('',#366);
#366 = AXIS2_PLACEMENT_3D('',#367,#368,#369);
#367 = CARTESIAN_POINT('',(-6.837200662697E-16,-3.40453421458E-17,14.));
#368 = DIRECTION('',(0.,0.,1.));
#369 = DIRECTION('',(1.,0.,-0.));
#370 = DEFINITIONAL_REPRESENTATION('',(#371),#375);
#371 = CIRCLE('',#372,12.);
#372 = AXIS2_PLACEMENT_2D('',#373,#374);
#373 = CARTESIAN_POINT('',(6.837200662697E-16,3.40453421458E-17));
#374 = DIRECTION('',(1.,0.));
#375 = ( GEOMETRIC_REPRESENTATION_CONTEXT(2) 
PARAMETRIC_REPRESENTATION_CONTEXT() REPRESENTATION_CONTEXT('2D SPACE',''
  ) );
#376 = ORIENTED_EDGE('',*,*,#377,.T.);
#377 = EDGE_CURVE('',#349,#136,#378,.T.);
#378 = SEAM_CURVE('',#379,(#383,#390),.PCURVE_S1.);
#379 = LINE('',#380,#381);
#380 = CARTESIAN_POINT('',(12.,0.,14.));
#381 = VECTOR('',#382,1.);
#382 = DIRECTION('',(0.,0.,1.));
#383 = PCURVE('',#152,#384);
#384 = DEFINITIONAL_REPRESENTATION('',(#385),#389);
#385 = LINE('',#386,#387);
#386 = CARTESIAN_POINT('',(-6.28318530718,0.));
#387 = VECTOR('',#388,1.);
#388 = DIRECTION('',(-0.,-1.));
#389 = ( GEOMETRIC_REPRESENTATION_CONTEXT(2) 
PARAMETRIC_REPRESENTATION_CONTEXT() REPRESENTATION_CONTEXT('2D SPACE',''
  ) );
#390 = PCURVE('',#152,#391);
#391 = DEFINITIONAL_REPRESENTATION('',(#392),#396);
#392 = LINE('',#393,#394);
#393 = CARTESIAN_POINT('',(-0.,0.));
#394 = VECTOR('',#395,1.);
#395 = DIRECTION('',(-0.,-1.));
#396 = ( GEOMETRIC_REPRESENTATION_CONTEXT(2) 
PARAMETRIC_REPRESENTATION_CONTEXT() REPRESENTATION_CONTEXT('2D SPACE',''
  ) );
#397 = ORIENTED_EDGE('',*,*,#135,.T.);
#398 = ORIENTED_EDGE('',*,*,#399,.T.);
#399 = EDGE_CURVE('',#108,#400,#402,.T.);
#400 = VERTEX_POINT('',#401);
#401 = CARTESIAN_POINT('',(-1.464682909256E-12,12.,15.8));
#402 = SURFACE_CURVE('',#403,(#408,#415),.PCURVE_S1.);
#403 = CIRCLE('',#404,12.);
#404 = AXIS2_PLACEMENT_3D('',#405,#406,#407);
#405 = CARTESIAN_POINT('',(0.,0.,15.8));
#406 = DIRECTION('',(0.,0.,1.));
#407 = DIRECTION('',(1.,0.,0.));
#408 = PCURVE('',#152,#409);
#409 = DEFINITIONAL_REPRESENTATION('',(#410),#414);
#410 = LINE('',#411,#412);
#411 = CARTESIAN_POINT('',(-0.,-1.8));
#412 = VECTOR('',#413,1.);
#413 = DIRECTION('',(-1.,0.));
#414 = ( GEOMETRIC_REPRESENTATION_CONTEXT(2) 
PARAMETRIC_REPRESENTATION_CONTEXT() REPRESENTATION_CONTEXT('2D SPACE',''
  ) );
#415 = PCURVE('',#416,#421);
#416 = PLANE('',#417);
#417 = AXIS2_PLACEMENT_3D('',#418,#419,#420);
#418 = CARTESIAN_POINT('',(-3.418600331349E-16,-6.837200662697E-16,15.8)
  );
#419 = DIRECTION('',(0.,0.,1.));
#420 = DIRECTION('',(1.,0.,-0.));
#421 = DEFINITIONAL_REPRESENTATION('',(#422),#426);
#422 = CIRCLE('',#423,12.);
#423 = AXIS2_PLACEMENT_2D('',#424,#425);
#424 = CARTESIAN_POINT('',(3.418600331349E-16,6.837200662697E-16));
#425 = DIRECTION('',(1.,0.));
#426 = ( GEOMETRIC_REPRESENTATION_CONTEXT(2) 
PARAMETRIC_REPRESENTATION_CONTEXT() REPRESENTATION_CONTEXT('2D SPACE',''
  ) );
#427 = ORIENTED_EDGE('',*,*,#428,.T.);
#428 = EDGE_CURVE('',#400,#429,#431,.T.);
#429 = VERTEX_POINT('',#430);
#430 = CARTESIAN_POINT('',(-10.3923048467,5.999999997755,15.8));
#431 = SURFACE_CURVE('',#432,(#437,#444),.PCURVE_S1.);
#432 = CIRCLE('',#433,12.);
#433 = AXIS2_PLACEMENT_3D('',#434,#435,#436);
#434 = CARTESIAN_POINT('',(0.,0.,15.8));
#435 = DIRECTION('',(0.,0.,1.));
#436 = DIRECTION('',(1.,0.,0.));
#437 = PCURVE('',#152,#438);
#438 = DEFINITIONAL_REPRESENTATION('',(#439),#443);
#439 = LINE('',#440,#441);
#440 = CARTESIAN_POINT('',(-0.,-1.8));
#441 = VECTOR('',#442,1.);
#442 = DIRECTION('',(-1.,0.));
#443 = ( GEOMETRIC_REPRESENTATION_CONTEXT(2) 
PARAMETRIC_REPRESENTATION_CONTEXT() REPRESENTATION_CONTEXT('2D SPACE',''
  ) );
#444 = PCURVE('',#445,#450);
#445 = PLANE('',#446);
#446 = AXIS2_PLACEMENT_3D('',#447,#448,#449);
#447 = CARTESIAN_POINT('',(-3.418600331349E-16,-6.837200662697E-16,15.8)
  );
#448 = DIRECTION('',(0.,0.,1.));
#449 = DIRECTION('',(1.,0.,-0.));
#450 = DEFINITIONAL_REPRESENTATION('',(#451),#455);
#451 = CIRCLE('',#452,12.);
#452 = AXIS2_PLACEMENT_2D('',#453,#454);
#453 = CARTESIAN_POINT('',(3.418600331349E-16,6.837200662697E-16));
#454 = DIRECTION('',(1.,0.));
#455 = ( GEOMETRIC_REPRESENTATION_CONTEXT(2) 
PARAMETRIC_REPRESENTATION_CONTEXT() REPRESENTATION_CONTEXT('2D SPACE',''
  ) );
#456 = ORIENTED_EDGE('',*,*,#457,.T.);
#457 = EDGE_CURVE('',#429,#458,#460,.T.);
#458 = VERTEX_POINT('',#459);
#459 = CARTESIAN_POINT('',(-10.39230482687,-6.000000032106,15.8));
#460 = SURFACE_CURVE('',#461,(#466,#473),.PCURVE_S1.);
#461 = CIRCLE('',#462,12.);
#462 = AXIS2_PLACEMENT_3D('',#463,#464,#465);
#463 = CARTESIAN_POINT('',(0.,0.,15.8));
#464 = DIRECTION('',(0.,0.,1.));
#465 = DIRECTION('',(1.,0.,0.));
#466 = PCURVE('',#152,#467);
#467 = DEFINITIONAL_REPRESENTATION('',(#468),#472);
#468 = LINE('',#469,#470);
#469 = CARTESIAN_POINT('',(-0.,-1.8));
#470 = VECTOR('',#471,1.);
#471 = DIRECTION('',(-1.,0.));
#472 = ( GEOMETRIC_REPRESENTATION_CONTEXT(2) 
PARAMETRIC_REPRESENTATION_CONTEXT() REPRESENTATION_CONTEXT('2D SPACE',''
  ) );
#473 = PCURVE('',#474,#479);
#474 = PLANE('',#475);
#475 = AXIS2_PLACEMENT_3D('',#476,#477,#478);
#476 = CARTESIAN_POINT('',(-3.418600331349E-16,-6.837200662697E-16,15.8)
  );
#477 = DIRECTION('',(0.,0.,1.));
#478 = DIRECTION('',(1.,0.,-0.));
#479 = DEFINITIONAL_REPRESENTATION('',(#480),#484);
#480 = CIRCLE('',#481,12.);
#481 = AXIS2_PLACEMENT_2D('',#482,#483);
#482 = CARTESIAN_POINT('',(3.418600331349E-16,6.837200662697E-16));
#483 = DIRECTION('',(1.,0.));
#484 = ( GEOMETRIC_REPRESENTATION_CONTEXT(2) 
PARAMETRIC_REPRESENTATION_CONTEXT() REPRESENTATION_CONTEXT('2D SPACE',''
  ) );
#485 = ORIENTED_EDGE('',*,*,#486,.T.);
#486 = EDGE_CURVE('',#458,#487,#489,.T.);
#487 = VERTEX_POINT('',#488);
#488 = CARTESIAN_POINT('',(7.867120761548E-13,-12.,15.8));
#489 = SURFACE_CURVE('',#490,(#495,#502),.PCURVE_S1.);
#490 = CIRCLE('',#491,12.);
#491 = AXIS2_PLACEMENT_3D('',#492,#493,#494);
#492 = CARTESIAN_POINT('',(0.,0.,15.8));
#493 = DIRECTION('',(0.,0.,1.));
#494 = DIRECTION('',(1.,0.,0.));
#495 = PCURVE('',#152,#496);
#496 = DEFINITIONAL_REPRESENTATION('',(#497),#501);
#497 = LINE('',#498,#499);
#498 = CARTESIAN_POINT('',(-0.,-1.8));
#499 = VECTOR('',#500,1.);
#500 = DIRECTION('',(-1.,0.));
#501 = ( GEOMETRIC_REPRESENTATION_CONTEXT(2) 
PARAMETRIC_REPRESENTATION_CONTEXT() REPRESENTATION_CONTEXT('2D SPACE',''
  ) );
#502 = PCURVE('',#503,#508);
#503 = PLANE('',#504);
#504 = AXIS2_PLACEMENT_3D('',#505,#506,#507);
#505 = CARTESIAN_POINT('',(-3.418600331349E-16,-6.837200662697E-16,15.8)
  );
#506 = DIRECTION('',(0.,0.,1.));
#507 = DIRECTION('',(1.,0.,-0.));
#508 = DEFINITIONAL_REPRESENTATION('',(#509),#513);
#509 = CIRCLE('',#510,12.);
#510 = AXIS2_PLACEMENT_2D('',#511,#512);
#511 = CARTESIAN_POINT('',(3.418600331349E-16,6.837200662697E-16));
#512 = DIRECTION('',(1.,0.));
#513 = ( GEOMETRIC_REPRESENTATION_CONTEXT(2) 
PARAMETRIC_REPRESENTATION_CONTEXT() REPRESENTATION_CONTEXT('2D SPACE',''
  ) );
#514 = ORIENTED_EDGE('',*,*,#515,.T.);
#515 = EDGE_CURVE('',#487,#44,#516,.T.);
#516 = SURFACE_CURVE('',#517,(#522,#529),.PCURVE_S1.);
#517 = CIRCLE('',#518,12.);
#518 = AXIS2_PLACEMENT_3D('',#519,#520,#521);
#519 = CARTESIAN_POINT('',(0.,0.,15.8));
#520 = DIRECTION('',(0.,0.,1.));
#521 = DIRECTION('',(1.,0.,0.));
#522 = PCURVE('',#152,#523);
#523 = DEFINITIONAL_REPRESENTATION('',(#524),#528);
#524 = LINE('',#525,#526);
#525 = CARTESIAN_POINT('',(-0.,-1.8));
#526 = VECTOR('',#527,1.);
#527 = DIRECTION('',(-1.,0.));
#528 = ( GEOMETRIC_REPRESENTATION_CONTEXT(2) 
PARAMETRIC_REPRESENTATION_CONTEXT() REPRESENTATION_CONTEXT('2D SPACE',''
  ) );
#529 = PCURVE('',#205,#530);
#530 = DEFINITIONAL_REPRESENTATION('',(#531),#535);
#531 = CIRCLE('',#532,12.);
#532 = AXIS2_PLACEMENT_2D('',#533,#534);
#533 = CARTESIAN_POINT('',(3.418600331349E-16,6.837200662697E-16));
#534 = DIRECTION('',(1.,0.));
#535 = ( GEOMETRIC_REPRESENTATION_CONTEXT(2) 
PARAMETRIC_REPRESENTATION_CONTEXT() REPRESENTATION_CONTEXT('2D SPACE',''
  ) );
#536 = ORIENTED_EDGE('',*,*,#164,.T.);
#537 = ORIENTED_EDGE('',*,*,#377,.F.);
#538 = ADVANCED_FACE('',(#539),#123,.F.);
#539 = FACE_BOUND('',#540,.F.);
#540 = EDGE_LOOP('',(#541,#542,#543,#566,#594));
#541 = ORIENTED_EDGE('',*,*,#107,.F.);
#542 = ORIENTED_EDGE('',*,*,#299,.T.);
#543 = ORIENTED_EDGE('',*,*,#544,.T.);
#544 = EDGE_CURVE('',#300,#545,#547,.T.);
#545 = VERTEX_POINT('',#546);
#546 = CARTESIAN_POINT('',(7.029239527384,11.825,22.8));
#547 = SURFACE_CURVE('',#548,(#552,#559),.PCURVE_S1.);
#548 = LINE('',#549,#550);
#549 = CARTESIAN_POINT('',(13.856406460551,0.,22.8));
#550 = VECTOR('',#551,1.);
#551 = DIRECTION('',(-0.5,0.866025403784,0.));
#552 = PCURVE('',#123,#553);
#553 = DEFINITIONAL_REPRESENTATION('',(#554),#558);
#554 = LINE('',#555,#556);
#555 = CARTESIAN_POINT('',(0.,-7.));
#556 = VECTOR('',#557,1.);
#557 = DIRECTION('',(1.,0.));
#558 = ( GEOMETRIC_REPRESENTATION_CONTEXT(2) 
PARAMETRIC_REPRESENTATION_CONTEXT() REPRESENTATION_CONTEXT('2D SPACE',''
  ) );
#559 = PCURVE('',#261,#560);
#560 = DEFINITIONAL_REPRESENTATION('',(#561),#565);
#561 = LINE('',#562,#563);
#562 = CARTESIAN_POINT('',(13.856406460551,6.837200662697E-16));
#563 = VECTOR('',#564,1.);
#564 = DIRECTION('',(-0.5,0.866025403784));
#565 = ( GEOMETRIC_REPRESENTATION_CONTEXT(2) 
PARAMETRIC_REPRESENTATION_CONTEXT() REPRESENTATION_CONTEXT('2D SPACE',''
  ) );
#566 = ORIENTED_EDGE('',*,*,#567,.F.);
#567 = EDGE_CURVE('',#568,#545,#570,.T.);
#568 = VERTEX_POINT('',#569);
#569 = CARTESIAN_POINT('',(7.029239527384,11.825,15.8));
#570 = SURFACE_CURVE('',#571,(#575,#582),.PCURVE_S1.);
#571 = LINE('',#572,#573);
#572 = CARTESIAN_POINT('',(7.029239527384,11.825,15.8));
#573 = VECTOR('',#574,1.);
#574 = DIRECTION('',(0.,0.,1.));
#575 = PCURVE('',#123,#576);
#576 = DEFINITIONAL_REPRESENTATION('',(#577),#581);
#577 = LINE('',#578,#579);
#578 = CARTESIAN_POINT('',(13.654333866335,0.));
#579 = VECTOR('',#580,1.);
#580 = DIRECTION('',(0.,-1.));
#581 = ( GEOMETRIC_REPRESENTATION_CONTEXT(2) 
PARAMETRIC_REPRESENTATION_CONTEXT() REPRESENTATION_CONTEXT('2D SPACE',''
  ) );
#582 = PCURVE('',#583,#588);
#583 = CYLINDRICAL_SURFACE('',#584,0.35);
#584 = AXIS2_PLACEMENT_3D('',#585,#586,#587);
#585 = CARTESIAN_POINT('',(6.726130636059,11.65,15.8));
#586 = DIRECTION('',(0.,0.,1.));
#587 = DIRECTION('',(0.866025403784,0.5,-0.));
#588 = DEFINITIONAL_REPRESENTATION('',(#589),#593);
#589 = LINE('',#590,#591);
#590 = CARTESIAN_POINT('',(0.,0.));
#591 = VECTOR('',#592,1.);
#592 = DIRECTION('',(0.,1.));
#593 = ( GEOMETRIC_REPRESENTATION_CONTEXT(2) 
PARAMETRIC_REPRESENTATION_CONTEXT() REPRESENTATION_CONTEXT('2D SPACE',''
  ) );
#594 = ORIENTED_EDGE('',*,*,#595,.F.);
#595 = EDGE_CURVE('',#108,#568,#596,.T.);
#596 = SURFACE_CURVE('',#597,(#601,#608),.PCURVE_S1.);
#597 = LINE('',#598,#599);
#598 = CARTESIAN_POINT('',(13.856406460551,0.,15.8));
#599 = VECTOR('',#600,1.);
#600 = DIRECTION('',(-0.5,0.866025403784,0.));
#601 = PCURVE('',#123,#602);
#602 = DEFINITIONAL_REPRESENTATION('',(#603),#607);
#603 = LINE('',#604,#605);
#604 = CARTESIAN_POINT('',(0.,0.));
#605 = VECTOR('',#606,1.);
#606 = DIRECTION('',(1.,0.));
#607 = ( GEOMETRIC_REPRESENTATION_CONTEXT(2) 
PARAMETRIC_REPRESENTATION_CONTEXT() REPRESENTATION_CONTEXT('2D SPACE',''
  ) );
#608 = PCURVE('',#416,#609);
#609 = DEFINITIONAL_REPRESENTATION('',(#610),#614);
#610 = LINE('',#611,#612);
#611 = CARTESIAN_POINT('',(13.856406460551,6.837200662697E-16));
#612 = VECTOR('',#613,1.);
#613 = DIRECTION('',(-0.5,0.866025403784));
#614 = ( GEOMETRIC_REPRESENTATION_CONTEXT(2) 
PARAMETRIC_REPRESENTATION_CONTEXT() REPRESENTATION_CONTEXT('2D SPACE',''
  ) );
#615 = ADVANCED_FACE('',(#616),#205,.F.);
#616 = FACE_BOUND('',#617,.F.);
#617 = EDGE_LOOP('',(#618,#619,#620,#648));
#618 = ORIENTED_EDGE('',*,*,#189,.T.);
#619 = ORIENTED_EDGE('',*,*,#515,.F.);
#620 = ORIENTED_EDGE('',*,*,#621,.T.);
#621 = EDGE_CURVE('',#487,#622,#624,.T.);
#622 = VERTEX_POINT('',#623);
#623 = CARTESIAN_POINT('',(6.726130636059,-12.,15.8));
#624 = SURFACE_CURVE('',#625,(#629,#636),.PCURVE_S1.);
#625 = LINE('',#626,#627);
#626 = CARTESIAN_POINT('',(-6.928203230276,-12.,15.8));
#627 = VECTOR('',#628,1.);
#628 = DIRECTION('',(1.,-7.691850745534E-16,0.));
#629 = PCURVE('',#205,#630);
#630 = DEFINITIONAL_REPRESENTATION('',(#631),#635);
#631 = LINE('',#632,#633);
#632 = CARTESIAN_POINT('',(-6.928203230276,-12.));
#633 = VECTOR('',#634,1.);
#634 = DIRECTION('',(1.,-7.691850745534E-16));
#635 = ( GEOMETRIC_REPRESENTATION_CONTEXT(2) 
PARAMETRIC_REPRESENTATION_CONTEXT() REPRESENTATION_CONTEXT('2D SPACE',''
  ) );
#636 = PCURVE('',#637,#642);
#637 = PLANE('',#638);
#638 = AXIS2_PLACEMENT_3D('',#639,#640,#641);
#639 = CARTESIAN_POINT('',(-6.928203230276,-12.,15.8));
#640 = DIRECTION('',(7.691850745534E-16,1.,-0.));
#641 = DIRECTION('',(1.,-7.691850745534E-16,0.));
#642 = DEFINITIONAL_REPRESENTATION('',(#643),#647);
#643 = LINE('',#644,#645);
#644 = CARTESIAN_POINT('',(0.,0.));
#645 = VECTOR('',#646,1.);
#646 = DIRECTION('',(1.,0.));
#647 = ( GEOMETRIC_REPRESENTATION_CONTEXT(2) 
PARAMETRIC_REPRESENTATION_CONTEXT() REPRESENTATION_CONTEXT('2D SPACE',''
  ) );
#648 = ORIENTED_EDGE('',*,*,#649,.F.);
#649 = EDGE_CURVE('',#190,#622,#650,.T.);
#650 = SURFACE_CURVE('',#651,(#656,#667),.PCURVE_S1.);
#651 = CIRCLE('',#652,0.35);
#652 = AXIS2_PLACEMENT_3D('',#653,#654,#655);
#653 = CARTESIAN_POINT('',(6.726130636059,-11.65,15.8));
#654 = DIRECTION('',(-0.,-0.,-1.));
#655 = DIRECTION('',(0.,-1.,0.));
#656 = PCURVE('',#205,#657);
#657 = DEFINITIONAL_REPRESENTATION('',(#658),#666);
#658 = ( BOUNDED_CURVE() B_SPLINE_CURVE(2,(#659,#660,#661,#662,#663,#664
,#665),.UNSPECIFIED.,.T.,.F.) B_SPLINE_CURVE_WITH_KNOTS((1,2,2,2,2,1),(
    -2.094395102393,0.,2.094395102393,4.188790204786,6.28318530718,
8.377580409573),.UNSPECIFIED.) CURVE() GEOMETRIC_REPRESENTATION_ITEM() 
RATIONAL_B_SPLINE_CURVE((1.,0.5,1.,0.5,1.,0.5,1.)) REPRESENTATION_ITEM(
  '') );
#659 = CARTESIAN_POINT('',(6.726130636059,-12.));
#660 = CARTESIAN_POINT('',(6.11991285341,-12.));
#661 = CARTESIAN_POINT('',(6.423021744735,-11.475));
#662 = CARTESIAN_POINT('',(6.726130636059,-10.95));
#663 = CARTESIAN_POINT('',(7.029239527384,-11.475));
#664 = CARTESIAN_POINT('',(7.332348418708,-12.));
#665 = CARTESIAN_POINT('',(6.726130636059,-12.));
#666 = ( GEOMETRIC_REPRESENTATION_CONTEXT(2) 
PARAMETRIC_REPRESENTATION_CONTEXT() REPRESENTATION_CONTEXT('2D SPACE',''
  ) );
#667 = PCURVE('',#233,#668);
#668 = DEFINITIONAL_REPRESENTATION('',(#669),#673);
#669 = LINE('',#670,#671);
#670 = CARTESIAN_POINT('',(5.235987755983,-0.));
#671 = VECTOR('',#672,1.);
#672 = DIRECTION('',(-1.,0.));
#673 = ( GEOMETRIC_REPRESENTATION_CONTEXT(2) 
PARAMETRIC_REPRESENTATION_CONTEXT() REPRESENTATION_CONTEXT('2D SPACE',''
  ) );
#674 = ADVANCED_FACE('',(#675),#233,.T.);
#675 = FACE_BOUND('',#676,.F.);
#676 = EDGE_LOOP('',(#677,#678,#701,#727));
#677 = ORIENTED_EDGE('',*,*,#649,.T.);
#678 = ORIENTED_EDGE('',*,*,#679,.T.);
#679 = EDGE_CURVE('',#622,#680,#682,.T.);
#680 = VERTEX_POINT('',#681);
#681 = CARTESIAN_POINT('',(6.726130636059,-12.,22.8));
#682 = SURFACE_CURVE('',#683,(#687,#694),.PCURVE_S1.);
#683 = LINE('',#684,#685);
#684 = CARTESIAN_POINT('',(6.726130636059,-12.,15.8));
#685 = VECTOR('',#686,1.);
#686 = DIRECTION('',(0.,0.,1.));
#687 = PCURVE('',#233,#688);
#688 = DEFINITIONAL_REPRESENTATION('',(#689),#693);
#689 = LINE('',#690,#691);
#690 = CARTESIAN_POINT('',(-1.047197551197,0.));
#691 = VECTOR('',#692,1.);
#692 = DIRECTION('',(-0.,1.));
#693 = ( GEOMETRIC_REPRESENTATION_CONTEXT(2) 
PARAMETRIC_REPRESENTATION_CONTEXT() REPRESENTATION_CONTEXT('2D SPACE',''
  ) );
#694 = PCURVE('',#637,#695);
#695 = DEFINITIONAL_REPRESENTATION('',(#696),#700);
#696 = LINE('',#697,#698);
#697 = CARTESIAN_POINT('',(13.654333866335,0.));
#698 = VECTOR('',#699,1.);
#699 = DIRECTION('',(0.,-1.));
#700 = ( GEOMETRIC_REPRESENTATION_CONTEXT(2) 
PARAMETRIC_REPRESENTATION_CONTEXT() REPRESENTATION_CONTEXT('2D SPACE',''
  ) );
#701 = ORIENTED_EDGE('',*,*,#702,.F.);
#702 = EDGE_CURVE('',#218,#680,#703,.T.);
#703 = SURFACE_CURVE('',#704,(#709,#716),.PCURVE_S1.);
#704 = CIRCLE('',#705,0.35);
#705 = AXIS2_PLACEMENT_3D('',#706,#707,#708);
#706 = CARTESIAN_POINT('',(6.726130636059,-11.65,22.8));
#707 = DIRECTION('',(-0.,-0.,-1.));
#708 = DIRECTION('',(0.,-1.,0.));
#709 = PCURVE('',#233,#710);
#710 = DEFINITIONAL_REPRESENTATION('',(#711),#715);
#711 = LINE('',#712,#713);
#712 = CARTESIAN_POINT('',(5.235987755983,7.));
#713 = VECTOR('',#714,1.);
#714 = DIRECTION('',(-1.,0.));
#715 = ( GEOMETRIC_REPRESENTATION_CONTEXT(2) 
PARAMETRIC_REPRESENTATION_CONTEXT() REPRESENTATION_CONTEXT('2D SPACE',''
  ) );
#716 = PCURVE('',#261,#717);
#717 = DEFINITIONAL_REPRESENTATION('',(#718),#726);
#718 = ( BOUNDED_CURVE() B_SPLINE_CURVE(2,(#719,#720,#721,#722,#723,#724
,#725),.UNSPECIFIED.,.T.,.F.) B_SPLINE_CURVE_WITH_KNOTS((1,2,2,2,2,1),(
    -2.094395102393,0.,2.094395102393,4.188790204786,6.28318530718,
8.377580409573),.UNSPECIFIED.) CURVE() GEOMETRIC_REPRESENTATION_ITEM() 
RATIONAL_B_SPLINE_CURVE((1.,0.5,1.,0.5,1.,0.5,1.)) REPRESENTATION_ITEM(
  '') );
#719 = CARTESIAN_POINT('',(6.726130636059,-12.));
#720 = CARTESIAN_POINT('',(6.11991285341,-12.));
#721 = CARTESIAN_POINT('',(6.423021744735,-11.475));
#722 = CARTESIAN_POINT('',(6.726130636059,-10.95));
#723 = CARTESIAN_POINT('',(7.029239527384,-11.475));
#724 = CARTESIAN_POINT('',(7.332348418708,-12.));
#725 = CARTESIAN_POINT('',(6.726130636059,-12.));
#726 = ( GEOMETRIC_REPRESENTATION_CONTEXT(2) 
PARAMETRIC_REPRESENTATION_CONTEXT() REPRESENTATION_CONTEXT('2D SPACE',''
  ) );
#727 = ORIENTED_EDGE('',*,*,#217,.F.);
#728 = ADVANCED_FACE('',(#729),#261,.T.);
#729 = FACE_BOUND('',#730,.T.);
#730 = EDGE_LOOP('',(#731,#732,#756,#784,#817,#845,#878,#906,#939,#960,
    #961,#962));
#731 = ORIENTED_EDGE('',*,*,#544,.T.);
#732 = ORIENTED_EDGE('',*,*,#733,.T.);
#733 = EDGE_CURVE('',#545,#734,#736,.T.);
#734 = VERTEX_POINT('',#735);
#735 = CARTESIAN_POINT('',(6.726130636059,12.,22.8));
#736 = SURFACE_CURVE('',#737,(#742,#749),.PCURVE_S1.);
#737 = CIRCLE('',#738,0.35);
#738 = AXIS2_PLACEMENT_3D('',#739,#740,#741);
#739 = CARTESIAN_POINT('',(6.726130636059,11.65,22.8));
#740 = DIRECTION('',(0.,0.,1.));
#741 = DIRECTION('',(0.,-1.,0.));
#742 = PCURVE('',#261,#743);
#743 = DEFINITIONAL_REPRESENTATION('',(#744),#748);
#744 = CIRCLE('',#745,0.35);
#745 = AXIS2_PLACEMENT_2D('',#746,#747);
#746 = CARTESIAN_POINT('',(6.726130636059,11.65));
#747 = DIRECTION('',(0.,-1.));
#748 = ( GEOMETRIC_REPRESENTATION_CONTEXT(2) 
PARAMETRIC_REPRESENTATION_CONTEXT() REPRESENTATION_CONTEXT('2D SPACE',''
  ) );
#749 = PCURVE('',#583,#750);
#750 = DEFINITIONAL_REPRESENTATION('',(#751),#755);
#751 = LINE('',#752,#753);
#752 = CARTESIAN_POINT('',(-2.094395102393,7.));
#753 = VECTOR('',#754,1.);
#754 = DIRECTION('',(1.,0.));
#755 = ( GEOMETRIC_REPRESENTATION_CONTEXT(2) 
PARAMETRIC_REPRESENTATION_CONTEXT() REPRESENTATION_CONTEXT('2D SPACE',''
  ) );
#756 = ORIENTED_EDGE('',*,*,#757,.T.);
#757 = EDGE_CURVE('',#734,#758,#760,.T.);
#758 = VERTEX_POINT('',#759);
#759 = CARTESIAN_POINT('',(-6.726130636059,12.,22.8));
#760 = SURFACE_CURVE('',#761,(#765,#772),.PCURVE_S1.);
#761 = LINE('',#762,#763);
#762 = CARTESIAN_POINT('',(6.928203230276,12.,22.8));
#763 = VECTOR('',#764,1.);
#764 = DIRECTION('',(-1.,1.281975124256E-16,0.));
#765 = PCURVE('',#261,#766);
#766 = DEFINITIONAL_REPRESENTATION('',(#767),#771);
#767 = LINE('',#768,#769);
#768 = CARTESIAN_POINT('',(6.928203230276,12.));
#769 = VECTOR('',#770,1.);
#770 = DIRECTION('',(-1.,1.281975124256E-16));
#771 = ( GEOMETRIC_REPRESENTATION_CONTEXT(2) 
PARAMETRIC_REPRESENTATION_CONTEXT() REPRESENTATION_CONTEXT('2D SPACE',''
  ) );
#772 = PCURVE('',#773,#778);
#773 = PLANE('',#774);
#774 = AXIS2_PLACEMENT_3D('',#775,#776,#777);
#775 = CARTESIAN_POINT('',(6.928203230276,12.,15.8));
#776 = DIRECTION('',(-1.281975124256E-16,-1.,0.));
#777 = DIRECTION('',(-1.,1.281975124256E-16,0.));
#778 = DEFINITIONAL_REPRESENTATION('',(#779),#783);
#779 = LINE('',#780,#781);
#780 = CARTESIAN_POINT('',(0.,-7.));
#781 = VECTOR('',#782,1.);
#782 = DIRECTION('',(1.,0.));
#783 = ( GEOMETRIC_REPRESENTATION_CONTEXT(2) 
PARAMETRIC_REPRESENTATION_CONTEXT() REPRESENTATION_CONTEXT('2D SPACE',''
  ) );
#784 = ORIENTED_EDGE('',*,*,#785,.F.);
#785 = EDGE_CURVE('',#786,#758,#788,.T.);
#786 = VERTEX_POINT('',#787);
#787 = CARTESIAN_POINT('',(-7.029239527384,11.825,22.8));
#788 = SURFACE_CURVE('',#789,(#794,#805),.PCURVE_S1.);
#789 = CIRCLE('',#790,0.35);
#790 = AXIS2_PLACEMENT_3D('',#791,#792,#793);
#791 = CARTESIAN_POINT('',(-6.726130636059,11.65,22.8));
#792 = DIRECTION('',(-0.,-0.,-1.));
#793 = DIRECTION('',(0.,-1.,0.));
#794 = PCURVE('',#261,#795);
#795 = DEFINITIONAL_REPRESENTATION('',(#796),#804);
#796 = ( BOUNDED_CURVE() B_SPLINE_CURVE(2,(#797,#798,#799,#800,#801,#802
,#803),.UNSPECIFIED.,.T.,.F.) B_SPLINE_CURVE_WITH_KNOTS((1,2,2,2,2,1),(
    -2.094395102393,0.,2.094395102393,4.188790204786,6.28318530718,
8.377580409573),.UNSPECIFIED.) CURVE() GEOMETRIC_REPRESENTATION_ITEM() 
RATIONAL_B_SPLINE_CURVE((1.,0.5,1.,0.5,1.,0.5,1.)) REPRESENTATION_ITEM(
  '') );
#797 = CARTESIAN_POINT('',(-6.726130636059,11.3));
#798 = CARTESIAN_POINT('',(-7.332348418708,11.3));
#799 = CARTESIAN_POINT('',(-7.029239527384,11.825));
#800 = CARTESIAN_POINT('',(-6.726130636059,12.35));
#801 = CARTESIAN_POINT('',(-6.423021744735,11.825));
#802 = CARTESIAN_POINT('',(-6.11991285341,11.3));
#803 = CARTESIAN_POINT('',(-6.726130636059,11.3));
#804 = ( GEOMETRIC_REPRESENTATION_CONTEXT(2) 
PARAMETRIC_REPRESENTATION_CONTEXT() REPRESENTATION_CONTEXT('2D SPACE',''
  ) );
#805 = PCURVE('',#806,#811);
#806 = CYLINDRICAL_SURFACE('',#807,0.35);
#807 = AXIS2_PLACEMENT_3D('',#808,#809,#810);
#808 = CARTESIAN_POINT('',(-6.726130636059,11.65,15.8));
#809 = DIRECTION('',(0.,0.,1.));
#810 = DIRECTION('',(-0.866025403784,0.5,0.));
#811 = DEFINITIONAL_REPRESENTATION('',(#812),#816);
#812 = LINE('',#813,#814);
#813 = CARTESIAN_POINT('',(2.094395102393,7.));
#814 = VECTOR('',#815,1.);
#815 = DIRECTION('',(-1.,0.));
#816 = ( GEOMETRIC_REPRESENTATION_CONTEXT(2) 
PARAMETRIC_REPRESENTATION_CONTEXT() REPRESENTATION_CONTEXT('2D SPACE',''
  ) );
#817 = ORIENTED_EDGE('',*,*,#818,.T.);
#818 = EDGE_CURVE('',#786,#819,#821,.T.);
#819 = VERTEX_POINT('',#820);
#820 = CARTESIAN_POINT('',(-13.75537016344,0.175,22.8));
#821 = SURFACE_CURVE('',#822,(#826,#833),.PCURVE_S1.);
#822 = LINE('',#823,#824);
#823 = CARTESIAN_POINT('',(-6.928203230276,12.,22.8));
#824 = VECTOR('',#825,1.);
#825 = DIRECTION('',(-0.5,-0.866025403784,0.));
#826 = PCURVE('',#261,#827);
#827 = DEFINITIONAL_REPRESENTATION('',(#828),#832);
#828 = LINE('',#829,#830);
#829 = CARTESIAN_POINT('',(-6.928203230276,12.));
#830 = VECTOR('',#831,1.);
#831 = DIRECTION('',(-0.5,-0.866025403784));
#832 = ( GEOMETRIC_REPRESENTATION_CONTEXT(2) 
PARAMETRIC_REPRESENTATION_CONTEXT() REPRESENTATION_CONTEXT('2D SPACE',''
  ) );
#833 = PCURVE('',#834,#839);
#834 = PLANE('',#835);
#835 = AXIS2_PLACEMENT_3D('',#836,#837,#838);
#836 = CARTESIAN_POINT('',(-6.928203230276,12.,15.8));
#837 = DIRECTION('',(0.866025403784,-0.5,0.));
#838 = DIRECTION('',(-0.5,-0.866025403784,0.));
#839 = DEFINITIONAL_REPRESENTATION('',(#840),#844);
#840 = LINE('',#841,#842);
#841 = CARTESIAN_POINT('',(0.,-7.));
#842 = VECTOR('',#843,1.);
#843 = DIRECTION('',(1.,0.));
#844 = ( GEOMETRIC_REPRESENTATION_CONTEXT(2) 
PARAMETRIC_REPRESENTATION_CONTEXT() REPRESENTATION_CONTEXT('2D SPACE',''
  ) );
#845 = ORIENTED_EDGE('',*,*,#846,.F.);
#846 = EDGE_CURVE('',#847,#819,#849,.T.);
#847 = VERTEX_POINT('',#848);
#848 = CARTESIAN_POINT('',(-13.75537016344,-0.175,22.8));
#849 = SURFACE_CURVE('',#850,(#855,#866),.PCURVE_S1.);
#850 = CIRCLE('',#851,0.35);
#851 = AXIS2_PLACEMENT_3D('',#852,#853,#854);
#852 = CARTESIAN_POINT('',(-13.45226127211,1.620065193094E-15,22.8));
#853 = DIRECTION('',(-0.,-0.,-1.));
#854 = DIRECTION('',(0.,-1.,0.));
#855 = PCURVE('',#261,#856);
#856 = DEFINITIONAL_REPRESENTATION('',(#857),#865);
#857 = ( BOUNDED_CURVE() B_SPLINE_CURVE(2,(#858,#859,#860,#861,#862,#863
,#864),.UNSPECIFIED.,.T.,.F.) B_SPLINE_CURVE_WITH_KNOTS((1,2,2,2,2,1),(
    -2.094395102393,0.,2.094395102393,4.188790204786,6.28318530718,
8.377580409573),.UNSPECIFIED.) CURVE() GEOMETRIC_REPRESENTATION_ITEM() 
RATIONAL_B_SPLINE_CURVE((1.,0.5,1.,0.5,1.,0.5,1.)) REPRESENTATION_ITEM(
  '') );
#858 = CARTESIAN_POINT('',(-13.45226127211,-0.35));
#859 = CARTESIAN_POINT('',(-14.05847905476,-0.35));
#860 = CARTESIAN_POINT('',(-13.75537016344,0.175));
#861 = CARTESIAN_POINT('',(-13.45226127211,0.7));
#862 = CARTESIAN_POINT('',(-13.14915238079,0.175));
#863 = CARTESIAN_POINT('',(-12.84604348946,-0.35));
#864 = CARTESIAN_POINT('',(-13.45226127211,-0.35));
#865 = ( GEOMETRIC_REPRESENTATION_CONTEXT(2) 
PARAMETRIC_REPRESENTATION_CONTEXT() REPRESENTATION_CONTEXT('2D SPACE',''
  ) );
#866 = PCURVE('',#867,#872);
#867 = CYLINDRICAL_SURFACE('',#868,0.35);
#868 = AXIS2_PLACEMENT_3D('',#869,#870,#871);
#869 = CARTESIAN_POINT('',(-13.45226127211,1.620065193094E-15,15.8));
#870 = DIRECTION('',(0.,0.,1.));
#871 = DIRECTION('',(-0.866025403784,-0.5,0.));
#872 = DEFINITIONAL_REPRESENTATION('',(#873),#877);
#873 = LINE('',#874,#875);
#874 = CARTESIAN_POINT('',(1.047197551197,7.));
#875 = VECTOR('',#876,1.);
#876 = DIRECTION('',(-1.,0.));
#877 = ( GEOMETRIC_REPRESENTATION_CONTEXT(2) 
PARAMETRIC_REPRESENTATION_CONTEXT() REPRESENTATION_CONTEXT('2D SPACE',''
  ) );
#878 = ORIENTED_EDGE('',*,*,#879,.T.);
#879 = EDGE_CURVE('',#847,#880,#882,.T.);
#880 = VERTEX_POINT('',#881);
#881 = CARTESIAN_POINT('',(-7.029239527384,-11.825,22.8));
#882 = SURFACE_CURVE('',#883,(#887,#894),.PCURVE_S1.);
#883 = LINE('',#884,#885);
#884 = CARTESIAN_POINT('',(-13.85640646055,1.69692038196E-15,22.8));
#885 = VECTOR('',#886,1.);
#886 = DIRECTION('',(0.5,-0.866025403784,0.));
#887 = PCURVE('',#261,#888);
#888 = DEFINITIONAL_REPRESENTATION('',(#889),#893);
#889 = LINE('',#890,#891);
#890 = CARTESIAN_POINT('',(-13.85640646055,2.38064044823E-15));
#891 = VECTOR('',#892,1.);
#892 = DIRECTION('',(0.5,-0.866025403784));
#893 = ( GEOMETRIC_REPRESENTATION_CONTEXT(2) 
PARAMETRIC_REPRESENTATION_CONTEXT() REPRESENTATION_CONTEXT('2D SPACE',''
  ) );
#894 = PCURVE('',#895,#900);
#895 = PLANE('',#896);
#896 = AXIS2_PLACEMENT_3D('',#897,#898,#899);
#897 = CARTESIAN_POINT('',(-13.85640646055,1.69692038196E-15,15.8));
#898 = DIRECTION('',(0.866025403784,0.5,-0.));
#899 = DIRECTION('',(0.5,-0.866025403784,0.));
#900 = DEFINITIONAL_REPRESENTATION('',(#901),#905);
#901 = LINE('',#902,#903);
#902 = CARTESIAN_POINT('',(0.,-7.));
#903 = VECTOR('',#904,1.);
#904 = DIRECTION('',(1.,0.));
#905 = ( GEOMETRIC_REPRESENTATION_CONTEXT(2) 
PARAMETRIC_REPRESENTATION_CONTEXT() REPRESENTATION_CONTEXT('2D SPACE',''
  ) );
#906 = ORIENTED_EDGE('',*,*,#907,.F.);
#907 = EDGE_CURVE('',#908,#880,#910,.T.);
#908 = VERTEX_POINT('',#909);
#909 = CARTESIAN_POINT('',(-6.726130636059,-12.,22.8));
#910 = SURFACE_CURVE('',#911,(#916,#927),.PCURVE_S1.);
#911 = CIRCLE('',#912,0.35);
#912 = AXIS2_PLACEMENT_3D('',#913,#914,#915);
#913 = CARTESIAN_POINT('',(-6.726130636059,-11.65,22.8));
#914 = DIRECTION('',(-0.,-0.,-1.));
#915 = DIRECTION('',(0.,-1.,0.));
#916 = PCURVE('',#261,#917);
#917 = DEFINITIONAL_REPRESENTATION('',(#918),#926);
#918 = ( BOUNDED_CURVE() B_SPLINE_CURVE(2,(#919,#920,#921,#922,#923,#924
,#925),.UNSPECIFIED.,.T.,.F.) B_SPLINE_CURVE_WITH_KNOTS((1,2,2,2,2,1),(
    -2.094395102393,0.,2.094395102393,4.188790204786,6.28318530718,
8.377580409573),.UNSPECIFIED.) CURVE() GEOMETRIC_REPRESENTATION_ITEM() 
RATIONAL_B_SPLINE_CURVE((1.,0.5,1.,0.5,1.,0.5,1.)) REPRESENTATION_ITEM(
  '') );
#919 = CARTESIAN_POINT('',(-6.726130636059,-12.));
#920 = CARTESIAN_POINT('',(-7.332348418708,-12.));
#921 = CARTESIAN_POINT('',(-7.029239527384,-11.475));
#922 = CARTESIAN_POINT('',(-6.726130636059,-10.95));
#923 = CARTESIAN_POINT('',(-6.423021744735,-11.475));
#924 = CARTESIAN_POINT('',(-6.11991285341,-12.));
#925 = CARTESIAN_POINT('',(-6.726130636059,-12.));
#926 = ( GEOMETRIC_REPRESENTATION_CONTEXT(2) 
PARAMETRIC_REPRESENTATION_CONTEXT() REPRESENTATION_CONTEXT('2D SPACE',''
  ) );
#927 = PCURVE('',#928,#933);
#928 = CYLINDRICAL_SURFACE('',#929,0.35);
#929 = AXIS2_PLACEMENT_3D('',#930,#931,#932);
#930 = CARTESIAN_POINT('',(-6.726130636059,-11.65,15.8));
#931 = DIRECTION('',(0.,0.,1.));
#932 = DIRECTION('',(-7.691850745534E-16,-1.,0.));
#933 = DEFINITIONAL_REPRESENTATION('',(#934),#938);
#934 = LINE('',#935,#936);
#935 = CARTESIAN_POINT('',(-0.,7.));
#936 = VECTOR('',#937,1.);
#937 = DIRECTION('',(-1.,0.));
#938 = ( GEOMETRIC_REPRESENTATION_CONTEXT(2) 
PARAMETRIC_REPRESENTATION_CONTEXT() REPRESENTATION_CONTEXT('2D SPACE',''
  ) );
#939 = ORIENTED_EDGE('',*,*,#940,.T.);
#940 = EDGE_CURVE('',#908,#680,#941,.T.);
#941 = SURFACE_CURVE('',#942,(#946,#953),.PCURVE_S1.);
#942 = LINE('',#943,#944);
#943 = CARTESIAN_POINT('',(-6.928203230276,-12.,22.8));
#944 = VECTOR('',#945,1.);
#945 = DIRECTION('',(1.,-7.691850745534E-16,0.));
#946 = PCURVE('',#261,#947);
#947 = DEFINITIONAL_REPRESENTATION('',(#948),#952);
#948 = LINE('',#949,#950);
#949 = CARTESIAN_POINT('',(-6.928203230276,-12.));
#950 = VECTOR('',#951,1.);
#951 = DIRECTION('',(1.,-7.691850745534E-16));
#952 = ( GEOMETRIC_REPRESENTATION_CONTEXT(2) 
PARAMETRIC_REPRESENTATION_CONTEXT() REPRESENTATION_CONTEXT('2D SPACE',''
  ) );
#953 = PCURVE('',#637,#954);
#954 = DEFINITIONAL_REPRESENTATION('',(#955),#959);
#955 = LINE('',#956,#957);
#956 = CARTESIAN_POINT('',(0.,-7.));
#957 = VECTOR('',#958,1.);
#958 = DIRECTION('',(1.,0.));
#959 = ( GEOMETRIC_REPRESENTATION_CONTEXT(2) 
PARAMETRIC_REPRESENTATION_CONTEXT() REPRESENTATION_CONTEXT('2D SPACE',''
  ) );
#960 = ORIENTED_EDGE('',*,*,#702,.F.);
#961 = ORIENTED_EDGE('',*,*,#245,.T.);
#962 = ORIENTED_EDGE('',*,*,#322,.T.);
#963 = ADVANCED_FACE('',(#964,#967),#365,.F.);
#964 = FACE_BOUND('',#965,.F.);
#965 = EDGE_LOOP('',(#966));
#966 = ORIENTED_EDGE('',*,*,#348,.T.);
#967 = FACE_BOUND('',#968,.F.);
#968 = EDGE_LOOP('',(#969));
#969 = ORIENTED_EDGE('',*,*,#970,.F.);
#970 = EDGE_CURVE('',#971,#971,#973,.T.);
#971 = VERTEX_POINT('',#972);
#972 = CARTESIAN_POINT('',(7.19,0.,14.));
#973 = SURFACE_CURVE('',#974,(#979,#986),.PCURVE_S1.);
#974 = CIRCLE('',#975,7.19);
#975 = AXIS2_PLACEMENT_3D('',#976,#977,#978);
#976 = CARTESIAN_POINT('',(0.,0.,14.));
#977 = DIRECTION('',(0.,0.,1.));
#978 = DIRECTION('',(1.,0.,0.));
#979 = PCURVE('',#365,#980);
#980 = DEFINITIONAL_REPRESENTATION('',(#981),#985);
#981 = CIRCLE('',#982,7.19);
#982 = AXIS2_PLACEMENT_2D('',#983,#984);
#983 = CARTESIAN_POINT('',(6.837200662697E-16,3.40453421458E-17));
#984 = DIRECTION('',(1.,0.));
#985 = ( GEOMETRIC_REPRESENTATION_CONTEXT(2) 
PARAMETRIC_REPRESENTATION_CONTEXT() REPRESENTATION_CONTEXT('2D SPACE',''
  ) );
#986 = PCURVE('',#987,#992);
#987 = CYLINDRICAL_SURFACE('',#988,7.19);
#988 = AXIS2_PLACEMENT_3D('',#989,#990,#991);
#989 = CARTESIAN_POINT('',(0.,0.,0.));
#990 = DIRECTION('',(-0.,-0.,-1.));
#991 = DIRECTION('',(1.,0.,0.));
#992 = DEFINITIONAL_REPRESENTATION('',(#993),#997);
#993 = LINE('',#994,#995);
#994 = CARTESIAN_POINT('',(-0.,-14.));
#995 = VECTOR('',#996,1.);
#996 = DIRECTION('',(-1.,0.));
#997 = ( GEOMETRIC_REPRESENTATION_CONTEXT(2) 
PARAMETRIC_REPRESENTATION_CONTEXT() REPRESENTATION_CONTEXT('2D SPACE',''
  ) );
#998 = ADVANCED_FACE('',(#999),#503,.F.);
#999 = FACE_BOUND('',#1000,.F.);
#1000 = EDGE_LOOP('',(#1001,#1024,#1025,#1048));
#1001 = ORIENTED_EDGE('',*,*,#1002,.T.);
#1002 = EDGE_CURVE('',#1003,#487,#1005,.T.);
#1003 = VERTEX_POINT('',#1004);
#1004 = CARTESIAN_POINT('',(-6.726130636059,-12.,15.8));
#1005 = SURFACE_CURVE('',#1006,(#1010,#1017),.PCURVE_S1.);
#1006 = LINE('',#1007,#1008);
#1007 = CARTESIAN_POINT('',(-6.928203230276,-12.,15.8));
#1008 = VECTOR('',#1009,1.);
#1009 = DIRECTION('',(1.,-7.691850745534E-16,0.));
#1010 = PCURVE('',#503,#1011);
#1011 = DEFINITIONAL_REPRESENTATION('',(#1012),#1016);
#1012 = LINE('',#1013,#1014);
#1013 = CARTESIAN_POINT('',(-6.928203230276,-12.));
#1014 = VECTOR('',#1015,1.);
#1015 = DIRECTION('',(1.,-7.691850745534E-16));
#1016 = ( GEOMETRIC_REPRESENTATION_CONTEXT(2) 
PARAMETRIC_REPRESENTATION_CONTEXT() REPRESENTATION_CONTEXT('2D SPACE',''
  ) );
#1017 = PCURVE('',#637,#1018);
#1018 = DEFINITIONAL_REPRESENTATION('',(#1019),#1023);
#1019 = LINE('',#1020,#1021);
#1020 = CARTESIAN_POINT('',(0.,0.));
#1021 = VECTOR('',#1022,1.);
#1022 = DIRECTION('',(1.,0.));
#1023 = ( GEOMETRIC_REPRESENTATION_CONTEXT(2) 
PARAMETRIC_REPRESENTATION_CONTEXT() REPRESENTATION_CONTEXT('2D SPACE',''
  ) );
#1024 = ORIENTED_EDGE('',*,*,#486,.F.);
#1025 = ORIENTED_EDGE('',*,*,#1026,.T.);
#1026 = EDGE_CURVE('',#458,#1027,#1029,.T.);
#1027 = VERTEX_POINT('',#1028);
#1028 = CARTESIAN_POINT('',(-7.029239527384,-11.825,15.8));
#1029 = SURFACE_CURVE('',#1030,(#1034,#1041),.PCURVE_S1.);
#1030 = LINE('',#1031,#1032);
#1031 = CARTESIAN_POINT('',(-13.85640646055,1.69692038196E-15,15.8));
#1032 = VECTOR('',#1033,1.);
#1033 = DIRECTION('',(0.5,-0.866025403784,0.));
#1034 = PCURVE('',#503,#1035);
#1035 = DEFINITIONAL_REPRESENTATION('',(#1036),#1040);
#1036 = LINE('',#1037,#1038);
#1037 = CARTESIAN_POINT('',(-13.85640646055,2.38064044823E-15));
#1038 = VECTOR('',#1039,1.);
#1039 = DIRECTION('',(0.5,-0.866025403784));
#1040 = ( GEOMETRIC_REPRESENTATION_CONTEXT(2) 
PARAMETRIC_REPRESENTATION_CONTEXT() REPRESENTATION_CONTEXT('2D SPACE',''
  ) );
#1041 = PCURVE('',#895,#1042);
#1042 = DEFINITIONAL_REPRESENTATION('',(#1043),#1047);
#1043 = LINE('',#1044,#1045);
#1044 = CARTESIAN_POINT('',(0.,0.));
#1045 = VECTOR('',#1046,1.);
#1046 = DIRECTION('',(1.,0.));
#1047 = ( GEOMETRIC_REPRESENTATION_CONTEXT(2) 
PARAMETRIC_REPRESENTATION_CONTEXT() REPRESENTATION_CONTEXT('2D SPACE',''
  ) );
#1048 = ORIENTED_EDGE('',*,*,#1049,.F.);
#1049 = EDGE_CURVE('',#1003,#1027,#1050,.T.);
#1050 = SURFACE_CURVE('',#1051,(#1056,#1067),.PCURVE_S1.);
#1051 = CIRCLE('',#1052,0.35);
#1052 = AXIS2_PLACEMENT_3D('',#1053,#1054,#1055);
#1053 = CARTESIAN_POINT('',(-6.726130636059,-11.65,15.8));
#1054 = DIRECTION('',(-0.,-0.,-1.));
#1055 = DIRECTION('',(0.,-1.,0.));
#1056 = PCURVE('',#503,#1057);
#1057 = DEFINITIONAL_REPRESENTATION('',(#1058),#1066);
#1058 = ( BOUNDED_CURVE() B_SPLINE_CURVE(2,(#1059,#1060,#1061,#1062,
#1063,#1064,#1065),.UNSPECIFIED.,.T.,.F.) B_SPLINE_CURVE_WITH_KNOTS((1,2
    ,2,2,2,1),(-2.094395102393,0.,2.094395102393,4.188790204786,
6.28318530718,8.377580409573),.UNSPECIFIED.) CURVE() 
GEOMETRIC_REPRESENTATION_ITEM() RATIONAL_B_SPLINE_CURVE((1.,0.5,1.,0.5,
1.,0.5,1.)) REPRESENTATION_ITEM('') );
#1059 = CARTESIAN_POINT('',(-6.726130636059,-12.));
#1060 = CARTESIAN_POINT('',(-7.332348418708,-12.));
#1061 = CARTESIAN_POINT('',(-7.029239527384,-11.475));
#1062 = CARTESIAN_POINT('',(-6.726130636059,-10.95));
#1063 = CARTESIAN_POINT('',(-6.423021744735,-11.475));
#1064 = CARTESIAN_POINT('',(-6.11991285341,-12.));
#1065 = CARTESIAN_POINT('',(-6.726130636059,-12.));
#1066 = ( GEOMETRIC_REPRESENTATION_CONTEXT(2) 
PARAMETRIC_REPRESENTATION_CONTEXT() REPRESENTATION_CONTEXT('2D SPACE',''
  ) );
#1067 = PCURVE('',#928,#1068);
#1068 = DEFINITIONAL_REPRESENTATION('',(#1069),#1073);
#1069 = LINE('',#1070,#1071);
#1070 = CARTESIAN_POINT('',(-0.,0.));
#1071 = VECTOR('',#1072,1.);
#1072 = DIRECTION('',(-1.,0.));
#1073 = ( GEOMETRIC_REPRESENTATION_CONTEXT(2) 
PARAMETRIC_REPRESENTATION_CONTEXT() REPRESENTATION_CONTEXT('2D SPACE',''
  ) );
#1074 = ADVANCED_FACE('',(#1075),#474,.F.);
#1075 = FACE_BOUND('',#1076,.F.);
#1076 = EDGE_LOOP('',(#1077,#1100,#1101,#1124));
#1077 = ORIENTED_EDGE('',*,*,#1078,.T.);
#1078 = EDGE_CURVE('',#1079,#458,#1081,.T.);
#1079 = VERTEX_POINT('',#1080);
#1080 = CARTESIAN_POINT('',(-13.75537016344,-0.175,15.8));
#1081 = SURFACE_CURVE('',#1082,(#1086,#1093),.PCURVE_S1.);
#1082 = LINE('',#1083,#1084);
#1083 = CARTESIAN_POINT('',(-13.85640646055,1.69692038196E-15,15.8));
#1084 = VECTOR('',#1085,1.);
#1085 = DIRECTION('',(0.5,-0.866025403784,0.));
#1086 = PCURVE('',#474,#1087);
#1087 = DEFINITIONAL_REPRESENTATION('',(#1088),#1092);
#1088 = LINE('',#1089,#1090);
#1089 = CARTESIAN_POINT('',(-13.85640646055,2.38064044823E-15));
#1090 = VECTOR('',#1091,1.);
#1091 = DIRECTION('',(0.5,-0.866025403784));
#1092 = ( GEOMETRIC_REPRESENTATION_CONTEXT(2) 
PARAMETRIC_REPRESENTATION_CONTEXT() REPRESENTATION_CONTEXT('2D SPACE',''
  ) );
#1093 = PCURVE('',#895,#1094);
#1094 = DEFINITIONAL_REPRESENTATION('',(#1095),#1099);
#1095 = LINE('',#1096,#1097);
#1096 = CARTESIAN_POINT('',(0.,0.));
#1097 = VECTOR('',#1098,1.);
#1098 = DIRECTION('',(1.,0.));
#1099 = ( GEOMETRIC_REPRESENTATION_CONTEXT(2) 
PARAMETRIC_REPRESENTATION_CONTEXT() REPRESENTATION_CONTEXT('2D SPACE',''
  ) );
#1100 = ORIENTED_EDGE('',*,*,#457,.F.);
#1101 = ORIENTED_EDGE('',*,*,#1102,.T.);
#1102 = EDGE_CURVE('',#429,#1103,#1105,.T.);
#1103 = VERTEX_POINT('',#1104);
#1104 = CARTESIAN_POINT('',(-13.75537016344,0.175,15.8));
#1105 = SURFACE_CURVE('',#1106,(#1110,#1117),.PCURVE_S1.);
#1106 = LINE('',#1107,#1108);
#1107 = CARTESIAN_POINT('',(-6.928203230276,12.,15.8));
#1108 = VECTOR('',#1109,1.);
#1109 = DIRECTION('',(-0.5,-0.866025403784,0.));
#1110 = PCURVE('',#474,#1111);
#1111 = DEFINITIONAL_REPRESENTATION('',(#1112),#1116);
#1112 = LINE('',#1113,#1114);
#1113 = CARTESIAN_POINT('',(-6.928203230276,12.));
#1114 = VECTOR('',#1115,1.);
#1115 = DIRECTION('',(-0.5,-0.866025403784));
#1116 = ( GEOMETRIC_REPRESENTATION_CONTEXT(2) 
PARAMETRIC_REPRESENTATION_CONTEXT() REPRESENTATION_CONTEXT('2D SPACE',''
  ) );
#1117 = PCURVE('',#834,#1118);
#1118 = DEFINITIONAL_REPRESENTATION('',(#1119),#1123);
#1119 = LINE('',#1120,#1121);
#1120 = CARTESIAN_POINT('',(0.,0.));
#1121 = VECTOR('',#1122,1.);
#1122 = DIRECTION('',(1.,0.));
#1123 = ( GEOMETRIC_REPRESENTATION_CONTEXT(2) 
PARAMETRIC_REPRESENTATION_CONTEXT() REPRESENTATION_CONTEXT('2D SPACE',''
  ) );
#1124 = ORIENTED_EDGE('',*,*,#1125,.F.);
#1125 = EDGE_CURVE('',#1079,#1103,#1126,.T.);
#1126 = SURFACE_CURVE('',#1127,(#1132,#1143),.PCURVE_S1.);
#1127 = CIRCLE('',#1128,0.35);
#1128 = AXIS2_PLACEMENT_3D('',#1129,#1130,#1131);
#1129 = CARTESIAN_POINT('',(-13.45226127211,1.620065193094E-15,15.8));
#1130 = DIRECTION('',(-0.,-0.,-1.));
#1131 = DIRECTION('',(0.,-1.,0.));
#1132 = PCURVE('',#474,#1133);
#1133 = DEFINITIONAL_REPRESENTATION('',(#1134),#1142);
#1134 = ( BOUNDED_CURVE() B_SPLINE_CURVE(2,(#1135,#1136,#1137,#1138,
#1139,#1140,#1141),.UNSPECIFIED.,.T.,.F.) B_SPLINE_CURVE_WITH_KNOTS((1,2
    ,2,2,2,1),(-2.094395102393,0.,2.094395102393,4.188790204786,
6.28318530718,8.377580409573),.UNSPECIFIED.) CURVE() 
GEOMETRIC_REPRESENTATION_ITEM() RATIONAL_B_SPLINE_CURVE((1.,0.5,1.,0.5,
1.,0.5,1.)) REPRESENTATION_ITEM('') );
#1135 = CARTESIAN_POINT('',(-13.45226127211,-0.35));
#1136 = CARTESIAN_POINT('',(-14.05847905476,-0.35));
#1137 = CARTESIAN_POINT('',(-13.75537016344,0.175));
#1138 = CARTESIAN_POINT('',(-13.45226127211,0.7));
#1139 = CARTESIAN_POINT('',(-13.14915238079,0.175));
#1140 = CARTESIAN_POINT('',(-12.84604348946,-0.35));
#1141 = CARTESIAN_POINT('',(-13.45226127211,-0.35));
#1142 = ( GEOMETRIC_REPRESENTATION_CONTEXT(2) 
PARAMETRIC_REPRESENTATION_CONTEXT() REPRESENTATION_CONTEXT('2D SPACE',''
  ) );
#1143 = PCURVE('',#867,#1144);
#1144 = DEFINITIONAL_REPRESENTATION('',(#1145),#1149);
#1145 = LINE('',#1146,#1147);
#1146 = CARTESIAN_POINT('',(1.047197551197,-0.));
#1147 = VECTOR('',#1148,1.);
#1148 = DIRECTION('',(-1.,0.));
#1149 = ( GEOMETRIC_REPRESENTATION_CONTEXT(2) 
PARAMETRIC_REPRESENTATION_CONTEXT() REPRESENTATION_CONTEXT('2D SPACE',''
  ) );
#1150 = ADVANCED_FACE('',(#1151),#445,.F.);
#1151 = FACE_BOUND('',#1152,.F.);
#1152 = EDGE_LOOP('',(#1153,#1176,#1177,#1200));
#1153 = ORIENTED_EDGE('',*,*,#1154,.T.);
#1154 = EDGE_CURVE('',#1155,#429,#1157,.T.);
#1155 = VERTEX_POINT('',#1156);
#1156 = CARTESIAN_POINT('',(-7.029239527384,11.825,15.8));
#1157 = SURFACE_CURVE('',#1158,(#1162,#1169),.PCURVE_S1.);
#1158 = LINE('',#1159,#1160);
#1159 = CARTESIAN_POINT('',(-6.928203230276,12.,15.8));
#1160 = VECTOR('',#1161,1.);
#1161 = DIRECTION('',(-0.5,-0.866025403784,0.));
#1162 = PCURVE('',#445,#1163);
#1163 = DEFINITIONAL_REPRESENTATION('',(#1164),#1168);
#1164 = LINE('',#1165,#1166);
#1165 = CARTESIAN_POINT('',(-6.928203230276,12.));
#1166 = VECTOR('',#1167,1.);
#1167 = DIRECTION('',(-0.5,-0.866025403784));
#1168 = ( GEOMETRIC_REPRESENTATION_CONTEXT(2) 
PARAMETRIC_REPRESENTATION_CONTEXT() REPRESENTATION_CONTEXT('2D SPACE',''
  ) );
#1169 = PCURVE('',#834,#1170);
#1170 = DEFINITIONAL_REPRESENTATION('',(#1171),#1175);
#1171 = LINE('',#1172,#1173);
#1172 = CARTESIAN_POINT('',(0.,0.));
#1173 = VECTOR('',#1174,1.);
#1174 = DIRECTION('',(1.,0.));
#1175 = ( GEOMETRIC_REPRESENTATION_CONTEXT(2) 
PARAMETRIC_REPRESENTATION_CONTEXT() REPRESENTATION_CONTEXT('2D SPACE',''
  ) );
#1176 = ORIENTED_EDGE('',*,*,#428,.F.);
#1177 = ORIENTED_EDGE('',*,*,#1178,.T.);
#1178 = EDGE_CURVE('',#400,#1179,#1181,.T.);
#1179 = VERTEX_POINT('',#1180);
#1180 = CARTESIAN_POINT('',(-6.726130636059,12.,15.8));
#1181 = SURFACE_CURVE('',#1182,(#1186,#1193),.PCURVE_S1.);
#1182 = LINE('',#1183,#1184);
#1183 = CARTESIAN_POINT('',(6.928203230276,12.,15.8));
#1184 = VECTOR('',#1185,1.);
#1185 = DIRECTION('',(-1.,1.281975124256E-16,0.));
#1186 = PCURVE('',#445,#1187);
#1187 = DEFINITIONAL_REPRESENTATION('',(#1188),#1192);
#1188 = LINE('',#1189,#1190);
#1189 = CARTESIAN_POINT('',(6.928203230276,12.));
#1190 = VECTOR('',#1191,1.);
#1191 = DIRECTION('',(-1.,1.281975124256E-16));
#1192 = ( GEOMETRIC_REPRESENTATION_CONTEXT(2) 
PARAMETRIC_REPRESENTATION_CONTEXT() REPRESENTATION_CONTEXT('2D SPACE',''
  ) );
#1193 = PCURVE('',#773,#1194);
#1194 = DEFINITIONAL_REPRESENTATION('',(#1195),#1199);
#1195 = LINE('',#1196,#1197);
#1196 = CARTESIAN_POINT('',(0.,0.));
#1197 = VECTOR('',#1198,1.);
#1198 = DIRECTION('',(1.,0.));
#1199 = ( GEOMETRIC_REPRESENTATION_CONTEXT(2) 
PARAMETRIC_REPRESENTATION_CONTEXT() REPRESENTATION_CONTEXT('2D SPACE',''
  ) );
#1200 = ORIENTED_EDGE('',*,*,#1201,.F.);
#1201 = EDGE_CURVE('',#1155,#1179,#1202,.T.);
#1202 = SURFACE_CURVE('',#1203,(#1208,#1219),.PCURVE_S1.);
#1203 = CIRCLE('',#1204,0.35);
#1204 = AXIS2_PLACEMENT_3D('',#1205,#1206,#1207);
#1205 = CARTESIAN_POINT('',(-6.726130636059,11.65,15.8));
#1206 = DIRECTION('',(-0.,-0.,-1.));
#1207 = DIRECTION('',(0.,-1.,0.));
#1208 = PCURVE('',#445,#1209);
#1209 = DEFINITIONAL_REPRESENTATION('',(#1210),#1218);
#1210 = ( BOUNDED_CURVE() B_SPLINE_CURVE(2,(#1211,#1212,#1213,#1214,
#1215,#1216,#1217),.UNSPECIFIED.,.T.,.F.) B_SPLINE_CURVE_WITH_KNOTS((1,2
    ,2,2,2,1),(-2.094395102393,0.,2.094395102393,4.188790204786,
6.28318530718,8.377580409573),.UNSPECIFIED.) CURVE() 
GEOMETRIC_REPRESENTATION_ITEM() RATIONAL_B_SPLINE_CURVE((1.,0.5,1.,0.5,
1.,0.5,1.)) REPRESENTATION_ITEM('') );
#1211 = CARTESIAN_POINT('',(-6.726130636059,11.3));
#1212 = CARTESIAN_POINT('',(-7.332348418708,11.3));
#1213 = CARTESIAN_POINT('',(-7.029239527384,11.825));
#1214 = CARTESIAN_POINT('',(-6.726130636059,12.35));
#1215 = CARTESIAN_POINT('',(-6.423021744735,11.825));
#1216 = CARTESIAN_POINT('',(-6.11991285341,11.3));
#1217 = CARTESIAN_POINT('',(-6.726130636059,11.3));
#1218 = ( GEOMETRIC_REPRESENTATION_CONTEXT(2) 
PARAMETRIC_REPRESENTATION_CONTEXT() REPRESENTATION_CONTEXT('2D SPACE',''
  ) );
#1219 = PCURVE('',#806,#1220);
#1220 = DEFINITIONAL_REPRESENTATION('',(#1221),#1225);
#1221 = LINE('',#1222,#1223);
#1222 = CARTESIAN_POINT('',(2.094395102393,-0.));
#1223 = VECTOR('',#1224,1.);
#1224 = DIRECTION('',(-1.,0.));
#1225 = ( GEOMETRIC_REPRESENTATION_CONTEXT(2) 
PARAMETRIC_REPRESENTATION_CONTEXT() REPRESENTATION_CONTEXT('2D SPACE',''
  ) );
#1226 = ADVANCED_FACE('',(#1227),#416,.F.);
#1227 = FACE_BOUND('',#1228,.F.);
#1228 = EDGE_LOOP('',(#1229,#1252,#1253,#1254));
#1229 = ORIENTED_EDGE('',*,*,#1230,.T.);
#1230 = EDGE_CURVE('',#1231,#400,#1233,.T.);
#1231 = VERTEX_POINT('',#1232);
#1232 = CARTESIAN_POINT('',(6.726130636059,12.,15.8));
#1233 = SURFACE_CURVE('',#1234,(#1238,#1245),.PCURVE_S1.);
#1234 = LINE('',#1235,#1236);
#1235 = CARTESIAN_POINT('',(6.928203230276,12.,15.8));
#1236 = VECTOR('',#1237,1.);
#1237 = DIRECTION('',(-1.,1.281975124256E-16,0.));
#1238 = PCURVE('',#416,#1239);
#1239 = DEFINITIONAL_REPRESENTATION('',(#1240),#1244);
#1240 = LINE('',#1241,#1242);
#1241 = CARTESIAN_POINT('',(6.928203230276,12.));
#1242 = VECTOR('',#1243,1.);
#1243 = DIRECTION('',(-1.,1.281975124256E-16));
#1244 = ( GEOMETRIC_REPRESENTATION_CONTEXT(2) 
PARAMETRIC_REPRESENTATION_CONTEXT() REPRESENTATION_CONTEXT('2D SPACE',''
  ) );
#1245 = PCURVE('',#773,#1246);
#1246 = DEFINITIONAL_REPRESENTATION('',(#1247),#1251);
#1247 = LINE('',#1248,#1249);
#1248 = CARTESIAN_POINT('',(0.,0.));
#1249 = VECTOR('',#1250,1.);
#1250 = DIRECTION('',(1.,0.));
#1251 = ( GEOMETRIC_REPRESENTATION_CONTEXT(2) 
PARAMETRIC_REPRESENTATION_CONTEXT() REPRESENTATION_CONTEXT('2D SPACE',''
  ) );
#1252 = ORIENTED_EDGE('',*,*,#399,.F.);
#1253 = ORIENTED_EDGE('',*,*,#595,.T.);
#1254 = ORIENTED_EDGE('',*,*,#1255,.T.);
#1255 = EDGE_CURVE('',#568,#1231,#1256,.T.);
#1256 = SURFACE_CURVE('',#1257,(#1262,#1269),.PCURVE_S1.);
#1257 = CIRCLE('',#1258,0.35);
#1258 = AXIS2_PLACEMENT_3D('',#1259,#1260,#1261);
#1259 = CARTESIAN_POINT('',(6.726130636059,11.65,15.8));
#1260 = DIRECTION('',(0.,0.,1.));
#1261 = DIRECTION('',(0.,-1.,0.));
#1262 = PCURVE('',#416,#1263);
#1263 = DEFINITIONAL_REPRESENTATION('',(#1264),#1268);
#1264 = CIRCLE('',#1265,0.35);
#1265 = AXIS2_PLACEMENT_2D('',#1266,#1267);
#1266 = CARTESIAN_POINT('',(6.726130636059,11.65));
#1267 = DIRECTION('',(0.,-1.));
#1268 = ( GEOMETRIC_REPRESENTATION_CONTEXT(2) 
PARAMETRIC_REPRESENTATION_CONTEXT() REPRESENTATION_CONTEXT('2D SPACE',''
  ) );
#1269 = PCURVE('',#583,#1270);
#1270 = DEFINITIONAL_REPRESENTATION('',(#1271),#1275);
#1271 = LINE('',#1272,#1273);
#1272 = CARTESIAN_POINT('',(-2.094395102393,0.));
#1273 = VECTOR('',#1274,1.);
#1274 = DIRECTION('',(1.,0.));
#1275 = ( GEOMETRIC_REPRESENTATION_CONTEXT(2) 
PARAMETRIC_REPRESENTATION_CONTEXT() REPRESENTATION_CONTEXT('2D SPACE',''
  ) );
#1276 = ADVANCED_FACE('',(#1277),#583,.T.);
#1277 = FACE_BOUND('',#1278,.T.);
#1278 = EDGE_LOOP('',(#1279,#1280,#1301,#1302));
#1279 = ORIENTED_EDGE('',*,*,#1255,.T.);
#1280 = ORIENTED_EDGE('',*,*,#1281,.T.);
#1281 = EDGE_CURVE('',#1231,#734,#1282,.T.);
#1282 = SURFACE_CURVE('',#1283,(#1287,#1294),.PCURVE_S1.);
#1283 = LINE('',#1284,#1285);
#1284 = CARTESIAN_POINT('',(6.726130636059,12.,15.8));
#1285 = VECTOR('',#1286,1.);
#1286 = DIRECTION('',(0.,0.,1.));
#1287 = PCURVE('',#583,#1288);
#1288 = DEFINITIONAL_REPRESENTATION('',(#1289),#1293);
#1289 = LINE('',#1290,#1291);
#1290 = CARTESIAN_POINT('',(1.047197551197,0.));
#1291 = VECTOR('',#1292,1.);
#1292 = DIRECTION('',(0.,1.));
#1293 = ( GEOMETRIC_REPRESENTATION_CONTEXT(2) 
PARAMETRIC_REPRESENTATION_CONTEXT() REPRESENTATION_CONTEXT('2D SPACE',''
  ) );
#1294 = PCURVE('',#773,#1295);
#1295 = DEFINITIONAL_REPRESENTATION('',(#1296),#1300);
#1296 = LINE('',#1297,#1298);
#1297 = CARTESIAN_POINT('',(0.202072594216,0.));
#1298 = VECTOR('',#1299,1.);
#1299 = DIRECTION('',(0.,-1.));
#1300 = ( GEOMETRIC_REPRESENTATION_CONTEXT(2) 
PARAMETRIC_REPRESENTATION_CONTEXT() REPRESENTATION_CONTEXT('2D SPACE',''
  ) );
#1301 = ORIENTED_EDGE('',*,*,#733,.F.);
#1302 = ORIENTED_EDGE('',*,*,#567,.F.);
#1303 = ADVANCED_FACE('',(#1304),#637,.F.);
#1304 = FACE_BOUND('',#1305,.F.);
#1305 = EDGE_LOOP('',(#1306,#1307,#1328,#1329,#1330));
#1306 = ORIENTED_EDGE('',*,*,#1002,.F.);
#1307 = ORIENTED_EDGE('',*,*,#1308,.T.);
#1308 = EDGE_CURVE('',#1003,#908,#1309,.T.);
#1309 = SURFACE_CURVE('',#1310,(#1314,#1321),.PCURVE_S1.);
#1310 = LINE('',#1311,#1312);
#1311 = CARTESIAN_POINT('',(-6.726130636059,-12.,15.8));
#1312 = VECTOR('',#1313,1.);
#1313 = DIRECTION('',(0.,0.,1.));
#1314 = PCURVE('',#637,#1315);
#1315 = DEFINITIONAL_REPRESENTATION('',(#1316),#1320);
#1316 = LINE('',#1317,#1318);
#1317 = CARTESIAN_POINT('',(0.202072594216,0.));
#1318 = VECTOR('',#1319,1.);
#1319 = DIRECTION('',(0.,-1.));
#1320 = ( GEOMETRIC_REPRESENTATION_CONTEXT(2) 
PARAMETRIC_REPRESENTATION_CONTEXT() REPRESENTATION_CONTEXT('2D SPACE',''
  ) );
#1321 = PCURVE('',#928,#1322);
#1322 = DEFINITIONAL_REPRESENTATION('',(#1323),#1327);
#1323 = LINE('',#1324,#1325);
#1324 = CARTESIAN_POINT('',(-0.,0.));
#1325 = VECTOR('',#1326,1.);
#1326 = DIRECTION('',(-0.,1.));
#1327 = ( GEOMETRIC_REPRESENTATION_CONTEXT(2) 
PARAMETRIC_REPRESENTATION_CONTEXT() REPRESENTATION_CONTEXT('2D SPACE',''
  ) );
#1328 = ORIENTED_EDGE('',*,*,#940,.T.);
#1329 = ORIENTED_EDGE('',*,*,#679,.F.);
#1330 = ORIENTED_EDGE('',*,*,#621,.F.);
#1331 = ADVANCED_FACE('',(#1332),#773,.F.);
#1332 = FACE_BOUND('',#1333,.F.);
#1333 = EDGE_LOOP('',(#1334,#1335,#1336,#1337,#1358));
#1334 = ORIENTED_EDGE('',*,*,#1230,.F.);
#1335 = ORIENTED_EDGE('',*,*,#1281,.T.);
#1336 = ORIENTED_EDGE('',*,*,#757,.T.);
#1337 = ORIENTED_EDGE('',*,*,#1338,.F.);
#1338 = EDGE_CURVE('',#1179,#758,#1339,.T.);
#1339 = SURFACE_CURVE('',#1340,(#1344,#1351),.PCURVE_S1.);
#1340 = LINE('',#1341,#1342);
#1341 = CARTESIAN_POINT('',(-6.726130636059,12.,15.8));
#1342 = VECTOR('',#1343,1.);
#1343 = DIRECTION('',(0.,0.,1.));
#1344 = PCURVE('',#773,#1345);
#1345 = DEFINITIONAL_REPRESENTATION('',(#1346),#1350);
#1346 = LINE('',#1347,#1348);
#1347 = CARTESIAN_POINT('',(13.654333866335,0.));
#1348 = VECTOR('',#1349,1.);
#1349 = DIRECTION('',(0.,-1.));
#1350 = ( GEOMETRIC_REPRESENTATION_CONTEXT(2) 
PARAMETRIC_REPRESENTATION_CONTEXT() REPRESENTATION_CONTEXT('2D SPACE',''
  ) );
#1351 = PCURVE('',#806,#1352);
#1352 = DEFINITIONAL_REPRESENTATION('',(#1353),#1357);
#1353 = LINE('',#1354,#1355);
#1354 = CARTESIAN_POINT('',(-1.047197551197,0.));
#1355 = VECTOR('',#1356,1.);
#1356 = DIRECTION('',(-0.,1.));
#1357 = ( GEOMETRIC_REPRESENTATION_CONTEXT(2) 
PARAMETRIC_REPRESENTATION_CONTEXT() REPRESENTATION_CONTEXT('2D SPACE',''
  ) );
#1358 = ORIENTED_EDGE('',*,*,#1178,.F.);
#1359 = ADVANCED_FACE('',(#1360),#806,.T.);
#1360 = FACE_BOUND('',#1361,.F.);
#1361 = EDGE_LOOP('',(#1362,#1363,#1364,#1365));
#1362 = ORIENTED_EDGE('',*,*,#1201,.T.);
#1363 = ORIENTED_EDGE('',*,*,#1338,.T.);
#1364 = ORIENTED_EDGE('',*,*,#785,.F.);
#1365 = ORIENTED_EDGE('',*,*,#1366,.F.);
#1366 = EDGE_CURVE('',#1155,#786,#1367,.T.);
#1367 = SURFACE_CURVE('',#1368,(#1372,#1379),.PCURVE_S1.);
#1368 = LINE('',#1369,#1370);
#1369 = CARTESIAN_POINT('',(-7.029239527384,11.825,15.8));
#1370 = VECTOR('',#1371,1.);
#1371 = DIRECTION('',(0.,0.,1.));
#1372 = PCURVE('',#806,#1373);
#1373 = DEFINITIONAL_REPRESENTATION('',(#1374),#1378);
#1374 = LINE('',#1375,#1376);
#1375 = CARTESIAN_POINT('',(-0.,0.));
#1376 = VECTOR('',#1377,1.);
#1377 = DIRECTION('',(-0.,1.));
#1378 = ( GEOMETRIC_REPRESENTATION_CONTEXT(2) 
PARAMETRIC_REPRESENTATION_CONTEXT() REPRESENTATION_CONTEXT('2D SPACE',''
  ) );
#1379 = PCURVE('',#834,#1380);
#1380 = DEFINITIONAL_REPRESENTATION('',(#1381),#1385);
#1381 = LINE('',#1382,#1383);
#1382 = CARTESIAN_POINT('',(0.202072594216,0.));
#1383 = VECTOR('',#1384,1.);
#1384 = DIRECTION('',(0.,-1.));
#1385 = ( GEOMETRIC_REPRESENTATION_CONTEXT(2) 
PARAMETRIC_REPRESENTATION_CONTEXT() REPRESENTATION_CONTEXT('2D SPACE',''
  ) );
#1386 = ADVANCED_FACE('',(#1387),#834,.F.);
#1387 = FACE_BOUND('',#1388,.F.);
#1388 = EDGE_LOOP('',(#1389,#1390,#1391,#1392,#1413));
#1389 = ORIENTED_EDGE('',*,*,#1154,.F.);
#1390 = ORIENTED_EDGE('',*,*,#1366,.T.);
#1391 = ORIENTED_EDGE('',*,*,#818,.T.);
#1392 = ORIENTED_EDGE('',*,*,#1393,.F.);
#1393 = EDGE_CURVE('',#1103,#819,#1394,.T.);
#1394 = SURFACE_CURVE('',#1395,(#1399,#1406),.PCURVE_S1.);
#1395 = LINE('',#1396,#1397);
#1396 = CARTESIAN_POINT('',(-13.75537016344,0.175,15.8));
#1397 = VECTOR('',#1398,1.);
#1398 = DIRECTION('',(0.,0.,1.));
#1399 = PCURVE('',#834,#1400);
#1400 = DEFINITIONAL_REPRESENTATION('',(#1401),#1405);
#1401 = LINE('',#1402,#1403);
#1402 = CARTESIAN_POINT('',(13.654333866335,0.));
#1403 = VECTOR('',#1404,1.);
#1404 = DIRECTION('',(0.,-1.));
#1405 = ( GEOMETRIC_REPRESENTATION_CONTEXT(2) 
PARAMETRIC_REPRESENTATION_CONTEXT() REPRESENTATION_CONTEXT('2D SPACE',''
  ) );
#1406 = PCURVE('',#867,#1407);
#1407 = DEFINITIONAL_REPRESENTATION('',(#1408),#1412);
#1408 = LINE('',#1409,#1410);
#1409 = CARTESIAN_POINT('',(-1.047197551197,0.));
#1410 = VECTOR('',#1411,1.);
#1411 = DIRECTION('',(-0.,1.));
#1412 = ( GEOMETRIC_REPRESENTATION_CONTEXT(2) 
PARAMETRIC_REPRESENTATION_CONTEXT() REPRESENTATION_CONTEXT('2D SPACE',''
  ) );
#1413 = ORIENTED_EDGE('',*,*,#1102,.F.);
#1414 = ADVANCED_FACE('',(#1415),#928,.T.);
#1415 = FACE_BOUND('',#1416,.F.);
#1416 = EDGE_LOOP('',(#1417,#1418,#1439,#1440));
#1417 = ORIENTED_EDGE('',*,*,#1049,.T.);
#1418 = ORIENTED_EDGE('',*,*,#1419,.T.);
#1419 = EDGE_CURVE('',#1027,#880,#1420,.T.);
#1420 = SURFACE_CURVE('',#1421,(#1425,#1432),.PCURVE_S1.);
#1421 = LINE('',#1422,#1423);
#1422 = CARTESIAN_POINT('',(-7.029239527384,-11.825,15.8));
#1423 = VECTOR('',#1424,1.);
#1424 = DIRECTION('',(0.,0.,1.));
#1425 = PCURVE('',#928,#1426);
#1426 = DEFINITIONAL_REPRESENTATION('',(#1427),#1431);
#1427 = LINE('',#1428,#1429);
#1428 = CARTESIAN_POINT('',(-1.047197551197,0.));
#1429 = VECTOR('',#1430,1.);
#1430 = DIRECTION('',(-0.,1.));
#1431 = ( GEOMETRIC_REPRESENTATION_CONTEXT(2) 
PARAMETRIC_REPRESENTATION_CONTEXT() REPRESENTATION_CONTEXT('2D SPACE',''
  ) );
#1432 = PCURVE('',#895,#1433);
#1433 = DEFINITIONAL_REPRESENTATION('',(#1434),#1438);
#1434 = LINE('',#1435,#1436);
#1435 = CARTESIAN_POINT('',(13.654333866335,0.));
#1436 = VECTOR('',#1437,1.);
#1437 = DIRECTION('',(0.,-1.));
#1438 = ( GEOMETRIC_REPRESENTATION_CONTEXT(2) 
PARAMETRIC_REPRESENTATION_CONTEXT() REPRESENTATION_CONTEXT('2D SPACE',''
  ) );
#1439 = ORIENTED_EDGE('',*,*,#907,.F.);
#1440 = ORIENTED_EDGE('',*,*,#1308,.F.);
#1441 = ADVANCED_FACE('',(#1442),#867,.T.);
#1442 = FACE_BOUND('',#1443,.F.);
#1443 = EDGE_LOOP('',(#1444,#1445,#1446,#1447));
#1444 = ORIENTED_EDGE('',*,*,#1125,.T.);
#1445 = ORIENTED_EDGE('',*,*,#1393,.T.);
#1446 = ORIENTED_EDGE('',*,*,#846,.F.);
#1447 = ORIENTED_EDGE('',*,*,#1448,.F.);
#1448 = EDGE_CURVE('',#1079,#847,#1449,.T.);
#1449 = SURFACE_CURVE('',#1450,(#1454,#1461),.PCURVE_S1.);
#1450 = LINE('',#1451,#1452);
#1451 = CARTESIAN_POINT('',(-13.75537016344,-0.175,15.8));
#1452 = VECTOR('',#1453,1.);
#1453 = DIRECTION('',(0.,0.,1.));
#1454 = PCURVE('',#867,#1455);
#1455 = DEFINITIONAL_REPRESENTATION('',(#1456),#1460);
#1456 = LINE('',#1457,#1458);
#1457 = CARTESIAN_POINT('',(-0.,0.));
#1458 = VECTOR('',#1459,1.);
#1459 = DIRECTION('',(-0.,1.));
#1460 = ( GEOMETRIC_REPRESENTATION_CONTEXT(2) 
PARAMETRIC_REPRESENTATION_CONTEXT() REPRESENTATION_CONTEXT('2D SPACE',''
  ) );
#1461 = PCURVE('',#895,#1462);
#1462 = DEFINITIONAL_REPRESENTATION('',(#1463),#1467);
#1463 = LINE('',#1464,#1465);
#1464 = CARTESIAN_POINT('',(0.202072594216,0.));
#1465 = VECTOR('',#1466,1.);
#1466 = DIRECTION('',(0.,-1.));
#1467 = ( GEOMETRIC_REPRESENTATION_CONTEXT(2) 
PARAMETRIC_REPRESENTATION_CONTEXT() REPRESENTATION_CONTEXT('2D SPACE',''
  ) );
#1468 = ADVANCED_FACE('',(#1469),#895,.F.);
#1469 = FACE_BOUND('',#1470,.F.);
#1470 = EDGE_LOOP('',(#1471,#1472,#1473,#1474,#1475));
#1471 = ORIENTED_EDGE('',*,*,#1078,.F.);
#1472 = ORIENTED_EDGE('',*,*,#1448,.T.);
#1473 = ORIENTED_EDGE('',*,*,#879,.T.);
#1474 = ORIENTED_EDGE('',*,*,#1419,.F.);
#1475 = ORIENTED_EDGE('',*,*,#1026,.F.);
#1476 = ADVANCED_FACE('',(#1477),#987,.T.);
#1477 = FACE_BOUND('',#1478,.F.);
#1478 = EDGE_LOOP('',(#1479,#1502,#1503,#1504));
#1479 = ORIENTED_EDGE('',*,*,#1480,.T.);
#1480 = EDGE_CURVE('',#1481,#971,#1483,.T.);
#1481 = VERTEX_POINT('',#1482);
#1482 = CARTESIAN_POINT('',(7.19,0.,0.));
#1483 = SEAM_CURVE('',#1484,(#1488,#1495),.PCURVE_S1.);
#1484 = LINE('',#1485,#1486);
#1485 = CARTESIAN_POINT('',(7.19,0.,0.));
#1486 = VECTOR('',#1487,1.);
#1487 = DIRECTION('',(0.,0.,1.));
#1488 = PCURVE('',#987,#1489);
#1489 = DEFINITIONAL_REPRESENTATION('',(#1490),#1494);
#1490 = LINE('',#1491,#1492);
#1491 = CARTESIAN_POINT('',(-0.,0.));
#1492 = VECTOR('',#1493,1.);
#1493 = DIRECTION('',(-0.,-1.));
#1494 = ( GEOMETRIC_REPRESENTATION_CONTEXT(2) 
PARAMETRIC_REPRESENTATION_CONTEXT() REPRESENTATION_CONTEXT('2D SPACE',''
  ) );
#1495 = PCURVE('',#987,#1496);
#1496 = DEFINITIONAL_REPRESENTATION('',(#1497),#1501);
#1497 = LINE('',#1498,#1499);
#1498 = CARTESIAN_POINT('',(-6.28318530718,0.));
#1499 = VECTOR('',#1500,1.);
#1500 = DIRECTION('',(-0.,-1.));
#1501 = ( GEOMETRIC_REPRESENTATION_CONTEXT(2) 
PARAMETRIC_REPRESENTATION_CONTEXT() REPRESENTATION_CONTEXT('2D SPACE',''
  ) );
#1502 = ORIENTED_EDGE('',*,*,#970,.T.);
#1503 = ORIENTED_EDGE('',*,*,#1480,.F.);
#1504 = ORIENTED_EDGE('',*,*,#1505,.F.);
#1505 = EDGE_CURVE('',#1481,#1481,#1506,.T.);
#1506 = SURFACE_CURVE('',#1507,(#1512,#1519),.PCURVE_S1.);
#1507 = CIRCLE('',#1508,7.19);
#1508 = AXIS2_PLACEMENT_3D('',#1509,#1510,#1511);
#1509 = CARTESIAN_POINT('',(0.,0.,0.));
#1510 = DIRECTION('',(0.,0.,1.));
#1511 = DIRECTION('',(1.,0.,0.));
#1512 = PCURVE('',#987,#1513);
#1513 = DEFINITIONAL_REPRESENTATION('',(#1514),#1518);
#1514 = LINE('',#1515,#1516);
#1515 = CARTESIAN_POINT('',(-0.,0.));
#1516 = VECTOR('',#1517,1.);
#1517 = DIRECTION('',(-1.,0.));
#1518 = ( GEOMETRIC_REPRESENTATION_CONTEXT(2) 
PARAMETRIC_REPRESENTATION_CONTEXT() REPRESENTATION_CONTEXT('2D SPACE',''
  ) );
#1519 = PCURVE('',#1520,#1525);
#1520 = PLANE('',#1521);
#1521 = AXIS2_PLACEMENT_3D('',#1522,#1523,#1524);
#1522 = CARTESIAN_POINT('',(-1.901863883921E-16,4.672385373729E-16,0.));
#1523 = DIRECTION('',(0.,0.,1.));
#1524 = DIRECTION('',(1.,0.,-0.));
#1525 = DEFINITIONAL_REPRESENTATION('',(#1526),#1530);
#1526 = CIRCLE('',#1527,7.19);
#1527 = AXIS2_PLACEMENT_2D('',#1528,#1529);
#1528 = CARTESIAN_POINT('',(1.901863883921E-16,-4.672385373729E-16));
#1529 = DIRECTION('',(1.,0.));
#1530 = ( GEOMETRIC_REPRESENTATION_CONTEXT(2) 
PARAMETRIC_REPRESENTATION_CONTEXT() REPRESENTATION_CONTEXT('2D SPACE',''
  ) );
#1531 = ADVANCED_FACE('',(#1532),#1520,.F.);
#1532 = FACE_BOUND('',#1533,.F.);
#1533 = EDGE_LOOP('',(#1534));
#1534 = ORIENTED_EDGE('',*,*,#1505,.T.);
#1535 = ( GEOMETRIC_REPRESENTATION_CONTEXT(3) 
GLOBAL_UNCERTAINTY_ASSIGNED_CONTEXT((#1539)) 
GLOBAL_UNIT_ASSIGNED_CONTEXT((#1536,#1537,#1538)) REPRESENTATION_CONTEXT
('Context #1','3D Context with UNIT and UNCERTAINTY') );
#1536 = ( LENGTH_UNIT() NAMED_UNIT(*) SI_UNIT(.MILLI.,.METRE.) );
#1537 = ( NAMED_UNIT(*) PLANE_ANGLE_UNIT() SI_UNIT($,.RADIAN.) );
#1538 = ( NAMED_UNIT(*) SI_UNIT($,.STERADIAN.) SOLID_ANGLE_UNIT() );
#1539 = UNCERTAINTY_MEASURE_WITH_UNIT(LENGTH_MEASURE(1.E-07),#1536,
  'distance_accuracy_value','confusion accuracy');
#1540 = CONTEXT_DEPENDENT_SHAPE_REPRESENTATION(#1541,#1543);
#1541 = ( REPRESENTATION_RELATIONSHIP('','',#36,#10) 
REPRESENTATION_RELATIONSHIP_WITH_TRANSFORMATION(#1542) 
SHAPE_REPRESENTATION_RELATIONSHIP() );
#1542 = ITEM_DEFINED_TRANSFORMATION('','',#11,#15);
#1543 = PRODUCT_DEFINITION_SHAPE('Placement','Placement of an item',
  #1544);
#1544 = NEXT_ASSEMBLY_USAGE_OCCURRENCE('19','','',#5,#31,$);
#1545 = PRODUCT_RELATED_PRODUCT_CATEGORY('part',$,(#33));
#1546 = SHAPE_DEFINITION_REPRESENTATION(#1547,#1553);
#1547 = PRODUCT_DEFINITION_SHAPE('','',#1548);
#1548 = PRODUCT_DEFINITION('design','',#1549,#1552);
#1549 = PRODUCT_DEFINITION_FORMATION('','',#1550);
#1550 = PRODUCT('Open CASCADE STEP translator 7.9 10.2',
  'Open CASCADE STEP translator 7.9 10.2','',(#1551));
#1551 = PRODUCT_CONTEXT('',#2,'mechanical');
#1552 = PRODUCT_DEFINITION_CONTEXT('part definition',#2,'design');
#1553 = ADVANCED_BREP_SHAPE_REPRESENTATION('',(#11,#1554),#2508);
#1554 = MANIFOLD_SOLID_BREP('',#1555);
#1555 = CLOSED_SHELL('',(#1556,#2308,#2453,#2496,#2502));
#1556 = ADVANCED_FACE('',(#1557),#1650,.F.);
#1557 = FACE_BOUND('',#1558,.F.);
#1558 = EDGE_LOOP('',(#1559,#1992,#2018,#2284));
#1559 = ORIENTED_EDGE('',*,*,#1560,.F.);
#1560 = EDGE_CURVE('',#1561,#1563,#1565,.T.);
#1561 = VERTEX_POINT('',#1562);
#1562 = CARTESIAN_POINT('',(7.2143,-4.440892098501E-15,-0.33));
#1563 = VERTEX_POINT('',#1564);
#1564 = CARTESIAN_POINT('',(-5.836491304499,4.240459146956,
    12.269999997535));
#1565 = SURFACE_CURVE('',#1566,(#1649,#1821),.PCURVE_S1.);
#1566 = B_SPLINE_CURVE_WITH_KNOTS('',11,(#1567,#1568,#1569,#1570,#1571,
    #1572,#1573,#1574,#1575,#1576,#1577,#1578,#1579,#1580,#1581,#1582,
    #1583,#1584,#1585,#1586,#1587,#1588,#1589,#1590,#1591,#1592,#1593,
    #1594,#1595,#1596,#1597,#1598,#1599,#1600,#1601,#1602,#1603,#1604,
    #1605,#1606,#1607,#1608,#1609,#1610,#1611,#1612,#1613,#1614,#1615,
    #1616,#1617,#1618,#1619,#1620,#1621,#1622,#1623,#1624,#1625,#1626,
    #1627,#1628,#1629,#1630,#1631,#1632,#1633,#1634,#1635,#1636,#1637,
    #1638,#1639,#1640,#1641,#1642,#1643,#1644,#1645,#1646,#1647,#1648),
  .UNSPECIFIED.,.F.,.F.,(12,10,10,10,10,10,10,10,12),(0.,6.782741363844,
    13.565482727689,20.348224091533,27.130965455377,33.913706819221,
    40.696448183066,47.47918954691,54.261930910754),.UNSPECIFIED.);
#1567 = CARTESIAN_POINT('',(7.2143,-3.552713678801E-15,-0.33));
#1568 = CARTESIAN_POINT('',(7.214300111018,4.32683646146,-0.186818296259
    ));
#1569 = CARTESIAN_POINT('',(4.360726271578,8.653670907091,
    -4.36358621009E-02));
#1570 = CARTESIAN_POINT('',(-1.356015576695,10.88838873436,
    9.954418160397E-02));
#1571 = CARTESIAN_POINT('',(-8.164342644057,8.934362050712,
    0.242729499457));
#1572 = CARTESIAN_POINT('',(-12.75816633234,2.348935610683,0.38590618384
    ));
#1573 = CARTESIAN_POINT('',(-11.40788561158,-6.176462700261,
    0.529093812394));
#1574 = CARTESIAN_POINT('',(-5.00387502361,-11.02000188788,
    0.672270501429));
#1575 = CARTESIAN_POINT('',(2.075046516831,-10.77450609131,
    0.815455811816));
#1576 = CARTESIAN_POINT('',(6.821429571305,-6.882591179097,
    0.958635863233));
#1577 = CARTESIAN_POINT('',(8.198272922893,-1.885724741803,
    1.101818291378));
#1578 = CARTESIAN_POINT('',(5.524141130362,6.344407347638,1.388181706193
    ));
#1579 = CARTESIAN_POINT('',(1.473165766004,9.577668633096,1.531364133926
    ));
#1580 = CARTESIAN_POINT('',(-4.654344615564,9.93644119821,1.674544186899
    ));
#1581 = CARTESIAN_POINT('',(-10.52562097507,5.974162624249,
    1.817729493591));
#1582 = CARTESIAN_POINT('',(-12.8595982537,-1.708519696585,
    1.960906189253));
#1583 = CARTESIAN_POINT('',(-8.940912004768,-9.399395621303,
    2.104093808261));
#1584 = CARTESIAN_POINT('',(-1.353600088871,-12.02692702587,
    2.247270503995));
#1585 = CARTESIAN_POINT('',(5.302992000794,-9.605939589802,
    2.390455810572));
#1586 = CARTESIAN_POINT('',(8.614402683522,-4.437795526543,
    2.533635863662));
#1587 = CARTESIAN_POINT('',(8.379741877682,0.73997485409,2.676818291305)
  );
#1588 = CARTESIAN_POINT('',(3.293240729273,7.740943438598,2.963181706229
    ));
#1589 = CARTESIAN_POINT('',(-1.558598472718,9.564137421666,
    3.106364133869));
#1590 = CARTESIAN_POINT('',(-7.497073969658,8.011845566432,3.24954418697
    ));
#1591 = CARTESIAN_POINT('',(-11.85657819433,2.429170535571,
    3.392729493518));
#1592 = CARTESIAN_POINT('',(-11.70224309478,-5.598733191901,
    3.535906189314));
#1593 = CARTESIAN_POINT('',(-5.598739639815,-11.70225020955,
    3.679093808219));
#1594 = CARTESIAN_POINT('',(2.429174656054,-11.85657275001,
    3.822270504018));
#1595 = CARTESIAN_POINT('',(8.011843678437,-7.497076792737,
    3.965455810562));
#1596 = CARTESIAN_POINT('',(9.564138041407,-1.558597527907,
    4.108635863666));
#1597 = CARTESIAN_POINT('',(7.740943312318,3.293240555556,4.251818291304
    ));
#1598 = CARTESIAN_POINT('',(0.739974980282,8.379742051463,4.53818170623)
  );
#1599 = CARTESIAN_POINT('',(-4.437796233603,8.614401802148,
    4.681364133866));
#1600 = CARTESIAN_POINT('',(-9.605937488304,5.302994668774,4.82454418698
    ));
#1601 = CARTESIAN_POINT('',(-12.02693093046,-1.353605690092,
    4.967729493496));
#1602 = CARTESIAN_POINT('',(-9.399390847224,-8.940903673821,
    5.11090618935));
#1603 = CARTESIAN_POINT('',(-1.708523630376,-12.85960701281,
    5.254093808176));
#1604 = CARTESIAN_POINT('',(5.974164860705,-10.52561452386,
    5.397270504055));
#1605 = CARTESIAN_POINT('',(9.936440274984,-4.65434788395,5.540455810538
    ));
#1606 = CARTESIAN_POINT('',(9.577668930544,1.473166856132,5.683635863677
    ));
#1607 = CARTESIAN_POINT('',(6.344407281221,5.524140926091,5.826818291301
    ));
#1608 = CARTESIAN_POINT('',(-1.885724675492,8.198273127233,
    6.113181706233));
#1609 = CARTESIAN_POINT('',(-6.882591579173,6.821428514166,
    6.256364133854));
#1610 = CARTESIAN_POINT('',(-10.77450491717,2.07504970482,6.399544187004
    ));
#1611 = CARTESIAN_POINT('',(-11.0200038704,-5.003881559739,
    6.542729493465));
#1612 = CARTESIAN_POINT('',(-6.176460734335,-11.40787620911,
    6.685906189376));
#1613 = CARTESIAN_POINT('',(2.348934576175,-12.75817588362,
    6.829093808166));
#1614 = CARTESIAN_POINT('',(8.934362184215,-8.16433581176,6.972270504051
    ));
#1615 = CARTESIAN_POINT('',(10.888388866217,-1.356018975588,
    7.115455810547));
#1616 = CARTESIAN_POINT('',(8.653670853207,4.360727404158,7.258635863669
    ));
#1617 = CARTESIAN_POINT('',(4.326836461351,7.214299893822,7.401818291305
    ));
#1618 = CARTESIAN_POINT('',(-4.326836461405,7.214300108589,
    7.688181706227));
#1619 = CARTESIAN_POINT('',(-8.653670907182,4.360726275505,
    7.831364133883));
#1620 = CARTESIAN_POINT('',(-10.88838873423,-1.356015581912,
    7.974544186935));
#1621 = CARTESIAN_POINT('',(-8.934362050849,-8.164342638299,
    8.117729493575));
#1622 = CARTESIAN_POINT('',(-2.348935610568,-12.75816633764,
    8.260906189249));
#1623 = CARTESIAN_POINT('',(6.176462700189,-11.40788560755,
    8.404093808273));
#1624 = CARTESIAN_POINT('',(11.020001887911,-5.003875026108,
    8.547270503985));
#1625 = CARTESIAN_POINT('',(10.774506091301,2.075046518045,
    8.690455810574));
#1626 = CARTESIAN_POINT('',(6.8825911791,6.821429570884,8.833635863664)
  );
#1627 = CARTESIAN_POINT('',(1.885724741802,8.198272922967,8.976818291303
    ));
#1628 = CARTESIAN_POINT('',(-6.344407347638,5.52414113032,9.263181706235
    ));
#1629 = CARTESIAN_POINT('',(-9.577668633088,1.473165766093,9.40636413384
    ));
#1630 = CARTESIAN_POINT('',(-9.936441198234,-4.654344615717,
    9.549544187045));
#1631 = CARTESIAN_POINT('',(-5.974162624207,-10.52562097487,
    9.692729493391));
#1632 = CARTESIAN_POINT('',(1.708519696537,-12.85959825392,
    9.835906189469));
#1633 = CARTESIAN_POINT('',(9.399395621345,-8.940912004597,
    9.979093808085));
#1634 = CARTESIAN_POINT('',(12.026927025836,-1.353600088967,
    10.122270504091));
#1635 = CARTESIAN_POINT('',(9.605939589838,5.302992000824,
    10.265455810551));
#1636 = CARTESIAN_POINT('',(4.437795526507,8.614402683527,
    10.408635863641));
#1637 = CARTESIAN_POINT('',(-0.739974854063,8.379741877668,
    10.551818291334));
#1638 = CARTESIAN_POINT('',(-7.740943438656,3.293240729307,
    10.838181706162));
#1639 = CARTESIAN_POINT('',(-9.564137421319,-1.558598472928,
    10.981364134278));
#1640 = CARTESIAN_POINT('',(-8.01184556744,-7.497073969036,
    11.12454418577));
#1641 = CARTESIAN_POINT('',(-2.429170533498,-11.85657819564,
    11.267729496016));
#1642 = CARTESIAN_POINT('',(5.598733188566,-11.70224309264,
    11.410906185252));
#1643 = CARTESIAN_POINT('',(11.702250213919,-5.598739642652,
    11.554093813585));
#1644 = CARTESIAN_POINT('',(11.856572745276,2.429174659165,
    11.697270498158));
#1645 = CARTESIAN_POINT('',(7.497076797026,8.011843675604,
    11.840455815883));
#1646 = CARTESIAN_POINT('',(1.55859752468,9.564138043544,11.983635859655
    ));
#1647 = CARTESIAN_POINT('',(-3.293240553561,7.740943310995,
    12.126818293786));
#1648 = CARTESIAN_POINT('',(-5.836491304499,4.240459146956,
    12.269999997535));
#1649 = PCURVE('',#1650,#1815);
#1650 = B_SPLINE_SURFACE_WITH_KNOTS('',1,11,(
    (#1651,#1652,#1653,#1654,#1655,#1656,#1657,#1658,#1659,#1660,#1661
      ,#1662,#1663,#1664,#1665,#1666,#1667,#1668,#1669,#1670,#1671,#1672
      ,#1673,#1674,#1675,#1676,#1677,#1678,#1679,#1680,#1681,#1682,#1683
      ,#1684,#1685,#1686,#1687,#1688,#1689,#1690,#1691,#1692,#1693,#1694
      ,#1695,#1696,#1697,#1698,#1699,#1700,#1701,#1702,#1703,#1704,#1705
      ,#1706,#1707,#1708,#1709,#1710,#1711,#1712,#1713,#1714,#1715,#1716
      ,#1717,#1718,#1719,#1720,#1721,#1722,#1723,#1724,#1725,#1726,#1727
      ,#1728,#1729,#1730,#1731,#1732)
    ,(#1733,#1734,#1735,#1736,#1737,#1738,#1739,#1740,#1741,#1742,#1743
      ,#1744,#1745,#1746,#1747,#1748,#1749,#1750,#1751,#1752,#1753,#1754
      ,#1755,#1756,#1757,#1758,#1759,#1760,#1761,#1762,#1763,#1764,#1765
      ,#1766,#1767,#1768,#1769,#1770,#1771,#1772,#1773,#1774,#1775,#1776
      ,#1777,#1778,#1779,#1780,#1781,#1782,#1783,#1784,#1785,#1786,#1787
      ,#1788,#1789,#1790,#1791,#1792,#1793,#1794,#1795,#1796,#1797,#1798
      ,#1799,#1800,#1801,#1802,#1803,#1804,#1805,#1806,#1807,#1808,#1809
      ,#1810,#1811,#1812,#1813,#1814
    )),.UNSPECIFIED.,.F.,.F.,.F.,(2,2),(12,10,10,10,10,10,10,10,12),(0.,
    0.874642784227),(0.,6.782741363844,13.565482727689,20.348224091533,
    27.130965455377,33.913706819221,40.696448183066,47.47918954691,
    54.261930910754),.UNSPECIFIED.);
#1651 = CARTESIAN_POINT('',(7.2143,-3.552713678801E-15,-0.33));
#1652 = CARTESIAN_POINT('',(7.214300111018,4.32683646146,-0.186818296259
    ));
#1653 = CARTESIAN_POINT('',(4.360726271578,8.653670907091,
    -4.36358621009E-02));
#1654 = CARTESIAN_POINT('',(-1.356015576695,10.88838873436,
    9.954418160397E-02));
#1655 = CARTESIAN_POINT('',(-8.164342644057,8.934362050712,
    0.242729499457));
#1656 = CARTESIAN_POINT('',(-12.75816633234,2.348935610683,0.38590618384
    ));
#1657 = CARTESIAN_POINT('',(-11.40788561158,-6.176462700261,
    0.529093812394));
#1658 = CARTESIAN_POINT('',(-5.00387502361,-11.02000188788,
    0.672270501429));
#1659 = CARTESIAN_POINT('',(2.075046516831,-10.77450609131,
    0.815455811816));
#1660 = CARTESIAN_POINT('',(6.821429571305,-6.882591179097,
    0.958635863233));
#1661 = CARTESIAN_POINT('',(8.198272922893,-1.885724741803,
    1.101818291378));
#1662 = CARTESIAN_POINT('',(5.524141130362,6.344407347638,1.388181706193
    ));
#1663 = CARTESIAN_POINT('',(1.473165766004,9.577668633096,1.531364133926
    ));
#1664 = CARTESIAN_POINT('',(-4.654344615564,9.93644119821,1.674544186899
    ));
#1665 = CARTESIAN_POINT('',(-10.52562097507,5.974162624249,
    1.817729493591));
#1666 = CARTESIAN_POINT('',(-12.8595982537,-1.708519696585,
    1.960906189253));
#1667 = CARTESIAN_POINT('',(-8.940912004768,-9.399395621303,
    2.104093808261));
#1668 = CARTESIAN_POINT('',(-1.353600088871,-12.02692702587,
    2.247270503995));
#1669 = CARTESIAN_POINT('',(5.302992000794,-9.605939589802,
    2.390455810572));
#1670 = CARTESIAN_POINT('',(8.614402683522,-4.437795526543,
    2.533635863662));
#1671 = CARTESIAN_POINT('',(8.379741877682,0.73997485409,2.676818291305)
  );
#1672 = CARTESIAN_POINT('',(3.293240729273,7.740943438598,2.963181706229
    ));
#1673 = CARTESIAN_POINT('',(-1.558598472718,9.564137421666,
    3.106364133869));
#1674 = CARTESIAN_POINT('',(-7.497073969658,8.011845566432,3.24954418697
    ));
#1675 = CARTESIAN_POINT('',(-11.85657819433,2.429170535571,
    3.392729493518));
#1676 = CARTESIAN_POINT('',(-11.70224309478,-5.598733191901,
    3.535906189314));
#1677 = CARTESIAN_POINT('',(-5.598739639815,-11.70225020955,
    3.679093808219));
#1678 = CARTESIAN_POINT('',(2.429174656054,-11.85657275001,
    3.822270504018));
#1679 = CARTESIAN_POINT('',(8.011843678437,-7.497076792737,
    3.965455810562));
#1680 = CARTESIAN_POINT('',(9.564138041407,-1.558597527907,
    4.108635863666));
#1681 = CARTESIAN_POINT('',(7.740943312318,3.293240555556,4.251818291304
    ));
#1682 = CARTESIAN_POINT('',(0.739974980282,8.379742051463,4.53818170623)
  );
#1683 = CARTESIAN_POINT('',(-4.437796233603,8.614401802148,
    4.681364133866));
#1684 = CARTESIAN_POINT('',(-9.605937488304,5.302994668774,4.82454418698
    ));
#1685 = CARTESIAN_POINT('',(-12.02693093046,-1.353605690092,
    4.967729493496));
#1686 = CARTESIAN_POINT('',(-9.399390847224,-8.940903673821,
    5.11090618935));
#1687 = CARTESIAN_POINT('',(-1.708523630376,-12.85960701281,
    5.254093808176));
#1688 = CARTESIAN_POINT('',(5.974164860705,-10.52561452386,
    5.397270504055));
#1689 = CARTESIAN_POINT('',(9.936440274984,-4.65434788395,5.540455810538
    ));
#1690 = CARTESIAN_POINT('',(9.577668930544,1.473166856132,5.683635863677
    ));
#1691 = CARTESIAN_POINT('',(6.344407281221,5.524140926091,5.826818291301
    ));
#1692 = CARTESIAN_POINT('',(-1.885724675492,8.198273127233,
    6.113181706233));
#1693 = CARTESIAN_POINT('',(-6.882591579173,6.821428514166,
    6.256364133854));
#1694 = CARTESIAN_POINT('',(-10.77450491717,2.07504970482,6.399544187004
    ));
#1695 = CARTESIAN_POINT('',(-11.0200038704,-5.003881559739,
    6.542729493465));
#1696 = CARTESIAN_POINT('',(-6.176460734335,-11.40787620911,
    6.685906189376));
#1697 = CARTESIAN_POINT('',(2.348934576175,-12.75817588362,
    6.829093808166));
#1698 = CARTESIAN_POINT('',(8.934362184215,-8.16433581176,6.972270504051
    ));
#1699 = CARTESIAN_POINT('',(10.888388866217,-1.356018975588,
    7.115455810547));
#1700 = CARTESIAN_POINT('',(8.653670853207,4.360727404158,7.258635863669
    ));
#1701 = CARTESIAN_POINT('',(4.326836461351,7.214299893822,7.401818291305
    ));
#1702 = CARTESIAN_POINT('',(-4.326836461405,7.214300108589,
    7.688181706227));
#1703 = CARTESIAN_POINT('',(-8.653670907182,4.360726275505,
    7.831364133883));
#1704 = CARTESIAN_POINT('',(-10.88838873423,-1.356015581912,
    7.974544186935));
#1705 = CARTESIAN_POINT('',(-8.934362050849,-8.164342638299,
    8.117729493575));
#1706 = CARTESIAN_POINT('',(-2.348935610568,-12.75816633764,
    8.260906189249));
#1707 = CARTESIAN_POINT('',(6.176462700189,-11.40788560755,
    8.404093808273));
#1708 = CARTESIAN_POINT('',(11.020001887911,-5.003875026108,
    8.547270503985));
#1709 = CARTESIAN_POINT('',(10.774506091301,2.075046518045,
    8.690455810574));
#1710 = CARTESIAN_POINT('',(6.8825911791,6.821429570884,8.833635863664)
  );
#1711 = CARTESIAN_POINT('',(1.885724741802,8.198272922967,8.976818291303
    ));
#1712 = CARTESIAN_POINT('',(-6.344407347638,5.52414113032,9.263181706235
    ));
#1713 = CARTESIAN_POINT('',(-9.577668633088,1.473165766093,9.40636413384
    ));
#1714 = CARTESIAN_POINT('',(-9.936441198234,-4.654344615717,
    9.549544187045));
#1715 = CARTESIAN_POINT('',(-5.974162624207,-10.52562097487,
    9.692729493391));
#1716 = CARTESIAN_POINT('',(1.708519696537,-12.85959825392,
    9.835906189469));
#1717 = CARTESIAN_POINT('',(9.399395621345,-8.940912004597,
    9.979093808085));
#1718 = CARTESIAN_POINT('',(12.026927025836,-1.353600088967,
    10.122270504091));
#1719 = CARTESIAN_POINT('',(9.605939589838,5.302992000824,
    10.265455810551));
#1720 = CARTESIAN_POINT('',(4.437795526507,8.614402683527,
    10.408635863641));
#1721 = CARTESIAN_POINT('',(-0.739974854063,8.379741877668,
    10.551818291334));
#1722 = CARTESIAN_POINT('',(-7.740943438656,3.293240729307,
    10.838181706162));
#1723 = CARTESIAN_POINT('',(-9.564137421319,-1.558598472928,
    10.981364134278));
#1724 = CARTESIAN_POINT('',(-8.01184556744,-7.497073969036,
    11.12454418577));
#1725 = CARTESIAN_POINT('',(-2.429170533498,-11.85657819564,
    11.267729496016));
#1726 = CARTESIAN_POINT('',(5.598733188566,-11.70224309264,
    11.410906185252));
#1727 = CARTESIAN_POINT('',(11.702250213919,-5.598739642652,
    11.554093813585));
#1728 = CARTESIAN_POINT('',(11.856572745276,2.429174659165,
    11.697270498158));
#1729 = CARTESIAN_POINT('',(7.497076797026,8.011843675604,
    11.840455815883));
#1730 = CARTESIAN_POINT('',(1.55859752468,9.564138043544,11.983635859655
    ));
#1731 = CARTESIAN_POINT('',(-3.293240553561,7.740943310995,
    12.126818293786));
#1732 = CARTESIAN_POINT('',(-5.836491304499,4.240459146956,
    12.269999997535));
#1733 = CARTESIAN_POINT('',(8.0243,1.110223024625E-15,0.));
#1734 = CARTESIAN_POINT('',(8.024299999998,4.812645660926,0.143181976219
    ));
#1735 = CARTESIAN_POINT('',(4.850337946917,9.625250672165,0.286362943768
    ));
#1736 = CARTESIAN_POINT('',(-1.508275840593,12.110989628138,
    0.429547212416));
#1737 = CARTESIAN_POINT('',(-9.080984487763,9.93731972113,0.572724197721
    ));
#1738 = CARTESIAN_POINT('',(-14.1906549235,2.612894171166,0.715913105432
    ));
#1739 = CARTESIAN_POINT('',(-12.68868613204,-6.870163560407,
    0.859086899767));
#1740 = CARTESIAN_POINT('',(-5.565728799404,-12.25713120748,
    1.002275801057));
#1741 = CARTESIAN_POINT('',(2.30804604719,-11.98431847174,1.145452796668
    ));
#1742 = CARTESIAN_POINT('',(7.587311543275,-7.655320518646,1.28863705467
    ));
#1743 = CARTESIAN_POINT('',(9.118752100863,-2.097452948695,
    1.431818030521));
#1744 = CARTESIAN_POINT('',(6.144373506563,7.056743084514,1.718181972833
    ));
#1745 = CARTESIAN_POINT('',(1.638579477848,10.652994226616,
    1.861362949255));
#1746 = CARTESIAN_POINT('',(-5.176957180375,11.052152737923,
    2.004547205103));
#1747 = CARTESIAN_POINT('',(-11.70733014382,6.644774142625,
    2.147724205824));
#1748 = CARTESIAN_POINT('',(-14.30354353887,-1.900143504511,
    2.290913097953));
#1749 = CARTESIAN_POINT('',(-9.944660334833,-10.45493347346,
    2.43408690548));
#1750 = CARTESIAN_POINT('',(-1.505660797183,-13.3771292909,2.57727579751
    ));
#1751 = CARTESIAN_POINT('',(5.898440306845,-10.6845387236,2.72045279839)
  );
#1752 = CARTESIAN_POINT('',(9.581586222046,-4.936034255072,
    2.863637054076));
#1753 = CARTESIAN_POINT('',(9.320597212054,0.823053072177,3.006818030622
    ));
#1754 = CARTESIAN_POINT('',(3.662992923915,8.610077327664,3.293181972783
    ));
#1755 = CARTESIAN_POINT('',(-1.733574567123,10.637948482567,
    3.436362949337));
#1756 = CARTESIAN_POINT('',(-8.338881881438,8.911454132601,
    3.579547204993));
#1757 = CARTESIAN_POINT('',(-13.18768075552,2.701791774458,
    3.722724205947));
#1758 = CARTESIAN_POINT('',(-13.01630165416,-6.227181895158,
    3.865913097839));
#1759 = CARTESIAN_POINT('',(-6.227181895372,-13.01630165411,
    4.009086905567));
#1760 = CARTESIAN_POINT('',(2.701791774311,-13.18768075553,
    4.152275797458));
#1761 = CARTESIAN_POINT('',(8.911454132474,-8.338881881571,
    4.295452798414));
#1762 = CARTESIAN_POINT('',(10.637948482549,-1.733574567261,
    4.438637054068));
#1763 = CARTESIAN_POINT('',(8.610077327712,3.662992923799,4.581818030624
    ));
#1764 = CARTESIAN_POINT('',(0.823053072302,9.320597212045,4.868181972782
    ));
#1765 = CARTESIAN_POINT('',(-4.93603425495,9.581586222104,5.01136294934)
  );
#1766 = CARTESIAN_POINT('',(-10.6845387235,5.898440307011,5.154547204987
    ));
#1767 = CARTESIAN_POINT('',(-13.37712929096,-1.505660797044,
    5.297724205954));
#1768 = CARTESIAN_POINT('',(-10.45493347353,-9.944660334644,
    5.440913097832));
#1769 = CARTESIAN_POINT('',(-1.900143504763,-14.30354353888,
    5.584086905571));
#1770 = CARTESIAN_POINT('',(6.644774142511,-11.70733014388,
    5.727275797455));
#1771 = CARTESIAN_POINT('',(11.052152737835,-5.176957180533,
    5.870452798417));
#1772 = CARTESIAN_POINT('',(10.652994226641,1.638579477708,
    6.013637054066));
#1773 = CARTESIAN_POINT('',(7.056743084598,6.144373506469,6.156818030625
    ));
#1774 = CARTESIAN_POINT('',(-2.097452948578,9.11875210089,6.443181972781
    ));
#1775 = CARTESIAN_POINT('',(-7.655320518511,7.587311543384,
    6.586362949339));
#1776 = CARTESIAN_POINT('',(-11.98431847181,2.308046047333,
    6.729547204994));
#1777 = CARTESIAN_POINT('',(-12.25713120737,-5.565728799211,
    6.87272420594));
#1778 = CARTESIAN_POINT('',(-6.870163560845,-12.68868613199,
    7.015913097851));
#1779 = CARTESIAN_POINT('',(2.61289417129,-14.19065492349,7.159086905557
    ));
#1780 = CARTESIAN_POINT('',(9.937319720702,-9.080984487935,
    7.302275797461));
#1781 = CARTESIAN_POINT('',(12.110989628372,-1.508275840718,
    7.445452798415));
#1782 = CARTESIAN_POINT('',(9.625250672048,4.850337946757,7.588637054066
    ));
#1783 = CARTESIAN_POINT('',(4.812645661142,8.024299999955,7.731818030624
    ));
#1784 = CARTESIAN_POINT('',(-4.812645661034,8.024300000022,
    8.018181972783));
#1785 = CARTESIAN_POINT('',(-9.625250671989,4.850337946874,
    8.161362949338));
#1786 = CARTESIAN_POINT('',(-12.11098962837,-1.508275840525,
    8.304547204987));
#1787 = CARTESIAN_POINT('',(-9.937319720862,-9.080984487855,
    8.447724205959));
#1788 = CARTESIAN_POINT('',(-2.612894171424,-14.1906549234,
    8.590913097824));
#1789 = CARTESIAN_POINT('',(6.870163560614,-12.68868613213,
    8.734086905579));
#1790 = CARTESIAN_POINT('',(12.257131207348,-5.565728799345,
    8.877275797452));
#1791 = CARTESIAN_POINT('',(11.984318471812,2.308046047161,
    9.020452798415));
#1792 = CARTESIAN_POINT('',(7.655320518625,7.587311543283,9.163637054068
    ));
#1793 = CARTESIAN_POINT('',(2.097452948697,9.118752100863,9.306818030624
    ));
#1794 = CARTESIAN_POINT('',(-7.056743084514,6.144373506562,
    9.593181972781));
#1795 = CARTESIAN_POINT('',(-10.65299422661,1.638579477861,
    9.736362949336));
#1796 = CARTESIAN_POINT('',(-11.05215273791,-5.176957180414,
    9.879547205013));
#1797 = CARTESIAN_POINT('',(-6.644774142638,-11.70733014375,
    10.022724205887));
#1798 = CARTESIAN_POINT('',(1.900143504524,-14.30354353897,
    10.165913097946));
#1799 = CARTESIAN_POINT('',(10.454933473455,-9.94466033473,
    10.309086905431));
#1800 = CARTESIAN_POINT('',(13.377129290907,-1.505660797259,
    10.452275797593));
#1801 = CARTESIAN_POINT('',(10.684538723607,5.898440306885,
    10.595452798303));
#1802 = CARTESIAN_POINT('',(4.93603425507,9.581586222033,10.738637054146
    ));
#1803 = CARTESIAN_POINT('',(-0.823053072177,9.320597212056,
    10.881818030575));
#1804 = CARTESIAN_POINT('',(-8.610077327663,3.662992923916,
    11.168181972883));
#1805 = CARTESIAN_POINT('',(-10.63794848257,-1.733574567132,
    11.311362948735));
#1806 = CARTESIAN_POINT('',(-8.911454132571,-8.33888188141,
    11.454547206746));
#1807 = CARTESIAN_POINT('',(-2.701791774521,-13.18768075558,
    11.597724202328));
#1808 = CARTESIAN_POINT('',(6.227181895259,-13.01630165405,
    11.740913103666));
#1809 = CARTESIAN_POINT('',(13.016301653992,-6.22718189553,
    11.88408689795));
#1810 = CARTESIAN_POINT('',(13.187680755657,2.701791774502,
    12.027275805695));
#1811 = CARTESIAN_POINT('',(8.338881881468,8.911454132283,
    12.170452790991));
#1812 = CARTESIAN_POINT('',(1.733574567335,10.637948482704,
    12.313637059632));
#1813 = CARTESIAN_POINT('',(-3.662992923844,8.610077327612,
    12.456818027191));
#1814 = CARTESIAN_POINT('',(-6.4917950679,4.716565200058,12.600000003404
    ));
#1815 = DEFINITIONAL_REPRESENTATION('',(#1816),#1820);
#1816 = LINE('',#1817,#1818);
#1817 = CARTESIAN_POINT('',(0.,0.));
#1818 = VECTOR('',#1819,1.);
#1819 = DIRECTION('',(0.,1.));
#1820 = ( GEOMETRIC_REPRESENTATION_CONTEXT(2) 
PARAMETRIC_REPRESENTATION_CONTEXT() REPRESENTATION_CONTEXT('2D SPACE',''
  ) );
#1821 = PCURVE('',#1822,#1987);
#1822 = B_SPLINE_SURFACE_WITH_KNOTS('',1,11,(
    (#1823,#1824,#1825,#1826,#1827,#1828,#1829,#1830,#1831,#1832,#1833
      ,#1834,#1835,#1836,#1837,#1838,#1839,#1840,#1841,#1842,#1843,#1844
      ,#1845,#1846,#1847,#1848,#1849,#1850,#1851,#1852,#1853,#1854,#1855
      ,#1856,#1857,#1858,#1859,#1860,#1861,#1862,#1863,#1864,#1865,#1866
      ,#1867,#1868,#1869,#1870,#1871,#1872,#1873,#1874,#1875,#1876,#1877
      ,#1878,#1879,#1880,#1881,#1882,#1883,#1884,#1885,#1886,#1887,#1888
      ,#1889,#1890,#1891,#1892,#1893,#1894,#1895,#1896,#1897,#1898,#1899
      ,#1900,#1901,#1902,#1903,#1904)
    ,(#1905,#1906,#1907,#1908,#1909,#1910,#1911,#1912,#1913,#1914,#1915
      ,#1916,#1917,#1918,#1919,#1920,#1921,#1922,#1923,#1924,#1925,#1926
      ,#1927,#1928,#1929,#1930,#1931,#1932,#1933,#1934,#1935,#1936,#1937
      ,#1938,#1939,#1940,#1941,#1942,#1943,#1944,#1945,#1946,#1947,#1948
      ,#1949,#1950,#1951,#1952,#1953,#1954,#1955,#1956,#1957,#1958,#1959
      ,#1960,#1961,#1962,#1963,#1964,#1965,#1966,#1967,#1968,#1969,#1970
      ,#1971,#1972,#1973,#1974,#1975,#1976,#1977,#1978,#1979,#1980,#1981
      ,#1982,#1983,#1984,#1985,#1986
    )),.UNSPECIFIED.,.F.,.F.,.F.,(2,2),(12,10,10,10,10,10,10,10,12),(0.,
    0.66),(0.,6.782741363844,13.565482727689,20.348224091533,
    27.130965455377,33.913706819221,40.696448183066,47.47918954691,
    54.261930910754),.UNSPECIFIED.);
#1823 = CARTESIAN_POINT('',(7.2143,-3.10862446895E-15,0.33));
#1824 = CARTESIAN_POINT('',(7.214299888988,4.326836460094,0.473181703741
    ));
#1825 = CARTESIAN_POINT('',(4.360727406499,8.65367085023,0.616364137899)
  );
#1826 = CARTESIAN_POINT('',(-1.356018980426,10.888388862775,
    0.759544181604));
#1827 = CARTESIAN_POINT('',(-8.16433580342,8.934362180998,0.902729499456
    ));
#1828 = CARTESIAN_POINT('',(-12.75817588471,2.348934575364,
    1.045906183841));
#1829 = CARTESIAN_POINT('',(-11.40787620121,-6.176460732449,
    1.189093812393));
#1830 = CARTESIAN_POINT('',(-5.003881560484,-11.0200038668,1.33227050143
    ));
#1831 = CARTESIAN_POINT('',(2.075049705477,-10.77450491357,
    1.475455811816));
#1832 = CARTESIAN_POINT('',(6.821428511552,-6.88259157682,1.618635863233
    ));
#1833 = CARTESIAN_POINT('',(8.198273124608,-1.885724674778,
    1.761818291378));
#1834 = CARTESIAN_POINT('',(5.524140924154,6.344407279177,2.048181706193
    ));
#1835 = CARTESIAN_POINT('',(1.473166855599,9.57766892738,2.191364133926)
  );
#1836 = CARTESIAN_POINT('',(-4.654347882589,9.936440271659,
    2.334544186899));
#1837 = CARTESIAN_POINT('',(-10.52561452036,5.974164858564,
    2.477729493591));
#1838 = CARTESIAN_POINT('',(-12.85960700859,-1.708523629876,
    2.620906189253));
#1839 = CARTESIAN_POINT('',(-8.940903670717,-9.399390844282,
    2.76409380826));
#1840 = CARTESIAN_POINT('',(-1.353605689532,-12.02693092642,
    2.907270503995));
#1841 = CARTESIAN_POINT('',(5.302994667126,-9.605937485094,
    3.050455810572));
#1842 = CARTESIAN_POINT('',(8.614401799337,-4.437796232028,
    3.193635863663));
#1843 = CARTESIAN_POINT('',(8.379742048676,0.739974980125,3.336818291305
    ));
#1844 = CARTESIAN_POINT('',(3.293240554381,7.740943309787,3.623181706229
    ));
#1845 = CARTESIAN_POINT('',(-1.558597527497,9.564138038215,
    3.766364133869));
#1846 = CARTESIAN_POINT('',(-7.497076790325,8.011843675711,
    3.909544186971));
#1847 = CARTESIAN_POINT('',(-11.85657274613,2.429174655097,
    4.052729493516));
#1848 = CARTESIAN_POINT('',(-11.70225020558,-5.598739638049,
    4.195906189317));
#1849 = CARTESIAN_POINT('',(-5.598733189945,-11.702243091,4.339093808216
    ));
#1850 = CARTESIAN_POINT('',(2.429170534911,-11.85657819034,4.48227050402
    ));
#1851 = CARTESIAN_POINT('',(8.011845563848,-7.497073967104,
    4.625455810561));
#1852 = CARTESIAN_POINT('',(9.564137418514,-1.558598472091,
    4.768635863666));
#1853 = CARTESIAN_POINT('',(7.740943435994,3.293240728263,4.911818291304
    ));
#1854 = CARTESIAN_POINT('',(0.739974853756,8.379741874913,5.19818170623)
  );
#1855 = CARTESIAN_POINT('',(-4.437795525172,8.614402680607,
    5.341364133866));
#1856 = CARTESIAN_POINT('',(-9.605939586649,5.302991998965,5.48454418698
    ));
#1857 = CARTESIAN_POINT('',(-12.02692702191,-1.35360008862,
    5.627729493496));
#1858 = CARTESIAN_POINT('',(-9.399395618032,-8.9409120018,5.770906189349
    ));
#1859 = CARTESIAN_POINT('',(-1.708519695932,-12.85959824958,
    5.914093808177));
#1860 = CARTESIAN_POINT('',(5.974162622414,-10.5256209714,6.057270504055
    ));
#1861 = CARTESIAN_POINT('',(9.936441194951,-4.654344614012,
    6.200455810538));
#1862 = CARTESIAN_POINT('',(9.577668629907,1.473165765686,6.343635863676
    ));
#1863 = CARTESIAN_POINT('',(6.344407345474,5.52414112856,6.486818291302)
  );
#1864 = CARTESIAN_POINT('',(-1.885724741267,8.198272920228,
    6.773181706233));
#1865 = CARTESIAN_POINT('',(-6.882591176883,6.82142956854,6.916364133855
    ));
#1866 = CARTESIAN_POINT('',(-10.77450608777,2.075046517269,
    7.059544187003));
#1867 = CARTESIAN_POINT('',(-11.02000188415,-5.003875024628,
    7.202729493465));
#1868 = CARTESIAN_POINT('',(-6.176462698099,-11.40788560374,
    7.345906189375));
#1869 = CARTESIAN_POINT('',(2.348935610016,-12.75816633348,
    7.489093808166));
#1870 = CARTESIAN_POINT('',(8.934362047905,-8.164342635409,
    7.632270504051));
#1871 = CARTESIAN_POINT('',(10.888388730676,-1.356015581397,
    7.775455810548));
#1872 = CARTESIAN_POINT('',(8.653670904254,4.360726274173,7.918635863669
    ));
#1873 = CARTESIAN_POINT('',(4.326836459894,7.21430010624,8.061818291305)
  );
#1874 = CARTESIAN_POINT('',(-4.326836459993,7.214299891384,
    8.348181706227));
#1875 = CARTESIAN_POINT('',(-8.653670850392,4.360727402616,
    8.491364133883));
#1876 = CARTESIAN_POINT('',(-10.88838886256,-1.356018975249,
    8.634544186936));
#1877 = CARTESIAN_POINT('',(-8.93436218122,-8.164335809161,
    8.777729493572));
#1878 = CARTESIAN_POINT('',(-2.348934575173,-12.7581758794,
    8.920906189253));
#1879 = CARTESIAN_POINT('',(6.176460732314,-11.40787620527,
    9.064093808269));
#1880 = CARTESIAN_POINT('',(11.020003866881,-5.003881557963,
    9.207270503989));
#1881 = CARTESIAN_POINT('',(10.774504913534,2.075049704254,
    9.350455810572));
#1882 = CARTESIAN_POINT('',(6.882591576833,6.821428511973,9.493635863665
    ));
#1883 = CARTESIAN_POINT('',(1.885724674775,8.198273124536,9.636818291302
    ));
#1884 = CARTESIAN_POINT('',(-6.344407279176,5.524140924191,
    9.923181706235));
#1885 = CARTESIAN_POINT('',(-9.57766892738,1.473166855543,
    10.066364133838));
#1886 = CARTESIAN_POINT('',(-9.936440271658,-4.654347882524,
    10.20954418705));
#1887 = CARTESIAN_POINT('',(-5.974164858565,-10.52561452041,
    10.352729493382));
#1888 = CARTESIAN_POINT('',(1.708523629878,-12.85960700857,
    10.495906189481));
#1889 = CARTESIAN_POINT('',(9.399390844273,-8.940903670709,
    10.639093808073));
#1890 = CARTESIAN_POINT('',(12.026930926449,-1.353605689561,
    10.7822705041));
#1891 = CARTESIAN_POINT('',(9.605937485062,5.30299466716,10.925455810546
    ));
#1892 = CARTESIAN_POINT('',(4.437796232063,8.614401799308,
    11.068635863643));
#1893 = CARTESIAN_POINT('',(-0.739974980151,8.379742048696,
    11.211818291333));
#1894 = CARTESIAN_POINT('',(-7.740943309731,3.293240554339,
    11.498181706162));
#1895 = CARTESIAN_POINT('',(-9.564138038551,-1.558597527242,
    11.641364134278));
#1896 = CARTESIAN_POINT('',(-8.01184367473,-7.497076791072,
    11.78454418577));
#1897 = CARTESIAN_POINT('',(-2.429174657123,-11.85657274458,
    11.927729496016));
#1898 = CARTESIAN_POINT('',(5.598739641314,-11.70225020808,
    12.070906185251));
#1899 = CARTESIAN_POINT('',(11.702243086729,-5.598733186666,
    12.214093813587));
#1900 = CARTESIAN_POINT('',(11.85657819497,2.429170531362,
    12.357270498156));
#1901 = CARTESIAN_POINT('',(7.497073962936,8.011845567043,
    12.500455815884));
#1902 = CARTESIAN_POINT('',(1.558598475218,9.564137416124,
    12.643635859655));
#1903 = CARTESIAN_POINT('',(-3.293240730193,7.740943437467,
    12.786818293786));
#1904 = CARTESIAN_POINT('',(-5.836491300631,4.240459144146,
    12.929999997535));
#1905 = CARTESIAN_POINT('',(7.2143,-4.440892098501E-15,-0.33));
#1906 = CARTESIAN_POINT('',(7.214300111018,4.32683646146,-0.186818296259
    ));
#1907 = CARTESIAN_POINT('',(4.360726271579,8.65367090709,
    -4.36358621009E-02));
#1908 = CARTESIAN_POINT('',(-1.356015576697,10.888388734361,
    9.954418160397E-02));
#1909 = CARTESIAN_POINT('',(-8.164342644054,8.93436205071,0.242729499457
    ));
#1910 = CARTESIAN_POINT('',(-12.75816633235,2.348935610685,0.38590618384
    ));
#1911 = CARTESIAN_POINT('',(-11.40788561158,-6.176462700262,
    0.529093812394));
#1912 = CARTESIAN_POINT('',(-5.003875023612,-11.02000188787,
    0.672270501429));
#1913 = CARTESIAN_POINT('',(2.075046516832,-10.77450609131,
    0.815455811816));
#1914 = CARTESIAN_POINT('',(6.821429571305,-6.882591179096,
    0.958635863233));
#1915 = CARTESIAN_POINT('',(8.198272922893,-1.885724741803,
    1.101818291378));
#1916 = CARTESIAN_POINT('',(5.524141130362,6.344407347638,1.388181706193
    ));
#1917 = CARTESIAN_POINT('',(1.473165766003,9.577668633096,1.531364133926
    ));
#1918 = CARTESIAN_POINT('',(-4.654344615561,9.936441198209,
    1.674544186899));
#1919 = CARTESIAN_POINT('',(-10.52562097508,5.974162624251,
    1.817729493591));
#1920 = CARTESIAN_POINT('',(-12.8595982537,-1.708519696588,
    1.960906189253));
#1921 = CARTESIAN_POINT('',(-8.940912004774,-9.3993956213,2.104093808261
    ));
#1922 = CARTESIAN_POINT('',(-1.353600088867,-12.02692702587,
    2.247270503995));
#1923 = CARTESIAN_POINT('',(5.302992000792,-9.605939589801,
    2.390455810572));
#1924 = CARTESIAN_POINT('',(8.614402683523,-4.437795526543,
    2.533635863662));
#1925 = CARTESIAN_POINT('',(8.379741877682,0.73997485409,2.676818291305)
  );
#1926 = CARTESIAN_POINT('',(3.293240729273,7.740943438598,2.963181706229
    ));
#1927 = CARTESIAN_POINT('',(-1.558598472717,9.564137421666,
    3.106364133869));
#1928 = CARTESIAN_POINT('',(-7.497073969659,8.011845566431,3.24954418697
    ));
#1929 = CARTESIAN_POINT('',(-11.85657819433,2.429170535574,
    3.392729493518));
#1930 = CARTESIAN_POINT('',(-11.70224309478,-5.598733191904,
    3.535906189314));
#1931 = CARTESIAN_POINT('',(-5.598739639813,-11.70225020955,
    3.679093808219));
#1932 = CARTESIAN_POINT('',(2.429174656053,-11.85657275001,
    3.822270504018));
#1933 = CARTESIAN_POINT('',(8.011843678437,-7.497076792736,
    3.965455810562));
#1934 = CARTESIAN_POINT('',(9.564138041407,-1.558597527908,
    4.108635863666));
#1935 = CARTESIAN_POINT('',(7.740943312318,3.293240555556,4.251818291304
    ));
#1936 = CARTESIAN_POINT('',(0.739974980282,8.379742051463,4.53818170623)
  );
#1937 = CARTESIAN_POINT('',(-4.437796233603,8.614401802147,
    4.681364133866));
#1938 = CARTESIAN_POINT('',(-9.605937488305,5.302994668775,4.82454418698
    ));
#1939 = CARTESIAN_POINT('',(-12.02693093046,-1.353605690093,
    4.967729493496));
#1940 = CARTESIAN_POINT('',(-9.399390847224,-8.940903673819,
    5.11090618935));
#1941 = CARTESIAN_POINT('',(-1.708523630376,-12.85960701281,
    5.254093808176));
#1942 = CARTESIAN_POINT('',(5.974164860705,-10.52561452386,
    5.397270504055));
#1943 = CARTESIAN_POINT('',(9.936440274984,-4.654347883951,
    5.540455810538));
#1944 = CARTESIAN_POINT('',(9.577668930544,1.473166856132,5.683635863677
    ));
#1945 = CARTESIAN_POINT('',(6.344407281221,5.524140926091,5.826818291301
    ));
#1946 = CARTESIAN_POINT('',(-1.885724675492,8.198273127233,
    6.113181706233));
#1947 = CARTESIAN_POINT('',(-6.882591579173,6.821428514166,
    6.256364133854));
#1948 = CARTESIAN_POINT('',(-10.77450491717,2.07504970482,6.399544187004
    ));
#1949 = CARTESIAN_POINT('',(-11.0200038704,-5.003881559739,
    6.542729493465));
#1950 = CARTESIAN_POINT('',(-6.176460734334,-11.40787620911,
    6.685906189376));
#1951 = CARTESIAN_POINT('',(2.348934576175,-12.75817588362,
    6.829093808166));
#1952 = CARTESIAN_POINT('',(8.934362184215,-8.16433581176,6.972270504051
    ));
#1953 = CARTESIAN_POINT('',(10.888388866217,-1.356018975588,
    7.115455810547));
#1954 = CARTESIAN_POINT('',(8.653670853207,4.360727404158,7.258635863669
    ));
#1955 = CARTESIAN_POINT('',(4.326836461351,7.214299893822,7.401818291305
    ));
#1956 = CARTESIAN_POINT('',(-4.326836461405,7.214300108589,
    7.688181706227));
#1957 = CARTESIAN_POINT('',(-8.653670907182,4.360726275505,
    7.831364133883));
#1958 = CARTESIAN_POINT('',(-10.88838873423,-1.356015581912,
    7.974544186935));
#1959 = CARTESIAN_POINT('',(-8.934362050848,-8.164342638299,
    8.117729493575));
#1960 = CARTESIAN_POINT('',(-2.348935610569,-12.75816633763,
    8.260906189249));
#1961 = CARTESIAN_POINT('',(6.17646270019,-11.40788560755,8.404093808273
    ));
#1962 = CARTESIAN_POINT('',(11.020001887911,-5.003875026107,
    8.547270503985));
#1963 = CARTESIAN_POINT('',(10.774506091302,2.075046518044,
    8.690455810574));
#1964 = CARTESIAN_POINT('',(6.8825911791,6.821429570884,8.833635863664)
  );
#1965 = CARTESIAN_POINT('',(1.885724741802,8.198272922967,8.976818291303
    ));
#1966 = CARTESIAN_POINT('',(-6.344407347638,5.52414113032,9.263181706235
    ));
#1967 = CARTESIAN_POINT('',(-9.577668633088,1.473165766093,9.40636413384
    ));
#1968 = CARTESIAN_POINT('',(-9.936441198233,-4.654344615716,
    9.549544187045));
#1969 = CARTESIAN_POINT('',(-5.974162624209,-10.52562097487,
    9.692729493391));
#1970 = CARTESIAN_POINT('',(1.70851969654,-12.85959825392,9.835906189469
    ));
#1971 = CARTESIAN_POINT('',(9.399395621342,-8.940912004599,
    9.979093808085));
#1972 = CARTESIAN_POINT('',(12.026927025838,-1.353600088965,
    10.122270504091));
#1973 = CARTESIAN_POINT('',(9.605939589837,5.302992000823,
    10.265455810551));
#1974 = CARTESIAN_POINT('',(4.437795526508,8.614402683527,
    10.408635863641));
#1975 = CARTESIAN_POINT('',(-0.739974854063,8.379741877668,
    10.551818291334));
#1976 = CARTESIAN_POINT('',(-7.740943438656,3.293240729307,
    10.838181706162));
#1977 = CARTESIAN_POINT('',(-9.564137421319,-1.558598472928,
    10.981364134278));
#1978 = CARTESIAN_POINT('',(-8.01184556744,-7.497073969036,
    11.12454418577));
#1979 = CARTESIAN_POINT('',(-2.429170533497,-11.85657819564,
    11.267729496016));
#1980 = CARTESIAN_POINT('',(5.598733188565,-11.70224309264,
    11.410906185252));
#1981 = CARTESIAN_POINT('',(11.70225021392,-5.598739642653,
    11.554093813585));
#1982 = CARTESIAN_POINT('',(11.856572745275,2.429174659165,
    11.697270498158));
#1983 = CARTESIAN_POINT('',(7.497076797026,8.011843675604,
    11.840455815883));
#1984 = CARTESIAN_POINT('',(1.55859752468,9.564138043545,11.983635859655
    ));
#1985 = CARTESIAN_POINT('',(-3.293240553561,7.740943310995,
    12.126818293786));
#1986 = CARTESIAN_POINT('',(-5.836491304499,4.240459146956,
    12.269999997535));
#1987 = DEFINITIONAL_REPRESENTATION('',(#1988),#1991);
#1988 = B_SPLINE_CURVE_WITH_KNOTS('',1,(#1989,#1990),.UNSPECIFIED.,.F.,
  .F.,(2,2),(0.,54.261930910754),.PIECEWISE_BEZIER_KNOTS.);
#1989 = CARTESIAN_POINT('',(0.66,0.));
#1990 = CARTESIAN_POINT('',(0.66,54.261930910754));
#1991 = ( GEOMETRIC_REPRESENTATION_CONTEXT(2) 
PARAMETRIC_REPRESENTATION_CONTEXT() REPRESENTATION_CONTEXT('2D SPACE',''
  ) );
#1992 = ORIENTED_EDGE('',*,*,#1993,.T.);
#1993 = EDGE_CURVE('',#1561,#1994,#1996,.T.);
#1994 = VERTEX_POINT('',#1995);
#1995 = CARTESIAN_POINT('',(8.0243,-1.265654248073E-14,2.22044604925E-16
    ));
#1996 = SURFACE_CURVE('',#1997,(#2000,#2007),.PCURVE_S1.);
#1997 = B_SPLINE_CURVE_WITH_KNOTS('',1,(#1998,#1999),.UNSPECIFIED.,.F.,
  .F.,(2,2),(0.,0.874642784227),.PIECEWISE_BEZIER_KNOTS.);
#1998 = CARTESIAN_POINT('',(7.2143,-3.552713678801E-15,-0.33));
#1999 = CARTESIAN_POINT('',(8.0243,1.110223024625E-15,0.));
#2000 = PCURVE('',#1650,#2001);
#2001 = DEFINITIONAL_REPRESENTATION('',(#2002),#2006);
#2002 = LINE('',#2003,#2004);
#2003 = CARTESIAN_POINT('',(0.,0.));
#2004 = VECTOR('',#2005,1.);
#2005 = DIRECTION('',(1.,0.));
#2006 = ( GEOMETRIC_REPRESENTATION_CONTEXT(2) 
PARAMETRIC_REPRESENTATION_CONTEXT() REPRESENTATION_CONTEXT('2D SPACE',''
  ) );
#2007 = PCURVE('',#2008,#2013);
#2008 = PLANE('',#2009);
#2009 = AXIS2_PLACEMENT_3D('',#2010,#2011,#2012);
#2010 = CARTESIAN_POINT('',(7.508354247658,-3.04927873653E-15,
    3.225670412065E-16));
#2011 = DIRECTION('',(-5.279394159472E-15,-1.,7.387393638688E-15));
#2012 = DIRECTION('',(0.,-7.387393638688E-15,-1.));
#2013 = DEFINITIONAL_REPRESENTATION('',(#2014),#2017);
#2014 = B_SPLINE_CURVE_WITH_KNOTS('',1,(#2015,#2016),.UNSPECIFIED.,.F.,
  .F.,(2,2),(0.,0.874642784227),.PIECEWISE_BEZIER_KNOTS.);
#2015 = CARTESIAN_POINT('',(0.33,-0.294054247658));
#2016 = CARTESIAN_POINT('',(3.225670412065E-16,0.515945752342));
#2017 = ( GEOMETRIC_REPRESENTATION_CONTEXT(2) 
PARAMETRIC_REPRESENTATION_CONTEXT() REPRESENTATION_CONTEXT('2D SPACE',''
  ) );
#2018 = ORIENTED_EDGE('',*,*,#2019,.T.);
#2019 = EDGE_CURVE('',#1994,#2020,#2022,.T.);
#2020 = VERTEX_POINT('',#2021);
#2021 = CARTESIAN_POINT('',(-6.4917950679,4.716565200058,12.600000003404
    ));
#2022 = SURFACE_CURVE('',#2023,(#2106,#2113),.PCURVE_S1.);
#2023 = B_SPLINE_CURVE_WITH_KNOTS('',11,(#2024,#2025,#2026,#2027,#2028,
    #2029,#2030,#2031,#2032,#2033,#2034,#2035,#2036,#2037,#2038,#2039,
    #2040,#2041,#2042,#2043,#2044,#2045,#2046,#2047,#2048,#2049,#2050,
    #2051,#2052,#2053,#2054,#2055,#2056,#2057,#2058,#2059,#2060,#2061,
    #2062,#2063,#2064,#2065,#2066,#2067,#2068,#2069,#2070,#2071,#2072,
    #2073,#2074,#2075,#2076,#2077,#2078,#2079,#2080,#2081,#2082,#2083,
    #2084,#2085,#2086,#2087,#2088,#2089,#2090,#2091,#2092,#2093,#2094,
    #2095,#2096,#2097,#2098,#2099,#2100,#2101,#2102,#2103,#2104,#2105),
  .UNSPECIFIED.,.F.,.F.,(12,10,10,10,10,10,10,10,12),(0.,6.782741363844,
    13.565482727689,20.348224091533,27.130965455377,33.913706819221,
    40.696448183066,47.47918954691,54.261930910754),.UNSPECIFIED.);
#2024 = CARTESIAN_POINT('',(8.0243,1.110223024625E-15,0.));
#2025 = CARTESIAN_POINT('',(8.024299999998,4.812645660926,0.143181976219
    ));
#2026 = CARTESIAN_POINT('',(4.850337946917,9.625250672165,0.286362943768
    ));
#2027 = CARTESIAN_POINT('',(-1.508275840593,12.110989628138,
    0.429547212416));
#2028 = CARTESIAN_POINT('',(-9.080984487763,9.93731972113,0.572724197721
    ));
#2029 = CARTESIAN_POINT('',(-14.1906549235,2.612894171166,0.715913105432
    ));
#2030 = CARTESIAN_POINT('',(-12.68868613204,-6.870163560407,
    0.859086899767));
#2031 = CARTESIAN_POINT('',(-5.565728799404,-12.25713120748,
    1.002275801057));
#2032 = CARTESIAN_POINT('',(2.30804604719,-11.98431847174,1.145452796668
    ));
#2033 = CARTESIAN_POINT('',(7.587311543275,-7.655320518646,1.28863705467
    ));
#2034 = CARTESIAN_POINT('',(9.118752100863,-2.097452948695,
    1.431818030521));
#2035 = CARTESIAN_POINT('',(6.144373506563,7.056743084514,1.718181972833
    ));
#2036 = CARTESIAN_POINT('',(1.638579477848,10.652994226616,
    1.861362949255));
#2037 = CARTESIAN_POINT('',(-5.176957180375,11.052152737923,
    2.004547205103));
#2038 = CARTESIAN_POINT('',(-11.70733014382,6.644774142625,
    2.147724205824));
#2039 = CARTESIAN_POINT('',(-14.30354353887,-1.900143504511,
    2.290913097953));
#2040 = CARTESIAN_POINT('',(-9.944660334833,-10.45493347346,
    2.43408690548));
#2041 = CARTESIAN_POINT('',(-1.505660797183,-13.3771292909,2.57727579751
    ));
#2042 = CARTESIAN_POINT('',(5.898440306845,-10.6845387236,2.72045279839)
  );
#2043 = CARTESIAN_POINT('',(9.581586222046,-4.936034255072,
    2.863637054076));
#2044 = CARTESIAN_POINT('',(9.320597212054,0.823053072177,3.006818030622
    ));
#2045 = CARTESIAN_POINT('',(3.662992923915,8.610077327664,3.293181972783
    ));
#2046 = CARTESIAN_POINT('',(-1.733574567123,10.637948482567,
    3.436362949337));
#2047 = CARTESIAN_POINT('',(-8.338881881438,8.911454132601,
    3.579547204993));
#2048 = CARTESIAN_POINT('',(-13.18768075552,2.701791774458,
    3.722724205947));
#2049 = CARTESIAN_POINT('',(-13.01630165416,-6.227181895158,
    3.865913097839));
#2050 = CARTESIAN_POINT('',(-6.227181895372,-13.01630165411,
    4.009086905567));
#2051 = CARTESIAN_POINT('',(2.701791774311,-13.18768075553,
    4.152275797458));
#2052 = CARTESIAN_POINT('',(8.911454132474,-8.338881881571,
    4.295452798414));
#2053 = CARTESIAN_POINT('',(10.637948482549,-1.733574567261,
    4.438637054068));
#2054 = CARTESIAN_POINT('',(8.610077327712,3.662992923799,4.581818030624
    ));
#2055 = CARTESIAN_POINT('',(0.823053072302,9.320597212045,4.868181972782
    ));
#2056 = CARTESIAN_POINT('',(-4.93603425495,9.581586222104,5.01136294934)
  );
#2057 = CARTESIAN_POINT('',(-10.6845387235,5.898440307011,5.154547204987
    ));
#2058 = CARTESIAN_POINT('',(-13.37712929096,-1.505660797044,
    5.297724205954));
#2059 = CARTESIAN_POINT('',(-10.45493347353,-9.944660334644,
    5.440913097832));
#2060 = CARTESIAN_POINT('',(-1.900143504763,-14.30354353888,
    5.584086905571));
#2061 = CARTESIAN_POINT('',(6.644774142511,-11.70733014388,
    5.727275797455));
#2062 = CARTESIAN_POINT('',(11.052152737835,-5.176957180533,
    5.870452798417));
#2063 = CARTESIAN_POINT('',(10.652994226641,1.638579477708,
    6.013637054066));
#2064 = CARTESIAN_POINT('',(7.056743084598,6.144373506469,6.156818030625
    ));
#2065 = CARTESIAN_POINT('',(-2.097452948578,9.11875210089,6.443181972781
    ));
#2066 = CARTESIAN_POINT('',(-7.655320518511,7.587311543384,
    6.586362949339));
#2067 = CARTESIAN_POINT('',(-11.98431847181,2.308046047333,
    6.729547204994));
#2068 = CARTESIAN_POINT('',(-12.25713120737,-5.565728799211,
    6.87272420594));
#2069 = CARTESIAN_POINT('',(-6.870163560845,-12.68868613199,
    7.015913097851));
#2070 = CARTESIAN_POINT('',(2.61289417129,-14.19065492349,7.159086905557
    ));
#2071 = CARTESIAN_POINT('',(9.937319720702,-9.080984487935,
    7.302275797461));
#2072 = CARTESIAN_POINT('',(12.110989628372,-1.508275840718,
    7.445452798415));
#2073 = CARTESIAN_POINT('',(9.625250672048,4.850337946757,7.588637054066
    ));
#2074 = CARTESIAN_POINT('',(4.812645661142,8.024299999955,7.731818030624
    ));
#2075 = CARTESIAN_POINT('',(-4.812645661034,8.024300000022,
    8.018181972783));
#2076 = CARTESIAN_POINT('',(-9.625250671989,4.850337946874,
    8.161362949338));
#2077 = CARTESIAN_POINT('',(-12.11098962837,-1.508275840525,
    8.304547204987));
#2078 = CARTESIAN_POINT('',(-9.937319720862,-9.080984487855,
    8.447724205959));
#2079 = CARTESIAN_POINT('',(-2.612894171424,-14.1906549234,
    8.590913097824));
#2080 = CARTESIAN_POINT('',(6.870163560614,-12.68868613213,
    8.734086905579));
#2081 = CARTESIAN_POINT('',(12.257131207348,-5.565728799345,
    8.877275797452));
#2082 = CARTESIAN_POINT('',(11.984318471812,2.308046047161,
    9.020452798415));
#2083 = CARTESIAN_POINT('',(7.655320518625,7.587311543283,9.163637054068
    ));
#2084 = CARTESIAN_POINT('',(2.097452948697,9.118752100863,9.306818030624
    ));
#2085 = CARTESIAN_POINT('',(-7.056743084514,6.144373506562,
    9.593181972781));
#2086 = CARTESIAN_POINT('',(-10.65299422661,1.638579477861,
    9.736362949336));
#2087 = CARTESIAN_POINT('',(-11.05215273791,-5.176957180414,
    9.879547205013));
#2088 = CARTESIAN_POINT('',(-6.644774142638,-11.70733014375,
    10.022724205887));
#2089 = CARTESIAN_POINT('',(1.900143504524,-14.30354353897,
    10.165913097946));
#2090 = CARTESIAN_POINT('',(10.454933473455,-9.94466033473,
    10.309086905431));
#2091 = CARTESIAN_POINT('',(13.377129290907,-1.505660797259,
    10.452275797593));
#2092 = CARTESIAN_POINT('',(10.684538723607,5.898440306885,
    10.595452798303));
#2093 = CARTESIAN_POINT('',(4.93603425507,9.581586222033,10.738637054146
    ));
#2094 = CARTESIAN_POINT('',(-0.823053072177,9.320597212056,
    10.881818030575));
#2095 = CARTESIAN_POINT('',(-8.610077327663,3.662992923916,
    11.168181972883));
#2096 = CARTESIAN_POINT('',(-10.63794848257,-1.733574567132,
    11.311362948735));
#2097 = CARTESIAN_POINT('',(-8.911454132571,-8.33888188141,
    11.454547206746));
#2098 = CARTESIAN_POINT('',(-2.701791774521,-13.18768075558,
    11.597724202328));
#2099 = CARTESIAN_POINT('',(6.227181895259,-13.01630165405,
    11.740913103666));
#2100 = CARTESIAN_POINT('',(13.016301653992,-6.22718189553,
    11.88408689795));
#2101 = CARTESIAN_POINT('',(13.187680755657,2.701791774502,
    12.027275805695));
#2102 = CARTESIAN_POINT('',(8.338881881468,8.911454132283,
    12.170452790991));
#2103 = CARTESIAN_POINT('',(1.733574567335,10.637948482704,
    12.313637059632));
#2104 = CARTESIAN_POINT('',(-3.662992923844,8.610077327612,
    12.456818027191));
#2105 = CARTESIAN_POINT('',(-6.4917950679,4.716565200058,12.600000003404
    ));
#2106 = PCURVE('',#1650,#2107);
#2107 = DEFINITIONAL_REPRESENTATION('',(#2108),#2112);
#2108 = LINE('',#2109,#2110);
#2109 = CARTESIAN_POINT('',(0.874642784227,0.));
#2110 = VECTOR('',#2111,1.);
#2111 = DIRECTION('',(0.,1.));
#2112 = ( GEOMETRIC_REPRESENTATION_CONTEXT(2) 
PARAMETRIC_REPRESENTATION_CONTEXT() REPRESENTATION_CONTEXT('2D SPACE',''
  ) );
#2113 = PCURVE('',#2114,#2279);
#2114 = B_SPLINE_SURFACE_WITH_KNOTS('',1,11,(
    (#2115,#2116,#2117,#2118,#2119,#2120,#2121,#2122,#2123,#2124,#2125
      ,#2126,#2127,#2128,#2129,#2130,#2131,#2132,#2133,#2134,#2135,#2136
      ,#2137,#2138,#2139,#2140,#2141,#2142,#2143,#2144,#2145,#2146,#2147
      ,#2148,#2149,#2150,#2151,#2152,#2153,#2154,#2155,#2156,#2157,#2158
      ,#2159,#2160,#2161,#2162,#2163,#2164,#2165,#2166,#2167,#2168,#2169
      ,#2170,#2171,#2172,#2173,#2174,#2175,#2176,#2177,#2178,#2179,#2180
      ,#2181,#2182,#2183,#2184,#2185,#2186,#2187,#2188,#2189,#2190,#2191
      ,#2192,#2193,#2194,#2195,#2196)
    ,(#2197,#2198,#2199,#2200,#2201,#2202,#2203,#2204,#2205,#2206,#2207
      ,#2208,#2209,#2210,#2211,#2212,#2213,#2214,#2215,#2216,#2217,#2218
      ,#2219,#2220,#2221,#2222,#2223,#2224,#2225,#2226,#2227,#2228,#2229
      ,#2230,#2231,#2232,#2233,#2234,#2235,#2236,#2237,#2238,#2239,#2240
      ,#2241,#2242,#2243,#2244,#2245,#2246,#2247,#2248,#2249,#2250,#2251
      ,#2252,#2253,#2254,#2255,#2256,#2257,#2258,#2259,#2260,#2261,#2262
      ,#2263,#2264,#2265,#2266,#2267,#2268,#2269,#2270,#2271,#2272,#2273
      ,#2274,#2275,#2276,#2277,#2278
    )),.UNSPECIFIED.,.F.,.F.,.F.,(2,2),(12,10,10,10,10,10,10,10,12),(0.,
    0.874642784227),(0.,6.782741363844,13.565482727689,20.348224091533,
    27.130965455377,33.913706819221,40.696448183066,47.47918954691,
    54.261930910754),.UNSPECIFIED.);
#2115 = CARTESIAN_POINT('',(8.0243,-1.265654248073E-14,2.22044604925E-16
    ));
#2116 = CARTESIAN_POINT('',(8.024299999998,4.812645660925,0.143181976219
    ));
#2117 = CARTESIAN_POINT('',(4.850337946918,9.625250672165,0.286362943767
    ));
#2118 = CARTESIAN_POINT('',(-1.508275840594,12.110989628137,
    0.429547212416));
#2119 = CARTESIAN_POINT('',(-9.080984487761,9.93731972113,0.572724197721
    ));
#2120 = CARTESIAN_POINT('',(-14.1906549235,2.612894171166,0.715913105433
    ));
#2121 = CARTESIAN_POINT('',(-12.68868613204,-6.870163560407,
    0.859086899767));
#2122 = CARTESIAN_POINT('',(-5.565728799406,-12.25713120748,
    1.002275801058));
#2123 = CARTESIAN_POINT('',(2.308046047191,-11.98431847174,
    1.145452796668));
#2124 = CARTESIAN_POINT('',(7.587311543274,-7.655320518646,1.28863705467
    ));
#2125 = CARTESIAN_POINT('',(9.118752100863,-2.097452948695,
    1.431818030521));
#2126 = CARTESIAN_POINT('',(6.144373506563,7.056743084514,1.718181972834
    ));
#2127 = CARTESIAN_POINT('',(1.638579477849,10.652994226616,
    1.861362949254));
#2128 = CARTESIAN_POINT('',(-5.176957180376,11.052152737923,
    2.004547205103));
#2129 = CARTESIAN_POINT('',(-11.70733014382,6.644774142625,
    2.147724205823));
#2130 = CARTESIAN_POINT('',(-14.30354353887,-1.900143504509,
    2.290913097954));
#2131 = CARTESIAN_POINT('',(-9.944660334833,-10.45493347346,
    2.43408690548));
#2132 = CARTESIAN_POINT('',(-1.505660797183,-13.3771292909,2.57727579751
    ));
#2133 = CARTESIAN_POINT('',(5.898440306845,-10.6845387236,2.72045279839)
  );
#2134 = CARTESIAN_POINT('',(9.581586222047,-4.936034255072,
    2.863637054076));
#2135 = CARTESIAN_POINT('',(9.320597212054,0.823053072177,3.006818030622
    ));
#2136 = CARTESIAN_POINT('',(3.662992923915,8.610077327664,3.293181972783
    ));
#2137 = CARTESIAN_POINT('',(-1.733574567123,10.637948482566,
    3.436362949337));
#2138 = CARTESIAN_POINT('',(-8.338881881438,8.911454132602,
    3.579547204992));
#2139 = CARTESIAN_POINT('',(-13.18768075552,2.701791774456,
    3.722724205948));
#2140 = CARTESIAN_POINT('',(-13.01630165416,-6.227181895157,
    3.865913097838));
#2141 = CARTESIAN_POINT('',(-6.227181895371,-13.01630165411,
    4.009086905569));
#2142 = CARTESIAN_POINT('',(2.70179177431,-13.18768075553,4.152275797456
    ));
#2143 = CARTESIAN_POINT('',(8.911454132474,-8.338881881572,
    4.295452798415));
#2144 = CARTESIAN_POINT('',(10.637948482549,-1.733574567261,
    4.438637054067));
#2145 = CARTESIAN_POINT('',(8.610077327712,3.662992923799,4.581818030624
    ));
#2146 = CARTESIAN_POINT('',(0.823053072302,9.320597212045,4.868181972782
    ));
#2147 = CARTESIAN_POINT('',(-4.93603425495,9.581586222104,5.01136294934)
  );
#2148 = CARTESIAN_POINT('',(-10.6845387235,5.898440307012,5.154547204988
    ));
#2149 = CARTESIAN_POINT('',(-13.37712929097,-1.505660797047,
    5.297724205953));
#2150 = CARTESIAN_POINT('',(-10.45493347353,-9.944660334641,
    5.440913097834));
#2151 = CARTESIAN_POINT('',(-1.900143504764,-14.30354353889,
    5.58408690557));
#2152 = CARTESIAN_POINT('',(6.644774142512,-11.70733014388,
    5.727275797456));
#2153 = CARTESIAN_POINT('',(11.052152737835,-5.176957180535,
    5.870452798416));
#2154 = CARTESIAN_POINT('',(10.652994226641,1.638579477709,
    6.013637054066));
#2155 = CARTESIAN_POINT('',(7.056743084598,6.144373506469,6.156818030624
    ));
#2156 = CARTESIAN_POINT('',(-2.097452948578,9.118752100891,
    6.443181972781));
#2157 = CARTESIAN_POINT('',(-7.655320518512,7.587311543383,
    6.586362949339));
#2158 = CARTESIAN_POINT('',(-11.9843184718,2.308046047334,6.729547204994
    ));
#2159 = CARTESIAN_POINT('',(-12.25713120737,-5.565728799213,
    6.872724205939));
#2160 = CARTESIAN_POINT('',(-6.870163560841,-12.68868613198,
    7.015913097853));
#2161 = CARTESIAN_POINT('',(2.612894171287,-14.1906549235,7.159086905555
    ));
#2162 = CARTESIAN_POINT('',(9.937319720705,-9.080984487934,
    7.302275797463));
#2163 = CARTESIAN_POINT('',(12.11098962837,-1.508275840718,
    7.445452798414));
#2164 = CARTESIAN_POINT('',(9.625250672049,4.850337946758,7.588637054067
    ));
#2165 = CARTESIAN_POINT('',(4.812645661142,8.024299999955,7.731818030624
    ));
#2166 = CARTESIAN_POINT('',(-4.812645661034,8.024300000022,
    8.018181972783));
#2167 = CARTESIAN_POINT('',(-9.625250671989,4.850337946874,
    8.161362949337));
#2168 = CARTESIAN_POINT('',(-12.11098962837,-1.508275840526,
    8.30454720499));
#2169 = CARTESIAN_POINT('',(-9.937319720862,-9.080984487853,
    8.447724205955));
#2170 = CARTESIAN_POINT('',(-2.612894171424,-14.1906549234,
    8.590913097829));
#2171 = CARTESIAN_POINT('',(6.870163560613,-12.68868613213,
    8.734086905574));
#2172 = CARTESIAN_POINT('',(12.257131207348,-5.565728799347,
    8.877275797456));
#2173 = CARTESIAN_POINT('',(11.984318471812,2.308046047163,
    9.020452798412));
#2174 = CARTESIAN_POINT('',(7.655320518625,7.587311543282,9.163637054069
    ));
#2175 = CARTESIAN_POINT('',(2.097452948697,9.118752100863,9.306818030623
    ));
#2176 = CARTESIAN_POINT('',(-7.056743084514,6.144373506562,
    9.593181972781));
#2177 = CARTESIAN_POINT('',(-10.65299422661,1.638579477862,
    9.736362949336));
#2178 = CARTESIAN_POINT('',(-11.05215273791,-5.176957180415,
    9.879547205014));
#2179 = CARTESIAN_POINT('',(-6.644774142638,-11.70733014374,
    10.022724205887));
#2180 = CARTESIAN_POINT('',(1.900143504523,-14.30354353897,
    10.165913097946));
#2181 = CARTESIAN_POINT('',(10.454933473455,-9.944660334727,
    10.309086905431));
#2182 = CARTESIAN_POINT('',(13.377129290907,-1.505660797262,
    10.452275797592));
#2183 = CARTESIAN_POINT('',(10.684538723607,5.898440306887,
    10.595452798304));
#2184 = CARTESIAN_POINT('',(4.93603425507,9.581586222032,10.738637054146
    ));
#2185 = CARTESIAN_POINT('',(-0.823053072176,9.320597212056,
    10.881818030575));
#2186 = CARTESIAN_POINT('',(-8.610077327663,3.662992923916,
    11.168181972883));
#2187 = CARTESIAN_POINT('',(-10.63794848257,-1.733574567132,
    11.311362948734));
#2188 = CARTESIAN_POINT('',(-8.911454132573,-8.33888188141,
    11.454547206748));
#2189 = CARTESIAN_POINT('',(-2.701791774519,-13.18768075558,
    11.597724202324));
#2190 = CARTESIAN_POINT('',(6.227181895256,-13.01630165405,
    11.740913103671));
#2191 = CARTESIAN_POINT('',(13.016301653995,-6.22718189553,
    11.884086897945));
#2192 = CARTESIAN_POINT('',(13.187680755655,2.701791774501,
    12.027275805698));
#2193 = CARTESIAN_POINT('',(8.338881881469,8.911454132284,
    12.170452790989));
#2194 = CARTESIAN_POINT('',(1.733574567334,10.637948482703,
    12.313637059633));
#2195 = CARTESIAN_POINT('',(-3.662992923844,8.610077327613,
    12.456818027191));
#2196 = CARTESIAN_POINT('',(-6.4917950679,4.716565200058,12.600000003404
    ));
#2197 = CARTESIAN_POINT('',(7.2143,3.996802888651E-15,0.33));
#2198 = CARTESIAN_POINT('',(7.214299888988,4.326836460094,0.473181703741
    ));
#2199 = CARTESIAN_POINT('',(4.360727406498,8.653670850231,0.616364137899
    ));
#2200 = CARTESIAN_POINT('',(-1.356018980424,10.888388862773,
    0.759544181604));
#2201 = CARTESIAN_POINT('',(-8.164335803422,8.934362181002,
    0.902729499456));
#2202 = CARTESIAN_POINT('',(-12.75817588471,2.348934575359,
    1.045906183841));
#2203 = CARTESIAN_POINT('',(-11.40787620121,-6.176460732443,
    1.189093812393));
#2204 = CARTESIAN_POINT('',(-5.003881560482,-11.0200038668,1.33227050143
    ));
#2205 = CARTESIAN_POINT('',(2.075049705475,-10.77450491356,
    1.475455811816));
#2206 = CARTESIAN_POINT('',(6.821428511553,-6.882591576821,
    1.618635863233));
#2207 = CARTESIAN_POINT('',(8.198273124608,-1.885724674778,
    1.761818291378));
#2208 = CARTESIAN_POINT('',(5.524140924154,6.344407279176,2.048181706193
    ));
#2209 = CARTESIAN_POINT('',(1.473166855599,9.57766892738,2.191364133926)
  );
#2210 = CARTESIAN_POINT('',(-4.65434788259,9.936440271658,2.334544186899
    ));
#2211 = CARTESIAN_POINT('',(-10.52561452036,5.974164858565,
    2.477729493591));
#2212 = CARTESIAN_POINT('',(-12.85960700859,-1.708523629877,
    2.620906189253));
#2213 = CARTESIAN_POINT('',(-8.940903670716,-9.39939084428,
    2.764093808261));
#2214 = CARTESIAN_POINT('',(-1.353605689532,-12.02693092642,
    2.907270503995));
#2215 = CARTESIAN_POINT('',(5.302994667126,-9.605937485094,
    3.050455810572));
#2216 = CARTESIAN_POINT('',(8.614401799337,-4.437796232028,
    3.193635863662));
#2217 = CARTESIAN_POINT('',(8.379742048676,0.739974980125,3.336818291305
    ));
#2218 = CARTESIAN_POINT('',(3.293240554381,7.740943309787,3.623181706229
    ));
#2219 = CARTESIAN_POINT('',(-1.558597527498,9.564138038215,
    3.766364133869));
#2220 = CARTESIAN_POINT('',(-7.497076790324,8.011843675709,
    3.909544186971));
#2221 = CARTESIAN_POINT('',(-11.85657274613,2.429174655101,
    4.052729493517));
#2222 = CARTESIAN_POINT('',(-11.70225020558,-5.598739638053,
    4.195906189315));
#2223 = CARTESIAN_POINT('',(-5.598733189947,-11.70224309099,
    4.339093808219));
#2224 = CARTESIAN_POINT('',(2.429170534912,-11.85657819035,
    4.482270504018));
#2225 = CARTESIAN_POINT('',(8.011845563847,-7.497073967102,
    4.625455810562));
#2226 = CARTESIAN_POINT('',(9.564137418514,-1.558598472091,
    4.768635863666));
#2227 = CARTESIAN_POINT('',(7.740943435994,3.293240728263,4.911818291304
    ));
#2228 = CARTESIAN_POINT('',(0.739974853756,8.379741874913,5.198181706229
    ));
#2229 = CARTESIAN_POINT('',(-4.437795525172,8.614402680607,
    5.341364133866));
#2230 = CARTESIAN_POINT('',(-9.605939586649,5.302991998965,5.48454418698
    ));
#2231 = CARTESIAN_POINT('',(-12.02692702191,-1.353600088619,
    5.627729493497));
#2232 = CARTESIAN_POINT('',(-9.399395618032,-8.940912001801,
    5.770906189348));
#2233 = CARTESIAN_POINT('',(-1.708519695932,-12.85959824958,
    5.914093808178));
#2234 = CARTESIAN_POINT('',(5.974162622414,-10.5256209714,6.057270504054
    ));
#2235 = CARTESIAN_POINT('',(9.936441194951,-4.654344614011,
    6.200455810539));
#2236 = CARTESIAN_POINT('',(9.577668629907,1.473165765686,6.343635863676
    ));
#2237 = CARTESIAN_POINT('',(6.344407345475,5.52414112856,6.486818291302)
  );
#2238 = CARTESIAN_POINT('',(-1.885724741267,8.198272920228,
    6.773181706233));
#2239 = CARTESIAN_POINT('',(-6.882591176882,6.821429568539,
    6.916364133854));
#2240 = CARTESIAN_POINT('',(-10.77450608777,2.075046517269,
    7.059544187005));
#2241 = CARTESIAN_POINT('',(-11.02000188414,-5.003875024629,
    7.202729493462));
#2242 = CARTESIAN_POINT('',(-6.176462698102,-11.40788560374,
    7.345906189379));
#2243 = CARTESIAN_POINT('',(2.348935610019,-12.75816633348,
    7.489093808163));
#2244 = CARTESIAN_POINT('',(8.934362047902,-8.164342635408,
    7.632270504053));
#2245 = CARTESIAN_POINT('',(10.888388730677,-1.356015581397,
    7.775455810546));
#2246 = CARTESIAN_POINT('',(8.653670904253,4.360726274174,7.918635863669
    ));
#2247 = CARTESIAN_POINT('',(4.326836459894,7.21430010624,8.061818291305)
  );
#2248 = CARTESIAN_POINT('',(-4.326836459993,7.214299891384,
    8.348181706226));
#2249 = CARTESIAN_POINT('',(-8.653670850392,4.360727402616,
    8.491364133885));
#2250 = CARTESIAN_POINT('',(-10.88838886256,-1.356018975249,
    8.634544186932));
#2251 = CARTESIAN_POINT('',(-8.934362181222,-8.164335809162,
    8.777729493581));
#2252 = CARTESIAN_POINT('',(-2.34893457517,-12.7581758794,8.920906189241
    ));
#2253 = CARTESIAN_POINT('',(6.176460732311,-11.40787620527,
    9.064093808281));
#2254 = CARTESIAN_POINT('',(11.020003866883,-5.003881557962,
    9.20727050398));
#2255 = CARTESIAN_POINT('',(10.774504913533,2.075049704253,
    9.350455810577));
#2256 = CARTESIAN_POINT('',(6.882591576834,6.821428511974,9.493635863663
    ));
#2257 = CARTESIAN_POINT('',(1.885724674775,8.198273124536,9.636818291303
    ));
#2258 = CARTESIAN_POINT('',(-6.344407279176,5.524140924191,
    9.923181706235));
#2259 = CARTESIAN_POINT('',(-9.577668927381,1.473166855543,
    10.066364133838));
#2260 = CARTESIAN_POINT('',(-9.936440271656,-4.654347882525,
    10.209544187049));
#2261 = CARTESIAN_POINT('',(-5.974164858569,-10.52561452041,
    10.352729493384));
#2262 = CARTESIAN_POINT('',(1.708523629883,-12.85960700857,
    10.495906189479));
#2263 = CARTESIAN_POINT('',(9.399390844267,-8.940903670707,
    10.639093808075));
#2264 = CARTESIAN_POINT('',(12.026930926454,-1.353605689562,
    10.782270504099));
#2265 = CARTESIAN_POINT('',(9.605937485059,5.30299466716,10.925455810547
    ));
#2266 = CARTESIAN_POINT('',(4.437796232064,8.614401799308,
    11.068635863643));
#2267 = CARTESIAN_POINT('',(-0.739974980151,8.379742048696,
    11.211818291333));
#2268 = CARTESIAN_POINT('',(-7.740943309731,3.293240554339,
    11.498181706162));
#2269 = CARTESIAN_POINT('',(-9.56413803855,-1.558597527242,
    11.641364134278));
#2270 = CARTESIAN_POINT('',(-8.011843674733,-7.497076791071,
    11.78454418577));
#2271 = CARTESIAN_POINT('',(-2.429174657118,-11.85657274458,
    11.927729496017));
#2272 = CARTESIAN_POINT('',(5.598739641307,-11.70225020808,
    12.07090618525));
#2273 = CARTESIAN_POINT('',(11.702243086737,-5.598733186667,
    12.214093813588));
#2274 = CARTESIAN_POINT('',(11.856578194965,2.429170531364,
    12.357270498156));
#2275 = CARTESIAN_POINT('',(7.497073962939,8.011845567041,
    12.500455815885));
#2276 = CARTESIAN_POINT('',(1.558598475217,9.564137416125,
    12.643635859654));
#2277 = CARTESIAN_POINT('',(-3.293240730193,7.740943437466,
    12.786818293786));
#2278 = CARTESIAN_POINT('',(-5.836491300631,4.240459144146,
    12.929999997535));
#2279 = DEFINITIONAL_REPRESENTATION('',(#2280),#2283);
#2280 = B_SPLINE_CURVE_WITH_KNOTS('',1,(#2281,#2282),.UNSPECIFIED.,.F.,
  .F.,(2,2),(0.,54.261930910754),.PIECEWISE_BEZIER_KNOTS.);
#2281 = CARTESIAN_POINT('',(0.,0.));
#2282 = CARTESIAN_POINT('',(0.,54.261930910754));
#2283 = ( GEOMETRIC_REPRESENTATION_CONTEXT(2) 
PARAMETRIC_REPRESENTATION_CONTEXT() REPRESENTATION_CONTEXT('2D SPACE',''
  ) );
#2284 = ORIENTED_EDGE('',*,*,#2285,.F.);
#2285 = EDGE_CURVE('',#1563,#2020,#2286,.T.);
#2286 = SURFACE_CURVE('',#2287,(#2290,#2297),.PCURVE_S1.);
#2287 = B_SPLINE_CURVE_WITH_KNOTS('',1,(#2288,#2289),.UNSPECIFIED.,.F.,
  .F.,(2,2),(0.,0.874642784227),.PIECEWISE_BEZIER_KNOTS.);
#2288 = CARTESIAN_POINT('',(-5.836491304499,4.240459146956,
    12.269999997535));
#2289 = CARTESIAN_POINT('',(-6.4917950679,4.716565200058,12.600000003404
    ));
#2290 = PCURVE('',#1650,#2291);
#2291 = DEFINITIONAL_REPRESENTATION('',(#2292),#2296);
#2292 = LINE('',#2293,#2294);
#2293 = CARTESIAN_POINT('',(0.,54.261930910754));
#2294 = VECTOR('',#2295,1.);
#2295 = DIRECTION('',(1.,0.));
#2296 = ( GEOMETRIC_REPRESENTATION_CONTEXT(2) 
PARAMETRIC_REPRESENTATION_CONTEXT() REPRESENTATION_CONTEXT('2D SPACE',''
  ) );
#2297 = PCURVE('',#2298,#2303);
#2298 = PLANE('',#2299);
#2299 = AXIS2_PLACEMENT_3D('',#2300,#2301,#2302);
#2300 = CARTESIAN_POINT('',(-6.074386186149,4.413299895752,
    12.599999999666));
#2301 = DIRECTION('',(0.587785252477,0.809016994241,-3.487787184406E-13)
  );
#2302 = DIRECTION('',(0.809016994241,-0.587785252477,-2.524354896707E-29
    ));
#2303 = DEFINITIONAL_REPRESENTATION('',(#2304),#2307);
#2304 = B_SPLINE_CURVE_WITH_KNOTS('',1,(#2305,#2306),.UNSPECIFIED.,.F.,
  .F.,(2,2),(0.,0.874642784227),.PIECEWISE_BEZIER_KNOTS.);
#2305 = CARTESIAN_POINT('',(0.294054245267,0.33000000213));
#2306 = CARTESIAN_POINT('',(-0.515945752342,-3.738081844062E-09));
#2307 = ( GEOMETRIC_REPRESENTATION_CONTEXT(2) 
PARAMETRIC_REPRESENTATION_CONTEXT() REPRESENTATION_CONTEXT('2D SPACE',''
  ) );
#2308 = ADVANCED_FACE('',(#2309),#2114,.F.);
#2309 = FACE_BOUND('',#2310,.F.);
#2310 = EDGE_LOOP('',(#2311,#2312,#2333,#2434));
#2311 = ORIENTED_EDGE('',*,*,#2019,.F.);
#2312 = ORIENTED_EDGE('',*,*,#2313,.T.);
#2313 = EDGE_CURVE('',#1994,#2314,#2316,.T.);
#2314 = VERTEX_POINT('',#2315);
#2315 = CARTESIAN_POINT('',(7.2143,-3.10862446895E-15,0.33));
#2316 = SURFACE_CURVE('',#2317,(#2320,#2327),.PCURVE_S1.);
#2317 = B_SPLINE_CURVE_WITH_KNOTS('',1,(#2318,#2319),.UNSPECIFIED.,.F.,
  .F.,(2,2),(0.,0.874642784227),.PIECEWISE_BEZIER_KNOTS.);
#2318 = CARTESIAN_POINT('',(8.0243,-1.265654248073E-14,2.22044604925E-16
    ));
#2319 = CARTESIAN_POINT('',(7.2143,3.996802888651E-15,0.33));
#2320 = PCURVE('',#2114,#2321);
#2321 = DEFINITIONAL_REPRESENTATION('',(#2322),#2326);
#2322 = LINE('',#2323,#2324);
#2323 = CARTESIAN_POINT('',(0.,0.));
#2324 = VECTOR('',#2325,1.);
#2325 = DIRECTION('',(1.,0.));
#2326 = ( GEOMETRIC_REPRESENTATION_CONTEXT(2) 
PARAMETRIC_REPRESENTATION_CONTEXT() REPRESENTATION_CONTEXT('2D SPACE',''
  ) );
#2327 = PCURVE('',#2008,#2328);
#2328 = DEFINITIONAL_REPRESENTATION('',(#2329),#2332);
#2329 = B_SPLINE_CURVE_WITH_KNOTS('',1,(#2330,#2331),.UNSPECIFIED.,.F.,
  .F.,(2,2),(0.,0.874642784227),.PIECEWISE_BEZIER_KNOTS.);
#2330 = CARTESIAN_POINT('',(1.005224362815E-16,0.515945752342));
#2331 = CARTESIAN_POINT('',(-0.33,-0.294054247658));
#2332 = ( GEOMETRIC_REPRESENTATION_CONTEXT(2) 
PARAMETRIC_REPRESENTATION_CONTEXT() REPRESENTATION_CONTEXT('2D SPACE',''
  ) );
#2333 = ORIENTED_EDGE('',*,*,#2334,.T.);
#2334 = EDGE_CURVE('',#2314,#2335,#2337,.T.);
#2335 = VERTEX_POINT('',#2336);
#2336 = CARTESIAN_POINT('',(-5.836491300631,4.240459144146,
    12.929999997535));
#2337 = SURFACE_CURVE('',#2338,(#2421,#2428),.PCURVE_S1.);
#2338 = B_SPLINE_CURVE_WITH_KNOTS('',11,(#2339,#2340,#2341,#2342,#2343,
    #2344,#2345,#2346,#2347,#2348,#2349,#2350,#2351,#2352,#2353,#2354,
    #2355,#2356,#2357,#2358,#2359,#2360,#2361,#2362,#2363,#2364,#2365,
    #2366,#2367,#2368,#2369,#2370,#2371,#2372,#2373,#2374,#2375,#2376,
    #2377,#2378,#2379,#2380,#2381,#2382,#2383,#2384,#2385,#2386,#2387,
    #2388,#2389,#2390,#2391,#2392,#2393,#2394,#2395,#2396,#2397,#2398,
    #2399,#2400,#2401,#2402,#2403,#2404,#2405,#2406,#2407,#2408,#2409,
    #2410,#2411,#2412,#2413,#2414,#2415,#2416,#2417,#2418,#2419,#2420),
  .UNSPECIFIED.,.F.,.F.,(12,10,10,10,10,10,10,10,12),(0.,6.782741363844,
    13.565482727689,20.348224091533,27.130965455377,33.913706819221,
    40.696448183066,47.47918954691,54.261930910754),.UNSPECIFIED.);
#2339 = CARTESIAN_POINT('',(7.2143,3.996802888651E-15,0.33));
#2340 = CARTESIAN_POINT('',(7.214299888988,4.326836460094,0.473181703741
    ));
#2341 = CARTESIAN_POINT('',(4.360727406498,8.653670850231,0.616364137899
    ));
#2342 = CARTESIAN_POINT('',(-1.356018980424,10.888388862773,
    0.759544181604));
#2343 = CARTESIAN_POINT('',(-8.164335803422,8.934362181002,
    0.902729499456));
#2344 = CARTESIAN_POINT('',(-12.75817588471,2.348934575359,
    1.045906183841));
#2345 = CARTESIAN_POINT('',(-11.40787620121,-6.176460732443,
    1.189093812393));
#2346 = CARTESIAN_POINT('',(-5.003881560482,-11.0200038668,1.33227050143
    ));
#2347 = CARTESIAN_POINT('',(2.075049705475,-10.77450491356,
    1.475455811816));
#2348 = CARTESIAN_POINT('',(6.821428511553,-6.882591576821,
    1.618635863233));
#2349 = CARTESIAN_POINT('',(8.198273124608,-1.885724674778,
    1.761818291378));
#2350 = CARTESIAN_POINT('',(5.524140924154,6.344407279176,2.048181706193
    ));
#2351 = CARTESIAN_POINT('',(1.473166855599,9.57766892738,2.191364133926)
  );
#2352 = CARTESIAN_POINT('',(-4.65434788259,9.936440271658,2.334544186899
    ));
#2353 = CARTESIAN_POINT('',(-10.52561452036,5.974164858565,
    2.477729493591));
#2354 = CARTESIAN_POINT('',(-12.85960700859,-1.708523629877,
    2.620906189253));
#2355 = CARTESIAN_POINT('',(-8.940903670716,-9.39939084428,
    2.764093808261));
#2356 = CARTESIAN_POINT('',(-1.353605689532,-12.02693092642,
    2.907270503995));
#2357 = CARTESIAN_POINT('',(5.302994667126,-9.605937485094,
    3.050455810572));
#2358 = CARTESIAN_POINT('',(8.614401799337,-4.437796232028,
    3.193635863662));
#2359 = CARTESIAN_POINT('',(8.379742048676,0.739974980125,3.336818291305
    ));
#2360 = CARTESIAN_POINT('',(3.293240554381,7.740943309787,3.623181706229
    ));
#2361 = CARTESIAN_POINT('',(-1.558597527498,9.564138038215,
    3.766364133869));
#2362 = CARTESIAN_POINT('',(-7.497076790324,8.011843675709,
    3.909544186971));
#2363 = CARTESIAN_POINT('',(-11.85657274613,2.429174655101,
    4.052729493517));
#2364 = CARTESIAN_POINT('',(-11.70225020558,-5.598739638053,
    4.195906189315));
#2365 = CARTESIAN_POINT('',(-5.598733189947,-11.70224309099,
    4.339093808219));
#2366 = CARTESIAN_POINT('',(2.429170534912,-11.85657819035,
    4.482270504018));
#2367 = CARTESIAN_POINT('',(8.011845563847,-7.497073967102,
    4.625455810562));
#2368 = CARTESIAN_POINT('',(9.564137418514,-1.558598472091,
    4.768635863666));
#2369 = CARTESIAN_POINT('',(7.740943435994,3.293240728263,4.911818291304
    ));
#2370 = CARTESIAN_POINT('',(0.739974853756,8.379741874913,5.198181706229
    ));
#2371 = CARTESIAN_POINT('',(-4.437795525172,8.614402680607,
    5.341364133866));
#2372 = CARTESIAN_POINT('',(-9.605939586649,5.302991998965,5.48454418698
    ));
#2373 = CARTESIAN_POINT('',(-12.02692702191,-1.353600088619,
    5.627729493497));
#2374 = CARTESIAN_POINT('',(-9.399395618032,-8.940912001801,
    5.770906189348));
#2375 = CARTESIAN_POINT('',(-1.708519695932,-12.85959824958,
    5.914093808178));
#2376 = CARTESIAN_POINT('',(5.974162622414,-10.5256209714,6.057270504054
    ));
#2377 = CARTESIAN_POINT('',(9.936441194951,-4.654344614011,
    6.200455810539));
#2378 = CARTESIAN_POINT('',(9.577668629907,1.473165765686,6.343635863676
    ));
#2379 = CARTESIAN_POINT('',(6.344407345475,5.52414112856,6.486818291302)
  );
#2380 = CARTESIAN_POINT('',(-1.885724741267,8.198272920228,
    6.773181706233));
#2381 = CARTESIAN_POINT('',(-6.882591176882,6.821429568539,
    6.916364133854));
#2382 = CARTESIAN_POINT('',(-10.77450608777,2.075046517269,
    7.059544187005));
#2383 = CARTESIAN_POINT('',(-11.02000188414,-5.003875024629,
    7.202729493462));
#2384 = CARTESIAN_POINT('',(-6.176462698102,-11.40788560374,
    7.345906189379));
#2385 = CARTESIAN_POINT('',(2.348935610019,-12.75816633348,
    7.489093808163));
#2386 = CARTESIAN_POINT('',(8.934362047902,-8.164342635408,
    7.632270504053));
#2387 = CARTESIAN_POINT('',(10.888388730677,-1.356015581397,
    7.775455810546));
#2388 = CARTESIAN_POINT('',(8.653670904253,4.360726274174,7.918635863669
    ));
#2389 = CARTESIAN_POINT('',(4.326836459894,7.21430010624,8.061818291305)
  );
#2390 = CARTESIAN_POINT('',(-4.326836459993,7.214299891384,
    8.348181706226));
#2391 = CARTESIAN_POINT('',(-8.653670850392,4.360727402616,
    8.491364133885));
#2392 = CARTESIAN_POINT('',(-10.88838886256,-1.356018975249,
    8.634544186932));
#2393 = CARTESIAN_POINT('',(-8.934362181222,-8.164335809162,
    8.777729493581));
#2394 = CARTESIAN_POINT('',(-2.34893457517,-12.7581758794,8.920906189241
    ));
#2395 = CARTESIAN_POINT('',(6.176460732311,-11.40787620527,
    9.064093808281));
#2396 = CARTESIAN_POINT('',(11.020003866883,-5.003881557962,
    9.20727050398));
#2397 = CARTESIAN_POINT('',(10.774504913533,2.075049704253,
    9.350455810577));
#2398 = CARTESIAN_POINT('',(6.882591576834,6.821428511974,9.493635863663
    ));
#2399 = CARTESIAN_POINT('',(1.885724674775,8.198273124536,9.636818291303
    ));
#2400 = CARTESIAN_POINT('',(-6.344407279176,5.524140924191,
    9.923181706235));
#2401 = CARTESIAN_POINT('',(-9.577668927381,1.473166855543,
    10.066364133838));
#2402 = CARTESIAN_POINT('',(-9.936440271656,-4.654347882525,
    10.209544187049));
#2403 = CARTESIAN_POINT('',(-5.974164858569,-10.52561452041,
    10.352729493384));
#2404 = CARTESIAN_POINT('',(1.708523629883,-12.85960700857,
    10.495906189479));
#2405 = CARTESIAN_POINT('',(9.399390844267,-8.940903670707,
    10.639093808075));
#2406 = CARTESIAN_POINT('',(12.026930926454,-1.353605689562,
    10.782270504099));
#2407 = CARTESIAN_POINT('',(9.605937485059,5.30299466716,10.925455810547
    ));
#2408 = CARTESIAN_POINT('',(4.437796232064,8.614401799308,
    11.068635863643));
#2409 = CARTESIAN_POINT('',(-0.739974980151,8.379742048696,
    11.211818291333));
#2410 = CARTESIAN_POINT('',(-7.740943309731,3.293240554339,
    11.498181706162));
#2411 = CARTESIAN_POINT('',(-9.56413803855,-1.558597527242,
    11.641364134278));
#2412 = CARTESIAN_POINT('',(-8.011843674733,-7.497076791071,
    11.78454418577));
#2413 = CARTESIAN_POINT('',(-2.429174657118,-11.85657274458,
    11.927729496017));
#2414 = CARTESIAN_POINT('',(5.598739641307,-11.70225020808,
    12.07090618525));
#2415 = CARTESIAN_POINT('',(11.702243086737,-5.598733186667,
    12.214093813588));
#2416 = CARTESIAN_POINT('',(11.856578194965,2.429170531364,
    12.357270498156));
#2417 = CARTESIAN_POINT('',(7.497073962939,8.011845567041,
    12.500455815885));
#2418 = CARTESIAN_POINT('',(1.558598475217,9.564137416125,
    12.643635859654));
#2419 = CARTESIAN_POINT('',(-3.293240730193,7.740943437466,
    12.786818293786));
#2420 = CARTESIAN_POINT('',(-5.836491300631,4.240459144146,
    12.929999997535));
#2421 = PCURVE('',#2114,#2422);
#2422 = DEFINITIONAL_REPRESENTATION('',(#2423),#2427);
#2423 = LINE('',#2424,#2425);
#2424 = CARTESIAN_POINT('',(0.874642784227,0.));
#2425 = VECTOR('',#2426,1.);
#2426 = DIRECTION('',(0.,1.));
#2427 = ( GEOMETRIC_REPRESENTATION_CONTEXT(2) 
PARAMETRIC_REPRESENTATION_CONTEXT() REPRESENTATION_CONTEXT('2D SPACE',''
  ) );
#2428 = PCURVE('',#1822,#2429);
#2429 = DEFINITIONAL_REPRESENTATION('',(#2430),#2433);
#2430 = B_SPLINE_CURVE_WITH_KNOTS('',1,(#2431,#2432),.UNSPECIFIED.,.F.,
  .F.,(2,2),(0.,54.261930910754),.PIECEWISE_BEZIER_KNOTS.);
#2431 = CARTESIAN_POINT('',(0.,0.));
#2432 = CARTESIAN_POINT('',(0.,54.261930910754));
#2433 = ( GEOMETRIC_REPRESENTATION_CONTEXT(2) 
PARAMETRIC_REPRESENTATION_CONTEXT() REPRESENTATION_CONTEXT('2D SPACE',''
  ) );
#2434 = ORIENTED_EDGE('',*,*,#2435,.F.);
#2435 = EDGE_CURVE('',#2020,#2335,#2436,.T.);
#2436 = SURFACE_CURVE('',#2437,(#2440,#2447),.PCURVE_S1.);
#2437 = B_SPLINE_CURVE_WITH_KNOTS('',1,(#2438,#2439),.UNSPECIFIED.,.F.,
  .F.,(2,2),(0.,0.874642784227),.PIECEWISE_BEZIER_KNOTS.);
#2438 = CARTESIAN_POINT('',(-6.4917950679,4.716565200058,12.600000003404
    ));
#2439 = CARTESIAN_POINT('',(-5.836491300631,4.240459144146,
    12.929999997535));
#2440 = PCURVE('',#2114,#2441);
#2441 = DEFINITIONAL_REPRESENTATION('',(#2442),#2446);
#2442 = LINE('',#2443,#2444);
#2443 = CARTESIAN_POINT('',(0.,54.261930910754));
#2444 = VECTOR('',#2445,1.);
#2445 = DIRECTION('',(1.,0.));
#2446 = ( GEOMETRIC_REPRESENTATION_CONTEXT(2) 
PARAMETRIC_REPRESENTATION_CONTEXT() REPRESENTATION_CONTEXT('2D SPACE',''
  ) );
#2447 = PCURVE('',#2298,#2448);
#2448 = DEFINITIONAL_REPRESENTATION('',(#2449),#2452);
#2449 = B_SPLINE_CURVE_WITH_KNOTS('',1,(#2450,#2451),.UNSPECIFIED.,.F.,
  .F.,(2,2),(0.,0.874642784227),.PIECEWISE_BEZIER_KNOTS.);
#2450 = CARTESIAN_POINT('',(-0.515945752343,-3.738081844062E-09));
#2451 = CARTESIAN_POINT('',(0.294054250048,-0.32999999787));
#2452 = ( GEOMETRIC_REPRESENTATION_CONTEXT(2) 
PARAMETRIC_REPRESENTATION_CONTEXT() REPRESENTATION_CONTEXT('2D SPACE',''
  ) );
#2453 = ADVANCED_FACE('',(#2454),#1822,.F.);
#2454 = FACE_BOUND('',#2455,.F.);
#2455 = EDGE_LOOP('',(#2456,#2457,#2476,#2477));
#2456 = ORIENTED_EDGE('',*,*,#2334,.F.);
#2457 = ORIENTED_EDGE('',*,*,#2458,.T.);
#2458 = EDGE_CURVE('',#2314,#1561,#2459,.T.);
#2459 = SURFACE_CURVE('',#2460,(#2463,#2470),.PCURVE_S1.);
#2460 = B_SPLINE_CURVE_WITH_KNOTS('',1,(#2461,#2462),.UNSPECIFIED.,.F.,
  .F.,(2,2),(0.,0.66),.PIECEWISE_BEZIER_KNOTS.);
#2461 = CARTESIAN_POINT('',(7.2143,-3.10862446895E-15,0.33));
#2462 = CARTESIAN_POINT('',(7.2143,-4.440892098501E-15,-0.33));
#2463 = PCURVE('',#1822,#2464);
#2464 = DEFINITIONAL_REPRESENTATION('',(#2465),#2469);
#2465 = LINE('',#2466,#2467);
#2466 = CARTESIAN_POINT('',(0.,0.));
#2467 = VECTOR('',#2468,1.);
#2468 = DIRECTION('',(1.,0.));
#2469 = ( GEOMETRIC_REPRESENTATION_CONTEXT(2) 
PARAMETRIC_REPRESENTATION_CONTEXT() REPRESENTATION_CONTEXT('2D SPACE',''
  ) );
#2470 = PCURVE('',#2008,#2471);
#2471 = DEFINITIONAL_REPRESENTATION('',(#2472),#2475);
#2472 = B_SPLINE_CURVE_WITH_KNOTS('',1,(#2473,#2474),.UNSPECIFIED.,.F.,
  .F.,(2,2),(0.,0.66),.PIECEWISE_BEZIER_KNOTS.);
#2473 = CARTESIAN_POINT('',(-0.33,-0.294054247657));
#2474 = CARTESIAN_POINT('',(0.33,-0.294054247657));
#2475 = ( GEOMETRIC_REPRESENTATION_CONTEXT(2) 
PARAMETRIC_REPRESENTATION_CONTEXT() REPRESENTATION_CONTEXT('2D SPACE',''
  ) );
#2476 = ORIENTED_EDGE('',*,*,#1560,.T.);
#2477 = ORIENTED_EDGE('',*,*,#2478,.F.);
#2478 = EDGE_CURVE('',#2335,#1563,#2479,.T.);
#2479 = SURFACE_CURVE('',#2480,(#2483,#2490),.PCURVE_S1.);
#2480 = B_SPLINE_CURVE_WITH_KNOTS('',1,(#2481,#2482),.UNSPECIFIED.,.F.,
  .F.,(2,2),(0.,0.66),.PIECEWISE_BEZIER_KNOTS.);
#2481 = CARTESIAN_POINT('',(-5.836491300631,4.240459144146,
    12.929999997535));
#2482 = CARTESIAN_POINT('',(-5.836491304499,4.240459146956,
    12.269999997535));
#2483 = PCURVE('',#1822,#2484);
#2484 = DEFINITIONAL_REPRESENTATION('',(#2485),#2489);
#2485 = LINE('',#2486,#2487);
#2486 = CARTESIAN_POINT('',(0.,54.261930910754));
#2487 = VECTOR('',#2488,1.);
#2488 = DIRECTION('',(1.,0.));
#2489 = ( GEOMETRIC_REPRESENTATION_CONTEXT(2) 
PARAMETRIC_REPRESENTATION_CONTEXT() REPRESENTATION_CONTEXT('2D SPACE',''
  ) );
#2490 = PCURVE('',#2298,#2491);
#2491 = DEFINITIONAL_REPRESENTATION('',(#2492),#2495);
#2492 = B_SPLINE_CURVE_WITH_KNOTS('',1,(#2493,#2494),.UNSPECIFIED.,.F.,
  .F.,(2,2),(0.,0.66),.PIECEWISE_BEZIER_KNOTS.);
#2493 = CARTESIAN_POINT('',(0.294054250048,-0.32999999787));
#2494 = CARTESIAN_POINT('',(0.294054245267,0.33000000213));
#2495 = ( GEOMETRIC_REPRESENTATION_CONTEXT(2) 
PARAMETRIC_REPRESENTATION_CONTEXT() REPRESENTATION_CONTEXT('2D SPACE',''
  ) );
#2496 = ADVANCED_FACE('',(#2497),#2008,.T.);
#2497 = FACE_BOUND('',#2498,.T.);
#2498 = EDGE_LOOP('',(#2499,#2500,#2501));
#2499 = ORIENTED_EDGE('',*,*,#1993,.T.);
#2500 = ORIENTED_EDGE('',*,*,#2313,.T.);
#2501 = ORIENTED_EDGE('',*,*,#2458,.T.);
#2502 = ADVANCED_FACE('',(#2503),#2298,.F.);
#2503 = FACE_BOUND('',#2504,.F.);
#2504 = EDGE_LOOP('',(#2505,#2506,#2507));
#2505 = ORIENTED_EDGE('',*,*,#2285,.T.);
#2506 = ORIENTED_EDGE('',*,*,#2435,.T.);
#2507 = ORIENTED_EDGE('',*,*,#2478,.T.);
#2508 = ( GEOMETRIC_REPRESENTATION_CONTEXT(3) 
GLOBAL_UNCERTAINTY_ASSIGNED_CONTEXT((#2512)) 
GLOBAL_UNIT_ASSIGNED_CONTEXT((#2509,#2510,#2511)) REPRESENTATION_CONTEXT
('Context #1','3D Context with UNIT and UNCERTAINTY') );
#2509 = ( LENGTH_UNIT() NAMED_UNIT(*) SI_UNIT(.MILLI.,.METRE.) );
#2510 = ( NAMED_UNIT(*) PLANE_ANGLE_UNIT() SI_UNIT($,.RADIAN.) );
#2511 = ( NAMED_UNIT(*) SI_UNIT($,.STERADIAN.) SOLID_ANGLE_UNIT() );
#2512 = UNCERTAINTY_MEASURE_WITH_UNIT(LENGTH_MEASURE(2.E-05),#2509,
  'distance_accuracy_value','confusion accuracy');
#2513 = CONTEXT_DEPENDENT_SHAPE_REPRESENTATION(#2514,#2516);
#2514 = ( REPRESENTATION_RELATIONSHIP('','',#1553,#10) 
REPRESENTATION_RELATIONSHIP_WITH_TRANSFORMATION(#2515) 
SHAPE_REPRESENTATION_RELATIONSHIP() );
#2515 = ITEM_DEFINED_TRANSFORMATION('','',#11,#19);
#2516 = PRODUCT_DEFINITION_SHAPE('Placement','Placement of an item',
  #2517);
#2517 = NEXT_ASSEMBLY_USAGE_OCCURRENCE('20','','',#5,#1548,$);
#2518 = PRODUCT_RELATED_PRODUCT_CATEGORY('part',$,(#1550));
ENDSEC;
END-ISO-10303-21;
