ISO-10303-21;
HEADER;
FILE_DESCRIPTION(('Open CASCADE Model'),'2;1');
FILE_NAME('Open CASCADE Shape Model','2026-08-17T03:10:11',('Author'),(
    'Open CASCADE'),'Open CASCADE STEP processor 7.9','Open CASCADE 7.9'
  ,'Unknown');
FILE_SCHEMA(('AUTOMOTIVE_DESIGN { 1 0 10303 214 1 1 1 1 }'));
ENDSEC;
DATA;
#1 = APPLICATION_PROTOCOL_DEFINITION('international standard',
  'automotive_design',2000,#2);
#2 = APPLICATION_CONTEXT(
  'core data for automotive mechanical design processes');
#3 = SHAPE_DEFINITION_REPRESENTATION(#4,#10);
#4 = PRODUCT_DEFINITION_SHAPE('','',#5);
#5 = PRODUCT_DEFINITION('design','',#6,#9);
#6 = PRODUCT_DEFINITION_FORMATION('','',#7);
#7 = PRODUCT('Open CASCADE STEP translator 7.9 12',
  'Open CASCADE STEP translator 7.9 12','',(#8));
#8 = PRODUCT_CONTEXT('',#2,'mechanical');
#9 = PRODUCT_DEFINITION_CONTEXT('part definition',#2,'design');
#10 = SHAPE_REPRESENTATION('',(#11,#15,#19,#23),#27);
#11 = AXIS2_PLACEMENT_3D('',#12,#13,#14);
#12 = CARTESIAN_POINT('',(0.,0.,0.));
#13 = DIRECTION('',(0.,0.,1.));
#14 = DIRECTION('',(1.,0.,-0.));
#15 = AXIS2_PLACEMENT_3D('',#16,#17,#18);
#16 = CARTESIAN_POINT('',(0.,0.,0.));
#17 = DIRECTION('',(0.,0.,1.));
#18 = DIRECTION('',(1.,0.,-0.));
#19 = AXIS2_PLACEMENT_3D('',#20,#21,#22);
#20 = CARTESIAN_POINT('',(0.,0.,0.));
#21 = DIRECTION('',(0.,0.,1.));
#22 = DIRECTION('',(1.,0.,-0.));
#23 = AXIS2_PLACEMENT_3D('',#24,#25,#26);
#24 = CARTESIAN_POINT('',(0.,0.,0.));
#25 = DIRECTION('',(0.,0.,1.));
#26 = DIRECTION('',(1.,0.,-0.));
#27 = ( GEOMETRIC_REPRESENTATION_CONTEXT(3) 
GLOBAL_UNCERTAINTY_ASSIGNED_CONTEXT((#31)) GLOBAL_UNIT_ASSIGNED_CONTEXT(
(#28,#29,#30)) REPRESENTATION_CONTEXT('Context #1',
  '3D Context with UNIT and UNCERTAINTY') );
#28 = ( LENGTH_UNIT() NAMED_UNIT(*) SI_UNIT(.MILLI.,.METRE.) );
#29 = ( NAMED_UNIT(*) PLANE_ANGLE_UNIT() SI_UNIT($,.RADIAN.) );
#30 = ( NAMED_UNIT(*) SI_UNIT($,.STERADIAN.) SOLID_ANGLE_UNIT() );
#31 = UNCERTAINTY_MEASURE_WITH_UNIT(LENGTH_MEASURE(5.E-05),#28,
  'distance_accuracy_value','confusion accuracy');
#32 = PRODUCT_RELATED_PRODUCT_CATEGORY('part',$,(#7));
#33 = SHAPE_DEFINITION_REPRESENTATION(#34,#40);
#34 = PRODUCT_DEFINITION_SHAPE('','',#35);
#35 = PRODUCT_DEFINITION('design','',#36,#39);
#36 = PRODUCT_DEFINITION_FORMATION('','',#37);
#37 = PRODUCT('Open CASCADE STEP translator 7.9 12.1',
  'Open CASCADE STEP translator 7.9 12.1','',(#38));
#38 = PRODUCT_CONTEXT('',#2,'mechanical');
#39 = PRODUCT_DEFINITION_CONTEXT('part definition',#2,'design');
#40 = ADVANCED_BREP_SHAPE_REPRESENTATION('',(#11,#41),#139);
#41 = MANIFOLD_SOLID_BREP('',#42);
#42 = CLOSED_SHELL('',(#43,#131,#135));
#43 = ADVANCED_FACE('',(#44),#58,.T.);
#44 = FACE_BOUND('',#45,.F.);
#45 = EDGE_LOOP('',(#46,#76,#103,#104));
#46 = ORIENTED_EDGE('',*,*,#47,.T.);
#47 = EDGE_CURVE('',#48,#50,#52,.T.);
#48 = VERTEX_POINT('',#49);
#49 = CARTESIAN_POINT('',(4.19,0.,0.));
#50 = VERTEX_POINT('',#51);
#51 = CARTESIAN_POINT('',(4.19,0.,57.));
#52 = SEAM_CURVE('',#53,(#57,#69),.PCURVE_S1.);
#53 = LINE('',#54,#55);
#54 = CARTESIAN_POINT('',(4.19,0.,0.));
#55 = VECTOR('',#56,1.);
#56 = DIRECTION('',(0.,0.,1.));
#57 = PCURVE('',#58,#63);
#58 = CYLINDRICAL_SURFACE('',#59,4.19);
#59 = AXIS2_PLACEMENT_3D('',#60,#61,#62);
#60 = CARTESIAN_POINT('',(0.,0.,0.));
#61 = DIRECTION('',(-0.,-0.,-1.));
#62 = DIRECTION('',(1.,0.,0.));
#63 = DEFINITIONAL_REPRESENTATION('',(#64),#68);
#64 = LINE('',#65,#66);
#65 = CARTESIAN_POINT('',(-0.,0.));
#66 = VECTOR('',#67,1.);
#67 = DIRECTION('',(-0.,-1.));
#68 = ( GEOMETRIC_REPRESENTATION_CONTEXT(2) 
PARAMETRIC_REPRESENTATION_CONTEXT() REPRESENTATION_CONTEXT('2D SPACE',''
  ) );
#69 = PCURVE('',#58,#70);
#70 = DEFINITIONAL_REPRESENTATION('',(#71),#75);
#71 = LINE('',#72,#73);
#72 = CARTESIAN_POINT('',(-6.28318530718,0.));
#73 = VECTOR('',#74,1.);
#74 = DIRECTION('',(-0.,-1.));
#75 = ( GEOMETRIC_REPRESENTATION_CONTEXT(2) 
PARAMETRIC_REPRESENTATION_CONTEXT() REPRESENTATION_CONTEXT('2D SPACE',''
  ) );
#76 = ORIENTED_EDGE('',*,*,#77,.T.);
#77 = EDGE_CURVE('',#50,#50,#78,.T.);
#78 = SURFACE_CURVE('',#79,(#84,#91),.PCURVE_S1.);
#79 = CIRCLE('',#80,4.19);
#80 = AXIS2_PLACEMENT_3D('',#81,#82,#83);
#81 = CARTESIAN_POINT('',(0.,0.,57.));
#82 = DIRECTION('',(0.,0.,1.));
#83 = DIRECTION('',(1.,0.,0.));
#84 = PCURVE('',#58,#85);
#85 = DEFINITIONAL_REPRESENTATION('',(#86),#90);
#86 = LINE('',#87,#88);
#87 = CARTESIAN_POINT('',(-0.,-57.));
#88 = VECTOR('',#89,1.);
#89 = DIRECTION('',(-1.,0.));
#90 = ( GEOMETRIC_REPRESENTATION_CONTEXT(2) 
PARAMETRIC_REPRESENTATION_CONTEXT() REPRESENTATION_CONTEXT('2D SPACE',''
  ) );
#91 = PCURVE('',#92,#97);
#92 = PLANE('',#93);
#93 = AXIS2_PLACEMENT_3D('',#94,#95,#96);
#94 = CARTESIAN_POINT('',(-1.631790134295E-16,3.184947040077E-16,57.));
#95 = DIRECTION('',(0.,0.,1.));
#96 = DIRECTION('',(1.,0.,-0.));
#97 = DEFINITIONAL_REPRESENTATION('',(#98),#102);
#98 = CIRCLE('',#99,4.19);
#99 = AXIS2_PLACEMENT_2D('',#100,#101);
#100 = CARTESIAN_POINT('',(1.631790134295E-16,-3.184947040077E-16));
#101 = DIRECTION('',(1.,0.));
#102 = ( GEOMETRIC_REPRESENTATION_CONTEXT(2) 
PARAMETRIC_REPRESENTATION_CONTEXT() REPRESENTATION_CONTEXT('2D SPACE',''
  ) );
#103 = ORIENTED_EDGE('',*,*,#47,.F.);
#104 = ORIENTED_EDGE('',*,*,#105,.F.);
#105 = EDGE_CURVE('',#48,#48,#106,.T.);
#106 = SURFACE_CURVE('',#107,(#112,#119),.PCURVE_S1.);
#107 = CIRCLE('',#108,4.19);
#108 = AXIS2_PLACEMENT_3D('',#109,#110,#111);
#109 = CARTESIAN_POINT('',(0.,0.,0.));
#110 = DIRECTION('',(0.,0.,1.));
#111 = DIRECTION('',(1.,0.,0.));
#112 = PCURVE('',#58,#113);
#113 = DEFINITIONAL_REPRESENTATION('',(#114),#118);
#114 = LINE('',#115,#116);
#115 = CARTESIAN_POINT('',(-0.,0.));
#116 = VECTOR('',#117,1.);
#117 = DIRECTION('',(-1.,0.));
#118 = ( GEOMETRIC_REPRESENTATION_CONTEXT(2) 
PARAMETRIC_REPRESENTATION_CONTEXT() REPRESENTATION_CONTEXT('2D SPACE',''
  ) );
#119 = PCURVE('',#120,#125);
#120 = PLANE('',#121);
#121 = AXIS2_PLACEMENT_3D('',#122,#123,#124);
#122 = CARTESIAN_POINT('',(-1.631790134295E-16,3.184947040077E-16,0.));
#123 = DIRECTION('',(0.,0.,1.));
#124 = DIRECTION('',(1.,0.,-0.));
#125 = DEFINITIONAL_REPRESENTATION('',(#126),#130);
#126 = CIRCLE('',#127,4.19);
#127 = AXIS2_PLACEMENT_2D('',#128,#129);
#128 = CARTESIAN_POINT('',(1.631790134295E-16,-3.184947040077E-16));
#129 = DIRECTION('',(1.,0.));
#130 = ( GEOMETRIC_REPRESENTATION_CONTEXT(2) 
PARAMETRIC_REPRESENTATION_CONTEXT() REPRESENTATION_CONTEXT('2D SPACE',''
  ) );
#131 = ADVANCED_FACE('',(#132),#120,.F.);
#132 = FACE_BOUND('',#133,.F.);
#133 = EDGE_LOOP('',(#134));
#134 = ORIENTED_EDGE('',*,*,#105,.T.);
#135 = ADVANCED_FACE('',(#136),#92,.T.);
#136 = FACE_BOUND('',#137,.T.);
#137 = EDGE_LOOP('',(#138));
#138 = ORIENTED_EDGE('',*,*,#77,.T.);
#139 = ( GEOMETRIC_REPRESENTATION_CONTEXT(3) 
GLOBAL_UNCERTAINTY_ASSIGNED_CONTEXT((#143)) GLOBAL_UNIT_ASSIGNED_CONTEXT
((#140,#141,#142)) REPRESENTATION_CONTEXT('Context #1',
  '3D Context with UNIT and UNCERTAINTY') );
#140 = ( LENGTH_UNIT() NAMED_UNIT(*) SI_UNIT(.MILLI.,.METRE.) );
#141 = ( NAMED_UNIT(*) PLANE_ANGLE_UNIT() SI_UNIT($,.RADIAN.) );
#142 = ( NAMED_UNIT(*) SI_UNIT($,.STERADIAN.) SOLID_ANGLE_UNIT() );
#143 = UNCERTAINTY_MEASURE_WITH_UNIT(LENGTH_MEASURE(1.E-07),#140,
  'distance_accuracy_value','confusion accuracy');
#144 = CONTEXT_DEPENDENT_SHAPE_REPRESENTATION(#145,#147);
#145 = ( REPRESENTATION_RELATIONSHIP('','',#40,#10) 
REPRESENTATION_RELATIONSHIP_WITH_TRANSFORMATION(#146) 
SHAPE_REPRESENTATION_RELATIONSHIP() );
#146 = ITEM_DEFINED_TRANSFORMATION('','',#11,#15);
#147 = PRODUCT_DEFINITION_SHAPE('Placement','Placement of an item',#148
  );
#148 = NEXT_ASSEMBLY_USAGE_OCCURRENCE('24','','',#5,#35,$);
#149 = PRODUCT_RELATED_PRODUCT_CATEGORY('part',$,(#37));
#150 = SHAPE_DEFINITION_REPRESENTATION(#151,#157);
#151 = PRODUCT_DEFINITION_SHAPE('','',#152);
#152 = PRODUCT_DEFINITION('design','',#153,#156);
#153 = PRODUCT_DEFINITION_FORMATION('','',#154);
#154 = PRODUCT('Open CASCADE STEP translator 7.9 12.2',
  'Open CASCADE STEP translator 7.9 12.2','',(#155));
#155 = PRODUCT_CONTEXT('',#2,'mechanical');
#156 = PRODUCT_DEFINITION_CONTEXT('part definition',#2,'design');
#157 = ADVANCED_BREP_SHAPE_REPRESENTATION('',(#11,#158),#2408);
#158 = MANIFOLD_SOLID_BREP('',#159);
#159 = CLOSED_SHELL('',(#160,#2064,#2353,#2396,#2402));
#160 = ADVANCED_FACE('',(#161),#398,.F.);
#161 = FACE_BOUND('',#162,.F.);
#162 = EDGE_LOOP('',(#163,#1316,#1342,#2040));
#163 = ORIENTED_EDGE('',*,*,#164,.F.);
#164 = EDGE_CURVE('',#165,#167,#169,.T.);
#165 = VERTEX_POINT('',#166);
#166 = CARTESIAN_POINT('',(4.2143,8.881784197001E-16,-0.33));
#167 = VERTEX_POINT('',#168);
#168 = CARTESIAN_POINT('',(4.214299643439,-1.926613748186E-08,
    29.670000367583));
#169 = SURFACE_CURVE('',#170,(#397,#857),.PCURVE_S1.);
#170 = B_SPLINE_CURVE_WITH_KNOTS('',8,(#171,#172,#173,#174,#175,#176,
    #177,#178,#179,#180,#181,#182,#183,#184,#185,#186,#187,#188,#189,
    #190,#191,#192,#193,#194,#195,#196,#197,#198,#199,#200,#201,#202,
    #203,#204,#205,#206,#207,#208,#209,#210,#211,#212,#213,#214,#215,
    #216,#217,#218,#219,#220,#221,#222,#223,#224,#225,#226,#227,#228,
    #229,#230,#231,#232,#233,#234,#235,#236,#237,#238,#239,#240,#241,
    #242,#243,#244,#245,#246,#247,#248,#249,#250,#251,#252,#253,#254,
    #255,#256,#257,#258,#259,#260,#261,#262,#263,#264,#265,#266,#267,
    #268,#269,#270,#271,#272,#273,#274,#275,#276,#277,#278,#279,#280,
    #281,#282,#283,#284,#285,#286,#287,#288,#289,#290,#291,#292,#293,
    #294,#295,#296,#297,#298,#299,#300,#301,#302,#303,#304,#305,#306,
    #307,#308,#309,#310,#311,#312,#313,#314,#315,#316,#317,#318,#319,
    #320,#321,#322,#323,#324,#325,#326,#327,#328,#329,#330,#331,#332,
    #333,#334,#335,#336,#337,#338,#339,#340,#341,#342,#343,#344,#345,
    #346,#347,#348,#349,#350,#351,#352,#353,#354,#355,#356,#357,#358,
    #359,#360,#361,#362,#363,#364,#365,#366,#367,#368,#369,#370,#371,
    #372,#373,#374,#375,#376,#377,#378,#379,#380,#381,#382,#383,#384,
    #385,#386,#387,#388,#389,#390,#391,#392,#393,#394,#395,#396),
  .UNSPECIFIED.,.F.,.F.,(9,7,7,7,7,7,7,7,7,7,7,7,7,7,7,7,7,7,7,7,7,7,7,7
    ,7,7,7,7,7,7,7,7,9),(0.,4.037346049907,8.074692099815,
    12.112038149722,16.149384199629,20.186730249537,24.224076299444,
    28.261422349351,32.298768399258,36.336114449166,40.373460499073,
    44.41080654898,48.448152598888,52.485498648795,56.522844698702,
    60.56019074861,64.597536798517,68.634882848424,72.672228898331,
    76.709574948239,80.746920998146,84.784267048053,88.821613097961,
    92.858959147868,96.896305197775,100.93365124768,104.97099729759,
    109.00834334749,113.0456893974,117.08303544731,121.12038149721,
    125.15772754712,129.19507359703),.UNSPECIFIED.);
#171 = CARTESIAN_POINT('',(4.2143,1.33226762955E-15,-0.33));
#172 = CARTESIAN_POINT('',(4.214298569295,2.068688264527,-0.212811025633
    ));
#173 = CARTESIAN_POINT('',(3.052599367177,4.137087057492,
    -9.562824581601E-02));
#174 = CARTESIAN_POINT('',(0.738600770134,5.447626197717,
    2.156772461713E-02));
#175 = CARTESIAN_POINT('',(-2.168455275331,5.235136206103,0.138745769404
    ));
#176 = CARTESIAN_POINT('',(-4.374336143774,3.329781006297,0.255939914889
    ));
#177 = CARTESIAN_POINT('',(-5.083869651254,0.766849195989,0.373124644835
    ));
#178 = CARTESIAN_POINT('',(-4.442744169089,-1.517175731246,
    0.490312693896));
#179 = CARTESIAN_POINT('',(-1.51717577651,-4.442744202407,0.724687682137
    ));
#180 = CARTESIAN_POINT('',(0.766849100556,-5.083870630436,0.841875651606
    ));
#181 = CARTESIAN_POINT('',(3.329781335253,-4.374331948974,0.9590606409)
  );
#182 = CARTESIAN_POINT('',(5.235135529972,-2.168463480461,1.076254272356
    ));
#183 = CARTESIAN_POINT('',(5.447626841874,0.738609966678,1.193433060303)
  );
#184 = CARTESIAN_POINT('',(4.137086802514,3.052593158632,1.310628201843)
  );
#185 = CARTESIAN_POINT('',(2.068688299963,4.214300761916,1.427811708039)
  );
#186 = CARTESIAN_POINT('',(-2.068688280884,4.214298878035,1.662188659341
    ));
#187 = CARTESIAN_POINT('',(-4.137087036043,3.052598962232,1.779372167372
    ));
#188 = CARTESIAN_POINT('',(-5.447626219603,0.738601183404,1.896567302937
    ));
#189 = CARTESIAN_POINT('',(-5.235136188804,-2.168455602,2.01374610272));
#190 = CARTESIAN_POINT('',(-3.329781016565,-4.374335949901,2.13093971707
    ));
#191 = CARTESIAN_POINT('',(-0.766849191804,-5.083869730249,
    2.248124725439));
#192 = CARTESIAN_POINT('',(1.517175730431,-4.442744153701,2.365312678195
    ));
#193 = CARTESIAN_POINT('',(4.442744202784,-1.517175783613,2.599687689385
    ));
#194 = CARTESIAN_POINT('',(5.083870629941,0.766849109873,2.716875642099)
  );
#195 = CARTESIAN_POINT('',(4.374331949483,3.329781325744,2.834060650602)
  );
#196 = CARTESIAN_POINT('',(2.168463480053,5.23513553749,2.951254264689)
  );
#197 = CARTESIAN_POINT('',(-0.738609966433,5.447626837412,3.068433064852
    ));
#198 = CARTESIAN_POINT('',(-3.052593158733,4.137086804332,3.18562819999)
  );
#199 = CARTESIAN_POINT('',(-4.214300761897,2.06868829961,3.302811708399)
  );
#200 = CARTESIAN_POINT('',(-4.214298878044,-2.068688280721,
    3.537188659176));
#201 = CARTESIAN_POINT('',(-3.05259896222,-4.137087036256,3.654372167587
    ));
#202 = CARTESIAN_POINT('',(-0.738601183417,-5.447626219386,
    3.771567302718));
#203 = CARTESIAN_POINT('',(2.16845560201,-5.235136188976,3.888746102893)
  );
#204 = CARTESIAN_POINT('',(4.374335949894,-3.329781016463,4.005939716967
    ));
#205 = CARTESIAN_POINT('',(5.083869730252,-0.766849191846,4.123124725482
    ));
#206 = CARTESIAN_POINT('',(4.4427441537,1.517175730439,4.240312678187));
#207 = CARTESIAN_POINT('',(1.517175783613,4.44274420278,4.474687689389)
  );
#208 = CARTESIAN_POINT('',(-0.766849109872,5.083870629943,4.591875642094
    ));
#209 = CARTESIAN_POINT('',(-3.329781325749,4.374331949489,4.709060650608
    ));
#210 = CARTESIAN_POINT('',(-5.23513553748,2.168463480038,4.826254264682)
  );
#211 = CARTESIAN_POINT('',(-5.447626837423,-0.738609966415,
    4.943433064859));
#212 = CARTESIAN_POINT('',(-4.137086804325,-3.052593158744,
    5.060628199986));
#213 = CARTESIAN_POINT('',(-2.068688299612,-4.214300761895,5.1778117084)
  );
#214 = CARTESIAN_POINT('',(2.068688280723,-4.214298878044,5.412188659177
    ));
#215 = CARTESIAN_POINT('',(4.137087036251,-3.052598962223,5.529372167583
    ));
#216 = CARTESIAN_POINT('',(5.447626219394,-0.738601183412,5.646567302724
    ));
#217 = CARTESIAN_POINT('',(5.235136188968,2.168455602006,5.763746102888)
  );
#218 = CARTESIAN_POINT('',(3.329781016467,4.374335949896,5.880939716969)
  );
#219 = CARTESIAN_POINT('',(0.766849191845,5.083869730252,5.998124725481)
  );
#220 = CARTESIAN_POINT('',(-1.517175730439,4.4427441537,6.115312678186)
  );
#221 = CARTESIAN_POINT('',(-4.44274420278,1.517175783613,6.349687689389)
  );
#222 = CARTESIAN_POINT('',(-5.083870629948,-0.766849109873,
    6.466875642094));
#223 = CARTESIAN_POINT('',(-4.374331949472,-3.329781325746,6.58406065061
    ));
#224 = CARTESIAN_POINT('',(-2.168463480066,-5.235135537484,
    6.701254264677));
#225 = CARTESIAN_POINT('',(0.738609966443,-5.447626837419,6.818433064864
    ));
#226 = CARTESIAN_POINT('',(3.05259315873,-4.137086804328,6.935628199981)
  );
#227 = CARTESIAN_POINT('',(4.214300761895,-2.06868829961,7.052811708404)
  );
#228 = CARTESIAN_POINT('',(4.214298878048,2.068688280721,7.28718865917)
  );
#229 = CARTESIAN_POINT('',(3.05259896221,4.137087036261,7.404372167604)
  );
#230 = CARTESIAN_POINT('',(0.73860118343,5.447626219377,7.521567302696)
  );
#231 = CARTESIAN_POINT('',(-2.16845560202,5.235136188985,7.638746102911)
  );
#232 = CARTESIAN_POINT('',(-4.374335949891,3.329781016458,7.755939716959
    ));
#233 = CARTESIAN_POINT('',(-5.083869730252,0.766849191847,7.873124725483
    ));
#234 = CARTESIAN_POINT('',(-4.442744153701,-1.517175730439,
    7.990312678187));
#235 = CARTESIAN_POINT('',(-1.517175783613,-4.44274420278,8.224687689389
    ));
#236 = CARTESIAN_POINT('',(0.766849109874,-5.083870629947,8.341875642095
    ));
#237 = CARTESIAN_POINT('',(3.329781325742,-4.374331949471,8.459060650602
    ));
#238 = CARTESIAN_POINT('',(5.235135537493,-2.168463480071,8.576254264696
    ));
#239 = CARTESIAN_POINT('',(5.447626837409,0.73860996645,8.693433064841)
  );
#240 = CARTESIAN_POINT('',(4.137086804333,3.052593158723,8.810628199999)
  );
#241 = CARTESIAN_POINT('',(2.06868829961,4.2143007619,8.927811708396));
#242 = CARTESIAN_POINT('',(-2.068688280722,4.214298878041,9.16218865918)
  );
#243 = CARTESIAN_POINT('',(-4.137087036251,3.052598962228,9.279372167577
    ));
#244 = CARTESIAN_POINT('',(-5.447626219396,0.738601183406,9.396567302732
    ));
#245 = CARTESIAN_POINT('',(-5.235136188966,-2.168455602002,
    9.513746102883));
#246 = CARTESIAN_POINT('',(-3.329781016468,-4.374335949898,
    9.630939716971));
#247 = CARTESIAN_POINT('',(-0.766849191845,-5.083869730252,
    9.748124725481));
#248 = CARTESIAN_POINT('',(1.517175730439,-4.4427441537,9.865312678186)
  );
#249 = CARTESIAN_POINT('',(4.44274420278,-1.517175783614,10.099687689389
    ));
#250 = CARTESIAN_POINT('',(5.08387062995,0.766849109873,10.216875642094)
  );
#251 = CARTESIAN_POINT('',(4.374331949464,3.329781325745,10.33406065061)
  );
#252 = CARTESIAN_POINT('',(2.168463480079,5.235135537486,10.451254264676
    ));
#253 = CARTESIAN_POINT('',(-0.738609966454,5.447626837417,
    10.568433064866));
#254 = CARTESIAN_POINT('',(-3.052593158724,4.137086804329,
    10.685628199981));
#255 = CARTESIAN_POINT('',(-4.214300761896,2.068688299611,
    10.802811708402));
#256 = CARTESIAN_POINT('',(-4.214298878043,-2.068688280722,
    11.037188659177));
#257 = CARTESIAN_POINT('',(-3.052598962226,-4.137087036252,
    11.154372167582));
#258 = CARTESIAN_POINT('',(-0.738601183407,-5.447626219395,
    11.271567302727));
#259 = CARTESIAN_POINT('',(2.168455602003,-5.235136188968,
    11.388746102887));
#260 = CARTESIAN_POINT('',(4.374335949897,-3.329781016467,11.50593971697
    ));
#261 = CARTESIAN_POINT('',(5.083869730252,-0.766849191845,
    11.623124725481));
#262 = CARTESIAN_POINT('',(4.4427441537,1.517175730439,11.740312678186)
  );
#263 = CARTESIAN_POINT('',(1.517175783613,4.44274420278,11.974687689389)
  );
#264 = CARTESIAN_POINT('',(-0.766849109872,5.083870629946,
    12.091875642094));
#265 = CARTESIAN_POINT('',(-3.32978132575,4.374331949481,12.209060650611
    ));
#266 = CARTESIAN_POINT('',(-5.235135537478,2.16846348005,12.326254264675
    ));
#267 = CARTESIAN_POINT('',(-5.447626837424,-0.738609966426,
    12.443433064867));
#268 = CARTESIAN_POINT('',(-4.137086804326,-3.05259315874,
    12.560628199979));
#269 = CARTESIAN_POINT('',(-2.06868829961,-4.214300761893,
    12.677811708404));
#270 = CARTESIAN_POINT('',(2.06868828072,-4.214298878049,12.91218865917)
  );
#271 = CARTESIAN_POINT('',(4.137087036263,-3.052598962209,
    13.029372167603));
#272 = CARTESIAN_POINT('',(5.447626219374,-0.73860118343,13.146567302697
    ));
#273 = CARTESIAN_POINT('',(5.235136188988,2.16845560202,13.26374610291)
  );
#274 = CARTESIAN_POINT('',(3.329781016456,4.37433594989,13.38093971696)
  );
#275 = CARTESIAN_POINT('',(0.766849191848,5.083869730252,13.498124725482
    ));
#276 = CARTESIAN_POINT('',(-1.517175730439,4.442744153701,
    13.615312678187));
#277 = CARTESIAN_POINT('',(-4.44274420278,1.517175783613,13.849687689389
    ));
#278 = CARTESIAN_POINT('',(-5.083870629947,-0.766849109871,
    13.966875642095));
#279 = CARTESIAN_POINT('',(-4.374331949474,-3.329781325753,
    14.084060650606));
#280 = CARTESIAN_POINT('',(-2.168463480064,-5.235135537472,
    14.201254264686));
#281 = CARTESIAN_POINT('',(0.738609966441,-5.447626837431,
    14.318433064855));
#282 = CARTESIAN_POINT('',(3.05259315873,-4.137086804321,14.435628199988
    ));
#283 = CARTESIAN_POINT('',(4.214300761896,-2.068688299611,
    14.552811708401));
#284 = CARTESIAN_POINT('',(4.214298878047,2.068688280721,14.787188659171
    ));
#285 = CARTESIAN_POINT('',(3.052598962211,4.13708703626,14.9043721676));
#286 = CARTESIAN_POINT('',(0.738601183429,5.447626219378,15.021567302701
    ));
#287 = CARTESIAN_POINT('',(-2.16845560202,5.235136188984,15.138746102907
    ));
#288 = CARTESIAN_POINT('',(-4.374335949891,3.329781016458,
    15.255939716961));
#289 = CARTESIAN_POINT('',(-5.083869730252,0.766849191847,
    15.373124725482));
#290 = CARTESIAN_POINT('',(-4.442744153701,-1.517175730439,
    15.490312678187));
#291 = CARTESIAN_POINT('',(-1.517175783613,-4.44274420278,
    15.724687689389));
#292 = CARTESIAN_POINT('',(0.766849109873,-5.083870629948,
    15.841875642095));
#293 = CARTESIAN_POINT('',(3.329781325744,-4.374331949471,
    15.959060650606));
#294 = CARTESIAN_POINT('',(5.235135537488,-2.16846348007,16.076254264687
    ));
#295 = CARTESIAN_POINT('',(5.447626837415,0.738609966448,16.193433064853
    ));
#296 = CARTESIAN_POINT('',(4.137086804329,3.052593158725,16.31062819999)
  );
#297 = CARTESIAN_POINT('',(2.068688299611,4.214300761897,16.427811708399
    ));
#298 = CARTESIAN_POINT('',(-2.068688280721,4.214298878044,
    16.662188659176));
#299 = CARTESIAN_POINT('',(-4.137087036258,3.052598962222,
    16.779372167585));
#300 = CARTESIAN_POINT('',(-5.447626219383,0.738601183413,
    16.896567302723));
#301 = CARTESIAN_POINT('',(-5.235136188978,-2.168455602007,
    17.013746102889));
#302 = CARTESIAN_POINT('',(-3.329781016462,-4.374335949896,
    17.130939716969));
#303 = CARTESIAN_POINT('',(-0.766849191847,-5.083869730252,
    17.248124725481));
#304 = CARTESIAN_POINT('',(1.517175730439,-4.4427441537,17.365312678187)
  );
#305 = CARTESIAN_POINT('',(4.442744202779,-1.517175783613,
    17.599687689388));
#306 = CARTESIAN_POINT('',(5.083870629947,0.766849109871,17.716875642094
    ));
#307 = CARTESIAN_POINT('',(4.374331949481,3.329781325753,17.834060650614
    ));
#308 = CARTESIAN_POINT('',(2.168463480049,5.235135537472,17.951254264668
    ));
#309 = CARTESIAN_POINT('',(-0.738609966423,5.447626837431,
    18.068433064877));
#310 = CARTESIAN_POINT('',(-3.052593158742,4.137086804322,
    18.185628199972));
#311 = CARTESIAN_POINT('',(-4.214300761893,2.068688299611,
    18.302811708406));
#312 = CARTESIAN_POINT('',(-4.214298878047,-2.068688280721,
    18.537188659171));
#313 = CARTESIAN_POINT('',(-3.052598962216,-4.137087036261,
    18.654372167598));
#314 = CARTESIAN_POINT('',(-0.73860118342,-5.447626219376,
    18.771567302706));
#315 = CARTESIAN_POINT('',(2.168455602012,-5.235136188986,
    18.888746102902));
#316 = CARTESIAN_POINT('',(4.374335949894,-3.329781016457,
    19.005939716964));
#317 = CARTESIAN_POINT('',(5.083869730251,-0.766849191848,
    19.123124725482));
#318 = CARTESIAN_POINT('',(4.442744153701,1.517175730439,19.240312678187
    ));
#319 = CARTESIAN_POINT('',(1.517175783613,4.44274420278,19.474687689389)
  );
#320 = CARTESIAN_POINT('',(-0.766849109873,5.083870629948,
    19.591875642094));
#321 = CARTESIAN_POINT('',(-3.329781325744,4.374331949472,
    19.709060650607));
#322 = CARTESIAN_POINT('',(-5.235135537488,2.168463480068,
    19.826254264685));
#323 = CARTESIAN_POINT('',(-5.447626837414,-0.738609966445,
    19.943433064854));
#324 = CARTESIAN_POINT('',(-4.13708680433,-3.052593158728,20.06062819999
    ));
#325 = CARTESIAN_POINT('',(-2.06868829961,-4.214300761896,
    20.177811708399));
#326 = CARTESIAN_POINT('',(2.068688280722,-4.214298878044,
    20.412188659178));
#327 = CARTESIAN_POINT('',(4.137087036252,-3.052598962221,
    20.529372167582));
#328 = CARTESIAN_POINT('',(5.447626219393,-0.738601183416,
    20.646567302726));
#329 = CARTESIAN_POINT('',(5.235136188969,2.16845560201,20.763746102887)
  );
#330 = CARTESIAN_POINT('',(3.329781016467,4.374335949894,20.880939716969
    ));
#331 = CARTESIAN_POINT('',(0.766849191845,5.083869730253,20.998124725481
    ));
#332 = CARTESIAN_POINT('',(-1.517175730439,4.4427441537,21.115312678187)
  );
#333 = CARTESIAN_POINT('',(-4.44274420278,1.517175783613,21.349687689388
    ));
#334 = CARTESIAN_POINT('',(-5.083870629947,-0.766849109871,
    21.466875642094));
#335 = CARTESIAN_POINT('',(-4.374331949477,-3.329781325752,
    21.584060650612));
#336 = CARTESIAN_POINT('',(-2.168463480057,-5.235135537474,
    21.701254264671));
#337 = CARTESIAN_POINT('',(0.738609966432,-5.447626837429,
    21.818433064872));
#338 = CARTESIAN_POINT('',(3.052593158737,-4.137086804322,
    21.935628199975));
#339 = CARTESIAN_POINT('',(4.214300761893,-2.068688299612,
    22.052811708406));
#340 = CARTESIAN_POINT('',(4.214298878049,2.068688280721,22.287188659168
    ));
#341 = CARTESIAN_POINT('',(3.052598962207,4.137087036262,22.404372167607
    ));
#342 = CARTESIAN_POINT('',(0.738601183433,5.447626219373,22.521567302693
    ));
#343 = CARTESIAN_POINT('',(-2.168455602023,5.235136188989,
    22.638746102913));
#344 = CARTESIAN_POINT('',(-4.37433594989,3.329781016456,22.755939716959
    ));
#345 = CARTESIAN_POINT('',(-5.083869730252,0.766849191848,
    22.873124725482));
#346 = CARTESIAN_POINT('',(-4.442744153701,-1.517175730439,
    22.990312678187));
#347 = CARTESIAN_POINT('',(-1.517175783613,-4.44274420278,
    23.224687689389));
#348 = CARTESIAN_POINT('',(0.766849109871,-5.083870629946,
    23.341875642094));
#349 = CARTESIAN_POINT('',(3.32978132575,-4.374331949477,23.459060650606
    ));
#350 = CARTESIAN_POINT('',(5.235135537478,-2.168463480058,
    23.576254264686));
#351 = CARTESIAN_POINT('',(5.447626837426,0.738609966436,23.693433064855
    ));
#352 = CARTESIAN_POINT('',(4.137086804323,3.052593158734,23.810628199986
    ));
#353 = CARTESIAN_POINT('',(2.068688299612,4.214300761893,23.927811708406
    ));
#354 = CARTESIAN_POINT('',(-2.06868828072,4.214298878058,24.162188659154
    ));
#355 = CARTESIAN_POINT('',(-4.137087036277,3.052598962183,
    24.279372167652));
#356 = CARTESIAN_POINT('',(-5.447626219342,0.738601183465,
    24.396567302631));
#357 = CARTESIAN_POINT('',(-5.235136189021,-2.168455602046,
    24.51374610296));
#358 = CARTESIAN_POINT('',(-3.329781016438,-4.374335949883,
    24.63093971694));
#359 = CARTESIAN_POINT('',(-0.766849191852,-5.08386973025,
    24.748124725484));
#360 = CARTESIAN_POINT('',(1.517175730439,-4.442744153703,
    24.865312678188));
#361 = CARTESIAN_POINT('',(4.442744202781,-1.517175783612,
    25.099687689389));
#362 = CARTESIAN_POINT('',(5.083870629947,0.766849109874,25.216875642096
    ));
#363 = CARTESIAN_POINT('',(4.374331949468,3.329781325739,25.334060650592
    ));
#364 = CARTESIAN_POINT('',(2.168463480081,5.235135537499,25.45125426472)
  );
#365 = CARTESIAN_POINT('',(-0.738609966464,5.447626837405,25.56843306481
    ));
#366 = CARTESIAN_POINT('',(-3.052593158713,4.137086804334,25.68562820002
    ));
#367 = CARTESIAN_POINT('',(-4.214300761902,2.06868829961,25.80281170839)
  );
#368 = CARTESIAN_POINT('',(-4.214298878046,-2.068688280721,
    26.037188659176));
#369 = CARTESIAN_POINT('',(-3.052598962212,-4.137087036261,
    26.154372167593));
#370 = CARTESIAN_POINT('',(-0.73860118343,-5.447626219377,
    26.271567302711));
#371 = CARTESIAN_POINT('',(2.168455602023,-5.235136188986,
    26.388746102896));
#372 = CARTESIAN_POINT('',(4.374335949886,-3.329781016457,26.50593971697
    ));
#373 = CARTESIAN_POINT('',(5.083869730257,-0.766849191847,
    26.623124725476));
#374 = CARTESIAN_POINT('',(4.442744153697,1.517175730439,26.740312678191
    ));
#375 = CARTESIAN_POINT('',(1.517175783621,4.44274420278,26.97468768938)
  );
#376 = CARTESIAN_POINT('',(-0.766849109911,5.083870629945,
    27.091875642136));
#377 = CARTESIAN_POINT('',(-3.329781325656,4.374331949483,
    27.209060650507));
#378 = CARTESIAN_POINT('',(-5.235135537635,2.168463480046,
    27.326254264848));
#379 = CARTESIAN_POINT('',(-5.447626837223,-0.738609966418,
    27.443433064649));
#380 = CARTESIAN_POINT('',(-4.137086804527,-3.052593158751,
    27.560628200193));
#381 = CARTESIAN_POINT('',(-2.068688299453,-4.214300761883,
    27.67781170824));
#382 = CARTESIAN_POINT('',(2.068688280375,-4.214298878071,
    27.912188659526));
#383 = CARTESIAN_POINT('',(4.137087038043,-3.052598962101,
    28.029372165761));
#384 = CARTESIAN_POINT('',(5.447626215001,-0.738601183687,
    28.146567307233));
#385 = CARTESIAN_POINT('',(5.235136196358,2.168455602441,28.263746095251
    ));
#386 = CARTESIAN_POINT('',(3.329781007132,4.374335949368,28.380939726662
    ));
#387 = CARTESIAN_POINT('',(0.766849200984,5.08386973076,28.498124715971)
  );
#388 = CARTESIAN_POINT('',(-1.517175737404,4.442744153314,
    28.615312685439));
#389 = CARTESIAN_POINT('',(-4.442744187691,1.517175784453,
    28.849687673679));
#390 = CARTESIAN_POINT('',(-5.08387070741,-0.766849114185,
    28.966875722745));
#391 = CARTESIAN_POINT('',(-4.37433175936,-3.32978131516,29.084060452663
    ));
#392 = CARTESIAN_POINT('',(-2.168463800402,-5.235135555323,
    29.201254598218));
#393 = CARTESIAN_POINT('',(0.738610371704,-5.447626814855,29.3184326429)
  );
#394 = CARTESIAN_POINT('',(3.05259276163,-4.137086826429,29.435628613438
    ));
#395 = CARTESIAN_POINT('',(4.214301064652,-2.068688282765,
    29.552811393183));
#396 = CARTESIAN_POINT('',(4.214299643439,-1.92661361496E-08,
    29.670000367583));
#397 = PCURVE('',#398,#851);
#398 = B_SPLINE_SURFACE_WITH_KNOTS('',1,8,(
    (#399,#400,#401,#402,#403,#404,#405,#406,#407,#408,#409,#410,#411
      ,#412,#413,#414,#415,#416,#417,#418,#419,#420,#421,#422,#423,#424
      ,#425,#426,#427,#428,#429,#430,#431,#432,#433,#434,#435,#436,#437
      ,#438,#439,#440,#441,#442,#443,#444,#445,#446,#447,#448,#449,#450
      ,#451,#452,#453,#454,#455,#456,#457,#458,#459,#460,#461,#462,#463
      ,#464,#465,#466,#467,#468,#469,#470,#471,#472,#473,#474,#475,#476
      ,#477,#478,#479,#480,#481,#482,#483,#484,#485,#486,#487,#488,#489
      ,#490,#491,#492,#493,#494,#495,#496,#497,#498,#499,#500,#501,#502
      ,#503,#504,#505,#506,#507,#508,#509,#510,#511,#512,#513,#514,#515
      ,#516,#517,#518,#519,#520,#521,#522,#523,#524,#525,#526,#527,#528
      ,#529,#530,#531,#532,#533,#534,#535,#536,#537,#538,#539,#540,#541
      ,#542,#543,#544,#545,#546,#547,#548,#549,#550,#551,#552,#553,#554
      ,#555,#556,#557,#558,#559,#560,#561,#562,#563,#564,#565,#566,#567
      ,#568,#569,#570,#571,#572,#573,#574,#575,#576,#577,#578,#579,#580
      ,#581,#582,#583,#584,#585,#586,#587,#588,#589,#590,#591,#592,#593
      ,#594,#595,#596,#597,#598,#599,#600,#601,#602,#603,#604,#605,#606
      ,#607,#608,#609,#610,#611,#612,#613,#614,#615,#616,#617,#618,#619
      ,#620,#621,#622,#623,#624)
    ,(#625,#626,#627,#628,#629,#630,#631,#632,#633,#634,#635,#636,#637
      ,#638,#639,#640,#641,#642,#643,#644,#645,#646,#647,#648,#649,#650
      ,#651,#652,#653,#654,#655,#656,#657,#658,#659,#660,#661,#662,#663
      ,#664,#665,#666,#667,#668,#669,#670,#671,#672,#673,#674,#675,#676
      ,#677,#678,#679,#680,#681,#682,#683,#684,#685,#686,#687,#688,#689
      ,#690,#691,#692,#693,#694,#695,#696,#697,#698,#699,#700,#701,#702
      ,#703,#704,#705,#706,#707,#708,#709,#710,#711,#712,#713,#714,#715
      ,#716,#717,#718,#719,#720,#721,#722,#723,#724,#725,#726,#727,#728
      ,#729,#730,#731,#732,#733,#734,#735,#736,#737,#738,#739,#740,#741
      ,#742,#743,#744,#745,#746,#747,#748,#749,#750,#751,#752,#753,#754
      ,#755,#756,#757,#758,#759,#760,#761,#762,#763,#764,#765,#766,#767
      ,#768,#769,#770,#771,#772,#773,#774,#775,#776,#777,#778,#779,#780
      ,#781,#782,#783,#784,#785,#786,#787,#788,#789,#790,#791,#792,#793
      ,#794,#795,#796,#797,#798,#799,#800,#801,#802,#803,#804,#805,#806
      ,#807,#808,#809,#810,#811,#812,#813,#814,#815,#816,#817,#818,#819
      ,#820,#821,#822,#823,#824,#825,#826,#827,#828,#829,#830,#831,#832
      ,#833,#834,#835,#836,#837,#838,#839,#840,#841,#842,#843,#844,#845
      ,#846,#847,#848,#849,#850
    )),.UNSPECIFIED.,.F.,.F.,.F.,(2,2),(9,7,7,7,7,7,7,7,7,7,7,7,7,7,7,7,
    7,7,7,7,7,7,7,7,7,7,7,7,7,7,7,7,9),(0.,0.874642784227),(0.,
    4.037346049907,8.074692099815,12.112038149722,16.149384199629,
    20.186730249537,24.224076299444,28.261422349351,32.298768399258,
    36.336114449166,40.373460499073,44.41080654898,48.448152598888,
    52.485498648795,56.522844698702,60.56019074861,64.597536798517,
    68.634882848424,72.672228898331,76.709574948239,80.746920998146,
    84.784267048053,88.821613097961,92.858959147868,96.896305197775,
    100.93365124768,104.97099729759,109.00834334749,113.0456893974,
    117.08303544731,121.12038149721,125.15772754712,129.19507359703),
  .UNSPECIFIED.);
#399 = CARTESIAN_POINT('',(4.2143,1.33226762955E-15,-0.33));
#400 = CARTESIAN_POINT('',(4.214298569295,2.068688264527,-0.212811025633
    ));
#401 = CARTESIAN_POINT('',(3.052599367177,4.137087057492,
    -9.562824581601E-02));
#402 = CARTESIAN_POINT('',(0.738600770134,5.447626197717,
    2.156772461713E-02));
#403 = CARTESIAN_POINT('',(-2.168455275331,5.235136206103,0.138745769404
    ));
#404 = CARTESIAN_POINT('',(-4.374336143774,3.329781006297,0.255939914889
    ));
#405 = CARTESIAN_POINT('',(-5.083869651254,0.766849195989,0.373124644835
    ));
#406 = CARTESIAN_POINT('',(-4.442744169089,-1.517175731246,
    0.490312693896));
#407 = CARTESIAN_POINT('',(-1.51717577651,-4.442744202407,0.724687682137
    ));
#408 = CARTESIAN_POINT('',(0.766849100556,-5.083870630436,0.841875651606
    ));
#409 = CARTESIAN_POINT('',(3.329781335253,-4.374331948974,0.9590606409)
  );
#410 = CARTESIAN_POINT('',(5.235135529972,-2.168463480461,1.076254272356
    ));
#411 = CARTESIAN_POINT('',(5.447626841874,0.738609966678,1.193433060303)
  );
#412 = CARTESIAN_POINT('',(4.137086802514,3.052593158632,1.310628201843)
  );
#413 = CARTESIAN_POINT('',(2.068688299963,4.214300761916,1.427811708039)
  );
#414 = CARTESIAN_POINT('',(-2.068688280884,4.214298878035,1.662188659341
    ));
#415 = CARTESIAN_POINT('',(-4.137087036043,3.052598962232,1.779372167372
    ));
#416 = CARTESIAN_POINT('',(-5.447626219603,0.738601183404,1.896567302937
    ));
#417 = CARTESIAN_POINT('',(-5.235136188804,-2.168455602,2.01374610272));
#418 = CARTESIAN_POINT('',(-3.329781016565,-4.374335949901,2.13093971707
    ));
#419 = CARTESIAN_POINT('',(-0.766849191804,-5.083869730249,
    2.248124725439));
#420 = CARTESIAN_POINT('',(1.517175730431,-4.442744153701,2.365312678195
    ));
#421 = CARTESIAN_POINT('',(4.442744202784,-1.517175783613,2.599687689385
    ));
#422 = CARTESIAN_POINT('',(5.083870629941,0.766849109873,2.716875642099)
  );
#423 = CARTESIAN_POINT('',(4.374331949483,3.329781325744,2.834060650602)
  );
#424 = CARTESIAN_POINT('',(2.168463480053,5.23513553749,2.951254264689)
  );
#425 = CARTESIAN_POINT('',(-0.738609966433,5.447626837412,3.068433064852
    ));
#426 = CARTESIAN_POINT('',(-3.052593158733,4.137086804332,3.18562819999)
  );
#427 = CARTESIAN_POINT('',(-4.214300761897,2.06868829961,3.302811708399)
  );
#428 = CARTESIAN_POINT('',(-4.214298878044,-2.068688280721,
    3.537188659176));
#429 = CARTESIAN_POINT('',(-3.05259896222,-4.137087036256,3.654372167587
    ));
#430 = CARTESIAN_POINT('',(-0.738601183417,-5.447626219386,
    3.771567302718));
#431 = CARTESIAN_POINT('',(2.16845560201,-5.235136188976,3.888746102893)
  );
#432 = CARTESIAN_POINT('',(4.374335949894,-3.329781016463,4.005939716967
    ));
#433 = CARTESIAN_POINT('',(5.083869730252,-0.766849191846,4.123124725482
    ));
#434 = CARTESIAN_POINT('',(4.4427441537,1.517175730439,4.240312678187));
#435 = CARTESIAN_POINT('',(1.517175783613,4.44274420278,4.474687689389)
  );
#436 = CARTESIAN_POINT('',(-0.766849109872,5.083870629943,4.591875642094
    ));
#437 = CARTESIAN_POINT('',(-3.329781325749,4.374331949489,4.709060650608
    ));
#438 = CARTESIAN_POINT('',(-5.23513553748,2.168463480038,4.826254264682)
  );
#439 = CARTESIAN_POINT('',(-5.447626837423,-0.738609966415,
    4.943433064859));
#440 = CARTESIAN_POINT('',(-4.137086804325,-3.052593158744,
    5.060628199986));
#441 = CARTESIAN_POINT('',(-2.068688299612,-4.214300761895,5.1778117084)
  );
#442 = CARTESIAN_POINT('',(2.068688280723,-4.214298878044,5.412188659177
    ));
#443 = CARTESIAN_POINT('',(4.137087036251,-3.052598962223,5.529372167583
    ));
#444 = CARTESIAN_POINT('',(5.447626219394,-0.738601183412,5.646567302724
    ));
#445 = CARTESIAN_POINT('',(5.235136188968,2.168455602006,5.763746102888)
  );
#446 = CARTESIAN_POINT('',(3.329781016467,4.374335949896,5.880939716969)
  );
#447 = CARTESIAN_POINT('',(0.766849191845,5.083869730252,5.998124725481)
  );
#448 = CARTESIAN_POINT('',(-1.517175730439,4.4427441537,6.115312678186)
  );
#449 = CARTESIAN_POINT('',(-4.44274420278,1.517175783613,6.349687689389)
  );
#450 = CARTESIAN_POINT('',(-5.083870629948,-0.766849109873,
    6.466875642094));
#451 = CARTESIAN_POINT('',(-4.374331949472,-3.329781325746,6.58406065061
    ));
#452 = CARTESIAN_POINT('',(-2.168463480066,-5.235135537484,
    6.701254264677));
#453 = CARTESIAN_POINT('',(0.738609966443,-5.447626837419,6.818433064864
    ));
#454 = CARTESIAN_POINT('',(3.05259315873,-4.137086804328,6.935628199981)
  );
#455 = CARTESIAN_POINT('',(4.214300761895,-2.06868829961,7.052811708404)
  );
#456 = CARTESIAN_POINT('',(4.214298878048,2.068688280721,7.28718865917)
  );
#457 = CARTESIAN_POINT('',(3.05259896221,4.137087036261,7.404372167604)
  );
#458 = CARTESIAN_POINT('',(0.73860118343,5.447626219377,7.521567302696)
  );
#459 = CARTESIAN_POINT('',(-2.16845560202,5.235136188985,7.638746102911)
  );
#460 = CARTESIAN_POINT('',(-4.374335949891,3.329781016458,7.755939716959
    ));
#461 = CARTESIAN_POINT('',(-5.083869730252,0.766849191847,7.873124725483
    ));
#462 = CARTESIAN_POINT('',(-4.442744153701,-1.517175730439,
    7.990312678187));
#463 = CARTESIAN_POINT('',(-1.517175783613,-4.44274420278,8.224687689389
    ));
#464 = CARTESIAN_POINT('',(0.766849109874,-5.083870629947,8.341875642095
    ));
#465 = CARTESIAN_POINT('',(3.329781325742,-4.374331949471,8.459060650602
    ));
#466 = CARTESIAN_POINT('',(5.235135537493,-2.168463480071,8.576254264696
    ));
#467 = CARTESIAN_POINT('',(5.447626837409,0.73860996645,8.693433064841)
  );
#468 = CARTESIAN_POINT('',(4.137086804333,3.052593158723,8.810628199999)
  );
#469 = CARTESIAN_POINT('',(2.06868829961,4.2143007619,8.927811708396));
#470 = CARTESIAN_POINT('',(-2.068688280722,4.214298878041,9.16218865918)
  );
#471 = CARTESIAN_POINT('',(-4.137087036251,3.052598962228,9.279372167577
    ));
#472 = CARTESIAN_POINT('',(-5.447626219396,0.738601183406,9.396567302732
    ));
#473 = CARTESIAN_POINT('',(-5.235136188966,-2.168455602002,
    9.513746102883));
#474 = CARTESIAN_POINT('',(-3.329781016468,-4.374335949898,
    9.630939716971));
#475 = CARTESIAN_POINT('',(-0.766849191845,-5.083869730252,
    9.748124725481));
#476 = CARTESIAN_POINT('',(1.517175730439,-4.4427441537,9.865312678186)
  );
#477 = CARTESIAN_POINT('',(4.44274420278,-1.517175783614,10.099687689389
    ));
#478 = CARTESIAN_POINT('',(5.08387062995,0.766849109873,10.216875642094)
  );
#479 = CARTESIAN_POINT('',(4.374331949464,3.329781325745,10.33406065061)
  );
#480 = CARTESIAN_POINT('',(2.168463480079,5.235135537486,10.451254264676
    ));
#481 = CARTESIAN_POINT('',(-0.738609966454,5.447626837417,
    10.568433064866));
#482 = CARTESIAN_POINT('',(-3.052593158724,4.137086804329,
    10.685628199981));
#483 = CARTESIAN_POINT('',(-4.214300761896,2.068688299611,
    10.802811708402));
#484 = CARTESIAN_POINT('',(-4.214298878043,-2.068688280722,
    11.037188659177));
#485 = CARTESIAN_POINT('',(-3.052598962226,-4.137087036252,
    11.154372167582));
#486 = CARTESIAN_POINT('',(-0.738601183407,-5.447626219395,
    11.271567302727));
#487 = CARTESIAN_POINT('',(2.168455602003,-5.235136188968,
    11.388746102887));
#488 = CARTESIAN_POINT('',(4.374335949897,-3.329781016467,11.50593971697
    ));
#489 = CARTESIAN_POINT('',(5.083869730252,-0.766849191845,
    11.623124725481));
#490 = CARTESIAN_POINT('',(4.4427441537,1.517175730439,11.740312678186)
  );
#491 = CARTESIAN_POINT('',(1.517175783613,4.44274420278,11.974687689389)
  );
#492 = CARTESIAN_POINT('',(-0.766849109872,5.083870629946,
    12.091875642094));
#493 = CARTESIAN_POINT('',(-3.32978132575,4.374331949481,12.209060650611
    ));
#494 = CARTESIAN_POINT('',(-5.235135537478,2.16846348005,12.326254264675
    ));
#495 = CARTESIAN_POINT('',(-5.447626837424,-0.738609966426,
    12.443433064867));
#496 = CARTESIAN_POINT('',(-4.137086804326,-3.05259315874,
    12.560628199979));
#497 = CARTESIAN_POINT('',(-2.06868829961,-4.214300761893,
    12.677811708404));
#498 = CARTESIAN_POINT('',(2.06868828072,-4.214298878049,12.91218865917)
  );
#499 = CARTESIAN_POINT('',(4.137087036263,-3.052598962209,
    13.029372167603));
#500 = CARTESIAN_POINT('',(5.447626219374,-0.73860118343,13.146567302697
    ));
#501 = CARTESIAN_POINT('',(5.235136188988,2.16845560202,13.26374610291)
  );
#502 = CARTESIAN_POINT('',(3.329781016456,4.37433594989,13.38093971696)
  );
#503 = CARTESIAN_POINT('',(0.766849191848,5.083869730252,13.498124725482
    ));
#504 = CARTESIAN_POINT('',(-1.517175730439,4.442744153701,
    13.615312678187));
#505 = CARTESIAN_POINT('',(-4.44274420278,1.517175783613,13.849687689389
    ));
#506 = CARTESIAN_POINT('',(-5.083870629947,-0.766849109871,
    13.966875642095));
#507 = CARTESIAN_POINT('',(-4.374331949474,-3.329781325753,
    14.084060650606));
#508 = CARTESIAN_POINT('',(-2.168463480064,-5.235135537472,
    14.201254264686));
#509 = CARTESIAN_POINT('',(0.738609966441,-5.447626837431,
    14.318433064855));
#510 = CARTESIAN_POINT('',(3.05259315873,-4.137086804321,14.435628199988
    ));
#511 = CARTESIAN_POINT('',(4.214300761896,-2.068688299611,
    14.552811708401));
#512 = CARTESIAN_POINT('',(4.214298878047,2.068688280721,14.787188659171
    ));
#513 = CARTESIAN_POINT('',(3.052598962211,4.13708703626,14.9043721676));
#514 = CARTESIAN_POINT('',(0.738601183429,5.447626219378,15.021567302701
    ));
#515 = CARTESIAN_POINT('',(-2.16845560202,5.235136188984,15.138746102907
    ));
#516 = CARTESIAN_POINT('',(-4.374335949891,3.329781016458,
    15.255939716961));
#517 = CARTESIAN_POINT('',(-5.083869730252,0.766849191847,
    15.373124725482));
#518 = CARTESIAN_POINT('',(-4.442744153701,-1.517175730439,
    15.490312678187));
#519 = CARTESIAN_POINT('',(-1.517175783613,-4.44274420278,
    15.724687689389));
#520 = CARTESIAN_POINT('',(0.766849109873,-5.083870629948,
    15.841875642095));
#521 = CARTESIAN_POINT('',(3.329781325744,-4.374331949471,
    15.959060650606));
#522 = CARTESIAN_POINT('',(5.235135537488,-2.16846348007,16.076254264687
    ));
#523 = CARTESIAN_POINT('',(5.447626837415,0.738609966448,16.193433064853
    ));
#524 = CARTESIAN_POINT('',(4.137086804329,3.052593158725,16.31062819999)
  );
#525 = CARTESIAN_POINT('',(2.068688299611,4.214300761897,16.427811708399
    ));
#526 = CARTESIAN_POINT('',(-2.068688280721,4.214298878044,
    16.662188659176));
#527 = CARTESIAN_POINT('',(-4.137087036258,3.052598962222,
    16.779372167585));
#528 = CARTESIAN_POINT('',(-5.447626219383,0.738601183413,
    16.896567302723));
#529 = CARTESIAN_POINT('',(-5.235136188978,-2.168455602007,
    17.013746102889));
#530 = CARTESIAN_POINT('',(-3.329781016462,-4.374335949896,
    17.130939716969));
#531 = CARTESIAN_POINT('',(-0.766849191847,-5.083869730252,
    17.248124725481));
#532 = CARTESIAN_POINT('',(1.517175730439,-4.4427441537,17.365312678187)
  );
#533 = CARTESIAN_POINT('',(4.442744202779,-1.517175783613,
    17.599687689388));
#534 = CARTESIAN_POINT('',(5.083870629947,0.766849109871,17.716875642094
    ));
#535 = CARTESIAN_POINT('',(4.374331949481,3.329781325753,17.834060650614
    ));
#536 = CARTESIAN_POINT('',(2.168463480049,5.235135537472,17.951254264668
    ));
#537 = CARTESIAN_POINT('',(-0.738609966423,5.447626837431,
    18.068433064877));
#538 = CARTESIAN_POINT('',(-3.052593158742,4.137086804322,
    18.185628199972));
#539 = CARTESIAN_POINT('',(-4.214300761893,2.068688299611,
    18.302811708406));
#540 = CARTESIAN_POINT('',(-4.214298878047,-2.068688280721,
    18.537188659171));
#541 = CARTESIAN_POINT('',(-3.052598962216,-4.137087036261,
    18.654372167598));
#542 = CARTESIAN_POINT('',(-0.73860118342,-5.447626219376,
    18.771567302706));
#543 = CARTESIAN_POINT('',(2.168455602012,-5.235136188986,
    18.888746102902));
#544 = CARTESIAN_POINT('',(4.374335949894,-3.329781016457,
    19.005939716964));
#545 = CARTESIAN_POINT('',(5.083869730251,-0.766849191848,
    19.123124725482));
#546 = CARTESIAN_POINT('',(4.442744153701,1.517175730439,19.240312678187
    ));
#547 = CARTESIAN_POINT('',(1.517175783613,4.44274420278,19.474687689389)
  );
#548 = CARTESIAN_POINT('',(-0.766849109873,5.083870629948,
    19.591875642094));
#549 = CARTESIAN_POINT('',(-3.329781325744,4.374331949472,
    19.709060650607));
#550 = CARTESIAN_POINT('',(-5.235135537488,2.168463480068,
    19.826254264685));
#551 = CARTESIAN_POINT('',(-5.447626837414,-0.738609966445,
    19.943433064854));
#552 = CARTESIAN_POINT('',(-4.13708680433,-3.052593158728,20.06062819999
    ));
#553 = CARTESIAN_POINT('',(-2.06868829961,-4.214300761896,
    20.177811708399));
#554 = CARTESIAN_POINT('',(2.068688280722,-4.214298878044,
    20.412188659178));
#555 = CARTESIAN_POINT('',(4.137087036252,-3.052598962221,
    20.529372167582));
#556 = CARTESIAN_POINT('',(5.447626219393,-0.738601183416,
    20.646567302726));
#557 = CARTESIAN_POINT('',(5.235136188969,2.16845560201,20.763746102887)
  );
#558 = CARTESIAN_POINT('',(3.329781016467,4.374335949894,20.880939716969
    ));
#559 = CARTESIAN_POINT('',(0.766849191845,5.083869730253,20.998124725481
    ));
#560 = CARTESIAN_POINT('',(-1.517175730439,4.4427441537,21.115312678187)
  );
#561 = CARTESIAN_POINT('',(-4.44274420278,1.517175783613,21.349687689388
    ));
#562 = CARTESIAN_POINT('',(-5.083870629947,-0.766849109871,
    21.466875642094));
#563 = CARTESIAN_POINT('',(-4.374331949477,-3.329781325752,
    21.584060650612));
#564 = CARTESIAN_POINT('',(-2.168463480057,-5.235135537474,
    21.701254264671));
#565 = CARTESIAN_POINT('',(0.738609966432,-5.447626837429,
    21.818433064872));
#566 = CARTESIAN_POINT('',(3.052593158737,-4.137086804322,
    21.935628199975));
#567 = CARTESIAN_POINT('',(4.214300761893,-2.068688299612,
    22.052811708406));
#568 = CARTESIAN_POINT('',(4.214298878049,2.068688280721,22.287188659168
    ));
#569 = CARTESIAN_POINT('',(3.052598962207,4.137087036262,22.404372167607
    ));
#570 = CARTESIAN_POINT('',(0.738601183433,5.447626219373,22.521567302693
    ));
#571 = CARTESIAN_POINT('',(-2.168455602023,5.235136188989,
    22.638746102913));
#572 = CARTESIAN_POINT('',(-4.37433594989,3.329781016456,22.755939716959
    ));
#573 = CARTESIAN_POINT('',(-5.083869730252,0.766849191848,
    22.873124725482));
#574 = CARTESIAN_POINT('',(-4.442744153701,-1.517175730439,
    22.990312678187));
#575 = CARTESIAN_POINT('',(-1.517175783613,-4.44274420278,
    23.224687689389));
#576 = CARTESIAN_POINT('',(0.766849109871,-5.083870629946,
    23.341875642094));
#577 = CARTESIAN_POINT('',(3.32978132575,-4.374331949477,23.459060650606
    ));
#578 = CARTESIAN_POINT('',(5.235135537478,-2.168463480058,
    23.576254264686));
#579 = CARTESIAN_POINT('',(5.447626837426,0.738609966436,23.693433064855
    ));
#580 = CARTESIAN_POINT('',(4.137086804323,3.052593158734,23.810628199986
    ));
#581 = CARTESIAN_POINT('',(2.068688299612,4.214300761893,23.927811708406
    ));
#582 = CARTESIAN_POINT('',(-2.06868828072,4.214298878058,24.162188659154
    ));
#583 = CARTESIAN_POINT('',(-4.137087036277,3.052598962183,
    24.279372167652));
#584 = CARTESIAN_POINT('',(-5.447626219342,0.738601183465,
    24.396567302631));
#585 = CARTESIAN_POINT('',(-5.235136189021,-2.168455602046,
    24.51374610296));
#586 = CARTESIAN_POINT('',(-3.329781016438,-4.374335949883,
    24.63093971694));
#587 = CARTESIAN_POINT('',(-0.766849191852,-5.08386973025,
    24.748124725484));
#588 = CARTESIAN_POINT('',(1.517175730439,-4.442744153703,
    24.865312678188));
#589 = CARTESIAN_POINT('',(4.442744202781,-1.517175783612,
    25.099687689389));
#590 = CARTESIAN_POINT('',(5.083870629947,0.766849109874,25.216875642096
    ));
#591 = CARTESIAN_POINT('',(4.374331949468,3.329781325739,25.334060650592
    ));
#592 = CARTESIAN_POINT('',(2.168463480081,5.235135537499,25.45125426472)
  );
#593 = CARTESIAN_POINT('',(-0.738609966464,5.447626837405,25.56843306481
    ));
#594 = CARTESIAN_POINT('',(-3.052593158713,4.137086804334,25.68562820002
    ));
#595 = CARTESIAN_POINT('',(-4.214300761902,2.06868829961,25.80281170839)
  );
#596 = CARTESIAN_POINT('',(-4.214298878046,-2.068688280721,
    26.037188659176));
#597 = CARTESIAN_POINT('',(-3.052598962212,-4.137087036261,
    26.154372167593));
#598 = CARTESIAN_POINT('',(-0.73860118343,-5.447626219377,
    26.271567302711));
#599 = CARTESIAN_POINT('',(2.168455602023,-5.235136188986,
    26.388746102896));
#600 = CARTESIAN_POINT('',(4.374335949886,-3.329781016457,26.50593971697
    ));
#601 = CARTESIAN_POINT('',(5.083869730257,-0.766849191847,
    26.623124725476));
#602 = CARTESIAN_POINT('',(4.442744153697,1.517175730439,26.740312678191
    ));
#603 = CARTESIAN_POINT('',(1.517175783621,4.44274420278,26.97468768938)
  );
#604 = CARTESIAN_POINT('',(-0.766849109911,5.083870629945,
    27.091875642136));
#605 = CARTESIAN_POINT('',(-3.329781325656,4.374331949483,
    27.209060650507));
#606 = CARTESIAN_POINT('',(-5.235135537635,2.168463480046,
    27.326254264848));
#607 = CARTESIAN_POINT('',(-5.447626837223,-0.738609966418,
    27.443433064649));
#608 = CARTESIAN_POINT('',(-4.137086804527,-3.052593158751,
    27.560628200193));
#609 = CARTESIAN_POINT('',(-2.068688299453,-4.214300761883,
    27.67781170824));
#610 = CARTESIAN_POINT('',(2.068688280375,-4.214298878071,
    27.912188659526));
#611 = CARTESIAN_POINT('',(4.137087038043,-3.052598962101,
    28.029372165761));
#612 = CARTESIAN_POINT('',(5.447626215001,-0.738601183687,
    28.146567307233));
#613 = CARTESIAN_POINT('',(5.235136196358,2.168455602441,28.263746095251
    ));
#614 = CARTESIAN_POINT('',(3.329781007132,4.374335949368,28.380939726662
    ));
#615 = CARTESIAN_POINT('',(0.766849200984,5.08386973076,28.498124715971)
  );
#616 = CARTESIAN_POINT('',(-1.517175737404,4.442744153314,
    28.615312685439));
#617 = CARTESIAN_POINT('',(-4.442744187691,1.517175784453,
    28.849687673679));
#618 = CARTESIAN_POINT('',(-5.08387070741,-0.766849114185,
    28.966875722745));
#619 = CARTESIAN_POINT('',(-4.37433175936,-3.32978131516,29.084060452663
    ));
#620 = CARTESIAN_POINT('',(-2.168463800402,-5.235135555323,
    29.201254598218));
#621 = CARTESIAN_POINT('',(0.738610371704,-5.447626814855,29.3184326429)
  );
#622 = CARTESIAN_POINT('',(3.05259276163,-4.137086826429,29.435628613438
    ));
#623 = CARTESIAN_POINT('',(4.214301064652,-2.068688282765,
    29.552811393183));
#624 = CARTESIAN_POINT('',(4.214299643439,-1.92661361496E-08,
    29.670000367583));
#625 = CARTESIAN_POINT('',(5.0243,0.,-5.551115123126E-17));
#626 = CARTESIAN_POINT('',(5.024300000036,2.466299322886,0.11718546397)
  );
#627 = CARTESIAN_POINT('',(3.639313851401,4.932235957683,0.234379482316)
  );
#628 = CARTESIAN_POINT('',(0.880567259914,6.494691920873,0.351555285054)
  );
#629 = CARTESIAN_POINT('',(-2.585244122811,6.241328518892,0.468755842251
    ));
#630 = CARTESIAN_POINT('',(-5.215092113648,3.969782887279,0.585934165153
    ));
#631 = CARTESIAN_POINT('',(-6.061004538554,0.914237189417,0.703125490466
    ));
#632 = CARTESIAN_POINT('',(-5.296652056256,-1.808781125793,
    0.820312232239));
#633 = CARTESIAN_POINT('',(-1.808781098977,-5.296652066566,
    1.054687248478));
#634 = CARTESIAN_POINT('',(0.914237227475,-6.061004531965,1.171874100164
    ));
#635 = CARTESIAN_POINT('',(3.969782900442,-5.215092095924,1.289065067326
    ));
#636 = CARTESIAN_POINT('',(6.241328556822,-2.585244084833,1.406244100085
    ));
#637 = CARTESIAN_POINT('',(6.494691885612,0.880567288443,1.523443631005)
  );
#638 = CARTESIAN_POINT('',(4.93223596836,3.639313883083,1.640620578411)
  );
#639 = CARTESIAN_POINT('',(2.466299273459,5.024300008925,1.75781359366)
  );
#640 = CARTESIAN_POINT('',(-2.466299300068,5.0242999959,1.992185899005)
  );
#641 = CARTESIAN_POINT('',(-4.932235987612,3.639313856824,2.109378911725
    ));
#642 = CARTESIAN_POINT('',(-6.494691890328,0.880567254382,2.226555867371
    ));
#643 = CARTESIAN_POINT('',(-6.241328543037,-2.585244118439,2.34375538196
    ));
#644 = CARTESIAN_POINT('',(-3.96978287295,-5.215092116243,2.460934438331
    ));
#645 = CARTESIAN_POINT('',(-0.914237195255,-6.061004537496,
    2.578125379156));
#646 = CARTESIAN_POINT('',(1.80878112693,-5.296652056462,2.695312253921)
  );
#647 = CARTESIAN_POINT('',(5.296652066041,-1.808781098882,2.929687238469
    ));
#648 = CARTESIAN_POINT('',(6.061004532652,0.914237227351,3.046874113292)
  );
#649 = CARTESIAN_POINT('',(5.215092095228,3.969782900566,3.164065053927)
  );
#650 = CARTESIAN_POINT('',(2.585244085377,6.241328556727,3.281244110675)
  );
#651 = CARTESIAN_POINT('',(-0.880567288761,6.494691885665,3.39844362472)
  );
#652 = CARTESIAN_POINT('',(-3.639313882955,4.932235968338,3.515620580972
    ));
#653 = CARTESIAN_POINT('',(-5.02430000895,2.466299273464,3.632813593161)
  );
#654 = CARTESIAN_POINT('',(-5.024299995889,-2.466299300071,
    3.867185899235));
#655 = CARTESIAN_POINT('',(-3.639313856836,-4.932235987608,
    3.984378911424));
#656 = CARTESIAN_POINT('',(-0.880567254371,-6.494691890333,4.10155586768
    ));
#657 = CARTESIAN_POINT('',(2.585244118431,-6.241328543033,4.218755381715
    ));
#658 = CARTESIAN_POINT('',(5.215092116248,-3.969782872952,4.335934438476
    ));
#659 = CARTESIAN_POINT('',(6.061004537494,-0.914237195255,4.453125379096
    ));
#660 = CARTESIAN_POINT('',(5.296652056463,1.80878112693,4.570312253933)
  );
#661 = CARTESIAN_POINT('',(1.808781098881,5.296652066041,4.804687238463)
  );
#662 = CARTESIAN_POINT('',(-0.914237227351,6.061004532649,4.921874113299
    ));
#663 = CARTESIAN_POINT('',(-3.969782900568,5.215092095237,5.039065053921
    ));
#664 = CARTESIAN_POINT('',(-6.241328556724,2.585244085361,5.156244110681
    ));
#665 = CARTESIAN_POINT('',(-6.494691885669,-0.880567288746,
    5.273443624715));
#666 = CARTESIAN_POINT('',(-4.932235968335,-3.639313882964,
    5.390620580974));
#667 = CARTESIAN_POINT('',(-2.466299273465,-5.024300008949,5.50781359316
    ));
#668 = CARTESIAN_POINT('',(2.466299300071,-5.024299995889,5.742185899235
    ));
#669 = CARTESIAN_POINT('',(4.932235987606,-3.639313856837,5.859378911423
    ));
#670 = CARTESIAN_POINT('',(6.494691890336,-0.880567254369,5.976555867681
    ));
#671 = CARTESIAN_POINT('',(6.241328543031,2.585244118429,6.093755381713)
  );
#672 = CARTESIAN_POINT('',(3.969782872954,5.215092116249,6.210934438478)
  );
#673 = CARTESIAN_POINT('',(0.914237195254,6.061004537493,6.328125379095)
  );
#674 = CARTESIAN_POINT('',(-1.80878112693,5.296652056463,6.445312253933)
  );
#675 = CARTESIAN_POINT('',(-5.296652066041,1.808781098881,6.679687238463
    ));
#676 = CARTESIAN_POINT('',(-6.061004532654,-0.91423722735,6.796874113299
    ));
#677 = CARTESIAN_POINT('',(-5.215092095221,-3.969782900569,
    6.914065053921));
#678 = CARTESIAN_POINT('',(-2.585244085389,-6.241328556722,7.03124411068
    ));
#679 = CARTESIAN_POINT('',(0.880567288773,-6.494691885671,7.148443624716
    ));
#680 = CARTESIAN_POINT('',(3.639313882948,-4.932235968335,7.265620580974
    ));
#681 = CARTESIAN_POINT('',(5.024300008951,-2.466299273465,7.38281359316)
  );
#682 = CARTESIAN_POINT('',(5.024299995889,2.466299300071,7.617185899237)
  );
#683 = CARTESIAN_POINT('',(3.639313856835,4.932235987607,7.734378911422)
  );
#684 = CARTESIAN_POINT('',(0.880567254372,6.494691890333,7.851555867678)
  );
#685 = CARTESIAN_POINT('',(-2.585244118432,6.241328543032,7.96875538172)
  );
#686 = CARTESIAN_POINT('',(-5.215092116247,3.969782872952,8.085934438471
    ));
#687 = CARTESIAN_POINT('',(-6.061004537494,0.914237195254,8.203125379099
    ));
#688 = CARTESIAN_POINT('',(-5.296652056463,-1.80878112693,8.320312253932
    ));
#689 = CARTESIAN_POINT('',(-1.808781098881,-5.296652066041,
    8.554687238463));
#690 = CARTESIAN_POINT('',(0.914237227351,-6.061004532653,8.671874113301
    ));
#691 = CARTESIAN_POINT('',(3.969782900567,-5.215092095222,8.789065053918
    ));
#692 = CARTESIAN_POINT('',(6.241328556726,-2.585244085387,8.906244110682
    ));
#693 = CARTESIAN_POINT('',(6.494691885667,0.88056728877,9.023443624716)
  );
#694 = CARTESIAN_POINT('',(4.932235968337,3.63931388295,9.140620580972)
  );
#695 = CARTESIAN_POINT('',(2.466299273465,5.024300008952,9.257813593162)
  );
#696 = CARTESIAN_POINT('',(-2.466299300071,5.024299995888,9.492185899234
    ));
#697 = CARTESIAN_POINT('',(-4.932235987607,3.639313856839,9.609378911423
    ));
#698 = CARTESIAN_POINT('',(-6.494691890334,0.880567254367,9.726555867682
    ));
#699 = CARTESIAN_POINT('',(-6.241328543032,-2.585244118427,
    9.843755381711));
#700 = CARTESIAN_POINT('',(-3.969782872953,-5.21509211625,9.96093443848)
  );
#701 = CARTESIAN_POINT('',(-0.914237195254,-6.061004537493,
    10.078125379095));
#702 = CARTESIAN_POINT('',(1.80878112693,-5.296652056463,10.195312253933
    ));
#703 = CARTESIAN_POINT('',(5.296652066041,-1.808781098881,
    10.429687238463));
#704 = CARTESIAN_POINT('',(6.061004532656,0.914237227351,10.546874113299
    ));
#705 = CARTESIAN_POINT('',(5.215092095213,3.969782900568,10.664065053922
    ));
#706 = CARTESIAN_POINT('',(2.585244085402,6.241328556724,10.781244110681
    ));
#707 = CARTESIAN_POINT('',(-0.880567288785,6.494691885669,
    10.898443624715));
#708 = CARTESIAN_POINT('',(-3.639313882943,4.932235968337,
    11.015620580975));
#709 = CARTESIAN_POINT('',(-5.024300008951,2.466299273464,11.13281359316
    ));
#710 = CARTESIAN_POINT('',(-5.024299995888,-2.466299300071,
    11.367185899234));
#711 = CARTESIAN_POINT('',(-3.639313856839,-4.932235987607,
    11.484378911425));
#712 = CARTESIAN_POINT('',(-0.880567254367,-6.494691890334,
    11.601555867679));
#713 = CARTESIAN_POINT('',(2.585244118427,-6.241328543032,
    11.718755381714));
#714 = CARTESIAN_POINT('',(5.215092116249,-3.969782872953,
    11.835934438478));
#715 = CARTESIAN_POINT('',(6.061004537493,-0.914237195254,
    11.953125379096));
#716 = CARTESIAN_POINT('',(5.296652056463,1.80878112693,12.070312253933)
  );
#717 = CARTESIAN_POINT('',(1.808781098881,5.296652066041,12.304687238463
    ));
#718 = CARTESIAN_POINT('',(-0.91423722735,6.061004532651,12.421874113298
    ));
#719 = CARTESIAN_POINT('',(-3.969782900571,5.215092095229,
    12.539065053922));
#720 = CARTESIAN_POINT('',(-6.241328556718,2.585244085375,12.65624411068
    ));
#721 = CARTESIAN_POINT('',(-6.494691885674,-0.880567288759,
    12.773443624716));
#722 = CARTESIAN_POINT('',(-4.932235968334,-3.639313882957,
    12.890620580974));
#723 = CARTESIAN_POINT('',(-2.466299273465,-5.024300008949,
    13.00781359316));
#724 = CARTESIAN_POINT('',(2.466299300071,-5.02429999589,13.242185899236
    ));
#725 = CARTESIAN_POINT('',(4.932235987608,-3.639313856834,
    13.359378911424));
#726 = CARTESIAN_POINT('',(6.494691890333,-0.880567254374,
    13.476555867675));
#727 = CARTESIAN_POINT('',(6.241328543033,2.585244118434,13.593755381723
    ));
#728 = CARTESIAN_POINT('',(3.969782872952,5.215092116246,13.71093443847)
  );
#729 = CARTESIAN_POINT('',(0.914237195255,6.061004537494,13.8281253791)
  );
#730 = CARTESIAN_POINT('',(-1.80878112693,5.296652056463,13.945312253932
    ));
#731 = CARTESIAN_POINT('',(-5.296652066041,1.808781098881,
    14.179687238464));
#732 = CARTESIAN_POINT('',(-6.061004532653,-0.914237227349,
    14.296874113298));
#733 = CARTESIAN_POINT('',(-5.215092095225,-3.969782900574,
    14.414065053923));
#734 = CARTESIAN_POINT('',(-2.585244085382,-6.241328556713,
    14.531244110676));
#735 = CARTESIAN_POINT('',(0.880567288765,-6.49469188568,14.648443624721
    ));
#736 = CARTESIAN_POINT('',(3.639313882953,-4.93223596833,14.76562058097)
  );
#737 = CARTESIAN_POINT('',(5.02430000895,-2.466299273465,14.882813593161
    ));
#738 = CARTESIAN_POINT('',(5.02429999589,2.466299300071,15.117185899236)
  );
#739 = CARTESIAN_POINT('',(3.639313856834,4.932235987607,15.234378911423
    ));
#740 = CARTESIAN_POINT('',(0.880567254375,6.494691890334,15.351555867677
    ));
#741 = CARTESIAN_POINT('',(-2.585244118435,6.241328543032,
    15.468755381721));
#742 = CARTESIAN_POINT('',(-5.215092116246,3.969782872952,
    15.585934438471));
#743 = CARTESIAN_POINT('',(-6.061004537494,0.914237195254,
    15.703125379099));
#744 = CARTESIAN_POINT('',(-5.296652056463,-1.80878112693,
    15.820312253932));
#745 = CARTESIAN_POINT('',(-1.808781098881,-5.296652066041,
    16.054687238464));
#746 = CARTESIAN_POINT('',(0.914237227351,-6.061004532653,
    16.171874113298));
#747 = CARTESIAN_POINT('',(3.969782900566,-5.215092095222,
    16.289065053923));
#748 = CARTESIAN_POINT('',(6.241328556727,-2.585244085388,
    16.406244110676));
#749 = CARTESIAN_POINT('',(6.494691885667,0.880567288772,16.523443624721
    ));
#750 = CARTESIAN_POINT('',(4.932235968337,3.63931388295,16.64062058097)
  );
#751 = CARTESIAN_POINT('',(2.466299273465,5.02430000895,16.757813593162)
  );
#752 = CARTESIAN_POINT('',(-2.466299300071,5.024299995889,
    16.992185899234));
#753 = CARTESIAN_POINT('',(-4.932235987608,3.639313856836,
    17.109378911428));
#754 = CARTESIAN_POINT('',(-6.494691890332,0.880567254372,
    17.226555867673));
#755 = CARTESIAN_POINT('',(-6.241328543033,-2.585244118432,
    17.343755381721));
#756 = CARTESIAN_POINT('',(-3.969782872952,-5.215092116247,
    17.460934438473));
#757 = CARTESIAN_POINT('',(-0.914237195255,-6.061004537494,
    17.578125379097));
#758 = CARTESIAN_POINT('',(1.80878112693,-5.296652056463,17.695312253933
    ));
#759 = CARTESIAN_POINT('',(5.296652066041,-1.808781098881,
    17.929687238464));
#760 = CARTESIAN_POINT('',(6.061004532651,0.91423722735,18.046874113296)
  );
#761 = CARTESIAN_POINT('',(5.215092095229,3.969782900569,18.164065053927
    ));
#762 = CARTESIAN_POINT('',(2.585244085375,6.241328556723,18.281244110674
    ));
#763 = CARTESIAN_POINT('',(-0.880567288759,6.494691885669,18.39844362472
    ));
#764 = CARTESIAN_POINT('',(-3.639313882957,4.932235968336,
    18.515620580974));
#765 = CARTESIAN_POINT('',(-5.02430000895,2.466299273464,18.63281359316)
  );
#766 = CARTESIAN_POINT('',(-5.024299995889,-2.46629930007,
    18.867185899235));
#767 = CARTESIAN_POINT('',(-3.639313856837,-4.93223598761,
    18.984378911428));
#768 = CARTESIAN_POINT('',(-0.88056725437,-6.49469189033,19.10155586767)
  );
#769 = CARTESIAN_POINT('',(2.58524411843,-6.241328543036,19.218755381725
    ));
#770 = CARTESIAN_POINT('',(5.215092116248,-3.96978287295,19.33593443847)
  );
#771 = CARTESIAN_POINT('',(6.061004537494,-0.914237195255,
    19.453125379099));
#772 = CARTESIAN_POINT('',(5.296652056463,1.80878112693,19.570312253933)
  );
#773 = CARTESIAN_POINT('',(1.808781098881,5.296652066041,19.804687238463
    ));
#774 = CARTESIAN_POINT('',(-0.914237227351,6.061004532653,19.9218741133)
  );
#775 = CARTESIAN_POINT('',(-3.969782900568,5.215092095222,
    20.039065053919));
#776 = CARTESIAN_POINT('',(-6.241328556723,2.585244085387,
    20.156244110683));
#777 = CARTESIAN_POINT('',(-6.49469188567,-0.88056728877,20.273443624713
    ));
#778 = CARTESIAN_POINT('',(-4.932235968336,-3.639313882952,
    20.390620580975));
#779 = CARTESIAN_POINT('',(-2.466299273464,-5.024300008949,
    20.50781359316));
#780 = CARTESIAN_POINT('',(2.466299300072,-5.02429999589,20.742185899235
    ));
#781 = CARTESIAN_POINT('',(4.932235987604,-3.639313856834,
    20.859378911422));
#782 = CARTESIAN_POINT('',(6.494691890338,-0.880567254375,
    20.976555867683));
#783 = CARTESIAN_POINT('',(6.241328543028,2.585244118434,21.093755381711
    ));
#784 = CARTESIAN_POINT('',(3.969782872954,5.215092116246,21.210934438479
    ));
#785 = CARTESIAN_POINT('',(0.914237195254,6.061004537494,21.328125379095
    ));
#786 = CARTESIAN_POINT('',(-1.80878112693,5.296652056463,21.445312253933
    ));
#787 = CARTESIAN_POINT('',(-5.296652066041,1.808781098881,
    21.679687238464));
#788 = CARTESIAN_POINT('',(-6.061004532652,-0.91423722735,
    21.796874113298));
#789 = CARTESIAN_POINT('',(-5.215092095225,-3.969782900571,
    21.914065053924));
#790 = CARTESIAN_POINT('',(-2.585244085381,-6.241328556719,
    22.031244110676));
#791 = CARTESIAN_POINT('',(0.880567288766,-6.494691885675,
    22.148443624719));
#792 = CARTESIAN_POINT('',(3.639313882953,-4.932235968333,
    22.265620580974));
#793 = CARTESIAN_POINT('',(5.02430000895,-2.466299273466,22.382813593159
    ));
#794 = CARTESIAN_POINT('',(5.02429999589,2.466299300071,22.617185899237)
  );
#795 = CARTESIAN_POINT('',(3.639313856834,4.932235987606,22.734378911423
    ));
#796 = CARTESIAN_POINT('',(0.880567254374,6.494691890334,22.851555867675
    ));
#797 = CARTESIAN_POINT('',(-2.585244118434,6.241328543032,
    22.968755381723));
#798 = CARTESIAN_POINT('',(-5.215092116246,3.969782872953,
    23.085934438469));
#799 = CARTESIAN_POINT('',(-6.061004537494,0.914237195254,23.2031253791)
  );
#800 = CARTESIAN_POINT('',(-5.296652056463,-1.80878112693,
    23.320312253932));
#801 = CARTESIAN_POINT('',(-1.808781098881,-5.296652066041,
    23.554687238464));
#802 = CARTESIAN_POINT('',(0.914237227349,-6.061004532651,
    23.671874113298));
#803 = CARTESIAN_POINT('',(3.969782900572,-5.215092095229,
    23.789065053925));
#804 = CARTESIAN_POINT('',(6.241328556717,-2.585244085375,
    23.906244110673));
#805 = CARTESIAN_POINT('',(6.494691885676,0.880567288759,24.023443624725
    ));
#806 = CARTESIAN_POINT('',(4.932235968333,3.639313882957,24.140620580967
    ));
#807 = CARTESIAN_POINT('',(2.466299273465,5.024300008949,24.257813593162
    ));
#808 = CARTESIAN_POINT('',(-2.46629930007,5.02429999589,24.49218589924)
  );
#809 = CARTESIAN_POINT('',(-4.93223598761,3.639313856835,24.609378911424
    ));
#810 = CARTESIAN_POINT('',(-6.494691890329,0.880567254372,24.72655586766
    ));
#811 = CARTESIAN_POINT('',(-6.241328543036,-2.585244118431,
    24.843755381748));
#812 = CARTESIAN_POINT('',(-3.969782872951,-5.215092116247,
    24.960934438449));
#813 = CARTESIAN_POINT('',(-0.914237195255,-6.061004537494,
    25.078125379109));
#814 = CARTESIAN_POINT('',(1.808781126929,-5.296652056463,
    25.195312253931));
#815 = CARTESIAN_POINT('',(5.296652066041,-1.808781098881,
    25.429687238463));
#816 = CARTESIAN_POINT('',(6.061004532653,0.91423722735,25.546874113301)
  );
#817 = CARTESIAN_POINT('',(5.215092095224,3.96978290057,25.664065053918)
  );
#818 = CARTESIAN_POINT('',(2.585244085384,6.241328556719,25.781244110679
    ));
#819 = CARTESIAN_POINT('',(-0.880567288766,6.494691885675,
    25.898443624725));
#820 = CARTESIAN_POINT('',(-3.639313882954,4.932235968332,
    26.015620580963));
#821 = CARTESIAN_POINT('',(-5.024300008949,2.466299273466,
    26.132813593166));
#822 = CARTESIAN_POINT('',(-5.024299995891,-2.466299300071,
    26.367185899234));
#823 = CARTESIAN_POINT('',(-3.639313856831,-4.932235987606,
    26.484378911427));
#824 = CARTESIAN_POINT('',(-0.880567254378,-6.494691890334,
    26.60155586767));
#825 = CARTESIAN_POINT('',(2.585244118438,-6.241328543032,
    26.718755381729));
#826 = CARTESIAN_POINT('',(5.215092116244,-3.969782872952,
    26.835934438463));
#827 = CARTESIAN_POINT('',(6.061004537494,-0.914237195255,
    26.953125379106));
#828 = CARTESIAN_POINT('',(5.296652056463,1.80878112693,27.070312253927)
  );
#829 = CARTESIAN_POINT('',(1.808781098881,5.296652066041,27.304687238476
    ));
#830 = CARTESIAN_POINT('',(-0.91423722735,6.061004532655,27.421874113237
    ));
#831 = CARTESIAN_POINT('',(-3.969782900572,5.215092095219,
    27.539065054072));
#832 = CARTESIAN_POINT('',(-6.241328556718,2.585244085391,
    27.656244110428));
#833 = CARTESIAN_POINT('',(-6.494691885675,-0.880567288778,
    27.773443625032));
#834 = CARTESIAN_POINT('',(-4.932235968334,-3.63931388294,
    27.890620580669));
#835 = CARTESIAN_POINT('',(-2.466299273464,-5.024300008961,
    28.00781359339));
#836 = CARTESIAN_POINT('',(2.466299300067,-5.024299995864,28.24218589874
    ));
#837 = CARTESIAN_POINT('',(4.93223598763,-3.639313856968,28.359378913979
    ));
#838 = CARTESIAN_POINT('',(6.494691890275,-0.880567254045,
    28.476555861395));
#839 = CARTESIAN_POINT('',(6.241328543132,2.585244117878,28.593755392314
    ));
#840 = CARTESIAN_POINT('',(3.969782872825,5.215092116949,28.710934425065
    ));
#841 = CARTESIAN_POINT('',(0.91423719538,6.061004536805,28.828125392236)
  );
#842 = CARTESIAN_POINT('',(-1.808781127025,5.296652056988,
    28.945312243917));
#843 = CARTESIAN_POINT('',(-5.296652065834,1.808781097744,
    29.179687260158));
#844 = CARTESIAN_POINT('',(-6.061004533715,-0.914237221513,
    29.296874001928));
#845 = CARTESIAN_POINT('',(-5.215092092617,-3.969782914895,
    29.41406532725));
#846 = CARTESIAN_POINT('',(-2.585244089777,-6.241328532582,
    29.531243650128));
#847 = CARTESIAN_POINT('',(0.880567294325,-6.494691916213,
    29.648444207369));
#848 = CARTESIAN_POINT('',(3.639313877507,-4.932235938407,
    29.765620010051));
#849 = CARTESIAN_POINT('',(5.024300013101,-2.466299296283,
    29.882814028448));
#850 = CARTESIAN_POINT('',(5.0243,2.66073529048E-08,29.999999492385));
#851 = DEFINITIONAL_REPRESENTATION('',(#852),#856);
#852 = LINE('',#853,#854);
#853 = CARTESIAN_POINT('',(0.,0.));
#854 = VECTOR('',#855,1.);
#855 = DIRECTION('',(0.,1.));
#856 = ( GEOMETRIC_REPRESENTATION_CONTEXT(2) 
PARAMETRIC_REPRESENTATION_CONTEXT() REPRESENTATION_CONTEXT('2D SPACE',''
  ) );
#857 = PCURVE('',#858,#1311);
#858 = B_SPLINE_SURFACE_WITH_KNOTS('',1,8,(
    (#859,#860,#861,#862,#863,#864,#865,#866,#867,#868,#869,#870,#871
      ,#872,#873,#874,#875,#876,#877,#878,#879,#880,#881,#882,#883,#884
      ,#885,#886,#887,#888,#889,#890,#891,#892,#893,#894,#895,#896,#897
      ,#898,#899,#900,#901,#902,#903,#904,#905,#906,#907,#908,#909,#910
      ,#911,#912,#913,#914,#915,#916,#917,#918,#919,#920,#921,#922,#923
      ,#924,#925,#926,#927,#928,#929,#930,#931,#932,#933,#934,#935,#936
      ,#937,#938,#939,#940,#941,#942,#943,#944,#945,#946,#947,#948,#949
      ,#950,#951,#952,#953,#954,#955,#956,#957,#958,#959,#960,#961,#962
      ,#963,#964,#965,#966,#967,#968,#969,#970,#971,#972,#973,#974,#975
      ,#976,#977,#978,#979,#980,#981,#982,#983,#984,#985,#986,#987,#988
      ,#989,#990,#991,#992,#993,#994,#995,#996,#997,#998,#999,#1000
      ,#1001,#1002,#1003,#1004,#1005,#1006,#1007,#1008,#1009,#1010,#1011
      ,#1012,#1013,#1014,#1015,#1016,#1017,#1018,#1019,#1020,#1021,#1022
      ,#1023,#1024,#1025,#1026,#1027,#1028,#1029,#1030,#1031,#1032,#1033
      ,#1034,#1035,#1036,#1037,#1038,#1039,#1040,#1041,#1042,#1043,#1044
      ,#1045,#1046,#1047,#1048,#1049,#1050,#1051,#1052,#1053,#1054,#1055
      ,#1056,#1057,#1058,#1059,#1060,#1061,#1062,#1063,#1064,#1065,#1066
      ,#1067,#1068,#1069,#1070,#1071,#1072,#1073,#1074,#1075,#1076,#1077
      ,#1078,#1079,#1080,#1081,#1082,#1083,#1084)
    ,(#1085,#1086,#1087,#1088,#1089,#1090,#1091,#1092,#1093,#1094,#1095
      ,#1096,#1097,#1098,#1099,#1100,#1101,#1102,#1103,#1104,#1105,#1106
      ,#1107,#1108,#1109,#1110,#1111,#1112,#1113,#1114,#1115,#1116,#1117
      ,#1118,#1119,#1120,#1121,#1122,#1123,#1124,#1125,#1126,#1127,#1128
      ,#1129,#1130,#1131,#1132,#1133,#1134,#1135,#1136,#1137,#1138,#1139
      ,#1140,#1141,#1142,#1143,#1144,#1145,#1146,#1147,#1148,#1149,#1150
      ,#1151,#1152,#1153,#1154,#1155,#1156,#1157,#1158,#1159,#1160,#1161
      ,#1162,#1163,#1164,#1165,#1166,#1167,#1168,#1169,#1170,#1171,#1172
      ,#1173,#1174,#1175,#1176,#1177,#1178,#1179,#1180,#1181,#1182,#1183
      ,#1184,#1185,#1186,#1187,#1188,#1189,#1190,#1191,#1192,#1193,#1194
      ,#1195,#1196,#1197,#1198,#1199,#1200,#1201,#1202,#1203,#1204,#1205
      ,#1206,#1207,#1208,#1209,#1210,#1211,#1212,#1213,#1214,#1215,#1216
      ,#1217,#1218,#1219,#1220,#1221,#1222,#1223,#1224,#1225,#1226,#1227
      ,#1228,#1229,#1230,#1231,#1232,#1233,#1234,#1235,#1236,#1237,#1238
      ,#1239,#1240,#1241,#1242,#1243,#1244,#1245,#1246,#1247,#1248,#1249
      ,#1250,#1251,#1252,#1253,#1254,#1255,#1256,#1257,#1258,#1259,#1260
      ,#1261,#1262,#1263,#1264,#1265,#1266,#1267,#1268,#1269,#1270,#1271
      ,#1272,#1273,#1274,#1275,#1276,#1277,#1278,#1279,#1280,#1281,#1282
      ,#1283,#1284,#1285,#1286,#1287,#1288,#1289,#1290,#1291,#1292,#1293
      ,#1294,#1295,#1296,#1297,#1298,#1299,#1300,#1301,#1302,#1303,#1304
      ,#1305,#1306,#1307,#1308,#1309,#1310
    )),.UNSPECIFIED.,.F.,.F.,.F.,(2,2),(9,7,7,7,7,7,7,7,7,7,7,7,7,7,7,7,
    7,7,7,7,7,7,7,7,7,7,7,7,7,7,7,7,9),(0.,0.66),(0.,4.037346049907,
    8.074692099815,12.112038149722,16.149384199629,20.186730249537,
    24.224076299444,28.261422349351,32.298768399258,36.336114449166,
    40.373460499073,44.41080654898,48.448152598888,52.485498648795,
    56.522844698702,60.56019074861,64.597536798517,68.634882848424,
    72.672228898331,76.709574948239,80.746920998146,84.784267048053,
    88.821613097961,92.858959147868,96.896305197775,100.93365124768,
    104.97099729759,109.00834334749,113.0456893974,117.08303544731,
    121.12038149721,125.15772754712,129.19507359703),.UNSPECIFIED.);
#859 = CARTESIAN_POINT('',(4.2143,0.,0.33));
#860 = CARTESIAN_POINT('',(4.214301430645,2.068688438527,0.447188974367)
  );
#861 = CARTESIAN_POINT('',(3.052593038842,4.137087162476,0.564371754183)
  );
#862 = CARTESIAN_POINT('',(0.738610459065,5.447627272412,0.681567724618)
  );
#863 = CARTESIAN_POINT('',(-2.168463959907,5.235136008128,0.798745769402
    ));
#864 = CARTESIAN_POINT('',(-4.374332114243,3.329781616894,0.91593991489)
  );
#865 = CARTESIAN_POINT('',(-5.083871134026,0.766849202302,1.033124644835
    ));
#866 = CARTESIAN_POINT('',(-4.44274457051,-1.517175892504,1.150312693896
    ));
#867 = CARTESIAN_POINT('',(-1.517175886077,-4.442744522259,
    1.384687682137));
#868 = CARTESIAN_POINT('',(0.766849242619,-5.083870164391,1.501875651605
    ));
#869 = CARTESIAN_POINT('',(3.329781268862,-4.374336334693,1.619060640905
    ));
#870 = CARTESIAN_POINT('',(5.235136629352,-2.168455809817,1.736254272347
    ));
#871 = CARTESIAN_POINT('',(5.447626679293,0.738601221244,1.853433060313)
  );
#872 = CARTESIAN_POINT('',(4.137087402014,3.052599201476,1.970628201837)
  );
#873 = CARTESIAN_POINT('',(2.068688474664,4.214299225161,2.08781170804)
  );
#874 = CARTESIAN_POINT('',(-2.068688455208,4.2143011279,2.322188659341)
  );
#875 = CARTESIAN_POINT('',(-4.137087140601,3.052593435921,2.439372167372
    ));
#876 = CARTESIAN_POINT('',(-5.447627294734,0.738610053828,2.556567302937
    ));
#877 = CARTESIAN_POINT('',(-5.235135990485,-2.168463639589,
    2.673746102719));
#878 = CARTESIAN_POINT('',(-3.329781627366,-4.374332304349,
    2.790939717071));
#879 = CARTESIAN_POINT('',(-0.766849198035,-5.083871056565,
    2.908124725439));
#880 = CARTESIAN_POINT('',(1.517175891672,-4.442744585599,3.025312678195
    ));
#881 = CARTESIAN_POINT('',(4.442744522643,-1.517175879112,3.259687689385
    ));
#882 = CARTESIAN_POINT('',(5.083870163886,0.766849233483,3.376875642098)
  );
#883 = CARTESIAN_POINT('',(4.374336335213,3.329781278186,3.494060650606)
  );
#884 = CARTESIAN_POINT('',(2.1684558094,5.235136621982,3.61125426468));
#885 = CARTESIAN_POINT('',(-0.738601220991,5.447626683667,3.728433064862
    ));
#886 = CARTESIAN_POINT('',(-3.052599201581,4.137087400231,3.845628199984
    ));
#887 = CARTESIAN_POINT('',(-4.21429922514,2.068688475012,3.962811708401)
  );
#888 = CARTESIAN_POINT('',(-4.21430112791,-2.068688455368,4.197188659175
    ));
#889 = CARTESIAN_POINT('',(-3.052593435905,-4.137087140392,
    4.314372167587));
#890 = CARTESIAN_POINT('',(-0.738610053846,-5.447627294946,
    4.431567302719));
#891 = CARTESIAN_POINT('',(2.168463639603,-5.235135990318,4.548746102892
    ));
#892 = CARTESIAN_POINT('',(4.374332304341,-3.329781627465,4.665939716967
    ));
#893 = CARTESIAN_POINT('',(5.083871056567,-0.766849197994,4.783124725481
    ));
#894 = CARTESIAN_POINT('',(4.442744585598,1.517175891664,4.900312678186)
  );
#895 = CARTESIAN_POINT('',(1.517175879112,4.442744522647,5.134687689389)
  );
#896 = CARTESIAN_POINT('',(-0.766849233482,5.083870163879,5.251875642093
    ));
#897 = CARTESIAN_POINT('',(-3.329781278189,4.374336335227,5.369060650613
    ));
#898 = CARTESIAN_POINT('',(-5.235136621976,2.168455809381,5.486254264672
    ));
#899 = CARTESIAN_POINT('',(-5.447626683675,-0.738601220975,
    5.603433064869));
#900 = CARTESIAN_POINT('',(-4.137087400226,-3.052599201589,5.72062819998
    ));
#901 = CARTESIAN_POINT('',(-2.068688475014,-4.214299225139,
    5.837811708402));
#902 = CARTESIAN_POINT('',(2.06868845537,-4.214301127911,6.072188659176)
  );
#903 = CARTESIAN_POINT('',(4.137087140389,-3.052593435903,6.189372167583
    ));
#904 = CARTESIAN_POINT('',(5.44762729495,-0.738610053847,6.306567302724)
  );
#905 = CARTESIAN_POINT('',(5.235135990315,2.168463639603,6.423746102888)
  );
#906 = CARTESIAN_POINT('',(3.329781627467,4.374332304341,6.540939716969)
  );
#907 = CARTESIAN_POINT('',(0.766849197993,5.083871056567,6.658124725481)
  );
#908 = CARTESIAN_POINT('',(-1.517175891664,4.442744585598,6.775312678186
    ));
#909 = CARTESIAN_POINT('',(-4.442744522647,1.517175879112,7.009687689389
    ));
#910 = CARTESIAN_POINT('',(-5.083870163883,-0.766849233484,
    7.126875642093));
#911 = CARTESIAN_POINT('',(-4.37433633521,-3.329781278184,7.244060650615
    ));
#912 = CARTESIAN_POINT('',(-2.168455809411,-5.235136621984,
    7.361254264668));
#913 = CARTESIAN_POINT('',(0.738601221006,-5.447626683665,7.478433064875
    ));
#914 = CARTESIAN_POINT('',(3.05259920157,-4.137087400232,7.595628199975)
  );
#915 = CARTESIAN_POINT('',(4.214299225143,-2.068688475012,7.712811708405
    ));
#916 = CARTESIAN_POINT('',(4.214301127907,2.068688455369,7.947188659169)
  );
#917 = CARTESIAN_POINT('',(3.052593435912,4.137087140388,8.064372167604)
  );
#918 = CARTESIAN_POINT('',(0.738610053837,5.447627294955,8.181567302696)
  );
#919 = CARTESIAN_POINT('',(-2.168463639597,5.235135990309,8.29874610291)
  );
#920 = CARTESIAN_POINT('',(-4.374332304343,3.32978162747,8.41593971696)
  );
#921 = CARTESIAN_POINT('',(-5.083871056568,0.766849197993,8.533124725482
    ));
#922 = CARTESIAN_POINT('',(-4.442744585598,-1.517175891665,
    8.650312678187));
#923 = CARTESIAN_POINT('',(-1.517175879112,-4.442744522646,
    8.884687689389));
#924 = CARTESIAN_POINT('',(0.766849233483,-5.083870163883,9.001875642094
    ));
#925 = CARTESIAN_POINT('',(3.329781278188,-4.374336335214,9.119060650607
    ));
#926 = CARTESIAN_POINT('',(5.235136621976,-2.1684558094,9.236254264686)
  );
#927 = CARTESIAN_POINT('',(5.447626683674,0.738601220991,9.353433064851)
  );
#928 = CARTESIAN_POINT('',(4.137087400227,3.052599201582,9.470628199993)
  );
#929 = CARTESIAN_POINT('',(2.068688475013,4.214299225139,9.587811708397)
  );
#930 = CARTESIAN_POINT('',(-2.068688455369,4.214301127911,9.822188659179
    ));
#931 = CARTESIAN_POINT('',(-4.137087140392,3.052593435903,9.939372167578
    ));
#932 = CARTESIAN_POINT('',(-5.447627294944,0.738610053847,
    10.056567302732));
#933 = CARTESIAN_POINT('',(-5.23513599032,-2.168463639603,
    10.173746102882));
#934 = CARTESIAN_POINT('',(-3.329781627464,-4.374332304342,
    10.290939716972));
#935 = CARTESIAN_POINT('',(-0.766849197994,-5.083871056567,
    10.408124725481));
#936 = CARTESIAN_POINT('',(1.517175891664,-4.442744585599,
    10.525312678186));
#937 = CARTESIAN_POINT('',(4.442744522647,-1.517175879112,
    10.759687689388));
#938 = CARTESIAN_POINT('',(5.083870163885,0.766849233484,10.876875642093
    ));
#939 = CARTESIAN_POINT('',(4.374336335201,3.329781278183,10.994060650615
    ));
#940 = CARTESIAN_POINT('',(2.168455809428,5.235136621987,11.111254264667
    ));
#941 = CARTESIAN_POINT('',(-0.738601221022,5.447626683664,
    11.228433064876));
#942 = CARTESIAN_POINT('',(-3.052599201563,4.137087400232,
    11.345628199975));
#943 = CARTESIAN_POINT('',(-4.214299225142,2.068688475013,
    11.462811708403));
#944 = CARTESIAN_POINT('',(-4.21430112791,-2.068688455369,
    11.697188659176));
#945 = CARTESIAN_POINT('',(-3.052593435904,-4.137087140389,
    11.814372167582));
#946 = CARTESIAN_POINT('',(-0.738610053846,-5.447627294949,
    11.931567302727));
#947 = CARTESIAN_POINT('',(2.168463639603,-5.235135990316,
    12.048746102885));
#948 = CARTESIAN_POINT('',(4.374332304342,-3.329781627466,12.16593971697
    ));
#949 = CARTESIAN_POINT('',(5.083871056567,-0.766849197994,
    12.283124725481));
#950 = CARTESIAN_POINT('',(4.442744585599,1.517175891664,12.400312678186
    ));
#951 = CARTESIAN_POINT('',(1.517175879112,4.442744522647,12.634687689388
    ));
#952 = CARTESIAN_POINT('',(-0.766849233483,5.083870163881,
    12.751875642093));
#953 = CARTESIAN_POINT('',(-3.329781278187,4.374336335218,
    12.869060650615));
#954 = CARTESIAN_POINT('',(-5.23513662198,2.168455809398,12.986254264666
    ));
#955 = CARTESIAN_POINT('',(-5.447626683668,-0.738601220993,
    13.103433064877));
#956 = CARTESIAN_POINT('',(-4.137087400231,-3.052599201578,
    13.220628199973));
#957 = CARTESIAN_POINT('',(-2.068688475012,-4.214299225141,
    13.337811708406));
#958 = CARTESIAN_POINT('',(2.068688455368,-4.214301127909,
    13.572188659169));
#959 = CARTESIAN_POINT('',(4.137087140389,-3.052593435909,
    13.689372167603));
#960 = CARTESIAN_POINT('',(5.447627294952,-0.738610053841,
    13.806567302698));
#961 = CARTESIAN_POINT('',(5.235135990311,2.1684636396,13.923746102908)
  );
#962 = CARTESIAN_POINT('',(3.329781627469,4.374332304341,14.040939716961
    ));
#963 = CARTESIAN_POINT('',(0.766849197993,5.083871056569,14.158124725482
    ));
#964 = CARTESIAN_POINT('',(-1.517175891664,4.442744585598,
    14.275312678187));
#965 = CARTESIAN_POINT('',(-4.442744522647,1.517175879112,
    14.509687689388));
#966 = CARTESIAN_POINT('',(-5.083870163882,-0.766849233482,
    14.626875642093));
#967 = CARTESIAN_POINT('',(-4.374336335216,-3.329781278193,
    14.744060650611));
#968 = CARTESIAN_POINT('',(-2.1684558094,-5.235136621969,14.861254264676
    ));
#969 = CARTESIAN_POINT('',(0.738601220993,-5.447626683681,
    14.978433064865));
#970 = CARTESIAN_POINT('',(3.052599201579,-4.137087400223,
    15.095628199982));
#971 = CARTESIAN_POINT('',(4.21429922514,-2.068688475013,15.212811708403
    ));
#972 = CARTESIAN_POINT('',(4.214301127909,2.068688455369,15.447188659171
    ));
#973 = CARTESIAN_POINT('',(3.052593435908,4.137087140388,15.5643721676)
  );
#974 = CARTESIAN_POINT('',(0.738610053841,5.447627294953,15.681567302701
    ));
#975 = CARTESIAN_POINT('',(-2.168463639601,5.235135990311,
    15.798746102905));
#976 = CARTESIAN_POINT('',(-4.374332304341,3.329781627469,
    15.915939716962));
#977 = CARTESIAN_POINT('',(-5.083871056568,0.766849197993,
    16.033124725482));
#978 = CARTESIAN_POINT('',(-4.442744585598,-1.517175891664,
    16.150312678187));
#979 = CARTESIAN_POINT('',(-1.517175879112,-4.442744522647,
    16.384687689388));
#980 = CARTESIAN_POINT('',(0.766849233484,-5.083870163882,
    16.501875642093));
#981 = CARTESIAN_POINT('',(3.329781278185,-4.374336335213,16.61906065061
    ));
#982 = CARTESIAN_POINT('',(5.235136621982,-2.168455809405,
    16.736254264677));
#983 = CARTESIAN_POINT('',(5.447626683668,0.738601220998,16.853433064863
    ));
#984 = CARTESIAN_POINT('',(4.13708740023,3.052599201577,16.970628199984)
  );
#985 = CARTESIAN_POINT('',(2.068688475013,4.214299225139,17.087811708401
    ));
#986 = CARTESIAN_POINT('',(-2.068688455368,4.214301127911,
    17.322188659176));
#987 = CARTESIAN_POINT('',(-4.137087140393,3.052593435901,
    17.439372167585));
#988 = CARTESIAN_POINT('',(-5.447627294944,0.738610053851,
    17.556567302723));
#989 = CARTESIAN_POINT('',(-5.235135990319,-2.168463639607,
    17.673746102888));
#990 = CARTESIAN_POINT('',(-3.329781627465,-4.374332304339,
    17.79093971697));
#991 = CARTESIAN_POINT('',(-0.766849197994,-5.083871056568,
    17.908124725481));
#992 = CARTESIAN_POINT('',(1.517175891664,-4.442744585598,
    18.025312678187));
#993 = CARTESIAN_POINT('',(4.442744522647,-1.517175879112,
    18.259687689388));
#994 = CARTESIAN_POINT('',(5.08387016388,0.766849233484,18.376875642092)
  );
#995 = CARTESIAN_POINT('',(4.374336335216,3.329781278184,18.494060650618
    ));
#996 = CARTESIAN_POINT('',(2.168455809403,5.235136621984,18.611254264658
    ));
#997 = CARTESIAN_POINT('',(-0.738601220999,5.447626683666,
    18.728433064887));
#998 = CARTESIAN_POINT('',(-3.052599201574,4.137087400231,
    18.845628199966));
#999 = CARTESIAN_POINT('',(-4.214299225143,2.068688475013,
    18.962811708408));
#1000 = CARTESIAN_POINT('',(-4.214301127908,-2.068688455369,
    19.19718865917));
#1001 = CARTESIAN_POINT('',(-3.052593435908,-4.137087140389,
    19.314372167598));
#1002 = CARTESIAN_POINT('',(-0.738610053842,-5.447627294952,
    19.431567302706));
#1003 = CARTESIAN_POINT('',(2.168463639602,-5.235135990313,
    19.548746102901));
#1004 = CARTESIAN_POINT('',(4.37433230434,-3.329781627468,
    19.665939716964));
#1005 = CARTESIAN_POINT('',(5.083871056569,-0.766849197994,
    19.783124725481));
#1006 = CARTESIAN_POINT('',(4.442744585598,1.517175891664,
    19.900312678187));
#1007 = CARTESIAN_POINT('',(1.517175879112,4.442744522647,
    20.134687689389));
#1008 = CARTESIAN_POINT('',(-0.766849233483,5.083870163883,
    20.251875642093));
#1009 = CARTESIAN_POINT('',(-3.329781278187,4.374336335211,
    20.369060650611));
#1010 = CARTESIAN_POINT('',(-5.235136621979,2.168455809408,
    20.486254264676));
#1011 = CARTESIAN_POINT('',(-5.447626683672,-0.738601221,20.603433064864
    ));
#1012 = CARTESIAN_POINT('',(-4.137087400228,-3.052599201577,
    20.720628199984));
#1013 = CARTESIAN_POINT('',(-2.068688475013,-4.214299225139,
    20.8378117084));
#1014 = CARTESIAN_POINT('',(2.068688455369,-4.214301127912,
    21.072188659177));
#1015 = CARTESIAN_POINT('',(4.137087140391,-3.052593435901,
    21.189372167582));
#1016 = CARTESIAN_POINT('',(5.447627294947,-0.73861005385,
    21.306567302726));
#1017 = CARTESIAN_POINT('',(5.235135990318,2.168463639606,
    21.423746102886));
#1018 = CARTESIAN_POINT('',(3.329781627466,4.37433230434,21.54093971697)
  );
#1019 = CARTESIAN_POINT('',(0.766849197993,5.083871056567,
    21.658124725481));
#1020 = CARTESIAN_POINT('',(-1.517175891664,4.442744585598,
    21.775312678186));
#1021 = CARTESIAN_POINT('',(-4.442744522647,1.517175879112,
    22.009687689388));
#1022 = CARTESIAN_POINT('',(-5.083870163882,-0.766849233483,
    22.126875642092));
#1023 = CARTESIAN_POINT('',(-4.374336335213,-3.329781278185,
    22.244060650617));
#1024 = CARTESIAN_POINT('',(-2.168455809407,-5.235136621982,
    22.361254264662));
#1025 = CARTESIAN_POINT('',(0.738601221003,-5.447626683668,
    22.478433064882));
#1026 = CARTESIAN_POINT('',(3.052599201571,-4.13708740023,
    22.595628199969));
#1027 = CARTESIAN_POINT('',(4.214299225143,-2.068688475013,
    22.712811708407));
#1028 = CARTESIAN_POINT('',(4.214301127907,2.068688455369,
    22.947188659167));
#1029 = CARTESIAN_POINT('',(3.052593435912,4.137087140387,
    23.064372167607));
#1030 = CARTESIAN_POINT('',(0.738610053838,5.447627294956,
    23.181567302693));
#1031 = CARTESIAN_POINT('',(-2.168463639598,5.235135990308,
    23.298746102912));
#1032 = CARTESIAN_POINT('',(-4.374332304342,3.329781627471,
    23.41593971696));
#1033 = CARTESIAN_POINT('',(-5.083871056569,0.766849197992,
    23.533124725482));
#1034 = CARTESIAN_POINT('',(-4.442744585598,-1.517175891664,
    23.650312678187));
#1035 = CARTESIAN_POINT('',(-1.517175879112,-4.442744522647,
    23.884687689388));
#1036 = CARTESIAN_POINT('',(0.766849233482,-5.083870163881,
    24.001875642093));
#1037 = CARTESIAN_POINT('',(3.32978127819,-4.374336335221,
    24.119060650611));
#1038 = CARTESIAN_POINT('',(5.235136621975,-2.168455809391,
    24.236254264676));
#1039 = CARTESIAN_POINT('',(5.447626683673,0.738601220984,
    24.353433064865));
#1040 = CARTESIAN_POINT('',(4.137087400229,3.052599201583,
    24.470628199979));
#1041 = CARTESIAN_POINT('',(2.068688475012,4.214299225141,
    24.587811708408));
#1042 = CARTESIAN_POINT('',(-2.068688455369,4.2143011279,24.822188659153
    ));
#1043 = CARTESIAN_POINT('',(-4.137087140375,3.052593435932,
    24.939372167653));
#1044 = CARTESIAN_POINT('',(-5.447627294981,0.738610053813,
    25.056567302631));
#1045 = CARTESIAN_POINT('',(-5.235135990282,-2.168463639582,
    25.17374610296));
#1046 = CARTESIAN_POINT('',(-3.329781627484,-4.374332304345,
    25.29093971694));
#1047 = CARTESIAN_POINT('',(-0.76684919799,-5.083871056571,
    25.408124725483));
#1048 = CARTESIAN_POINT('',(1.517175891665,-4.442744585596,
    25.525312678188));
#1049 = CARTESIAN_POINT('',(4.442744522646,-1.517175879113,
    25.759687689389));
#1050 = CARTESIAN_POINT('',(5.083870163882,0.766849233482,
    25.876875642095));
#1051 = CARTESIAN_POINT('',(4.374336335222,3.329781278196,
    25.994060650596));
#1052 = CARTESIAN_POINT('',(2.168455809381,5.235136621962,
    26.111254264711));
#1053 = CARTESIAN_POINT('',(-0.738601220967,5.447626683688,
    26.22843306482));
#1054 = CARTESIAN_POINT('',(-3.0525992016,4.137087400221,26.345628200015
    ));
#1055 = CARTESIAN_POINT('',(-4.214299225133,2.068688475013,
    26.462811708391));
#1056 = CARTESIAN_POINT('',(-4.214301127912,-2.068688455368,
    26.697188659175));
#1057 = CARTESIAN_POINT('',(-3.052593435903,-4.137087140392,
    26.814372167593));
#1058 = CARTESIAN_POINT('',(-0.738610053847,-5.447627294948,
    26.931567302712));
#1059 = CARTESIAN_POINT('',(2.168463639603,-5.235135990315,
    27.048746102895));
#1060 = CARTESIAN_POINT('',(4.374332304343,-3.329781627467,
    27.16593971697));
#1061 = CARTESIAN_POINT('',(5.083871056564,-0.766849197993,
    27.283124725476));
#1062 = CARTESIAN_POINT('',(4.442744585602,1.517175891664,
    27.400312678191));
#1063 = CARTESIAN_POINT('',(1.517175879104,4.442744522648,27.63468768938
    ));
#1064 = CARTESIAN_POINT('',(-0.766849233441,5.083870163879,
    27.751875642135));
#1065 = CARTESIAN_POINT('',(-3.329781278291,4.374336335221,
    27.869060650512));
#1066 = CARTESIAN_POINT('',(-5.235136621804,2.168455809395,
    27.986254264839));
#1067 = CARTESIAN_POINT('',(-5.447626683892,-0.738601220987,
    28.103433064659));
#1068 = CARTESIAN_POINT('',(-4.137087400012,-3.052599201586,
    28.220628200187));
#1069 = CARTESIAN_POINT('',(-2.068688475178,-4.214299225134,
    28.337811708242));
#1070 = CARTESIAN_POINT('',(2.068688455724,-4.214301127924,
    28.572188659526));
#1071 = CARTESIAN_POINT('',(4.137087138564,-3.052593435823,
    28.689372165761));
#1072 = CARTESIAN_POINT('',(5.447627299425,-0.738610054063,
    28.806567307233));
#1073 = CARTESIAN_POINT('',(5.235135982784,2.168463639985,28.92374609525
    ));
#1074 = CARTESIAN_POINT('',(3.329781636984,4.374332303846,
    29.040939726662));
#1075 = CARTESIAN_POINT('',(0.766849188674,5.083871057057,
    29.158124715971));
#1076 = CARTESIAN_POINT('',(-1.51717588456,4.442744585225,
    29.275312685439));
#1077 = CARTESIAN_POINT('',(-4.442744538035,1.51717587992,
    29.509687673679));
#1078 = CARTESIAN_POINT('',(-5.083870084882,-0.766849237626,
    29.626875722744));
#1079 = CARTESIAN_POINT('',(-4.374336529104,-3.329781268021,
    29.74406045267));
#1080 = CARTESIAN_POINT('',(-2.168455482703,-5.235136639106,
    29.861254598206));
#1081 = CARTESIAN_POINT('',(0.738600807685,-5.447626662001,
    29.978432642913));
#1082 = CARTESIAN_POINT('',(3.052599606562,-4.137087421467,
    30.09562861343));
#1083 = CARTESIAN_POINT('',(4.214298916374,-2.068688458816,
    30.212811393186));
#1084 = CARTESIAN_POINT('',(4.214300356563,-1.926744843322E-08,
    30.330000367583));
#1085 = CARTESIAN_POINT('',(4.2143,8.881784197001E-16,-0.33));
#1086 = CARTESIAN_POINT('',(4.214298569295,2.068688264527,
    -0.212811025633));
#1087 = CARTESIAN_POINT('',(3.052599367177,4.137087057492,
    -9.5628245816E-02));
#1088 = CARTESIAN_POINT('',(0.738600770134,5.447626197717,
    2.156772461712E-02));
#1089 = CARTESIAN_POINT('',(-2.168455275331,5.235136206104,
    0.138745769404));
#1090 = CARTESIAN_POINT('',(-4.374336143774,3.329781006297,
    0.255939914889));
#1091 = CARTESIAN_POINT('',(-5.083869651254,0.766849195989,
    0.373124644835));
#1092 = CARTESIAN_POINT('',(-4.442744169089,-1.517175731246,
    0.490312693896));
#1093 = CARTESIAN_POINT('',(-1.51717577651,-4.442744202407,
    0.724687682137));
#1094 = CARTESIAN_POINT('',(0.766849100556,-5.083870630436,
    0.841875651606));
#1095 = CARTESIAN_POINT('',(3.329781335253,-4.374331948974,0.9590606409)
  );
#1096 = CARTESIAN_POINT('',(5.235135529972,-2.168463480461,
    1.076254272356));
#1097 = CARTESIAN_POINT('',(5.447626841874,0.738609966678,1.193433060303
    ));
#1098 = CARTESIAN_POINT('',(4.137086802514,3.052593158632,1.310628201843
    ));
#1099 = CARTESIAN_POINT('',(2.068688299963,4.214300761916,1.427811708039
    ));
#1100 = CARTESIAN_POINT('',(-2.068688280884,4.214298878035,
    1.662188659341));
#1101 = CARTESIAN_POINT('',(-4.137087036043,3.052598962232,
    1.779372167372));
#1102 = CARTESIAN_POINT('',(-5.447626219603,0.738601183404,
    1.896567302937));
#1103 = CARTESIAN_POINT('',(-5.235136188804,-2.168455602,2.01374610272)
  );
#1104 = CARTESIAN_POINT('',(-3.329781016565,-4.374335949901,
    2.13093971707));
#1105 = CARTESIAN_POINT('',(-0.766849191804,-5.083869730249,
    2.248124725439));
#1106 = CARTESIAN_POINT('',(1.517175730431,-4.442744153701,
    2.365312678195));
#1107 = CARTESIAN_POINT('',(4.442744202784,-1.517175783613,
    2.599687689385));
#1108 = CARTESIAN_POINT('',(5.083870629941,0.766849109873,2.716875642099
    ));
#1109 = CARTESIAN_POINT('',(4.374331949483,3.329781325744,2.834060650602
    ));
#1110 = CARTESIAN_POINT('',(2.168463480053,5.23513553749,2.951254264689)
  );
#1111 = CARTESIAN_POINT('',(-0.738609966433,5.447626837412,
    3.068433064852));
#1112 = CARTESIAN_POINT('',(-3.052593158733,4.137086804332,3.18562819999
    ));
#1113 = CARTESIAN_POINT('',(-4.214300761897,2.06868829961,3.302811708399
    ));
#1114 = CARTESIAN_POINT('',(-4.214298878044,-2.068688280721,
    3.537188659176));
#1115 = CARTESIAN_POINT('',(-3.05259896222,-4.137087036256,
    3.654372167587));
#1116 = CARTESIAN_POINT('',(-0.738601183417,-5.447626219386,
    3.771567302718));
#1117 = CARTESIAN_POINT('',(2.16845560201,-5.235136188976,3.888746102893
    ));
#1118 = CARTESIAN_POINT('',(4.374335949894,-3.329781016463,
    4.005939716967));
#1119 = CARTESIAN_POINT('',(5.083869730252,-0.766849191846,
    4.123124725482));
#1120 = CARTESIAN_POINT('',(4.4427441537,1.517175730439,4.240312678187)
  );
#1121 = CARTESIAN_POINT('',(1.517175783613,4.44274420278,4.474687689389)
  );
#1122 = CARTESIAN_POINT('',(-0.766849109872,5.083870629943,
    4.591875642094));
#1123 = CARTESIAN_POINT('',(-3.329781325749,4.374331949489,
    4.709060650608));
#1124 = CARTESIAN_POINT('',(-5.235135537479,2.168463480038,
    4.826254264682));
#1125 = CARTESIAN_POINT('',(-5.447626837423,-0.738609966415,
    4.943433064859));
#1126 = CARTESIAN_POINT('',(-4.137086804325,-3.052593158744,
    5.060628199986));
#1127 = CARTESIAN_POINT('',(-2.068688299612,-4.214300761895,5.1778117084
    ));
#1128 = CARTESIAN_POINT('',(2.068688280723,-4.214298878044,
    5.412188659177));
#1129 = CARTESIAN_POINT('',(4.137087036251,-3.052598962223,
    5.529372167583));
#1130 = CARTESIAN_POINT('',(5.447626219394,-0.738601183412,
    5.646567302724));
#1131 = CARTESIAN_POINT('',(5.235136188968,2.168455602006,5.763746102888
    ));
#1132 = CARTESIAN_POINT('',(3.329781016467,4.374335949896,5.880939716969
    ));
#1133 = CARTESIAN_POINT('',(0.766849191845,5.083869730252,5.998124725481
    ));
#1134 = CARTESIAN_POINT('',(-1.517175730439,4.4427441537,6.115312678186)
  );
#1135 = CARTESIAN_POINT('',(-4.44274420278,1.517175783613,6.349687689389
    ));
#1136 = CARTESIAN_POINT('',(-5.083870629948,-0.766849109873,
    6.466875642094));
#1137 = CARTESIAN_POINT('',(-4.374331949472,-3.329781325746,
    6.58406065061));
#1138 = CARTESIAN_POINT('',(-2.168463480066,-5.235135537484,
    6.701254264677));
#1139 = CARTESIAN_POINT('',(0.738609966442,-5.447626837419,
    6.818433064864));
#1140 = CARTESIAN_POINT('',(3.05259315873,-4.137086804328,6.935628199981
    ));
#1141 = CARTESIAN_POINT('',(4.214300761895,-2.06868829961,7.052811708404
    ));
#1142 = CARTESIAN_POINT('',(4.214298878048,2.068688280721,7.28718865917)
  );
#1143 = CARTESIAN_POINT('',(3.05259896221,4.137087036261,7.404372167604)
  );
#1144 = CARTESIAN_POINT('',(0.73860118343,5.447626219377,7.521567302696)
  );
#1145 = CARTESIAN_POINT('',(-2.16845560202,5.235136188985,7.638746102911
    ));
#1146 = CARTESIAN_POINT('',(-4.374335949891,3.329781016458,
    7.755939716959));
#1147 = CARTESIAN_POINT('',(-5.083869730252,0.766849191847,
    7.873124725483));
#1148 = CARTESIAN_POINT('',(-4.442744153701,-1.517175730439,
    7.990312678187));
#1149 = CARTESIAN_POINT('',(-1.517175783613,-4.44274420278,
    8.224687689389));
#1150 = CARTESIAN_POINT('',(0.766849109874,-5.083870629947,
    8.341875642095));
#1151 = CARTESIAN_POINT('',(3.329781325741,-4.374331949471,
    8.459060650602));
#1152 = CARTESIAN_POINT('',(5.235135537493,-2.168463480071,
    8.576254264696));
#1153 = CARTESIAN_POINT('',(5.447626837409,0.73860996645,8.693433064841)
  );
#1154 = CARTESIAN_POINT('',(4.137086804333,3.052593158723,8.810628199999
    ));
#1155 = CARTESIAN_POINT('',(2.06868829961,4.2143007619,8.927811708396));
#1156 = CARTESIAN_POINT('',(-2.068688280722,4.214298878041,9.16218865918
    ));
#1157 = CARTESIAN_POINT('',(-4.137087036251,3.052598962228,
    9.279372167577));
#1158 = CARTESIAN_POINT('',(-5.447626219396,0.738601183406,
    9.396567302732));
#1159 = CARTESIAN_POINT('',(-5.235136188966,-2.168455602002,
    9.513746102883));
#1160 = CARTESIAN_POINT('',(-3.329781016468,-4.374335949898,
    9.630939716971));
#1161 = CARTESIAN_POINT('',(-0.766849191845,-5.083869730252,
    9.748124725481));
#1162 = CARTESIAN_POINT('',(1.517175730439,-4.4427441537,9.865312678186)
  );
#1163 = CARTESIAN_POINT('',(4.44274420278,-1.517175783614,
    10.099687689389));
#1164 = CARTESIAN_POINT('',(5.08387062995,0.766849109873,10.216875642094
    ));
#1165 = CARTESIAN_POINT('',(4.374331949464,3.329781325745,10.33406065061
    ));
#1166 = CARTESIAN_POINT('',(2.168463480079,5.235135537486,
    10.451254264676));
#1167 = CARTESIAN_POINT('',(-0.738609966454,5.447626837417,
    10.568433064866));
#1168 = CARTESIAN_POINT('',(-3.052593158724,4.137086804329,
    10.685628199981));
#1169 = CARTESIAN_POINT('',(-4.214300761896,2.068688299611,
    10.802811708402));
#1170 = CARTESIAN_POINT('',(-4.214298878043,-2.068688280722,
    11.037188659177));
#1171 = CARTESIAN_POINT('',(-3.052598962226,-4.137087036252,
    11.154372167582));
#1172 = CARTESIAN_POINT('',(-0.738601183407,-5.447626219394,
    11.271567302727));
#1173 = CARTESIAN_POINT('',(2.168455602003,-5.235136188968,
    11.388746102887));
#1174 = CARTESIAN_POINT('',(4.374335949897,-3.329781016467,
    11.50593971697));
#1175 = CARTESIAN_POINT('',(5.083869730252,-0.766849191845,
    11.623124725481));
#1176 = CARTESIAN_POINT('',(4.4427441537,1.517175730439,11.740312678186)
  );
#1177 = CARTESIAN_POINT('',(1.517175783613,4.44274420278,11.974687689389
    ));
#1178 = CARTESIAN_POINT('',(-0.766849109872,5.083870629946,
    12.091875642094));
#1179 = CARTESIAN_POINT('',(-3.32978132575,4.374331949481,
    12.209060650611));
#1180 = CARTESIAN_POINT('',(-5.235135537478,2.16846348005,
    12.326254264675));
#1181 = CARTESIAN_POINT('',(-5.447626837424,-0.738609966426,
    12.443433064867));
#1182 = CARTESIAN_POINT('',(-4.137086804326,-3.05259315874,
    12.560628199979));
#1183 = CARTESIAN_POINT('',(-2.06868829961,-4.214300761893,
    12.677811708404));
#1184 = CARTESIAN_POINT('',(2.06868828072,-4.214298878049,12.91218865917
    ));
#1185 = CARTESIAN_POINT('',(4.137087036263,-3.052598962209,
    13.029372167603));
#1186 = CARTESIAN_POINT('',(5.447626219374,-0.73860118343,
    13.146567302697));
#1187 = CARTESIAN_POINT('',(5.235136188987,2.16845560202,13.26374610291)
  );
#1188 = CARTESIAN_POINT('',(3.329781016457,4.37433594989,13.38093971696)
  );
#1189 = CARTESIAN_POINT('',(0.766849191848,5.083869730252,
    13.498124725482));
#1190 = CARTESIAN_POINT('',(-1.517175730439,4.442744153701,
    13.615312678187));
#1191 = CARTESIAN_POINT('',(-4.44274420278,1.517175783613,
    13.849687689389));
#1192 = CARTESIAN_POINT('',(-5.083870629947,-0.766849109871,
    13.966875642095));
#1193 = CARTESIAN_POINT('',(-4.374331949474,-3.329781325753,
    14.084060650606));
#1194 = CARTESIAN_POINT('',(-2.168463480063,-5.235135537472,
    14.201254264686));
#1195 = CARTESIAN_POINT('',(0.738609966441,-5.44762683743,
    14.318433064855));
#1196 = CARTESIAN_POINT('',(3.05259315873,-4.137086804321,
    14.435628199988));
#1197 = CARTESIAN_POINT('',(4.214300761896,-2.068688299611,
    14.552811708401));
#1198 = CARTESIAN_POINT('',(4.214298878047,2.068688280721,
    14.787188659171));
#1199 = CARTESIAN_POINT('',(3.052598962211,4.13708703626,14.9043721676)
  );
#1200 = CARTESIAN_POINT('',(0.738601183429,5.447626219378,
    15.021567302701));
#1201 = CARTESIAN_POINT('',(-2.16845560202,5.235136188984,
    15.138746102907));
#1202 = CARTESIAN_POINT('',(-4.374335949891,3.329781016458,
    15.255939716961));
#1203 = CARTESIAN_POINT('',(-5.083869730252,0.766849191847,
    15.373124725482));
#1204 = CARTESIAN_POINT('',(-4.442744153701,-1.517175730439,
    15.490312678187));
#1205 = CARTESIAN_POINT('',(-1.517175783613,-4.44274420278,
    15.724687689389));
#1206 = CARTESIAN_POINT('',(0.766849109873,-5.083870629948,
    15.841875642095));
#1207 = CARTESIAN_POINT('',(3.329781325745,-4.374331949471,
    15.959060650606));
#1208 = CARTESIAN_POINT('',(5.235135537487,-2.16846348007,
    16.076254264687));
#1209 = CARTESIAN_POINT('',(5.447626837415,0.738609966448,
    16.193433064853));
#1210 = CARTESIAN_POINT('',(4.137086804329,3.052593158725,16.31062819999
    ));
#1211 = CARTESIAN_POINT('',(2.068688299611,4.214300761897,
    16.427811708399));
#1212 = CARTESIAN_POINT('',(-2.068688280721,4.214298878044,
    16.662188659176));
#1213 = CARTESIAN_POINT('',(-4.137087036258,3.052598962222,
    16.779372167585));
#1214 = CARTESIAN_POINT('',(-5.447626219383,0.738601183413,
    16.896567302723));
#1215 = CARTESIAN_POINT('',(-5.235136188978,-2.168455602007,
    17.013746102889));
#1216 = CARTESIAN_POINT('',(-3.329781016461,-4.374335949896,
    17.130939716969));
#1217 = CARTESIAN_POINT('',(-0.766849191847,-5.083869730252,
    17.248124725481));
#1218 = CARTESIAN_POINT('',(1.517175730439,-4.4427441537,17.365312678187
    ));
#1219 = CARTESIAN_POINT('',(4.442744202779,-1.517175783613,
    17.599687689388));
#1220 = CARTESIAN_POINT('',(5.083870629947,0.766849109871,
    17.716875642094));
#1221 = CARTESIAN_POINT('',(4.374331949481,3.329781325753,
    17.834060650614));
#1222 = CARTESIAN_POINT('',(2.168463480049,5.235135537472,
    17.951254264668));
#1223 = CARTESIAN_POINT('',(-0.738609966423,5.447626837431,
    18.068433064877));
#1224 = CARTESIAN_POINT('',(-3.052593158742,4.137086804322,
    18.185628199972));
#1225 = CARTESIAN_POINT('',(-4.214300761893,2.068688299611,
    18.302811708406));
#1226 = CARTESIAN_POINT('',(-4.214298878047,-2.068688280721,
    18.537188659171));
#1227 = CARTESIAN_POINT('',(-3.052598962216,-4.137087036261,
    18.654372167598));
#1228 = CARTESIAN_POINT('',(-0.73860118342,-5.447626219376,
    18.771567302706));
#1229 = CARTESIAN_POINT('',(2.168455602012,-5.235136188986,
    18.888746102902));
#1230 = CARTESIAN_POINT('',(4.374335949894,-3.329781016458,
    19.005939716964));
#1231 = CARTESIAN_POINT('',(5.083869730251,-0.766849191848,
    19.123124725482));
#1232 = CARTESIAN_POINT('',(4.442744153701,1.517175730439,
    19.240312678187));
#1233 = CARTESIAN_POINT('',(1.517175783613,4.44274420278,19.474687689389
    ));
#1234 = CARTESIAN_POINT('',(-0.766849109873,5.083870629948,
    19.591875642094));
#1235 = CARTESIAN_POINT('',(-3.329781325744,4.374331949472,
    19.709060650607));
#1236 = CARTESIAN_POINT('',(-5.235135537489,2.168463480068,
    19.826254264685));
#1237 = CARTESIAN_POINT('',(-5.447626837414,-0.738609966445,
    19.943433064854));
#1238 = CARTESIAN_POINT('',(-4.13708680433,-3.052593158728,
    20.06062819999));
#1239 = CARTESIAN_POINT('',(-2.06868829961,-4.214300761896,
    20.177811708399));
#1240 = CARTESIAN_POINT('',(2.068688280722,-4.214298878044,
    20.412188659178));
#1241 = CARTESIAN_POINT('',(4.137087036252,-3.052598962221,
    20.529372167582));
#1242 = CARTESIAN_POINT('',(5.447626219393,-0.738601183416,
    20.646567302726));
#1243 = CARTESIAN_POINT('',(5.235136188969,2.16845560201,20.763746102887
    ));
#1244 = CARTESIAN_POINT('',(3.329781016467,4.374335949894,
    20.880939716969));
#1245 = CARTESIAN_POINT('',(0.766849191845,5.083869730253,
    20.998124725481));
#1246 = CARTESIAN_POINT('',(-1.517175730439,4.4427441537,21.115312678187
    ));
#1247 = CARTESIAN_POINT('',(-4.44274420278,1.517175783613,
    21.349687689388));
#1248 = CARTESIAN_POINT('',(-5.083870629947,-0.766849109871,
    21.466875642094));
#1249 = CARTESIAN_POINT('',(-4.374331949477,-3.329781325752,
    21.584060650612));
#1250 = CARTESIAN_POINT('',(-2.168463480057,-5.235135537474,
    21.701254264671));
#1251 = CARTESIAN_POINT('',(0.738609966432,-5.447626837429,
    21.818433064872));
#1252 = CARTESIAN_POINT('',(3.052593158737,-4.137086804322,
    21.935628199975));
#1253 = CARTESIAN_POINT('',(4.214300761893,-2.068688299612,
    22.052811708406));
#1254 = CARTESIAN_POINT('',(4.214298878049,2.068688280721,
    22.287188659168));
#1255 = CARTESIAN_POINT('',(3.052598962207,4.137087036262,
    22.404372167607));
#1256 = CARTESIAN_POINT('',(0.738601183433,5.447626219373,
    22.521567302693));
#1257 = CARTESIAN_POINT('',(-2.168455602023,5.235136188989,
    22.638746102913));
#1258 = CARTESIAN_POINT('',(-4.37433594989,3.329781016456,
    22.755939716959));
#1259 = CARTESIAN_POINT('',(-5.083869730252,0.766849191848,
    22.873124725482));
#1260 = CARTESIAN_POINT('',(-4.442744153701,-1.517175730439,
    22.990312678187));
#1261 = CARTESIAN_POINT('',(-1.517175783613,-4.44274420278,
    23.224687689389));
#1262 = CARTESIAN_POINT('',(0.766849109871,-5.083870629946,
    23.341875642094));
#1263 = CARTESIAN_POINT('',(3.32978132575,-4.374331949477,
    23.459060650606));
#1264 = CARTESIAN_POINT('',(5.235135537478,-2.168463480059,
    23.576254264686));
#1265 = CARTESIAN_POINT('',(5.447626837426,0.738609966436,
    23.693433064855));
#1266 = CARTESIAN_POINT('',(4.137086804323,3.052593158733,
    23.810628199986));
#1267 = CARTESIAN_POINT('',(2.068688299612,4.214300761893,
    23.927811708406));
#1268 = CARTESIAN_POINT('',(-2.06868828072,4.214298878058,
    24.162188659154));
#1269 = CARTESIAN_POINT('',(-4.137087036277,3.052598962183,
    24.279372167652));
#1270 = CARTESIAN_POINT('',(-5.447626219342,0.738601183465,
    24.396567302631));
#1271 = CARTESIAN_POINT('',(-5.235136189021,-2.168455602046,
    24.51374610296));
#1272 = CARTESIAN_POINT('',(-3.329781016438,-4.374335949883,
    24.63093971694));
#1273 = CARTESIAN_POINT('',(-0.766849191852,-5.08386973025,
    24.748124725484));
#1274 = CARTESIAN_POINT('',(1.517175730439,-4.442744153703,
    24.865312678188));
#1275 = CARTESIAN_POINT('',(4.442744202781,-1.517175783612,
    25.099687689389));
#1276 = CARTESIAN_POINT('',(5.083870629947,0.766849109874,
    25.216875642096));
#1277 = CARTESIAN_POINT('',(4.374331949468,3.329781325739,
    25.334060650592));
#1278 = CARTESIAN_POINT('',(2.168463480081,5.235135537499,25.45125426472
    ));
#1279 = CARTESIAN_POINT('',(-0.738609966464,5.447626837405,
    25.56843306481));
#1280 = CARTESIAN_POINT('',(-3.052593158713,4.137086804334,
    25.68562820002));
#1281 = CARTESIAN_POINT('',(-4.214300761902,2.06868829961,25.80281170839
    ));
#1282 = CARTESIAN_POINT('',(-4.214298878046,-2.068688280721,
    26.037188659176));
#1283 = CARTESIAN_POINT('',(-3.052598962212,-4.137087036261,
    26.154372167593));
#1284 = CARTESIAN_POINT('',(-0.73860118343,-5.447626219376,
    26.271567302711));
#1285 = CARTESIAN_POINT('',(2.168455602023,-5.235136188986,
    26.388746102896));
#1286 = CARTESIAN_POINT('',(4.374335949886,-3.329781016457,
    26.50593971697));
#1287 = CARTESIAN_POINT('',(5.083869730257,-0.766849191847,
    26.623124725476));
#1288 = CARTESIAN_POINT('',(4.442744153697,1.517175730439,
    26.740312678191));
#1289 = CARTESIAN_POINT('',(1.517175783621,4.44274420278,26.97468768938)
  );
#1290 = CARTESIAN_POINT('',(-0.766849109911,5.083870629945,
    27.091875642136));
#1291 = CARTESIAN_POINT('',(-3.329781325656,4.374331949483,
    27.209060650507));
#1292 = CARTESIAN_POINT('',(-5.235135537635,2.168463480046,
    27.326254264848));
#1293 = CARTESIAN_POINT('',(-5.447626837223,-0.738609966418,
    27.443433064649));
#1294 = CARTESIAN_POINT('',(-4.137086804527,-3.052593158751,
    27.560628200193));
#1295 = CARTESIAN_POINT('',(-2.068688299453,-4.214300761883,
    27.67781170824));
#1296 = CARTESIAN_POINT('',(2.068688280375,-4.214298878071,
    27.912188659526));
#1297 = CARTESIAN_POINT('',(4.137087038043,-3.052598962101,
    28.029372165761));
#1298 = CARTESIAN_POINT('',(5.447626215001,-0.738601183687,
    28.146567307233));
#1299 = CARTESIAN_POINT('',(5.235136196358,2.168455602441,
    28.263746095251));
#1300 = CARTESIAN_POINT('',(3.329781007132,4.374335949368,
    28.380939726662));
#1301 = CARTESIAN_POINT('',(0.766849200984,5.08386973076,28.498124715971
    ));
#1302 = CARTESIAN_POINT('',(-1.517175737404,4.442744153314,
    28.615312685439));
#1303 = CARTESIAN_POINT('',(-4.442744187691,1.517175784453,
    28.849687673679));
#1304 = CARTESIAN_POINT('',(-5.083870707409,-0.766849114185,
    28.966875722745));
#1305 = CARTESIAN_POINT('',(-4.37433175936,-3.32978131516,
    29.084060452663));
#1306 = CARTESIAN_POINT('',(-2.168463800402,-5.235135555323,
    29.201254598218));
#1307 = CARTESIAN_POINT('',(0.738610371704,-5.447626814855,29.3184326429
    ));
#1308 = CARTESIAN_POINT('',(3.05259276163,-4.137086826429,
    29.435628613438));
#1309 = CARTESIAN_POINT('',(4.214301064652,-2.068688282765,
    29.552811393183));
#1310 = CARTESIAN_POINT('',(4.214299643439,-1.926613748186E-08,
    29.670000367583));
#1311 = DEFINITIONAL_REPRESENTATION('',(#1312),#1315);
#1312 = B_SPLINE_CURVE_WITH_KNOTS('',1,(#1313,#1314),.UNSPECIFIED.,.F.,
  .F.,(2,2),(0.,129.19507359703),.PIECEWISE_BEZIER_KNOTS.);
#1313 = CARTESIAN_POINT('',(0.66,0.));
#1314 = CARTESIAN_POINT('',(0.66,129.19507359703));
#1315 = ( GEOMETRIC_REPRESENTATION_CONTEXT(2) 
PARAMETRIC_REPRESENTATION_CONTEXT() REPRESENTATION_CONTEXT('2D SPACE',''
  ) );
#1316 = ORIENTED_EDGE('',*,*,#1317,.T.);
#1317 = EDGE_CURVE('',#165,#1318,#1320,.T.);
#1318 = VERTEX_POINT('',#1319);
#1319 = CARTESIAN_POINT('',(5.0243,0.,0.));
#1320 = SURFACE_CURVE('',#1321,(#1324,#1331),.PCURVE_S1.);
#1321 = B_SPLINE_CURVE_WITH_KNOTS('',1,(#1322,#1323),.UNSPECIFIED.,.F.,
  .F.,(2,2),(0.,0.874642784227),.PIECEWISE_BEZIER_KNOTS.);
#1322 = CARTESIAN_POINT('',(4.2143,1.33226762955E-15,-0.33));
#1323 = CARTESIAN_POINT('',(5.0243,0.,-5.551115123126E-17));
#1324 = PCURVE('',#398,#1325);
#1325 = DEFINITIONAL_REPRESENTATION('',(#1326),#1330);
#1326 = LINE('',#1327,#1328);
#1327 = CARTESIAN_POINT('',(0.,0.));
#1328 = VECTOR('',#1329,1.);
#1329 = DIRECTION('',(1.,0.));
#1330 = ( GEOMETRIC_REPRESENTATION_CONTEXT(2) 
PARAMETRIC_REPRESENTATION_CONTEXT() REPRESENTATION_CONTEXT('2D SPACE',''
  ) );
#1331 = PCURVE('',#1332,#1337);
#1332 = PLANE('',#1333);
#1333 = AXIS2_PLACEMENT_3D('',#1334,#1335,#1336);
#1334 = CARTESIAN_POINT('',(4.508354247658,2.022626941181E-16,
    -8.064176030163E-17));
#1335 = DIRECTION('',(-3.920231791807E-16,-1.,-2.496183375731E-15));
#1336 = DIRECTION('',(0.,2.496183375731E-15,-1.));
#1337 = DEFINITIONAL_REPRESENTATION('',(#1338),#1341);
#1338 = B_SPLINE_CURVE_WITH_KNOTS('',1,(#1339,#1340),.UNSPECIFIED.,.F.,
  .F.,(2,2),(0.,0.874642784227),.PIECEWISE_BEZIER_KNOTS.);
#1339 = CARTESIAN_POINT('',(0.33,-0.294054247658));
#1340 = CARTESIAN_POINT('',(-2.513060907037E-17,0.515945752342));
#1341 = ( GEOMETRIC_REPRESENTATION_CONTEXT(2) 
PARAMETRIC_REPRESENTATION_CONTEXT() REPRESENTATION_CONTEXT('2D SPACE',''
  ) );
#1342 = ORIENTED_EDGE('',*,*,#1343,.T.);
#1343 = EDGE_CURVE('',#1318,#1344,#1346,.T.);
#1344 = VERTEX_POINT('',#1345);
#1345 = CARTESIAN_POINT('',(5.0243,2.66073529048E-08,29.999999492385));
#1346 = SURFACE_CURVE('',#1347,(#1574,#1581),.PCURVE_S1.);
#1347 = B_SPLINE_CURVE_WITH_KNOTS('',8,(#1348,#1349,#1350,#1351,#1352,
    #1353,#1354,#1355,#1356,#1357,#1358,#1359,#1360,#1361,#1362,#1363,
    #1364,#1365,#1366,#1367,#1368,#1369,#1370,#1371,#1372,#1373,#1374,
    #1375,#1376,#1377,#1378,#1379,#1380,#1381,#1382,#1383,#1384,#1385,
    #1386,#1387,#1388,#1389,#1390,#1391,#1392,#1393,#1394,#1395,#1396,
    #1397,#1398,#1399,#1400,#1401,#1402,#1403,#1404,#1405,#1406,#1407,
    #1408,#1409,#1410,#1411,#1412,#1413,#1414,#1415,#1416,#1417,#1418,
    #1419,#1420,#1421,#1422,#1423,#1424,#1425,#1426,#1427,#1428,#1429,
    #1430,#1431,#1432,#1433,#1434,#1435,#1436,#1437,#1438,#1439,#1440,
    #1441,#1442,#1443,#1444,#1445,#1446,#1447,#1448,#1449,#1450,#1451,
    #1452,#1453,#1454,#1455,#1456,#1457,#1458,#1459,#1460,#1461,#1462,
    #1463,#1464,#1465,#1466,#1467,#1468,#1469,#1470,#1471,#1472,#1473,
    #1474,#1475,#1476,#1477,#1478,#1479,#1480,#1481,#1482,#1483,#1484,
    #1485,#1486,#1487,#1488,#1489,#1490,#1491,#1492,#1493,#1494,#1495,
    #1496,#1497,#1498,#1499,#1500,#1501,#1502,#1503,#1504,#1505,#1506,
    #1507,#1508,#1509,#1510,#1511,#1512,#1513,#1514,#1515,#1516,#1517,
    #1518,#1519,#1520,#1521,#1522,#1523,#1524,#1525,#1526,#1527,#1528,
    #1529,#1530,#1531,#1532,#1533,#1534,#1535,#1536,#1537,#1538,#1539,
    #1540,#1541,#1542,#1543,#1544,#1545,#1546,#1547,#1548,#1549,#1550,
    #1551,#1552,#1553,#1554,#1555,#1556,#1557,#1558,#1559,#1560,#1561,
    #1562,#1563,#1564,#1565,#1566,#1567,#1568,#1569,#1570,#1571,#1572,
    #1573),.UNSPECIFIED.,.F.,.F.,(9,7,7,7,7,7,7,7,7,7,7,7,7,7,7,7,7,7,7,
    7,7,7,7,7,7,7,7,7,7,7,7,7,9),(0.,4.037346049907,8.074692099815,
    12.112038149722,16.149384199629,20.186730249537,24.224076299444,
    28.261422349351,32.298768399258,36.336114449166,40.373460499073,
    44.41080654898,48.448152598888,52.485498648795,56.522844698702,
    60.56019074861,64.597536798517,68.634882848424,72.672228898331,
    76.709574948239,80.746920998146,84.784267048053,88.821613097961,
    92.858959147868,96.896305197775,100.93365124768,104.97099729759,
    109.00834334749,113.0456893974,117.08303544731,121.12038149721,
    125.15772754712,129.19507359703),.UNSPECIFIED.);
#1348 = CARTESIAN_POINT('',(5.0243,0.,-5.551115123126E-17));
#1349 = CARTESIAN_POINT('',(5.024300000036,2.466299322886,0.11718546397)
  );
#1350 = CARTESIAN_POINT('',(3.639313851401,4.932235957683,0.234379482316
    ));
#1351 = CARTESIAN_POINT('',(0.880567259914,6.494691920873,0.351555285054
    ));
#1352 = CARTESIAN_POINT('',(-2.585244122811,6.241328518892,
    0.468755842251));
#1353 = CARTESIAN_POINT('',(-5.215092113648,3.969782887279,
    0.585934165153));
#1354 = CARTESIAN_POINT('',(-6.061004538554,0.914237189417,
    0.703125490466));
#1355 = CARTESIAN_POINT('',(-5.296652056256,-1.808781125793,
    0.820312232239));
#1356 = CARTESIAN_POINT('',(-1.808781098977,-5.296652066566,
    1.054687248478));
#1357 = CARTESIAN_POINT('',(0.914237227475,-6.061004531965,
    1.171874100164));
#1358 = CARTESIAN_POINT('',(3.969782900442,-5.215092095924,
    1.289065067326));
#1359 = CARTESIAN_POINT('',(6.241328556822,-2.585244084833,
    1.406244100085));
#1360 = CARTESIAN_POINT('',(6.494691885612,0.880567288443,1.523443631005
    ));
#1361 = CARTESIAN_POINT('',(4.93223596836,3.639313883083,1.640620578411)
  );
#1362 = CARTESIAN_POINT('',(2.466299273459,5.024300008925,1.75781359366)
  );
#1363 = CARTESIAN_POINT('',(-2.466299300068,5.0242999959,1.992185899005)
  );
#1364 = CARTESIAN_POINT('',(-4.932235987612,3.639313856824,
    2.109378911725));
#1365 = CARTESIAN_POINT('',(-6.494691890328,0.880567254382,
    2.226555867371));
#1366 = CARTESIAN_POINT('',(-6.241328543037,-2.585244118439,
    2.34375538196));
#1367 = CARTESIAN_POINT('',(-3.96978287295,-5.215092116243,
    2.460934438331));
#1368 = CARTESIAN_POINT('',(-0.914237195255,-6.061004537496,
    2.578125379156));
#1369 = CARTESIAN_POINT('',(1.80878112693,-5.296652056462,2.695312253921
    ));
#1370 = CARTESIAN_POINT('',(5.296652066041,-1.808781098882,
    2.929687238469));
#1371 = CARTESIAN_POINT('',(6.061004532652,0.914237227351,3.046874113292
    ));
#1372 = CARTESIAN_POINT('',(5.215092095228,3.969782900566,3.164065053927
    ));
#1373 = CARTESIAN_POINT('',(2.585244085377,6.241328556727,3.281244110675
    ));
#1374 = CARTESIAN_POINT('',(-0.880567288761,6.494691885665,3.39844362472
    ));
#1375 = CARTESIAN_POINT('',(-3.639313882955,4.932235968338,
    3.515620580972));
#1376 = CARTESIAN_POINT('',(-5.02430000895,2.466299273464,3.632813593161
    ));
#1377 = CARTESIAN_POINT('',(-5.024299995889,-2.466299300071,
    3.867185899235));
#1378 = CARTESIAN_POINT('',(-3.639313856836,-4.932235987608,
    3.984378911424));
#1379 = CARTESIAN_POINT('',(-0.880567254371,-6.494691890333,
    4.10155586768));
#1380 = CARTESIAN_POINT('',(2.585244118431,-6.241328543033,
    4.218755381715));
#1381 = CARTESIAN_POINT('',(5.215092116248,-3.969782872952,
    4.335934438476));
#1382 = CARTESIAN_POINT('',(6.061004537494,-0.914237195255,
    4.453125379096));
#1383 = CARTESIAN_POINT('',(5.296652056463,1.80878112693,4.570312253933)
  );
#1384 = CARTESIAN_POINT('',(1.808781098881,5.296652066041,4.804687238463
    ));
#1385 = CARTESIAN_POINT('',(-0.914237227351,6.061004532649,
    4.921874113299));
#1386 = CARTESIAN_POINT('',(-3.969782900568,5.215092095237,
    5.039065053921));
#1387 = CARTESIAN_POINT('',(-6.241328556724,2.585244085361,
    5.156244110681));
#1388 = CARTESIAN_POINT('',(-6.494691885669,-0.880567288746,
    5.273443624715));
#1389 = CARTESIAN_POINT('',(-4.932235968335,-3.639313882964,
    5.390620580974));
#1390 = CARTESIAN_POINT('',(-2.466299273465,-5.024300008949,
    5.50781359316));
#1391 = CARTESIAN_POINT('',(2.466299300071,-5.024299995889,
    5.742185899235));
#1392 = CARTESIAN_POINT('',(4.932235987606,-3.639313856837,
    5.859378911423));
#1393 = CARTESIAN_POINT('',(6.494691890336,-0.880567254369,
    5.976555867681));
#1394 = CARTESIAN_POINT('',(6.241328543031,2.585244118429,6.093755381713
    ));
#1395 = CARTESIAN_POINT('',(3.969782872954,5.215092116249,6.210934438478
    ));
#1396 = CARTESIAN_POINT('',(0.914237195254,6.061004537493,6.328125379095
    ));
#1397 = CARTESIAN_POINT('',(-1.80878112693,5.296652056463,6.445312253933
    ));
#1398 = CARTESIAN_POINT('',(-5.296652066041,1.808781098881,
    6.679687238463));
#1399 = CARTESIAN_POINT('',(-6.061004532654,-0.91423722735,
    6.796874113299));
#1400 = CARTESIAN_POINT('',(-5.215092095221,-3.969782900569,
    6.914065053921));
#1401 = CARTESIAN_POINT('',(-2.585244085389,-6.241328556722,
    7.03124411068));
#1402 = CARTESIAN_POINT('',(0.880567288773,-6.494691885671,
    7.148443624716));
#1403 = CARTESIAN_POINT('',(3.639313882948,-4.932235968335,
    7.265620580974));
#1404 = CARTESIAN_POINT('',(5.024300008951,-2.466299273465,7.38281359316
    ));
#1405 = CARTESIAN_POINT('',(5.024299995889,2.466299300071,7.617185899237
    ));
#1406 = CARTESIAN_POINT('',(3.639313856835,4.932235987607,7.734378911422
    ));
#1407 = CARTESIAN_POINT('',(0.880567254372,6.494691890333,7.851555867678
    ));
#1408 = CARTESIAN_POINT('',(-2.585244118432,6.241328543032,7.96875538172
    ));
#1409 = CARTESIAN_POINT('',(-5.215092116247,3.969782872952,
    8.085934438471));
#1410 = CARTESIAN_POINT('',(-6.061004537494,0.914237195254,
    8.203125379099));
#1411 = CARTESIAN_POINT('',(-5.296652056463,-1.80878112693,
    8.320312253932));
#1412 = CARTESIAN_POINT('',(-1.808781098881,-5.296652066041,
    8.554687238463));
#1413 = CARTESIAN_POINT('',(0.914237227351,-6.061004532653,
    8.671874113301));
#1414 = CARTESIAN_POINT('',(3.969782900567,-5.215092095222,
    8.789065053918));
#1415 = CARTESIAN_POINT('',(6.241328556726,-2.585244085387,
    8.906244110682));
#1416 = CARTESIAN_POINT('',(6.494691885667,0.88056728877,9.023443624716)
  );
#1417 = CARTESIAN_POINT('',(4.932235968337,3.63931388295,9.140620580972)
  );
#1418 = CARTESIAN_POINT('',(2.466299273465,5.024300008952,9.257813593162
    ));
#1419 = CARTESIAN_POINT('',(-2.466299300071,5.024299995888,
    9.492185899234));
#1420 = CARTESIAN_POINT('',(-4.932235987607,3.639313856839,
    9.609378911423));
#1421 = CARTESIAN_POINT('',(-6.494691890334,0.880567254367,
    9.726555867682));
#1422 = CARTESIAN_POINT('',(-6.241328543032,-2.585244118427,
    9.843755381711));
#1423 = CARTESIAN_POINT('',(-3.969782872953,-5.21509211625,9.96093443848
    ));
#1424 = CARTESIAN_POINT('',(-0.914237195254,-6.061004537493,
    10.078125379095));
#1425 = CARTESIAN_POINT('',(1.80878112693,-5.296652056463,
    10.195312253933));
#1426 = CARTESIAN_POINT('',(5.296652066041,-1.808781098881,
    10.429687238463));
#1427 = CARTESIAN_POINT('',(6.061004532656,0.914237227351,
    10.546874113299));
#1428 = CARTESIAN_POINT('',(5.215092095213,3.969782900568,
    10.664065053922));
#1429 = CARTESIAN_POINT('',(2.585244085402,6.241328556724,
    10.781244110681));
#1430 = CARTESIAN_POINT('',(-0.880567288785,6.494691885669,
    10.898443624715));
#1431 = CARTESIAN_POINT('',(-3.639313882943,4.932235968337,
    11.015620580975));
#1432 = CARTESIAN_POINT('',(-5.024300008951,2.466299273464,
    11.13281359316));
#1433 = CARTESIAN_POINT('',(-5.024299995888,-2.466299300071,
    11.367185899234));
#1434 = CARTESIAN_POINT('',(-3.639313856839,-4.932235987607,
    11.484378911425));
#1435 = CARTESIAN_POINT('',(-0.880567254367,-6.494691890334,
    11.601555867679));
#1436 = CARTESIAN_POINT('',(2.585244118427,-6.241328543032,
    11.718755381714));
#1437 = CARTESIAN_POINT('',(5.215092116249,-3.969782872953,
    11.835934438478));
#1438 = CARTESIAN_POINT('',(6.061004537493,-0.914237195254,
    11.953125379096));
#1439 = CARTESIAN_POINT('',(5.296652056463,1.80878112693,12.070312253933
    ));
#1440 = CARTESIAN_POINT('',(1.808781098881,5.296652066041,
    12.304687238463));
#1441 = CARTESIAN_POINT('',(-0.91423722735,6.061004532651,
    12.421874113298));
#1442 = CARTESIAN_POINT('',(-3.969782900571,5.215092095229,
    12.539065053922));
#1443 = CARTESIAN_POINT('',(-6.241328556718,2.585244085375,
    12.65624411068));
#1444 = CARTESIAN_POINT('',(-6.494691885674,-0.880567288759,
    12.773443624716));
#1445 = CARTESIAN_POINT('',(-4.932235968334,-3.639313882957,
    12.890620580974));
#1446 = CARTESIAN_POINT('',(-2.466299273465,-5.024300008949,
    13.00781359316));
#1447 = CARTESIAN_POINT('',(2.466299300071,-5.02429999589,
    13.242185899236));
#1448 = CARTESIAN_POINT('',(4.932235987608,-3.639313856834,
    13.359378911424));
#1449 = CARTESIAN_POINT('',(6.494691890333,-0.880567254374,
    13.476555867675));
#1450 = CARTESIAN_POINT('',(6.241328543033,2.585244118434,
    13.593755381723));
#1451 = CARTESIAN_POINT('',(3.969782872952,5.215092116246,13.71093443847
    ));
#1452 = CARTESIAN_POINT('',(0.914237195255,6.061004537494,13.8281253791)
  );
#1453 = CARTESIAN_POINT('',(-1.80878112693,5.296652056463,
    13.945312253932));
#1454 = CARTESIAN_POINT('',(-5.296652066041,1.808781098881,
    14.179687238464));
#1455 = CARTESIAN_POINT('',(-6.061004532653,-0.914237227349,
    14.296874113298));
#1456 = CARTESIAN_POINT('',(-5.215092095225,-3.969782900574,
    14.414065053923));
#1457 = CARTESIAN_POINT('',(-2.585244085382,-6.241328556713,
    14.531244110676));
#1458 = CARTESIAN_POINT('',(0.880567288765,-6.49469188568,
    14.648443624721));
#1459 = CARTESIAN_POINT('',(3.639313882953,-4.93223596833,14.76562058097
    ));
#1460 = CARTESIAN_POINT('',(5.02430000895,-2.466299273465,
    14.882813593161));
#1461 = CARTESIAN_POINT('',(5.02429999589,2.466299300071,15.117185899236
    ));
#1462 = CARTESIAN_POINT('',(3.639313856834,4.932235987607,
    15.234378911423));
#1463 = CARTESIAN_POINT('',(0.880567254375,6.494691890334,
    15.351555867677));
#1464 = CARTESIAN_POINT('',(-2.585244118435,6.241328543032,
    15.468755381721));
#1465 = CARTESIAN_POINT('',(-5.215092116246,3.969782872952,
    15.585934438471));
#1466 = CARTESIAN_POINT('',(-6.061004537494,0.914237195254,
    15.703125379099));
#1467 = CARTESIAN_POINT('',(-5.296652056463,-1.80878112693,
    15.820312253932));
#1468 = CARTESIAN_POINT('',(-1.808781098881,-5.296652066041,
    16.054687238464));
#1469 = CARTESIAN_POINT('',(0.914237227351,-6.061004532653,
    16.171874113298));
#1470 = CARTESIAN_POINT('',(3.969782900566,-5.215092095222,
    16.289065053923));
#1471 = CARTESIAN_POINT('',(6.241328556727,-2.585244085388,
    16.406244110676));
#1472 = CARTESIAN_POINT('',(6.494691885667,0.880567288772,
    16.523443624721));
#1473 = CARTESIAN_POINT('',(4.932235968337,3.63931388295,16.64062058097)
  );
#1474 = CARTESIAN_POINT('',(2.466299273465,5.02430000895,16.757813593162
    ));
#1475 = CARTESIAN_POINT('',(-2.466299300071,5.024299995889,
    16.992185899234));
#1476 = CARTESIAN_POINT('',(-4.932235987608,3.639313856836,
    17.109378911428));
#1477 = CARTESIAN_POINT('',(-6.494691890332,0.880567254372,
    17.226555867673));
#1478 = CARTESIAN_POINT('',(-6.241328543033,-2.585244118432,
    17.343755381721));
#1479 = CARTESIAN_POINT('',(-3.969782872952,-5.215092116247,
    17.460934438473));
#1480 = CARTESIAN_POINT('',(-0.914237195255,-6.061004537494,
    17.578125379097));
#1481 = CARTESIAN_POINT('',(1.80878112693,-5.296652056463,
    17.695312253933));
#1482 = CARTESIAN_POINT('',(5.296652066041,-1.808781098881,
    17.929687238464));
#1483 = CARTESIAN_POINT('',(6.061004532651,0.91423722735,18.046874113296
    ));
#1484 = CARTESIAN_POINT('',(5.215092095229,3.969782900569,
    18.164065053927));
#1485 = CARTESIAN_POINT('',(2.585244085375,6.241328556723,
    18.281244110674));
#1486 = CARTESIAN_POINT('',(-0.880567288759,6.494691885669,
    18.39844362472));
#1487 = CARTESIAN_POINT('',(-3.639313882957,4.932235968336,
    18.515620580974));
#1488 = CARTESIAN_POINT('',(-5.02430000895,2.466299273464,18.63281359316
    ));
#1489 = CARTESIAN_POINT('',(-5.024299995889,-2.46629930007,
    18.867185899235));
#1490 = CARTESIAN_POINT('',(-3.639313856837,-4.93223598761,
    18.984378911428));
#1491 = CARTESIAN_POINT('',(-0.88056725437,-6.49469189033,19.10155586767
    ));
#1492 = CARTESIAN_POINT('',(2.58524411843,-6.241328543036,
    19.218755381725));
#1493 = CARTESIAN_POINT('',(5.215092116248,-3.96978287295,19.33593443847
    ));
#1494 = CARTESIAN_POINT('',(6.061004537494,-0.914237195255,
    19.453125379099));
#1495 = CARTESIAN_POINT('',(5.296652056463,1.80878112693,19.570312253933
    ));
#1496 = CARTESIAN_POINT('',(1.808781098881,5.296652066041,
    19.804687238463));
#1497 = CARTESIAN_POINT('',(-0.914237227351,6.061004532653,19.9218741133
    ));
#1498 = CARTESIAN_POINT('',(-3.969782900568,5.215092095222,
    20.039065053919));
#1499 = CARTESIAN_POINT('',(-6.241328556723,2.585244085387,
    20.156244110683));
#1500 = CARTESIAN_POINT('',(-6.49469188567,-0.88056728877,
    20.273443624713));
#1501 = CARTESIAN_POINT('',(-4.932235968336,-3.639313882952,
    20.390620580975));
#1502 = CARTESIAN_POINT('',(-2.466299273464,-5.024300008949,
    20.50781359316));
#1503 = CARTESIAN_POINT('',(2.466299300072,-5.02429999589,
    20.742185899235));
#1504 = CARTESIAN_POINT('',(4.932235987604,-3.639313856834,
    20.859378911422));
#1505 = CARTESIAN_POINT('',(6.494691890338,-0.880567254375,
    20.976555867683));
#1506 = CARTESIAN_POINT('',(6.241328543028,2.585244118434,
    21.093755381711));
#1507 = CARTESIAN_POINT('',(3.969782872954,5.215092116246,
    21.210934438479));
#1508 = CARTESIAN_POINT('',(0.914237195254,6.061004537494,
    21.328125379095));
#1509 = CARTESIAN_POINT('',(-1.80878112693,5.296652056463,
    21.445312253933));
#1510 = CARTESIAN_POINT('',(-5.296652066041,1.808781098881,
    21.679687238464));
#1511 = CARTESIAN_POINT('',(-6.061004532652,-0.91423722735,
    21.796874113298));
#1512 = CARTESIAN_POINT('',(-5.215092095225,-3.969782900571,
    21.914065053924));
#1513 = CARTESIAN_POINT('',(-2.585244085381,-6.241328556719,
    22.031244110676));
#1514 = CARTESIAN_POINT('',(0.880567288766,-6.494691885675,
    22.148443624719));
#1515 = CARTESIAN_POINT('',(3.639313882953,-4.932235968333,
    22.265620580974));
#1516 = CARTESIAN_POINT('',(5.02430000895,-2.466299273466,
    22.382813593159));
#1517 = CARTESIAN_POINT('',(5.02429999589,2.466299300071,22.617185899237
    ));
#1518 = CARTESIAN_POINT('',(3.639313856834,4.932235987606,
    22.734378911423));
#1519 = CARTESIAN_POINT('',(0.880567254374,6.494691890334,
    22.851555867675));
#1520 = CARTESIAN_POINT('',(-2.585244118434,6.241328543032,
    22.968755381723));
#1521 = CARTESIAN_POINT('',(-5.215092116246,3.969782872953,
    23.085934438469));
#1522 = CARTESIAN_POINT('',(-6.061004537494,0.914237195254,23.2031253791
    ));
#1523 = CARTESIAN_POINT('',(-5.296652056463,-1.80878112693,
    23.320312253932));
#1524 = CARTESIAN_POINT('',(-1.808781098881,-5.296652066041,
    23.554687238464));
#1525 = CARTESIAN_POINT('',(0.914237227349,-6.061004532651,
    23.671874113298));
#1526 = CARTESIAN_POINT('',(3.969782900572,-5.215092095229,
    23.789065053925));
#1527 = CARTESIAN_POINT('',(6.241328556717,-2.585244085375,
    23.906244110673));
#1528 = CARTESIAN_POINT('',(6.494691885676,0.880567288759,
    24.023443624725));
#1529 = CARTESIAN_POINT('',(4.932235968333,3.639313882957,
    24.140620580967));
#1530 = CARTESIAN_POINT('',(2.466299273465,5.024300008949,
    24.257813593162));
#1531 = CARTESIAN_POINT('',(-2.46629930007,5.02429999589,24.49218589924)
  );
#1532 = CARTESIAN_POINT('',(-4.93223598761,3.639313856835,
    24.609378911424));
#1533 = CARTESIAN_POINT('',(-6.494691890329,0.880567254372,
    24.72655586766));
#1534 = CARTESIAN_POINT('',(-6.241328543036,-2.585244118431,
    24.843755381748));
#1535 = CARTESIAN_POINT('',(-3.969782872951,-5.215092116247,
    24.960934438449));
#1536 = CARTESIAN_POINT('',(-0.914237195255,-6.061004537494,
    25.078125379109));
#1537 = CARTESIAN_POINT('',(1.808781126929,-5.296652056463,
    25.195312253931));
#1538 = CARTESIAN_POINT('',(5.296652066041,-1.808781098881,
    25.429687238463));
#1539 = CARTESIAN_POINT('',(6.061004532653,0.91423722735,25.546874113301
    ));
#1540 = CARTESIAN_POINT('',(5.215092095224,3.96978290057,25.664065053918
    ));
#1541 = CARTESIAN_POINT('',(2.585244085384,6.241328556719,
    25.781244110679));
#1542 = CARTESIAN_POINT('',(-0.880567288766,6.494691885675,
    25.898443624725));
#1543 = CARTESIAN_POINT('',(-3.639313882954,4.932235968332,
    26.015620580963));
#1544 = CARTESIAN_POINT('',(-5.024300008949,2.466299273466,
    26.132813593166));
#1545 = CARTESIAN_POINT('',(-5.024299995891,-2.466299300071,
    26.367185899234));
#1546 = CARTESIAN_POINT('',(-3.639313856831,-4.932235987606,
    26.484378911427));
#1547 = CARTESIAN_POINT('',(-0.880567254378,-6.494691890334,
    26.60155586767));
#1548 = CARTESIAN_POINT('',(2.585244118438,-6.241328543032,
    26.718755381729));
#1549 = CARTESIAN_POINT('',(5.215092116244,-3.969782872952,
    26.835934438463));
#1550 = CARTESIAN_POINT('',(6.061004537494,-0.914237195255,
    26.953125379106));
#1551 = CARTESIAN_POINT('',(5.296652056463,1.80878112693,27.070312253927
    ));
#1552 = CARTESIAN_POINT('',(1.808781098881,5.296652066041,
    27.304687238476));
#1553 = CARTESIAN_POINT('',(-0.91423722735,6.061004532655,
    27.421874113237));
#1554 = CARTESIAN_POINT('',(-3.969782900572,5.215092095219,
    27.539065054072));
#1555 = CARTESIAN_POINT('',(-6.241328556718,2.585244085391,
    27.656244110428));
#1556 = CARTESIAN_POINT('',(-6.494691885675,-0.880567288778,
    27.773443625032));
#1557 = CARTESIAN_POINT('',(-4.932235968334,-3.63931388294,
    27.890620580669));
#1558 = CARTESIAN_POINT('',(-2.466299273464,-5.024300008961,
    28.00781359339));
#1559 = CARTESIAN_POINT('',(2.466299300067,-5.024299995864,
    28.24218589874));
#1560 = CARTESIAN_POINT('',(4.93223598763,-3.639313856968,
    28.359378913979));
#1561 = CARTESIAN_POINT('',(6.494691890275,-0.880567254045,
    28.476555861395));
#1562 = CARTESIAN_POINT('',(6.241328543132,2.585244117878,
    28.593755392314));
#1563 = CARTESIAN_POINT('',(3.969782872825,5.215092116949,
    28.710934425065));
#1564 = CARTESIAN_POINT('',(0.91423719538,6.061004536805,28.828125392236
    ));
#1565 = CARTESIAN_POINT('',(-1.808781127025,5.296652056988,
    28.945312243917));
#1566 = CARTESIAN_POINT('',(-5.296652065834,1.808781097744,
    29.179687260158));
#1567 = CARTESIAN_POINT('',(-6.061004533715,-0.914237221513,
    29.296874001928));
#1568 = CARTESIAN_POINT('',(-5.215092092617,-3.969782914895,
    29.41406532725));
#1569 = CARTESIAN_POINT('',(-2.585244089777,-6.241328532582,
    29.531243650128));
#1570 = CARTESIAN_POINT('',(0.880567294325,-6.494691916213,
    29.648444207369));
#1571 = CARTESIAN_POINT('',(3.639313877507,-4.932235938407,
    29.765620010051));
#1572 = CARTESIAN_POINT('',(5.024300013101,-2.466299296283,
    29.882814028448));
#1573 = CARTESIAN_POINT('',(5.0243,2.66073529048E-08,29.999999492385));
#1574 = PCURVE('',#398,#1575);
#1575 = DEFINITIONAL_REPRESENTATION('',(#1576),#1580);
#1576 = LINE('',#1577,#1578);
#1577 = CARTESIAN_POINT('',(0.874642784227,0.));
#1578 = VECTOR('',#1579,1.);
#1579 = DIRECTION('',(0.,1.));
#1580 = ( GEOMETRIC_REPRESENTATION_CONTEXT(2) 
PARAMETRIC_REPRESENTATION_CONTEXT() REPRESENTATION_CONTEXT('2D SPACE',''
  ) );
#1581 = PCURVE('',#1582,#2035);
#1582 = B_SPLINE_SURFACE_WITH_KNOTS('',1,8,(
    (#1583,#1584,#1585,#1586,#1587,#1588,#1589,#1590,#1591,#1592,#1593
      ,#1594,#1595,#1596,#1597,#1598,#1599,#1600,#1601,#1602,#1603,#1604
      ,#1605,#1606,#1607,#1608,#1609,#1610,#1611,#1612,#1613,#1614,#1615
      ,#1616,#1617,#1618,#1619,#1620,#1621,#1622,#1623,#1624,#1625,#1626
      ,#1627,#1628,#1629,#1630,#1631,#1632,#1633,#1634,#1635,#1636,#1637
      ,#1638,#1639,#1640,#1641,#1642,#1643,#1644,#1645,#1646,#1647,#1648
      ,#1649,#1650,#1651,#1652,#1653,#1654,#1655,#1656,#1657,#1658,#1659
      ,#1660,#1661,#1662,#1663,#1664,#1665,#1666,#1667,#1668,#1669,#1670
      ,#1671,#1672,#1673,#1674,#1675,#1676,#1677,#1678,#1679,#1680,#1681
      ,#1682,#1683,#1684,#1685,#1686,#1687,#1688,#1689,#1690,#1691,#1692
      ,#1693,#1694,#1695,#1696,#1697,#1698,#1699,#1700,#1701,#1702,#1703
      ,#1704,#1705,#1706,#1707,#1708,#1709,#1710,#1711,#1712,#1713,#1714
      ,#1715,#1716,#1717,#1718,#1719,#1720,#1721,#1722,#1723,#1724,#1725
      ,#1726,#1727,#1728,#1729,#1730,#1731,#1732,#1733,#1734,#1735,#1736
      ,#1737,#1738,#1739,#1740,#1741,#1742,#1743,#1744,#1745,#1746,#1747
      ,#1748,#1749,#1750,#1751,#1752,#1753,#1754,#1755,#1756,#1757,#1758
      ,#1759,#1760,#1761,#1762,#1763,#1764,#1765,#1766,#1767,#1768,#1769
      ,#1770,#1771,#1772,#1773,#1774,#1775,#1776,#1777,#1778,#1779,#1780
      ,#1781,#1782,#1783,#1784,#1785,#1786,#1787,#1788,#1789,#1790,#1791
      ,#1792,#1793,#1794,#1795,#1796,#1797,#1798,#1799,#1800,#1801,#1802
      ,#1803,#1804,#1805,#1806,#1807,#1808)
    ,(#1809,#1810,#1811,#1812,#1813,#1814,#1815,#1816,#1817,#1818,#1819
      ,#1820,#1821,#1822,#1823,#1824,#1825,#1826,#1827,#1828,#1829,#1830
      ,#1831,#1832,#1833,#1834,#1835,#1836,#1837,#1838,#1839,#1840,#1841
      ,#1842,#1843,#1844,#1845,#1846,#1847,#1848,#1849,#1850,#1851,#1852
      ,#1853,#1854,#1855,#1856,#1857,#1858,#1859,#1860,#1861,#1862,#1863
      ,#1864,#1865,#1866,#1867,#1868,#1869,#1870,#1871,#1872,#1873,#1874
      ,#1875,#1876,#1877,#1878,#1879,#1880,#1881,#1882,#1883,#1884,#1885
      ,#1886,#1887,#1888,#1889,#1890,#1891,#1892,#1893,#1894,#1895,#1896
      ,#1897,#1898,#1899,#1900,#1901,#1902,#1903,#1904,#1905,#1906,#1907
      ,#1908,#1909,#1910,#1911,#1912,#1913,#1914,#1915,#1916,#1917,#1918
      ,#1919,#1920,#1921,#1922,#1923,#1924,#1925,#1926,#1927,#1928,#1929
      ,#1930,#1931,#1932,#1933,#1934,#1935,#1936,#1937,#1938,#1939,#1940
      ,#1941,#1942,#1943,#1944,#1945,#1946,#1947,#1948,#1949,#1950,#1951
      ,#1952,#1953,#1954,#1955,#1956,#1957,#1958,#1959,#1960,#1961,#1962
      ,#1963,#1964,#1965,#1966,#1967,#1968,#1969,#1970,#1971,#1972,#1973
      ,#1974,#1975,#1976,#1977,#1978,#1979,#1980,#1981,#1982,#1983,#1984
      ,#1985,#1986,#1987,#1988,#1989,#1990,#1991,#1992,#1993,#1994,#1995
      ,#1996,#1997,#1998,#1999,#2000,#2001,#2002,#2003,#2004,#2005,#2006
      ,#2007,#2008,#2009,#2010,#2011,#2012,#2013,#2014,#2015,#2016,#2017
      ,#2018,#2019,#2020,#2021,#2022,#2023,#2024,#2025,#2026,#2027,#2028
      ,#2029,#2030,#2031,#2032,#2033,#2034
    )),.UNSPECIFIED.,.F.,.F.,.F.,(2,2),(9,7,7,7,7,7,7,7,7,7,7,7,7,7,7,7,
    7,7,7,7,7,7,7,7,7,7,7,7,7,7,7,7,9),(0.,0.874642784227),(0.,
    4.037346049907,8.074692099815,12.112038149722,16.149384199629,
    20.186730249537,24.224076299444,28.261422349351,32.298768399258,
    36.336114449166,40.373460499073,44.41080654898,48.448152598888,
    52.485498648795,56.522844698702,60.56019074861,64.597536798517,
    68.634882848424,72.672228898331,76.709574948239,80.746920998146,
    84.784267048053,88.821613097961,92.858959147868,96.896305197775,
    100.93365124768,104.97099729759,109.00834334749,113.0456893974,
    117.08303544731,121.12038149721,125.15772754712,129.19507359703),
  .UNSPECIFIED.);
#1583 = CARTESIAN_POINT('',(5.0243,0.,0.));
#1584 = CARTESIAN_POINT('',(5.024300000036,2.466299322886,0.11718546397)
  );
#1585 = CARTESIAN_POINT('',(3.639313851401,4.932235957683,0.234379482316
    ));
#1586 = CARTESIAN_POINT('',(0.880567259914,6.494691920873,0.351555285054
    ));
#1587 = CARTESIAN_POINT('',(-2.585244122811,6.241328518892,
    0.468755842251));
#1588 = CARTESIAN_POINT('',(-5.215092113648,3.969782887279,
    0.585934165153));
#1589 = CARTESIAN_POINT('',(-6.061004538554,0.914237189417,
    0.703125490466));
#1590 = CARTESIAN_POINT('',(-5.296652056256,-1.808781125793,
    0.820312232239));
#1591 = CARTESIAN_POINT('',(-1.808781098977,-5.296652066566,
    1.054687248478));
#1592 = CARTESIAN_POINT('',(0.914237227475,-6.061004531965,
    1.171874100164));
#1593 = CARTESIAN_POINT('',(3.969782900442,-5.215092095924,
    1.289065067326));
#1594 = CARTESIAN_POINT('',(6.241328556822,-2.585244084833,
    1.406244100085));
#1595 = CARTESIAN_POINT('',(6.494691885612,0.880567288443,1.523443631005
    ));
#1596 = CARTESIAN_POINT('',(4.93223596836,3.639313883083,1.640620578411)
  );
#1597 = CARTESIAN_POINT('',(2.466299273459,5.024300008925,1.75781359366)
  );
#1598 = CARTESIAN_POINT('',(-2.466299300068,5.0242999959,1.992185899005)
  );
#1599 = CARTESIAN_POINT('',(-4.932235987612,3.639313856824,
    2.109378911725));
#1600 = CARTESIAN_POINT('',(-6.494691890328,0.880567254382,
    2.226555867371));
#1601 = CARTESIAN_POINT('',(-6.241328543037,-2.585244118439,
    2.34375538196));
#1602 = CARTESIAN_POINT('',(-3.96978287295,-5.215092116243,
    2.460934438331));
#1603 = CARTESIAN_POINT('',(-0.914237195255,-6.061004537496,
    2.578125379156));
#1604 = CARTESIAN_POINT('',(1.80878112693,-5.296652056462,2.695312253921
    ));
#1605 = CARTESIAN_POINT('',(5.296652066041,-1.808781098882,
    2.929687238469));
#1606 = CARTESIAN_POINT('',(6.061004532652,0.914237227351,3.046874113293
    ));
#1607 = CARTESIAN_POINT('',(5.215092095228,3.969782900566,3.164065053927
    ));
#1608 = CARTESIAN_POINT('',(2.585244085377,6.241328556727,3.281244110675
    ));
#1609 = CARTESIAN_POINT('',(-0.880567288761,6.494691885665,3.39844362472
    ));
#1610 = CARTESIAN_POINT('',(-3.639313882955,4.932235968338,
    3.515620580972));
#1611 = CARTESIAN_POINT('',(-5.02430000895,2.466299273464,3.632813593161
    ));
#1612 = CARTESIAN_POINT('',(-5.024299995889,-2.466299300071,
    3.867185899235));
#1613 = CARTESIAN_POINT('',(-3.639313856836,-4.932235987608,
    3.984378911424));
#1614 = CARTESIAN_POINT('',(-0.880567254371,-6.494691890333,
    4.10155586768));
#1615 = CARTESIAN_POINT('',(2.585244118431,-6.241328543033,
    4.218755381715));
#1616 = CARTESIAN_POINT('',(5.215092116248,-3.969782872952,
    4.335934438476));
#1617 = CARTESIAN_POINT('',(6.061004537494,-0.914237195255,
    4.453125379096));
#1618 = CARTESIAN_POINT('',(5.296652056463,1.80878112693,4.570312253933)
  );
#1619 = CARTESIAN_POINT('',(1.808781098881,5.296652066041,4.804687238463
    ));
#1620 = CARTESIAN_POINT('',(-0.914237227351,6.061004532649,
    4.921874113299));
#1621 = CARTESIAN_POINT('',(-3.969782900568,5.215092095237,
    5.039065053921));
#1622 = CARTESIAN_POINT('',(-6.241328556724,2.585244085361,
    5.156244110681));
#1623 = CARTESIAN_POINT('',(-6.494691885669,-0.880567288746,
    5.273443624715));
#1624 = CARTESIAN_POINT('',(-4.932235968335,-3.639313882964,
    5.390620580974));
#1625 = CARTESIAN_POINT('',(-2.466299273465,-5.024300008949,
    5.50781359316));
#1626 = CARTESIAN_POINT('',(2.466299300071,-5.024299995889,
    5.742185899235));
#1627 = CARTESIAN_POINT('',(4.932235987606,-3.639313856837,
    5.859378911424));
#1628 = CARTESIAN_POINT('',(6.494691890335,-0.880567254369,
    5.976555867681));
#1629 = CARTESIAN_POINT('',(6.241328543031,2.585244118429,6.093755381713
    ));
#1630 = CARTESIAN_POINT('',(3.969782872953,5.215092116249,6.210934438478
    ));
#1631 = CARTESIAN_POINT('',(0.914237195254,6.061004537493,6.328125379096
    ));
#1632 = CARTESIAN_POINT('',(-1.80878112693,5.296652056463,6.445312253933
    ));
#1633 = CARTESIAN_POINT('',(-5.296652066041,1.808781098881,
    6.679687238463));
#1634 = CARTESIAN_POINT('',(-6.061004532654,-0.91423722735,
    6.796874113299));
#1635 = CARTESIAN_POINT('',(-5.215092095221,-3.969782900569,
    6.914065053921));
#1636 = CARTESIAN_POINT('',(-2.585244085389,-6.241328556722,
    7.03124411068));
#1637 = CARTESIAN_POINT('',(0.880567288773,-6.494691885671,
    7.148443624716));
#1638 = CARTESIAN_POINT('',(3.639313882948,-4.932235968335,
    7.265620580974));
#1639 = CARTESIAN_POINT('',(5.024300008951,-2.466299273465,7.38281359316
    ));
#1640 = CARTESIAN_POINT('',(5.024299995889,2.466299300071,7.617185899237
    ));
#1641 = CARTESIAN_POINT('',(3.639313856835,4.932235987607,7.734378911422
    ));
#1642 = CARTESIAN_POINT('',(0.880567254372,6.494691890333,7.851555867678
    ));
#1643 = CARTESIAN_POINT('',(-2.585244118432,6.241328543032,7.96875538172
    ));
#1644 = CARTESIAN_POINT('',(-5.215092116247,3.969782872952,
    8.085934438471));
#1645 = CARTESIAN_POINT('',(-6.061004537494,0.914237195254,
    8.203125379099));
#1646 = CARTESIAN_POINT('',(-5.296652056463,-1.80878112693,
    8.320312253932));
#1647 = CARTESIAN_POINT('',(-1.808781098881,-5.296652066041,
    8.554687238463));
#1648 = CARTESIAN_POINT('',(0.914237227351,-6.061004532653,
    8.671874113301));
#1649 = CARTESIAN_POINT('',(3.969782900567,-5.215092095222,
    8.789065053918));
#1650 = CARTESIAN_POINT('',(6.241328556726,-2.585244085387,
    8.906244110682));
#1651 = CARTESIAN_POINT('',(6.494691885667,0.88056728877,9.023443624716)
  );
#1652 = CARTESIAN_POINT('',(4.932235968337,3.63931388295,9.140620580972)
  );
#1653 = CARTESIAN_POINT('',(2.466299273465,5.024300008952,9.257813593162
    ));
#1654 = CARTESIAN_POINT('',(-2.466299300071,5.024299995888,
    9.492185899234));
#1655 = CARTESIAN_POINT('',(-4.932235987607,3.639313856839,
    9.609378911423));
#1656 = CARTESIAN_POINT('',(-6.494691890334,0.880567254367,
    9.726555867682));
#1657 = CARTESIAN_POINT('',(-6.241328543032,-2.585244118427,
    9.843755381711));
#1658 = CARTESIAN_POINT('',(-3.969782872953,-5.21509211625,9.96093443848
    ));
#1659 = CARTESIAN_POINT('',(-0.914237195254,-6.061004537493,
    10.078125379095));
#1660 = CARTESIAN_POINT('',(1.80878112693,-5.296652056463,
    10.195312253933));
#1661 = CARTESIAN_POINT('',(5.296652066041,-1.808781098881,
    10.429687238463));
#1662 = CARTESIAN_POINT('',(6.061004532656,0.914237227351,
    10.546874113299));
#1663 = CARTESIAN_POINT('',(5.215092095213,3.969782900568,
    10.664065053922));
#1664 = CARTESIAN_POINT('',(2.585244085402,6.241328556724,
    10.781244110681));
#1665 = CARTESIAN_POINT('',(-0.880567288785,6.494691885669,
    10.898443624715));
#1666 = CARTESIAN_POINT('',(-3.639313882943,4.932235968337,
    11.015620580975));
#1667 = CARTESIAN_POINT('',(-5.024300008951,2.466299273464,
    11.13281359316));
#1668 = CARTESIAN_POINT('',(-5.024299995888,-2.466299300071,
    11.367185899234));
#1669 = CARTESIAN_POINT('',(-3.639313856839,-4.932235987607,
    11.484378911425));
#1670 = CARTESIAN_POINT('',(-0.880567254367,-6.494691890335,
    11.601555867679));
#1671 = CARTESIAN_POINT('',(2.585244118427,-6.241328543032,
    11.718755381714));
#1672 = CARTESIAN_POINT('',(5.215092116249,-3.969782872953,
    11.835934438478));
#1673 = CARTESIAN_POINT('',(6.061004537493,-0.914237195254,
    11.953125379096));
#1674 = CARTESIAN_POINT('',(5.296652056463,1.80878112693,12.070312253933
    ));
#1675 = CARTESIAN_POINT('',(1.808781098881,5.296652066041,
    12.304687238463));
#1676 = CARTESIAN_POINT('',(-0.91423722735,6.061004532651,
    12.421874113298));
#1677 = CARTESIAN_POINT('',(-3.969782900571,5.215092095229,
    12.539065053922));
#1678 = CARTESIAN_POINT('',(-6.241328556718,2.585244085375,
    12.65624411068));
#1679 = CARTESIAN_POINT('',(-6.494691885674,-0.880567288759,
    12.773443624716));
#1680 = CARTESIAN_POINT('',(-4.932235968334,-3.639313882957,
    12.890620580974));
#1681 = CARTESIAN_POINT('',(-2.466299273465,-5.024300008949,
    13.00781359316));
#1682 = CARTESIAN_POINT('',(2.466299300071,-5.02429999589,
    13.242185899236));
#1683 = CARTESIAN_POINT('',(4.932235987608,-3.639313856834,
    13.359378911424));
#1684 = CARTESIAN_POINT('',(6.494691890333,-0.880567254374,
    13.476555867675));
#1685 = CARTESIAN_POINT('',(6.241328543033,2.585244118434,
    13.593755381723));
#1686 = CARTESIAN_POINT('',(3.969782872952,5.215092116246,13.71093443847
    ));
#1687 = CARTESIAN_POINT('',(0.914237195255,6.061004537494,13.8281253791)
  );
#1688 = CARTESIAN_POINT('',(-1.80878112693,5.296652056463,
    13.945312253932));
#1689 = CARTESIAN_POINT('',(-5.296652066041,1.808781098881,
    14.179687238464));
#1690 = CARTESIAN_POINT('',(-6.061004532653,-0.914237227349,
    14.296874113298));
#1691 = CARTESIAN_POINT('',(-5.215092095225,-3.969782900574,
    14.414065053923));
#1692 = CARTESIAN_POINT('',(-2.585244085382,-6.241328556713,
    14.531244110676));
#1693 = CARTESIAN_POINT('',(0.880567288765,-6.49469188568,
    14.648443624721));
#1694 = CARTESIAN_POINT('',(3.639313882953,-4.93223596833,14.76562058097
    ));
#1695 = CARTESIAN_POINT('',(5.02430000895,-2.466299273465,
    14.882813593161));
#1696 = CARTESIAN_POINT('',(5.02429999589,2.466299300071,15.117185899236
    ));
#1697 = CARTESIAN_POINT('',(3.639313856834,4.932235987607,
    15.234378911423));
#1698 = CARTESIAN_POINT('',(0.880567254375,6.494691890334,
    15.351555867677));
#1699 = CARTESIAN_POINT('',(-2.585244118435,6.241328543032,
    15.468755381721));
#1700 = CARTESIAN_POINT('',(-5.215092116246,3.969782872952,
    15.585934438471));
#1701 = CARTESIAN_POINT('',(-6.061004537494,0.914237195254,
    15.703125379099));
#1702 = CARTESIAN_POINT('',(-5.296652056463,-1.80878112693,
    15.820312253932));
#1703 = CARTESIAN_POINT('',(-1.808781098881,-5.296652066041,
    16.054687238464));
#1704 = CARTESIAN_POINT('',(0.914237227351,-6.061004532653,
    16.171874113298));
#1705 = CARTESIAN_POINT('',(3.969782900566,-5.215092095222,
    16.289065053923));
#1706 = CARTESIAN_POINT('',(6.241328556727,-2.585244085388,
    16.406244110676));
#1707 = CARTESIAN_POINT('',(6.494691885667,0.880567288772,
    16.523443624721));
#1708 = CARTESIAN_POINT('',(4.932235968337,3.63931388295,16.64062058097)
  );
#1709 = CARTESIAN_POINT('',(2.466299273465,5.02430000895,16.757813593162
    ));
#1710 = CARTESIAN_POINT('',(-2.466299300071,5.024299995889,
    16.992185899234));
#1711 = CARTESIAN_POINT('',(-4.932235987608,3.639313856836,
    17.109378911428));
#1712 = CARTESIAN_POINT('',(-6.494691890332,0.880567254372,
    17.226555867673));
#1713 = CARTESIAN_POINT('',(-6.241328543033,-2.585244118432,
    17.343755381721));
#1714 = CARTESIAN_POINT('',(-3.969782872952,-5.215092116247,
    17.460934438473));
#1715 = CARTESIAN_POINT('',(-0.914237195255,-6.061004537494,
    17.578125379097));
#1716 = CARTESIAN_POINT('',(1.80878112693,-5.296652056463,
    17.695312253933));
#1717 = CARTESIAN_POINT('',(5.296652066041,-1.808781098881,
    17.929687238464));
#1718 = CARTESIAN_POINT('',(6.061004532651,0.91423722735,18.046874113296
    ));
#1719 = CARTESIAN_POINT('',(5.215092095229,3.969782900569,
    18.164065053927));
#1720 = CARTESIAN_POINT('',(2.585244085375,6.241328556723,
    18.281244110674));
#1721 = CARTESIAN_POINT('',(-0.880567288759,6.494691885669,
    18.39844362472));
#1722 = CARTESIAN_POINT('',(-3.639313882957,4.932235968336,
    18.515620580974));
#1723 = CARTESIAN_POINT('',(-5.02430000895,2.466299273464,18.63281359316
    ));
#1724 = CARTESIAN_POINT('',(-5.024299995889,-2.46629930007,
    18.867185899235));
#1725 = CARTESIAN_POINT('',(-3.639313856837,-4.93223598761,
    18.984378911428));
#1726 = CARTESIAN_POINT('',(-0.88056725437,-6.49469189033,19.10155586767
    ));
#1727 = CARTESIAN_POINT('',(2.58524411843,-6.241328543036,
    19.218755381725));
#1728 = CARTESIAN_POINT('',(5.215092116248,-3.96978287295,19.33593443847
    ));
#1729 = CARTESIAN_POINT('',(6.061004537494,-0.914237195255,
    19.453125379099));
#1730 = CARTESIAN_POINT('',(5.296652056463,1.80878112693,19.570312253933
    ));
#1731 = CARTESIAN_POINT('',(1.808781098881,5.296652066041,
    19.804687238463));
#1732 = CARTESIAN_POINT('',(-0.914237227351,6.061004532653,19.9218741133
    ));
#1733 = CARTESIAN_POINT('',(-3.969782900568,5.215092095222,
    20.039065053919));
#1734 = CARTESIAN_POINT('',(-6.241328556723,2.585244085387,
    20.156244110683));
#1735 = CARTESIAN_POINT('',(-6.49469188567,-0.88056728877,
    20.273443624713));
#1736 = CARTESIAN_POINT('',(-4.932235968336,-3.639313882952,
    20.390620580975));
#1737 = CARTESIAN_POINT('',(-2.466299273464,-5.024300008949,
    20.50781359316));
#1738 = CARTESIAN_POINT('',(2.466299300072,-5.02429999589,
    20.742185899235));
#1739 = CARTESIAN_POINT('',(4.932235987604,-3.639313856834,
    20.859378911422));
#1740 = CARTESIAN_POINT('',(6.494691890338,-0.880567254375,
    20.976555867683));
#1741 = CARTESIAN_POINT('',(6.241328543028,2.585244118434,
    21.093755381711));
#1742 = CARTESIAN_POINT('',(3.969782872954,5.215092116246,
    21.210934438479));
#1743 = CARTESIAN_POINT('',(0.914237195254,6.061004537494,
    21.328125379095));
#1744 = CARTESIAN_POINT('',(-1.80878112693,5.296652056463,
    21.445312253933));
#1745 = CARTESIAN_POINT('',(-5.296652066041,1.808781098881,
    21.679687238464));
#1746 = CARTESIAN_POINT('',(-6.061004532652,-0.91423722735,
    21.796874113297));
#1747 = CARTESIAN_POINT('',(-5.215092095225,-3.969782900571,
    21.914065053925));
#1748 = CARTESIAN_POINT('',(-2.585244085381,-6.241328556719,
    22.031244110676));
#1749 = CARTESIAN_POINT('',(0.880567288766,-6.494691885675,
    22.148443624719));
#1750 = CARTESIAN_POINT('',(3.639313882953,-4.932235968333,
    22.265620580973));
#1751 = CARTESIAN_POINT('',(5.02430000895,-2.466299273466,
    22.382813593159));
#1752 = CARTESIAN_POINT('',(5.02429999589,2.466299300071,22.617185899237
    ));
#1753 = CARTESIAN_POINT('',(3.639313856834,4.932235987606,
    22.734378911423));
#1754 = CARTESIAN_POINT('',(0.880567254374,6.494691890334,
    22.851555867675));
#1755 = CARTESIAN_POINT('',(-2.585244118434,6.241328543032,
    22.968755381723));
#1756 = CARTESIAN_POINT('',(-5.215092116246,3.969782872953,
    23.085934438469));
#1757 = CARTESIAN_POINT('',(-6.061004537494,0.914237195254,23.2031253791
    ));
#1758 = CARTESIAN_POINT('',(-5.296652056463,-1.80878112693,
    23.320312253932));
#1759 = CARTESIAN_POINT('',(-1.808781098881,-5.296652066041,
    23.554687238464));
#1760 = CARTESIAN_POINT('',(0.914237227349,-6.061004532651,
    23.671874113298));
#1761 = CARTESIAN_POINT('',(3.969782900572,-5.215092095229,
    23.789065053924));
#1762 = CARTESIAN_POINT('',(6.241328556717,-2.585244085375,
    23.906244110673));
#1763 = CARTESIAN_POINT('',(6.494691885676,0.880567288759,
    24.023443624725));
#1764 = CARTESIAN_POINT('',(4.932235968333,3.639313882957,
    24.140620580967));
#1765 = CARTESIAN_POINT('',(2.466299273465,5.024300008949,
    24.257813593162));
#1766 = CARTESIAN_POINT('',(-2.46629930007,5.02429999589,24.49218589924)
  );
#1767 = CARTESIAN_POINT('',(-4.93223598761,3.639313856835,
    24.609378911425));
#1768 = CARTESIAN_POINT('',(-6.494691890329,0.880567254372,
    24.726555867659));
#1769 = CARTESIAN_POINT('',(-6.241328543036,-2.585244118431,
    24.843755381748));
#1770 = CARTESIAN_POINT('',(-3.969782872951,-5.215092116247,
    24.960934438448));
#1771 = CARTESIAN_POINT('',(-0.914237195255,-6.061004537494,
    25.07812537911));
#1772 = CARTESIAN_POINT('',(1.808781126929,-5.296652056463,
    25.195312253931));
#1773 = CARTESIAN_POINT('',(5.296652066041,-1.808781098881,
    25.429687238463));
#1774 = CARTESIAN_POINT('',(6.061004532653,0.91423722735,25.546874113302
    ));
#1775 = CARTESIAN_POINT('',(5.215092095224,3.96978290057,25.664065053918
    ));
#1776 = CARTESIAN_POINT('',(2.585244085383,6.241328556719,
    25.781244110679));
#1777 = CARTESIAN_POINT('',(-0.880567288766,6.494691885675,
    25.898443624724));
#1778 = CARTESIAN_POINT('',(-3.639313882954,4.932235968332,
    26.015620580963));
#1779 = CARTESIAN_POINT('',(-5.024300008949,2.466299273466,
    26.132813593166));
#1780 = CARTESIAN_POINT('',(-5.024299995891,-2.466299300071,
    26.367185899234));
#1781 = CARTESIAN_POINT('',(-3.639313856831,-4.932235987606,
    26.484378911427));
#1782 = CARTESIAN_POINT('',(-0.880567254378,-6.494691890334,
    26.60155586767));
#1783 = CARTESIAN_POINT('',(2.585244118437,-6.241328543032,
    26.718755381729));
#1784 = CARTESIAN_POINT('',(5.215092116244,-3.969782872952,
    26.835934438463));
#1785 = CARTESIAN_POINT('',(6.061004537494,-0.914237195255,
    26.953125379106));
#1786 = CARTESIAN_POINT('',(5.296652056463,1.80878112693,27.070312253927
    ));
#1787 = CARTESIAN_POINT('',(1.808781098881,5.296652066041,
    27.304687238476));
#1788 = CARTESIAN_POINT('',(-0.91423722735,6.061004532655,
    27.421874113237));
#1789 = CARTESIAN_POINT('',(-3.969782900572,5.215092095219,
    27.539065054072));
#1790 = CARTESIAN_POINT('',(-6.241328556718,2.585244085391,
    27.656244110427));
#1791 = CARTESIAN_POINT('',(-6.494691885674,-0.880567288778,
    27.773443625032));
#1792 = CARTESIAN_POINT('',(-4.932235968334,-3.63931388294,
    27.890620580669));
#1793 = CARTESIAN_POINT('',(-2.466299273464,-5.024300008961,
    28.00781359339));
#1794 = CARTESIAN_POINT('',(2.466299300067,-5.024299995864,
    28.24218589874));
#1795 = CARTESIAN_POINT('',(4.93223598763,-3.639313856968,
    28.359378913979));
#1796 = CARTESIAN_POINT('',(6.494691890275,-0.880567254045,
    28.476555861396));
#1797 = CARTESIAN_POINT('',(6.241328543132,2.585244117878,
    28.593755392313));
#1798 = CARTESIAN_POINT('',(3.969782872825,5.215092116949,
    28.710934425066));
#1799 = CARTESIAN_POINT('',(0.91423719538,6.061004536805,28.828125392236
    ));
#1800 = CARTESIAN_POINT('',(-1.808781127025,5.296652056988,
    28.945312243917));
#1801 = CARTESIAN_POINT('',(-5.296652065834,1.808781097744,
    29.179687260158));
#1802 = CARTESIAN_POINT('',(-6.061004533715,-0.914237221513,
    29.296874001928));
#1803 = CARTESIAN_POINT('',(-5.215092092617,-3.969782914895,
    29.41406532725));
#1804 = CARTESIAN_POINT('',(-2.585244089777,-6.241328532582,
    29.531243650128));
#1805 = CARTESIAN_POINT('',(0.880567294325,-6.494691916213,
    29.648444207369));
#1806 = CARTESIAN_POINT('',(3.639313877507,-4.932235938407,
    29.765620010051));
#1807 = CARTESIAN_POINT('',(5.024300013101,-2.466299296283,
    29.882814028448));
#1808 = CARTESIAN_POINT('',(5.0243,2.66073529048E-08,29.999999492385));
#1809 = CARTESIAN_POINT('',(4.2143,-8.881784197001E-16,0.33));
#1810 = CARTESIAN_POINT('',(4.214301430645,2.068688438527,0.447188974367
    ));
#1811 = CARTESIAN_POINT('',(3.052593038842,4.137087162476,0.564371754183
    ));
#1812 = CARTESIAN_POINT('',(0.738610459065,5.447627272412,0.681567724618
    ));
#1813 = CARTESIAN_POINT('',(-2.168463959907,5.235136008128,
    0.798745769402));
#1814 = CARTESIAN_POINT('',(-4.374332114243,3.329781616894,0.91593991489
    ));
#1815 = CARTESIAN_POINT('',(-5.083871134026,0.766849202302,
    1.033124644835));
#1816 = CARTESIAN_POINT('',(-4.44274457051,-1.517175892504,
    1.150312693896));
#1817 = CARTESIAN_POINT('',(-1.517175886077,-4.442744522259,
    1.384687682137));
#1818 = CARTESIAN_POINT('',(0.766849242619,-5.083870164391,
    1.501875651605));
#1819 = CARTESIAN_POINT('',(3.329781268862,-4.374336334693,
    1.619060640905));
#1820 = CARTESIAN_POINT('',(5.235136629352,-2.168455809817,
    1.736254272347));
#1821 = CARTESIAN_POINT('',(5.447626679293,0.738601221244,1.853433060313
    ));
#1822 = CARTESIAN_POINT('',(4.137087402014,3.052599201476,1.970628201837
    ));
#1823 = CARTESIAN_POINT('',(2.068688474664,4.214299225161,2.08781170804)
  );
#1824 = CARTESIAN_POINT('',(-2.068688455208,4.2143011279,2.322188659341)
  );
#1825 = CARTESIAN_POINT('',(-4.137087140601,3.052593435921,
    2.439372167372));
#1826 = CARTESIAN_POINT('',(-5.447627294734,0.738610053828,
    2.556567302937));
#1827 = CARTESIAN_POINT('',(-5.235135990485,-2.168463639589,
    2.673746102719));
#1828 = CARTESIAN_POINT('',(-3.329781627366,-4.374332304349,
    2.790939717071));
#1829 = CARTESIAN_POINT('',(-0.766849198035,-5.083871056565,
    2.908124725439));
#1830 = CARTESIAN_POINT('',(1.517175891672,-4.442744585599,
    3.025312678195));
#1831 = CARTESIAN_POINT('',(4.442744522643,-1.517175879112,
    3.259687689385));
#1832 = CARTESIAN_POINT('',(5.083870163886,0.766849233483,3.376875642098
    ));
#1833 = CARTESIAN_POINT('',(4.374336335213,3.329781278186,3.494060650606
    ));
#1834 = CARTESIAN_POINT('',(2.1684558094,5.235136621982,3.61125426468));
#1835 = CARTESIAN_POINT('',(-0.738601220991,5.447626683667,
    3.728433064862));
#1836 = CARTESIAN_POINT('',(-3.052599201581,4.137087400231,
    3.845628199984));
#1837 = CARTESIAN_POINT('',(-4.21429922514,2.068688475012,3.962811708401
    ));
#1838 = CARTESIAN_POINT('',(-4.21430112791,-2.068688455368,
    4.197188659175));
#1839 = CARTESIAN_POINT('',(-3.052593435905,-4.137087140392,
    4.314372167587));
#1840 = CARTESIAN_POINT('',(-0.738610053846,-5.447627294946,
    4.431567302719));
#1841 = CARTESIAN_POINT('',(2.168463639603,-5.235135990318,
    4.548746102892));
#1842 = CARTESIAN_POINT('',(4.374332304341,-3.329781627465,
    4.665939716967));
#1843 = CARTESIAN_POINT('',(5.083871056567,-0.766849197994,
    4.783124725481));
#1844 = CARTESIAN_POINT('',(4.442744585598,1.517175891664,4.900312678186
    ));
#1845 = CARTESIAN_POINT('',(1.517175879112,4.442744522647,5.134687689389
    ));
#1846 = CARTESIAN_POINT('',(-0.766849233482,5.083870163878,
    5.251875642093));
#1847 = CARTESIAN_POINT('',(-3.329781278189,4.374336335227,
    5.369060650613));
#1848 = CARTESIAN_POINT('',(-5.235136621976,2.16845580938,5.486254264672
    ));
#1849 = CARTESIAN_POINT('',(-5.447626683675,-0.738601220975,
    5.603433064869));
#1850 = CARTESIAN_POINT('',(-4.137087400226,-3.052599201589,
    5.72062819998));
#1851 = CARTESIAN_POINT('',(-2.068688475014,-4.214299225139,
    5.837811708402));
#1852 = CARTESIAN_POINT('',(2.06868845537,-4.214301127911,6.072188659176
    ));
#1853 = CARTESIAN_POINT('',(4.137087140389,-3.052593435903,
    6.189372167583));
#1854 = CARTESIAN_POINT('',(5.447627294949,-0.738610053847,
    6.306567302724));
#1855 = CARTESIAN_POINT('',(5.235135990315,2.168463639603,6.423746102888
    ));
#1856 = CARTESIAN_POINT('',(3.329781627467,4.374332304342,6.540939716969
    ));
#1857 = CARTESIAN_POINT('',(0.766849197993,5.083871056567,6.658124725481
    ));
#1858 = CARTESIAN_POINT('',(-1.517175891664,4.442744585598,
    6.775312678186));
#1859 = CARTESIAN_POINT('',(-4.442744522647,1.517175879112,
    7.009687689389));
#1860 = CARTESIAN_POINT('',(-5.083870163883,-0.766849233484,
    7.126875642093));
#1861 = CARTESIAN_POINT('',(-4.37433633521,-3.329781278184,
    7.244060650615));
#1862 = CARTESIAN_POINT('',(-2.168455809412,-5.235136621985,
    7.361254264668));
#1863 = CARTESIAN_POINT('',(0.738601221006,-5.447626683665,
    7.478433064874));
#1864 = CARTESIAN_POINT('',(3.05259920157,-4.137087400232,7.595628199975
    ));
#1865 = CARTESIAN_POINT('',(4.214299225143,-2.068688475012,
    7.712811708405));
#1866 = CARTESIAN_POINT('',(4.214301127907,2.068688455369,7.947188659169
    ));
#1867 = CARTESIAN_POINT('',(3.052593435912,4.137087140388,8.064372167604
    ));
#1868 = CARTESIAN_POINT('',(0.738610053837,5.447627294955,8.181567302696
    ));
#1869 = CARTESIAN_POINT('',(-2.168463639597,5.235135990309,8.29874610291
    ));
#1870 = CARTESIAN_POINT('',(-4.374332304343,3.32978162747,8.41593971696)
  );
#1871 = CARTESIAN_POINT('',(-5.083871056568,0.766849197993,
    8.533124725482));
#1872 = CARTESIAN_POINT('',(-4.442744585598,-1.517175891665,
    8.650312678187));
#1873 = CARTESIAN_POINT('',(-1.517175879112,-4.442744522646,
    8.884687689389));
#1874 = CARTESIAN_POINT('',(0.766849233483,-5.083870163883,
    9.001875642094));
#1875 = CARTESIAN_POINT('',(3.329781278188,-4.374336335214,
    9.119060650607));
#1876 = CARTESIAN_POINT('',(5.235136621976,-2.1684558094,9.236254264686)
  );
#1877 = CARTESIAN_POINT('',(5.447626683674,0.738601220991,9.353433064851
    ));
#1878 = CARTESIAN_POINT('',(4.137087400227,3.052599201582,9.470628199993
    ));
#1879 = CARTESIAN_POINT('',(2.068688475013,4.214299225139,9.587811708397
    ));
#1880 = CARTESIAN_POINT('',(-2.068688455369,4.214301127911,
    9.822188659179));
#1881 = CARTESIAN_POINT('',(-4.137087140392,3.052593435903,
    9.939372167578));
#1882 = CARTESIAN_POINT('',(-5.447627294944,0.738610053847,
    10.056567302732));
#1883 = CARTESIAN_POINT('',(-5.23513599032,-2.168463639603,
    10.173746102882));
#1884 = CARTESIAN_POINT('',(-3.329781627464,-4.374332304342,
    10.290939716972));
#1885 = CARTESIAN_POINT('',(-0.766849197994,-5.083871056567,
    10.408124725481));
#1886 = CARTESIAN_POINT('',(1.517175891664,-4.442744585599,
    10.525312678186));
#1887 = CARTESIAN_POINT('',(4.442744522647,-1.517175879112,
    10.759687689388));
#1888 = CARTESIAN_POINT('',(5.083870163885,0.766849233484,
    10.876875642093));
#1889 = CARTESIAN_POINT('',(4.374336335201,3.329781278183,
    10.994060650615));
#1890 = CARTESIAN_POINT('',(2.168455809428,5.235136621987,
    11.111254264667));
#1891 = CARTESIAN_POINT('',(-0.738601221022,5.447626683664,
    11.228433064876));
#1892 = CARTESIAN_POINT('',(-3.052599201563,4.137087400232,
    11.345628199975));
#1893 = CARTESIAN_POINT('',(-4.214299225142,2.068688475013,
    11.462811708403));
#1894 = CARTESIAN_POINT('',(-4.21430112791,-2.068688455369,
    11.697188659176));
#1895 = CARTESIAN_POINT('',(-3.052593435904,-4.137087140389,
    11.814372167582));
#1896 = CARTESIAN_POINT('',(-0.738610053846,-5.447627294949,
    11.931567302727));
#1897 = CARTESIAN_POINT('',(2.168463639603,-5.235135990316,
    12.048746102885));
#1898 = CARTESIAN_POINT('',(4.374332304342,-3.329781627466,
    12.16593971697));
#1899 = CARTESIAN_POINT('',(5.083871056567,-0.766849197994,
    12.283124725481));
#1900 = CARTESIAN_POINT('',(4.442744585599,1.517175891664,
    12.400312678186));
#1901 = CARTESIAN_POINT('',(1.517175879112,4.442744522647,
    12.634687689388));
#1902 = CARTESIAN_POINT('',(-0.766849233483,5.083870163881,
    12.751875642093));
#1903 = CARTESIAN_POINT('',(-3.329781278187,4.374336335218,
    12.869060650615));
#1904 = CARTESIAN_POINT('',(-5.23513662198,2.168455809398,
    12.986254264666));
#1905 = CARTESIAN_POINT('',(-5.447626683668,-0.738601220993,
    13.103433064877));
#1906 = CARTESIAN_POINT('',(-4.137087400231,-3.052599201578,
    13.220628199973));
#1907 = CARTESIAN_POINT('',(-2.068688475012,-4.214299225141,
    13.337811708406));
#1908 = CARTESIAN_POINT('',(2.068688455368,-4.214301127909,
    13.572188659169));
#1909 = CARTESIAN_POINT('',(4.137087140389,-3.052593435909,
    13.689372167603));
#1910 = CARTESIAN_POINT('',(5.447627294952,-0.738610053841,
    13.806567302698));
#1911 = CARTESIAN_POINT('',(5.235135990311,2.1684636396,13.923746102908)
  );
#1912 = CARTESIAN_POINT('',(3.329781627469,4.374332304341,
    14.040939716961));
#1913 = CARTESIAN_POINT('',(0.766849197993,5.083871056569,
    14.158124725482));
#1914 = CARTESIAN_POINT('',(-1.517175891664,4.442744585598,
    14.275312678187));
#1915 = CARTESIAN_POINT('',(-4.442744522647,1.517175879112,
    14.509687689388));
#1916 = CARTESIAN_POINT('',(-5.083870163882,-0.766849233482,
    14.626875642093));
#1917 = CARTESIAN_POINT('',(-4.374336335216,-3.329781278193,
    14.744060650611));
#1918 = CARTESIAN_POINT('',(-2.1684558094,-5.235136621969,
    14.861254264676));
#1919 = CARTESIAN_POINT('',(0.738601220993,-5.447626683681,
    14.978433064865));
#1920 = CARTESIAN_POINT('',(3.052599201579,-4.137087400223,
    15.095628199982));
#1921 = CARTESIAN_POINT('',(4.21429922514,-2.068688475013,
    15.212811708403));
#1922 = CARTESIAN_POINT('',(4.214301127909,2.068688455369,
    15.447188659171));
#1923 = CARTESIAN_POINT('',(3.052593435908,4.137087140388,15.5643721676)
  );
#1924 = CARTESIAN_POINT('',(0.738610053841,5.447627294953,
    15.681567302702));
#1925 = CARTESIAN_POINT('',(-2.168463639601,5.235135990311,
    15.798746102905));
#1926 = CARTESIAN_POINT('',(-4.374332304341,3.329781627469,
    15.915939716963));
#1927 = CARTESIAN_POINT('',(-5.083871056569,0.766849197993,
    16.033124725481));
#1928 = CARTESIAN_POINT('',(-4.442744585598,-1.517175891664,
    16.150312678187));
#1929 = CARTESIAN_POINT('',(-1.517175879112,-4.442744522647,
    16.384687689388));
#1930 = CARTESIAN_POINT('',(0.766849233484,-5.083870163882,
    16.501875642093));
#1931 = CARTESIAN_POINT('',(3.329781278185,-4.374336335213,
    16.61906065061));
#1932 = CARTESIAN_POINT('',(5.235136621982,-2.168455809405,
    16.736254264677));
#1933 = CARTESIAN_POINT('',(5.447626683669,0.738601220999,
    16.853433064863));
#1934 = CARTESIAN_POINT('',(4.137087400229,3.052599201577,
    16.970628199984));
#1935 = CARTESIAN_POINT('',(2.068688475013,4.214299225139,
    17.087811708401));
#1936 = CARTESIAN_POINT('',(-2.068688455368,4.214301127911,
    17.322188659176));
#1937 = CARTESIAN_POINT('',(-4.137087140393,3.052593435901,
    17.439372167585));
#1938 = CARTESIAN_POINT('',(-5.447627294945,0.738610053851,
    17.556567302723));
#1939 = CARTESIAN_POINT('',(-5.235135990319,-2.168463639607,
    17.673746102888));
#1940 = CARTESIAN_POINT('',(-3.329781627465,-4.374332304339,
    17.79093971697));
#1941 = CARTESIAN_POINT('',(-0.766849197994,-5.083871056568,
    17.908124725481));
#1942 = CARTESIAN_POINT('',(1.517175891664,-4.442744585598,
    18.025312678187));
#1943 = CARTESIAN_POINT('',(4.442744522647,-1.517175879112,
    18.259687689388));
#1944 = CARTESIAN_POINT('',(5.08387016388,0.766849233484,18.376875642092
    ));
#1945 = CARTESIAN_POINT('',(4.374336335216,3.329781278184,
    18.494060650618));
#1946 = CARTESIAN_POINT('',(2.168455809403,5.235136621984,
    18.611254264658));
#1947 = CARTESIAN_POINT('',(-0.738601220999,5.447626683666,
    18.728433064887));
#1948 = CARTESIAN_POINT('',(-3.052599201574,4.137087400231,
    18.845628199966));
#1949 = CARTESIAN_POINT('',(-4.214299225143,2.068688475013,
    18.962811708408));
#1950 = CARTESIAN_POINT('',(-4.214301127908,-2.068688455369,
    19.19718865917));
#1951 = CARTESIAN_POINT('',(-3.052593435908,-4.137087140389,
    19.314372167598));
#1952 = CARTESIAN_POINT('',(-0.738610053842,-5.447627294952,
    19.431567302706));
#1953 = CARTESIAN_POINT('',(2.168463639601,-5.235135990313,
    19.548746102901));
#1954 = CARTESIAN_POINT('',(4.374332304341,-3.329781627468,
    19.665939716964));
#1955 = CARTESIAN_POINT('',(5.083871056569,-0.766849197994,
    19.783124725481));
#1956 = CARTESIAN_POINT('',(4.442744585598,1.517175891664,
    19.900312678187));
#1957 = CARTESIAN_POINT('',(1.517175879112,4.442744522647,
    20.134687689389));
#1958 = CARTESIAN_POINT('',(-0.766849233484,5.083870163883,
    20.251875642093));
#1959 = CARTESIAN_POINT('',(-3.329781278187,4.374336335211,
    20.369060650612));
#1960 = CARTESIAN_POINT('',(-5.235136621979,2.168455809408,
    20.486254264676));
#1961 = CARTESIAN_POINT('',(-5.447626683672,-0.738601221,20.603433064864
    ));
#1962 = CARTESIAN_POINT('',(-4.137087400228,-3.052599201577,
    20.720628199984));
#1963 = CARTESIAN_POINT('',(-2.068688475013,-4.214299225139,
    20.8378117084));
#1964 = CARTESIAN_POINT('',(2.068688455369,-4.214301127912,
    21.072188659177));
#1965 = CARTESIAN_POINT('',(4.137087140391,-3.052593435901,
    21.189372167582));
#1966 = CARTESIAN_POINT('',(5.447627294947,-0.73861005385,
    21.306567302726));
#1967 = CARTESIAN_POINT('',(5.235135990318,2.168463639606,
    21.423746102887));
#1968 = CARTESIAN_POINT('',(3.329781627466,4.37433230434,21.540939716969
    ));
#1969 = CARTESIAN_POINT('',(0.766849197993,5.083871056567,
    21.658124725481));
#1970 = CARTESIAN_POINT('',(-1.517175891664,4.442744585598,
    21.775312678186));
#1971 = CARTESIAN_POINT('',(-4.442744522647,1.517175879112,
    22.009687689388));
#1972 = CARTESIAN_POINT('',(-5.083870163881,-0.766849233483,
    22.126875642092));
#1973 = CARTESIAN_POINT('',(-4.374336335214,-3.329781278185,
    22.244060650617));
#1974 = CARTESIAN_POINT('',(-2.168455809407,-5.235136621983,
    22.361254264662));
#1975 = CARTESIAN_POINT('',(0.738601221003,-5.447626683668,
    22.478433064882));
#1976 = CARTESIAN_POINT('',(3.052599201571,-4.13708740023,
    22.595628199969));
#1977 = CARTESIAN_POINT('',(4.214299225143,-2.068688475013,
    22.712811708407));
#1978 = CARTESIAN_POINT('',(4.214301127907,2.068688455369,
    22.947188659167));
#1979 = CARTESIAN_POINT('',(3.052593435912,4.137087140387,
    23.064372167607));
#1980 = CARTESIAN_POINT('',(0.738610053838,5.447627294956,
    23.181567302693));
#1981 = CARTESIAN_POINT('',(-2.168463639598,5.235135990308,
    23.298746102912));
#1982 = CARTESIAN_POINT('',(-4.374332304342,3.329781627471,
    23.41593971696));
#1983 = CARTESIAN_POINT('',(-5.083871056569,0.766849197993,
    23.533124725482));
#1984 = CARTESIAN_POINT('',(-4.442744585598,-1.517175891664,
    23.650312678187));
#1985 = CARTESIAN_POINT('',(-1.517175879112,-4.442744522647,
    23.884687689388));
#1986 = CARTESIAN_POINT('',(0.766849233482,-5.083870163881,
    24.001875642093));
#1987 = CARTESIAN_POINT('',(3.32978127819,-4.374336335221,
    24.119060650611));
#1988 = CARTESIAN_POINT('',(5.235136621975,-2.168455809391,
    24.236254264676));
#1989 = CARTESIAN_POINT('',(5.447626683673,0.738601220984,
    24.353433064865));
#1990 = CARTESIAN_POINT('',(4.137087400229,3.052599201583,24.47062819998
    ));
#1991 = CARTESIAN_POINT('',(2.068688475012,4.214299225141,
    24.587811708408));
#1992 = CARTESIAN_POINT('',(-2.068688455369,4.2143011279,24.822188659153
    ));
#1993 = CARTESIAN_POINT('',(-4.137087140375,3.052593435932,
    24.939372167652));
#1994 = CARTESIAN_POINT('',(-5.447627294981,0.738610053813,
    25.056567302632));
#1995 = CARTESIAN_POINT('',(-5.235135990282,-2.168463639582,
    25.173746102959));
#1996 = CARTESIAN_POINT('',(-3.329781627484,-4.374332304345,
    25.290939716941));
#1997 = CARTESIAN_POINT('',(-0.76684919799,-5.083871056571,
    25.408124725483));
#1998 = CARTESIAN_POINT('',(1.517175891665,-4.442744585596,
    25.525312678188));
#1999 = CARTESIAN_POINT('',(4.442744522646,-1.517175879113,
    25.759687689389));
#2000 = CARTESIAN_POINT('',(5.083870163882,0.766849233482,
    25.876875642095));
#2001 = CARTESIAN_POINT('',(4.374336335222,3.329781278196,
    25.994060650597));
#2002 = CARTESIAN_POINT('',(2.168455809381,5.235136621962,
    26.111254264711));
#2003 = CARTESIAN_POINT('',(-0.738601220967,5.447626683688,
    26.22843306482));
#2004 = CARTESIAN_POINT('',(-3.0525992016,4.137087400221,26.345628200014
    ));
#2005 = CARTESIAN_POINT('',(-4.214299225133,2.068688475013,
    26.462811708391));
#2006 = CARTESIAN_POINT('',(-4.214301127912,-2.068688455368,
    26.697188659175));
#2007 = CARTESIAN_POINT('',(-3.052593435903,-4.137087140392,
    26.814372167593));
#2008 = CARTESIAN_POINT('',(-0.738610053847,-5.447627294948,
    26.931567302711));
#2009 = CARTESIAN_POINT('',(2.168463639603,-5.235135990315,
    27.048746102895));
#2010 = CARTESIAN_POINT('',(4.374332304343,-3.329781627467,
    27.16593971697));
#2011 = CARTESIAN_POINT('',(5.083871056564,-0.766849197993,
    27.283124725476));
#2012 = CARTESIAN_POINT('',(4.442744585602,1.517175891664,
    27.400312678191));
#2013 = CARTESIAN_POINT('',(1.517175879104,4.442744522648,27.63468768938
    ));
#2014 = CARTESIAN_POINT('',(-0.766849233441,5.083870163879,
    27.751875642135));
#2015 = CARTESIAN_POINT('',(-3.329781278291,4.374336335221,
    27.869060650512));
#2016 = CARTESIAN_POINT('',(-5.235136621804,2.168455809394,
    27.986254264839));
#2017 = CARTESIAN_POINT('',(-5.447626683892,-0.738601220987,
    28.103433064659));
#2018 = CARTESIAN_POINT('',(-4.137087400012,-3.052599201586,
    28.220628200187));
#2019 = CARTESIAN_POINT('',(-2.068688475178,-4.214299225134,
    28.337811708242));
#2020 = CARTESIAN_POINT('',(2.068688455724,-4.214301127924,
    28.572188659526));
#2021 = CARTESIAN_POINT('',(4.137087138564,-3.052593435823,
    28.689372165761));
#2022 = CARTESIAN_POINT('',(5.447627299425,-0.738610054063,
    28.806567307233));
#2023 = CARTESIAN_POINT('',(5.235135982784,2.168463639985,28.92374609525
    ));
#2024 = CARTESIAN_POINT('',(3.329781636984,4.374332303846,
    29.040939726662));
#2025 = CARTESIAN_POINT('',(0.766849188674,5.083871057057,
    29.158124715971));
#2026 = CARTESIAN_POINT('',(-1.517175884561,4.442744585225,
    29.275312685439));
#2027 = CARTESIAN_POINT('',(-4.442744538035,1.51717587992,
    29.509687673679));
#2028 = CARTESIAN_POINT('',(-5.083870084882,-0.766849237626,
    29.626875722744));
#2029 = CARTESIAN_POINT('',(-4.374336529104,-3.329781268021,
    29.74406045267));
#2030 = CARTESIAN_POINT('',(-2.168455482702,-5.235136639106,
    29.861254598206));
#2031 = CARTESIAN_POINT('',(0.738600807685,-5.447626662001,
    29.978432642913));
#2032 = CARTESIAN_POINT('',(3.052599606562,-4.137087421467,
    30.09562861343));
#2033 = CARTESIAN_POINT('',(4.214298916374,-2.068688458816,
    30.212811393186));
#2034 = CARTESIAN_POINT('',(4.214300356563,-1.926744843322E-08,
    30.330000367583));
#2035 = DEFINITIONAL_REPRESENTATION('',(#2036),#2039);
#2036 = B_SPLINE_CURVE_WITH_KNOTS('',1,(#2037,#2038),.UNSPECIFIED.,.F.,
  .F.,(2,2),(0.,129.19507359703),.PIECEWISE_BEZIER_KNOTS.);
#2037 = CARTESIAN_POINT('',(0.,0.));
#2038 = CARTESIAN_POINT('',(0.,129.19507359703));
#2039 = ( GEOMETRIC_REPRESENTATION_CONTEXT(2) 
PARAMETRIC_REPRESENTATION_CONTEXT() REPRESENTATION_CONTEXT('2D SPACE',''
  ) );
#2040 = ORIENTED_EDGE('',*,*,#2041,.F.);
#2041 = EDGE_CURVE('',#167,#1344,#2042,.T.);
#2042 = SURFACE_CURVE('',#2043,(#2046,#2053),.PCURVE_S1.);
#2043 = B_SPLINE_CURVE_WITH_KNOTS('',1,(#2044,#2045),.UNSPECIFIED.,.F.,
  .F.,(2,2),(0.,0.874642784227),.PIECEWISE_BEZIER_KNOTS.);
#2044 = CARTESIAN_POINT('',(4.214299643439,-1.92661361496E-08,
    29.670000367583));
#2045 = CARTESIAN_POINT('',(5.0243,2.66073529048E-08,29.999999492385));
#2046 = PCURVE('',#398,#2047);
#2047 = DEFINITIONAL_REPRESENTATION('',(#2048),#2052);
#2048 = LINE('',#2049,#2050);
#2049 = CARTESIAN_POINT('',(0.,129.19507359703));
#2050 = VECTOR('',#2051,1.);
#2051 = DIRECTION('',(1.,0.));
#2052 = ( GEOMETRIC_REPRESENTATION_CONTEXT(2) 
PARAMETRIC_REPRESENTATION_CONTEXT() REPRESENTATION_CONTEXT('2D SPACE',''
  ) );
#2053 = PCURVE('',#2054,#2059);
#2054 = PLANE('',#2055);
#2055 = AXIS2_PLACEMENT_3D('',#2056,#2057,#2058);
#2056 = CARTESIAN_POINT('',(4.508354247658,-2.613104507715E-09,
    30.00000004986));
#2057 = DIRECTION('',(5.663474750732E-08,-1.,-2.048633712151E-12));
#2058 = DIRECTION('',(-1.,-5.663474750732E-08,2.407412430484E-35));
#2059 = DEFINITIONAL_REPRESENTATION('',(#2060),#2063);
#2060 = B_SPLINE_CURVE_WITH_KNOTS('',1,(#2061,#2062),.UNSPECIFIED.,.F.,
  .F.,(2,2),(0.,0.874642784227),.PIECEWISE_BEZIER_KNOTS.);
#2061 = CARTESIAN_POINT('',(0.294054604219,0.329999682277));
#2062 = CARTESIAN_POINT('',(-0.515945752342,5.574745891579E-07));
#2063 = ( GEOMETRIC_REPRESENTATION_CONTEXT(2) 
PARAMETRIC_REPRESENTATION_CONTEXT() REPRESENTATION_CONTEXT('2D SPACE',''
  ) );
#2064 = ADVANCED_FACE('',(#2065),#1582,.F.);
#2065 = FACE_BOUND('',#2066,.F.);
#2066 = EDGE_LOOP('',(#2067,#2068,#2089,#2334));
#2067 = ORIENTED_EDGE('',*,*,#1343,.F.);
#2068 = ORIENTED_EDGE('',*,*,#2069,.T.);
#2069 = EDGE_CURVE('',#1318,#2070,#2072,.T.);
#2070 = VERTEX_POINT('',#2071);
#2071 = CARTESIAN_POINT('',(4.2143,0.,0.33));
#2072 = SURFACE_CURVE('',#2073,(#2076,#2083),.PCURVE_S1.);
#2073 = B_SPLINE_CURVE_WITH_KNOTS('',1,(#2074,#2075),.UNSPECIFIED.,.F.,
  .F.,(2,2),(0.,0.874642784227),.PIECEWISE_BEZIER_KNOTS.);
#2074 = CARTESIAN_POINT('',(5.0243,0.,0.));
#2075 = CARTESIAN_POINT('',(4.2143,-8.881784197001E-16,0.33));
#2076 = PCURVE('',#1582,#2077);
#2077 = DEFINITIONAL_REPRESENTATION('',(#2078),#2082);
#2078 = LINE('',#2079,#2080);
#2079 = CARTESIAN_POINT('',(0.,0.));
#2080 = VECTOR('',#2081,1.);
#2081 = DIRECTION('',(1.,0.));
#2082 = ( GEOMETRIC_REPRESENTATION_CONTEXT(2) 
PARAMETRIC_REPRESENTATION_CONTEXT() REPRESENTATION_CONTEXT('2D SPACE',''
  ) );
#2083 = PCURVE('',#1332,#2084);
#2084 = DEFINITIONAL_REPRESENTATION('',(#2085),#2088);
#2085 = B_SPLINE_CURVE_WITH_KNOTS('',1,(#2086,#2087),.UNSPECIFIED.,.F.,
  .F.,(2,2),(0.,0.874642784227),.PIECEWISE_BEZIER_KNOTS.);
#2086 = CARTESIAN_POINT('',(-8.064176030163E-17,0.515945752342));
#2087 = CARTESIAN_POINT('',(-0.33,-0.294054247658));
#2088 = ( GEOMETRIC_REPRESENTATION_CONTEXT(2) 
PARAMETRIC_REPRESENTATION_CONTEXT() REPRESENTATION_CONTEXT('2D SPACE',''
  ) );
#2089 = ORIENTED_EDGE('',*,*,#2090,.T.);
#2090 = EDGE_CURVE('',#2070,#2091,#2093,.T.);
#2091 = VERTEX_POINT('',#2092);
#2092 = CARTESIAN_POINT('',(4.214300356563,-1.926744843322E-08,
    30.330000367583));
#2093 = SURFACE_CURVE('',#2094,(#2321,#2328),.PCURVE_S1.);
#2094 = B_SPLINE_CURVE_WITH_KNOTS('',8,(#2095,#2096,#2097,#2098,#2099,
    #2100,#2101,#2102,#2103,#2104,#2105,#2106,#2107,#2108,#2109,#2110,
    #2111,#2112,#2113,#2114,#2115,#2116,#2117,#2118,#2119,#2120,#2121,
    #2122,#2123,#2124,#2125,#2126,#2127,#2128,#2129,#2130,#2131,#2132,
    #2133,#2134,#2135,#2136,#2137,#2138,#2139,#2140,#2141,#2142,#2143,
    #2144,#2145,#2146,#2147,#2148,#2149,#2150,#2151,#2152,#2153,#2154,
    #2155,#2156,#2157,#2158,#2159,#2160,#2161,#2162,#2163,#2164,#2165,
    #2166,#2167,#2168,#2169,#2170,#2171,#2172,#2173,#2174,#2175,#2176,
    #2177,#2178,#2179,#2180,#2181,#2182,#2183,#2184,#2185,#2186,#2187,
    #2188,#2189,#2190,#2191,#2192,#2193,#2194,#2195,#2196,#2197,#2198,
    #2199,#2200,#2201,#2202,#2203,#2204,#2205,#2206,#2207,#2208,#2209,
    #2210,#2211,#2212,#2213,#2214,#2215,#2216,#2217,#2218,#2219,#2220,
    #2221,#2222,#2223,#2224,#2225,#2226,#2227,#2228,#2229,#2230,#2231,
    #2232,#2233,#2234,#2235,#2236,#2237,#2238,#2239,#2240,#2241,#2242,
    #2243,#2244,#2245,#2246,#2247,#2248,#2249,#2250,#2251,#2252,#2253,
    #2254,#2255,#2256,#2257,#2258,#2259,#2260,#2261,#2262,#2263,#2264,
    #2265,#2266,#2267,#2268,#2269,#2270,#2271,#2272,#2273,#2274,#2275,
    #2276,#2277,#2278,#2279,#2280,#2281,#2282,#2283,#2284,#2285,#2286,
    #2287,#2288,#2289,#2290,#2291,#2292,#2293,#2294,#2295,#2296,#2297,
    #2298,#2299,#2300,#2301,#2302,#2303,#2304,#2305,#2306,#2307,#2308,
    #2309,#2310,#2311,#2312,#2313,#2314,#2315,#2316,#2317,#2318,#2319,
    #2320),.UNSPECIFIED.,.F.,.F.,(9,7,7,7,7,7,7,7,7,7,7,7,7,7,7,7,7,7,7,
    7,7,7,7,7,7,7,7,7,7,7,7,7,9),(0.,4.037346049907,8.074692099815,
    12.112038149722,16.149384199629,20.186730249537,24.224076299444,
    28.261422349351,32.298768399258,36.336114449166,40.373460499073,
    44.41080654898,48.448152598888,52.485498648795,56.522844698702,
    60.56019074861,64.597536798517,68.634882848424,72.672228898331,
    76.709574948239,80.746920998146,84.784267048053,88.821613097961,
    92.858959147868,96.896305197775,100.93365124768,104.97099729759,
    109.00834334749,113.0456893974,117.08303544731,121.12038149721,
    125.15772754712,129.19507359703),.UNSPECIFIED.);
#2095 = CARTESIAN_POINT('',(4.2143,-8.881784197001E-16,0.33));
#2096 = CARTESIAN_POINT('',(4.214301430645,2.068688438527,0.447188974367
    ));
#2097 = CARTESIAN_POINT('',(3.052593038842,4.137087162476,0.564371754183
    ));
#2098 = CARTESIAN_POINT('',(0.738610459065,5.447627272412,0.681567724618
    ));
#2099 = CARTESIAN_POINT('',(-2.168463959907,5.235136008128,
    0.798745769402));
#2100 = CARTESIAN_POINT('',(-4.374332114243,3.329781616894,0.91593991489
    ));
#2101 = CARTESIAN_POINT('',(-5.083871134026,0.766849202302,
    1.033124644835));
#2102 = CARTESIAN_POINT('',(-4.44274457051,-1.517175892504,
    1.150312693896));
#2103 = CARTESIAN_POINT('',(-1.517175886077,-4.442744522259,
    1.384687682137));
#2104 = CARTESIAN_POINT('',(0.766849242619,-5.083870164391,
    1.501875651605));
#2105 = CARTESIAN_POINT('',(3.329781268862,-4.374336334693,
    1.619060640905));
#2106 = CARTESIAN_POINT('',(5.235136629352,-2.168455809817,
    1.736254272347));
#2107 = CARTESIAN_POINT('',(5.447626679293,0.738601221244,1.853433060313
    ));
#2108 = CARTESIAN_POINT('',(4.137087402014,3.052599201476,1.970628201837
    ));
#2109 = CARTESIAN_POINT('',(2.068688474664,4.214299225161,2.08781170804)
  );
#2110 = CARTESIAN_POINT('',(-2.068688455208,4.2143011279,2.322188659341)
  );
#2111 = CARTESIAN_POINT('',(-4.137087140601,3.052593435921,
    2.439372167372));
#2112 = CARTESIAN_POINT('',(-5.447627294734,0.738610053828,
    2.556567302937));
#2113 = CARTESIAN_POINT('',(-5.235135990485,-2.168463639589,
    2.673746102719));
#2114 = CARTESIAN_POINT('',(-3.329781627366,-4.374332304349,
    2.790939717071));
#2115 = CARTESIAN_POINT('',(-0.766849198035,-5.083871056565,
    2.908124725439));
#2116 = CARTESIAN_POINT('',(1.517175891672,-4.442744585599,
    3.025312678195));
#2117 = CARTESIAN_POINT('',(4.442744522643,-1.517175879112,
    3.259687689385));
#2118 = CARTESIAN_POINT('',(5.083870163886,0.766849233483,3.376875642098
    ));
#2119 = CARTESIAN_POINT('',(4.374336335213,3.329781278186,3.494060650606
    ));
#2120 = CARTESIAN_POINT('',(2.1684558094,5.235136621982,3.61125426468));
#2121 = CARTESIAN_POINT('',(-0.738601220991,5.447626683667,
    3.728433064862));
#2122 = CARTESIAN_POINT('',(-3.052599201581,4.137087400231,
    3.845628199984));
#2123 = CARTESIAN_POINT('',(-4.21429922514,2.068688475012,3.962811708401
    ));
#2124 = CARTESIAN_POINT('',(-4.21430112791,-2.068688455368,
    4.197188659175));
#2125 = CARTESIAN_POINT('',(-3.052593435905,-4.137087140392,
    4.314372167587));
#2126 = CARTESIAN_POINT('',(-0.738610053846,-5.447627294946,
    4.431567302719));
#2127 = CARTESIAN_POINT('',(2.168463639603,-5.235135990318,
    4.548746102892));
#2128 = CARTESIAN_POINT('',(4.374332304341,-3.329781627465,
    4.665939716967));
#2129 = CARTESIAN_POINT('',(5.083871056567,-0.766849197994,
    4.783124725481));
#2130 = CARTESIAN_POINT('',(4.442744585598,1.517175891664,4.900312678186
    ));
#2131 = CARTESIAN_POINT('',(1.517175879112,4.442744522647,5.134687689389
    ));
#2132 = CARTESIAN_POINT('',(-0.766849233482,5.083870163878,
    5.251875642093));
#2133 = CARTESIAN_POINT('',(-3.329781278189,4.374336335227,
    5.369060650613));
#2134 = CARTESIAN_POINT('',(-5.235136621976,2.16845580938,5.486254264672
    ));
#2135 = CARTESIAN_POINT('',(-5.447626683675,-0.738601220975,
    5.603433064869));
#2136 = CARTESIAN_POINT('',(-4.137087400226,-3.052599201589,
    5.72062819998));
#2137 = CARTESIAN_POINT('',(-2.068688475014,-4.214299225139,
    5.837811708402));
#2138 = CARTESIAN_POINT('',(2.06868845537,-4.214301127911,6.072188659176
    ));
#2139 = CARTESIAN_POINT('',(4.137087140389,-3.052593435903,
    6.189372167583));
#2140 = CARTESIAN_POINT('',(5.447627294949,-0.738610053847,
    6.306567302724));
#2141 = CARTESIAN_POINT('',(5.235135990315,2.168463639603,6.423746102888
    ));
#2142 = CARTESIAN_POINT('',(3.329781627467,4.374332304342,6.540939716969
    ));
#2143 = CARTESIAN_POINT('',(0.766849197993,5.083871056567,6.658124725481
    ));
#2144 = CARTESIAN_POINT('',(-1.517175891664,4.442744585598,
    6.775312678186));
#2145 = CARTESIAN_POINT('',(-4.442744522647,1.517175879112,
    7.009687689389));
#2146 = CARTESIAN_POINT('',(-5.083870163883,-0.766849233484,
    7.126875642093));
#2147 = CARTESIAN_POINT('',(-4.37433633521,-3.329781278184,
    7.244060650615));
#2148 = CARTESIAN_POINT('',(-2.168455809412,-5.235136621985,
    7.361254264668));
#2149 = CARTESIAN_POINT('',(0.738601221006,-5.447626683665,
    7.478433064874));
#2150 = CARTESIAN_POINT('',(3.05259920157,-4.137087400232,7.595628199975
    ));
#2151 = CARTESIAN_POINT('',(4.214299225143,-2.068688475012,
    7.712811708405));
#2152 = CARTESIAN_POINT('',(4.214301127907,2.068688455369,7.947188659169
    ));
#2153 = CARTESIAN_POINT('',(3.052593435912,4.137087140388,8.064372167604
    ));
#2154 = CARTESIAN_POINT('',(0.738610053837,5.447627294955,8.181567302696
    ));
#2155 = CARTESIAN_POINT('',(-2.168463639597,5.235135990309,8.29874610291
    ));
#2156 = CARTESIAN_POINT('',(-4.374332304343,3.32978162747,8.41593971696)
  );
#2157 = CARTESIAN_POINT('',(-5.083871056568,0.766849197993,
    8.533124725482));
#2158 = CARTESIAN_POINT('',(-4.442744585598,-1.517175891665,
    8.650312678187));
#2159 = CARTESIAN_POINT('',(-1.517175879112,-4.442744522646,
    8.884687689389));
#2160 = CARTESIAN_POINT('',(0.766849233483,-5.083870163883,
    9.001875642094));
#2161 = CARTESIAN_POINT('',(3.329781278188,-4.374336335214,
    9.119060650607));
#2162 = CARTESIAN_POINT('',(5.235136621976,-2.1684558094,9.236254264686)
  );
#2163 = CARTESIAN_POINT('',(5.447626683674,0.738601220991,9.353433064851
    ));
#2164 = CARTESIAN_POINT('',(4.137087400227,3.052599201582,9.470628199993
    ));
#2165 = CARTESIAN_POINT('',(2.068688475013,4.214299225139,9.587811708397
    ));
#2166 = CARTESIAN_POINT('',(-2.068688455369,4.214301127911,
    9.822188659179));
#2167 = CARTESIAN_POINT('',(-4.137087140392,3.052593435903,
    9.939372167578));
#2168 = CARTESIAN_POINT('',(-5.447627294944,0.738610053847,
    10.056567302732));
#2169 = CARTESIAN_POINT('',(-5.23513599032,-2.168463639603,
    10.173746102882));
#2170 = CARTESIAN_POINT('',(-3.329781627464,-4.374332304342,
    10.290939716972));
#2171 = CARTESIAN_POINT('',(-0.766849197994,-5.083871056567,
    10.408124725481));
#2172 = CARTESIAN_POINT('',(1.517175891664,-4.442744585599,
    10.525312678186));
#2173 = CARTESIAN_POINT('',(4.442744522647,-1.517175879112,
    10.759687689388));
#2174 = CARTESIAN_POINT('',(5.083870163885,0.766849233484,
    10.876875642093));
#2175 = CARTESIAN_POINT('',(4.374336335201,3.329781278183,
    10.994060650615));
#2176 = CARTESIAN_POINT('',(2.168455809428,5.235136621987,
    11.111254264667));
#2177 = CARTESIAN_POINT('',(-0.738601221022,5.447626683664,
    11.228433064876));
#2178 = CARTESIAN_POINT('',(-3.052599201563,4.137087400232,
    11.345628199975));
#2179 = CARTESIAN_POINT('',(-4.214299225142,2.068688475013,
    11.462811708403));
#2180 = CARTESIAN_POINT('',(-4.21430112791,-2.068688455369,
    11.697188659176));
#2181 = CARTESIAN_POINT('',(-3.052593435904,-4.137087140389,
    11.814372167582));
#2182 = CARTESIAN_POINT('',(-0.738610053846,-5.447627294949,
    11.931567302727));
#2183 = CARTESIAN_POINT('',(2.168463639603,-5.235135990316,
    12.048746102885));
#2184 = CARTESIAN_POINT('',(4.374332304342,-3.329781627466,
    12.16593971697));
#2185 = CARTESIAN_POINT('',(5.083871056567,-0.766849197994,
    12.283124725481));
#2186 = CARTESIAN_POINT('',(4.442744585599,1.517175891664,
    12.400312678186));
#2187 = CARTESIAN_POINT('',(1.517175879112,4.442744522647,
    12.634687689388));
#2188 = CARTESIAN_POINT('',(-0.766849233483,5.083870163881,
    12.751875642093));
#2189 = CARTESIAN_POINT('',(-3.329781278187,4.374336335218,
    12.869060650615));
#2190 = CARTESIAN_POINT('',(-5.23513662198,2.168455809398,
    12.986254264666));
#2191 = CARTESIAN_POINT('',(-5.447626683668,-0.738601220993,
    13.103433064877));
#2192 = CARTESIAN_POINT('',(-4.137087400231,-3.052599201578,
    13.220628199973));
#2193 = CARTESIAN_POINT('',(-2.068688475012,-4.214299225141,
    13.337811708406));
#2194 = CARTESIAN_POINT('',(2.068688455368,-4.214301127909,
    13.572188659169));
#2195 = CARTESIAN_POINT('',(4.137087140389,-3.052593435909,
    13.689372167603));
#2196 = CARTESIAN_POINT('',(5.447627294952,-0.738610053841,
    13.806567302698));
#2197 = CARTESIAN_POINT('',(5.235135990311,2.1684636396,13.923746102908)
  );
#2198 = CARTESIAN_POINT('',(3.329781627469,4.374332304341,
    14.040939716961));
#2199 = CARTESIAN_POINT('',(0.766849197993,5.083871056569,
    14.158124725482));
#2200 = CARTESIAN_POINT('',(-1.517175891664,4.442744585598,
    14.275312678187));
#2201 = CARTESIAN_POINT('',(-4.442744522647,1.517175879112,
    14.509687689388));
#2202 = CARTESIAN_POINT('',(-5.083870163882,-0.766849233482,
    14.626875642093));
#2203 = CARTESIAN_POINT('',(-4.374336335216,-3.329781278193,
    14.744060650611));
#2204 = CARTESIAN_POINT('',(-2.1684558094,-5.235136621969,
    14.861254264676));
#2205 = CARTESIAN_POINT('',(0.738601220993,-5.447626683681,
    14.978433064865));
#2206 = CARTESIAN_POINT('',(3.052599201579,-4.137087400223,
    15.095628199982));
#2207 = CARTESIAN_POINT('',(4.21429922514,-2.068688475013,
    15.212811708403));
#2208 = CARTESIAN_POINT('',(4.214301127909,2.068688455369,
    15.447188659171));
#2209 = CARTESIAN_POINT('',(3.052593435908,4.137087140388,15.5643721676)
  );
#2210 = CARTESIAN_POINT('',(0.738610053841,5.447627294953,
    15.681567302702));
#2211 = CARTESIAN_POINT('',(-2.168463639601,5.235135990311,
    15.798746102905));
#2212 = CARTESIAN_POINT('',(-4.374332304341,3.329781627469,
    15.915939716963));
#2213 = CARTESIAN_POINT('',(-5.083871056569,0.766849197993,
    16.033124725481));
#2214 = CARTESIAN_POINT('',(-4.442744585598,-1.517175891664,
    16.150312678187));
#2215 = CARTESIAN_POINT('',(-1.517175879112,-4.442744522647,
    16.384687689388));
#2216 = CARTESIAN_POINT('',(0.766849233484,-5.083870163882,
    16.501875642093));
#2217 = CARTESIAN_POINT('',(3.329781278185,-4.374336335213,
    16.61906065061));
#2218 = CARTESIAN_POINT('',(5.235136621982,-2.168455809405,
    16.736254264677));
#2219 = CARTESIAN_POINT('',(5.447626683669,0.738601220999,
    16.853433064863));
#2220 = CARTESIAN_POINT('',(4.137087400229,3.052599201577,
    16.970628199984));
#2221 = CARTESIAN_POINT('',(2.068688475013,4.214299225139,
    17.087811708401));
#2222 = CARTESIAN_POINT('',(-2.068688455368,4.214301127911,
    17.322188659176));
#2223 = CARTESIAN_POINT('',(-4.137087140393,3.052593435901,
    17.439372167585));
#2224 = CARTESIAN_POINT('',(-5.447627294945,0.738610053851,
    17.556567302723));
#2225 = CARTESIAN_POINT('',(-5.235135990319,-2.168463639607,
    17.673746102888));
#2226 = CARTESIAN_POINT('',(-3.329781627465,-4.374332304339,
    17.79093971697));
#2227 = CARTESIAN_POINT('',(-0.766849197994,-5.083871056568,
    17.908124725481));
#2228 = CARTESIAN_POINT('',(1.517175891664,-4.442744585598,
    18.025312678187));
#2229 = CARTESIAN_POINT('',(4.442744522647,-1.517175879112,
    18.259687689388));
#2230 = CARTESIAN_POINT('',(5.08387016388,0.766849233484,18.376875642092
    ));
#2231 = CARTESIAN_POINT('',(4.374336335216,3.329781278184,
    18.494060650618));
#2232 = CARTESIAN_POINT('',(2.168455809403,5.235136621984,
    18.611254264658));
#2233 = CARTESIAN_POINT('',(-0.738601220999,5.447626683666,
    18.728433064887));
#2234 = CARTESIAN_POINT('',(-3.052599201574,4.137087400231,
    18.845628199966));
#2235 = CARTESIAN_POINT('',(-4.214299225143,2.068688475013,
    18.962811708408));
#2236 = CARTESIAN_POINT('',(-4.214301127908,-2.068688455369,
    19.19718865917));
#2237 = CARTESIAN_POINT('',(-3.052593435908,-4.137087140389,
    19.314372167598));
#2238 = CARTESIAN_POINT('',(-0.738610053842,-5.447627294952,
    19.431567302706));
#2239 = CARTESIAN_POINT('',(2.168463639601,-5.235135990313,
    19.548746102901));
#2240 = CARTESIAN_POINT('',(4.374332304341,-3.329781627468,
    19.665939716964));
#2241 = CARTESIAN_POINT('',(5.083871056569,-0.766849197994,
    19.783124725481));
#2242 = CARTESIAN_POINT('',(4.442744585598,1.517175891664,
    19.900312678187));
#2243 = CARTESIAN_POINT('',(1.517175879112,4.442744522647,
    20.134687689389));
#2244 = CARTESIAN_POINT('',(-0.766849233484,5.083870163883,
    20.251875642093));
#2245 = CARTESIAN_POINT('',(-3.329781278187,4.374336335211,
    20.369060650612));
#2246 = CARTESIAN_POINT('',(-5.235136621979,2.168455809408,
    20.486254264676));
#2247 = CARTESIAN_POINT('',(-5.447626683672,-0.738601221,20.603433064864
    ));
#2248 = CARTESIAN_POINT('',(-4.137087400228,-3.052599201577,
    20.720628199984));
#2249 = CARTESIAN_POINT('',(-2.068688475013,-4.214299225139,
    20.8378117084));
#2250 = CARTESIAN_POINT('',(2.068688455369,-4.214301127912,
    21.072188659177));
#2251 = CARTESIAN_POINT('',(4.137087140391,-3.052593435901,
    21.189372167582));
#2252 = CARTESIAN_POINT('',(5.447627294947,-0.73861005385,
    21.306567302726));
#2253 = CARTESIAN_POINT('',(5.235135990318,2.168463639606,
    21.423746102887));
#2254 = CARTESIAN_POINT('',(3.329781627466,4.37433230434,21.540939716969
    ));
#2255 = CARTESIAN_POINT('',(0.766849197993,5.083871056567,
    21.658124725481));
#2256 = CARTESIAN_POINT('',(-1.517175891664,4.442744585598,
    21.775312678186));
#2257 = CARTESIAN_POINT('',(-4.442744522647,1.517175879112,
    22.009687689388));
#2258 = CARTESIAN_POINT('',(-5.083870163881,-0.766849233483,
    22.126875642092));
#2259 = CARTESIAN_POINT('',(-4.374336335214,-3.329781278185,
    22.244060650617));
#2260 = CARTESIAN_POINT('',(-2.168455809407,-5.235136621983,
    22.361254264662));
#2261 = CARTESIAN_POINT('',(0.738601221003,-5.447626683668,
    22.478433064882));
#2262 = CARTESIAN_POINT('',(3.052599201571,-4.13708740023,
    22.595628199969));
#2263 = CARTESIAN_POINT('',(4.214299225143,-2.068688475013,
    22.712811708407));
#2264 = CARTESIAN_POINT('',(4.214301127907,2.068688455369,
    22.947188659167));
#2265 = CARTESIAN_POINT('',(3.052593435912,4.137087140387,
    23.064372167607));
#2266 = CARTESIAN_POINT('',(0.738610053838,5.447627294956,
    23.181567302693));
#2267 = CARTESIAN_POINT('',(-2.168463639598,5.235135990308,
    23.298746102912));
#2268 = CARTESIAN_POINT('',(-4.374332304342,3.329781627471,
    23.41593971696));
#2269 = CARTESIAN_POINT('',(-5.083871056569,0.766849197993,
    23.533124725482));
#2270 = CARTESIAN_POINT('',(-4.442744585598,-1.517175891664,
    23.650312678187));
#2271 = CARTESIAN_POINT('',(-1.517175879112,-4.442744522647,
    23.884687689388));
#2272 = CARTESIAN_POINT('',(0.766849233482,-5.083870163881,
    24.001875642093));
#2273 = CARTESIAN_POINT('',(3.32978127819,-4.374336335221,
    24.119060650611));
#2274 = CARTESIAN_POINT('',(5.235136621975,-2.168455809391,
    24.236254264676));
#2275 = CARTESIAN_POINT('',(5.447626683673,0.738601220984,
    24.353433064865));
#2276 = CARTESIAN_POINT('',(4.137087400229,3.052599201583,24.47062819998
    ));
#2277 = CARTESIAN_POINT('',(2.068688475012,4.214299225141,
    24.587811708408));
#2278 = CARTESIAN_POINT('',(-2.068688455369,4.2143011279,24.822188659153
    ));
#2279 = CARTESIAN_POINT('',(-4.137087140375,3.052593435932,
    24.939372167652));
#2280 = CARTESIAN_POINT('',(-5.447627294981,0.738610053813,
    25.056567302632));
#2281 = CARTESIAN_POINT('',(-5.235135990282,-2.168463639582,
    25.173746102959));
#2282 = CARTESIAN_POINT('',(-3.329781627484,-4.374332304345,
    25.290939716941));
#2283 = CARTESIAN_POINT('',(-0.76684919799,-5.083871056571,
    25.408124725483));
#2284 = CARTESIAN_POINT('',(1.517175891665,-4.442744585596,
    25.525312678188));
#2285 = CARTESIAN_POINT('',(4.442744522646,-1.517175879113,
    25.759687689389));
#2286 = CARTESIAN_POINT('',(5.083870163882,0.766849233482,
    25.876875642095));
#2287 = CARTESIAN_POINT('',(4.374336335222,3.329781278196,
    25.994060650597));
#2288 = CARTESIAN_POINT('',(2.168455809381,5.235136621962,
    26.111254264711));
#2289 = CARTESIAN_POINT('',(-0.738601220967,5.447626683688,
    26.22843306482));
#2290 = CARTESIAN_POINT('',(-3.0525992016,4.137087400221,26.345628200014
    ));
#2291 = CARTESIAN_POINT('',(-4.214299225133,2.068688475013,
    26.462811708391));
#2292 = CARTESIAN_POINT('',(-4.214301127912,-2.068688455368,
    26.697188659175));
#2293 = CARTESIAN_POINT('',(-3.052593435903,-4.137087140392,
    26.814372167593));
#2294 = CARTESIAN_POINT('',(-0.738610053847,-5.447627294948,
    26.931567302711));
#2295 = CARTESIAN_POINT('',(2.168463639603,-5.235135990315,
    27.048746102895));
#2296 = CARTESIAN_POINT('',(4.374332304343,-3.329781627467,
    27.16593971697));
#2297 = CARTESIAN_POINT('',(5.083871056564,-0.766849197993,
    27.283124725476));
#2298 = CARTESIAN_POINT('',(4.442744585602,1.517175891664,
    27.400312678191));
#2299 = CARTESIAN_POINT('',(1.517175879104,4.442744522648,27.63468768938
    ));
#2300 = CARTESIAN_POINT('',(-0.766849233441,5.083870163879,
    27.751875642135));
#2301 = CARTESIAN_POINT('',(-3.329781278291,4.374336335221,
    27.869060650512));
#2302 = CARTESIAN_POINT('',(-5.235136621804,2.168455809394,
    27.986254264839));
#2303 = CARTESIAN_POINT('',(-5.447626683892,-0.738601220987,
    28.103433064659));
#2304 = CARTESIAN_POINT('',(-4.137087400012,-3.052599201586,
    28.220628200187));
#2305 = CARTESIAN_POINT('',(-2.068688475178,-4.214299225134,
    28.337811708242));
#2306 = CARTESIAN_POINT('',(2.068688455724,-4.214301127924,
    28.572188659526));
#2307 = CARTESIAN_POINT('',(4.137087138564,-3.052593435823,
    28.689372165761));
#2308 = CARTESIAN_POINT('',(5.447627299425,-0.738610054063,
    28.806567307233));
#2309 = CARTESIAN_POINT('',(5.235135982784,2.168463639985,28.92374609525
    ));
#2310 = CARTESIAN_POINT('',(3.329781636984,4.374332303846,
    29.040939726662));
#2311 = CARTESIAN_POINT('',(0.766849188674,5.083871057057,
    29.158124715971));
#2312 = CARTESIAN_POINT('',(-1.517175884561,4.442744585225,
    29.275312685439));
#2313 = CARTESIAN_POINT('',(-4.442744538035,1.51717587992,
    29.509687673679));
#2314 = CARTESIAN_POINT('',(-5.083870084882,-0.766849237626,
    29.626875722744));
#2315 = CARTESIAN_POINT('',(-4.374336529104,-3.329781268021,
    29.74406045267));
#2316 = CARTESIAN_POINT('',(-2.168455482702,-5.235136639106,
    29.861254598206));
#2317 = CARTESIAN_POINT('',(0.738600807685,-5.447626662001,
    29.978432642913));
#2318 = CARTESIAN_POINT('',(3.052599606562,-4.137087421467,
    30.09562861343));
#2319 = CARTESIAN_POINT('',(4.214298916374,-2.068688458816,
    30.212811393186));
#2320 = CARTESIAN_POINT('',(4.214300356563,-1.926744843322E-08,
    30.330000367583));
#2321 = PCURVE('',#1582,#2322);
#2322 = DEFINITIONAL_REPRESENTATION('',(#2323),#2327);
#2323 = LINE('',#2324,#2325);
#2324 = CARTESIAN_POINT('',(0.874642784227,0.));
#2325 = VECTOR('',#2326,1.);
#2326 = DIRECTION('',(0.,1.));
#2327 = ( GEOMETRIC_REPRESENTATION_CONTEXT(2) 
PARAMETRIC_REPRESENTATION_CONTEXT() REPRESENTATION_CONTEXT('2D SPACE',''
  ) );
#2328 = PCURVE('',#858,#2329);
#2329 = DEFINITIONAL_REPRESENTATION('',(#2330),#2333);
#2330 = B_SPLINE_CURVE_WITH_KNOTS('',1,(#2331,#2332),.UNSPECIFIED.,.F.,
  .F.,(2,2),(0.,129.19507359703),.PIECEWISE_BEZIER_KNOTS.);
#2331 = CARTESIAN_POINT('',(0.,0.));
#2332 = CARTESIAN_POINT('',(0.,129.19507359703));
#2333 = ( GEOMETRIC_REPRESENTATION_CONTEXT(2) 
PARAMETRIC_REPRESENTATION_CONTEXT() REPRESENTATION_CONTEXT('2D SPACE',''
  ) );
#2334 = ORIENTED_EDGE('',*,*,#2335,.F.);
#2335 = EDGE_CURVE('',#1344,#2091,#2336,.T.);
#2336 = SURFACE_CURVE('',#2337,(#2340,#2347),.PCURVE_S1.);
#2337 = B_SPLINE_CURVE_WITH_KNOTS('',1,(#2338,#2339),.UNSPECIFIED.,.F.,
  .F.,(2,2),(0.,0.874642784227),.PIECEWISE_BEZIER_KNOTS.);
#2338 = CARTESIAN_POINT('',(5.0243,2.66073529048E-08,29.999999492385));
#2339 = CARTESIAN_POINT('',(4.214300356563,-1.926744843322E-08,
    30.330000367583));
#2340 = PCURVE('',#1582,#2341);
#2341 = DEFINITIONAL_REPRESENTATION('',(#2342),#2346);
#2342 = LINE('',#2343,#2344);
#2343 = CARTESIAN_POINT('',(0.,129.19507359703));
#2344 = VECTOR('',#2345,1.);
#2345 = DIRECTION('',(1.,0.));
#2346 = ( GEOMETRIC_REPRESENTATION_CONTEXT(2) 
PARAMETRIC_REPRESENTATION_CONTEXT() REPRESENTATION_CONTEXT('2D SPACE',''
  ) );
#2347 = PCURVE('',#2054,#2348);
#2348 = DEFINITIONAL_REPRESENTATION('',(#2349),#2352);
#2349 = B_SPLINE_CURVE_WITH_KNOTS('',1,(#2350,#2351),.UNSPECIFIED.,.F.,
  .F.,(2,2),(0.,0.874642784227),.PIECEWISE_BEZIER_KNOTS.);
#2350 = CARTESIAN_POINT('',(-0.515945752342,5.574745891579E-07));
#2351 = CARTESIAN_POINT('',(0.294053891095,-0.330000317723));
#2352 = ( GEOMETRIC_REPRESENTATION_CONTEXT(2) 
PARAMETRIC_REPRESENTATION_CONTEXT() REPRESENTATION_CONTEXT('2D SPACE',''
  ) );
#2353 = ADVANCED_FACE('',(#2354),#858,.F.);
#2354 = FACE_BOUND('',#2355,.F.);
#2355 = EDGE_LOOP('',(#2356,#2357,#2376,#2377));
#2356 = ORIENTED_EDGE('',*,*,#2090,.F.);
#2357 = ORIENTED_EDGE('',*,*,#2358,.T.);
#2358 = EDGE_CURVE('',#2070,#165,#2359,.T.);
#2359 = SURFACE_CURVE('',#2360,(#2363,#2370),.PCURVE_S1.);
#2360 = B_SPLINE_CURVE_WITH_KNOTS('',1,(#2361,#2362),.UNSPECIFIED.,.F.,
  .F.,(2,2),(0.,0.66),.PIECEWISE_BEZIER_KNOTS.);
#2361 = CARTESIAN_POINT('',(4.2143,0.,0.33));
#2362 = CARTESIAN_POINT('',(4.2143,8.881784197001E-16,-0.33));
#2363 = PCURVE('',#858,#2364);
#2364 = DEFINITIONAL_REPRESENTATION('',(#2365),#2369);
#2365 = LINE('',#2366,#2367);
#2366 = CARTESIAN_POINT('',(0.,0.));
#2367 = VECTOR('',#2368,1.);
#2368 = DIRECTION('',(1.,0.));
#2369 = ( GEOMETRIC_REPRESENTATION_CONTEXT(2) 
PARAMETRIC_REPRESENTATION_CONTEXT() REPRESENTATION_CONTEXT('2D SPACE',''
  ) );
#2370 = PCURVE('',#1332,#2371);
#2371 = DEFINITIONAL_REPRESENTATION('',(#2372),#2375);
#2372 = B_SPLINE_CURVE_WITH_KNOTS('',1,(#2373,#2374),.UNSPECIFIED.,.F.,
  .F.,(2,2),(0.,0.66),.PIECEWISE_BEZIER_KNOTS.);
#2373 = CARTESIAN_POINT('',(-0.33,-0.294054247658));
#2374 = CARTESIAN_POINT('',(0.33,-0.294054247658));
#2375 = ( GEOMETRIC_REPRESENTATION_CONTEXT(2) 
PARAMETRIC_REPRESENTATION_CONTEXT() REPRESENTATION_CONTEXT('2D SPACE',''
  ) );
#2376 = ORIENTED_EDGE('',*,*,#164,.T.);
#2377 = ORIENTED_EDGE('',*,*,#2378,.F.);
#2378 = EDGE_CURVE('',#2091,#167,#2379,.T.);
#2379 = SURFACE_CURVE('',#2380,(#2383,#2390),.PCURVE_S1.);
#2380 = B_SPLINE_CURVE_WITH_KNOTS('',1,(#2381,#2382),.UNSPECIFIED.,.F.,
  .F.,(2,2),(0.,0.66),.PIECEWISE_BEZIER_KNOTS.);
#2381 = CARTESIAN_POINT('',(4.214300356563,-1.926744843322E-08,
    30.330000367583));
#2382 = CARTESIAN_POINT('',(4.214299643439,-1.926613748186E-08,
    29.670000367583));
#2383 = PCURVE('',#858,#2384);
#2384 = DEFINITIONAL_REPRESENTATION('',(#2385),#2389);
#2385 = LINE('',#2386,#2387);
#2386 = CARTESIAN_POINT('',(0.,129.19507359703));
#2387 = VECTOR('',#2388,1.);
#2388 = DIRECTION('',(1.,0.));
#2389 = ( GEOMETRIC_REPRESENTATION_CONTEXT(2) 
PARAMETRIC_REPRESENTATION_CONTEXT() REPRESENTATION_CONTEXT('2D SPACE',''
  ) );
#2390 = PCURVE('',#2054,#2391);
#2391 = DEFINITIONAL_REPRESENTATION('',(#2392),#2395);
#2392 = B_SPLINE_CURVE_WITH_KNOTS('',1,(#2393,#2394),.UNSPECIFIED.,.F.,
  .F.,(2,2),(0.,0.66),.PIECEWISE_BEZIER_KNOTS.);
#2393 = CARTESIAN_POINT('',(0.294053891095,-0.330000317723));
#2394 = CARTESIAN_POINT('',(0.294054604219,0.329999682277));
#2395 = ( GEOMETRIC_REPRESENTATION_CONTEXT(2) 
PARAMETRIC_REPRESENTATION_CONTEXT() REPRESENTATION_CONTEXT('2D SPACE',''
  ) );
#2396 = ADVANCED_FACE('',(#2397),#1332,.T.);
#2397 = FACE_BOUND('',#2398,.T.);
#2398 = EDGE_LOOP('',(#2399,#2400,#2401));
#2399 = ORIENTED_EDGE('',*,*,#1317,.T.);
#2400 = ORIENTED_EDGE('',*,*,#2069,.T.);
#2401 = ORIENTED_EDGE('',*,*,#2358,.T.);
#2402 = ADVANCED_FACE('',(#2403),#2054,.F.);
#2403 = FACE_BOUND('',#2404,.F.);
#2404 = EDGE_LOOP('',(#2405,#2406,#2407));
#2405 = ORIENTED_EDGE('',*,*,#2041,.T.);
#2406 = ORIENTED_EDGE('',*,*,#2335,.T.);
#2407 = ORIENTED_EDGE('',*,*,#2378,.T.);
#2408 = ( GEOMETRIC_REPRESENTATION_CONTEXT(3) 
GLOBAL_UNCERTAINTY_ASSIGNED_CONTEXT((#2412)) 
GLOBAL_UNIT_ASSIGNED_CONTEXT((#2409,#2410,#2411)) REPRESENTATION_CONTEXT
('Context #1','3D Context with UNIT and UNCERTAINTY') );
#2409 = ( LENGTH_UNIT() NAMED_UNIT(*) SI_UNIT(.MILLI.,.METRE.) );
#2410 = ( NAMED_UNIT(*) PLANE_ANGLE_UNIT() SI_UNIT($,.RADIAN.) );
#2411 = ( NAMED_UNIT(*) SI_UNIT($,.STERADIAN.) SOLID_ANGLE_UNIT() );
#2412 = UNCERTAINTY_MEASURE_WITH_UNIT(LENGTH_MEASURE(5.E-05),#2409,
  'distance_accuracy_value','confusion accuracy');
#2413 = CONTEXT_DEPENDENT_SHAPE_REPRESENTATION(#2414,#2416);
#2414 = ( REPRESENTATION_RELATIONSHIP('','',#157,#10) 
REPRESENTATION_RELATIONSHIP_WITH_TRANSFORMATION(#2415) 
SHAPE_REPRESENTATION_RELATIONSHIP() );
#2415 = ITEM_DEFINED_TRANSFORMATION('','',#11,#19);
#2416 = PRODUCT_DEFINITION_SHAPE('Placement','Placement of an item',
  #2417);
#2417 = NEXT_ASSEMBLY_USAGE_OCCURRENCE('25','','',#5,#152,$);
#2418 = PRODUCT_RELATED_PRODUCT_CATEGORY('part',$,(#154));
#2419 = SHAPE_DEFINITION_REPRESENTATION(#2420,#2426);
#2420 = PRODUCT_DEFINITION_SHAPE('','',#2421);
#2421 = PRODUCT_DEFINITION('design','',#2422,#2425);
#2422 = PRODUCT_DEFINITION_FORMATION('','',#2423);
#2423 = PRODUCT('Open CASCADE STEP translator 7.9 12.3',
  'Open CASCADE STEP translator 7.9 12.3','',(#2424));
#2424 = PRODUCT_CONTEXT('',#2,'mechanical');
#2425 = PRODUCT_DEFINITION_CONTEXT('part definition',#2,'design');
#2426 = ADVANCED_BREP_SHAPE_REPRESENTATION('',(#11,#2427),#3784);
#2427 = MANIFOLD_SOLID_BREP('',#2428);
#2428 = CLOSED_SHELL('',(#2429,#3535,#3729,#3772,#3778));
#2429 = ADVANCED_FACE('',(#2430),#2571,.F.);
#2430 = FACE_BOUND('',#2431,.F.);
#2431 = EDGE_LOOP('',(#2432,#3074,#3100,#3511));
#2432 = ORIENTED_EDGE('',*,*,#2433,.F.);
#2433 = EDGE_CURVE('',#2434,#2436,#2438,.T.);
#2434 = VERTEX_POINT('',#2435);
#2435 = CARTESIAN_POINT('',(4.2143,0.,40.67));
#2436 = VERTEX_POINT('',#2437);
#2437 = CARTESIAN_POINT('',(-2.107149715297,-3.649690298157,
    56.67000064762));
#2438 = SURFACE_CURVE('',#2439,(#2570,#2838),.PCURVE_S1.);
#2439 = B_SPLINE_CURVE_WITH_KNOTS('',9,(#2440,#2441,#2442,#2443,#2444,
    #2445,#2446,#2447,#2448,#2449,#2450,#2451,#2452,#2453,#2454,#2455,
    #2456,#2457,#2458,#2459,#2460,#2461,#2462,#2463,#2464,#2465,#2466,
    #2467,#2468,#2469,#2470,#2471,#2472,#2473,#2474,#2475,#2476,#2477,
    #2478,#2479,#2480,#2481,#2482,#2483,#2484,#2485,#2486,#2487,#2488,
    #2489,#2490,#2491,#2492,#2493,#2494,#2495,#2496,#2497,#2498,#2499,
    #2500,#2501,#2502,#2503,#2504,#2505,#2506,#2507,#2508,#2509,#2510,
    #2511,#2512,#2513,#2514,#2515,#2516,#2517,#2518,#2519,#2520,#2521,
    #2522,#2523,#2524,#2525,#2526,#2527,#2528,#2529,#2530,#2531,#2532,
    #2533,#2534,#2535,#2536,#2537,#2538,#2539,#2540,#2541,#2542,#2543,
    #2544,#2545,#2546,#2547,#2548,#2549,#2550,#2551,#2552,#2553,#2554,
    #2555,#2556,#2557,#2558,#2559,#2560,#2561,#2562,#2563,#2564,#2565,
    #2566,#2567,#2568,#2569),.UNSPECIFIED.,.F.,.F.,(10,8,8,8,8,8,8,8,8,8
    ,8,8,8,8,8,8,10),(0.,4.306502453234,8.613004906469,12.919507359703,
    17.226009812938,21.532512266172,25.839014719407,30.145517172641,
    34.452019625876,38.75852207911,43.065024532345,47.371526985579,
    51.678029438814,55.984531892048,60.291034345282,64.597536798517,
    68.904039251751),.UNSPECIFIED.);
#2440 = CARTESIAN_POINT('',(4.2143,-4.440892098501E-16,40.67));
#2441 = CARTESIAN_POINT('',(4.214297883703,1.961420563365,
    40.781113291733));
#2442 = CARTESIAN_POINT('',(3.18720488589,3.923103813169,40.892217513199
    ));
#2443 = CARTESIAN_POINT('',(1.13378635113,5.268327393127,41.003341636456
    ));
#2444 = CARTESIAN_POINT('',(-1.51977430875,5.391624257844,
    41.114436717507));
#2445 = CARTESIAN_POINT('',(-3.909333388237,4.011885495315,
    41.225561187485));
#2446 = CARTESIAN_POINT('',(-5.129447573787,1.652324391461,
    41.336664793325));
#2447 = CARTESIAN_POINT('',(-4.991089715275,-0.798661095459,
    41.447778526263));
#2448 = CARTESIAN_POINT('',(-3.805792305998,-2.668978802616,
    41.558889258931));
#2449 = CARTESIAN_POINT('',(-0.408507352214,-4.630402256755,
    41.781111375968));
#2450 = CARTESIAN_POINT('',(1.803892782579,-4.720071560774,
    41.89222336283));
#2451 = CARTESIAN_POINT('',(3.995645244732,-3.62251012414,
    42.003331183957));
#2452 = CARTESIAN_POINT('',(5.429119877095,-1.368187135618,
    42.114447794387));
#2453 = CARTESIAN_POINT('',(5.429113973092,1.368192206718,
    42.225555346272));
#2454 = CARTESIAN_POINT('',(3.99564183039,3.622501339588,42.336664307917
    ));
#2455 = CARTESIAN_POINT('',(1.803899773293,4.720075544563,
    42.447781167118));
#2456 = CARTESIAN_POINT('',(-0.408510360377,4.630401955457,
    42.558887946941));
#2457 = CARTESIAN_POINT('',(-3.805789293435,2.668979230757,
    42.781112700429));
#2458 = CARTESIAN_POINT('',(-4.991109556049,0.798647798762,
    42.892218356169));
#2459 = CARTESIAN_POINT('',(-5.129399045593,-1.652275126829,
    43.003340678773));
#2460 = CARTESIAN_POINT('',(-3.909395955048,-4.01197600389,
    43.114437588057));
#2461 = CARTESIAN_POINT('',(-1.519728396576,-5.391524259296,
    43.225560561631));
#2462 = CARTESIAN_POINT('',(1.133769072319,-5.268394384414,
    43.33666513689));
#2463 = CARTESIAN_POINT('',(3.18720558506,-3.92307983027,43.447778394878
    ));
#2464 = CARTESIAN_POINT('',(4.21429961124,-1.961423437216,
    43.558889283266));
#2465 = CARTESIAN_POINT('',(4.214299653986,1.961423393276,
    43.781111364351));
#2466 = CARTESIAN_POINT('',(3.187205790622,3.923079467332,
    43.892222252787));
#2467 = CARTESIAN_POINT('',(1.133769170393,5.268396567011,
    44.003335510615));
#2468 = CARTESIAN_POINT('',(-1.51973024146,5.391518259903,
    44.114440086207));
#2469 = CARTESIAN_POINT('',(-3.909391072742,4.011985555087,
    44.22556305926));
#2470 = CARTESIAN_POINT('',(-5.129405106803,1.652265451177,
    44.336659969194));
#2471 = CARTESIAN_POINT('',(-4.991105511119,-0.798641465751,
    44.44778229114));
#2472 = CARTESIAN_POINT('',(-3.805790542718,-2.668981327918,
    44.558887947419));
#2473 = CARTESIAN_POINT('',(-0.408509169412,-4.630399824755,
    44.781112700202));
#2474 = CARTESIAN_POINT('',(1.803897270929,-4.720080789343,
    44.892219483091));
#2475 = CARTESIAN_POINT('',(3.995643480952,-3.622496748886,
    45.00333633295));
#2476 = CARTESIAN_POINT('',(5.429114717375,-1.368191439117,
    45.114445313646));
#2477 = CARTESIAN_POINT('',(5.4291175709,1.368181961818,45.225552836135)
  );
#2478 = CARTESIAN_POINT('',(3.995647113491,3.622514443731,
    45.336669482479));
#2479 = CARTESIAN_POINT('',(1.803892226395,4.720070140001,
    45.447777268227));
#2480 = CARTESIAN_POINT('',(-0.408507281408,4.630402241093,
    45.558889283275));
#2481 = CARTESIAN_POINT('',(-3.805792313149,2.668978862878,
    45.781111364347));
#2482 = CARTESIAN_POINT('',(-4.99108937508,0.798661448106,
    45.892222252794));
#2483 = CARTESIAN_POINT('',(-5.129449849455,-1.652325379954,
    46.003335510607));
#2484 = CARTESIAN_POINT('',(-3.909326657285,-4.011884125869,
    46.114440086215));
#2485 = CARTESIAN_POINT('',(-1.519785873984,-5.391624759977,
    46.225563059253));
#2486 = CARTESIAN_POINT('',(1.13379869891,-5.268327854297,46.3366599692)
  );
#2487 = CARTESIAN_POINT('',(3.187196553406,-3.923103432758,
    46.447782291137));
#2488 = CARTESIAN_POINT('',(4.21430090356,-1.961420627514,46.55888794742
    ));
#2489 = CARTESIAN_POINT('',(4.214298462623,1.961420593988,
    46.781112700202));
#2490 = CARTESIAN_POINT('',(3.187204060579,3.92310376951,46.892218356491
    ));
#2491 = CARTESIAN_POINT('',(1.133787288748,5.268327442729,
    47.003340678407));
#2492 = CARTESIAN_POINT('',(-1.519775161061,5.391624212755,
    47.114437588389));
#2493 = CARTESIAN_POINT('',(-3.909332775495,4.01188552773,
    47.225560561392));
#2494 = CARTESIAN_POINT('',(-5.129447910156,1.652324373667,
    47.336665137022));
#2495 = CARTESIAN_POINT('',(-4.991089586641,-0.798661088655,
    47.447778394827));
#2496 = CARTESIAN_POINT('',(-3.805792329823,-2.668978803876,
    47.558889283275));
#2497 = CARTESIAN_POINT('',(-0.408507340841,-4.630402256154,
    47.781111364347));
#2498 = CARTESIAN_POINT('',(1.803892766363,-4.72007156163,
    47.892223379396));
#2499 = CARTESIAN_POINT('',(3.995645263157,-3.62251012317,48.00333116514
    ));
#2500 = CARTESIAN_POINT('',(5.429119860346,-1.368187136496,
    48.114447811491));
#2501 = CARTESIAN_POINT('',(5.429113985129,1.368192207347,
    48.225555333977));
#2502 = CARTESIAN_POINT('',(3.995641823787,3.622501339244,
    48.336664314667));
#2503 = CARTESIAN_POINT('',(1.803899775816,4.720075544693,
    48.447781164534));
#2504 = CARTESIAN_POINT('',(-0.408510360844,4.630401955435,
    48.558887947422));
#2505 = CARTESIAN_POINT('',(-3.805789293213,2.66897923077,
    48.781112700195));
#2506 = CARTESIAN_POINT('',(-4.991109556372,0.798647798736,
    48.892218356509));
#2507 = CARTESIAN_POINT('',(-5.129399045217,-1.652275126795,
    49.003340678383));
#2508 = CARTESIAN_POINT('',(-3.909395955396,-4.011976003923,
    49.11443758841));
#2509 = CARTESIAN_POINT('',(-1.519728396324,-5.391524259276,
    49.225560561382));
#2510 = CARTESIAN_POINT('',(1.133769072181,-5.268394384421,
    49.336665137023));
#2511 = CARTESIAN_POINT('',(3.187205585112,-3.923079830269,
    49.447778394828));
#2512 = CARTESIAN_POINT('',(4.214299611231,-1.961423437216,
    49.558889283275));
#2513 = CARTESIAN_POINT('',(4.21429965399,1.961423393275,49.781111364347
    ));
#2514 = CARTESIAN_POINT('',(3.187205790623,3.923079467332,
    49.892222252794));
#2515 = CARTESIAN_POINT('',(1.133769170369,5.26839656702,50.00333551061)
  );
#2516 = CARTESIAN_POINT('',(-1.5197302414,5.39151825988,50.114440086204)
  );
#2517 = CARTESIAN_POINT('',(-3.90939107282,4.01198555512,50.225563059271
    ));
#2518 = CARTESIAN_POINT('',(-5.129405106743,1.652265451151,
    50.33665996918));
#2519 = CARTESIAN_POINT('',(-4.991105511143,-0.79864146574,
    50.447782291151));
#2520 = CARTESIAN_POINT('',(-3.805790542716,-2.668981327916,
    50.558887947415));
#2521 = CARTESIAN_POINT('',(-0.408509169411,-4.630399824756,
    50.781112700204));
#2522 = CARTESIAN_POINT('',(1.803897270926,-4.720080789339,
    50.892219483089));
#2523 = CARTESIAN_POINT('',(3.995643480953,-3.622496748891,
    51.00333633295));
#2524 = CARTESIAN_POINT('',(5.429114717379,-1.368191439111,
    51.114445313649));
#2525 = CARTESIAN_POINT('',(5.429117570893,1.368181961812,
    51.225552836131));
#2526 = CARTESIAN_POINT('',(3.995647113497,3.622514443735,
    51.336669482482));
#2527 = CARTESIAN_POINT('',(1.803892226394,4.72007014,51.447777268226));
#2528 = CARTESIAN_POINT('',(-0.408507281408,4.630402241093,
    51.558889283275));
#2529 = CARTESIAN_POINT('',(-3.80579231315,2.668978862877,
    51.781111364347));
#2530 = CARTESIAN_POINT('',(-4.991089375082,0.798661448103,
    51.892222252793));
#2531 = CARTESIAN_POINT('',(-5.129449849443,-1.652325379944,
    52.003335510607));
#2532 = CARTESIAN_POINT('',(-3.909326657311,-4.01188412589,
    52.114440086215));
#2533 = CARTESIAN_POINT('',(-1.51978587395,-5.391624759951,
    52.225563059252));
#2534 = CARTESIAN_POINT('',(1.133798698886,-5.268327854314,
    52.336659969201));
#2535 = CARTESIAN_POINT('',(3.187196553414,-3.923103432752,
    52.447782291136));
#2536 = CARTESIAN_POINT('',(4.214300903564,-1.961420627514,
    52.55888794742));
#2537 = CARTESIAN_POINT('',(4.214298462621,1.961420593988,
    52.781112700202));
#2538 = CARTESIAN_POINT('',(3.18720406058,3.923103769508,52.892218356489
    ));
#2539 = CARTESIAN_POINT('',(1.133787288749,5.268327442734,
    53.003340678412));
#2540 = CARTESIAN_POINT('',(-1.519775161063,5.391624212747,
    53.114437588381));
#2541 = CARTESIAN_POINT('',(-3.909332775492,4.011885527739,
    53.225560561402));
#2542 = CARTESIAN_POINT('',(-5.129447910159,1.652324373659,
    53.336665137013));
#2543 = CARTESIAN_POINT('',(-4.991089586638,-0.798661088648,
    53.447778394834));
#2544 = CARTESIAN_POINT('',(-3.805792329825,-2.66897880388,
    53.55888928327));
#2545 = CARTESIAN_POINT('',(-0.408507340837,-4.630402256146,
    53.781111364357));
#2546 = CARTESIAN_POINT('',(1.803892766345,-4.720071561679,
    53.892223379345));
#2547 = CARTESIAN_POINT('',(3.995645263205,-3.622510123043,
    54.003331165274));
#2548 = CARTESIAN_POINT('',(5.42911986025,-1.368187136718,
    54.114447811247));
#2549 = CARTESIAN_POINT('',(5.429113985279,1.368192207637,
    54.225555334314));
#2550 = CARTESIAN_POINT('',(3.995641823611,3.622501338935,
    54.336664314298));
#2551 = CARTESIAN_POINT('',(1.803899775971,4.720075544965,
    54.447781164859));
#2552 = CARTESIAN_POINT('',(-0.408510360946,4.630401955234,
    54.558887947192));
#2553 = CARTESIAN_POINT('',(-3.805789293002,2.668979231179,
    54.781112700682));
#2554 = CARTESIAN_POINT('',(-4.991109557492,0.798647796532,
    54.892218353904));
#2555 = CARTESIAN_POINT('',(-5.129399042297,-1.65227512102,
    55.003340685167));
#2556 = CARTESIAN_POINT('',(-3.90939596072,-4.011976014462,
    55.114437576082));
#2557 = CARTESIAN_POINT('',(-1.519728388906,-5.391524244594,
    55.225560578506));
#2558 = CARTESIAN_POINT('',(1.13376906401,-5.268394400587,
    55.336665118199));
#2559 = CARTESIAN_POINT('',(3.187205592311,-3.923079816035,
    55.447778411394));
#2560 = CARTESIAN_POINT('',(4.214299606179,-1.9614234472,55.558889271654
    ));
#2561 = CARTESIAN_POINT('',(4.214299664573,1.96142341419,55.781111388691
    ));
#2562 = CARTESIAN_POINT('',(3.187205733485,3.923079354415,55.89222212136
    ));
#2563 = CARTESIAN_POINT('',(1.13376931978,5.268396862285,56.003335854299
    ));
#2564 = CARTESIAN_POINT('',(-1.519730513572,5.391517722018,
    56.11443946013));
#2565 = CARTESIAN_POINT('',(-3.909390694233,4.011986303269,
    56.225563930127));
#2566 = CARTESIAN_POINT('',(-5.129405523222,1.652264628117,
    56.336659011158));
#2567 = CARTESIAN_POINT('',(-4.99110514455,-0.798640741286,
    56.447783134424));
#2568 = CARTESIAN_POINT('',(-3.805790799865,-2.668981836094,
    56.558887355892));
#2569 = CARTESIAN_POINT('',(-2.107149715297,-3.649690298157,
    56.67000064762));
#2570 = PCURVE('',#2571,#2832);
#2571 = B_SPLINE_SURFACE_WITH_KNOTS('',1,9,(
    (#2572,#2573,#2574,#2575,#2576,#2577,#2578,#2579,#2580,#2581,#2582
      ,#2583,#2584,#2585,#2586,#2587,#2588,#2589,#2590,#2591,#2592,#2593
      ,#2594,#2595,#2596,#2597,#2598,#2599,#2600,#2601,#2602,#2603,#2604
      ,#2605,#2606,#2607,#2608,#2609,#2610,#2611,#2612,#2613,#2614,#2615
      ,#2616,#2617,#2618,#2619,#2620,#2621,#2622,#2623,#2624,#2625,#2626
      ,#2627,#2628,#2629,#2630,#2631,#2632,#2633,#2634,#2635,#2636,#2637
      ,#2638,#2639,#2640,#2641,#2642,#2643,#2644,#2645,#2646,#2647,#2648
      ,#2649,#2650,#2651,#2652,#2653,#2654,#2655,#2656,#2657,#2658,#2659
      ,#2660,#2661,#2662,#2663,#2664,#2665,#2666,#2667,#2668,#2669,#2670
      ,#2671,#2672,#2673,#2674,#2675,#2676,#2677,#2678,#2679,#2680,#2681
      ,#2682,#2683,#2684,#2685,#2686,#2687,#2688,#2689,#2690,#2691,#2692
      ,#2693,#2694,#2695,#2696,#2697,#2698,#2699,#2700,#2701)
    ,(#2702,#2703,#2704,#2705,#2706,#2707,#2708,#2709,#2710,#2711,#2712
      ,#2713,#2714,#2715,#2716,#2717,#2718,#2719,#2720,#2721,#2722,#2723
      ,#2724,#2725,#2726,#2727,#2728,#2729,#2730,#2731,#2732,#2733,#2734
      ,#2735,#2736,#2737,#2738,#2739,#2740,#2741,#2742,#2743,#2744,#2745
      ,#2746,#2747,#2748,#2749,#2750,#2751,#2752,#2753,#2754,#2755,#2756
      ,#2757,#2758,#2759,#2760,#2761,#2762,#2763,#2764,#2765,#2766,#2767
      ,#2768,#2769,#2770,#2771,#2772,#2773,#2774,#2775,#2776,#2777,#2778
      ,#2779,#2780,#2781,#2782,#2783,#2784,#2785,#2786,#2787,#2788,#2789
      ,#2790,#2791,#2792,#2793,#2794,#2795,#2796,#2797,#2798,#2799,#2800
      ,#2801,#2802,#2803,#2804,#2805,#2806,#2807,#2808,#2809,#2810,#2811
      ,#2812,#2813,#2814,#2815,#2816,#2817,#2818,#2819,#2820,#2821,#2822
      ,#2823,#2824,#2825,#2826,#2827,#2828,#2829,#2830,#2831
  )),.UNSPECIFIED.,.F.,.F.,.F.,(2,2),(10,8,8,8,8,8,8,8,8,8,8,8,8,8,8,8,
    10),(0.,0.874642784227),(0.,4.306502453234,8.613004906469,
    12.919507359703,17.226009812938,21.532512266172,25.839014719407,
    30.145517172641,34.452019625876,38.75852207911,43.065024532345,
    47.371526985579,51.678029438814,55.984531892048,60.291034345282,
    64.597536798517,68.904039251751),.UNSPECIFIED.);
#2572 = CARTESIAN_POINT('',(4.2143,-4.440892098501E-16,40.67));
#2573 = CARTESIAN_POINT('',(4.214297883703,1.961420563365,
    40.781113291733));
#2574 = CARTESIAN_POINT('',(3.18720488589,3.923103813169,40.892217513199
    ));
#2575 = CARTESIAN_POINT('',(1.13378635113,5.268327393127,41.003341636456
    ));
#2576 = CARTESIAN_POINT('',(-1.51977430875,5.391624257844,
    41.114436717507));
#2577 = CARTESIAN_POINT('',(-3.909333388237,4.011885495315,
    41.225561187485));
#2578 = CARTESIAN_POINT('',(-5.129447573787,1.652324391461,
    41.336664793325));
#2579 = CARTESIAN_POINT('',(-4.991089715275,-0.798661095459,
    41.447778526263));
#2580 = CARTESIAN_POINT('',(-3.805792305998,-2.668978802616,
    41.558889258931));
#2581 = CARTESIAN_POINT('',(-0.408507352214,-4.630402256755,
    41.781111375968));
#2582 = CARTESIAN_POINT('',(1.803892782579,-4.720071560774,
    41.89222336283));
#2583 = CARTESIAN_POINT('',(3.995645244732,-3.62251012414,
    42.003331183957));
#2584 = CARTESIAN_POINT('',(5.429119877095,-1.368187135618,
    42.114447794387));
#2585 = CARTESIAN_POINT('',(5.429113973092,1.368192206718,
    42.225555346272));
#2586 = CARTESIAN_POINT('',(3.99564183039,3.622501339588,42.336664307917
    ));
#2587 = CARTESIAN_POINT('',(1.803899773293,4.720075544563,
    42.447781167118));
#2588 = CARTESIAN_POINT('',(-0.408510360377,4.630401955457,
    42.558887946941));
#2589 = CARTESIAN_POINT('',(-3.805789293435,2.668979230757,
    42.781112700429));
#2590 = CARTESIAN_POINT('',(-4.991109556049,0.798647798762,
    42.892218356169));
#2591 = CARTESIAN_POINT('',(-5.129399045593,-1.652275126829,
    43.003340678773));
#2592 = CARTESIAN_POINT('',(-3.909395955048,-4.01197600389,
    43.114437588057));
#2593 = CARTESIAN_POINT('',(-1.519728396576,-5.391524259296,
    43.225560561631));
#2594 = CARTESIAN_POINT('',(1.133769072319,-5.268394384414,
    43.33666513689));
#2595 = CARTESIAN_POINT('',(3.18720558506,-3.92307983027,43.447778394878
    ));
#2596 = CARTESIAN_POINT('',(4.21429961124,-1.961423437216,
    43.558889283266));
#2597 = CARTESIAN_POINT('',(4.214299653986,1.961423393276,
    43.781111364351));
#2598 = CARTESIAN_POINT('',(3.187205790622,3.923079467332,
    43.892222252787));
#2599 = CARTESIAN_POINT('',(1.133769170393,5.268396567011,
    44.003335510615));
#2600 = CARTESIAN_POINT('',(-1.51973024146,5.391518259903,
    44.114440086207));
#2601 = CARTESIAN_POINT('',(-3.909391072742,4.011985555087,
    44.22556305926));
#2602 = CARTESIAN_POINT('',(-5.129405106803,1.652265451177,
    44.336659969194));
#2603 = CARTESIAN_POINT('',(-4.991105511119,-0.798641465751,
    44.44778229114));
#2604 = CARTESIAN_POINT('',(-3.805790542718,-2.668981327918,
    44.558887947419));
#2605 = CARTESIAN_POINT('',(-0.408509169412,-4.630399824755,
    44.781112700202));
#2606 = CARTESIAN_POINT('',(1.803897270929,-4.720080789343,
    44.892219483091));
#2607 = CARTESIAN_POINT('',(3.995643480952,-3.622496748886,
    45.00333633295));
#2608 = CARTESIAN_POINT('',(5.429114717375,-1.368191439117,
    45.114445313646));
#2609 = CARTESIAN_POINT('',(5.4291175709,1.368181961818,45.225552836135)
  );
#2610 = CARTESIAN_POINT('',(3.995647113491,3.622514443731,
    45.336669482479));
#2611 = CARTESIAN_POINT('',(1.803892226395,4.720070140001,
    45.447777268227));
#2612 = CARTESIAN_POINT('',(-0.408507281408,4.630402241093,
    45.558889283275));
#2613 = CARTESIAN_POINT('',(-3.805792313149,2.668978862878,
    45.781111364347));
#2614 = CARTESIAN_POINT('',(-4.99108937508,0.798661448106,
    45.892222252794));
#2615 = CARTESIAN_POINT('',(-5.129449849455,-1.652325379954,
    46.003335510607));
#2616 = CARTESIAN_POINT('',(-3.909326657285,-4.011884125869,
    46.114440086215));
#2617 = CARTESIAN_POINT('',(-1.519785873984,-5.391624759977,
    46.225563059253));
#2618 = CARTESIAN_POINT('',(1.13379869891,-5.268327854297,46.3366599692)
  );
#2619 = CARTESIAN_POINT('',(3.187196553406,-3.923103432758,
    46.447782291137));
#2620 = CARTESIAN_POINT('',(4.21430090356,-1.961420627514,46.55888794742
    ));
#2621 = CARTESIAN_POINT('',(4.214298462623,1.961420593988,
    46.781112700202));
#2622 = CARTESIAN_POINT('',(3.187204060579,3.92310376951,46.892218356491
    ));
#2623 = CARTESIAN_POINT('',(1.133787288748,5.268327442729,
    47.003340678407));
#2624 = CARTESIAN_POINT('',(-1.519775161061,5.391624212755,
    47.114437588389));
#2625 = CARTESIAN_POINT('',(-3.909332775495,4.01188552773,
    47.225560561392));
#2626 = CARTESIAN_POINT('',(-5.129447910156,1.652324373667,
    47.336665137022));
#2627 = CARTESIAN_POINT('',(-4.991089586641,-0.798661088655,
    47.447778394827));
#2628 = CARTESIAN_POINT('',(-3.805792329823,-2.668978803876,
    47.558889283275));
#2629 = CARTESIAN_POINT('',(-0.408507340841,-4.630402256154,
    47.781111364347));
#2630 = CARTESIAN_POINT('',(1.803892766363,-4.72007156163,
    47.892223379396));
#2631 = CARTESIAN_POINT('',(3.995645263157,-3.62251012317,48.00333116514
    ));
#2632 = CARTESIAN_POINT('',(5.429119860346,-1.368187136496,
    48.114447811491));
#2633 = CARTESIAN_POINT('',(5.429113985129,1.368192207347,
    48.225555333977));
#2634 = CARTESIAN_POINT('',(3.995641823787,3.622501339244,
    48.336664314667));
#2635 = CARTESIAN_POINT('',(1.803899775816,4.720075544693,
    48.447781164534));
#2636 = CARTESIAN_POINT('',(-0.408510360844,4.630401955435,
    48.558887947422));
#2637 = CARTESIAN_POINT('',(-3.805789293213,2.66897923077,
    48.781112700195));
#2638 = CARTESIAN_POINT('',(-4.991109556372,0.798647798736,
    48.892218356509));
#2639 = CARTESIAN_POINT('',(-5.129399045217,-1.652275126795,
    49.003340678383));
#2640 = CARTESIAN_POINT('',(-3.909395955396,-4.011976003923,
    49.11443758841));
#2641 = CARTESIAN_POINT('',(-1.519728396324,-5.391524259276,
    49.225560561382));
#2642 = CARTESIAN_POINT('',(1.133769072181,-5.268394384421,
    49.336665137023));
#2643 = CARTESIAN_POINT('',(3.187205585112,-3.923079830269,
    49.447778394828));
#2644 = CARTESIAN_POINT('',(4.214299611231,-1.961423437216,
    49.558889283275));
#2645 = CARTESIAN_POINT('',(4.21429965399,1.961423393275,49.781111364347
    ));
#2646 = CARTESIAN_POINT('',(3.187205790623,3.923079467332,
    49.892222252794));
#2647 = CARTESIAN_POINT('',(1.133769170369,5.26839656702,50.00333551061)
  );
#2648 = CARTESIAN_POINT('',(-1.5197302414,5.39151825988,50.114440086204)
  );
#2649 = CARTESIAN_POINT('',(-3.90939107282,4.01198555512,50.225563059271
    ));
#2650 = CARTESIAN_POINT('',(-5.129405106743,1.652265451151,
    50.33665996918));
#2651 = CARTESIAN_POINT('',(-4.991105511143,-0.79864146574,
    50.447782291151));
#2652 = CARTESIAN_POINT('',(-3.805790542716,-2.668981327916,
    50.558887947415));
#2653 = CARTESIAN_POINT('',(-0.408509169411,-4.630399824756,
    50.781112700204));
#2654 = CARTESIAN_POINT('',(1.803897270926,-4.720080789339,
    50.892219483089));
#2655 = CARTESIAN_POINT('',(3.995643480953,-3.622496748891,
    51.00333633295));
#2656 = CARTESIAN_POINT('',(5.429114717379,-1.368191439111,
    51.114445313649));
#2657 = CARTESIAN_POINT('',(5.429117570893,1.368181961812,
    51.225552836131));
#2658 = CARTESIAN_POINT('',(3.995647113497,3.622514443735,
    51.336669482482));
#2659 = CARTESIAN_POINT('',(1.803892226394,4.72007014,51.447777268226));
#2660 = CARTESIAN_POINT('',(-0.408507281408,4.630402241093,
    51.558889283275));
#2661 = CARTESIAN_POINT('',(-3.80579231315,2.668978862877,
    51.781111364347));
#2662 = CARTESIAN_POINT('',(-4.991089375082,0.798661448103,
    51.892222252793));
#2663 = CARTESIAN_POINT('',(-5.129449849443,-1.652325379944,
    52.003335510607));
#2664 = CARTESIAN_POINT('',(-3.909326657311,-4.01188412589,
    52.114440086215));
#2665 = CARTESIAN_POINT('',(-1.51978587395,-5.391624759951,
    52.225563059252));
#2666 = CARTESIAN_POINT('',(1.133798698886,-5.268327854314,
    52.336659969201));
#2667 = CARTESIAN_POINT('',(3.187196553414,-3.923103432752,
    52.447782291136));
#2668 = CARTESIAN_POINT('',(4.214300903564,-1.961420627514,
    52.55888794742));
#2669 = CARTESIAN_POINT('',(4.214298462621,1.961420593988,
    52.781112700202));
#2670 = CARTESIAN_POINT('',(3.18720406058,3.923103769508,52.892218356489
    ));
#2671 = CARTESIAN_POINT('',(1.133787288749,5.268327442734,
    53.003340678412));
#2672 = CARTESIAN_POINT('',(-1.519775161063,5.391624212747,
    53.114437588381));
#2673 = CARTESIAN_POINT('',(-3.909332775492,4.011885527739,
    53.225560561402));
#2674 = CARTESIAN_POINT('',(-5.129447910159,1.652324373659,
    53.336665137013));
#2675 = CARTESIAN_POINT('',(-4.991089586638,-0.798661088648,
    53.447778394834));
#2676 = CARTESIAN_POINT('',(-3.805792329825,-2.66897880388,
    53.55888928327));
#2677 = CARTESIAN_POINT('',(-0.408507340837,-4.630402256146,
    53.781111364357));
#2678 = CARTESIAN_POINT('',(1.803892766345,-4.720071561679,
    53.892223379345));
#2679 = CARTESIAN_POINT('',(3.995645263205,-3.622510123043,
    54.003331165274));
#2680 = CARTESIAN_POINT('',(5.42911986025,-1.368187136718,
    54.114447811247));
#2681 = CARTESIAN_POINT('',(5.429113985279,1.368192207637,
    54.225555334314));
#2682 = CARTESIAN_POINT('',(3.995641823611,3.622501338935,
    54.336664314298));
#2683 = CARTESIAN_POINT('',(1.803899775971,4.720075544965,
    54.447781164859));
#2684 = CARTESIAN_POINT('',(-0.408510360946,4.630401955234,
    54.558887947192));
#2685 = CARTESIAN_POINT('',(-3.805789293002,2.668979231179,
    54.781112700682));
#2686 = CARTESIAN_POINT('',(-4.991109557492,0.798647796532,
    54.892218353904));
#2687 = CARTESIAN_POINT('',(-5.129399042297,-1.65227512102,
    55.003340685167));
#2688 = CARTESIAN_POINT('',(-3.90939596072,-4.011976014462,
    55.114437576082));
#2689 = CARTESIAN_POINT('',(-1.519728388906,-5.391524244594,
    55.225560578506));
#2690 = CARTESIAN_POINT('',(1.13376906401,-5.268394400587,
    55.336665118199));
#2691 = CARTESIAN_POINT('',(3.187205592311,-3.923079816035,
    55.447778411394));
#2692 = CARTESIAN_POINT('',(4.214299606179,-1.9614234472,55.558889271654
    ));
#2693 = CARTESIAN_POINT('',(4.214299664573,1.96142341419,55.781111388691
    ));
#2694 = CARTESIAN_POINT('',(3.187205733485,3.923079354415,55.89222212136
    ));
#2695 = CARTESIAN_POINT('',(1.13376931978,5.268396862285,56.003335854299
    ));
#2696 = CARTESIAN_POINT('',(-1.519730513572,5.391517722018,
    56.11443946013));
#2697 = CARTESIAN_POINT('',(-3.909390694233,4.011986303269,
    56.225563930127));
#2698 = CARTESIAN_POINT('',(-5.129405523222,1.652264628117,
    56.336659011158));
#2699 = CARTESIAN_POINT('',(-4.99110514455,-0.798640741286,
    56.447783134424));
#2700 = CARTESIAN_POINT('',(-3.805790799865,-2.668981836094,
    56.558887355892));
#2701 = CARTESIAN_POINT('',(-2.107149715297,-3.649690298157,
    56.67000064762));
#2702 = CARTESIAN_POINT('',(5.0243,8.881784197001E-16,41.));
#2703 = CARTESIAN_POINT('',(5.024300000042,2.338420340454,
    41.111108099775));
#2704 = CARTESIAN_POINT('',(3.799789308047,4.677098100213,
    41.222228725164));
#2705 = CARTESIAN_POINT('',(1.351713104527,6.280991235917,
    41.333321867107));
#2706 = CARTESIAN_POINT('',(-1.811892275469,6.427813367348,
    41.44445511499));
#2707 = CARTESIAN_POINT('',(-4.66070864467,4.783058036813,41.55554777812
    ));
#2708 = CARTESIAN_POINT('',(-6.115345370656,1.969870136726,
    41.666669253667));
#2709 = CARTESIAN_POINT('',(-5.950390530851,-0.952158814097,
    41.777776744155));
#2710 = CARTESIAN_POINT('',(-4.53727652415,-3.18196404363,
    41.888888377879));
#2711 = CARTESIAN_POINT('',(-0.48702338061,-5.520378758294,
    42.111110745356));
#2712 = CARTESIAN_POINT('',(2.150600608525,-5.627285064643,42.2222206471
    ));
#2713 = CARTESIAN_POINT('',(4.763634107093,-4.318760696435,
    42.333336301511));
#2714 = CARTESIAN_POINT('',(6.47259734738,-1.631160579372,
    42.444439818343));
#2715 = CARTESIAN_POINT('',(6.472602561079,1.631159587894,
    42.555555844564));
#2716 = CARTESIAN_POINT('',(4.763637543086,4.318764887154,42.66666992398
    ));
#2717 = CARTESIAN_POINT('',(2.150592092412,5.627279487612,42.77777309727
    ));
#2718 = CARTESIAN_POINT('',(-0.487018665521,5.520381574379,
    42.888890189671));
#2719 = CARTESIAN_POINT('',(-4.537281378955,3.181961281341,
    43.111108916339));
#2720 = CARTESIAN_POINT('',(-5.950380482718,0.952164997884,
    43.222227561061));
#2721 = CARTESIAN_POINT('',(-6.115354457712,-1.969877706036,
    43.333323189624));
#2722 = CARTESIAN_POINT('',(-4.660703588991,-4.783051445671,
    43.4444539128));
#2723 = CARTESIAN_POINT('',(-1.811895402317,-6.427821088139,
    43.555548642394));
#2724 = CARTESIAN_POINT('',(1.35171508116,-6.280979521154,43.66666877922
    ));
#2725 = CARTESIAN_POINT('',(3.799788995898,-4.677109951707,
    43.777776925591));
#2726 = CARTESIAN_POINT('',(5.024299956116,-2.338414712723,
    43.888888344274));
#2727 = CARTESIAN_POINT('',(5.024299934298,2.338414759602,
    44.111110761398));
#2728 = CARTESIAN_POINT('',(3.79978895225,4.677109987168,44.222222180012
    ));
#2729 = CARTESIAN_POINT('',(1.351715022587,6.280979533741,44.33333032662
    ));
#2730 = CARTESIAN_POINT('',(-1.81189546236,6.427821071283,
    44.444450462943));
#2731 = CARTESIAN_POINT('',(-4.66070363353,4.78305140212,44.555545193326
    ));
#2732 = CARTESIAN_POINT('',(-6.115354476164,1.969877649032,
    44.666675915531));
#2733 = CARTESIAN_POINT('',(-5.950380473801,-0.952165053438,
    44.777771545053));
#2734 = CARTESIAN_POINT('',(-4.537281349271,-3.181961323661,
    44.888890189011));
#2735 = CARTESIAN_POINT('',(-0.487018614006,-5.520381578956,
    45.111108916654));
#2736 = CARTESIAN_POINT('',(2.150592144884,-5.627279467359,
    45.22222600483));
#2737 = CARTESIAN_POINT('',(4.763637583466,-4.318764843199,
    45.333329191009));
#2738 = CARTESIAN_POINT('',(6.47260257615,-1.631159526605,
    45.444443244115));
#2739 = CARTESIAN_POINT('',(6.472597332367,1.631160638522,45.55555931095
    ));
#2740 = CARTESIAN_POINT('',(4.763634066571,4.318760742246,
    45.666662778162));
#2741 = CARTESIAN_POINT('',(2.150600556218,5.627285083509,
    45.777778481444));
#2742 = CARTESIAN_POINT('',(-0.487023432257,5.520378754591,
    45.888888344261));
#2743 = CARTESIAN_POINT('',(-4.537276553548,3.181963999533,
    46.111110761404));
#2744 = CARTESIAN_POINT('',(-5.950390541305,0.952158768094,
    46.222222180004));
#2745 = CARTESIAN_POINT('',(-6.115345348174,-1.969870218676,
    46.333330326627));
#2746 = CARTESIAN_POINT('',(-4.660708607508,-4.783058034956,
    46.444450462939));
#2747 = CARTESIAN_POINT('',(-1.811892205108,-6.427813447323,
    46.555545193326));
#2748 = CARTESIAN_POINT('',(1.351713151694,-6.280991153932,
    46.666675915532));
#2749 = CARTESIAN_POINT('',(3.799789361765,-4.677098125814,
    46.777771545053));
#2750 = CARTESIAN_POINT('',(5.024300014784,-2.338420250752,
    46.888890189011));
#2751 = CARTESIAN_POINT('',(5.024299992963,2.338420297633,
    47.111108916654));
#2752 = CARTESIAN_POINT('',(3.799789318144,4.677098161262,47.22222756061
    ));
#2753 = CARTESIAN_POINT('',(1.35171309305,6.280991166559,47.333323190139
    ));
#2754 = CARTESIAN_POINT('',(-1.811892265034,6.427813430396,
    47.444453912331));
#2755 = CARTESIAN_POINT('',(-4.660708652172,4.783057991487,
    47.555548642733));
#2756 = CARTESIAN_POINT('',(-6.115345366539,1.969870161607,
    47.666668779034));
#2757 = CARTESIAN_POINT('',(-5.950390532424,-0.952158823612,
    47.777776925662));
#2758 = CARTESIAN_POINT('',(-4.537276523859,-3.181964041868,
    47.88888834426));
#2759 = CARTESIAN_POINT('',(-0.487023380749,-5.520378759135,
    48.111110761404));
#2760 = CARTESIAN_POINT('',(2.150600608722,-5.627285063443,
    48.222220624222));
#2761 = CARTESIAN_POINT('',(4.76363410687,-4.3187606978,48.3333363275));
#2762 = CARTESIAN_POINT('',(6.472597347584,-1.631160578129,
    48.444439794721));
#2763 = CARTESIAN_POINT('',(6.472602560928,1.631159587,48.555555861543)
  );
#2764 = CARTESIAN_POINT('',(4.763637543175,4.318764887646,
    48.666669914663));
#2765 = CARTESIAN_POINT('',(2.150592092375,5.627279487422,
    48.777773100831));
#2766 = CARTESIAN_POINT('',(-0.487018665513,5.520381574417,
    48.888890189013));
#2767 = CARTESIAN_POINT('',(-4.53728137896,3.181961281323,
    49.111108916653));
#2768 = CARTESIAN_POINT('',(-5.95038048271,0.952164997908,
    49.222227560625));
#2769 = CARTESIAN_POINT('',(-6.115354457724,-1.969877706063,
    49.333323190105));
#2770 = CARTESIAN_POINT('',(-4.660703588979,-4.783051445647,
    49.444453912372));
#2771 = CARTESIAN_POINT('',(-1.811895402326,-6.427821088156,
    49.5555486427));
#2772 = CARTESIAN_POINT('',(1.351715081165,-6.280979521145,
    49.666668779051));
#2773 = CARTESIAN_POINT('',(3.799788995896,-4.677109951711,
    49.777776925657));
#2774 = CARTESIAN_POINT('',(5.024299956116,-2.338414712723,
    49.888888344261));
#2775 = CARTESIAN_POINT('',(5.024299934297,2.338414759602,
    50.111110761405));
#2776 = CARTESIAN_POINT('',(3.799788952258,4.677109987166,50.22222218));
#2777 = CARTESIAN_POINT('',(1.351715022556,6.280979533753,50.33333032664
    ));
#2778 = CARTESIAN_POINT('',(-1.811895462296,6.427821071256,
    50.444450462917));
#2779 = CARTESIAN_POINT('',(-4.66070363361,4.783051402156,
    50.555545193352));
#2780 = CARTESIAN_POINT('',(-6.115354476102,1.969877649006,
    50.666675915513));
#2781 = CARTESIAN_POINT('',(-5.950380473827,-0.952165053428,
    50.777771545061));
#2782 = CARTESIAN_POINT('',(-4.537281349268,-3.181961323658,
    50.88889018901));
#2783 = CARTESIAN_POINT('',(-0.487018614007,-5.520381578957,
    51.111108916656));
#2784 = CARTESIAN_POINT('',(2.150592144885,-5.627279467359,
    51.222226004825));
#2785 = CARTESIAN_POINT('',(4.763637583465,-4.3187648432,51.333329191016
    ));
#2786 = CARTESIAN_POINT('',(6.472602576152,-1.631159526603,
    51.444443244107));
#2787 = CARTESIAN_POINT('',(6.472597332364,1.631160638518,
    51.555559310956));
#2788 = CARTESIAN_POINT('',(4.763634066573,4.318760742248,
    51.666662778158));
#2789 = CARTESIAN_POINT('',(2.150600556217,5.627285083508,
    51.777778481445));
#2790 = CARTESIAN_POINT('',(-0.487023432257,5.520378754591,
    51.88888834426));
#2791 = CARTESIAN_POINT('',(-4.537276553549,3.181963999533,
    52.111110761405));
#2792 = CARTESIAN_POINT('',(-5.950390541307,0.952158768092,
    52.222222180003));
#2793 = CARTESIAN_POINT('',(-6.115345348164,-1.969870218667,
    52.333330326629));
#2794 = CARTESIAN_POINT('',(-4.660708607532,-4.783058034973,
    52.444450462937));
#2795 = CARTESIAN_POINT('',(-1.811892205076,-6.427813447302,
    52.555545193328));
#2796 = CARTESIAN_POINT('',(1.351713151672,-6.280991153947,
    52.666675915532));
#2797 = CARTESIAN_POINT('',(3.799789361772,-4.677098125808,
    52.777771545053));
#2798 = CARTESIAN_POINT('',(5.024300014788,-2.338420250754,
    52.888890189011));
#2799 = CARTESIAN_POINT('',(5.024299992962,2.338420297634,
    53.111108916654));
#2800 = CARTESIAN_POINT('',(3.799789318145,4.677098161258,
    53.222227560611));
#2801 = CARTESIAN_POINT('',(1.351713093052,6.280991166565,
    53.333323190137));
#2802 = CARTESIAN_POINT('',(-1.811892265037,6.427813430389,
    53.444453912335));
#2803 = CARTESIAN_POINT('',(-4.660708652169,4.783057991492,
    53.555548642726));
#2804 = CARTESIAN_POINT('',(-6.11534536654,1.969870161605,
    53.666668779042));
#2805 = CARTESIAN_POINT('',(-5.950390532423,-0.952158823611,
    53.777776925654));
#2806 = CARTESIAN_POINT('',(-4.53727652386,-3.181964041868,
    53.888888344267));
#2807 = CARTESIAN_POINT('',(-0.487023380748,-5.520378759135,
    54.111110761392));
#2808 = CARTESIAN_POINT('',(2.150600608721,-5.627285063447,
    54.222220624292));
#2809 = CARTESIAN_POINT('',(4.763634106873,-4.318760697788,
    54.333336327317));
#2810 = CARTESIAN_POINT('',(6.472597347572,-1.631160578139,
    54.444439795055));
#2811 = CARTESIAN_POINT('',(6.472602560958,1.631159586993,
    54.555555861079));
#2812 = CARTESIAN_POINT('',(4.763637543133,4.318764887665,
    54.666669915171));
#2813 = CARTESIAN_POINT('',(2.15059209241,5.627279487406,54.777773100385
    ));
#2814 = CARTESIAN_POINT('',(-0.487018665533,5.520381574418,
    54.888890189326));
#2815 = CARTESIAN_POINT('',(-4.537281378923,3.181961281313,
    55.111108915994));
#2816 = CARTESIAN_POINT('',(-5.950380482897,0.952164997975,
    55.222227564172));
#2817 = CARTESIAN_POINT('',(-6.115354457245,-1.969877706241,
    55.333323180823));
#2818 = CARTESIAN_POINT('',(-4.660703589839,-4.783051445323,
    55.444453929305));
#2819 = CARTESIAN_POINT('',(-1.811895401141,-6.427821088603,
    55.555548619115));
#2820 = CARTESIAN_POINT('',(1.351715079868,-6.280979520656,
    55.66666880502));
#2821 = CARTESIAN_POINT('',(3.799788997035,-4.677109952139,
    55.777776902786));
#2822 = CARTESIAN_POINT('',(5.024299955318,-2.338414712423,
    55.888888360308));
#2823 = CARTESIAN_POINT('',(5.024299935969,2.338414758973,
    56.111110727786));
#2824 = CARTESIAN_POINT('',(3.799788943233,4.677109990561,
    56.222222361512));
#2825 = CARTESIAN_POINT('',(1.351715046151,6.280979524875,
    56.333329851993));
#2826 = CARTESIAN_POINT('',(-1.811895505273,6.42782108743,
    56.444451327553));
#2827 = CARTESIAN_POINT('',(-4.660703573829,4.783051379657,
    56.555543990667));
#2828 = CARTESIAN_POINT('',(-6.115354541875,1.969877673755,
    56.666677238562));
#2829 = CARTESIAN_POINT('',(-5.950380415924,-0.95216507521,
    56.777770380503));
#2830 = CARTESIAN_POINT('',(-4.53728138989,-3.181961308383,
    56.888891005885));
#2831 = CARTESIAN_POINT('',(-2.512149959401,-4.351171459673,
    56.999999105668));
#2832 = DEFINITIONAL_REPRESENTATION('',(#2833),#2837);
#2833 = LINE('',#2834,#2835);
#2834 = CARTESIAN_POINT('',(0.,0.));
#2835 = VECTOR('',#2836,1.);
#2836 = DIRECTION('',(0.,1.));
#2837 = ( GEOMETRIC_REPRESENTATION_CONTEXT(2) 
PARAMETRIC_REPRESENTATION_CONTEXT() REPRESENTATION_CONTEXT('2D SPACE',''
  ) );
#2838 = PCURVE('',#2839,#3068);
#2839 = B_SPLINE_SURFACE_WITH_KNOTS('',1,8,(
    (#2840,#2841,#2842,#2843,#2844,#2845,#2846,#2847,#2848,#2849,#2850
      ,#2851,#2852,#2853,#2854,#2855,#2856,#2857,#2858,#2859,#2860,#2861
      ,#2862,#2863,#2864,#2865,#2866,#2867,#2868,#2869,#2870,#2871,#2872
      ,#2873,#2874,#2875,#2876,#2877,#2878,#2879,#2880,#2881,#2882,#2883
      ,#2884,#2885,#2886,#2887,#2888,#2889,#2890,#2891,#2892,#2893,#2894
      ,#2895,#2896,#2897,#2898,#2899,#2900,#2901,#2902,#2903,#2904,#2905
      ,#2906,#2907,#2908,#2909,#2910,#2911,#2912,#2913,#2914,#2915,#2916
      ,#2917,#2918,#2919,#2920,#2921,#2922,#2923,#2924,#2925,#2926,#2927
      ,#2928,#2929,#2930,#2931,#2932,#2933,#2934,#2935,#2936,#2937,#2938
      ,#2939,#2940,#2941,#2942,#2943,#2944,#2945,#2946,#2947,#2948,#2949
      ,#2950,#2951,#2952,#2953)
    ,(#2954,#2955,#2956,#2957,#2958,#2959,#2960,#2961,#2962,#2963,#2964
      ,#2965,#2966,#2967,#2968,#2969,#2970,#2971,#2972,#2973,#2974,#2975
      ,#2976,#2977,#2978,#2979,#2980,#2981,#2982,#2983,#2984,#2985,#2986
      ,#2987,#2988,#2989,#2990,#2991,#2992,#2993,#2994,#2995,#2996,#2997
      ,#2998,#2999,#3000,#3001,#3002,#3003,#3004,#3005,#3006,#3007,#3008
      ,#3009,#3010,#3011,#3012,#3013,#3014,#3015,#3016,#3017,#3018,#3019
      ,#3020,#3021,#3022,#3023,#3024,#3025,#3026,#3027,#3028,#3029,#3030
      ,#3031,#3032,#3033,#3034,#3035,#3036,#3037,#3038,#3039,#3040,#3041
      ,#3042,#3043,#3044,#3045,#3046,#3047,#3048,#3049,#3050,#3051,#3052
      ,#3053,#3054,#3055,#3056,#3057,#3058,#3059,#3060,#3061,#3062,#3063
      ,#3064,#3065,#3066,#3067
    )),.UNSPECIFIED.,.F.,.F.,.F.,(2,2),(9,7,7,7,7,7,7,7,7,7,7,7,7,7,7,7,
    9),(0.,0.66),(0.,4.306502453234,8.613004906469,12.919507359703,
    17.226009812938,21.532512266172,25.839014719407,30.145517172641,
    34.452019625876,38.75852207911,43.065024532345,47.371526985579,
    51.678029438814,55.984531892048,60.291034345282,64.597536798517,
    68.904039251751),.UNSPECIFIED.);
#2840 = CARTESIAN_POINT('',(4.2143,-4.440892098501E-16,41.33));
#2841 = CARTESIAN_POINT('',(4.214302380835,2.206598461265,
    41.455002453063));
#2842 = CARTESIAN_POINT('',(2.891884496484,4.41245082083,41.5799946928)
  );
#2843 = CARTESIAN_POINT('',(0.263095359673,5.701142672032,41.7050085942)
  );
#2844 = CARTESIAN_POINT('',(-2.963880130892,5.133611521895,
    41.82999310595));
#2845 = CARTESIAN_POINT('',(-5.068900416431,2.622726814887,
    41.955003946637));
#2846 = CARTESIAN_POINT('',(-5.267227652811,-0.298227056197,
    42.079999448431));
#2847 = CARTESIAN_POINT('',(-4.018123260815,-2.546390270849,
    42.205000349933));
#2848 = CARTESIAN_POINT('',(-0.196177045251,-4.752991862449,
    42.45500031259));
#2849 = CARTESIAN_POINT('',(2.375341000844,-4.710665120731,
    42.580001073858));
#2850 = CARTESIAN_POINT('',(4.805800694096,-3.07843927184,
    42.704997032604));
#2851 = CARTESIAN_POINT('',(5.92777311744,2.218777490195E-05,
    42.830006967609));
#2852 = CARTESIAN_POINT('',(4.805792715361,3.078405081568,
    42.954992788747));
#2853 = CARTESIAN_POINT('',(2.375347806216,4.710679760816,
    43.080005229717));
#2854 = CARTESIAN_POINT('',(-0.196179008587,4.752989060007,
    43.204998749252));
#2855 = CARTESIAN_POINT('',(-4.018121272659,2.546393213956,
    43.455001898028));
#2856 = CARTESIAN_POINT('',(-5.267237068345,0.298220653254,
    43.579995420783));
#2857 = CARTESIAN_POINT('',(-5.068881741599,-2.622724708668,
    43.705007851256));
#2858 = CARTESIAN_POINT('',(-2.963898180846,-5.133600743966,
    43.829993693209));
#2859 = CARTESIAN_POINT('',(0.263102310777,-5.701160236507,
    43.955003598105));
#2860 = CARTESIAN_POINT('',(2.891885971462,-4.412439304846,
    44.079999590445));
#2861 = CARTESIAN_POINT('',(4.214300304932,-2.206601707724,
    44.205000322269));
#2862 = CARTESIAN_POINT('',(4.214300213938,2.206601637359,44.45500032536
    ));
#2863 = CARTESIAN_POINT('',(2.891885170138,4.412438195369,
    44.580001057108));
#2864 = CARTESIAN_POINT('',(0.263106258915,5.70116513721,44.704997049698
    ));
#2865 = CARTESIAN_POINT('',(-2.963905767974,5.133591002079,
    44.830006954097));
#2866 = CARTESIAN_POINT('',(-5.06887336499,2.622736042933,
    44.954992796766));
#2867 = CARTESIAN_POINT('',(-5.267242243624,-0.29822834021,
    45.080005226449));
#2868 = CARTESIAN_POINT('',(-4.018119765861,-2.546390534583,
    45.204998749888));
#2869 = CARTESIAN_POINT('',(-0.196180574853,-4.752991704838,
    45.455001897735));
#2870 = CARTESIAN_POINT('',(2.375351872356,-4.710671435242,
    45.579995421165));
#2871 = CARTESIAN_POINT('',(4.805787095805,-3.078418003002,
    45.705007850867));
#2872 = CARTESIAN_POINT('',(5.927777747454,-1.074659869933E-05,
    45.829993693516));
#2873 = CARTESIAN_POINT('',(4.805798440551,3.078433403026,
    45.955003597923));
#2874 = CARTESIAN_POINT('',(2.37534154489,4.710666368621,46.07999959052)
  );
#2875 = CARTESIAN_POINT('',(-0.196177017536,4.752991977097,
    46.205000322255));
#2876 = CARTESIAN_POINT('',(-4.018123180958,2.546390225771,
    46.455000325367));
#2877 = CARTESIAN_POINT('',(-5.267226154885,0.298226924466,
    46.580001057099));
#2878 = CARTESIAN_POINT('',(-5.068906969446,-2.622725864448,
    46.704997049709));
#2879 = CARTESIAN_POINT('',(-2.963867336466,-5.133613190594,
    46.830006954086));
#2880 = CARTESIAN_POINT('',(0.263080641909,-5.701141124054,
    46.954992796776));
#2881 = CARTESIAN_POINT('',(2.891894440554,-4.41245142079,
    47.080005226444));
#2882 = CARTESIAN_POINT('',(4.214298773835,-2.20659852539,
    47.204998749889));
#2883 = CARTESIAN_POINT('',(4.214301847794,2.206598490868,
    47.455001897735));
#2884 = CARTESIAN_POINT('',(2.891885195623,4.412450782005,
    47.579995421163));
#2885 = CARTESIAN_POINT('',(0.263094646164,5.701142711654,47.70500785087
    ));
#2886 = CARTESIAN_POINT('',(-2.963879566899,5.133611490577,
    47.829993693514));
#2887 = CARTESIAN_POINT('',(-5.068900751154,2.622726833474,
    47.955003597924));
#2888 = CARTESIAN_POINT('',(-5.267227516424,-0.298227063771,
    48.07999959052));
#2889 = CARTESIAN_POINT('',(-4.018123287382,-2.546390269373,
    48.205000322255));
#2890 = CARTESIAN_POINT('',(-0.196177032987,-4.75299186313,
    48.455000325367));
#2891 = CARTESIAN_POINT('',(2.375340984757,-4.710665119838,
    48.580001057099));
#2892 = CARTESIAN_POINT('',(4.805800710517,-3.078439272752,
    48.704997049709));
#2893 = CARTESIAN_POINT('',(5.927773104456,2.218849744762E-05,
    48.830006954085));
#2894 = CARTESIAN_POINT('',(4.805792723067,3.078405081139,
    48.954992796778));
#2895 = CARTESIAN_POINT('',(2.375347803077,4.710679760989,
    49.080005226441));
#2896 = CARTESIAN_POINT('',(-0.196179007977,4.752989059977,
    49.204998749893));
#2897 = CARTESIAN_POINT('',(-4.018121272939,2.546393213967,
    49.455001897724));
#2898 = CARTESIAN_POINT('',(-5.267237067974,0.298220653247,
    49.579995421196));
#2899 = CARTESIAN_POINT('',(-5.068881741983,-2.622724708666,
    49.705007850824));
#2900 = CARTESIAN_POINT('',(-2.963898180539,-5.133600743967,
    49.82999369355));
#2901 = CARTESIAN_POINT('',(0.263102310594,-5.701160236503,
    49.955003597908));
#2902 = CARTESIAN_POINT('',(2.891885971537,-4.41243930485,
    50.079999590522));
#2903 = CARTESIAN_POINT('',(4.214300304918,-2.206601707723,
    50.205000322255));
#2904 = CARTESIAN_POINT('',(4.214300213944,2.206601637358,
    50.455000325367));
#2905 = CARTESIAN_POINT('',(2.891885170126,4.412438195371,
    50.580001057101));
#2906 = CARTESIAN_POINT('',(0.263106258941,5.701165137207,
    50.704997049697));
#2907 = CARTESIAN_POINT('',(-2.963905768012,5.133591002079,
    50.830006954113));
#2908 = CARTESIAN_POINT('',(-5.068873364955,2.622736042938,
    50.954992796743));
#2909 = CARTESIAN_POINT('',(-5.267242243643,-0.298228340217,
    51.080005226467));
#2910 = CARTESIAN_POINT('',(-4.018119765858,-2.546390534576,
    51.204998749882));
#2911 = CARTESIAN_POINT('',(-0.196180574854,-4.752991704841,
    51.455001897738));
#2912 = CARTESIAN_POINT('',(2.375351872356,-4.710671435239,
    51.579995421159));
#2913 = CARTESIAN_POINT('',(4.805787095807,-3.078418003003,
    51.705007850875));
#2914 = CARTESIAN_POINT('',(5.927777747452,-1.074659848512E-05,
    51.82999369351));
#2915 = CARTESIAN_POINT('',(4.805798440552,3.078433403026,
    51.955003597926));
#2916 = CARTESIAN_POINT('',(2.37534154489,4.710666368621,52.07999959052)
  );
#2917 = CARTESIAN_POINT('',(-0.196177017536,4.752991977097,
    52.205000322255));
#2918 = CARTESIAN_POINT('',(-4.018123180957,2.546390225771,
    52.455000325367));
#2919 = CARTESIAN_POINT('',(-5.267226154883,0.298226924468,52.5800010571
    ));
#2920 = CARTESIAN_POINT('',(-5.068906969455,-2.622725864453,
    52.704997049709));
#2921 = CARTESIAN_POINT('',(-2.963867336451,-5.133613190586,
    52.830006954085));
#2922 = CARTESIAN_POINT('',(0.263080641896,-5.701141124061,
    52.954992796777));
#2923 = CARTESIAN_POINT('',(2.891894440558,-4.412451420788,
    53.080005226443));
#2924 = CARTESIAN_POINT('',(4.214298773839,-2.206598525389,
    53.204998749889));
#2925 = CARTESIAN_POINT('',(4.214301847792,2.206598490867,
    53.455001897735));
#2926 = CARTESIAN_POINT('',(2.891885195625,4.412450782005,
    53.579995421162));
#2927 = CARTESIAN_POINT('',(0.263094646161,5.701142711652,
    53.705007850874));
#2928 = CARTESIAN_POINT('',(-2.963879566894,5.13361149058,
    53.829993693507));
#2929 = CARTESIAN_POINT('',(-5.06890075116,2.622726833468,
    53.955003597933));
#2930 = CARTESIAN_POINT('',(-5.267227516419,-0.298227063765,
    54.079999590511));
#2931 = CARTESIAN_POINT('',(-4.018123287386,-2.546390269379,
    54.205000322262));
#2932 = CARTESIAN_POINT('',(-0.196177032979,-4.752991863118,
    54.455000325352));
#2933 = CARTESIAN_POINT('',(2.375340984722,-4.710665119904,
    54.580001057175));
#2934 = CARTESIAN_POINT('',(4.805800710597,-3.078439272583,
    54.704997049524));
#2935 = CARTESIAN_POINT('',(5.927773104323,2.218820944161E-05,
    54.830006954396));
#2936 = CARTESIAN_POINT('',(4.805792723246,3.078405081493,
    54.954992796384));
#2937 = CARTESIAN_POINT('',(2.375347802887,4.710679760658,
    55.080005226829));
#2938 = CARTESIAN_POINT('',(-0.19617900782,4.752989060214,
    55.204998749595));
#2939 = CARTESIAN_POINT('',(-4.01812127328,2.546393213449,
    55.455001898374));
#2940 = CARTESIAN_POINT('',(-5.26723706623,0.298220655919,
    55.579995417887));
#2941 = CARTESIAN_POINT('',(-5.06888174626,-2.622724715243,
    55.705007858902));
#2942 = CARTESIAN_POINT('',(-2.963898173326,-5.133600732861,
    55.829993679987));
#2943 = CARTESIAN_POINT('',(0.263102301459,-5.701160250573,
    55.95500361503));
#2944 = CARTESIAN_POINT('',(2.891885980494,-4.412439291056,
    56.079999573761));
#2945 = CARTESIAN_POINT('',(4.214300298086,-2.206601718241,
    56.205000335032));
#2946 = CARTESIAN_POINT('',(4.214300228744,2.20660166014,56.455000297689
    ));
#2947 = CARTESIAN_POINT('',(2.891885094146,4.412438078419,
    56.580001199186));
#2948 = CARTESIAN_POINT('',(0.263106445413,5.701165424223,56.704996701)
  );
#2949 = CARTESIAN_POINT('',(-2.963906082208,5.133590518478,
    56.830007541641));
#2950 = CARTESIAN_POINT('',(-5.068872967472,2.622736654743,
    56.954992053457));
#2951 = CARTESIAN_POINT('',(-5.267242633111,-0.298228939707,
    57.080005954797));
#2952 = CARTESIAN_POINT('',(-4.018119468921,-2.546390077504,
    57.204998194569));
#2953 = CARTESIAN_POINT('',(-2.107150343499,-3.649691386236,
    57.330000647619));
#2954 = CARTESIAN_POINT('',(4.2143,0.,40.67));
#2955 = CARTESIAN_POINT('',(4.214297619095,2.206598133894,
    40.795002453063));
#2956 = CARTESIAN_POINT('',(2.89189475893,4.412450777304,40.919994692802
    ));
#2957 = CARTESIAN_POINT('',(0.263079920034,5.701140233764,
    41.045008594196));
#2958 = CARTESIAN_POINT('',(-2.963866277395,5.133612479526,
    41.169993105955));
#2959 = CARTESIAN_POINT('',(-5.068906534522,2.622725496341,
    41.295003946635));
#2960 = CARTESIAN_POINT('',(-5.267225232857,-0.298226830257,
    41.419999448432));
#2961 = CARTESIAN_POINT('',(-4.018122629637,-2.546389815253,
    41.545000349933));
#2962 = CARTESIAN_POINT('',(-0.196177014056,-4.752991266354,
    41.79500031259));
#2963 = CARTESIAN_POINT('',(2.375341136442,-4.710665686415,
    41.920001073861));
#2964 = CARTESIAN_POINT('',(4.805797716131,-3.078432981997,
    42.04499703259));
#2965 = CARTESIAN_POINT('',(5.927776850595,1.069819955872E-05,
    42.170006967637));
#2966 = CARTESIAN_POINT('',(4.805786412075,3.07841750577,42.294992788718
    ));
#2967 = CARTESIAN_POINT('',(2.375351553026,4.710670713773,
    42.420005229735));
#2968 = CARTESIAN_POINT('',(-0.196180506702,4.752990997938,
    42.544998749248));
#2969 = CARTESIAN_POINT('',(-4.018119146671,2.546390187367,
    42.795001898029));
#2970 = CARTESIAN_POINT('',(-5.267241455716,0.298228338163,
    42.919995420783));
#2971 = CARTESIAN_POINT('',(-5.068872630848,-2.622735611098,
    43.045007851254));
#2972 = CARTESIAN_POINT('',(-2.963905367275,-5.13359021301,
    43.169993693212));
#2973 = CARTESIAN_POINT('',(0.263106173635,-5.701164289462,
    43.295003598104));
#2974 = CARTESIAN_POINT('',(2.891884703571,-4.412437560928,
    43.419999590446));
#2975 = CARTESIAN_POINT('',(4.214299567951,-2.20660134238,43.54500032227
    ));
#2976 = CARTESIAN_POINT('',(4.214299694494,2.20660134485,43.79500032536)
  );
#2977 = CARTESIAN_POINT('',(2.891885575989,4.412438623813,
    43.920001057112));
#2978 = CARTESIAN_POINT('',(0.263102317316,5.701159384545,
    44.044997049684));
#2979 = CARTESIAN_POINT('',(-2.963897697395,5.1336000026,44.170006954125
    ));
#2980 = CARTESIAN_POINT('',(-5.068880965243,2.622724358538,
    44.294992796737));
#2981 = CARTESIAN_POINT('',(-5.26723628523,-0.29822056636,
    44.420005226468));
#2982 = CARTESIAN_POINT('',(-4.018120694484,-2.546392802026,
    44.544998749884));
#2983 = CARTESIAN_POINT('',(-0.196179017028,-4.752988349889,
    44.795001897737));
#2984 = CARTESIAN_POINT('',(2.375347411087,-4.710679077923,
    44.919995421165));
#2985 = CARTESIAN_POINT('',(4.805791981834,-3.078404660978,
    45.045007850866));
#2986 = CARTESIAN_POINT('',(5.92777222089,-2.223623246117E-05,
    45.169993693519));
#2987 = CARTESIAN_POINT('',(4.805800018907,3.078438775148,
    45.295003597921));
#2988 = CARTESIAN_POINT('',(2.375340668631,4.71066439851,45.419999590521
    ));
#2989 = CARTESIAN_POINT('',(-0.196176965458,4.752991156205,
    45.545000322255));
#2990 = CARTESIAN_POINT('',(-4.018122667908,2.546389922163,
    45.795000325367));
#2991 = CARTESIAN_POINT('',(-5.267226728863,0.298227061737,
    45.920001057103));
#2992 = CARTESIAN_POINT('',(-5.068900016686,-2.622726401658,
    46.044997049695));
#2993 = CARTESIAN_POINT('',(-2.963879166438,-5.13361070151,
    46.170006954114));
#2994 = CARTESIAN_POINT('',(0.263094561017,-5.70114186388,
    46.294992796747));
#2995 = CARTESIAN_POINT('',(2.891884729007,-4.41245014759,
    46.420005226462));
#2996 = CARTESIAN_POINT('',(4.214301201808,-2.20659819588,
    46.544998749885));
#2997 = CARTESIAN_POINT('',(4.21429816341,2.206598162509,46.795001897737
    ));
#2998 = CARTESIAN_POINT('',(2.891894045015,4.41245073977,46.919995421163
    ));
#2999 = CARTESIAN_POINT('',(0.263080648617,5.701140272071,
    47.045007850868));
#3000 = CARTESIAN_POINT('',(-2.963866853301,5.133612449246,
    47.169993693517));
#3001 = CARTESIAN_POINT('',(-5.068906192727,2.622725514311,
    47.295003597922));
#3002 = CARTESIAN_POINT('',(-5.267225372128,-0.298226837579,
    47.419999590521));
#3003 = CARTESIAN_POINT('',(-4.018122602507,-2.546389813826,
    47.545000322255));
#3004 = CARTESIAN_POINT('',(-0.196177026579,-4.752991267012,
    47.795000325367));
#3005 = CARTESIAN_POINT('',(2.375341152866,-4.710665685552,
    47.920001057103));
#3006 = CARTESIAN_POINT('',(4.805797699375,-3.078432982879,
    48.044997049695));
#3007 = CARTESIAN_POINT('',(5.927776863832,1.06988977937E-05,
    48.170006954113));
#3008 = CARTESIAN_POINT('',(4.805786404225,3.078417505355,
    48.294992796749));
#3009 = CARTESIAN_POINT('',(2.375351556223,4.710670713942,
    48.420005226459));
#3010 = CARTESIAN_POINT('',(-0.196180507325,4.752990997906,
    48.544998749889));
#3011 = CARTESIAN_POINT('',(-4.018119146385,2.546390187387,
    48.795001897726));
#3012 = CARTESIAN_POINT('',(-5.267241456092,0.298228338125,
    48.919995421196));
#3013 = CARTESIAN_POINT('',(-5.06887263046,-2.622735611051,
    49.045007850823));
#3014 = CARTESIAN_POINT('',(-2.963905367585,-5.13359021305,
    49.169993693553));
#3015 = CARTESIAN_POINT('',(0.26310617382,-5.701164289443,
    49.295003597907));
#3016 = CARTESIAN_POINT('',(2.891884703496,-4.412437560933,
    49.419999590523));
#3017 = CARTESIAN_POINT('',(4.214299567966,-2.20660134238,
    49.545000322256));
#3018 = CARTESIAN_POINT('',(4.214299694488,2.20660134485,49.795000325367
    ));
#3019 = CARTESIAN_POINT('',(2.891885575992,4.412438623815,
    49.920001057105));
#3020 = CARTESIAN_POINT('',(0.263102317329,5.701159384532,
    50.044997049683));
#3021 = CARTESIAN_POINT('',(-2.963897697423,5.133600002626,
    50.17000695414));
#3022 = CARTESIAN_POINT('',(-5.068880965215,2.622724358511,
    50.294992796715));
#3023 = CARTESIAN_POINT('',(-5.267236285242,-0.298220566345,
    50.420005226485));
#3024 = CARTESIAN_POINT('',(-4.018120694483,-2.546392802026,
    50.544998749878));
#3025 = CARTESIAN_POINT('',(-0.196179017027,-4.752988349889,
    50.79500189774));
#3026 = CARTESIAN_POINT('',(2.37534741108,-4.710679077923,
    50.919995421159));
#3027 = CARTESIAN_POINT('',(4.805791981845,-3.078404660978,
    51.045007850873));
#3028 = CARTESIAN_POINT('',(5.927772220881,-2.223623257738E-05,
    51.169993693513));
#3029 = CARTESIAN_POINT('',(4.805800018911,3.078438775147,
    51.295003597924));
#3030 = CARTESIAN_POINT('',(2.37534066863,4.71066439851,51.41999959052)
  );
#3031 = CARTESIAN_POINT('',(-0.196176965458,4.752991156205,
    51.545000322255));
#3032 = CARTESIAN_POINT('',(-4.018122667908,2.546389922163,
    51.795000325367));
#3033 = CARTESIAN_POINT('',(-5.267226728861,0.298227061738,
    51.920001057103));
#3034 = CARTESIAN_POINT('',(-5.068900016695,-2.622726401663,
    52.044997049695));
#3035 = CARTESIAN_POINT('',(-2.963879166422,-5.133610701502,
    52.170006954113));
#3036 = CARTESIAN_POINT('',(0.263094561003,-5.701141863887,
    52.294992796748));
#3037 = CARTESIAN_POINT('',(2.891884729013,-4.412450147587,
    52.420005226461));
#3038 = CARTESIAN_POINT('',(4.214301201812,-2.206598195879,
    52.544998749886));
#3039 = CARTESIAN_POINT('',(4.214298163409,2.206598162509,
    52.795001897737));
#3040 = CARTESIAN_POINT('',(2.891894045014,4.412450739769,
    52.919995421162));
#3041 = CARTESIAN_POINT('',(0.263080648619,5.701140272076,
    53.045007850871));
#3042 = CARTESIAN_POINT('',(-2.963866853305,5.133612449239,
    53.16999369351));
#3043 = CARTESIAN_POINT('',(-5.068906192723,2.62272551432,
    53.295003597931));
#3044 = CARTESIAN_POINT('',(-5.267225372132,-0.298226837587,
    53.419999590512));
#3045 = CARTESIAN_POINT('',(-4.018122602505,-2.546389813821,
    53.545000322262));
#3046 = CARTESIAN_POINT('',(-0.196177026586,-4.752991267025,
    53.795000325352));
#3047 = CARTESIAN_POINT('',(2.375341152904,-4.710665685492,
    53.920001057178));
#3048 = CARTESIAN_POINT('',(4.805797699277,-3.078432983021,
    54.04499704951));
#3049 = CARTESIAN_POINT('',(5.927776864,1.069913501072E-05,
    54.170006954424));
#3050 = CARTESIAN_POINT('',(4.805786404021,3.078417505044,
    54.294992796354));
#3051 = CARTESIAN_POINT('',(2.375351556409,4.71067071426,54.420005226847
    ));
#3052 = CARTESIAN_POINT('',(-0.196180507456,4.752990997651,
    54.544998749591));
#3053 = CARTESIAN_POINT('',(-4.018119146104,2.546390187927,
    54.795001898376));
#3054 = CARTESIAN_POINT('',(-5.267241457517,0.298228335346,
    54.919995417887));
#3055 = CARTESIAN_POINT('',(-5.068872626977,-2.622735604208,
    55.045007858901));
#3056 = CARTESIAN_POINT('',(-2.963905373447,-5.133590224613,
    55.16999367999));
#3057 = CARTESIAN_POINT('',(0.263106181235,-5.701164274785,
    55.295003615029));
#3058 = CARTESIAN_POINT('',(2.891884696229,-4.412437575309,
    55.419999573762));
#3059 = CARTESIAN_POINT('',(4.214299573508,-2.206601331417,
    55.545000335032));
#3060 = CARTESIAN_POINT('',(4.214299682482,2.206601321104,
    55.795000297689));
#3061 = CARTESIAN_POINT('',(2.891885637624,4.412438745714,
    55.920001199191));
#3062 = CARTESIAN_POINT('',(0.263102166071,5.701159085374,
    56.044996700984));
#3063 = CARTESIAN_POINT('',(-2.963897442564,5.133600506686,
    56.170007541673));
#3064 = CARTESIAN_POINT('',(-5.068881287638,2.622723720819,
    56.294992053422));
#3065 = CARTESIAN_POINT('',(-5.26723596931,-0.298219941485,
    56.42000595482));
#3066 = CARTESIAN_POINT('',(-4.018120935363,-2.546393278449,
    56.544998194561));
#3067 = CARTESIAN_POINT('',(-2.107149715297,-3.649690298157,
    56.67000064762));
#3068 = DEFINITIONAL_REPRESENTATION('',(#3069),#3073);
#3069 = LINE('',#3070,#3071);
#3070 = CARTESIAN_POINT('',(0.66,0.));
#3071 = VECTOR('',#3072,1.);
#3072 = DIRECTION('',(0.,1.));
#3073 = ( GEOMETRIC_REPRESENTATION_CONTEXT(2) 
PARAMETRIC_REPRESENTATION_CONTEXT() REPRESENTATION_CONTEXT('2D SPACE',''
  ) );
#3074 = ORIENTED_EDGE('',*,*,#3075,.T.);
#3075 = EDGE_CURVE('',#2434,#3076,#3078,.T.);
#3076 = VERTEX_POINT('',#3077);
#3077 = CARTESIAN_POINT('',(5.0243,0.,41.));
#3078 = SURFACE_CURVE('',#3079,(#3082,#3089),.PCURVE_S1.);
#3079 = B_SPLINE_CURVE_WITH_KNOTS('',1,(#3080,#3081),.UNSPECIFIED.,.F.,
  .F.,(2,2),(0.,0.874642784227),.PIECEWISE_BEZIER_KNOTS.);
#3080 = CARTESIAN_POINT('',(4.2143,-4.440892098501E-16,40.67));
#3081 = CARTESIAN_POINT('',(5.0243,8.881784197001E-16,41.));
#3082 = PCURVE('',#2571,#3083);
#3083 = DEFINITIONAL_REPRESENTATION('',(#3084),#3088);
#3084 = LINE('',#3085,#3086);
#3085 = CARTESIAN_POINT('',(0.,0.));
#3086 = VECTOR('',#3087,1.);
#3087 = DIRECTION('',(1.,0.));
#3088 = ( GEOMETRIC_REPRESENTATION_CONTEXT(2) 
PARAMETRIC_REPRESENTATION_CONTEXT() REPRESENTATION_CONTEXT('2D SPACE',''
  ) );
#3089 = PCURVE('',#3090,#3095);
#3090 = PLANE('',#3091);
#3091 = AXIS2_PLACEMENT_3D('',#3092,#3093,#3094);
#3092 = CARTESIAN_POINT('',(4.508354247658,-1.414357663477E-16,41.));
#3093 = DIRECTION('',(1.134857634818E-15,-1.,-6.728624391668E-16));
#3094 = DIRECTION('',(-1.,-1.134857634818E-15,0.));
#3095 = DEFINITIONAL_REPRESENTATION('',(#3096),#3099);
#3096 = B_SPLINE_CURVE_WITH_KNOTS('',1,(#3097,#3098),.UNSPECIFIED.,.F.,
  .F.,(2,2),(0.,0.874642784227),.PIECEWISE_BEZIER_KNOTS.);
#3097 = CARTESIAN_POINT('',(0.294054247658,0.33));
#3098 = CARTESIAN_POINT('',(-0.515945752342,0.));
#3099 = ( GEOMETRIC_REPRESENTATION_CONTEXT(2) 
PARAMETRIC_REPRESENTATION_CONTEXT() REPRESENTATION_CONTEXT('2D SPACE',''
  ) );
#3100 = ORIENTED_EDGE('',*,*,#3101,.T.);
#3101 = EDGE_CURVE('',#3076,#3102,#3104,.T.);
#3102 = VERTEX_POINT('',#3103);
#3103 = CARTESIAN_POINT('',(-2.512149959401,-4.351171459673,
    56.999999105668));
#3104 = SURFACE_CURVE('',#3105,(#3236,#3243),.PCURVE_S1.);
#3105 = B_SPLINE_CURVE_WITH_KNOTS('',9,(#3106,#3107,#3108,#3109,#3110,
    #3111,#3112,#3113,#3114,#3115,#3116,#3117,#3118,#3119,#3120,#3121,
    #3122,#3123,#3124,#3125,#3126,#3127,#3128,#3129,#3130,#3131,#3132,
    #3133,#3134,#3135,#3136,#3137,#3138,#3139,#3140,#3141,#3142,#3143,
    #3144,#3145,#3146,#3147,#3148,#3149,#3150,#3151,#3152,#3153,#3154,
    #3155,#3156,#3157,#3158,#3159,#3160,#3161,#3162,#3163,#3164,#3165,
    #3166,#3167,#3168,#3169,#3170,#3171,#3172,#3173,#3174,#3175,#3176,
    #3177,#3178,#3179,#3180,#3181,#3182,#3183,#3184,#3185,#3186,#3187,
    #3188,#3189,#3190,#3191,#3192,#3193,#3194,#3195,#3196,#3197,#3198,
    #3199,#3200,#3201,#3202,#3203,#3204,#3205,#3206,#3207,#3208,#3209,
    #3210,#3211,#3212,#3213,#3214,#3215,#3216,#3217,#3218,#3219,#3220,
    #3221,#3222,#3223,#3224,#3225,#3226,#3227,#3228,#3229,#3230,#3231,
    #3232,#3233,#3234,#3235),.UNSPECIFIED.,.F.,.F.,(10,8,8,8,8,8,8,8,8,8
    ,8,8,8,8,8,8,10),(0.,4.306502453234,8.613004906469,12.919507359703,
    17.226009812938,21.532512266172,25.839014719407,30.145517172641,
    34.452019625876,38.75852207911,43.065024532345,47.371526985579,
    51.678029438814,55.984531892048,60.291034345282,64.597536798517,
    68.904039251751),.UNSPECIFIED.);
#3106 = CARTESIAN_POINT('',(5.0243,8.881784197001E-16,41.));
#3107 = CARTESIAN_POINT('',(5.024300000042,2.338420340454,
    41.111108099775));
#3108 = CARTESIAN_POINT('',(3.799789308047,4.677098100213,
    41.222228725164));
#3109 = CARTESIAN_POINT('',(1.351713104527,6.280991235917,
    41.333321867107));
#3110 = CARTESIAN_POINT('',(-1.811892275469,6.427813367348,
    41.44445511499));
#3111 = CARTESIAN_POINT('',(-4.66070864467,4.783058036813,41.55554777812
    ));
#3112 = CARTESIAN_POINT('',(-6.115345370656,1.969870136726,
    41.666669253667));
#3113 = CARTESIAN_POINT('',(-5.950390530851,-0.952158814097,
    41.777776744155));
#3114 = CARTESIAN_POINT('',(-4.53727652415,-3.18196404363,
    41.888888377879));
#3115 = CARTESIAN_POINT('',(-0.48702338061,-5.520378758294,
    42.111110745356));
#3116 = CARTESIAN_POINT('',(2.150600608525,-5.627285064643,42.2222206471
    ));
#3117 = CARTESIAN_POINT('',(4.763634107093,-4.318760696435,
    42.333336301511));
#3118 = CARTESIAN_POINT('',(6.47259734738,-1.631160579372,
    42.444439818343));
#3119 = CARTESIAN_POINT('',(6.472602561079,1.631159587894,
    42.555555844564));
#3120 = CARTESIAN_POINT('',(4.763637543086,4.318764887154,42.66666992398
    ));
#3121 = CARTESIAN_POINT('',(2.150592092412,5.627279487612,42.77777309727
    ));
#3122 = CARTESIAN_POINT('',(-0.487018665521,5.520381574379,
    42.888890189671));
#3123 = CARTESIAN_POINT('',(-4.537281378955,3.181961281341,
    43.111108916339));
#3124 = CARTESIAN_POINT('',(-5.950380482718,0.952164997884,
    43.222227561061));
#3125 = CARTESIAN_POINT('',(-6.115354457712,-1.969877706036,
    43.333323189624));
#3126 = CARTESIAN_POINT('',(-4.660703588991,-4.783051445671,
    43.4444539128));
#3127 = CARTESIAN_POINT('',(-1.811895402317,-6.427821088139,
    43.555548642394));
#3128 = CARTESIAN_POINT('',(1.35171508116,-6.280979521154,43.66666877922
    ));
#3129 = CARTESIAN_POINT('',(3.799788995898,-4.677109951707,
    43.777776925591));
#3130 = CARTESIAN_POINT('',(5.024299956116,-2.338414712723,
    43.888888344274));
#3131 = CARTESIAN_POINT('',(5.024299934298,2.338414759602,
    44.111110761398));
#3132 = CARTESIAN_POINT('',(3.79978895225,4.677109987168,44.222222180012
    ));
#3133 = CARTESIAN_POINT('',(1.351715022587,6.280979533741,44.33333032662
    ));
#3134 = CARTESIAN_POINT('',(-1.81189546236,6.427821071283,
    44.444450462943));
#3135 = CARTESIAN_POINT('',(-4.66070363353,4.78305140212,44.555545193326
    ));
#3136 = CARTESIAN_POINT('',(-6.115354476164,1.969877649032,
    44.666675915531));
#3137 = CARTESIAN_POINT('',(-5.950380473801,-0.952165053438,
    44.777771545053));
#3138 = CARTESIAN_POINT('',(-4.537281349271,-3.181961323661,
    44.888890189011));
#3139 = CARTESIAN_POINT('',(-0.487018614006,-5.520381578956,
    45.111108916654));
#3140 = CARTESIAN_POINT('',(2.150592144884,-5.627279467359,
    45.22222600483));
#3141 = CARTESIAN_POINT('',(4.763637583466,-4.318764843199,
    45.333329191009));
#3142 = CARTESIAN_POINT('',(6.47260257615,-1.631159526605,
    45.444443244115));
#3143 = CARTESIAN_POINT('',(6.472597332367,1.631160638522,45.55555931095
    ));
#3144 = CARTESIAN_POINT('',(4.763634066571,4.318760742246,
    45.666662778162));
#3145 = CARTESIAN_POINT('',(2.150600556218,5.627285083509,
    45.777778481444));
#3146 = CARTESIAN_POINT('',(-0.487023432257,5.520378754591,
    45.888888344261));
#3147 = CARTESIAN_POINT('',(-4.537276553548,3.181963999533,
    46.111110761404));
#3148 = CARTESIAN_POINT('',(-5.950390541305,0.952158768094,
    46.222222180004));
#3149 = CARTESIAN_POINT('',(-6.115345348174,-1.969870218676,
    46.333330326627));
#3150 = CARTESIAN_POINT('',(-4.660708607508,-4.783058034956,
    46.444450462939));
#3151 = CARTESIAN_POINT('',(-1.811892205108,-6.427813447323,
    46.555545193326));
#3152 = CARTESIAN_POINT('',(1.351713151694,-6.280991153932,
    46.666675915532));
#3153 = CARTESIAN_POINT('',(3.799789361765,-4.677098125814,
    46.777771545053));
#3154 = CARTESIAN_POINT('',(5.024300014784,-2.338420250752,
    46.888890189011));
#3155 = CARTESIAN_POINT('',(5.024299992963,2.338420297633,
    47.111108916654));
#3156 = CARTESIAN_POINT('',(3.799789318144,4.677098161262,47.22222756061
    ));
#3157 = CARTESIAN_POINT('',(1.35171309305,6.280991166559,47.333323190139
    ));
#3158 = CARTESIAN_POINT('',(-1.811892265034,6.427813430396,
    47.444453912331));
#3159 = CARTESIAN_POINT('',(-4.660708652172,4.783057991487,
    47.555548642733));
#3160 = CARTESIAN_POINT('',(-6.115345366539,1.969870161607,
    47.666668779034));
#3161 = CARTESIAN_POINT('',(-5.950390532424,-0.952158823612,
    47.777776925662));
#3162 = CARTESIAN_POINT('',(-4.537276523859,-3.181964041868,
    47.88888834426));
#3163 = CARTESIAN_POINT('',(-0.487023380749,-5.520378759135,
    48.111110761404));
#3164 = CARTESIAN_POINT('',(2.150600608722,-5.627285063443,
    48.222220624222));
#3165 = CARTESIAN_POINT('',(4.76363410687,-4.3187606978,48.3333363275));
#3166 = CARTESIAN_POINT('',(6.472597347584,-1.631160578129,
    48.444439794721));
#3167 = CARTESIAN_POINT('',(6.472602560928,1.631159587,48.555555861543)
  );
#3168 = CARTESIAN_POINT('',(4.763637543175,4.318764887646,
    48.666669914663));
#3169 = CARTESIAN_POINT('',(2.150592092375,5.627279487422,
    48.777773100831));
#3170 = CARTESIAN_POINT('',(-0.487018665513,5.520381574417,
    48.888890189013));
#3171 = CARTESIAN_POINT('',(-4.53728137896,3.181961281323,
    49.111108916653));
#3172 = CARTESIAN_POINT('',(-5.95038048271,0.952164997908,
    49.222227560625));
#3173 = CARTESIAN_POINT('',(-6.115354457724,-1.969877706063,
    49.333323190105));
#3174 = CARTESIAN_POINT('',(-4.660703588979,-4.783051445647,
    49.444453912372));
#3175 = CARTESIAN_POINT('',(-1.811895402326,-6.427821088156,
    49.5555486427));
#3176 = CARTESIAN_POINT('',(1.351715081165,-6.280979521145,
    49.666668779051));
#3177 = CARTESIAN_POINT('',(3.799788995896,-4.677109951711,
    49.777776925657));
#3178 = CARTESIAN_POINT('',(5.024299956116,-2.338414712723,
    49.888888344261));
#3179 = CARTESIAN_POINT('',(5.024299934297,2.338414759602,
    50.111110761405));
#3180 = CARTESIAN_POINT('',(3.799788952258,4.677109987166,50.22222218));
#3181 = CARTESIAN_POINT('',(1.351715022556,6.280979533753,50.33333032664
    ));
#3182 = CARTESIAN_POINT('',(-1.811895462296,6.427821071256,
    50.444450462917));
#3183 = CARTESIAN_POINT('',(-4.66070363361,4.783051402156,
    50.555545193352));
#3184 = CARTESIAN_POINT('',(-6.115354476102,1.969877649006,
    50.666675915513));
#3185 = CARTESIAN_POINT('',(-5.950380473827,-0.952165053428,
    50.777771545061));
#3186 = CARTESIAN_POINT('',(-4.537281349268,-3.181961323658,
    50.88889018901));
#3187 = CARTESIAN_POINT('',(-0.487018614007,-5.520381578957,
    51.111108916656));
#3188 = CARTESIAN_POINT('',(2.150592144885,-5.627279467359,
    51.222226004825));
#3189 = CARTESIAN_POINT('',(4.763637583465,-4.3187648432,51.333329191016
    ));
#3190 = CARTESIAN_POINT('',(6.472602576152,-1.631159526603,
    51.444443244107));
#3191 = CARTESIAN_POINT('',(6.472597332364,1.631160638518,
    51.555559310956));
#3192 = CARTESIAN_POINT('',(4.763634066573,4.318760742248,
    51.666662778158));
#3193 = CARTESIAN_POINT('',(2.150600556217,5.627285083508,
    51.777778481445));
#3194 = CARTESIAN_POINT('',(-0.487023432257,5.520378754591,
    51.88888834426));
#3195 = CARTESIAN_POINT('',(-4.537276553549,3.181963999533,
    52.111110761405));
#3196 = CARTESIAN_POINT('',(-5.950390541307,0.952158768092,
    52.222222180003));
#3197 = CARTESIAN_POINT('',(-6.115345348164,-1.969870218667,
    52.333330326629));
#3198 = CARTESIAN_POINT('',(-4.660708607532,-4.783058034973,
    52.444450462937));
#3199 = CARTESIAN_POINT('',(-1.811892205076,-6.427813447302,
    52.555545193328));
#3200 = CARTESIAN_POINT('',(1.351713151672,-6.280991153947,
    52.666675915532));
#3201 = CARTESIAN_POINT('',(3.799789361772,-4.677098125808,
    52.777771545053));
#3202 = CARTESIAN_POINT('',(5.024300014788,-2.338420250754,
    52.888890189011));
#3203 = CARTESIAN_POINT('',(5.024299992962,2.338420297634,
    53.111108916654));
#3204 = CARTESIAN_POINT('',(3.799789318145,4.677098161258,
    53.222227560611));
#3205 = CARTESIAN_POINT('',(1.351713093052,6.280991166565,
    53.333323190137));
#3206 = CARTESIAN_POINT('',(-1.811892265037,6.427813430389,
    53.444453912335));
#3207 = CARTESIAN_POINT('',(-4.660708652169,4.783057991492,
    53.555548642726));
#3208 = CARTESIAN_POINT('',(-6.11534536654,1.969870161605,
    53.666668779042));
#3209 = CARTESIAN_POINT('',(-5.950390532423,-0.952158823611,
    53.777776925654));
#3210 = CARTESIAN_POINT('',(-4.53727652386,-3.181964041868,
    53.888888344267));
#3211 = CARTESIAN_POINT('',(-0.487023380748,-5.520378759135,
    54.111110761392));
#3212 = CARTESIAN_POINT('',(2.150600608721,-5.627285063447,
    54.222220624292));
#3213 = CARTESIAN_POINT('',(4.763634106873,-4.318760697788,
    54.333336327317));
#3214 = CARTESIAN_POINT('',(6.472597347572,-1.631160578139,
    54.444439795055));
#3215 = CARTESIAN_POINT('',(6.472602560958,1.631159586993,
    54.555555861079));
#3216 = CARTESIAN_POINT('',(4.763637543133,4.318764887665,
    54.666669915171));
#3217 = CARTESIAN_POINT('',(2.15059209241,5.627279487406,54.777773100385
    ));
#3218 = CARTESIAN_POINT('',(-0.487018665533,5.520381574418,
    54.888890189326));
#3219 = CARTESIAN_POINT('',(-4.537281378923,3.181961281313,
    55.111108915994));
#3220 = CARTESIAN_POINT('',(-5.950380482897,0.952164997975,
    55.222227564172));
#3221 = CARTESIAN_POINT('',(-6.115354457245,-1.969877706241,
    55.333323180823));
#3222 = CARTESIAN_POINT('',(-4.660703589839,-4.783051445323,
    55.444453929305));
#3223 = CARTESIAN_POINT('',(-1.811895401141,-6.427821088603,
    55.555548619115));
#3224 = CARTESIAN_POINT('',(1.351715079868,-6.280979520656,
    55.66666880502));
#3225 = CARTESIAN_POINT('',(3.799788997035,-4.677109952139,
    55.777776902786));
#3226 = CARTESIAN_POINT('',(5.024299955318,-2.338414712423,
    55.888888360308));
#3227 = CARTESIAN_POINT('',(5.024299935969,2.338414758973,
    56.111110727786));
#3228 = CARTESIAN_POINT('',(3.799788943233,4.677109990561,
    56.222222361512));
#3229 = CARTESIAN_POINT('',(1.351715046151,6.280979524875,
    56.333329851993));
#3230 = CARTESIAN_POINT('',(-1.811895505273,6.42782108743,
    56.444451327553));
#3231 = CARTESIAN_POINT('',(-4.660703573829,4.783051379657,
    56.555543990667));
#3232 = CARTESIAN_POINT('',(-6.115354541875,1.969877673755,
    56.666677238562));
#3233 = CARTESIAN_POINT('',(-5.950380415924,-0.95216507521,
    56.777770380503));
#3234 = CARTESIAN_POINT('',(-4.53728138989,-3.181961308383,
    56.888891005885));
#3235 = CARTESIAN_POINT('',(-2.512149959401,-4.351171459673,
    56.999999105668));
#3236 = PCURVE('',#2571,#3237);
#3237 = DEFINITIONAL_REPRESENTATION('',(#3238),#3242);
#3238 = LINE('',#3239,#3240);
#3239 = CARTESIAN_POINT('',(0.874642784227,0.));
#3240 = VECTOR('',#3241,1.);
#3241 = DIRECTION('',(0.,1.));
#3242 = ( GEOMETRIC_REPRESENTATION_CONTEXT(2) 
PARAMETRIC_REPRESENTATION_CONTEXT() REPRESENTATION_CONTEXT('2D SPACE',''
  ) );
#3243 = PCURVE('',#3244,#3505);
#3244 = B_SPLINE_SURFACE_WITH_KNOTS('',1,9,(
    (#3245,#3246,#3247,#3248,#3249,#3250,#3251,#3252,#3253,#3254,#3255
      ,#3256,#3257,#3258,#3259,#3260,#3261,#3262,#3263,#3264,#3265,#3266
      ,#3267,#3268,#3269,#3270,#3271,#3272,#3273,#3274,#3275,#3276,#3277
      ,#3278,#3279,#3280,#3281,#3282,#3283,#3284,#3285,#3286,#3287,#3288
      ,#3289,#3290,#3291,#3292,#3293,#3294,#3295,#3296,#3297,#3298,#3299
      ,#3300,#3301,#3302,#3303,#3304,#3305,#3306,#3307,#3308,#3309,#3310
      ,#3311,#3312,#3313,#3314,#3315,#3316,#3317,#3318,#3319,#3320,#3321
      ,#3322,#3323,#3324,#3325,#3326,#3327,#3328,#3329,#3330,#3331,#3332
      ,#3333,#3334,#3335,#3336,#3337,#3338,#3339,#3340,#3341,#3342,#3343
      ,#3344,#3345,#3346,#3347,#3348,#3349,#3350,#3351,#3352,#3353,#3354
      ,#3355,#3356,#3357,#3358,#3359,#3360,#3361,#3362,#3363,#3364,#3365
      ,#3366,#3367,#3368,#3369,#3370,#3371,#3372,#3373,#3374)
    ,(#3375,#3376,#3377,#3378,#3379,#3380,#3381,#3382,#3383,#3384,#3385
      ,#3386,#3387,#3388,#3389,#3390,#3391,#3392,#3393,#3394,#3395,#3396
      ,#3397,#3398,#3399,#3400,#3401,#3402,#3403,#3404,#3405,#3406,#3407
      ,#3408,#3409,#3410,#3411,#3412,#3413,#3414,#3415,#3416,#3417,#3418
      ,#3419,#3420,#3421,#3422,#3423,#3424,#3425,#3426,#3427,#3428,#3429
      ,#3430,#3431,#3432,#3433,#3434,#3435,#3436,#3437,#3438,#3439,#3440
      ,#3441,#3442,#3443,#3444,#3445,#3446,#3447,#3448,#3449,#3450,#3451
      ,#3452,#3453,#3454,#3455,#3456,#3457,#3458,#3459,#3460,#3461,#3462
      ,#3463,#3464,#3465,#3466,#3467,#3468,#3469,#3470,#3471,#3472,#3473
      ,#3474,#3475,#3476,#3477,#3478,#3479,#3480,#3481,#3482,#3483,#3484
      ,#3485,#3486,#3487,#3488,#3489,#3490,#3491,#3492,#3493,#3494,#3495
      ,#3496,#3497,#3498,#3499,#3500,#3501,#3502,#3503,#3504
  )),.UNSPECIFIED.,.F.,.F.,.F.,(2,2),(10,8,8,8,8,8,8,8,8,8,8,8,8,8,8,8,
    10),(0.,0.874642784227),(0.,4.306502453234,8.613004906469,
    12.919507359703,17.226009812938,21.532512266172,25.839014719407,
    30.145517172641,34.452019625876,38.75852207911,43.065024532345,
    47.371526985579,51.678029438814,55.984531892048,60.291034345282,
    64.597536798517,68.904039251751),.UNSPECIFIED.);
#3245 = CARTESIAN_POINT('',(5.0243,0.,41.));
#3246 = CARTESIAN_POINT('',(5.024300000042,2.338420340454,
    41.111108099775));
#3247 = CARTESIAN_POINT('',(3.799789308047,4.677098100213,
    41.222228725164));
#3248 = CARTESIAN_POINT('',(1.351713104527,6.280991235917,
    41.333321867107));
#3249 = CARTESIAN_POINT('',(-1.811892275469,6.427813367348,
    41.44445511499));
#3250 = CARTESIAN_POINT('',(-4.66070864467,4.783058036813,41.55554777812
    ));
#3251 = CARTESIAN_POINT('',(-6.115345370655,1.969870136726,
    41.666669253667));
#3252 = CARTESIAN_POINT('',(-5.950390530851,-0.952158814097,
    41.777776744155));
#3253 = CARTESIAN_POINT('',(-4.53727652415,-3.18196404363,
    41.888888377879));
#3254 = CARTESIAN_POINT('',(-0.48702338061,-5.520378758294,
    42.111110745356));
#3255 = CARTESIAN_POINT('',(2.150600608525,-5.627285064643,42.2222206471
    ));
#3256 = CARTESIAN_POINT('',(4.763634107093,-4.318760696435,
    42.333336301511));
#3257 = CARTESIAN_POINT('',(6.47259734738,-1.631160579372,
    42.444439818343));
#3258 = CARTESIAN_POINT('',(6.47260256108,1.631159587894,42.555555844564
    ));
#3259 = CARTESIAN_POINT('',(4.763637543086,4.318764887154,42.66666992398
    ));
#3260 = CARTESIAN_POINT('',(2.150592092412,5.627279487612,42.77777309727
    ));
#3261 = CARTESIAN_POINT('',(-0.487018665521,5.520381574379,
    42.888890189671));
#3262 = CARTESIAN_POINT('',(-4.537281378955,3.181961281341,
    43.111108916339));
#3263 = CARTESIAN_POINT('',(-5.950380482718,0.952164997884,
    43.222227561061));
#3264 = CARTESIAN_POINT('',(-6.115354457713,-1.969877706036,
    43.333323189624));
#3265 = CARTESIAN_POINT('',(-4.660703588991,-4.783051445671,
    43.4444539128));
#3266 = CARTESIAN_POINT('',(-1.811895402317,-6.427821088139,
    43.555548642394));
#3267 = CARTESIAN_POINT('',(1.35171508116,-6.280979521154,43.66666877922
    ));
#3268 = CARTESIAN_POINT('',(3.799788995898,-4.677109951707,
    43.777776925591));
#3269 = CARTESIAN_POINT('',(5.024299956116,-2.338414712723,
    43.888888344274));
#3270 = CARTESIAN_POINT('',(5.024299934298,2.338414759602,
    44.111110761398));
#3271 = CARTESIAN_POINT('',(3.79978895225,4.677109987168,44.222222180012
    ));
#3272 = CARTESIAN_POINT('',(1.351715022587,6.280979533741,44.33333032662
    ));
#3273 = CARTESIAN_POINT('',(-1.81189546236,6.427821071283,
    44.444450462943));
#3274 = CARTESIAN_POINT('',(-4.660703633531,4.78305140212,
    44.555545193326));
#3275 = CARTESIAN_POINT('',(-6.115354476163,1.969877649032,
    44.666675915531));
#3276 = CARTESIAN_POINT('',(-5.950380473801,-0.952165053438,
    44.777771545053));
#3277 = CARTESIAN_POINT('',(-4.537281349271,-3.181961323661,
    44.888890189011));
#3278 = CARTESIAN_POINT('',(-0.487018614006,-5.520381578956,
    45.111108916654));
#3279 = CARTESIAN_POINT('',(2.150592144884,-5.627279467359,
    45.22222600483));
#3280 = CARTESIAN_POINT('',(4.763637583465,-4.318764843199,
    45.333329191009));
#3281 = CARTESIAN_POINT('',(6.47260257615,-1.631159526605,
    45.444443244115));
#3282 = CARTESIAN_POINT('',(6.472597332366,1.631160638522,45.55555931095
    ));
#3283 = CARTESIAN_POINT('',(4.763634066572,4.318760742246,
    45.666662778162));
#3284 = CARTESIAN_POINT('',(2.150600556217,5.627285083509,
    45.777778481444));
#3285 = CARTESIAN_POINT('',(-0.487023432257,5.520378754591,
    45.888888344261));
#3286 = CARTESIAN_POINT('',(-4.537276553548,3.181963999533,
    46.111110761404));
#3287 = CARTESIAN_POINT('',(-5.950390541305,0.952158768094,
    46.222222180004));
#3288 = CARTESIAN_POINT('',(-6.115345348174,-1.969870218676,
    46.333330326627));
#3289 = CARTESIAN_POINT('',(-4.660708607507,-4.783058034956,
    46.444450462939));
#3290 = CARTESIAN_POINT('',(-1.811892205108,-6.427813447322,
    46.555545193326));
#3291 = CARTESIAN_POINT('',(1.351713151694,-6.280991153932,
    46.666675915532));
#3292 = CARTESIAN_POINT('',(3.799789361765,-4.677098125814,
    46.777771545053));
#3293 = CARTESIAN_POINT('',(5.024300014784,-2.338420250752,
    46.888890189011));
#3294 = CARTESIAN_POINT('',(5.024299992963,2.338420297633,
    47.111108916654));
#3295 = CARTESIAN_POINT('',(3.799789318144,4.677098161262,47.22222756061
    ));
#3296 = CARTESIAN_POINT('',(1.35171309305,6.280991166559,47.333323190139
    ));
#3297 = CARTESIAN_POINT('',(-1.811892265034,6.427813430396,
    47.444453912331));
#3298 = CARTESIAN_POINT('',(-4.660708652172,4.783057991487,
    47.555548642733));
#3299 = CARTESIAN_POINT('',(-6.115345366539,1.969870161608,
    47.666668779034));
#3300 = CARTESIAN_POINT('',(-5.950390532424,-0.952158823612,
    47.777776925662));
#3301 = CARTESIAN_POINT('',(-4.537276523859,-3.181964041868,
    47.88888834426));
#3302 = CARTESIAN_POINT('',(-0.487023380749,-5.520378759135,
    48.111110761404));
#3303 = CARTESIAN_POINT('',(2.150600608722,-5.627285063442,
    48.222220624222));
#3304 = CARTESIAN_POINT('',(4.76363410687,-4.3187606978,48.3333363275));
#3305 = CARTESIAN_POINT('',(6.472597347584,-1.631160578129,
    48.444439794721));
#3306 = CARTESIAN_POINT('',(6.472602560928,1.631159587,48.555555861543)
  );
#3307 = CARTESIAN_POINT('',(4.763637543175,4.318764887646,
    48.666669914663));
#3308 = CARTESIAN_POINT('',(2.150592092375,5.627279487422,
    48.777773100831));
#3309 = CARTESIAN_POINT('',(-0.487018665513,5.520381574417,
    48.888890189013));
#3310 = CARTESIAN_POINT('',(-4.53728137896,3.181961281323,
    49.111108916653));
#3311 = CARTESIAN_POINT('',(-5.95038048271,0.952164997908,
    49.222227560625));
#3312 = CARTESIAN_POINT('',(-6.115354457724,-1.969877706063,
    49.333323190105));
#3313 = CARTESIAN_POINT('',(-4.660703588979,-4.783051445647,
    49.444453912372));
#3314 = CARTESIAN_POINT('',(-1.811895402326,-6.427821088156,
    49.5555486427));
#3315 = CARTESIAN_POINT('',(1.351715081165,-6.280979521145,
    49.666668779051));
#3316 = CARTESIAN_POINT('',(3.799788995896,-4.677109951711,
    49.777776925657));
#3317 = CARTESIAN_POINT('',(5.024299956116,-2.338414712723,
    49.888888344261));
#3318 = CARTESIAN_POINT('',(5.024299934297,2.338414759602,
    50.111110761405));
#3319 = CARTESIAN_POINT('',(3.799788952258,4.677109987166,50.22222218));
#3320 = CARTESIAN_POINT('',(1.351715022556,6.280979533753,50.33333032664
    ));
#3321 = CARTESIAN_POINT('',(-1.811895462296,6.427821071256,
    50.444450462917));
#3322 = CARTESIAN_POINT('',(-4.66070363361,4.783051402155,
    50.555545193352));
#3323 = CARTESIAN_POINT('',(-6.115354476102,1.969877649006,
    50.666675915513));
#3324 = CARTESIAN_POINT('',(-5.950380473827,-0.952165053428,
    50.777771545061));
#3325 = CARTESIAN_POINT('',(-4.537281349268,-3.181961323658,
    50.88889018901));
#3326 = CARTESIAN_POINT('',(-0.487018614007,-5.520381578957,
    51.111108916656));
#3327 = CARTESIAN_POINT('',(2.150592144885,-5.627279467359,
    51.222226004825));
#3328 = CARTESIAN_POINT('',(4.763637583464,-4.318764843199,
    51.333329191016));
#3329 = CARTESIAN_POINT('',(6.472602576152,-1.631159526603,
    51.444443244107));
#3330 = CARTESIAN_POINT('',(6.472597332364,1.631160638518,
    51.555559310955));
#3331 = CARTESIAN_POINT('',(4.763634066573,4.318760742248,
    51.666662778159));
#3332 = CARTESIAN_POINT('',(2.150600556217,5.627285083508,
    51.777778481445));
#3333 = CARTESIAN_POINT('',(-0.487023432257,5.520378754591,
    51.88888834426));
#3334 = CARTESIAN_POINT('',(-4.537276553549,3.181963999533,
    52.111110761405));
#3335 = CARTESIAN_POINT('',(-5.950390541307,0.952158768092,
    52.222222180003));
#3336 = CARTESIAN_POINT('',(-6.115345348164,-1.969870218667,
    52.333330326629));
#3337 = CARTESIAN_POINT('',(-4.660708607532,-4.783058034974,
    52.444450462937));
#3338 = CARTESIAN_POINT('',(-1.811892205076,-6.427813447302,
    52.555545193328));
#3339 = CARTESIAN_POINT('',(1.351713151672,-6.280991153947,
    52.666675915531));
#3340 = CARTESIAN_POINT('',(3.799789361772,-4.677098125808,
    52.777771545053));
#3341 = CARTESIAN_POINT('',(5.024300014788,-2.338420250754,
    52.888890189011));
#3342 = CARTESIAN_POINT('',(5.024299992962,2.338420297634,
    53.111108916654));
#3343 = CARTESIAN_POINT('',(3.799789318145,4.677098161258,
    53.222227560611));
#3344 = CARTESIAN_POINT('',(1.351713093052,6.280991166565,
    53.333323190137));
#3345 = CARTESIAN_POINT('',(-1.811892265037,6.427813430389,
    53.444453912335));
#3346 = CARTESIAN_POINT('',(-4.660708652169,4.783057991492,
    53.555548642726));
#3347 = CARTESIAN_POINT('',(-6.11534536654,1.969870161605,
    53.666668779042));
#3348 = CARTESIAN_POINT('',(-5.950390532423,-0.952158823611,
    53.777776925654));
#3349 = CARTESIAN_POINT('',(-4.537276523859,-3.181964041868,
    53.888888344267));
#3350 = CARTESIAN_POINT('',(-0.487023380748,-5.520378759135,
    54.111110761392));
#3351 = CARTESIAN_POINT('',(2.150600608721,-5.627285063446,
    54.222220624292));
#3352 = CARTESIAN_POINT('',(4.763634106873,-4.318760697788,
    54.333336327317));
#3353 = CARTESIAN_POINT('',(6.472597347572,-1.631160578139,
    54.444439795055));
#3354 = CARTESIAN_POINT('',(6.472602560958,1.631159586993,
    54.555555861079));
#3355 = CARTESIAN_POINT('',(4.763637543134,4.318764887665,
    54.666669915171));
#3356 = CARTESIAN_POINT('',(2.15059209241,5.627279487407,54.777773100385
    ));
#3357 = CARTESIAN_POINT('',(-0.487018665533,5.520381574418,
    54.888890189326));
#3358 = CARTESIAN_POINT('',(-4.537281378923,3.181961281313,
    55.111108915994));
#3359 = CARTESIAN_POINT('',(-5.950380482897,0.952164997975,
    55.222227564172));
#3360 = CARTESIAN_POINT('',(-6.115354457245,-1.969877706241,
    55.333323180823));
#3361 = CARTESIAN_POINT('',(-4.660703589839,-4.783051445323,
    55.444453929305));
#3362 = CARTESIAN_POINT('',(-1.811895401141,-6.427821088603,
    55.555548619115));
#3363 = CARTESIAN_POINT('',(1.351715079868,-6.280979520656,
    55.66666880502));
#3364 = CARTESIAN_POINT('',(3.799788997035,-4.677109952139,
    55.777776902786));
#3365 = CARTESIAN_POINT('',(5.024299955318,-2.338414712423,
    55.888888360308));
#3366 = CARTESIAN_POINT('',(5.024299935969,2.338414758973,
    56.111110727786));
#3367 = CARTESIAN_POINT('',(3.799788943233,4.677109990561,
    56.222222361512));
#3368 = CARTESIAN_POINT('',(1.351715046151,6.280979524874,
    56.333329851993));
#3369 = CARTESIAN_POINT('',(-1.811895505273,6.42782108743,
    56.444451327553));
#3370 = CARTESIAN_POINT('',(-4.660703573829,4.783051379656,
    56.555543990667));
#3371 = CARTESIAN_POINT('',(-6.115354541874,1.969877673755,
    56.666677238562));
#3372 = CARTESIAN_POINT('',(-5.950380415924,-0.95216507521,
    56.777770380503));
#3373 = CARTESIAN_POINT('',(-4.53728138989,-3.181961308383,
    56.888891005885));
#3374 = CARTESIAN_POINT('',(-2.512149959401,-4.351171459673,
    56.999999105668));
#3375 = CARTESIAN_POINT('',(4.2143,-8.881784197001E-16,41.33));
#3376 = CARTESIAN_POINT('',(4.214302116244,1.961420854564,
    41.441113291733));
#3377 = CARTESIAN_POINT('',(3.187196249394,3.923104036594,
    41.552217513196));
#3378 = CARTESIAN_POINT('',(1.133799831389,5.268328579729,
    41.663341636464));
#3379 = CARTESIAN_POINT('',(-1.519786894327,5.391625622032,
    41.774436717494));
#3380 = CARTESIAN_POINT('',(-3.909326605819,4.01188472225,
    41.885561187495));
#3381 = CARTESIAN_POINT('',(-5.129450931177,1.652325685777,
    41.99666479332));
#3382 = CARTESIAN_POINT('',(-4.991089999155,-0.79866153392,
    42.107778526264));
#3383 = CARTESIAN_POINT('',(-3.805792925362,-2.668979228781,
    42.218889258931));
#3384 = CARTESIAN_POINT('',(-0.408507368428,-4.63040292865,
    42.441111375968));
#3385 = CARTESIAN_POINT('',(1.803892441338,-4.72007085725,
    42.552223362826));
#3386 = CARTESIAN_POINT('',(3.995647698035,-3.622515016908,
    42.663331183969));
#3387 = CARTESIAN_POINT('',(5.429118352703,-1.368182208589,
    42.774447794373));
#3388 = CARTESIAN_POINT('',(5.429115549514,1.368191598684,
    42.885555346276));
#3389 = CARTESIAN_POINT('',(3.995644099273,3.62249725704,42.996664307926
    ));
#3390 = CARTESIAN_POINT('',(1.803897580307,4.720081478278,
    43.107781167106));
#3391 = CARTESIAN_POINT('',(-0.408509193459,4.630400518301,
    43.218887946944));
#3392 = CARTESIAN_POINT('',(-3.805791088315,2.668981756415,
    43.441112700428));
#3393 = CARTESIAN_POINT('',(-4.99110624899,0.798641625011,
    43.552218356167));
#3394 = CARTESIAN_POINT('',(-5.129405884377,-1.652265656151,
    43.663340678779));
#3395 = CARTESIAN_POINT('',(-3.909391688132,-4.011986121653,
    43.774437588046));
#3396 = CARTESIAN_POINT('',(-1.519730511201,-5.391519051339,
    43.88556056164));
#3397 = CARTESIAN_POINT('',(1.133769296838,-5.26839736148,
    43.996665136886));
#3398 = CARTESIAN_POINT('',(3.187206234165,-3.9230800778,44.107778394878
    ));
#3399 = CARTESIAN_POINT('',(4.214300266386,-1.961423719603,
    44.218889283265));
#3400 = CARTESIAN_POINT('',(4.21430025524,1.961423695649,44.441111364351
    ));
#3401 = CARTESIAN_POINT('',(3.187206091794,3.923080389395,
    44.552222252789));
#3402 = CARTESIAN_POINT('',(1.133769283694,5.268395160586,
    44.663335510603));
#3403 = CARTESIAN_POINT('',(-1.519728579569,5.39152507529,
    44.774440086233));
#3404 = CARTESIAN_POINT('',(-3.909396505669,4.011976633344,
    44.885563059223));
#3405 = CARTESIAN_POINT('',(-5.129399796643,1.652275414509,
    44.996659969227));
#3406 = CARTESIAN_POINT('',(-4.991110306755,-0.798647877634,
    45.107782291123));
#3407 = CARTESIAN_POINT('',(-3.805789882027,-2.668979597955,
    45.218887947422));
#3408 = CARTESIAN_POINT('',(-0.408510459035,-4.63040264238,45.4411127002
    ));
#3409 = CARTESIAN_POINT('',(1.803900006689,-4.720076262803,
    45.552219483092));
#3410 = CARTESIAN_POINT('',(3.995642390223,-3.622501911437,
    45.663336332949));
#3411 = CARTESIAN_POINT('',(5.429114783393,-1.36819245503,
    45.774445313648));
#3412 = CARTESIAN_POINT('',(5.429120680664,1.368187296733,
    45.885552836131));
#3413 = CARTESIAN_POINT('',(3.995645887945,3.622510630954,
    45.996669482482));
#3414 = CARTESIAN_POINT('',(1.803893073282,4.720072250704,
    46.107777268226));
#3415 = CARTESIAN_POINT('',(-0.408507364436,4.630402949675,
    46.218889283275));
#3416 = CARTESIAN_POINT('',(-3.805792875634,2.668979232384,
    46.441111364347));
#3417 = CARTESIAN_POINT('',(-4.991090324203,0.798661247908,
    46.552222252795));
#3418 = CARTESIAN_POINT('',(-5.129448688096,-1.652324578636,
    46.663335510596));
#3419 = CARTESIAN_POINT('',(-3.909333390536,-4.011886094306,
    46.774440086241));
#3420 = CARTESIAN_POINT('',(-1.51977543106,-5.391625004175,
    46.885563059216));
#3421 = CARTESIAN_POINT('',(1.133787415331,-5.268328237217,
    46.996659969232));
#3422 = CARTESIAN_POINT('',(3.187204504077,-3.923104379964,
    47.10778229112));
#3423 = CARTESIAN_POINT('',(4.214299075023,-1.961420920321,
    47.218887947423));
#3424 = CARTESIAN_POINT('',(4.21430154757,1.961420885954,47.4411127002)
  );
#3425 = CARTESIAN_POINT('',(3.187197060106,3.923103991845,
    47.552218356489));
#3426 = CARTESIAN_POINT('',(1.13379891035,5.268328630564,47.663340678414
    ));
#3427 = CARTESIAN_POINT('',(-1.519786057087,5.391625575824,
    47.774437588378));
#3428 = CARTESIAN_POINT('',(-3.909327207725,4.011884755469,
    47.885560561401));
#3429 = CARTESIAN_POINT('',(-5.129450600759,1.652325667541,
    47.996665137018));
#3430 = CARTESIAN_POINT('',(-4.991090125512,-0.798661526946,
    48.107778394827));
#3431 = CARTESIAN_POINT('',(-3.805792901959,-2.668979230072,
    48.218889283275));
#3432 = CARTESIAN_POINT('',(-0.408507379601,-4.630402928034,
    48.441111364347));
#3433 = CARTESIAN_POINT('',(1.803892457265,-4.720070858129,
    48.552223379392));
#3434 = CARTESIAN_POINT('',(3.995647679941,-3.622515015909,
    48.663331165151));
#3435 = CARTESIAN_POINT('',(5.429118369152,-1.368182209497,
    48.774447811476));
#3436 = CARTESIAN_POINT('',(5.429115537683,1.368191599338,
    48.885555333981));
#3437 = CARTESIAN_POINT('',(3.995644105771,3.62249725668,48.996664314676
    ));
#3438 = CARTESIAN_POINT('',(1.803897577821,4.720081478415,
    49.107781164523));
#3439 = CARTESIAN_POINT('',(-0.408509192999,4.630400518278,
    49.218887947425));
#3440 = CARTESIAN_POINT('',(-3.805791088535,2.668981756425,
    49.441112700193));
#3441 = CARTESIAN_POINT('',(-4.99110624867,0.798641624999,
    49.552218356508));
#3442 = CARTESIAN_POINT('',(-5.129405884752,-1.652265656139,
    49.663340678389));
#3443 = CARTESIAN_POINT('',(-3.909391687784,-4.011986121664,
    49.774437588398));
#3444 = CARTESIAN_POINT('',(-1.519730511453,-5.391519051329,
    49.885560561391));
#3445 = CARTESIAN_POINT('',(1.133769296976,-5.268397361488,
    49.996665137018));
#3446 = CARTESIAN_POINT('',(3.187206234113,-3.923080077795,
    50.107778394829));
#3447 = CARTESIAN_POINT('',(4.214300266396,-1.961423719604,
    50.218889283274));
#3448 = CARTESIAN_POINT('',(4.214300255235,1.96142369565,50.441111364347
    ));
#3449 = CARTESIAN_POINT('',(3.187206091805,3.923080389393,
    50.552222252795));
#3450 = CARTESIAN_POINT('',(1.133769283664,5.268395160593,
    50.663335510599));
#3451 = CARTESIAN_POINT('',(-1.519728579515,5.391525075277,
    50.77444008623));
#3452 = CARTESIAN_POINT('',(-3.909396505733,4.011976633357,
    50.885563059234));
#3453 = CARTESIAN_POINT('',(-5.129399796594,1.652275414502,
    50.996659969213));
#3454 = CARTESIAN_POINT('',(-4.991110306776,-0.798647877634,
    51.107782291134));
#3455 = CARTESIAN_POINT('',(-3.805789882024,-2.668979597949,
    51.218887947418));
#3456 = CARTESIAN_POINT('',(-0.408510459036,-4.630402642382,
    51.441112700202));
#3457 = CARTESIAN_POINT('',(1.803900006688,-4.720076262802,
    51.552219483089));
#3458 = CARTESIAN_POINT('',(3.995642390224,-3.622501911436,
    51.66333633295));
#3459 = CARTESIAN_POINT('',(5.429114783395,-1.368192455031,
    51.77444531365));
#3460 = CARTESIAN_POINT('',(5.429120680661,1.368187296733,
    51.885552836129));
#3461 = CARTESIAN_POINT('',(3.995645887947,3.622510630954,
    51.996669482483));
#3462 = CARTESIAN_POINT('',(1.803893073282,4.720072250704,
    52.107777268225));
#3463 = CARTESIAN_POINT('',(-0.408507364436,4.630402949675,
    52.218889283275));
#3464 = CARTESIAN_POINT('',(-3.805792875635,2.668979232384,
    52.441111364347));
#3465 = CARTESIAN_POINT('',(-4.991090324205,0.798661247906,
    52.552222252795));
#3466 = CARTESIAN_POINT('',(-5.129448688085,-1.652324578625,
    52.663335510596));
#3467 = CARTESIAN_POINT('',(-3.909333390562,-4.011886094327,
    52.77444008624));
#3468 = CARTESIAN_POINT('',(-1.519775431026,-5.39162500415,
    52.885563059215));
#3469 = CARTESIAN_POINT('',(1.133787415307,-5.268328237235,
    52.996659969233));
#3470 = CARTESIAN_POINT('',(3.187204504085,-3.923104379958,
    53.107782291119));
#3471 = CARTESIAN_POINT('',(4.214299075028,-1.96142092032,
    53.218887947423));
#3472 = CARTESIAN_POINT('',(4.214301547568,1.961420885954,53.4411127002)
  );
#3473 = CARTESIAN_POINT('',(3.187197060108,3.923103991845,
    53.552218356488));
#3474 = CARTESIAN_POINT('',(1.133798910348,5.268328630566,
    53.663340678417));
#3475 = CARTESIAN_POINT('',(-1.519786057084,5.391625575822,
    53.774437588372));
#3476 = CARTESIAN_POINT('',(-3.909327207729,4.011884755468,
    53.885560561409));
#3477 = CARTESIAN_POINT('',(-5.129450600755,1.652325667545,
    53.996665137009));
#3478 = CARTESIAN_POINT('',(-4.991090125515,-0.798661526951,
    54.107778394834));
#3479 = CARTESIAN_POINT('',(-3.805792901957,-2.668979230069,
    54.21888928327));
#3480 = CARTESIAN_POINT('',(-0.408507379606,-4.630402928041,
    54.441111364356));
#3481 = CARTESIAN_POINT('',(1.803892457295,-4.720070858092,
    54.552223379341));
#3482 = CARTESIAN_POINT('',(3.99564767986,-3.622515016005,
    54.663331165284));
#3483 = CARTESIAN_POINT('',(5.42911836929,-1.368182209313,
    54.774447811234));
#3484 = CARTESIAN_POINT('',(5.42911553751,1.368191599062,54.885555334316
    ));
#3485 = CARTESIAN_POINT('',(3.99564410595,3.622497256996,54.996664314308
    ));
#3486 = CARTESIAN_POINT('',(1.803897577661,4.720081478137,
    55.107781164848));
#3487 = CARTESIAN_POINT('',(-0.408509192879,4.630400518462,
    55.218887947195));
#3488 = CARTESIAN_POINT('',(-3.805791088789,2.668981756035,
    55.44111270068));
#3489 = CARTESIAN_POINT('',(-4.991106247304,0.798641627113,
    55.552218353903));
#3490 = CARTESIAN_POINT('',(-5.129405888328,-1.652265661677,
    55.663340685172));
#3491 = CARTESIAN_POINT('',(-3.909391681252,-4.011986111565,
    55.774437576072));
#3492 = CARTESIAN_POINT('',(-1.519730520562,-5.391519065386,
    55.885560578513));
#3493 = CARTESIAN_POINT('',(1.133769307015,-5.26839734602,
    55.996665118195));
#3494 = CARTESIAN_POINT('',(3.187206225268,-3.923080091411,
    56.107778411394));
#3495 = CARTESIAN_POINT('',(4.214300272603,-1.961423710054,
    56.218889271654));
#3496 = CARTESIAN_POINT('',(4.214300242231,1.961423675646,56.44111138869
    ));
#3497 = CARTESIAN_POINT('',(3.187206162018,3.923080497391,
    56.552222121362));
#3498 = CARTESIAN_POINT('',(1.133769100054,5.268394878186,
    56.663335854286));
#3499 = CARTESIAN_POINT('',(-1.519728245038,5.391525589715,
    56.774439460159));
#3500 = CARTESIAN_POINT('',(-3.909396970981,4.011975917786,
    56.885563930085));
#3501 = CARTESIAN_POINT('',(-5.129399284795,1.652276201695,
    56.996659011196));
#3502 = CARTESIAN_POINT('',(-4.991110757253,-0.798648570539,
    57.107783134402));
#3503 = CARTESIAN_POINT('',(-3.805789566045,-2.66897911191,
    57.218887355899));
#3504 = CARTESIAN_POINT('',(-2.107150343499,-3.649691386236,
    57.330000647619));
#3505 = DEFINITIONAL_REPRESENTATION('',(#3506),#3510);
#3506 = LINE('',#3507,#3508);
#3507 = CARTESIAN_POINT('',(0.,0.));
#3508 = VECTOR('',#3509,1.);
#3509 = DIRECTION('',(0.,1.));
#3510 = ( GEOMETRIC_REPRESENTATION_CONTEXT(2) 
PARAMETRIC_REPRESENTATION_CONTEXT() REPRESENTATION_CONTEXT('2D SPACE',''
  ) );
#3511 = ORIENTED_EDGE('',*,*,#3512,.F.);
#3512 = EDGE_CURVE('',#2436,#3102,#3513,.T.);
#3513 = SURFACE_CURVE('',#3514,(#3517,#3524),.PCURVE_S1.);
#3514 = B_SPLINE_CURVE_WITH_KNOTS('',1,(#3515,#3516),.UNSPECIFIED.,.F.,
  .F.,(2,2),(0.,0.874642784227),.PIECEWISE_BEZIER_KNOTS.);
#3515 = CARTESIAN_POINT('',(-2.107149715297,-3.649690298157,
    56.67000064762));
#3516 = CARTESIAN_POINT('',(-2.512149959401,-4.351171459673,
    56.999999105668));
#3517 = PCURVE('',#2571,#3518);
#3518 = DEFINITIONAL_REPRESENTATION('',(#3519),#3523);
#3519 = LINE('',#3520,#3521);
#3520 = CARTESIAN_POINT('',(0.,68.904039251751));
#3521 = VECTOR('',#3522,1.);
#3522 = DIRECTION('',(1.,0.));
#3523 = ( GEOMETRIC_REPRESENTATION_CONTEXT(2) 
PARAMETRIC_REPRESENTATION_CONTEXT() REPRESENTATION_CONTEXT('2D SPACE',''
  ) );
#3524 = PCURVE('',#3525,#3530);
#3525 = PLANE('',#3526);
#3526 = AXIS2_PLACEMENT_3D('',#3527,#3528,#3529);
#3527 = CARTESIAN_POINT('',(-2.254177127816,-3.904349305429,
    57.000000087845));
#3528 = DIRECTION('',(-0.866025453676,0.499999913584,5.67779646811E-13)
  );
#3529 = DIRECTION('',(-0.499999913584,-0.866025453676,5.048709793414E-29
    ));
#3530 = DEFINITIONAL_REPRESENTATION('',(#3531),#3534);
#3531 = B_SPLINE_CURVE_WITH_KNOTS('',1,(#3532,#3533),.UNSPECIFIED.,.F.,
  .F.,(2,2),(0.,0.874642784227),.PIECEWISE_BEZIER_KNOTS.);
#3532 = CARTESIAN_POINT('',(-0.294054875859,-0.329999440225));
#3533 = CARTESIAN_POINT('',(0.515945752342,-9.821768856E-07));
#3534 = ( GEOMETRIC_REPRESENTATION_CONTEXT(2) 
PARAMETRIC_REPRESENTATION_CONTEXT() REPRESENTATION_CONTEXT('2D SPACE',''
  ) );
#3535 = ADVANCED_FACE('',(#3536),#3244,.F.);
#3536 = FACE_BOUND('',#3537,.F.);
#3537 = EDGE_LOOP('',(#3538,#3539,#3560,#3710));
#3538 = ORIENTED_EDGE('',*,*,#3101,.F.);
#3539 = ORIENTED_EDGE('',*,*,#3540,.T.);
#3540 = EDGE_CURVE('',#3076,#3541,#3543,.T.);
#3541 = VERTEX_POINT('',#3542);
#3542 = CARTESIAN_POINT('',(4.2143,-4.440892098501E-16,41.33));
#3543 = SURFACE_CURVE('',#3544,(#3547,#3554),.PCURVE_S1.);
#3544 = B_SPLINE_CURVE_WITH_KNOTS('',1,(#3545,#3546),.UNSPECIFIED.,.F.,
  .F.,(2,2),(0.,0.874642784227),.PIECEWISE_BEZIER_KNOTS.);
#3545 = CARTESIAN_POINT('',(5.0243,0.,41.));
#3546 = CARTESIAN_POINT('',(4.2143,-8.881784197001E-16,41.33));
#3547 = PCURVE('',#3244,#3548);
#3548 = DEFINITIONAL_REPRESENTATION('',(#3549),#3553);
#3549 = LINE('',#3550,#3551);
#3550 = CARTESIAN_POINT('',(0.,0.));
#3551 = VECTOR('',#3552,1.);
#3552 = DIRECTION('',(1.,0.));
#3553 = ( GEOMETRIC_REPRESENTATION_CONTEXT(2) 
PARAMETRIC_REPRESENTATION_CONTEXT() REPRESENTATION_CONTEXT('2D SPACE',''
  ) );
#3554 = PCURVE('',#3090,#3555);
#3555 = DEFINITIONAL_REPRESENTATION('',(#3556),#3559);
#3556 = B_SPLINE_CURVE_WITH_KNOTS('',1,(#3557,#3558),.UNSPECIFIED.,.F.,
  .F.,(2,2),(0.,0.874642784227),.PIECEWISE_BEZIER_KNOTS.);
#3557 = CARTESIAN_POINT('',(-0.515945752342,0.));
#3558 = CARTESIAN_POINT('',(0.294054247658,-0.33));
#3559 = ( GEOMETRIC_REPRESENTATION_CONTEXT(2) 
PARAMETRIC_REPRESENTATION_CONTEXT() REPRESENTATION_CONTEXT('2D SPACE',''
  ) );
#3560 = ORIENTED_EDGE('',*,*,#3561,.T.);
#3561 = EDGE_CURVE('',#3541,#3562,#3564,.T.);
#3562 = VERTEX_POINT('',#3563);
#3563 = CARTESIAN_POINT('',(-2.107150343499,-3.649691386236,
    57.330000647619));
#3564 = SURFACE_CURVE('',#3565,(#3696,#3703),.PCURVE_S1.);
#3565 = B_SPLINE_CURVE_WITH_KNOTS('',9,(#3566,#3567,#3568,#3569,#3570,
    #3571,#3572,#3573,#3574,#3575,#3576,#3577,#3578,#3579,#3580,#3581,
    #3582,#3583,#3584,#3585,#3586,#3587,#3588,#3589,#3590,#3591,#3592,
    #3593,#3594,#3595,#3596,#3597,#3598,#3599,#3600,#3601,#3602,#3603,
    #3604,#3605,#3606,#3607,#3608,#3609,#3610,#3611,#3612,#3613,#3614,
    #3615,#3616,#3617,#3618,#3619,#3620,#3621,#3622,#3623,#3624,#3625,
    #3626,#3627,#3628,#3629,#3630,#3631,#3632,#3633,#3634,#3635,#3636,
    #3637,#3638,#3639,#3640,#3641,#3642,#3643,#3644,#3645,#3646,#3647,
    #3648,#3649,#3650,#3651,#3652,#3653,#3654,#3655,#3656,#3657,#3658,
    #3659,#3660,#3661,#3662,#3663,#3664,#3665,#3666,#3667,#3668,#3669,
    #3670,#3671,#3672,#3673,#3674,#3675,#3676,#3677,#3678,#3679,#3680,
    #3681,#3682,#3683,#3684,#3685,#3686,#3687,#3688,#3689,#3690,#3691,
    #3692,#3693,#3694,#3695),.UNSPECIFIED.,.F.,.F.,(10,8,8,8,8,8,8,8,8,8
    ,8,8,8,8,8,8,10),(0.,4.306502453234,8.613004906469,12.919507359703,
    17.226009812938,21.532512266172,25.839014719407,30.145517172641,
    34.452019625876,38.75852207911,43.065024532345,47.371526985579,
    51.678029438814,55.984531892048,60.291034345282,64.597536798517,
    68.904039251751),.UNSPECIFIED.);
#3566 = CARTESIAN_POINT('',(4.2143,-8.881784197001E-16,41.33));
#3567 = CARTESIAN_POINT('',(4.214302116244,1.961420854564,
    41.441113291733));
#3568 = CARTESIAN_POINT('',(3.187196249394,3.923104036594,
    41.552217513196));
#3569 = CARTESIAN_POINT('',(1.133799831389,5.268328579729,
    41.663341636464));
#3570 = CARTESIAN_POINT('',(-1.519786894327,5.391625622032,
    41.774436717494));
#3571 = CARTESIAN_POINT('',(-3.909326605819,4.01188472225,
    41.885561187495));
#3572 = CARTESIAN_POINT('',(-5.129450931177,1.652325685777,
    41.99666479332));
#3573 = CARTESIAN_POINT('',(-4.991089999155,-0.79866153392,
    42.107778526264));
#3574 = CARTESIAN_POINT('',(-3.805792925362,-2.668979228781,
    42.218889258931));
#3575 = CARTESIAN_POINT('',(-0.408507368428,-4.63040292865,
    42.441111375968));
#3576 = CARTESIAN_POINT('',(1.803892441338,-4.72007085725,
    42.552223362826));
#3577 = CARTESIAN_POINT('',(3.995647698035,-3.622515016908,
    42.663331183969));
#3578 = CARTESIAN_POINT('',(5.429118352703,-1.368182208589,
    42.774447794373));
#3579 = CARTESIAN_POINT('',(5.429115549514,1.368191598684,
    42.885555346276));
#3580 = CARTESIAN_POINT('',(3.995644099273,3.62249725704,42.996664307926
    ));
#3581 = CARTESIAN_POINT('',(1.803897580307,4.720081478278,
    43.107781167106));
#3582 = CARTESIAN_POINT('',(-0.408509193459,4.630400518301,
    43.218887946944));
#3583 = CARTESIAN_POINT('',(-3.805791088315,2.668981756415,
    43.441112700428));
#3584 = CARTESIAN_POINT('',(-4.99110624899,0.798641625011,
    43.552218356167));
#3585 = CARTESIAN_POINT('',(-5.129405884377,-1.652265656151,
    43.663340678779));
#3586 = CARTESIAN_POINT('',(-3.909391688132,-4.011986121653,
    43.774437588046));
#3587 = CARTESIAN_POINT('',(-1.519730511201,-5.391519051339,
    43.88556056164));
#3588 = CARTESIAN_POINT('',(1.133769296838,-5.26839736148,
    43.996665136886));
#3589 = CARTESIAN_POINT('',(3.187206234165,-3.9230800778,44.107778394878
    ));
#3590 = CARTESIAN_POINT('',(4.214300266386,-1.961423719603,
    44.218889283265));
#3591 = CARTESIAN_POINT('',(4.21430025524,1.961423695649,44.441111364351
    ));
#3592 = CARTESIAN_POINT('',(3.187206091794,3.923080389395,
    44.552222252789));
#3593 = CARTESIAN_POINT('',(1.133769283694,5.268395160586,
    44.663335510603));
#3594 = CARTESIAN_POINT('',(-1.519728579569,5.39152507529,
    44.774440086233));
#3595 = CARTESIAN_POINT('',(-3.909396505669,4.011976633344,
    44.885563059223));
#3596 = CARTESIAN_POINT('',(-5.129399796643,1.652275414509,
    44.996659969227));
#3597 = CARTESIAN_POINT('',(-4.991110306755,-0.798647877634,
    45.107782291123));
#3598 = CARTESIAN_POINT('',(-3.805789882027,-2.668979597955,
    45.218887947422));
#3599 = CARTESIAN_POINT('',(-0.408510459035,-4.63040264238,45.4411127002
    ));
#3600 = CARTESIAN_POINT('',(1.803900006689,-4.720076262803,
    45.552219483092));
#3601 = CARTESIAN_POINT('',(3.995642390223,-3.622501911437,
    45.663336332949));
#3602 = CARTESIAN_POINT('',(5.429114783393,-1.36819245503,
    45.774445313648));
#3603 = CARTESIAN_POINT('',(5.429120680664,1.368187296733,
    45.885552836131));
#3604 = CARTESIAN_POINT('',(3.995645887945,3.622510630954,
    45.996669482482));
#3605 = CARTESIAN_POINT('',(1.803893073282,4.720072250704,
    46.107777268226));
#3606 = CARTESIAN_POINT('',(-0.408507364436,4.630402949675,
    46.218889283275));
#3607 = CARTESIAN_POINT('',(-3.805792875634,2.668979232384,
    46.441111364347));
#3608 = CARTESIAN_POINT('',(-4.991090324203,0.798661247908,
    46.552222252795));
#3609 = CARTESIAN_POINT('',(-5.129448688096,-1.652324578636,
    46.663335510596));
#3610 = CARTESIAN_POINT('',(-3.909333390536,-4.011886094306,
    46.774440086241));
#3611 = CARTESIAN_POINT('',(-1.51977543106,-5.391625004175,
    46.885563059216));
#3612 = CARTESIAN_POINT('',(1.133787415331,-5.268328237217,
    46.996659969232));
#3613 = CARTESIAN_POINT('',(3.187204504077,-3.923104379964,
    47.10778229112));
#3614 = CARTESIAN_POINT('',(4.214299075023,-1.961420920321,
    47.218887947423));
#3615 = CARTESIAN_POINT('',(4.21430154757,1.961420885954,47.4411127002)
  );
#3616 = CARTESIAN_POINT('',(3.187197060106,3.923103991845,
    47.552218356489));
#3617 = CARTESIAN_POINT('',(1.13379891035,5.268328630564,47.663340678414
    ));
#3618 = CARTESIAN_POINT('',(-1.519786057087,5.391625575824,
    47.774437588378));
#3619 = CARTESIAN_POINT('',(-3.909327207725,4.011884755469,
    47.885560561401));
#3620 = CARTESIAN_POINT('',(-5.129450600759,1.652325667541,
    47.996665137018));
#3621 = CARTESIAN_POINT('',(-4.991090125512,-0.798661526946,
    48.107778394827));
#3622 = CARTESIAN_POINT('',(-3.805792901959,-2.668979230072,
    48.218889283275));
#3623 = CARTESIAN_POINT('',(-0.408507379601,-4.630402928034,
    48.441111364347));
#3624 = CARTESIAN_POINT('',(1.803892457265,-4.720070858129,
    48.552223379392));
#3625 = CARTESIAN_POINT('',(3.995647679941,-3.622515015909,
    48.663331165151));
#3626 = CARTESIAN_POINT('',(5.429118369152,-1.368182209497,
    48.774447811476));
#3627 = CARTESIAN_POINT('',(5.429115537683,1.368191599338,
    48.885555333981));
#3628 = CARTESIAN_POINT('',(3.995644105771,3.62249725668,48.996664314676
    ));
#3629 = CARTESIAN_POINT('',(1.803897577821,4.720081478415,
    49.107781164523));
#3630 = CARTESIAN_POINT('',(-0.408509192999,4.630400518278,
    49.218887947425));
#3631 = CARTESIAN_POINT('',(-3.805791088535,2.668981756425,
    49.441112700193));
#3632 = CARTESIAN_POINT('',(-4.99110624867,0.798641624999,
    49.552218356508));
#3633 = CARTESIAN_POINT('',(-5.129405884752,-1.652265656139,
    49.663340678389));
#3634 = CARTESIAN_POINT('',(-3.909391687784,-4.011986121664,
    49.774437588398));
#3635 = CARTESIAN_POINT('',(-1.519730511453,-5.391519051329,
    49.885560561391));
#3636 = CARTESIAN_POINT('',(1.133769296976,-5.268397361488,
    49.996665137018));
#3637 = CARTESIAN_POINT('',(3.187206234113,-3.923080077795,
    50.107778394829));
#3638 = CARTESIAN_POINT('',(4.214300266396,-1.961423719604,
    50.218889283274));
#3639 = CARTESIAN_POINT('',(4.214300255235,1.96142369565,50.441111364347
    ));
#3640 = CARTESIAN_POINT('',(3.187206091805,3.923080389393,
    50.552222252795));
#3641 = CARTESIAN_POINT('',(1.133769283664,5.268395160593,
    50.663335510599));
#3642 = CARTESIAN_POINT('',(-1.519728579515,5.391525075277,
    50.77444008623));
#3643 = CARTESIAN_POINT('',(-3.909396505733,4.011976633357,
    50.885563059234));
#3644 = CARTESIAN_POINT('',(-5.129399796594,1.652275414502,
    50.996659969213));
#3645 = CARTESIAN_POINT('',(-4.991110306776,-0.798647877634,
    51.107782291134));
#3646 = CARTESIAN_POINT('',(-3.805789882024,-2.668979597949,
    51.218887947418));
#3647 = CARTESIAN_POINT('',(-0.408510459036,-4.630402642382,
    51.441112700202));
#3648 = CARTESIAN_POINT('',(1.803900006688,-4.720076262802,
    51.552219483089));
#3649 = CARTESIAN_POINT('',(3.995642390224,-3.622501911436,
    51.66333633295));
#3650 = CARTESIAN_POINT('',(5.429114783395,-1.368192455031,
    51.77444531365));
#3651 = CARTESIAN_POINT('',(5.429120680661,1.368187296733,
    51.885552836129));
#3652 = CARTESIAN_POINT('',(3.995645887947,3.622510630954,
    51.996669482483));
#3653 = CARTESIAN_POINT('',(1.803893073282,4.720072250704,
    52.107777268225));
#3654 = CARTESIAN_POINT('',(-0.408507364436,4.630402949675,
    52.218889283275));
#3655 = CARTESIAN_POINT('',(-3.805792875635,2.668979232384,
    52.441111364347));
#3656 = CARTESIAN_POINT('',(-4.991090324205,0.798661247906,
    52.552222252795));
#3657 = CARTESIAN_POINT('',(-5.129448688085,-1.652324578625,
    52.663335510596));
#3658 = CARTESIAN_POINT('',(-3.909333390562,-4.011886094327,
    52.77444008624));
#3659 = CARTESIAN_POINT('',(-1.519775431026,-5.39162500415,
    52.885563059215));
#3660 = CARTESIAN_POINT('',(1.133787415307,-5.268328237235,
    52.996659969233));
#3661 = CARTESIAN_POINT('',(3.187204504085,-3.923104379958,
    53.107782291119));
#3662 = CARTESIAN_POINT('',(4.214299075028,-1.96142092032,
    53.218887947423));
#3663 = CARTESIAN_POINT('',(4.214301547568,1.961420885954,53.4411127002)
  );
#3664 = CARTESIAN_POINT('',(3.187197060108,3.923103991845,
    53.552218356488));
#3665 = CARTESIAN_POINT('',(1.133798910348,5.268328630566,
    53.663340678417));
#3666 = CARTESIAN_POINT('',(-1.519786057084,5.391625575822,
    53.774437588372));
#3667 = CARTESIAN_POINT('',(-3.909327207729,4.011884755468,
    53.885560561409));
#3668 = CARTESIAN_POINT('',(-5.129450600755,1.652325667545,
    53.996665137009));
#3669 = CARTESIAN_POINT('',(-4.991090125515,-0.798661526951,
    54.107778394834));
#3670 = CARTESIAN_POINT('',(-3.805792901957,-2.668979230069,
    54.21888928327));
#3671 = CARTESIAN_POINT('',(-0.408507379606,-4.630402928041,
    54.441111364356));
#3672 = CARTESIAN_POINT('',(1.803892457295,-4.720070858092,
    54.552223379341));
#3673 = CARTESIAN_POINT('',(3.99564767986,-3.622515016005,
    54.663331165284));
#3674 = CARTESIAN_POINT('',(5.42911836929,-1.368182209313,
    54.774447811234));
#3675 = CARTESIAN_POINT('',(5.42911553751,1.368191599062,54.885555334316
    ));
#3676 = CARTESIAN_POINT('',(3.99564410595,3.622497256996,54.996664314308
    ));
#3677 = CARTESIAN_POINT('',(1.803897577661,4.720081478137,
    55.107781164848));
#3678 = CARTESIAN_POINT('',(-0.408509192879,4.630400518462,
    55.218887947195));
#3679 = CARTESIAN_POINT('',(-3.805791088789,2.668981756035,
    55.44111270068));
#3680 = CARTESIAN_POINT('',(-4.991106247304,0.798641627113,
    55.552218353903));
#3681 = CARTESIAN_POINT('',(-5.129405888328,-1.652265661677,
    55.663340685172));
#3682 = CARTESIAN_POINT('',(-3.909391681252,-4.011986111565,
    55.774437576072));
#3683 = CARTESIAN_POINT('',(-1.519730520562,-5.391519065386,
    55.885560578513));
#3684 = CARTESIAN_POINT('',(1.133769307015,-5.26839734602,
    55.996665118195));
#3685 = CARTESIAN_POINT('',(3.187206225268,-3.923080091411,
    56.107778411394));
#3686 = CARTESIAN_POINT('',(4.214300272603,-1.961423710054,
    56.218889271654));
#3687 = CARTESIAN_POINT('',(4.214300242231,1.961423675646,56.44111138869
    ));
#3688 = CARTESIAN_POINT('',(3.187206162018,3.923080497391,
    56.552222121362));
#3689 = CARTESIAN_POINT('',(1.133769100054,5.268394878186,
    56.663335854286));
#3690 = CARTESIAN_POINT('',(-1.519728245038,5.391525589715,
    56.774439460159));
#3691 = CARTESIAN_POINT('',(-3.909396970981,4.011975917786,
    56.885563930085));
#3692 = CARTESIAN_POINT('',(-5.129399284795,1.652276201695,
    56.996659011196));
#3693 = CARTESIAN_POINT('',(-4.991110757253,-0.798648570539,
    57.107783134402));
#3694 = CARTESIAN_POINT('',(-3.805789566045,-2.66897911191,
    57.218887355899));
#3695 = CARTESIAN_POINT('',(-2.107150343499,-3.649691386236,
    57.330000647619));
#3696 = PCURVE('',#3244,#3697);
#3697 = DEFINITIONAL_REPRESENTATION('',(#3698),#3702);
#3698 = LINE('',#3699,#3700);
#3699 = CARTESIAN_POINT('',(0.874642784227,0.));
#3700 = VECTOR('',#3701,1.);
#3701 = DIRECTION('',(0.,1.));
#3702 = ( GEOMETRIC_REPRESENTATION_CONTEXT(2) 
PARAMETRIC_REPRESENTATION_CONTEXT() REPRESENTATION_CONTEXT('2D SPACE',''
  ) );
#3703 = PCURVE('',#2839,#3704);
#3704 = DEFINITIONAL_REPRESENTATION('',(#3705),#3709);
#3705 = LINE('',#3706,#3707);
#3706 = CARTESIAN_POINT('',(0.,0.));
#3707 = VECTOR('',#3708,1.);
#3708 = DIRECTION('',(0.,1.));
#3709 = ( GEOMETRIC_REPRESENTATION_CONTEXT(2) 
PARAMETRIC_REPRESENTATION_CONTEXT() REPRESENTATION_CONTEXT('2D SPACE',''
  ) );
#3710 = ORIENTED_EDGE('',*,*,#3711,.F.);
#3711 = EDGE_CURVE('',#3102,#3562,#3712,.T.);
#3712 = SURFACE_CURVE('',#3713,(#3716,#3723),.PCURVE_S1.);
#3713 = B_SPLINE_CURVE_WITH_KNOTS('',1,(#3714,#3715),.UNSPECIFIED.,.F.,
  .F.,(2,2),(0.,0.874642784227),.PIECEWISE_BEZIER_KNOTS.);
#3714 = CARTESIAN_POINT('',(-2.512149959401,-4.351171459673,
    56.999999105668));
#3715 = CARTESIAN_POINT('',(-2.107150343499,-3.649691386236,
    57.330000647619));
#3716 = PCURVE('',#3244,#3717);
#3717 = DEFINITIONAL_REPRESENTATION('',(#3718),#3722);
#3718 = LINE('',#3719,#3720);
#3719 = CARTESIAN_POINT('',(0.,68.904039251751));
#3720 = VECTOR('',#3721,1.);
#3721 = DIRECTION('',(1.,0.));
#3722 = ( GEOMETRIC_REPRESENTATION_CONTEXT(2) 
PARAMETRIC_REPRESENTATION_CONTEXT() REPRESENTATION_CONTEXT('2D SPACE',''
  ) );
#3723 = PCURVE('',#3525,#3724);
#3724 = DEFINITIONAL_REPRESENTATION('',(#3725),#3728);
#3725 = B_SPLINE_CURVE_WITH_KNOTS('',1,(#3726,#3727),.UNSPECIFIED.,.F.,
  .F.,(2,2),(0.,0.874642784227),.PIECEWISE_BEZIER_KNOTS.);
#3726 = CARTESIAN_POINT('',(0.515945752342,-9.821768856E-07));
#3727 = CARTESIAN_POINT('',(-0.294053619455,0.330000559774));
#3728 = ( GEOMETRIC_REPRESENTATION_CONTEXT(2) 
PARAMETRIC_REPRESENTATION_CONTEXT() REPRESENTATION_CONTEXT('2D SPACE',''
  ) );
#3729 = ADVANCED_FACE('',(#3730),#2839,.F.);
#3730 = FACE_BOUND('',#3731,.F.);
#3731 = EDGE_LOOP('',(#3732,#3733,#3752,#3753));
#3732 = ORIENTED_EDGE('',*,*,#3561,.F.);
#3733 = ORIENTED_EDGE('',*,*,#3734,.T.);
#3734 = EDGE_CURVE('',#3541,#2434,#3735,.T.);
#3735 = SURFACE_CURVE('',#3736,(#3739,#3746),.PCURVE_S1.);
#3736 = B_SPLINE_CURVE_WITH_KNOTS('',1,(#3737,#3738),.UNSPECIFIED.,.F.,
  .F.,(2,2),(0.,0.66),.PIECEWISE_BEZIER_KNOTS.);
#3737 = CARTESIAN_POINT('',(4.2143,-4.440892098501E-16,41.33));
#3738 = CARTESIAN_POINT('',(4.2143,0.,40.67));
#3739 = PCURVE('',#2839,#3740);
#3740 = DEFINITIONAL_REPRESENTATION('',(#3741),#3745);
#3741 = LINE('',#3742,#3743);
#3742 = CARTESIAN_POINT('',(0.,0.));
#3743 = VECTOR('',#3744,1.);
#3744 = DIRECTION('',(1.,0.));
#3745 = ( GEOMETRIC_REPRESENTATION_CONTEXT(2) 
PARAMETRIC_REPRESENTATION_CONTEXT() REPRESENTATION_CONTEXT('2D SPACE',''
  ) );
#3746 = PCURVE('',#3090,#3747);
#3747 = DEFINITIONAL_REPRESENTATION('',(#3748),#3751);
#3748 = B_SPLINE_CURVE_WITH_KNOTS('',1,(#3749,#3750),.UNSPECIFIED.,.F.,
  .F.,(2,2),(0.,0.66),.PIECEWISE_BEZIER_KNOTS.);
#3749 = CARTESIAN_POINT('',(0.294054247658,-0.33));
#3750 = CARTESIAN_POINT('',(0.294054247658,0.33));
#3751 = ( GEOMETRIC_REPRESENTATION_CONTEXT(2) 
PARAMETRIC_REPRESENTATION_CONTEXT() REPRESENTATION_CONTEXT('2D SPACE',''
  ) );
#3752 = ORIENTED_EDGE('',*,*,#2433,.T.);
#3753 = ORIENTED_EDGE('',*,*,#3754,.F.);
#3754 = EDGE_CURVE('',#3562,#2436,#3755,.T.);
#3755 = SURFACE_CURVE('',#3756,(#3759,#3766),.PCURVE_S1.);
#3756 = B_SPLINE_CURVE_WITH_KNOTS('',1,(#3757,#3758),.UNSPECIFIED.,.F.,
  .F.,(2,2),(0.,0.66),.PIECEWISE_BEZIER_KNOTS.);
#3757 = CARTESIAN_POINT('',(-2.107150343499,-3.649691386236,
    57.330000647619));
#3758 = CARTESIAN_POINT('',(-2.107149715297,-3.649690298157,
    56.67000064762));
#3759 = PCURVE('',#2839,#3760);
#3760 = DEFINITIONAL_REPRESENTATION('',(#3761),#3765);
#3761 = LINE('',#3762,#3763);
#3762 = CARTESIAN_POINT('',(0.,68.904039251751));
#3763 = VECTOR('',#3764,1.);
#3764 = DIRECTION('',(1.,0.));
#3765 = ( GEOMETRIC_REPRESENTATION_CONTEXT(2) 
PARAMETRIC_REPRESENTATION_CONTEXT() REPRESENTATION_CONTEXT('2D SPACE',''
  ) );
#3766 = PCURVE('',#3525,#3767);
#3767 = DEFINITIONAL_REPRESENTATION('',(#3768),#3771);
#3768 = B_SPLINE_CURVE_WITH_KNOTS('',1,(#3769,#3770),.UNSPECIFIED.,.F.,
  .F.,(2,2),(0.,0.66),.PIECEWISE_BEZIER_KNOTS.);
#3769 = CARTESIAN_POINT('',(-0.294053619455,0.330000559774));
#3770 = CARTESIAN_POINT('',(-0.294054875859,-0.329999440225));
#3771 = ( GEOMETRIC_REPRESENTATION_CONTEXT(2) 
PARAMETRIC_REPRESENTATION_CONTEXT() REPRESENTATION_CONTEXT('2D SPACE',''
  ) );
#3772 = ADVANCED_FACE('',(#3773),#3090,.T.);
#3773 = FACE_BOUND('',#3774,.T.);
#3774 = EDGE_LOOP('',(#3775,#3776,#3777));
#3775 = ORIENTED_EDGE('',*,*,#3075,.T.);
#3776 = ORIENTED_EDGE('',*,*,#3540,.T.);
#3777 = ORIENTED_EDGE('',*,*,#3734,.T.);
#3778 = ADVANCED_FACE('',(#3779),#3525,.F.);
#3779 = FACE_BOUND('',#3780,.F.);
#3780 = EDGE_LOOP('',(#3781,#3782,#3783));
#3781 = ORIENTED_EDGE('',*,*,#3512,.T.);
#3782 = ORIENTED_EDGE('',*,*,#3711,.T.);
#3783 = ORIENTED_EDGE('',*,*,#3754,.T.);
#3784 = ( GEOMETRIC_REPRESENTATION_CONTEXT(3) 
GLOBAL_UNCERTAINTY_ASSIGNED_CONTEXT((#3788)) 
GLOBAL_UNIT_ASSIGNED_CONTEXT((#3785,#3786,#3787)) REPRESENTATION_CONTEXT
('Context #1','3D Context with UNIT and UNCERTAINTY') );
#3785 = ( LENGTH_UNIT() NAMED_UNIT(*) SI_UNIT(.MILLI.,.METRE.) );
#3786 = ( NAMED_UNIT(*) PLANE_ANGLE_UNIT() SI_UNIT($,.RADIAN.) );
#3787 = ( NAMED_UNIT(*) SI_UNIT($,.STERADIAN.) SOLID_ANGLE_UNIT() );
#3788 = UNCERTAINTY_MEASURE_WITH_UNIT(LENGTH_MEASURE(1.E-04),#3785,
  'distance_accuracy_value','confusion accuracy');
#3789 = CONTEXT_DEPENDENT_SHAPE_REPRESENTATION(#3790,#3792);
#3790 = ( REPRESENTATION_RELATIONSHIP('','',#2426,#10) 
REPRESENTATION_RELATIONSHIP_WITH_TRANSFORMATION(#3791) 
SHAPE_REPRESENTATION_RELATIONSHIP() );
#3791 = ITEM_DEFINED_TRANSFORMATION('','',#11,#23);
#3792 = PRODUCT_DEFINITION_SHAPE('Placement','Placement of an item',
  #3793);
#3793 = NEXT_ASSEMBLY_USAGE_OCCURRENCE('26','','',#5,#2421,$);
#3794 = PRODUCT_RELATED_PRODUCT_CATEGORY('part',$,(#2423));
ENDSEC;
END-ISO-10303-21;
