ISO-10303-21;
HEADER;
FILE_DESCRIPTION(('Open CASCADE Model'),'2;1');
FILE_NAME('Open CASCADE Shape Model','2026-08-17T03:01:22',('Author'),(
    'Open CASCADE'),'Open CASCADE STEP processor 7.9','Open CASCADE 7.9'
  ,'Unknown');
FILE_SCHEMA(('AUTOMOTIVE_DESIGN { 1 0 10303 214 1 1 1 1 }'));
ENDSEC;
DATA;
#1 = APPLICATION_PROTOCOL_DEFINITION('international standard',
  'automotive_design',2000,#2);
#2 = APPLICATION_CONTEXT(
  'core data for automotive mechanical design processes');
#3 = SHAPE_DEFINITION_REPRESENTATION(#4,#10);
#4 = PRODUCT_DEFINITION_SHAPE('','',#5);
#5 = PRODUCT_DEFINITION('design','',#6,#9);
#6 = PRODUCT_DEFINITION_FORMATION('','',#7);
#7 = PRODUCT('Open CASCADE STEP translator 7.9 1',
  'Open CASCADE STEP translator 7.9 1','',(#8));
#8 = PRODUCT_CONTEXT('',#2,'mechanical');
#9 = PRODUCT_DEFINITION_CONTEXT('part definition',#2,'design');
#10 = SHAPE_REPRESENTATION('',(#11,#15,#19),#23);
#11 = AXIS2_PLACEMENT_3D('',#12,#13,#14);
#12 = CARTESIAN_POINT('',(0.,0.,0.));
#13 = DIRECTION('',(0.,0.,1.));
#14 = DIRECTION('',(1.,0.,-0.));
#15 = AXIS2_PLACEMENT_3D('',#16,#17,#18);
#16 = CARTESIAN_POINT('',(0.,0.,0.));
#17 = DIRECTION('',(0.,0.,1.));
#18 = DIRECTION('',(1.,0.,-0.));
#19 = AXIS2_PLACEMENT_3D('',#20,#21,#22);
#20 = CARTESIAN_POINT('',(0.,0.,0.));
#21 = DIRECTION('',(0.,0.,1.));
#22 = DIRECTION('',(1.,0.,-0.));
#23 = ( GEOMETRIC_REPRESENTATION_CONTEXT(3) 
GLOBAL_UNCERTAINTY_ASSIGNED_CONTEXT((#27)) GLOBAL_UNIT_ASSIGNED_CONTEXT(
(#24,#25,#26)) REPRESENTATION_CONTEXT('Context #1',
  '3D Context with UNIT and UNCERTAINTY') );
#24 = ( LENGTH_UNIT() NAMED_UNIT(*) SI_UNIT(.MILLI.,.METRE.) );
#25 = ( NAMED_UNIT(*) PLANE_ANGLE_UNIT() SI_UNIT($,.RADIAN.) );
#26 = ( NAMED_UNIT(*) SI_UNIT($,.STERADIAN.) SOLID_ANGLE_UNIT() );
#27 = UNCERTAINTY_MEASURE_WITH_UNIT(LENGTH_MEASURE(2.E-06),#24,
  'distance_accuracy_value','confusion accuracy');
#28 = PRODUCT_RELATED_PRODUCT_CATEGORY('part',$,(#7));
#29 = SHAPE_DEFINITION_REPRESENTATION(#30,#36);
#30 = PRODUCT_DEFINITION_SHAPE('','',#31);
#31 = PRODUCT_DEFINITION('design','',#32,#35);
#32 = PRODUCT_DEFINITION_FORMATION('','',#33);
#33 = PRODUCT('Open CASCADE STEP translator 7.9 1.1',
  'Open CASCADE STEP translator 7.9 1.1','',(#34));
#34 = PRODUCT_CONTEXT('',#2,'mechanical');
#35 = PRODUCT_DEFINITION_CONTEXT('part definition',#2,'design');
#36 = ADVANCED_BREP_SHAPE_REPRESENTATION('',(#11,#37),#1191);
#37 = MANIFOLD_SOLID_BREP('',#38);
#38 = CLOSED_SHELL('',(#39,#424,#500,#554,#604,#653,#702,#752,#802,#851,
    #900,#950,#1000,#1027,#1082,#1097,#1132,#1187));
#39 = ADVANCED_FACE('',(#40,#393),#54,.T.);
#40 = FACE_BOUND('',#41,.T.);
#41 = EDGE_LOOP('',(#42,#77,#110,#138,#167,#195,#224,#252,#281,#309,#338
    ,#366));
#42 = ORIENTED_EDGE('',*,*,#43,.F.);
#43 = EDGE_CURVE('',#44,#46,#48,.T.);
#44 = VERTEX_POINT('',#45);
#45 = CARTESIAN_POINT('',(7.447818472546,0.1,46.4));
#46 = VERTEX_POINT('',#47);
#47 = CARTESIAN_POINT('',(3.810511776652,6.4,46.4));
#48 = SURFACE_CURVE('',#49,(#53,#65),.PCURVE_S1.);
#49 = LINE('',#50,#51);
#50 = CARTESIAN_POINT('',(7.505553499465,0.,46.4));
#51 = VECTOR('',#52,1.);
#52 = DIRECTION('',(-0.5,0.866025403784,0.));
#53 = PCURVE('',#54,#59);
#54 = PLANE('',#55);
#55 = AXIS2_PLACEMENT_3D('',#56,#57,#58);
#56 = CARTESIAN_POINT('',(-6.435012388421E-16,6.182685985047E-16,46.4));
#57 = DIRECTION('',(0.,0.,1.));
#58 = DIRECTION('',(1.,0.,-0.));
#59 = DEFINITIONAL_REPRESENTATION('',(#60),#64);
#60 = LINE('',#61,#62);
#61 = CARTESIAN_POINT('',(7.505553499465,-6.182685985047E-16));
#62 = VECTOR('',#63,1.);
#63 = DIRECTION('',(-0.5,0.866025403784));
#64 = ( GEOMETRIC_REPRESENTATION_CONTEXT(2) 
PARAMETRIC_REPRESENTATION_CONTEXT() REPRESENTATION_CONTEXT('2D SPACE',''
  ) );
#65 = PCURVE('',#66,#71);
#66 = PLANE('',#67);
#67 = AXIS2_PLACEMENT_3D('',#68,#69,#70);
#68 = CARTESIAN_POINT('',(7.505553499465,0.,46.4));
#69 = DIRECTION('',(-0.866025403784,-0.5,0.));
#70 = DIRECTION('',(-0.5,0.866025403784,0.));
#71 = DEFINITIONAL_REPRESENTATION('',(#72),#76);
#72 = LINE('',#73,#74);
#73 = CARTESIAN_POINT('',(0.,0.));
#74 = VECTOR('',#75,1.);
#75 = DIRECTION('',(1.,0.));
#76 = ( GEOMETRIC_REPRESENTATION_CONTEXT(2) 
PARAMETRIC_REPRESENTATION_CONTEXT() REPRESENTATION_CONTEXT('2D SPACE',''
  ) );
#77 = ORIENTED_EDGE('',*,*,#78,.T.);
#78 = EDGE_CURVE('',#44,#79,#81,.T.);
#79 = VERTEX_POINT('',#80);
#80 = CARTESIAN_POINT('',(7.447818472546,-1.E-01,46.4));
#81 = SURFACE_CURVE('',#82,(#87,#98),.PCURVE_S1.);
#82 = CIRCLE('',#83,0.2);
#83 = AXIS2_PLACEMENT_3D('',#84,#85,#86);
#84 = CARTESIAN_POINT('',(7.274613391789,9.39988827516E-16,46.4));
#85 = DIRECTION('',(-0.,-0.,-1.));
#86 = DIRECTION('',(0.,-1.,0.));
#87 = PCURVE('',#54,#88);
#88 = DEFINITIONAL_REPRESENTATION('',(#89),#97);
#89 = ( BOUNDED_CURVE() B_SPLINE_CURVE(2,(#90,#91,#92,#93,#94,#95,#96),
.UNSPECIFIED.,.T.,.F.) B_SPLINE_CURVE_WITH_KNOTS((1,2,2,2,2,1),(
    -2.094395102393,0.,2.094395102393,4.188790204786,6.28318530718,
8.377580409573),.UNSPECIFIED.) CURVE() GEOMETRIC_REPRESENTATION_ITEM() 
RATIONAL_B_SPLINE_CURVE((1.,0.5,1.,0.5,1.,0.5,1.)) REPRESENTATION_ITEM(
  '') );
#90 = CARTESIAN_POINT('',(7.274613391789,-0.2));
#91 = CARTESIAN_POINT('',(6.928203230276,-0.2));
#92 = CARTESIAN_POINT('',(7.101408311032,0.1));
#93 = CARTESIAN_POINT('',(7.274613391789,0.4));
#94 = CARTESIAN_POINT('',(7.447818472546,0.1));
#95 = CARTESIAN_POINT('',(7.621023553303,-0.2));
#96 = CARTESIAN_POINT('',(7.274613391789,-0.2));
#97 = ( GEOMETRIC_REPRESENTATION_CONTEXT(2) 
PARAMETRIC_REPRESENTATION_CONTEXT() REPRESENTATION_CONTEXT('2D SPACE',''
  ) );
#98 = PCURVE('',#99,#104);
#99 = CYLINDRICAL_SURFACE('',#100,0.2);
#100 = AXIS2_PLACEMENT_3D('',#101,#102,#103);
#101 = CARTESIAN_POINT('',(7.274613391789,9.39988827516E-16,46.4));
#102 = DIRECTION('',(0.,0.,1.));
#103 = DIRECTION('',(0.866025403784,0.5,-0.));
#104 = DEFINITIONAL_REPRESENTATION('',(#105),#109);
#105 = LINE('',#106,#107);
#106 = CARTESIAN_POINT('',(4.188790204786,-0.));
#107 = VECTOR('',#108,1.);
#108 = DIRECTION('',(-1.,0.));
#109 = ( GEOMETRIC_REPRESENTATION_CONTEXT(2) 
PARAMETRIC_REPRESENTATION_CONTEXT() REPRESENTATION_CONTEXT('2D SPACE',''
  ) );
#110 = ORIENTED_EDGE('',*,*,#111,.F.);
#111 = EDGE_CURVE('',#112,#79,#114,.T.);
#112 = VERTEX_POINT('',#113);
#113 = CARTESIAN_POINT('',(3.810511776652,-6.4,46.4));
#114 = SURFACE_CURVE('',#115,(#119,#126),.PCURVE_S1.);
#115 = LINE('',#116,#117);
#116 = CARTESIAN_POINT('',(3.752776749733,-6.5,46.4));
#117 = VECTOR('',#118,1.);
#118 = DIRECTION('',(0.5,0.866025403784,0.));
#119 = PCURVE('',#54,#120);
#120 = DEFINITIONAL_REPRESENTATION('',(#121),#125);
#121 = LINE('',#122,#123);
#122 = CARTESIAN_POINT('',(3.752776749733,-6.5));
#123 = VECTOR('',#124,1.);
#124 = DIRECTION('',(0.5,0.866025403784));
#125 = ( GEOMETRIC_REPRESENTATION_CONTEXT(2) 
PARAMETRIC_REPRESENTATION_CONTEXT() REPRESENTATION_CONTEXT('2D SPACE',''
  ) );
#126 = PCURVE('',#127,#132);
#127 = PLANE('',#128);
#128 = AXIS2_PLACEMENT_3D('',#129,#130,#131);
#129 = CARTESIAN_POINT('',(3.752776749733,-6.5,46.4));
#130 = DIRECTION('',(-0.866025403784,0.5,0.));
#131 = DIRECTION('',(0.5,0.866025403784,0.));
#132 = DEFINITIONAL_REPRESENTATION('',(#133),#137);
#133 = LINE('',#134,#135);
#134 = CARTESIAN_POINT('',(0.,0.));
#135 = VECTOR('',#136,1.);
#136 = DIRECTION('',(1.,0.));
#137 = ( GEOMETRIC_REPRESENTATION_CONTEXT(2) 
PARAMETRIC_REPRESENTATION_CONTEXT() REPRESENTATION_CONTEXT('2D SPACE',''
  ) );
#138 = ORIENTED_EDGE('',*,*,#139,.F.);
#139 = EDGE_CURVE('',#140,#112,#142,.T.);
#140 = VERTEX_POINT('',#141);
#141 = CARTESIAN_POINT('',(3.637306695895,-6.5,46.4));
#142 = SURFACE_CURVE('',#143,(#148,#155),.PCURVE_S1.);
#143 = CIRCLE('',#144,0.2);
#144 = AXIS2_PLACEMENT_3D('',#145,#146,#147);
#145 = CARTESIAN_POINT('',(3.637306695895,-6.3,46.4));
#146 = DIRECTION('',(0.,0.,1.));
#147 = DIRECTION('',(0.,-1.,0.));
#148 = PCURVE('',#54,#149);
#149 = DEFINITIONAL_REPRESENTATION('',(#150),#154);
#150 = CIRCLE('',#151,0.2);
#151 = AXIS2_PLACEMENT_2D('',#152,#153);
#152 = CARTESIAN_POINT('',(3.637306695895,-6.3));
#153 = DIRECTION('',(0.,-1.));
#154 = ( GEOMETRIC_REPRESENTATION_CONTEXT(2) 
PARAMETRIC_REPRESENTATION_CONTEXT() REPRESENTATION_CONTEXT('2D SPACE',''
  ) );
#155 = PCURVE('',#156,#161);
#156 = CYLINDRICAL_SURFACE('',#157,0.2);
#157 = AXIS2_PLACEMENT_3D('',#158,#159,#160);
#158 = CARTESIAN_POINT('',(3.637306695895,-6.3,46.4));
#159 = DIRECTION('',(0.,0.,1.));
#160 = DIRECTION('',(-5.916808265796E-16,-1.,0.));
#161 = DEFINITIONAL_REPRESENTATION('',(#162),#166);
#162 = LINE('',#163,#164);
#163 = CARTESIAN_POINT('',(5.916808265796E-16,0.));
#164 = VECTOR('',#165,1.);
#165 = DIRECTION('',(1.,0.));
#166 = ( GEOMETRIC_REPRESENTATION_CONTEXT(2) 
PARAMETRIC_REPRESENTATION_CONTEXT() REPRESENTATION_CONTEXT('2D SPACE',''
  ) );
#167 = ORIENTED_EDGE('',*,*,#168,.F.);
#168 = EDGE_CURVE('',#169,#140,#171,.T.);
#169 = VERTEX_POINT('',#170);
#170 = CARTESIAN_POINT('',(-3.637306695895,-6.5,46.4));
#171 = SURFACE_CURVE('',#172,(#176,#183),.PCURVE_S1.);
#172 = LINE('',#173,#174);
#173 = CARTESIAN_POINT('',(-3.752776749733,-6.5,46.4));
#174 = VECTOR('',#175,1.);
#175 = DIRECTION('',(1.,-5.916808265796E-16,0.));
#176 = PCURVE('',#54,#177);
#177 = DEFINITIONAL_REPRESENTATION('',(#178),#182);
#178 = LINE('',#179,#180);
#179 = CARTESIAN_POINT('',(-3.752776749733,-6.5));
#180 = VECTOR('',#181,1.);
#181 = DIRECTION('',(1.,-5.916808265796E-16));
#182 = ( GEOMETRIC_REPRESENTATION_CONTEXT(2) 
PARAMETRIC_REPRESENTATION_CONTEXT() REPRESENTATION_CONTEXT('2D SPACE',''
  ) );
#183 = PCURVE('',#184,#189);
#184 = PLANE('',#185);
#185 = AXIS2_PLACEMENT_3D('',#186,#187,#188);
#186 = CARTESIAN_POINT('',(-3.752776749733,-6.5,46.4));
#187 = DIRECTION('',(5.916808265796E-16,1.,-0.));
#188 = DIRECTION('',(1.,-5.916808265796E-16,0.));
#189 = DEFINITIONAL_REPRESENTATION('',(#190),#194);
#190 = LINE('',#191,#192);
#191 = CARTESIAN_POINT('',(0.,0.));
#192 = VECTOR('',#193,1.);
#193 = DIRECTION('',(1.,0.));
#194 = ( GEOMETRIC_REPRESENTATION_CONTEXT(2) 
PARAMETRIC_REPRESENTATION_CONTEXT() REPRESENTATION_CONTEXT('2D SPACE',''
  ) );
#195 = ORIENTED_EDGE('',*,*,#196,.F.);
#196 = EDGE_CURVE('',#197,#169,#199,.T.);
#197 = VERTEX_POINT('',#198);
#198 = CARTESIAN_POINT('',(-3.810511776652,-6.4,46.4));
#199 = SURFACE_CURVE('',#200,(#205,#212),.PCURVE_S1.);
#200 = CIRCLE('',#201,0.2);
#201 = AXIS2_PLACEMENT_3D('',#202,#203,#204);
#202 = CARTESIAN_POINT('',(-3.637306695895,-6.3,46.4));
#203 = DIRECTION('',(0.,0.,1.));
#204 = DIRECTION('',(0.,-1.,0.));
#205 = PCURVE('',#54,#206);
#206 = DEFINITIONAL_REPRESENTATION('',(#207),#211);
#207 = CIRCLE('',#208,0.2);
#208 = AXIS2_PLACEMENT_2D('',#209,#210);
#209 = CARTESIAN_POINT('',(-3.637306695895,-6.3));
#210 = DIRECTION('',(0.,-1.));
#211 = ( GEOMETRIC_REPRESENTATION_CONTEXT(2) 
PARAMETRIC_REPRESENTATION_CONTEXT() REPRESENTATION_CONTEXT('2D SPACE',''
  ) );
#212 = PCURVE('',#213,#218);
#213 = CYLINDRICAL_SURFACE('',#214,0.2);
#214 = AXIS2_PLACEMENT_3D('',#215,#216,#217);
#215 = CARTESIAN_POINT('',(-3.637306695895,-6.3,46.4));
#216 = DIRECTION('',(0.,0.,1.));
#217 = DIRECTION('',(-0.866025403784,-0.5,0.));
#218 = DEFINITIONAL_REPRESENTATION('',(#219),#223);
#219 = LINE('',#220,#221);
#220 = CARTESIAN_POINT('',(-5.235987755983,0.));
#221 = VECTOR('',#222,1.);
#222 = DIRECTION('',(1.,0.));
#223 = ( GEOMETRIC_REPRESENTATION_CONTEXT(2) 
PARAMETRIC_REPRESENTATION_CONTEXT() REPRESENTATION_CONTEXT('2D SPACE',''
  ) );
#224 = ORIENTED_EDGE('',*,*,#225,.F.);
#225 = EDGE_CURVE('',#226,#197,#228,.T.);
#226 = VERTEX_POINT('',#227);
#227 = CARTESIAN_POINT('',(-7.447818472546,-0.1,46.4));
#228 = SURFACE_CURVE('',#229,(#233,#240),.PCURVE_S1.);
#229 = LINE('',#230,#231);
#230 = CARTESIAN_POINT('',(-7.505553499465,9.191652068949E-16,46.4));
#231 = VECTOR('',#232,1.);
#232 = DIRECTION('',(0.5,-0.866025403784,0.));
#233 = PCURVE('',#54,#234);
#234 = DEFINITIONAL_REPRESENTATION('',(#235),#239);
#235 = LINE('',#236,#237);
#236 = CARTESIAN_POINT('',(-7.505553499465,3.008966083902E-16));
#237 = VECTOR('',#238,1.);
#238 = DIRECTION('',(0.5,-0.866025403784));
#239 = ( GEOMETRIC_REPRESENTATION_CONTEXT(2) 
PARAMETRIC_REPRESENTATION_CONTEXT() REPRESENTATION_CONTEXT('2D SPACE',''
  ) );
#240 = PCURVE('',#241,#246);
#241 = PLANE('',#242);
#242 = AXIS2_PLACEMENT_3D('',#243,#244,#245);
#243 = CARTESIAN_POINT('',(-7.505553499465,9.191652068949E-16,46.4));
#244 = DIRECTION('',(0.866025403784,0.5,-0.));
#245 = DIRECTION('',(0.5,-0.866025403784,0.));
#246 = DEFINITIONAL_REPRESENTATION('',(#247),#251);
#247 = LINE('',#248,#249);
#248 = CARTESIAN_POINT('',(0.,0.));
#249 = VECTOR('',#250,1.);
#250 = DIRECTION('',(1.,0.));
#251 = ( GEOMETRIC_REPRESENTATION_CONTEXT(2) 
PARAMETRIC_REPRESENTATION_CONTEXT() REPRESENTATION_CONTEXT('2D SPACE',''
  ) );
#252 = ORIENTED_EDGE('',*,*,#253,.F.);
#253 = EDGE_CURVE('',#254,#226,#256,.T.);
#254 = VERTEX_POINT('',#255);
#255 = CARTESIAN_POINT('',(-7.447818472546,1.E-01,46.4));
#256 = SURFACE_CURVE('',#257,(#262,#269),.PCURVE_S1.);
#257 = CIRCLE('',#258,0.2);
#258 = AXIS2_PLACEMENT_3D('',#259,#260,#261);
#259 = CARTESIAN_POINT('',(-7.274613391789,-5.100121713918E-16,46.4));
#260 = DIRECTION('',(0.,0.,1.));
#261 = DIRECTION('',(0.,-1.,0.));
#262 = PCURVE('',#54,#263);
#263 = DEFINITIONAL_REPRESENTATION('',(#264),#268);
#264 = CIRCLE('',#265,0.2);
#265 = AXIS2_PLACEMENT_2D('',#266,#267);
#266 = CARTESIAN_POINT('',(-7.274613391789,-1.128280769897E-15));
#267 = DIRECTION('',(0.,-1.));
#268 = ( GEOMETRIC_REPRESENTATION_CONTEXT(2) 
PARAMETRIC_REPRESENTATION_CONTEXT() REPRESENTATION_CONTEXT('2D SPACE',''
  ) );
#269 = PCURVE('',#270,#275);
#270 = CYLINDRICAL_SURFACE('',#271,0.2);
#271 = AXIS2_PLACEMENT_3D('',#272,#273,#274);
#272 = CARTESIAN_POINT('',(-7.274613391789,-5.100121713918E-16,46.4));
#273 = DIRECTION('',(0.,0.,1.));
#274 = DIRECTION('',(-0.866025403784,0.5,0.));
#275 = DEFINITIONAL_REPRESENTATION('',(#276),#280);
#276 = LINE('',#277,#278);
#277 = CARTESIAN_POINT('',(-4.188790204786,0.));
#278 = VECTOR('',#279,1.);
#279 = DIRECTION('',(1.,0.));
#280 = ( GEOMETRIC_REPRESENTATION_CONTEXT(2) 
PARAMETRIC_REPRESENTATION_CONTEXT() REPRESENTATION_CONTEXT('2D SPACE',''
  ) );
#281 = ORIENTED_EDGE('',*,*,#282,.F.);
#282 = EDGE_CURVE('',#283,#254,#285,.T.);
#283 = VERTEX_POINT('',#284);
#284 = CARTESIAN_POINT('',(-3.810511776652,6.4,46.4));
#285 = SURFACE_CURVE('',#286,(#290,#297),.PCURVE_S1.);
#286 = LINE('',#287,#288);
#287 = CARTESIAN_POINT('',(-3.752776749733,6.5,46.4));
#288 = VECTOR('',#289,1.);
#289 = DIRECTION('',(-0.5,-0.866025403784,0.));
#290 = PCURVE('',#54,#291);
#291 = DEFINITIONAL_REPRESENTATION('',(#292),#296);
#292 = LINE('',#293,#294);
#293 = CARTESIAN_POINT('',(-3.752776749733,6.5));
#294 = VECTOR('',#295,1.);
#295 = DIRECTION('',(-0.5,-0.866025403784));
#296 = ( GEOMETRIC_REPRESENTATION_CONTEXT(2) 
PARAMETRIC_REPRESENTATION_CONTEXT() REPRESENTATION_CONTEXT('2D SPACE',''
  ) );
#297 = PCURVE('',#298,#303);
#298 = PLANE('',#299);
#299 = AXIS2_PLACEMENT_3D('',#300,#301,#302);
#300 = CARTESIAN_POINT('',(-3.752776749733,6.5,46.4));
#301 = DIRECTION('',(0.866025403784,-0.5,0.));
#302 = DIRECTION('',(-0.5,-0.866025403784,0.));
#303 = DEFINITIONAL_REPRESENTATION('',(#304),#308);
#304 = LINE('',#305,#306);
#305 = CARTESIAN_POINT('',(0.,0.));
#306 = VECTOR('',#307,1.);
#307 = DIRECTION('',(1.,0.));
#308 = ( GEOMETRIC_REPRESENTATION_CONTEXT(2) 
PARAMETRIC_REPRESENTATION_CONTEXT() REPRESENTATION_CONTEXT('2D SPACE',''
  ) );
#309 = ORIENTED_EDGE('',*,*,#310,.F.);
#310 = EDGE_CURVE('',#311,#283,#313,.T.);
#311 = VERTEX_POINT('',#312);
#312 = CARTESIAN_POINT('',(-3.637306695895,6.5,46.4));
#313 = SURFACE_CURVE('',#314,(#319,#326),.PCURVE_S1.);
#314 = CIRCLE('',#315,0.2);
#315 = AXIS2_PLACEMENT_3D('',#316,#317,#318);
#316 = CARTESIAN_POINT('',(-3.637306695895,6.3,46.4));
#317 = DIRECTION('',(0.,0.,1.));
#318 = DIRECTION('',(0.,-1.,0.));
#319 = PCURVE('',#54,#320);
#320 = DEFINITIONAL_REPRESENTATION('',(#321),#325);
#321 = CIRCLE('',#322,0.2);
#322 = AXIS2_PLACEMENT_2D('',#323,#324);
#323 = CARTESIAN_POINT('',(-3.637306695895,6.3));
#324 = DIRECTION('',(0.,-1.));
#325 = ( GEOMETRIC_REPRESENTATION_CONTEXT(2) 
PARAMETRIC_REPRESENTATION_CONTEXT() REPRESENTATION_CONTEXT('2D SPACE',''
  ) );
#326 = PCURVE('',#327,#332);
#327 = CYLINDRICAL_SURFACE('',#328,0.2);
#328 = AXIS2_PLACEMENT_3D('',#329,#330,#331);
#329 = CARTESIAN_POINT('',(-3.637306695895,6.3,46.4));
#330 = DIRECTION('',(0.,0.,1.));
#331 = DIRECTION('',(1.183361653159E-16,1.,-0.));
#332 = DEFINITIONAL_REPRESENTATION('',(#333),#337);
#333 = LINE('',#334,#335);
#334 = CARTESIAN_POINT('',(-3.14159265359,0.));
#335 = VECTOR('',#336,1.);
#336 = DIRECTION('',(1.,0.));
#337 = ( GEOMETRIC_REPRESENTATION_CONTEXT(2) 
PARAMETRIC_REPRESENTATION_CONTEXT() REPRESENTATION_CONTEXT('2D SPACE',''
  ) );
#338 = ORIENTED_EDGE('',*,*,#339,.F.);
#339 = EDGE_CURVE('',#340,#311,#342,.T.);
#340 = VERTEX_POINT('',#341);
#341 = CARTESIAN_POINT('',(3.637306695895,6.5,46.4));
#342 = SURFACE_CURVE('',#343,(#347,#354),.PCURVE_S1.);
#343 = LINE('',#344,#345);
#344 = CARTESIAN_POINT('',(3.752776749733,6.5,46.4));
#345 = VECTOR('',#346,1.);
#346 = DIRECTION('',(-1.,1.183361653159E-16,0.));
#347 = PCURVE('',#54,#348);
#348 = DEFINITIONAL_REPRESENTATION('',(#349),#353);
#349 = LINE('',#350,#351);
#350 = CARTESIAN_POINT('',(3.752776749733,6.5));
#351 = VECTOR('',#352,1.);
#352 = DIRECTION('',(-1.,1.183361653159E-16));
#353 = ( GEOMETRIC_REPRESENTATION_CONTEXT(2) 
PARAMETRIC_REPRESENTATION_CONTEXT() REPRESENTATION_CONTEXT('2D SPACE',''
  ) );
#354 = PCURVE('',#355,#360);
#355 = PLANE('',#356);
#356 = AXIS2_PLACEMENT_3D('',#357,#358,#359);
#357 = CARTESIAN_POINT('',(3.752776749733,6.5,46.4));
#358 = DIRECTION('',(-1.183361653159E-16,-1.,0.));
#359 = DIRECTION('',(-1.,1.183361653159E-16,0.));
#360 = DEFINITIONAL_REPRESENTATION('',(#361),#365);
#361 = LINE('',#362,#363);
#362 = CARTESIAN_POINT('',(0.,0.));
#363 = VECTOR('',#364,1.);
#364 = DIRECTION('',(1.,0.));
#365 = ( GEOMETRIC_REPRESENTATION_CONTEXT(2) 
PARAMETRIC_REPRESENTATION_CONTEXT() REPRESENTATION_CONTEXT('2D SPACE',''
  ) );
#366 = ORIENTED_EDGE('',*,*,#367,.F.);
#367 = EDGE_CURVE('',#46,#340,#368,.T.);
#368 = SURFACE_CURVE('',#369,(#374,#381),.PCURVE_S1.);
#369 = CIRCLE('',#370,0.2);
#370 = AXIS2_PLACEMENT_3D('',#371,#372,#373);
#371 = CARTESIAN_POINT('',(3.637306695895,6.3,46.4));
#372 = DIRECTION('',(0.,0.,1.));
#373 = DIRECTION('',(0.,-1.,0.));
#374 = PCURVE('',#54,#375);
#375 = DEFINITIONAL_REPRESENTATION('',(#376),#380);
#376 = CIRCLE('',#377,0.2);
#377 = AXIS2_PLACEMENT_2D('',#378,#379);
#378 = CARTESIAN_POINT('',(3.637306695895,6.3));
#379 = DIRECTION('',(0.,-1.));
#380 = ( GEOMETRIC_REPRESENTATION_CONTEXT(2) 
PARAMETRIC_REPRESENTATION_CONTEXT() REPRESENTATION_CONTEXT('2D SPACE',''
  ) );
#381 = PCURVE('',#382,#387);
#382 = CYLINDRICAL_SURFACE('',#383,0.2);
#383 = AXIS2_PLACEMENT_3D('',#384,#385,#386);
#384 = CARTESIAN_POINT('',(3.637306695895,6.3,46.4));
#385 = DIRECTION('',(0.,0.,1.));
#386 = DIRECTION('',(0.866025403784,0.5,-0.));
#387 = DEFINITIONAL_REPRESENTATION('',(#388),#392);
#388 = LINE('',#389,#390);
#389 = CARTESIAN_POINT('',(-2.094395102393,0.));
#390 = VECTOR('',#391,1.);
#391 = DIRECTION('',(1.,0.));
#392 = ( GEOMETRIC_REPRESENTATION_CONTEXT(2) 
PARAMETRIC_REPRESENTATION_CONTEXT() REPRESENTATION_CONTEXT('2D SPACE',''
  ) );
#393 = FACE_BOUND('',#394,.T.);
#394 = EDGE_LOOP('',(#395));
#395 = ORIENTED_EDGE('',*,*,#396,.T.);
#396 = EDGE_CURVE('',#397,#397,#399,.T.);
#397 = VERTEX_POINT('',#398);
#398 = CARTESIAN_POINT('',(8.5,0.,46.4));
#399 = SURFACE_CURVE('',#400,(#405,#412),.PCURVE_S1.);
#400 = CIRCLE('',#401,8.5);
#401 = AXIS2_PLACEMENT_3D('',#402,#403,#404);
#402 = CARTESIAN_POINT('',(0.,0.,46.4));
#403 = DIRECTION('',(0.,0.,1.));
#404 = DIRECTION('',(1.,0.,0.));
#405 = PCURVE('',#54,#406);
#406 = DEFINITIONAL_REPRESENTATION('',(#407),#411);
#407 = CIRCLE('',#408,8.5);
#408 = AXIS2_PLACEMENT_2D('',#409,#410);
#409 = CARTESIAN_POINT('',(6.435012388421E-16,-6.182685985047E-16));
#410 = DIRECTION('',(1.,0.));
#411 = ( GEOMETRIC_REPRESENTATION_CONTEXT(2) 
PARAMETRIC_REPRESENTATION_CONTEXT() REPRESENTATION_CONTEXT('2D SPACE',''
  ) );
#412 = PCURVE('',#413,#418);
#413 = CYLINDRICAL_SURFACE('',#414,8.5);
#414 = AXIS2_PLACEMENT_3D('',#415,#416,#417);
#415 = CARTESIAN_POINT('',(0.,0.,45.));
#416 = DIRECTION('',(-0.,-0.,-1.));
#417 = DIRECTION('',(1.,0.,0.));
#418 = DEFINITIONAL_REPRESENTATION('',(#419),#423);
#419 = LINE('',#420,#421);
#420 = CARTESIAN_POINT('',(-0.,-1.4));
#421 = VECTOR('',#422,1.);
#422 = DIRECTION('',(-1.,0.));
#423 = ( GEOMETRIC_REPRESENTATION_CONTEXT(2) 
PARAMETRIC_REPRESENTATION_CONTEXT() REPRESENTATION_CONTEXT('2D SPACE',''
  ) );
#424 = ADVANCED_FACE('',(#425),#66,.F.);
#425 = FACE_BOUND('',#426,.F.);
#426 = EDGE_LOOP('',(#427,#428,#451,#479));
#427 = ORIENTED_EDGE('',*,*,#43,.F.);
#428 = ORIENTED_EDGE('',*,*,#429,.T.);
#429 = EDGE_CURVE('',#44,#430,#432,.T.);
#430 = VERTEX_POINT('',#431);
#431 = CARTESIAN_POINT('',(7.447818472546,0.1,51.7));
#432 = SURFACE_CURVE('',#433,(#437,#444),.PCURVE_S1.);
#433 = LINE('',#434,#435);
#434 = CARTESIAN_POINT('',(7.447818472546,0.1,46.4));
#435 = VECTOR('',#436,1.);
#436 = DIRECTION('',(0.,0.,1.));
#437 = PCURVE('',#66,#438);
#438 = DEFINITIONAL_REPRESENTATION('',(#439),#443);
#439 = LINE('',#440,#441);
#440 = CARTESIAN_POINT('',(0.115470053838,0.));
#441 = VECTOR('',#442,1.);
#442 = DIRECTION('',(0.,-1.));
#443 = ( GEOMETRIC_REPRESENTATION_CONTEXT(2) 
PARAMETRIC_REPRESENTATION_CONTEXT() REPRESENTATION_CONTEXT('2D SPACE',''
  ) );
#444 = PCURVE('',#99,#445);
#445 = DEFINITIONAL_REPRESENTATION('',(#446),#450);
#446 = LINE('',#447,#448);
#447 = CARTESIAN_POINT('',(-0.,0.));
#448 = VECTOR('',#449,1.);
#449 = DIRECTION('',(-0.,1.));
#450 = ( GEOMETRIC_REPRESENTATION_CONTEXT(2) 
PARAMETRIC_REPRESENTATION_CONTEXT() REPRESENTATION_CONTEXT('2D SPACE',''
  ) );
#451 = ORIENTED_EDGE('',*,*,#452,.T.);
#452 = EDGE_CURVE('',#430,#453,#455,.T.);
#453 = VERTEX_POINT('',#454);
#454 = CARTESIAN_POINT('',(3.810511776652,6.4,51.7));
#455 = SURFACE_CURVE('',#456,(#460,#467),.PCURVE_S1.);
#456 = LINE('',#457,#458);
#457 = CARTESIAN_POINT('',(7.505553499465,0.,51.7));
#458 = VECTOR('',#459,1.);
#459 = DIRECTION('',(-0.5,0.866025403784,0.));
#460 = PCURVE('',#66,#461);
#461 = DEFINITIONAL_REPRESENTATION('',(#462),#466);
#462 = LINE('',#463,#464);
#463 = CARTESIAN_POINT('',(0.,-5.3));
#464 = VECTOR('',#465,1.);
#465 = DIRECTION('',(1.,0.));
#466 = ( GEOMETRIC_REPRESENTATION_CONTEXT(2) 
PARAMETRIC_REPRESENTATION_CONTEXT() REPRESENTATION_CONTEXT('2D SPACE',''
  ) );
#467 = PCURVE('',#468,#473);
#468 = PLANE('',#469);
#469 = AXIS2_PLACEMENT_3D('',#470,#471,#472);
#470 = CARTESIAN_POINT('',(-3.155631075091E-16,-7.889077687727E-17,51.7)
  );
#471 = DIRECTION('',(0.,0.,1.));
#472 = DIRECTION('',(1.,0.,-0.));
#473 = DEFINITIONAL_REPRESENTATION('',(#474),#478);
#474 = LINE('',#475,#476);
#475 = CARTESIAN_POINT('',(7.505553499465,7.889077687727E-17));
#476 = VECTOR('',#477,1.);
#477 = DIRECTION('',(-0.5,0.866025403784));
#478 = ( GEOMETRIC_REPRESENTATION_CONTEXT(2) 
PARAMETRIC_REPRESENTATION_CONTEXT() REPRESENTATION_CONTEXT('2D SPACE',''
  ) );
#479 = ORIENTED_EDGE('',*,*,#480,.F.);
#480 = EDGE_CURVE('',#46,#453,#481,.T.);
#481 = SURFACE_CURVE('',#482,(#486,#493),.PCURVE_S1.);
#482 = LINE('',#483,#484);
#483 = CARTESIAN_POINT('',(3.810511776652,6.4,46.4));
#484 = VECTOR('',#485,1.);
#485 = DIRECTION('',(0.,0.,1.));
#486 = PCURVE('',#66,#487);
#487 = DEFINITIONAL_REPRESENTATION('',(#488),#492);
#488 = LINE('',#489,#490);
#489 = CARTESIAN_POINT('',(7.390083445627,0.));
#490 = VECTOR('',#491,1.);
#491 = DIRECTION('',(0.,-1.));
#492 = ( GEOMETRIC_REPRESENTATION_CONTEXT(2) 
PARAMETRIC_REPRESENTATION_CONTEXT() REPRESENTATION_CONTEXT('2D SPACE',''
  ) );
#493 = PCURVE('',#382,#494);
#494 = DEFINITIONAL_REPRESENTATION('',(#495),#499);
#495 = LINE('',#496,#497);
#496 = CARTESIAN_POINT('',(0.,0.));
#497 = VECTOR('',#498,1.);
#498 = DIRECTION('',(0.,1.));
#499 = ( GEOMETRIC_REPRESENTATION_CONTEXT(2) 
PARAMETRIC_REPRESENTATION_CONTEXT() REPRESENTATION_CONTEXT('2D SPACE',''
  ) );
#500 = ADVANCED_FACE('',(#501),#99,.T.);
#501 = FACE_BOUND('',#502,.F.);
#502 = EDGE_LOOP('',(#503,#504,#527,#553));
#503 = ORIENTED_EDGE('',*,*,#78,.T.);
#504 = ORIENTED_EDGE('',*,*,#505,.T.);
#505 = EDGE_CURVE('',#79,#506,#508,.T.);
#506 = VERTEX_POINT('',#507);
#507 = CARTESIAN_POINT('',(7.447818472546,-1.E-01,51.7));
#508 = SURFACE_CURVE('',#509,(#513,#520),.PCURVE_S1.);
#509 = LINE('',#510,#511);
#510 = CARTESIAN_POINT('',(7.447818472546,-1.E-01,46.4));
#511 = VECTOR('',#512,1.);
#512 = DIRECTION('',(0.,0.,1.));
#513 = PCURVE('',#99,#514);
#514 = DEFINITIONAL_REPRESENTATION('',(#515),#519);
#515 = LINE('',#516,#517);
#516 = CARTESIAN_POINT('',(-1.047197551197,0.));
#517 = VECTOR('',#518,1.);
#518 = DIRECTION('',(-0.,1.));
#519 = ( GEOMETRIC_REPRESENTATION_CONTEXT(2) 
PARAMETRIC_REPRESENTATION_CONTEXT() REPRESENTATION_CONTEXT('2D SPACE',''
  ) );
#520 = PCURVE('',#127,#521);
#521 = DEFINITIONAL_REPRESENTATION('',(#522),#526);
#522 = LINE('',#523,#524);
#523 = CARTESIAN_POINT('',(7.390083445627,0.));
#524 = VECTOR('',#525,1.);
#525 = DIRECTION('',(0.,-1.));
#526 = ( GEOMETRIC_REPRESENTATION_CONTEXT(2) 
PARAMETRIC_REPRESENTATION_CONTEXT() REPRESENTATION_CONTEXT('2D SPACE',''
  ) );
#527 = ORIENTED_EDGE('',*,*,#528,.F.);
#528 = EDGE_CURVE('',#430,#506,#529,.T.);
#529 = SURFACE_CURVE('',#530,(#535,#542),.PCURVE_S1.);
#530 = CIRCLE('',#531,0.2);
#531 = AXIS2_PLACEMENT_3D('',#532,#533,#534);
#532 = CARTESIAN_POINT('',(7.274613391789,9.39988827516E-16,51.7));
#533 = DIRECTION('',(-0.,-0.,-1.));
#534 = DIRECTION('',(0.,-1.,0.));
#535 = PCURVE('',#99,#536);
#536 = DEFINITIONAL_REPRESENTATION('',(#537),#541);
#537 = LINE('',#538,#539);
#538 = CARTESIAN_POINT('',(4.188790204786,5.3));
#539 = VECTOR('',#540,1.);
#540 = DIRECTION('',(-1.,0.));
#541 = ( GEOMETRIC_REPRESENTATION_CONTEXT(2) 
PARAMETRIC_REPRESENTATION_CONTEXT() REPRESENTATION_CONTEXT('2D SPACE',''
  ) );
#542 = PCURVE('',#468,#543);
#543 = DEFINITIONAL_REPRESENTATION('',(#544),#552);
#544 = ( BOUNDED_CURVE() B_SPLINE_CURVE(2,(#545,#546,#547,#548,#549,#550
,#551),.UNSPECIFIED.,.T.,.F.) B_SPLINE_CURVE_WITH_KNOTS((1,2,2,2,2,1),(
    -2.094395102393,0.,2.094395102393,4.188790204786,6.28318530718,
8.377580409573),.UNSPECIFIED.) CURVE() GEOMETRIC_REPRESENTATION_ITEM() 
RATIONAL_B_SPLINE_CURVE((1.,0.5,1.,0.5,1.,0.5,1.)) REPRESENTATION_ITEM(
  '') );
#545 = CARTESIAN_POINT('',(7.274613391789,-0.2));
#546 = CARTESIAN_POINT('',(6.928203230276,-0.2));
#547 = CARTESIAN_POINT('',(7.101408311032,0.1));
#548 = CARTESIAN_POINT('',(7.274613391789,0.4));
#549 = CARTESIAN_POINT('',(7.447818472546,0.1));
#550 = CARTESIAN_POINT('',(7.621023553303,-0.2));
#551 = CARTESIAN_POINT('',(7.274613391789,-0.2));
#552 = ( GEOMETRIC_REPRESENTATION_CONTEXT(2) 
PARAMETRIC_REPRESENTATION_CONTEXT() REPRESENTATION_CONTEXT('2D SPACE',''
  ) );
#553 = ORIENTED_EDGE('',*,*,#429,.F.);
#554 = ADVANCED_FACE('',(#555),#382,.T.);
#555 = FACE_BOUND('',#556,.T.);
#556 = EDGE_LOOP('',(#557,#558,#581,#603));
#557 = ORIENTED_EDGE('',*,*,#367,.T.);
#558 = ORIENTED_EDGE('',*,*,#559,.T.);
#559 = EDGE_CURVE('',#340,#560,#562,.T.);
#560 = VERTEX_POINT('',#561);
#561 = CARTESIAN_POINT('',(3.637306695895,6.5,51.7));
#562 = SURFACE_CURVE('',#563,(#567,#574),.PCURVE_S1.);
#563 = LINE('',#564,#565);
#564 = CARTESIAN_POINT('',(3.637306695895,6.5,46.4));
#565 = VECTOR('',#566,1.);
#566 = DIRECTION('',(0.,0.,1.));
#567 = PCURVE('',#382,#568);
#568 = DEFINITIONAL_REPRESENTATION('',(#569),#573);
#569 = LINE('',#570,#571);
#570 = CARTESIAN_POINT('',(1.047197551197,0.));
#571 = VECTOR('',#572,1.);
#572 = DIRECTION('',(0.,1.));
#573 = ( GEOMETRIC_REPRESENTATION_CONTEXT(2) 
PARAMETRIC_REPRESENTATION_CONTEXT() REPRESENTATION_CONTEXT('2D SPACE',''
  ) );
#574 = PCURVE('',#355,#575);
#575 = DEFINITIONAL_REPRESENTATION('',(#576),#580);
#576 = LINE('',#577,#578);
#577 = CARTESIAN_POINT('',(0.115470053838,0.));
#578 = VECTOR('',#579,1.);
#579 = DIRECTION('',(0.,-1.));
#580 = ( GEOMETRIC_REPRESENTATION_CONTEXT(2) 
PARAMETRIC_REPRESENTATION_CONTEXT() REPRESENTATION_CONTEXT('2D SPACE',''
  ) );
#581 = ORIENTED_EDGE('',*,*,#582,.F.);
#582 = EDGE_CURVE('',#453,#560,#583,.T.);
#583 = SURFACE_CURVE('',#584,(#589,#596),.PCURVE_S1.);
#584 = CIRCLE('',#585,0.2);
#585 = AXIS2_PLACEMENT_3D('',#586,#587,#588);
#586 = CARTESIAN_POINT('',(3.637306695895,6.3,51.7));
#587 = DIRECTION('',(0.,0.,1.));
#588 = DIRECTION('',(0.,-1.,0.));
#589 = PCURVE('',#382,#590);
#590 = DEFINITIONAL_REPRESENTATION('',(#591),#595);
#591 = LINE('',#592,#593);
#592 = CARTESIAN_POINT('',(-2.094395102393,5.3));
#593 = VECTOR('',#594,1.);
#594 = DIRECTION('',(1.,0.));
#595 = ( GEOMETRIC_REPRESENTATION_CONTEXT(2) 
PARAMETRIC_REPRESENTATION_CONTEXT() REPRESENTATION_CONTEXT('2D SPACE',''
  ) );
#596 = PCURVE('',#468,#597);
#597 = DEFINITIONAL_REPRESENTATION('',(#598),#602);
#598 = CIRCLE('',#599,0.2);
#599 = AXIS2_PLACEMENT_2D('',#600,#601);
#600 = CARTESIAN_POINT('',(3.637306695895,6.3));
#601 = DIRECTION('',(0.,-1.));
#602 = ( GEOMETRIC_REPRESENTATION_CONTEXT(2) 
PARAMETRIC_REPRESENTATION_CONTEXT() REPRESENTATION_CONTEXT('2D SPACE',''
  ) );
#603 = ORIENTED_EDGE('',*,*,#480,.F.);
#604 = ADVANCED_FACE('',(#605),#127,.F.);
#605 = FACE_BOUND('',#606,.F.);
#606 = EDGE_LOOP('',(#607,#608,#631,#652));
#607 = ORIENTED_EDGE('',*,*,#111,.F.);
#608 = ORIENTED_EDGE('',*,*,#609,.T.);
#609 = EDGE_CURVE('',#112,#610,#612,.T.);
#610 = VERTEX_POINT('',#611);
#611 = CARTESIAN_POINT('',(3.810511776652,-6.4,51.7));
#612 = SURFACE_CURVE('',#613,(#617,#624),.PCURVE_S1.);
#613 = LINE('',#614,#615);
#614 = CARTESIAN_POINT('',(3.810511776652,-6.4,46.4));
#615 = VECTOR('',#616,1.);
#616 = DIRECTION('',(0.,0.,1.));
#617 = PCURVE('',#127,#618);
#618 = DEFINITIONAL_REPRESENTATION('',(#619),#623);
#619 = LINE('',#620,#621);
#620 = CARTESIAN_POINT('',(0.115470053838,0.));
#621 = VECTOR('',#622,1.);
#622 = DIRECTION('',(0.,-1.));
#623 = ( GEOMETRIC_REPRESENTATION_CONTEXT(2) 
PARAMETRIC_REPRESENTATION_CONTEXT() REPRESENTATION_CONTEXT('2D SPACE',''
  ) );
#624 = PCURVE('',#156,#625);
#625 = DEFINITIONAL_REPRESENTATION('',(#626),#630);
#626 = LINE('',#627,#628);
#627 = CARTESIAN_POINT('',(1.047197551197,0.));
#628 = VECTOR('',#629,1.);
#629 = DIRECTION('',(0.,1.));
#630 = ( GEOMETRIC_REPRESENTATION_CONTEXT(2) 
PARAMETRIC_REPRESENTATION_CONTEXT() REPRESENTATION_CONTEXT('2D SPACE',''
  ) );
#631 = ORIENTED_EDGE('',*,*,#632,.T.);
#632 = EDGE_CURVE('',#610,#506,#633,.T.);
#633 = SURFACE_CURVE('',#634,(#638,#645),.PCURVE_S1.);
#634 = LINE('',#635,#636);
#635 = CARTESIAN_POINT('',(3.752776749733,-6.5,51.7));
#636 = VECTOR('',#637,1.);
#637 = DIRECTION('',(0.5,0.866025403784,0.));
#638 = PCURVE('',#127,#639);
#639 = DEFINITIONAL_REPRESENTATION('',(#640),#644);
#640 = LINE('',#641,#642);
#641 = CARTESIAN_POINT('',(0.,-5.3));
#642 = VECTOR('',#643,1.);
#643 = DIRECTION('',(1.,0.));
#644 = ( GEOMETRIC_REPRESENTATION_CONTEXT(2) 
PARAMETRIC_REPRESENTATION_CONTEXT() REPRESENTATION_CONTEXT('2D SPACE',''
  ) );
#645 = PCURVE('',#468,#646);
#646 = DEFINITIONAL_REPRESENTATION('',(#647),#651);
#647 = LINE('',#648,#649);
#648 = CARTESIAN_POINT('',(3.752776749733,-6.5));
#649 = VECTOR('',#650,1.);
#650 = DIRECTION('',(0.5,0.866025403784));
#651 = ( GEOMETRIC_REPRESENTATION_CONTEXT(2) 
PARAMETRIC_REPRESENTATION_CONTEXT() REPRESENTATION_CONTEXT('2D SPACE',''
  ) );
#652 = ORIENTED_EDGE('',*,*,#505,.F.);
#653 = ADVANCED_FACE('',(#654),#355,.F.);
#654 = FACE_BOUND('',#655,.F.);
#655 = EDGE_LOOP('',(#656,#657,#658,#681));
#656 = ORIENTED_EDGE('',*,*,#339,.F.);
#657 = ORIENTED_EDGE('',*,*,#559,.T.);
#658 = ORIENTED_EDGE('',*,*,#659,.T.);
#659 = EDGE_CURVE('',#560,#660,#662,.T.);
#660 = VERTEX_POINT('',#661);
#661 = CARTESIAN_POINT('',(-3.637306695895,6.5,51.7));
#662 = SURFACE_CURVE('',#663,(#667,#674),.PCURVE_S1.);
#663 = LINE('',#664,#665);
#664 = CARTESIAN_POINT('',(3.752776749733,6.5,51.7));
#665 = VECTOR('',#666,1.);
#666 = DIRECTION('',(-1.,1.183361653159E-16,0.));
#667 = PCURVE('',#355,#668);
#668 = DEFINITIONAL_REPRESENTATION('',(#669),#673);
#669 = LINE('',#670,#671);
#670 = CARTESIAN_POINT('',(0.,-5.3));
#671 = VECTOR('',#672,1.);
#672 = DIRECTION('',(1.,0.));
#673 = ( GEOMETRIC_REPRESENTATION_CONTEXT(2) 
PARAMETRIC_REPRESENTATION_CONTEXT() REPRESENTATION_CONTEXT('2D SPACE',''
  ) );
#674 = PCURVE('',#468,#675);
#675 = DEFINITIONAL_REPRESENTATION('',(#676),#680);
#676 = LINE('',#677,#678);
#677 = CARTESIAN_POINT('',(3.752776749733,6.5));
#678 = VECTOR('',#679,1.);
#679 = DIRECTION('',(-1.,1.183361653159E-16));
#680 = ( GEOMETRIC_REPRESENTATION_CONTEXT(2) 
PARAMETRIC_REPRESENTATION_CONTEXT() REPRESENTATION_CONTEXT('2D SPACE',''
  ) );
#681 = ORIENTED_EDGE('',*,*,#682,.F.);
#682 = EDGE_CURVE('',#311,#660,#683,.T.);
#683 = SURFACE_CURVE('',#684,(#688,#695),.PCURVE_S1.);
#684 = LINE('',#685,#686);
#685 = CARTESIAN_POINT('',(-3.637306695895,6.5,46.4));
#686 = VECTOR('',#687,1.);
#687 = DIRECTION('',(0.,0.,1.));
#688 = PCURVE('',#355,#689);
#689 = DEFINITIONAL_REPRESENTATION('',(#690),#694);
#690 = LINE('',#691,#692);
#691 = CARTESIAN_POINT('',(7.390083445627,0.));
#692 = VECTOR('',#693,1.);
#693 = DIRECTION('',(0.,-1.));
#694 = ( GEOMETRIC_REPRESENTATION_CONTEXT(2) 
PARAMETRIC_REPRESENTATION_CONTEXT() REPRESENTATION_CONTEXT('2D SPACE',''
  ) );
#695 = PCURVE('',#327,#696);
#696 = DEFINITIONAL_REPRESENTATION('',(#697),#701);
#697 = LINE('',#698,#699);
#698 = CARTESIAN_POINT('',(0.,0.));
#699 = VECTOR('',#700,1.);
#700 = DIRECTION('',(0.,1.));
#701 = ( GEOMETRIC_REPRESENTATION_CONTEXT(2) 
PARAMETRIC_REPRESENTATION_CONTEXT() REPRESENTATION_CONTEXT('2D SPACE',''
  ) );
#702 = ADVANCED_FACE('',(#703),#156,.T.);
#703 = FACE_BOUND('',#704,.T.);
#704 = EDGE_LOOP('',(#705,#706,#707,#731));
#705 = ORIENTED_EDGE('',*,*,#139,.T.);
#706 = ORIENTED_EDGE('',*,*,#609,.T.);
#707 = ORIENTED_EDGE('',*,*,#708,.F.);
#708 = EDGE_CURVE('',#709,#610,#711,.T.);
#709 = VERTEX_POINT('',#710);
#710 = CARTESIAN_POINT('',(3.637306695895,-6.5,51.7));
#711 = SURFACE_CURVE('',#712,(#717,#724),.PCURVE_S1.);
#712 = CIRCLE('',#713,0.2);
#713 = AXIS2_PLACEMENT_3D('',#714,#715,#716);
#714 = CARTESIAN_POINT('',(3.637306695895,-6.3,51.7));
#715 = DIRECTION('',(0.,0.,1.));
#716 = DIRECTION('',(0.,-1.,0.));
#717 = PCURVE('',#156,#718);
#718 = DEFINITIONAL_REPRESENTATION('',(#719),#723);
#719 = LINE('',#720,#721);
#720 = CARTESIAN_POINT('',(5.916808265796E-16,5.3));
#721 = VECTOR('',#722,1.);
#722 = DIRECTION('',(1.,0.));
#723 = ( GEOMETRIC_REPRESENTATION_CONTEXT(2) 
PARAMETRIC_REPRESENTATION_CONTEXT() REPRESENTATION_CONTEXT('2D SPACE',''
  ) );
#724 = PCURVE('',#468,#725);
#725 = DEFINITIONAL_REPRESENTATION('',(#726),#730);
#726 = CIRCLE('',#727,0.2);
#727 = AXIS2_PLACEMENT_2D('',#728,#729);
#728 = CARTESIAN_POINT('',(3.637306695895,-6.3));
#729 = DIRECTION('',(0.,-1.));
#730 = ( GEOMETRIC_REPRESENTATION_CONTEXT(2) 
PARAMETRIC_REPRESENTATION_CONTEXT() REPRESENTATION_CONTEXT('2D SPACE',''
  ) );
#731 = ORIENTED_EDGE('',*,*,#732,.F.);
#732 = EDGE_CURVE('',#140,#709,#733,.T.);
#733 = SURFACE_CURVE('',#734,(#738,#745),.PCURVE_S1.);
#734 = LINE('',#735,#736);
#735 = CARTESIAN_POINT('',(3.637306695895,-6.5,46.4));
#736 = VECTOR('',#737,1.);
#737 = DIRECTION('',(0.,0.,1.));
#738 = PCURVE('',#156,#739);
#739 = DEFINITIONAL_REPRESENTATION('',(#740),#744);
#740 = LINE('',#741,#742);
#741 = CARTESIAN_POINT('',(0.,0.));
#742 = VECTOR('',#743,1.);
#743 = DIRECTION('',(0.,1.));
#744 = ( GEOMETRIC_REPRESENTATION_CONTEXT(2) 
PARAMETRIC_REPRESENTATION_CONTEXT() REPRESENTATION_CONTEXT('2D SPACE',''
  ) );
#745 = PCURVE('',#184,#746);
#746 = DEFINITIONAL_REPRESENTATION('',(#747),#751);
#747 = LINE('',#748,#749);
#748 = CARTESIAN_POINT('',(7.390083445627,0.));
#749 = VECTOR('',#750,1.);
#750 = DIRECTION('',(0.,-1.));
#751 = ( GEOMETRIC_REPRESENTATION_CONTEXT(2) 
PARAMETRIC_REPRESENTATION_CONTEXT() REPRESENTATION_CONTEXT('2D SPACE',''
  ) );
#752 = ADVANCED_FACE('',(#753),#327,.T.);
#753 = FACE_BOUND('',#754,.T.);
#754 = EDGE_LOOP('',(#755,#756,#779,#801));
#755 = ORIENTED_EDGE('',*,*,#310,.T.);
#756 = ORIENTED_EDGE('',*,*,#757,.T.);
#757 = EDGE_CURVE('',#283,#758,#760,.T.);
#758 = VERTEX_POINT('',#759);
#759 = CARTESIAN_POINT('',(-3.810511776652,6.4,51.7));
#760 = SURFACE_CURVE('',#761,(#765,#772),.PCURVE_S1.);
#761 = LINE('',#762,#763);
#762 = CARTESIAN_POINT('',(-3.810511776652,6.4,46.4));
#763 = VECTOR('',#764,1.);
#764 = DIRECTION('',(0.,0.,1.));
#765 = PCURVE('',#327,#766);
#766 = DEFINITIONAL_REPRESENTATION('',(#767),#771);
#767 = LINE('',#768,#769);
#768 = CARTESIAN_POINT('',(1.047197551197,0.));
#769 = VECTOR('',#770,1.);
#770 = DIRECTION('',(0.,1.));
#771 = ( GEOMETRIC_REPRESENTATION_CONTEXT(2) 
PARAMETRIC_REPRESENTATION_CONTEXT() REPRESENTATION_CONTEXT('2D SPACE',''
  ) );
#772 = PCURVE('',#298,#773);
#773 = DEFINITIONAL_REPRESENTATION('',(#774),#778);
#774 = LINE('',#775,#776);
#775 = CARTESIAN_POINT('',(0.115470053838,0.));
#776 = VECTOR('',#777,1.);
#777 = DIRECTION('',(0.,-1.));
#778 = ( GEOMETRIC_REPRESENTATION_CONTEXT(2) 
PARAMETRIC_REPRESENTATION_CONTEXT() REPRESENTATION_CONTEXT('2D SPACE',''
  ) );
#779 = ORIENTED_EDGE('',*,*,#780,.F.);
#780 = EDGE_CURVE('',#660,#758,#781,.T.);
#781 = SURFACE_CURVE('',#782,(#787,#794),.PCURVE_S1.);
#782 = CIRCLE('',#783,0.2);
#783 = AXIS2_PLACEMENT_3D('',#784,#785,#786);
#784 = CARTESIAN_POINT('',(-3.637306695895,6.3,51.7));
#785 = DIRECTION('',(0.,0.,1.));
#786 = DIRECTION('',(0.,-1.,0.));
#787 = PCURVE('',#327,#788);
#788 = DEFINITIONAL_REPRESENTATION('',(#789),#793);
#789 = LINE('',#790,#791);
#790 = CARTESIAN_POINT('',(-3.14159265359,5.3));
#791 = VECTOR('',#792,1.);
#792 = DIRECTION('',(1.,0.));
#793 = ( GEOMETRIC_REPRESENTATION_CONTEXT(2) 
PARAMETRIC_REPRESENTATION_CONTEXT() REPRESENTATION_CONTEXT('2D SPACE',''
  ) );
#794 = PCURVE('',#468,#795);
#795 = DEFINITIONAL_REPRESENTATION('',(#796),#800);
#796 = CIRCLE('',#797,0.2);
#797 = AXIS2_PLACEMENT_2D('',#798,#799);
#798 = CARTESIAN_POINT('',(-3.637306695895,6.3));
#799 = DIRECTION('',(0.,-1.));
#800 = ( GEOMETRIC_REPRESENTATION_CONTEXT(2) 
PARAMETRIC_REPRESENTATION_CONTEXT() REPRESENTATION_CONTEXT('2D SPACE',''
  ) );
#801 = ORIENTED_EDGE('',*,*,#682,.F.);
#802 = ADVANCED_FACE('',(#803),#184,.F.);
#803 = FACE_BOUND('',#804,.F.);
#804 = EDGE_LOOP('',(#805,#806,#829,#850));
#805 = ORIENTED_EDGE('',*,*,#168,.F.);
#806 = ORIENTED_EDGE('',*,*,#807,.T.);
#807 = EDGE_CURVE('',#169,#808,#810,.T.);
#808 = VERTEX_POINT('',#809);
#809 = CARTESIAN_POINT('',(-3.637306695895,-6.5,51.7));
#810 = SURFACE_CURVE('',#811,(#815,#822),.PCURVE_S1.);
#811 = LINE('',#812,#813);
#812 = CARTESIAN_POINT('',(-3.637306695895,-6.5,46.4));
#813 = VECTOR('',#814,1.);
#814 = DIRECTION('',(0.,0.,1.));
#815 = PCURVE('',#184,#816);
#816 = DEFINITIONAL_REPRESENTATION('',(#817),#821);
#817 = LINE('',#818,#819);
#818 = CARTESIAN_POINT('',(0.115470053838,0.));
#819 = VECTOR('',#820,1.);
#820 = DIRECTION('',(0.,-1.));
#821 = ( GEOMETRIC_REPRESENTATION_CONTEXT(2) 
PARAMETRIC_REPRESENTATION_CONTEXT() REPRESENTATION_CONTEXT('2D SPACE',''
  ) );
#822 = PCURVE('',#213,#823);
#823 = DEFINITIONAL_REPRESENTATION('',(#824),#828);
#824 = LINE('',#825,#826);
#825 = CARTESIAN_POINT('',(1.047197551197,0.));
#826 = VECTOR('',#827,1.);
#827 = DIRECTION('',(0.,1.));
#828 = ( GEOMETRIC_REPRESENTATION_CONTEXT(2) 
PARAMETRIC_REPRESENTATION_CONTEXT() REPRESENTATION_CONTEXT('2D SPACE',''
  ) );
#829 = ORIENTED_EDGE('',*,*,#830,.T.);
#830 = EDGE_CURVE('',#808,#709,#831,.T.);
#831 = SURFACE_CURVE('',#832,(#836,#843),.PCURVE_S1.);
#832 = LINE('',#833,#834);
#833 = CARTESIAN_POINT('',(-3.752776749733,-6.5,51.7));
#834 = VECTOR('',#835,1.);
#835 = DIRECTION('',(1.,-5.916808265796E-16,0.));
#836 = PCURVE('',#184,#837);
#837 = DEFINITIONAL_REPRESENTATION('',(#838),#842);
#838 = LINE('',#839,#840);
#839 = CARTESIAN_POINT('',(0.,-5.3));
#840 = VECTOR('',#841,1.);
#841 = DIRECTION('',(1.,0.));
#842 = ( GEOMETRIC_REPRESENTATION_CONTEXT(2) 
PARAMETRIC_REPRESENTATION_CONTEXT() REPRESENTATION_CONTEXT('2D SPACE',''
  ) );
#843 = PCURVE('',#468,#844);
#844 = DEFINITIONAL_REPRESENTATION('',(#845),#849);
#845 = LINE('',#846,#847);
#846 = CARTESIAN_POINT('',(-3.752776749733,-6.5));
#847 = VECTOR('',#848,1.);
#848 = DIRECTION('',(1.,-5.916808265796E-16));
#849 = ( GEOMETRIC_REPRESENTATION_CONTEXT(2) 
PARAMETRIC_REPRESENTATION_CONTEXT() REPRESENTATION_CONTEXT('2D SPACE',''
  ) );
#850 = ORIENTED_EDGE('',*,*,#732,.F.);
#851 = ADVANCED_FACE('',(#852),#298,.F.);
#852 = FACE_BOUND('',#853,.F.);
#853 = EDGE_LOOP('',(#854,#855,#856,#879));
#854 = ORIENTED_EDGE('',*,*,#282,.F.);
#855 = ORIENTED_EDGE('',*,*,#757,.T.);
#856 = ORIENTED_EDGE('',*,*,#857,.T.);
#857 = EDGE_CURVE('',#758,#858,#860,.T.);
#858 = VERTEX_POINT('',#859);
#859 = CARTESIAN_POINT('',(-7.447818472546,1.E-01,51.7));
#860 = SURFACE_CURVE('',#861,(#865,#872),.PCURVE_S1.);
#861 = LINE('',#862,#863);
#862 = CARTESIAN_POINT('',(-3.752776749733,6.5,51.7));
#863 = VECTOR('',#864,1.);
#864 = DIRECTION('',(-0.5,-0.866025403784,0.));
#865 = PCURVE('',#298,#866);
#866 = DEFINITIONAL_REPRESENTATION('',(#867),#871);
#867 = LINE('',#868,#869);
#868 = CARTESIAN_POINT('',(0.,-5.3));
#869 = VECTOR('',#870,1.);
#870 = DIRECTION('',(1.,0.));
#871 = ( GEOMETRIC_REPRESENTATION_CONTEXT(2) 
PARAMETRIC_REPRESENTATION_CONTEXT() REPRESENTATION_CONTEXT('2D SPACE',''
  ) );
#872 = PCURVE('',#468,#873);
#873 = DEFINITIONAL_REPRESENTATION('',(#874),#878);
#874 = LINE('',#875,#876);
#875 = CARTESIAN_POINT('',(-3.752776749733,6.5));
#876 = VECTOR('',#877,1.);
#877 = DIRECTION('',(-0.5,-0.866025403784));
#878 = ( GEOMETRIC_REPRESENTATION_CONTEXT(2) 
PARAMETRIC_REPRESENTATION_CONTEXT() REPRESENTATION_CONTEXT('2D SPACE',''
  ) );
#879 = ORIENTED_EDGE('',*,*,#880,.F.);
#880 = EDGE_CURVE('',#254,#858,#881,.T.);
#881 = SURFACE_CURVE('',#882,(#886,#893),.PCURVE_S1.);
#882 = LINE('',#883,#884);
#883 = CARTESIAN_POINT('',(-7.447818472546,1.E-01,46.4));
#884 = VECTOR('',#885,1.);
#885 = DIRECTION('',(0.,0.,1.));
#886 = PCURVE('',#298,#887);
#887 = DEFINITIONAL_REPRESENTATION('',(#888),#892);
#888 = LINE('',#889,#890);
#889 = CARTESIAN_POINT('',(7.390083445627,0.));
#890 = VECTOR('',#891,1.);
#891 = DIRECTION('',(0.,-1.));
#892 = ( GEOMETRIC_REPRESENTATION_CONTEXT(2) 
PARAMETRIC_REPRESENTATION_CONTEXT() REPRESENTATION_CONTEXT('2D SPACE',''
  ) );
#893 = PCURVE('',#270,#894);
#894 = DEFINITIONAL_REPRESENTATION('',(#895),#899);
#895 = LINE('',#896,#897);
#896 = CARTESIAN_POINT('',(0.,0.));
#897 = VECTOR('',#898,1.);
#898 = DIRECTION('',(0.,1.));
#899 = ( GEOMETRIC_REPRESENTATION_CONTEXT(2) 
PARAMETRIC_REPRESENTATION_CONTEXT() REPRESENTATION_CONTEXT('2D SPACE',''
  ) );
#900 = ADVANCED_FACE('',(#901),#213,.T.);
#901 = FACE_BOUND('',#902,.T.);
#902 = EDGE_LOOP('',(#903,#904,#905,#929));
#903 = ORIENTED_EDGE('',*,*,#196,.T.);
#904 = ORIENTED_EDGE('',*,*,#807,.T.);
#905 = ORIENTED_EDGE('',*,*,#906,.F.);
#906 = EDGE_CURVE('',#907,#808,#909,.T.);
#907 = VERTEX_POINT('',#908);
#908 = CARTESIAN_POINT('',(-3.810511776652,-6.4,51.7));
#909 = SURFACE_CURVE('',#910,(#915,#922),.PCURVE_S1.);
#910 = CIRCLE('',#911,0.2);
#911 = AXIS2_PLACEMENT_3D('',#912,#913,#914);
#912 = CARTESIAN_POINT('',(-3.637306695895,-6.3,51.7));
#913 = DIRECTION('',(0.,0.,1.));
#914 = DIRECTION('',(0.,-1.,0.));
#915 = PCURVE('',#213,#916);
#916 = DEFINITIONAL_REPRESENTATION('',(#917),#921);
#917 = LINE('',#918,#919);
#918 = CARTESIAN_POINT('',(-5.235987755983,5.3));
#919 = VECTOR('',#920,1.);
#920 = DIRECTION('',(1.,0.));
#921 = ( GEOMETRIC_REPRESENTATION_CONTEXT(2) 
PARAMETRIC_REPRESENTATION_CONTEXT() REPRESENTATION_CONTEXT('2D SPACE',''
  ) );
#922 = PCURVE('',#468,#923);
#923 = DEFINITIONAL_REPRESENTATION('',(#924),#928);
#924 = CIRCLE('',#925,0.2);
#925 = AXIS2_PLACEMENT_2D('',#926,#927);
#926 = CARTESIAN_POINT('',(-3.637306695895,-6.3));
#927 = DIRECTION('',(0.,-1.));
#928 = ( GEOMETRIC_REPRESENTATION_CONTEXT(2) 
PARAMETRIC_REPRESENTATION_CONTEXT() REPRESENTATION_CONTEXT('2D SPACE',''
  ) );
#929 = ORIENTED_EDGE('',*,*,#930,.F.);
#930 = EDGE_CURVE('',#197,#907,#931,.T.);
#931 = SURFACE_CURVE('',#932,(#936,#943),.PCURVE_S1.);
#932 = LINE('',#933,#934);
#933 = CARTESIAN_POINT('',(-3.810511776652,-6.4,46.4));
#934 = VECTOR('',#935,1.);
#935 = DIRECTION('',(0.,0.,1.));
#936 = PCURVE('',#213,#937);
#937 = DEFINITIONAL_REPRESENTATION('',(#938),#942);
#938 = LINE('',#939,#940);
#939 = CARTESIAN_POINT('',(0.,0.));
#940 = VECTOR('',#941,1.);
#941 = DIRECTION('',(0.,1.));
#942 = ( GEOMETRIC_REPRESENTATION_CONTEXT(2) 
PARAMETRIC_REPRESENTATION_CONTEXT() REPRESENTATION_CONTEXT('2D SPACE',''
  ) );
#943 = PCURVE('',#241,#944);
#944 = DEFINITIONAL_REPRESENTATION('',(#945),#949);
#945 = LINE('',#946,#947);
#946 = CARTESIAN_POINT('',(7.390083445627,0.));
#947 = VECTOR('',#948,1.);
#948 = DIRECTION('',(0.,-1.));
#949 = ( GEOMETRIC_REPRESENTATION_CONTEXT(2) 
PARAMETRIC_REPRESENTATION_CONTEXT() REPRESENTATION_CONTEXT('2D SPACE',''
  ) );
#950 = ADVANCED_FACE('',(#951),#270,.T.);
#951 = FACE_BOUND('',#952,.T.);
#952 = EDGE_LOOP('',(#953,#954,#977,#999));
#953 = ORIENTED_EDGE('',*,*,#253,.T.);
#954 = ORIENTED_EDGE('',*,*,#955,.T.);
#955 = EDGE_CURVE('',#226,#956,#958,.T.);
#956 = VERTEX_POINT('',#957);
#957 = CARTESIAN_POINT('',(-7.447818472546,-0.1,51.7));
#958 = SURFACE_CURVE('',#959,(#963,#970),.PCURVE_S1.);
#959 = LINE('',#960,#961);
#960 = CARTESIAN_POINT('',(-7.447818472546,-0.1,46.4));
#961 = VECTOR('',#962,1.);
#962 = DIRECTION('',(0.,0.,1.));
#963 = PCURVE('',#270,#964);
#964 = DEFINITIONAL_REPRESENTATION('',(#965),#969);
#965 = LINE('',#966,#967);
#966 = CARTESIAN_POINT('',(1.047197551197,0.));
#967 = VECTOR('',#968,1.);
#968 = DIRECTION('',(0.,1.));
#969 = ( GEOMETRIC_REPRESENTATION_CONTEXT(2) 
PARAMETRIC_REPRESENTATION_CONTEXT() REPRESENTATION_CONTEXT('2D SPACE',''
  ) );
#970 = PCURVE('',#241,#971);
#971 = DEFINITIONAL_REPRESENTATION('',(#972),#976);
#972 = LINE('',#973,#974);
#973 = CARTESIAN_POINT('',(0.115470053838,0.));
#974 = VECTOR('',#975,1.);
#975 = DIRECTION('',(0.,-1.));
#976 = ( GEOMETRIC_REPRESENTATION_CONTEXT(2) 
PARAMETRIC_REPRESENTATION_CONTEXT() REPRESENTATION_CONTEXT('2D SPACE',''
  ) );
#977 = ORIENTED_EDGE('',*,*,#978,.F.);
#978 = EDGE_CURVE('',#858,#956,#979,.T.);
#979 = SURFACE_CURVE('',#980,(#985,#992),.PCURVE_S1.);
#980 = CIRCLE('',#981,0.2);
#981 = AXIS2_PLACEMENT_3D('',#982,#983,#984);
#982 = CARTESIAN_POINT('',(-7.274613391789,-5.100121713918E-16,51.7));
#983 = DIRECTION('',(0.,0.,1.));
#984 = DIRECTION('',(0.,-1.,0.));
#985 = PCURVE('',#270,#986);
#986 = DEFINITIONAL_REPRESENTATION('',(#987),#991);
#987 = LINE('',#988,#989);
#988 = CARTESIAN_POINT('',(-4.188790204786,5.3));
#989 = VECTOR('',#990,1.);
#990 = DIRECTION('',(1.,0.));
#991 = ( GEOMETRIC_REPRESENTATION_CONTEXT(2) 
PARAMETRIC_REPRESENTATION_CONTEXT() REPRESENTATION_CONTEXT('2D SPACE',''
  ) );
#992 = PCURVE('',#468,#993);
#993 = DEFINITIONAL_REPRESENTATION('',(#994),#998);
#994 = CIRCLE('',#995,0.2);
#995 = AXIS2_PLACEMENT_2D('',#996,#997);
#996 = CARTESIAN_POINT('',(-7.274613391789,-4.311213945146E-16));
#997 = DIRECTION('',(0.,-1.));
#998 = ( GEOMETRIC_REPRESENTATION_CONTEXT(2) 
PARAMETRIC_REPRESENTATION_CONTEXT() REPRESENTATION_CONTEXT('2D SPACE',''
  ) );
#999 = ORIENTED_EDGE('',*,*,#880,.F.);
#1000 = ADVANCED_FACE('',(#1001),#241,.F.);
#1001 = FACE_BOUND('',#1002,.F.);
#1002 = EDGE_LOOP('',(#1003,#1004,#1005,#1026));
#1003 = ORIENTED_EDGE('',*,*,#225,.F.);
#1004 = ORIENTED_EDGE('',*,*,#955,.T.);
#1005 = ORIENTED_EDGE('',*,*,#1006,.T.);
#1006 = EDGE_CURVE('',#956,#907,#1007,.T.);
#1007 = SURFACE_CURVE('',#1008,(#1012,#1019),.PCURVE_S1.);
#1008 = LINE('',#1009,#1010);
#1009 = CARTESIAN_POINT('',(-7.505553499465,9.191652068949E-16,51.7));
#1010 = VECTOR('',#1011,1.);
#1011 = DIRECTION('',(0.5,-0.866025403784,0.));
#1012 = PCURVE('',#241,#1013);
#1013 = DEFINITIONAL_REPRESENTATION('',(#1014),#1018);
#1014 = LINE('',#1015,#1016);
#1015 = CARTESIAN_POINT('',(0.,-5.3));
#1016 = VECTOR('',#1017,1.);
#1017 = DIRECTION('',(1.,0.));
#1018 = ( GEOMETRIC_REPRESENTATION_CONTEXT(2) 
PARAMETRIC_REPRESENTATION_CONTEXT() REPRESENTATION_CONTEXT('2D SPACE',''
  ) );
#1019 = PCURVE('',#468,#1020);
#1020 = DEFINITIONAL_REPRESENTATION('',(#1021),#1025);
#1021 = LINE('',#1022,#1023);
#1022 = CARTESIAN_POINT('',(-7.505553499465,9.980559837722E-16));
#1023 = VECTOR('',#1024,1.);
#1024 = DIRECTION('',(0.5,-0.866025403784));
#1025 = ( GEOMETRIC_REPRESENTATION_CONTEXT(2) 
PARAMETRIC_REPRESENTATION_CONTEXT() REPRESENTATION_CONTEXT('2D SPACE',''
  ) );
#1026 = ORIENTED_EDGE('',*,*,#930,.F.);
#1027 = ADVANCED_FACE('',(#1028),#413,.T.);
#1028 = FACE_BOUND('',#1029,.F.);
#1029 = EDGE_LOOP('',(#1030,#1053,#1054,#1055));
#1030 = ORIENTED_EDGE('',*,*,#1031,.T.);
#1031 = EDGE_CURVE('',#1032,#397,#1034,.T.);
#1032 = VERTEX_POINT('',#1033);
#1033 = CARTESIAN_POINT('',(8.5,0.,45.));
#1034 = SEAM_CURVE('',#1035,(#1039,#1046),.PCURVE_S1.);
#1035 = LINE('',#1036,#1037);
#1036 = CARTESIAN_POINT('',(8.5,0.,45.));
#1037 = VECTOR('',#1038,1.);
#1038 = DIRECTION('',(0.,0.,1.));
#1039 = PCURVE('',#413,#1040);
#1040 = DEFINITIONAL_REPRESENTATION('',(#1041),#1045);
#1041 = LINE('',#1042,#1043);
#1042 = CARTESIAN_POINT('',(-0.,0.));
#1043 = VECTOR('',#1044,1.);
#1044 = DIRECTION('',(-0.,-1.));
#1045 = ( GEOMETRIC_REPRESENTATION_CONTEXT(2) 
PARAMETRIC_REPRESENTATION_CONTEXT() REPRESENTATION_CONTEXT('2D SPACE',''
  ) );
#1046 = PCURVE('',#413,#1047);
#1047 = DEFINITIONAL_REPRESENTATION('',(#1048),#1052);
#1048 = LINE('',#1049,#1050);
#1049 = CARTESIAN_POINT('',(-6.28318530718,0.));
#1050 = VECTOR('',#1051,1.);
#1051 = DIRECTION('',(-0.,-1.));
#1052 = ( GEOMETRIC_REPRESENTATION_CONTEXT(2) 
PARAMETRIC_REPRESENTATION_CONTEXT() REPRESENTATION_CONTEXT('2D SPACE',''
  ) );
#1053 = ORIENTED_EDGE('',*,*,#396,.T.);
#1054 = ORIENTED_EDGE('',*,*,#1031,.F.);
#1055 = ORIENTED_EDGE('',*,*,#1056,.F.);
#1056 = EDGE_CURVE('',#1032,#1032,#1057,.T.);
#1057 = SURFACE_CURVE('',#1058,(#1063,#1070),.PCURVE_S1.);
#1058 = CIRCLE('',#1059,8.5);
#1059 = AXIS2_PLACEMENT_3D('',#1060,#1061,#1062);
#1060 = CARTESIAN_POINT('',(0.,0.,45.));
#1061 = DIRECTION('',(0.,0.,1.));
#1062 = DIRECTION('',(1.,0.,0.));
#1063 = PCURVE('',#413,#1064);
#1064 = DEFINITIONAL_REPRESENTATION('',(#1065),#1069);
#1065 = LINE('',#1066,#1067);
#1066 = CARTESIAN_POINT('',(-0.,0.));
#1067 = VECTOR('',#1068,1.);
#1068 = DIRECTION('',(-1.,0.));
#1069 = ( GEOMETRIC_REPRESENTATION_CONTEXT(2) 
PARAMETRIC_REPRESENTATION_CONTEXT() REPRESENTATION_CONTEXT('2D SPACE',''
  ) );
#1070 = PCURVE('',#1071,#1076);
#1071 = PLANE('',#1072);
#1072 = AXIS2_PLACEMENT_3D('',#1073,#1074,#1075);
#1073 = CARTESIAN_POINT('',(-6.435012388421E-16,6.182685985047E-16,45.)
  );
#1074 = DIRECTION('',(0.,0.,1.));
#1075 = DIRECTION('',(1.,0.,-0.));
#1076 = DEFINITIONAL_REPRESENTATION('',(#1077),#1081);
#1077 = CIRCLE('',#1078,8.5);
#1078 = AXIS2_PLACEMENT_2D('',#1079,#1080);
#1079 = CARTESIAN_POINT('',(6.435012388421E-16,-6.182685985047E-16));
#1080 = DIRECTION('',(1.,0.));
#1081 = ( GEOMETRIC_REPRESENTATION_CONTEXT(2) 
PARAMETRIC_REPRESENTATION_CONTEXT() REPRESENTATION_CONTEXT('2D SPACE',''
  ) );
#1082 = ADVANCED_FACE('',(#1083),#468,.T.);
#1083 = FACE_BOUND('',#1084,.T.);
#1084 = EDGE_LOOP('',(#1085,#1086,#1087,#1088,#1089,#1090,#1091,#1092,
    #1093,#1094,#1095,#1096));
#1085 = ORIENTED_EDGE('',*,*,#452,.T.);
#1086 = ORIENTED_EDGE('',*,*,#582,.T.);
#1087 = ORIENTED_EDGE('',*,*,#659,.T.);
#1088 = ORIENTED_EDGE('',*,*,#780,.T.);
#1089 = ORIENTED_EDGE('',*,*,#857,.T.);
#1090 = ORIENTED_EDGE('',*,*,#978,.T.);
#1091 = ORIENTED_EDGE('',*,*,#1006,.T.);
#1092 = ORIENTED_EDGE('',*,*,#906,.T.);
#1093 = ORIENTED_EDGE('',*,*,#830,.T.);
#1094 = ORIENTED_EDGE('',*,*,#708,.T.);
#1095 = ORIENTED_EDGE('',*,*,#632,.T.);
#1096 = ORIENTED_EDGE('',*,*,#528,.F.);
#1097 = ADVANCED_FACE('',(#1098,#1101),#1071,.F.);
#1098 = FACE_BOUND('',#1099,.F.);
#1099 = EDGE_LOOP('',(#1100));
#1100 = ORIENTED_EDGE('',*,*,#1056,.T.);
#1101 = FACE_BOUND('',#1102,.F.);
#1102 = EDGE_LOOP('',(#1103));
#1103 = ORIENTED_EDGE('',*,*,#1104,.F.);
#1104 = EDGE_CURVE('',#1105,#1105,#1107,.T.);
#1105 = VERTEX_POINT('',#1106);
#1106 = CARTESIAN_POINT('',(3.325,0.,45.));
#1107 = SURFACE_CURVE('',#1108,(#1113,#1120),.PCURVE_S1.);
#1108 = CIRCLE('',#1109,3.325);
#1109 = AXIS2_PLACEMENT_3D('',#1110,#1111,#1112);
#1110 = CARTESIAN_POINT('',(0.,0.,45.));
#1111 = DIRECTION('',(0.,0.,1.));
#1112 = DIRECTION('',(1.,0.,0.));
#1113 = PCURVE('',#1071,#1114);
#1114 = DEFINITIONAL_REPRESENTATION('',(#1115),#1119);
#1115 = CIRCLE('',#1116,3.325);
#1116 = AXIS2_PLACEMENT_2D('',#1117,#1118);
#1117 = CARTESIAN_POINT('',(6.435012388421E-16,-6.182685985047E-16));
#1118 = DIRECTION('',(1.,0.));
#1119 = ( GEOMETRIC_REPRESENTATION_CONTEXT(2) 
PARAMETRIC_REPRESENTATION_CONTEXT() REPRESENTATION_CONTEXT('2D SPACE',''
  ) );
#1120 = PCURVE('',#1121,#1126);
#1121 = CYLINDRICAL_SURFACE('',#1122,3.325);
#1122 = AXIS2_PLACEMENT_3D('',#1123,#1124,#1125);
#1123 = CARTESIAN_POINT('',(0.,0.,0.));
#1124 = DIRECTION('',(-0.,-0.,-1.));
#1125 = DIRECTION('',(1.,0.,0.));
#1126 = DEFINITIONAL_REPRESENTATION('',(#1127),#1131);
#1127 = LINE('',#1128,#1129);
#1128 = CARTESIAN_POINT('',(-0.,-45.));
#1129 = VECTOR('',#1130,1.);
#1130 = DIRECTION('',(-1.,0.));
#1131 = ( GEOMETRIC_REPRESENTATION_CONTEXT(2) 
PARAMETRIC_REPRESENTATION_CONTEXT() REPRESENTATION_CONTEXT('2D SPACE',''
  ) );
#1132 = ADVANCED_FACE('',(#1133),#1121,.T.);
#1133 = FACE_BOUND('',#1134,.F.);
#1134 = EDGE_LOOP('',(#1135,#1158,#1159,#1160));
#1135 = ORIENTED_EDGE('',*,*,#1136,.T.);
#1136 = EDGE_CURVE('',#1137,#1105,#1139,.T.);
#1137 = VERTEX_POINT('',#1138);
#1138 = CARTESIAN_POINT('',(3.325,0.,0.));
#1139 = SEAM_CURVE('',#1140,(#1144,#1151),.PCURVE_S1.);
#1140 = LINE('',#1141,#1142);
#1141 = CARTESIAN_POINT('',(3.325,0.,0.));
#1142 = VECTOR('',#1143,1.);
#1143 = DIRECTION('',(0.,0.,1.));
#1144 = PCURVE('',#1121,#1145);
#1145 = DEFINITIONAL_REPRESENTATION('',(#1146),#1150);
#1146 = LINE('',#1147,#1148);
#1147 = CARTESIAN_POINT('',(-0.,0.));
#1148 = VECTOR('',#1149,1.);
#1149 = DIRECTION('',(-0.,-1.));
#1150 = ( GEOMETRIC_REPRESENTATION_CONTEXT(2) 
PARAMETRIC_REPRESENTATION_CONTEXT() REPRESENTATION_CONTEXT('2D SPACE',''
  ) );
#1151 = PCURVE('',#1121,#1152);
#1152 = DEFINITIONAL_REPRESENTATION('',(#1153),#1157);
#1153 = LINE('',#1154,#1155);
#1154 = CARTESIAN_POINT('',(-6.28318530718,0.));
#1155 = VECTOR('',#1156,1.);
#1156 = DIRECTION('',(-0.,-1.));
#1157 = ( GEOMETRIC_REPRESENTATION_CONTEXT(2) 
PARAMETRIC_REPRESENTATION_CONTEXT() REPRESENTATION_CONTEXT('2D SPACE',''
  ) );
#1158 = ORIENTED_EDGE('',*,*,#1104,.T.);
#1159 = ORIENTED_EDGE('',*,*,#1136,.F.);
#1160 = ORIENTED_EDGE('',*,*,#1161,.F.);
#1161 = EDGE_CURVE('',#1137,#1137,#1162,.T.);
#1162 = SURFACE_CURVE('',#1163,(#1168,#1175),.PCURVE_S1.);
#1163 = CIRCLE('',#1164,3.325);
#1164 = AXIS2_PLACEMENT_3D('',#1165,#1166,#1167);
#1165 = CARTESIAN_POINT('',(0.,0.,0.));
#1166 = DIRECTION('',(0.,0.,1.));
#1167 = DIRECTION('',(1.,0.,0.));
#1168 = PCURVE('',#1121,#1169);
#1169 = DEFINITIONAL_REPRESENTATION('',(#1170),#1174);
#1170 = LINE('',#1171,#1172);
#1171 = CARTESIAN_POINT('',(-0.,0.));
#1172 = VECTOR('',#1173,1.);
#1173 = DIRECTION('',(-1.,0.));
#1174 = ( GEOMETRIC_REPRESENTATION_CONTEXT(2) 
PARAMETRIC_REPRESENTATION_CONTEXT() REPRESENTATION_CONTEXT('2D SPACE',''
  ) );
#1175 = PCURVE('',#1176,#1181);
#1176 = PLANE('',#1177);
#1177 = AXIS2_PLACEMENT_3D('',#1178,#1179,#1180);
#1178 = CARTESIAN_POINT('',(-3.084451426781E-16,6.989840821321E-17,0.));
#1179 = DIRECTION('',(0.,0.,1.));
#1180 = DIRECTION('',(1.,0.,-0.));
#1181 = DEFINITIONAL_REPRESENTATION('',(#1182),#1186);
#1182 = CIRCLE('',#1183,3.325);
#1183 = AXIS2_PLACEMENT_2D('',#1184,#1185);
#1184 = CARTESIAN_POINT('',(3.084451426781E-16,-6.989840821321E-17));
#1185 = DIRECTION('',(1.,0.));
#1186 = ( GEOMETRIC_REPRESENTATION_CONTEXT(2) 
PARAMETRIC_REPRESENTATION_CONTEXT() REPRESENTATION_CONTEXT('2D SPACE',''
  ) );
#1187 = ADVANCED_FACE('',(#1188),#1176,.F.);
#1188 = FACE_BOUND('',#1189,.F.);
#1189 = EDGE_LOOP('',(#1190));
#1190 = ORIENTED_EDGE('',*,*,#1161,.T.);
#1191 = ( GEOMETRIC_REPRESENTATION_CONTEXT(3) 
GLOBAL_UNCERTAINTY_ASSIGNED_CONTEXT((#1195)) 
GLOBAL_UNIT_ASSIGNED_CONTEXT((#1192,#1193,#1194)) REPRESENTATION_CONTEXT
('Context #1','3D Context with UNIT and UNCERTAINTY') );
#1192 = ( LENGTH_UNIT() NAMED_UNIT(*) SI_UNIT(.MILLI.,.METRE.) );
#1193 = ( NAMED_UNIT(*) PLANE_ANGLE_UNIT() SI_UNIT($,.RADIAN.) );
#1194 = ( NAMED_UNIT(*) SI_UNIT($,.STERADIAN.) SOLID_ANGLE_UNIT() );
#1195 = UNCERTAINTY_MEASURE_WITH_UNIT(LENGTH_MEASURE(1.E-07),#1192,
  'distance_accuracy_value','confusion accuracy');
#1196 = CONTEXT_DEPENDENT_SHAPE_REPRESENTATION(#1197,#1199);
#1197 = ( REPRESENTATION_RELATIONSHIP('','',#36,#10) 
REPRESENTATION_RELATIONSHIP_WITH_TRANSFORMATION(#1198) 
SHAPE_REPRESENTATION_RELATIONSHIP() );
#1198 = ITEM_DEFINED_TRANSFORMATION('','',#11,#15);
#1199 = PRODUCT_DEFINITION_SHAPE('Placement','Placement of an item',
  #1200);
#1200 = NEXT_ASSEMBLY_USAGE_OCCURRENCE('1','','',#5,#31,$);
#1201 = PRODUCT_RELATED_PRODUCT_CATEGORY('part',$,(#33));
#1202 = SHAPE_DEFINITION_REPRESENTATION(#1203,#1209);
#1203 = PRODUCT_DEFINITION_SHAPE('','',#1204);
#1204 = PRODUCT_DEFINITION('design','',#1205,#1208);
#1205 = PRODUCT_DEFINITION_FORMATION('','',#1206);
#1206 = PRODUCT('Open CASCADE STEP translator 7.9 1.2',
  'Open CASCADE STEP translator 7.9 1.2','',(#1207));
#1207 = PRODUCT_CONTEXT('',#2,'mechanical');
#1208 = PRODUCT_DEFINITION_CONTEXT('part definition',#2,'design');
#1209 = ADVANCED_BREP_SHAPE_REPRESENTATION('',(#11,#1210),#4324);
#1210 = MANIFOLD_SOLID_BREP('',#1211);
#1211 = CLOSED_SHELL('',(#1212,#3884,#4269,#4312,#4318));
#1212 = ADVANCED_FACE('',(#1213),#1546,.F.);
#1213 = FACE_BOUND('',#1214,.F.);
#1214 = EDGE_LOOP('',(#1215,#2848,#2874,#3860));
#1215 = ORIENTED_EDGE('',*,*,#1216,.F.);
#1216 = EDGE_CURVE('',#1217,#1219,#1221,.T.);
#1217 = VERTEX_POINT('',#1218);
#1218 = CARTESIAN_POINT('',(3.34525,-3.330669073875E-16,-0.275));
#1219 = VERTEX_POINT('',#1220);
#1220 = CARTESIAN_POINT('',(1.03373912026,-3.181521862162,
    43.224999943655));
#1221 = SURFACE_CURVE('',#1222,(#1545,#2197),.PCURVE_S1.);
#1222 = B_SPLINE_CURVE_WITH_KNOTS('',11,(#1223,#1224,#1225,#1226,#1227,
    #1228,#1229,#1230,#1231,#1232,#1233,#1234,#1235,#1236,#1237,#1238,
    #1239,#1240,#1241,#1242,#1243,#1244,#1245,#1246,#1247,#1248,#1249,
    #1250,#1251,#1252,#1253,#1254,#1255,#1256,#1257,#1258,#1259,#1260,
    #1261,#1262,#1263,#1264,#1265,#1266,#1267,#1268,#1269,#1270,#1271,
    #1272,#1273,#1274,#1275,#1276,#1277,#1278,#1279,#1280,#1281,#1282,
    #1283,#1284,#1285,#1286,#1287,#1288,#1289,#1290,#1291,#1292,#1293,
    #1294,#1295,#1296,#1297,#1298,#1299,#1300,#1301,#1302,#1303,#1304,
    #1305,#1306,#1307,#1308,#1309,#1310,#1311,#1312,#1313,#1314,#1315,
    #1316,#1317,#1318,#1319,#1320,#1321,#1322,#1323,#1324,#1325,#1326,
    #1327,#1328,#1329,#1330,#1331,#1332,#1333,#1334,#1335,#1336,#1337,
    #1338,#1339,#1340,#1341,#1342,#1343,#1344,#1345,#1346,#1347,#1348,
    #1349,#1350,#1351,#1352,#1353,#1354,#1355,#1356,#1357,#1358,#1359,
    #1360,#1361,#1362,#1363,#1364,#1365,#1366,#1367,#1368,#1369,#1370,
    #1371,#1372,#1373,#1374,#1375,#1376,#1377,#1378,#1379,#1380,#1381,
    #1382,#1383,#1384,#1385,#1386,#1387,#1388,#1389,#1390,#1391,#1392,
    #1393,#1394,#1395,#1396,#1397,#1398,#1399,#1400,#1401,#1402,#1403,
    #1404,#1405,#1406,#1407,#1408,#1409,#1410,#1411,#1412,#1413,#1414,
    #1415,#1416,#1417,#1418,#1419,#1420,#1421,#1422,#1423,#1424,#1425,
    #1426,#1427,#1428,#1429,#1430,#1431,#1432,#1433,#1434,#1435,#1436,
    #1437,#1438,#1439,#1440,#1441,#1442,#1443,#1444,#1445,#1446,#1447,
    #1448,#1449,#1450,#1451,#1452,#1453,#1454,#1455,#1456,#1457,#1458,
    #1459,#1460,#1461,#1462,#1463,#1464,#1465,#1466,#1467,#1468,#1469,
    #1470,#1471,#1472,#1473,#1474,#1475,#1476,#1477,#1478,#1479,#1480,
    #1481,#1482,#1483,#1484,#1485,#1486,#1487,#1488,#1489,#1490,#1491,
    #1492,#1493,#1494,#1495,#1496,#1497,#1498,#1499,#1500,#1501,#1502,
    #1503,#1504,#1505,#1506,#1507,#1508,#1509,#1510,#1511,#1512,#1513,
    #1514,#1515,#1516,#1517,#1518,#1519,#1520,#1521,#1522,#1523,#1524,
    #1525,#1526,#1527,#1528,#1529,#1530,#1531,#1532,#1533,#1534,#1535,
    #1536,#1537,#1538,#1539,#1540,#1541,#1542,#1543,#1544),
  .UNSPECIFIED.,.F.,.F.,(12,10,10,10,10,10,10,10,10,10,10,10,10,10,10,10
    ,10,10,10,10,10,10,10,10,10,10,10,10,10,10,10,10,12),(0.,
    6.96687144352,13.933742887039,20.900614330559,27.867485774078,
    34.834357217598,41.801228661117,48.768100104637,55.734971548156,
    62.701842991676,69.668714435196,76.635585878715,83.602457322235,
    90.569328765754,97.536200209274,104.50307165279,111.46994309631,
    118.43681453983,125.40368598335,132.37055742687,139.33742887039,
    146.30430031391,153.27117175743,160.23804320095,167.20491464446,
    174.17178608798,181.1386575315,188.10552897502,195.07240041854,
    202.03927186206,209.00614330558,215.9730147491,222.93988619262),
  .UNSPECIFIED.);
#1223 = CARTESIAN_POINT('',(3.34525,3.330669073875E-15,-0.275));
#1224 = CARTESIAN_POINT('',(3.345250513708,2.077995017126,-0.15142098363
    ));
#1225 = CARTESIAN_POINT('',(1.926044209227,4.156074146064,
    -2.783874656528E-02));
#1226 = CARTESIAN_POINT('',(-0.919006029132,5.155725338713,
    9.573290865288E-02));
#1227 = CARTESIAN_POINT('',(-4.237182584428,3.999675927503,
    0.219328436363));
#1228 = CARTESIAN_POINT('',(-6.288687037278,0.513994048203,
    0.342884057936));
#1229 = CARTESIAN_POINT('',(-5.093457533876,-3.724092567992,
    0.466490856036));
#1230 = CARTESIAN_POINT('',(-1.52294503807,-5.624196317749,
    0.590046583837));
#1231 = CARTESIAN_POINT('',(1.910266589739,-4.87616376184,0.713641941045
    ));
#1232 = CARTESIAN_POINT('',(3.813769245309,-2.537278139786,
    0.837213772413));
#1233 = CARTESIAN_POINT('',(3.938043576591,-2.389389588754E-02,
    0.960795872108));
#1234 = CARTESIAN_POINT('',(1.766545488239,3.519670573896,1.207954072388
    ));
#1235 = CARTESIAN_POINT('',(-0.529320051079,4.549991128216,1.33153616263
    ));
#1236 = CARTESIAN_POINT('',(-3.477440639887,3.915799101871,
    1.455108029687));
#1237 = CARTESIAN_POINT('',(-5.702616877349,1.196362595745,
    1.578703302247));
#1238 = CARTESIAN_POINT('',(-5.630548402379,-2.847578049828,
    1.702259181732));
#1239 = CARTESIAN_POINT('',(-2.397053370101,-5.836635097698,
    1.82586576147));
#1240 = CARTESIAN_POINT('',(1.640110348291,-5.591152301818,
    1.949421642551));
#1241 = CARTESIAN_POINT('',(4.17655860914,-3.159501504146,2.073016912549
    ));
#1242 = CARTESIAN_POINT('',(4.577497014433,-0.170696298745,
    2.196588782254));
#1243 = CARTESIAN_POINT('',(3.370218650052,2.037249222171,2.32017087043)
  );
#1244 = CARTESIAN_POINT('',(-0.332795188389,3.924029978243,2.56732907323
    ));
#1245 = CARTESIAN_POINT('',(-2.828683368204,3.602936217156,
    2.690911161271));
#1246 = CARTESIAN_POINT('',(-5.01100497064,1.521809845587,2.814483031488
    ));
#1247 = CARTESIAN_POINT('',(-5.487377929082,-1.959542332204,
    2.938078300265));
#1248 = CARTESIAN_POINT('',(-3.312976272756,-5.369912876193,
    3.061634183547));
#1249 = CARTESIAN_POINT('',(1.005809483017,-6.229006453676,
    3.185240760096));
#1250 = CARTESIAN_POINT('',(4.319793009018,-3.910285715033,
    3.308796643397));
#1251 = CARTESIAN_POINT('',(5.211936620415,-0.511672002835,
    3.432391912142));
#1252 = CARTESIAN_POINT('',(3.992146377692,2.246193099745,3.555963782392
    ));
#1253 = CARTESIAN_POINT('',(1.809123989157,3.497974919065,3.679545870407
    ));
#1254 = CARTESIAN_POINT('',(-2.334054575668,3.171900557299,
    3.926704073239));
#1255 = CARTESIAN_POINT('',(-4.294378054186,1.594025128428,
    4.050286161266));
#1256 = CARTESIAN_POINT('',(-5.067727561845,-1.320686708071,
    4.173858031479));
#1257 = CARTESIAN_POINT('',(-3.654900763244,-4.537931588219,
    4.297453300294));
#1258 = CARTESIAN_POINT('',(-1.900486324944E-02,-6.309628744741,
    4.421009183503));
#1259 = CARTESIAN_POINT('',(4.112240494573,-4.785567075201,4.54461576014
    ));
#1260 = CARTESIAN_POINT('',(5.726347694903,-1.076981007638,
    4.668171643365));
#1261 = CARTESIAN_POINT('',(4.711254383733,2.286957302958,4.791766912158
    ));
#1262 = CARTESIAN_POINT('',(2.230231672904,4.001085206219,4.915338782388
    ));
#1263 = CARTESIAN_POINT('',(-0.285155099171,3.927778597627,
    5.038920870407));
#1264 = CARTESIAN_POINT('',(-3.647422165618,1.484949646731,
    5.286079073243));
#1265 = CARTESIAN_POINT('',(-4.494435051651,-0.884676522152,
    5.409661161245));
#1266 = CARTESIAN_POINT('',(-3.630891151812,-3.773950909315,
    5.533233031532));
#1267 = CARTESIAN_POINT('',(-0.745252445872,-5.778903138103,
    5.656828300205));
#1268 = CARTESIAN_POINT('',(3.280567653331,-5.389772903785,
    5.780384183613));
#1269 = CARTESIAN_POINT('',(6.006713339256,-1.931726941279,
    5.903990760036));
#1270 = CARTESIAN_POINT('',(5.445235070487,2.073731188256,6.027546643438
    ));
#1271 = CARTESIAN_POINT('',(2.822072803673,4.41157530419,6.151141912121)
  );
#1272 = CARTESIAN_POINT('',(-0.188976177414,4.576778795899,6.2747137824)
  );
#1273 = CARTESIAN_POINT('',(-2.295393370406,3.199988658988,
    6.398295870407));
#1274 = CARTESIAN_POINT('',(-3.885822693858,-0.639645135599,
    6.645454073238));
#1275 = CARTESIAN_POINT('',(-3.369893628039,-3.102646598965,
    6.769036161274));
#1276 = CARTESIAN_POINT('',(-1.123959695048,-5.114957538989,
    6.892608031459));
#1277 = CARTESIAN_POINT('',(2.384036427423,-5.316718254868,
    7.016203300326));
#1278 = CARTESIAN_POINT('',(5.613292349403,-2.881444964095,
    7.139759183468));
#1279 = CARTESIAN_POINT('',(6.130889603129,1.491431121645,7.263365760167
    ));
#1280 = CARTESIAN_POINT('',(3.559304555921,4.613274010091,7.386921643351
    ));
#1281 = CARTESIAN_POINT('',(0.101170854596,5.236015281856,7.510516912161
    ));
#1282 = CARTESIAN_POINT('',(-2.552489030857,3.803605643285,7.63408878239
    ));
#1283 = CARTESIAN_POINT('',(-3.629134062031,1.529099114635,
    7.757670870404));
#1284 = CARTESIAN_POINT('',(-2.978994835054,-2.575723913827,
    8.00482907325));
#1285 = CARTESIAN_POINT('',(-1.252178262137,-4.406205689962,
    8.12841116121));
#1286 = CARTESIAN_POINT('',(1.714224793713,-4.948485564193,8.25198303162
    ));
#1287 = CARTESIAN_POINT('',(4.810702868281,-3.287591915066,
    8.375578300049));
#1288 = CARTESIAN_POINT('',(6.291669369629,0.476101488127,8.499134183818
    ));
#1289 = CARTESIAN_POINT('',(4.44817209823,4.475035094708,8.622740759831)
  );
#1290 = CARTESIAN_POINT('',(0.624376972754,5.793194232097,8.746296643595
    ));
#1291 = CARTESIAN_POINT('',(-2.64954813557,4.517298556745,8.86989191203)
  );
#1292 = CARTESIAN_POINT('',(-4.163733156122,1.909435085778,
    8.993463782437));
#1293 = CARTESIAN_POINT('',(-3.893297555822,-0.592446018161,
    9.117045870397));
#1294 = CARTESIAN_POINT('',(-1.194198597693,-3.752686186829,
    9.364204073247));
#1295 = CARTESIAN_POINT('',(1.234578669636,-4.411169288392,
    9.487786161241));
#1296 = CARTESIAN_POINT('',(4.047193514617,-3.323597550471,
    9.611358031532));
#1297 = CARTESIAN_POINT('',(5.819560541327,-0.289547566783,
    9.734953300212));
#1298 = CARTESIAN_POINT('',(5.115767661118,3.693331466296,9.858509183597
    ));
#1299 = CARTESIAN_POINT('',(1.454490774903,6.139758195683,9.982115760058
    ));
#1300 = CARTESIAN_POINT('',(-2.49456678673,5.2657461542,10.105671643418)
  );
#1301 = CARTESIAN_POINT('',(-4.619393170072,2.467245085942,
    10.229266912134));
#1302 = CARTESIAN_POINT('',(-4.547843214299,-0.547483552602,
    10.352838782394));
#1303 = CARTESIAN_POINT('',(-3.010029673713,-2.539385655217,
    10.476420870407));
#1304 = CARTESIAN_POINT('',(0.942551457837,-3.823658020394,
    10.723579073238));
#1305 = CARTESIAN_POINT('',(3.357480981704,-3.11607452411,
    10.847161161271));
#1306 = CARTESIAN_POINT('',(5.187374693258,-0.719179959219,
    10.970733031464));
#1307 = CARTESIAN_POINT('',(5.113279244533,2.793832145278,
    11.094328300323));
#1308 = CARTESIAN_POINT('',(2.432148589172,5.822064008682,
    11.217884183464));
#1309 = CARTESIAN_POINT('',(-1.967857591564,5.994973779446,
    11.34149076018));
#1310 = CARTESIAN_POINT('',(-4.878312642755,3.186379100634,
    11.465046643334));
#1311 = CARTESIAN_POINT('',(-5.227812167962,-0.309954045602,
    11.588641912176));
#1312 = CARTESIAN_POINT('',(-3.591614415252,-2.843048018309,
    11.712213782382));
#1313 = CARTESIAN_POINT('',(-1.239646835595,-3.73791838669,
    11.835795870407));
#1314 = CARTESIAN_POINT('',(2.801513057542,-2.767722619048,
    12.082954073244));
#1315 = CARTESIAN_POINT('',(4.49086760245,-0.902611300402,
    12.206536161239));
#1316 = CARTESIAN_POINT('',(4.798734507496,2.097194113306,
    12.330108031544));
#1317 = CARTESIAN_POINT('',(2.900013969477,5.053814565686,
    12.453703300185));
#1318 = CARTESIAN_POINT('',(-0.968272515424,6.234919760376,
    12.577259183635));
#1319 = CARTESIAN_POINT('',(-4.810239615538,4.083352661354,
    12.70086576002));
#1320 = CARTESIAN_POINT('',(-5.824323800248,0.167923446039,
    12.824421643447));
#1321 = CARTESIAN_POINT('',(-4.295492082121,-2.995803622774,
    12.948016912117));
#1322 = CARTESIAN_POINT('',(-1.576866196343,-4.300710306572,
    13.071588782402));
#1323 = CARTESIAN_POINT('',(0.896084310429,-3.834813039923,
    13.195170870405));
#1324 = CARTESIAN_POINT('',(3.834813649809,-0.896084917194,
    13.442329073242));
#1325 = CARTESIAN_POINT('',(4.300707199593,1.5768692291,13.565911161257)
  );
#1326 = CARTESIAN_POINT('',(2.99581286505,4.295483826037,13.689483031497
    ));
#1327 = CARTESIAN_POINT('',(-0.167942469385,5.824338418661,
    13.813078300269));
#1328 = CARTESIAN_POINT('',(-4.083324662552,4.810222009606,
    13.936634183528));
#1329 = CARTESIAN_POINT('',(-6.234949401223,0.968287189267,
    14.060240760121));
#1330 = CARTESIAN_POINT('',(-5.053792161783,-2.900022551452,
    14.183796643376));
#1331 = CARTESIAN_POINT('',(-2.097205981839,-4.79873094095,
    14.307391912152));
#1332 = CARTESIAN_POINT('',(0.902615509636,-4.490868666973,
    14.430963782393));
#1333 = CARTESIAN_POINT('',(2.767721783035,-2.801512854564,
    14.554545870403));
#1334 = CARTESIAN_POINT('',(3.73791922373,1.239646636909,14.801704073251
    ));
#1335 = CARTESIAN_POINT('',(2.843043784591,3.591615377704,
    14.925286161202));
#1336 = CARTESIAN_POINT('',(0.309966239662,5.227809957581,
    15.048858031646));
#1337 = CARTESIAN_POINT('',(-3.186402958688,4.878315167328,
    15.172453299993));
#1338 = CARTESIAN_POINT('',(-5.994940707616,1.967857209347,
    15.296009183907));
#1339 = CARTESIAN_POINT('',(-5.822096948572,-2.432151564907,
    15.419615759727));
#1340 = CARTESIAN_POINT('',(-2.793808558854,-5.113274855927,
    15.543171643686));
#1341 = CARTESIAN_POINT('',(0.719167976183,-5.187377853524,
    15.66676691197));
#1342 = CARTESIAN_POINT('',(3.116078669258,-3.357479690059,
    15.790338782466));
#1343 = CARTESIAN_POINT('',(3.823657201527,-0.942551721581,
    15.913920870388));
#1344 = CARTESIAN_POINT('',(2.53938647272,3.010029941656,16.161079073258
    ));
#1345 = CARTESIAN_POINT('',(0.547479439904,4.547841822811,
    16.284661161191));
#1346 = CARTESIAN_POINT('',(-2.467233533919,4.619397656802,
    16.408233031651));
#1347 = CARTESIAN_POINT('',(-5.265767815554,2.494556473462,
    16.53182830001));
#1348 = CARTESIAN_POINT('',(-6.139729797678,-1.454473820786,
    16.655384183856));
#1349 = CARTESIAN_POINT('',(-3.693357997298,-5.115787409417,
    16.778990759806));
#1350 = CARTESIAN_POINT('',(0.289565384446,-5.819544475539,
    16.902546643604));
#1351 = CARTESIAN_POINT('',(3.323588984498,-4.047202470312,
    17.026141912031));
#1352 = CARTESIAN_POINT('',(4.411172147826,-1.234575402491,
    17.149713782434));
#1353 = CARTESIAN_POINT('',(3.752685626435,1.194197944955,17.2732958704)
  );
#1354 = CARTESIAN_POINT('',(0.592446575199,3.893298211429,
    17.520454073241));
#1355 = CARTESIAN_POINT('',(-1.909437865399,4.163729820786,
    17.644036161268));
#1356 = CARTESIAN_POINT('',(-4.517291051288,2.649557997091,
    17.767608031464));
#1357 = CARTESIAN_POINT('',(-5.793207312839,-0.624397084349,
    17.891203300329));
#1358 = CARTESIAN_POINT('',(-4.475019739868,-4.448142804475,
    18.01475918345));
#1359 = CARTESIAN_POINT('',(-0.476113791095,-6.291700070309,
    18.138365760199));
#1360 = CARTESIAN_POINT('',(3.287598712769,-4.81067986018,
    18.261921643314));
#1361 = CARTESIAN_POINT('',(4.948482939849,-1.714236905447,
    18.385516912192));
#1362 = CARTESIAN_POINT('',(4.406206420946,1.252182541908,18.50908878237
    ));
#1363 = CARTESIAN_POINT('',(2.575723777067,2.978993985689,
    18.632670870414));
#1364 = CARTESIAN_POINT('',(-1.529098982232,3.629134912093,
    18.879829073229));
#1365 = CARTESIAN_POINT('',(-3.803606270616,2.552484734611,
    19.003411161308));
#1366 = CARTESIAN_POINT('',(-5.236014034982,-0.101158524546,
    19.126983031379));
#1367 = CARTESIAN_POINT('',(-4.613274655027,-3.559328538758,
    19.250578300459));
#1368 = CARTESIAN_POINT('',(-1.491433335442,-6.130856602949,
    19.374134183302));
#1369 = CARTESIAN_POINT('',(2.881450515234,-5.613324954578,
    19.497740760328));
#1370 = CARTESIAN_POINT('',(5.316712029045,-2.384013257806,
    19.621296643231));
#1371 = CARTESIAN_POINT('',(5.11496162982,1.123947996766,19.74489191223)
  );
#1372 = CARTESIAN_POINT('',(3.102644986022,3.369897659127,19.86846378236
    ));
#1373 = CARTESIAN_POINT('',(0.639645462789,3.885821898191,
    19.992045870413));
#1374 = CARTESIAN_POINT('',(-3.199988990252,2.29539416438,
    20.239204073237));
#1375 = CARTESIAN_POINT('',(-4.576777086016,0.188972186521,
    20.362786161266));
#1376 = CARTESIAN_POINT('',(-4.411580683451,-2.822061639187,
    20.486358031487));
#1377 = CARTESIAN_POINT('',(-2.073719207247,-5.445255856038,
    20.609953300272));
#1378 = CARTESIAN_POINT('',(1.931707811317,-6.006686358853,
    20.73350918354));
#1379 = CARTESIAN_POINT('',(5.389794672867,-3.280592553218,
    20.857115760097));
#1380 = CARTESIAN_POINT('',(5.778885723807,0.745268948159,
    20.980671643399));
#1381 = CARTESIAN_POINT('',(3.773960509541,3.630883314876,21.10426691214
    ));
#1382 = CARTESIAN_POINT('',(0.884673040701,4.494437645944,
    21.227838782393));
#1383 = CARTESIAN_POINT('',(-1.484948952029,3.647421658161,
    21.351420870408));
#1384 = CARTESIAN_POINT('',(-3.927779294926,0.285155603061,
    21.598579073236));
#1385 = CARTESIAN_POINT('',(-4.001081663048,-2.230234182299,
    21.722161161284));
#1386 = CARTESIAN_POINT('',(-2.286967723026,-4.711247675078,
    21.845733031424));
#1387 = CARTESIAN_POINT('',(1.077002083688,-5.726359157453,
    21.96932830041));
#1388 = CARTESIAN_POINT('',(4.785536666795,-4.112227485392,
    22.092884183325));
#1389 = CARTESIAN_POINT('',(6.309660316326,1.899500696976E-02,
    22.216490760345));
#1390 = CARTESIAN_POINT('',(4.537908117469,3.654905734755,
    22.340046643187));
#1391 = CARTESIAN_POINT('',(1.320698988522,5.067725895898,
    22.463641912273));
#1392 = CARTESIAN_POINT('',(-1.594029452421,4.29437844712,
    22.587213782336));
#1393 = CARTESIAN_POINT('',(-3.171899699811,2.334054505971,
    22.710795870421));
#1394 = CARTESIAN_POINT('',(-3.497975776897,-1.809123923858,
    22.957954073227));
#1395 = CARTESIAN_POINT('',(-2.246188767534,-3.992146666011,
    23.081536161309));
#1396 = CARTESIAN_POINT('',(0.511659613002,-5.211936344776,
    23.205108031386));
#1397 = CARTESIAN_POINT('',(3.910309674472,-4.319791770344,
    23.328703300437));
#1398 = CARTESIAN_POINT('',(6.228973729007,-1.005814279052,
    23.452259183343));
#1399 = CARTESIAN_POINT('',(5.369944945228,3.312984364819,
    23.575865760273));
#1400 = CARTESIAN_POINT('',(1.959519722558,5.487369904705,
    23.699421643285));
#1401 = CARTESIAN_POINT('',(-1.521798504378,5.011009966629,
    23.82301691219));
#1402 = CARTESIAN_POINT('',(-3.602940109243,2.828681443975,
    23.946588782383));
#1403 = CARTESIAN_POINT('',(-3.92402921071,0.332795577001,
    24.070170870403));
#1404 = CARTESIAN_POINT('',(-2.037249987695,-3.370219042608,
    24.317329073253));
#1405 = CARTESIAN_POINT('',(0.170700143128,-4.577494996563,
    24.440911161192));
#1406 = CARTESIAN_POINT('',(3.159490796242,-4.176564848187,
    24.564483031662));
#1407 = CARTESIAN_POINT('',(5.591172083109,-1.640096772539,
    24.688078299987));
#1408 = CARTESIAN_POINT('',(5.836609701549,2.397032180874,
    24.811634183882));
#1409 = CARTESIAN_POINT('',(2.847601164874,5.630572059765,
    24.935240759788));
#1410 = CARTESIAN_POINT('',(-1.196377680829,5.702598220046,
    25.058796643609));
#1411 = CARTESIAN_POINT('',(-3.915792042289,3.477450827159,
    25.182391912037));
#1412 = CARTESIAN_POINT('',(-4.549993441402,0.529316375475,
    25.305963782424));
#1413 = CARTESIAN_POINT('',(-3.519670122476,-1.766544755025,
    25.429545870408));
#1414 = CARTESIAN_POINT('',(2.389344818987E-02,-3.938044312955,
    25.676704073223));
#1415 = CARTESIAN_POINT('',(2.537280363874,-3.813765506333,
    25.80028616136));
#1416 = CARTESIAN_POINT('',(4.876157890197,-1.910277532519,
    25.923858031238));
#1417 = CARTESIAN_POINT('',(5.624206093827,1.522967007132,26.04745330071
    ));
#1418 = CARTESIAN_POINT('',(3.724081980825,5.093426104113,
    26.171009182972));
#1419 = CARTESIAN_POINT('',(-0.513986694362,6.288719408401,
    26.294615760651));
#1420 = CARTESIAN_POINT('',(-3.999679047571,4.237158662158,
    26.418171642993));
#1421 = CARTESIAN_POINT('',(-5.155724636594,0.919018523173,
    26.541766912356));
#1422 = CARTESIAN_POINT('',(-4.156074202139,-1.92604864129,
    26.66533878232));
#1423 = CARTESIAN_POINT('',(-2.077995012694,-3.345249597527,
    26.788920870413));
#1424 = CARTESIAN_POINT('',(2.077995014901,-3.345250457822,
    27.036079073257));
#1425 = CARTESIAN_POINT('',(4.156074149649,-1.926044299863,
    27.159661161152));
#1426 = CARTESIAN_POINT('',(5.155725333972,0.919006150005,27.28323303177
    ));
#1427 = CARTESIAN_POINT('',(3.999675932729,4.237182450425,
    27.406828299795));
#1428 = CARTESIAN_POINT('',(0.513994043364,6.288687161017,
    27.530384184134));
#1429 = CARTESIAN_POINT('',(-3.724092564238,5.093457439331,
    27.653990759533));
#1430 = CARTESIAN_POINT('',(-5.624196320141,1.52294509678,
    27.777546643814));
#1431 = CARTESIAN_POINT('',(-4.876163760642,-1.910266618242,
    27.901141911905));
#1432 = CARTESIAN_POINT('',(-2.537278140214,-3.813769235456,
    28.024713782493));
#1433 = CARTESIAN_POINT('',(-2.389389581099E-02,-3.938043578279,
    28.148295870378));
#1434 = CARTESIAN_POINT('',(3.519670573853,-1.76654548738,
    28.395454073275));
#1435 = CARTESIAN_POINT('',(4.549991128293,0.529320049636,
    28.519036161111));
#1436 = CARTESIAN_POINT('',(3.915799101763,3.477440641888,
    28.642608031848));
#1437 = CARTESIAN_POINT('',(1.196362595888,5.702616875061,
    28.766203299676));
#1438 = CARTESIAN_POINT('',(-2.847578050011,5.630548404524,
    28.889759184277));
#1439 = CARTESIAN_POINT('',(-5.836635097488,2.397053368471,
    29.013365759403));
#1440 = CARTESIAN_POINT('',(-5.591152302008,-1.640110347301,
    29.136921643897));
#1441 = CARTESIAN_POINT('',(-3.159501504022,-4.176558609609,
    29.260516911876));
#1442 = CARTESIAN_POINT('',(-0.170696298795,-4.577497014273,
    29.384088782485));
#1443 = CARTESIAN_POINT('',(2.037249222177,-3.370218650079,
    29.507670870397));
#1444 = CARTESIAN_POINT('',(3.924029978254,0.332795188394,
    29.754829073225));
#1445 = CARTESIAN_POINT('',(3.602936217097,2.828683368235,
    29.878411161373));
#1446 = CARTESIAN_POINT('',(1.521809845726,5.011004970537,
    30.001983031192));
#1447 = CARTESIAN_POINT('',(-1.959542332437,5.487377929243,30.1255783008
    ));
#1448 = CARTESIAN_POINT('',(-5.36991287589,3.312976272615,
    30.249134182849));
#1449 = CARTESIAN_POINT('',(-6.229006453987,-1.005809482965,
    30.372740760779));
#1450 = CARTESIAN_POINT('',(-3.910285714787,-4.319793008992,
    30.496296642893));
#1451 = CARTESIAN_POINT('',(-0.511672002979,-5.211936620458,
    30.619891912415));
#1452 = CARTESIAN_POINT('',(2.246193099802,-3.99214637767,
    30.743463782295));
#1453 = CARTESIAN_POINT('',(3.497974919057,-1.80912398916,
    30.867045870419));
#1454 = CARTESIAN_POINT('',(3.171900557291,2.334054575669,31.11420407325
    ));
#1455 = CARTESIAN_POINT('',(1.594025128489,4.294378054181,
    31.237786161173));
#1456 = CARTESIAN_POINT('',(-1.320686708223,5.06772756185,
    31.361358031738));
#1457 = CARTESIAN_POINT('',(-4.537931587976,3.654900763273,
    31.484953299816));
#1458 = CARTESIAN_POINT('',(-6.30962874502,1.900486314124E-02,
    31.60850918415));
#1459 = CARTESIAN_POINT('',(-4.78556707496,-4.112240494387,
    31.732115759476));
#1460 = CARTESIAN_POINT('',(-1.076981007805,-5.726347695101,
    31.855671643884));
#1461 = CARTESIAN_POINT('',(2.286957303053,-4.711254383594,
    31.979266911854));
#1462 = CARTESIAN_POINT('',(4.001085206174,-2.230231672965,
    32.102838782515));
#1463 = CARTESIAN_POINT('',(3.927778597641,0.285155099185,
    32.226420870376));
#1464 = CARTESIAN_POINT('',(1.484949646717,3.647422165609,
    32.473579073269));
#1465 = CARTESIAN_POINT('',(-0.884676522097,4.494435051669,
    32.597161161156));
#1466 = CARTESIAN_POINT('',(-3.773950909436,3.630891151788,
    32.720733031723));
#1467 = CARTESIAN_POINT('',(-5.778903137925,0.745252445907,
    32.844328299906));
#1468 = CARTESIAN_POINT('',(-5.389772903965,-3.280567653385,
    32.967884183968));
#1469 = CARTESIAN_POINT('',(-1.931726941156,-6.006713339184,
    33.091490759718));
#1470 = CARTESIAN_POINT('',(2.073731188202,-5.445235070557,
    33.215046643653));
#1471 = CARTESIAN_POINT('',(4.411575304204,-2.822072803628,
    33.338641912016));
#1472 = CARTESIAN_POINT('',(4.576778795897,0.188976177398,33.46221378243
    ));
#1473 = CARTESIAN_POINT('',(3.199988658987,2.295393370405,
    33.585795870409));
#1474 = CARTESIAN_POINT('',(-0.639645135593,3.885822693871,
    33.832954073218));
#1475 = CARTESIAN_POINT('',(-3.102646599006,3.369893627976,
    33.956536161384));
#1476 = CARTESIAN_POINT('',(-5.114957538887,1.12395969519,
    34.080108031182));
#1477 = CARTESIAN_POINT('',(-5.316718255011,-2.384036427649,
    34.203703300799));
#1478 = CARTESIAN_POINT('',(-2.881444963984,-5.613292349126,
    34.327259182868));
#1479 = CARTESIAN_POINT('',(1.491431121624,-6.130889603401,
    34.450865760747));
#1480 = CARTESIAN_POINT('',(4.613274010041,-3.559304555709,
    34.574421642921));
#1481 = CARTESIAN_POINT('',(5.236015281914,-0.101170854725,
    34.698016912403));
#1482 = CARTESIAN_POINT('',(3.803605643255,2.552489030916,34.82158878229
    ));
#1483 = CARTESIAN_POINT('',(1.52909911464,3.629134062013,34.945170870431
    ));
#1484 = CARTESIAN_POINT('',(-2.57572391383,2.978994835076,
    35.192329073218));
#1485 = CARTESIAN_POINT('',(-4.406205689968,1.252178262048,
    35.315911161338));
#1486 = CARTESIAN_POINT('',(-4.948485564168,-1.714224793514,
    35.439483031323));
#1487 = CARTESIAN_POINT('',(-3.287591915092,-4.810702868581,
    35.563078300536));
#1488 = CARTESIAN_POINT('',(0.476101488106,-6.291669369297,
    35.686634183222));
#1489 = CARTESIAN_POINT('',(4.475035094797,-4.448172098505,
    35.810240760386));
#1490 = CARTESIAN_POINT('',(5.793194231977,-0.624376972582,
    35.933796643204));
#1491 = CARTESIAN_POINT('',(4.517298556836,2.649548135488,
    36.057391912232));
#1492 = CARTESIAN_POINT('',(1.909435085739,4.16373315615,36.180963782369
    ));
#1493 = CARTESIAN_POINT('',(-0.592446018156,3.893297555818,
    36.304545870404));
#1494 = CARTESIAN_POINT('',(-3.752686186826,1.194198597688,
    36.551704073258));
#1495 = CARTESIAN_POINT('',(-4.411169288409,-1.234578669595,
    36.675286161163));
#1496 = CARTESIAN_POINT('',(-3.323597550435,-4.047193514724,
    36.798858031736));
#1497 = CARTESIAN_POINT('',(-0.289547566841,-5.819560541156,
    36.922453299859));
#1498 = CARTESIAN_POINT('',(3.693331466382,-5.115767661299,
    37.046009184047));
#1499 = CARTESIAN_POINT('',(6.139758195575,-1.454490774774,
    37.169615759622));
#1500 = CARTESIAN_POINT('',(5.265746154307,2.49456678667,37.293171643744
    ));
#1501 = CARTESIAN_POINT('',(2.467245085863,4.619393170089,
    37.416766911946));
#1502 = CARTESIAN_POINT('',(-0.54748355256,4.547843214295,
    37.540338782476));
#1503 = CARTESIAN_POINT('',(-2.539385655232,3.010029673716,
    37.663920870382));
#1504 = CARTESIAN_POINT('',(-3.823658020374,-0.942551457844,
    37.911079073272));
#1505 = CARTESIAN_POINT('',(-3.116074524188,-3.357480981655,
    38.034661161125));
#1506 = CARTESIAN_POINT('',(-0.719179959049,-5.18737469338,
    38.158233031813));
#1507 = CARTESIAN_POINT('',(2.793832145011,-5.113279244355,
    38.28182829974));
#1508 = CARTESIAN_POINT('',(5.822064009006,-2.432148589327,
    38.405384184187));
#1509 = CARTESIAN_POINT('',(5.994973779136,1.967857591626,
    38.528990759496));
#1510 = CARTESIAN_POINT('',(3.186379100866,4.878312642776,
    38.652546643826));
#1511 = CARTESIAN_POINT('',(-0.309954045735,5.227812167918,
    38.776141911912));
#1512 = CARTESIAN_POINT('',(-2.843048018256,3.591614415275,
    38.899713782477));
#1513 = CARTESIAN_POINT('',(-3.737918386699,1.239646835591,
    39.023295870393));
#1514 = CARTESIAN_POINT('',(-2.76772261905,-2.801513057543,
    39.270454073242));
#1515 = CARTESIAN_POINT('',(-0.902611300369,-4.490867602453,
    39.394036161275));
#1516 = CARTESIAN_POINT('',(2.097194113217,-4.798734507475,
    39.517608031448));
#1517 = CARTESIAN_POINT('',(5.053814565836,-2.900013969525,
    39.641203300342));
#1518 = CARTESIAN_POINT('',(6.234919760199,0.968272515488,
    39.764759183459));
#1519 = CARTESIAN_POINT('',(4.083352661502,4.810239615488,39.88836576016
    ));
#1520 = CARTESIAN_POINT('',(0.167923445956,5.824323800269,40.01192164337
    ));
#1521 = CARTESIAN_POINT('',(-2.995803622748,4.29549208212,
    40.135516912143));
#1522 = CARTESIAN_POINT('',(-4.300710306568,1.576866196339,40.2590887824
    ));
#1523 = CARTESIAN_POINT('',(-3.834813039935,-0.896084310426,
    40.382670870401));
#1524 = CARTESIAN_POINT('',(-0.896084917166,-3.834813649814,
    40.629829073254));
#1525 = CARTESIAN_POINT('',(1.576869228942,-4.30070719953,
    40.753411161217));
#1526 = CARTESIAN_POINT('',(4.29548382644,-2.995812865276,
    40.876983031537));
#1527 = CARTESIAN_POINT('',(5.82433841798,0.167942469896,41.000578300347
    ));
#1528 = CARTESIAN_POINT('',(4.810222010468,4.083324661676,
    41.124134183131));
#1529 = CARTESIAN_POINT('',(0.968287188383,6.234949402443,
    41.247740760992));
#1530 = CARTESIAN_POINT('',(-2.900022550651,5.05379216036,
    41.371296642086));
#1531 = CARTESIAN_POINT('',(-4.798730941617,2.09720598323,
    41.494891913577));
#1532 = CARTESIAN_POINT('',(-4.490868666474,-0.902615510759,
    41.618463781172));
#1533 = CARTESIAN_POINT('',(-2.801512854877,-2.767721782299,
    41.742045871223));
#1534 = CARTESIAN_POINT('',(1.239646637532,-3.737919225228,
    41.989204071574));
#1535 = CARTESIAN_POINT('',(3.59161537405,-2.843043775755,
    42.112786171112));
#1536 = CARTESIAN_POINT('',(5.227809968156,-0.309966265297,
    42.236358002881));
#1537 = CARTESIAN_POINT('',(4.878315145565,3.186403011563,42.35995335936
    ));
#1538 = CARTESIAN_POINT('',(1.967857244343,5.994940622389,
    42.483509088162));
#1539 = CARTESIAN_POINT('',(-2.432151610643,5.822097060203,
    42.607115885196));
#1540 = CARTESIAN_POINT('',(-5.113274806447,2.793808437879,
    42.730671507661));
#1541 = CARTESIAN_POINT('',(-5.187377898137,-0.719167866988,
    42.854267034781));
#1542 = CARTESIAN_POINT('',(-3.357479656603,-3.116078751185,
    42.977838690308));
#1543 = CARTESIAN_POINT('',(-0.942551742217,-3.823657150985,
    43.101420927245));
#1544 = CARTESIAN_POINT('',(1.03373912026,-3.181521862162,
    43.224999943655));
#1545 = PCURVE('',#1546,#2191);
#1546 = B_SPLINE_SURFACE_WITH_KNOTS('',1,11,(
    (#1547,#1548,#1549,#1550,#1551,#1552,#1553,#1554,#1555,#1556,#1557
      ,#1558,#1559,#1560,#1561,#1562,#1563,#1564,#1565,#1566,#1567,#1568
      ,#1569,#1570,#1571,#1572,#1573,#1574,#1575,#1576,#1577,#1578,#1579
      ,#1580,#1581,#1582,#1583,#1584,#1585,#1586,#1587,#1588,#1589,#1590
      ,#1591,#1592,#1593,#1594,#1595,#1596,#1597,#1598,#1599,#1600,#1601
      ,#1602,#1603,#1604,#1605,#1606,#1607,#1608,#1609,#1610,#1611,#1612
      ,#1613,#1614,#1615,#1616,#1617,#1618,#1619,#1620,#1621,#1622,#1623
      ,#1624,#1625,#1626,#1627,#1628,#1629,#1630,#1631,#1632,#1633,#1634
      ,#1635,#1636,#1637,#1638,#1639,#1640,#1641,#1642,#1643,#1644,#1645
      ,#1646,#1647,#1648,#1649,#1650,#1651,#1652,#1653,#1654,#1655,#1656
      ,#1657,#1658,#1659,#1660,#1661,#1662,#1663,#1664,#1665,#1666,#1667
      ,#1668,#1669,#1670,#1671,#1672,#1673,#1674,#1675,#1676,#1677,#1678
      ,#1679,#1680,#1681,#1682,#1683,#1684,#1685,#1686,#1687,#1688,#1689
      ,#1690,#1691,#1692,#1693,#1694,#1695,#1696,#1697,#1698,#1699,#1700
      ,#1701,#1702,#1703,#1704,#1705,#1706,#1707,#1708,#1709,#1710,#1711
      ,#1712,#1713,#1714,#1715,#1716,#1717,#1718,#1719,#1720,#1721,#1722
      ,#1723,#1724,#1725,#1726,#1727,#1728,#1729,#1730,#1731,#1732,#1733
      ,#1734,#1735,#1736,#1737,#1738,#1739,#1740,#1741,#1742,#1743,#1744
      ,#1745,#1746,#1747,#1748,#1749,#1750,#1751,#1752,#1753,#1754,#1755
      ,#1756,#1757,#1758,#1759,#1760,#1761,#1762,#1763,#1764,#1765,#1766
      ,#1767,#1768,#1769,#1770,#1771,#1772,#1773,#1774,#1775,#1776,#1777
      ,#1778,#1779,#1780,#1781,#1782,#1783,#1784,#1785,#1786,#1787,#1788
      ,#1789,#1790,#1791,#1792,#1793,#1794,#1795,#1796,#1797,#1798,#1799
      ,#1800,#1801,#1802,#1803,#1804,#1805,#1806,#1807,#1808,#1809,#1810
      ,#1811,#1812,#1813,#1814,#1815,#1816,#1817,#1818,#1819,#1820,#1821
      ,#1822,#1823,#1824,#1825,#1826,#1827,#1828,#1829,#1830,#1831,#1832
      ,#1833,#1834,#1835,#1836,#1837,#1838,#1839,#1840,#1841,#1842,#1843
      ,#1844,#1845,#1846,#1847,#1848,#1849,#1850,#1851,#1852,#1853,#1854
      ,#1855,#1856,#1857,#1858,#1859,#1860,#1861,#1862,#1863,#1864,#1865
      ,#1866,#1867,#1868)
    ,(#1869,#1870,#1871,#1872,#1873,#1874,#1875,#1876,#1877,#1878,#1879
      ,#1880,#1881,#1882,#1883,#1884,#1885,#1886,#1887,#1888,#1889,#1890
      ,#1891,#1892,#1893,#1894,#1895,#1896,#1897,#1898,#1899,#1900,#1901
      ,#1902,#1903,#1904,#1905,#1906,#1907,#1908,#1909,#1910,#1911,#1912
      ,#1913,#1914,#1915,#1916,#1917,#1918,#1919,#1920,#1921,#1922,#1923
      ,#1924,#1925,#1926,#1927,#1928,#1929,#1930,#1931,#1932,#1933,#1934
      ,#1935,#1936,#1937,#1938,#1939,#1940,#1941,#1942,#1943,#1944,#1945
      ,#1946,#1947,#1948,#1949,#1950,#1951,#1952,#1953,#1954,#1955,#1956
      ,#1957,#1958,#1959,#1960,#1961,#1962,#1963,#1964,#1965,#1966,#1967
      ,#1968,#1969,#1970,#1971,#1972,#1973,#1974,#1975,#1976,#1977,#1978
      ,#1979,#1980,#1981,#1982,#1983,#1984,#1985,#1986,#1987,#1988,#1989
      ,#1990,#1991,#1992,#1993,#1994,#1995,#1996,#1997,#1998,#1999,#2000
      ,#2001,#2002,#2003,#2004,#2005,#2006,#2007,#2008,#2009,#2010,#2011
      ,#2012,#2013,#2014,#2015,#2016,#2017,#2018,#2019,#2020,#2021,#2022
      ,#2023,#2024,#2025,#2026,#2027,#2028,#2029,#2030,#2031,#2032,#2033
      ,#2034,#2035,#2036,#2037,#2038,#2039,#2040,#2041,#2042,#2043,#2044
      ,#2045,#2046,#2047,#2048,#2049,#2050,#2051,#2052,#2053,#2054,#2055
      ,#2056,#2057,#2058,#2059,#2060,#2061,#2062,#2063,#2064,#2065,#2066
      ,#2067,#2068,#2069,#2070,#2071,#2072,#2073,#2074,#2075,#2076,#2077
      ,#2078,#2079,#2080,#2081,#2082,#2083,#2084,#2085,#2086,#2087,#2088
      ,#2089,#2090,#2091,#2092,#2093,#2094,#2095,#2096,#2097,#2098,#2099
      ,#2100,#2101,#2102,#2103,#2104,#2105,#2106,#2107,#2108,#2109,#2110
      ,#2111,#2112,#2113,#2114,#2115,#2116,#2117,#2118,#2119,#2120,#2121
      ,#2122,#2123,#2124,#2125,#2126,#2127,#2128,#2129,#2130,#2131,#2132
      ,#2133,#2134,#2135,#2136,#2137,#2138,#2139,#2140,#2141,#2142,#2143
      ,#2144,#2145,#2146,#2147,#2148,#2149,#2150,#2151,#2152,#2153,#2154
      ,#2155,#2156,#2157,#2158,#2159,#2160,#2161,#2162,#2163,#2164,#2165
      ,#2166,#2167,#2168,#2169,#2170,#2171,#2172,#2173,#2174,#2175,#2176
      ,#2177,#2178,#2179,#2180,#2181,#2182,#2183,#2184,#2185,#2186,#2187
      ,#2188,#2189,#2190
    )),.UNSPECIFIED.,.F.,.F.,.F.,(2,2),(12,10,10,10,10,10,10,10,10,10,10
    ,10,10,10,10,10,10,10,10,10,10,10,10,10,10,10,10,10,10,10,10,10,12),
  (0.,0.728868986856),(0.,6.96687144352,13.933742887039,20.900614330559,
    27.867485774078,34.834357217598,41.801228661117,48.768100104637,
    55.734971548156,62.701842991676,69.668714435196,76.635585878715,
    83.602457322235,90.569328765754,97.536200209274,104.50307165279,
    111.46994309631,118.43681453983,125.40368598335,132.37055742687,
    139.33742887039,146.30430031391,153.27117175743,160.23804320095,
    167.20491464446,174.17178608798,181.1386575315,188.10552897502,
    195.07240041854,202.03927186206,209.00614330558,215.9730147491,
    222.93988619262),.UNSPECIFIED.);
#1547 = CARTESIAN_POINT('',(3.34525,3.330669073875E-15,-0.275));
#1548 = CARTESIAN_POINT('',(3.345250513708,2.077995017126,-0.15142098363
    ));
#1549 = CARTESIAN_POINT('',(1.926044209227,4.156074146064,
    -2.783874656528E-02));
#1550 = CARTESIAN_POINT('',(-0.919006029132,5.155725338713,
    9.573290865288E-02));
#1551 = CARTESIAN_POINT('',(-4.237182584428,3.999675927503,
    0.219328436363));
#1552 = CARTESIAN_POINT('',(-6.288687037278,0.513994048203,
    0.342884057936));
#1553 = CARTESIAN_POINT('',(-5.093457533876,-3.724092567992,
    0.466490856036));
#1554 = CARTESIAN_POINT('',(-1.52294503807,-5.624196317749,
    0.590046583837));
#1555 = CARTESIAN_POINT('',(1.910266589739,-4.87616376184,0.713641941045
    ));
#1556 = CARTESIAN_POINT('',(3.813769245309,-2.537278139786,
    0.837213772413));
#1557 = CARTESIAN_POINT('',(3.938043576591,-2.389389588754E-02,
    0.960795872108));
#1558 = CARTESIAN_POINT('',(1.766545488239,3.519670573896,1.207954072388
    ));
#1559 = CARTESIAN_POINT('',(-0.529320051079,4.549991128216,1.33153616263
    ));
#1560 = CARTESIAN_POINT('',(-3.477440639887,3.915799101871,
    1.455108029687));
#1561 = CARTESIAN_POINT('',(-5.702616877349,1.196362595745,
    1.578703302247));
#1562 = CARTESIAN_POINT('',(-5.630548402379,-2.847578049828,
    1.702259181732));
#1563 = CARTESIAN_POINT('',(-2.397053370101,-5.836635097698,
    1.82586576147));
#1564 = CARTESIAN_POINT('',(1.640110348291,-5.591152301818,
    1.949421642551));
#1565 = CARTESIAN_POINT('',(4.17655860914,-3.159501504146,2.073016912549
    ));
#1566 = CARTESIAN_POINT('',(4.577497014433,-0.170696298745,
    2.196588782254));
#1567 = CARTESIAN_POINT('',(3.370218650052,2.037249222171,2.32017087043)
  );
#1568 = CARTESIAN_POINT('',(-0.332795188389,3.924029978243,2.56732907323
    ));
#1569 = CARTESIAN_POINT('',(-2.828683368204,3.602936217156,
    2.690911161271));
#1570 = CARTESIAN_POINT('',(-5.01100497064,1.521809845587,2.814483031488
    ));
#1571 = CARTESIAN_POINT('',(-5.487377929082,-1.959542332204,
    2.938078300265));
#1572 = CARTESIAN_POINT('',(-3.312976272756,-5.369912876193,
    3.061634183547));
#1573 = CARTESIAN_POINT('',(1.005809483017,-6.229006453676,
    3.185240760096));
#1574 = CARTESIAN_POINT('',(4.319793009018,-3.910285715033,
    3.308796643397));
#1575 = CARTESIAN_POINT('',(5.211936620415,-0.511672002835,
    3.432391912142));
#1576 = CARTESIAN_POINT('',(3.992146377692,2.246193099745,3.555963782392
    ));
#1577 = CARTESIAN_POINT('',(1.809123989157,3.497974919065,3.679545870407
    ));
#1578 = CARTESIAN_POINT('',(-2.334054575668,3.171900557299,
    3.926704073239));
#1579 = CARTESIAN_POINT('',(-4.294378054186,1.594025128428,
    4.050286161266));
#1580 = CARTESIAN_POINT('',(-5.067727561845,-1.320686708071,
    4.173858031479));
#1581 = CARTESIAN_POINT('',(-3.654900763244,-4.537931588219,
    4.297453300294));
#1582 = CARTESIAN_POINT('',(-1.900486324944E-02,-6.309628744741,
    4.421009183503));
#1583 = CARTESIAN_POINT('',(4.112240494573,-4.785567075201,4.54461576014
    ));
#1584 = CARTESIAN_POINT('',(5.726347694903,-1.076981007638,
    4.668171643365));
#1585 = CARTESIAN_POINT('',(4.711254383733,2.286957302958,4.791766912158
    ));
#1586 = CARTESIAN_POINT('',(2.230231672904,4.001085206219,4.915338782388
    ));
#1587 = CARTESIAN_POINT('',(-0.285155099171,3.927778597627,
    5.038920870407));
#1588 = CARTESIAN_POINT('',(-3.647422165618,1.484949646731,
    5.286079073243));
#1589 = CARTESIAN_POINT('',(-4.494435051651,-0.884676522152,
    5.409661161245));
#1590 = CARTESIAN_POINT('',(-3.630891151812,-3.773950909315,
    5.533233031532));
#1591 = CARTESIAN_POINT('',(-0.745252445872,-5.778903138103,
    5.656828300205));
#1592 = CARTESIAN_POINT('',(3.280567653331,-5.389772903785,
    5.780384183613));
#1593 = CARTESIAN_POINT('',(6.006713339256,-1.931726941279,
    5.903990760036));
#1594 = CARTESIAN_POINT('',(5.445235070487,2.073731188256,6.027546643438
    ));
#1595 = CARTESIAN_POINT('',(2.822072803673,4.41157530419,6.151141912121)
  );
#1596 = CARTESIAN_POINT('',(-0.188976177414,4.576778795899,6.2747137824)
  );
#1597 = CARTESIAN_POINT('',(-2.295393370406,3.199988658988,
    6.398295870407));
#1598 = CARTESIAN_POINT('',(-3.885822693858,-0.639645135599,
    6.645454073238));
#1599 = CARTESIAN_POINT('',(-3.369893628039,-3.102646598965,
    6.769036161274));
#1600 = CARTESIAN_POINT('',(-1.123959695048,-5.114957538989,
    6.892608031459));
#1601 = CARTESIAN_POINT('',(2.384036427423,-5.316718254868,
    7.016203300326));
#1602 = CARTESIAN_POINT('',(5.613292349403,-2.881444964095,
    7.139759183468));
#1603 = CARTESIAN_POINT('',(6.130889603129,1.491431121645,7.263365760167
    ));
#1604 = CARTESIAN_POINT('',(3.559304555921,4.613274010091,7.386921643351
    ));
#1605 = CARTESIAN_POINT('',(0.101170854596,5.236015281856,7.510516912161
    ));
#1606 = CARTESIAN_POINT('',(-2.552489030857,3.803605643285,7.63408878239
    ));
#1607 = CARTESIAN_POINT('',(-3.629134062031,1.529099114635,
    7.757670870404));
#1608 = CARTESIAN_POINT('',(-2.978994835054,-2.575723913827,
    8.00482907325));
#1609 = CARTESIAN_POINT('',(-1.252178262137,-4.406205689962,
    8.12841116121));
#1610 = CARTESIAN_POINT('',(1.714224793713,-4.948485564193,8.25198303162
    ));
#1611 = CARTESIAN_POINT('',(4.810702868281,-3.287591915066,
    8.375578300049));
#1612 = CARTESIAN_POINT('',(6.291669369629,0.476101488127,8.499134183818
    ));
#1613 = CARTESIAN_POINT('',(4.44817209823,4.475035094708,8.622740759831)
  );
#1614 = CARTESIAN_POINT('',(0.624376972754,5.793194232097,8.746296643595
    ));
#1615 = CARTESIAN_POINT('',(-2.64954813557,4.517298556745,8.86989191203)
  );
#1616 = CARTESIAN_POINT('',(-4.163733156122,1.909435085778,
    8.993463782437));
#1617 = CARTESIAN_POINT('',(-3.893297555822,-0.592446018161,
    9.117045870397));
#1618 = CARTESIAN_POINT('',(-1.194198597693,-3.752686186829,
    9.364204073247));
#1619 = CARTESIAN_POINT('',(1.234578669636,-4.411169288392,
    9.487786161241));
#1620 = CARTESIAN_POINT('',(4.047193514617,-3.323597550471,
    9.611358031532));
#1621 = CARTESIAN_POINT('',(5.819560541327,-0.289547566783,
    9.734953300212));
#1622 = CARTESIAN_POINT('',(5.115767661118,3.693331466296,9.858509183597
    ));
#1623 = CARTESIAN_POINT('',(1.454490774903,6.139758195683,9.982115760058
    ));
#1624 = CARTESIAN_POINT('',(-2.49456678673,5.2657461542,10.105671643418)
  );
#1625 = CARTESIAN_POINT('',(-4.619393170072,2.467245085942,
    10.229266912134));
#1626 = CARTESIAN_POINT('',(-4.547843214299,-0.547483552602,
    10.352838782394));
#1627 = CARTESIAN_POINT('',(-3.010029673713,-2.539385655217,
    10.476420870407));
#1628 = CARTESIAN_POINT('',(0.942551457837,-3.823658020394,
    10.723579073238));
#1629 = CARTESIAN_POINT('',(3.357480981704,-3.11607452411,
    10.847161161271));
#1630 = CARTESIAN_POINT('',(5.187374693258,-0.719179959219,
    10.970733031464));
#1631 = CARTESIAN_POINT('',(5.113279244533,2.793832145278,
    11.094328300323));
#1632 = CARTESIAN_POINT('',(2.432148589172,5.822064008682,
    11.217884183464));
#1633 = CARTESIAN_POINT('',(-1.967857591564,5.994973779446,
    11.34149076018));
#1634 = CARTESIAN_POINT('',(-4.878312642755,3.186379100634,
    11.465046643334));
#1635 = CARTESIAN_POINT('',(-5.227812167962,-0.309954045602,
    11.588641912176));
#1636 = CARTESIAN_POINT('',(-3.591614415252,-2.843048018309,
    11.712213782382));
#1637 = CARTESIAN_POINT('',(-1.239646835595,-3.73791838669,
    11.835795870407));
#1638 = CARTESIAN_POINT('',(2.801513057542,-2.767722619048,
    12.082954073244));
#1639 = CARTESIAN_POINT('',(4.49086760245,-0.902611300402,
    12.206536161239));
#1640 = CARTESIAN_POINT('',(4.798734507496,2.097194113306,
    12.330108031544));
#1641 = CARTESIAN_POINT('',(2.900013969477,5.053814565686,
    12.453703300185));
#1642 = CARTESIAN_POINT('',(-0.968272515424,6.234919760376,
    12.577259183635));
#1643 = CARTESIAN_POINT('',(-4.810239615538,4.083352661354,
    12.70086576002));
#1644 = CARTESIAN_POINT('',(-5.824323800248,0.167923446039,
    12.824421643447));
#1645 = CARTESIAN_POINT('',(-4.295492082121,-2.995803622774,
    12.948016912117));
#1646 = CARTESIAN_POINT('',(-1.576866196343,-4.300710306572,
    13.071588782402));
#1647 = CARTESIAN_POINT('',(0.896084310429,-3.834813039923,
    13.195170870405));
#1648 = CARTESIAN_POINT('',(3.834813649809,-0.896084917194,
    13.442329073242));
#1649 = CARTESIAN_POINT('',(4.300707199593,1.5768692291,13.565911161257)
  );
#1650 = CARTESIAN_POINT('',(2.99581286505,4.295483826037,13.689483031497
    ));
#1651 = CARTESIAN_POINT('',(-0.167942469385,5.824338418661,
    13.813078300269));
#1652 = CARTESIAN_POINT('',(-4.083324662552,4.810222009606,
    13.936634183528));
#1653 = CARTESIAN_POINT('',(-6.234949401223,0.968287189267,
    14.060240760121));
#1654 = CARTESIAN_POINT('',(-5.053792161783,-2.900022551452,
    14.183796643376));
#1655 = CARTESIAN_POINT('',(-2.097205981839,-4.79873094095,
    14.307391912152));
#1656 = CARTESIAN_POINT('',(0.902615509636,-4.490868666973,
    14.430963782393));
#1657 = CARTESIAN_POINT('',(2.767721783035,-2.801512854564,
    14.554545870403));
#1658 = CARTESIAN_POINT('',(3.73791922373,1.239646636909,14.801704073251
    ));
#1659 = CARTESIAN_POINT('',(2.843043784591,3.591615377704,
    14.925286161202));
#1660 = CARTESIAN_POINT('',(0.309966239662,5.227809957581,
    15.048858031646));
#1661 = CARTESIAN_POINT('',(-3.186402958688,4.878315167328,
    15.172453299993));
#1662 = CARTESIAN_POINT('',(-5.994940707616,1.967857209347,
    15.296009183907));
#1663 = CARTESIAN_POINT('',(-5.822096948572,-2.432151564907,
    15.419615759727));
#1664 = CARTESIAN_POINT('',(-2.793808558854,-5.113274855927,
    15.543171643686));
#1665 = CARTESIAN_POINT('',(0.719167976183,-5.187377853524,
    15.66676691197));
#1666 = CARTESIAN_POINT('',(3.116078669258,-3.357479690059,
    15.790338782466));
#1667 = CARTESIAN_POINT('',(3.823657201527,-0.942551721581,
    15.913920870388));
#1668 = CARTESIAN_POINT('',(2.53938647272,3.010029941656,16.161079073258
    ));
#1669 = CARTESIAN_POINT('',(0.547479439904,4.547841822811,
    16.284661161191));
#1670 = CARTESIAN_POINT('',(-2.467233533919,4.619397656802,
    16.408233031651));
#1671 = CARTESIAN_POINT('',(-5.265767815554,2.494556473462,
    16.53182830001));
#1672 = CARTESIAN_POINT('',(-6.139729797678,-1.454473820786,
    16.655384183856));
#1673 = CARTESIAN_POINT('',(-3.693357997298,-5.115787409417,
    16.778990759806));
#1674 = CARTESIAN_POINT('',(0.289565384446,-5.819544475539,
    16.902546643604));
#1675 = CARTESIAN_POINT('',(3.323588984498,-4.047202470312,
    17.026141912031));
#1676 = CARTESIAN_POINT('',(4.411172147826,-1.234575402491,
    17.149713782434));
#1677 = CARTESIAN_POINT('',(3.752685626435,1.194197944955,17.2732958704)
  );
#1678 = CARTESIAN_POINT('',(0.592446575199,3.893298211429,
    17.520454073241));
#1679 = CARTESIAN_POINT('',(-1.909437865399,4.163729820786,
    17.644036161268));
#1680 = CARTESIAN_POINT('',(-4.517291051288,2.649557997091,
    17.767608031464));
#1681 = CARTESIAN_POINT('',(-5.793207312839,-0.624397084349,
    17.891203300329));
#1682 = CARTESIAN_POINT('',(-4.475019739868,-4.448142804475,
    18.01475918345));
#1683 = CARTESIAN_POINT('',(-0.476113791095,-6.291700070309,
    18.138365760199));
#1684 = CARTESIAN_POINT('',(3.287598712769,-4.81067986018,
    18.261921643314));
#1685 = CARTESIAN_POINT('',(4.948482939849,-1.714236905447,
    18.385516912192));
#1686 = CARTESIAN_POINT('',(4.406206420946,1.252182541908,18.50908878237
    ));
#1687 = CARTESIAN_POINT('',(2.575723777067,2.978993985689,
    18.632670870414));
#1688 = CARTESIAN_POINT('',(-1.529098982232,3.629134912093,
    18.879829073229));
#1689 = CARTESIAN_POINT('',(-3.803606270616,2.552484734611,
    19.003411161308));
#1690 = CARTESIAN_POINT('',(-5.236014034982,-0.101158524546,
    19.126983031379));
#1691 = CARTESIAN_POINT('',(-4.613274655027,-3.559328538758,
    19.250578300459));
#1692 = CARTESIAN_POINT('',(-1.491433335442,-6.130856602949,
    19.374134183302));
#1693 = CARTESIAN_POINT('',(2.881450515234,-5.613324954578,
    19.497740760328));
#1694 = CARTESIAN_POINT('',(5.316712029045,-2.384013257806,
    19.621296643231));
#1695 = CARTESIAN_POINT('',(5.11496162982,1.123947996766,19.74489191223)
  );
#1696 = CARTESIAN_POINT('',(3.102644986022,3.369897659127,19.86846378236
    ));
#1697 = CARTESIAN_POINT('',(0.639645462789,3.885821898191,
    19.992045870413));
#1698 = CARTESIAN_POINT('',(-3.199988990252,2.29539416438,
    20.239204073237));
#1699 = CARTESIAN_POINT('',(-4.576777086016,0.188972186521,
    20.362786161266));
#1700 = CARTESIAN_POINT('',(-4.411580683451,-2.822061639187,
    20.486358031487));
#1701 = CARTESIAN_POINT('',(-2.073719207247,-5.445255856038,
    20.609953300272));
#1702 = CARTESIAN_POINT('',(1.931707811317,-6.006686358853,
    20.73350918354));
#1703 = CARTESIAN_POINT('',(5.389794672867,-3.280592553218,
    20.857115760097));
#1704 = CARTESIAN_POINT('',(5.778885723807,0.745268948159,
    20.980671643399));
#1705 = CARTESIAN_POINT('',(3.773960509541,3.630883314876,21.10426691214
    ));
#1706 = CARTESIAN_POINT('',(0.884673040701,4.494437645944,
    21.227838782393));
#1707 = CARTESIAN_POINT('',(-1.484948952029,3.647421658161,
    21.351420870408));
#1708 = CARTESIAN_POINT('',(-3.927779294926,0.285155603061,
    21.598579073236));
#1709 = CARTESIAN_POINT('',(-4.001081663048,-2.230234182299,
    21.722161161284));
#1710 = CARTESIAN_POINT('',(-2.286967723026,-4.711247675078,
    21.845733031424));
#1711 = CARTESIAN_POINT('',(1.077002083688,-5.726359157453,
    21.96932830041));
#1712 = CARTESIAN_POINT('',(4.785536666795,-4.112227485392,
    22.092884183325));
#1713 = CARTESIAN_POINT('',(6.309660316326,1.899500696976E-02,
    22.216490760345));
#1714 = CARTESIAN_POINT('',(4.537908117469,3.654905734755,
    22.340046643187));
#1715 = CARTESIAN_POINT('',(1.320698988522,5.067725895898,
    22.463641912273));
#1716 = CARTESIAN_POINT('',(-1.594029452421,4.29437844712,
    22.587213782336));
#1717 = CARTESIAN_POINT('',(-3.171899699811,2.334054505971,
    22.710795870421));
#1718 = CARTESIAN_POINT('',(-3.497975776897,-1.809123923858,
    22.957954073227));
#1719 = CARTESIAN_POINT('',(-2.246188767534,-3.992146666011,
    23.081536161309));
#1720 = CARTESIAN_POINT('',(0.511659613002,-5.211936344776,
    23.205108031386));
#1721 = CARTESIAN_POINT('',(3.910309674472,-4.319791770344,
    23.328703300437));
#1722 = CARTESIAN_POINT('',(6.228973729007,-1.005814279052,
    23.452259183343));
#1723 = CARTESIAN_POINT('',(5.369944945228,3.312984364819,
    23.575865760273));
#1724 = CARTESIAN_POINT('',(1.959519722558,5.487369904705,
    23.699421643285));
#1725 = CARTESIAN_POINT('',(-1.521798504378,5.011009966629,
    23.82301691219));
#1726 = CARTESIAN_POINT('',(-3.602940109243,2.828681443975,
    23.946588782383));
#1727 = CARTESIAN_POINT('',(-3.92402921071,0.332795577001,
    24.070170870403));
#1728 = CARTESIAN_POINT('',(-2.037249987695,-3.370219042608,
    24.317329073253));
#1729 = CARTESIAN_POINT('',(0.170700143128,-4.577494996563,
    24.440911161192));
#1730 = CARTESIAN_POINT('',(3.159490796242,-4.176564848187,
    24.564483031662));
#1731 = CARTESIAN_POINT('',(5.591172083109,-1.640096772539,
    24.688078299987));
#1732 = CARTESIAN_POINT('',(5.836609701549,2.397032180874,
    24.811634183882));
#1733 = CARTESIAN_POINT('',(2.847601164874,5.630572059765,
    24.935240759788));
#1734 = CARTESIAN_POINT('',(-1.196377680829,5.702598220046,
    25.058796643609));
#1735 = CARTESIAN_POINT('',(-3.915792042289,3.477450827159,
    25.182391912037));
#1736 = CARTESIAN_POINT('',(-4.549993441402,0.529316375475,
    25.305963782424));
#1737 = CARTESIAN_POINT('',(-3.519670122476,-1.766544755025,
    25.429545870408));
#1738 = CARTESIAN_POINT('',(2.389344818987E-02,-3.938044312955,
    25.676704073223));
#1739 = CARTESIAN_POINT('',(2.537280363874,-3.813765506333,
    25.80028616136));
#1740 = CARTESIAN_POINT('',(4.876157890197,-1.910277532519,
    25.923858031238));
#1741 = CARTESIAN_POINT('',(5.624206093827,1.522967007132,26.04745330071
    ));
#1742 = CARTESIAN_POINT('',(3.724081980825,5.093426104113,
    26.171009182972));
#1743 = CARTESIAN_POINT('',(-0.513986694362,6.288719408401,
    26.294615760651));
#1744 = CARTESIAN_POINT('',(-3.999679047571,4.237158662158,
    26.418171642993));
#1745 = CARTESIAN_POINT('',(-5.155724636594,0.919018523173,
    26.541766912356));
#1746 = CARTESIAN_POINT('',(-4.156074202139,-1.92604864129,
    26.66533878232));
#1747 = CARTESIAN_POINT('',(-2.077995012694,-3.345249597527,
    26.788920870413));
#1748 = CARTESIAN_POINT('',(2.077995014901,-3.345250457822,
    27.036079073257));
#1749 = CARTESIAN_POINT('',(4.156074149649,-1.926044299863,
    27.159661161152));
#1750 = CARTESIAN_POINT('',(5.155725333972,0.919006150005,27.28323303177
    ));
#1751 = CARTESIAN_POINT('',(3.999675932729,4.237182450425,
    27.406828299795));
#1752 = CARTESIAN_POINT('',(0.513994043364,6.288687161017,
    27.530384184134));
#1753 = CARTESIAN_POINT('',(-3.724092564238,5.093457439331,
    27.653990759533));
#1754 = CARTESIAN_POINT('',(-5.624196320141,1.52294509678,
    27.777546643814));
#1755 = CARTESIAN_POINT('',(-4.876163760642,-1.910266618242,
    27.901141911905));
#1756 = CARTESIAN_POINT('',(-2.537278140214,-3.813769235456,
    28.024713782493));
#1757 = CARTESIAN_POINT('',(-2.389389581099E-02,-3.938043578279,
    28.148295870378));
#1758 = CARTESIAN_POINT('',(3.519670573853,-1.76654548738,
    28.395454073275));
#1759 = CARTESIAN_POINT('',(4.549991128293,0.529320049636,
    28.519036161111));
#1760 = CARTESIAN_POINT('',(3.915799101763,3.477440641888,
    28.642608031848));
#1761 = CARTESIAN_POINT('',(1.196362595888,5.702616875061,
    28.766203299676));
#1762 = CARTESIAN_POINT('',(-2.847578050011,5.630548404524,
    28.889759184277));
#1763 = CARTESIAN_POINT('',(-5.836635097488,2.397053368471,
    29.013365759403));
#1764 = CARTESIAN_POINT('',(-5.591152302008,-1.640110347301,
    29.136921643897));
#1765 = CARTESIAN_POINT('',(-3.159501504022,-4.176558609609,
    29.260516911876));
#1766 = CARTESIAN_POINT('',(-0.170696298795,-4.577497014273,
    29.384088782485));
#1767 = CARTESIAN_POINT('',(2.037249222177,-3.370218650079,
    29.507670870397));
#1768 = CARTESIAN_POINT('',(3.924029978254,0.332795188394,
    29.754829073225));
#1769 = CARTESIAN_POINT('',(3.602936217097,2.828683368235,
    29.878411161373));
#1770 = CARTESIAN_POINT('',(1.521809845726,5.011004970537,
    30.001983031192));
#1771 = CARTESIAN_POINT('',(-1.959542332437,5.487377929243,30.1255783008
    ));
#1772 = CARTESIAN_POINT('',(-5.36991287589,3.312976272615,
    30.249134182849));
#1773 = CARTESIAN_POINT('',(-6.229006453987,-1.005809482965,
    30.372740760779));
#1774 = CARTESIAN_POINT('',(-3.910285714787,-4.319793008992,
    30.496296642893));
#1775 = CARTESIAN_POINT('',(-0.511672002979,-5.211936620458,
    30.619891912415));
#1776 = CARTESIAN_POINT('',(2.246193099802,-3.99214637767,
    30.743463782295));
#1777 = CARTESIAN_POINT('',(3.497974919057,-1.80912398916,
    30.867045870419));
#1778 = CARTESIAN_POINT('',(3.171900557291,2.334054575669,31.11420407325
    ));
#1779 = CARTESIAN_POINT('',(1.594025128489,4.294378054181,
    31.237786161173));
#1780 = CARTESIAN_POINT('',(-1.320686708223,5.06772756185,
    31.361358031738));
#1781 = CARTESIAN_POINT('',(-4.537931587976,3.654900763273,
    31.484953299816));
#1782 = CARTESIAN_POINT('',(-6.30962874502,1.900486314124E-02,
    31.60850918415));
#1783 = CARTESIAN_POINT('',(-4.78556707496,-4.112240494387,
    31.732115759476));
#1784 = CARTESIAN_POINT('',(-1.076981007805,-5.726347695101,
    31.855671643884));
#1785 = CARTESIAN_POINT('',(2.286957303053,-4.711254383594,
    31.979266911854));
#1786 = CARTESIAN_POINT('',(4.001085206174,-2.230231672965,
    32.102838782515));
#1787 = CARTESIAN_POINT('',(3.927778597641,0.285155099185,
    32.226420870376));
#1788 = CARTESIAN_POINT('',(1.484949646717,3.647422165609,
    32.473579073269));
#1789 = CARTESIAN_POINT('',(-0.884676522097,4.494435051669,
    32.597161161156));
#1790 = CARTESIAN_POINT('',(-3.773950909436,3.630891151788,
    32.720733031723));
#1791 = CARTESIAN_POINT('',(-5.778903137925,0.745252445907,
    32.844328299906));
#1792 = CARTESIAN_POINT('',(-5.389772903965,-3.280567653385,
    32.967884183968));
#1793 = CARTESIAN_POINT('',(-1.931726941156,-6.006713339184,
    33.091490759718));
#1794 = CARTESIAN_POINT('',(2.073731188202,-5.445235070557,
    33.215046643653));
#1795 = CARTESIAN_POINT('',(4.411575304204,-2.822072803628,
    33.338641912016));
#1796 = CARTESIAN_POINT('',(4.576778795897,0.188976177398,33.46221378243
    ));
#1797 = CARTESIAN_POINT('',(3.199988658987,2.295393370405,
    33.585795870409));
#1798 = CARTESIAN_POINT('',(-0.639645135593,3.885822693871,
    33.832954073218));
#1799 = CARTESIAN_POINT('',(-3.102646599006,3.369893627976,
    33.956536161384));
#1800 = CARTESIAN_POINT('',(-5.114957538887,1.12395969519,
    34.080108031182));
#1801 = CARTESIAN_POINT('',(-5.316718255011,-2.384036427649,
    34.203703300799));
#1802 = CARTESIAN_POINT('',(-2.881444963984,-5.613292349126,
    34.327259182868));
#1803 = CARTESIAN_POINT('',(1.491431121624,-6.130889603401,
    34.450865760747));
#1804 = CARTESIAN_POINT('',(4.613274010041,-3.559304555709,
    34.574421642921));
#1805 = CARTESIAN_POINT('',(5.236015281914,-0.101170854725,
    34.698016912403));
#1806 = CARTESIAN_POINT('',(3.803605643255,2.552489030916,34.82158878229
    ));
#1807 = CARTESIAN_POINT('',(1.52909911464,3.629134062013,34.945170870431
    ));
#1808 = CARTESIAN_POINT('',(-2.57572391383,2.978994835076,
    35.192329073218));
#1809 = CARTESIAN_POINT('',(-4.406205689968,1.252178262048,
    35.315911161338));
#1810 = CARTESIAN_POINT('',(-4.948485564168,-1.714224793514,
    35.439483031323));
#1811 = CARTESIAN_POINT('',(-3.287591915092,-4.810702868581,
    35.563078300536));
#1812 = CARTESIAN_POINT('',(0.476101488106,-6.291669369297,
    35.686634183222));
#1813 = CARTESIAN_POINT('',(4.475035094797,-4.448172098505,
    35.810240760386));
#1814 = CARTESIAN_POINT('',(5.793194231977,-0.624376972582,
    35.933796643204));
#1815 = CARTESIAN_POINT('',(4.517298556836,2.649548135488,
    36.057391912232));
#1816 = CARTESIAN_POINT('',(1.909435085739,4.16373315615,36.180963782369
    ));
#1817 = CARTESIAN_POINT('',(-0.592446018156,3.893297555818,
    36.304545870404));
#1818 = CARTESIAN_POINT('',(-3.752686186826,1.194198597688,
    36.551704073258));
#1819 = CARTESIAN_POINT('',(-4.411169288409,-1.234578669595,
    36.675286161163));
#1820 = CARTESIAN_POINT('',(-3.323597550435,-4.047193514724,
    36.798858031736));
#1821 = CARTESIAN_POINT('',(-0.289547566841,-5.819560541156,
    36.922453299859));
#1822 = CARTESIAN_POINT('',(3.693331466382,-5.115767661299,
    37.046009184047));
#1823 = CARTESIAN_POINT('',(6.139758195575,-1.454490774774,
    37.169615759622));
#1824 = CARTESIAN_POINT('',(5.265746154307,2.49456678667,37.293171643744
    ));
#1825 = CARTESIAN_POINT('',(2.467245085863,4.619393170089,
    37.416766911946));
#1826 = CARTESIAN_POINT('',(-0.54748355256,4.547843214295,
    37.540338782476));
#1827 = CARTESIAN_POINT('',(-2.539385655232,3.010029673716,
    37.663920870382));
#1828 = CARTESIAN_POINT('',(-3.823658020374,-0.942551457844,
    37.911079073272));
#1829 = CARTESIAN_POINT('',(-3.116074524188,-3.357480981655,
    38.034661161125));
#1830 = CARTESIAN_POINT('',(-0.719179959049,-5.18737469338,
    38.158233031813));
#1831 = CARTESIAN_POINT('',(2.793832145011,-5.113279244355,
    38.28182829974));
#1832 = CARTESIAN_POINT('',(5.822064009006,-2.432148589327,
    38.405384184187));
#1833 = CARTESIAN_POINT('',(5.994973779136,1.967857591626,
    38.528990759496));
#1834 = CARTESIAN_POINT('',(3.186379100866,4.878312642776,
    38.652546643826));
#1835 = CARTESIAN_POINT('',(-0.309954045735,5.227812167918,
    38.776141911912));
#1836 = CARTESIAN_POINT('',(-2.843048018256,3.591614415275,
    38.899713782477));
#1837 = CARTESIAN_POINT('',(-3.737918386699,1.239646835591,
    39.023295870393));
#1838 = CARTESIAN_POINT('',(-2.76772261905,-2.801513057543,
    39.270454073242));
#1839 = CARTESIAN_POINT('',(-0.902611300369,-4.490867602453,
    39.394036161275));
#1840 = CARTESIAN_POINT('',(2.097194113217,-4.798734507475,
    39.517608031448));
#1841 = CARTESIAN_POINT('',(5.053814565836,-2.900013969525,
    39.641203300342));
#1842 = CARTESIAN_POINT('',(6.234919760199,0.968272515488,
    39.764759183459));
#1843 = CARTESIAN_POINT('',(4.083352661502,4.810239615488,39.88836576016
    ));
#1844 = CARTESIAN_POINT('',(0.167923445956,5.824323800269,40.01192164337
    ));
#1845 = CARTESIAN_POINT('',(-2.995803622748,4.29549208212,
    40.135516912143));
#1846 = CARTESIAN_POINT('',(-4.300710306568,1.576866196339,40.2590887824
    ));
#1847 = CARTESIAN_POINT('',(-3.834813039935,-0.896084310426,
    40.382670870401));
#1848 = CARTESIAN_POINT('',(-0.896084917166,-3.834813649814,
    40.629829073254));
#1849 = CARTESIAN_POINT('',(1.576869228942,-4.30070719953,
    40.753411161217));
#1850 = CARTESIAN_POINT('',(4.29548382644,-2.995812865276,
    40.876983031537));
#1851 = CARTESIAN_POINT('',(5.82433841798,0.167942469896,41.000578300347
    ));
#1852 = CARTESIAN_POINT('',(4.810222010468,4.083324661676,
    41.124134183131));
#1853 = CARTESIAN_POINT('',(0.968287188383,6.234949402443,
    41.247740760992));
#1854 = CARTESIAN_POINT('',(-2.900022550651,5.05379216036,
    41.371296642086));
#1855 = CARTESIAN_POINT('',(-4.798730941617,2.09720598323,
    41.494891913577));
#1856 = CARTESIAN_POINT('',(-4.490868666474,-0.902615510759,
    41.618463781172));
#1857 = CARTESIAN_POINT('',(-2.801512854877,-2.767721782299,
    41.742045871223));
#1858 = CARTESIAN_POINT('',(1.239646637532,-3.737919225228,
    41.989204071574));
#1859 = CARTESIAN_POINT('',(3.59161537405,-2.843043775755,
    42.112786171112));
#1860 = CARTESIAN_POINT('',(5.227809968156,-0.309966265297,
    42.236358002881));
#1861 = CARTESIAN_POINT('',(4.878315145565,3.186403011563,42.35995335936
    ));
#1862 = CARTESIAN_POINT('',(1.967857244343,5.994940622389,
    42.483509088162));
#1863 = CARTESIAN_POINT('',(-2.432151610643,5.822097060203,
    42.607115885196));
#1864 = CARTESIAN_POINT('',(-5.113274806447,2.793808437879,
    42.730671507661));
#1865 = CARTESIAN_POINT('',(-5.187377898137,-0.719167866988,
    42.854267034781));
#1866 = CARTESIAN_POINT('',(-3.357479656603,-3.116078751185,
    42.977838690308));
#1867 = CARTESIAN_POINT('',(-0.942551742217,-3.823657150985,
    43.101420927245));
#1868 = CARTESIAN_POINT('',(1.03373912026,-3.181521862162,
    43.224999943655));
#1869 = CARTESIAN_POINT('',(4.02025,-1.998401444325E-15,
    1.110223024625E-16));
#1870 = CARTESIAN_POINT('',(4.020249999861,2.49729655493,0.123580276095)
  );
#1871 = CARTESIAN_POINT('',(2.314684838367,4.994643659599,0.247156104563
    ));
#1872 = CARTESIAN_POINT('',(-1.104467213431,6.196151615055,
    0.370746546064));
#1873 = CARTESIAN_POINT('',(-5.09209447488,4.806511283499,0.494304020772
    ));
#1874 = CARTESIAN_POINT('',(-7.557705983044,0.617996469242,
    0.617916603988));
#1875 = CARTESIAN_POINT('',(-6.121101399591,-4.475819133003,
    0.741458514811));
#1876 = CARTESIAN_POINT('',(-1.83032903866,-6.75883662026,0.865070951336
    ));
#1877 = CARTESIAN_POINT('',(2.295767220204,-5.860170272293,
    0.988628661494));
#1878 = CARTESIAN_POINT('',(4.583287396007,-3.049214285491,
    1.112218859744));
#1879 = CARTESIAN_POINT('',(4.732660489332,-2.872049836331E-02,
    1.235794877911));
#1880 = CARTESIAN_POINT('',(2.122992753574,4.229870203881,1.482955198737
    ));
#1881 = CARTESIAN_POINT('',(-0.636100880073,5.468053289953,
    1.606531229958));
#1882 = CARTESIAN_POINT('',(-4.179193435113,4.706005206524,
    1.730121378927));
#1883 = CARTESIAN_POINT('',(-6.853119513441,1.437612506359,
    1.853679205971));
#1884 = CARTESIAN_POINT('',(-6.766905942894,-3.421961908492,
    1.977291433042));
#1885 = CARTESIAN_POINT('',(-2.880487828006,-7.014529863891,
    2.100833645394));
#1886 = CARTESIAN_POINT('',(1.970870379368,-6.719199858089,2.22444587026
    ));
#1887 = CARTESIAN_POINT('',(5.019393896958,-3.797081468725,
    2.348003700844));
#1888 = CARTESIAN_POINT('',(5.501105006039,-0.205121482713,
    2.471593846154));
#1889 = CARTESIAN_POINT('',(4.050262836672,2.448320062395,2.595169880229
    ));
#1890 = CARTESIAN_POINT('',(-0.399952220155,4.715817892542,
    2.842330197573));
#1891 = CARTESIAN_POINT('',(-3.399415154686,4.32992005888,2.965906231843
    ));
#1892 = CARTESIAN_POINT('',(-6.022229143383,1.828906481386,
    3.089496376416));
#1893 = CARTESIAN_POINT('',(-6.594395419423,-2.354978946101,
    3.213054208753));
#1894 = CARTESIAN_POINT('',(-3.98176560965,-6.453400806592,
    3.336666430472));
#1895 = CARTESIAN_POINT('',(1.209062170963,-7.485920652004,
    3.460208647358));
#1896 = CARTESIAN_POINT('',(5.191215526075,-4.699282726753,3.58382086904
    ));
#1897 = CARTESIAN_POINT('',(6.263706454775,-0.614918060713,
    3.707378701435));
#1898 = CARTESIAN_POINT('',(4.797638756789,2.699424655293,3.830968845951
    ));
#1899 = CARTESIAN_POINT('',(2.174173052171,4.203792539272,3.954544880263
    ));
#1900 = CARTESIAN_POINT('',(-2.805023407042,3.811921281977,
    4.201705197558));
#1901 = CARTESIAN_POINT('',(-5.160854912298,1.915674211442,
    4.325281231862));
#1902 = CARTESIAN_POINT('',(-6.090395458115,-1.587206960923,
    4.448871376396));
#1903 = CARTESIAN_POINT('',(-4.392173274961,-5.453511777485,
    4.57242920877));
#1904 = CARTESIAN_POINT('',(-2.312062484466E-02,-7.582895540438,
    4.696041430462));
#1905 = CARTESIAN_POINT('',(4.942277764406,-5.7510633661,4.81958364736)
  );
#1906 = CARTESIAN_POINT('',(6.881607339281,-1.29439453497,4.943195869044
    ));
#1907 = CARTESIAN_POINT('',(5.661981505199,2.748473796067,5.066753701429
    ));
#1908 = CARTESIAN_POINT('',(2.680213990154,4.8083972462,5.190343845954)
  );
#1909 = CARTESIAN_POINT('',(-0.342688299597,4.720324660799,
    5.313919880263));
#1910 = CARTESIAN_POINT('',(-4.383399017439,1.784576484196,
    5.561080197556));
#1911 = CARTESIAN_POINT('',(-5.401289206578,-1.063158509886,
    5.684656231874));
#1912 = CARTESIAN_POINT('',(-4.363602425383,-4.535539289456,
    5.808246376374));
#1913 = CARTESIAN_POINT('',(-0.895491266664,-6.944787410386,5.9318042088
    ));
#1914 = CARTESIAN_POINT('',(3.942338462934,-6.477561793215,
    6.055416430429));
#1915 = CARTESIAN_POINT('',(7.218906879677,-2.321254575311,
    6.178958647391));
#1916 = CARTESIAN_POINT('',(6.543854099499,2.491977188644,6.302570869019
    ));
#1917 = CARTESIAN_POINT('',(3.391559227552,5.301836359135,6.426128701446
    ));
#1918 = CARTESIAN_POINT('',(-0.227122562653,5.50024058126,6.549718845947
    ));
#1919 = CARTESIAN_POINT('',(-2.758552668351,3.845684249905,
    6.673294880264));
#1920 = CARTESIAN_POINT('',(-4.669900710278,-0.768718108402,
    6.920455197559));
#1921 = CARTESIAN_POINT('',(-4.049857321335,-3.72865750466,
    7.044031231862));
#1922 = CARTESIAN_POINT('',(-1.350769920213,-6.147158969439,
    7.167621376392));
#1923 = CARTESIAN_POINT('',(2.86510963342,-6.389297580567,7.29117920878)
  );
#1924 = CARTESIAN_POINT('',(6.745912854759,-3.463163163439,
    7.414791430447));
#1925 = CARTESIAN_POINT('',(7.367982132314,1.792673600814,7.538333647373
    ));
#1926 = CARTESIAN_POINT('',(4.277498330514,5.543914214418,7.661945869036
    ));
#1927 = CARTESIAN_POINT('',(0.121577729201,6.292643453162,7.785503701433
    ));
#1928 = CARTESIAN_POINT('',(-3.067521628453,4.571054820197,
    7.909093845952));
#1929 = CARTESIAN_POINT('',(-4.361417301448,1.837645040985,
    8.032669880264));
#1930 = CARTESIAN_POINT('',(-3.580090800816,-3.095456352775,
    8.279830197551));
#1931 = CARTESIAN_POINT('',(-1.504852817578,-5.295247785296,
    8.403406231891));
#1932 = CARTESIAN_POINT('',(2.060161051856,-5.947089978586,
    8.526996376343));
#1933 = CARTESIAN_POINT('',(5.781306364084,-3.950756067985,
    8.650554208838));
#1934 = CARTESIAN_POINT('',(7.561334027528,0.571897775448,8.774166430392
    ));
#1935 = CARTESIAN_POINT('',(5.345568112769,5.378265602622,8.897708647426
    ));
#1936 = CARTESIAN_POINT('',(0.750479659656,6.96195066521,9.021320868987)
  );
#1937 = CARTESIAN_POINT('',(-3.184235117564,5.428884737138,
    9.144878701472));
#1938 = CARTESIAN_POINT('',(-5.003861728226,2.294689285061,
    9.268468845931));
#1939 = CARTESIAN_POINT('',(-4.678886461097,-0.711984310364,
    9.392044880269));
#1940 = CARTESIAN_POINT('',(-1.435157707344,-4.509902718361,
    9.639205197553));
#1941 = CARTESIAN_POINT('',(1.483661413923,-5.301224379244,
    9.762781231877));
#1942 = CARTESIAN_POINT('',(4.863922035897,-3.994296584091,
    9.886371376369));
#1943 = CARTESIAN_POINT('',(6.993638383523,-0.347849025711,
    10.009929208807));
#1944 = CARTESIAN_POINT('',(6.148281321124,4.438409189967,
    10.133541430422));
#1945 = CARTESIAN_POINT('',(1.747710016217,7.378776933882,
    10.257083647397));
#1946 = CARTESIAN_POINT('',(-2.997720129851,6.328163304419,
    10.380695869017));
#1947 = CARTESIAN_POINT('',(-5.551591237139,2.965126895894,
    10.504253701446));
#1948 = CARTESIAN_POINT('',(-5.465465344275,-0.657966321883,
    10.627843845948));
#1949 = CARTESIAN_POINT('',(-3.617395740918,-3.051777879797,
    10.751419880263));
#1950 = CARTESIAN_POINT('',(1.132744593888,-4.595192037234,
    10.998580197558));
#1951 = CARTESIAN_POINT('',(4.034911441204,-3.744825866689,
    11.122156231862));
#1952 = CARTESIAN_POINT('',(6.234189516333,-0.864305413315,
    11.245746376395));
#1953 = CARTESIAN_POINT('',(6.144807597431,3.357575967126,
    11.369304208773));
#1954 = CARTESIAN_POINT('',(2.923209164756,6.996834106899,
    11.492916430458));
#1955 = CARTESIAN_POINT('',(-2.365232601835,7.204617552714,
    11.616458647365));
#1956 = CARTESIAN_POINT('',(-5.86243282806,3.829341734625,
    11.740070869042));
#1957 = CARTESIAN_POINT('',(-6.282784212159,-0.372512169425,
    11.86362870143));
#1958 = CARTESIAN_POINT('',(-4.316288810603,-3.416706310725,
    11.987218845955));
#1959 = CARTESIAN_POINT('',(-1.489787337043,-4.492152475641,
    12.110794880262));
#1960 = CARTESIAN_POINT('',(3.366804780752,-3.326187869369,
    12.357955197555));
#1961 = CARTESIAN_POINT('',(5.396993694842,-1.084753505671,
    12.481531231872));
#1962 = CARTESIAN_POINT('',(5.767118711747,2.520413564806,
    12.605121376381));
#1963 = CARTESIAN_POINT('',(3.484981136061,6.073457274524,
    12.728679208782));
#1964 = CARTESIAN_POINT('',(-1.163390235747,7.493154375853,
    12.852291430456));
#1965 = CARTESIAN_POINT('',(-5.78109464497,4.907115654539,
    12.975833647364));
#1966 = CARTESIAN_POINT('',(-6.99937125019,0.2019378276,13.099445869039)
  );
#1967 = CARTESIAN_POINT('',(-5.162317089389,-3.600364570649,
    13.223003701435));
#1968 = CARTESIAN_POINT('',(-1.895017057463,-5.168475738761,
    13.34659384595));
#1969 = CARTESIAN_POINT('',(1.076890701098,-4.608601370472,
    13.470169880264));
#1970 = CARTESIAN_POINT('',(4.60860136933,-1.076890705989,
    13.717330197557));
#1971 = CARTESIAN_POINT('',(5.168475740767,1.895017051979,
    13.840906231869));
#1972 = CARTESIAN_POINT('',(3.600364576144,5.162317085563,
    13.964496376384));
#1973 = CARTESIAN_POINT('',(-0.201937820203,6.999371250417,
    14.088054208785));
#1974 = CARTESIAN_POINT('',(-4.907115648363,5.781094650156,
    14.211666430447));
#1975 = CARTESIAN_POINT('',(-7.493154374657,1.163390243724,
    14.335208647373));
#1976 = CARTESIAN_POINT('',(-6.073457278196,-3.484981129636,
    14.458820869035));
#1977 = CARTESIAN_POINT('',(-2.520413570938,-5.767118709061,
    14.582378701435));
#1978 = CARTESIAN_POINT('',(1.084753499947,-5.396993695997,
    14.705968845951));
#1979 = CARTESIAN_POINT('',(3.326187865795,-3.366804784281,
    14.829544880265));
#1980 = CARTESIAN_POINT('',(4.492152477223,1.489787332276,15.07670519755
    ));
#1981 = CARTESIAN_POINT('',(3.416706315304,4.316288806977,
    15.200281231892));
#1982 = CARTESIAN_POINT('',(0.372512176096,6.282784211763,
    15.323871376341));
#1983 = CARTESIAN_POINT('',(-3.829341728401,5.862432832128,
    15.447429208838));
#1984 = CARTESIAN_POINT('',(-7.204617550221,2.365232609475,
    15.571041430396));
#1985 = CARTESIAN_POINT('',(-6.996834109968,-2.923209157326,
    15.69458364742));
#1986 = CARTESIAN_POINT('',(-3.357575973681,-6.144807593868,
    15.81819586899));
#1987 = CARTESIAN_POINT('',(0.864305406721,-6.234189517251,
    15.941753701475));
#1988 = CARTESIAN_POINT('',(3.744825862398,-4.034911445178,
    16.065343845926));
#1989 = CARTESIAN_POINT('',(4.595192036033,-1.132744598765,
    16.188919880273));
#1990 = CARTESIAN_POINT('',(3.051777883635,3.617395737679,
    16.436080197548));
#1991 = CARTESIAN_POINT('',(0.657966327688,5.465465343579,
    16.559656231891));
#1992 = CARTESIAN_POINT('',(-2.965126890016,5.551591240278,
    16.683246376352));
#1993 = CARTESIAN_POINT('',(-6.328163301211,2.997720136582,
    16.806804208817));
#1994 = CARTESIAN_POINT('',(-7.378776935774,-1.747710008405,
    16.930416430423));
#1995 = CARTESIAN_POINT('',(-4.438409196454,-6.148281316394,
    17.053958647394));
#1996 = CARTESIAN_POINT('',(0.347849018259,-6.993638383906,
    17.177570869011));
#1997 = CARTESIAN_POINT('',(3.994296578946,-4.863922040129,
    17.301128701458));
#1998 = CARTESIAN_POINT('',(5.301224377663,-1.483661419552,
    17.424718845938));
#1999 = CARTESIAN_POINT('',(4.509902719885,1.435157702558,
    17.548294880266));
#2000 = CARTESIAN_POINT('',(0.711984315329,4.678886460341,
    17.795455197558));
#2001 = CARTESIAN_POINT('',(-2.29468927975,5.003861730665,
    17.919031231859));
#2002 = CARTESIAN_POINT('',(-5.428884733759,3.184235123317,
    18.042621376404));
#2003 = CARTESIAN_POINT('',(-6.961950666006,-0.750479652254,
    18.166179208757));
#2004 = CARTESIAN_POINT('',(-5.378265608295,-5.345568107074,
    18.289791430478));
#2005 = CARTESIAN_POINT('',(-0.571897783473,-7.561334026912,
    18.413333647344));
#2006 = CARTESIAN_POINT('',(3.950756061851,-5.78130636828,
    18.536945869058));
#2007 = CARTESIAN_POINT('',(5.947089976397,-2.060161058167,
    18.660503701419));
#2008 = CARTESIAN_POINT('',(5.295247786894,1.504852811959,
    18.784093845961));
#2009 = CARTESIAN_POINT('',(3.095456356575,3.580090797531,
    18.907669880259));
#2010 = CARTESIAN_POINT('',(-1.837645036356,4.361417303399,
    19.154830197564));
#2011 = CARTESIAN_POINT('',(-4.571054816941,3.0675216333,19.278406231847
    ));
#2012 = CARTESIAN_POINT('',(-6.292643453294,-0.121577722508,
    19.401996376418));
#2013 = CARTESIAN_POINT('',(-5.543914218951,-4.277498324659,
    19.525554208747));
#2014 = CARTESIAN_POINT('',(-1.792673608641,-7.36798213037,
    19.649166430483));
#2015 = CARTESIAN_POINT('',(3.463163156289,-6.745912858478,
    19.772708647337));
#2016 = CARTESIAN_POINT('',(6.38929757752,-2.865109640167,19.89632086907
    ));
#2017 = CARTESIAN_POINT('',(6.147158970875,1.35076991367,20.019878701407
    ));
#2018 = CARTESIAN_POINT('',(3.728657508958,4.049857317386,
    20.143468845968));
#2019 = CARTESIAN_POINT('',(0.768718113357,4.66990070946,20.267044880258
    ));
#2020 = CARTESIAN_POINT('',(-3.845684246976,2.758552672433,
    20.514205197559));
#2021 = CARTESIAN_POINT('',(-5.500240581024,0.227122568492,
    20.63778123187));
#2022 = CARTESIAN_POINT('',(-5.301836362723,-3.391559221932,
    20.761371376368));
#2023 = CARTESIAN_POINT('',(-2.491977195608,-6.54385409684,
    20.884929208822));
#2024 = CARTESIAN_POINT('',(2.321254567672,-7.21890688216,
    21.008541430397));
#2025 = CARTESIAN_POINT('',(6.477561789013,-3.942338469791,
    21.132083647418));
#2026 = CARTESIAN_POINT('',(6.944787411346,0.895491259282,
    21.255695869006));
#2027 = CARTESIAN_POINT('',(4.535539294084,4.363602420576,
    21.379253701448));
#2028 = CARTESIAN_POINT('',(1.063158515619,5.401289205447,
    21.502843845949));
#2029 = CARTESIAN_POINT('',(-1.784576479543,4.383399019333,
    21.626419880262));
#2030 = CARTESIAN_POINT('',(-4.720324660436,0.342688304606,
    21.87358019756));
#2031 = CARTESIAN_POINT('',(-4.808397249039,-2.68021398505,
    21.997156231855));
#2032 = CARTESIAN_POINT('',(-2.748473802093,-5.661981502281,
    22.120746376413));
#2033 = CARTESIAN_POINT('',(1.294394527701,-6.881607340663,
    22.244304208741));
#2034 = CARTESIAN_POINT('',(5.751063360806,-4.94227777049,
    22.367916430499));
#2035 = CARTESIAN_POINT('',(7.582895540515,2.312061677017E-02,
    22.491458647322));
#2036 = CARTESIAN_POINT('',(5.453511782104,4.392173269201,
    22.615070869079));
#2037 = CARTESIAN_POINT('',(1.58720696741,6.090395456413,22.738628701402
    ));
#2038 = CARTESIAN_POINT('',(-1.915674205974,5.160854914339,
    22.862218845971));
#2039 = CARTESIAN_POINT('',(-3.811921278999,2.805023411085,
    22.985794880256));
#2040 = CARTESIAN_POINT('',(-4.203792541581,-2.174173047708,
    23.232955197562));
#2041 = CARTESIAN_POINT('',(-2.699424660381,-4.797638753929,
    23.35653123186));
#2042 = CARTESIAN_POINT('',(0.614918054055,-6.263706455416,
    23.480121376388));
#2043 = CARTESIAN_POINT('',(4.699282721259,-5.191215531085,
    23.603679208788));
#2044 = CARTESIAN_POINT('',(7.485920650704,-1.209062178873,
    23.727291430443));
#2045 = CARTESIAN_POINT('',(6.453400810832,3.981765602766,
    23.850833647369));
#2046 = CARTESIAN_POINT('',(2.354978953091,6.594395416951,
    23.974445869045));
#2047 = CARTESIAN_POINT('',(-1.82890647499,6.022229145309,
    24.098003701426));
#2048 = CARTESIAN_POINT('',(-4.329920055273,3.399415159287,
    24.221593845954));
#2049 = CARTESIAN_POINT('',(-4.715817892118,0.399952225158,
    24.345169880265));
#2050 = CARTESIAN_POINT('',(-2.448320066691,-4.050262834072,
    24.592330197548));
#2051 = CARTESIAN_POINT('',(0.20512147686,-5.501105006264,24.7159062319)
  );
#2052 = CARTESIAN_POINT('',(3.797081463444,-5.019393900964,
    24.839496376329));
#2053 = CARTESIAN_POINT('',(6.7191998559,-1.970870386543,24.963054208854
    ));
#2054 = CARTESIAN_POINT('',(7.014529867102,2.880487820624,
    25.086666430375));
#2055 = CARTESIAN_POINT('',(3.421961915479,6.766905939196,
    25.210208647443));
#2056 = CARTESIAN_POINT('',(-1.437612498888,6.853119515024,
    25.333820868973));
#2057 = CARTESIAN_POINT('',(-4.706005202253,4.179193440066,
    25.457378701479));
#2058 = CARTESIAN_POINT('',(-5.468053289163,0.636100885902,
    25.580968845931));
#2059 = CARTESIAN_POINT('',(-4.229870206201,-2.1229927491,
    25.704544880264));
#2060 = CARTESIAN_POINT('',(2.872049346972E-02,-4.732660489332,
    25.951705197567));
#2061 = CARTESIAN_POINT('',(3.049214279873,-4.583287399419,
    26.075281231827));
#2062 = CARTESIAN_POINT('',(5.86017027204,-2.29576722592,26.198871376456
    ));
#2063 = CARTESIAN_POINT('',(6.758836617698,1.83032903046,26.322429208696
    ));
#2064 = CARTESIAN_POINT('',(4.475819146761,6.121101396481,
    26.446041430539));
#2065 = CARTESIAN_POINT('',(-0.617996470734,7.557705981562,
    26.569583647282));
#2066 = CARTESIAN_POINT('',(-4.806511267787,5.092094482299,
    26.693195869121));
#2067 = CARTESIAN_POINT('',(-6.196151623186,1.104467217906,
    26.816753701369));
#2068 = CARTESIAN_POINT('',(-4.994643655075,-2.314684831485,
    26.940343845986));
#2069 = CARTESIAN_POINT('',(-2.497296563503,-4.02024999819,
    27.063919880257));
#2070 = CARTESIAN_POINT('',(2.497296559237,-4.02025000084,
    27.311080197547));
#2071 = CARTESIAN_POINT('',(4.994643652609,-2.314684836782,
    27.434656231906));
#2072 = CARTESIAN_POINT('',(6.196151624382,1.10446721132,27.558246376328
    ));
#2073 = CARTESIAN_POINT('',(4.806511273153,5.092094477213,
    27.681804208833));
#2074 = CARTESIAN_POINT('',(0.617996478801,7.557705980898,
    27.805416430422));
#2075 = CARTESIAN_POINT('',(-4.475819140307,6.121101401225,
    27.928958647391));
#2076 = CARTESIAN_POINT('',(-6.758836615725,1.830329037649,
    28.052570869005));
#2077 = CARTESIAN_POINT('',(-5.860170274494,-2.295767219716,
    28.176128701475));
#2078 = CARTESIAN_POINT('',(-3.04921428473,-4.583287396175,
    28.29971884592));
#2079 = CARTESIAN_POINT('',(-2.872049849377E-02,-4.732660489303,
    28.423294880278));
#2080 = CARTESIAN_POINT('',(4.229870203948,-2.122992753588,
    28.670455197538));
#2081 = CARTESIAN_POINT('',(5.46805328984,0.636100880095,28.79403123192)
  );
#2082 = CARTESIAN_POINT('',(4.706005206682,4.179193435085,
    28.917621376304));
#2083 = CARTESIAN_POINT('',(1.437612506173,6.853119513471,
    29.041179208877));
#2084 = CARTESIAN_POINT('',(-3.421961908312,6.76690594287,
    29.164791430354));
#2085 = CARTESIAN_POINT('',(-7.014529864032,2.880487828019,
    29.28833364747));
#2086 = CARTESIAN_POINT('',(-6.719199858002,-1.970870379371,
    29.411945868937));
#2087 = CARTESIAN_POINT('',(-3.797081468766,-5.019393896958,
    29.535503701515));
#2088 = CARTESIAN_POINT('',(-0.205121482699,-5.501105006037,
    29.659093845909));
#2089 = CARTESIAN_POINT('',(2.448320062393,-4.050262836672,
    29.782669880271));
#2090 = CARTESIAN_POINT('',(4.715817892543,0.399952220154,
    30.029830197565));
#2091 = CARTESIAN_POINT('',(4.329920058881,3.399415154691,
    30.153406231833));
#2092 = CARTESIAN_POINT('',(1.828906481382,6.022229143368,30.27699637644
    ));
#2093 = CARTESIAN_POINT('',(-2.3549789461,6.594395419453,30.400554208728
    ));
#2094 = CARTESIAN_POINT('',(-6.453400806584,3.981765609607,
    30.524166430494));
#2095 = CARTESIAN_POINT('',(-7.485920652022,-1.209062170917,
    30.647708647326));
#2096 = CARTESIAN_POINT('',(-4.699282726733,-5.191215526111,
    30.771320869091));
#2097 = CARTESIAN_POINT('',(-0.614918060725,-6.263706454754,
    30.894878701381));
#2098 = CARTESIAN_POINT('',(2.699424655297,-4.797638756798,
    31.018468845985));
#2099 = CARTESIAN_POINT('',(4.203792539272,-2.174173052169,
    31.142044880255));
#2100 = CARTESIAN_POINT('',(3.811921281977,2.805023407041,
    31.389205197552));
#2101 = CARTESIAN_POINT('',(1.915674211448,5.160854912301,
    31.512781231895));
#2102 = CARTESIAN_POINT('',(-1.587206960942,6.090395458107,
    31.636371376341));
#2103 = CARTESIAN_POINT('',(-5.453511777445,4.392173274977,
    31.759929208829));
#2104 = CARTESIAN_POINT('',(-7.582895540496,2.312062482542E-02,
    31.883541430412));
#2105 = CARTESIAN_POINT('',(-5.751063366038,-4.942277764391,
    32.007083647408));
#2106 = CARTESIAN_POINT('',(-1.294394535021,-6.881607339285,
    32.130695868989));
#2107 = CARTESIAN_POINT('',(2.748473796098,-5.661981505202,
    32.254253701485));
#2108 = CARTESIAN_POINT('',(4.808397246188,-2.680213990151,
    32.377843845915));
#2109 = CARTESIAN_POINT('',(4.720324660801,0.342688299596,
    32.501419880278));
#2110 = CARTESIAN_POINT('',(1.784576484195,4.38339901744,32.748580197542
    ));
#2111 = CARTESIAN_POINT('',(-1.063158509884,5.401289206573,
    32.872156231902));
#2112 = CARTESIAN_POINT('',(-4.535539289458,4.363602425393,
    32.995746376343));
#2113 = CARTESIAN_POINT('',(-6.944787410384,0.895491266653,
    33.119304208814));
#2114 = CARTESIAN_POINT('',(-6.477561793215,-3.942338462925,
    33.242916430433));
#2115 = CARTESIAN_POINT('',(-2.321254575314,-7.218906879683,
    33.36645864739));
#2116 = CARTESIAN_POINT('',(2.491977188648,-6.543854099496,
    33.490070869005));
#2117 = CARTESIAN_POINT('',(5.301836359132,-3.391559227554,
    33.613628701467));
#2118 = CARTESIAN_POINT('',(5.500240581261,0.227122562653,
    33.737218845934));
#2119 = CARTESIAN_POINT('',(3.845684249905,2.758552668351,
    33.860794880263));
#2120 = CARTESIAN_POINT('',(-0.768718108401,4.669900710277,
    34.107955197572));
#2121 = CARTESIAN_POINT('',(-3.728657504662,4.049857321339,
    34.231531231809));
#2122 = CARTESIAN_POINT('',(-6.147158969436,1.350769920206,
    34.355121376489));
#2123 = CARTESIAN_POINT('',(-6.389297580569,-2.865109633414,
    34.478679208655));
#2124 = CARTESIAN_POINT('',(-3.463163163438,-6.745912854757,
    34.602291430582));
#2125 = CARTESIAN_POINT('',(1.792673600813,-7.367982132329,
    34.725833647245));
#2126 = CARTESIAN_POINT('',(5.543914214419,-4.277498330494,
    34.849445869147));
#2127 = CARTESIAN_POINT('',(6.29264345316,-0.121577729215,
    34.973003701352));
#2128 = CARTESIAN_POINT('',(4.571054820199,3.06752162846,35.096593845997
    ));
#2129 = CARTESIAN_POINT('',(1.837645040984,4.361417301447,
    35.220169880249));
#2130 = CARTESIAN_POINT('',(-3.095456352775,3.580090800818,
    35.467330197569));
#2131 = CARTESIAN_POINT('',(-5.295247785294,1.504852817573,
    35.590906231842));
#2132 = CARTESIAN_POINT('',(-5.947089978593,-2.06016105184,
    35.714496376417));
#2133 = CARTESIAN_POINT('',(-3.95075606797,-5.781306364117,
    35.838054208756));
#2134 = CARTESIAN_POINT('',(0.571897775427,-7.561334027477,
    35.961666430469));
#2135 = CARTESIAN_POINT('',(5.378265602641,-5.345568112827,
    36.08520864735));
#2136 = CARTESIAN_POINT('',(6.961950665199,-0.750479659608,
    36.208820869062));
#2137 = CARTESIAN_POINT('',(5.428884737141,3.184235117536,
    36.332378701411));
#2138 = CARTESIAN_POINT('',(2.294689285061,5.003861728237,
    36.455968845965));
#2139 = CARTESIAN_POINT('',(-0.711984310364,4.678886461095,
    36.579544880262));
#2140 = CARTESIAN_POINT('',(-4.509902718361,1.435157707344,
    36.826705197549));
#2141 = CARTESIAN_POINT('',(-5.30122437924,-1.483661413922,
    36.95028123189));
#2142 = CARTESIAN_POINT('',(-3.994296584101,-4.863922035907,
    37.073871376366));
#2143 = CARTESIAN_POINT('',(-0.347849025695,-6.9936383835,
    37.197429208775));
#2144 = CARTESIAN_POINT('',(4.43840918995,-6.148281321162,
    37.321041430486));
#2145 = CARTESIAN_POINT('',(7.378776933894,-1.747710016173,
    37.444583647332));
#2146 = CARTESIAN_POINT('',(6.328163304415,2.997720129815,
    37.568195869051));
#2147 = CARTESIAN_POINT('',(2.965126895893,5.551591237159,
    37.691753701444));
#2148 = CARTESIAN_POINT('',(-0.657966321881,5.465465344268,
    37.815343845937));
#2149 = CARTESIAN_POINT('',(-3.051777879798,3.61739574092,
    37.938919880271));
#2150 = CARTESIAN_POINT('',(-4.595192037233,-1.13274459389,
    38.186080197546));
#2151 = CARTESIAN_POINT('',(-3.744825866693,-4.034911441199,
    38.309656231889));
#2152 = CARTESIAN_POINT('',(-0.864305413301,-6.234189516346,
    38.433246376376));
#2153 = CARTESIAN_POINT('',(3.357575967094,-6.144807597404,
    38.556804208758));
#2154 = CARTESIAN_POINT('',(6.996834106949,-2.923209164795,
    38.680416430499));
#2155 = CARTESIAN_POINT('',(7.204617552656,2.36523260188,38.80395864733)
  );
#2156 = CARTESIAN_POINT('',(3.829341734674,5.862432828022,
    38.927570869044));
#2157 = CARTESIAN_POINT('',(-0.372512169454,6.282784212182,
    39.051128701451));
#2158 = CARTESIAN_POINT('',(-3.416706310715,4.316288810594,
    39.174718845935));
#2159 = CARTESIAN_POINT('',(-4.492152475643,1.489787337045,
    39.298294880267));
#2160 = CARTESIAN_POINT('',(-3.326187869369,-3.366804780753,
    39.545455197561));
#2161 = CARTESIAN_POINT('',(-1.084753505667,-5.396993694844,
    39.669031231843));
#2162 = CARTESIAN_POINT('',(2.520413564794,-5.767118711737,
    39.792621376443));
#2163 = CARTESIAN_POINT('',(6.073457274548,-3.484981136085,
    39.916179208693));
#2164 = CARTESIAN_POINT('',(7.493154375822,1.163390235782,
    40.039791430562));
#2165 = CARTESIAN_POINT('',(4.907115654569,5.781094644934,
    40.163333647254));
#2166 = CARTESIAN_POINT('',(0.201937827578,6.999371250215,
    40.286945869134));
#2167 = CARTESIAN_POINT('',(-3.600364570638,5.162317089376,
    40.41050370137));
#2168 = CARTESIAN_POINT('',(-5.168475738765,1.895017057467,
    40.534093845984));
#2169 = CARTESIAN_POINT('',(-4.608601370471,-1.076890701098,
    40.657669880251));
#2170 = CARTESIAN_POINT('',(-1.07689070599,-4.608601369331,
    40.904830197573));
#2171 = CARTESIAN_POINT('',(1.895017051983,-5.168475740765,
    41.028406231726));
#2172 = CARTESIAN_POINT('',(5.162317085552,-3.600364576144,
    41.151996376878));
#2173 = CARTESIAN_POINT('',(6.99937125044,0.201937820194,41.275554207668
    ));
#2174 = CARTESIAN_POINT('',(5.781094650116,4.907115648379,
    41.399166432326));
#2175 = CARTESIAN_POINT('',(1.163390243787,7.493154374646,
    41.522708644873));
#2176 = CARTESIAN_POINT('',(-3.484981129718,6.073457278185,
    41.646320871753));
#2177 = CARTESIAN_POINT('',(-5.767118708972,2.520413570973,
    41.769878698978));
#2178 = CARTESIAN_POINT('',(-5.396993696074,-1.084753499988,
    41.893468847807));
#2179 = CARTESIAN_POINT('',(-3.366804784228,-3.326187865763,
    42.017044879102));
#2180 = CARTESIAN_POINT('',(1.489787332165,-4.49215247729,
    42.264205199891));
#2181 = CARTESIAN_POINT('',(4.316288807636,-3.416706314906,
    42.387781218124));
#2182 = CARTESIAN_POINT('',(6.282784209848,-0.372512177252,
    42.511371416249));
#2183 = CARTESIAN_POINT('',(5.862432836077,3.829341730786,
    42.634929126577));
#2184 = CARTESIAN_POINT('',(2.365232603107,7.204617546377,
    42.758541562909));
#2185 = CARTESIAN_POINT('',(-2.923209148978,6.996834115,42.882083473936)
  );
#2186 = CARTESIAN_POINT('',(-6.144807602923,3.357575968237,
    43.005696056942));
#2187 = CARTESIAN_POINT('',(-6.234189509071,-0.864305401819,
    43.129253531847));
#2188 = CARTESIAN_POINT('',(-4.034911451319,-3.744825866069,
    43.252843973195));
#2189 = CARTESIAN_POINT('',(-1.132744594975,-4.595192033772,
    43.376419801756));
#2190 = CARTESIAN_POINT('',(1.242325567579,-3.823484960954,
    43.500000077809));
#2191 = DEFINITIONAL_REPRESENTATION('',(#2192),#2196);
#2192 = LINE('',#2193,#2194);
#2193 = CARTESIAN_POINT('',(0.,0.));
#2194 = VECTOR('',#2195,1.);
#2195 = DIRECTION('',(0.,1.));
#2196 = ( GEOMETRIC_REPRESENTATION_CONTEXT(2) 
PARAMETRIC_REPRESENTATION_CONTEXT() REPRESENTATION_CONTEXT('2D SPACE',''
  ) );
#2197 = PCURVE('',#2198,#2843);
#2198 = B_SPLINE_SURFACE_WITH_KNOTS('',1,11,(
    (#2199,#2200,#2201,#2202,#2203,#2204,#2205,#2206,#2207,#2208,#2209
      ,#2210,#2211,#2212,#2213,#2214,#2215,#2216,#2217,#2218,#2219,#2220
      ,#2221,#2222,#2223,#2224,#2225,#2226,#2227,#2228,#2229,#2230,#2231
      ,#2232,#2233,#2234,#2235,#2236,#2237,#2238,#2239,#2240,#2241,#2242
      ,#2243,#2244,#2245,#2246,#2247,#2248,#2249,#2250,#2251,#2252,#2253
      ,#2254,#2255,#2256,#2257,#2258,#2259,#2260,#2261,#2262,#2263,#2264
      ,#2265,#2266,#2267,#2268,#2269,#2270,#2271,#2272,#2273,#2274,#2275
      ,#2276,#2277,#2278,#2279,#2280,#2281,#2282,#2283,#2284,#2285,#2286
      ,#2287,#2288,#2289,#2290,#2291,#2292,#2293,#2294,#2295,#2296,#2297
      ,#2298,#2299,#2300,#2301,#2302,#2303,#2304,#2305,#2306,#2307,#2308
      ,#2309,#2310,#2311,#2312,#2313,#2314,#2315,#2316,#2317,#2318,#2319
      ,#2320,#2321,#2322,#2323,#2324,#2325,#2326,#2327,#2328,#2329,#2330
      ,#2331,#2332,#2333,#2334,#2335,#2336,#2337,#2338,#2339,#2340,#2341
      ,#2342,#2343,#2344,#2345,#2346,#2347,#2348,#2349,#2350,#2351,#2352
      ,#2353,#2354,#2355,#2356,#2357,#2358,#2359,#2360,#2361,#2362,#2363
      ,#2364,#2365,#2366,#2367,#2368,#2369,#2370,#2371,#2372,#2373,#2374
      ,#2375,#2376,#2377,#2378,#2379,#2380,#2381,#2382,#2383,#2384,#2385
      ,#2386,#2387,#2388,#2389,#2390,#2391,#2392,#2393,#2394,#2395,#2396
      ,#2397,#2398,#2399,#2400,#2401,#2402,#2403,#2404,#2405,#2406,#2407
      ,#2408,#2409,#2410,#2411,#2412,#2413,#2414,#2415,#2416,#2417,#2418
      ,#2419,#2420,#2421,#2422,#2423,#2424,#2425,#2426,#2427,#2428,#2429
      ,#2430,#2431,#2432,#2433,#2434,#2435,#2436,#2437,#2438,#2439,#2440
      ,#2441,#2442,#2443,#2444,#2445,#2446,#2447,#2448,#2449,#2450,#2451
      ,#2452,#2453,#2454,#2455,#2456,#2457,#2458,#2459,#2460,#2461,#2462
      ,#2463,#2464,#2465,#2466,#2467,#2468,#2469,#2470,#2471,#2472,#2473
      ,#2474,#2475,#2476,#2477,#2478,#2479,#2480,#2481,#2482,#2483,#2484
      ,#2485,#2486,#2487,#2488,#2489,#2490,#2491,#2492,#2493,#2494,#2495
      ,#2496,#2497,#2498,#2499,#2500,#2501,#2502,#2503,#2504,#2505,#2506
      ,#2507,#2508,#2509,#2510,#2511,#2512,#2513,#2514,#2515,#2516,#2517
      ,#2518,#2519,#2520)
    ,(#2521,#2522,#2523,#2524,#2525,#2526,#2527,#2528,#2529,#2530,#2531
      ,#2532,#2533,#2534,#2535,#2536,#2537,#2538,#2539,#2540,#2541,#2542
      ,#2543,#2544,#2545,#2546,#2547,#2548,#2549,#2550,#2551,#2552,#2553
      ,#2554,#2555,#2556,#2557,#2558,#2559,#2560,#2561,#2562,#2563,#2564
      ,#2565,#2566,#2567,#2568,#2569,#2570,#2571,#2572,#2573,#2574,#2575
      ,#2576,#2577,#2578,#2579,#2580,#2581,#2582,#2583,#2584,#2585,#2586
      ,#2587,#2588,#2589,#2590,#2591,#2592,#2593,#2594,#2595,#2596,#2597
      ,#2598,#2599,#2600,#2601,#2602,#2603,#2604,#2605,#2606,#2607,#2608
      ,#2609,#2610,#2611,#2612,#2613,#2614,#2615,#2616,#2617,#2618,#2619
      ,#2620,#2621,#2622,#2623,#2624,#2625,#2626,#2627,#2628,#2629,#2630
      ,#2631,#2632,#2633,#2634,#2635,#2636,#2637,#2638,#2639,#2640,#2641
      ,#2642,#2643,#2644,#2645,#2646,#2647,#2648,#2649,#2650,#2651,#2652
      ,#2653,#2654,#2655,#2656,#2657,#2658,#2659,#2660,#2661,#2662,#2663
      ,#2664,#2665,#2666,#2667,#2668,#2669,#2670,#2671,#2672,#2673,#2674
      ,#2675,#2676,#2677,#2678,#2679,#2680,#2681,#2682,#2683,#2684,#2685
      ,#2686,#2687,#2688,#2689,#2690,#2691,#2692,#2693,#2694,#2695,#2696
      ,#2697,#2698,#2699,#2700,#2701,#2702,#2703,#2704,#2705,#2706,#2707
      ,#2708,#2709,#2710,#2711,#2712,#2713,#2714,#2715,#2716,#2717,#2718
      ,#2719,#2720,#2721,#2722,#2723,#2724,#2725,#2726,#2727,#2728,#2729
      ,#2730,#2731,#2732,#2733,#2734,#2735,#2736,#2737,#2738,#2739,#2740
      ,#2741,#2742,#2743,#2744,#2745,#2746,#2747,#2748,#2749,#2750,#2751
      ,#2752,#2753,#2754,#2755,#2756,#2757,#2758,#2759,#2760,#2761,#2762
      ,#2763,#2764,#2765,#2766,#2767,#2768,#2769,#2770,#2771,#2772,#2773
      ,#2774,#2775,#2776,#2777,#2778,#2779,#2780,#2781,#2782,#2783,#2784
      ,#2785,#2786,#2787,#2788,#2789,#2790,#2791,#2792,#2793,#2794,#2795
      ,#2796,#2797,#2798,#2799,#2800,#2801,#2802,#2803,#2804,#2805,#2806
      ,#2807,#2808,#2809,#2810,#2811,#2812,#2813,#2814,#2815,#2816,#2817
      ,#2818,#2819,#2820,#2821,#2822,#2823,#2824,#2825,#2826,#2827,#2828
      ,#2829,#2830,#2831,#2832,#2833,#2834,#2835,#2836,#2837,#2838,#2839
      ,#2840,#2841,#2842
    )),.UNSPECIFIED.,.F.,.F.,.F.,(2,2),(12,10,10,10,10,10,10,10,10,10,10
    ,10,10,10,10,10,10,10,10,10,10,10,10,10,10,10,10,10,10,10,10,10,12),
  (0.,0.55),(0.,6.96687144352,13.933742887039,20.900614330559,
    27.867485774078,34.834357217598,41.801228661117,48.768100104637,
    55.734971548156,62.701842991676,69.668714435196,76.635585878715,
    83.602457322235,90.569328765754,97.536200209274,104.50307165279,
    111.46994309631,118.43681453983,125.40368598335,132.37055742687,
    139.33742887039,146.30430031391,153.27117175743,160.23804320095,
    167.20491464446,174.17178608798,181.1386575315,188.10552897502,
    195.07240041854,202.03927186206,209.00614330558,215.9730147491,
    222.93988619262),.UNSPECIFIED.);
#2199 = CARTESIAN_POINT('',(3.34525,-2.6645352591E-15,0.275));
#2200 = CARTESIAN_POINT('',(3.345249486492,2.077994985834,0.39857901637)
  );
#2201 = CARTESIAN_POINT('',(1.926048694201,4.156074129531,0.522161253435
    ));
#2202 = CARTESIAN_POINT('',(-0.919018630434,5.155724560111,
    0.645732908653));
#2203 = CARTESIAN_POINT('',(-4.237158466488,3.999678968744,
    0.769328436363));
#2204 = CARTESIAN_POINT('',(-6.288719426145,0.513986689049,
    0.892884057935));
#2205 = CARTESIAN_POINT('',(-5.09342592582,-3.724081931575,
    1.016490856038));
#2206 = CARTESIAN_POINT('',(-1.522967033899,-5.624205998962,
    1.140046583835));
#2207 = CARTESIAN_POINT('',(1.910277533374,-4.876157810917,
    1.263641941046));
#2208 = CARTESIAN_POINT('',(3.813765436849,-2.537280318136,
    1.387213772412));
#2209 = CARTESIAN_POINT('',(3.938044250248,-2.389344429084E-02,
    1.510795872108));
#2210 = CARTESIAN_POINT('',(1.766544722091,3.519670066656,1.757954072388
    ));
#2211 = CARTESIAN_POINT('',(-0.529316369687,4.549993366479,
    1.881536162629));
#2212 = CARTESIAN_POINT('',(-3.477450775757,3.915791975179,
    2.005108029687));
#2213 = CARTESIAN_POINT('',(-5.702598125953,1.19637765597,2.128703302247
    ));
#2214 = CARTESIAN_POINT('',(-5.630571966993,-2.847601123573,
    2.252259181732));
#2215 = CARTESIAN_POINT('',(-2.397032134895,-5.836609608297,
    2.375865761471));
#2216 = CARTESIAN_POINT('',(1.640096750021,-5.591171990338,
    2.499421642549));
#2217 = CARTESIAN_POINT('',(4.176564783289,-3.159490740684,2.62301691255
    ));
#2218 = CARTESIAN_POINT('',(4.577494921771,-0.170700136142,
    2.746588782254));
#2219 = CARTESIAN_POINT('',(3.370218985683,2.037249957523,2.87017087043)
  );
#2220 = CARTESIAN_POINT('',(-0.3327955752,3.924029146282,3.11732907323)
  );
#2221 = CARTESIAN_POINT('',(-2.828681401062,3.602940047748,
    3.240911161271));
#2222 = CARTESIAN_POINT('',(-5.011009886179,1.521798474913,
    3.364483031487));
#2223 = CARTESIAN_POINT('',(-5.487369813184,-1.959519695668,
    3.488078300268));
#2224 = CARTESIAN_POINT('',(-3.312984305797,-5.369944860443,
    3.611634183542));
#2225 = CARTESIAN_POINT('',(1.005814268457,-6.228973626411,
    3.735240760101));
#2226 = CARTESIAN_POINT('',(4.319791703293,-3.91030960648,3.858796643392
    ));
#2227 = CARTESIAN_POINT('',(5.211936260126,-0.511659599899,
    3.982391912145));
#2228 = CARTESIAN_POINT('',(3.992146598689,2.246188734551,4.105963782391
    ));
#2229 = CARTESIAN_POINT('',(1.809123891067,3.4979757214,4.229545870407)
  );
#2230 = CARTESIAN_POINT('',(-2.33405447076,3.171899645834,4.476704073239
    ));
#2231 = CARTESIAN_POINT('',(-4.294378378431,1.594029422375,
    4.600286161266));
#2232 = CARTESIAN_POINT('',(-5.067725811837,-1.320698971548,
    4.723858031478));
#2233 = CARTESIAN_POINT('',(-3.654905670894,-4.537908046809,
    4.847453300296));
#2234 = CARTESIAN_POINT('',(-1.899500077982E-02,-6.309660213106,
    4.9710091835));
#2235 = CARTESIAN_POINT('',(4.112227422587,-4.78553658492,5.094615760144
    ));
#2236 = CARTESIAN_POINT('',(5.726359064879,-1.077002060719,
    5.218171643361));
#2237 = CARTESIAN_POINT('',(4.711247595992,2.286967689965,5.34176691216)
  );
#2238 = CARTESIAN_POINT('',(2.230234142153,4.001081599745,5.465338782387
    ));
#2239 = CARTESIAN_POINT('',(-0.285155602027,3.927779230478,
    5.588920870407));
#2240 = CARTESIAN_POINT('',(-3.647421599932,1.484948924399,
    5.836079073243));
#2241 = CARTESIAN_POINT('',(-4.494437571686,-0.884673030404,
    5.959661161244));
#2242 = CARTESIAN_POINT('',(-3.630883252058,-3.773960451208,
    6.083233031533));
#2243 = CARTESIAN_POINT('',(-0.745268930646,-5.778885630089,
    6.206828300204));
#2244 = CARTESIAN_POINT('',(3.280592504586,-5.389794581748,
    6.330384183615));
#2245 = CARTESIAN_POINT('',(6.006686262499,-1.931707774212,
    6.453990760036));
#2246 = CARTESIAN_POINT('',(5.445255765126,2.073719178392,6.577546643437
    ));
#2247 = CARTESIAN_POINT('',(2.822061589016,4.411580613969,6.701141912122
    ));
#2248 = CARTESIAN_POINT('',(-0.18897218767,4.576777011058,6.824713782399
    ));
#2249 = CARTESIAN_POINT('',(-2.295394129825,3.19998893584,6.948295870407
    ));
#2250 = CARTESIAN_POINT('',(-3.885821834107,-0.639645455922,
    7.195454073238));
#2251 = CARTESIAN_POINT('',(-3.369897601184,-3.102644938451,
    7.319036161275));
#2252 = CARTESIAN_POINT('',(-1.12394797371,-5.114961547244,
    7.442608031457));
#2253 = CARTESIAN_POINT('',(2.384013223829,-5.316711940004,
    7.566203300331));
#2254 = CARTESIAN_POINT('',(5.613324865408,-2.881450462952,
    7.689759183461));
#2255 = CARTESIAN_POINT('',(6.130856501518,1.491433316754,7.813365760175
    ));
#2256 = CARTESIAN_POINT('',(3.559328476222,4.613274582894,7.936921643344
    ));
#2257 = CARTESIAN_POINT('',(0.101158518134,5.236013949546,8.060516912165
    ));
#2258 = CARTESIAN_POINT('',(-2.552484696452,3.803606206095,
    8.184088782389));
#2259 = CARTESIAN_POINT('',(-3.629134854193,1.529098953896,
    8.307670870404));
#2260 = CARTESIAN_POINT('',(-2.978993934645,-2.57572373773,8.55482907325
    ));
#2261 = CARTESIAN_POINT('',(-1.252182517332,-4.406206350113,
    8.678411161209));
#2262 = CARTESIAN_POINT('',(1.714236881908,-4.948482857382,
    8.801983031621));
#2263 = CARTESIAN_POINT('',(4.81067978476,-3.287598654629,8.925578300048
    ));
#2264 = CARTESIAN_POINT('',(6.291699966882,0.476113789115,9.049134183819
    ));
#2265 = CARTESIAN_POINT('',(4.448142727818,4.475019670914,9.172740759832
    ));
#2266 = CARTESIAN_POINT('',(0.624397068682,5.793207218668,9.296296643594
    ));
#2267 = CARTESIAN_POINT('',(-2.649557957904,4.517290975091,
    9.419891912031));
#2268 = CARTESIAN_POINT('',(-4.16372975454,1.909437830324,9.543463782437
    ));
#2269 = CARTESIAN_POINT('',(-3.893298147259,-0.59244656911,
    9.667045870397));
#2270 = CARTESIAN_POINT('',(-1.194197921975,-3.752685566217,
    9.914204073247));
#2271 = CARTESIAN_POINT('',(1.23457538638,-4.411172074615,
    10.037786161241));
#2272 = CARTESIAN_POINT('',(4.047202407277,-3.323588926419,
    10.16135803153));
#2273 = CARTESIAN_POINT('',(5.819544380678,-0.289565374412,
    10.284953300217));
#2274 = CARTESIAN_POINT('',(5.115787322433,3.693357941794,10.40850918359
    ));
#2275 = CARTESIAN_POINT('',(1.454473791353,6.139729698541,
    10.532115760066));
#2276 = CARTESIAN_POINT('',(-2.494556437578,5.265767727347,
    10.655671643411));
#2277 = CARTESIAN_POINT('',(-4.619397583587,2.467233489243,
    10.779266912138));
#2278 = CARTESIAN_POINT('',(-4.547841747992,-0.547479435115,
    10.902838782393));
#2279 = CARTESIAN_POINT('',(-3.010029890129,-2.539386434017,
    11.026420870408));
#2280 = CARTESIAN_POINT('',(0.942551709716,-3.823657138163,
    11.273579073238));
#2281 = CARTESIAN_POINT('',(3.357479638043,-3.116078615289,
    11.397161161273));
#2282 = CARTESIAN_POINT('',(5.187377769495,-0.719167959531,
    11.520733031459));
#2283 = CARTESIAN_POINT('',(5.1132747697,2.793808517751,11.644328300332)
  );
#2284 = CARTESIAN_POINT('',(2.432151519858,5.822096855897,
    11.767884183451));
#2285 = CARTESIAN_POINT('',(-1.96785718274,5.994940607633,
    11.891490760193));
#2286 = CARTESIAN_POINT('',(-4.87831509059,3.186402902273,
    12.015046643323));
#2287 = CARTESIAN_POINT('',(-5.227809871834,-0.309966239518,
    12.138641912182));
#2288 = CARTESIAN_POINT('',(-3.591615316406,-2.843043741413,
    12.262213782379));
#2289 = CARTESIAN_POINT('',(-1.239646613198,-3.737919163804,
    12.385795870408));
#2290 = CARTESIAN_POINT('',(2.801512811342,-2.767721735222,
    12.632954073244));
#2291 = CARTESIAN_POINT('',(4.490868594426,-0.902615490726,
    12.756536161239));
#2292 = CARTESIAN_POINT('',(4.798730860592,2.097205951958,
    12.880108031545));
#2293 = CARTESIAN_POINT('',(2.900022499412,5.053792081958,
    13.003703300186));
#2294 = CARTESIAN_POINT('',(-0.968287179215,6.234949298348,
    13.127259183632));
#2295 = CARTESIAN_POINT('',(-4.810221934775,4.083324591477,
    13.250865760024));
#2296 = CARTESIAN_POINT('',(-5.824338323637,0.1679424612,13.374421643443
    ));
#2297 = CARTESIAN_POINT('',(-4.29548375309,-2.995812820034,
    13.49801691212));
#2298 = CARTESIAN_POINT('',(-1.576869199357,-4.300707130785,
    13.6215887824));
#2299 = CARTESIAN_POINT('',(0.896084906092,-3.834813586318,
    13.745170870405));
#2300 = CARTESIAN_POINT('',(3.834812978089,-0.896084292246,
    13.992329073241));
#2301 = CARTESIAN_POINT('',(4.300710234841,1.576866174549,
    14.115911161258));
#2302 = CARTESIAN_POINT('',(2.995803569849,4.295492014693,
    14.239483031493));
#2303 = CARTESIAN_POINT('',(-0.167923448661,5.824323704937,
    14.363078300277));
#2304 = CARTESIAN_POINT('',(-4.083352599099,4.810239533135,
    14.486634183517));
#2305 = CARTESIAN_POINT('',(-6.234919659355,0.968272493882,
    14.610240760133));
#2306 = CARTESIAN_POINT('',(-5.053814480459,-2.900013926786,
    14.733796643366));
#2307 = CARTESIAN_POINT('',(-2.097194074584,-4.798734431005,
    14.857391912158));
#2308 = CARTESIAN_POINT('',(0.902611289793,-4.490867528237,
    14.98096378239));
#2309 = CARTESIAN_POINT('',(2.767722576409,-2.801513009208,
    15.104545870403));
#2310 = CARTESIAN_POINT('',(3.737918324473,1.239646818787,
    15.351704073251));
#2311 = CARTESIAN_POINT('',(2.843047968499,3.591614359212,
    15.475286161201));
#2312 = CARTESIAN_POINT('',(0.309954035796,5.22781208277,15.598858031648
    ));
#2313 = CARTESIAN_POINT('',(-3.186379053218,4.878312560165,
    15.72245329999));
#2314 = CARTESIAN_POINT('',(-5.994973683117,1.967857553838,
    15.846009183909));
#2315 = CARTESIAN_POINT('',(-5.822063911488,-2.432148554833,
    15.969615759727));
#2316 = CARTESIAN_POINT('',(-2.793832094754,-5.113279163498,
    16.093171643685));
#2317 = CARTESIAN_POINT('',(0.719179952163,-5.187374607882,
    16.216766911972));
#2318 = CARTESIAN_POINT('',(3.116074476338,-3.35748092394,
    16.340338782465));
#2319 = CARTESIAN_POINT('',(3.823657958772,-0.942551438908,
    16.463920870388));
#2320 = CARTESIAN_POINT('',(2.539385610953,3.010029626875,
    16.711079073258));
#2321 = CARTESIAN_POINT('',(0.547483539422,4.547843140496,
    16.834661161194));
#2322 = CARTESIAN_POINT('',(-2.467245049824,4.619393092289,
    16.958233031643));
#2323 = CARTESIAN_POINT('',(-5.26574607056,2.494566741144,
    17.081828300024));
#2324 = CARTESIAN_POINT('',(-6.139758093901,-1.454490756847,
    17.205384183836));
#2325 = CARTESIAN_POINT('',(-3.693331401316,-5.115767580914,
    17.328990759827));
#2326 = CARTESIAN_POINT('',(0.289547567487,-5.819560445965,
    17.452546643587));
#2327 = CARTESIAN_POINT('',(3.323597499871,-4.047193445422,
    17.576141912041));
#2328 = CARTESIAN_POINT('',(4.411169217461,-1.234578645385,
    17.69971378243));
#2329 = CARTESIAN_POINT('',(3.752686124406,1.194198581646,
    17.823295870401));
#2330 = CARTESIAN_POINT('',(0.59244600488,3.893297492746,18.070454073241
    ));
#2331 = CARTESIAN_POINT('',(-1.909435058394,4.163733086345,
    18.194036161271));
#2332 = CARTESIAN_POINT('',(-4.517298485441,2.649548088045,
    18.317608031457));
#2333 = CARTESIAN_POINT('',(-5.793194136772,-0.624376967792,
    18.441203300342));
#2334 = CARTESIAN_POINT('',(-4.475035017543,-4.448172029841,
    18.564759183431));
#2335 = CARTESIAN_POINT('',(-0.476101474513,-6.291669267072,
    18.688365760219));
#2336 = CARTESIAN_POINT('',(3.287591865799,-4.810702786801,
    18.811921643297));
#2337 = CARTESIAN_POINT('',(4.948485484902,-1.714224761025,
    18.935516912202));
#2338 = CARTESIAN_POINT('',(4.406205616811,1.252178245699,
    19.059088782366));
#2339 = CARTESIAN_POINT('',(2.575723868988,2.978994788766,
    19.182670870415));
#2340 = CARTESIAN_POINT('',(-1.529099093002,3.629134001309,
    19.429829073229));
#2341 = CARTESIAN_POINT('',(-3.803605583477,2.552488985659,
    19.553411161311));
#2342 = CARTESIAN_POINT('',(-5.236015196238,-0.101170857819,
    19.676983031373));
#2343 = CARTESIAN_POINT('',(-4.613273931363,-3.559304501969,
    19.80057830047));
#2344 = CARTESIAN_POINT('',(-1.491431091677,-6.130889504376,
    19.924134183286));
#2345 = CARTESIAN_POINT('',(2.881444922245,-5.61329225498,
    20.047740760344));
#2346 = CARTESIAN_POINT('',(5.316718170167,-2.384036383581,
    20.171296643217));
#2347 = CARTESIAN_POINT('',(5.114957454379,1.123959681417,
    20.294891912239));
#2348 = CARTESIAN_POINT('',(3.102646545154,3.369893575834,
    20.418463782356));
#2349 = CARTESIAN_POINT('',(0.639645121558,3.885822630954,
    20.542045870414));
#2350 = CARTESIAN_POINT('',(-3.199988608818,2.295393329941,
    20.789204073236));
#2351 = CARTESIAN_POINT('',(-4.576778721289,0.188976170111,
    20.912786161267));
#2352 = CARTESIAN_POINT('',(-4.411575229493,-2.822072761658,
    21.036358031485));
#2353 = CARTESIAN_POINT('',(-2.073731149354,-5.445234983392,
    21.159953300275));
#2354 = CARTESIAN_POINT('',(1.931726915286,-6.006713239351,
    21.283509183535));
#2355 = CARTESIAN_POINT('',(5.389772818709,-3.28056759473,
    21.407115760104));
#2356 = CARTESIAN_POINT('',(5.778903043018,0.745252439025,
    21.530671643393));
#2357 = CARTESIAN_POINT('',(3.773950844272,3.630891095969,
    21.654266912144));
#2358 = CARTESIAN_POINT('',(0.884676503555,4.494434979026,
    21.777838782391));
#2359 = CARTESIAN_POINT('',(-1.484949625837,3.647422104648,
    21.901420870408));
#2360 = CARTESIAN_POINT('',(-3.927778533707,0.285155090883,
    22.148579073236));
#2361 = CARTESIAN_POINT('',(-4.001085138788,-2.230231640151,
    22.272161161284));
#2362 = CARTESIAN_POINT('',(-2.286957261216,-4.711254308866,
    22.395733031423));
#2363 = CARTESIAN_POINT('',(1.076980995287,-5.726347600343,
    22.519328300411));
#2364 = CARTESIAN_POINT('',(4.785567000863,-4.112240422931,
    22.642884183323));
#2365 = CARTESIAN_POINT('',(6.30962864155,1.900486872234E-02,
    22.766490760347));
#2366 = CARTESIAN_POINT('',(4.537931510757,3.654900707754,
    22.890046643186));
#2367 = CARTESIAN_POINT('',(1.320686681767,5.067727480232,
    23.013641912273));
#2368 = CARTESIAN_POINT('',(-1.594025106326,4.294377982549,
    23.137213782335));
#2369 = CARTESIAN_POINT('',(-3.171900507631,2.3340545346,23.260795870421
    ));
#2370 = CARTESIAN_POINT('',(-3.497974860229,-1.809123962827,
    23.507954073227));
#2371 = CARTESIAN_POINT('',(-2.246193059377,-3.992146314525,
    23.63153616131));
#2372 = CARTESIAN_POINT('',(0.511671999332,-5.211936534795,
    23.755108031382));
#2373 = CARTESIAN_POINT('',(3.910285655061,-4.319792934798,
    23.878703300445));
#2374 = CARTESIAN_POINT('',(6.229006352896,-1.00580946084,
    24.002259183331));
#2375 = CARTESIAN_POINT('',(5.36991278532,3.312976223577,24.125865760285
    ));
#2376 = CARTESIAN_POINT('',(1.959542295162,5.487377841232,
    24.249421643275));
#2377 = CARTESIAN_POINT('',(-1.521809825369,5.011004887356,
    24.373016912196));
#2378 = CARTESIAN_POINT('',(-3.60293616089,2.828683318643,
    24.496588782381));
#2379 = CARTESIAN_POINT('',(-3.924029914429,0.332795179339,
    24.620170870404));
#2380 = CARTESIAN_POINT('',(-2.037249185776,-3.37021859689,
    24.867329073253));
#2381 = CARTESIAN_POINT('',(0.17069630022,-4.577496939329,
    24.990911161192));
#2382 = CARTESIAN_POINT('',(3.159501456286,-4.176558538395,
    25.114483031662));
#2383 = CARTESIAN_POINT('',(5.591152212118,-1.640110315463,
    25.238078299987));
#2384 = CARTESIAN_POINT('',(5.83663499993,2.397053334914,25.361634183882
    ));
#2385 = CARTESIAN_POINT('',(2.847577998271,5.63054831487,25.485240759788
    ));
#2386 = CARTESIAN_POINT('',(-1.196362581602,5.702616781028,
    25.608796643608));
#2387 = CARTESIAN_POINT('',(-3.915799040999,3.477440581281,
    25.732391912037));
#2388 = CARTESIAN_POINT('',(-4.549991054418,0.52932003686,
    25.855963782424));
#2389 = CARTESIAN_POINT('',(-3.51967051472,-1.766545461785,
    25.979545870408));
#2390 = CARTESIAN_POINT('',(2.389389907551E-02,-3.938043513883,
    26.226704073222));
#2391 = CARTESIAN_POINT('',(2.53727810219,-3.81376917088,26.350286161363
    ));
#2392 = CARTESIAN_POINT('',(4.876163682913,-1.910266582334,
    26.473858031229));
#2393 = CARTESIAN_POINT('',(5.624196226598,1.522945076758,
    26.597453300728));
#2394 = CARTESIAN_POINT('',(3.724092498845,5.093457360007,
    26.721009182948));
#2395 = CARTESIAN_POINT('',(-0.513994040793,6.288687057263,
    26.844615760677));
#2396 = CARTESIAN_POINT('',(-3.99967587136,4.23718237794,26.968171642973
    ));
#2397 = CARTESIAN_POINT('',(-5.155725250504,0.919006129947,
    27.091766912367));
#2398 = CARTESIAN_POINT('',(-4.156074079985,-1.926044272115,
    27.215338782316));
#2399 = CARTESIAN_POINT('',(-2.077994977855,-3.345250405095,
    27.338920870413));
#2400 = CARTESIAN_POINT('',(2.077994981826,-3.345249540959,
    27.586079073257));
#2401 = CARTESIAN_POINT('',(4.156074136035,-1.926048605873,
    27.709661161149));
#2402 = CARTESIAN_POINT('',(5.155724551431,0.919018512653,
    27.833233031777));
#2403 = CARTESIAN_POINT('',(3.999678978356,4.237158597046,
    27.956828299783));
#2404 = CARTESIAN_POINT('',(0.513986680221,6.288719305594,
    28.080384184147));
#2405 = CARTESIAN_POINT('',(-3.7240819249,5.093426017933,28.203990759521
    ));
#2406 = CARTESIAN_POINT('',(-5.624206003046,1.522966976691,
    28.32754664382));
#2407 = CARTESIAN_POINT('',(-4.876157808968,-1.910277505594,
    28.451141911902));
#2408 = CARTESIAN_POINT('',(-2.537280318798,-3.813765446454,
    28.574713782494));
#2409 = CARTESIAN_POINT('',(-2.389344418062E-02,-3.938044248602,
    28.698295870378));
#2410 = CARTESIAN_POINT('',(3.519670066604,-1.766544722929,
    28.945454073275));
#2411 = CARTESIAN_POINT('',(4.549993366555,0.529316371091,
    29.069036161113));
#2412 = CARTESIAN_POINT('',(3.915791975089,3.477450773821,
    29.192608031843));
#2413 = CARTESIAN_POINT('',(1.19637765603,5.702598128162,29.316203299685
    ));
#2414 = CARTESIAN_POINT('',(-2.847601123554,5.63057196492,
    29.439759184264));
#2415 = CARTESIAN_POINT('',(-5.8366096084,2.39703213648,29.563365759417)
  );
#2416 = CARTESIAN_POINT('',(-5.591171990206,-1.640096750998,
    29.686921643884));
#2417 = CARTESIAN_POINT('',(-3.159490740779,-4.176564782819,
    29.810516911885));
#2418 = CARTESIAN_POINT('',(-0.170700136104,-4.577494921934,
    29.934088782482));
#2419 = CARTESIAN_POINT('',(2.03724995752,-3.370218985656,
    30.057670870398));
#2420 = CARTESIAN_POINT('',(3.924029146273,0.332795575193,
    30.304829073224));
#2421 = CARTESIAN_POINT('',(3.6029400478,2.828681401038,30.428411161374)
  );
#2422 = CARTESIAN_POINT('',(1.521798474791,5.011009886259,30.55198303119
    ));
#2423 = CARTESIAN_POINT('',(-1.959519695463,5.487369813066,
    30.675578300803));
#2424 = CARTESIAN_POINT('',(-5.369944860712,3.312984305889,
    30.799134182843));
#2425 = CARTESIAN_POINT('',(-6.22897362613,-1.005814268476,
    30.922740760786));
#2426 = CARTESIAN_POINT('',(-3.91030960671,-4.319791703328,
    31.046296642886));
#2427 = CARTESIAN_POINT('',(-0.511659599758,-5.211936260089,
    31.169891912419));
#2428 = CARTESIAN_POINT('',(2.246188734493,-3.992146598704,
    31.293463782293));
#2429 = CARTESIAN_POINT('',(3.497975721409,-1.809123891066,
    31.417045870419));
#2430 = CARTESIAN_POINT('',(3.17189964584,2.33405447076,31.66420407325)
  );
#2431 = CARTESIAN_POINT('',(1.594029422331,4.294378378437,
    31.787786161172));
#2432 = CARTESIAN_POINT('',(-1.320698971439,5.067725811825,
    31.911358031741));
#2433 = CARTESIAN_POINT('',(-4.537908046985,3.654905670883,
    32.034953299812));
#2434 = CARTESIAN_POINT('',(-6.309660212893,1.899500086099E-02,
    32.158509184153));
#2435 = CARTESIAN_POINT('',(-4.785536585123,-4.112227422746,
    32.282115759475));
#2436 = CARTESIAN_POINT('',(-1.077002060564,-5.726359064701,
    32.405671643884));
#2437 = CARTESIAN_POINT('',(2.286967689869,-4.711247596119,
    32.529266911855));
#2438 = CARTESIAN_POINT('',(4.001081599791,-2.230234142097,
    32.652838782514));
#2439 = CARTESIAN_POINT('',(3.927779230463,0.285155602015,
    32.776420870377));
#2440 = CARTESIAN_POINT('',(1.484948924414,3.647421599941,
    33.023579073269));
#2441 = CARTESIAN_POINT('',(-0.884673030458,4.494437571674,
    33.147161161158));
#2442 = CARTESIAN_POINT('',(-3.773960451093,3.630883252068,
    33.270733031717));
#2443 = CARTESIAN_POINT('',(-5.778885630261,0.745268930638,
    33.394328299917));
#2444 = CARTESIAN_POINT('',(-5.389794581564,-3.280592504563,
    33.517884183953));
#2445 = CARTESIAN_POINT('',(-1.931707774357,-6.006686262547,
    33.641490759733));
#2446 = CARTESIAN_POINT('',(2.073719178476,-5.445255765068,
    33.765046643641));
#2447 = CARTESIAN_POINT('',(4.411580613933,-2.822061589058,
    33.888641912023));
#2448 = CARTESIAN_POINT('',(4.576777011068,0.188972187685,
    34.012213782428));
#2449 = CARTESIAN_POINT('',(3.199988935841,2.295394129826,
    34.135795870409));
#2450 = CARTESIAN_POINT('',(-0.639645455929,3.885821834095,
    34.382954073218));
#2451 = CARTESIAN_POINT('',(-3.102644938404,3.369897601239,
    34.506536161386));
#2452 = CARTESIAN_POINT('',(-5.114961547362,1.123947973587,
    34.630108031178));
#2453 = CARTESIAN_POINT('',(-5.316711939831,-2.384013223631,
    34.753703300805));
#2454 = CARTESIAN_POINT('',(-2.881450463108,-5.613324865658,
    34.87725918286));
#2455 = CARTESIAN_POINT('',(1.491433316828,-6.130856501265,
    35.000865760754));
#2456 = CARTESIAN_POINT('',(4.613274582899,-3.559328476425,
    35.124421642916));
#2457 = CARTESIAN_POINT('',(5.236013949516,-0.101158518007,
    35.248016912406));
#2458 = CARTESIAN_POINT('',(3.803606206113,2.552484696393,
    35.371588782289));
#2459 = CARTESIAN_POINT('',(1.529098953892,3.62913485421,35.495170870431
    ));
#2460 = CARTESIAN_POINT('',(-2.575723737728,2.978993934625,
    35.742329073219));
#2461 = CARTESIAN_POINT('',(-4.406206350098,1.252182517406,
    35.865911161335));
#2462 = CARTESIAN_POINT('',(-4.94848285743,-1.714236882064,
    35.989483031332));
#2463 = CARTESIAN_POINT('',(-3.287598654559,-4.810679784525,
    36.11307830052));
#2464 = CARTESIAN_POINT('',(0.476113789071,-6.291699967146,
    36.236634183244));
#2465 = CARTESIAN_POINT('',(4.475019670895,-4.448142727592,
    36.360240760363));
#2466 = CARTESIAN_POINT('',(5.793207218732,-0.624397068833,
    36.483796643222));
#2467 = CARTESIAN_POINT('',(4.517290975033,2.649557957983,
    36.607391912222));
#2468 = CARTESIAN_POINT('',(1.909437830351,4.163729754509,
    36.730963782372));
#2469 = CARTESIAN_POINT('',(-0.592446569113,3.893298147263,
    36.854545870403));
#2470 = CARTESIAN_POINT('',(-3.752685566221,1.19419792198,
    37.101704073258));
#2471 = CARTESIAN_POINT('',(-4.411172074599,-1.234575386414,
    37.225286161163));
#2472 = CARTESIAN_POINT('',(-3.323588926454,-4.047202407195,
    37.348858031733));
#2473 = CARTESIAN_POINT('',(-0.28956537435,-5.819544380792,
    37.472453299866));
#2474 = CARTESIAN_POINT('',(3.693357941695,-5.115787322334,
    37.596009184035));
#2475 = CARTESIAN_POINT('',(6.139729698668,-1.454473791401,
    37.719615759636));
#2476 = CARTESIAN_POINT('',(5.265767727225,2.494556437582,
    37.843171643732));
#2477 = CARTESIAN_POINT('',(2.467233489328,4.619397583595,
    37.966766911953));
#2478 = CARTESIAN_POINT('',(-0.547479435156,4.54784174799,
    38.090338782473));
#2479 = CARTESIAN_POINT('',(-2.539386434004,3.010029890126,
    38.213920870383));
#2480 = CARTESIAN_POINT('',(-3.82365713818,-0.942551709709,
    38.461079073272));
#2481 = CARTESIAN_POINT('',(-3.116078615228,-3.357479638088,
    38.584661161126));
#2482 = CARTESIAN_POINT('',(-0.719167959655,-5.187377769388,
    38.70823303181));
#2483 = CARTESIAN_POINT('',(2.793808517943,-5.113274769845,
    38.831828299745));
#2484 = CARTESIAN_POINT('',(5.82209685566,-2.432151519748,
    38.955384184183));
#2485 = CARTESIAN_POINT('',(5.994940607868,1.967857182717,
    39.078990759499));
#2486 = CARTESIAN_POINT('',(3.186402902087,4.878315090547,
    39.202546643825));
#2487 = CARTESIAN_POINT('',(-0.309966239405,5.227809871882,
    39.326141911913));
#2488 = CARTESIAN_POINT('',(-2.843043741461,3.591615316385,
    39.449713782477));
#2489 = CARTESIAN_POINT('',(-3.737919163795,1.2396466132,39.573295870393
    ));
#2490 = CARTESIAN_POINT('',(-2.767721735221,-2.80151281134,
    39.820454073242));
#2491 = CARTESIAN_POINT('',(-0.902615490748,-4.490868594431,
    39.944036161277));
#2492 = CARTESIAN_POINT('',(2.097205952016,-4.798730860584,
    40.067608031444));
#2493 = CARTESIAN_POINT('',(5.053792081867,-2.900022499422,
    40.19120330035));
#2494 = CARTESIAN_POINT('',(6.234949298449,0.968287179232,
    40.314759183447));
#2495 = CARTESIAN_POINT('',(4.083324591397,4.81022193475,40.438365760173
    ));
#2496 = CARTESIAN_POINT('',(0.167942461243,5.824338323664,40.56192164336
    ));
#2497 = CARTESIAN_POINT('',(-2.995812820044,4.295483753067,
    40.685516912148));
#2498 = CARTESIAN_POINT('',(-4.300707130791,1.576869199371,
    40.809088782399));
#2499 = CARTESIAN_POINT('',(-3.834813586308,-0.896084906098,
    40.932670870401));
#2500 = CARTESIAN_POINT('',(-0.896084292271,-3.834812978078,
    41.179829073254));
#2501 = CARTESIAN_POINT('',(1.57686617468,-4.300710234936,
    41.303411161215));
#2502 = CARTESIAN_POINT('',(4.295492014367,-2.995803569536,
    41.426983031544));
#2503 = CARTESIAN_POINT('',(5.824323705481,0.167923447982,
    41.550578300336));
#2504 = CARTESIAN_POINT('',(4.810239532452,4.083352600211,
    41.674134183145));
#2505 = CARTESIAN_POINT('',(0.968272494579,6.234919657878,
    41.797740760978));
#2506 = CARTESIAN_POINT('',(-2.900013927411,5.053814482105,
    41.921296642097));
#2507 = CARTESIAN_POINT('',(-4.798734430493,2.097194073035,
    42.044891913571));
#2508 = CARTESIAN_POINT('',(-4.490867528614,-0.902611288571,
    42.168463781175));
#2509 = CARTESIAN_POINT('',(-2.801513008975,-2.767722577197,
    42.292045871222));
#2510 = CARTESIAN_POINT('',(1.239646818328,-3.737918322876,
    42.539204071574));
#2511 = CARTESIAN_POINT('',(3.591614361898,-2.843047977916,
    42.662786171111));
#2512 = CARTESIAN_POINT('',(5.227812075004,-0.309954008489,
    42.786358002881));
#2513 = CARTESIAN_POINT('',(4.878312576136,3.186378996908,
    42.909953359358));
#2514 = CARTESIAN_POINT('',(1.967857528169,5.994973773859,
    43.033509088166));
#2515 = CARTESIAN_POINT('',(-2.432148521293,5.822063792654,
    43.157115885188));
#2516 = CARTESIAN_POINT('',(-5.113279199786,2.79383222353,
    43.280671507669));
#2517 = CARTESIAN_POINT('',(-5.187374575158,-0.719180068404,
    43.404267034775));
#2518 = CARTESIAN_POINT('',(-3.357480948486,-3.116074389114,
    43.527838690311));
#2519 = CARTESIAN_POINT('',(-0.942551423765,-3.823658012586,
    43.651420927244));
#2520 = CARTESIAN_POINT('',(1.03373908648,-3.181521758202,
    43.774999943655));
#2521 = CARTESIAN_POINT('',(3.34525,-3.330669073875E-16,-0.275));
#2522 = CARTESIAN_POINT('',(3.345250513708,2.077995017126,-0.15142098363
    ));
#2523 = CARTESIAN_POINT('',(1.926044209227,4.156074146064,
    -2.783874656528E-02));
#2524 = CARTESIAN_POINT('',(-0.919006029131,5.155725338712,
    9.573290865288E-02));
#2525 = CARTESIAN_POINT('',(-4.23718258443,3.999675927504,0.219328436363
    ));
#2526 = CARTESIAN_POINT('',(-6.288687037276,0.513994048202,
    0.342884057936));
#2527 = CARTESIAN_POINT('',(-5.093457533878,-3.724092567991,
    0.466490856036));
#2528 = CARTESIAN_POINT('',(-1.522945038068,-5.62419631775,
    0.590046583837));
#2529 = CARTESIAN_POINT('',(1.910266589738,-4.876163761839,
    0.713641941045));
#2530 = CARTESIAN_POINT('',(3.813769245309,-2.537278139787,
    0.837213772413));
#2531 = CARTESIAN_POINT('',(3.938043576591,-2.389389588746E-02,
    0.960795872108));
#2532 = CARTESIAN_POINT('',(1.766545488239,3.519670573896,1.207954072388
    ));
#2533 = CARTESIAN_POINT('',(-0.529320051079,4.549991128216,1.33153616263
    ));
#2534 = CARTESIAN_POINT('',(-3.477440639887,3.915799101871,
    1.455108029687));
#2535 = CARTESIAN_POINT('',(-5.702616877349,1.196362595746,
    1.578703302247));
#2536 = CARTESIAN_POINT('',(-5.630548402379,-2.847578049828,
    1.702259181732));
#2537 = CARTESIAN_POINT('',(-2.3970533701,-5.836635097697,1.82586576147)
  );
#2538 = CARTESIAN_POINT('',(1.640110348291,-5.591152301818,
    1.949421642551));
#2539 = CARTESIAN_POINT('',(4.17655860914,-3.159501504146,2.073016912549
    ));
#2540 = CARTESIAN_POINT('',(4.577497014433,-0.170696298745,
    2.196588782254));
#2541 = CARTESIAN_POINT('',(3.370218650052,2.037249222171,2.32017087043)
  );
#2542 = CARTESIAN_POINT('',(-0.332795188389,3.924029978244,2.56732907323
    ));
#2543 = CARTESIAN_POINT('',(-2.828683368203,3.602936217156,
    2.690911161271));
#2544 = CARTESIAN_POINT('',(-5.01100497064,1.521809845587,2.814483031488
    ));
#2545 = CARTESIAN_POINT('',(-5.487377929082,-1.959542332205,
    2.938078300265));
#2546 = CARTESIAN_POINT('',(-3.312976272756,-5.369912876192,
    3.061634183547));
#2547 = CARTESIAN_POINT('',(1.005809483018,-6.229006453677,
    3.185240760096));
#2548 = CARTESIAN_POINT('',(4.319793009017,-3.910285715032,
    3.308796643397));
#2549 = CARTESIAN_POINT('',(5.211936620415,-0.511672002835,
    3.432391912142));
#2550 = CARTESIAN_POINT('',(3.992146377692,2.246193099745,3.555963782392
    ));
#2551 = CARTESIAN_POINT('',(1.809123989157,3.497974919065,3.679545870407
    ));
#2552 = CARTESIAN_POINT('',(-2.334054575668,3.171900557299,
    3.926704073239));
#2553 = CARTESIAN_POINT('',(-4.294378054186,1.594025128429,
    4.050286161266));
#2554 = CARTESIAN_POINT('',(-5.067727561845,-1.320686708072,
    4.173858031479));
#2555 = CARTESIAN_POINT('',(-3.654900763243,-4.537931588219,
    4.297453300294));
#2556 = CARTESIAN_POINT('',(-1.90048632498E-02,-6.309628744741,
    4.421009183503));
#2557 = CARTESIAN_POINT('',(4.112240494574,-4.785567075201,4.54461576014
    ));
#2558 = CARTESIAN_POINT('',(5.726347694902,-1.076981007637,
    4.668171643365));
#2559 = CARTESIAN_POINT('',(4.711254383733,2.286957302957,4.791766912158
    ));
#2560 = CARTESIAN_POINT('',(2.230231672904,4.001085206219,4.915338782388
    ));
#2561 = CARTESIAN_POINT('',(-0.285155099171,3.927778597627,
    5.038920870407));
#2562 = CARTESIAN_POINT('',(-3.647422165618,1.484949646731,
    5.286079073243));
#2563 = CARTESIAN_POINT('',(-4.494435051651,-0.884676522152,
    5.409661161245));
#2564 = CARTESIAN_POINT('',(-3.630891151812,-3.773950909315,
    5.533233031532));
#2565 = CARTESIAN_POINT('',(-0.745252445872,-5.778903138103,
    5.656828300205));
#2566 = CARTESIAN_POINT('',(3.280567653331,-5.389772903785,
    5.780384183613));
#2567 = CARTESIAN_POINT('',(6.006713339256,-1.931726941279,
    5.903990760036));
#2568 = CARTESIAN_POINT('',(5.445235070488,2.073731188257,6.027546643438
    ));
#2569 = CARTESIAN_POINT('',(2.822072803673,4.41157530419,6.151141912121)
  );
#2570 = CARTESIAN_POINT('',(-0.188976177414,4.576778795899,6.2747137824)
  );
#2571 = CARTESIAN_POINT('',(-2.295393370406,3.199988658988,
    6.398295870407));
#2572 = CARTESIAN_POINT('',(-3.885822693858,-0.639645135599,
    6.645454073238));
#2573 = CARTESIAN_POINT('',(-3.369893628039,-3.102646598965,
    6.769036161274));
#2574 = CARTESIAN_POINT('',(-1.123959695047,-5.114957538989,
    6.892608031459));
#2575 = CARTESIAN_POINT('',(2.384036427422,-5.316718254869,
    7.016203300326));
#2576 = CARTESIAN_POINT('',(5.613292349405,-2.881444964094,
    7.139759183468));
#2577 = CARTESIAN_POINT('',(6.130889603127,1.491431121644,7.263365760167
    ));
#2578 = CARTESIAN_POINT('',(3.559304555923,4.613274010092,7.386921643351
    ));
#2579 = CARTESIAN_POINT('',(0.101170854595,5.236015281855,7.510516912161
    ));
#2580 = CARTESIAN_POINT('',(-2.552489030856,3.803605643286,7.63408878239
    ));
#2581 = CARTESIAN_POINT('',(-3.629134062031,1.529099114635,
    7.757670870404));
#2582 = CARTESIAN_POINT('',(-2.978994835054,-2.575723913827,
    8.00482907325));
#2583 = CARTESIAN_POINT('',(-1.252178262137,-4.406205689962,
    8.12841116121));
#2584 = CARTESIAN_POINT('',(1.714224793712,-4.948485564193,8.25198303162
    ));
#2585 = CARTESIAN_POINT('',(4.810702868282,-3.287591915067,
    8.375578300049));
#2586 = CARTESIAN_POINT('',(6.291669369627,0.476101488129,8.499134183818
    ));
#2587 = CARTESIAN_POINT('',(4.448172098232,4.475035094707,8.622740759831
    ));
#2588 = CARTESIAN_POINT('',(0.624376972752,5.793194232098,8.746296643595
    ));
#2589 = CARTESIAN_POINT('',(-2.649548135569,4.517298556744,8.86989191203
    ));
#2590 = CARTESIAN_POINT('',(-4.163733156122,1.909435085778,
    8.993463782437));
#2591 = CARTESIAN_POINT('',(-3.893297555822,-0.592446018161,
    9.117045870397));
#2592 = CARTESIAN_POINT('',(-1.194198597693,-3.752686186829,
    9.364204073247));
#2593 = CARTESIAN_POINT('',(1.234578669636,-4.411169288392,
    9.487786161241));
#2594 = CARTESIAN_POINT('',(4.047193514616,-3.323597550471,
    9.611358031532));
#2595 = CARTESIAN_POINT('',(5.819560541328,-0.289547566783,
    9.734953300212));
#2596 = CARTESIAN_POINT('',(5.115767661117,3.693331466296,9.858509183597
    ));
#2597 = CARTESIAN_POINT('',(1.454490774904,6.139758195683,9.982115760058
    ));
#2598 = CARTESIAN_POINT('',(-2.49456678673,5.2657461542,10.105671643418)
  );
#2599 = CARTESIAN_POINT('',(-4.619393170071,2.467245085942,
    10.229266912134));
#2600 = CARTESIAN_POINT('',(-4.547843214299,-0.547483552602,
    10.352838782394));
#2601 = CARTESIAN_POINT('',(-3.010029673713,-2.539385655217,
    10.476420870407));
#2602 = CARTESIAN_POINT('',(0.942551457837,-3.823658020394,
    10.723579073238));
#2603 = CARTESIAN_POINT('',(3.357480981704,-3.116074524111,
    10.847161161271));
#2604 = CARTESIAN_POINT('',(5.187374693258,-0.719179959219,
    10.970733031464));
#2605 = CARTESIAN_POINT('',(5.113279244532,2.793832145277,
    11.094328300323));
#2606 = CARTESIAN_POINT('',(2.432148589173,5.822064008683,
    11.217884183464));
#2607 = CARTESIAN_POINT('',(-1.967857591565,5.994973779444,
    11.34149076018));
#2608 = CARTESIAN_POINT('',(-4.878312642754,3.186379100635,
    11.465046643334));
#2609 = CARTESIAN_POINT('',(-5.227812167962,-0.309954045603,
    11.588641912176));
#2610 = CARTESIAN_POINT('',(-3.591614415252,-2.843048018309,
    11.712213782382));
#2611 = CARTESIAN_POINT('',(-1.239646835595,-3.73791838669,
    11.835795870407));
#2612 = CARTESIAN_POINT('',(2.801513057542,-2.767722619048,
    12.082954073244));
#2613 = CARTESIAN_POINT('',(4.49086760245,-0.902611300402,
    12.206536161239));
#2614 = CARTESIAN_POINT('',(4.798734507496,2.097194113306,
    12.330108031544));
#2615 = CARTESIAN_POINT('',(2.900013969476,5.053814565687,
    12.453703300185));
#2616 = CARTESIAN_POINT('',(-0.968272515423,6.234919760375,
    12.577259183635));
#2617 = CARTESIAN_POINT('',(-4.810239615539,4.083352661355,
    12.70086576002));
#2618 = CARTESIAN_POINT('',(-5.824323800247,0.167923446039,
    12.824421643447));
#2619 = CARTESIAN_POINT('',(-4.295492082121,-2.995803622773,
    12.948016912117));
#2620 = CARTESIAN_POINT('',(-1.576866196343,-4.300710306572,
    13.071588782402));
#2621 = CARTESIAN_POINT('',(0.896084310429,-3.834813039923,
    13.195170870405));
#2622 = CARTESIAN_POINT('',(3.834813649809,-0.896084917194,
    13.442329073242));
#2623 = CARTESIAN_POINT('',(4.300707199593,1.5768692291,13.565911161257)
  );
#2624 = CARTESIAN_POINT('',(2.99581286505,4.295483826037,13.689483031497
    ));
#2625 = CARTESIAN_POINT('',(-0.167942469385,5.824338418662,
    13.813078300269));
#2626 = CARTESIAN_POINT('',(-4.083324662552,4.810222009605,
    13.936634183528));
#2627 = CARTESIAN_POINT('',(-6.234949401222,0.968287189268,
    14.060240760121));
#2628 = CARTESIAN_POINT('',(-5.053792161783,-2.900022551453,
    14.183796643376));
#2629 = CARTESIAN_POINT('',(-2.097205981839,-4.79873094095,
    14.307391912152));
#2630 = CARTESIAN_POINT('',(0.902615509636,-4.490868666973,
    14.430963782393));
#2631 = CARTESIAN_POINT('',(2.767721783035,-2.801512854564,
    14.554545870403));
#2632 = CARTESIAN_POINT('',(3.73791922373,1.239646636909,14.801704073251
    ));
#2633 = CARTESIAN_POINT('',(2.843043784591,3.591615377704,
    14.925286161202));
#2634 = CARTESIAN_POINT('',(0.309966239662,5.227809957581,
    15.048858031646));
#2635 = CARTESIAN_POINT('',(-3.186402958687,4.878315167328,
    15.172453299993));
#2636 = CARTESIAN_POINT('',(-5.994940707617,1.967857209347,
    15.296009183907));
#2637 = CARTESIAN_POINT('',(-5.822096948572,-2.432151564907,
    15.419615759727));
#2638 = CARTESIAN_POINT('',(-2.793808558855,-5.113274855927,
    15.543171643686));
#2639 = CARTESIAN_POINT('',(0.719167976183,-5.187377853524,
    15.66676691197));
#2640 = CARTESIAN_POINT('',(3.116078669257,-3.357479690059,
    15.790338782466));
#2641 = CARTESIAN_POINT('',(3.823657201527,-0.942551721581,
    15.913920870388));
#2642 = CARTESIAN_POINT('',(2.53938647272,3.010029941656,16.161079073258
    ));
#2643 = CARTESIAN_POINT('',(0.547479439904,4.547841822811,
    16.284661161191));
#2644 = CARTESIAN_POINT('',(-2.46723353392,4.619397656801,
    16.408233031651));
#2645 = CARTESIAN_POINT('',(-5.265767815552,2.494556473462,
    16.53182830001));
#2646 = CARTESIAN_POINT('',(-6.13972979768,-1.454473820787,
    16.655384183856));
#2647 = CARTESIAN_POINT('',(-3.693357997296,-5.115787409416,
    16.778990759806));
#2648 = CARTESIAN_POINT('',(0.289565384444,-5.81954447554,
    16.902546643604));
#2649 = CARTESIAN_POINT('',(3.323588984499,-4.047202470311,
    17.026141912031));
#2650 = CARTESIAN_POINT('',(4.411172147826,-1.234575402492,
    17.149713782434));
#2651 = CARTESIAN_POINT('',(3.752685626435,1.194197944955,17.2732958704)
  );
#2652 = CARTESIAN_POINT('',(0.592446575199,3.893298211429,
    17.520454073241));
#2653 = CARTESIAN_POINT('',(-1.909437865399,4.163729820786,
    17.644036161268));
#2654 = CARTESIAN_POINT('',(-4.517291051288,2.64955799709,
    17.767608031464));
#2655 = CARTESIAN_POINT('',(-5.793207312839,-0.624397084348,
    17.891203300329));
#2656 = CARTESIAN_POINT('',(-4.475019739868,-4.448142804477,
    18.01475918345));
#2657 = CARTESIAN_POINT('',(-0.476113791096,-6.291700070307,
    18.138365760199));
#2658 = CARTESIAN_POINT('',(3.28759871277,-4.810679860181,
    18.261921643314));
#2659 = CARTESIAN_POINT('',(4.948482939849,-1.714236905447,
    18.385516912192));
#2660 = CARTESIAN_POINT('',(4.406206420946,1.252182541907,18.50908878237
    ));
#2661 = CARTESIAN_POINT('',(2.575723777067,2.97899398569,18.632670870414
    ));
#2662 = CARTESIAN_POINT('',(-1.529098982232,3.629134912093,
    18.879829073229));
#2663 = CARTESIAN_POINT('',(-3.803606270616,2.552484734611,
    19.003411161308));
#2664 = CARTESIAN_POINT('',(-5.236014034983,-0.101158524546,
    19.126983031379));
#2665 = CARTESIAN_POINT('',(-4.613274655027,-3.559328538758,
    19.250578300459));
#2666 = CARTESIAN_POINT('',(-1.491433335443,-6.130856602949,
    19.374134183302));
#2667 = CARTESIAN_POINT('',(2.881450515235,-5.613324954578,
    19.497740760328));
#2668 = CARTESIAN_POINT('',(5.316712029044,-2.384013257805,
    19.621296643231));
#2669 = CARTESIAN_POINT('',(5.11496162982,1.123947996766,19.74489191223)
  );
#2670 = CARTESIAN_POINT('',(3.102644986022,3.369897659127,19.86846378236
    ));
#2671 = CARTESIAN_POINT('',(0.639645462789,3.885821898191,
    19.992045870413));
#2672 = CARTESIAN_POINT('',(-3.199988990252,2.29539416438,
    20.239204073237));
#2673 = CARTESIAN_POINT('',(-4.576777086016,0.188972186521,
    20.362786161266));
#2674 = CARTESIAN_POINT('',(-4.411580683451,-2.822061639187,
    20.486358031487));
#2675 = CARTESIAN_POINT('',(-2.073719207248,-5.445255856039,
    20.609953300272));
#2676 = CARTESIAN_POINT('',(1.931707811317,-6.006686358853,
    20.73350918354));
#2677 = CARTESIAN_POINT('',(5.389794672867,-3.280592553219,
    20.857115760097));
#2678 = CARTESIAN_POINT('',(5.778885723807,0.745268948159,
    20.980671643399));
#2679 = CARTESIAN_POINT('',(3.773960509541,3.630883314876,21.10426691214
    ));
#2680 = CARTESIAN_POINT('',(0.884673040701,4.494437645944,
    21.227838782393));
#2681 = CARTESIAN_POINT('',(-1.484948952029,3.647421658161,
    21.351420870408));
#2682 = CARTESIAN_POINT('',(-3.927779294926,0.285155603061,
    21.598579073236));
#2683 = CARTESIAN_POINT('',(-4.001081663048,-2.230234182299,
    21.722161161284));
#2684 = CARTESIAN_POINT('',(-2.286967723027,-4.711247675077,
    21.845733031424));
#2685 = CARTESIAN_POINT('',(1.077002083689,-5.726359157454,
    21.96932830041));
#2686 = CARTESIAN_POINT('',(4.785536666793,-4.112227485391,
    22.092884183325));
#2687 = CARTESIAN_POINT('',(6.309660316328,1.899500696907E-02,
    22.216490760345));
#2688 = CARTESIAN_POINT('',(4.537908117468,3.654905734756,
    22.340046643187));
#2689 = CARTESIAN_POINT('',(1.320698988523,5.067725895897,
    22.463641912273));
#2690 = CARTESIAN_POINT('',(-1.594029452422,4.29437844712,
    22.587213782336));
#2691 = CARTESIAN_POINT('',(-3.171899699811,2.334054505971,
    22.710795870421));
#2692 = CARTESIAN_POINT('',(-3.497975776897,-1.809123923858,
    22.957954073227));
#2693 = CARTESIAN_POINT('',(-2.246188767534,-3.992146666011,
    23.081536161309));
#2694 = CARTESIAN_POINT('',(0.511659613002,-5.211936344776,
    23.205108031386));
#2695 = CARTESIAN_POINT('',(3.910309674472,-4.319791770344,
    23.328703300437));
#2696 = CARTESIAN_POINT('',(6.228973729007,-1.005814279052,
    23.452259183343));
#2697 = CARTESIAN_POINT('',(5.369944945228,3.312984364819,
    23.575865760273));
#2698 = CARTESIAN_POINT('',(1.959519722558,5.487369904705,
    23.699421643285));
#2699 = CARTESIAN_POINT('',(-1.521798504378,5.011009966629,
    23.82301691219));
#2700 = CARTESIAN_POINT('',(-3.602940109243,2.828681443975,
    23.946588782383));
#2701 = CARTESIAN_POINT('',(-3.92402921071,0.332795577001,
    24.070170870403));
#2702 = CARTESIAN_POINT('',(-2.037249987695,-3.370219042608,
    24.317329073253));
#2703 = CARTESIAN_POINT('',(0.170700143128,-4.577494996563,
    24.440911161192));
#2704 = CARTESIAN_POINT('',(3.159490796242,-4.176564848187,
    24.564483031662));
#2705 = CARTESIAN_POINT('',(5.591172083109,-1.640096772538,
    24.688078299987));
#2706 = CARTESIAN_POINT('',(5.836609701549,2.397032180874,
    24.811634183882));
#2707 = CARTESIAN_POINT('',(2.847601164873,5.630572059765,
    24.935240759788));
#2708 = CARTESIAN_POINT('',(-1.196377680829,5.702598220046,
    25.058796643609));
#2709 = CARTESIAN_POINT('',(-3.91579204229,3.477450827159,
    25.182391912037));
#2710 = CARTESIAN_POINT('',(-4.549993441402,0.529316375475,
    25.305963782424));
#2711 = CARTESIAN_POINT('',(-3.519670122476,-1.766544755025,
    25.429545870408));
#2712 = CARTESIAN_POINT('',(2.389344818991E-02,-3.938044312955,
    25.676704073223));
#2713 = CARTESIAN_POINT('',(2.537280363874,-3.813765506333,
    25.80028616136));
#2714 = CARTESIAN_POINT('',(4.876157890198,-1.910277532519,
    25.923858031238));
#2715 = CARTESIAN_POINT('',(5.624206093826,1.522967007132,26.04745330071
    ));
#2716 = CARTESIAN_POINT('',(3.724081980826,5.093426104113,
    26.171009182972));
#2717 = CARTESIAN_POINT('',(-0.513986694363,6.288719408401,
    26.294615760651));
#2718 = CARTESIAN_POINT('',(-3.99967904757,4.237158662158,
    26.418171642993));
#2719 = CARTESIAN_POINT('',(-5.155724636594,0.919018523172,
    26.541766912356));
#2720 = CARTESIAN_POINT('',(-4.156074202139,-1.92604864129,
    26.66533878232));
#2721 = CARTESIAN_POINT('',(-2.077995012695,-3.345249597527,
    26.788920870413));
#2722 = CARTESIAN_POINT('',(2.077995014901,-3.345250457822,
    27.036079073257));
#2723 = CARTESIAN_POINT('',(4.15607414965,-1.926044299863,
    27.159661161152));
#2724 = CARTESIAN_POINT('',(5.155725333972,0.919006150005,27.28323303177
    ));
#2725 = CARTESIAN_POINT('',(3.99967593273,4.237182450425,27.406828299795
    ));
#2726 = CARTESIAN_POINT('',(0.513994043363,6.288687161017,
    27.530384184134));
#2727 = CARTESIAN_POINT('',(-3.724092564237,5.093457439332,
    27.653990759533));
#2728 = CARTESIAN_POINT('',(-5.624196320142,1.52294509678,
    27.777546643814));
#2729 = CARTESIAN_POINT('',(-4.876163760641,-1.910266618241,
    27.901141911905));
#2730 = CARTESIAN_POINT('',(-2.537278140214,-3.813769235456,
    28.024713782493));
#2731 = CARTESIAN_POINT('',(-2.389389581092E-02,-3.938043578279,
    28.148295870378));
#2732 = CARTESIAN_POINT('',(3.519670573853,-1.76654548738,
    28.395454073275));
#2733 = CARTESIAN_POINT('',(4.549991128293,0.529320049636,
    28.519036161111));
#2734 = CARTESIAN_POINT('',(3.915799101762,3.477440641887,
    28.642608031848));
#2735 = CARTESIAN_POINT('',(1.196362595888,5.702616875061,
    28.766203299676));
#2736 = CARTESIAN_POINT('',(-2.847578050011,5.630548404523,
    28.889759184277));
#2737 = CARTESIAN_POINT('',(-5.836635097487,2.397053368472,
    29.013365759403));
#2738 = CARTESIAN_POINT('',(-5.591152302009,-1.640110347301,
    29.136921643897));
#2739 = CARTESIAN_POINT('',(-3.159501504022,-4.176558609609,
    29.260516911876));
#2740 = CARTESIAN_POINT('',(-0.170696298795,-4.577497014273,
    29.384088782485));
#2741 = CARTESIAN_POINT('',(2.037249222177,-3.370218650079,
    29.507670870397));
#2742 = CARTESIAN_POINT('',(3.924029978254,0.332795188394,
    29.754829073225));
#2743 = CARTESIAN_POINT('',(3.602936217098,2.828683368235,
    29.878411161373));
#2744 = CARTESIAN_POINT('',(1.521809845725,5.011004970537,
    30.001983031192));
#2745 = CARTESIAN_POINT('',(-1.959542332436,5.487377929243,30.1255783008
    ));
#2746 = CARTESIAN_POINT('',(-5.369912875891,3.312976272614,
    30.249134182849));
#2747 = CARTESIAN_POINT('',(-6.229006453985,-1.005809482964,
    30.372740760779));
#2748 = CARTESIAN_POINT('',(-3.910285714788,-4.319793008992,
    30.496296642893));
#2749 = CARTESIAN_POINT('',(-0.511672002979,-5.211936620458,
    30.619891912415));
#2750 = CARTESIAN_POINT('',(2.246193099801,-3.99214637767,
    30.743463782295));
#2751 = CARTESIAN_POINT('',(3.497974919057,-1.80912398916,
    30.867045870419));
#2752 = CARTESIAN_POINT('',(3.171900557291,2.334054575669,31.11420407325
    ));
#2753 = CARTESIAN_POINT('',(1.594025128489,4.294378054181,
    31.237786161173));
#2754 = CARTESIAN_POINT('',(-1.320686708224,5.06772756185,
    31.361358031738));
#2755 = CARTESIAN_POINT('',(-4.537931587975,3.654900763273,
    31.484953299816));
#2756 = CARTESIAN_POINT('',(-6.309628745021,1.900486314155E-02,
    31.60850918415));
#2757 = CARTESIAN_POINT('',(-4.785567074959,-4.112240494387,
    31.732115759476));
#2758 = CARTESIAN_POINT('',(-1.076981007805,-5.726347695101,
    31.855671643884));
#2759 = CARTESIAN_POINT('',(2.286957303054,-4.711254383595,
    31.979266911854));
#2760 = CARTESIAN_POINT('',(4.001085206174,-2.230231672965,
    32.102838782515));
#2761 = CARTESIAN_POINT('',(3.927778597641,0.285155099185,
    32.226420870376));
#2762 = CARTESIAN_POINT('',(1.484949646717,3.647422165609,
    32.473579073269));
#2763 = CARTESIAN_POINT('',(-0.884676522097,4.494435051669,
    32.597161161156));
#2764 = CARTESIAN_POINT('',(-3.773950909436,3.630891151788,
    32.720733031723));
#2765 = CARTESIAN_POINT('',(-5.778903137924,0.745252445907,
    32.844328299906));
#2766 = CARTESIAN_POINT('',(-5.389772903966,-3.280567653385,
    32.967884183968));
#2767 = CARTESIAN_POINT('',(-1.931726941155,-6.006713339184,
    33.091490759718));
#2768 = CARTESIAN_POINT('',(2.073731188201,-5.445235070557,
    33.215046643653));
#2769 = CARTESIAN_POINT('',(4.411575304204,-2.822072803628,
    33.338641912016));
#2770 = CARTESIAN_POINT('',(4.576778795897,0.188976177398,33.46221378243
    ));
#2771 = CARTESIAN_POINT('',(3.199988658987,2.295393370405,
    33.585795870409));
#2772 = CARTESIAN_POINT('',(-0.639645135593,3.885822693871,
    33.832954073218));
#2773 = CARTESIAN_POINT('',(-3.102646599006,3.369893627976,
    33.956536161384));
#2774 = CARTESIAN_POINT('',(-5.114957538887,1.12395969519,
    34.080108031182));
#2775 = CARTESIAN_POINT('',(-5.316718255011,-2.38403642765,
    34.203703300799));
#2776 = CARTESIAN_POINT('',(-2.881444963984,-5.613292349125,
    34.327259182868));
#2777 = CARTESIAN_POINT('',(1.491431121624,-6.130889603401,
    34.450865760747));
#2778 = CARTESIAN_POINT('',(4.613274010041,-3.559304555709,
    34.574421642921));
#2779 = CARTESIAN_POINT('',(5.236015281914,-0.101170854725,
    34.698016912403));
#2780 = CARTESIAN_POINT('',(3.803605643255,2.552489030916,34.82158878229
    ));
#2781 = CARTESIAN_POINT('',(1.52909911464,3.629134062013,34.945170870431
    ));
#2782 = CARTESIAN_POINT('',(-2.57572391383,2.978994835076,
    35.192329073218));
#2783 = CARTESIAN_POINT('',(-4.406205689968,1.252178262048,
    35.315911161338));
#2784 = CARTESIAN_POINT('',(-4.948485564168,-1.714224793515,
    35.439483031323));
#2785 = CARTESIAN_POINT('',(-3.287591915092,-4.81070286858,
    35.563078300536));
#2786 = CARTESIAN_POINT('',(0.476101488106,-6.291669369297,
    35.686634183222));
#2787 = CARTESIAN_POINT('',(4.475035094797,-4.448172098505,
    35.810240760386));
#2788 = CARTESIAN_POINT('',(5.793194231977,-0.624376972582,
    35.933796643204));
#2789 = CARTESIAN_POINT('',(4.517298556836,2.649548135488,
    36.057391912232));
#2790 = CARTESIAN_POINT('',(1.909435085739,4.16373315615,36.180963782369
    ));
#2791 = CARTESIAN_POINT('',(-0.592446018156,3.893297555818,
    36.304545870404));
#2792 = CARTESIAN_POINT('',(-3.752686186826,1.194198597688,
    36.551704073258));
#2793 = CARTESIAN_POINT('',(-4.411169288409,-1.234578669595,
    36.675286161163));
#2794 = CARTESIAN_POINT('',(-3.323597550435,-4.047193514723,
    36.798858031736));
#2795 = CARTESIAN_POINT('',(-0.289547566841,-5.819560541158,
    36.922453299859));
#2796 = CARTESIAN_POINT('',(3.693331466382,-5.115767661297,
    37.046009184047));
#2797 = CARTESIAN_POINT('',(6.139758195574,-1.454490774776,
    37.169615759622));
#2798 = CARTESIAN_POINT('',(5.265746154307,2.494566786672,
    37.293171643744));
#2799 = CARTESIAN_POINT('',(2.467245085862,4.619393170088,
    37.416766911946));
#2800 = CARTESIAN_POINT('',(-0.54748355256,4.547843214295,
    37.540338782476));
#2801 = CARTESIAN_POINT('',(-2.539385655232,3.010029673716,
    37.663920870382));
#2802 = CARTESIAN_POINT('',(-3.823658020374,-0.942551457844,
    37.911079073272));
#2803 = CARTESIAN_POINT('',(-3.116074524188,-3.357480981655,
    38.034661161125));
#2804 = CARTESIAN_POINT('',(-0.719179959049,-5.187374693381,
    38.158233031813));
#2805 = CARTESIAN_POINT('',(2.79383214501,-5.113279244354,38.28182829974
    ));
#2806 = CARTESIAN_POINT('',(5.822064009007,-2.432148589329,
    38.405384184187));
#2807 = CARTESIAN_POINT('',(5.994973779136,1.967857591627,
    38.528990759496));
#2808 = CARTESIAN_POINT('',(3.186379100866,4.878312642776,
    38.652546643826));
#2809 = CARTESIAN_POINT('',(-0.309954045735,5.227812167919,
    38.776141911912));
#2810 = CARTESIAN_POINT('',(-2.843048018256,3.591614415275,
    38.899713782477));
#2811 = CARTESIAN_POINT('',(-3.737918386699,1.239646835591,
    39.023295870393));
#2812 = CARTESIAN_POINT('',(-2.767722619051,-2.801513057543,
    39.270454073242));
#2813 = CARTESIAN_POINT('',(-0.902611300368,-4.490867602453,
    39.394036161275));
#2814 = CARTESIAN_POINT('',(2.097194113216,-4.798734507475,
    39.517608031448));
#2815 = CARTESIAN_POINT('',(5.053814565838,-2.900013969524,
    39.641203300342));
#2816 = CARTESIAN_POINT('',(6.234919760196,0.968272515486,
    39.764759183459));
#2817 = CARTESIAN_POINT('',(4.083352661505,4.810239615489,39.88836576016
    ));
#2818 = CARTESIAN_POINT('',(0.167923445953,5.824323800268,40.01192164337
    ));
#2819 = CARTESIAN_POINT('',(-2.995803622746,4.295492082121,
    40.135516912143));
#2820 = CARTESIAN_POINT('',(-4.300710306568,1.576866196339,40.2590887824
    ));
#2821 = CARTESIAN_POINT('',(-3.834813039935,-0.896084310426,
    40.382670870401));
#2822 = CARTESIAN_POINT('',(-0.896084917166,-3.834813649814,
    40.629829073254));
#2823 = CARTESIAN_POINT('',(1.576869228942,-4.30070719953,
    40.753411161217));
#2824 = CARTESIAN_POINT('',(4.29548382644,-2.995812865276,
    40.876983031537));
#2825 = CARTESIAN_POINT('',(5.824338417979,0.167942469897,
    41.000578300347));
#2826 = CARTESIAN_POINT('',(4.810222010469,4.083324661675,
    41.124134183131));
#2827 = CARTESIAN_POINT('',(0.968287188382,6.234949402443,
    41.247740760992));
#2828 = CARTESIAN_POINT('',(-2.90002255065,5.053792160359,
    41.371296642086));
#2829 = CARTESIAN_POINT('',(-4.798730941618,2.09720598323,
    41.494891913577));
#2830 = CARTESIAN_POINT('',(-4.490868666474,-0.90261551076,
    41.618463781172));
#2831 = CARTESIAN_POINT('',(-2.801512854877,-2.767721782299,
    41.742045871223));
#2832 = CARTESIAN_POINT('',(1.239646637532,-3.737919225228,
    41.989204071574));
#2833 = CARTESIAN_POINT('',(3.591615374049,-2.843043775754,
    42.112786171112));
#2834 = CARTESIAN_POINT('',(5.227809968157,-0.309966265298,
    42.236358002881));
#2835 = CARTESIAN_POINT('',(4.878315145564,3.186403011564,42.35995335936
    ));
#2836 = CARTESIAN_POINT('',(1.967857244344,5.994940622389,
    42.483509088162));
#2837 = CARTESIAN_POINT('',(-2.432151610644,5.822097060202,
    42.607115885196));
#2838 = CARTESIAN_POINT('',(-5.113274806446,2.793808437879,
    42.730671507661));
#2839 = CARTESIAN_POINT('',(-5.187377898138,-0.719167866989,
    42.854267034781));
#2840 = CARTESIAN_POINT('',(-3.357479656602,-3.116078751185,
    42.977838690308));
#2841 = CARTESIAN_POINT('',(-0.942551742217,-3.823657150985,
    43.101420927245));
#2842 = CARTESIAN_POINT('',(1.03373912026,-3.181521862162,
    43.224999943655));
#2843 = DEFINITIONAL_REPRESENTATION('',(#2844),#2847);
#2844 = B_SPLINE_CURVE_WITH_KNOTS('',1,(#2845,#2846),.UNSPECIFIED.,.F.,
  .F.,(2,2),(0.,222.93988619262),.PIECEWISE_BEZIER_KNOTS.);
#2845 = CARTESIAN_POINT('',(0.55,0.));
#2846 = CARTESIAN_POINT('',(0.55,222.93988619262));
#2847 = ( GEOMETRIC_REPRESENTATION_CONTEXT(2) 
PARAMETRIC_REPRESENTATION_CONTEXT() REPRESENTATION_CONTEXT('2D SPACE',''
  ) );
#2848 = ORIENTED_EDGE('',*,*,#2849,.T.);
#2849 = EDGE_CURVE('',#1217,#2850,#2852,.T.);
#2850 = VERTEX_POINT('',#2851);
#2851 = CARTESIAN_POINT('',(4.02025,-2.886579864025E-15,0.));
#2852 = SURFACE_CURVE('',#2853,(#2856,#2863),.PCURVE_S1.);
#2853 = B_SPLINE_CURVE_WITH_KNOTS('',1,(#2854,#2855),.UNSPECIFIED.,.F.,
  .F.,(2,2),(0.,0.728868986856),.PIECEWISE_BEZIER_KNOTS.);
#2854 = CARTESIAN_POINT('',(3.34525,3.330669073875E-15,-0.275));
#2855 = CARTESIAN_POINT('',(4.02025,-1.998401444325E-15,
    1.110223024625E-16));
#2856 = PCURVE('',#1546,#2857);
#2857 = DEFINITIONAL_REPRESENTATION('',(#2858),#2862);
#2858 = LINE('',#2859,#2860);
#2859 = CARTESIAN_POINT('',(0.,0.));
#2860 = VECTOR('',#2861,1.);
#2861 = DIRECTION('',(1.,0.));
#2862 = ( GEOMETRIC_REPRESENTATION_CONTEXT(2) 
PARAMETRIC_REPRESENTATION_CONTEXT() REPRESENTATION_CONTEXT('2D SPACE',''
  ) );
#2863 = PCURVE('',#2864,#2869);
#2864 = PLANE('',#2865);
#2865 = AXIS2_PLACEMENT_3D('',#2866,#2867,#2868);
#2866 = CARTESIAN_POINT('',(3.590295206381,7.307126901399E-17,
    -3.663439967988E-16));
#2867 = DIRECTION('',(-5.85075910427E-15,-1.,-9.027037242981E-16));
#2868 = DIRECTION('',(-1.,5.85075910427E-15,0.));
#2869 = DEFINITIONAL_REPRESENTATION('',(#2870),#2873);
#2870 = B_SPLINE_CURVE_WITH_KNOTS('',1,(#2871,#2872),.UNSPECIFIED.,.F.,
  .F.,(2,2),(0.,0.728868986856),.PIECEWISE_BEZIER_KNOTS.);
#2871 = CARTESIAN_POINT('',(0.245045206381,0.275));
#2872 = CARTESIAN_POINT('',(-0.429954793619,-4.773662992613E-16));
#2873 = ( GEOMETRIC_REPRESENTATION_CONTEXT(2) 
PARAMETRIC_REPRESENTATION_CONTEXT() REPRESENTATION_CONTEXT('2D SPACE',''
  ) );
#2874 = ORIENTED_EDGE('',*,*,#2875,.T.);
#2875 = EDGE_CURVE('',#2850,#2876,#2878,.T.);
#2876 = VERTEX_POINT('',#2877);
#2877 = CARTESIAN_POINT('',(1.242325567579,-3.823484960954,
    43.500000077809));
#2878 = SURFACE_CURVE('',#2879,(#3202,#3209),.PCURVE_S1.);
#2879 = B_SPLINE_CURVE_WITH_KNOTS('',11,(#2880,#2881,#2882,#2883,#2884,
    #2885,#2886,#2887,#2888,#2889,#2890,#2891,#2892,#2893,#2894,#2895,
    #2896,#2897,#2898,#2899,#2900,#2901,#2902,#2903,#2904,#2905,#2906,
    #2907,#2908,#2909,#2910,#2911,#2912,#2913,#2914,#2915,#2916,#2917,
    #2918,#2919,#2920,#2921,#2922,#2923,#2924,#2925,#2926,#2927,#2928,
    #2929,#2930,#2931,#2932,#2933,#2934,#2935,#2936,#2937,#2938,#2939,
    #2940,#2941,#2942,#2943,#2944,#2945,#2946,#2947,#2948,#2949,#2950,
    #2951,#2952,#2953,#2954,#2955,#2956,#2957,#2958,#2959,#2960,#2961,
    #2962,#2963,#2964,#2965,#2966,#2967,#2968,#2969,#2970,#2971,#2972,
    #2973,#2974,#2975,#2976,#2977,#2978,#2979,#2980,#2981,#2982,#2983,
    #2984,#2985,#2986,#2987,#2988,#2989,#2990,#2991,#2992,#2993,#2994,
    #2995,#2996,#2997,#2998,#2999,#3000,#3001,#3002,#3003,#3004,#3005,
    #3006,#3007,#3008,#3009,#3010,#3011,#3012,#3013,#3014,#3015,#3016,
    #3017,#3018,#3019,#3020,#3021,#3022,#3023,#3024,#3025,#3026,#3027,
    #3028,#3029,#3030,#3031,#3032,#3033,#3034,#3035,#3036,#3037,#3038,
    #3039,#3040,#3041,#3042,#3043,#3044,#3045,#3046,#3047,#3048,#3049,
    #3050,#3051,#3052,#3053,#3054,#3055,#3056,#3057,#3058,#3059,#3060,
    #3061,#3062,#3063,#3064,#3065,#3066,#3067,#3068,#3069,#3070,#3071,
    #3072,#3073,#3074,#3075,#3076,#3077,#3078,#3079,#3080,#3081,#3082,
    #3083,#3084,#3085,#3086,#3087,#3088,#3089,#3090,#3091,#3092,#3093,
    #3094,#3095,#3096,#3097,#3098,#3099,#3100,#3101,#3102,#3103,#3104,
    #3105,#3106,#3107,#3108,#3109,#3110,#3111,#3112,#3113,#3114,#3115,
    #3116,#3117,#3118,#3119,#3120,#3121,#3122,#3123,#3124,#3125,#3126,
    #3127,#3128,#3129,#3130,#3131,#3132,#3133,#3134,#3135,#3136,#3137,
    #3138,#3139,#3140,#3141,#3142,#3143,#3144,#3145,#3146,#3147,#3148,
    #3149,#3150,#3151,#3152,#3153,#3154,#3155,#3156,#3157,#3158,#3159,
    #3160,#3161,#3162,#3163,#3164,#3165,#3166,#3167,#3168,#3169,#3170,
    #3171,#3172,#3173,#3174,#3175,#3176,#3177,#3178,#3179,#3180,#3181,
    #3182,#3183,#3184,#3185,#3186,#3187,#3188,#3189,#3190,#3191,#3192,
    #3193,#3194,#3195,#3196,#3197,#3198,#3199,#3200,#3201),
  .UNSPECIFIED.,.F.,.F.,(12,10,10,10,10,10,10,10,10,10,10,10,10,10,10,10
    ,10,10,10,10,10,10,10,10,10,10,10,10,10,10,10,10,12),(0.,
    6.96687144352,13.933742887039,20.900614330559,27.867485774078,
    34.834357217598,41.801228661117,48.768100104637,55.734971548156,
    62.701842991676,69.668714435196,76.635585878715,83.602457322235,
    90.569328765754,97.536200209274,104.50307165279,111.46994309631,
    118.43681453983,125.40368598335,132.37055742687,139.33742887039,
    146.30430031391,153.27117175743,160.23804320095,167.20491464446,
    174.17178608798,181.1386575315,188.10552897502,195.07240041854,
    202.03927186206,209.00614330558,215.9730147491,222.93988619262),
  .UNSPECIFIED.);
#2880 = CARTESIAN_POINT('',(4.02025,-1.998401444325E-15,
    1.110223024625E-16));
#2881 = CARTESIAN_POINT('',(4.020249999861,2.49729655493,0.123580276095)
  );
#2882 = CARTESIAN_POINT('',(2.314684838367,4.994643659599,0.247156104563
    ));
#2883 = CARTESIAN_POINT('',(-1.104467213431,6.196151615055,
    0.370746546064));
#2884 = CARTESIAN_POINT('',(-5.09209447488,4.806511283499,0.494304020772
    ));
#2885 = CARTESIAN_POINT('',(-7.557705983044,0.617996469242,
    0.617916603988));
#2886 = CARTESIAN_POINT('',(-6.121101399591,-4.475819133003,
    0.741458514811));
#2887 = CARTESIAN_POINT('',(-1.83032903866,-6.75883662026,0.865070951336
    ));
#2888 = CARTESIAN_POINT('',(2.295767220204,-5.860170272293,
    0.988628661494));
#2889 = CARTESIAN_POINT('',(4.583287396007,-3.049214285491,
    1.112218859744));
#2890 = CARTESIAN_POINT('',(4.732660489332,-2.872049836331E-02,
    1.235794877911));
#2891 = CARTESIAN_POINT('',(2.122992753574,4.229870203881,1.482955198737
    ));
#2892 = CARTESIAN_POINT('',(-0.636100880073,5.468053289953,
    1.606531229958));
#2893 = CARTESIAN_POINT('',(-4.179193435113,4.706005206524,
    1.730121378927));
#2894 = CARTESIAN_POINT('',(-6.853119513441,1.437612506359,
    1.853679205971));
#2895 = CARTESIAN_POINT('',(-6.766905942894,-3.421961908492,
    1.977291433042));
#2896 = CARTESIAN_POINT('',(-2.880487828006,-7.014529863891,
    2.100833645394));
#2897 = CARTESIAN_POINT('',(1.970870379368,-6.719199858089,2.22444587026
    ));
#2898 = CARTESIAN_POINT('',(5.019393896958,-3.797081468725,
    2.348003700844));
#2899 = CARTESIAN_POINT('',(5.501105006039,-0.205121482713,
    2.471593846154));
#2900 = CARTESIAN_POINT('',(4.050262836672,2.448320062395,2.595169880229
    ));
#2901 = CARTESIAN_POINT('',(-0.399952220155,4.715817892542,
    2.842330197573));
#2902 = CARTESIAN_POINT('',(-3.399415154686,4.32992005888,2.965906231843
    ));
#2903 = CARTESIAN_POINT('',(-6.022229143383,1.828906481386,
    3.089496376416));
#2904 = CARTESIAN_POINT('',(-6.594395419423,-2.354978946101,
    3.213054208753));
#2905 = CARTESIAN_POINT('',(-3.98176560965,-6.453400806592,
    3.336666430472));
#2906 = CARTESIAN_POINT('',(1.209062170963,-7.485920652004,
    3.460208647358));
#2907 = CARTESIAN_POINT('',(5.191215526075,-4.699282726753,3.58382086904
    ));
#2908 = CARTESIAN_POINT('',(6.263706454775,-0.614918060713,
    3.707378701435));
#2909 = CARTESIAN_POINT('',(4.797638756789,2.699424655293,3.830968845951
    ));
#2910 = CARTESIAN_POINT('',(2.174173052171,4.203792539272,3.954544880263
    ));
#2911 = CARTESIAN_POINT('',(-2.805023407042,3.811921281977,
    4.201705197558));
#2912 = CARTESIAN_POINT('',(-5.160854912298,1.915674211442,
    4.325281231862));
#2913 = CARTESIAN_POINT('',(-6.090395458115,-1.587206960923,
    4.448871376396));
#2914 = CARTESIAN_POINT('',(-4.392173274961,-5.453511777485,
    4.57242920877));
#2915 = CARTESIAN_POINT('',(-2.312062484466E-02,-7.582895540438,
    4.696041430462));
#2916 = CARTESIAN_POINT('',(4.942277764406,-5.7510633661,4.81958364736)
  );
#2917 = CARTESIAN_POINT('',(6.881607339281,-1.29439453497,4.943195869044
    ));
#2918 = CARTESIAN_POINT('',(5.661981505199,2.748473796067,5.066753701429
    ));
#2919 = CARTESIAN_POINT('',(2.680213990154,4.8083972462,5.190343845954)
  );
#2920 = CARTESIAN_POINT('',(-0.342688299597,4.720324660799,
    5.313919880263));
#2921 = CARTESIAN_POINT('',(-4.383399017439,1.784576484196,
    5.561080197556));
#2922 = CARTESIAN_POINT('',(-5.401289206578,-1.063158509886,
    5.684656231874));
#2923 = CARTESIAN_POINT('',(-4.363602425383,-4.535539289456,
    5.808246376374));
#2924 = CARTESIAN_POINT('',(-0.895491266664,-6.944787410386,5.9318042088
    ));
#2925 = CARTESIAN_POINT('',(3.942338462934,-6.477561793215,
    6.055416430429));
#2926 = CARTESIAN_POINT('',(7.218906879677,-2.321254575311,
    6.178958647391));
#2927 = CARTESIAN_POINT('',(6.543854099499,2.491977188644,6.302570869019
    ));
#2928 = CARTESIAN_POINT('',(3.391559227552,5.301836359135,6.426128701446
    ));
#2929 = CARTESIAN_POINT('',(-0.227122562653,5.50024058126,6.549718845947
    ));
#2930 = CARTESIAN_POINT('',(-2.758552668351,3.845684249905,
    6.673294880264));
#2931 = CARTESIAN_POINT('',(-4.669900710278,-0.768718108402,
    6.920455197559));
#2932 = CARTESIAN_POINT('',(-4.049857321335,-3.72865750466,
    7.044031231862));
#2933 = CARTESIAN_POINT('',(-1.350769920213,-6.147158969439,
    7.167621376392));
#2934 = CARTESIAN_POINT('',(2.86510963342,-6.389297580567,7.29117920878)
  );
#2935 = CARTESIAN_POINT('',(6.745912854759,-3.463163163439,
    7.414791430447));
#2936 = CARTESIAN_POINT('',(7.367982132314,1.792673600814,7.538333647373
    ));
#2937 = CARTESIAN_POINT('',(4.277498330514,5.543914214418,7.661945869036
    ));
#2938 = CARTESIAN_POINT('',(0.121577729201,6.292643453162,7.785503701433
    ));
#2939 = CARTESIAN_POINT('',(-3.067521628453,4.571054820197,
    7.909093845952));
#2940 = CARTESIAN_POINT('',(-4.361417301448,1.837645040985,
    8.032669880264));
#2941 = CARTESIAN_POINT('',(-3.580090800816,-3.095456352775,
    8.279830197551));
#2942 = CARTESIAN_POINT('',(-1.504852817578,-5.295247785296,
    8.403406231891));
#2943 = CARTESIAN_POINT('',(2.060161051856,-5.947089978586,
    8.526996376343));
#2944 = CARTESIAN_POINT('',(5.781306364084,-3.950756067985,
    8.650554208838));
#2945 = CARTESIAN_POINT('',(7.561334027528,0.571897775448,8.774166430392
    ));
#2946 = CARTESIAN_POINT('',(5.345568112769,5.378265602622,8.897708647426
    ));
#2947 = CARTESIAN_POINT('',(0.750479659656,6.96195066521,9.021320868987)
  );
#2948 = CARTESIAN_POINT('',(-3.184235117564,5.428884737138,
    9.144878701472));
#2949 = CARTESIAN_POINT('',(-5.003861728226,2.294689285061,
    9.268468845931));
#2950 = CARTESIAN_POINT('',(-4.678886461097,-0.711984310364,
    9.392044880269));
#2951 = CARTESIAN_POINT('',(-1.435157707344,-4.509902718361,
    9.639205197553));
#2952 = CARTESIAN_POINT('',(1.483661413923,-5.301224379244,
    9.762781231877));
#2953 = CARTESIAN_POINT('',(4.863922035897,-3.994296584091,
    9.886371376369));
#2954 = CARTESIAN_POINT('',(6.993638383523,-0.347849025711,
    10.009929208807));
#2955 = CARTESIAN_POINT('',(6.148281321124,4.438409189967,
    10.133541430422));
#2956 = CARTESIAN_POINT('',(1.747710016217,7.378776933882,
    10.257083647397));
#2957 = CARTESIAN_POINT('',(-2.997720129851,6.328163304419,
    10.380695869017));
#2958 = CARTESIAN_POINT('',(-5.551591237139,2.965126895894,
    10.504253701446));
#2959 = CARTESIAN_POINT('',(-5.465465344275,-0.657966321883,
    10.627843845948));
#2960 = CARTESIAN_POINT('',(-3.617395740918,-3.051777879797,
    10.751419880263));
#2961 = CARTESIAN_POINT('',(1.132744593888,-4.595192037234,
    10.998580197558));
#2962 = CARTESIAN_POINT('',(4.034911441204,-3.744825866689,
    11.122156231862));
#2963 = CARTESIAN_POINT('',(6.234189516333,-0.864305413315,
    11.245746376395));
#2964 = CARTESIAN_POINT('',(6.144807597431,3.357575967126,
    11.369304208773));
#2965 = CARTESIAN_POINT('',(2.923209164756,6.996834106899,
    11.492916430458));
#2966 = CARTESIAN_POINT('',(-2.365232601835,7.204617552714,
    11.616458647365));
#2967 = CARTESIAN_POINT('',(-5.86243282806,3.829341734625,
    11.740070869042));
#2968 = CARTESIAN_POINT('',(-6.282784212159,-0.372512169425,
    11.86362870143));
#2969 = CARTESIAN_POINT('',(-4.316288810603,-3.416706310725,
    11.987218845955));
#2970 = CARTESIAN_POINT('',(-1.489787337043,-4.492152475641,
    12.110794880262));
#2971 = CARTESIAN_POINT('',(3.366804780752,-3.326187869369,
    12.357955197555));
#2972 = CARTESIAN_POINT('',(5.396993694842,-1.084753505671,
    12.481531231872));
#2973 = CARTESIAN_POINT('',(5.767118711747,2.520413564806,
    12.605121376381));
#2974 = CARTESIAN_POINT('',(3.484981136061,6.073457274524,
    12.728679208782));
#2975 = CARTESIAN_POINT('',(-1.163390235747,7.493154375853,
    12.852291430456));
#2976 = CARTESIAN_POINT('',(-5.78109464497,4.907115654539,
    12.975833647364));
#2977 = CARTESIAN_POINT('',(-6.99937125019,0.2019378276,13.099445869039)
  );
#2978 = CARTESIAN_POINT('',(-5.162317089389,-3.600364570649,
    13.223003701435));
#2979 = CARTESIAN_POINT('',(-1.895017057463,-5.168475738761,
    13.34659384595));
#2980 = CARTESIAN_POINT('',(1.076890701098,-4.608601370472,
    13.470169880264));
#2981 = CARTESIAN_POINT('',(4.60860136933,-1.076890705989,
    13.717330197557));
#2982 = CARTESIAN_POINT('',(5.168475740767,1.895017051979,
    13.840906231869));
#2983 = CARTESIAN_POINT('',(3.600364576144,5.162317085563,
    13.964496376384));
#2984 = CARTESIAN_POINT('',(-0.201937820203,6.999371250417,
    14.088054208785));
#2985 = CARTESIAN_POINT('',(-4.907115648363,5.781094650156,
    14.211666430447));
#2986 = CARTESIAN_POINT('',(-7.493154374657,1.163390243724,
    14.335208647373));
#2987 = CARTESIAN_POINT('',(-6.073457278196,-3.484981129636,
    14.458820869035));
#2988 = CARTESIAN_POINT('',(-2.520413570938,-5.767118709061,
    14.582378701435));
#2989 = CARTESIAN_POINT('',(1.084753499947,-5.396993695997,
    14.705968845951));
#2990 = CARTESIAN_POINT('',(3.326187865795,-3.366804784281,
    14.829544880265));
#2991 = CARTESIAN_POINT('',(4.492152477223,1.489787332276,15.07670519755
    ));
#2992 = CARTESIAN_POINT('',(3.416706315304,4.316288806977,
    15.200281231892));
#2993 = CARTESIAN_POINT('',(0.372512176096,6.282784211763,
    15.323871376341));
#2994 = CARTESIAN_POINT('',(-3.829341728401,5.862432832128,
    15.447429208838));
#2995 = CARTESIAN_POINT('',(-7.204617550221,2.365232609475,
    15.571041430396));
#2996 = CARTESIAN_POINT('',(-6.996834109968,-2.923209157326,
    15.69458364742));
#2997 = CARTESIAN_POINT('',(-3.357575973681,-6.144807593868,
    15.81819586899));
#2998 = CARTESIAN_POINT('',(0.864305406721,-6.234189517251,
    15.941753701475));
#2999 = CARTESIAN_POINT('',(3.744825862398,-4.034911445178,
    16.065343845926));
#3000 = CARTESIAN_POINT('',(4.595192036033,-1.132744598765,
    16.188919880273));
#3001 = CARTESIAN_POINT('',(3.051777883635,3.617395737679,
    16.436080197548));
#3002 = CARTESIAN_POINT('',(0.657966327688,5.465465343579,
    16.559656231891));
#3003 = CARTESIAN_POINT('',(-2.965126890016,5.551591240278,
    16.683246376352));
#3004 = CARTESIAN_POINT('',(-6.328163301211,2.997720136582,
    16.806804208817));
#3005 = CARTESIAN_POINT('',(-7.378776935774,-1.747710008405,
    16.930416430423));
#3006 = CARTESIAN_POINT('',(-4.438409196454,-6.148281316394,
    17.053958647394));
#3007 = CARTESIAN_POINT('',(0.347849018259,-6.993638383906,
    17.177570869011));
#3008 = CARTESIAN_POINT('',(3.994296578946,-4.863922040129,
    17.301128701458));
#3009 = CARTESIAN_POINT('',(5.301224377663,-1.483661419552,
    17.424718845938));
#3010 = CARTESIAN_POINT('',(4.509902719885,1.435157702558,
    17.548294880266));
#3011 = CARTESIAN_POINT('',(0.711984315329,4.678886460341,
    17.795455197558));
#3012 = CARTESIAN_POINT('',(-2.29468927975,5.003861730665,
    17.919031231859));
#3013 = CARTESIAN_POINT('',(-5.428884733759,3.184235123317,
    18.042621376404));
#3014 = CARTESIAN_POINT('',(-6.961950666006,-0.750479652254,
    18.166179208757));
#3015 = CARTESIAN_POINT('',(-5.378265608295,-5.345568107074,
    18.289791430478));
#3016 = CARTESIAN_POINT('',(-0.571897783473,-7.561334026912,
    18.413333647344));
#3017 = CARTESIAN_POINT('',(3.950756061851,-5.78130636828,
    18.536945869058));
#3018 = CARTESIAN_POINT('',(5.947089976397,-2.060161058167,
    18.660503701419));
#3019 = CARTESIAN_POINT('',(5.295247786894,1.504852811959,
    18.784093845961));
#3020 = CARTESIAN_POINT('',(3.095456356575,3.580090797531,
    18.907669880259));
#3021 = CARTESIAN_POINT('',(-1.837645036356,4.361417303399,
    19.154830197564));
#3022 = CARTESIAN_POINT('',(-4.571054816941,3.0675216333,19.278406231847
    ));
#3023 = CARTESIAN_POINT('',(-6.292643453294,-0.121577722508,
    19.401996376418));
#3024 = CARTESIAN_POINT('',(-5.543914218951,-4.277498324659,
    19.525554208747));
#3025 = CARTESIAN_POINT('',(-1.792673608641,-7.36798213037,
    19.649166430483));
#3026 = CARTESIAN_POINT('',(3.463163156289,-6.745912858478,
    19.772708647337));
#3027 = CARTESIAN_POINT('',(6.38929757752,-2.865109640167,19.89632086907
    ));
#3028 = CARTESIAN_POINT('',(6.147158970875,1.35076991367,20.019878701407
    ));
#3029 = CARTESIAN_POINT('',(3.728657508958,4.049857317386,
    20.143468845968));
#3030 = CARTESIAN_POINT('',(0.768718113357,4.66990070946,20.267044880258
    ));
#3031 = CARTESIAN_POINT('',(-3.845684246976,2.758552672433,
    20.514205197559));
#3032 = CARTESIAN_POINT('',(-5.500240581024,0.227122568492,
    20.63778123187));
#3033 = CARTESIAN_POINT('',(-5.301836362723,-3.391559221932,
    20.761371376368));
#3034 = CARTESIAN_POINT('',(-2.491977195608,-6.54385409684,
    20.884929208822));
#3035 = CARTESIAN_POINT('',(2.321254567672,-7.21890688216,
    21.008541430397));
#3036 = CARTESIAN_POINT('',(6.477561789013,-3.942338469791,
    21.132083647418));
#3037 = CARTESIAN_POINT('',(6.944787411346,0.895491259282,
    21.255695869006));
#3038 = CARTESIAN_POINT('',(4.535539294084,4.363602420576,
    21.379253701448));
#3039 = CARTESIAN_POINT('',(1.063158515619,5.401289205447,
    21.502843845949));
#3040 = CARTESIAN_POINT('',(-1.784576479543,4.383399019333,
    21.626419880262));
#3041 = CARTESIAN_POINT('',(-4.720324660436,0.342688304606,
    21.87358019756));
#3042 = CARTESIAN_POINT('',(-4.808397249039,-2.68021398505,
    21.997156231855));
#3043 = CARTESIAN_POINT('',(-2.748473802093,-5.661981502281,
    22.120746376413));
#3044 = CARTESIAN_POINT('',(1.294394527701,-6.881607340663,
    22.244304208741));
#3045 = CARTESIAN_POINT('',(5.751063360806,-4.94227777049,
    22.367916430499));
#3046 = CARTESIAN_POINT('',(7.582895540515,2.312061677017E-02,
    22.491458647322));
#3047 = CARTESIAN_POINT('',(5.453511782104,4.392173269201,
    22.615070869079));
#3048 = CARTESIAN_POINT('',(1.58720696741,6.090395456413,22.738628701402
    ));
#3049 = CARTESIAN_POINT('',(-1.915674205974,5.160854914339,
    22.862218845971));
#3050 = CARTESIAN_POINT('',(-3.811921278999,2.805023411085,
    22.985794880256));
#3051 = CARTESIAN_POINT('',(-4.203792541581,-2.174173047708,
    23.232955197562));
#3052 = CARTESIAN_POINT('',(-2.699424660381,-4.797638753929,
    23.35653123186));
#3053 = CARTESIAN_POINT('',(0.614918054055,-6.263706455416,
    23.480121376388));
#3054 = CARTESIAN_POINT('',(4.699282721259,-5.191215531085,
    23.603679208788));
#3055 = CARTESIAN_POINT('',(7.485920650704,-1.209062178873,
    23.727291430443));
#3056 = CARTESIAN_POINT('',(6.453400810832,3.981765602766,
    23.850833647369));
#3057 = CARTESIAN_POINT('',(2.354978953091,6.594395416951,
    23.974445869045));
#3058 = CARTESIAN_POINT('',(-1.82890647499,6.022229145309,
    24.098003701426));
#3059 = CARTESIAN_POINT('',(-4.329920055273,3.399415159287,
    24.221593845954));
#3060 = CARTESIAN_POINT('',(-4.715817892118,0.399952225158,
    24.345169880265));
#3061 = CARTESIAN_POINT('',(-2.448320066691,-4.050262834072,
    24.592330197548));
#3062 = CARTESIAN_POINT('',(0.20512147686,-5.501105006264,24.7159062319)
  );
#3063 = CARTESIAN_POINT('',(3.797081463444,-5.019393900964,
    24.839496376329));
#3064 = CARTESIAN_POINT('',(6.7191998559,-1.970870386543,24.963054208854
    ));
#3065 = CARTESIAN_POINT('',(7.014529867102,2.880487820624,
    25.086666430375));
#3066 = CARTESIAN_POINT('',(3.421961915479,6.766905939196,
    25.210208647443));
#3067 = CARTESIAN_POINT('',(-1.437612498888,6.853119515024,
    25.333820868973));
#3068 = CARTESIAN_POINT('',(-4.706005202253,4.179193440066,
    25.457378701479));
#3069 = CARTESIAN_POINT('',(-5.468053289163,0.636100885902,
    25.580968845931));
#3070 = CARTESIAN_POINT('',(-4.229870206201,-2.1229927491,
    25.704544880264));
#3071 = CARTESIAN_POINT('',(2.872049346972E-02,-4.732660489332,
    25.951705197567));
#3072 = CARTESIAN_POINT('',(3.049214279873,-4.583287399419,
    26.075281231827));
#3073 = CARTESIAN_POINT('',(5.86017027204,-2.29576722592,26.198871376456
    ));
#3074 = CARTESIAN_POINT('',(6.758836617698,1.83032903046,26.322429208696
    ));
#3075 = CARTESIAN_POINT('',(4.475819146761,6.121101396481,
    26.446041430539));
#3076 = CARTESIAN_POINT('',(-0.617996470734,7.557705981562,
    26.569583647282));
#3077 = CARTESIAN_POINT('',(-4.806511267787,5.092094482299,
    26.693195869121));
#3078 = CARTESIAN_POINT('',(-6.196151623186,1.104467217906,
    26.816753701369));
#3079 = CARTESIAN_POINT('',(-4.994643655075,-2.314684831485,
    26.940343845986));
#3080 = CARTESIAN_POINT('',(-2.497296563503,-4.02024999819,
    27.063919880257));
#3081 = CARTESIAN_POINT('',(2.497296559237,-4.02025000084,
    27.311080197547));
#3082 = CARTESIAN_POINT('',(4.994643652609,-2.314684836782,
    27.434656231906));
#3083 = CARTESIAN_POINT('',(6.196151624382,1.10446721132,27.558246376328
    ));
#3084 = CARTESIAN_POINT('',(4.806511273153,5.092094477213,
    27.681804208833));
#3085 = CARTESIAN_POINT('',(0.617996478801,7.557705980898,
    27.805416430422));
#3086 = CARTESIAN_POINT('',(-4.475819140307,6.121101401225,
    27.928958647391));
#3087 = CARTESIAN_POINT('',(-6.758836615725,1.830329037649,
    28.052570869005));
#3088 = CARTESIAN_POINT('',(-5.860170274494,-2.295767219716,
    28.176128701475));
#3089 = CARTESIAN_POINT('',(-3.04921428473,-4.583287396175,
    28.29971884592));
#3090 = CARTESIAN_POINT('',(-2.872049849377E-02,-4.732660489303,
    28.423294880278));
#3091 = CARTESIAN_POINT('',(4.229870203948,-2.122992753588,
    28.670455197538));
#3092 = CARTESIAN_POINT('',(5.46805328984,0.636100880095,28.79403123192)
  );
#3093 = CARTESIAN_POINT('',(4.706005206682,4.179193435085,
    28.917621376304));
#3094 = CARTESIAN_POINT('',(1.437612506173,6.853119513471,
    29.041179208877));
#3095 = CARTESIAN_POINT('',(-3.421961908312,6.76690594287,
    29.164791430354));
#3096 = CARTESIAN_POINT('',(-7.014529864032,2.880487828019,
    29.28833364747));
#3097 = CARTESIAN_POINT('',(-6.719199858002,-1.970870379371,
    29.411945868937));
#3098 = CARTESIAN_POINT('',(-3.797081468766,-5.019393896958,
    29.535503701515));
#3099 = CARTESIAN_POINT('',(-0.205121482699,-5.501105006037,
    29.659093845909));
#3100 = CARTESIAN_POINT('',(2.448320062393,-4.050262836672,
    29.782669880271));
#3101 = CARTESIAN_POINT('',(4.715817892543,0.399952220154,
    30.029830197565));
#3102 = CARTESIAN_POINT('',(4.329920058881,3.399415154691,
    30.153406231833));
#3103 = CARTESIAN_POINT('',(1.828906481382,6.022229143368,30.27699637644
    ));
#3104 = CARTESIAN_POINT('',(-2.3549789461,6.594395419453,30.400554208728
    ));
#3105 = CARTESIAN_POINT('',(-6.453400806584,3.981765609607,
    30.524166430494));
#3106 = CARTESIAN_POINT('',(-7.485920652022,-1.209062170917,
    30.647708647326));
#3107 = CARTESIAN_POINT('',(-4.699282726733,-5.191215526111,
    30.771320869091));
#3108 = CARTESIAN_POINT('',(-0.614918060725,-6.263706454754,
    30.894878701381));
#3109 = CARTESIAN_POINT('',(2.699424655297,-4.797638756798,
    31.018468845985));
#3110 = CARTESIAN_POINT('',(4.203792539272,-2.174173052169,
    31.142044880255));
#3111 = CARTESIAN_POINT('',(3.811921281977,2.805023407041,
    31.389205197552));
#3112 = CARTESIAN_POINT('',(1.915674211448,5.160854912301,
    31.512781231895));
#3113 = CARTESIAN_POINT('',(-1.587206960942,6.090395458107,
    31.636371376341));
#3114 = CARTESIAN_POINT('',(-5.453511777445,4.392173274977,
    31.759929208829));
#3115 = CARTESIAN_POINT('',(-7.582895540496,2.312062482542E-02,
    31.883541430412));
#3116 = CARTESIAN_POINT('',(-5.751063366038,-4.942277764391,
    32.007083647408));
#3117 = CARTESIAN_POINT('',(-1.294394535021,-6.881607339285,
    32.130695868989));
#3118 = CARTESIAN_POINT('',(2.748473796098,-5.661981505202,
    32.254253701485));
#3119 = CARTESIAN_POINT('',(4.808397246188,-2.680213990151,
    32.377843845915));
#3120 = CARTESIAN_POINT('',(4.720324660801,0.342688299596,
    32.501419880278));
#3121 = CARTESIAN_POINT('',(1.784576484195,4.38339901744,32.748580197542
    ));
#3122 = CARTESIAN_POINT('',(-1.063158509884,5.401289206573,
    32.872156231902));
#3123 = CARTESIAN_POINT('',(-4.535539289458,4.363602425393,
    32.995746376343));
#3124 = CARTESIAN_POINT('',(-6.944787410384,0.895491266653,
    33.119304208814));
#3125 = CARTESIAN_POINT('',(-6.477561793215,-3.942338462925,
    33.242916430433));
#3126 = CARTESIAN_POINT('',(-2.321254575314,-7.218906879683,
    33.36645864739));
#3127 = CARTESIAN_POINT('',(2.491977188648,-6.543854099496,
    33.490070869005));
#3128 = CARTESIAN_POINT('',(5.301836359132,-3.391559227554,
    33.613628701467));
#3129 = CARTESIAN_POINT('',(5.500240581261,0.227122562653,
    33.737218845934));
#3130 = CARTESIAN_POINT('',(3.845684249905,2.758552668351,
    33.860794880263));
#3131 = CARTESIAN_POINT('',(-0.768718108401,4.669900710277,
    34.107955197572));
#3132 = CARTESIAN_POINT('',(-3.728657504662,4.049857321339,
    34.231531231809));
#3133 = CARTESIAN_POINT('',(-6.147158969436,1.350769920206,
    34.355121376489));
#3134 = CARTESIAN_POINT('',(-6.389297580569,-2.865109633414,
    34.478679208655));
#3135 = CARTESIAN_POINT('',(-3.463163163438,-6.745912854757,
    34.602291430582));
#3136 = CARTESIAN_POINT('',(1.792673600813,-7.367982132329,
    34.725833647245));
#3137 = CARTESIAN_POINT('',(5.543914214419,-4.277498330494,
    34.849445869147));
#3138 = CARTESIAN_POINT('',(6.29264345316,-0.121577729215,
    34.973003701352));
#3139 = CARTESIAN_POINT('',(4.571054820199,3.06752162846,35.096593845997
    ));
#3140 = CARTESIAN_POINT('',(1.837645040984,4.361417301447,
    35.220169880249));
#3141 = CARTESIAN_POINT('',(-3.095456352775,3.580090800818,
    35.467330197569));
#3142 = CARTESIAN_POINT('',(-5.295247785294,1.504852817573,
    35.590906231842));
#3143 = CARTESIAN_POINT('',(-5.947089978593,-2.06016105184,
    35.714496376417));
#3144 = CARTESIAN_POINT('',(-3.95075606797,-5.781306364117,
    35.838054208756));
#3145 = CARTESIAN_POINT('',(0.571897775427,-7.561334027477,
    35.961666430469));
#3146 = CARTESIAN_POINT('',(5.378265602641,-5.345568112827,
    36.08520864735));
#3147 = CARTESIAN_POINT('',(6.961950665199,-0.750479659608,
    36.208820869062));
#3148 = CARTESIAN_POINT('',(5.428884737141,3.184235117536,
    36.332378701411));
#3149 = CARTESIAN_POINT('',(2.294689285061,5.003861728237,
    36.455968845965));
#3150 = CARTESIAN_POINT('',(-0.711984310364,4.678886461095,
    36.579544880262));
#3151 = CARTESIAN_POINT('',(-4.509902718361,1.435157707344,
    36.826705197549));
#3152 = CARTESIAN_POINT('',(-5.30122437924,-1.483661413922,
    36.95028123189));
#3153 = CARTESIAN_POINT('',(-3.994296584101,-4.863922035907,
    37.073871376366));
#3154 = CARTESIAN_POINT('',(-0.347849025695,-6.9936383835,
    37.197429208775));
#3155 = CARTESIAN_POINT('',(4.43840918995,-6.148281321162,
    37.321041430486));
#3156 = CARTESIAN_POINT('',(7.378776933894,-1.747710016173,
    37.444583647332));
#3157 = CARTESIAN_POINT('',(6.328163304415,2.997720129815,
    37.568195869051));
#3158 = CARTESIAN_POINT('',(2.965126895893,5.551591237159,
    37.691753701444));
#3159 = CARTESIAN_POINT('',(-0.657966321881,5.465465344268,
    37.815343845937));
#3160 = CARTESIAN_POINT('',(-3.051777879798,3.61739574092,
    37.938919880271));
#3161 = CARTESIAN_POINT('',(-4.595192037233,-1.13274459389,
    38.186080197546));
#3162 = CARTESIAN_POINT('',(-3.744825866693,-4.034911441199,
    38.309656231889));
#3163 = CARTESIAN_POINT('',(-0.864305413301,-6.234189516346,
    38.433246376376));
#3164 = CARTESIAN_POINT('',(3.357575967094,-6.144807597404,
    38.556804208758));
#3165 = CARTESIAN_POINT('',(6.996834106949,-2.923209164795,
    38.680416430499));
#3166 = CARTESIAN_POINT('',(7.204617552656,2.36523260188,38.80395864733)
  );
#3167 = CARTESIAN_POINT('',(3.829341734674,5.862432828022,
    38.927570869044));
#3168 = CARTESIAN_POINT('',(-0.372512169454,6.282784212182,
    39.051128701451));
#3169 = CARTESIAN_POINT('',(-3.416706310715,4.316288810594,
    39.174718845935));
#3170 = CARTESIAN_POINT('',(-4.492152475643,1.489787337045,
    39.298294880267));
#3171 = CARTESIAN_POINT('',(-3.326187869369,-3.366804780753,
    39.545455197561));
#3172 = CARTESIAN_POINT('',(-1.084753505667,-5.396993694844,
    39.669031231843));
#3173 = CARTESIAN_POINT('',(2.520413564794,-5.767118711737,
    39.792621376443));
#3174 = CARTESIAN_POINT('',(6.073457274548,-3.484981136085,
    39.916179208693));
#3175 = CARTESIAN_POINT('',(7.493154375822,1.163390235782,
    40.039791430562));
#3176 = CARTESIAN_POINT('',(4.907115654569,5.781094644934,
    40.163333647254));
#3177 = CARTESIAN_POINT('',(0.201937827578,6.999371250215,
    40.286945869134));
#3178 = CARTESIAN_POINT('',(-3.600364570638,5.162317089376,
    40.41050370137));
#3179 = CARTESIAN_POINT('',(-5.168475738765,1.895017057467,
    40.534093845984));
#3180 = CARTESIAN_POINT('',(-4.608601370471,-1.076890701098,
    40.657669880251));
#3181 = CARTESIAN_POINT('',(-1.07689070599,-4.608601369331,
    40.904830197573));
#3182 = CARTESIAN_POINT('',(1.895017051983,-5.168475740765,
    41.028406231726));
#3183 = CARTESIAN_POINT('',(5.162317085552,-3.600364576144,
    41.151996376878));
#3184 = CARTESIAN_POINT('',(6.99937125044,0.201937820194,41.275554207668
    ));
#3185 = CARTESIAN_POINT('',(5.781094650116,4.907115648379,
    41.399166432326));
#3186 = CARTESIAN_POINT('',(1.163390243787,7.493154374646,
    41.522708644873));
#3187 = CARTESIAN_POINT('',(-3.484981129718,6.073457278185,
    41.646320871753));
#3188 = CARTESIAN_POINT('',(-5.767118708972,2.520413570973,
    41.769878698978));
#3189 = CARTESIAN_POINT('',(-5.396993696074,-1.084753499988,
    41.893468847807));
#3190 = CARTESIAN_POINT('',(-3.366804784228,-3.326187865763,
    42.017044879102));
#3191 = CARTESIAN_POINT('',(1.489787332165,-4.49215247729,
    42.264205199891));
#3192 = CARTESIAN_POINT('',(4.316288807636,-3.416706314906,
    42.387781218124));
#3193 = CARTESIAN_POINT('',(6.282784209848,-0.372512177252,
    42.511371416249));
#3194 = CARTESIAN_POINT('',(5.862432836077,3.829341730786,
    42.634929126577));
#3195 = CARTESIAN_POINT('',(2.365232603107,7.204617546377,
    42.758541562909));
#3196 = CARTESIAN_POINT('',(-2.923209148978,6.996834115,42.882083473936)
  );
#3197 = CARTESIAN_POINT('',(-6.144807602923,3.357575968237,
    43.005696056942));
#3198 = CARTESIAN_POINT('',(-6.234189509071,-0.864305401819,
    43.129253531847));
#3199 = CARTESIAN_POINT('',(-4.034911451319,-3.744825866069,
    43.252843973195));
#3200 = CARTESIAN_POINT('',(-1.132744594975,-4.595192033772,
    43.376419801756));
#3201 = CARTESIAN_POINT('',(1.242325567579,-3.823484960954,
    43.500000077809));
#3202 = PCURVE('',#1546,#3203);
#3203 = DEFINITIONAL_REPRESENTATION('',(#3204),#3208);
#3204 = LINE('',#3205,#3206);
#3205 = CARTESIAN_POINT('',(0.728868986856,0.));
#3206 = VECTOR('',#3207,1.);
#3207 = DIRECTION('',(0.,1.));
#3208 = ( GEOMETRIC_REPRESENTATION_CONTEXT(2) 
PARAMETRIC_REPRESENTATION_CONTEXT() REPRESENTATION_CONTEXT('2D SPACE',''
  ) );
#3209 = PCURVE('',#3210,#3855);
#3210 = B_SPLINE_SURFACE_WITH_KNOTS('',1,11,(
    (#3211,#3212,#3213,#3214,#3215,#3216,#3217,#3218,#3219,#3220,#3221
      ,#3222,#3223,#3224,#3225,#3226,#3227,#3228,#3229,#3230,#3231,#3232
      ,#3233,#3234,#3235,#3236,#3237,#3238,#3239,#3240,#3241,#3242,#3243
      ,#3244,#3245,#3246,#3247,#3248,#3249,#3250,#3251,#3252,#3253,#3254
      ,#3255,#3256,#3257,#3258,#3259,#3260,#3261,#3262,#3263,#3264,#3265
      ,#3266,#3267,#3268,#3269,#3270,#3271,#3272,#3273,#3274,#3275,#3276
      ,#3277,#3278,#3279,#3280,#3281,#3282,#3283,#3284,#3285,#3286,#3287
      ,#3288,#3289,#3290,#3291,#3292,#3293,#3294,#3295,#3296,#3297,#3298
      ,#3299,#3300,#3301,#3302,#3303,#3304,#3305,#3306,#3307,#3308,#3309
      ,#3310,#3311,#3312,#3313,#3314,#3315,#3316,#3317,#3318,#3319,#3320
      ,#3321,#3322,#3323,#3324,#3325,#3326,#3327,#3328,#3329,#3330,#3331
      ,#3332,#3333,#3334,#3335,#3336,#3337,#3338,#3339,#3340,#3341,#3342
      ,#3343,#3344,#3345,#3346,#3347,#3348,#3349,#3350,#3351,#3352,#3353
      ,#3354,#3355,#3356,#3357,#3358,#3359,#3360,#3361,#3362,#3363,#3364
      ,#3365,#3366,#3367,#3368,#3369,#3370,#3371,#3372,#3373,#3374,#3375
      ,#3376,#3377,#3378,#3379,#3380,#3381,#3382,#3383,#3384,#3385,#3386
      ,#3387,#3388,#3389,#3390,#3391,#3392,#3393,#3394,#3395,#3396,#3397
      ,#3398,#3399,#3400,#3401,#3402,#3403,#3404,#3405,#3406,#3407,#3408
      ,#3409,#3410,#3411,#3412,#3413,#3414,#3415,#3416,#3417,#3418,#3419
      ,#3420,#3421,#3422,#3423,#3424,#3425,#3426,#3427,#3428,#3429,#3430
      ,#3431,#3432,#3433,#3434,#3435,#3436,#3437,#3438,#3439,#3440,#3441
      ,#3442,#3443,#3444,#3445,#3446,#3447,#3448,#3449,#3450,#3451,#3452
      ,#3453,#3454,#3455,#3456,#3457,#3458,#3459,#3460,#3461,#3462,#3463
      ,#3464,#3465,#3466,#3467,#3468,#3469,#3470,#3471,#3472,#3473,#3474
      ,#3475,#3476,#3477,#3478,#3479,#3480,#3481,#3482,#3483,#3484,#3485
      ,#3486,#3487,#3488,#3489,#3490,#3491,#3492,#3493,#3494,#3495,#3496
      ,#3497,#3498,#3499,#3500,#3501,#3502,#3503,#3504,#3505,#3506,#3507
      ,#3508,#3509,#3510,#3511,#3512,#3513,#3514,#3515,#3516,#3517,#3518
      ,#3519,#3520,#3521,#3522,#3523,#3524,#3525,#3526,#3527,#3528,#3529
      ,#3530,#3531,#3532)
    ,(#3533,#3534,#3535,#3536,#3537,#3538,#3539,#3540,#3541,#3542,#3543
      ,#3544,#3545,#3546,#3547,#3548,#3549,#3550,#3551,#3552,#3553,#3554
      ,#3555,#3556,#3557,#3558,#3559,#3560,#3561,#3562,#3563,#3564,#3565
      ,#3566,#3567,#3568,#3569,#3570,#3571,#3572,#3573,#3574,#3575,#3576
      ,#3577,#3578,#3579,#3580,#3581,#3582,#3583,#3584,#3585,#3586,#3587
      ,#3588,#3589,#3590,#3591,#3592,#3593,#3594,#3595,#3596,#3597,#3598
      ,#3599,#3600,#3601,#3602,#3603,#3604,#3605,#3606,#3607,#3608,#3609
      ,#3610,#3611,#3612,#3613,#3614,#3615,#3616,#3617,#3618,#3619,#3620
      ,#3621,#3622,#3623,#3624,#3625,#3626,#3627,#3628,#3629,#3630,#3631
      ,#3632,#3633,#3634,#3635,#3636,#3637,#3638,#3639,#3640,#3641,#3642
      ,#3643,#3644,#3645,#3646,#3647,#3648,#3649,#3650,#3651,#3652,#3653
      ,#3654,#3655,#3656,#3657,#3658,#3659,#3660,#3661,#3662,#3663,#3664
      ,#3665,#3666,#3667,#3668,#3669,#3670,#3671,#3672,#3673,#3674,#3675
      ,#3676,#3677,#3678,#3679,#3680,#3681,#3682,#3683,#3684,#3685,#3686
      ,#3687,#3688,#3689,#3690,#3691,#3692,#3693,#3694,#3695,#3696,#3697
      ,#3698,#3699,#3700,#3701,#3702,#3703,#3704,#3705,#3706,#3707,#3708
      ,#3709,#3710,#3711,#3712,#3713,#3714,#3715,#3716,#3717,#3718,#3719
      ,#3720,#3721,#3722,#3723,#3724,#3725,#3726,#3727,#3728,#3729,#3730
      ,#3731,#3732,#3733,#3734,#3735,#3736,#3737,#3738,#3739,#3740,#3741
      ,#3742,#3743,#3744,#3745,#3746,#3747,#3748,#3749,#3750,#3751,#3752
      ,#3753,#3754,#3755,#3756,#3757,#3758,#3759,#3760,#3761,#3762,#3763
      ,#3764,#3765,#3766,#3767,#3768,#3769,#3770,#3771,#3772,#3773,#3774
      ,#3775,#3776,#3777,#3778,#3779,#3780,#3781,#3782,#3783,#3784,#3785
      ,#3786,#3787,#3788,#3789,#3790,#3791,#3792,#3793,#3794,#3795,#3796
      ,#3797,#3798,#3799,#3800,#3801,#3802,#3803,#3804,#3805,#3806,#3807
      ,#3808,#3809,#3810,#3811,#3812,#3813,#3814,#3815,#3816,#3817,#3818
      ,#3819,#3820,#3821,#3822,#3823,#3824,#3825,#3826,#3827,#3828,#3829
      ,#3830,#3831,#3832,#3833,#3834,#3835,#3836,#3837,#3838,#3839,#3840
      ,#3841,#3842,#3843,#3844,#3845,#3846,#3847,#3848,#3849,#3850,#3851
      ,#3852,#3853,#3854
    )),.UNSPECIFIED.,.F.,.F.,.F.,(2,2),(12,10,10,10,10,10,10,10,10,10,10
    ,10,10,10,10,10,10,10,10,10,10,10,10,10,10,10,10,10,10,10,10,10,12),
  (0.,0.728868986856),(0.,6.96687144352,13.933742887039,20.900614330559,
    27.867485774078,34.834357217598,41.801228661117,48.768100104637,
    55.734971548156,62.701842991676,69.668714435196,76.635585878715,
    83.602457322235,90.569328765754,97.536200209274,104.50307165279,
    111.46994309631,118.43681453983,125.40368598335,132.37055742687,
    139.33742887039,146.30430031391,153.27117175743,160.23804320095,
    167.20491464446,174.17178608798,181.1386575315,188.10552897502,
    195.07240041854,202.03927186206,209.00614330558,215.9730147491,
    222.93988619262),.UNSPECIFIED.);
#3211 = CARTESIAN_POINT('',(4.02025,-2.886579864025E-15,0.));
#3212 = CARTESIAN_POINT('',(4.020249999861,2.49729655493,0.123580276095)
  );
#3213 = CARTESIAN_POINT('',(2.314684838367,4.994643659598,0.247156104563
    ));
#3214 = CARTESIAN_POINT('',(-1.104467213431,6.196151615056,
    0.370746546064));
#3215 = CARTESIAN_POINT('',(-5.09209447488,4.806511283497,0.494304020772
    ));
#3216 = CARTESIAN_POINT('',(-7.557705983045,0.617996469244,
    0.617916603988));
#3217 = CARTESIAN_POINT('',(-6.121101399591,-4.475819133004,
    0.741458514811));
#3218 = CARTESIAN_POINT('',(-1.83032903866,-6.75883662026,0.865070951336
    ));
#3219 = CARTESIAN_POINT('',(2.295767220205,-5.860170272293,
    0.988628661494));
#3220 = CARTESIAN_POINT('',(4.583287396007,-3.04921428549,1.112218859744
    ));
#3221 = CARTESIAN_POINT('',(4.732660489332,-2.872049836331E-02,
    1.235794877911));
#3222 = CARTESIAN_POINT('',(2.122992753574,4.229870203881,1.482955198737
    ));
#3223 = CARTESIAN_POINT('',(-0.636100880073,5.468053289953,
    1.606531229958));
#3224 = CARTESIAN_POINT('',(-4.179193435113,4.706005206523,
    1.730121378927));
#3225 = CARTESIAN_POINT('',(-6.853119513441,1.43761250636,1.853679205971
    ));
#3226 = CARTESIAN_POINT('',(-6.766905942893,-3.421961908494,
    1.977291433042));
#3227 = CARTESIAN_POINT('',(-2.880487828007,-7.014529863889,
    2.100833645393));
#3228 = CARTESIAN_POINT('',(1.970870379368,-6.719199858091,2.22444587026
    ));
#3229 = CARTESIAN_POINT('',(5.019393896957,-3.797081468724,
    2.348003700844));
#3230 = CARTESIAN_POINT('',(5.501105006039,-0.205121482713,
    2.471593846154));
#3231 = CARTESIAN_POINT('',(4.050262836672,2.448320062395,2.595169880229
    ));
#3232 = CARTESIAN_POINT('',(-0.399952220155,4.715817892542,
    2.842330197573));
#3233 = CARTESIAN_POINT('',(-3.399415154686,4.32992005888,2.965906231843
    ));
#3234 = CARTESIAN_POINT('',(-6.022229143382,1.828906481385,
    3.089496376416));
#3235 = CARTESIAN_POINT('',(-6.594395419425,-2.3549789461,3.213054208753
    ));
#3236 = CARTESIAN_POINT('',(-3.981765609648,-6.453400806594,
    3.336666430472));
#3237 = CARTESIAN_POINT('',(1.209062170961,-7.485920652002,
    3.460208647358));
#3238 = CARTESIAN_POINT('',(5.191215526076,-4.699282726754,3.58382086904
    ));
#3239 = CARTESIAN_POINT('',(6.263706454774,-0.614918060712,
    3.707378701435));
#3240 = CARTESIAN_POINT('',(4.79763875679,2.699424655293,3.830968845951)
  );
#3241 = CARTESIAN_POINT('',(2.174173052171,4.203792539272,3.954544880263
    ));
#3242 = CARTESIAN_POINT('',(-2.805023407042,3.811921281977,
    4.201705197558));
#3243 = CARTESIAN_POINT('',(-5.160854912298,1.915674211442,
    4.325281231862));
#3244 = CARTESIAN_POINT('',(-6.090395458116,-1.587206960923,
    4.448871376396));
#3245 = CARTESIAN_POINT('',(-4.39217327496,-5.453511777485,4.57242920877
    ));
#3246 = CARTESIAN_POINT('',(-2.312062484637E-02,-7.582895540438,
    4.696041430462));
#3247 = CARTESIAN_POINT('',(4.942277764407,-5.7510633661,4.81958364736)
  );
#3248 = CARTESIAN_POINT('',(6.88160733928,-1.29439453497,4.943195869044)
  );
#3249 = CARTESIAN_POINT('',(5.6619815052,2.748473796067,5.066753701429)
  );
#3250 = CARTESIAN_POINT('',(2.680213990154,4.8083972462,5.190343845954)
  );
#3251 = CARTESIAN_POINT('',(-0.342688299597,4.720324660799,
    5.313919880263));
#3252 = CARTESIAN_POINT('',(-4.383399017439,1.784576484196,
    5.561080197556));
#3253 = CARTESIAN_POINT('',(-5.401289206578,-1.063158509886,
    5.684656231874));
#3254 = CARTESIAN_POINT('',(-4.363602425384,-4.535539289456,
    5.808246376374));
#3255 = CARTESIAN_POINT('',(-0.895491266662,-6.944787410386,5.9318042088
    ));
#3256 = CARTESIAN_POINT('',(3.942338462931,-6.477561793215,
    6.055416430429));
#3257 = CARTESIAN_POINT('',(7.21890687968,-2.321254575311,6.178958647391
    ));
#3258 = CARTESIAN_POINT('',(6.543854099497,2.491977188644,6.302570869019
    ));
#3259 = CARTESIAN_POINT('',(3.391559227553,5.301836359135,6.426128701446
    ));
#3260 = CARTESIAN_POINT('',(-0.227122562654,5.50024058126,6.549718845947
    ));
#3261 = CARTESIAN_POINT('',(-2.758552668351,3.845684249905,
    6.673294880264));
#3262 = CARTESIAN_POINT('',(-4.669900710278,-0.768718108402,
    6.920455197559));
#3263 = CARTESIAN_POINT('',(-4.049857321335,-3.72865750466,
    7.044031231862));
#3264 = CARTESIAN_POINT('',(-1.350769920214,-6.147158969438,
    7.167621376392));
#3265 = CARTESIAN_POINT('',(2.865109633421,-6.389297580568,7.29117920878
    ));
#3266 = CARTESIAN_POINT('',(6.745912854758,-3.463163163438,
    7.414791430447));
#3267 = CARTESIAN_POINT('',(7.367982132316,1.792673600813,7.538333647373
    ));
#3268 = CARTESIAN_POINT('',(4.277498330512,5.543914214419,7.661945869036
    ));
#3269 = CARTESIAN_POINT('',(0.121577729201,6.292643453161,7.785503701433
    ));
#3270 = CARTESIAN_POINT('',(-3.067521628454,4.571054820197,
    7.909093845952));
#3271 = CARTESIAN_POINT('',(-4.361417301448,1.837645040985,
    8.032669880264));
#3272 = CARTESIAN_POINT('',(-3.580090800816,-3.095456352776,
    8.279830197551));
#3273 = CARTESIAN_POINT('',(-1.504852817578,-5.295247785296,
    8.403406231891));
#3274 = CARTESIAN_POINT('',(2.060161051856,-5.947089978586,
    8.526996376343));
#3275 = CARTESIAN_POINT('',(5.781306364084,-3.950756067985,
    8.650554208838));
#3276 = CARTESIAN_POINT('',(7.561334027528,0.571897775448,8.774166430392
    ));
#3277 = CARTESIAN_POINT('',(5.345568112768,5.378265602621,8.897708647426
    ));
#3278 = CARTESIAN_POINT('',(0.750479659656,6.961950665211,9.021320868987
    ));
#3279 = CARTESIAN_POINT('',(-3.184235117564,5.428884737137,
    9.144878701472));
#3280 = CARTESIAN_POINT('',(-5.003861728226,2.294689285061,
    9.268468845931));
#3281 = CARTESIAN_POINT('',(-4.678886461097,-0.711984310364,
    9.392044880269));
#3282 = CARTESIAN_POINT('',(-1.435157707344,-4.509902718361,
    9.639205197553));
#3283 = CARTESIAN_POINT('',(1.483661413923,-5.301224379244,
    9.762781231877));
#3284 = CARTESIAN_POINT('',(4.863922035898,-3.994296584092,
    9.886371376369));
#3285 = CARTESIAN_POINT('',(6.993638383521,-0.34784902571,
    10.009929208807));
#3286 = CARTESIAN_POINT('',(6.148281321126,4.438409189966,
    10.133541430422));
#3287 = CARTESIAN_POINT('',(1.747710016215,7.378776933882,
    10.257083647397));
#3288 = CARTESIAN_POINT('',(-2.99772012985,6.328163304419,
    10.380695869017));
#3289 = CARTESIAN_POINT('',(-5.55159123714,2.965126895894,
    10.504253701445));
#3290 = CARTESIAN_POINT('',(-5.465465344275,-0.657966321883,
    10.627843845948));
#3291 = CARTESIAN_POINT('',(-3.617395740918,-3.051777879797,
    10.751419880263));
#3292 = CARTESIAN_POINT('',(1.132744593888,-4.595192037234,
    10.998580197558));
#3293 = CARTESIAN_POINT('',(4.034911441205,-3.744825866689,
    11.122156231862));
#3294 = CARTESIAN_POINT('',(6.234189516332,-0.864305413315,
    11.245746376397));
#3295 = CARTESIAN_POINT('',(6.144807597432,3.357575967126,
    11.369304208769));
#3296 = CARTESIAN_POINT('',(2.923209164754,6.996834106899,
    11.492916430462));
#3297 = CARTESIAN_POINT('',(-2.365232601834,7.204617552714,
    11.616458647361));
#3298 = CARTESIAN_POINT('',(-5.862432828061,3.829341734625,
    11.740070869045));
#3299 = CARTESIAN_POINT('',(-6.282784212158,-0.372512169425,
    11.863628701428));
#3300 = CARTESIAN_POINT('',(-4.316288810603,-3.416706310725,
    11.987218845956));
#3301 = CARTESIAN_POINT('',(-1.489787337043,-4.492152475641,
    12.110794880262));
#3302 = CARTESIAN_POINT('',(3.366804780752,-3.326187869369,
    12.357955197555));
#3303 = CARTESIAN_POINT('',(5.396993694842,-1.084753505671,
    12.481531231873));
#3304 = CARTESIAN_POINT('',(5.767118711747,2.520413564805,
    12.605121376379));
#3305 = CARTESIAN_POINT('',(3.484981136062,6.073457274526,
    12.728679208785));
#3306 = CARTESIAN_POINT('',(-1.163390235748,7.493154375852,
    12.852291430452));
#3307 = CARTESIAN_POINT('',(-5.781094644968,4.90711565454,
    12.975833647367));
#3308 = CARTESIAN_POINT('',(-6.999371250191,0.201937827599,
    13.099445869037));
#3309 = CARTESIAN_POINT('',(-5.162317089388,-3.600364570649,
    13.223003701437));
#3310 = CARTESIAN_POINT('',(-1.895017057463,-5.168475738762,
    13.34659384595));
#3311 = CARTESIAN_POINT('',(1.076890701098,-4.608601370472,
    13.470169880264));
#3312 = CARTESIAN_POINT('',(4.60860136933,-1.076890705989,
    13.717330197557));
#3313 = CARTESIAN_POINT('',(5.168475740767,1.89501705198,13.840906231869
    ));
#3314 = CARTESIAN_POINT('',(3.600364576142,5.162317085562,
    13.964496376384));
#3315 = CARTESIAN_POINT('',(-0.2019378202,6.999371250418,14.088054208784
    ));
#3316 = CARTESIAN_POINT('',(-4.907115648367,5.781094650155,
    14.211666430448));
#3317 = CARTESIAN_POINT('',(-7.493154374654,1.163390243725,
    14.335208647371));
#3318 = CARTESIAN_POINT('',(-6.073457278199,-3.484981129637,
    14.458820869037));
#3319 = CARTESIAN_POINT('',(-2.520413570937,-5.76711870906,
    14.582378701434));
#3320 = CARTESIAN_POINT('',(1.084753499946,-5.396993695997,
    14.705968845951));
#3321 = CARTESIAN_POINT('',(3.326187865796,-3.366804784281,
    14.829544880265));
#3322 = CARTESIAN_POINT('',(4.492152477223,1.489787332276,15.07670519755
    ));
#3323 = CARTESIAN_POINT('',(3.416706315304,4.316288806977,
    15.200281231893));
#3324 = CARTESIAN_POINT('',(0.372512176096,6.282784211762,15.32387137634
    ));
#3325 = CARTESIAN_POINT('',(-3.829341728401,5.862432832128,
    15.44742920884));
#3326 = CARTESIAN_POINT('',(-7.204617550221,2.365232609475,
    15.571041430393));
#3327 = CARTESIAN_POINT('',(-6.996834109969,-2.923209157325,
    15.694583647422));
#3328 = CARTESIAN_POINT('',(-3.35757597368,-6.144807593869,
    15.818195868988));
#3329 = CARTESIAN_POINT('',(0.864305406721,-6.234189517251,
    15.941753701476));
#3330 = CARTESIAN_POINT('',(3.744825862398,-4.034911445178,
    16.065343845926));
#3331 = CARTESIAN_POINT('',(4.595192036033,-1.132744598765,
    16.188919880273));
#3332 = CARTESIAN_POINT('',(3.051777883635,3.617395737679,
    16.436080197548));
#3333 = CARTESIAN_POINT('',(0.657966327688,5.465465343579,
    16.559656231891));
#3334 = CARTESIAN_POINT('',(-2.965126890016,5.551591240279,
    16.683246376351));
#3335 = CARTESIAN_POINT('',(-6.328163301211,2.99772013658,
    16.806804208818));
#3336 = CARTESIAN_POINT('',(-7.378776935774,-1.747710008404,
    16.930416430421));
#3337 = CARTESIAN_POINT('',(-4.438409196454,-6.148281316396,
    17.053958647396));
#3338 = CARTESIAN_POINT('',(0.347849018259,-6.993638383904,
    17.17757086901));
#3339 = CARTESIAN_POINT('',(3.994296578947,-4.86392204013,
    17.301128701459));
#3340 = CARTESIAN_POINT('',(5.301224377663,-1.483661419551,
    17.424718845937));
#3341 = CARTESIAN_POINT('',(4.509902719885,1.435157702558,
    17.548294880266));
#3342 = CARTESIAN_POINT('',(0.711984315329,4.678886460341,
    17.795455197558));
#3343 = CARTESIAN_POINT('',(-2.29468927975,5.003861730665,17.91903123186
    ));
#3344 = CARTESIAN_POINT('',(-5.428884733759,3.184235123317,
    18.042621376401));
#3345 = CARTESIAN_POINT('',(-6.961950666005,-0.750479652255,
    18.166179208761));
#3346 = CARTESIAN_POINT('',(-5.378265608297,-5.345568107074,
    18.289791430472));
#3347 = CARTESIAN_POINT('',(-0.571897783471,-7.561334026913,
    18.413333647351));
#3348 = CARTESIAN_POINT('',(3.95075606185,-5.78130636828,18.536945869052
    ));
#3349 = CARTESIAN_POINT('',(5.947089976398,-2.060161058167,
    18.660503701423));
#3350 = CARTESIAN_POINT('',(5.295247786894,1.504852811959,18.78409384596
    ));
#3351 = CARTESIAN_POINT('',(3.095456356575,3.580090797531,
    18.907669880259));
#3352 = CARTESIAN_POINT('',(-1.837645036356,4.361417303399,
    19.154830197564));
#3353 = CARTESIAN_POINT('',(-4.57105481694,3.0675216333,19.278406231849)
  );
#3354 = CARTESIAN_POINT('',(-6.292643453295,-0.121577722509,
    19.401996376413));
#3355 = CARTESIAN_POINT('',(-5.54391421895,-4.277498324659,
    19.525554208757));
#3356 = CARTESIAN_POINT('',(-1.792673608642,-7.36798213037,
    19.64916643047));
#3357 = CARTESIAN_POINT('',(3.46316315629,-6.745912858479,
    19.772708647351));
#3358 = CARTESIAN_POINT('',(6.389297577519,-2.865109640167,
    19.896320869059));
#3359 = CARTESIAN_POINT('',(6.147158970875,1.35076991367,20.019878701413
    ));
#3360 = CARTESIAN_POINT('',(3.728657508958,4.049857317386,
    20.143468845965));
#3361 = CARTESIAN_POINT('',(0.768718113357,4.66990070946,20.267044880259
    ));
#3362 = CARTESIAN_POINT('',(-3.845684246976,2.758552672433,
    20.514205197559));
#3363 = CARTESIAN_POINT('',(-5.500240581024,0.227122568492,
    20.63778123187));
#3364 = CARTESIAN_POINT('',(-5.301836362723,-3.391559221932,
    20.761371376369));
#3365 = CARTESIAN_POINT('',(-2.491977195608,-6.54385409684,
    20.88492920882));
#3366 = CARTESIAN_POINT('',(2.321254567672,-7.21890688216,
    21.008541430399));
#3367 = CARTESIAN_POINT('',(6.477561789013,-3.942338469791,
    21.132083647417));
#3368 = CARTESIAN_POINT('',(6.944787411346,0.895491259282,
    21.255695869006));
#3369 = CARTESIAN_POINT('',(4.535539294084,4.363602420576,
    21.379253701448));
#3370 = CARTESIAN_POINT('',(1.063158515619,5.401289205447,
    21.502843845949));
#3371 = CARTESIAN_POINT('',(-1.784576479543,4.383399019334,
    21.626419880262));
#3372 = CARTESIAN_POINT('',(-4.720324660436,0.342688304606,
    21.87358019756));
#3373 = CARTESIAN_POINT('',(-4.808397249039,-2.68021398505,
    21.997156231855));
#3374 = CARTESIAN_POINT('',(-2.748473802093,-5.661981502282,
    22.120746376414));
#3375 = CARTESIAN_POINT('',(1.294394527701,-6.881607340663,
    22.244304208739));
#3376 = CARTESIAN_POINT('',(5.751063360806,-4.94227777049,
    22.367916430501));
#3377 = CARTESIAN_POINT('',(7.582895540515,2.312061677E-02,
    22.49145864732));
#3378 = CARTESIAN_POINT('',(5.453511782105,4.392173269201,
    22.615070869081));
#3379 = CARTESIAN_POINT('',(1.587206967409,6.090395456413,22.7386287014)
  );
#3380 = CARTESIAN_POINT('',(-1.915674205973,5.160854914339,
    22.862218845972));
#3381 = CARTESIAN_POINT('',(-3.811921278999,2.805023411085,
    22.985794880256));
#3382 = CARTESIAN_POINT('',(-4.203792541581,-2.174173047708,
    23.232955197562));
#3383 = CARTESIAN_POINT('',(-2.699424660381,-4.797638753929,
    23.356531231861));
#3384 = CARTESIAN_POINT('',(0.614918054056,-6.263706455416,
    23.480121376387));
#3385 = CARTESIAN_POINT('',(4.699282721258,-5.191215531086,
    23.603679208791));
#3386 = CARTESIAN_POINT('',(7.485920650705,-1.209062178872,
    23.727291430438));
#3387 = CARTESIAN_POINT('',(6.453400810831,3.981765602764,
    23.850833647375));
#3388 = CARTESIAN_POINT('',(2.354978953091,6.594395416953,23.97444586904
    ));
#3389 = CARTESIAN_POINT('',(-1.82890647499,6.022229145308,
    24.098003701429));
#3390 = CARTESIAN_POINT('',(-4.329920055273,3.399415159287,
    24.221593845953));
#3391 = CARTESIAN_POINT('',(-4.715817892118,0.399952225158,
    24.345169880265));
#3392 = CARTESIAN_POINT('',(-2.448320066691,-4.050262834072,
    24.592330197548));
#3393 = CARTESIAN_POINT('',(0.20512147686,-5.501105006264,24.7159062319)
  );
#3394 = CARTESIAN_POINT('',(3.797081463444,-5.019393900964,
    24.839496376329));
#3395 = CARTESIAN_POINT('',(6.719199855901,-1.970870386543,
    24.963054208854));
#3396 = CARTESIAN_POINT('',(7.014529867102,2.880487820623,
    25.086666430375));
#3397 = CARTESIAN_POINT('',(3.421961915479,6.766905939197,
    25.210208647443));
#3398 = CARTESIAN_POINT('',(-1.437612498888,6.853119515023,
    25.333820868973));
#3399 = CARTESIAN_POINT('',(-4.706005202253,4.179193440066,
    25.457378701479));
#3400 = CARTESIAN_POINT('',(-5.468053289163,0.636100885902,
    25.580968845931));
#3401 = CARTESIAN_POINT('',(-4.229870206201,-2.1229927491,
    25.704544880264));
#3402 = CARTESIAN_POINT('',(2.872049346972E-02,-4.732660489332,
    25.951705197567));
#3403 = CARTESIAN_POINT('',(3.049214279873,-4.583287399418,
    26.075281231827));
#3404 = CARTESIAN_POINT('',(5.86017027204,-2.295767225921,
    26.198871376456));
#3405 = CARTESIAN_POINT('',(6.758836617698,1.830329030461,
    26.322429208696));
#3406 = CARTESIAN_POINT('',(4.475819146761,6.12110139648,26.446041430539
    ));
#3407 = CARTESIAN_POINT('',(-0.617996470733,7.557705981563,
    26.569583647282));
#3408 = CARTESIAN_POINT('',(-4.806511267788,5.092094482298,
    26.693195869121));
#3409 = CARTESIAN_POINT('',(-6.196151623186,1.104467217907,
    26.816753701369));
#3410 = CARTESIAN_POINT('',(-4.994643655075,-2.314684831485,
    26.940343845986));
#3411 = CARTESIAN_POINT('',(-2.497296563502,-4.02024999819,
    27.063919880257));
#3412 = CARTESIAN_POINT('',(2.497296559237,-4.02025000084,
    27.311080197547));
#3413 = CARTESIAN_POINT('',(4.994643652609,-2.314684836782,
    27.434656231906));
#3414 = CARTESIAN_POINT('',(6.196151624382,1.104467211321,
    27.558246376328));
#3415 = CARTESIAN_POINT('',(4.806511273154,5.092094477212,
    27.681804208833));
#3416 = CARTESIAN_POINT('',(0.617996478799,7.557705980899,
    27.805416430422));
#3417 = CARTESIAN_POINT('',(-4.475819140306,6.121101401224,
    27.928958647391));
#3418 = CARTESIAN_POINT('',(-6.758836615726,1.830329037651,
    28.052570869005));
#3419 = CARTESIAN_POINT('',(-5.860170274493,-2.295767219717,
    28.176128701475));
#3420 = CARTESIAN_POINT('',(-3.04921428473,-4.583287396175,
    28.29971884592));
#3421 = CARTESIAN_POINT('',(-2.872049849372E-02,-4.732660489304,
    28.423294880278));
#3422 = CARTESIAN_POINT('',(4.229870203948,-2.122992753588,
    28.670455197538));
#3423 = CARTESIAN_POINT('',(5.46805328984,0.636100880094,28.79403123192)
  );
#3424 = CARTESIAN_POINT('',(4.706005206682,4.179193435086,
    28.917621376304));
#3425 = CARTESIAN_POINT('',(1.437612506173,6.853119513469,
    29.041179208877));
#3426 = CARTESIAN_POINT('',(-3.421961908312,6.766905942873,
    29.164791430354));
#3427 = CARTESIAN_POINT('',(-7.014529864032,2.880487828017,
    29.28833364747));
#3428 = CARTESIAN_POINT('',(-6.719199858002,-1.97087037937,
    29.411945868937));
#3429 = CARTESIAN_POINT('',(-3.797081468766,-5.019393896959,
    29.535503701515));
#3430 = CARTESIAN_POINT('',(-0.205121482699,-5.501105006037,
    29.659093845909));
#3431 = CARTESIAN_POINT('',(2.448320062392,-4.050262836672,
    29.782669880271));
#3432 = CARTESIAN_POINT('',(4.715817892543,0.399952220154,
    30.029830197565));
#3433 = CARTESIAN_POINT('',(4.32992005888,3.399415154691,30.153406231833
    ));
#3434 = CARTESIAN_POINT('',(1.828906481383,6.022229143368,30.27699637644
    ));
#3435 = CARTESIAN_POINT('',(-2.354978946102,6.594395419453,
    30.400554208728));
#3436 = CARTESIAN_POINT('',(-6.453400806582,3.981765609608,
    30.524166430494));
#3437 = CARTESIAN_POINT('',(-7.485920652025,-1.209062170917,
    30.647708647326));
#3438 = CARTESIAN_POINT('',(-4.699282726731,-5.191215526111,
    30.771320869091));
#3439 = CARTESIAN_POINT('',(-0.614918060726,-6.263706454755,
    30.894878701381));
#3440 = CARTESIAN_POINT('',(2.699424655297,-4.797638756798,
    31.018468845985));
#3441 = CARTESIAN_POINT('',(4.203792539272,-2.174173052169,
    31.142044880255));
#3442 = CARTESIAN_POINT('',(3.811921281977,2.805023407041,
    31.389205197552));
#3443 = CARTESIAN_POINT('',(1.915674211448,5.160854912301,
    31.512781231896));
#3444 = CARTESIAN_POINT('',(-1.587206960942,6.090395458108,
    31.636371376338));
#3445 = CARTESIAN_POINT('',(-5.453511777445,4.392173274976,
    31.759929208835));
#3446 = CARTESIAN_POINT('',(-7.582895540496,2.31206248262E-02,
    31.883541430403));
#3447 = CARTESIAN_POINT('',(-5.751063366038,-4.942277764391,
    32.007083647417));
#3448 = CARTESIAN_POINT('',(-1.294394535021,-6.881607339285,
    32.130695868982));
#3449 = CARTESIAN_POINT('',(2.748473796098,-5.661981505203,
    32.254253701489));
#3450 = CARTESIAN_POINT('',(4.808397246188,-2.680213990151,
    32.377843845914));
#3451 = CARTESIAN_POINT('',(4.720324660801,0.342688299596,
    32.501419880278));
#3452 = CARTESIAN_POINT('',(1.784576484195,4.38339901744,32.748580197543
    ));
#3453 = CARTESIAN_POINT('',(-1.063158509884,5.401289206573,
    32.872156231898));
#3454 = CARTESIAN_POINT('',(-4.535539289458,4.363602425392,
    32.995746376354));
#3455 = CARTESIAN_POINT('',(-6.944787410385,0.895491266654,
    33.119304208795));
#3456 = CARTESIAN_POINT('',(-6.477561793214,-3.942338462926,
    33.242916430456));
#3457 = CARTESIAN_POINT('',(-2.321254575314,-7.218906879682,
    33.366458647367));
#3458 = CARTESIAN_POINT('',(2.491977188648,-6.543854099497,
    33.490070869021));
#3459 = CARTESIAN_POINT('',(5.301836359132,-3.391559227553,
    33.613628701458));
#3460 = CARTESIAN_POINT('',(5.500240581261,0.227122562653,
    33.737218845938));
#3461 = CARTESIAN_POINT('',(3.845684249905,2.758552668351,
    33.860794880262));
#3462 = CARTESIAN_POINT('',(-0.768718108401,4.669900710277,
    34.107955197572));
#3463 = CARTESIAN_POINT('',(-3.728657504662,4.049857321339,
    34.23153123181));
#3464 = CARTESIAN_POINT('',(-6.147158969435,1.350769920206,
    34.355121376487));
#3465 = CARTESIAN_POINT('',(-6.38929758057,-2.865109633413,
    34.478679208657));
#3466 = CARTESIAN_POINT('',(-3.463163163437,-6.745912854758,
    34.602291430579));
#3467 = CARTESIAN_POINT('',(1.792673600811,-7.367982132328,
    34.725833647247));
#3468 = CARTESIAN_POINT('',(5.543914214421,-4.277498330495,
    34.849445869146));
#3469 = CARTESIAN_POINT('',(6.292643453159,-0.121577729215,
    34.973003701352));
#3470 = CARTESIAN_POINT('',(4.571054820199,3.06752162846,35.096593845997
    ));
#3471 = CARTESIAN_POINT('',(1.837645040984,4.361417301447,
    35.220169880248));
#3472 = CARTESIAN_POINT('',(-3.095456352775,3.580090800818,
    35.467330197569));
#3473 = CARTESIAN_POINT('',(-5.295247785295,1.504852817573,
    35.590906231841));
#3474 = CARTESIAN_POINT('',(-5.947089978592,-2.06016105184,
    35.714496376421));
#3475 = CARTESIAN_POINT('',(-3.950756067972,-5.781306364116,
    35.83805420875));
#3476 = CARTESIAN_POINT('',(0.57189777543,-7.561334027478,
    35.961666430478));
#3477 = CARTESIAN_POINT('',(5.378265602638,-5.345568112826,
    36.085208647342));
#3478 = CARTESIAN_POINT('',(6.961950665201,-0.750479659609,
    36.208820869068));
#3479 = CARTESIAN_POINT('',(5.42888473714,3.184235117536,36.332378701407
    ));
#3480 = CARTESIAN_POINT('',(2.294689285061,5.003861728237,
    36.455968845966));
#3481 = CARTESIAN_POINT('',(-0.711984310364,4.678886461095,
    36.579544880262));
#3482 = CARTESIAN_POINT('',(-4.509902718361,1.435157707344,
    36.826705197549));
#3483 = CARTESIAN_POINT('',(-5.30122437924,-1.483661413922,
    36.95028123189));
#3484 = CARTESIAN_POINT('',(-3.9942965841,-4.863922035906,
    37.073871376366));
#3485 = CARTESIAN_POINT('',(-0.347849025696,-6.993638383501,
    37.197429208775));
#3486 = CARTESIAN_POINT('',(4.438409189951,-6.14828132116,
    37.321041430485));
#3487 = CARTESIAN_POINT('',(7.378776933893,-1.747710016174,
    37.444583647334));
#3488 = CARTESIAN_POINT('',(6.328163304416,2.997720129816,
    37.568195869049));
#3489 = CARTESIAN_POINT('',(2.965126895893,5.551591237159,
    37.691753701445));
#3490 = CARTESIAN_POINT('',(-0.657966321881,5.465465344268,
    37.815343845936));
#3491 = CARTESIAN_POINT('',(-3.051777879798,3.61739574092,
    37.938919880271));
#3492 = CARTESIAN_POINT('',(-4.595192037233,-1.13274459389,
    38.186080197546));
#3493 = CARTESIAN_POINT('',(-3.744825866693,-4.034911441199,
    38.309656231889));
#3494 = CARTESIAN_POINT('',(-0.864305413302,-6.234189516345,
    38.433246376377));
#3495 = CARTESIAN_POINT('',(3.357575967096,-6.144807597405,
    38.556804208758));
#3496 = CARTESIAN_POINT('',(6.996834106946,-2.923209164795,
    38.680416430499));
#3497 = CARTESIAN_POINT('',(7.204617552658,2.365232601879,
    38.803958647331));
#3498 = CARTESIAN_POINT('',(3.829341734673,5.862432828023,
    38.927570869043));
#3499 = CARTESIAN_POINT('',(-0.372512169453,6.282784212181,
    39.051128701452));
#3500 = CARTESIAN_POINT('',(-3.416706310715,4.316288810594,
    39.174718845935));
#3501 = CARTESIAN_POINT('',(-4.492152475643,1.489787337045,
    39.298294880268));
#3502 = CARTESIAN_POINT('',(-3.326187869369,-3.366804780753,
    39.545455197561));
#3503 = CARTESIAN_POINT('',(-1.084753505667,-5.396993694844,
    39.669031231844));
#3504 = CARTESIAN_POINT('',(2.520413564794,-5.767118711737,
    39.792621376439));
#3505 = CARTESIAN_POINT('',(6.073457274546,-3.484981136084,
    39.916179208699));
#3506 = CARTESIAN_POINT('',(7.493154375823,1.163390235781,
    40.039791430555));
#3507 = CARTESIAN_POINT('',(4.907115654568,5.781094644935,
    40.163333647261));
#3508 = CARTESIAN_POINT('',(0.201937827579,6.999371250215,40.28694586913
    ));
#3509 = CARTESIAN_POINT('',(-3.600364570638,5.162317089376,
    40.410503701372));
#3510 = CARTESIAN_POINT('',(-5.168475738765,1.895017057467,
    40.534093845984));
#3511 = CARTESIAN_POINT('',(-4.608601370472,-1.076890701098,
    40.657669880251));
#3512 = CARTESIAN_POINT('',(-1.07689070599,-4.608601369331,
    40.904830197573));
#3513 = CARTESIAN_POINT('',(1.895017051983,-5.168475740765,
    41.028406231724));
#3514 = CARTESIAN_POINT('',(5.162317085551,-3.600364576145,
    41.151996376885));
#3515 = CARTESIAN_POINT('',(6.99937125044,0.201937820195,41.275554207656
    ));
#3516 = CARTESIAN_POINT('',(5.781094650116,4.907115648378,
    41.399166432343));
#3517 = CARTESIAN_POINT('',(1.163390243787,7.493154374648,
    41.522708644855));
#3518 = CARTESIAN_POINT('',(-3.484981129718,6.073457278184,
    41.646320871767));
#3519 = CARTESIAN_POINT('',(-5.767118708972,2.520413570974,
    41.769878698969));
#3520 = CARTESIAN_POINT('',(-5.396993696074,-1.084753499989,
    41.893468847811));
#3521 = CARTESIAN_POINT('',(-3.366804784228,-3.326187865763,
    42.017044879102));
#3522 = CARTESIAN_POINT('',(1.489787332165,-4.49215247729,
    42.264205199892));
#3523 = CARTESIAN_POINT('',(4.316288807636,-3.416706314906,
    42.387781218119));
#3524 = CARTESIAN_POINT('',(6.282784209848,-0.372512177252,
    42.511371416259));
#3525 = CARTESIAN_POINT('',(5.862432836078,3.829341730785,
    42.634929126559));
#3526 = CARTESIAN_POINT('',(2.365232603106,7.204617546378,
    42.758541562933));
#3527 = CARTESIAN_POINT('',(-2.923209148977,6.996834114999,
    42.882083473913));
#3528 = CARTESIAN_POINT('',(-6.144807602924,3.357575968238,
    43.005696056959));
#3529 = CARTESIAN_POINT('',(-6.234189509071,-0.864305401819,
    43.129253531838));
#3530 = CARTESIAN_POINT('',(-4.034911451319,-3.744825866069,
    43.252843973199));
#3531 = CARTESIAN_POINT('',(-1.132744594975,-4.595192033772,
    43.376419801755));
#3532 = CARTESIAN_POINT('',(1.242325567579,-3.823484960954,
    43.500000077809));
#3533 = CARTESIAN_POINT('',(3.34525,4.218847493576E-15,0.275));
#3534 = CARTESIAN_POINT('',(3.345249486491,2.077994985834,0.39857901637)
  );
#3535 = CARTESIAN_POINT('',(1.926048694202,4.156074129531,0.522161253435
    ));
#3536 = CARTESIAN_POINT('',(-0.919018630434,5.155724560111,
    0.645732908653));
#3537 = CARTESIAN_POINT('',(-4.237158466487,3.999678968744,
    0.769328436363));
#3538 = CARTESIAN_POINT('',(-6.288719426145,0.513986689049,
    0.892884057935));
#3539 = CARTESIAN_POINT('',(-5.093425925819,-3.724081931575,
    1.016490856038));
#3540 = CARTESIAN_POINT('',(-1.522967033899,-5.624205998962,
    1.140046583835));
#3541 = CARTESIAN_POINT('',(1.910277533374,-4.876157810917,
    1.263641941046));
#3542 = CARTESIAN_POINT('',(3.813765436849,-2.537280318135,
    1.387213772412));
#3543 = CARTESIAN_POINT('',(3.938044250248,-2.389344429087E-02,
    1.510795872108));
#3544 = CARTESIAN_POINT('',(1.766544722091,3.519670066656,1.757954072388
    ));
#3545 = CARTESIAN_POINT('',(-0.529316369688,4.549993366479,
    1.881536162629));
#3546 = CARTESIAN_POINT('',(-3.477450775757,3.915791975179,
    2.005108029687));
#3547 = CARTESIAN_POINT('',(-5.702598125954,1.196377655969,
    2.128703302247));
#3548 = CARTESIAN_POINT('',(-5.630571966992,-2.847601123572,
    2.252259181732));
#3549 = CARTESIAN_POINT('',(-2.397032134895,-5.836609608298,
    2.375865761471));
#3550 = CARTESIAN_POINT('',(1.640096750022,-5.591171990337,
    2.499421642549));
#3551 = CARTESIAN_POINT('',(4.176564783289,-3.159490740685,2.62301691255
    ));
#3552 = CARTESIAN_POINT('',(4.577494921771,-0.170700136142,
    2.746588782254));
#3553 = CARTESIAN_POINT('',(3.370218985683,2.037249957523,2.87017087043)
  );
#3554 = CARTESIAN_POINT('',(-0.3327955752,3.924029146282,3.11732907323)
  );
#3555 = CARTESIAN_POINT('',(-2.828681401062,3.602940047748,
    3.240911161271));
#3556 = CARTESIAN_POINT('',(-5.01100988618,1.521798474913,3.364483031487
    ));
#3557 = CARTESIAN_POINT('',(-5.487369813184,-1.959519695668,
    3.488078300268));
#3558 = CARTESIAN_POINT('',(-3.312984305797,-5.369944860442,
    3.611634183542));
#3559 = CARTESIAN_POINT('',(1.005814268457,-6.228973626412,
    3.735240760101));
#3560 = CARTESIAN_POINT('',(4.319791703293,-3.91030960648,3.858796643392
    ));
#3561 = CARTESIAN_POINT('',(5.211936260126,-0.511659599899,
    3.982391912145));
#3562 = CARTESIAN_POINT('',(3.992146598689,2.246188734551,4.105963782391
    ));
#3563 = CARTESIAN_POINT('',(1.809123891067,3.4979757214,4.229545870407)
  );
#3564 = CARTESIAN_POINT('',(-2.33405447076,3.171899645834,4.476704073239
    ));
#3565 = CARTESIAN_POINT('',(-4.294378378431,1.594029422375,
    4.600286161266));
#3566 = CARTESIAN_POINT('',(-5.067725811837,-1.320698971549,
    4.723858031478));
#3567 = CARTESIAN_POINT('',(-3.654905670894,-4.537908046809,
    4.847453300296));
#3568 = CARTESIAN_POINT('',(-1.899500077968E-02,-6.309660213107,
    4.9710091835));
#3569 = CARTESIAN_POINT('',(4.112227422587,-4.785536584919,
    5.094615760144));
#3570 = CARTESIAN_POINT('',(5.726359064879,-1.077002060719,
    5.218171643361));
#3571 = CARTESIAN_POINT('',(4.711247595992,2.286967689965,5.34176691216)
  );
#3572 = CARTESIAN_POINT('',(2.230234142153,4.001081599745,5.465338782387
    ));
#3573 = CARTESIAN_POINT('',(-0.285155602027,3.927779230478,
    5.588920870407));
#3574 = CARTESIAN_POINT('',(-3.647421599932,1.484948924399,
    5.836079073243));
#3575 = CARTESIAN_POINT('',(-4.494437571686,-0.884673030404,
    5.959661161244));
#3576 = CARTESIAN_POINT('',(-3.630883252058,-3.773960451208,
    6.083233031533));
#3577 = CARTESIAN_POINT('',(-0.745268930646,-5.778885630088,
    6.206828300204));
#3578 = CARTESIAN_POINT('',(3.280592504586,-5.389794581749,
    6.330384183615));
#3579 = CARTESIAN_POINT('',(6.006686262499,-1.931707774211,
    6.453990760036));
#3580 = CARTESIAN_POINT('',(5.445255765127,2.073719178391,6.577546643437
    ));
#3581 = CARTESIAN_POINT('',(2.822061589016,4.411580613969,6.701141912122
    ));
#3582 = CARTESIAN_POINT('',(-0.18897218767,4.576777011058,6.824713782399
    ));
#3583 = CARTESIAN_POINT('',(-2.295394129825,3.19998893584,6.948295870407
    ));
#3584 = CARTESIAN_POINT('',(-3.885821834107,-0.639645455922,
    7.195454073238));
#3585 = CARTESIAN_POINT('',(-3.369897601184,-3.102644938451,
    7.319036161275));
#3586 = CARTESIAN_POINT('',(-1.12394797371,-5.114961547244,
    7.442608031457));
#3587 = CARTESIAN_POINT('',(2.384013223829,-5.316711940003,
    7.566203300331));
#3588 = CARTESIAN_POINT('',(5.613324865408,-2.881450462953,
    7.689759183461));
#3589 = CARTESIAN_POINT('',(6.130856501518,1.491433316755,7.813365760175
    ));
#3590 = CARTESIAN_POINT('',(3.559328476222,4.613274582893,7.936921643344
    ));
#3591 = CARTESIAN_POINT('',(0.101158518134,5.236013949546,8.060516912165
    ));
#3592 = CARTESIAN_POINT('',(-2.552484696452,3.803606206094,
    8.184088782389));
#3593 = CARTESIAN_POINT('',(-3.629134854193,1.529098953896,
    8.307670870404));
#3594 = CARTESIAN_POINT('',(-2.978993934645,-2.57572373773,8.55482907325
    ));
#3595 = CARTESIAN_POINT('',(-1.252182517332,-4.406206350113,
    8.678411161209));
#3596 = CARTESIAN_POINT('',(1.714236881908,-4.948482857382,
    8.801983031621));
#3597 = CARTESIAN_POINT('',(4.81067978476,-3.287598654628,8.925578300048
    ));
#3598 = CARTESIAN_POINT('',(6.291699966882,0.476113789113,9.049134183819
    ));
#3599 = CARTESIAN_POINT('',(4.448142727818,4.475019670915,9.172740759832
    ));
#3600 = CARTESIAN_POINT('',(0.624397068682,5.793207218667,9.296296643594
    ));
#3601 = CARTESIAN_POINT('',(-2.649557957904,4.517290975091,
    9.419891912031));
#3602 = CARTESIAN_POINT('',(-4.163729754539,1.909437830324,
    9.543463782437));
#3603 = CARTESIAN_POINT('',(-3.893298147259,-0.59244656911,
    9.667045870397));
#3604 = CARTESIAN_POINT('',(-1.194197921975,-3.752685566217,
    9.914204073247));
#3605 = CARTESIAN_POINT('',(1.23457538638,-4.411172074615,
    10.037786161241));
#3606 = CARTESIAN_POINT('',(4.047202407276,-3.323588926419,
    10.16135803153));
#3607 = CARTESIAN_POINT('',(5.819544380679,-0.289565374412,
    10.284953300217));
#3608 = CARTESIAN_POINT('',(5.115787322432,3.693357941794,10.40850918359
    ));
#3609 = CARTESIAN_POINT('',(1.454473791353,6.139729698541,
    10.532115760066));
#3610 = CARTESIAN_POINT('',(-2.494556437579,5.265767727347,
    10.655671643411));
#3611 = CARTESIAN_POINT('',(-4.619397583587,2.467233489243,
    10.779266912138));
#3612 = CARTESIAN_POINT('',(-4.547841747992,-0.547479435115,
    10.902838782393));
#3613 = CARTESIAN_POINT('',(-3.010029890129,-2.539386434017,
    11.026420870408));
#3614 = CARTESIAN_POINT('',(0.942551709716,-3.823657138163,
    11.273579073238));
#3615 = CARTESIAN_POINT('',(3.357479638043,-3.116078615289,
    11.397161161273));
#3616 = CARTESIAN_POINT('',(5.187377769495,-0.719167959531,
    11.520733031459));
#3617 = CARTESIAN_POINT('',(5.1132747697,2.79380851775,11.644328300332)
  );
#3618 = CARTESIAN_POINT('',(2.432151519858,5.822096855897,
    11.767884183451));
#3619 = CARTESIAN_POINT('',(-1.96785718274,5.994940607632,
    11.891490760193));
#3620 = CARTESIAN_POINT('',(-4.87831509059,3.186402902273,
    12.015046643323));
#3621 = CARTESIAN_POINT('',(-5.227809871834,-0.309966239518,
    12.138641912182));
#3622 = CARTESIAN_POINT('',(-3.591615316406,-2.843043741413,
    12.262213782379));
#3623 = CARTESIAN_POINT('',(-1.239646613198,-3.737919163804,
    12.385795870408));
#3624 = CARTESIAN_POINT('',(2.801512811342,-2.767721735222,
    12.632954073244));
#3625 = CARTESIAN_POINT('',(4.490868594427,-0.902615490726,
    12.756536161239));
#3626 = CARTESIAN_POINT('',(4.798730860591,2.097205951959,
    12.880108031545));
#3627 = CARTESIAN_POINT('',(2.900022499413,5.053792081956,
    13.003703300186));
#3628 = CARTESIAN_POINT('',(-0.968287179217,6.234949298351,
    13.127259183632));
#3629 = CARTESIAN_POINT('',(-4.810221934772,4.083324591475,
    13.250865760024));
#3630 = CARTESIAN_POINT('',(-5.824338323639,0.167942461202,
    13.374421643443));
#3631 = CARTESIAN_POINT('',(-4.295483753089,-2.995812820035,
    13.49801691212));
#3632 = CARTESIAN_POINT('',(-1.576869199357,-4.300707130784,
    13.6215887824));
#3633 = CARTESIAN_POINT('',(0.896084906092,-3.834813586318,
    13.745170870405));
#3634 = CARTESIAN_POINT('',(3.834812978089,-0.896084292246,
    13.992329073241));
#3635 = CARTESIAN_POINT('',(4.300710234842,1.576866174549,
    14.115911161258));
#3636 = CARTESIAN_POINT('',(2.995803569849,4.295492014694,
    14.239483031493));
#3637 = CARTESIAN_POINT('',(-0.16792344866,5.824323704936,
    14.363078300277));
#3638 = CARTESIAN_POINT('',(-4.0833525991,4.810239533136,14.486634183517
    ));
#3639 = CARTESIAN_POINT('',(-6.234919659353,0.968272493881,
    14.610240760133));
#3640 = CARTESIAN_POINT('',(-5.05381448046,-2.900013926786,
    14.733796643366));
#3641 = CARTESIAN_POINT('',(-2.097194074584,-4.798734431005,
    14.857391912158));
#3642 = CARTESIAN_POINT('',(0.902611289793,-4.490867528237,
    14.98096378239));
#3643 = CARTESIAN_POINT('',(2.767722576409,-2.801513009208,
    15.104545870403));
#3644 = CARTESIAN_POINT('',(3.737918324473,1.239646818787,
    15.351704073251));
#3645 = CARTESIAN_POINT('',(2.843047968499,3.591614359212,
    15.475286161201));
#3646 = CARTESIAN_POINT('',(0.309954035797,5.227812082771,
    15.598858031648));
#3647 = CARTESIAN_POINT('',(-3.18637905322,4.878312560164,15.72245329999
    ));
#3648 = CARTESIAN_POINT('',(-5.994973683114,1.967857553839,
    15.846009183909));
#3649 = CARTESIAN_POINT('',(-5.82206391149,-2.432148554834,
    15.969615759727));
#3650 = CARTESIAN_POINT('',(-2.793832094752,-5.113279163497,
    16.093171643685));
#3651 = CARTESIAN_POINT('',(0.719179952162,-5.187374607883,
    16.216766911972));
#3652 = CARTESIAN_POINT('',(3.116074476339,-3.35748092394,
    16.340338782465));
#3653 = CARTESIAN_POINT('',(3.823657958772,-0.942551438908,
    16.463920870388));
#3654 = CARTESIAN_POINT('',(2.539385610954,3.010029626875,
    16.711079073258));
#3655 = CARTESIAN_POINT('',(0.547483539422,4.547843140496,
    16.834661161194));
#3656 = CARTESIAN_POINT('',(-2.467245049823,4.619393092288,
    16.958233031643));
#3657 = CARTESIAN_POINT('',(-5.265746070562,2.494566741145,
    17.081828300024));
#3658 = CARTESIAN_POINT('',(-6.139758093899,-1.454490756847,
    17.205384183836));
#3659 = CARTESIAN_POINT('',(-3.693331401318,-5.115767580914,
    17.328990759827));
#3660 = CARTESIAN_POINT('',(0.289547567488,-5.819560445966,
    17.452546643587));
#3661 = CARTESIAN_POINT('',(3.32359749987,-4.047193445422,
    17.576141912041));
#3662 = CARTESIAN_POINT('',(4.411169217461,-1.234578645385,
    17.69971378243));
#3663 = CARTESIAN_POINT('',(3.752686124406,1.194198581646,
    17.823295870401));
#3664 = CARTESIAN_POINT('',(0.59244600488,3.893297492746,18.070454073241
    ));
#3665 = CARTESIAN_POINT('',(-1.909435058394,4.163733086345,
    18.194036161271));
#3666 = CARTESIAN_POINT('',(-4.517298485441,2.649548088044,
    18.317608031457));
#3667 = CARTESIAN_POINT('',(-5.793194136773,-0.624376967791,
    18.441203300342));
#3668 = CARTESIAN_POINT('',(-4.475035017542,-4.448172029841,
    18.564759183431));
#3669 = CARTESIAN_POINT('',(-0.476101474515,-6.291669267072,
    18.688365760219));
#3670 = CARTESIAN_POINT('',(3.2875918658,-4.810702786801,18.811921643297
    ));
#3671 = CARTESIAN_POINT('',(4.948485484901,-1.714224761025,
    18.935516912202));
#3672 = CARTESIAN_POINT('',(4.406205616812,1.252178245699,
    19.059088782366));
#3673 = CARTESIAN_POINT('',(2.575723868988,2.978994788766,
    19.182670870415));
#3674 = CARTESIAN_POINT('',(-1.529099093002,3.629134001309,
    19.429829073229));
#3675 = CARTESIAN_POINT('',(-3.803605583478,2.552488985659,
    19.553411161311));
#3676 = CARTESIAN_POINT('',(-5.236015196238,-0.101170857819,
    19.676983031373));
#3677 = CARTESIAN_POINT('',(-4.613273931365,-3.55930450197,
    19.80057830047));
#3678 = CARTESIAN_POINT('',(-1.491431091675,-6.130889504375,
    19.924134183286));
#3679 = CARTESIAN_POINT('',(2.881444922243,-5.613292254981,
    20.047740760344));
#3680 = CARTESIAN_POINT('',(5.316718170168,-2.38403638358,
    20.171296643217));
#3681 = CARTESIAN_POINT('',(5.114957454378,1.123959681417,
    20.294891912239));
#3682 = CARTESIAN_POINT('',(3.102646545154,3.369893575834,
    20.418463782356));
#3683 = CARTESIAN_POINT('',(0.639645121558,3.885822630954,
    20.542045870414));
#3684 = CARTESIAN_POINT('',(-3.199988608818,2.295393329941,
    20.789204073236));
#3685 = CARTESIAN_POINT('',(-4.576778721289,0.188976170111,
    20.912786161267));
#3686 = CARTESIAN_POINT('',(-4.411575229492,-2.822072761658,
    21.036358031485));
#3687 = CARTESIAN_POINT('',(-2.073731149355,-5.44523498339,
    21.159953300275));
#3688 = CARTESIAN_POINT('',(1.931726915287,-6.006713239353,
    21.283509183535));
#3689 = CARTESIAN_POINT('',(5.389772818708,-3.280567594728,
    21.407115760104));
#3690 = CARTESIAN_POINT('',(5.778903043019,0.745252439024,
    21.530671643393));
#3691 = CARTESIAN_POINT('',(3.773950844271,3.63089109597,21.654266912144
    ));
#3692 = CARTESIAN_POINT('',(0.884676503555,4.494434979025,
    21.777838782391));
#3693 = CARTESIAN_POINT('',(-1.484949625837,3.647422104648,
    21.901420870408));
#3694 = CARTESIAN_POINT('',(-3.927778533707,0.285155090883,
    22.148579073236));
#3695 = CARTESIAN_POINT('',(-4.001085138788,-2.230231640151,
    22.272161161284));
#3696 = CARTESIAN_POINT('',(-2.286957261216,-4.711254308866,
    22.395733031423));
#3697 = CARTESIAN_POINT('',(1.076980995287,-5.726347600343,
    22.519328300411));
#3698 = CARTESIAN_POINT('',(4.785567000862,-4.11224042293,
    22.642884183323));
#3699 = CARTESIAN_POINT('',(6.30962864155,1.900486872078E-02,
    22.766490760347));
#3700 = CARTESIAN_POINT('',(4.537931510757,3.654900707756,
    22.890046643186));
#3701 = CARTESIAN_POINT('',(1.320686681767,5.067727480231,
    23.013641912273));
#3702 = CARTESIAN_POINT('',(-1.594025106326,4.294377982549,
    23.137213782335));
#3703 = CARTESIAN_POINT('',(-3.171900507631,2.3340545346,23.260795870421
    ));
#3704 = CARTESIAN_POINT('',(-3.497974860229,-1.809123962827,
    23.507954073227));
#3705 = CARTESIAN_POINT('',(-2.246193059377,-3.992146314526,
    23.63153616131));
#3706 = CARTESIAN_POINT('',(0.511671999332,-5.211936534795,
    23.755108031382));
#3707 = CARTESIAN_POINT('',(3.910285655062,-4.319792934799,
    23.878703300445));
#3708 = CARTESIAN_POINT('',(6.229006352895,-1.005809460839,
    24.002259183331));
#3709 = CARTESIAN_POINT('',(5.369912785321,3.312976223576,
    24.125865760285));
#3710 = CARTESIAN_POINT('',(1.959542295161,5.487377841232,
    24.249421643275));
#3711 = CARTESIAN_POINT('',(-1.521809825368,5.011004887356,
    24.373016912196));
#3712 = CARTESIAN_POINT('',(-3.60293616089,2.828683318643,
    24.496588782381));
#3713 = CARTESIAN_POINT('',(-3.924029914429,0.332795179339,
    24.620170870404));
#3714 = CARTESIAN_POINT('',(-2.037249185777,-3.37021859689,
    24.867329073253));
#3715 = CARTESIAN_POINT('',(0.17069630022,-4.577496939329,
    24.990911161192));
#3716 = CARTESIAN_POINT('',(3.159501456286,-4.176558538394,
    25.114483031662));
#3717 = CARTESIAN_POINT('',(5.591152212119,-1.640110315464,
    25.238078299987));
#3718 = CARTESIAN_POINT('',(5.836634999929,2.397053334914,
    25.361634183882));
#3719 = CARTESIAN_POINT('',(2.847577998272,5.63054831487,25.485240759788
    ));
#3720 = CARTESIAN_POINT('',(-1.196362581602,5.702616781027,
    25.608796643608));
#3721 = CARTESIAN_POINT('',(-3.915799040999,3.477440581281,
    25.732391912037));
#3722 = CARTESIAN_POINT('',(-4.549991054418,0.52932003686,
    25.855963782424));
#3723 = CARTESIAN_POINT('',(-3.51967051472,-1.766545461785,
    25.979545870408));
#3724 = CARTESIAN_POINT('',(2.389389907555E-02,-3.938043513883,
    26.226704073222));
#3725 = CARTESIAN_POINT('',(2.537278102189,-3.81376917088,
    26.350286161363));
#3726 = CARTESIAN_POINT('',(4.876163682914,-1.910266582334,
    26.473858031229));
#3727 = CARTESIAN_POINT('',(5.624196226597,1.522945076759,
    26.597453300728));
#3728 = CARTESIAN_POINT('',(3.724092498846,5.093457360006,
    26.721009182948));
#3729 = CARTESIAN_POINT('',(-0.513994040794,6.288687057264,
    26.844615760677));
#3730 = CARTESIAN_POINT('',(-3.999675871359,4.237182377939,
    26.968171642973));
#3731 = CARTESIAN_POINT('',(-5.155725250504,0.919006129947,
    27.091766912367));
#3732 = CARTESIAN_POINT('',(-4.156074079985,-1.926044272115,
    27.215338782316));
#3733 = CARTESIAN_POINT('',(-2.077994977855,-3.345250405095,
    27.338920870413));
#3734 = CARTESIAN_POINT('',(2.077994981826,-3.345249540959,
    27.586079073257));
#3735 = CARTESIAN_POINT('',(4.156074136035,-1.926048605873,
    27.709661161149));
#3736 = CARTESIAN_POINT('',(5.15572455143,0.919018512654,27.833233031777
    ));
#3737 = CARTESIAN_POINT('',(3.999678978356,4.237158597046,
    27.956828299783));
#3738 = CARTESIAN_POINT('',(0.513986680221,6.288719305594,
    28.080384184147));
#3739 = CARTESIAN_POINT('',(-3.7240819249,5.093426017933,28.203990759521
    ));
#3740 = CARTESIAN_POINT('',(-5.624206003046,1.522966976691,
    28.32754664382));
#3741 = CARTESIAN_POINT('',(-4.876157808968,-1.910277505594,
    28.451141911902));
#3742 = CARTESIAN_POINT('',(-2.537280318798,-3.813765446454,
    28.574713782494));
#3743 = CARTESIAN_POINT('',(-2.389344418064E-02,-3.938044248602,
    28.698295870378));
#3744 = CARTESIAN_POINT('',(3.519670066604,-1.766544722929,
    28.945454073275));
#3745 = CARTESIAN_POINT('',(4.549993366555,0.529316371091,
    29.069036161113));
#3746 = CARTESIAN_POINT('',(3.91579197509,3.477450773819,29.192608031843
    ));
#3747 = CARTESIAN_POINT('',(1.196377656029,5.702598128164,
    29.316203299685));
#3748 = CARTESIAN_POINT('',(-2.847601123553,5.630571964917,
    29.439759184264));
#3749 = CARTESIAN_POINT('',(-5.836609608401,2.397032136483,
    29.563365759417));
#3750 = CARTESIAN_POINT('',(-5.591171990206,-1.640096751,29.686921643884
    ));
#3751 = CARTESIAN_POINT('',(-3.15949074078,-4.176564782818,
    29.810516911885));
#3752 = CARTESIAN_POINT('',(-0.170700136104,-4.577494921934,
    29.934088782482));
#3753 = CARTESIAN_POINT('',(2.03724995752,-3.370218985656,
    30.057670870398));
#3754 = CARTESIAN_POINT('',(3.924029146273,0.332795575193,
    30.304829073224));
#3755 = CARTESIAN_POINT('',(3.6029400478,2.828681401038,30.428411161374)
  );
#3756 = CARTESIAN_POINT('',(1.521798474791,5.01100988626,30.55198303119)
  );
#3757 = CARTESIAN_POINT('',(-1.959519695464,5.487369813066,
    30.675578300803));
#3758 = CARTESIAN_POINT('',(-5.369944860711,3.312984305889,
    30.799134182843));
#3759 = CARTESIAN_POINT('',(-6.228973626131,-1.005814268476,
    30.922740760786));
#3760 = CARTESIAN_POINT('',(-3.91030960671,-4.319791703328,
    31.046296642886));
#3761 = CARTESIAN_POINT('',(-0.511659599759,-5.211936260088,
    31.169891912419));
#3762 = CARTESIAN_POINT('',(2.246188734493,-3.992146598704,
    31.293463782293));
#3763 = CARTESIAN_POINT('',(3.497975721409,-1.809123891066,
    31.417045870419));
#3764 = CARTESIAN_POINT('',(3.17189964584,2.33405447076,31.66420407325)
  );
#3765 = CARTESIAN_POINT('',(1.594029422331,4.294378378437,
    31.787786161172));
#3766 = CARTESIAN_POINT('',(-1.32069897144,5.067725811825,
    31.911358031741));
#3767 = CARTESIAN_POINT('',(-4.537908046985,3.654905670884,
    32.034953299812));
#3768 = CARTESIAN_POINT('',(-6.309660212894,1.89950008595E-02,
    32.158509184153));
#3769 = CARTESIAN_POINT('',(-4.785536585121,-4.112227422744,
    32.282115759475));
#3770 = CARTESIAN_POINT('',(-1.077002060565,-5.726359064702,
    32.405671643884));
#3771 = CARTESIAN_POINT('',(2.286967689869,-4.711247596119,
    32.529266911855));
#3772 = CARTESIAN_POINT('',(4.001081599791,-2.230234142098,
    32.652838782514));
#3773 = CARTESIAN_POINT('',(3.927779230463,0.285155602015,
    32.776420870377));
#3774 = CARTESIAN_POINT('',(1.484948924413,3.647421599941,
    33.023579073269));
#3775 = CARTESIAN_POINT('',(-0.884673030458,4.494437571673,
    33.147161161158));
#3776 = CARTESIAN_POINT('',(-3.773960451093,3.630883252068,
    33.270733031717));
#3777 = CARTESIAN_POINT('',(-5.77888563026,0.745268930637,
    33.394328299917));
#3778 = CARTESIAN_POINT('',(-5.389794581564,-3.280592504561,
    33.517884183953));
#3779 = CARTESIAN_POINT('',(-1.931707774356,-6.006686262548,
    33.641490759733));
#3780 = CARTESIAN_POINT('',(2.073719178475,-5.445255765067,
    33.765046643641));
#3781 = CARTESIAN_POINT('',(4.411580613933,-2.822061589058,
    33.888641912023));
#3782 = CARTESIAN_POINT('',(4.576777011068,0.188972187685,
    34.012213782428));
#3783 = CARTESIAN_POINT('',(3.199988935841,2.295394129826,
    34.135795870409));
#3784 = CARTESIAN_POINT('',(-0.639645455929,3.885821834095,
    34.382954073218));
#3785 = CARTESIAN_POINT('',(-3.102644938404,3.369897601239,
    34.506536161386));
#3786 = CARTESIAN_POINT('',(-5.114961547362,1.123947973587,
    34.630108031178));
#3787 = CARTESIAN_POINT('',(-5.31671193983,-2.384013223631,
    34.753703300805));
#3788 = CARTESIAN_POINT('',(-2.881450463109,-5.613324865658,
    34.87725918286));
#3789 = CARTESIAN_POINT('',(1.491433316829,-6.130856501265,
    35.000865760754));
#3790 = CARTESIAN_POINT('',(4.613274582898,-3.559328476425,
    35.124421642916));
#3791 = CARTESIAN_POINT('',(5.236013949516,-0.101158518007,
    35.248016912406));
#3792 = CARTESIAN_POINT('',(3.803606206112,2.552484696393,
    35.371588782289));
#3793 = CARTESIAN_POINT('',(1.529098953892,3.62913485421,35.495170870431
    ));
#3794 = CARTESIAN_POINT('',(-2.575723737728,2.978993934625,
    35.742329073219));
#3795 = CARTESIAN_POINT('',(-4.406206350099,1.252182517406,
    35.865911161335));
#3796 = CARTESIAN_POINT('',(-4.948482857429,-1.714236882064,
    35.989483031332));
#3797 = CARTESIAN_POINT('',(-3.28759865456,-4.810679784525,
    36.11307830052));
#3798 = CARTESIAN_POINT('',(0.476113789072,-6.291699967146,
    36.236634183244));
#3799 = CARTESIAN_POINT('',(4.475019670894,-4.448142727592,
    36.360240760363));
#3800 = CARTESIAN_POINT('',(5.793207218732,-0.624397068833,
    36.483796643222));
#3801 = CARTESIAN_POINT('',(4.517290975032,2.649557957983,
    36.607391912222));
#3802 = CARTESIAN_POINT('',(1.909437830351,4.163729754509,
    36.730963782372));
#3803 = CARTESIAN_POINT('',(-0.592446569113,3.893298147263,
    36.854545870403));
#3804 = CARTESIAN_POINT('',(-3.752685566221,1.19419792198,
    37.101704073258));
#3805 = CARTESIAN_POINT('',(-4.411172074599,-1.234575386415,
    37.225286161163));
#3806 = CARTESIAN_POINT('',(-3.323588926454,-4.047202407194,
    37.348858031733));
#3807 = CARTESIAN_POINT('',(-0.289565374351,-5.819544380794,
    37.472453299866));
#3808 = CARTESIAN_POINT('',(3.693357941696,-5.115787322331,
    37.596009184035));
#3809 = CARTESIAN_POINT('',(6.139729698667,-1.454473791404,
    37.719615759636));
#3810 = CARTESIAN_POINT('',(5.265767727226,2.494556437584,
    37.843171643732));
#3811 = CARTESIAN_POINT('',(2.467233489328,4.619397583594,
    37.966766911953));
#3812 = CARTESIAN_POINT('',(-0.547479435156,4.547841747991,
    38.090338782473));
#3813 = CARTESIAN_POINT('',(-2.539386434004,3.010029890126,
    38.213920870383));
#3814 = CARTESIAN_POINT('',(-3.82365713818,-0.942551709709,
    38.461079073272));
#3815 = CARTESIAN_POINT('',(-3.116078615228,-3.357479638088,
    38.584661161126));
#3816 = CARTESIAN_POINT('',(-0.719167959656,-5.187377769388,
    38.70823303181));
#3817 = CARTESIAN_POINT('',(2.793808517943,-5.113274769845,
    38.831828299745));
#3818 = CARTESIAN_POINT('',(5.822096855659,-2.432151519747,
    38.955384184183));
#3819 = CARTESIAN_POINT('',(5.994940607869,1.967857182716,
    39.078990759499));
#3820 = CARTESIAN_POINT('',(3.186402902086,4.878315090548,
    39.202546643825));
#3821 = CARTESIAN_POINT('',(-0.309966239405,5.227809871882,
    39.326141911913));
#3822 = CARTESIAN_POINT('',(-2.843043741461,3.591615316385,
    39.449713782477));
#3823 = CARTESIAN_POINT('',(-3.737919163795,1.2396466132,39.573295870393
    ));
#3824 = CARTESIAN_POINT('',(-2.767721735221,-2.80151281134,
    39.820454073242));
#3825 = CARTESIAN_POINT('',(-0.902615490748,-4.490868594431,
    39.944036161277));
#3826 = CARTESIAN_POINT('',(2.097205952015,-4.798730860584,
    40.067608031444));
#3827 = CARTESIAN_POINT('',(5.053792081869,-2.900022499422,
    40.19120330035));
#3828 = CARTESIAN_POINT('',(6.234949298447,0.968287179232,
    40.314759183447));
#3829 = CARTESIAN_POINT('',(4.0833245914,4.81022193475,40.438365760173)
  );
#3830 = CARTESIAN_POINT('',(0.167942461242,5.824338323664,40.56192164336
    ));
#3831 = CARTESIAN_POINT('',(-2.995812820043,4.295483753068,
    40.685516912148));
#3832 = CARTESIAN_POINT('',(-4.300707130791,1.576869199371,
    40.809088782399));
#3833 = CARTESIAN_POINT('',(-3.834813586307,-0.896084906098,
    40.932670870401));
#3834 = CARTESIAN_POINT('',(-0.896084292271,-3.834812978078,
    41.179829073254));
#3835 = CARTESIAN_POINT('',(1.576866174681,-4.300710234936,
    41.303411161215));
#3836 = CARTESIAN_POINT('',(4.295492014366,-2.995803569536,
    41.426983031544));
#3837 = CARTESIAN_POINT('',(5.824323705483,0.167923447982,
    41.550578300336));
#3838 = CARTESIAN_POINT('',(4.81023953245,4.08335260021,41.674134183145)
  );
#3839 = CARTESIAN_POINT('',(0.968272494581,6.234919657878,
    41.797740760978));
#3840 = CARTESIAN_POINT('',(-2.900013927411,5.053814482104,
    41.921296642097));
#3841 = CARTESIAN_POINT('',(-4.798734430492,2.097194073035,
    42.044891913571));
#3842 = CARTESIAN_POINT('',(-4.490867528614,-0.902611288571,
    42.168463781175));
#3843 = CARTESIAN_POINT('',(-2.801513008975,-2.767722577197,
    42.292045871222));
#3844 = CARTESIAN_POINT('',(1.239646818328,-3.737918322876,
    42.539204071574));
#3845 = CARTESIAN_POINT('',(3.591614361898,-2.843047977915,
    42.662786171111));
#3846 = CARTESIAN_POINT('',(5.227812075004,-0.30995400849,
    42.786358002881));
#3847 = CARTESIAN_POINT('',(4.878312576136,3.18637899691,42.909953359358
    ));
#3848 = CARTESIAN_POINT('',(1.96785752817,5.994973773857,43.033509088166
    ));
#3849 = CARTESIAN_POINT('',(-2.432148521293,5.822063792656,
    43.157115885188));
#3850 = CARTESIAN_POINT('',(-5.113279199786,2.793832223528,
    43.280671507669));
#3851 = CARTESIAN_POINT('',(-5.187374575158,-0.719180068403,
    43.404267034775));
#3852 = CARTESIAN_POINT('',(-3.357480948485,-3.116074389115,
    43.527838690311));
#3853 = CARTESIAN_POINT('',(-0.942551423765,-3.823658012586,
    43.651420927244));
#3854 = CARTESIAN_POINT('',(1.03373908648,-3.181521758202,
    43.774999943655));
#3855 = DEFINITIONAL_REPRESENTATION('',(#3856),#3859);
#3856 = B_SPLINE_CURVE_WITH_KNOTS('',1,(#3857,#3858),.UNSPECIFIED.,.F.,
  .F.,(2,2),(0.,222.93988619262),.PIECEWISE_BEZIER_KNOTS.);
#3857 = CARTESIAN_POINT('',(0.,0.));
#3858 = CARTESIAN_POINT('',(0.,222.93988619262));
#3859 = ( GEOMETRIC_REPRESENTATION_CONTEXT(2) 
PARAMETRIC_REPRESENTATION_CONTEXT() REPRESENTATION_CONTEXT('2D SPACE',''
  ) );
#3860 = ORIENTED_EDGE('',*,*,#3861,.F.);
#3861 = EDGE_CURVE('',#1219,#2876,#3862,.T.);
#3862 = SURFACE_CURVE('',#3863,(#3866,#3873),.PCURVE_S1.);
#3863 = B_SPLINE_CURVE_WITH_KNOTS('',1,(#3864,#3865),.UNSPECIFIED.,.F.,
  .F.,(2,2),(0.,0.728868986856),.PIECEWISE_BEZIER_KNOTS.);
#3864 = CARTESIAN_POINT('',(1.03373912026,-3.181521862162,
    43.224999943655));
#3865 = CARTESIAN_POINT('',(1.242325567579,-3.823484960954,
    43.500000077809));
#3866 = PCURVE('',#1546,#3867);
#3867 = DEFINITIONAL_REPRESENTATION('',(#3868),#3872);
#3868 = LINE('',#3869,#3870);
#3869 = CARTESIAN_POINT('',(0.,222.93988619262));
#3870 = VECTOR('',#3871,1.);
#3871 = DIRECTION('',(1.,0.));
#3872 = ( GEOMETRIC_REPRESENTATION_CONTEXT(2) 
PARAMETRIC_REPRESENTATION_CONTEXT() REPRESENTATION_CONTEXT('2D SPACE',''
  ) );
#3873 = PCURVE('',#3874,#3879);
#3874 = PLANE('',#3875);
#3875 = AXIS2_PLACEMENT_3D('',#3876,#3877,#3878);
#3876 = CARTESIAN_POINT('',(1.109462233993,-3.414573651323,
    43.499999992357));
#3877 = DIRECTION('',(-0.951056519662,-0.309016984012,
    -2.315222866475E-12));
#3878 = DIRECTION('',(0.309016984012,-0.951056519662,0.));
#3879 = DEFINITIONAL_REPRESENTATION('',(#3880),#3883);
#3880 = B_SPLINE_CURVE_WITH_KNOTS('',1,(#3881,#3882),.UNSPECIFIED.,.F.,
  .F.,(2,2),(0.,0.728868986856),.PIECEWISE_BEZIER_KNOTS.);
#3881 = CARTESIAN_POINT('',(-0.245045151726,-0.275000048702));
#3882 = CARTESIAN_POINT('',(0.429954793619,8.545185181674E-08));
#3883 = ( GEOMETRIC_REPRESENTATION_CONTEXT(2) 
PARAMETRIC_REPRESENTATION_CONTEXT() REPRESENTATION_CONTEXT('2D SPACE',''
  ) );
#3884 = ADVANCED_FACE('',(#3885),#3210,.F.);
#3885 = FACE_BOUND('',#3886,.F.);
#3886 = EDGE_LOOP('',(#3887,#3888,#3909,#4250));
#3887 = ORIENTED_EDGE('',*,*,#2875,.F.);
#3888 = ORIENTED_EDGE('',*,*,#3889,.T.);
#3889 = EDGE_CURVE('',#2850,#3890,#3892,.T.);
#3890 = VERTEX_POINT('',#3891);
#3891 = CARTESIAN_POINT('',(3.34525,-2.6645352591E-15,0.275));
#3892 = SURFACE_CURVE('',#3893,(#3896,#3903),.PCURVE_S1.);
#3893 = B_SPLINE_CURVE_WITH_KNOTS('',1,(#3894,#3895),.UNSPECIFIED.,.F.,
  .F.,(2,2),(0.,0.728868986856),.PIECEWISE_BEZIER_KNOTS.);
#3894 = CARTESIAN_POINT('',(4.02025,-2.886579864025E-15,0.));
#3895 = CARTESIAN_POINT('',(3.34525,4.218847493576E-15,0.275));
#3896 = PCURVE('',#3210,#3897);
#3897 = DEFINITIONAL_REPRESENTATION('',(#3898),#3902);
#3898 = LINE('',#3899,#3900);
#3899 = CARTESIAN_POINT('',(0.,0.));
#3900 = VECTOR('',#3901,1.);
#3901 = DIRECTION('',(1.,0.));
#3902 = ( GEOMETRIC_REPRESENTATION_CONTEXT(2) 
PARAMETRIC_REPRESENTATION_CONTEXT() REPRESENTATION_CONTEXT('2D SPACE',''
  ) );
#3903 = PCURVE('',#2864,#3904);
#3904 = DEFINITIONAL_REPRESENTATION('',(#3905),#3908);
#3905 = B_SPLINE_CURVE_WITH_KNOTS('',1,(#3906,#3907),.UNSPECIFIED.,.F.,
  .F.,(2,2),(0.,0.728868986856),.PIECEWISE_BEZIER_KNOTS.);
#3906 = CARTESIAN_POINT('',(-0.429954793619,-3.663439967988E-16));
#3907 = CARTESIAN_POINT('',(0.245045206381,-0.275));
#3908 = ( GEOMETRIC_REPRESENTATION_CONTEXT(2) 
PARAMETRIC_REPRESENTATION_CONTEXT() REPRESENTATION_CONTEXT('2D SPACE',''
  ) );
#3909 = ORIENTED_EDGE('',*,*,#3910,.T.);
#3910 = EDGE_CURVE('',#3890,#3911,#3913,.T.);
#3911 = VERTEX_POINT('',#3912);
#3912 = CARTESIAN_POINT('',(1.03373908648,-3.181521758202,
    43.774999943655));
#3913 = SURFACE_CURVE('',#3914,(#4237,#4244),.PCURVE_S1.);
#3914 = B_SPLINE_CURVE_WITH_KNOTS('',11,(#3915,#3916,#3917,#3918,#3919,
    #3920,#3921,#3922,#3923,#3924,#3925,#3926,#3927,#3928,#3929,#3930,
    #3931,#3932,#3933,#3934,#3935,#3936,#3937,#3938,#3939,#3940,#3941,
    #3942,#3943,#3944,#3945,#3946,#3947,#3948,#3949,#3950,#3951,#3952,
    #3953,#3954,#3955,#3956,#3957,#3958,#3959,#3960,#3961,#3962,#3963,
    #3964,#3965,#3966,#3967,#3968,#3969,#3970,#3971,#3972,#3973,#3974,
    #3975,#3976,#3977,#3978,#3979,#3980,#3981,#3982,#3983,#3984,#3985,
    #3986,#3987,#3988,#3989,#3990,#3991,#3992,#3993,#3994,#3995,#3996,
    #3997,#3998,#3999,#4000,#4001,#4002,#4003,#4004,#4005,#4006,#4007,
    #4008,#4009,#4010,#4011,#4012,#4013,#4014,#4015,#4016,#4017,#4018,
    #4019,#4020,#4021,#4022,#4023,#4024,#4025,#4026,#4027,#4028,#4029,
    #4030,#4031,#4032,#4033,#4034,#4035,#4036,#4037,#4038,#4039,#4040,
    #4041,#4042,#4043,#4044,#4045,#4046,#4047,#4048,#4049,#4050,#4051,
    #4052,#4053,#4054,#4055,#4056,#4057,#4058,#4059,#4060,#4061,#4062,
    #4063,#4064,#4065,#4066,#4067,#4068,#4069,#4070,#4071,#4072,#4073,
    #4074,#4075,#4076,#4077,#4078,#4079,#4080,#4081,#4082,#4083,#4084,
    #4085,#4086,#4087,#4088,#4089,#4090,#4091,#4092,#4093,#4094,#4095,
    #4096,#4097,#4098,#4099,#4100,#4101,#4102,#4103,#4104,#4105,#4106,
    #4107,#4108,#4109,#4110,#4111,#4112,#4113,#4114,#4115,#4116,#4117,
    #4118,#4119,#4120,#4121,#4122,#4123,#4124,#4125,#4126,#4127,#4128,
    #4129,#4130,#4131,#4132,#4133,#4134,#4135,#4136,#4137,#4138,#4139,
    #4140,#4141,#4142,#4143,#4144,#4145,#4146,#4147,#4148,#4149,#4150,
    #4151,#4152,#4153,#4154,#4155,#4156,#4157,#4158,#4159,#4160,#4161,
    #4162,#4163,#4164,#4165,#4166,#4167,#4168,#4169,#4170,#4171,#4172,
    #4173,#4174,#4175,#4176,#4177,#4178,#4179,#4180,#4181,#4182,#4183,
    #4184,#4185,#4186,#4187,#4188,#4189,#4190,#4191,#4192,#4193,#4194,
    #4195,#4196,#4197,#4198,#4199,#4200,#4201,#4202,#4203,#4204,#4205,
    #4206,#4207,#4208,#4209,#4210,#4211,#4212,#4213,#4214,#4215,#4216,
    #4217,#4218,#4219,#4220,#4221,#4222,#4223,#4224,#4225,#4226,#4227,
    #4228,#4229,#4230,#4231,#4232,#4233,#4234,#4235,#4236),
  .UNSPECIFIED.,.F.,.F.,(12,10,10,10,10,10,10,10,10,10,10,10,10,10,10,10
    ,10,10,10,10,10,10,10,10,10,10,10,10,10,10,10,10,12),(0.,
    6.96687144352,13.933742887039,20.900614330559,27.867485774078,
    34.834357217598,41.801228661117,48.768100104637,55.734971548156,
    62.701842991676,69.668714435196,76.635585878715,83.602457322235,
    90.569328765754,97.536200209274,104.50307165279,111.46994309631,
    118.43681453983,125.40368598335,132.37055742687,139.33742887039,
    146.30430031391,153.27117175743,160.23804320095,167.20491464446,
    174.17178608798,181.1386575315,188.10552897502,195.07240041854,
    202.03927186206,209.00614330558,215.9730147491,222.93988619262),
  .UNSPECIFIED.);
#3915 = CARTESIAN_POINT('',(3.34525,4.218847493576E-15,0.275));
#3916 = CARTESIAN_POINT('',(3.345249486491,2.077994985834,0.39857901637)
  );
#3917 = CARTESIAN_POINT('',(1.926048694202,4.156074129531,0.522161253435
    ));
#3918 = CARTESIAN_POINT('',(-0.919018630434,5.155724560111,
    0.645732908653));
#3919 = CARTESIAN_POINT('',(-4.237158466487,3.999678968744,
    0.769328436363));
#3920 = CARTESIAN_POINT('',(-6.288719426145,0.513986689049,
    0.892884057935));
#3921 = CARTESIAN_POINT('',(-5.093425925819,-3.724081931575,
    1.016490856038));
#3922 = CARTESIAN_POINT('',(-1.522967033899,-5.624205998962,
    1.140046583835));
#3923 = CARTESIAN_POINT('',(1.910277533374,-4.876157810917,
    1.263641941046));
#3924 = CARTESIAN_POINT('',(3.813765436849,-2.537280318135,
    1.387213772412));
#3925 = CARTESIAN_POINT('',(3.938044250248,-2.389344429087E-02,
    1.510795872108));
#3926 = CARTESIAN_POINT('',(1.766544722091,3.519670066656,1.757954072388
    ));
#3927 = CARTESIAN_POINT('',(-0.529316369688,4.549993366479,
    1.881536162629));
#3928 = CARTESIAN_POINT('',(-3.477450775757,3.915791975179,
    2.005108029687));
#3929 = CARTESIAN_POINT('',(-5.702598125954,1.196377655969,
    2.128703302247));
#3930 = CARTESIAN_POINT('',(-5.630571966992,-2.847601123572,
    2.252259181732));
#3931 = CARTESIAN_POINT('',(-2.397032134895,-5.836609608298,
    2.375865761471));
#3932 = CARTESIAN_POINT('',(1.640096750022,-5.591171990337,
    2.499421642549));
#3933 = CARTESIAN_POINT('',(4.176564783289,-3.159490740685,2.62301691255
    ));
#3934 = CARTESIAN_POINT('',(4.577494921771,-0.170700136142,
    2.746588782254));
#3935 = CARTESIAN_POINT('',(3.370218985683,2.037249957523,2.87017087043)
  );
#3936 = CARTESIAN_POINT('',(-0.3327955752,3.924029146282,3.11732907323)
  );
#3937 = CARTESIAN_POINT('',(-2.828681401062,3.602940047748,
    3.240911161271));
#3938 = CARTESIAN_POINT('',(-5.01100988618,1.521798474913,3.364483031487
    ));
#3939 = CARTESIAN_POINT('',(-5.487369813184,-1.959519695668,
    3.488078300268));
#3940 = CARTESIAN_POINT('',(-3.312984305797,-5.369944860442,
    3.611634183542));
#3941 = CARTESIAN_POINT('',(1.005814268457,-6.228973626412,
    3.735240760101));
#3942 = CARTESIAN_POINT('',(4.319791703293,-3.91030960648,3.858796643392
    ));
#3943 = CARTESIAN_POINT('',(5.211936260126,-0.511659599899,
    3.982391912145));
#3944 = CARTESIAN_POINT('',(3.992146598689,2.246188734551,4.105963782391
    ));
#3945 = CARTESIAN_POINT('',(1.809123891067,3.4979757214,4.229545870407)
  );
#3946 = CARTESIAN_POINT('',(-2.33405447076,3.171899645834,4.476704073239
    ));
#3947 = CARTESIAN_POINT('',(-4.294378378431,1.594029422375,
    4.600286161266));
#3948 = CARTESIAN_POINT('',(-5.067725811837,-1.320698971549,
    4.723858031478));
#3949 = CARTESIAN_POINT('',(-3.654905670894,-4.537908046809,
    4.847453300296));
#3950 = CARTESIAN_POINT('',(-1.899500077968E-02,-6.309660213107,
    4.9710091835));
#3951 = CARTESIAN_POINT('',(4.112227422587,-4.785536584919,
    5.094615760144));
#3952 = CARTESIAN_POINT('',(5.726359064879,-1.077002060719,
    5.218171643361));
#3953 = CARTESIAN_POINT('',(4.711247595992,2.286967689965,5.34176691216)
  );
#3954 = CARTESIAN_POINT('',(2.230234142153,4.001081599745,5.465338782387
    ));
#3955 = CARTESIAN_POINT('',(-0.285155602027,3.927779230478,
    5.588920870407));
#3956 = CARTESIAN_POINT('',(-3.647421599932,1.484948924399,
    5.836079073243));
#3957 = CARTESIAN_POINT('',(-4.494437571686,-0.884673030404,
    5.959661161244));
#3958 = CARTESIAN_POINT('',(-3.630883252058,-3.773960451208,
    6.083233031533));
#3959 = CARTESIAN_POINT('',(-0.745268930646,-5.778885630088,
    6.206828300204));
#3960 = CARTESIAN_POINT('',(3.280592504586,-5.389794581749,
    6.330384183615));
#3961 = CARTESIAN_POINT('',(6.006686262499,-1.931707774211,
    6.453990760036));
#3962 = CARTESIAN_POINT('',(5.445255765127,2.073719178391,6.577546643437
    ));
#3963 = CARTESIAN_POINT('',(2.822061589016,4.411580613969,6.701141912122
    ));
#3964 = CARTESIAN_POINT('',(-0.18897218767,4.576777011058,6.824713782399
    ));
#3965 = CARTESIAN_POINT('',(-2.295394129825,3.19998893584,6.948295870407
    ));
#3966 = CARTESIAN_POINT('',(-3.885821834107,-0.639645455922,
    7.195454073238));
#3967 = CARTESIAN_POINT('',(-3.369897601184,-3.102644938451,
    7.319036161275));
#3968 = CARTESIAN_POINT('',(-1.12394797371,-5.114961547244,
    7.442608031457));
#3969 = CARTESIAN_POINT('',(2.384013223829,-5.316711940003,
    7.566203300331));
#3970 = CARTESIAN_POINT('',(5.613324865408,-2.881450462953,
    7.689759183461));
#3971 = CARTESIAN_POINT('',(6.130856501518,1.491433316755,7.813365760175
    ));
#3972 = CARTESIAN_POINT('',(3.559328476222,4.613274582893,7.936921643344
    ));
#3973 = CARTESIAN_POINT('',(0.101158518134,5.236013949546,8.060516912165
    ));
#3974 = CARTESIAN_POINT('',(-2.552484696452,3.803606206094,
    8.184088782389));
#3975 = CARTESIAN_POINT('',(-3.629134854193,1.529098953896,
    8.307670870404));
#3976 = CARTESIAN_POINT('',(-2.978993934645,-2.57572373773,8.55482907325
    ));
#3977 = CARTESIAN_POINT('',(-1.252182517332,-4.406206350113,
    8.678411161209));
#3978 = CARTESIAN_POINT('',(1.714236881908,-4.948482857382,
    8.801983031621));
#3979 = CARTESIAN_POINT('',(4.81067978476,-3.287598654628,8.925578300048
    ));
#3980 = CARTESIAN_POINT('',(6.291699966882,0.476113789113,9.049134183819
    ));
#3981 = CARTESIAN_POINT('',(4.448142727818,4.475019670915,9.172740759832
    ));
#3982 = CARTESIAN_POINT('',(0.624397068682,5.793207218667,9.296296643594
    ));
#3983 = CARTESIAN_POINT('',(-2.649557957904,4.517290975091,
    9.419891912031));
#3984 = CARTESIAN_POINT('',(-4.163729754539,1.909437830324,
    9.543463782437));
#3985 = CARTESIAN_POINT('',(-3.893298147259,-0.59244656911,
    9.667045870397));
#3986 = CARTESIAN_POINT('',(-1.194197921975,-3.752685566217,
    9.914204073247));
#3987 = CARTESIAN_POINT('',(1.23457538638,-4.411172074615,
    10.037786161241));
#3988 = CARTESIAN_POINT('',(4.047202407276,-3.323588926419,
    10.16135803153));
#3989 = CARTESIAN_POINT('',(5.819544380679,-0.289565374412,
    10.284953300217));
#3990 = CARTESIAN_POINT('',(5.115787322432,3.693357941794,10.40850918359
    ));
#3991 = CARTESIAN_POINT('',(1.454473791353,6.139729698541,
    10.532115760066));
#3992 = CARTESIAN_POINT('',(-2.494556437579,5.265767727347,
    10.655671643411));
#3993 = CARTESIAN_POINT('',(-4.619397583587,2.467233489243,
    10.779266912138));
#3994 = CARTESIAN_POINT('',(-4.547841747992,-0.547479435115,
    10.902838782393));
#3995 = CARTESIAN_POINT('',(-3.010029890129,-2.539386434017,
    11.026420870408));
#3996 = CARTESIAN_POINT('',(0.942551709716,-3.823657138163,
    11.273579073238));
#3997 = CARTESIAN_POINT('',(3.357479638043,-3.116078615289,
    11.397161161273));
#3998 = CARTESIAN_POINT('',(5.187377769495,-0.719167959531,
    11.520733031459));
#3999 = CARTESIAN_POINT('',(5.1132747697,2.79380851775,11.644328300332)
  );
#4000 = CARTESIAN_POINT('',(2.432151519858,5.822096855897,
    11.767884183451));
#4001 = CARTESIAN_POINT('',(-1.96785718274,5.994940607632,
    11.891490760193));
#4002 = CARTESIAN_POINT('',(-4.87831509059,3.186402902273,
    12.015046643323));
#4003 = CARTESIAN_POINT('',(-5.227809871834,-0.309966239518,
    12.138641912182));
#4004 = CARTESIAN_POINT('',(-3.591615316406,-2.843043741413,
    12.262213782379));
#4005 = CARTESIAN_POINT('',(-1.239646613198,-3.737919163804,
    12.385795870408));
#4006 = CARTESIAN_POINT('',(2.801512811342,-2.767721735222,
    12.632954073244));
#4007 = CARTESIAN_POINT('',(4.490868594427,-0.902615490726,
    12.756536161239));
#4008 = CARTESIAN_POINT('',(4.798730860591,2.097205951959,
    12.880108031545));
#4009 = CARTESIAN_POINT('',(2.900022499413,5.053792081956,
    13.003703300186));
#4010 = CARTESIAN_POINT('',(-0.968287179217,6.234949298351,
    13.127259183632));
#4011 = CARTESIAN_POINT('',(-4.810221934772,4.083324591475,
    13.250865760024));
#4012 = CARTESIAN_POINT('',(-5.824338323639,0.167942461202,
    13.374421643443));
#4013 = CARTESIAN_POINT('',(-4.295483753089,-2.995812820035,
    13.49801691212));
#4014 = CARTESIAN_POINT('',(-1.576869199357,-4.300707130784,
    13.6215887824));
#4015 = CARTESIAN_POINT('',(0.896084906092,-3.834813586318,
    13.745170870405));
#4016 = CARTESIAN_POINT('',(3.834812978089,-0.896084292246,
    13.992329073241));
#4017 = CARTESIAN_POINT('',(4.300710234842,1.576866174549,
    14.115911161258));
#4018 = CARTESIAN_POINT('',(2.995803569849,4.295492014694,
    14.239483031493));
#4019 = CARTESIAN_POINT('',(-0.16792344866,5.824323704936,
    14.363078300277));
#4020 = CARTESIAN_POINT('',(-4.0833525991,4.810239533136,14.486634183517
    ));
#4021 = CARTESIAN_POINT('',(-6.234919659353,0.968272493881,
    14.610240760133));
#4022 = CARTESIAN_POINT('',(-5.05381448046,-2.900013926786,
    14.733796643366));
#4023 = CARTESIAN_POINT('',(-2.097194074584,-4.798734431005,
    14.857391912158));
#4024 = CARTESIAN_POINT('',(0.902611289793,-4.490867528237,
    14.98096378239));
#4025 = CARTESIAN_POINT('',(2.767722576409,-2.801513009208,
    15.104545870403));
#4026 = CARTESIAN_POINT('',(3.737918324473,1.239646818787,
    15.351704073251));
#4027 = CARTESIAN_POINT('',(2.843047968499,3.591614359212,
    15.475286161201));
#4028 = CARTESIAN_POINT('',(0.309954035797,5.227812082771,
    15.598858031648));
#4029 = CARTESIAN_POINT('',(-3.18637905322,4.878312560164,15.72245329999
    ));
#4030 = CARTESIAN_POINT('',(-5.994973683114,1.967857553839,
    15.846009183909));
#4031 = CARTESIAN_POINT('',(-5.82206391149,-2.432148554834,
    15.969615759727));
#4032 = CARTESIAN_POINT('',(-2.793832094752,-5.113279163497,
    16.093171643685));
#4033 = CARTESIAN_POINT('',(0.719179952162,-5.187374607883,
    16.216766911972));
#4034 = CARTESIAN_POINT('',(3.116074476339,-3.35748092394,
    16.340338782465));
#4035 = CARTESIAN_POINT('',(3.823657958772,-0.942551438908,
    16.463920870388));
#4036 = CARTESIAN_POINT('',(2.539385610954,3.010029626875,
    16.711079073258));
#4037 = CARTESIAN_POINT('',(0.547483539422,4.547843140496,
    16.834661161194));
#4038 = CARTESIAN_POINT('',(-2.467245049823,4.619393092288,
    16.958233031643));
#4039 = CARTESIAN_POINT('',(-5.265746070562,2.494566741145,
    17.081828300024));
#4040 = CARTESIAN_POINT('',(-6.139758093899,-1.454490756847,
    17.205384183836));
#4041 = CARTESIAN_POINT('',(-3.693331401318,-5.115767580914,
    17.328990759827));
#4042 = CARTESIAN_POINT('',(0.289547567488,-5.819560445966,
    17.452546643587));
#4043 = CARTESIAN_POINT('',(3.32359749987,-4.047193445422,
    17.576141912041));
#4044 = CARTESIAN_POINT('',(4.411169217461,-1.234578645385,
    17.69971378243));
#4045 = CARTESIAN_POINT('',(3.752686124406,1.194198581646,
    17.823295870401));
#4046 = CARTESIAN_POINT('',(0.59244600488,3.893297492746,18.070454073241
    ));
#4047 = CARTESIAN_POINT('',(-1.909435058394,4.163733086345,
    18.194036161271));
#4048 = CARTESIAN_POINT('',(-4.517298485441,2.649548088044,
    18.317608031457));
#4049 = CARTESIAN_POINT('',(-5.793194136773,-0.624376967791,
    18.441203300342));
#4050 = CARTESIAN_POINT('',(-4.475035017542,-4.448172029841,
    18.564759183431));
#4051 = CARTESIAN_POINT('',(-0.476101474515,-6.291669267072,
    18.688365760219));
#4052 = CARTESIAN_POINT('',(3.2875918658,-4.810702786801,18.811921643297
    ));
#4053 = CARTESIAN_POINT('',(4.948485484901,-1.714224761025,
    18.935516912202));
#4054 = CARTESIAN_POINT('',(4.406205616812,1.252178245699,
    19.059088782366));
#4055 = CARTESIAN_POINT('',(2.575723868988,2.978994788766,
    19.182670870415));
#4056 = CARTESIAN_POINT('',(-1.529099093002,3.629134001309,
    19.429829073229));
#4057 = CARTESIAN_POINT('',(-3.803605583478,2.552488985659,
    19.553411161311));
#4058 = CARTESIAN_POINT('',(-5.236015196238,-0.101170857819,
    19.676983031373));
#4059 = CARTESIAN_POINT('',(-4.613273931365,-3.55930450197,
    19.80057830047));
#4060 = CARTESIAN_POINT('',(-1.491431091675,-6.130889504375,
    19.924134183286));
#4061 = CARTESIAN_POINT('',(2.881444922243,-5.613292254981,
    20.047740760344));
#4062 = CARTESIAN_POINT('',(5.316718170168,-2.38403638358,
    20.171296643217));
#4063 = CARTESIAN_POINT('',(5.114957454378,1.123959681417,
    20.294891912239));
#4064 = CARTESIAN_POINT('',(3.102646545154,3.369893575834,
    20.418463782356));
#4065 = CARTESIAN_POINT('',(0.639645121558,3.885822630954,
    20.542045870414));
#4066 = CARTESIAN_POINT('',(-3.199988608818,2.295393329941,
    20.789204073236));
#4067 = CARTESIAN_POINT('',(-4.576778721289,0.188976170111,
    20.912786161267));
#4068 = CARTESIAN_POINT('',(-4.411575229492,-2.822072761658,
    21.036358031485));
#4069 = CARTESIAN_POINT('',(-2.073731149355,-5.44523498339,
    21.159953300275));
#4070 = CARTESIAN_POINT('',(1.931726915287,-6.006713239353,
    21.283509183535));
#4071 = CARTESIAN_POINT('',(5.389772818708,-3.280567594728,
    21.407115760104));
#4072 = CARTESIAN_POINT('',(5.778903043019,0.745252439024,
    21.530671643393));
#4073 = CARTESIAN_POINT('',(3.773950844271,3.63089109597,21.654266912144
    ));
#4074 = CARTESIAN_POINT('',(0.884676503555,4.494434979025,
    21.777838782391));
#4075 = CARTESIAN_POINT('',(-1.484949625837,3.647422104648,
    21.901420870408));
#4076 = CARTESIAN_POINT('',(-3.927778533707,0.285155090883,
    22.148579073236));
#4077 = CARTESIAN_POINT('',(-4.001085138788,-2.230231640151,
    22.272161161284));
#4078 = CARTESIAN_POINT('',(-2.286957261216,-4.711254308866,
    22.395733031423));
#4079 = CARTESIAN_POINT('',(1.076980995287,-5.726347600343,
    22.519328300411));
#4080 = CARTESIAN_POINT('',(4.785567000862,-4.11224042293,
    22.642884183323));
#4081 = CARTESIAN_POINT('',(6.30962864155,1.900486872078E-02,
    22.766490760347));
#4082 = CARTESIAN_POINT('',(4.537931510757,3.654900707756,
    22.890046643186));
#4083 = CARTESIAN_POINT('',(1.320686681767,5.067727480231,
    23.013641912273));
#4084 = CARTESIAN_POINT('',(-1.594025106326,4.294377982549,
    23.137213782335));
#4085 = CARTESIAN_POINT('',(-3.171900507631,2.3340545346,23.260795870421
    ));
#4086 = CARTESIAN_POINT('',(-3.497974860229,-1.809123962827,
    23.507954073227));
#4087 = CARTESIAN_POINT('',(-2.246193059377,-3.992146314526,
    23.63153616131));
#4088 = CARTESIAN_POINT('',(0.511671999332,-5.211936534795,
    23.755108031382));
#4089 = CARTESIAN_POINT('',(3.910285655062,-4.319792934799,
    23.878703300445));
#4090 = CARTESIAN_POINT('',(6.229006352895,-1.005809460839,
    24.002259183331));
#4091 = CARTESIAN_POINT('',(5.369912785321,3.312976223576,
    24.125865760285));
#4092 = CARTESIAN_POINT('',(1.959542295161,5.487377841232,
    24.249421643275));
#4093 = CARTESIAN_POINT('',(-1.521809825368,5.011004887356,
    24.373016912196));
#4094 = CARTESIAN_POINT('',(-3.60293616089,2.828683318643,
    24.496588782381));
#4095 = CARTESIAN_POINT('',(-3.924029914429,0.332795179339,
    24.620170870404));
#4096 = CARTESIAN_POINT('',(-2.037249185777,-3.37021859689,
    24.867329073253));
#4097 = CARTESIAN_POINT('',(0.17069630022,-4.577496939329,
    24.990911161192));
#4098 = CARTESIAN_POINT('',(3.159501456286,-4.176558538394,
    25.114483031662));
#4099 = CARTESIAN_POINT('',(5.591152212119,-1.640110315464,
    25.238078299987));
#4100 = CARTESIAN_POINT('',(5.836634999929,2.397053334914,
    25.361634183882));
#4101 = CARTESIAN_POINT('',(2.847577998272,5.63054831487,25.485240759788
    ));
#4102 = CARTESIAN_POINT('',(-1.196362581602,5.702616781027,
    25.608796643608));
#4103 = CARTESIAN_POINT('',(-3.915799040999,3.477440581281,
    25.732391912037));
#4104 = CARTESIAN_POINT('',(-4.549991054418,0.52932003686,
    25.855963782424));
#4105 = CARTESIAN_POINT('',(-3.51967051472,-1.766545461785,
    25.979545870408));
#4106 = CARTESIAN_POINT('',(2.389389907555E-02,-3.938043513883,
    26.226704073222));
#4107 = CARTESIAN_POINT('',(2.537278102189,-3.81376917088,
    26.350286161363));
#4108 = CARTESIAN_POINT('',(4.876163682914,-1.910266582334,
    26.473858031229));
#4109 = CARTESIAN_POINT('',(5.624196226597,1.522945076759,
    26.597453300728));
#4110 = CARTESIAN_POINT('',(3.724092498846,5.093457360006,
    26.721009182948));
#4111 = CARTESIAN_POINT('',(-0.513994040794,6.288687057264,
    26.844615760677));
#4112 = CARTESIAN_POINT('',(-3.999675871359,4.237182377939,
    26.968171642973));
#4113 = CARTESIAN_POINT('',(-5.155725250504,0.919006129947,
    27.091766912367));
#4114 = CARTESIAN_POINT('',(-4.156074079985,-1.926044272115,
    27.215338782316));
#4115 = CARTESIAN_POINT('',(-2.077994977855,-3.345250405095,
    27.338920870413));
#4116 = CARTESIAN_POINT('',(2.077994981826,-3.345249540959,
    27.586079073257));
#4117 = CARTESIAN_POINT('',(4.156074136035,-1.926048605873,
    27.709661161149));
#4118 = CARTESIAN_POINT('',(5.15572455143,0.919018512654,27.833233031777
    ));
#4119 = CARTESIAN_POINT('',(3.999678978356,4.237158597046,
    27.956828299783));
#4120 = CARTESIAN_POINT('',(0.513986680221,6.288719305594,
    28.080384184147));
#4121 = CARTESIAN_POINT('',(-3.7240819249,5.093426017933,28.203990759521
    ));
#4122 = CARTESIAN_POINT('',(-5.624206003046,1.522966976691,
    28.32754664382));
#4123 = CARTESIAN_POINT('',(-4.876157808968,-1.910277505594,
    28.451141911902));
#4124 = CARTESIAN_POINT('',(-2.537280318798,-3.813765446454,
    28.574713782494));
#4125 = CARTESIAN_POINT('',(-2.389344418064E-02,-3.938044248602,
    28.698295870378));
#4126 = CARTESIAN_POINT('',(3.519670066604,-1.766544722929,
    28.945454073275));
#4127 = CARTESIAN_POINT('',(4.549993366555,0.529316371091,
    29.069036161113));
#4128 = CARTESIAN_POINT('',(3.91579197509,3.477450773819,29.192608031843
    ));
#4129 = CARTESIAN_POINT('',(1.196377656029,5.702598128164,
    29.316203299685));
#4130 = CARTESIAN_POINT('',(-2.847601123553,5.630571964917,
    29.439759184264));
#4131 = CARTESIAN_POINT('',(-5.836609608401,2.397032136483,
    29.563365759417));
#4132 = CARTESIAN_POINT('',(-5.591171990206,-1.640096751,29.686921643884
    ));
#4133 = CARTESIAN_POINT('',(-3.15949074078,-4.176564782818,
    29.810516911885));
#4134 = CARTESIAN_POINT('',(-0.170700136104,-4.577494921934,
    29.934088782482));
#4135 = CARTESIAN_POINT('',(2.03724995752,-3.370218985656,
    30.057670870398));
#4136 = CARTESIAN_POINT('',(3.924029146273,0.332795575193,
    30.304829073224));
#4137 = CARTESIAN_POINT('',(3.6029400478,2.828681401038,30.428411161374)
  );
#4138 = CARTESIAN_POINT('',(1.521798474791,5.01100988626,30.55198303119)
  );
#4139 = CARTESIAN_POINT('',(-1.959519695464,5.487369813066,
    30.675578300803));
#4140 = CARTESIAN_POINT('',(-5.369944860711,3.312984305889,
    30.799134182843));
#4141 = CARTESIAN_POINT('',(-6.228973626131,-1.005814268476,
    30.922740760786));
#4142 = CARTESIAN_POINT('',(-3.91030960671,-4.319791703328,
    31.046296642886));
#4143 = CARTESIAN_POINT('',(-0.511659599759,-5.211936260088,
    31.169891912419));
#4144 = CARTESIAN_POINT('',(2.246188734493,-3.992146598704,
    31.293463782293));
#4145 = CARTESIAN_POINT('',(3.497975721409,-1.809123891066,
    31.417045870419));
#4146 = CARTESIAN_POINT('',(3.17189964584,2.33405447076,31.66420407325)
  );
#4147 = CARTESIAN_POINT('',(1.594029422331,4.294378378437,
    31.787786161172));
#4148 = CARTESIAN_POINT('',(-1.32069897144,5.067725811825,
    31.911358031741));
#4149 = CARTESIAN_POINT('',(-4.537908046985,3.654905670884,
    32.034953299812));
#4150 = CARTESIAN_POINT('',(-6.309660212894,1.89950008595E-02,
    32.158509184153));
#4151 = CARTESIAN_POINT('',(-4.785536585121,-4.112227422744,
    32.282115759475));
#4152 = CARTESIAN_POINT('',(-1.077002060565,-5.726359064702,
    32.405671643884));
#4153 = CARTESIAN_POINT('',(2.286967689869,-4.711247596119,
    32.529266911855));
#4154 = CARTESIAN_POINT('',(4.001081599791,-2.230234142098,
    32.652838782514));
#4155 = CARTESIAN_POINT('',(3.927779230463,0.285155602015,
    32.776420870377));
#4156 = CARTESIAN_POINT('',(1.484948924413,3.647421599941,
    33.023579073269));
#4157 = CARTESIAN_POINT('',(-0.884673030458,4.494437571673,
    33.147161161158));
#4158 = CARTESIAN_POINT('',(-3.773960451093,3.630883252068,
    33.270733031717));
#4159 = CARTESIAN_POINT('',(-5.77888563026,0.745268930637,
    33.394328299917));
#4160 = CARTESIAN_POINT('',(-5.389794581564,-3.280592504561,
    33.517884183953));
#4161 = CARTESIAN_POINT('',(-1.931707774356,-6.006686262548,
    33.641490759733));
#4162 = CARTESIAN_POINT('',(2.073719178475,-5.445255765067,
    33.765046643641));
#4163 = CARTESIAN_POINT('',(4.411580613933,-2.822061589058,
    33.888641912023));
#4164 = CARTESIAN_POINT('',(4.576777011068,0.188972187685,
    34.012213782428));
#4165 = CARTESIAN_POINT('',(3.199988935841,2.295394129826,
    34.135795870409));
#4166 = CARTESIAN_POINT('',(-0.639645455929,3.885821834095,
    34.382954073218));
#4167 = CARTESIAN_POINT('',(-3.102644938404,3.369897601239,
    34.506536161386));
#4168 = CARTESIAN_POINT('',(-5.114961547362,1.123947973587,
    34.630108031178));
#4169 = CARTESIAN_POINT('',(-5.31671193983,-2.384013223631,
    34.753703300805));
#4170 = CARTESIAN_POINT('',(-2.881450463109,-5.613324865658,
    34.87725918286));
#4171 = CARTESIAN_POINT('',(1.491433316829,-6.130856501265,
    35.000865760754));
#4172 = CARTESIAN_POINT('',(4.613274582898,-3.559328476425,
    35.124421642916));
#4173 = CARTESIAN_POINT('',(5.236013949516,-0.101158518007,
    35.248016912406));
#4174 = CARTESIAN_POINT('',(3.803606206112,2.552484696393,
    35.371588782289));
#4175 = CARTESIAN_POINT('',(1.529098953892,3.62913485421,35.495170870431
    ));
#4176 = CARTESIAN_POINT('',(-2.575723737728,2.978993934625,
    35.742329073219));
#4177 = CARTESIAN_POINT('',(-4.406206350099,1.252182517406,
    35.865911161335));
#4178 = CARTESIAN_POINT('',(-4.948482857429,-1.714236882064,
    35.989483031332));
#4179 = CARTESIAN_POINT('',(-3.28759865456,-4.810679784525,
    36.11307830052));
#4180 = CARTESIAN_POINT('',(0.476113789072,-6.291699967146,
    36.236634183244));
#4181 = CARTESIAN_POINT('',(4.475019670894,-4.448142727592,
    36.360240760363));
#4182 = CARTESIAN_POINT('',(5.793207218732,-0.624397068833,
    36.483796643222));
#4183 = CARTESIAN_POINT('',(4.517290975032,2.649557957983,
    36.607391912222));
#4184 = CARTESIAN_POINT('',(1.909437830351,4.163729754509,
    36.730963782372));
#4185 = CARTESIAN_POINT('',(-0.592446569113,3.893298147263,
    36.854545870403));
#4186 = CARTESIAN_POINT('',(-3.752685566221,1.19419792198,
    37.101704073258));
#4187 = CARTESIAN_POINT('',(-4.411172074599,-1.234575386415,
    37.225286161163));
#4188 = CARTESIAN_POINT('',(-3.323588926454,-4.047202407194,
    37.348858031733));
#4189 = CARTESIAN_POINT('',(-0.289565374351,-5.819544380794,
    37.472453299866));
#4190 = CARTESIAN_POINT('',(3.693357941696,-5.115787322331,
    37.596009184035));
#4191 = CARTESIAN_POINT('',(6.139729698667,-1.454473791404,
    37.719615759636));
#4192 = CARTESIAN_POINT('',(5.265767727226,2.494556437584,
    37.843171643732));
#4193 = CARTESIAN_POINT('',(2.467233489328,4.619397583594,
    37.966766911953));
#4194 = CARTESIAN_POINT('',(-0.547479435156,4.547841747991,
    38.090338782473));
#4195 = CARTESIAN_POINT('',(-2.539386434004,3.010029890126,
    38.213920870383));
#4196 = CARTESIAN_POINT('',(-3.82365713818,-0.942551709709,
    38.461079073272));
#4197 = CARTESIAN_POINT('',(-3.116078615228,-3.357479638088,
    38.584661161126));
#4198 = CARTESIAN_POINT('',(-0.719167959656,-5.187377769388,
    38.70823303181));
#4199 = CARTESIAN_POINT('',(2.793808517943,-5.113274769845,
    38.831828299745));
#4200 = CARTESIAN_POINT('',(5.822096855659,-2.432151519747,
    38.955384184183));
#4201 = CARTESIAN_POINT('',(5.994940607869,1.967857182716,
    39.078990759499));
#4202 = CARTESIAN_POINT('',(3.186402902086,4.878315090548,
    39.202546643825));
#4203 = CARTESIAN_POINT('',(-0.309966239405,5.227809871882,
    39.326141911913));
#4204 = CARTESIAN_POINT('',(-2.843043741461,3.591615316385,
    39.449713782477));
#4205 = CARTESIAN_POINT('',(-3.737919163795,1.2396466132,39.573295870393
    ));
#4206 = CARTESIAN_POINT('',(-2.767721735221,-2.80151281134,
    39.820454073242));
#4207 = CARTESIAN_POINT('',(-0.902615490748,-4.490868594431,
    39.944036161277));
#4208 = CARTESIAN_POINT('',(2.097205952015,-4.798730860584,
    40.067608031444));
#4209 = CARTESIAN_POINT('',(5.053792081869,-2.900022499422,
    40.19120330035));
#4210 = CARTESIAN_POINT('',(6.234949298447,0.968287179232,
    40.314759183447));
#4211 = CARTESIAN_POINT('',(4.0833245914,4.81022193475,40.438365760173)
  );
#4212 = CARTESIAN_POINT('',(0.167942461242,5.824338323664,40.56192164336
    ));
#4213 = CARTESIAN_POINT('',(-2.995812820043,4.295483753068,
    40.685516912148));
#4214 = CARTESIAN_POINT('',(-4.300707130791,1.576869199371,
    40.809088782399));
#4215 = CARTESIAN_POINT('',(-3.834813586307,-0.896084906098,
    40.932670870401));
#4216 = CARTESIAN_POINT('',(-0.896084292271,-3.834812978078,
    41.179829073254));
#4217 = CARTESIAN_POINT('',(1.576866174681,-4.300710234936,
    41.303411161215));
#4218 = CARTESIAN_POINT('',(4.295492014366,-2.995803569536,
    41.426983031544));
#4219 = CARTESIAN_POINT('',(5.824323705483,0.167923447982,
    41.550578300336));
#4220 = CARTESIAN_POINT('',(4.81023953245,4.08335260021,41.674134183145)
  );
#4221 = CARTESIAN_POINT('',(0.968272494581,6.234919657878,
    41.797740760978));
#4222 = CARTESIAN_POINT('',(-2.900013927411,5.053814482104,
    41.921296642097));
#4223 = CARTESIAN_POINT('',(-4.798734430492,2.097194073035,
    42.044891913571));
#4224 = CARTESIAN_POINT('',(-4.490867528614,-0.902611288571,
    42.168463781175));
#4225 = CARTESIAN_POINT('',(-2.801513008975,-2.767722577197,
    42.292045871222));
#4226 = CARTESIAN_POINT('',(1.239646818328,-3.737918322876,
    42.539204071574));
#4227 = CARTESIAN_POINT('',(3.591614361898,-2.843047977915,
    42.662786171111));
#4228 = CARTESIAN_POINT('',(5.227812075004,-0.30995400849,
    42.786358002881));
#4229 = CARTESIAN_POINT('',(4.878312576136,3.18637899691,42.909953359358
    ));
#4230 = CARTESIAN_POINT('',(1.96785752817,5.994973773857,43.033509088166
    ));
#4231 = CARTESIAN_POINT('',(-2.432148521293,5.822063792656,
    43.157115885188));
#4232 = CARTESIAN_POINT('',(-5.113279199786,2.793832223528,
    43.280671507669));
#4233 = CARTESIAN_POINT('',(-5.187374575158,-0.719180068403,
    43.404267034775));
#4234 = CARTESIAN_POINT('',(-3.357480948485,-3.116074389115,
    43.527838690311));
#4235 = CARTESIAN_POINT('',(-0.942551423765,-3.823658012586,
    43.651420927244));
#4236 = CARTESIAN_POINT('',(1.03373908648,-3.181521758202,
    43.774999943655));
#4237 = PCURVE('',#3210,#4238);
#4238 = DEFINITIONAL_REPRESENTATION('',(#4239),#4243);
#4239 = LINE('',#4240,#4241);
#4240 = CARTESIAN_POINT('',(0.728868986856,0.));
#4241 = VECTOR('',#4242,1.);
#4242 = DIRECTION('',(0.,1.));
#4243 = ( GEOMETRIC_REPRESENTATION_CONTEXT(2) 
PARAMETRIC_REPRESENTATION_CONTEXT() REPRESENTATION_CONTEXT('2D SPACE',''
  ) );
#4244 = PCURVE('',#2198,#4245);
#4245 = DEFINITIONAL_REPRESENTATION('',(#4246),#4249);
#4246 = B_SPLINE_CURVE_WITH_KNOTS('',1,(#4247,#4248),.UNSPECIFIED.,.F.,
  .F.,(2,2),(0.,222.93988619262),.PIECEWISE_BEZIER_KNOTS.);
#4247 = CARTESIAN_POINT('',(0.,0.));
#4248 = CARTESIAN_POINT('',(0.,222.93988619262));
#4249 = ( GEOMETRIC_REPRESENTATION_CONTEXT(2) 
PARAMETRIC_REPRESENTATION_CONTEXT() REPRESENTATION_CONTEXT('2D SPACE',''
  ) );
#4250 = ORIENTED_EDGE('',*,*,#4251,.F.);
#4251 = EDGE_CURVE('',#2876,#3911,#4252,.T.);
#4252 = SURFACE_CURVE('',#4253,(#4256,#4263),.PCURVE_S1.);
#4253 = B_SPLINE_CURVE_WITH_KNOTS('',1,(#4254,#4255),.UNSPECIFIED.,.F.,
  .F.,(2,2),(0.,0.728868986856),.PIECEWISE_BEZIER_KNOTS.);
#4254 = CARTESIAN_POINT('',(1.242325567579,-3.823484960954,
    43.500000077809));
#4255 = CARTESIAN_POINT('',(1.03373908648,-3.181521758202,
    43.774999943655));
#4256 = PCURVE('',#3210,#4257);
#4257 = DEFINITIONAL_REPRESENTATION('',(#4258),#4262);
#4258 = LINE('',#4259,#4260);
#4259 = CARTESIAN_POINT('',(0.,222.93988619262));
#4260 = VECTOR('',#4261,1.);
#4261 = DIRECTION('',(1.,0.));
#4262 = ( GEOMETRIC_REPRESENTATION_CONTEXT(2) 
PARAMETRIC_REPRESENTATION_CONTEXT() REPRESENTATION_CONTEXT('2D SPACE',''
  ) );
#4263 = PCURVE('',#3874,#4264);
#4264 = DEFINITIONAL_REPRESENTATION('',(#4265),#4268);
#4265 = B_SPLINE_CURVE_WITH_KNOTS('',1,(#4266,#4267),.UNSPECIFIED.,.F.,
  .F.,(2,2),(0.,0.728868986856),.PIECEWISE_BEZIER_KNOTS.);
#4266 = CARTESIAN_POINT('',(0.429954793619,8.545185181674E-08));
#4267 = CARTESIAN_POINT('',(-0.245045261036,0.274999951298));
#4268 = ( GEOMETRIC_REPRESENTATION_CONTEXT(2) 
PARAMETRIC_REPRESENTATION_CONTEXT() REPRESENTATION_CONTEXT('2D SPACE',''
  ) );
#4269 = ADVANCED_FACE('',(#4270),#2198,.F.);
#4270 = FACE_BOUND('',#4271,.F.);
#4271 = EDGE_LOOP('',(#4272,#4273,#4292,#4293));
#4272 = ORIENTED_EDGE('',*,*,#3910,.F.);
#4273 = ORIENTED_EDGE('',*,*,#4274,.T.);
#4274 = EDGE_CURVE('',#3890,#1217,#4275,.T.);
#4275 = SURFACE_CURVE('',#4276,(#4279,#4286),.PCURVE_S1.);
#4276 = B_SPLINE_CURVE_WITH_KNOTS('',1,(#4277,#4278),.UNSPECIFIED.,.F.,
  .F.,(2,2),(0.,0.55),.PIECEWISE_BEZIER_KNOTS.);
#4277 = CARTESIAN_POINT('',(3.34525,-2.6645352591E-15,0.275));
#4278 = CARTESIAN_POINT('',(3.34525,-3.330669073875E-16,-0.275));
#4279 = PCURVE('',#2198,#4280);
#4280 = DEFINITIONAL_REPRESENTATION('',(#4281),#4285);
#4281 = LINE('',#4282,#4283);
#4282 = CARTESIAN_POINT('',(0.,0.));
#4283 = VECTOR('',#4284,1.);
#4284 = DIRECTION('',(1.,0.));
#4285 = ( GEOMETRIC_REPRESENTATION_CONTEXT(2) 
PARAMETRIC_REPRESENTATION_CONTEXT() REPRESENTATION_CONTEXT('2D SPACE',''
  ) );
#4286 = PCURVE('',#2864,#4287);
#4287 = DEFINITIONAL_REPRESENTATION('',(#4288),#4291);
#4288 = B_SPLINE_CURVE_WITH_KNOTS('',1,(#4289,#4290),.UNSPECIFIED.,.F.,
  .F.,(2,2),(0.,0.55),.PIECEWISE_BEZIER_KNOTS.);
#4289 = CARTESIAN_POINT('',(0.245045206381,-0.275));
#4290 = CARTESIAN_POINT('',(0.245045206381,0.275));
#4291 = ( GEOMETRIC_REPRESENTATION_CONTEXT(2) 
PARAMETRIC_REPRESENTATION_CONTEXT() REPRESENTATION_CONTEXT('2D SPACE',''
  ) );
#4292 = ORIENTED_EDGE('',*,*,#1216,.T.);
#4293 = ORIENTED_EDGE('',*,*,#4294,.F.);
#4294 = EDGE_CURVE('',#3911,#1219,#4295,.T.);
#4295 = SURFACE_CURVE('',#4296,(#4299,#4306),.PCURVE_S1.);
#4296 = B_SPLINE_CURVE_WITH_KNOTS('',1,(#4297,#4298),.UNSPECIFIED.,.F.,
  .F.,(2,2),(0.,0.55),.PIECEWISE_BEZIER_KNOTS.);
#4297 = CARTESIAN_POINT('',(1.03373908648,-3.181521758202,
    43.774999943655));
#4298 = CARTESIAN_POINT('',(1.03373912026,-3.181521862162,
    43.224999943655));
#4299 = PCURVE('',#2198,#4300);
#4300 = DEFINITIONAL_REPRESENTATION('',(#4301),#4305);
#4301 = LINE('',#4302,#4303);
#4302 = CARTESIAN_POINT('',(0.,222.93988619262));
#4303 = VECTOR('',#4304,1.);
#4304 = DIRECTION('',(1.,0.));
#4305 = ( GEOMETRIC_REPRESENTATION_CONTEXT(2) 
PARAMETRIC_REPRESENTATION_CONTEXT() REPRESENTATION_CONTEXT('2D SPACE',''
  ) );
#4306 = PCURVE('',#3874,#4307);
#4307 = DEFINITIONAL_REPRESENTATION('',(#4308),#4311);
#4308 = B_SPLINE_CURVE_WITH_KNOTS('',1,(#4309,#4310),.UNSPECIFIED.,.F.,
  .F.,(2,2),(0.,0.55),.PIECEWISE_BEZIER_KNOTS.);
#4309 = CARTESIAN_POINT('',(-0.245045261036,0.274999951298));
#4310 = CARTESIAN_POINT('',(-0.245045151726,-0.275000048702));
#4311 = ( GEOMETRIC_REPRESENTATION_CONTEXT(2) 
PARAMETRIC_REPRESENTATION_CONTEXT() REPRESENTATION_CONTEXT('2D SPACE',''
  ) );
#4312 = ADVANCED_FACE('',(#4313),#2864,.T.);
#4313 = FACE_BOUND('',#4314,.T.);
#4314 = EDGE_LOOP('',(#4315,#4316,#4317));
#4315 = ORIENTED_EDGE('',*,*,#2849,.T.);
#4316 = ORIENTED_EDGE('',*,*,#3889,.T.);
#4317 = ORIENTED_EDGE('',*,*,#4274,.T.);
#4318 = ADVANCED_FACE('',(#4319),#3874,.F.);
#4319 = FACE_BOUND('',#4320,.F.);
#4320 = EDGE_LOOP('',(#4321,#4322,#4323));
#4321 = ORIENTED_EDGE('',*,*,#3861,.T.);
#4322 = ORIENTED_EDGE('',*,*,#4251,.T.);
#4323 = ORIENTED_EDGE('',*,*,#4294,.T.);
#4324 = ( GEOMETRIC_REPRESENTATION_CONTEXT(3) 
GLOBAL_UNCERTAINTY_ASSIGNED_CONTEXT((#4328)) 
GLOBAL_UNIT_ASSIGNED_CONTEXT((#4325,#4326,#4327)) REPRESENTATION_CONTEXT
('Context #1','3D Context with UNIT and UNCERTAINTY') );
#4325 = ( LENGTH_UNIT() NAMED_UNIT(*) SI_UNIT(.MILLI.,.METRE.) );
#4326 = ( NAMED_UNIT(*) PLANE_ANGLE_UNIT() SI_UNIT($,.RADIAN.) );
#4327 = ( NAMED_UNIT(*) SI_UNIT($,.STERADIAN.) SOLID_ANGLE_UNIT() );
#4328 = UNCERTAINTY_MEASURE_WITH_UNIT(LENGTH_MEASURE(2.E-05),#4325,
  'distance_accuracy_value','confusion accuracy');
#4329 = CONTEXT_DEPENDENT_SHAPE_REPRESENTATION(#4330,#4332);
#4330 = ( REPRESENTATION_RELATIONSHIP('','',#1209,#10) 
REPRESENTATION_RELATIONSHIP_WITH_TRANSFORMATION(#4331) 
SHAPE_REPRESENTATION_RELATIONSHIP() );
#4331 = ITEM_DEFINED_TRANSFORMATION('','',#11,#19);
#4332 = PRODUCT_DEFINITION_SHAPE('Placement','Placement of an item',
  #4333);
#4333 = NEXT_ASSEMBLY_USAGE_OCCURRENCE('2','','',#5,#1204,$);
#4334 = PRODUCT_RELATED_PRODUCT_CATEGORY('part',$,(#1206));
ENDSEC;
END-ISO-10303-21;
