ISO-10303-21;
HEADER;
FILE_DESCRIPTION(('Open CASCADE Model'),'2;1');
FILE_NAME('Open CASCADE Shape Model','2026-08-17T03:09:46',('Author'),(
    'Open CASCADE'),'Open CASCADE STEP processor 7.9','Open CASCADE 7.9'
  ,'Unknown');
FILE_SCHEMA(('AUTOMOTIVE_DESIGN { 1 0 10303 214 1 1 1 1 }'));
ENDSEC;
DATA;
#1 = APPLICATION_PROTOCOL_DEFINITION('international standard',
  'automotive_design',2000,#2);
#2 = APPLICATION_CONTEXT(
  'core data for automotive mechanical design processes');
#3 = SHAPE_DEFINITION_REPRESENTATION(#4,#10);
#4 = PRODUCT_DEFINITION_SHAPE('','',#5);
#5 = PRODUCT_DEFINITION('design','',#6,#9);
#6 = PRODUCT_DEFINITION_FORMATION('','',#7);
#7 = PRODUCT('Open CASCADE STEP translator 7.9 5',
  'Open CASCADE STEP translator 7.9 5','',(#8));
#8 = PRODUCT_CONTEXT('',#2,'mechanical');
#9 = PRODUCT_DEFINITION_CONTEXT('part definition',#2,'design');
#10 = SHAPE_REPRESENTATION('',(#11,#15,#19),#23);
#11 = AXIS2_PLACEMENT_3D('',#12,#13,#14);
#12 = CARTESIAN_POINT('',(0.,0.,0.));
#13 = DIRECTION('',(0.,0.,1.));
#14 = DIRECTION('',(1.,0.,-0.));
#15 = AXIS2_PLACEMENT_3D('',#16,#17,#18);
#16 = CARTESIAN_POINT('',(0.,0.,0.));
#17 = DIRECTION('',(0.,0.,1.));
#18 = DIRECTION('',(1.,0.,-0.));
#19 = AXIS2_PLACEMENT_3D('',#20,#21,#22);
#20 = CARTESIAN_POINT('',(0.,0.,0.));
#21 = DIRECTION('',(0.,0.,1.));
#22 = DIRECTION('',(1.,0.,-0.));
#23 = ( GEOMETRIC_REPRESENTATION_CONTEXT(3) 
GLOBAL_UNCERTAINTY_ASSIGNED_CONTEXT((#27)) GLOBAL_UNIT_ASSIGNED_CONTEXT(
(#24,#25,#26)) REPRESENTATION_CONTEXT('Context #1',
  '3D Context with UNIT and UNCERTAINTY') );
#24 = ( LENGTH_UNIT() NAMED_UNIT(*) SI_UNIT(.MILLI.,.METRE.) );
#25 = ( NAMED_UNIT(*) PLANE_ANGLE_UNIT() SI_UNIT($,.RADIAN.) );
#26 = ( NAMED_UNIT(*) SI_UNIT($,.STERADIAN.) SOLID_ANGLE_UNIT() );
#27 = UNCERTAINTY_MEASURE_WITH_UNIT(LENGTH_MEASURE(1.E-05),#24,
  'distance_accuracy_value','confusion accuracy');
#28 = PRODUCT_RELATED_PRODUCT_CATEGORY('part',$,(#7));
#29 = SHAPE_DEFINITION_REPRESENTATION(#30,#36);
#30 = PRODUCT_DEFINITION_SHAPE('','',#31);
#31 = PRODUCT_DEFINITION('design','',#32,#35);
#32 = PRODUCT_DEFINITION_FORMATION('','',#33);
#33 = PRODUCT('Open CASCADE STEP translator 7.9 5.1',
  'Open CASCADE STEP translator 7.9 5.1','',(#34));
#34 = PRODUCT_CONTEXT('',#2,'mechanical');
#35 = PRODUCT_DEFINITION_CONTEXT('part definition',#2,'design');
#36 = ADVANCED_BREP_SHAPE_REPRESENTATION('',(#11,#37),#1191);
#37 = MANIFOLD_SOLID_BREP('',#38);
#38 = CLOSED_SHELL('',(#39,#424,#500,#554,#604,#653,#702,#752,#802,#851,
    #900,#950,#1000,#1027,#1082,#1097,#1132,#1187));
#39 = ADVANCED_FACE('',(#40,#393),#54,.T.);
#40 = FACE_BOUND('',#41,.T.);
#41 = EDGE_LOOP('',(#42,#77,#110,#138,#167,#195,#224,#252,#281,#309,#338
    ,#366));
#42 = ORIENTED_EDGE('',*,*,#43,.F.);
#43 = EDGE_CURVE('',#44,#46,#48,.T.);
#44 = VERTEX_POINT('',#45);
#45 = CARTESIAN_POINT('',(7.447818472546,0.1,84.4));
#46 = VERTEX_POINT('',#47);
#47 = CARTESIAN_POINT('',(3.810511776652,6.4,84.4));
#48 = SURFACE_CURVE('',#49,(#53,#65),.PCURVE_S1.);
#49 = LINE('',#50,#51);
#50 = CARTESIAN_POINT('',(7.505553499465,0.,84.4));
#51 = VECTOR('',#52,1.);
#52 = DIRECTION('',(-0.5,0.866025403784,0.));
#53 = PCURVE('',#54,#59);
#54 = PLANE('',#55);
#55 = AXIS2_PLACEMENT_3D('',#56,#57,#58);
#56 = CARTESIAN_POINT('',(-6.435012388421E-16,6.182685985047E-16,84.4));
#57 = DIRECTION('',(0.,0.,1.));
#58 = DIRECTION('',(1.,0.,-0.));
#59 = DEFINITIONAL_REPRESENTATION('',(#60),#64);
#60 = LINE('',#61,#62);
#61 = CARTESIAN_POINT('',(7.505553499465,-6.182685985047E-16));
#62 = VECTOR('',#63,1.);
#63 = DIRECTION('',(-0.5,0.866025403784));
#64 = ( GEOMETRIC_REPRESENTATION_CONTEXT(2) 
PARAMETRIC_REPRESENTATION_CONTEXT() REPRESENTATION_CONTEXT('2D SPACE',''
  ) );
#65 = PCURVE('',#66,#71);
#66 = PLANE('',#67);
#67 = AXIS2_PLACEMENT_3D('',#68,#69,#70);
#68 = CARTESIAN_POINT('',(7.505553499465,0.,84.4));
#69 = DIRECTION('',(-0.866025403784,-0.5,0.));
#70 = DIRECTION('',(-0.5,0.866025403784,0.));
#71 = DEFINITIONAL_REPRESENTATION('',(#72),#76);
#72 = LINE('',#73,#74);
#73 = CARTESIAN_POINT('',(0.,0.));
#74 = VECTOR('',#75,1.);
#75 = DIRECTION('',(1.,0.));
#76 = ( GEOMETRIC_REPRESENTATION_CONTEXT(2) 
PARAMETRIC_REPRESENTATION_CONTEXT() REPRESENTATION_CONTEXT('2D SPACE',''
  ) );
#77 = ORIENTED_EDGE('',*,*,#78,.T.);
#78 = EDGE_CURVE('',#44,#79,#81,.T.);
#79 = VERTEX_POINT('',#80);
#80 = CARTESIAN_POINT('',(7.447818472546,-1.E-01,84.4));
#81 = SURFACE_CURVE('',#82,(#87,#98),.PCURVE_S1.);
#82 = CIRCLE('',#83,0.2);
#83 = AXIS2_PLACEMENT_3D('',#84,#85,#86);
#84 = CARTESIAN_POINT('',(7.274613391789,9.39988827516E-16,84.4));
#85 = DIRECTION('',(-0.,-0.,-1.));
#86 = DIRECTION('',(0.,-1.,0.));
#87 = PCURVE('',#54,#88);
#88 = DEFINITIONAL_REPRESENTATION('',(#89),#97);
#89 = ( BOUNDED_CURVE() B_SPLINE_CURVE(2,(#90,#91,#92,#93,#94,#95,#96),
.UNSPECIFIED.,.T.,.F.) B_SPLINE_CURVE_WITH_KNOTS((1,2,2,2,2,1),(
    -2.094395102393,0.,2.094395102393,4.188790204786,6.28318530718,
8.377580409573),.UNSPECIFIED.) CURVE() GEOMETRIC_REPRESENTATION_ITEM() 
RATIONAL_B_SPLINE_CURVE((1.,0.5,1.,0.5,1.,0.5,1.)) REPRESENTATION_ITEM(
  '') );
#90 = CARTESIAN_POINT('',(7.274613391789,-0.2));
#91 = CARTESIAN_POINT('',(6.928203230276,-0.2));
#92 = CARTESIAN_POINT('',(7.101408311032,0.1));
#93 = CARTESIAN_POINT('',(7.274613391789,0.4));
#94 = CARTESIAN_POINT('',(7.447818472546,0.1));
#95 = CARTESIAN_POINT('',(7.621023553303,-0.2));
#96 = CARTESIAN_POINT('',(7.274613391789,-0.2));
#97 = ( GEOMETRIC_REPRESENTATION_CONTEXT(2) 
PARAMETRIC_REPRESENTATION_CONTEXT() REPRESENTATION_CONTEXT('2D SPACE',''
  ) );
#98 = PCURVE('',#99,#104);
#99 = CYLINDRICAL_SURFACE('',#100,0.2);
#100 = AXIS2_PLACEMENT_3D('',#101,#102,#103);
#101 = CARTESIAN_POINT('',(7.274613391789,9.39988827516E-16,84.4));
#102 = DIRECTION('',(0.,0.,1.));
#103 = DIRECTION('',(0.866025403784,0.5,-0.));
#104 = DEFINITIONAL_REPRESENTATION('',(#105),#109);
#105 = LINE('',#106,#107);
#106 = CARTESIAN_POINT('',(4.188790204786,-0.));
#107 = VECTOR('',#108,1.);
#108 = DIRECTION('',(-1.,0.));
#109 = ( GEOMETRIC_REPRESENTATION_CONTEXT(2) 
PARAMETRIC_REPRESENTATION_CONTEXT() REPRESENTATION_CONTEXT('2D SPACE',''
  ) );
#110 = ORIENTED_EDGE('',*,*,#111,.F.);
#111 = EDGE_CURVE('',#112,#79,#114,.T.);
#112 = VERTEX_POINT('',#113);
#113 = CARTESIAN_POINT('',(3.810511776652,-6.4,84.4));
#114 = SURFACE_CURVE('',#115,(#119,#126),.PCURVE_S1.);
#115 = LINE('',#116,#117);
#116 = CARTESIAN_POINT('',(3.752776749733,-6.5,84.4));
#117 = VECTOR('',#118,1.);
#118 = DIRECTION('',(0.5,0.866025403784,0.));
#119 = PCURVE('',#54,#120);
#120 = DEFINITIONAL_REPRESENTATION('',(#121),#125);
#121 = LINE('',#122,#123);
#122 = CARTESIAN_POINT('',(3.752776749733,-6.5));
#123 = VECTOR('',#124,1.);
#124 = DIRECTION('',(0.5,0.866025403784));
#125 = ( GEOMETRIC_REPRESENTATION_CONTEXT(2) 
PARAMETRIC_REPRESENTATION_CONTEXT() REPRESENTATION_CONTEXT('2D SPACE',''
  ) );
#126 = PCURVE('',#127,#132);
#127 = PLANE('',#128);
#128 = AXIS2_PLACEMENT_3D('',#129,#130,#131);
#129 = CARTESIAN_POINT('',(3.752776749733,-6.5,84.4));
#130 = DIRECTION('',(-0.866025403784,0.5,0.));
#131 = DIRECTION('',(0.5,0.866025403784,0.));
#132 = DEFINITIONAL_REPRESENTATION('',(#133),#137);
#133 = LINE('',#134,#135);
#134 = CARTESIAN_POINT('',(0.,0.));
#135 = VECTOR('',#136,1.);
#136 = DIRECTION('',(1.,0.));
#137 = ( GEOMETRIC_REPRESENTATION_CONTEXT(2) 
PARAMETRIC_REPRESENTATION_CONTEXT() REPRESENTATION_CONTEXT('2D SPACE',''
  ) );
#138 = ORIENTED_EDGE('',*,*,#139,.F.);
#139 = EDGE_CURVE('',#140,#112,#142,.T.);
#140 = VERTEX_POINT('',#141);
#141 = CARTESIAN_POINT('',(3.637306695895,-6.5,84.4));
#142 = SURFACE_CURVE('',#143,(#148,#155),.PCURVE_S1.);
#143 = CIRCLE('',#144,0.2);
#144 = AXIS2_PLACEMENT_3D('',#145,#146,#147);
#145 = CARTESIAN_POINT('',(3.637306695895,-6.3,84.4));
#146 = DIRECTION('',(0.,0.,1.));
#147 = DIRECTION('',(0.,-1.,0.));
#148 = PCURVE('',#54,#149);
#149 = DEFINITIONAL_REPRESENTATION('',(#150),#154);
#150 = CIRCLE('',#151,0.2);
#151 = AXIS2_PLACEMENT_2D('',#152,#153);
#152 = CARTESIAN_POINT('',(3.637306695895,-6.3));
#153 = DIRECTION('',(0.,-1.));
#154 = ( GEOMETRIC_REPRESENTATION_CONTEXT(2) 
PARAMETRIC_REPRESENTATION_CONTEXT() REPRESENTATION_CONTEXT('2D SPACE',''
  ) );
#155 = PCURVE('',#156,#161);
#156 = CYLINDRICAL_SURFACE('',#157,0.2);
#157 = AXIS2_PLACEMENT_3D('',#158,#159,#160);
#158 = CARTESIAN_POINT('',(3.637306695895,-6.3,84.4));
#159 = DIRECTION('',(0.,0.,1.));
#160 = DIRECTION('',(-5.916808265796E-16,-1.,0.));
#161 = DEFINITIONAL_REPRESENTATION('',(#162),#166);
#162 = LINE('',#163,#164);
#163 = CARTESIAN_POINT('',(5.916808265796E-16,0.));
#164 = VECTOR('',#165,1.);
#165 = DIRECTION('',(1.,0.));
#166 = ( GEOMETRIC_REPRESENTATION_CONTEXT(2) 
PARAMETRIC_REPRESENTATION_CONTEXT() REPRESENTATION_CONTEXT('2D SPACE',''
  ) );
#167 = ORIENTED_EDGE('',*,*,#168,.F.);
#168 = EDGE_CURVE('',#169,#140,#171,.T.);
#169 = VERTEX_POINT('',#170);
#170 = CARTESIAN_POINT('',(-3.637306695895,-6.5,84.4));
#171 = SURFACE_CURVE('',#172,(#176,#183),.PCURVE_S1.);
#172 = LINE('',#173,#174);
#173 = CARTESIAN_POINT('',(-3.752776749733,-6.5,84.4));
#174 = VECTOR('',#175,1.);
#175 = DIRECTION('',(1.,-5.916808265796E-16,0.));
#176 = PCURVE('',#54,#177);
#177 = DEFINITIONAL_REPRESENTATION('',(#178),#182);
#178 = LINE('',#179,#180);
#179 = CARTESIAN_POINT('',(-3.752776749733,-6.5));
#180 = VECTOR('',#181,1.);
#181 = DIRECTION('',(1.,-5.916808265796E-16));
#182 = ( GEOMETRIC_REPRESENTATION_CONTEXT(2) 
PARAMETRIC_REPRESENTATION_CONTEXT() REPRESENTATION_CONTEXT('2D SPACE',''
  ) );
#183 = PCURVE('',#184,#189);
#184 = PLANE('',#185);
#185 = AXIS2_PLACEMENT_3D('',#186,#187,#188);
#186 = CARTESIAN_POINT('',(-3.752776749733,-6.5,84.4));
#187 = DIRECTION('',(5.916808265796E-16,1.,-0.));
#188 = DIRECTION('',(1.,-5.916808265796E-16,0.));
#189 = DEFINITIONAL_REPRESENTATION('',(#190),#194);
#190 = LINE('',#191,#192);
#191 = CARTESIAN_POINT('',(0.,0.));
#192 = VECTOR('',#193,1.);
#193 = DIRECTION('',(1.,0.));
#194 = ( GEOMETRIC_REPRESENTATION_CONTEXT(2) 
PARAMETRIC_REPRESENTATION_CONTEXT() REPRESENTATION_CONTEXT('2D SPACE',''
  ) );
#195 = ORIENTED_EDGE('',*,*,#196,.F.);
#196 = EDGE_CURVE('',#197,#169,#199,.T.);
#197 = VERTEX_POINT('',#198);
#198 = CARTESIAN_POINT('',(-3.810511776652,-6.4,84.4));
#199 = SURFACE_CURVE('',#200,(#205,#212),.PCURVE_S1.);
#200 = CIRCLE('',#201,0.2);
#201 = AXIS2_PLACEMENT_3D('',#202,#203,#204);
#202 = CARTESIAN_POINT('',(-3.637306695895,-6.3,84.4));
#203 = DIRECTION('',(0.,0.,1.));
#204 = DIRECTION('',(0.,-1.,0.));
#205 = PCURVE('',#54,#206);
#206 = DEFINITIONAL_REPRESENTATION('',(#207),#211);
#207 = CIRCLE('',#208,0.2);
#208 = AXIS2_PLACEMENT_2D('',#209,#210);
#209 = CARTESIAN_POINT('',(-3.637306695895,-6.3));
#210 = DIRECTION('',(0.,-1.));
#211 = ( GEOMETRIC_REPRESENTATION_CONTEXT(2) 
PARAMETRIC_REPRESENTATION_CONTEXT() REPRESENTATION_CONTEXT('2D SPACE',''
  ) );
#212 = PCURVE('',#213,#218);
#213 = CYLINDRICAL_SURFACE('',#214,0.2);
#214 = AXIS2_PLACEMENT_3D('',#215,#216,#217);
#215 = CARTESIAN_POINT('',(-3.637306695895,-6.3,84.4));
#216 = DIRECTION('',(0.,0.,1.));
#217 = DIRECTION('',(-0.866025403784,-0.5,0.));
#218 = DEFINITIONAL_REPRESENTATION('',(#219),#223);
#219 = LINE('',#220,#221);
#220 = CARTESIAN_POINT('',(-5.235987755983,0.));
#221 = VECTOR('',#222,1.);
#222 = DIRECTION('',(1.,0.));
#223 = ( GEOMETRIC_REPRESENTATION_CONTEXT(2) 
PARAMETRIC_REPRESENTATION_CONTEXT() REPRESENTATION_CONTEXT('2D SPACE',''
  ) );
#224 = ORIENTED_EDGE('',*,*,#225,.F.);
#225 = EDGE_CURVE('',#226,#197,#228,.T.);
#226 = VERTEX_POINT('',#227);
#227 = CARTESIAN_POINT('',(-7.447818472546,-0.1,84.4));
#228 = SURFACE_CURVE('',#229,(#233,#240),.PCURVE_S1.);
#229 = LINE('',#230,#231);
#230 = CARTESIAN_POINT('',(-7.505553499465,9.191652068949E-16,84.4));
#231 = VECTOR('',#232,1.);
#232 = DIRECTION('',(0.5,-0.866025403784,0.));
#233 = PCURVE('',#54,#234);
#234 = DEFINITIONAL_REPRESENTATION('',(#235),#239);
#235 = LINE('',#236,#237);
#236 = CARTESIAN_POINT('',(-7.505553499465,3.008966083902E-16));
#237 = VECTOR('',#238,1.);
#238 = DIRECTION('',(0.5,-0.866025403784));
#239 = ( GEOMETRIC_REPRESENTATION_CONTEXT(2) 
PARAMETRIC_REPRESENTATION_CONTEXT() REPRESENTATION_CONTEXT('2D SPACE',''
  ) );
#240 = PCURVE('',#241,#246);
#241 = PLANE('',#242);
#242 = AXIS2_PLACEMENT_3D('',#243,#244,#245);
#243 = CARTESIAN_POINT('',(-7.505553499465,9.191652068949E-16,84.4));
#244 = DIRECTION('',(0.866025403784,0.5,-0.));
#245 = DIRECTION('',(0.5,-0.866025403784,0.));
#246 = DEFINITIONAL_REPRESENTATION('',(#247),#251);
#247 = LINE('',#248,#249);
#248 = CARTESIAN_POINT('',(0.,0.));
#249 = VECTOR('',#250,1.);
#250 = DIRECTION('',(1.,0.));
#251 = ( GEOMETRIC_REPRESENTATION_CONTEXT(2) 
PARAMETRIC_REPRESENTATION_CONTEXT() REPRESENTATION_CONTEXT('2D SPACE',''
  ) );
#252 = ORIENTED_EDGE('',*,*,#253,.F.);
#253 = EDGE_CURVE('',#254,#226,#256,.T.);
#254 = VERTEX_POINT('',#255);
#255 = CARTESIAN_POINT('',(-7.447818472546,1.E-01,84.4));
#256 = SURFACE_CURVE('',#257,(#262,#269),.PCURVE_S1.);
#257 = CIRCLE('',#258,0.2);
#258 = AXIS2_PLACEMENT_3D('',#259,#260,#261);
#259 = CARTESIAN_POINT('',(-7.274613391789,-5.100121713918E-16,84.4));
#260 = DIRECTION('',(0.,0.,1.));
#261 = DIRECTION('',(0.,-1.,0.));
#262 = PCURVE('',#54,#263);
#263 = DEFINITIONAL_REPRESENTATION('',(#264),#268);
#264 = CIRCLE('',#265,0.2);
#265 = AXIS2_PLACEMENT_2D('',#266,#267);
#266 = CARTESIAN_POINT('',(-7.274613391789,-1.128280769897E-15));
#267 = DIRECTION('',(0.,-1.));
#268 = ( GEOMETRIC_REPRESENTATION_CONTEXT(2) 
PARAMETRIC_REPRESENTATION_CONTEXT() REPRESENTATION_CONTEXT('2D SPACE',''
  ) );
#269 = PCURVE('',#270,#275);
#270 = CYLINDRICAL_SURFACE('',#271,0.2);
#271 = AXIS2_PLACEMENT_3D('',#272,#273,#274);
#272 = CARTESIAN_POINT('',(-7.274613391789,-5.100121713918E-16,84.4));
#273 = DIRECTION('',(0.,0.,1.));
#274 = DIRECTION('',(-0.866025403784,0.5,0.));
#275 = DEFINITIONAL_REPRESENTATION('',(#276),#280);
#276 = LINE('',#277,#278);
#277 = CARTESIAN_POINT('',(-4.188790204786,0.));
#278 = VECTOR('',#279,1.);
#279 = DIRECTION('',(1.,0.));
#280 = ( GEOMETRIC_REPRESENTATION_CONTEXT(2) 
PARAMETRIC_REPRESENTATION_CONTEXT() REPRESENTATION_CONTEXT('2D SPACE',''
  ) );
#281 = ORIENTED_EDGE('',*,*,#282,.F.);
#282 = EDGE_CURVE('',#283,#254,#285,.T.);
#283 = VERTEX_POINT('',#284);
#284 = CARTESIAN_POINT('',(-3.810511776652,6.4,84.4));
#285 = SURFACE_CURVE('',#286,(#290,#297),.PCURVE_S1.);
#286 = LINE('',#287,#288);
#287 = CARTESIAN_POINT('',(-3.752776749733,6.5,84.4));
#288 = VECTOR('',#289,1.);
#289 = DIRECTION('',(-0.5,-0.866025403784,0.));
#290 = PCURVE('',#54,#291);
#291 = DEFINITIONAL_REPRESENTATION('',(#292),#296);
#292 = LINE('',#293,#294);
#293 = CARTESIAN_POINT('',(-3.752776749733,6.5));
#294 = VECTOR('',#295,1.);
#295 = DIRECTION('',(-0.5,-0.866025403784));
#296 = ( GEOMETRIC_REPRESENTATION_CONTEXT(2) 
PARAMETRIC_REPRESENTATION_CONTEXT() REPRESENTATION_CONTEXT('2D SPACE',''
  ) );
#297 = PCURVE('',#298,#303);
#298 = PLANE('',#299);
#299 = AXIS2_PLACEMENT_3D('',#300,#301,#302);
#300 = CARTESIAN_POINT('',(-3.752776749733,6.5,84.4));
#301 = DIRECTION('',(0.866025403784,-0.5,0.));
#302 = DIRECTION('',(-0.5,-0.866025403784,0.));
#303 = DEFINITIONAL_REPRESENTATION('',(#304),#308);
#304 = LINE('',#305,#306);
#305 = CARTESIAN_POINT('',(0.,0.));
#306 = VECTOR('',#307,1.);
#307 = DIRECTION('',(1.,0.));
#308 = ( GEOMETRIC_REPRESENTATION_CONTEXT(2) 
PARAMETRIC_REPRESENTATION_CONTEXT() REPRESENTATION_CONTEXT('2D SPACE',''
  ) );
#309 = ORIENTED_EDGE('',*,*,#310,.F.);
#310 = EDGE_CURVE('',#311,#283,#313,.T.);
#311 = VERTEX_POINT('',#312);
#312 = CARTESIAN_POINT('',(-3.637306695895,6.5,84.4));
#313 = SURFACE_CURVE('',#314,(#319,#326),.PCURVE_S1.);
#314 = CIRCLE('',#315,0.2);
#315 = AXIS2_PLACEMENT_3D('',#316,#317,#318);
#316 = CARTESIAN_POINT('',(-3.637306695895,6.3,84.4));
#317 = DIRECTION('',(0.,0.,1.));
#318 = DIRECTION('',(0.,-1.,0.));
#319 = PCURVE('',#54,#320);
#320 = DEFINITIONAL_REPRESENTATION('',(#321),#325);
#321 = CIRCLE('',#322,0.2);
#322 = AXIS2_PLACEMENT_2D('',#323,#324);
#323 = CARTESIAN_POINT('',(-3.637306695895,6.3));
#324 = DIRECTION('',(0.,-1.));
#325 = ( GEOMETRIC_REPRESENTATION_CONTEXT(2) 
PARAMETRIC_REPRESENTATION_CONTEXT() REPRESENTATION_CONTEXT('2D SPACE',''
  ) );
#326 = PCURVE('',#327,#332);
#327 = CYLINDRICAL_SURFACE('',#328,0.2);
#328 = AXIS2_PLACEMENT_3D('',#329,#330,#331);
#329 = CARTESIAN_POINT('',(-3.637306695895,6.3,84.4));
#330 = DIRECTION('',(0.,0.,1.));
#331 = DIRECTION('',(1.183361653159E-16,1.,-0.));
#332 = DEFINITIONAL_REPRESENTATION('',(#333),#337);
#333 = LINE('',#334,#335);
#334 = CARTESIAN_POINT('',(-3.14159265359,0.));
#335 = VECTOR('',#336,1.);
#336 = DIRECTION('',(1.,0.));
#337 = ( GEOMETRIC_REPRESENTATION_CONTEXT(2) 
PARAMETRIC_REPRESENTATION_CONTEXT() REPRESENTATION_CONTEXT('2D SPACE',''
  ) );
#338 = ORIENTED_EDGE('',*,*,#339,.F.);
#339 = EDGE_CURVE('',#340,#311,#342,.T.);
#340 = VERTEX_POINT('',#341);
#341 = CARTESIAN_POINT('',(3.637306695895,6.5,84.4));
#342 = SURFACE_CURVE('',#343,(#347,#354),.PCURVE_S1.);
#343 = LINE('',#344,#345);
#344 = CARTESIAN_POINT('',(3.752776749733,6.5,84.4));
#345 = VECTOR('',#346,1.);
#346 = DIRECTION('',(-1.,1.183361653159E-16,0.));
#347 = PCURVE('',#54,#348);
#348 = DEFINITIONAL_REPRESENTATION('',(#349),#353);
#349 = LINE('',#350,#351);
#350 = CARTESIAN_POINT('',(3.752776749733,6.5));
#351 = VECTOR('',#352,1.);
#352 = DIRECTION('',(-1.,1.183361653159E-16));
#353 = ( GEOMETRIC_REPRESENTATION_CONTEXT(2) 
PARAMETRIC_REPRESENTATION_CONTEXT() REPRESENTATION_CONTEXT('2D SPACE',''
  ) );
#354 = PCURVE('',#355,#360);
#355 = PLANE('',#356);
#356 = AXIS2_PLACEMENT_3D('',#357,#358,#359);
#357 = CARTESIAN_POINT('',(3.752776749733,6.5,84.4));
#358 = DIRECTION('',(-1.183361653159E-16,-1.,0.));
#359 = DIRECTION('',(-1.,1.183361653159E-16,0.));
#360 = DEFINITIONAL_REPRESENTATION('',(#361),#365);
#361 = LINE('',#362,#363);
#362 = CARTESIAN_POINT('',(0.,0.));
#363 = VECTOR('',#364,1.);
#364 = DIRECTION('',(1.,0.));
#365 = ( GEOMETRIC_REPRESENTATION_CONTEXT(2) 
PARAMETRIC_REPRESENTATION_CONTEXT() REPRESENTATION_CONTEXT('2D SPACE',''
  ) );
#366 = ORIENTED_EDGE('',*,*,#367,.F.);
#367 = EDGE_CURVE('',#46,#340,#368,.T.);
#368 = SURFACE_CURVE('',#369,(#374,#381),.PCURVE_S1.);
#369 = CIRCLE('',#370,0.2);
#370 = AXIS2_PLACEMENT_3D('',#371,#372,#373);
#371 = CARTESIAN_POINT('',(3.637306695895,6.3,84.4));
#372 = DIRECTION('',(0.,0.,1.));
#373 = DIRECTION('',(0.,-1.,0.));
#374 = PCURVE('',#54,#375);
#375 = DEFINITIONAL_REPRESENTATION('',(#376),#380);
#376 = CIRCLE('',#377,0.2);
#377 = AXIS2_PLACEMENT_2D('',#378,#379);
#378 = CARTESIAN_POINT('',(3.637306695895,6.3));
#379 = DIRECTION('',(0.,-1.));
#380 = ( GEOMETRIC_REPRESENTATION_CONTEXT(2) 
PARAMETRIC_REPRESENTATION_CONTEXT() REPRESENTATION_CONTEXT('2D SPACE',''
  ) );
#381 = PCURVE('',#382,#387);
#382 = CYLINDRICAL_SURFACE('',#383,0.2);
#383 = AXIS2_PLACEMENT_3D('',#384,#385,#386);
#384 = CARTESIAN_POINT('',(3.637306695895,6.3,84.4));
#385 = DIRECTION('',(0.,0.,1.));
#386 = DIRECTION('',(0.866025403784,0.5,-0.));
#387 = DEFINITIONAL_REPRESENTATION('',(#388),#392);
#388 = LINE('',#389,#390);
#389 = CARTESIAN_POINT('',(-2.094395102393,0.));
#390 = VECTOR('',#391,1.);
#391 = DIRECTION('',(1.,0.));
#392 = ( GEOMETRIC_REPRESENTATION_CONTEXT(2) 
PARAMETRIC_REPRESENTATION_CONTEXT() REPRESENTATION_CONTEXT('2D SPACE',''
  ) );
#393 = FACE_BOUND('',#394,.T.);
#394 = EDGE_LOOP('',(#395));
#395 = ORIENTED_EDGE('',*,*,#396,.T.);
#396 = EDGE_CURVE('',#397,#397,#399,.T.);
#397 = VERTEX_POINT('',#398);
#398 = CARTESIAN_POINT('',(8.5,0.,84.4));
#399 = SURFACE_CURVE('',#400,(#405,#412),.PCURVE_S1.);
#400 = CIRCLE('',#401,8.5);
#401 = AXIS2_PLACEMENT_3D('',#402,#403,#404);
#402 = CARTESIAN_POINT('',(0.,0.,84.4));
#403 = DIRECTION('',(0.,0.,1.));
#404 = DIRECTION('',(1.,0.,0.));
#405 = PCURVE('',#54,#406);
#406 = DEFINITIONAL_REPRESENTATION('',(#407),#411);
#407 = CIRCLE('',#408,8.5);
#408 = AXIS2_PLACEMENT_2D('',#409,#410);
#409 = CARTESIAN_POINT('',(6.435012388421E-16,-6.182685985047E-16));
#410 = DIRECTION('',(1.,0.));
#411 = ( GEOMETRIC_REPRESENTATION_CONTEXT(2) 
PARAMETRIC_REPRESENTATION_CONTEXT() REPRESENTATION_CONTEXT('2D SPACE',''
  ) );
#412 = PCURVE('',#413,#418);
#413 = CYLINDRICAL_SURFACE('',#414,8.5);
#414 = AXIS2_PLACEMENT_3D('',#415,#416,#417);
#415 = CARTESIAN_POINT('',(0.,0.,83.));
#416 = DIRECTION('',(-0.,-0.,-1.));
#417 = DIRECTION('',(1.,0.,0.));
#418 = DEFINITIONAL_REPRESENTATION('',(#419),#423);
#419 = LINE('',#420,#421);
#420 = CARTESIAN_POINT('',(-0.,-1.4));
#421 = VECTOR('',#422,1.);
#422 = DIRECTION('',(-1.,0.));
#423 = ( GEOMETRIC_REPRESENTATION_CONTEXT(2) 
PARAMETRIC_REPRESENTATION_CONTEXT() REPRESENTATION_CONTEXT('2D SPACE',''
  ) );
#424 = ADVANCED_FACE('',(#425),#66,.F.);
#425 = FACE_BOUND('',#426,.F.);
#426 = EDGE_LOOP('',(#427,#428,#451,#479));
#427 = ORIENTED_EDGE('',*,*,#43,.F.);
#428 = ORIENTED_EDGE('',*,*,#429,.T.);
#429 = EDGE_CURVE('',#44,#430,#432,.T.);
#430 = VERTEX_POINT('',#431);
#431 = CARTESIAN_POINT('',(7.447818472546,0.1,89.7));
#432 = SURFACE_CURVE('',#433,(#437,#444),.PCURVE_S1.);
#433 = LINE('',#434,#435);
#434 = CARTESIAN_POINT('',(7.447818472546,0.1,84.4));
#435 = VECTOR('',#436,1.);
#436 = DIRECTION('',(0.,0.,1.));
#437 = PCURVE('',#66,#438);
#438 = DEFINITIONAL_REPRESENTATION('',(#439),#443);
#439 = LINE('',#440,#441);
#440 = CARTESIAN_POINT('',(0.115470053838,0.));
#441 = VECTOR('',#442,1.);
#442 = DIRECTION('',(0.,-1.));
#443 = ( GEOMETRIC_REPRESENTATION_CONTEXT(2) 
PARAMETRIC_REPRESENTATION_CONTEXT() REPRESENTATION_CONTEXT('2D SPACE',''
  ) );
#444 = PCURVE('',#99,#445);
#445 = DEFINITIONAL_REPRESENTATION('',(#446),#450);
#446 = LINE('',#447,#448);
#447 = CARTESIAN_POINT('',(-0.,0.));
#448 = VECTOR('',#449,1.);
#449 = DIRECTION('',(-0.,1.));
#450 = ( GEOMETRIC_REPRESENTATION_CONTEXT(2) 
PARAMETRIC_REPRESENTATION_CONTEXT() REPRESENTATION_CONTEXT('2D SPACE',''
  ) );
#451 = ORIENTED_EDGE('',*,*,#452,.T.);
#452 = EDGE_CURVE('',#430,#453,#455,.T.);
#453 = VERTEX_POINT('',#454);
#454 = CARTESIAN_POINT('',(3.810511776652,6.4,89.7));
#455 = SURFACE_CURVE('',#456,(#460,#467),.PCURVE_S1.);
#456 = LINE('',#457,#458);
#457 = CARTESIAN_POINT('',(7.505553499465,0.,89.7));
#458 = VECTOR('',#459,1.);
#459 = DIRECTION('',(-0.5,0.866025403784,0.));
#460 = PCURVE('',#66,#461);
#461 = DEFINITIONAL_REPRESENTATION('',(#462),#466);
#462 = LINE('',#463,#464);
#463 = CARTESIAN_POINT('',(0.,-5.3));
#464 = VECTOR('',#465,1.);
#465 = DIRECTION('',(1.,0.));
#466 = ( GEOMETRIC_REPRESENTATION_CONTEXT(2) 
PARAMETRIC_REPRESENTATION_CONTEXT() REPRESENTATION_CONTEXT('2D SPACE',''
  ) );
#467 = PCURVE('',#468,#473);
#468 = PLANE('',#469);
#469 = AXIS2_PLACEMENT_3D('',#470,#471,#472);
#470 = CARTESIAN_POINT('',(-3.155631075091E-16,-7.889077687727E-17,89.7)
  );
#471 = DIRECTION('',(0.,0.,1.));
#472 = DIRECTION('',(1.,0.,-0.));
#473 = DEFINITIONAL_REPRESENTATION('',(#474),#478);
#474 = LINE('',#475,#476);
#475 = CARTESIAN_POINT('',(7.505553499465,7.889077687727E-17));
#476 = VECTOR('',#477,1.);
#477 = DIRECTION('',(-0.5,0.866025403784));
#478 = ( GEOMETRIC_REPRESENTATION_CONTEXT(2) 
PARAMETRIC_REPRESENTATION_CONTEXT() REPRESENTATION_CONTEXT('2D SPACE',''
  ) );
#479 = ORIENTED_EDGE('',*,*,#480,.F.);
#480 = EDGE_CURVE('',#46,#453,#481,.T.);
#481 = SURFACE_CURVE('',#482,(#486,#493),.PCURVE_S1.);
#482 = LINE('',#483,#484);
#483 = CARTESIAN_POINT('',(3.810511776652,6.4,84.4));
#484 = VECTOR('',#485,1.);
#485 = DIRECTION('',(0.,0.,1.));
#486 = PCURVE('',#66,#487);
#487 = DEFINITIONAL_REPRESENTATION('',(#488),#492);
#488 = LINE('',#489,#490);
#489 = CARTESIAN_POINT('',(7.390083445627,0.));
#490 = VECTOR('',#491,1.);
#491 = DIRECTION('',(0.,-1.));
#492 = ( GEOMETRIC_REPRESENTATION_CONTEXT(2) 
PARAMETRIC_REPRESENTATION_CONTEXT() REPRESENTATION_CONTEXT('2D SPACE',''
  ) );
#493 = PCURVE('',#382,#494);
#494 = DEFINITIONAL_REPRESENTATION('',(#495),#499);
#495 = LINE('',#496,#497);
#496 = CARTESIAN_POINT('',(0.,0.));
#497 = VECTOR('',#498,1.);
#498 = DIRECTION('',(0.,1.));
#499 = ( GEOMETRIC_REPRESENTATION_CONTEXT(2) 
PARAMETRIC_REPRESENTATION_CONTEXT() REPRESENTATION_CONTEXT('2D SPACE',''
  ) );
#500 = ADVANCED_FACE('',(#501),#99,.T.);
#501 = FACE_BOUND('',#502,.F.);
#502 = EDGE_LOOP('',(#503,#504,#527,#553));
#503 = ORIENTED_EDGE('',*,*,#78,.T.);
#504 = ORIENTED_EDGE('',*,*,#505,.T.);
#505 = EDGE_CURVE('',#79,#506,#508,.T.);
#506 = VERTEX_POINT('',#507);
#507 = CARTESIAN_POINT('',(7.447818472546,-1.E-01,89.7));
#508 = SURFACE_CURVE('',#509,(#513,#520),.PCURVE_S1.);
#509 = LINE('',#510,#511);
#510 = CARTESIAN_POINT('',(7.447818472546,-1.E-01,84.4));
#511 = VECTOR('',#512,1.);
#512 = DIRECTION('',(0.,0.,1.));
#513 = PCURVE('',#99,#514);
#514 = DEFINITIONAL_REPRESENTATION('',(#515),#519);
#515 = LINE('',#516,#517);
#516 = CARTESIAN_POINT('',(-1.047197551197,0.));
#517 = VECTOR('',#518,1.);
#518 = DIRECTION('',(-0.,1.));
#519 = ( GEOMETRIC_REPRESENTATION_CONTEXT(2) 
PARAMETRIC_REPRESENTATION_CONTEXT() REPRESENTATION_CONTEXT('2D SPACE',''
  ) );
#520 = PCURVE('',#127,#521);
#521 = DEFINITIONAL_REPRESENTATION('',(#522),#526);
#522 = LINE('',#523,#524);
#523 = CARTESIAN_POINT('',(7.390083445627,0.));
#524 = VECTOR('',#525,1.);
#525 = DIRECTION('',(0.,-1.));
#526 = ( GEOMETRIC_REPRESENTATION_CONTEXT(2) 
PARAMETRIC_REPRESENTATION_CONTEXT() REPRESENTATION_CONTEXT('2D SPACE',''
  ) );
#527 = ORIENTED_EDGE('',*,*,#528,.F.);
#528 = EDGE_CURVE('',#430,#506,#529,.T.);
#529 = SURFACE_CURVE('',#530,(#535,#542),.PCURVE_S1.);
#530 = CIRCLE('',#531,0.2);
#531 = AXIS2_PLACEMENT_3D('',#532,#533,#534);
#532 = CARTESIAN_POINT('',(7.274613391789,9.39988827516E-16,89.7));
#533 = DIRECTION('',(-0.,-0.,-1.));
#534 = DIRECTION('',(0.,-1.,0.));
#535 = PCURVE('',#99,#536);
#536 = DEFINITIONAL_REPRESENTATION('',(#537),#541);
#537 = LINE('',#538,#539);
#538 = CARTESIAN_POINT('',(4.188790204786,5.3));
#539 = VECTOR('',#540,1.);
#540 = DIRECTION('',(-1.,0.));
#541 = ( GEOMETRIC_REPRESENTATION_CONTEXT(2) 
PARAMETRIC_REPRESENTATION_CONTEXT() REPRESENTATION_CONTEXT('2D SPACE',''
  ) );
#542 = PCURVE('',#468,#543);
#543 = DEFINITIONAL_REPRESENTATION('',(#544),#552);
#544 = ( BOUNDED_CURVE() B_SPLINE_CURVE(2,(#545,#546,#547,#548,#549,#550
,#551),.UNSPECIFIED.,.T.,.F.) B_SPLINE_CURVE_WITH_KNOTS((1,2,2,2,2,1),(
    -2.094395102393,0.,2.094395102393,4.188790204786,6.28318530718,
8.377580409573),.UNSPECIFIED.) CURVE() GEOMETRIC_REPRESENTATION_ITEM() 
RATIONAL_B_SPLINE_CURVE((1.,0.5,1.,0.5,1.,0.5,1.)) REPRESENTATION_ITEM(
  '') );
#545 = CARTESIAN_POINT('',(7.274613391789,-0.2));
#546 = CARTESIAN_POINT('',(6.928203230276,-0.2));
#547 = CARTESIAN_POINT('',(7.101408311032,0.1));
#548 = CARTESIAN_POINT('',(7.274613391789,0.4));
#549 = CARTESIAN_POINT('',(7.447818472546,0.1));
#550 = CARTESIAN_POINT('',(7.621023553303,-0.2));
#551 = CARTESIAN_POINT('',(7.274613391789,-0.2));
#552 = ( GEOMETRIC_REPRESENTATION_CONTEXT(2) 
PARAMETRIC_REPRESENTATION_CONTEXT() REPRESENTATION_CONTEXT('2D SPACE',''
  ) );
#553 = ORIENTED_EDGE('',*,*,#429,.F.);
#554 = ADVANCED_FACE('',(#555),#382,.T.);
#555 = FACE_BOUND('',#556,.T.);
#556 = EDGE_LOOP('',(#557,#558,#581,#603));
#557 = ORIENTED_EDGE('',*,*,#367,.T.);
#558 = ORIENTED_EDGE('',*,*,#559,.T.);
#559 = EDGE_CURVE('',#340,#560,#562,.T.);
#560 = VERTEX_POINT('',#561);
#561 = CARTESIAN_POINT('',(3.637306695895,6.5,89.7));
#562 = SURFACE_CURVE('',#563,(#567,#574),.PCURVE_S1.);
#563 = LINE('',#564,#565);
#564 = CARTESIAN_POINT('',(3.637306695895,6.5,84.4));
#565 = VECTOR('',#566,1.);
#566 = DIRECTION('',(0.,0.,1.));
#567 = PCURVE('',#382,#568);
#568 = DEFINITIONAL_REPRESENTATION('',(#569),#573);
#569 = LINE('',#570,#571);
#570 = CARTESIAN_POINT('',(1.047197551197,0.));
#571 = VECTOR('',#572,1.);
#572 = DIRECTION('',(0.,1.));
#573 = ( GEOMETRIC_REPRESENTATION_CONTEXT(2) 
PARAMETRIC_REPRESENTATION_CONTEXT() REPRESENTATION_CONTEXT('2D SPACE',''
  ) );
#574 = PCURVE('',#355,#575);
#575 = DEFINITIONAL_REPRESENTATION('',(#576),#580);
#576 = LINE('',#577,#578);
#577 = CARTESIAN_POINT('',(0.115470053838,0.));
#578 = VECTOR('',#579,1.);
#579 = DIRECTION('',(0.,-1.));
#580 = ( GEOMETRIC_REPRESENTATION_CONTEXT(2) 
PARAMETRIC_REPRESENTATION_CONTEXT() REPRESENTATION_CONTEXT('2D SPACE',''
  ) );
#581 = ORIENTED_EDGE('',*,*,#582,.F.);
#582 = EDGE_CURVE('',#453,#560,#583,.T.);
#583 = SURFACE_CURVE('',#584,(#589,#596),.PCURVE_S1.);
#584 = CIRCLE('',#585,0.2);
#585 = AXIS2_PLACEMENT_3D('',#586,#587,#588);
#586 = CARTESIAN_POINT('',(3.637306695895,6.3,89.7));
#587 = DIRECTION('',(0.,0.,1.));
#588 = DIRECTION('',(0.,-1.,0.));
#589 = PCURVE('',#382,#590);
#590 = DEFINITIONAL_REPRESENTATION('',(#591),#595);
#591 = LINE('',#592,#593);
#592 = CARTESIAN_POINT('',(-2.094395102393,5.3));
#593 = VECTOR('',#594,1.);
#594 = DIRECTION('',(1.,0.));
#595 = ( GEOMETRIC_REPRESENTATION_CONTEXT(2) 
PARAMETRIC_REPRESENTATION_CONTEXT() REPRESENTATION_CONTEXT('2D SPACE',''
  ) );
#596 = PCURVE('',#468,#597);
#597 = DEFINITIONAL_REPRESENTATION('',(#598),#602);
#598 = CIRCLE('',#599,0.2);
#599 = AXIS2_PLACEMENT_2D('',#600,#601);
#600 = CARTESIAN_POINT('',(3.637306695895,6.3));
#601 = DIRECTION('',(0.,-1.));
#602 = ( GEOMETRIC_REPRESENTATION_CONTEXT(2) 
PARAMETRIC_REPRESENTATION_CONTEXT() REPRESENTATION_CONTEXT('2D SPACE',''
  ) );
#603 = ORIENTED_EDGE('',*,*,#480,.F.);
#604 = ADVANCED_FACE('',(#605),#127,.F.);
#605 = FACE_BOUND('',#606,.F.);
#606 = EDGE_LOOP('',(#607,#608,#631,#652));
#607 = ORIENTED_EDGE('',*,*,#111,.F.);
#608 = ORIENTED_EDGE('',*,*,#609,.T.);
#609 = EDGE_CURVE('',#112,#610,#612,.T.);
#610 = VERTEX_POINT('',#611);
#611 = CARTESIAN_POINT('',(3.810511776652,-6.4,89.7));
#612 = SURFACE_CURVE('',#613,(#617,#624),.PCURVE_S1.);
#613 = LINE('',#614,#615);
#614 = CARTESIAN_POINT('',(3.810511776652,-6.4,84.4));
#615 = VECTOR('',#616,1.);
#616 = DIRECTION('',(0.,0.,1.));
#617 = PCURVE('',#127,#618);
#618 = DEFINITIONAL_REPRESENTATION('',(#619),#623);
#619 = LINE('',#620,#621);
#620 = CARTESIAN_POINT('',(0.115470053838,0.));
#621 = VECTOR('',#622,1.);
#622 = DIRECTION('',(0.,-1.));
#623 = ( GEOMETRIC_REPRESENTATION_CONTEXT(2) 
PARAMETRIC_REPRESENTATION_CONTEXT() REPRESENTATION_CONTEXT('2D SPACE',''
  ) );
#624 = PCURVE('',#156,#625);
#625 = DEFINITIONAL_REPRESENTATION('',(#626),#630);
#626 = LINE('',#627,#628);
#627 = CARTESIAN_POINT('',(1.047197551197,0.));
#628 = VECTOR('',#629,1.);
#629 = DIRECTION('',(0.,1.));
#630 = ( GEOMETRIC_REPRESENTATION_CONTEXT(2) 
PARAMETRIC_REPRESENTATION_CONTEXT() REPRESENTATION_CONTEXT('2D SPACE',''
  ) );
#631 = ORIENTED_EDGE('',*,*,#632,.T.);
#632 = EDGE_CURVE('',#610,#506,#633,.T.);
#633 = SURFACE_CURVE('',#634,(#638,#645),.PCURVE_S1.);
#634 = LINE('',#635,#636);
#635 = CARTESIAN_POINT('',(3.752776749733,-6.5,89.7));
#636 = VECTOR('',#637,1.);
#637 = DIRECTION('',(0.5,0.866025403784,0.));
#638 = PCURVE('',#127,#639);
#639 = DEFINITIONAL_REPRESENTATION('',(#640),#644);
#640 = LINE('',#641,#642);
#641 = CARTESIAN_POINT('',(0.,-5.3));
#642 = VECTOR('',#643,1.);
#643 = DIRECTION('',(1.,0.));
#644 = ( GEOMETRIC_REPRESENTATION_CONTEXT(2) 
PARAMETRIC_REPRESENTATION_CONTEXT() REPRESENTATION_CONTEXT('2D SPACE',''
  ) );
#645 = PCURVE('',#468,#646);
#646 = DEFINITIONAL_REPRESENTATION('',(#647),#651);
#647 = LINE('',#648,#649);
#648 = CARTESIAN_POINT('',(3.752776749733,-6.5));
#649 = VECTOR('',#650,1.);
#650 = DIRECTION('',(0.5,0.866025403784));
#651 = ( GEOMETRIC_REPRESENTATION_CONTEXT(2) 
PARAMETRIC_REPRESENTATION_CONTEXT() REPRESENTATION_CONTEXT('2D SPACE',''
  ) );
#652 = ORIENTED_EDGE('',*,*,#505,.F.);
#653 = ADVANCED_FACE('',(#654),#355,.F.);
#654 = FACE_BOUND('',#655,.F.);
#655 = EDGE_LOOP('',(#656,#657,#658,#681));
#656 = ORIENTED_EDGE('',*,*,#339,.F.);
#657 = ORIENTED_EDGE('',*,*,#559,.T.);
#658 = ORIENTED_EDGE('',*,*,#659,.T.);
#659 = EDGE_CURVE('',#560,#660,#662,.T.);
#660 = VERTEX_POINT('',#661);
#661 = CARTESIAN_POINT('',(-3.637306695895,6.5,89.7));
#662 = SURFACE_CURVE('',#663,(#667,#674),.PCURVE_S1.);
#663 = LINE('',#664,#665);
#664 = CARTESIAN_POINT('',(3.752776749733,6.5,89.7));
#665 = VECTOR('',#666,1.);
#666 = DIRECTION('',(-1.,1.183361653159E-16,0.));
#667 = PCURVE('',#355,#668);
#668 = DEFINITIONAL_REPRESENTATION('',(#669),#673);
#669 = LINE('',#670,#671);
#670 = CARTESIAN_POINT('',(0.,-5.3));
#671 = VECTOR('',#672,1.);
#672 = DIRECTION('',(1.,0.));
#673 = ( GEOMETRIC_REPRESENTATION_CONTEXT(2) 
PARAMETRIC_REPRESENTATION_CONTEXT() REPRESENTATION_CONTEXT('2D SPACE',''
  ) );
#674 = PCURVE('',#468,#675);
#675 = DEFINITIONAL_REPRESENTATION('',(#676),#680);
#676 = LINE('',#677,#678);
#677 = CARTESIAN_POINT('',(3.752776749733,6.5));
#678 = VECTOR('',#679,1.);
#679 = DIRECTION('',(-1.,1.183361653159E-16));
#680 = ( GEOMETRIC_REPRESENTATION_CONTEXT(2) 
PARAMETRIC_REPRESENTATION_CONTEXT() REPRESENTATION_CONTEXT('2D SPACE',''
  ) );
#681 = ORIENTED_EDGE('',*,*,#682,.F.);
#682 = EDGE_CURVE('',#311,#660,#683,.T.);
#683 = SURFACE_CURVE('',#684,(#688,#695),.PCURVE_S1.);
#684 = LINE('',#685,#686);
#685 = CARTESIAN_POINT('',(-3.637306695895,6.5,84.4));
#686 = VECTOR('',#687,1.);
#687 = DIRECTION('',(0.,0.,1.));
#688 = PCURVE('',#355,#689);
#689 = DEFINITIONAL_REPRESENTATION('',(#690),#694);
#690 = LINE('',#691,#692);
#691 = CARTESIAN_POINT('',(7.390083445627,0.));
#692 = VECTOR('',#693,1.);
#693 = DIRECTION('',(0.,-1.));
#694 = ( GEOMETRIC_REPRESENTATION_CONTEXT(2) 
PARAMETRIC_REPRESENTATION_CONTEXT() REPRESENTATION_CONTEXT('2D SPACE',''
  ) );
#695 = PCURVE('',#327,#696);
#696 = DEFINITIONAL_REPRESENTATION('',(#697),#701);
#697 = LINE('',#698,#699);
#698 = CARTESIAN_POINT('',(0.,0.));
#699 = VECTOR('',#700,1.);
#700 = DIRECTION('',(0.,1.));
#701 = ( GEOMETRIC_REPRESENTATION_CONTEXT(2) 
PARAMETRIC_REPRESENTATION_CONTEXT() REPRESENTATION_CONTEXT('2D SPACE',''
  ) );
#702 = ADVANCED_FACE('',(#703),#156,.T.);
#703 = FACE_BOUND('',#704,.T.);
#704 = EDGE_LOOP('',(#705,#706,#707,#731));
#705 = ORIENTED_EDGE('',*,*,#139,.T.);
#706 = ORIENTED_EDGE('',*,*,#609,.T.);
#707 = ORIENTED_EDGE('',*,*,#708,.F.);
#708 = EDGE_CURVE('',#709,#610,#711,.T.);
#709 = VERTEX_POINT('',#710);
#710 = CARTESIAN_POINT('',(3.637306695895,-6.5,89.7));
#711 = SURFACE_CURVE('',#712,(#717,#724),.PCURVE_S1.);
#712 = CIRCLE('',#713,0.2);
#713 = AXIS2_PLACEMENT_3D('',#714,#715,#716);
#714 = CARTESIAN_POINT('',(3.637306695895,-6.3,89.7));
#715 = DIRECTION('',(0.,0.,1.));
#716 = DIRECTION('',(0.,-1.,0.));
#717 = PCURVE('',#156,#718);
#718 = DEFINITIONAL_REPRESENTATION('',(#719),#723);
#719 = LINE('',#720,#721);
#720 = CARTESIAN_POINT('',(5.916808265796E-16,5.3));
#721 = VECTOR('',#722,1.);
#722 = DIRECTION('',(1.,0.));
#723 = ( GEOMETRIC_REPRESENTATION_CONTEXT(2) 
PARAMETRIC_REPRESENTATION_CONTEXT() REPRESENTATION_CONTEXT('2D SPACE',''
  ) );
#724 = PCURVE('',#468,#725);
#725 = DEFINITIONAL_REPRESENTATION('',(#726),#730);
#726 = CIRCLE('',#727,0.2);
#727 = AXIS2_PLACEMENT_2D('',#728,#729);
#728 = CARTESIAN_POINT('',(3.637306695895,-6.3));
#729 = DIRECTION('',(0.,-1.));
#730 = ( GEOMETRIC_REPRESENTATION_CONTEXT(2) 
PARAMETRIC_REPRESENTATION_CONTEXT() REPRESENTATION_CONTEXT('2D SPACE',''
  ) );
#731 = ORIENTED_EDGE('',*,*,#732,.F.);
#732 = EDGE_CURVE('',#140,#709,#733,.T.);
#733 = SURFACE_CURVE('',#734,(#738,#745),.PCURVE_S1.);
#734 = LINE('',#735,#736);
#735 = CARTESIAN_POINT('',(3.637306695895,-6.5,84.4));
#736 = VECTOR('',#737,1.);
#737 = DIRECTION('',(0.,0.,1.));
#738 = PCURVE('',#156,#739);
#739 = DEFINITIONAL_REPRESENTATION('',(#740),#744);
#740 = LINE('',#741,#742);
#741 = CARTESIAN_POINT('',(0.,0.));
#742 = VECTOR('',#743,1.);
#743 = DIRECTION('',(0.,1.));
#744 = ( GEOMETRIC_REPRESENTATION_CONTEXT(2) 
PARAMETRIC_REPRESENTATION_CONTEXT() REPRESENTATION_CONTEXT('2D SPACE',''
  ) );
#745 = PCURVE('',#184,#746);
#746 = DEFINITIONAL_REPRESENTATION('',(#747),#751);
#747 = LINE('',#748,#749);
#748 = CARTESIAN_POINT('',(7.390083445627,0.));
#749 = VECTOR('',#750,1.);
#750 = DIRECTION('',(0.,-1.));
#751 = ( GEOMETRIC_REPRESENTATION_CONTEXT(2) 
PARAMETRIC_REPRESENTATION_CONTEXT() REPRESENTATION_CONTEXT('2D SPACE',''
  ) );
#752 = ADVANCED_FACE('',(#753),#327,.T.);
#753 = FACE_BOUND('',#754,.T.);
#754 = EDGE_LOOP('',(#755,#756,#779,#801));
#755 = ORIENTED_EDGE('',*,*,#310,.T.);
#756 = ORIENTED_EDGE('',*,*,#757,.T.);
#757 = EDGE_CURVE('',#283,#758,#760,.T.);
#758 = VERTEX_POINT('',#759);
#759 = CARTESIAN_POINT('',(-3.810511776652,6.4,89.7));
#760 = SURFACE_CURVE('',#761,(#765,#772),.PCURVE_S1.);
#761 = LINE('',#762,#763);
#762 = CARTESIAN_POINT('',(-3.810511776652,6.4,84.4));
#763 = VECTOR('',#764,1.);
#764 = DIRECTION('',(0.,0.,1.));
#765 = PCURVE('',#327,#766);
#766 = DEFINITIONAL_REPRESENTATION('',(#767),#771);
#767 = LINE('',#768,#769);
#768 = CARTESIAN_POINT('',(1.047197551197,0.));
#769 = VECTOR('',#770,1.);
#770 = DIRECTION('',(0.,1.));
#771 = ( GEOMETRIC_REPRESENTATION_CONTEXT(2) 
PARAMETRIC_REPRESENTATION_CONTEXT() REPRESENTATION_CONTEXT('2D SPACE',''
  ) );
#772 = PCURVE('',#298,#773);
#773 = DEFINITIONAL_REPRESENTATION('',(#774),#778);
#774 = LINE('',#775,#776);
#775 = CARTESIAN_POINT('',(0.115470053838,0.));
#776 = VECTOR('',#777,1.);
#777 = DIRECTION('',(0.,-1.));
#778 = ( GEOMETRIC_REPRESENTATION_CONTEXT(2) 
PARAMETRIC_REPRESENTATION_CONTEXT() REPRESENTATION_CONTEXT('2D SPACE',''
  ) );
#779 = ORIENTED_EDGE('',*,*,#780,.F.);
#780 = EDGE_CURVE('',#660,#758,#781,.T.);
#781 = SURFACE_CURVE('',#782,(#787,#794),.PCURVE_S1.);
#782 = CIRCLE('',#783,0.2);
#783 = AXIS2_PLACEMENT_3D('',#784,#785,#786);
#784 = CARTESIAN_POINT('',(-3.637306695895,6.3,89.7));
#785 = DIRECTION('',(0.,0.,1.));
#786 = DIRECTION('',(0.,-1.,0.));
#787 = PCURVE('',#327,#788);
#788 = DEFINITIONAL_REPRESENTATION('',(#789),#793);
#789 = LINE('',#790,#791);
#790 = CARTESIAN_POINT('',(-3.14159265359,5.3));
#791 = VECTOR('',#792,1.);
#792 = DIRECTION('',(1.,0.));
#793 = ( GEOMETRIC_REPRESENTATION_CONTEXT(2) 
PARAMETRIC_REPRESENTATION_CONTEXT() REPRESENTATION_CONTEXT('2D SPACE',''
  ) );
#794 = PCURVE('',#468,#795);
#795 = DEFINITIONAL_REPRESENTATION('',(#796),#800);
#796 = CIRCLE('',#797,0.2);
#797 = AXIS2_PLACEMENT_2D('',#798,#799);
#798 = CARTESIAN_POINT('',(-3.637306695895,6.3));
#799 = DIRECTION('',(0.,-1.));
#800 = ( GEOMETRIC_REPRESENTATION_CONTEXT(2) 
PARAMETRIC_REPRESENTATION_CONTEXT() REPRESENTATION_CONTEXT('2D SPACE',''
  ) );
#801 = ORIENTED_EDGE('',*,*,#682,.F.);
#802 = ADVANCED_FACE('',(#803),#184,.F.);
#803 = FACE_BOUND('',#804,.F.);
#804 = EDGE_LOOP('',(#805,#806,#829,#850));
#805 = ORIENTED_EDGE('',*,*,#168,.F.);
#806 = ORIENTED_EDGE('',*,*,#807,.T.);
#807 = EDGE_CURVE('',#169,#808,#810,.T.);
#808 = VERTEX_POINT('',#809);
#809 = CARTESIAN_POINT('',(-3.637306695895,-6.5,89.7));
#810 = SURFACE_CURVE('',#811,(#815,#822),.PCURVE_S1.);
#811 = LINE('',#812,#813);
#812 = CARTESIAN_POINT('',(-3.637306695895,-6.5,84.4));
#813 = VECTOR('',#814,1.);
#814 = DIRECTION('',(0.,0.,1.));
#815 = PCURVE('',#184,#816);
#816 = DEFINITIONAL_REPRESENTATION('',(#817),#821);
#817 = LINE('',#818,#819);
#818 = CARTESIAN_POINT('',(0.115470053838,0.));
#819 = VECTOR('',#820,1.);
#820 = DIRECTION('',(0.,-1.));
#821 = ( GEOMETRIC_REPRESENTATION_CONTEXT(2) 
PARAMETRIC_REPRESENTATION_CONTEXT() REPRESENTATION_CONTEXT('2D SPACE',''
  ) );
#822 = PCURVE('',#213,#823);
#823 = DEFINITIONAL_REPRESENTATION('',(#824),#828);
#824 = LINE('',#825,#826);
#825 = CARTESIAN_POINT('',(1.047197551197,0.));
#826 = VECTOR('',#827,1.);
#827 = DIRECTION('',(0.,1.));
#828 = ( GEOMETRIC_REPRESENTATION_CONTEXT(2) 
PARAMETRIC_REPRESENTATION_CONTEXT() REPRESENTATION_CONTEXT('2D SPACE',''
  ) );
#829 = ORIENTED_EDGE('',*,*,#830,.T.);
#830 = EDGE_CURVE('',#808,#709,#831,.T.);
#831 = SURFACE_CURVE('',#832,(#836,#843),.PCURVE_S1.);
#832 = LINE('',#833,#834);
#833 = CARTESIAN_POINT('',(-3.752776749733,-6.5,89.7));
#834 = VECTOR('',#835,1.);
#835 = DIRECTION('',(1.,-5.916808265796E-16,0.));
#836 = PCURVE('',#184,#837);
#837 = DEFINITIONAL_REPRESENTATION('',(#838),#842);
#838 = LINE('',#839,#840);
#839 = CARTESIAN_POINT('',(0.,-5.3));
#840 = VECTOR('',#841,1.);
#841 = DIRECTION('',(1.,0.));
#842 = ( GEOMETRIC_REPRESENTATION_CONTEXT(2) 
PARAMETRIC_REPRESENTATION_CONTEXT() REPRESENTATION_CONTEXT('2D SPACE',''
  ) );
#843 = PCURVE('',#468,#844);
#844 = DEFINITIONAL_REPRESENTATION('',(#845),#849);
#845 = LINE('',#846,#847);
#846 = CARTESIAN_POINT('',(-3.752776749733,-6.5));
#847 = VECTOR('',#848,1.);
#848 = DIRECTION('',(1.,-5.916808265796E-16));
#849 = ( GEOMETRIC_REPRESENTATION_CONTEXT(2) 
PARAMETRIC_REPRESENTATION_CONTEXT() REPRESENTATION_CONTEXT('2D SPACE',''
  ) );
#850 = ORIENTED_EDGE('',*,*,#732,.F.);
#851 = ADVANCED_FACE('',(#852),#298,.F.);
#852 = FACE_BOUND('',#853,.F.);
#853 = EDGE_LOOP('',(#854,#855,#856,#879));
#854 = ORIENTED_EDGE('',*,*,#282,.F.);
#855 = ORIENTED_EDGE('',*,*,#757,.T.);
#856 = ORIENTED_EDGE('',*,*,#857,.T.);
#857 = EDGE_CURVE('',#758,#858,#860,.T.);
#858 = VERTEX_POINT('',#859);
#859 = CARTESIAN_POINT('',(-7.447818472546,1.E-01,89.7));
#860 = SURFACE_CURVE('',#861,(#865,#872),.PCURVE_S1.);
#861 = LINE('',#862,#863);
#862 = CARTESIAN_POINT('',(-3.752776749733,6.5,89.7));
#863 = VECTOR('',#864,1.);
#864 = DIRECTION('',(-0.5,-0.866025403784,0.));
#865 = PCURVE('',#298,#866);
#866 = DEFINITIONAL_REPRESENTATION('',(#867),#871);
#867 = LINE('',#868,#869);
#868 = CARTESIAN_POINT('',(0.,-5.3));
#869 = VECTOR('',#870,1.);
#870 = DIRECTION('',(1.,0.));
#871 = ( GEOMETRIC_REPRESENTATION_CONTEXT(2) 
PARAMETRIC_REPRESENTATION_CONTEXT() REPRESENTATION_CONTEXT('2D SPACE',''
  ) );
#872 = PCURVE('',#468,#873);
#873 = DEFINITIONAL_REPRESENTATION('',(#874),#878);
#874 = LINE('',#875,#876);
#875 = CARTESIAN_POINT('',(-3.752776749733,6.5));
#876 = VECTOR('',#877,1.);
#877 = DIRECTION('',(-0.5,-0.866025403784));
#878 = ( GEOMETRIC_REPRESENTATION_CONTEXT(2) 
PARAMETRIC_REPRESENTATION_CONTEXT() REPRESENTATION_CONTEXT('2D SPACE',''
  ) );
#879 = ORIENTED_EDGE('',*,*,#880,.F.);
#880 = EDGE_CURVE('',#254,#858,#881,.T.);
#881 = SURFACE_CURVE('',#882,(#886,#893),.PCURVE_S1.);
#882 = LINE('',#883,#884);
#883 = CARTESIAN_POINT('',(-7.447818472546,1.E-01,84.4));
#884 = VECTOR('',#885,1.);
#885 = DIRECTION('',(0.,0.,1.));
#886 = PCURVE('',#298,#887);
#887 = DEFINITIONAL_REPRESENTATION('',(#888),#892);
#888 = LINE('',#889,#890);
#889 = CARTESIAN_POINT('',(7.390083445627,0.));
#890 = VECTOR('',#891,1.);
#891 = DIRECTION('',(0.,-1.));
#892 = ( GEOMETRIC_REPRESENTATION_CONTEXT(2) 
PARAMETRIC_REPRESENTATION_CONTEXT() REPRESENTATION_CONTEXT('2D SPACE',''
  ) );
#893 = PCURVE('',#270,#894);
#894 = DEFINITIONAL_REPRESENTATION('',(#895),#899);
#895 = LINE('',#896,#897);
#896 = CARTESIAN_POINT('',(0.,0.));
#897 = VECTOR('',#898,1.);
#898 = DIRECTION('',(0.,1.));
#899 = ( GEOMETRIC_REPRESENTATION_CONTEXT(2) 
PARAMETRIC_REPRESENTATION_CONTEXT() REPRESENTATION_CONTEXT('2D SPACE',''
  ) );
#900 = ADVANCED_FACE('',(#901),#213,.T.);
#901 = FACE_BOUND('',#902,.T.);
#902 = EDGE_LOOP('',(#903,#904,#905,#929));
#903 = ORIENTED_EDGE('',*,*,#196,.T.);
#904 = ORIENTED_EDGE('',*,*,#807,.T.);
#905 = ORIENTED_EDGE('',*,*,#906,.F.);
#906 = EDGE_CURVE('',#907,#808,#909,.T.);
#907 = VERTEX_POINT('',#908);
#908 = CARTESIAN_POINT('',(-3.810511776652,-6.4,89.7));
#909 = SURFACE_CURVE('',#910,(#915,#922),.PCURVE_S1.);
#910 = CIRCLE('',#911,0.2);
#911 = AXIS2_PLACEMENT_3D('',#912,#913,#914);
#912 = CARTESIAN_POINT('',(-3.637306695895,-6.3,89.7));
#913 = DIRECTION('',(0.,0.,1.));
#914 = DIRECTION('',(0.,-1.,0.));
#915 = PCURVE('',#213,#916);
#916 = DEFINITIONAL_REPRESENTATION('',(#917),#921);
#917 = LINE('',#918,#919);
#918 = CARTESIAN_POINT('',(-5.235987755983,5.3));
#919 = VECTOR('',#920,1.);
#920 = DIRECTION('',(1.,0.));
#921 = ( GEOMETRIC_REPRESENTATION_CONTEXT(2) 
PARAMETRIC_REPRESENTATION_CONTEXT() REPRESENTATION_CONTEXT('2D SPACE',''
  ) );
#922 = PCURVE('',#468,#923);
#923 = DEFINITIONAL_REPRESENTATION('',(#924),#928);
#924 = CIRCLE('',#925,0.2);
#925 = AXIS2_PLACEMENT_2D('',#926,#927);
#926 = CARTESIAN_POINT('',(-3.637306695895,-6.3));
#927 = DIRECTION('',(0.,-1.));
#928 = ( GEOMETRIC_REPRESENTATION_CONTEXT(2) 
PARAMETRIC_REPRESENTATION_CONTEXT() REPRESENTATION_CONTEXT('2D SPACE',''
  ) );
#929 = ORIENTED_EDGE('',*,*,#930,.F.);
#930 = EDGE_CURVE('',#197,#907,#931,.T.);
#931 = SURFACE_CURVE('',#932,(#936,#943),.PCURVE_S1.);
#932 = LINE('',#933,#934);
#933 = CARTESIAN_POINT('',(-3.810511776652,-6.4,84.4));
#934 = VECTOR('',#935,1.);
#935 = DIRECTION('',(0.,0.,1.));
#936 = PCURVE('',#213,#937);
#937 = DEFINITIONAL_REPRESENTATION('',(#938),#942);
#938 = LINE('',#939,#940);
#939 = CARTESIAN_POINT('',(0.,0.));
#940 = VECTOR('',#941,1.);
#941 = DIRECTION('',(0.,1.));
#942 = ( GEOMETRIC_REPRESENTATION_CONTEXT(2) 
PARAMETRIC_REPRESENTATION_CONTEXT() REPRESENTATION_CONTEXT('2D SPACE',''
  ) );
#943 = PCURVE('',#241,#944);
#944 = DEFINITIONAL_REPRESENTATION('',(#945),#949);
#945 = LINE('',#946,#947);
#946 = CARTESIAN_POINT('',(7.390083445627,0.));
#947 = VECTOR('',#948,1.);
#948 = DIRECTION('',(0.,-1.));
#949 = ( GEOMETRIC_REPRESENTATION_CONTEXT(2) 
PARAMETRIC_REPRESENTATION_CONTEXT() REPRESENTATION_CONTEXT('2D SPACE',''
  ) );
#950 = ADVANCED_FACE('',(#951),#270,.T.);
#951 = FACE_BOUND('',#952,.T.);
#952 = EDGE_LOOP('',(#953,#954,#977,#999));
#953 = ORIENTED_EDGE('',*,*,#253,.T.);
#954 = ORIENTED_EDGE('',*,*,#955,.T.);
#955 = EDGE_CURVE('',#226,#956,#958,.T.);
#956 = VERTEX_POINT('',#957);
#957 = CARTESIAN_POINT('',(-7.447818472546,-0.1,89.7));
#958 = SURFACE_CURVE('',#959,(#963,#970),.PCURVE_S1.);
#959 = LINE('',#960,#961);
#960 = CARTESIAN_POINT('',(-7.447818472546,-0.1,84.4));
#961 = VECTOR('',#962,1.);
#962 = DIRECTION('',(0.,0.,1.));
#963 = PCURVE('',#270,#964);
#964 = DEFINITIONAL_REPRESENTATION('',(#965),#969);
#965 = LINE('',#966,#967);
#966 = CARTESIAN_POINT('',(1.047197551197,0.));
#967 = VECTOR('',#968,1.);
#968 = DIRECTION('',(0.,1.));
#969 = ( GEOMETRIC_REPRESENTATION_CONTEXT(2) 
PARAMETRIC_REPRESENTATION_CONTEXT() REPRESENTATION_CONTEXT('2D SPACE',''
  ) );
#970 = PCURVE('',#241,#971);
#971 = DEFINITIONAL_REPRESENTATION('',(#972),#976);
#972 = LINE('',#973,#974);
#973 = CARTESIAN_POINT('',(0.115470053838,0.));
#974 = VECTOR('',#975,1.);
#975 = DIRECTION('',(0.,-1.));
#976 = ( GEOMETRIC_REPRESENTATION_CONTEXT(2) 
PARAMETRIC_REPRESENTATION_CONTEXT() REPRESENTATION_CONTEXT('2D SPACE',''
  ) );
#977 = ORIENTED_EDGE('',*,*,#978,.F.);
#978 = EDGE_CURVE('',#858,#956,#979,.T.);
#979 = SURFACE_CURVE('',#980,(#985,#992),.PCURVE_S1.);
#980 = CIRCLE('',#981,0.2);
#981 = AXIS2_PLACEMENT_3D('',#982,#983,#984);
#982 = CARTESIAN_POINT('',(-7.274613391789,-5.100121713918E-16,89.7));
#983 = DIRECTION('',(0.,0.,1.));
#984 = DIRECTION('',(0.,-1.,0.));
#985 = PCURVE('',#270,#986);
#986 = DEFINITIONAL_REPRESENTATION('',(#987),#991);
#987 = LINE('',#988,#989);
#988 = CARTESIAN_POINT('',(-4.188790204786,5.3));
#989 = VECTOR('',#990,1.);
#990 = DIRECTION('',(1.,0.));
#991 = ( GEOMETRIC_REPRESENTATION_CONTEXT(2) 
PARAMETRIC_REPRESENTATION_CONTEXT() REPRESENTATION_CONTEXT('2D SPACE',''
  ) );
#992 = PCURVE('',#468,#993);
#993 = DEFINITIONAL_REPRESENTATION('',(#994),#998);
#994 = CIRCLE('',#995,0.2);
#995 = AXIS2_PLACEMENT_2D('',#996,#997);
#996 = CARTESIAN_POINT('',(-7.274613391789,-4.311213945146E-16));
#997 = DIRECTION('',(0.,-1.));
#998 = ( GEOMETRIC_REPRESENTATION_CONTEXT(2) 
PARAMETRIC_REPRESENTATION_CONTEXT() REPRESENTATION_CONTEXT('2D SPACE',''
  ) );
#999 = ORIENTED_EDGE('',*,*,#880,.F.);
#1000 = ADVANCED_FACE('',(#1001),#241,.F.);
#1001 = FACE_BOUND('',#1002,.F.);
#1002 = EDGE_LOOP('',(#1003,#1004,#1005,#1026));
#1003 = ORIENTED_EDGE('',*,*,#225,.F.);
#1004 = ORIENTED_EDGE('',*,*,#955,.T.);
#1005 = ORIENTED_EDGE('',*,*,#1006,.T.);
#1006 = EDGE_CURVE('',#956,#907,#1007,.T.);
#1007 = SURFACE_CURVE('',#1008,(#1012,#1019),.PCURVE_S1.);
#1008 = LINE('',#1009,#1010);
#1009 = CARTESIAN_POINT('',(-7.505553499465,9.191652068949E-16,89.7));
#1010 = VECTOR('',#1011,1.);
#1011 = DIRECTION('',(0.5,-0.866025403784,0.));
#1012 = PCURVE('',#241,#1013);
#1013 = DEFINITIONAL_REPRESENTATION('',(#1014),#1018);
#1014 = LINE('',#1015,#1016);
#1015 = CARTESIAN_POINT('',(0.,-5.3));
#1016 = VECTOR('',#1017,1.);
#1017 = DIRECTION('',(1.,0.));
#1018 = ( GEOMETRIC_REPRESENTATION_CONTEXT(2) 
PARAMETRIC_REPRESENTATION_CONTEXT() REPRESENTATION_CONTEXT('2D SPACE',''
  ) );
#1019 = PCURVE('',#468,#1020);
#1020 = DEFINITIONAL_REPRESENTATION('',(#1021),#1025);
#1021 = LINE('',#1022,#1023);
#1022 = CARTESIAN_POINT('',(-7.505553499465,9.980559837722E-16));
#1023 = VECTOR('',#1024,1.);
#1024 = DIRECTION('',(0.5,-0.866025403784));
#1025 = ( GEOMETRIC_REPRESENTATION_CONTEXT(2) 
PARAMETRIC_REPRESENTATION_CONTEXT() REPRESENTATION_CONTEXT('2D SPACE',''
  ) );
#1026 = ORIENTED_EDGE('',*,*,#930,.F.);
#1027 = ADVANCED_FACE('',(#1028),#413,.T.);
#1028 = FACE_BOUND('',#1029,.F.);
#1029 = EDGE_LOOP('',(#1030,#1053,#1054,#1055));
#1030 = ORIENTED_EDGE('',*,*,#1031,.T.);
#1031 = EDGE_CURVE('',#1032,#397,#1034,.T.);
#1032 = VERTEX_POINT('',#1033);
#1033 = CARTESIAN_POINT('',(8.5,0.,83.));
#1034 = SEAM_CURVE('',#1035,(#1039,#1046),.PCURVE_S1.);
#1035 = LINE('',#1036,#1037);
#1036 = CARTESIAN_POINT('',(8.5,0.,83.));
#1037 = VECTOR('',#1038,1.);
#1038 = DIRECTION('',(0.,0.,1.));
#1039 = PCURVE('',#413,#1040);
#1040 = DEFINITIONAL_REPRESENTATION('',(#1041),#1045);
#1041 = LINE('',#1042,#1043);
#1042 = CARTESIAN_POINT('',(-0.,0.));
#1043 = VECTOR('',#1044,1.);
#1044 = DIRECTION('',(-0.,-1.));
#1045 = ( GEOMETRIC_REPRESENTATION_CONTEXT(2) 
PARAMETRIC_REPRESENTATION_CONTEXT() REPRESENTATION_CONTEXT('2D SPACE',''
  ) );
#1046 = PCURVE('',#413,#1047);
#1047 = DEFINITIONAL_REPRESENTATION('',(#1048),#1052);
#1048 = LINE('',#1049,#1050);
#1049 = CARTESIAN_POINT('',(-6.28318530718,0.));
#1050 = VECTOR('',#1051,1.);
#1051 = DIRECTION('',(-0.,-1.));
#1052 = ( GEOMETRIC_REPRESENTATION_CONTEXT(2) 
PARAMETRIC_REPRESENTATION_CONTEXT() REPRESENTATION_CONTEXT('2D SPACE',''
  ) );
#1053 = ORIENTED_EDGE('',*,*,#396,.T.);
#1054 = ORIENTED_EDGE('',*,*,#1031,.F.);
#1055 = ORIENTED_EDGE('',*,*,#1056,.F.);
#1056 = EDGE_CURVE('',#1032,#1032,#1057,.T.);
#1057 = SURFACE_CURVE('',#1058,(#1063,#1070),.PCURVE_S1.);
#1058 = CIRCLE('',#1059,8.5);
#1059 = AXIS2_PLACEMENT_3D('',#1060,#1061,#1062);
#1060 = CARTESIAN_POINT('',(0.,0.,83.));
#1061 = DIRECTION('',(0.,0.,1.));
#1062 = DIRECTION('',(1.,0.,0.));
#1063 = PCURVE('',#413,#1064);
#1064 = DEFINITIONAL_REPRESENTATION('',(#1065),#1069);
#1065 = LINE('',#1066,#1067);
#1066 = CARTESIAN_POINT('',(-0.,0.));
#1067 = VECTOR('',#1068,1.);
#1068 = DIRECTION('',(-1.,0.));
#1069 = ( GEOMETRIC_REPRESENTATION_CONTEXT(2) 
PARAMETRIC_REPRESENTATION_CONTEXT() REPRESENTATION_CONTEXT('2D SPACE',''
  ) );
#1070 = PCURVE('',#1071,#1076);
#1071 = PLANE('',#1072);
#1072 = AXIS2_PLACEMENT_3D('',#1073,#1074,#1075);
#1073 = CARTESIAN_POINT('',(-6.435012388421E-16,6.182685985047E-16,83.)
  );
#1074 = DIRECTION('',(0.,0.,1.));
#1075 = DIRECTION('',(1.,0.,-0.));
#1076 = DEFINITIONAL_REPRESENTATION('',(#1077),#1081);
#1077 = CIRCLE('',#1078,8.5);
#1078 = AXIS2_PLACEMENT_2D('',#1079,#1080);
#1079 = CARTESIAN_POINT('',(6.435012388421E-16,-6.182685985047E-16));
#1080 = DIRECTION('',(1.,0.));
#1081 = ( GEOMETRIC_REPRESENTATION_CONTEXT(2) 
PARAMETRIC_REPRESENTATION_CONTEXT() REPRESENTATION_CONTEXT('2D SPACE',''
  ) );
#1082 = ADVANCED_FACE('',(#1083),#468,.T.);
#1083 = FACE_BOUND('',#1084,.T.);
#1084 = EDGE_LOOP('',(#1085,#1086,#1087,#1088,#1089,#1090,#1091,#1092,
    #1093,#1094,#1095,#1096));
#1085 = ORIENTED_EDGE('',*,*,#452,.T.);
#1086 = ORIENTED_EDGE('',*,*,#582,.T.);
#1087 = ORIENTED_EDGE('',*,*,#659,.T.);
#1088 = ORIENTED_EDGE('',*,*,#780,.T.);
#1089 = ORIENTED_EDGE('',*,*,#857,.T.);
#1090 = ORIENTED_EDGE('',*,*,#978,.T.);
#1091 = ORIENTED_EDGE('',*,*,#1006,.T.);
#1092 = ORIENTED_EDGE('',*,*,#906,.T.);
#1093 = ORIENTED_EDGE('',*,*,#830,.T.);
#1094 = ORIENTED_EDGE('',*,*,#708,.T.);
#1095 = ORIENTED_EDGE('',*,*,#632,.T.);
#1096 = ORIENTED_EDGE('',*,*,#528,.F.);
#1097 = ADVANCED_FACE('',(#1098,#1101),#1071,.F.);
#1098 = FACE_BOUND('',#1099,.F.);
#1099 = EDGE_LOOP('',(#1100));
#1100 = ORIENTED_EDGE('',*,*,#1056,.T.);
#1101 = FACE_BOUND('',#1102,.F.);
#1102 = EDGE_LOOP('',(#1103));
#1103 = ORIENTED_EDGE('',*,*,#1104,.F.);
#1104 = EDGE_CURVE('',#1105,#1105,#1107,.T.);
#1105 = VERTEX_POINT('',#1106);
#1106 = CARTESIAN_POINT('',(3.325,0.,83.));
#1107 = SURFACE_CURVE('',#1108,(#1113,#1120),.PCURVE_S1.);
#1108 = CIRCLE('',#1109,3.325);
#1109 = AXIS2_PLACEMENT_3D('',#1110,#1111,#1112);
#1110 = CARTESIAN_POINT('',(0.,0.,83.));
#1111 = DIRECTION('',(0.,0.,1.));
#1112 = DIRECTION('',(1.,0.,0.));
#1113 = PCURVE('',#1071,#1114);
#1114 = DEFINITIONAL_REPRESENTATION('',(#1115),#1119);
#1115 = CIRCLE('',#1116,3.325);
#1116 = AXIS2_PLACEMENT_2D('',#1117,#1118);
#1117 = CARTESIAN_POINT('',(6.435012388421E-16,-6.182685985047E-16));
#1118 = DIRECTION('',(1.,0.));
#1119 = ( GEOMETRIC_REPRESENTATION_CONTEXT(2) 
PARAMETRIC_REPRESENTATION_CONTEXT() REPRESENTATION_CONTEXT('2D SPACE',''
  ) );
#1120 = PCURVE('',#1121,#1126);
#1121 = CYLINDRICAL_SURFACE('',#1122,3.325);
#1122 = AXIS2_PLACEMENT_3D('',#1123,#1124,#1125);
#1123 = CARTESIAN_POINT('',(0.,0.,0.));
#1124 = DIRECTION('',(-0.,-0.,-1.));
#1125 = DIRECTION('',(1.,0.,0.));
#1126 = DEFINITIONAL_REPRESENTATION('',(#1127),#1131);
#1127 = LINE('',#1128,#1129);
#1128 = CARTESIAN_POINT('',(-0.,-83.));
#1129 = VECTOR('',#1130,1.);
#1130 = DIRECTION('',(-1.,0.));
#1131 = ( GEOMETRIC_REPRESENTATION_CONTEXT(2) 
PARAMETRIC_REPRESENTATION_CONTEXT() REPRESENTATION_CONTEXT('2D SPACE',''
  ) );
#1132 = ADVANCED_FACE('',(#1133),#1121,.T.);
#1133 = FACE_BOUND('',#1134,.F.);
#1134 = EDGE_LOOP('',(#1135,#1158,#1159,#1160));
#1135 = ORIENTED_EDGE('',*,*,#1136,.T.);
#1136 = EDGE_CURVE('',#1137,#1105,#1139,.T.);
#1137 = VERTEX_POINT('',#1138);
#1138 = CARTESIAN_POINT('',(3.325,0.,0.));
#1139 = SEAM_CURVE('',#1140,(#1144,#1151),.PCURVE_S1.);
#1140 = LINE('',#1141,#1142);
#1141 = CARTESIAN_POINT('',(3.325,0.,0.));
#1142 = VECTOR('',#1143,1.);
#1143 = DIRECTION('',(0.,0.,1.));
#1144 = PCURVE('',#1121,#1145);
#1145 = DEFINITIONAL_REPRESENTATION('',(#1146),#1150);
#1146 = LINE('',#1147,#1148);
#1147 = CARTESIAN_POINT('',(-0.,0.));
#1148 = VECTOR('',#1149,1.);
#1149 = DIRECTION('',(-0.,-1.));
#1150 = ( GEOMETRIC_REPRESENTATION_CONTEXT(2) 
PARAMETRIC_REPRESENTATION_CONTEXT() REPRESENTATION_CONTEXT('2D SPACE',''
  ) );
#1151 = PCURVE('',#1121,#1152);
#1152 = DEFINITIONAL_REPRESENTATION('',(#1153),#1157);
#1153 = LINE('',#1154,#1155);
#1154 = CARTESIAN_POINT('',(-6.28318530718,0.));
#1155 = VECTOR('',#1156,1.);
#1156 = DIRECTION('',(-0.,-1.));
#1157 = ( GEOMETRIC_REPRESENTATION_CONTEXT(2) 
PARAMETRIC_REPRESENTATION_CONTEXT() REPRESENTATION_CONTEXT('2D SPACE',''
  ) );
#1158 = ORIENTED_EDGE('',*,*,#1104,.T.);
#1159 = ORIENTED_EDGE('',*,*,#1136,.F.);
#1160 = ORIENTED_EDGE('',*,*,#1161,.F.);
#1161 = EDGE_CURVE('',#1137,#1137,#1162,.T.);
#1162 = SURFACE_CURVE('',#1163,(#1168,#1175),.PCURVE_S1.);
#1163 = CIRCLE('',#1164,3.325);
#1164 = AXIS2_PLACEMENT_3D('',#1165,#1166,#1167);
#1165 = CARTESIAN_POINT('',(0.,0.,0.));
#1166 = DIRECTION('',(0.,0.,1.));
#1167 = DIRECTION('',(1.,0.,0.));
#1168 = PCURVE('',#1121,#1169);
#1169 = DEFINITIONAL_REPRESENTATION('',(#1170),#1174);
#1170 = LINE('',#1171,#1172);
#1171 = CARTESIAN_POINT('',(-0.,0.));
#1172 = VECTOR('',#1173,1.);
#1173 = DIRECTION('',(-1.,0.));
#1174 = ( GEOMETRIC_REPRESENTATION_CONTEXT(2) 
PARAMETRIC_REPRESENTATION_CONTEXT() REPRESENTATION_CONTEXT('2D SPACE',''
  ) );
#1175 = PCURVE('',#1176,#1181);
#1176 = PLANE('',#1177);
#1177 = AXIS2_PLACEMENT_3D('',#1178,#1179,#1180);
#1178 = CARTESIAN_POINT('',(-3.084451426781E-16,6.989840821321E-17,0.));
#1179 = DIRECTION('',(0.,0.,1.));
#1180 = DIRECTION('',(1.,0.,-0.));
#1181 = DEFINITIONAL_REPRESENTATION('',(#1182),#1186);
#1182 = CIRCLE('',#1183,3.325);
#1183 = AXIS2_PLACEMENT_2D('',#1184,#1185);
#1184 = CARTESIAN_POINT('',(3.084451426781E-16,-6.989840821321E-17));
#1185 = DIRECTION('',(1.,0.));
#1186 = ( GEOMETRIC_REPRESENTATION_CONTEXT(2) 
PARAMETRIC_REPRESENTATION_CONTEXT() REPRESENTATION_CONTEXT('2D SPACE',''
  ) );
#1187 = ADVANCED_FACE('',(#1188),#1176,.F.);
#1188 = FACE_BOUND('',#1189,.F.);
#1189 = EDGE_LOOP('',(#1190));
#1190 = ORIENTED_EDGE('',*,*,#1161,.T.);
#1191 = ( GEOMETRIC_REPRESENTATION_CONTEXT(3) 
GLOBAL_UNCERTAINTY_ASSIGNED_CONTEXT((#1195)) 
GLOBAL_UNIT_ASSIGNED_CONTEXT((#1192,#1193,#1194)) REPRESENTATION_CONTEXT
('Context #1','3D Context with UNIT and UNCERTAINTY') );
#1192 = ( LENGTH_UNIT() NAMED_UNIT(*) SI_UNIT(.MILLI.,.METRE.) );
#1193 = ( NAMED_UNIT(*) PLANE_ANGLE_UNIT() SI_UNIT($,.RADIAN.) );
#1194 = ( NAMED_UNIT(*) SI_UNIT($,.STERADIAN.) SOLID_ANGLE_UNIT() );
#1195 = UNCERTAINTY_MEASURE_WITH_UNIT(LENGTH_MEASURE(1.E-07),#1192,
  'distance_accuracy_value','confusion accuracy');
#1196 = CONTEXT_DEPENDENT_SHAPE_REPRESENTATION(#1197,#1199);
#1197 = ( REPRESENTATION_RELATIONSHIP('','',#36,#10) 
REPRESENTATION_RELATIONSHIP_WITH_TRANSFORMATION(#1198) 
SHAPE_REPRESENTATION_RELATIONSHIP() );
#1198 = ITEM_DEFINED_TRANSFORMATION('','',#11,#15);
#1199 = PRODUCT_DEFINITION_SHAPE('Placement','Placement of an item',
  #1200);
#1200 = NEXT_ASSEMBLY_USAGE_OCCURRENCE('9','','',#5,#31,$);
#1201 = PRODUCT_RELATED_PRODUCT_CATEGORY('part',$,(#33));
#1202 = SHAPE_DEFINITION_REPRESENTATION(#1203,#1209);
#1203 = PRODUCT_DEFINITION_SHAPE('','',#1204);
#1204 = PRODUCT_DEFINITION('design','',#1205,#1208);
#1205 = PRODUCT_DEFINITION_FORMATION('','',#1206);
#1206 = PRODUCT('Open CASCADE STEP translator 7.9 5.2',
  'Open CASCADE STEP translator 7.9 5.2','',(#1207));
#1207 = PRODUCT_CONTEXT('',#2,'mechanical');
#1208 = PRODUCT_DEFINITION_CONTEXT('part definition',#2,'design');
#1209 = ADVANCED_BREP_SHAPE_REPRESENTATION('',(#11,#1210),#6628);
#1210 = MANIFOLD_SOLID_BREP('',#1211);
#1211 = CLOSED_SHELL('',(#1212,#5932,#6573,#6616,#6622));
#1212 = ADVANCED_FACE('',(#1213),#1802,.F.);
#1213 = FACE_BOUND('',#1214,.F.);
#1214 = EDGE_LOOP('',(#1215,#4128,#4154,#5908));
#1215 = ORIENTED_EDGE('',*,*,#1216,.F.);
#1216 = EDGE_CURVE('',#1217,#1219,#1221,.T.);
#1217 = VERTEX_POINT('',#1218);
#1218 = CARTESIAN_POINT('',(3.34525,3.969047313035E-15,-0.275));
#1219 = VERTEX_POINT('',#1220);
#1220 = CARTESIAN_POINT('',(1.033739096111,3.181521794738,
    81.225000017454));
#1221 = SURFACE_CURVE('',#1222,(#1801,#2965),.PCURVE_S1.);
#1222 = B_SPLINE_CURVE_WITH_KNOTS('',10,(#1223,#1224,#1225,#1226,#1227,
    #1228,#1229,#1230,#1231,#1232,#1233,#1234,#1235,#1236,#1237,#1238,
    #1239,#1240,#1241,#1242,#1243,#1244,#1245,#1246,#1247,#1248,#1249,
    #1250,#1251,#1252,#1253,#1254,#1255,#1256,#1257,#1258,#1259,#1260,
    #1261,#1262,#1263,#1264,#1265,#1266,#1267,#1268,#1269,#1270,#1271,
    #1272,#1273,#1274,#1275,#1276,#1277,#1278,#1279,#1280,#1281,#1282,
    #1283,#1284,#1285,#1286,#1287,#1288,#1289,#1290,#1291,#1292,#1293,
    #1294,#1295,#1296,#1297,#1298,#1299,#1300,#1301,#1302,#1303,#1304,
    #1305,#1306,#1307,#1308,#1309,#1310,#1311,#1312,#1313,#1314,#1315,
    #1316,#1317,#1318,#1319,#1320,#1321,#1322,#1323,#1324,#1325,#1326,
    #1327,#1328,#1329,#1330,#1331,#1332,#1333,#1334,#1335,#1336,#1337,
    #1338,#1339,#1340,#1341,#1342,#1343,#1344,#1345,#1346,#1347,#1348,
    #1349,#1350,#1351,#1352,#1353,#1354,#1355,#1356,#1357,#1358,#1359,
    #1360,#1361,#1362,#1363,#1364,#1365,#1366,#1367,#1368,#1369,#1370,
    #1371,#1372,#1373,#1374,#1375,#1376,#1377,#1378,#1379,#1380,#1381,
    #1382,#1383,#1384,#1385,#1386,#1387,#1388,#1389,#1390,#1391,#1392,
    #1393,#1394,#1395,#1396,#1397,#1398,#1399,#1400,#1401,#1402,#1403,
    #1404,#1405,#1406,#1407,#1408,#1409,#1410,#1411,#1412,#1413,#1414,
    #1415,#1416,#1417,#1418,#1419,#1420,#1421,#1422,#1423,#1424,#1425,
    #1426,#1427,#1428,#1429,#1430,#1431,#1432,#1433,#1434,#1435,#1436,
    #1437,#1438,#1439,#1440,#1441,#1442,#1443,#1444,#1445,#1446,#1447,
    #1448,#1449,#1450,#1451,#1452,#1453,#1454,#1455,#1456,#1457,#1458,
    #1459,#1460,#1461,#1462,#1463,#1464,#1465,#1466,#1467,#1468,#1469,
    #1470,#1471,#1472,#1473,#1474,#1475,#1476,#1477,#1478,#1479,#1480,
    #1481,#1482,#1483,#1484,#1485,#1486,#1487,#1488,#1489,#1490,#1491,
    #1492,#1493,#1494,#1495,#1496,#1497,#1498,#1499,#1500,#1501,#1502,
    #1503,#1504,#1505,#1506,#1507,#1508,#1509,#1510,#1511,#1512,#1513,
    #1514,#1515,#1516,#1517,#1518,#1519,#1520,#1521,#1522,#1523,#1524,
    #1525,#1526,#1527,#1528,#1529,#1530,#1531,#1532,#1533,#1534,#1535,
    #1536,#1537,#1538,#1539,#1540,#1541,#1542,#1543,#1544,#1545,#1546,
    #1547,#1548,#1549,#1550,#1551,#1552,#1553,#1554,#1555,#1556,#1557,
    #1558,#1559,#1560,#1561,#1562,#1563,#1564,#1565,#1566,#1567,#1568,
    #1569,#1570,#1571,#1572,#1573,#1574,#1575,#1576,#1577,#1578,#1579,
    #1580,#1581,#1582,#1583,#1584,#1585,#1586,#1587,#1588,#1589,#1590,
    #1591,#1592,#1593,#1594,#1595,#1596,#1597,#1598,#1599,#1600,#1601,
    #1602,#1603,#1604,#1605,#1606,#1607,#1608,#1609,#1610,#1611,#1612,
    #1613,#1614,#1615,#1616,#1617,#1618,#1619,#1620,#1621,#1622,#1623,
    #1624,#1625,#1626,#1627,#1628,#1629,#1630,#1631,#1632,#1633,#1634,
    #1635,#1636,#1637,#1638,#1639,#1640,#1641,#1642,#1643,#1644,#1645,
    #1646,#1647,#1648,#1649,#1650,#1651,#1652,#1653,#1654,#1655,#1656,
    #1657,#1658,#1659,#1660,#1661,#1662,#1663,#1664,#1665,#1666,#1667,
    #1668,#1669,#1670,#1671,#1672,#1673,#1674,#1675,#1676,#1677,#1678,
    #1679,#1680,#1681,#1682,#1683,#1684,#1685,#1686,#1687,#1688,#1689,
    #1690,#1691,#1692,#1693,#1694,#1695,#1696,#1697,#1698,#1699,#1700,
    #1701,#1702,#1703,#1704,#1705,#1706,#1707,#1708,#1709,#1710,#1711,
    #1712,#1713,#1714,#1715,#1716,#1717,#1718,#1719,#1720,#1721,#1722,
    #1723,#1724,#1725,#1726,#1727,#1728,#1729,#1730,#1731,#1732,#1733,
    #1734,#1735,#1736,#1737,#1738,#1739,#1740,#1741,#1742,#1743,#1744,
    #1745,#1746,#1747,#1748,#1749,#1750,#1751,#1752,#1753,#1754,#1755,
    #1756,#1757,#1758,#1759,#1760,#1761,#1762,#1763,#1764,#1765,#1766,
    #1767,#1768,#1769,#1770,#1771,#1772,#1773,#1774,#1775,#1776,#1777,
    #1778,#1779,#1780,#1781,#1782,#1783,#1784,#1785,#1786,#1787,#1788,
    #1789,#1790,#1791,#1792,#1793,#1794,#1795,#1796,#1797,#1798,#1799,
    #1800),.UNSPECIFIED.,.F.,.F.,(11,9,9,9,9,9,9,9,9,9,9,9,9,9,9,9,9,9,9
    ,9,9,9,9,9,9,9,9,9,9,9,9,9,9,9,9,9,9,9,9,9,9,9,9,9,9,9,9,9,9,9,9,9,9
    ,9,9,9,9,9,9,9,9,9,9,9,11),(0.,6.526437041918,13.052874083836,
    19.579311125753,26.105748167671,32.632185209589,39.158622251507,
    45.685059293424,52.211496335342,58.73793337726,65.264370419178,
    71.790807461095,78.317244503013,84.843681544931,91.370118586849,
    97.896555628766,104.42299267068,110.9494297126,117.47586675452,
    124.00230379643,130.52874083835,137.05517788027,143.58161492219,
    150.1080519641,156.63448900602,163.16092604794,169.68736308986,
    176.21380013177,182.74023717369,189.26667421561,195.79311125753,
    202.31954829945,208.84598534136,215.37242238328,221.8988594252,
    228.42529646712,234.95173350903,241.47817055095,248.00460759287,
    254.53104463479,261.05748167671,267.58391871862,274.11035576054,
    280.63679280246,287.16322984438,293.68966688629,300.21610392821,
    306.74254097013,313.26897801205,319.79541505397,326.32185209588,
    332.8482891378,339.37472617972,345.90116322164,352.42760026355,
    358.95403730547,365.48047434739,372.00691138931,378.53334843123,
    385.05978547314,391.58622251506,398.11265955698,404.6390965989,
    411.16553364081,417.69197068273),.UNSPECIFIED.);
#1223 = CARTESIAN_POINT('',(3.34525,2.192690473635E-15,-0.275));
#1224 = CARTESIAN_POINT('',(3.345250003844,2.141291613974,
    -0.147656253942));
#1225 = CARTESIAN_POINT('',(1.82258539973,4.284663859336,
    -2.031240992518E-02));
#1226 = CARTESIAN_POINT('',(-1.225884200957,5.192787194875,
    0.107031104498));
#1227 = CARTESIAN_POINT('',(-4.667099502739,3.730512959572,
    0.234375135354));
#1228 = CARTESIAN_POINT('',(-6.350454467999,-0.37450683839,
    0.361718785444));
#1229 = CARTESIAN_POINT('',(-4.196274509862,-4.253212008187,
    0.489062332063));
#1230 = CARTESIAN_POINT('',(-0.607040359672,-5.30088107817,
    0.616406453943));
#1231 = CARTESIAN_POINT('',(2.313560427835,-4.040742431095,
    0.743749898376));
#1232 = CARTESIAN_POINT('',(3.573744061562,-1.73325718657,0.871093788814
    ));
#1233 = CARTESIAN_POINT('',(3.070380432503,2.519641141215,1.125781228947
    ));
#1234 = CARTESIAN_POINT('',(1.306343806273,4.469186467396,1.253125116211
    ));
#1235 = CARTESIAN_POINT('',(-1.827733592946,5.012705933927,
    1.380468572115));
#1236 = CARTESIAN_POINT('',(-5.073224117864,3.156096013512,
    1.507812668184));
#1237 = CARTESIAN_POINT('',(-6.262417434096,-1.118326814263,
    1.635156258282));
#1238 = CARTESIAN_POINT('',(-3.667276399665,-4.716949874103,
    1.762499850121));
#1239 = CARTESIAN_POINT('',(2.021914186412E-02,-5.335487735224,
    1.889843944652));
#1240 = CARTESIAN_POINT('',(2.772462230029,-3.74080398003,2.017187401746
    ));
#1241 = CARTESIAN_POINT('',(3.752695040181,-1.301194463495,
    2.144531288215));
#1242 = CARTESIAN_POINT('',(2.752945895819,2.863060665379,2.399218729243
    ));
#1243 = CARTESIAN_POINT('',(0.771992282259,4.59175236027,2.526562615755)
  );
#1244 = CARTESIAN_POINT('',(-2.404244989123,4.763133097121,
    2.653906072687));
#1245 = CARTESIAN_POINT('',(-5.409018157497,2.537925838699,2.7812501676)
  );
#1246 = CARTESIAN_POINT('',(-6.087563995306,-1.846643330888,
    2.908593758764));
#1247 = CARTESIAN_POINT('',(-3.087438502985,-5.11529625673,
    3.035937349803));
#1248 = CARTESIAN_POINT('',(0.647198334417,-5.296128067037,
    3.163281444814));
#1249 = CARTESIAN_POINT('',(3.192929153012,-3.389006441141,
    3.290624901687));
#1250 = CARTESIAN_POINT('',(3.879622083789,-0.851093169587,
    3.417968788227));
#1251 = CARTESIAN_POINT('',(2.397347033477,3.166789333074,3.672656229235
    ));
#1252 = CARTESIAN_POINT('',(0.226938562305,4.650662394844,3.800000115774
    ));
#1253 = CARTESIAN_POINT('',(-2.947426129432,4.447528536156,
    3.927343572656));
#1254 = CARTESIAN_POINT('',(-5.669826513371,1.88457217948,4.054687667627
    ));
#1255 = CARTESIAN_POINT('',(-5.82831813226,-2.549359672042,
    4.182031258757));
#1256 = CARTESIAN_POINT('',(-2.464799180865,-5.442728846961,
    4.309374849789));
#1257 = CARTESIAN_POINT('',(1.265205360897,-5.183347719523,
    4.436718944834));
#1258 = CARTESIAN_POINT('',(3.569132224216,-2.990226814192,
    4.564062401674));
#1259 = CARTESIAN_POINT('',(3.952765592461,-0.3891930978,4.69140628823)
  );
#1260 = CARTESIAN_POINT('',(2.008513542816,3.426616527616,4.946093729232
    ));
#1261 = CARTESIAN_POINT('',(-0.321261226465,4.645099896264,
    5.073437615784));
#1262 = CARTESIAN_POINT('',(-3.449746847581,4.070267504205,5.20078107264
    ));
#1263 = CARTESIAN_POINT('',(-5.852033576161,1.205092533888,
    5.328125167646));
#1264 = CARTESIAN_POINT('',(-5.488273793189,-3.216734020574,
    5.455468758745));
#1265 = CARTESIAN_POINT('',(-1.807990135514,-5.69470841864,
    5.582812349792));
#1266 = CARTESIAN_POINT('',(1.865672736548,-4.998710176324,
    5.710156444837));
#1267 = CARTESIAN_POINT('',(3.895856108122,-2.549993415495,
    5.837499901671));
#1268 = CARTESIAN_POINT('',(3.971111571433,7.810239140842E-02,
    5.964843788232));
#1269 = CARTESIAN_POINT('',(1.591835855998,3.638940242238,6.21953122923)
  );
#1270 = CARTESIAN_POINT('',(-0.865007343191,4.57514197792,6.346875115793
    ));
#1271 = CARTESIAN_POINT('',(-3.904243428197,3.636580003444,
    6.474218572621));
#1272 = CARTESIAN_POINT('',(-5.953113393676,0.508906586734,
    6.601562667669));
#1273 = CARTESIAN_POINT('',(-5.07214504204,-3.839514508426,
    6.728906258726));
#1274 = CARTESIAN_POINT('',(-1.126116767263,-5.867741757273,
    6.856249849801));
#1275 = CARTESIAN_POINT('',(2.440276130439,-4.744775083599,
    6.983593944834));
#1276 = CARTESIAN_POINT('',(4.168571403403,-2.074409238556,
    7.110937401673));
#1277 = CARTESIAN_POINT('',(3.934405688819,0.544315140443,7.238281288229
    ));
#1278 = CARTESIAN_POINT('',(1.15309041166,3.800817015001,7.492968729236)
  );
#1279 = CARTESIAN_POINT('',(-1.396761788623,4.441758472473,
    7.620312615767));
#1280 = CARTESIAN_POINT('',(-4.304615146109,3.152478281008,
    7.747656072666));
#1281 = CARTESIAN_POINT('',(-5.97166468764,-0.194334376242,
    7.875000167631));
#1282 = CARTESIAN_POINT('',(-4.585700707562,-4.409067476085,
    8.002343758726));
#1283 = CARTESIAN_POINT('',(-0.428631945305,-5.959430086802,
    8.12968734984));
#1284 = CARTESIAN_POINT('',(2.981049766258,-4.425062765383,
    8.257031444788));
#1285 = CARTESIAN_POINT('',(4.383497434436,-1.570067347771,8.3843749017)
  );
#1286 = CARTESIAN_POINT('',(3.843156801428,1.002982001828,8.511718788222
    ));
#1287 = CARTESIAN_POINT('',(0.698359575677,3.910002734273,8.76640622924)
  );
#1288 = CARTESIAN_POINT('',(-1.909152805145,4.246798486927,
    8.893750115756));
#1289 = CARTESIAN_POINT('',(-4.645311613637,2.624673480765,
    9.021093572687));
#1290 = CARTESIAN_POINT('',(-5.907430279968,-0.894881265014,
    9.148437667601));
#1291 = CARTESIAN_POINT('',(-4.035684409378,-4.917497161783,
    9.275781258758));
#1292 = CARTESIAN_POINT('',(0.27479503822,-5.968502323941,9.403124849813
    ));
#1293 = CARTESIAN_POINT('',(3.480496852508,-4.044005421136,
    9.530468944806));
#1294 = CARTESIAN_POINT('',(4.537654663175,-1.043959478154,9.65781240169
    ));
#1295 = CARTESIAN_POINT('',(3.698629900436,1.447744437368,9.785156288228
    ));
#1296 = CARTESIAN_POINT('',(0.233947320783,3.964983749035,10.03984372923
    ));
#1297 = CARTESIAN_POINT('',(-2.395077072003,3.992964768324,
    10.167187615797));
#1298 = CARTESIAN_POINT('',(-4.921609726278,2.060482606137,
    10.294531072613));
#1299 = CARTESIAN_POINT('',(-5.76130065785,-1.583022337793,
    10.421875167676));
#1300 = CARTESIAN_POINT('',(-3.429721070711,-5.35775516099,
    10.549218758729));
#1301 = CARTESIAN_POINT('',(0.97441251443,-5.894832699495,
    10.676562349789));
#1302 = CARTESIAN_POINT('',(3.931693511265,-3.606885681626,
    10.803906444849));
#1303 = CARTESIAN_POINT('',(4.628905994673,-0.503379108398,
    10.931249901662));
#1304 = CARTESIAN_POINT('',(3.502828574718,1.872436667134,
    11.058593788235));
#1305 = CARTESIAN_POINT('',(-0.233708165963,3.964997852736,
    11.313281229225));
#1306 = CARTESIAN_POINT('',(-2.8477981792,3.683776235391,11.440625115808
    ));
#1307 = CARTESIAN_POINT('',(-5.129679139627,1.467727083744,
    11.567968572594));
#1308 = CARTESIAN_POINT('',(-5.535301628662,-2.249217835627,
    11.695312667697));
#1309 = CARTESIAN_POINT('',(-2.776211213621,-5.723738139119,
    11.822656258713));
#1310 = CARTESIAN_POINT('',(1.660521626081,-5.739442501896,
    11.949999849796));
#1311 = CARTESIAN_POINT('',(4.328384764401,-3.119763375353,
    12.077343944847));
#1312 = CARTESIAN_POINT('',(4.655986403854,4.417964925144E-02,
    12.204687401665));
#1313 = CARTESIAN_POINT('',(3.258467234915,2.271171146192,
    12.332031288231));
#1314 = CARTESIAN_POINT('',(-0.698123736291,3.910044849848,
    12.586718729236));
#1315 = CARTESIAN_POINT('',(-3.26104001504,3.323519195407,
    12.714062615763));
#1316 = CARTESIAN_POINT('',(-5.266635369517,0.854624334369,
    12.841406072683));
#1317 = CARTESIAN_POINT('',(-5.232566236366,-2.884232232909,
    12.968750167592));
#1318 = CARTESIAN_POINT('',(-2.084214501558,-6.010372442693,
    13.096093758785));
#1319 = CARTESIAN_POINT('',(2.323610783524,-5.504485918798,
    13.223437349777));
#1320 = CARTESIAN_POINT('',(4.665071246903,-2.5893915208,13.350781444835
    ));
#1321 = CARTESIAN_POINT('',(4.618520472685,0.591125940605,
    13.478124901677));
#1322 = CARTESIAN_POINT('',(2.968933483311,2.638420184125,
    13.605468788229));
#1323 = CARTESIAN_POINT('',(-1.152861157156,3.800886558597,
    13.860156229233));
#1324 = CARTESIAN_POINT('',(-3.629073772436,2.91718792266,13.98750011578
    ));
#1325 = CARTESIAN_POINT('',(-5.33057977981,0.229673854339,
    14.114843572641));
#1326 = CARTESIAN_POINT('',(-4.857291327947,-3.479262270522,
    14.24218766766));
#1327 = CARTESIAN_POINT('',(-1.36332414436,-6.213684435597,
    14.369531258706));
#1328 = CARTESIAN_POINT('',(2.954487524605,-5.193220173558,
    14.496874849848));
#1329 = CARTESIAN_POINT('',(4.937085445093,-2.023122708661,
    14.624218944784));
#1330 = CARTESIAN_POINT('',(4.517027594598,1.129877402146,
    14.751562401707));
#1331 = CARTESIAN_POINT('',(2.638241151232,2.969092575914,
    14.878906288214));
#1332 = CARTESIAN_POINT('',(-1.591616364554,3.639036249741,
    15.133593729262));
#1333 = CARTESIAN_POINT('',(-3.946797367663,2.4704154227,15.260937615661
    ));
#1334 = CARTESIAN_POINT('',(-5.320625903796,-0.398460614294,
    15.388281072863));
#1335 = CARTESIAN_POINT('',(-4.414679371544,-4.026058995542,
    15.515625167421));
#1336 = CARTESIAN_POINT('',(-0.623533907322,-6.33085558636,
    15.642968758835));
#1337 = CARTESIAN_POINT('',(3.544405950874,-4.80996036995,
    15.770312349862));
#1338 = CARTESIAN_POINT('',(5.140656402685,-1.428807172207,
    15.897656444709));
#1339 = CARTESIAN_POINT('',(4.352914774105,1.65296527597,16.024999901754
    ));
#1340 = CARTESIAN_POINT('',(2.270974654945,3.258604181705,16.15234378821
    ));
#1341 = CARTESIAN_POINT('',(-2.00830685726,3.426737668108,
    16.407031229243));
#1342 = CARTESIAN_POINT('',(-4.209806171262,1.989395340888,
    16.53437511576));
#1343 = CARTESIAN_POINT('',(-5.236911732657,-1.021071188822,
    16.66171857268));
#1344 = CARTESIAN_POINT('',(-3.91086633523,-4.517042118396,
    16.78906266759));
#1345 = CARTESIAN_POINT('',(0.124900434259,-6.360261541013,
    16.916406258806));
#1346 = CARTESIAN_POINT('',(4.085187972079,-4.360019671511,
    17.043749849741));
#1347 = CARTESIAN_POINT('',(5.272961998117,-0.814683959117,
    17.17109394487));
#1348 = CARTESIAN_POINT('',(4.128457121325,2.153137949988,
    17.298437401656));
#1349 = CARTESIAN_POINT('',(1.87222544151,3.502941477166,17.425781288236
    ));
#1350 = CARTESIAN_POINT('',(-2.397156019112,3.166933927173,
    17.680468729224));
#1351 = CARTESIAN_POINT('',(-4.414454069462,1.480796100235,
    17.807812615813));
#1352 = CARTESIAN_POINT('',(-5.080597803392,-1.629526565621,
    17.935156072583));
#1353 = CARTESIAN_POINT('',(-3.352836622098,-4.945405097458,
    18.062500167714));
#1354 = CARTESIAN_POINT('',(0.871603270218,-6.3014946423,18.189843758694
    ));
#1355 = CARTESIAN_POINT('',(4.569336680855,-3.849635645164,
    18.317187349813));
#1356 = CARTESIAN_POINT('',(5.332168067354,-0.189266712013,
    18.444531444835));
#1357 = CARTESIAN_POINT('',(3.846766312073,2.623461487154,
    18.571874901671));
#1358 = CARTESIAN_POINT('',(1.447521405597,3.698717193387,
    18.699218788229));
#1359 = CARTESIAN_POINT('',(-2.752773200699,2.863226708537,
    18.95390622924));
#1360 = CARTESIAN_POINT('',(-4.557904010847,0.951668455861,
    19.081250115742));
#1361 = CARTESIAN_POINT('',(-4.853851109423,-2.215391675541,
    19.208593572719));
#1362 = CARTESIAN_POINT('',(-2.748326246166,-5.305209499687,
    19.33593766756));
#1363 = CARTESIAN_POINT('',(1.606222994932,-6.15536958102,
    19.463281258791));
#1364 = CARTESIAN_POINT('',(4.990140281905,-3.285883788395,
    19.590624849799));
#1365 = CARTESIAN_POINT('',(5.317453831598,0.438774355817,
    19.717968944808));
#1366 = CARTESIAN_POINT('',(3.511747450275,3.057415751861,19.84531240169
    ));
#1367 = CARTESIAN_POINT('',(1.002750255822,3.843217274729,
    19.972656288228));
#1368 = CARTESIAN_POINT('',(-3.070228450421,2.519826331567,
    20.227343729227));
#1369 = CARTESIAN_POINT('',(-4.638167336541,0.409347749639,
    20.354687615813));
#1370 = CARTESIAN_POINT('',(-4.559815059621,-2.770544619711,
    20.482031072581));
#1371 = CARTESIAN_POINT('',(-2.105715586971,-5.591467326156,
    20.609375167712));
#1372 = CARTESIAN_POINT('',(2.318575512125,-5.923912101158,
    20.736718758707));
#1373 = CARTESIAN_POINT('',(5.341765138492,-2.676579441803,
    20.864062349787));
#1374 = CARTESIAN_POINT('',(5.22902327568,1.060732656918,20.991406444865
    ));
#1375 = CARTESIAN_POINT('',(3.128044931212,3.448984798836,
    21.118749901645));
#1376 = CARTESIAN_POINT('',(0.54407789293,3.934438504115,21.246093788245
    ));
#1377 = CARTESIAN_POINT('',(-3.345120858824,2.141493385235,
    21.500781229206));
#1378 = CARTESIAN_POINT('',(-4.654131349128,-0.138647779673,
    21.628125115888));
#1379 = CARTESIAN_POINT('',(-4.202565901133,-3.287289265318,
    21.755468572446));
#1380 = CARTESIAN_POINT('',(-1.433913211257,-5.800210159691,
    21.88281266785));
#1381 = CARTESIAN_POINT('',(2.998785417333,-5.610330917858,
    22.01015625864));
#1382 = CARTESIAN_POINT('',(5.61933664513,-2.03016944399,22.137499849769
    ));
#1383 = CARTESIAN_POINT('',(5.068102319901,1.667985929899,
    22.264843944912));
#1384 = CARTESIAN_POINT('',(2.700978055988,3.792740272598,
    22.392187401623));
#1385 = CARTESIAN_POINT('',(7.7862931361E-02,3.971116273819,
    22.51953128824));
#1386 = CARTESIAN_POINT('',(-3.57363956876,1.733472731704,
    22.774218729238));
#1387 = CARTESIAN_POINT('',(-4.605574738204,-0.68472122271,
    22.901562615737));
#1388 = CARTESIAN_POINT('',(-3.787056209696,-3.758461937172,
    23.028906072736));
#1389 = CARTESIAN_POINT('',(-0.742232373241,-5.928544180046,
    23.156250167541));
#1390 = CARTESIAN_POINT('',(3.637422902016,-5.218973234316,23.2835937588
    ));
#1391 = CARTESIAN_POINT('',(5.819006804259,-1.355615032337,23.4109373498
    ));
#1392 = CARTESIAN_POINT('',(4.836921825217,2.25211577039,23.538281444807
    ));
#1393 = CARTESIAN_POINT('',(2.236467289496,4.083916661401,
    23.665624901683));
#1394 = CARTESIAN_POINT('',(-0.389431450726,3.952742116741,
    23.79296878824));
#1395 = CARTESIAN_POINT('',(-3.75261660573,1.301420796509,
    24.047656229196));
#1396 = CARTESIAN_POINT('',(-4.493170648079,-1.221302316755,
    24.175000115945));
#1397 = CARTESIAN_POINT('',(-3.319046232128,-4.177530727072,
    24.302343572346));
#1398 = CARTESIAN_POINT('',(-4.026190393866E-02,-5.974690282712,
    24.429687667925));
#1399 = CARTESIAN_POINT('',(4.225634480102,-4.755264475063,
    24.557031258671));
#1400 = CARTESIAN_POINT('',(5.938007570724,-0.662267612894,
    24.684374849637));
#1401 = CARTESIAN_POINT('',(4.53868666717,2.805024335969,24.81171894506)
  );
#1402 = CARTESIAN_POINT('',(1.740952184289,4.318477362039,
    24.939062401531));
#1403 = CARTESIAN_POINT('',(-0.851327111068,3.879570755389,
    25.066406288272));
#1404 = CARTESIAN_POINT('',(-3.879570795614,0.851327152743,
    25.321093729198));
#1405 = CARTESIAN_POINT('',(-4.31847734653,-1.740952391445,
    25.448437615884));
#1406 = CARTESIAN_POINT('',(-2.805024030798,-4.538686049279,
    25.575781072471));
#1407 = CARTESIAN_POINT('',(0.66226671962,-5.938008739115,
    25.703125167813));
#1408 = CARTESIAN_POINT('',(4.755265723365,-4.225633075358,
    25.830468758672));
#1409 = CARTESIAN_POINT('',(5.974689227409,4.026087954454E-02,
    25.957812349751));
#1410 = CARTESIAN_POINT('',(4.177531304801,3.3190466078,26.085156444923)
  );
#1411 = CARTESIAN_POINT('',(1.221302109227,4.493170639129,
    26.212499901612));
#1412 = CARTESIAN_POINT('',(-1.301420750408,3.752616570691,
    26.339843788251));
#1413 = CARTESIAN_POINT('',(-3.952742161558,0.389431487362,
    26.594531229211));
#1414 = CARTESIAN_POINT('',(-4.083916621741,-2.236467493277,
    26.721875115855));
#1415 = CARTESIAN_POINT('',(-2.252115539861,-4.836921175981,
    26.849218572509));
#1416 = CARTESIAN_POINT('',(1.355614282628,-5.819008069248,
    26.976562667793));
#1417 = CARTESIAN_POINT('',(5.218974308562,-3.637421360493,
    27.103906258647));
#1418 = CARTESIAN_POINT('',(5.928543252912,0.742231231949,
    27.231249849817));
#1419 = CARTESIAN_POINT('',(3.758462466357,3.787056650737,
    27.358593944849));
#1420 = CARTESIAN_POINT('',(0.684721017868,4.605574704853,
    27.485937401664));
#1421 = CARTESIAN_POINT('',(-1.73347268185,3.573639539408,
    27.613281288225));
#1422 = CARTESIAN_POINT('',(-3.971116322602,-7.786290026648E-02,
    27.867968729256));
#1423 = CARTESIAN_POINT('',(-3.792740209334,-2.700978253635,
    27.995312615674));
#1424 = CARTESIAN_POINT('',(-1.66798577715,-5.068101648194,
    28.122656072834));
#1425 = CARTESIAN_POINT('',(2.030168847997,-5.619337989299,
    28.250000167479));
#1426 = CARTESIAN_POINT('',(5.610331803627,-2.998783760394,
    28.37734375875));
#1427 = CARTESIAN_POINT('',(5.800209373018,1.433911969012,
    28.504687349953));
#1428 = CARTESIAN_POINT('',(3.28728973905,4.202566401265,28.632031444639
    ));
#1429 = CARTESIAN_POINT('',(0.138647580153,4.654131291948,
    28.759374901793));
#1430 = CARTESIAN_POINT('',(-2.141493332274,3.345120835532,
    28.886718788195));
#1431 = CARTESIAN_POINT('',(-3.934438556214,-0.544077867785,
    29.141406229264));
#1432 = CARTESIAN_POINT('',(-3.448984712782,-3.128045120054,
    29.268750115684));
#1433 = CARTESIAN_POINT('',(-1.060732584181,-5.229022590676,
    29.396093572799));
#1434 = CARTESIAN_POINT('',(2.676579007958,-5.341766543395,
    29.523437667517));
#1435 = CARTESIAN_POINT('',(5.923912785973,-2.318573762553,
    29.650781258738));
#1436 = CARTESIAN_POINT('',(5.591466691027,2.105714260859,
    29.778124849932));
#1437 = CARTESIAN_POINT('',(2.770545031306,4.559815611985,29.90546894467
    ));
#1438 = CARTESIAN_POINT('',(-0.409347941016,4.638167256294,
    30.032812401773));
#1439 = CARTESIAN_POINT('',(-2.519826276249,3.07022843352,
    30.160156288199));
#1440 = CARTESIAN_POINT('',(-3.84321732941,-1.00275023698,
    30.414843729263));
#1441 = CARTESIAN_POINT('',(-3.057415644245,-3.511747627661,
    30.54218761568));
#1442 = CARTESIAN_POINT('',(-0.43877436405,-5.317453142871,
    30.669531072814));
#1443 = CARTESIAN_POINT('',(3.285883522673,-4.990141727942,
    30.796875167487));
#1444 = CARTESIAN_POINT('',(6.155370055391,-1.60622117712,30.92421875878
    ));
#1445 = CARTESIAN_POINT('',(5.305209024934,2.748324854678,
    31.051562349891));
#1446 = CARTESIAN_POINT('',(2.215392019264,4.853851706303,
    31.178906444697));
#1447 = CARTESIAN_POINT('',(-0.951668636431,4.557903908667,
    31.306249901764));
#1448 = CARTESIAN_POINT('',(-2.863226651625,2.752773190419,
    31.433593788199));
#1449 = CARTESIAN_POINT('',(-3.6987172499,-1.447521393314,31.68828122927
    ));
#1450 = CARTESIAN_POINT('',(-2.623461359437,-3.846766475582,
    31.815625115646));
#1451 = CARTESIAN_POINT('',(0.189266622899,-5.332167384357,
    31.942968572882));
#1452 = CARTESIAN_POINT('',(3.8496355512,-4.56933814813,32.070312667409)
  );
#1453 = CARTESIAN_POINT('',(6.301494899816,-0.871601409207,
    32.197656258834));
#1454 = CARTESIAN_POINT('',(4.945404789429,3.352835184415,32.32499984987
    ));
#1455 = CARTESIAN_POINT('',(1.629526836911,5.080598436559,
    32.452343944706));
#1456 = CARTESIAN_POINT('',(-1.480796267607,4.414453946759,
    32.579687401749));
#1457 = CARTESIAN_POINT('',(-3.16693386942,2.397156015592,
    32.707031288219));
#1458 = CARTESIAN_POINT('',(-3.502941534777,-1.872225435949,
    32.961718729218));
#1459 = CARTESIAN_POINT('',(-2.153137803758,-4.128457268739,
    33.089062615873));
#1460 = CARTESIAN_POINT('',(0.814683790008,-5.272961330182,
    33.216406072462));
#1461 = CARTESIAN_POINT('',(4.360019751024,-4.085189440477,
    33.343750167837));
#1462 = CARTESIAN_POINT('',(6.360261577791,-0.124898555605,
    33.471093758653));
#1463 = CARTESIAN_POINT('',(4.517041981491,3.910864871103,
    33.598437349753));
#1464 = CARTESIAN_POINT('',(1.021071383902,5.236912393419,
    33.725781444933));
#1465 = CARTESIAN_POINT('',(-1.989395492746,4.209806029711,
    33.853124901602));
#1466 = CARTESIAN_POINT('',(-3.426737610329,2.008306860555,
    33.980468788256));
#1467 = CARTESIAN_POINT('',(-3.25860423956,-2.270974656195,
    34.235156229201));
#1468 = CARTESIAN_POINT('',(-1.652965113491,-4.352914903294,
    34.362500115897));
#1469 = CARTESIAN_POINT('',(1.42880692588,-5.140655759318,34.48984357243
    ));
#1470 = CARTESIAN_POINT('',(4.809960621417,-3.544407399617,
    34.617187667882));
#1471 = CARTESIAN_POINT('',(6.330855402034,0.623535777101,
    34.744531258593));
#1472 = CARTESIAN_POINT('',(4.026059031831,4.414677901635,
    34.871874849819));
#1473 = CARTESIAN_POINT('',(0.398460730186,5.320626582809,
    34.999218944877));
#1474 = CARTESIAN_POINT('',(-2.470415556767,3.946797209281,
    35.126562401638));
#1475 = CARTESIAN_POINT('',(-3.639036192778,1.591616374611,
    35.253906288237));
#1476 = CARTESIAN_POINT('',(-2.969092633199,-2.63824115927,
    35.508593729236));
#1477 = CARTESIAN_POINT('',(-1.129877225676,-4.517027703796,
    35.635937615754));
#1478 = CARTESIAN_POINT('',(2.023122388555,-4.937084835142,
    35.763281072696));
#1479 = CARTESIAN_POINT('',(5.193220593377,-2.954488933741,
    35.890625167598));
#1480 = CARTESIAN_POINT('',(6.213684032972,1.36332597951,36.01796875874)
  );
#1481 = CARTESIAN_POINT('',(3.479262479182,4.857289872486,
    36.145312349852));
#1482 = CARTESIAN_POINT('',(-0.229673818976,5.330580467747,
    36.272656444764));
#1483 = CARTESIAN_POINT('',(-2.917188037213,3.629073599389,
    36.399999901719));
#1484 = CARTESIAN_POINT('',(-3.800886503206,1.152861173839,
    36.527343788214));
#1485 = CARTESIAN_POINT('',(-2.638420240067,-2.968933498026,
    36.782031229254));
#1486 = CARTESIAN_POINT('',(-0.59112575254,-4.618520560388,
    36.909375115702));
#1487 = CARTESIAN_POINT('',(2.589391131253,-4.665070678805,
    37.036718572784));
#1488 = CARTESIAN_POINT('',(5.504486501304,-2.323612133534,
    37.164062667506));
#1489 = CARTESIAN_POINT('',(6.010371827163,2.084216276631,
    37.291406258791));
#1490 = CARTESIAN_POINT('',(2.884232611219,5.232564815557,
    37.418749849851));
#1491 = CARTESIAN_POINT('',(-0.854624380141,5.266636056815,
    37.546093944745));
#1492 = CARTESIAN_POINT('',(-3.323519288811,3.261039829738,
    37.673437401729));
#1493 = CARTESIAN_POINT('',(-3.910044796801,0.698123759369,
    37.800781288217));
#1494 = CARTESIAN_POINT('',(-2.27117120003,-3.258467256107,
    38.055468729237));
#1495 = CARTESIAN_POINT('',(-4.417945211209E-02,-4.655986468838,
    38.182812615783));
#1496 = CARTESIAN_POINT('',(3.119762921593,-4.328384246009,
    38.310156072627));
#1497 = CARTESIAN_POINT('',(5.739443239199,-1.660522898349,
    38.437500167683));
#1498 = CARTESIAN_POINT('',(5.723737319128,2.776212904188,
    38.564843758686));
#1499 = CARTESIAN_POINT('',(2.249218378302,5.535300262005,
    38.692187349851));
#1500 = CARTESIAN_POINT('',(-1.467727209918,5.129679816899,
    38.819531444801));
#1501 = CARTESIAN_POINT('',(-3.683776306421,2.847797984149,
    38.94687490168));
#1502 = CARTESIAN_POINT('',(-3.964997802749,0.23370819513,
    39.074218788238));
#1503 = CARTESIAN_POINT('',(-1.872436718132,-3.502828602106,
    39.328906229206));
#1504 = CARTESIAN_POINT('',(0.503379311897,-4.628906035993,
    39.456250115895));
#1505 = CARTESIAN_POINT('',(3.606885169921,-3.931693049843,
    39.583593572446));
#1506 = CARTESIAN_POINT('',(5.894833581389,-0.974413691241,
    39.710937667805));
#1507 = CARTESIAN_POINT('',(5.357754147908,3.429722653317,
    39.838281258755));
#1508 = CARTESIAN_POINT('',(1.583023037294,5.761299364254,
    39.965624849616));
#1509 = CARTESIAN_POINT('',(-2.060482810955,4.921610384181,
    40.092968945036));
#1510 = CARTESIAN_POINT('',(-3.992964815986,2.39507686989,
    40.220312401565));
#1511 = CARTESIAN_POINT('',(-3.96498370282,-0.23394728594,
    40.347656288248));
#1512 = CARTESIAN_POINT('',(-1.447744484764,-3.698629933607,
    40.602343729245));
#1513 = CARTESIAN_POINT('',(1.043959684928,-4.537654680374,
    40.72968761569));
#1514 = CARTESIAN_POINT('',(4.044004859098,-3.480496454341,
    40.857031072818));
#1515 = CARTESIAN_POINT('',(5.968503337627,-0.274796103158,
    40.984375167485));
#1516 = CARTESIAN_POINT('',(4.917495969961,4.035685861633,
    41.111718758758));
#1517 = CARTESIAN_POINT('',(0.894882111712,5.907429077999,
    41.239062349932));
#1518 = CARTESIAN_POINT('',(-2.624673761624,4.645312242545,
    41.366406444666));
#1519 = CARTESIAN_POINT('',(-4.246798510398,1.909152598999,
    41.493749901769));
#1520 = CARTESIAN_POINT('',(-3.910002692499,-0.698359535672,
    41.62109378821));
#1521 = CARTESIAN_POINT('',(-1.002982045001,-3.843156839944,
    41.875781229233));
#1522 = CARTESIAN_POINT('',(1.570067555214,-4.38349742716,
    42.003125115814));
#1523 = CARTESIAN_POINT('',(4.425062160248,-2.981049436991,
    42.130468572563));
#1524 = CARTESIAN_POINT('',(5.959431218886,0.428631006921,
    42.257812667747));
#1525 = CARTESIAN_POINT('',(4.409066121638,4.585702009764,
    42.385156258665));
#1526 = CARTESIAN_POINT('',(0.194335358407,5.971663593337,
    42.512499849825));
#1527 = CARTESIAN_POINT('',(-3.152478633811,4.30461573781,
    42.639843944836));
#1528 = CARTESIAN_POINT('',(-4.441758471589,1.396761581067,
    42.767187401668));
#1529 = CARTESIAN_POINT('',(-3.800816978208,-1.153090367007,
    42.894531288229));
#1530 = CARTESIAN_POINT('',(-0.544315178788,-3.93440573214,
    43.149218729241));
#1531 = CARTESIAN_POINT('',(2.074409443675,-4.168571371826,
    43.27656261574));
#1532 = CARTESIAN_POINT('',(4.744774444036,-2.44027587451,
    43.403906072731));
#1533 = CARTESIAN_POINT('',(5.867742991689,1.126115968348,
    43.531250167528));
#1534 = CARTESIAN_POINT('',(3.839513010419,5.072146176112,
    43.658593758844));
#1535 = CARTESIAN_POINT('',(-0.508905482823,5.953112422329,
    43.785937349736));
#1536 = CARTESIAN_POINT('',(-3.63658042332,3.904243974373,
    43.913281444861));
#1537 = CARTESIAN_POINT('',(-4.575141952659,0.865007137152,
    44.040624901658));
#1538 = CARTESIAN_POINT('',(-3.63894021094,-1.591835807315,
    44.167968788244));
#1539 = CARTESIAN_POINT('',(-7.810242441603E-02,-3.971111618991,
    44.422656229199));
#1540 = CARTESIAN_POINT('',(2.549993615586,-3.895856052539,
    44.550000115929));
#1541 = CARTESIAN_POINT('',(4.998709510883,-1.865672557767,
    44.677343572366));
#1542 = CARTESIAN_POINT('',(5.694709738711,1.807989487422,
    44.804687667936));
#1543 = CARTESIAN_POINT('',(3.216732399394,5.488274743248,44.9320312586)
  );
#1544 = CARTESIAN_POINT('',(-1.205091323333,5.852032741254,
    45.059374849753));
#1545 = CARTESIAN_POINT('',(-4.070267985386,3.449747340698,
    45.186718944946));
#1546 = CARTESIAN_POINT('',(-4.64509984697,0.321261024786,
    45.314062401606));
#1547 = CARTESIAN_POINT('',(-3.426616502259,-2.008513490799,
    45.441406288236));
#1548 = CARTESIAN_POINT('',(0.389193070632,-3.952765643526,
    45.696093729259));
#1549 = CARTESIAN_POINT('',(2.990227006227,-3.569132145688,
    45.823437615635));
#1550 = CARTESIAN_POINT('',(5.183347038002,-1.265205261247,
    45.950781072924));
#1551 = CARTESIAN_POINT('',(5.442730233599,2.46479869215,46.078125167354
    ));
#1552 = CARTESIAN_POINT('',(2.549357950852,5.828318885205,
    46.205468758865));
#1553 = CARTESIAN_POINT('',(-1.884570879418,5.669825826764,
    46.332812349881));
#1554 = CARTESIAN_POINT('',(-4.447529071901,2.947426562305,
    46.460156444673));
#1555 = CARTESIAN_POINT('',(-4.650662322177,-0.226938756642,
    46.587499901777));
#1556 = CARTESIAN_POINT('',(-3.166789314015,-2.397346978868,
    46.714843788205));
#1557 = CARTESIAN_POINT('',(0.851093148607,-3.8796221377,46.969531229242
    ));
#1558 = CARTESIAN_POINT('',(3.389006622661,-3.192929052381,
    47.096875115779));
#1559 = CARTESIAN_POINT('',(5.296127378402,-0.647198315722,
    47.224218572612));
#1560 = CARTESIAN_POINT('',(5.115297691387,3.087438180828,
    47.351562667739));
#1561 = CARTESIAN_POINT('',(1.84664153295,6.087564540599,47.478906258583
    ));
#1562 = CARTESIAN_POINT('',(-2.537924466839,5.40901762849,
    47.606249849973));
#1563 = CARTESIAN_POINT('',(-4.763133680067,2.404245356043,47.7335939447
    ));
#1564 = CARTESIAN_POINT('',(-4.591752265262,-0.771992466726,
    47.860937401737));
#1565 = CARTESIAN_POINT('',(-2.863060652868,-2.752945839346,
    47.988281288216));
#1566 = CARTESIAN_POINT('',(1.301194448996,-3.752695096176,
    48.24296872924));
#1567 = CARTESIAN_POINT('',(3.740804148456,-2.77246210882,
    48.370312615768));
#1568 = CARTESIAN_POINT('',(5.335487049189,-2.021920406249E-02,
    48.497656072658));
#1569 = CARTESIAN_POINT('',(4.71695133665,3.667276248004,48.625000167636
    ));
#1570 = CARTESIAN_POINT('',(1.118324964719,6.262417764845,
    48.752343758739));
#1571 = CARTESIAN_POINT('',(-3.156094588997,5.073223753093,
    48.879687349806));
#1572 = CARTESIAN_POINT('',(-5.012706555947,1.82773388945,
    49.007031444828));
#1573 = CARTESIAN_POINT('',(-4.469186351381,-1.306343978791,
    49.134374901668));
#1574 = CARTESIAN_POINT('',(-2.519641135413,-3.070380374643,
    49.261718788241));
#1575 = CARTESIAN_POINT('',(1.733257178717,-3.573744119489,
    49.516406229203));
#1576 = CARTESIAN_POINT('',(4.040742584334,-2.313560284255,
    49.643750115909));
#1577 = CARTESIAN_POINT('',(5.300880403557,0.607040207965,
    49.771093572408));
#1578 = CARTESIAN_POINT('',(4.253213479664,4.196274549058,
    49.898437667876));
#1579 = CARTESIAN_POINT('',(0.374504960984,6.350454552349,
    50.025781258663));
#1580 = CARTESIAN_POINT('',(-3.730511499976,4.667099340071,
    50.153124849698));
#1581 = CARTESIAN_POINT('',(-5.192787849387,1.225884390635,
    50.280468944992));
#1582 = CARTESIAN_POINT('',(-4.284663722331,-1.822585531839,
    50.40781240157));
#1583 = CARTESIAN_POINT('',(-2.141291615985,-3.34524996248,
    50.535156288262));
#1584 = CARTESIAN_POINT('',(2.141291614961,-3.34525002038,
    50.789843729202));
#1585 = CARTESIAN_POINT('',(4.284663857833,-1.82258537443,
    50.917187615879));
#1586 = CARTESIAN_POINT('',(5.192787196725,1.225884169573,
    51.044531072476));
#1587 = CARTESIAN_POINT('',(3.730512957722,4.667099534544,
    51.171875167809));
#1588 = CARTESIAN_POINT('',(-0.374506836889,6.350454441753,
    51.299218758672));
#1589 = CARTESIAN_POINT('',(-4.253212009161,4.196274527224,
    51.42656234976));
#1590 = CARTESIAN_POINT('',(-5.300881077677,0.607040350797,
    51.553906444904));
#1591 = CARTESIAN_POINT('',(-4.040742431274,-2.313560424634,
    51.681249901633));
#1592 = CARTESIAN_POINT('',(-1.733257186537,-3.573744062131,
    51.808593788233));
#1593 = CARTESIAN_POINT('',(2.519641141196,-3.07038043221,52.06328122925
    ));
#1594 = CARTESIAN_POINT('',(4.469186467426,-1.306343806767,
    52.190625115688));
#1595 = CARTESIAN_POINT('',(5.012705933904,1.827733593606,
    52.317968572815));
#1596 = CARTESIAN_POINT('',(3.156096013503,5.073224117184,
    52.445312667486));
#1597 = CARTESIAN_POINT('',(-1.118326814219,6.262417434613,
    52.572656258768));
#1598 = CARTESIAN_POINT('',(-4.71694987416,3.667276399391,
    52.699999849913));
#1599 = CARTESIAN_POINT('',(-5.335487735182,-2.021914177394E-02,
    52.827343944683));
#1600 = CARTESIAN_POINT('',(-3.740803980048,-2.772462230043,
    52.954687401761));
#1601 = CARTESIAN_POINT('',(-1.301194463492,-3.752695040179,
    53.082031288212));
#1602 = CARTESIAN_POINT('',(2.863060665379,-2.752945895829,
    53.336718729233));
#1603 = CARTESIAN_POINT('',(4.59175236027,-0.771992282211,
    53.464062615805));
#1604 = CARTESIAN_POINT('',(4.763133097106,2.404244989034,
    53.591406072597));
#1605 = CARTESIAN_POINT('',(2.53792583875,5.409018157579,53.71875016767)
  );
#1606 = CARTESIAN_POINT('',(-1.846643330978,6.087563995291,
    53.84609375878));
#1607 = CARTESIAN_POINT('',(-5.115296256632,3.087438502928,
    53.973437349703));
#1608 = CARTESIAN_POINT('',(-5.296128067105,-0.647198334339,
    54.100781444928));
#1609 = CARTESIAN_POINT('',(-3.389006441111,-3.192929153061,
    54.228124901619));
#1610 = CARTESIAN_POINT('',(-0.851093169593,-3.879622083774,
    54.355468788247));
#1611 = CARTESIAN_POINT('',(3.166789333078,-2.397347033491,
    54.610156229216));
#1612 = CARTESIAN_POINT('',(4.650662394843,-0.226938562258,
    54.737500115839));
#1613 = CARTESIAN_POINT('',(4.447528536144,2.947426129344,
    54.864843572532));
#1614 = CARTESIAN_POINT('',(1.884572179512,5.669826513476,
    54.992187667781));
#1615 = CARTESIAN_POINT('',(-2.549359672089,5.828318132181,
    55.119531258634));
#1616 = CARTESIAN_POINT('',(-5.442728846918,2.464799180897,
    55.246874849845));
#1617 = CARTESIAN_POINT('',(-5.18334771955,-1.265205360895,
    55.37421894483));
#1618 = CARTESIAN_POINT('',(-2.990226814181,-3.569132224227,
    55.501562401663));
#1619 = CARTESIAN_POINT('',(-0.389193097803,-3.952765592455,
    55.628906288238));
#1620 = CARTESIAN_POINT('',(3.42661652762,-2.008513542825,
    55.883593729219));
#1621 = CARTESIAN_POINT('',(4.645099896251,0.321261226499,
    56.010937615834));
#1622 = CARTESIAN_POINT('',(4.070267504223,3.449746847516,
    56.138281072545));
#1623 = CARTESIAN_POINT('',(1.205092533878,5.852033576232,
    56.265625167748));
#1624 = CARTESIAN_POINT('',(-3.216734020582,5.488273793145,
    56.392968758691));
#1625 = CARTESIAN_POINT('',(-5.694708418615,1.807990135518,
    56.520312349781));
#1626 = CARTESIAN_POINT('',(-4.998710176348,-1.865672736529,
    56.647656444877));
#1627 = CARTESIAN_POINT('',(-2.549993415483,-3.895856108138,
    56.774999901641));
#1628 = CARTESIAN_POINT('',(7.81023914044E-02,-3.971111571427,
    56.902343788242));
#1629 = CARTESIAN_POINT('',(3.638940242242,-1.591835856004,
    57.157031229218));
#1630 = CARTESIAN_POINT('',(4.575141977912,0.865007343215,
    57.284375115836));
#1631 = CARTESIAN_POINT('',(3.636580003449,3.90424342815,57.411718572534
    ));
#1632 = CARTESIAN_POINT('',(0.508906586735,5.953113393739,
    57.539062667786));
#1633 = CARTESIAN_POINT('',(-3.839514508434,5.07214504198,
    57.666406258617));
#1634 = CARTESIAN_POINT('',(-5.867741757265,1.126116767301,
    57.793749849874));
#1635 = CARTESIAN_POINT('',(-4.7447750836,-2.440276130455,
    57.921093944798));
#1636 = CARTESIAN_POINT('',(-2.074409238559,-4.168571403397,
    58.048437401688));
#1637 = CARTESIAN_POINT('',(0.544315140447,-3.934405688821,
    58.175781288222));
#1638 = CARTESIAN_POINT('',(3.800817014994,-1.153090411652,
    58.430468729251));
#1639 = CARTESIAN_POINT('',(4.441758472492,1.396761788587,
    58.557812615702));
#1640 = CARTESIAN_POINT('',(3.15247828099,4.304615146183,58.685156072786
    ));
#1641 = CARTESIAN_POINT('',(-0.194334376253,5.971664687551,
    58.812500167505));
#1642 = CARTESIAN_POINT('',(-4.409067476034,4.585700707626,
    58.93984375879));
#1643 = CARTESIAN_POINT('',(-5.95943008687,0.428631945285,
    59.067187349855));
#1644 = CARTESIAN_POINT('',(-4.42506276533,-2.981049766266,
    59.194531444739));
#1645 = CARTESIAN_POINT('',(-1.570067347796,-4.383497434424,
    59.321874901736));
#1646 = CARTESIAN_POINT('',(1.002982001835,-3.843156801434,
    59.449218788211));
#1647 = CARTESIAN_POINT('',(3.910002734268,-0.698359575672,
    59.703906229249));
#1648 = CARTESIAN_POINT('',(4.246798486937,1.909152805123,
    59.831250115728));
#1649 = CARTESIAN_POINT('',(2.624673480753,4.645311613684,
    59.958593572739));
#1650 = CARTESIAN_POINT('',(-0.894881265002,5.9074302799,60.085937667534
    ));
#1651 = CARTESIAN_POINT('',(-4.917497161799,4.035684409444,
    60.213281258823));
#1652 = CARTESIAN_POINT('',(-5.968502323917,-0.274795038264,
    60.340624849763));
#1653 = CARTESIAN_POINT('',(-4.044005421161,-3.480496852486,
    60.46796894484));
#1654 = CARTESIAN_POINT('',(-1.043959478135,-4.537654663185,
    60.595312401666));
#1655 = CARTESIAN_POINT('',(1.447744437357,-3.69862990043,
    60.722656288244));
#1656 = CARTESIAN_POINT('',(3.964983749056,-0.233947320798,
    60.977343729195));
#1657 = CARTESIAN_POINT('',(3.992964768243,2.395077072081,61.10468761595
    ));
#1658 = CARTESIAN_POINT('',(2.060482606273,4.921609726111,
    61.232031072313));
#1659 = CARTESIAN_POINT('',(-1.583022337914,5.761300658068,
    61.359375168026));
#1660 = CARTESIAN_POINT('',(-5.357755160962,3.429721070531,
    61.486718758488));
#1661 = CARTESIAN_POINT('',(-5.894832699434,-0.974412514346,
    61.614062349857));
#1662 = CARTESIAN_POINT('',(-3.606885681702,-3.931693511276,
    61.741406444878));
#1663 = CARTESIAN_POINT('',(-0.503379108361,-4.628905994682,
    61.868749901636));
#1664 = CARTESIAN_POINT('',(1.872436667134,-3.502828574718,
    61.996093788231));
#1665 = CARTESIAN_POINT('',(3.964997852715,0.233708165975,
    62.250781229259));
#1666 = CARTESIAN_POINT('',(3.683776235485,2.847798179122,
    62.378125115641));
#1667 = CARTESIAN_POINT('',(1.46772708358,5.129679139808,62.505468572926
    ));
#1668 = CARTESIAN_POINT('',(-2.249217835473,5.53530162841,62.63281266731
    ));
#1669 = CARTESIAN_POINT('',(-5.723738139172,2.776211213843,
    62.760156258976));
#1670 = CARTESIAN_POINT('',(-5.739442501947,-1.660521626199,
    62.887499849727));
#1671 = CARTESIAN_POINT('',(-3.119763375278,-4.328384764373,
    63.01484394481));
#1672 = CARTESIAN_POINT('',(4.417964921531E-02,-4.65598640385,
    63.142187401696));
#1673 = CARTESIAN_POINT('',(2.27117114619,-3.258467234915,
    63.269531288237));
#1674 = CARTESIAN_POINT('',(3.910044849877,0.698123736279,
    63.524218729193));
#1675 = CARTESIAN_POINT('',(3.323519195275,3.261040015117,
    63.651562615969));
#1676 = CARTESIAN_POINT('',(0.854624334603,5.26663536933,63.778906072285
    ));
#1677 = CARTESIAN_POINT('',(-2.884232233129,5.232566236635,
    63.906250168026));
#1678 = CARTESIAN_POINT('',(-6.010372442627,2.084214501307,
    64.033593758549));
#1679 = CARTESIAN_POINT('',(-5.504485918698,-2.323610783376,
    64.160937349746));
#1680 = CARTESIAN_POINT('',(-2.589391520948,-4.665071246947,
    64.288281444987));
#1681 = CARTESIAN_POINT('',(0.591125940695,-4.618520472686,
    64.415624901568));
#1682 = CARTESIAN_POINT('',(2.638420184103,-2.968933483306,
    64.542968788258));
#1683 = CARTESIAN_POINT('',(3.800886558607,1.152861157153,
    64.797656229219));
#1684 = CARTESIAN_POINT('',(2.917187922648,3.629073772449,
    64.925000115802));
#1685 = CARTESIAN_POINT('',(0.229673854345,5.330579779779,
    65.052343572616));
#1686 = CARTESIAN_POINT('',(-3.479262270516,4.857291328001,
    65.179687667676));
#1687 = CARTESIAN_POINT('',(-6.213684435619,1.363324144291,
    65.307031258711));
#1688 = CARTESIAN_POINT('',(-5.193220173527,-2.954487524545,
    65.434374849822));
#1689 = CARTESIAN_POINT('',(-2.023122708691,-4.937085445128,
    65.561718944818));
#1690 = CARTESIAN_POINT('',(1.129877402169,-4.517027594587,
    65.689062401679));
#1691 = CARTESIAN_POINT('',(2.9690925759,-2.638241151232,65.816406288231
    ));
#1692 = CARTESIAN_POINT('',(3.639036249769,1.59161636455,66.071093729228
    ));
#1693 = CARTESIAN_POINT('',(2.470415422588,3.946797367698,
    66.198437615801));
#1694 = CARTESIAN_POINT('',(-0.398460614094,5.320625903699,
    66.32578107261));
#1695 = CARTESIAN_POINT('',(-4.026058995738,4.414679371704,
    66.45312516767));
#1696 = CARTESIAN_POINT('',(-6.330855586287,0.623533907147,
    66.580468758747));
#1697 = CARTESIAN_POINT('',(-4.809960369879,-3.544405950743,
    66.707812349762));
#1698 = CARTESIAN_POINT('',(-1.428807172329,-5.140656402747,
    66.835156444875));
#1699 = CARTESIAN_POINT('',(1.652965276051,-4.352914774089,
    66.962499901645));
#1700 = CARTESIAN_POINT('',(3.258604181678,-2.270974654945,
    67.089843788244));
#1701 = CARTESIAN_POINT('',(3.426737668135,2.00830685726,67.344531229209
    ));
#1702 = CARTESIAN_POINT('',(1.989395340797,4.209806171278,
    67.471875115873));
#1703 = CARTESIAN_POINT('',(-1.021071188666,5.236911732604,
    67.599218572483));
#1704 = CARTESIAN_POINT('',(-4.51704211855,3.910866335332,
    67.726562667784));
#1705 = CARTESIAN_POINT('',(-6.360261540954,-0.124900434391,
    67.853906258734));
#1706 = CARTESIAN_POINT('',(-4.360019671461,-4.085187971964,
    67.981249849672));
#1707 = CARTESIAN_POINT('',(-0.814683959203,-5.272961998184,
    68.108593944985));
#1708 = CARTESIAN_POINT('',(2.153137950042,-4.128457121302,
    68.235937401585));
#1709 = CARTESIAN_POINT('',(3.502941477154,-1.872225441512,
    68.363281288253));
#1710 = CARTESIAN_POINT('',(3.166933927174,2.397156019113,68.61796872922
    ));
#1711 = CARTESIAN_POINT('',(1.480796100254,4.414454069457,68.74531261581
    ));
#1712 = CARTESIAN_POINT('',(-1.629526565664,5.080597803411,
    68.872656072591));
#1713 = CARTESIAN_POINT('',(-4.945405097412,3.352836622062,
    69.000000167719));
#1714 = CARTESIAN_POINT('',(-6.30149464232,-0.871603270175,
    69.127343758662));
#1715 = CARTESIAN_POINT('',(-3.849635645172,-4.569336680885,
    69.254687349859));
#1716 = CARTESIAN_POINT('',(-0.189266711998,-5.332168067341,
    69.382031444804));
#1717 = CARTESIAN_POINT('',(2.623461487152,-3.846766312074,
    69.509374901674));
#1718 = CARTESIAN_POINT('',(3.698717193378,-1.4475214056,69.636718788242
    ));
#1719 = CARTESIAN_POINT('',(2.863226708568,2.752773200706,
    69.891406229199));
#1720 = CARTESIAN_POINT('',(0.951668455717,4.557904010844,
    70.018750115928));
#1721 = CARTESIAN_POINT('',(-2.215391675271,4.853851109377,
    70.146093572377));
#1722 = CARTESIAN_POINT('',(-5.30520949997,2.74832624631,70.273437667902
    ));
#1723 = CARTESIAN_POINT('',(-6.155369580884,-1.606222995164,
    70.40078125866));
#1724 = CARTESIAN_POINT('',(-3.285883788343,-4.990140281671,
    70.528124849683));
#1725 = CARTESIAN_POINT('',(0.438774355691,-5.317453831751,
    70.655468945004));
#1726 = CARTESIAN_POINT('',(3.057415751943,-3.511747450216,
    70.782812401573));
#1727 = CARTESIAN_POINT('',(3.843217274713,-1.002750255829,
    70.91015628825));
#1728 = CARTESIAN_POINT('',(2.519826331559,3.070228450418,
    71.164843729237));
#1729 = CARTESIAN_POINT('',(0.409347749714,4.638167336544,71.29218761573
    ));
#1730 = CARTESIAN_POINT('',(-2.77054461987,4.559815059655,
    71.419531072728));
#1731 = CARTESIAN_POINT('',(-5.591467325978,2.10571558685,
    71.546875167616));
#1732 = CARTESIAN_POINT('',(-5.923912101242,-2.318575511914,
    71.674218758624));
#1733 = CARTESIAN_POINT('',(-2.676579441853,-5.341765138723,
    71.801562350036));
#1734 = CARTESIAN_POINT('',(1.060732657032,-5.229023275512,
    71.928906444599));
#1735 = CARTESIAN_POINT('',(3.448984798746,-3.128044931293,
    72.056249901809));
#1736 = CARTESIAN_POINT('',(3.934438504152,-0.544077892909,
    72.183593788188));
#1737 = CARTESIAN_POINT('',(2.141493385185,3.345120858801,
    72.438281229277));
#1738 = CARTESIAN_POINT('',(-0.138647779478,4.654131349184,
    72.56562511563));
#1739 = CARTESIAN_POINT('',(-3.287289265691,4.202565901087,72.6929685729
    ));
#1740 = CARTESIAN_POINT('',(-5.800210159267,1.433913211205,
    72.82031266741));
#1741 = CARTESIAN_POINT('',(-5.61033091812,-2.99878541715,
    72.947656258798));
#1742 = CARTESIAN_POINT('',(-2.030169443969,-5.61933664537,
    73.074999849927));
#1743 = CARTESIAN_POINT('',(1.667985930002,-5.068102319721,
    73.202343944661));
#1744 = CARTESIAN_POINT('',(3.792740272522,-2.700978056062,
    73.329687401764));
#1745 = CARTESIAN_POINT('',(3.971116273828,-7.78629313554E-02,
    73.457031288225));
#1746 = CARTESIAN_POINT('',(1.733472731735,3.57363956878,73.711718729193
    ));
#1747 = CARTESIAN_POINT('',(-0.68472122289,4.605574738124,
    73.839062615978));
#1748 = CARTESIAN_POINT('',(-3.758461936802,3.787056209783,
    73.966406072299));
#1749 = CARTESIAN_POINT('',(-5.928544180467,0.742232373289,
    74.093750167912));
#1750 = CARTESIAN_POINT('',(-5.218973234077,-3.637422902287,
    74.221093758808));
#1751 = CARTESIAN_POINT('',(-1.35561503231,-5.819006803862,
    74.348437349414));
#1752 = CARTESIAN_POINT('',(2.252115770232,-4.836921825542,
    74.475781445256));
#1753 = CARTESIAN_POINT('',(4.083916661517,-2.236467289344,
    74.603124901432));
#1754 = CARTESIAN_POINT('',(3.952742116713,0.3894314507,74.730468788291)
  );
#1755 = CARTESIAN_POINT('',(1.301420796507,3.752616605729,
    74.985156229196));
#1756 = CARTESIAN_POINT('',(-1.221302316693,4.493170648114,
    75.11250011587));
#1757 = CARTESIAN_POINT('',(-4.177530727214,3.319046232099,
    75.239843572467));
#1758 = CARTESIAN_POINT('',(-5.97469028256,4.026190385416E-02,
    75.367187667926));
#1759 = CARTESIAN_POINT('',(-4.755264475111,-4.225634479834,
    75.494531258391));
#1760 = CARTESIAN_POINT('',(-0.662267612982,-5.938007571098,
    75.621874850129));
#1761 = CARTESIAN_POINT('',(2.805024336112,-4.538686666856,
    75.749218944603));
#1762 = CARTESIAN_POINT('',(4.318477361937,-1.740952184451,
    75.876562401785));
#1763 = CARTESIAN_POINT('',(3.879570755426,0.851327111112,
    76.003906288197));
#1764 = CARTESIAN_POINT('',(0.851327152703,3.879570795574,
    76.258593729271));
#1765 = CARTESIAN_POINT('',(-1.740952391287,4.318477346635,
    76.385937615642));
#1766 = CARTESIAN_POINT('',(-4.538686049599,2.805024030664,
    76.513281072886));
#1767 = CARTESIAN_POINT('',(-5.938008738713,-0.662266719568,
    76.640625167415));
#1768 = CARTESIAN_POINT('',(-4.225633075668,-4.755265723247,
    76.767968758808));
#1769 = CARTESIAN_POINT('',(4.026087966106E-02,-5.974689227647,
    76.895312349914));
#1770 = CARTESIAN_POINT('',(3.319046607823,-4.17753130458,
    77.022656444659));
#1771 = CARTESIAN_POINT('',(4.493170639078,-1.221302109348,
    77.149999901785));
#1772 = CARTESIAN_POINT('',(3.752616570714,1.30142075044,77.277343788198
    ));
#1773 = CARTESIAN_POINT('',(0.389431487339,3.952742161529,
    77.532031229259));
#1774 = CARTESIAN_POINT('',(-2.236467493193,4.083916621823,
    77.659375115703));
#1775 = CARTESIAN_POINT('',(-4.836921176146,2.252115539744,
    77.786718572756));
#1776 = CARTESIAN_POINT('',(-5.819008069053,-1.355614282569,
    77.914062667587));
#1777 = CARTESIAN_POINT('',(-3.637421360624,-5.218974308488,
    78.041406258657));
#1778 = CARTESIAN_POINT('',(0.742231231974,-5.928543253084,
    78.168749849995));
#1779 = CARTESIAN_POINT('',(3.787056650772,-3.7584624662,78.296093944647
    ));
#1780 = CARTESIAN_POINT('',(4.605574704825,-0.684721017936,
    78.423437401761));
#1781 = CARTESIAN_POINT('',(3.573639539408,1.73347268185,78.550781288225
    ));
#1782 = CARTESIAN_POINT('',(-7.786290024078E-02,3.971116322643,
    78.805468729198));
#1783 = CARTESIAN_POINT('',(-2.700978253797,3.792740209171,
    78.932812615935));
#1784 = CARTESIAN_POINT('',(-5.068101647823,1.66798577733,
    79.060156072461));
#1785 = CARTESIAN_POINT('',(-5.619337989794,-2.030168847861,
    79.187500167523));
#1786 = CARTESIAN_POINT('',(-2.99878376001,-5.610331804358,
    79.314843759464));
#1787 = CARTESIAN_POINT('',(1.433911968908,-5.800209371839,
    79.442187348602));
#1788 = CARTESIAN_POINT('',(4.202566401145,-3.287289740198,
    79.569531446015));
#1789 = CARTESIAN_POINT('',(4.654131292115,-0.138647579396,
    79.696874900882));
#1790 = CARTESIAN_POINT('',(3.34512083543,2.141493331919,79.824218788608
    ));
#1791 = CARTESIAN_POINT('',(-0.544077867612,3.93443855682,
    80.078906228586));
#1792 = CARTESIAN_POINT('',(-3.128045120974,3.448984709571,
    80.206250119231));
#1793 = CARTESIAN_POINT('',(-5.229022588202,1.060732592845,
    80.333593563297));
#1794 = CARTESIAN_POINT('',(-5.341766548088,-2.676579024557,
    80.460937685608));
#1795 = CARTESIAN_POINT('',(-2.318573755663,-5.92391276124,
    80.588281231934));
#1796 = CARTESIAN_POINT('',(2.1057142527,-5.591466720779,80.715624882047
    ));
#1797 = CARTESIAN_POINT('',(4.559815619919,-2.770545001984,
    80.842968913082));
#1798 = CARTESIAN_POINT('',(4.638167249937,0.409347917313,
    80.970312427299));
#1799 = CARTESIAN_POINT('',(3.070228437675,2.519826291804,
    81.097656271439));
#1800 = CARTESIAN_POINT('',(1.033739096111,3.181521794738,
    81.225000017454));
#1801 = PCURVE('',#1802,#2959);
#1802 = B_SPLINE_SURFACE_WITH_KNOTS('',1,10,(
    (#1803,#1804,#1805,#1806,#1807,#1808,#1809,#1810,#1811,#1812,#1813
      ,#1814,#1815,#1816,#1817,#1818,#1819,#1820,#1821,#1822,#1823,#1824
      ,#1825,#1826,#1827,#1828,#1829,#1830,#1831,#1832,#1833,#1834,#1835
      ,#1836,#1837,#1838,#1839,#1840,#1841,#1842,#1843,#1844,#1845,#1846
      ,#1847,#1848,#1849,#1850,#1851,#1852,#1853,#1854,#1855,#1856,#1857
      ,#1858,#1859,#1860,#1861,#1862,#1863,#1864,#1865,#1866,#1867,#1868
      ,#1869,#1870,#1871,#1872,#1873,#1874,#1875,#1876,#1877,#1878,#1879
      ,#1880,#1881,#1882,#1883,#1884,#1885,#1886,#1887,#1888,#1889,#1890
      ,#1891,#1892,#1893,#1894,#1895,#1896,#1897,#1898,#1899,#1900,#1901
      ,#1902,#1903,#1904,#1905,#1906,#1907,#1908,#1909,#1910,#1911,#1912
      ,#1913,#1914,#1915,#1916,#1917,#1918,#1919,#1920,#1921,#1922,#1923
      ,#1924,#1925,#1926,#1927,#1928,#1929,#1930,#1931,#1932,#1933,#1934
      ,#1935,#1936,#1937,#1938,#1939,#1940,#1941,#1942,#1943,#1944,#1945
      ,#1946,#1947,#1948,#1949,#1950,#1951,#1952,#1953,#1954,#1955,#1956
      ,#1957,#1958,#1959,#1960,#1961,#1962,#1963,#1964,#1965,#1966,#1967
      ,#1968,#1969,#1970,#1971,#1972,#1973,#1974,#1975,#1976,#1977,#1978
      ,#1979,#1980,#1981,#1982,#1983,#1984,#1985,#1986,#1987,#1988,#1989
      ,#1990,#1991,#1992,#1993,#1994,#1995,#1996,#1997,#1998,#1999,#2000
      ,#2001,#2002,#2003,#2004,#2005,#2006,#2007,#2008,#2009,#2010,#2011
      ,#2012,#2013,#2014,#2015,#2016,#2017,#2018,#2019,#2020,#2021,#2022
      ,#2023,#2024,#2025,#2026,#2027,#2028,#2029,#2030,#2031,#2032,#2033
      ,#2034,#2035,#2036,#2037,#2038,#2039,#2040,#2041,#2042,#2043,#2044
      ,#2045,#2046,#2047,#2048,#2049,#2050,#2051,#2052,#2053,#2054,#2055
      ,#2056,#2057,#2058,#2059,#2060,#2061,#2062,#2063,#2064,#2065,#2066
      ,#2067,#2068,#2069,#2070,#2071,#2072,#2073,#2074,#2075,#2076,#2077
      ,#2078,#2079,#2080,#2081,#2082,#2083,#2084,#2085,#2086,#2087,#2088
      ,#2089,#2090,#2091,#2092,#2093,#2094,#2095,#2096,#2097,#2098,#2099
      ,#2100,#2101,#2102,#2103,#2104,#2105,#2106,#2107,#2108,#2109,#2110
      ,#2111,#2112,#2113,#2114,#2115,#2116,#2117,#2118,#2119,#2120,#2121
      ,#2122,#2123,#2124,#2125,#2126,#2127,#2128,#2129,#2130,#2131,#2132
      ,#2133,#2134,#2135,#2136,#2137,#2138,#2139,#2140,#2141,#2142,#2143
      ,#2144,#2145,#2146,#2147,#2148,#2149,#2150,#2151,#2152,#2153,#2154
      ,#2155,#2156,#2157,#2158,#2159,#2160,#2161,#2162,#2163,#2164,#2165
      ,#2166,#2167,#2168,#2169,#2170,#2171,#2172,#2173,#2174,#2175,#2176
      ,#2177,#2178,#2179,#2180,#2181,#2182,#2183,#2184,#2185,#2186,#2187
      ,#2188,#2189,#2190,#2191,#2192,#2193,#2194,#2195,#2196,#2197,#2198
      ,#2199,#2200,#2201,#2202,#2203,#2204,#2205,#2206,#2207,#2208,#2209
      ,#2210,#2211,#2212,#2213,#2214,#2215,#2216,#2217,#2218,#2219,#2220
      ,#2221,#2222,#2223,#2224,#2225,#2226,#2227,#2228,#2229,#2230,#2231
      ,#2232,#2233,#2234,#2235,#2236,#2237,#2238,#2239,#2240,#2241,#2242
      ,#2243,#2244,#2245,#2246,#2247,#2248,#2249,#2250,#2251,#2252,#2253
      ,#2254,#2255,#2256,#2257,#2258,#2259,#2260,#2261,#2262,#2263,#2264
      ,#2265,#2266,#2267,#2268,#2269,#2270,#2271,#2272,#2273,#2274,#2275
      ,#2276,#2277,#2278,#2279,#2280,#2281,#2282,#2283,#2284,#2285,#2286
      ,#2287,#2288,#2289,#2290,#2291,#2292,#2293,#2294,#2295,#2296,#2297
      ,#2298,#2299,#2300,#2301,#2302,#2303,#2304,#2305,#2306,#2307,#2308
      ,#2309,#2310,#2311,#2312,#2313,#2314,#2315,#2316,#2317,#2318,#2319
      ,#2320,#2321,#2322,#2323,#2324,#2325,#2326,#2327,#2328,#2329,#2330
      ,#2331,#2332,#2333,#2334,#2335,#2336,#2337,#2338,#2339,#2340,#2341
      ,#2342,#2343,#2344,#2345,#2346,#2347,#2348,#2349,#2350,#2351,#2352
      ,#2353,#2354,#2355,#2356,#2357,#2358,#2359,#2360,#2361,#2362,#2363
      ,#2364,#2365,#2366,#2367,#2368,#2369,#2370,#2371,#2372,#2373,#2374
      ,#2375,#2376,#2377,#2378,#2379,#2380)
    ,(#2381,#2382,#2383,#2384,#2385,#2386,#2387,#2388,#2389,#2390,#2391
      ,#2392,#2393,#2394,#2395,#2396,#2397,#2398,#2399,#2400,#2401,#2402
      ,#2403,#2404,#2405,#2406,#2407,#2408,#2409,#2410,#2411,#2412,#2413
      ,#2414,#2415,#2416,#2417,#2418,#2419,#2420,#2421,#2422,#2423,#2424
      ,#2425,#2426,#2427,#2428,#2429,#2430,#2431,#2432,#2433,#2434,#2435
      ,#2436,#2437,#2438,#2439,#2440,#2441,#2442,#2443,#2444,#2445,#2446
      ,#2447,#2448,#2449,#2450,#2451,#2452,#2453,#2454,#2455,#2456,#2457
      ,#2458,#2459,#2460,#2461,#2462,#2463,#2464,#2465,#2466,#2467,#2468
      ,#2469,#2470,#2471,#2472,#2473,#2474,#2475,#2476,#2477,#2478,#2479
      ,#2480,#2481,#2482,#2483,#2484,#2485,#2486,#2487,#2488,#2489,#2490
      ,#2491,#2492,#2493,#2494,#2495,#2496,#2497,#2498,#2499,#2500,#2501
      ,#2502,#2503,#2504,#2505,#2506,#2507,#2508,#2509,#2510,#2511,#2512
      ,#2513,#2514,#2515,#2516,#2517,#2518,#2519,#2520,#2521,#2522,#2523
      ,#2524,#2525,#2526,#2527,#2528,#2529,#2530,#2531,#2532,#2533,#2534
      ,#2535,#2536,#2537,#2538,#2539,#2540,#2541,#2542,#2543,#2544,#2545
      ,#2546,#2547,#2548,#2549,#2550,#2551,#2552,#2553,#2554,#2555,#2556
      ,#2557,#2558,#2559,#2560,#2561,#2562,#2563,#2564,#2565,#2566,#2567
      ,#2568,#2569,#2570,#2571,#2572,#2573,#2574,#2575,#2576,#2577,#2578
      ,#2579,#2580,#2581,#2582,#2583,#2584,#2585,#2586,#2587,#2588,#2589
      ,#2590,#2591,#2592,#2593,#2594,#2595,#2596,#2597,#2598,#2599,#2600
      ,#2601,#2602,#2603,#2604,#2605,#2606,#2607,#2608,#2609,#2610,#2611
      ,#2612,#2613,#2614,#2615,#2616,#2617,#2618,#2619,#2620,#2621,#2622
      ,#2623,#2624,#2625,#2626,#2627,#2628,#2629,#2630,#2631,#2632,#2633
      ,#2634,#2635,#2636,#2637,#2638,#2639,#2640,#2641,#2642,#2643,#2644
      ,#2645,#2646,#2647,#2648,#2649,#2650,#2651,#2652,#2653,#2654,#2655
      ,#2656,#2657,#2658,#2659,#2660,#2661,#2662,#2663,#2664,#2665,#2666
      ,#2667,#2668,#2669,#2670,#2671,#2672,#2673,#2674,#2675,#2676,#2677
      ,#2678,#2679,#2680,#2681,#2682,#2683,#2684,#2685,#2686,#2687,#2688
      ,#2689,#2690,#2691,#2692,#2693,#2694,#2695,#2696,#2697,#2698,#2699
      ,#2700,#2701,#2702,#2703,#2704,#2705,#2706,#2707,#2708,#2709,#2710
      ,#2711,#2712,#2713,#2714,#2715,#2716,#2717,#2718,#2719,#2720,#2721
      ,#2722,#2723,#2724,#2725,#2726,#2727,#2728,#2729,#2730,#2731,#2732
      ,#2733,#2734,#2735,#2736,#2737,#2738,#2739,#2740,#2741,#2742,#2743
      ,#2744,#2745,#2746,#2747,#2748,#2749,#2750,#2751,#2752,#2753,#2754
      ,#2755,#2756,#2757,#2758,#2759,#2760,#2761,#2762,#2763,#2764,#2765
      ,#2766,#2767,#2768,#2769,#2770,#2771,#2772,#2773,#2774,#2775,#2776
      ,#2777,#2778,#2779,#2780,#2781,#2782,#2783,#2784,#2785,#2786,#2787
      ,#2788,#2789,#2790,#2791,#2792,#2793,#2794,#2795,#2796,#2797,#2798
      ,#2799,#2800,#2801,#2802,#2803,#2804,#2805,#2806,#2807,#2808,#2809
      ,#2810,#2811,#2812,#2813,#2814,#2815,#2816,#2817,#2818,#2819,#2820
      ,#2821,#2822,#2823,#2824,#2825,#2826,#2827,#2828,#2829,#2830,#2831
      ,#2832,#2833,#2834,#2835,#2836,#2837,#2838,#2839,#2840,#2841,#2842
      ,#2843,#2844,#2845,#2846,#2847,#2848,#2849,#2850,#2851,#2852,#2853
      ,#2854,#2855,#2856,#2857,#2858,#2859,#2860,#2861,#2862,#2863,#2864
      ,#2865,#2866,#2867,#2868,#2869,#2870,#2871,#2872,#2873,#2874,#2875
      ,#2876,#2877,#2878,#2879,#2880,#2881,#2882,#2883,#2884,#2885,#2886
      ,#2887,#2888,#2889,#2890,#2891,#2892,#2893,#2894,#2895,#2896,#2897
      ,#2898,#2899,#2900,#2901,#2902,#2903,#2904,#2905,#2906,#2907,#2908
      ,#2909,#2910,#2911,#2912,#2913,#2914,#2915,#2916,#2917,#2918,#2919
      ,#2920,#2921,#2922,#2923,#2924,#2925,#2926,#2927,#2928,#2929,#2930
      ,#2931,#2932,#2933,#2934,#2935,#2936,#2937,#2938,#2939,#2940,#2941
      ,#2942,#2943,#2944,#2945,#2946,#2947,#2948,#2949,#2950,#2951,#2952
      ,#2953,#2954,#2955,#2956,#2957,#2958
    )),.UNSPECIFIED.,.F.,.F.,.F.,(2,2),(11,9,9,9,9,9,9,9,9,9,9,9,9,9,9,9
    ,9,9,9,9,9,9,9,9,9,9,9,9,9,9,9,9,9,9,9,9,9,9,9,9,9,9,9,9,9,9,9,9,9,9
    ,9,9,9,9,9,9,9,9,9,9,9,9,9,9,11),(0.,0.728868986856),(0.,
    6.526437041918,13.052874083836,19.579311125753,26.105748167671,
    32.632185209589,39.158622251507,45.685059293424,52.211496335342,
    58.73793337726,65.264370419178,71.790807461095,78.317244503013,
    84.843681544931,91.370118586849,97.896555628766,104.42299267068,
    110.9494297126,117.47586675452,124.00230379643,130.52874083835,
    137.05517788027,143.58161492219,150.1080519641,156.63448900602,
    163.16092604794,169.68736308986,176.21380013177,182.74023717369,
    189.26667421561,195.79311125753,202.31954829945,208.84598534136,
    215.37242238328,221.8988594252,228.42529646712,234.95173350903,
    241.47817055095,248.00460759287,254.53104463479,261.05748167671,
    267.58391871862,274.11035576054,280.63679280246,287.16322984438,
    293.68966688629,300.21610392821,306.74254097013,313.26897801205,
    319.79541505397,326.32185209588,332.8482891378,339.37472617972,
    345.90116322164,352.42760026355,358.95403730547,365.48047434739,
    372.00691138931,378.53334843123,385.05978547314,391.58622251506,
    398.11265955698,404.6390965989,411.16553364081,417.69197068273),
  .UNSPECIFIED.);
#1803 = CARTESIAN_POINT('',(3.34525,2.192690473635E-15,-0.275));
#1804 = CARTESIAN_POINT('',(3.345250003844,2.141291613974,
    -0.147656253942));
#1805 = CARTESIAN_POINT('',(1.82258539973,4.284663859336,
    -2.031240992518E-02));
#1806 = CARTESIAN_POINT('',(-1.225884200957,5.192787194875,
    0.107031104498));
#1807 = CARTESIAN_POINT('',(-4.667099502739,3.730512959572,
    0.234375135354));
#1808 = CARTESIAN_POINT('',(-6.350454467999,-0.37450683839,
    0.361718785444));
#1809 = CARTESIAN_POINT('',(-4.196274509862,-4.253212008187,
    0.489062332063));
#1810 = CARTESIAN_POINT('',(-0.607040359672,-5.30088107817,
    0.616406453943));
#1811 = CARTESIAN_POINT('',(2.313560427835,-4.040742431095,
    0.743749898376));
#1812 = CARTESIAN_POINT('',(3.573744061562,-1.73325718657,0.871093788814
    ));
#1813 = CARTESIAN_POINT('',(3.070380432503,2.519641141215,1.125781228947
    ));
#1814 = CARTESIAN_POINT('',(1.306343806273,4.469186467396,1.253125116211
    ));
#1815 = CARTESIAN_POINT('',(-1.827733592946,5.012705933927,
    1.380468572115));
#1816 = CARTESIAN_POINT('',(-5.073224117864,3.156096013512,
    1.507812668184));
#1817 = CARTESIAN_POINT('',(-6.262417434096,-1.118326814263,
    1.635156258282));
#1818 = CARTESIAN_POINT('',(-3.667276399665,-4.716949874103,
    1.762499850121));
#1819 = CARTESIAN_POINT('',(2.021914186412E-02,-5.335487735224,
    1.889843944652));
#1820 = CARTESIAN_POINT('',(2.772462230029,-3.74080398003,2.017187401746
    ));
#1821 = CARTESIAN_POINT('',(3.752695040181,-1.301194463495,
    2.144531288215));
#1822 = CARTESIAN_POINT('',(2.752945895819,2.863060665379,2.399218729243
    ));
#1823 = CARTESIAN_POINT('',(0.771992282259,4.59175236027,2.526562615755)
  );
#1824 = CARTESIAN_POINT('',(-2.404244989123,4.763133097121,
    2.653906072687));
#1825 = CARTESIAN_POINT('',(-5.409018157497,2.537925838699,2.7812501676)
  );
#1826 = CARTESIAN_POINT('',(-6.087563995306,-1.846643330888,
    2.908593758764));
#1827 = CARTESIAN_POINT('',(-3.087438502985,-5.11529625673,
    3.035937349803));
#1828 = CARTESIAN_POINT('',(0.647198334417,-5.296128067037,
    3.163281444814));
#1829 = CARTESIAN_POINT('',(3.192929153012,-3.389006441141,
    3.290624901687));
#1830 = CARTESIAN_POINT('',(3.879622083789,-0.851093169587,
    3.417968788227));
#1831 = CARTESIAN_POINT('',(2.397347033477,3.166789333074,3.672656229235
    ));
#1832 = CARTESIAN_POINT('',(0.226938562305,4.650662394844,3.800000115774
    ));
#1833 = CARTESIAN_POINT('',(-2.947426129432,4.447528536156,
    3.927343572656));
#1834 = CARTESIAN_POINT('',(-5.669826513371,1.88457217948,4.054687667627
    ));
#1835 = CARTESIAN_POINT('',(-5.82831813226,-2.549359672042,
    4.182031258757));
#1836 = CARTESIAN_POINT('',(-2.464799180865,-5.442728846961,
    4.309374849789));
#1837 = CARTESIAN_POINT('',(1.265205360897,-5.183347719523,
    4.436718944834));
#1838 = CARTESIAN_POINT('',(3.569132224216,-2.990226814192,
    4.564062401674));
#1839 = CARTESIAN_POINT('',(3.952765592461,-0.3891930978,4.69140628823)
  );
#1840 = CARTESIAN_POINT('',(2.008513542816,3.426616527616,4.946093729232
    ));
#1841 = CARTESIAN_POINT('',(-0.321261226465,4.645099896264,
    5.073437615784));
#1842 = CARTESIAN_POINT('',(-3.449746847581,4.070267504205,5.20078107264
    ));
#1843 = CARTESIAN_POINT('',(-5.852033576161,1.205092533888,
    5.328125167646));
#1844 = CARTESIAN_POINT('',(-5.488273793189,-3.216734020574,
    5.455468758745));
#1845 = CARTESIAN_POINT('',(-1.807990135514,-5.69470841864,
    5.582812349792));
#1846 = CARTESIAN_POINT('',(1.865672736548,-4.998710176324,
    5.710156444837));
#1847 = CARTESIAN_POINT('',(3.895856108122,-2.549993415495,
    5.837499901671));
#1848 = CARTESIAN_POINT('',(3.971111571433,7.810239140842E-02,
    5.964843788232));
#1849 = CARTESIAN_POINT('',(1.591835855998,3.638940242238,6.21953122923)
  );
#1850 = CARTESIAN_POINT('',(-0.865007343191,4.57514197792,6.346875115793
    ));
#1851 = CARTESIAN_POINT('',(-3.904243428197,3.636580003444,
    6.474218572621));
#1852 = CARTESIAN_POINT('',(-5.953113393676,0.508906586734,
    6.601562667669));
#1853 = CARTESIAN_POINT('',(-5.07214504204,-3.839514508426,
    6.728906258726));
#1854 = CARTESIAN_POINT('',(-1.126116767263,-5.867741757273,
    6.856249849801));
#1855 = CARTESIAN_POINT('',(2.440276130439,-4.744775083599,
    6.983593944834));
#1856 = CARTESIAN_POINT('',(4.168571403403,-2.074409238556,
    7.110937401673));
#1857 = CARTESIAN_POINT('',(3.934405688819,0.544315140443,7.238281288229
    ));
#1858 = CARTESIAN_POINT('',(1.15309041166,3.800817015001,7.492968729236)
  );
#1859 = CARTESIAN_POINT('',(-1.396761788623,4.441758472473,
    7.620312615767));
#1860 = CARTESIAN_POINT('',(-4.304615146109,3.152478281008,
    7.747656072666));
#1861 = CARTESIAN_POINT('',(-5.97166468764,-0.194334376242,
    7.875000167631));
#1862 = CARTESIAN_POINT('',(-4.585700707562,-4.409067476085,
    8.002343758726));
#1863 = CARTESIAN_POINT('',(-0.428631945305,-5.959430086802,
    8.12968734984));
#1864 = CARTESIAN_POINT('',(2.981049766258,-4.425062765383,
    8.257031444788));
#1865 = CARTESIAN_POINT('',(4.383497434436,-1.570067347771,8.3843749017)
  );
#1866 = CARTESIAN_POINT('',(3.843156801428,1.002982001828,8.511718788222
    ));
#1867 = CARTESIAN_POINT('',(0.698359575677,3.910002734273,8.76640622924)
  );
#1868 = CARTESIAN_POINT('',(-1.909152805145,4.246798486927,
    8.893750115756));
#1869 = CARTESIAN_POINT('',(-4.645311613637,2.624673480765,
    9.021093572687));
#1870 = CARTESIAN_POINT('',(-5.907430279968,-0.894881265014,
    9.148437667601));
#1871 = CARTESIAN_POINT('',(-4.035684409378,-4.917497161783,
    9.275781258758));
#1872 = CARTESIAN_POINT('',(0.27479503822,-5.968502323941,9.403124849813
    ));
#1873 = CARTESIAN_POINT('',(3.480496852508,-4.044005421136,
    9.530468944806));
#1874 = CARTESIAN_POINT('',(4.537654663175,-1.043959478154,9.65781240169
    ));
#1875 = CARTESIAN_POINT('',(3.698629900436,1.447744437368,9.785156288228
    ));
#1876 = CARTESIAN_POINT('',(0.233947320783,3.964983749035,10.03984372923
    ));
#1877 = CARTESIAN_POINT('',(-2.395077072003,3.992964768324,
    10.167187615797));
#1878 = CARTESIAN_POINT('',(-4.921609726278,2.060482606137,
    10.294531072613));
#1879 = CARTESIAN_POINT('',(-5.76130065785,-1.583022337793,
    10.421875167676));
#1880 = CARTESIAN_POINT('',(-3.429721070711,-5.35775516099,
    10.549218758729));
#1881 = CARTESIAN_POINT('',(0.97441251443,-5.894832699495,
    10.676562349789));
#1882 = CARTESIAN_POINT('',(3.931693511265,-3.606885681626,
    10.803906444849));
#1883 = CARTESIAN_POINT('',(4.628905994673,-0.503379108398,
    10.931249901662));
#1884 = CARTESIAN_POINT('',(3.502828574718,1.872436667134,
    11.058593788235));
#1885 = CARTESIAN_POINT('',(-0.233708165963,3.964997852736,
    11.313281229225));
#1886 = CARTESIAN_POINT('',(-2.8477981792,3.683776235391,11.440625115808
    ));
#1887 = CARTESIAN_POINT('',(-5.129679139627,1.467727083744,
    11.567968572594));
#1888 = CARTESIAN_POINT('',(-5.535301628662,-2.249217835627,
    11.695312667697));
#1889 = CARTESIAN_POINT('',(-2.776211213621,-5.723738139119,
    11.822656258713));
#1890 = CARTESIAN_POINT('',(1.660521626081,-5.739442501896,
    11.949999849796));
#1891 = CARTESIAN_POINT('',(4.328384764401,-3.119763375353,
    12.077343944847));
#1892 = CARTESIAN_POINT('',(4.655986403854,4.417964925144E-02,
    12.204687401665));
#1893 = CARTESIAN_POINT('',(3.258467234915,2.271171146192,
    12.332031288231));
#1894 = CARTESIAN_POINT('',(-0.698123736291,3.910044849848,
    12.586718729236));
#1895 = CARTESIAN_POINT('',(-3.26104001504,3.323519195407,
    12.714062615763));
#1896 = CARTESIAN_POINT('',(-5.266635369517,0.854624334369,
    12.841406072683));
#1897 = CARTESIAN_POINT('',(-5.232566236366,-2.884232232909,
    12.968750167592));
#1898 = CARTESIAN_POINT('',(-2.084214501558,-6.010372442693,
    13.096093758785));
#1899 = CARTESIAN_POINT('',(2.323610783524,-5.504485918798,
    13.223437349777));
#1900 = CARTESIAN_POINT('',(4.665071246903,-2.5893915208,13.350781444835
    ));
#1901 = CARTESIAN_POINT('',(4.618520472685,0.591125940605,
    13.478124901677));
#1902 = CARTESIAN_POINT('',(2.968933483311,2.638420184125,
    13.605468788229));
#1903 = CARTESIAN_POINT('',(-1.152861157156,3.800886558597,
    13.860156229233));
#1904 = CARTESIAN_POINT('',(-3.629073772436,2.91718792266,13.98750011578
    ));
#1905 = CARTESIAN_POINT('',(-5.33057977981,0.229673854339,
    14.114843572641));
#1906 = CARTESIAN_POINT('',(-4.857291327947,-3.479262270522,
    14.24218766766));
#1907 = CARTESIAN_POINT('',(-1.36332414436,-6.213684435597,
    14.369531258706));
#1908 = CARTESIAN_POINT('',(2.954487524605,-5.193220173558,
    14.496874849848));
#1909 = CARTESIAN_POINT('',(4.937085445093,-2.023122708661,
    14.624218944784));
#1910 = CARTESIAN_POINT('',(4.517027594598,1.129877402146,
    14.751562401707));
#1911 = CARTESIAN_POINT('',(2.638241151232,2.969092575914,
    14.878906288214));
#1912 = CARTESIAN_POINT('',(-1.591616364554,3.639036249741,
    15.133593729262));
#1913 = CARTESIAN_POINT('',(-3.946797367663,2.4704154227,15.260937615661
    ));
#1914 = CARTESIAN_POINT('',(-5.320625903796,-0.398460614294,
    15.388281072863));
#1915 = CARTESIAN_POINT('',(-4.414679371544,-4.026058995542,
    15.515625167421));
#1916 = CARTESIAN_POINT('',(-0.623533907322,-6.33085558636,
    15.642968758835));
#1917 = CARTESIAN_POINT('',(3.544405950874,-4.80996036995,
    15.770312349862));
#1918 = CARTESIAN_POINT('',(5.140656402685,-1.428807172207,
    15.897656444709));
#1919 = CARTESIAN_POINT('',(4.352914774105,1.65296527597,16.024999901754
    ));
#1920 = CARTESIAN_POINT('',(2.270974654945,3.258604181705,16.15234378821
    ));
#1921 = CARTESIAN_POINT('',(-2.00830685726,3.426737668108,
    16.407031229243));
#1922 = CARTESIAN_POINT('',(-4.209806171262,1.989395340888,
    16.53437511576));
#1923 = CARTESIAN_POINT('',(-5.236911732657,-1.021071188822,
    16.66171857268));
#1924 = CARTESIAN_POINT('',(-3.91086633523,-4.517042118396,
    16.78906266759));
#1925 = CARTESIAN_POINT('',(0.124900434259,-6.360261541013,
    16.916406258806));
#1926 = CARTESIAN_POINT('',(4.085187972079,-4.360019671511,
    17.043749849741));
#1927 = CARTESIAN_POINT('',(5.272961998117,-0.814683959117,
    17.17109394487));
#1928 = CARTESIAN_POINT('',(4.128457121325,2.153137949988,
    17.298437401656));
#1929 = CARTESIAN_POINT('',(1.87222544151,3.502941477166,17.425781288236
    ));
#1930 = CARTESIAN_POINT('',(-2.397156019112,3.166933927173,
    17.680468729224));
#1931 = CARTESIAN_POINT('',(-4.414454069462,1.480796100235,
    17.807812615813));
#1932 = CARTESIAN_POINT('',(-5.080597803392,-1.629526565621,
    17.935156072583));
#1933 = CARTESIAN_POINT('',(-3.352836622098,-4.945405097458,
    18.062500167714));
#1934 = CARTESIAN_POINT('',(0.871603270218,-6.3014946423,18.189843758694
    ));
#1935 = CARTESIAN_POINT('',(4.569336680855,-3.849635645164,
    18.317187349813));
#1936 = CARTESIAN_POINT('',(5.332168067354,-0.189266712013,
    18.444531444835));
#1937 = CARTESIAN_POINT('',(3.846766312073,2.623461487154,
    18.571874901671));
#1938 = CARTESIAN_POINT('',(1.447521405597,3.698717193387,
    18.699218788229));
#1939 = CARTESIAN_POINT('',(-2.752773200699,2.863226708537,
    18.95390622924));
#1940 = CARTESIAN_POINT('',(-4.557904010847,0.951668455861,
    19.081250115742));
#1941 = CARTESIAN_POINT('',(-4.853851109423,-2.215391675541,
    19.208593572719));
#1942 = CARTESIAN_POINT('',(-2.748326246166,-5.305209499687,
    19.33593766756));
#1943 = CARTESIAN_POINT('',(1.606222994932,-6.15536958102,
    19.463281258791));
#1944 = CARTESIAN_POINT('',(4.990140281905,-3.285883788395,
    19.590624849799));
#1945 = CARTESIAN_POINT('',(5.317453831598,0.438774355817,
    19.717968944808));
#1946 = CARTESIAN_POINT('',(3.511747450275,3.057415751861,19.84531240169
    ));
#1947 = CARTESIAN_POINT('',(1.002750255822,3.843217274729,
    19.972656288228));
#1948 = CARTESIAN_POINT('',(-3.070228450421,2.519826331567,
    20.227343729227));
#1949 = CARTESIAN_POINT('',(-4.638167336541,0.409347749639,
    20.354687615813));
#1950 = CARTESIAN_POINT('',(-4.559815059621,-2.770544619711,
    20.482031072581));
#1951 = CARTESIAN_POINT('',(-2.105715586971,-5.591467326156,
    20.609375167712));
#1952 = CARTESIAN_POINT('',(2.318575512125,-5.923912101158,
    20.736718758707));
#1953 = CARTESIAN_POINT('',(5.341765138492,-2.676579441803,
    20.864062349787));
#1954 = CARTESIAN_POINT('',(5.22902327568,1.060732656918,20.991406444865
    ));
#1955 = CARTESIAN_POINT('',(3.128044931212,3.448984798836,
    21.118749901645));
#1956 = CARTESIAN_POINT('',(0.54407789293,3.934438504115,21.246093788245
    ));
#1957 = CARTESIAN_POINT('',(-3.345120858824,2.141493385235,
    21.500781229206));
#1958 = CARTESIAN_POINT('',(-4.654131349128,-0.138647779673,
    21.628125115888));
#1959 = CARTESIAN_POINT('',(-4.202565901133,-3.287289265318,
    21.755468572446));
#1960 = CARTESIAN_POINT('',(-1.433913211257,-5.800210159691,
    21.88281266785));
#1961 = CARTESIAN_POINT('',(2.998785417333,-5.610330917858,
    22.01015625864));
#1962 = CARTESIAN_POINT('',(5.61933664513,-2.03016944399,22.137499849769
    ));
#1963 = CARTESIAN_POINT('',(5.068102319901,1.667985929899,
    22.264843944912));
#1964 = CARTESIAN_POINT('',(2.700978055988,3.792740272598,
    22.392187401623));
#1965 = CARTESIAN_POINT('',(7.7862931361E-02,3.971116273819,
    22.51953128824));
#1966 = CARTESIAN_POINT('',(-3.57363956876,1.733472731704,
    22.774218729238));
#1967 = CARTESIAN_POINT('',(-4.605574738204,-0.68472122271,
    22.901562615737));
#1968 = CARTESIAN_POINT('',(-3.787056209696,-3.758461937172,
    23.028906072736));
#1969 = CARTESIAN_POINT('',(-0.742232373241,-5.928544180046,
    23.156250167541));
#1970 = CARTESIAN_POINT('',(3.637422902016,-5.218973234316,23.2835937588
    ));
#1971 = CARTESIAN_POINT('',(5.819006804259,-1.355615032337,23.4109373498
    ));
#1972 = CARTESIAN_POINT('',(4.836921825217,2.25211577039,23.538281444807
    ));
#1973 = CARTESIAN_POINT('',(2.236467289496,4.083916661401,
    23.665624901683));
#1974 = CARTESIAN_POINT('',(-0.389431450726,3.952742116741,
    23.79296878824));
#1975 = CARTESIAN_POINT('',(-3.75261660573,1.301420796509,
    24.047656229196));
#1976 = CARTESIAN_POINT('',(-4.493170648079,-1.221302316755,
    24.175000115945));
#1977 = CARTESIAN_POINT('',(-3.319046232128,-4.177530727072,
    24.302343572346));
#1978 = CARTESIAN_POINT('',(-4.026190393866E-02,-5.974690282712,
    24.429687667925));
#1979 = CARTESIAN_POINT('',(4.225634480102,-4.755264475063,
    24.557031258671));
#1980 = CARTESIAN_POINT('',(5.938007570724,-0.662267612894,
    24.684374849637));
#1981 = CARTESIAN_POINT('',(4.53868666717,2.805024335969,24.81171894506)
  );
#1982 = CARTESIAN_POINT('',(1.740952184289,4.318477362039,
    24.939062401531));
#1983 = CARTESIAN_POINT('',(-0.851327111068,3.879570755389,
    25.066406288272));
#1984 = CARTESIAN_POINT('',(-3.879570795614,0.851327152743,
    25.321093729198));
#1985 = CARTESIAN_POINT('',(-4.31847734653,-1.740952391445,
    25.448437615884));
#1986 = CARTESIAN_POINT('',(-2.805024030798,-4.538686049279,
    25.575781072471));
#1987 = CARTESIAN_POINT('',(0.66226671962,-5.938008739115,
    25.703125167813));
#1988 = CARTESIAN_POINT('',(4.755265723365,-4.225633075358,
    25.830468758672));
#1989 = CARTESIAN_POINT('',(5.974689227409,4.026087954454E-02,
    25.957812349751));
#1990 = CARTESIAN_POINT('',(4.177531304801,3.3190466078,26.085156444923)
  );
#1991 = CARTESIAN_POINT('',(1.221302109227,4.493170639129,
    26.212499901612));
#1992 = CARTESIAN_POINT('',(-1.301420750408,3.752616570691,
    26.339843788251));
#1993 = CARTESIAN_POINT('',(-3.952742161558,0.389431487362,
    26.594531229211));
#1994 = CARTESIAN_POINT('',(-4.083916621741,-2.236467493277,
    26.721875115855));
#1995 = CARTESIAN_POINT('',(-2.252115539861,-4.836921175981,
    26.849218572509));
#1996 = CARTESIAN_POINT('',(1.355614282628,-5.819008069248,
    26.976562667793));
#1997 = CARTESIAN_POINT('',(5.218974308562,-3.637421360493,
    27.103906258647));
#1998 = CARTESIAN_POINT('',(5.928543252912,0.742231231949,
    27.231249849817));
#1999 = CARTESIAN_POINT('',(3.758462466357,3.787056650737,
    27.358593944849));
#2000 = CARTESIAN_POINT('',(0.684721017868,4.605574704853,
    27.485937401664));
#2001 = CARTESIAN_POINT('',(-1.73347268185,3.573639539408,
    27.613281288225));
#2002 = CARTESIAN_POINT('',(-3.971116322602,-7.786290026648E-02,
    27.867968729256));
#2003 = CARTESIAN_POINT('',(-3.792740209334,-2.700978253635,
    27.995312615674));
#2004 = CARTESIAN_POINT('',(-1.66798577715,-5.068101648194,
    28.122656072834));
#2005 = CARTESIAN_POINT('',(2.030168847997,-5.619337989299,
    28.250000167479));
#2006 = CARTESIAN_POINT('',(5.610331803627,-2.998783760394,
    28.37734375875));
#2007 = CARTESIAN_POINT('',(5.800209373018,1.433911969012,
    28.504687349953));
#2008 = CARTESIAN_POINT('',(3.28728973905,4.202566401265,28.632031444639
    ));
#2009 = CARTESIAN_POINT('',(0.138647580153,4.654131291948,
    28.759374901793));
#2010 = CARTESIAN_POINT('',(-2.141493332274,3.345120835532,
    28.886718788195));
#2011 = CARTESIAN_POINT('',(-3.934438556214,-0.544077867785,
    29.141406229264));
#2012 = CARTESIAN_POINT('',(-3.448984712782,-3.128045120054,
    29.268750115684));
#2013 = CARTESIAN_POINT('',(-1.060732584181,-5.229022590676,
    29.396093572799));
#2014 = CARTESIAN_POINT('',(2.676579007958,-5.341766543395,
    29.523437667517));
#2015 = CARTESIAN_POINT('',(5.923912785973,-2.318573762553,
    29.650781258738));
#2016 = CARTESIAN_POINT('',(5.591466691027,2.105714260859,
    29.778124849932));
#2017 = CARTESIAN_POINT('',(2.770545031306,4.559815611985,29.90546894467
    ));
#2018 = CARTESIAN_POINT('',(-0.409347941016,4.638167256294,
    30.032812401773));
#2019 = CARTESIAN_POINT('',(-2.519826276249,3.07022843352,
    30.160156288199));
#2020 = CARTESIAN_POINT('',(-3.84321732941,-1.00275023698,
    30.414843729263));
#2021 = CARTESIAN_POINT('',(-3.057415644245,-3.511747627661,
    30.54218761568));
#2022 = CARTESIAN_POINT('',(-0.43877436405,-5.317453142871,
    30.669531072814));
#2023 = CARTESIAN_POINT('',(3.285883522673,-4.990141727942,
    30.796875167487));
#2024 = CARTESIAN_POINT('',(6.155370055391,-1.60622117712,30.92421875878
    ));
#2025 = CARTESIAN_POINT('',(5.305209024934,2.748324854678,
    31.051562349891));
#2026 = CARTESIAN_POINT('',(2.215392019264,4.853851706303,
    31.178906444697));
#2027 = CARTESIAN_POINT('',(-0.951668636431,4.557903908667,
    31.306249901764));
#2028 = CARTESIAN_POINT('',(-2.863226651625,2.752773190419,
    31.433593788199));
#2029 = CARTESIAN_POINT('',(-3.6987172499,-1.447521393314,31.68828122927
    ));
#2030 = CARTESIAN_POINT('',(-2.623461359437,-3.846766475582,
    31.815625115646));
#2031 = CARTESIAN_POINT('',(0.189266622899,-5.332167384357,
    31.942968572882));
#2032 = CARTESIAN_POINT('',(3.8496355512,-4.56933814813,32.070312667409)
  );
#2033 = CARTESIAN_POINT('',(6.301494899816,-0.871601409207,
    32.197656258834));
#2034 = CARTESIAN_POINT('',(4.945404789429,3.352835184415,32.32499984987
    ));
#2035 = CARTESIAN_POINT('',(1.629526836911,5.080598436559,
    32.452343944706));
#2036 = CARTESIAN_POINT('',(-1.480796267607,4.414453946759,
    32.579687401749));
#2037 = CARTESIAN_POINT('',(-3.16693386942,2.397156015592,
    32.707031288219));
#2038 = CARTESIAN_POINT('',(-3.502941534777,-1.872225435949,
    32.961718729218));
#2039 = CARTESIAN_POINT('',(-2.153137803758,-4.128457268739,
    33.089062615873));
#2040 = CARTESIAN_POINT('',(0.814683790008,-5.272961330182,
    33.216406072462));
#2041 = CARTESIAN_POINT('',(4.360019751024,-4.085189440477,
    33.343750167837));
#2042 = CARTESIAN_POINT('',(6.360261577791,-0.124898555605,
    33.471093758653));
#2043 = CARTESIAN_POINT('',(4.517041981491,3.910864871103,
    33.598437349753));
#2044 = CARTESIAN_POINT('',(1.021071383902,5.236912393419,
    33.725781444933));
#2045 = CARTESIAN_POINT('',(-1.989395492746,4.209806029711,
    33.853124901602));
#2046 = CARTESIAN_POINT('',(-3.426737610329,2.008306860555,
    33.980468788256));
#2047 = CARTESIAN_POINT('',(-3.25860423956,-2.270974656195,
    34.235156229201));
#2048 = CARTESIAN_POINT('',(-1.652965113491,-4.352914903294,
    34.362500115897));
#2049 = CARTESIAN_POINT('',(1.42880692588,-5.140655759318,34.48984357243
    ));
#2050 = CARTESIAN_POINT('',(4.809960621417,-3.544407399617,
    34.617187667882));
#2051 = CARTESIAN_POINT('',(6.330855402034,0.623535777101,
    34.744531258593));
#2052 = CARTESIAN_POINT('',(4.026059031831,4.414677901635,
    34.871874849819));
#2053 = CARTESIAN_POINT('',(0.398460730186,5.320626582809,
    34.999218944877));
#2054 = CARTESIAN_POINT('',(-2.470415556767,3.946797209281,
    35.126562401638));
#2055 = CARTESIAN_POINT('',(-3.639036192778,1.591616374611,
    35.253906288237));
#2056 = CARTESIAN_POINT('',(-2.969092633199,-2.63824115927,
    35.508593729236));
#2057 = CARTESIAN_POINT('',(-1.129877225676,-4.517027703796,
    35.635937615754));
#2058 = CARTESIAN_POINT('',(2.023122388555,-4.937084835142,
    35.763281072696));
#2059 = CARTESIAN_POINT('',(5.193220593377,-2.954488933741,
    35.890625167598));
#2060 = CARTESIAN_POINT('',(6.213684032972,1.36332597951,36.01796875874)
  );
#2061 = CARTESIAN_POINT('',(3.479262479182,4.857289872486,
    36.145312349852));
#2062 = CARTESIAN_POINT('',(-0.229673818976,5.330580467747,
    36.272656444764));
#2063 = CARTESIAN_POINT('',(-2.917188037213,3.629073599389,
    36.399999901719));
#2064 = CARTESIAN_POINT('',(-3.800886503206,1.152861173839,
    36.527343788214));
#2065 = CARTESIAN_POINT('',(-2.638420240067,-2.968933498026,
    36.782031229254));
#2066 = CARTESIAN_POINT('',(-0.59112575254,-4.618520560388,
    36.909375115702));
#2067 = CARTESIAN_POINT('',(2.589391131253,-4.665070678805,
    37.036718572784));
#2068 = CARTESIAN_POINT('',(5.504486501304,-2.323612133534,
    37.164062667506));
#2069 = CARTESIAN_POINT('',(6.010371827163,2.084216276631,
    37.291406258791));
#2070 = CARTESIAN_POINT('',(2.884232611219,5.232564815557,
    37.418749849851));
#2071 = CARTESIAN_POINT('',(-0.854624380141,5.266636056815,
    37.546093944745));
#2072 = CARTESIAN_POINT('',(-3.323519288811,3.261039829738,
    37.673437401729));
#2073 = CARTESIAN_POINT('',(-3.910044796801,0.698123759369,
    37.800781288217));
#2074 = CARTESIAN_POINT('',(-2.27117120003,-3.258467256107,
    38.055468729237));
#2075 = CARTESIAN_POINT('',(-4.417945211209E-02,-4.655986468838,
    38.182812615783));
#2076 = CARTESIAN_POINT('',(3.119762921593,-4.328384246009,
    38.310156072627));
#2077 = CARTESIAN_POINT('',(5.739443239199,-1.660522898349,
    38.437500167683));
#2078 = CARTESIAN_POINT('',(5.723737319128,2.776212904188,
    38.564843758686));
#2079 = CARTESIAN_POINT('',(2.249218378302,5.535300262005,
    38.692187349851));
#2080 = CARTESIAN_POINT('',(-1.467727209918,5.129679816899,
    38.819531444801));
#2081 = CARTESIAN_POINT('',(-3.683776306421,2.847797984149,
    38.94687490168));
#2082 = CARTESIAN_POINT('',(-3.964997802749,0.23370819513,
    39.074218788238));
#2083 = CARTESIAN_POINT('',(-1.872436718132,-3.502828602106,
    39.328906229206));
#2084 = CARTESIAN_POINT('',(0.503379311897,-4.628906035993,
    39.456250115895));
#2085 = CARTESIAN_POINT('',(3.606885169921,-3.931693049843,
    39.583593572446));
#2086 = CARTESIAN_POINT('',(5.894833581389,-0.974413691241,
    39.710937667805));
#2087 = CARTESIAN_POINT('',(5.357754147908,3.429722653317,
    39.838281258755));
#2088 = CARTESIAN_POINT('',(1.583023037294,5.761299364254,
    39.965624849616));
#2089 = CARTESIAN_POINT('',(-2.060482810955,4.921610384181,
    40.092968945036));
#2090 = CARTESIAN_POINT('',(-3.992964815986,2.39507686989,
    40.220312401565));
#2091 = CARTESIAN_POINT('',(-3.96498370282,-0.23394728594,
    40.347656288248));
#2092 = CARTESIAN_POINT('',(-1.447744484764,-3.698629933607,
    40.602343729245));
#2093 = CARTESIAN_POINT('',(1.043959684928,-4.537654680374,
    40.72968761569));
#2094 = CARTESIAN_POINT('',(4.044004859098,-3.480496454341,
    40.857031072818));
#2095 = CARTESIAN_POINT('',(5.968503337627,-0.274796103158,
    40.984375167485));
#2096 = CARTESIAN_POINT('',(4.917495969961,4.035685861633,
    41.111718758758));
#2097 = CARTESIAN_POINT('',(0.894882111712,5.907429077999,
    41.239062349932));
#2098 = CARTESIAN_POINT('',(-2.624673761624,4.645312242545,
    41.366406444666));
#2099 = CARTESIAN_POINT('',(-4.246798510398,1.909152598999,
    41.493749901769));
#2100 = CARTESIAN_POINT('',(-3.910002692499,-0.698359535672,
    41.62109378821));
#2101 = CARTESIAN_POINT('',(-1.002982045001,-3.843156839944,
    41.875781229233));
#2102 = CARTESIAN_POINT('',(1.570067555214,-4.38349742716,
    42.003125115814));
#2103 = CARTESIAN_POINT('',(4.425062160248,-2.981049436991,
    42.130468572563));
#2104 = CARTESIAN_POINT('',(5.959431218886,0.428631006921,
    42.257812667747));
#2105 = CARTESIAN_POINT('',(4.409066121638,4.585702009764,
    42.385156258665));
#2106 = CARTESIAN_POINT('',(0.194335358407,5.971663593337,
    42.512499849825));
#2107 = CARTESIAN_POINT('',(-3.152478633811,4.30461573781,
    42.639843944836));
#2108 = CARTESIAN_POINT('',(-4.441758471589,1.396761581067,
    42.767187401668));
#2109 = CARTESIAN_POINT('',(-3.800816978208,-1.153090367007,
    42.894531288229));
#2110 = CARTESIAN_POINT('',(-0.544315178788,-3.93440573214,
    43.149218729241));
#2111 = CARTESIAN_POINT('',(2.074409443675,-4.168571371826,
    43.27656261574));
#2112 = CARTESIAN_POINT('',(4.744774444036,-2.44027587451,
    43.403906072731));
#2113 = CARTESIAN_POINT('',(5.867742991689,1.126115968348,
    43.531250167528));
#2114 = CARTESIAN_POINT('',(3.839513010419,5.072146176112,
    43.658593758844));
#2115 = CARTESIAN_POINT('',(-0.508905482823,5.953112422329,
    43.785937349736));
#2116 = CARTESIAN_POINT('',(-3.63658042332,3.904243974373,
    43.913281444861));
#2117 = CARTESIAN_POINT('',(-4.575141952659,0.865007137152,
    44.040624901658));
#2118 = CARTESIAN_POINT('',(-3.63894021094,-1.591835807315,
    44.167968788244));
#2119 = CARTESIAN_POINT('',(-7.810242441603E-02,-3.971111618991,
    44.422656229199));
#2120 = CARTESIAN_POINT('',(2.549993615586,-3.895856052539,
    44.550000115929));
#2121 = CARTESIAN_POINT('',(4.998709510883,-1.865672557767,
    44.677343572366));
#2122 = CARTESIAN_POINT('',(5.694709738711,1.807989487422,
    44.804687667936));
#2123 = CARTESIAN_POINT('',(3.216732399394,5.488274743248,44.9320312586)
  );
#2124 = CARTESIAN_POINT('',(-1.205091323333,5.852032741254,
    45.059374849753));
#2125 = CARTESIAN_POINT('',(-4.070267985386,3.449747340698,
    45.186718944946));
#2126 = CARTESIAN_POINT('',(-4.64509984697,0.321261024786,
    45.314062401606));
#2127 = CARTESIAN_POINT('',(-3.426616502259,-2.008513490799,
    45.441406288236));
#2128 = CARTESIAN_POINT('',(0.389193070632,-3.952765643526,
    45.696093729259));
#2129 = CARTESIAN_POINT('',(2.990227006227,-3.569132145688,
    45.823437615635));
#2130 = CARTESIAN_POINT('',(5.183347038002,-1.265205261247,
    45.950781072924));
#2131 = CARTESIAN_POINT('',(5.442730233599,2.46479869215,46.078125167354
    ));
#2132 = CARTESIAN_POINT('',(2.549357950852,5.828318885205,
    46.205468758865));
#2133 = CARTESIAN_POINT('',(-1.884570879418,5.669825826764,
    46.332812349881));
#2134 = CARTESIAN_POINT('',(-4.447529071901,2.947426562305,
    46.460156444673));
#2135 = CARTESIAN_POINT('',(-4.650662322177,-0.226938756642,
    46.587499901777));
#2136 = CARTESIAN_POINT('',(-3.166789314015,-2.397346978868,
    46.714843788205));
#2137 = CARTESIAN_POINT('',(0.851093148607,-3.8796221377,46.969531229242
    ));
#2138 = CARTESIAN_POINT('',(3.389006622661,-3.192929052381,
    47.096875115779));
#2139 = CARTESIAN_POINT('',(5.296127378402,-0.647198315722,
    47.224218572612));
#2140 = CARTESIAN_POINT('',(5.115297691387,3.087438180828,
    47.351562667739));
#2141 = CARTESIAN_POINT('',(1.84664153295,6.087564540599,47.478906258583
    ));
#2142 = CARTESIAN_POINT('',(-2.537924466839,5.40901762849,
    47.606249849973));
#2143 = CARTESIAN_POINT('',(-4.763133680067,2.404245356043,47.7335939447
    ));
#2144 = CARTESIAN_POINT('',(-4.591752265262,-0.771992466726,
    47.860937401737));
#2145 = CARTESIAN_POINT('',(-2.863060652868,-2.752945839346,
    47.988281288216));
#2146 = CARTESIAN_POINT('',(1.301194448996,-3.752695096176,
    48.24296872924));
#2147 = CARTESIAN_POINT('',(3.740804148456,-2.77246210882,
    48.370312615768));
#2148 = CARTESIAN_POINT('',(5.335487049189,-2.021920406249E-02,
    48.497656072658));
#2149 = CARTESIAN_POINT('',(4.71695133665,3.667276248004,48.625000167636
    ));
#2150 = CARTESIAN_POINT('',(1.118324964719,6.262417764845,
    48.752343758739));
#2151 = CARTESIAN_POINT('',(-3.156094588997,5.073223753093,
    48.879687349806));
#2152 = CARTESIAN_POINT('',(-5.012706555947,1.82773388945,
    49.007031444828));
#2153 = CARTESIAN_POINT('',(-4.469186351381,-1.306343978791,
    49.134374901668));
#2154 = CARTESIAN_POINT('',(-2.519641135413,-3.070380374643,
    49.261718788241));
#2155 = CARTESIAN_POINT('',(1.733257178717,-3.573744119489,
    49.516406229203));
#2156 = CARTESIAN_POINT('',(4.040742584334,-2.313560284255,
    49.643750115909));
#2157 = CARTESIAN_POINT('',(5.300880403557,0.607040207965,
    49.771093572408));
#2158 = CARTESIAN_POINT('',(4.253213479664,4.196274549058,
    49.898437667876));
#2159 = CARTESIAN_POINT('',(0.374504960984,6.350454552349,
    50.025781258663));
#2160 = CARTESIAN_POINT('',(-3.730511499976,4.667099340071,
    50.153124849698));
#2161 = CARTESIAN_POINT('',(-5.192787849387,1.225884390635,
    50.280468944992));
#2162 = CARTESIAN_POINT('',(-4.284663722331,-1.822585531839,
    50.40781240157));
#2163 = CARTESIAN_POINT('',(-2.141291615985,-3.34524996248,
    50.535156288262));
#2164 = CARTESIAN_POINT('',(2.141291614961,-3.34525002038,
    50.789843729202));
#2165 = CARTESIAN_POINT('',(4.284663857833,-1.82258537443,
    50.917187615879));
#2166 = CARTESIAN_POINT('',(5.192787196725,1.225884169573,
    51.044531072476));
#2167 = CARTESIAN_POINT('',(3.730512957722,4.667099534544,
    51.171875167809));
#2168 = CARTESIAN_POINT('',(-0.374506836889,6.350454441753,
    51.299218758672));
#2169 = CARTESIAN_POINT('',(-4.253212009161,4.196274527224,
    51.42656234976));
#2170 = CARTESIAN_POINT('',(-5.300881077677,0.607040350797,
    51.553906444904));
#2171 = CARTESIAN_POINT('',(-4.040742431274,-2.313560424634,
    51.681249901633));
#2172 = CARTESIAN_POINT('',(-1.733257186537,-3.573744062131,
    51.808593788233));
#2173 = CARTESIAN_POINT('',(2.519641141196,-3.07038043221,52.06328122925
    ));
#2174 = CARTESIAN_POINT('',(4.469186467426,-1.306343806767,
    52.190625115688));
#2175 = CARTESIAN_POINT('',(5.012705933904,1.827733593606,
    52.317968572815));
#2176 = CARTESIAN_POINT('',(3.156096013503,5.073224117184,
    52.445312667486));
#2177 = CARTESIAN_POINT('',(-1.118326814219,6.262417434613,
    52.572656258768));
#2178 = CARTESIAN_POINT('',(-4.71694987416,3.667276399391,
    52.699999849913));
#2179 = CARTESIAN_POINT('',(-5.335487735182,-2.021914177394E-02,
    52.827343944683));
#2180 = CARTESIAN_POINT('',(-3.740803980048,-2.772462230043,
    52.954687401761));
#2181 = CARTESIAN_POINT('',(-1.301194463492,-3.752695040179,
    53.082031288212));
#2182 = CARTESIAN_POINT('',(2.863060665379,-2.752945895829,
    53.336718729233));
#2183 = CARTESIAN_POINT('',(4.59175236027,-0.771992282211,
    53.464062615805));
#2184 = CARTESIAN_POINT('',(4.763133097106,2.404244989034,
    53.591406072597));
#2185 = CARTESIAN_POINT('',(2.53792583875,5.409018157579,53.71875016767)
  );
#2186 = CARTESIAN_POINT('',(-1.846643330978,6.087563995291,
    53.84609375878));
#2187 = CARTESIAN_POINT('',(-5.115296256632,3.087438502928,
    53.973437349703));
#2188 = CARTESIAN_POINT('',(-5.296128067105,-0.647198334339,
    54.100781444928));
#2189 = CARTESIAN_POINT('',(-3.389006441111,-3.192929153061,
    54.228124901619));
#2190 = CARTESIAN_POINT('',(-0.851093169593,-3.879622083774,
    54.355468788247));
#2191 = CARTESIAN_POINT('',(3.166789333078,-2.397347033491,
    54.610156229216));
#2192 = CARTESIAN_POINT('',(4.650662394843,-0.226938562258,
    54.737500115839));
#2193 = CARTESIAN_POINT('',(4.447528536144,2.947426129344,
    54.864843572532));
#2194 = CARTESIAN_POINT('',(1.884572179512,5.669826513476,
    54.992187667781));
#2195 = CARTESIAN_POINT('',(-2.549359672089,5.828318132181,
    55.119531258634));
#2196 = CARTESIAN_POINT('',(-5.442728846918,2.464799180897,
    55.246874849845));
#2197 = CARTESIAN_POINT('',(-5.18334771955,-1.265205360895,
    55.37421894483));
#2198 = CARTESIAN_POINT('',(-2.990226814181,-3.569132224227,
    55.501562401663));
#2199 = CARTESIAN_POINT('',(-0.389193097803,-3.952765592455,
    55.628906288238));
#2200 = CARTESIAN_POINT('',(3.42661652762,-2.008513542825,
    55.883593729219));
#2201 = CARTESIAN_POINT('',(4.645099896251,0.321261226499,
    56.010937615834));
#2202 = CARTESIAN_POINT('',(4.070267504223,3.449746847516,
    56.138281072545));
#2203 = CARTESIAN_POINT('',(1.205092533878,5.852033576232,
    56.265625167748));
#2204 = CARTESIAN_POINT('',(-3.216734020582,5.488273793145,
    56.392968758691));
#2205 = CARTESIAN_POINT('',(-5.694708418615,1.807990135518,
    56.520312349781));
#2206 = CARTESIAN_POINT('',(-4.998710176348,-1.865672736529,
    56.647656444877));
#2207 = CARTESIAN_POINT('',(-2.549993415483,-3.895856108138,
    56.774999901641));
#2208 = CARTESIAN_POINT('',(7.81023914044E-02,-3.971111571427,
    56.902343788242));
#2209 = CARTESIAN_POINT('',(3.638940242242,-1.591835856004,
    57.157031229218));
#2210 = CARTESIAN_POINT('',(4.575141977912,0.865007343215,
    57.284375115836));
#2211 = CARTESIAN_POINT('',(3.636580003449,3.90424342815,57.411718572534
    ));
#2212 = CARTESIAN_POINT('',(0.508906586735,5.953113393739,
    57.539062667786));
#2213 = CARTESIAN_POINT('',(-3.839514508434,5.07214504198,
    57.666406258617));
#2214 = CARTESIAN_POINT('',(-5.867741757265,1.126116767301,
    57.793749849874));
#2215 = CARTESIAN_POINT('',(-4.7447750836,-2.440276130455,
    57.921093944798));
#2216 = CARTESIAN_POINT('',(-2.074409238559,-4.168571403397,
    58.048437401688));
#2217 = CARTESIAN_POINT('',(0.544315140447,-3.934405688821,
    58.175781288222));
#2218 = CARTESIAN_POINT('',(3.800817014994,-1.153090411652,
    58.430468729251));
#2219 = CARTESIAN_POINT('',(4.441758472492,1.396761788587,
    58.557812615702));
#2220 = CARTESIAN_POINT('',(3.15247828099,4.304615146183,58.685156072786
    ));
#2221 = CARTESIAN_POINT('',(-0.194334376253,5.971664687551,
    58.812500167505));
#2222 = CARTESIAN_POINT('',(-4.409067476034,4.585700707626,
    58.93984375879));
#2223 = CARTESIAN_POINT('',(-5.95943008687,0.428631945285,
    59.067187349855));
#2224 = CARTESIAN_POINT('',(-4.42506276533,-2.981049766266,
    59.194531444739));
#2225 = CARTESIAN_POINT('',(-1.570067347796,-4.383497434424,
    59.321874901736));
#2226 = CARTESIAN_POINT('',(1.002982001835,-3.843156801434,
    59.449218788211));
#2227 = CARTESIAN_POINT('',(3.910002734268,-0.698359575672,
    59.703906229249));
#2228 = CARTESIAN_POINT('',(4.246798486937,1.909152805123,
    59.831250115728));
#2229 = CARTESIAN_POINT('',(2.624673480753,4.645311613684,
    59.958593572739));
#2230 = CARTESIAN_POINT('',(-0.894881265002,5.9074302799,60.085937667534
    ));
#2231 = CARTESIAN_POINT('',(-4.917497161799,4.035684409444,
    60.213281258823));
#2232 = CARTESIAN_POINT('',(-5.968502323917,-0.274795038264,
    60.340624849763));
#2233 = CARTESIAN_POINT('',(-4.044005421161,-3.480496852486,
    60.46796894484));
#2234 = CARTESIAN_POINT('',(-1.043959478135,-4.537654663185,
    60.595312401666));
#2235 = CARTESIAN_POINT('',(1.447744437357,-3.69862990043,
    60.722656288244));
#2236 = CARTESIAN_POINT('',(3.964983749056,-0.233947320798,
    60.977343729195));
#2237 = CARTESIAN_POINT('',(3.992964768243,2.395077072081,61.10468761595
    ));
#2238 = CARTESIAN_POINT('',(2.060482606273,4.921609726111,
    61.232031072313));
#2239 = CARTESIAN_POINT('',(-1.583022337914,5.761300658068,
    61.359375168026));
#2240 = CARTESIAN_POINT('',(-5.357755160962,3.429721070531,
    61.486718758488));
#2241 = CARTESIAN_POINT('',(-5.894832699434,-0.974412514346,
    61.614062349857));
#2242 = CARTESIAN_POINT('',(-3.606885681702,-3.931693511276,
    61.741406444878));
#2243 = CARTESIAN_POINT('',(-0.503379108361,-4.628905994682,
    61.868749901636));
#2244 = CARTESIAN_POINT('',(1.872436667134,-3.502828574718,
    61.996093788231));
#2245 = CARTESIAN_POINT('',(3.964997852715,0.233708165975,
    62.250781229259));
#2246 = CARTESIAN_POINT('',(3.683776235485,2.847798179122,
    62.378125115641));
#2247 = CARTESIAN_POINT('',(1.46772708358,5.129679139808,62.505468572926
    ));
#2248 = CARTESIAN_POINT('',(-2.249217835473,5.53530162841,62.63281266731
    ));
#2249 = CARTESIAN_POINT('',(-5.723738139172,2.776211213843,
    62.760156258976));
#2250 = CARTESIAN_POINT('',(-5.739442501947,-1.660521626199,
    62.887499849727));
#2251 = CARTESIAN_POINT('',(-3.119763375278,-4.328384764373,
    63.01484394481));
#2252 = CARTESIAN_POINT('',(4.417964921531E-02,-4.65598640385,
    63.142187401696));
#2253 = CARTESIAN_POINT('',(2.27117114619,-3.258467234915,
    63.269531288237));
#2254 = CARTESIAN_POINT('',(3.910044849877,0.698123736279,
    63.524218729193));
#2255 = CARTESIAN_POINT('',(3.323519195275,3.261040015117,
    63.651562615969));
#2256 = CARTESIAN_POINT('',(0.854624334603,5.26663536933,63.778906072285
    ));
#2257 = CARTESIAN_POINT('',(-2.884232233129,5.232566236635,
    63.906250168026));
#2258 = CARTESIAN_POINT('',(-6.010372442627,2.084214501307,
    64.033593758549));
#2259 = CARTESIAN_POINT('',(-5.504485918698,-2.323610783376,
    64.160937349746));
#2260 = CARTESIAN_POINT('',(-2.589391520948,-4.665071246947,
    64.288281444987));
#2261 = CARTESIAN_POINT('',(0.591125940695,-4.618520472686,
    64.415624901568));
#2262 = CARTESIAN_POINT('',(2.638420184103,-2.968933483306,
    64.542968788258));
#2263 = CARTESIAN_POINT('',(3.800886558607,1.152861157153,
    64.797656229219));
#2264 = CARTESIAN_POINT('',(2.917187922648,3.629073772449,
    64.925000115802));
#2265 = CARTESIAN_POINT('',(0.229673854345,5.330579779779,
    65.052343572616));
#2266 = CARTESIAN_POINT('',(-3.479262270516,4.857291328001,
    65.179687667676));
#2267 = CARTESIAN_POINT('',(-6.213684435619,1.363324144291,
    65.307031258711));
#2268 = CARTESIAN_POINT('',(-5.193220173527,-2.954487524545,
    65.434374849822));
#2269 = CARTESIAN_POINT('',(-2.023122708691,-4.937085445128,
    65.561718944818));
#2270 = CARTESIAN_POINT('',(1.129877402169,-4.517027594587,
    65.689062401679));
#2271 = CARTESIAN_POINT('',(2.9690925759,-2.638241151232,65.816406288231
    ));
#2272 = CARTESIAN_POINT('',(3.639036249769,1.59161636455,66.071093729228
    ));
#2273 = CARTESIAN_POINT('',(2.470415422588,3.946797367698,
    66.198437615801));
#2274 = CARTESIAN_POINT('',(-0.398460614094,5.320625903699,
    66.32578107261));
#2275 = CARTESIAN_POINT('',(-4.026058995738,4.414679371704,
    66.45312516767));
#2276 = CARTESIAN_POINT('',(-6.330855586287,0.623533907147,
    66.580468758747));
#2277 = CARTESIAN_POINT('',(-4.809960369879,-3.544405950743,
    66.707812349762));
#2278 = CARTESIAN_POINT('',(-1.428807172329,-5.140656402747,
    66.835156444875));
#2279 = CARTESIAN_POINT('',(1.652965276051,-4.352914774089,
    66.962499901645));
#2280 = CARTESIAN_POINT('',(3.258604181678,-2.270974654945,
    67.089843788244));
#2281 = CARTESIAN_POINT('',(3.426737668135,2.00830685726,67.344531229209
    ));
#2282 = CARTESIAN_POINT('',(1.989395340797,4.209806171278,
    67.471875115873));
#2283 = CARTESIAN_POINT('',(-1.021071188666,5.236911732604,
    67.599218572483));
#2284 = CARTESIAN_POINT('',(-4.51704211855,3.910866335332,
    67.726562667784));
#2285 = CARTESIAN_POINT('',(-6.360261540954,-0.124900434391,
    67.853906258734));
#2286 = CARTESIAN_POINT('',(-4.360019671461,-4.085187971964,
    67.981249849672));
#2287 = CARTESIAN_POINT('',(-0.814683959203,-5.272961998184,
    68.108593944985));
#2288 = CARTESIAN_POINT('',(2.153137950042,-4.128457121302,
    68.235937401585));
#2289 = CARTESIAN_POINT('',(3.502941477154,-1.872225441512,
    68.363281288253));
#2290 = CARTESIAN_POINT('',(3.166933927174,2.397156019113,68.61796872922
    ));
#2291 = CARTESIAN_POINT('',(1.480796100254,4.414454069457,68.74531261581
    ));
#2292 = CARTESIAN_POINT('',(-1.629526565664,5.080597803411,
    68.872656072591));
#2293 = CARTESIAN_POINT('',(-4.945405097412,3.352836622062,
    69.000000167719));
#2294 = CARTESIAN_POINT('',(-6.30149464232,-0.871603270175,
    69.127343758662));
#2295 = CARTESIAN_POINT('',(-3.849635645172,-4.569336680885,
    69.254687349859));
#2296 = CARTESIAN_POINT('',(-0.189266711998,-5.332168067341,
    69.382031444804));
#2297 = CARTESIAN_POINT('',(2.623461487152,-3.846766312074,
    69.509374901674));
#2298 = CARTESIAN_POINT('',(3.698717193378,-1.4475214056,69.636718788242
    ));
#2299 = CARTESIAN_POINT('',(2.863226708568,2.752773200706,
    69.891406229199));
#2300 = CARTESIAN_POINT('',(0.951668455717,4.557904010844,
    70.018750115928));
#2301 = CARTESIAN_POINT('',(-2.215391675271,4.853851109377,
    70.146093572377));
#2302 = CARTESIAN_POINT('',(-5.30520949997,2.74832624631,70.273437667902
    ));
#2303 = CARTESIAN_POINT('',(-6.155369580884,-1.606222995164,
    70.40078125866));
#2304 = CARTESIAN_POINT('',(-3.285883788343,-4.990140281671,
    70.528124849683));
#2305 = CARTESIAN_POINT('',(0.438774355691,-5.317453831751,
    70.655468945004));
#2306 = CARTESIAN_POINT('',(3.057415751943,-3.511747450216,
    70.782812401573));
#2307 = CARTESIAN_POINT('',(3.843217274713,-1.002750255829,
    70.91015628825));
#2308 = CARTESIAN_POINT('',(2.519826331559,3.070228450418,
    71.164843729237));
#2309 = CARTESIAN_POINT('',(0.409347749714,4.638167336544,71.29218761573
    ));
#2310 = CARTESIAN_POINT('',(-2.77054461987,4.559815059655,
    71.419531072728));
#2311 = CARTESIAN_POINT('',(-5.591467325978,2.10571558685,
    71.546875167616));
#2312 = CARTESIAN_POINT('',(-5.923912101242,-2.318575511914,
    71.674218758624));
#2313 = CARTESIAN_POINT('',(-2.676579441853,-5.341765138723,
    71.801562350036));
#2314 = CARTESIAN_POINT('',(1.060732657032,-5.229023275512,
    71.928906444599));
#2315 = CARTESIAN_POINT('',(3.448984798746,-3.128044931293,
    72.056249901809));
#2316 = CARTESIAN_POINT('',(3.934438504152,-0.544077892909,
    72.183593788188));
#2317 = CARTESIAN_POINT('',(2.141493385185,3.345120858801,
    72.438281229277));
#2318 = CARTESIAN_POINT('',(-0.138647779478,4.654131349184,
    72.56562511563));
#2319 = CARTESIAN_POINT('',(-3.287289265691,4.202565901087,72.6929685729
    ));
#2320 = CARTESIAN_POINT('',(-5.800210159267,1.433913211205,
    72.82031266741));
#2321 = CARTESIAN_POINT('',(-5.61033091812,-2.99878541715,
    72.947656258798));
#2322 = CARTESIAN_POINT('',(-2.030169443969,-5.61933664537,
    73.074999849927));
#2323 = CARTESIAN_POINT('',(1.667985930002,-5.068102319721,
    73.202343944661));
#2324 = CARTESIAN_POINT('',(3.792740272522,-2.700978056062,
    73.329687401764));
#2325 = CARTESIAN_POINT('',(3.971116273828,-7.78629313554E-02,
    73.457031288225));
#2326 = CARTESIAN_POINT('',(1.733472731735,3.57363956878,73.711718729193
    ));
#2327 = CARTESIAN_POINT('',(-0.68472122289,4.605574738124,
    73.839062615978));
#2328 = CARTESIAN_POINT('',(-3.758461936802,3.787056209783,
    73.966406072299));
#2329 = CARTESIAN_POINT('',(-5.928544180467,0.742232373289,
    74.093750167912));
#2330 = CARTESIAN_POINT('',(-5.218973234077,-3.637422902287,
    74.221093758808));
#2331 = CARTESIAN_POINT('',(-1.35561503231,-5.819006803862,
    74.348437349414));
#2332 = CARTESIAN_POINT('',(2.252115770232,-4.836921825542,
    74.475781445256));
#2333 = CARTESIAN_POINT('',(4.083916661517,-2.236467289344,
    74.603124901432));
#2334 = CARTESIAN_POINT('',(3.952742116713,0.3894314507,74.730468788291)
  );
#2335 = CARTESIAN_POINT('',(1.301420796507,3.752616605729,
    74.985156229196));
#2336 = CARTESIAN_POINT('',(-1.221302316693,4.493170648114,
    75.11250011587));
#2337 = CARTESIAN_POINT('',(-4.177530727214,3.319046232099,
    75.239843572467));
#2338 = CARTESIAN_POINT('',(-5.97469028256,4.026190385416E-02,
    75.367187667926));
#2339 = CARTESIAN_POINT('',(-4.755264475111,-4.225634479834,
    75.494531258391));
#2340 = CARTESIAN_POINT('',(-0.662267612982,-5.938007571098,
    75.621874850129));
#2341 = CARTESIAN_POINT('',(2.805024336112,-4.538686666856,
    75.749218944603));
#2342 = CARTESIAN_POINT('',(4.318477361937,-1.740952184451,
    75.876562401785));
#2343 = CARTESIAN_POINT('',(3.879570755426,0.851327111112,
    76.003906288197));
#2344 = CARTESIAN_POINT('',(0.851327152703,3.879570795574,
    76.258593729271));
#2345 = CARTESIAN_POINT('',(-1.740952391287,4.318477346635,
    76.385937615642));
#2346 = CARTESIAN_POINT('',(-4.538686049599,2.805024030664,
    76.513281072886));
#2347 = CARTESIAN_POINT('',(-5.938008738713,-0.662266719568,
    76.640625167415));
#2348 = CARTESIAN_POINT('',(-4.225633075668,-4.755265723247,
    76.767968758808));
#2349 = CARTESIAN_POINT('',(4.026087966106E-02,-5.974689227647,
    76.895312349914));
#2350 = CARTESIAN_POINT('',(3.319046607823,-4.17753130458,
    77.022656444659));
#2351 = CARTESIAN_POINT('',(4.493170639078,-1.221302109348,
    77.149999901785));
#2352 = CARTESIAN_POINT('',(3.752616570714,1.30142075044,77.277343788198
    ));
#2353 = CARTESIAN_POINT('',(0.389431487339,3.952742161529,
    77.532031229259));
#2354 = CARTESIAN_POINT('',(-2.236467493193,4.083916621823,
    77.659375115703));
#2355 = CARTESIAN_POINT('',(-4.836921176146,2.252115539744,
    77.786718572756));
#2356 = CARTESIAN_POINT('',(-5.819008069053,-1.355614282569,
    77.914062667587));
#2357 = CARTESIAN_POINT('',(-3.637421360624,-5.218974308488,
    78.041406258657));
#2358 = CARTESIAN_POINT('',(0.742231231974,-5.928543253084,
    78.168749849995));
#2359 = CARTESIAN_POINT('',(3.787056650772,-3.7584624662,78.296093944647
    ));
#2360 = CARTESIAN_POINT('',(4.605574704825,-0.684721017936,
    78.423437401761));
#2361 = CARTESIAN_POINT('',(3.573639539408,1.73347268185,78.550781288225
    ));
#2362 = CARTESIAN_POINT('',(-7.786290024078E-02,3.971116322643,
    78.805468729198));
#2363 = CARTESIAN_POINT('',(-2.700978253797,3.792740209171,
    78.932812615935));
#2364 = CARTESIAN_POINT('',(-5.068101647823,1.66798577733,
    79.060156072461));
#2365 = CARTESIAN_POINT('',(-5.619337989794,-2.030168847861,
    79.187500167523));
#2366 = CARTESIAN_POINT('',(-2.99878376001,-5.610331804358,
    79.314843759464));
#2367 = CARTESIAN_POINT('',(1.433911968908,-5.800209371839,
    79.442187348602));
#2368 = CARTESIAN_POINT('',(4.202566401145,-3.287289740198,
    79.569531446015));
#2369 = CARTESIAN_POINT('',(4.654131292115,-0.138647579396,
    79.696874900882));
#2370 = CARTESIAN_POINT('',(3.34512083543,2.141493331919,79.824218788608
    ));
#2371 = CARTESIAN_POINT('',(-0.544077867612,3.93443855682,
    80.078906228586));
#2372 = CARTESIAN_POINT('',(-3.128045120974,3.448984709571,
    80.206250119231));
#2373 = CARTESIAN_POINT('',(-5.229022588202,1.060732592845,
    80.333593563297));
#2374 = CARTESIAN_POINT('',(-5.341766548088,-2.676579024557,
    80.460937685608));
#2375 = CARTESIAN_POINT('',(-2.318573755663,-5.92391276124,
    80.588281231934));
#2376 = CARTESIAN_POINT('',(2.1057142527,-5.591466720779,80.715624882047
    ));
#2377 = CARTESIAN_POINT('',(4.559815619919,-2.770545001984,
    80.842968913082));
#2378 = CARTESIAN_POINT('',(4.638167249937,0.409347917313,
    80.970312427299));
#2379 = CARTESIAN_POINT('',(3.070228437675,2.519826291804,
    81.097656271439));
#2380 = CARTESIAN_POINT('',(1.033739096111,3.181521794738,
    81.225000017454));
#2381 = CARTESIAN_POINT('',(4.02025,4.357625371654E-15,0.));
#2382 = CARTESIAN_POINT('',(4.020249999978,2.573361744806,0.127343755444
    ));
#2383 = CARTESIAN_POINT('',(2.190344554531,5.149205183094,0.25468737561)
  );
#2384 = CARTESIAN_POINT('',(-1.473242881705,6.240603193863,
    0.382031450931));
#2385 = CARTESIAN_POINT('',(-5.608817800585,4.483230782714,
    0.509374813084));
#2386 = CARTESIAN_POINT('',(-7.631843004946,-0.450073332921,
    0.636718701048));
#2387 = CARTESIAN_POINT('',(-5.042992757985,-5.111400928007,
    0.76406273192));
#2388 = CARTESIAN_POINT('',(-0.72952677581,-6.370507315562,
    0.891405968359));
#2389 = CARTESIAN_POINT('',(2.780386265332,-4.85606584846,1.018750140341
    ));
#2390 = CARTESIAN_POINT('',(4.294849706537,-2.082994652285,
    1.146093696398));
#2391 = CARTESIAN_POINT('',(3.689917221731,3.028054097912,1.400781279075
    ));
#2392 = CARTESIAN_POINT('',(1.569937910953,5.370960646206,1.528124839508
    ));
#2393 = CARTESIAN_POINT('',(-2.196535293456,6.024185047567,
    1.655468995669));
#2394 = CARTESIAN_POINT('',(-6.096887316743,3.792909230993,
    1.782812267728));
#2395 = CARTESIAN_POINT('',(-7.526042108611,-1.343980596943,
    1.910156238568));
#2396 = CARTESIAN_POINT('',(-4.40725627405,-5.66871127523,2.037500206987
    ));
#2397 = CARTESIAN_POINT('',(2.430282074077E-02,-6.41209654921,
    2.164843481178));
#2398 = CARTESIAN_POINT('',(3.331883239982,-4.495606453185,
    2.292187635695));
#2399 = CARTESIAN_POINT('',(4.509909541269,-1.563750828258,
    2.419531197223));
#2400 = CARTESIAN_POINT('',(3.308430803646,3.440768277689,2.674218778669
    ));
#2401 = CARTESIAN_POINT('',(0.927767082542,5.518258017483,2.80156234013)
  );
#2402 = CARTESIAN_POINT('',(-2.88937694682,5.724253107821,2.928906494896
    ));
#2403 = CARTESIAN_POINT('',(-6.50043515966,3.050006249551,3.056249768512
    ));
#2404 = CARTESIAN_POINT('',(-7.315907042191,-2.21925614016,
    3.183593737922));
#2405 = CARTESIAN_POINT('',(-3.710421617234,-6.147435791413,
    3.310937707413));
#2406 = CARTESIAN_POINT('',(0.777795505329,-6.364794335663,
    3.438280980961));
#2407 = CARTESIAN_POINT('',(3.837190030388,-4.072824078882,
    3.565625135774));
#2408 = CARTESIAN_POINT('',(4.66244811178,-1.022828591829,3.692968697208
    ));
#2409 = CARTESIAN_POINT('',(2.881079324505,3.805782790595,3.947656278679
    ));
#2410 = CARTESIAN_POINT('',(0.272734539195,5.589055302825,4.074999840109
    ));
#2411 = CARTESIAN_POINT('',(-3.542162918818,5.344965354413,
    4.202343994928));
#2412 = CARTESIAN_POINT('',(-6.813866910344,2.264820768916,4.32968726848
    ));
#2413 = CARTESIAN_POINT('',(-7.004350926612,-3.063765944461,
    4.457031237938));
#2414 = CARTESIAN_POINT('',(-2.962149066105,-6.540937875982,
    4.584375207415));
#2415 = CARTESIAN_POINT('',(1.52050554386,-6.229256430295,4.71171848095)
  );
#2416 = CARTESIAN_POINT('',(4.289301525062,-3.593579793744,
    4.839062635782));
#2417 = CARTESIAN_POINT('',(4.750350762725,-0.467726794576,
    4.966406197206));
#2418 = CARTESIAN_POINT('',(2.413787194656,4.118037409034,5.22109377868)
  );
#2419 = CARTESIAN_POINT('',(-0.38607894655,5.582371033346,5.348437340105
    ));
#2420 = CARTESIAN_POINT('',(-4.145843581324,4.891579886135,
    5.475781494934));
#2421 = CARTESIAN_POINT('',(-7.032837437449,1.448237883,5.603124768477)
  );
#2422 = CARTESIAN_POINT('',(-6.595692891124,-3.86580249773,
    5.730468737938));
#2423 = CARTESIAN_POINT('',(-2.172811987471,-6.843762375654,
    5.857812707419));
#2424 = CARTESIAN_POINT('',(2.242136683144,-6.007361806762,
    5.985155980945));
#2425 = CARTESIAN_POINT('',(4.681950063423,-3.064517402551,
    6.112500135785));
#2426 = CARTESIAN_POINT('',(4.772398892089,9.385913949701E-02,
    6.239843697204));
#2427 = CARTESIAN_POINT('',(1.913032525123,4.373203320348,6.494531278683
    ));
#2428 = CARTESIAN_POINT('',(-1.039540186618,5.498297873646,
    6.621874840097));
#2429 = CARTESIAN_POINT('',(-4.692050057352,4.370382024777,
    6.749218994948));
#2430 = CARTESIAN_POINT('',(-7.154311133695,0.611577950634,
    6.876562268461));
#2431 = CARTESIAN_POINT('',(-6.095598197263,-4.614247098165,
    7.003906237948));
#2432 = CARTESIAN_POINT('',(-1.353353029201,-7.051711208334,
    7.131250207415));
#2433 = CARTESIAN_POINT('',(2.932684888569,-5.702186609326,
    7.258593480946));
#2434 = CARTESIAN_POINT('',(5.009692324983,-2.492971342782,
    7.385937635784));
#2435 = CARTESIAN_POINT('',(4.728286844757,0.654143896238,7.513281197206
    ));
#2436 = CARTESIAN_POINT('',(1.385757321,4.567743137544,7.767968778677));
#2437 = CARTESIAN_POINT('',(-1.678590191582,5.338001337173,
    7.895312340118));
#2438 = CARTESIAN_POINT('',(-5.173210239502,3.788597181164,
    8.022656494912));
#2439 = CARTESIAN_POINT('',(-7.176603998773,-0.233560339511,
    8.149999768492));
#2440 = CARTESIAN_POINT('',(-5.510999700824,-5.298723993844,
    8.277343737945));
#2441 = CARTESIAN_POINT('',(-0.515132421378,-7.161901561441,
    8.404687707391));
#2442 = CARTESIAN_POINT('',(3.58257703091,-5.317961508029,8.532030980978
    ));
#2443 = CARTESIAN_POINT('',(5.267984790555,-1.886865006665,
    8.659375135764));
#2444 = CARTESIAN_POINT('',(4.618626149837,1.205360199831,8.786718697212
    ));
#2445 = CARTESIAN_POINT('',(0.839271243837,4.698959938385,9.041406278674
    ));
#2446 = CARTESIAN_POINT('',(-2.294369756211,5.103703628612,
    9.168749840125));
#2447 = CARTESIAN_POINT('',(-5.582653762738,3.15429068867,9.296093994903
    ));
#2448 = CARTESIAN_POINT('',(-7.099406984779,-1.075460762567,
    9.423437268501));
#2449 = CARTESIAN_POINT('',(-4.850001741096,-5.909744222619,
    9.550781237937));
#2450 = CARTESIAN_POINT('',(0.330229511558,-7.172805856641,
    9.678125207396));
#2451 = CARTESIAN_POINT('',(4.182803599442,-4.860013048517,
    9.805468480973));
#2452 = CARTESIAN_POINT('',(5.453246729456,-1.254600898523,
    9.932812635769));
#2453 = CARTESIAN_POINT('',(4.444937042982,1.739866491203,
    10.060156197208));
#2454 = CARTESIAN_POINT('',(0.281150277168,4.765034653067,
    10.314843778682));
#2455 = CARTESIAN_POINT('',(-2.878342275391,4.798652837271,
    10.442187340096));
#2456 = CARTESIAN_POINT('',(-5.914704476243,2.476255992803,
    10.56953149495));
#2457 = CARTESIAN_POINT('',(-6.923790280571,-1.90245198048,
    10.69687476846));
#2458 = CARTESIAN_POINT('',(-4.121767789696,-6.438837158474,
    10.824218737944));
#2459 = CARTESIAN_POINT('',(1.171013444354,-7.084272926735,
    10.951562707425));
#2460 = CARTESIAN_POINT('',(4.725043601568,-4.334689809719,
    11.078905980935));
#2461 = CARTESIAN_POINT('',(5.562909839481,-0.604944150113,
    11.206250135792));
#2462 = CARTESIAN_POINT('',(4.209627391235,2.250252863623,
    11.333593697202));
#2463 = CARTESIAN_POINT('',(-0.280868299998,4.765051282132,
    11.588281278686));
#2464 = CARTESIAN_POINT('',(-3.422412087807,4.427077908526,
    11.715624840085));
#2465 = CARTESIAN_POINT('',(-6.164759132402,1.763892746934,
    11.842968994969));
#2466 = CARTESIAN_POINT('',(-6.652188475628,-2.703069342814,
    11.97031226844));
#2467 = CARTESIAN_POINT('',(-3.336393416586,-6.878667940472,
    12.097656237957));
#2468 = CARTESIAN_POINT('',(1.995563516956,-6.897530111363,
    12.225000207423));
#2469 = CARTESIAN_POINT('',(5.201779917469,-3.749274392914,
    12.352343480933));
#2470 = CARTESIAN_POINT('',(5.595453851487,5.309899112893E-02,
    12.479687635793));
#2471 = CARTESIAN_POINT('',(3.915959312556,2.729443786869,
    12.607031197204));
#2472 = CARTESIAN_POINT('',(-0.838993175742,4.699009595047,
    12.861718778679));
#2473 = CARTESIAN_POINT('',(-3.919036706811,3.994130017609,
    12.989062340114));
#2474 = CARTESIAN_POINT('',(-6.329351201986,1.027076504057,
    13.11640649492));
#2475 = CARTESIAN_POINT('',(-6.288366809161,-3.466213822141,
    13.243749768486));
#2476 = CARTESIAN_POINT('',(-2.5047663343,-7.223139156623,
    13.371093737941));
#2477 = CARTESIAN_POINT('',(2.792448920707,-6.615166242256,
    13.498437707407));
#2478 = CARTESIAN_POINT('',(5.606403510566,-3.111882462417,
    13.625780980958));
#2479 = CARTESIAN_POINT('',(5.55042760503,0.710406016483,13.753125135778
    ));
#2480 = CARTESIAN_POINT('',(3.568003952803,3.17079619592,13.880468697207
    ));
#2481 = CARTESIAN_POINT('',(-1.385487016861,4.567825133408,
    14.13515627868));
#2482 = CARTESIAN_POINT('',(-4.361331382561,3.505811158408,
    14.262499840106));
#2483 = CARTESIAN_POINT('',(-6.406198930956,0.276021811175,
    14.389843994935));
#2484 = CARTESIAN_POINT('',(-5.837368972259,-4.181305880833,
    14.517187268469));
#2485 = CARTESIAN_POINT('',(-1.638415460683,-7.467475372811,
    14.644531237955));
#2486 = CARTESIAN_POINT('',(3.55062236467,-6.241095754028,
    14.771875207393));
#2487 = CARTESIAN_POINT('',(5.933305049137,-2.431350237443,
    14.899218480972));
#2488 = CARTESIAN_POINT('',(5.428455302848,1.357864622071,
    15.026562635764));
#2489 = CARTESIAN_POINT('',(3.170585047083,3.568191584334,
    15.153906197217));
#2490 = CARTESIAN_POINT('',(-1.91277373219,4.373316518699,
    15.408593778657));
#2491 = CARTESIAN_POINT('',(-4.743164545884,2.9688909373,15.535937340193
    ));
#2492 = CARTESIAN_POINT('',(-6.394236972638,-0.478859395835,
    15.663281494787));
#2493 = CARTESIAN_POINT('',(-5.30544718676,-4.838432136139,
    15.790624768608));
#2494 = CARTESIAN_POINT('',(-0.749351092467,-7.608289335019,
    15.91796873791));
#2495 = CARTESIAN_POINT('',(4.259573225098,-5.780504418075,
    16.045312707338));
#2496 = CARTESIAN_POINT('',(6.177952669029,-1.717111994804,
    16.172655981056));
#2497 = CARTESIAN_POINT('',(5.23122785746,1.986499033502,16.300000135716
    ));
#2498 = CARTESIAN_POINT('',(2.729212047899,3.916120825627,
    16.427343697223));
#2499 = CARTESIAN_POINT('',(-2.413543500597,4.118180240593,
    16.682031278673));
#2500 = CARTESIAN_POINT('',(-5.059242810771,2.390812725532,
    16.809374840115));
#2501 = CARTESIAN_POINT('',(-6.293631156693,-1.227102133814,
    16.936718994924));
#2502 = CARTESIAN_POINT('',(-4.699975530134,-5.428482790184,
    17.064062268487));
#2503 = CARTESIAN_POINT('',(0.150101594398,-7.643628927216,
    17.191406237926));
#2504 = CARTESIAN_POINT('',(4.909473255265,-5.239777451684,
    17.318750207432));
#2505 = CARTESIAN_POINT('',(6.336954799158,-0.979069280791,
    17.446093480934));
#2506 = CARTESIAN_POINT('',(4.96147944995,2.587594437829,17.573437635792
    ));
#2507 = CARTESIAN_POINT('',(2.250003747133,4.209760546773,
    17.700781197201));
#2508 = CARTESIAN_POINT('',(-2.880854107672,3.805953275278,
    17.955468778687));
#2509 = CARTESIAN_POINT('',(-5.305184357023,1.779590471122,
    18.082812340082));
#2510 = CARTESIAN_POINT('',(-6.105776190196,-1.958333449258,
    18.210156494975));
#2511 = CARTESIAN_POINT('',(-4.02934770813,-5.943277919998,
    18.337499768433));
#2512 = CARTESIAN_POINT('',(1.047473409965,-7.573004233512,
    18.464843737964));
#2513 = CARTESIAN_POINT('',(5.491312835007,-4.626410999428,
    18.592187707415));
#2514 = CARTESIAN_POINT('',(6.408107179381,-0.227453645022,
    18.719530980939));
#2515 = CARTESIAN_POINT('',(4.62294962568,3.152817797687,18.846875135789
    ));
#2516 = CARTESIAN_POINT('',(1.739603450719,4.445039995042,
    18.974218697206));
#2517 = CARTESIAN_POINT('',(-3.30822718624,3.44096405205,19.228906278674
    ));
#2518 = CARTESIAN_POINT('',(-5.477579675807,1.143697600815,
    19.356249840131));
#2519 = CARTESIAN_POINT('',(-5.833276322726,-2.662416219522,
    19.48359399489));
#2520 = CARTESIAN_POINT('',(-3.302860691975,-6.375680876328,
    19.610937268515));
#2521 = CARTESIAN_POINT('',(1.9303240115,-7.397394330169,19.738281237934
    ));
#2522 = CARTESIAN_POINT('',(5.997025872137,-3.948908213198,
    19.865625207388));
#2523 = CARTESIAN_POINT('',(6.390423418125,0.527315200214,
    19.992968480983));
#2524 = CARTESIAN_POINT('',(4.220331452748,3.674333372986,
    20.120312635763));
#2525 = CARTESIAN_POINT('',(1.205086881907,4.618697471186,
    20.247656197208));
#2526 = CARTESIAN_POINT('',(-3.68973802652,3.028272447938,
    20.502343778685));
#2527 = CARTESIAN_POINT('',(-5.57403883598,0.491949552198,
    20.629687340082));
#2528 = CARTESIAN_POINT('',(-5.479909243409,-3.329589684511,
    20.757031494978));
#2529 = CARTESIAN_POINT('',(-2.530585833689,-6.719697219796,
    20.884374768427));
#2530 = CARTESIAN_POINT('',(2.786414365056,-7.119233712395,
    21.011718737969));
#2531 = CARTESIAN_POINT('',(6.419601623349,-3.21666137242,
    21.139062707415));
#2532 = CARTESIAN_POINT('',(6.284148666846,1.274773829409,
    21.266405980932));
#2533 = CARTESIAN_POINT('',(3.759206461569,4.144911348423,21.3937501358)
  );
#2534 = CARTESIAN_POINT('',(0.653864089902,4.728325546661,
    21.521093697195));
#2535 = CARTESIAN_POINT('',(-4.020097710886,2.573599642175,
    21.775781278701));
#2536 = CARTESIAN_POINT('',(-5.593224615906,-0.166618435411,
    21.903124840028));
#2537 = CARTESIAN_POINT('',(-5.050573710472,-3.950604761065,
    22.030468995064));
#2538 = CARTESIAN_POINT('',(-1.723229246147,-6.970557822201,
    22.157812268356));
#2539 = CARTESIAN_POINT('',(3.603876416398,-6.742378544762,
    22.285156237976));
#2540 = CARTESIAN_POINT('',(6.753181884585,-2.439821678134,
    22.412500207469));
#2541 = CARTESIAN_POINT('',(6.090756221597,2.004560159281,22.53984348087
    ));
#2542 = CARTESIAN_POINT('',(3.245967267582,4.55802806099,22.66718763583)
  );
#2543 = CARTESIAN_POINT('',(9.357672372903E-02,4.772404438022,
    22.794531197197));
#2544 = CARTESIAN_POINT('',(-4.294726434599,2.083248803009,
    23.049218778675));
#2545 = CARTESIAN_POINT('',(-5.534871041449,-0.822876577298,
    23.176562340144));
#2546 = CARTESIAN_POINT('',(-4.551221639405,-4.516852263715,
    23.30390649486));
#2547 = CARTESIAN_POINT('',(-0.891983383193,-7.124784981423,
    23.431249768548));
#2548 = CARTESIAN_POINT('',(4.371377618717,-6.272053202898,
    23.558593737916));
#2549 = CARTESIAN_POINT('',(6.993142203961,-1.629158525896,
    23.685937707388));
#2550 = CARTESIAN_POINT('',(5.812927098511,2.706557099103,
    23.813280980989));
#2551 = CARTESIAN_POINT('',(2.687728949911,4.907956438142,
    23.940625135765));
#2552 = CARTESIAN_POINT('',(-0.46800790462,4.750323075802,24.0679686972)
  );
#2553 = CARTESIAN_POINT('',(-4.509816996012,1.564017706343,
    24.32265627871));
#2554 = CARTESIAN_POINT('',(-5.399787073258,-1.467727110365,
    24.449999839984));
#2555 = CARTESIAN_POINT('',(-3.988775590913,-5.020482254565,
    24.57734399514));
#2556 = CARTESIAN_POINT('',(-4.837187782577E-02,-7.180240633062,
    24.704687268293));
#2557 = CARTESIAN_POINT('',(5.078278036775,-5.714777847567,
    24.832031237973));
#2558 = CARTESIAN_POINT('',(7.136155990941,-0.795910208692,
    24.959375207543));
#2559 = CARTESIAN_POINT('',(5.4545128666,3.3710328048,25.086718480776));
#2560 = CARTESIAN_POINT('',(2.092230414431,5.18984539269,25.214062635893
    ));
#2561 = CARTESIAN_POINT('',(-1.023104499099,4.662387575822,
    25.341406197172));
#2562 = CARTESIAN_POINT('',(-4.662387576161,1.023104497567,
    25.596093778707));
#2563 = CARTESIAN_POINT('',(-5.18984539199,-2.092230416138,
    25.723437340034));
#2564 = CARTESIAN_POINT('',(-3.371032803034,-5.454512867709,
    25.850781495045));
#2565 = CARTESIAN_POINT('',(0.795910211075,-7.136155990676,
    25.978124768374));
#2566 = CARTESIAN_POINT('',(5.714777849205,-5.078278034901,
    26.105468737973));
#2567 = CARTESIAN_POINT('',(7.180240633063,4.837188019101E-02,
    26.232812707458));
#2568 = CARTESIAN_POINT('',(5.02048225325,3.988775592561,26.36015598088)
  );
#2569 = CARTESIAN_POINT('',(1.467727108588,5.399787073741,26.48750013583
    ));
#2570 = CARTESIAN_POINT('',(-1.564017707825,4.509816995497,
    26.61484369719));
#2571 = CARTESIAN_POINT('',(-4.750323075955,0.46800790306,
    26.869531278696));
#2572 = CARTESIAN_POINT('',(-4.907956437265,-2.687728951531,
    26.996874840056));
#2573 = CARTESIAN_POINT('',(-2.70655709718,-5.812927099387,
    27.124218995013));
#2574 = CARTESIAN_POINT('',(1.629158528182,-6.993142203441,
    27.251562268402));
#2575 = CARTESIAN_POINT('',(6.272053204339,-4.371377616645,
    27.378906237967));
#2576 = CARTESIAN_POINT('',(7.124784981136,0.891983385535,
    27.506250207438));
#2577 = CARTESIAN_POINT('',(4.516852262209,4.551221640886,
    27.633593480913));
#2578 = CARTESIAN_POINT('',(0.822876575484,5.534871041722,27.7609376358)
  );
#2579 = CARTESIAN_POINT('',(-2.083248804422,4.294726433914,
    27.888281197208));
#2580 = CARTESIAN_POINT('',(-4.772404437992,-9.357672529978E-02,
    28.14296877866));
#2581 = CARTESIAN_POINT('',(-4.558028059919,-3.245967269075,
    28.270312340194));
#2582 = CARTESIAN_POINT('',(-2.004560157287,-6.090756222262,
    28.397656494779));
#2583 = CARTESIAN_POINT('',(2.439821680369,-6.753181883792,
    28.524999768617));
#2584 = CARTESIAN_POINT('',(6.74237854593,-3.603876414149,
    28.652343737911));
#2585 = CARTESIAN_POINT('',(6.970557821648,1.723229248393,
    28.779687707323));
#2586 = CARTESIAN_POINT('',(3.950604759399,5.05057371181,28.907030981079
    ));
#2587 = CARTESIAN_POINT('',(0.166618433572,5.593224615942,
    29.034375135697));
#2588 = CARTESIAN_POINT('',(-2.573599643496,4.020097710045,
    29.161718697233));
#2589 = CARTESIAN_POINT('',(-4.728325546447,-0.65386409146,
    29.416406278656));
#2590 = CARTESIAN_POINT('',(-4.144911347182,-3.759206462927,
    29.543749840174));
#2591 = CARTESIAN_POINT('',(-1.27477382735,-6.284148667268,
    29.671093994827));
#2592 = CARTESIAN_POINT('',(3.216661374538,-6.419601622297,
    29.798437268561));
#2593 = CARTESIAN_POINT('',(7.119233713309,-2.786414362696,
    29.925781237944));
#2594 = CARTESIAN_POINT('',(6.719697218962,2.530585835873,
    30.053125207323));
#2595 = CARTESIAN_POINT('',(3.32958968271,5.479909244525,30.180468481063
    ));
#2596 = CARTESIAN_POINT('',(-0.491949554031,5.574038835808,
    30.307812635709));
#2597 = CARTESIAN_POINT('',(-3.028272449151,3.689738025526,
    30.43515619723));
#2598 = CARTESIAN_POINT('',(-4.61869747079,-1.205086883427,
    30.689843778655));
#2599 = CARTESIAN_POINT('',(-3.6743333716,-4.220331453953,30.81718734018
    ));
#2600 = CARTESIAN_POINT('',(-0.527315198112,-6.390423418302,
    30.944531494815));
#2601 = CARTESIAN_POINT('',(3.948908215173,-5.997025870838,
    31.071874768581));
#2602 = CARTESIAN_POINT('',(7.397394330792,-1.930324009061,
    31.199218737914));
#2603 = CARTESIAN_POINT('',(6.375680875258,3.302860694057,
    31.326562707357));
#2604 = CARTESIAN_POINT('',(2.662416217591,5.833276323614,
    31.453905981035));
#2605 = CARTESIAN_POINT('',(-1.14369760261,5.477579675423,
    31.581250135722));
#2606 = CARTESIAN_POINT('',(-3.440964053139,3.308227185111,
    31.708593697229));
#2607 = CARTESIAN_POINT('',(-4.44503999447,-1.739603452184,
    31.963281278651));
#2608 = CARTESIAN_POINT('',(-3.152817796164,-4.622949626705,
    32.090624840201));
#2609 = CARTESIAN_POINT('',(0.227453647122,-6.408107179327,
    32.217968994781));
#2610 = CARTESIAN_POINT('',(4.626411001244,-5.491312833464,
    32.345312268607));
#2611 = CARTESIAN_POINT('',(7.573004233846,-1.047473407487,
    32.472656237919));
#2612 = CARTESIAN_POINT('',(5.94327791868,4.029347710084,32.600000207326
    ));
#2613 = CARTESIAN_POINT('',(1.958333447248,6.105776190847,
    32.727343481064));
#2614 = CARTESIAN_POINT('',(-1.779590472866,5.305184356433,
    32.854687635716));
#2615 = CARTESIAN_POINT('',(-3.805953276225,2.880854106421,
    32.982031197217));
#2616 = CARTESIAN_POINT('',(-4.209760546034,-2.250003748516,
    33.236718778692));
#2617 = CARTESIAN_POINT('',(-2.587594436196,-4.961479450805,
    33.364062340039));
#2618 = CARTESIAN_POINT('',(0.979069282871,-6.336954798829,
    33.491406495052));
#2619 = CARTESIAN_POINT('',(5.239777453301,-4.909473253545,
    33.618749768367));
#2620 = CARTESIAN_POINT('',(7.643628927264,-0.150101591893,
    33.746093737968));
#2621 = CARTESIAN_POINT('',(5.428482788639,4.699975531937,
    33.873437707475));
#2622 = CARTESIAN_POINT('',(1.227102131744,6.293631157079,
    34.000780980863));
#2623 = CARTESIAN_POINT('',(-2.390812727195,5.059242809995,
    34.12812513584));
#2624 = CARTESIAN_POINT('',(-4.118180241387,2.41354349924,
    34.255468697185));
#2625 = CARTESIAN_POINT('',(-3.916120824729,-2.729212049182,
    34.510156278705));
#2626 = CARTESIAN_POINT('',(-1.98649903179,-5.231227858133,
    34.637499840026));
#2627 = CARTESIAN_POINT('',(1.717111996855,-6.177952668425,
    34.764843995064));
#2628 = CARTESIAN_POINT('',(5.780504419449,-4.259573223243,
    34.892187268353));
#2629 = CARTESIAN_POINT('',(7.608289334796,0.749351095001,
    35.019531237986));
#2630 = CARTESIAN_POINT('',(4.838432134385,5.305447188342,
    35.146875207453));
#2631 = CARTESIAN_POINT('',(0.478859393731,6.394236972789,
    35.274218480885));
#2632 = CARTESIAN_POINT('',(-2.968890938857,4.743164544915,
    35.401562635822));
#2633 = CARTESIAN_POINT('',(-4.373316519329,1.91277373075,
    35.528906197198));
#2634 = CARTESIAN_POINT('',(-3.56819158329,-3.170585048255,
    35.783593778677));
#2635 = CARTESIAN_POINT('',(-1.357864620289,-5.428455303297,
    35.910937340129));
#2636 = CARTESIAN_POINT('',(2.431350239395,-5.933305048336,
    36.03828149489));
#2637 = CARTESIAN_POINT('',(6.2410957552,-3.550622362619,36.165624768517
    ));
#2638 = CARTESIAN_POINT('',(7.46747537226,1.638415463137,36.292968737931
    ));
#2639 = CARTESIAN_POINT('',(4.181305878931,5.837368973636,
    36.420312707388));
#2640 = CARTESIAN_POINT('',(-0.276021813294,6.406198930864,
    36.54765598099));
#2641 = CARTESIAN_POINT('',(-3.505811159836,4.361331381409,
    36.675000135753));
#2642 = CARTESIAN_POINT('',(-4.567825133864,1.38548701536,
    36.802343697218));
#2643 = CARTESIAN_POINT('',(-3.170796194746,-3.568003953847,
    37.057031278663));
#2644 = CARTESIAN_POINT('',(-0.71040601466,-5.550427605259,
    37.184374840164));
#2645 = CARTESIAN_POINT('',(3.111882464264,-5.606403509551,
    37.311718994835));
#2646 = CARTESIAN_POINT('',(6.615166243172,-2.792448918523,
    37.439062268567));
#2647 = CARTESIAN_POINT('',(7.223139155798,2.504766336667,
    37.566406237915));
#2648 = CARTESIAN_POINT('',(3.466213820076,6.288366810304,
    37.693750207368));
#2649 = CARTESIAN_POINT('',(-1.027076506141,6.329351201648,
    37.82109348102));
#2650 = CARTESIAN_POINT('',(-3.994130018896,3.919036705497,
    37.948437635737));
#2651 = CARTESIAN_POINT('',(-4.699009595323,0.838993174197,
    38.075781197218));
#2652 = CARTESIAN_POINT('',(-2.729443785582,-3.915959313454,
    38.330468778673));
#2653 = CARTESIAN_POINT('',(-5.309898928664E-02,-5.595453851504,
    38.457812340123));
#2654 = CARTESIAN_POINT('',(3.749274394616,-5.201779916237,
    38.585156494901));
#2655 = CARTESIAN_POINT('',(6.89753011203,-1.995563514686,
    38.712499768514));
#2656 = CARTESIAN_POINT('',(6.878667939365,3.336393418845,
    38.839843737916));
#2657 = CARTESIAN_POINT('',(2.703069340634,6.652188476518,
    38.967187707418));
#2658 = CARTESIAN_POINT('',(-1.763892748963,6.164759131821,
    39.094530980955));
#2659 = CARTESIAN_POINT('',(-4.427077909651,3.422412086351,
    39.221875135782));
#2660 = CARTESIAN_POINT('',(-4.765051282223,0.280868298432,
    39.349218697199));
#2661 = CARTESIAN_POINT('',(-2.25025286224,-4.209627391975,
    39.603906278702));
#2662 = CARTESIAN_POINT('',(0.604944151946,-5.562909839282,
    39.731249840017));
#2663 = CARTESIAN_POINT('',(4.334689811269,-4.725043600142,
    39.858593995081));
#2664 = CARTESIAN_POINT('',(7.084272927117,-1.171013442024,
    39.98593726836));
#2665 = CARTESIAN_POINT('',(6.438837157132,4.121767791813,40.11328123792
    ));
#2666 = CARTESIAN_POINT('',(1.902451978183,6.923790281197,
    40.240625207566));
#2667 = CARTESIAN_POINT('',(-2.476255994731,5.914704475427,
    40.367968480778));
#2668 = CARTESIAN_POINT('',(-4.798652838225,2.878342273814,
    40.495312635879));
#2669 = CARTESIAN_POINT('',(-4.765034652973,-0.281150278735,
    40.622656197188));
#2670 = CARTESIAN_POINT('',(-1.739866489742,-4.444937043555,
    40.877343778669));
#2671 = CARTESIAN_POINT('',(1.254600900313,-5.453246729039,
    41.004687340181));
#2672 = CARTESIAN_POINT('',(4.860013049896,-4.182803597855,41.1320314948
    ));
#2673 = CARTESIAN_POINT('',(7.17280585675,-0.330229509183,
    41.259374768587));
#2674 = CARTESIAN_POINT('',(5.909744221014,4.850001743023,41.38671873794
    ));
#2675 = CARTESIAN_POINT('',(1.07546076025,7.099406985143,41.514062707304
    ));
#2676 = CARTESIAN_POINT('',(-3.15429069052,5.582653761696,
    41.641405981082));
#2677 = CARTESIAN_POINT('',(-5.10370362936,2.294369754534,
    41.768750135705));
#2678 = CARTESIAN_POINT('',(-4.698959938111,-0.839271245382,
    41.896093697223));
#2679 = CARTESIAN_POINT('',(-1.205360198312,-4.618626150232,
    42.150781278681));
#2680 = CARTESIAN_POINT('',(1.886865008401,-5.267984789938,
    42.278124840076));
#2681 = CARTESIAN_POINT('',(5.317961509198,-3.582577029153,
    42.405468994998));
#2682 = CARTESIAN_POINT('',(7.161901561284,0.515132423722,42.5328122684)
  );
#2683 = CARTESIAN_POINT('',(5.298723992021,5.510999702574,
    42.660156237989));
#2684 = CARTESIAN_POINT('',(0.233560337156,7.17660399885,42.787500207407
    ));
#2685 = CARTESIAN_POINT('',(-3.788597182866,5.173210238252,
    42.914843480937));
#2686 = CARTESIAN_POINT('',(-5.338001337725,1.67859018983,
    43.042187635791));
#2687 = CARTESIAN_POINT('',(-4.567743137088,-1.385757322503,
    43.169531197206));
#2688 = CARTESIAN_POINT('',(-0.654143894684,-4.728286844972,
    43.424218778672));
#2689 = CARTESIAN_POINT('',(2.492971344429,-5.009692324163,
    43.551562340143));
#2690 = CARTESIAN_POINT('',(5.70218661029,-2.932684886694,
    43.678906494866));
#2691 = CARTESIAN_POINT('',(7.05171120789,1.353353031521,43.806249768552
    ));
#2692 = CARTESIAN_POINT('',(4.614247096157,6.095598198778,
    43.933593737886));
#2693 = CARTESIAN_POINT('',(-0.611577952981,7.154311133496,
    44.060937707441));
#2694 = CARTESIAN_POINT('',(-4.370382026324,4.692050055914,
    44.188280980939));
#2695 = CARTESIAN_POINT('',(-5.498297873986,1.039540184811,
    44.315625135792));
#2696 = CARTESIAN_POINT('',(-4.373203319719,-1.913032526561,
    44.442968697194));
#2697 = CARTESIAN_POINT('',(-9.385913792938E-02,-4.772398892119,
    44.69765627871));
#2698 = CARTESIAN_POINT('',(3.064517404097,-4.681950062419,
    44.824999839986));
#2699 = CARTESIAN_POINT('',(6.007361807487,-2.242136681163,
    44.952343995143));
#2700 = CARTESIAN_POINT('',(6.843762374947,2.172811989717,
    45.079687268275));
#2701 = CARTESIAN_POINT('',(3.865802495567,6.595692892395,45.20703123801
    ));
#2702 = CARTESIAN_POINT('',(-1.448237885331,7.032837436977,
    45.334375207491));
#2703 = CARTESIAN_POINT('',(-4.891579887479,4.145843579711,
    45.461718480829));
#2704 = CARTESIAN_POINT('',(-5.582371033483,0.386078944717,
    45.589062635852));
#2705 = CARTESIAN_POINT('',(-4.118037408238,-2.41378719601,
    45.716406197197));
#2706 = CARTESIAN_POINT('',(0.467726796138,-4.750350762572,
    45.971093778659));
#2707 = CARTESIAN_POINT('',(3.59357979515,-4.289301523874,
    46.098437340209));
#2708 = CARTESIAN_POINT('',(6.2292564308,-1.520505541829,46.225781494754
    ));
#2709 = CARTESIAN_POINT('',(6.540937875006,2.962149068285,
    46.353124768635));
#2710 = CARTESIAN_POINT('',(3.063765942153,7.004350927586,
    46.480468737912));
#2711 = CARTESIAN_POINT('',(-2.264820771146,6.813866909629,
    46.607812707308));
#2712 = CARTESIAN_POINT('',(-5.344965355587,3.542162917043,
    46.735155981093));
#2713 = CARTESIAN_POINT('',(-5.589055302731,-0.272734541026,
    46.862500135693));
#2714 = CARTESIAN_POINT('',(-3.805782789649,-2.881079325757,
    46.98984369723));
#2715 = CARTESIAN_POINT('',(1.022828593361,-4.662448111442,
    47.244531278668));
#2716 = CARTESIAN_POINT('',(4.072824080151,-3.837190029054,
    47.371874840133));
#2717 = CARTESIAN_POINT('',(6.364794335902,-0.777795503227,
    47.499218994887));
#2718 = CARTESIAN_POINT('',(6.147435790217,3.710421619251,
    47.626562268523));
#2719 = CARTESIAN_POINT('',(2.21925613773,7.315907042912,47.753906237925
    ));
#2720 = CARTESIAN_POINT('',(-3.05000625167,6.500435158676,
    47.881250207389));
#2721 = CARTESIAN_POINT('',(-5.724253108781,2.88937694492,
    48.008593480994));
#2722 = CARTESIAN_POINT('',(-5.518258017175,-0.927767084348,
    48.135937635751));
#2723 = CARTESIAN_POINT('',(-3.440768276602,-3.30843080478,
    48.263281197216));
#2724 = CARTESIAN_POINT('',(1.56375082974,-4.509909540754,
    48.517968778674));
#2725 = CARTESIAN_POINT('',(4.495606454289,-3.331883238508,
    48.645312340121));
#2726 = CARTESIAN_POINT('',(6.412096549199,-2.430281862946E-02,
    48.772656494909));
#2727 = CARTESIAN_POINT('',(5.668711273813,4.407256275917,
    48.899999768501));
#2728 = CARTESIAN_POINT('',(1.343980594428,7.526042109038,
    49.027343737925));
#2729 = CARTESIAN_POINT('',(-3.792909232954,6.096887315518,
    49.154687707421));
#2730 = CARTESIAN_POINT('',(-6.02418504833,2.196535291454,
    49.282030980947));
#2731 = CARTESIAN_POINT('',(-5.370960645658,-1.569937912706,
    49.409375135788));
#2732 = CARTESIAN_POINT('',(-3.02805409672,-3.689917222732,
    49.536718697197));
#2733 = CARTESIAN_POINT('',(2.08299465374,-4.294849705842,
    49.791406278704));
#2734 = CARTESIAN_POINT('',(4.856065849137,-2.780386263791,
    49.918749840014));
#2735 = CARTESIAN_POINT('',(6.370507315982,0.729526778058,
    50.046093995086));
#2736 = CARTESIAN_POINT('',(5.111400925051,5.042992759373,
    50.173437268346));
#2737 = CARTESIAN_POINT('',(0.450073332389,7.631843005529,
    50.300781237952));
#2738 = CARTESIAN_POINT('',(-4.483230786975,5.608817798592,
    50.428125207525));
#2739 = CARTESIAN_POINT('',(-6.240603191944,1.47324288016,50.55546848081
    ));
#2740 = CARTESIAN_POINT('',(-5.149205184321,-2.19034455663,
    50.68281263587));
#2741 = CARTESIAN_POINT('',(-2.573361742209,-4.020250000559,
    50.81015619718));
#2742 = CARTESIAN_POINT('',(2.573361743531,-4.020249999715,
    51.064843778702));
#2743 = CARTESIAN_POINT('',(5.149205185039,-2.190344554932,
    51.192187340048));
#2744 = CARTESIAN_POINT('',(6.24060319146,1.473242882202,51.319531495018
    ));
#2745 = CARTESIAN_POINT('',(4.483230785138,5.608817800077,
    51.446874768412));
#2746 = CARTESIAN_POINT('',(-0.450073334917,7.631843005375,
    51.574218737932));
#2747 = CARTESIAN_POINT('',(-5.111400926685,5.042992757691,
    51.701562707493));
#2748 = CARTESIAN_POINT('',(-6.370507316239,0.729526775967,
    51.828905980862));
#2749 = CARTESIAN_POINT('',(-4.856065848216,-2.78038626539,
    51.956250135828));
#2750 = CARTESIAN_POINT('',(-2.082994652329,-4.294849706526,
    52.083593697201));
#2751 = CARTESIAN_POINT('',(3.028054097935,-3.689917221737,
    52.338281278664));
#2752 = CARTESIAN_POINT('',(5.370960646171,-1.56993791094,
    52.465624840186));
#2753 = CARTESIAN_POINT('',(6.024185047608,2.196535293437,
    52.592968994793));
#2754 = CARTESIAN_POINT('',(3.792909230961,6.096887316761,
    52.720312268601));
#2755 = CARTESIAN_POINT('',(-1.34398059693,7.526042108604,
    52.847656237919));
#2756 = CARTESIAN_POINT('',(-5.668711275229,4.407256274046,
    52.975000207329));
#2757 = CARTESIAN_POINT('',(-6.412096549215,-2.430282073429E-02,
    53.102343481062));
#2758 = CARTESIAN_POINT('',(-4.495606453183,-3.331883239987,
    53.229687635714));
#2759 = CARTESIAN_POINT('',(-1.563750828258,-4.509909541268,
    53.357031197221));
#2760 = CARTESIAN_POINT('',(3.44076827769,-3.308430803649,53.61171877868
    ));
#2761 = CARTESIAN_POINT('',(5.518258017478,-0.927767082536,
    53.739062340086));
#2762 = CARTESIAN_POINT('',(5.724253107838,2.889376946812,
    53.866406494972));
#2763 = CARTESIAN_POINT('',(3.05000624952,6.500435159655,53.993749768448
    ));
#2764 = CARTESIAN_POINT('',(-2.219256140119,7.315907042217,
    54.121093737923));
#2765 = CARTESIAN_POINT('',(-6.147435791452,3.710421617198,
    54.248437707477));
#2766 = CARTESIAN_POINT('',(-6.364794335635,-0.777795505299,
    54.37578098088));
#2767 = CARTESIAN_POINT('',(-4.072824078896,-3.837190030401,
    54.503125135825));
#2768 = CARTESIAN_POINT('',(-1.022828591827,-4.662448111777,
    54.630468697193));
#2769 = CARTESIAN_POINT('',(3.805782790593,-2.881079324507,
    54.885156278691));
#2770 = CARTESIAN_POINT('',(5.589055302833,-0.272734539188,
    55.012499840075));
#2771 = CARTESIAN_POINT('',(5.344965354398,3.542162918808,
    55.139843994984));
#2772 = CARTESIAN_POINT('',(2.264820768933,6.813866910353,
    55.267187268427));
#2773 = CARTESIAN_POINT('',(-3.063765944472,7.004350926609,
    55.394531237961));
#2774 = CARTESIAN_POINT('',(-6.54093787598,2.962149066105,
    55.521875207428));
#2775 = CARTESIAN_POINT('',(-6.229256430291,-1.520505543859,
    55.649218480923));
#2776 = CARTESIAN_POINT('',(-3.593579793748,-4.289301525063,
    55.776562635802));
#2777 = CARTESIAN_POINT('',(-0.467726794574,-4.750350762725,
    55.903906197198));
#2778 = CARTESIAN_POINT('',(4.118037409032,-2.413787194656,
    56.158593778691));
#2779 = CARTESIAN_POINT('',(5.58237103335,0.386078946547,56.285937340068
    ));
#2780 = CARTESIAN_POINT('',(4.891579886133,4.145843581333,
    56.413281494997));
#2781 = CARTESIAN_POINT('',(1.448237882996,7.032837437432,
    56.540624768419));
#2782 = CARTESIAN_POINT('',(-3.865802497715,6.595692891143,
    56.667968737952));
#2783 = CARTESIAN_POINT('',(-6.843762375672,2.172811987459,
    56.795312707451));
#2784 = CARTESIAN_POINT('',(-6.007361806747,-2.242136683137,
    56.922655980901));
#2785 = CARTESIAN_POINT('',(-3.064517402559,-4.681950063425,
    57.050000135813));
#2786 = CARTESIAN_POINT('',(9.38591394986E-02,-4.772398892089,
    57.177343697196));
#2787 = CARTESIAN_POINT('',(4.373203320346,-1.913032525123,
    57.43203127869));
#2788 = CARTESIAN_POINT('',(5.498297873655,1.039540186619,57.55937484008
    ));
#2789 = CARTESIAN_POINT('',(4.370382024757,4.692050057352,
    57.686718994966));
#2790 = CARTESIAN_POINT('',(0.611577950664,7.154311133696,
    57.814062268455));
#2791 = CARTESIAN_POINT('',(-4.614247098196,6.095598197258,
    57.94140623794));
#2792 = CARTESIAN_POINT('',(-7.051711208311,1.353353029208,
    58.068750207429));
#2793 = CARTESIAN_POINT('',(-5.702186609336,-2.932684888574,
    58.196093480937));
#2794 = CARTESIAN_POINT('',(-2.49297134278,-5.00969232498,
    58.323437635786));
#2795 = CARTESIAN_POINT('',(0.654143896238,-4.728286844757,
    58.450781197209));
#2796 = CARTESIAN_POINT('',(4.567743137544,-1.385757321,58.705468778669)
  );
#2797 = CARTESIAN_POINT('',(5.338001337166,1.678590191581,
    58.832812340144));
#2798 = CARTESIAN_POINT('',(3.788597181181,5.1732102395,58.960156494878)
  );
#2799 = CARTESIAN_POINT('',(-0.233560339539,7.176603998783,
    59.087499768509));
#2800 = CARTESIAN_POINT('',(-5.298723993816,5.510999700807,
    59.214843737965));
#2801 = CARTESIAN_POINT('',(-7.161901561456,0.515132421394,
    59.342187707341));
#2802 = CARTESIAN_POINT('',(-5.317961508026,-3.582577030918,
    59.469530981029));
#2803 = CARTESIAN_POINT('',(-1.886865006664,-5.267984790552,
    59.596875135734));
#2804 = CARTESIAN_POINT('',(1.20536019983,-4.618626149837,
    59.724218697222));
#2805 = CARTESIAN_POINT('',(4.698959938387,-0.839271243837,
    59.978906278664));
#2806 = CARTESIAN_POINT('',(5.103703628605,2.29436975621,60.106249840152
    ));
#2807 = CARTESIAN_POINT('',(3.154290688687,5.582653762741,
    60.233593994859));
#2808 = CARTESIAN_POINT('',(-1.075460762592,7.099406984769,
    60.360937268549));
#2809 = CARTESIAN_POINT('',(-5.909744222596,4.850001741112,
    60.488281237898));
#2810 = CARTESIAN_POINT('',(-7.172805856653,-0.330229511574,
    60.615625207424));
#2811 = CARTESIAN_POINT('',(-4.860013048514,-4.182803599429,
    60.742968480952));
#2812 = CARTESIAN_POINT('',(-1.254600898523,-5.453246729462,
    60.870312635785));
#2813 = CARTESIAN_POINT('',(1.739866491203,-4.444937042981,
    60.997656197197));
#2814 = CARTESIAN_POINT('',(4.765034653067,-0.28115027717,
    61.252343778707));
#2815 = CARTESIAN_POINT('',(4.798652837274,2.8783422754,61.379687340002)
  );
#2816 = CARTESIAN_POINT('',(2.476255992791,5.914704476226,
    61.507031495107));
#2817 = CARTESIAN_POINT('',(-1.902451980459,6.923790280588,
    61.634374768323));
#2818 = CARTESIAN_POINT('',(-6.438837158499,4.121767789686,
    61.761718737968));
#2819 = CARTESIAN_POINT('',(-7.084272926716,-1.171013444355,
    61.889062707515));
#2820 = CARTESIAN_POINT('',(-4.334689809727,-4.725043601563,
    62.016405980822));
#2821 = CARTESIAN_POINT('',(-0.604944150111,-5.562909839485,
    62.143750135853));
#2822 = CARTESIAN_POINT('',(2.250252863623,-4.209627391234,
    62.271093697196));
#2823 = CARTESIAN_POINT('',(4.765051282132,0.280868299999,
    62.525781278664));
#2824 = CARTESIAN_POINT('',(4.427077908521,3.422412087801,
    62.653124840187));
#2825 = CARTESIAN_POINT('',(1.76389274695,6.164759132409,62.780468994793
    ));
#2826 = CARTESIAN_POINT('',(-2.703069342844,6.652188475629,
    62.907812268604));
#2827 = CARTESIAN_POINT('',(-6.878667940438,3.336393416569,
    63.035156237905));
#2828 = CARTESIAN_POINT('',(-6.897530111389,-1.99556351693,
    63.162500207357));
#2829 = CARTESIAN_POINT('',(-3.749274392902,-5.201779917489,
    63.289843481029));
#2830 = CARTESIAN_POINT('',(5.30989911265E-02,-5.595453851478,
    63.417187635742));
#2831 = CARTESIAN_POINT('',(2.72944378687,-3.915959312557,
    63.544531197205));
#2832 = CARTESIAN_POINT('',(4.699009595046,0.838993175741,63.79921877871
    ));
#2833 = CARTESIAN_POINT('',(3.994130017618,3.919036706815,
    63.926562339974));
#2834 = CARTESIAN_POINT('',(1.027076504036,6.329351201988,
    64.053906495162));
#2835 = CARTESIAN_POINT('',(-3.466213822108,6.288366809141,
    64.181249768267));
#2836 = CARTESIAN_POINT('',(-7.223139156655,2.504766334339,
    64.308593737994));
#2837 = CARTESIAN_POINT('',(-6.615166242235,-2.792448920751,
    64.435937707528));
#2838 = CARTESIAN_POINT('',(-3.111882462425,-5.606403510534,
    64.563280980789));
#2839 = CARTESIAN_POINT('',(0.710406016484,-5.550427605044,
    64.690625135881));
#2840 = CARTESIAN_POINT('',(3.170796195921,-3.568003952801,
    64.817968697181));
#2841 = CARTESIAN_POINT('',(4.567825133408,1.38548701686,65.07265627869)
  );
#2842 = CARTESIAN_POINT('',(3.505811158407,4.361331382565,
    65.199999840098));
#2843 = CARTESIAN_POINT('',(0.276021811173,6.406198930951,
    65.327343994934));
#2844 = CARTESIAN_POINT('',(-4.18130588083,5.837368972267,65.45468726848
    ));
#2845 = CARTESIAN_POINT('',(-7.467475372819,1.63841546067,
    65.582031237941));
#2846 = CARTESIAN_POINT('',(-6.241095754019,-3.550622364661,
    65.709375207407));
#2847 = CARTESIAN_POINT('',(-2.431350237449,-5.933305049142,
    65.836718480959));
#2848 = CARTESIAN_POINT('',(1.357864622074,-5.428455302848,
    65.964062635779));
#2849 = CARTESIAN_POINT('',(3.568191584333,-3.170585047081,
    66.091406197204));
#2850 = CARTESIAN_POINT('',(4.373316518699,1.912773732188,
    66.346093778687));
#2851 = CARTESIAN_POINT('',(2.9688909373,4.743164545886,66.473437340078)
  );
#2852 = CARTESIAN_POINT('',(-0.478859395841,6.394236972645,
    66.600781494984));
#2853 = CARTESIAN_POINT('',(-4.838432136119,5.305447186733,
    66.728124768418));
#2854 = CARTESIAN_POINT('',(-7.608289335051,0.749351092512,
    66.855468737983));
#2855 = CARTESIAN_POINT('',(-5.780504418043,-4.259573225145,
    66.982812707399));
#2856 = CARTESIAN_POINT('',(-1.717111994827,-6.177952668995,
    67.110155980946));
#2857 = CARTESIAN_POINT('',(1.986499033511,-5.231227857476,
    67.237500135793));
#2858 = CARTESIAN_POINT('',(3.916120825626,-2.729212047896,
    67.364843697196));
#2859 = CARTESIAN_POINT('',(4.118180240594,2.413543500595,
    67.619531278701));
#2860 = CARTESIAN_POINT('',(2.39081272553,5.059242810779,67.746874840021
    ));
#2861 = CARTESIAN_POINT('',(-1.227102133814,6.293631156679,
    67.874218995081));
#2862 = CARTESIAN_POINT('',(-5.42848279018,4.69997553015,68.001562268339
    ));
#2863 = CARTESIAN_POINT('',(-7.643628927226,-0.150101594412,
    68.128906237974));
#2864 = CARTESIAN_POINT('',(-5.239777451671,-4.909473255261,
    68.256250207496));
#2865 = CARTESIAN_POINT('',(-0.979069280799,-6.336954799156,
    68.383593480834));
#2866 = CARTESIAN_POINT('',(2.587594437833,-4.961479449954,
    68.510937635854));
#2867 = CARTESIAN_POINT('',(4.209760546773,-2.25000374713,
    68.638281197188));
#2868 = CARTESIAN_POINT('',(3.805953275278,2.88085410767,68.892968778686
    ));
#2869 = CARTESIAN_POINT('',(1.779590471125,5.305184357027,
    69.020312340108));
#2870 = CARTESIAN_POINT('',(-1.958333449264,6.105776190187,
    69.147656494919));
#2871 = CARTESIAN_POINT('',(-5.943277919995,4.029347708147,
    69.274999768495));
#2872 = CARTESIAN_POINT('',(-7.573004233506,-1.047473409988,
    69.402343737929));
#2873 = CARTESIAN_POINT('',(-4.626410999438,-5.491312834983,
    69.529687707415));
#2874 = CARTESIAN_POINT('',(-0.227453645013,-6.408107179396,
    69.657030980952));
#2875 = CARTESIAN_POINT('',(3.152817797682,-4.622949625674,
    69.784375135786));
#2876 = CARTESIAN_POINT('',(4.445039995043,-1.739603450719,
    69.911718697197));
#2877 = CARTESIAN_POINT('',(3.440964052051,3.308227186239,
    70.166406278707));
#2878 = CARTESIAN_POINT('',(1.143697600813,5.477579675818,
    70.293749840008));
#2879 = CARTESIAN_POINT('',(-2.662416219525,5.8332763227,70.421093995086
    ));
#2880 = CARTESIAN_POINT('',(-6.375680876312,3.30286069201,
    70.548437268365));
#2881 = CARTESIAN_POINT('',(-7.397394330199,-1.930324011532,
    70.675781237913));
#2882 = CARTESIAN_POINT('',(-3.948908213164,-5.997025872123,
    70.803125207569));
#2883 = CARTESIAN_POINT('',(0.527315200192,-6.390423418125,
    70.93046848078));
#2884 = CARTESIAN_POINT('',(3.674333372995,-4.220331452752,
    71.057812635876));
#2885 = CARTESIAN_POINT('',(4.618697471185,-1.205086881905,
    71.185156197188));
#2886 = CARTESIAN_POINT('',(3.028272447938,3.689738026521,
    71.439843778673));
#2887 = CARTESIAN_POINT('',(0.491949552199,5.574038835973,
    71.567187340164));
#2888 = CARTESIAN_POINT('',(-3.329589684513,5.479909243426,
    71.694531494829));
#2889 = CARTESIAN_POINT('',(-6.719697219797,2.530585833669,
    71.821874768566));
#2890 = CARTESIAN_POINT('',(-7.119233712383,-2.786414365041,
    71.949218737936));
#2891 = CARTESIAN_POINT('',(-3.216661372442,-6.419601623352,
    72.076562707328));
#2892 = CARTESIAN_POINT('',(1.274773829428,-6.28414866685,
    72.203905981064));
#2893 = CARTESIAN_POINT('',(4.144911348412,-3.759206461565,
    72.331250135703));
#2894 = CARTESIAN_POINT('',(4.728325546663,-0.653864089905,
    72.458593697236));
#2895 = CARTESIAN_POINT('',(2.573599642173,4.02009771089,72.713281278645
    ));
#2896 = CARTESIAN_POINT('',(-0.166618435406,5.593224615895,
    72.84062484022));
#2897 = CARTESIAN_POINT('',(-3.95060476107,5.050573710489,
    72.967968994748));
#2898 = CARTESIAN_POINT('',(-6.970557822207,1.723229246137,
    73.095312268637));
#2899 = CARTESIAN_POINT('',(-6.742378544739,-3.603876416407,
    73.222656237913));
#2900 = CARTESIAN_POINT('',(-2.439821678165,-6.753181884561,
    73.350000207307));
#2901 = CARTESIAN_POINT('',(2.004560159307,-6.09075622162,
    73.477343481087));
#2902 = CARTESIAN_POINT('',(4.558028060979,-3.245967267571,
    73.604687635708));
#2903 = CARTESIAN_POINT('',(4.772404438024,-9.357672373029E-02,
    73.732031197211));
#2904 = CARTESIAN_POINT('',(2.08324880301,4.294726434597,73.986718778716
    ));
#2905 = CARTESIAN_POINT('',(-0.822876577298,5.534871041455,
    74.114062339941));
#2906 = CARTESIAN_POINT('',(-4.516852263728,4.551221639397,
    74.241406495213));
#2907 = CARTESIAN_POINT('',(-7.124784981381,0.891983383193,
    74.368749768245));
#2908 = CARTESIAN_POINT('',(-6.272053202967,-4.3713776187,
    74.496093737936));
#2909 = CARTESIAN_POINT('',(-1.629158525823,-6.993142203988,
    74.623437707657));
#2910 = CARTESIAN_POINT('',(2.706557099051,-5.812927098486,
    74.750780980656));
#2911 = CARTESIAN_POINT('',(4.907956438164,-2.687728949924,
    74.878125135961));
#2912 = CARTESIAN_POINT('',(4.750323075798,0.468007904623,
    75.005468697158));
#2913 = CARTESIAN_POINT('',(1.564017706344,4.509816996012,
    75.260156278703));
#2914 = CARTESIAN_POINT('',(-1.467727110365,5.399787073257,
    75.387499840074));
#2915 = CARTESIAN_POINT('',(-5.02048225456,3.988775590912,
    75.514843994975));
#2916 = CARTESIAN_POINT('',(-7.180240633088,4.837187783142E-02,
    75.64218726841));
#2917 = CARTESIAN_POINT('',(-5.714777847516,-5.07827803679,
    75.769531238045));
#2918 = CARTESIAN_POINT('',(-0.795910208752,-7.13615599092,
    75.896875207283));
#2919 = CARTESIAN_POINT('',(3.371032804845,-5.454512866617,
    76.024218481067));
#2920 = CARTESIAN_POINT('',(5.189845392669,-2.092230414423,
    76.151562635712));
#2921 = CARTESIAN_POINT('',(4.662387575827,1.023104499097,
    76.278906197231));
#2922 = CARTESIAN_POINT('',(1.023104497563,4.662387576163,
    76.533593778649));
#2923 = CARTESIAN_POINT('',(-2.092230416124,5.189845391979,
    76.660937340206));
#2924 = CARTESIAN_POINT('',(-5.454512867734,3.371032803056,
    76.788281494776));
#2925 = CARTESIAN_POINT('',(-7.136155990653,-0.795910211101,
    76.915624768603));
#2926 = CARTESIAN_POINT('',(-5.078278034906,-5.714777849187,
    77.042968737935));
#2927 = CARTESIAN_POINT('',(4.837188017734E-02,-7.180240633065,
    77.170312707302));
#2928 = CARTESIAN_POINT('',(3.988775592578,-5.020482253257,
    77.29765598109));
#2929 = CARTESIAN_POINT('',(5.399787073731,-1.467727108584,
    77.425000135694));
#2930 = CARTESIAN_POINT('',(4.5098169955,1.564017707824,77.552343697233)
  );
#2931 = CARTESIAN_POINT('',(0.468007903058,4.750323075956,
    77.807031278657));
#2932 = CARTESIAN_POINT('',(-2.687728951529,4.907956437262,
    77.93437484018));
#2933 = CARTESIAN_POINT('',(-5.812927099383,2.70655709718,78.06171899481
    ));
#2934 = CARTESIAN_POINT('',(-6.993142203463,-1.629158528177,
    78.189062268579));
#2935 = CARTESIAN_POINT('',(-4.371377616601,-6.272053204357,
    78.316406237943));
#2936 = CARTESIAN_POINT('',(0.891983385486,-7.124784981111,
    78.443750207304));
#2937 = CARTESIAN_POINT('',(4.551221640921,-4.516852262229,
    78.57109348108));
#2938 = CARTESIAN_POINT('',(5.534871041707,-0.822876575475,
    78.698437635712));
#2939 = CARTESIAN_POINT('',(4.294726433915,2.083248804421,
    78.825781197211));
#2940 = CARTESIAN_POINT('',(-9.357672529851E-02,4.772404437991,
    79.080468778715));
#2941 = CARTESIAN_POINT('',(-3.245967269079,4.558028059925,
    79.207812339959));
#2942 = CARTESIAN_POINT('',(-6.090756222266,2.004560157274,
    79.33515649512));
#2943 = CARTESIAN_POINT('',(-6.753181883754,-2.439821680348,
    79.462499768532));
#2944 = CARTESIAN_POINT('',(-3.603876414237,-6.742378545956,
    79.589843737362));
#2945 = CARTESIAN_POINT('',(1.723229248515,-6.970557821625,
    79.717187708466));
#2946 = CARTESIAN_POINT('',(5.050573711699,-3.950604759411,
    79.844530979813));
#2947 = CARTESIAN_POINT('',(5.593224616011,-0.16661843357,
    79.971875136634));
#2948 = CARTESIAN_POINT('',(4.020097710014,2.573599643499,
    80.099218696739));
#2949 = CARTESIAN_POINT('',(-0.653864091409,4.728325546441,
    80.353906279532));
#2950 = CARTESIAN_POINT('',(-3.759206463191,4.144911347216,
    80.481249835462));
#2951 = CARTESIAN_POINT('',(-6.284148666561,1.274773827259,
    80.608594007627));
#2952 = CARTESIAN_POINT('',(-6.419601623653,-3.216661374365,
    80.735937243912));
#2953 = CARTESIAN_POINT('',(-2.78641436067,-7.119233713558,
    80.863281274803));
#2954 = CARTESIAN_POINT('',(2.530585833427,-6.719697218673,
    80.99062516291));
#2955 = CARTESIAN_POINT('',(5.479909246943,-3.329589682987,
    81.117968524837));
#2956 = CARTESIAN_POINT('',(5.574038833847,0.491949554249,
    81.245312600356));
#2957 = CARTESIAN_POINT('',(3.689738026816,3.028272449009,
    81.372656220406));
#2958 = CARTESIAN_POINT('',(1.242325570379,3.823484960044,
    81.499999975897));
#2959 = DEFINITIONAL_REPRESENTATION('',(#2960),#2964);
#2960 = LINE('',#2961,#2962);
#2961 = CARTESIAN_POINT('',(0.,0.));
#2962 = VECTOR('',#2963,1.);
#2963 = DIRECTION('',(0.,1.));
#2964 = ( GEOMETRIC_REPRESENTATION_CONTEXT(2) 
PARAMETRIC_REPRESENTATION_CONTEXT() REPRESENTATION_CONTEXT('2D SPACE',''
  ) );
#2965 = PCURVE('',#2966,#4123);
#2966 = B_SPLINE_SURFACE_WITH_KNOTS('',1,10,(
    (#2967,#2968,#2969,#2970,#2971,#2972,#2973,#2974,#2975,#2976,#2977
      ,#2978,#2979,#2980,#2981,#2982,#2983,#2984,#2985,#2986,#2987,#2988
      ,#2989,#2990,#2991,#2992,#2993,#2994,#2995,#2996,#2997,#2998,#2999
      ,#3000,#3001,#3002,#3003,#3004,#3005,#3006,#3007,#3008,#3009,#3010
      ,#3011,#3012,#3013,#3014,#3015,#3016,#3017,#3018,#3019,#3020,#3021
      ,#3022,#3023,#3024,#3025,#3026,#3027,#3028,#3029,#3030,#3031,#3032
      ,#3033,#3034,#3035,#3036,#3037,#3038,#3039,#3040,#3041,#3042,#3043
      ,#3044,#3045,#3046,#3047,#3048,#3049,#3050,#3051,#3052,#3053,#3054
      ,#3055,#3056,#3057,#3058,#3059,#3060,#3061,#3062,#3063,#3064,#3065
      ,#3066,#3067,#3068,#3069,#3070,#3071,#3072,#3073,#3074,#3075,#3076
      ,#3077,#3078,#3079,#3080,#3081,#3082,#3083,#3084,#3085,#3086,#3087
      ,#3088,#3089,#3090,#3091,#3092,#3093,#3094,#3095,#3096,#3097,#3098
      ,#3099,#3100,#3101,#3102,#3103,#3104,#3105,#3106,#3107,#3108,#3109
      ,#3110,#3111,#3112,#3113,#3114,#3115,#3116,#3117,#3118,#3119,#3120
      ,#3121,#3122,#3123,#3124,#3125,#3126,#3127,#3128,#3129,#3130,#3131
      ,#3132,#3133,#3134,#3135,#3136,#3137,#3138,#3139,#3140,#3141,#3142
      ,#3143,#3144,#3145,#3146,#3147,#3148,#3149,#3150,#3151,#3152,#3153
      ,#3154,#3155,#3156,#3157,#3158,#3159,#3160,#3161,#3162,#3163,#3164
      ,#3165,#3166,#3167,#3168,#3169,#3170,#3171,#3172,#3173,#3174,#3175
      ,#3176,#3177,#3178,#3179,#3180,#3181,#3182,#3183,#3184,#3185,#3186
      ,#3187,#3188,#3189,#3190,#3191,#3192,#3193,#3194,#3195,#3196,#3197
      ,#3198,#3199,#3200,#3201,#3202,#3203,#3204,#3205,#3206,#3207,#3208
      ,#3209,#3210,#3211,#3212,#3213,#3214,#3215,#3216,#3217,#3218,#3219
      ,#3220,#3221,#3222,#3223,#3224,#3225,#3226,#3227,#3228,#3229,#3230
      ,#3231,#3232,#3233,#3234,#3235,#3236,#3237,#3238,#3239,#3240,#3241
      ,#3242,#3243,#3244,#3245,#3246,#3247,#3248,#3249,#3250,#3251,#3252
      ,#3253,#3254,#3255,#3256,#3257,#3258,#3259,#3260,#3261,#3262,#3263
      ,#3264,#3265,#3266,#3267,#3268,#3269,#3270,#3271,#3272,#3273,#3274
      ,#3275,#3276,#3277,#3278,#3279,#3280,#3281,#3282,#3283,#3284,#3285
      ,#3286,#3287,#3288,#3289,#3290,#3291,#3292,#3293,#3294,#3295,#3296
      ,#3297,#3298,#3299,#3300,#3301,#3302,#3303,#3304,#3305,#3306,#3307
      ,#3308,#3309,#3310,#3311,#3312,#3313,#3314,#3315,#3316,#3317,#3318
      ,#3319,#3320,#3321,#3322,#3323,#3324,#3325,#3326,#3327,#3328,#3329
      ,#3330,#3331,#3332,#3333,#3334,#3335,#3336,#3337,#3338,#3339,#3340
      ,#3341,#3342,#3343,#3344,#3345,#3346,#3347,#3348,#3349,#3350,#3351
      ,#3352,#3353,#3354,#3355,#3356,#3357,#3358,#3359,#3360,#3361,#3362
      ,#3363,#3364,#3365,#3366,#3367,#3368,#3369,#3370,#3371,#3372,#3373
      ,#3374,#3375,#3376,#3377,#3378,#3379,#3380,#3381,#3382,#3383,#3384
      ,#3385,#3386,#3387,#3388,#3389,#3390,#3391,#3392,#3393,#3394,#3395
      ,#3396,#3397,#3398,#3399,#3400,#3401,#3402,#3403,#3404,#3405,#3406
      ,#3407,#3408,#3409,#3410,#3411,#3412,#3413,#3414,#3415,#3416,#3417
      ,#3418,#3419,#3420,#3421,#3422,#3423,#3424,#3425,#3426,#3427,#3428
      ,#3429,#3430,#3431,#3432,#3433,#3434,#3435,#3436,#3437,#3438,#3439
      ,#3440,#3441,#3442,#3443,#3444,#3445,#3446,#3447,#3448,#3449,#3450
      ,#3451,#3452,#3453,#3454,#3455,#3456,#3457,#3458,#3459,#3460,#3461
      ,#3462,#3463,#3464,#3465,#3466,#3467,#3468,#3469,#3470,#3471,#3472
      ,#3473,#3474,#3475,#3476,#3477,#3478,#3479,#3480,#3481,#3482,#3483
      ,#3484,#3485,#3486,#3487,#3488,#3489,#3490,#3491,#3492,#3493,#3494
      ,#3495,#3496,#3497,#3498,#3499,#3500,#3501,#3502,#3503,#3504,#3505
      ,#3506,#3507,#3508,#3509,#3510,#3511,#3512,#3513,#3514,#3515,#3516
      ,#3517,#3518,#3519,#3520,#3521,#3522,#3523,#3524,#3525,#3526,#3527
      ,#3528,#3529,#3530,#3531,#3532,#3533,#3534,#3535,#3536,#3537,#3538
      ,#3539,#3540,#3541,#3542,#3543,#3544)
    ,(#3545,#3546,#3547,#3548,#3549,#3550,#3551,#3552,#3553,#3554,#3555
      ,#3556,#3557,#3558,#3559,#3560,#3561,#3562,#3563,#3564,#3565,#3566
      ,#3567,#3568,#3569,#3570,#3571,#3572,#3573,#3574,#3575,#3576,#3577
      ,#3578,#3579,#3580,#3581,#3582,#3583,#3584,#3585,#3586,#3587,#3588
      ,#3589,#3590,#3591,#3592,#3593,#3594,#3595,#3596,#3597,#3598,#3599
      ,#3600,#3601,#3602,#3603,#3604,#3605,#3606,#3607,#3608,#3609,#3610
      ,#3611,#3612,#3613,#3614,#3615,#3616,#3617,#3618,#3619,#3620,#3621
      ,#3622,#3623,#3624,#3625,#3626,#3627,#3628,#3629,#3630,#3631,#3632
      ,#3633,#3634,#3635,#3636,#3637,#3638,#3639,#3640,#3641,#3642,#3643
      ,#3644,#3645,#3646,#3647,#3648,#3649,#3650,#3651,#3652,#3653,#3654
      ,#3655,#3656,#3657,#3658,#3659,#3660,#3661,#3662,#3663,#3664,#3665
      ,#3666,#3667,#3668,#3669,#3670,#3671,#3672,#3673,#3674,#3675,#3676
      ,#3677,#3678,#3679,#3680,#3681,#3682,#3683,#3684,#3685,#3686,#3687
      ,#3688,#3689,#3690,#3691,#3692,#3693,#3694,#3695,#3696,#3697,#3698
      ,#3699,#3700,#3701,#3702,#3703,#3704,#3705,#3706,#3707,#3708,#3709
      ,#3710,#3711,#3712,#3713,#3714,#3715,#3716,#3717,#3718,#3719,#3720
      ,#3721,#3722,#3723,#3724,#3725,#3726,#3727,#3728,#3729,#3730,#3731
      ,#3732,#3733,#3734,#3735,#3736,#3737,#3738,#3739,#3740,#3741,#3742
      ,#3743,#3744,#3745,#3746,#3747,#3748,#3749,#3750,#3751,#3752,#3753
      ,#3754,#3755,#3756,#3757,#3758,#3759,#3760,#3761,#3762,#3763,#3764
      ,#3765,#3766,#3767,#3768,#3769,#3770,#3771,#3772,#3773,#3774,#3775
      ,#3776,#3777,#3778,#3779,#3780,#3781,#3782,#3783,#3784,#3785,#3786
      ,#3787,#3788,#3789,#3790,#3791,#3792,#3793,#3794,#3795,#3796,#3797
      ,#3798,#3799,#3800,#3801,#3802,#3803,#3804,#3805,#3806,#3807,#3808
      ,#3809,#3810,#3811,#3812,#3813,#3814,#3815,#3816,#3817,#3818,#3819
      ,#3820,#3821,#3822,#3823,#3824,#3825,#3826,#3827,#3828,#3829,#3830
      ,#3831,#3832,#3833,#3834,#3835,#3836,#3837,#3838,#3839,#3840,#3841
      ,#3842,#3843,#3844,#3845,#3846,#3847,#3848,#3849,#3850,#3851,#3852
      ,#3853,#3854,#3855,#3856,#3857,#3858,#3859,#3860,#3861,#3862,#3863
      ,#3864,#3865,#3866,#3867,#3868,#3869,#3870,#3871,#3872,#3873,#3874
      ,#3875,#3876,#3877,#3878,#3879,#3880,#3881,#3882,#3883,#3884,#3885
      ,#3886,#3887,#3888,#3889,#3890,#3891,#3892,#3893,#3894,#3895,#3896
      ,#3897,#3898,#3899,#3900,#3901,#3902,#3903,#3904,#3905,#3906,#3907
      ,#3908,#3909,#3910,#3911,#3912,#3913,#3914,#3915,#3916,#3917,#3918
      ,#3919,#3920,#3921,#3922,#3923,#3924,#3925,#3926,#3927,#3928,#3929
      ,#3930,#3931,#3932,#3933,#3934,#3935,#3936,#3937,#3938,#3939,#3940
      ,#3941,#3942,#3943,#3944,#3945,#3946,#3947,#3948,#3949,#3950,#3951
      ,#3952,#3953,#3954,#3955,#3956,#3957,#3958,#3959,#3960,#3961,#3962
      ,#3963,#3964,#3965,#3966,#3967,#3968,#3969,#3970,#3971,#3972,#3973
      ,#3974,#3975,#3976,#3977,#3978,#3979,#3980,#3981,#3982,#3983,#3984
      ,#3985,#3986,#3987,#3988,#3989,#3990,#3991,#3992,#3993,#3994,#3995
      ,#3996,#3997,#3998,#3999,#4000,#4001,#4002,#4003,#4004,#4005,#4006
      ,#4007,#4008,#4009,#4010,#4011,#4012,#4013,#4014,#4015,#4016,#4017
      ,#4018,#4019,#4020,#4021,#4022,#4023,#4024,#4025,#4026,#4027,#4028
      ,#4029,#4030,#4031,#4032,#4033,#4034,#4035,#4036,#4037,#4038,#4039
      ,#4040,#4041,#4042,#4043,#4044,#4045,#4046,#4047,#4048,#4049,#4050
      ,#4051,#4052,#4053,#4054,#4055,#4056,#4057,#4058,#4059,#4060,#4061
      ,#4062,#4063,#4064,#4065,#4066,#4067,#4068,#4069,#4070,#4071,#4072
      ,#4073,#4074,#4075,#4076,#4077,#4078,#4079,#4080,#4081,#4082,#4083
      ,#4084,#4085,#4086,#4087,#4088,#4089,#4090,#4091,#4092,#4093,#4094
      ,#4095,#4096,#4097,#4098,#4099,#4100,#4101,#4102,#4103,#4104,#4105
      ,#4106,#4107,#4108,#4109,#4110,#4111,#4112,#4113,#4114,#4115,#4116
      ,#4117,#4118,#4119,#4120,#4121,#4122
    )),.UNSPECIFIED.,.F.,.F.,.F.,(2,2),(11,9,9,9,9,9,9,9,9,9,9,9,9,9,9,9
    ,9,9,9,9,9,9,9,9,9,9,9,9,9,9,9,9,9,9,9,9,9,9,9,9,9,9,9,9,9,9,9,9,9,9
    ,9,9,9,9,9,9,9,9,9,9,9,9,9,9,11),(0.,0.55),(0.,6.526437041918,
    13.052874083836,19.579311125753,26.105748167671,32.632185209589,
    39.158622251507,45.685059293424,52.211496335342,58.73793337726,
    65.264370419178,71.790807461095,78.317244503013,84.843681544931,
    91.370118586849,97.896555628766,104.42299267068,110.9494297126,
    117.47586675452,124.00230379643,130.52874083835,137.05517788027,
    143.58161492219,150.1080519641,156.63448900602,163.16092604794,
    169.68736308986,176.21380013177,182.74023717369,189.26667421561,
    195.79311125753,202.31954829945,208.84598534136,215.37242238328,
    221.8988594252,228.42529646712,234.95173350903,241.47817055095,
    248.00460759287,254.53104463479,261.05748167671,267.58391871862,
    274.11035576054,280.63679280246,287.16322984438,293.68966688629,
    300.21610392821,306.74254097013,313.26897801205,319.79541505397,
    326.32185209588,332.8482891378,339.37472617972,345.90116322164,
    352.42760026355,358.95403730547,365.48047434739,372.00691138931,
    378.53334843123,385.05978547314,391.58622251506,398.11265955698,
    404.6390965989,411.16553364081,417.69197068273),.UNSPECIFIED.);
#2967 = CARTESIAN_POINT('',(3.34525,2.22044604925E-16,0.275));
#2968 = CARTESIAN_POINT('',(3.345249996186,2.141291625009,0.402343746058
    ));
#2969 = CARTESIAN_POINT('',(1.822585517566,4.284663744845,0.529687590075
    ));
#2970 = CARTESIAN_POINT('',(-1.225884364686,5.192787874314,
    0.657031104499));
#2971 = CARTESIAN_POINT('',(-4.667099393685,3.730511522017,
    0.784375135353));
#2972 = CARTESIAN_POINT('',(-6.350454559044,-0.374504962634,
    0.911718785445));
#2973 = CARTESIAN_POINT('',(-4.196274588377,-4.253213498921,
    1.039062332063));
#2974 = CARTESIAN_POINT('',(-0.607040203978,-5.300880430784,
    1.166406453943));
#2975 = CARTESIAN_POINT('',(2.31356029174,-4.040742605256,1.293749898376
    ));
#2976 = CARTESIAN_POINT('',(3.573744137627,-1.733257188549,
    1.421093788814));
#2977 = CARTESIAN_POINT('',(3.070380390645,2.519641147309,1.675781228947
    ));
#2978 = CARTESIAN_POINT('',(1.306343987093,4.469186373608,1.803125116211
    ));
#2979 = CARTESIAN_POINT('',(-1.827733897779,5.012706581895,
    1.930468572115));
#2980 = CARTESIAN_POINT('',(-5.073223777362,3.156094606373,
    2.057812668184));
#2981 = CARTESIAN_POINT('',(-6.262417797295,-1.118324968536,
    2.185156258282));
#2982 = CARTESIAN_POINT('',(-3.667276267649,-4.716951359522,
    2.312499850121));
#2983 = CARTESIAN_POINT('',(2.021920250397E-02,-5.335487076192,
    2.439843944652));
#2984 = CARTESIAN_POINT('',(2.772462121831,-3.740804168195,
    2.567187401746));
#2985 = CARTESIAN_POINT('',(3.7526951148,-1.301194456658,2.694531288215)
  );
#2986 = CARTESIAN_POINT('',(2.752945854101,2.863060666578,2.949218729243
    ));
#2987 = CARTESIAN_POINT('',(0.771992471976,4.591752288282,3.076562615755
    ));
#2988 = CARTESIAN_POINT('',(-2.404245366914,4.763133704894,
    3.203906072686));
#2989 = CARTESIAN_POINT('',(-5.409017655073,2.53792448121,3.331250167601
    ));
#2990 = CARTESIAN_POINT('',(-6.087564572014,-1.846641540543,
    3.458593758764));
#2991 = CARTESIAN_POINT('',(-3.087438197896,-5.115297716403,
    3.585937349803));
#2992 = CARTESIAN_POINT('',(0.647198317483,-5.296127405411,
    3.713281444814));
#2993 = CARTESIAN_POINT('',(3.192929067569,-3.389006640731,
    3.840624901687));
#2994 = CARTESIAN_POINT('',(3.879622157109,-0.851093154025,
    3.967968788226));
#2995 = CARTESIAN_POINT('',(2.397346991894,3.16678932936,4.222656229235)
  );
#2996 = CARTESIAN_POINT('',(0.226938759202,4.650662345658,4.350000115774
    ));
#2997 = CARTESIAN_POINT('',(-2.947426576095,4.44752909531,4.477343572656
    ));
#2998 = CARTESIAN_POINT('',(-5.669825854818,1.884570890441,
    4.604687667627));
#2999 = CARTESIAN_POINT('',(-5.828318915434,-2.549357961861,
    4.732031258757));
#3000 = CARTESIAN_POINT('',(-2.464798706325,-5.442730260694,
    4.859374849789));
#3001 = CARTESIAN_POINT('',(1.265205266332,-5.183347064446,
    4.986718944834));
#3002 = CARTESIAN_POINT('',(3.569132162812,-2.990227022455,
    5.114062401675));
#3003 = CARTESIAN_POINT('',(3.952765663448,-0.389193073725,5.24140628823
    ));
#3004 = CARTESIAN_POINT('',(2.008513501954,3.426616519038,5.496093729232
    ));
#3005 = CARTESIAN_POINT('',(-0.32126102514,4.645099870564,5.623437615784
    ));
#3006 = CARTESIAN_POINT('',(-3.449747356891,4.070268006982,5.75078107264
    ));
#3007 = CARTESIAN_POINT('',(-5.852032770636,1.205091331187,
    5.878125167645));
#3008 = CARTESIAN_POINT('',(-5.488274771965,-3.216732414291,
    6.005468758745));
#3009 = CARTESIAN_POINT('',(-1.807989498089,-5.694709766807,
    6.132812349792));
#3010 = CARTESIAN_POINT('',(1.865672565644,-4.998709536894,
    6.260156444837));
#3011 = CARTESIAN_POINT('',(3.895856071618,-2.549993629536,
    6.387499901671));
#3012 = CARTESIAN_POINT('',(3.971111639099,7.810242366131E-02,
    6.514843788232));
#3013 = CARTESIAN_POINT('',(1.591835816424,3.638940228915,6.76953122923)
  );
#3014 = CARTESIAN_POINT('',(-0.865007140228,4.575141976068,
    6.896875115793));
#3015 = CARTESIAN_POINT('',(-3.904243993098,3.636580442863,
    7.024218572622));
#3016 = CARTESIAN_POINT('',(-5.95311245234,0.508905487058,7.151562667668
    ));
#3017 = CARTESIAN_POINT('',(-5.072146202855,-3.839513028327,
    7.278906258727));
#3018 = CARTESIAN_POINT('',(-1.126115975785,-5.86774302117,
    7.406249849801));
#3019 = CARTESIAN_POINT('',(2.440275885559,-4.744774468691,
    7.533593944834));
#3020 = CARTESIAN_POINT('',(4.168571392311,-2.074409455401,
    7.660937401673));
#3021 = CARTESIAN_POINT('',(3.934405752223,0.544315180423,7.788281288229
    ));
#3022 = CARTESIAN_POINT('',(1.153090373934,3.800816997125,8.042968729236
    ));
#3023 = CARTESIAN_POINT('',(-1.396761586884,4.44175849447,8.170312615767
    ));
#3024 = CARTESIAN_POINT('',(-4.304615758672,3.152478651006,
    8.297656072666));
#3025 = CARTESIAN_POINT('',(-5.97166362366,-0.194335357647,
    8.425000167631));
#3026 = CARTESIAN_POINT('',(-4.585702034244,-4.409066142738,
    8.552343758726));
#3027 = CARTESIAN_POINT('',(-0.428631010763,-5.959431248828,
    8.67968734984));
#3028 = CARTESIAN_POINT('',(2.981049450777,-4.42506218359,8.807031444787
    ));
#3029 = CARTESIAN_POINT('',(4.38349744893,-1.570067564381,8.9343749017)
  );
#3030 = CARTESIAN_POINT('',(3.843156859687,1.002982048976,9.061718788222
    ));
#3031 = CARTESIAN_POINT('',(0.698359540319,3.910002712091,9.31640622924)
  );
#3032 = CARTESIAN_POINT('',(-1.909152607402,4.246798532474,
    9.443750115756));
#3033 = CARTESIAN_POINT('',(-4.64531226542,2.624673776217,9.571093572687
    ));
#3034 = CARTESIAN_POINT('',(-5.907429108038,-0.894882114583,
    9.698437667602));
#3035 = CARTESIAN_POINT('',(-4.035685883559,-4.917495993585,
    9.825781258757));
#3036 = CARTESIAN_POINT('',(0.274796102852,-5.968503368096,
    9.953124849814));
#3037 = CARTESIAN_POINT('',(3.48049647084,-4.044004880436,
    10.080468944806));
#3038 = CARTESIAN_POINT('',(4.537654703023,-1.043959691573,
    10.20781240169));
#3039 = CARTESIAN_POINT('',(3.698629952753,1.447744491043,
    10.335156288227));
#3040 = CARTESIAN_POINT('',(0.233947288268,3.964983722839,10.58984372923
    ));
#3041 = CARTESIAN_POINT('',(-2.395076880942,3.992964836838,
    10.717187615796));
#3042 = CARTESIAN_POINT('',(-4.921610408364,2.060482822872,
    10.844531072614));
#3043 = CARTESIAN_POINT('',(-5.761299394064,-1.583023043691,
    10.971875167674));
#3044 = CARTESIAN_POINT('',(-3.42972267208,-5.357754174133,
    11.09921875873));
#3045 = CARTESIAN_POINT('',(0.974413694452,-5.894833611357,
    11.226562349788));
#3046 = CARTESIAN_POINT('',(3.931693068693,-3.606885189455,
    11.353906444849));
#3047 = CARTESIAN_POINT('',(4.628906059316,-0.503379315696,
    11.481249901662));
#3048 = CARTESIAN_POINT('',(3.50282862037,1.872436726596,11.608593788235
    ));
#3049 = CARTESIAN_POINT('',(-0.233708195178,3.964997822894,
    11.863281229225));
#3050 = CARTESIAN_POINT('',(-2.847797997503,3.683776325903,
    11.990625115808));
#3051 = CARTESIAN_POINT('',(-5.129679842481,1.46772721878,
    12.117968572595));
#3052 = CARTESIAN_POINT('',(-5.535300290641,-2.249218388064,
    12.245312667695));
#3053 = CARTESIAN_POINT('',(-2.776212919901,-5.72373734734,
    12.372656258716));
#3054 = CARTESIAN_POINT('',(1.660522905108,-5.739443268736,
    12.499999849793));
#3055 = CARTESIAN_POINT('',(4.328384267048,-3.119762938613,
    12.627343944848));
#3056 = CARTESIAN_POINT('',(4.655986492414,4.417945099082E-02,
    12.754687401664));
#3057 = CARTESIAN_POINT('',(3.258467273259,2.271171210602,
    12.882031288231));
#3058 = CARTESIAN_POINT('',(-0.698123761789,3.910044816792,
    13.136718729236));
#3059 = CARTESIAN_POINT('',(-3.261039845277,3.323519306592,
    13.264062615762));
#3060 = CARTESIAN_POINT('',(-5.266636083286,0.854624385956,
    13.391406072685));
#3061 = CARTESIAN_POINT('',(-5.232564842808,-2.88423262435,
    13.518750167589));
#3062 = CARTESIAN_POINT('',(-2.084216288964,-6.010371856903,
    13.646093758789));
#3063 = CARTESIAN_POINT('',(2.323612143755,-5.50448652998,
    13.773437349773));
#3064 = CARTESIAN_POINT('',(4.665070701681,-2.589391145578,
    13.900781444837));
#3065 = CARTESIAN_POINT('',(4.618520583935,0.59112575415,14.028124901676
    ));
#3066 = CARTESIAN_POINT('',(2.968933513818,2.638420252592,
    14.155468788229));
#3067 = CARTESIAN_POINT('',(-1.152861178594,3.80088652277,
    14.410156229233));
#3068 = CARTESIAN_POINT('',(-3.629073616909,2.917188053049,
    14.53750011578));
#3069 = CARTESIAN_POINT('',(-5.330580494717,0.229673821625,
    14.664843572641));
#3070 = CARTESIAN_POINT('',(-4.857289898014,-3.479262495378,
    14.79218766766));
#3071 = CARTESIAN_POINT('',(-1.363325988244,-6.213684064045,
    14.919531258706));
#3072 = CARTESIAN_POINT('',(2.954488947243,-5.193220620541,
    15.046874849848));
#3073 = CARTESIAN_POINT('',(4.937084859556,-2.023122400189,
    15.174218944784));
#3074 = CARTESIAN_POINT('',(4.517027726989,1.129877230099,
    15.301562401707));
#3075 = CARTESIAN_POINT('',(2.638241173478,2.96909264747,15.428906288214
    ));
#3076 = CARTESIAN_POINT('',(-1.591616381625,3.639036211685,
    15.683593729262));
#3077 = CARTESIAN_POINT('',(-3.946797228599,2.470415570298,
    15.810937615661));
#3078 = CARTESIAN_POINT('',(-5.320626609746,-0.39846073051,
    15.938281072865));
#3079 = CARTESIAN_POINT('',(-4.414677925341,-4.02605905107,
    16.065625167419));
#3080 = CARTESIAN_POINT('',(-0.623535781842,-6.330855433978,
    16.192968758838));
#3081 = CARTESIAN_POINT('',(3.544407416017,-4.809960646553,
    16.32031234986));
#3082 = CARTESIAN_POINT('',(5.140655785019,-1.428806934831,
    16.447656444711));
#3083 = CARTESIAN_POINT('',(4.352914925789,1.652965120756,
    16.574999901754));
#3084 = CARTESIAN_POINT('',(2.270974668624,3.258604255372,16.70234378821
    ));
#3085 = CARTESIAN_POINT('',(-2.008306869741,3.426737628281,
    16.957031229243));
#3086 = CARTESIAN_POINT('',(-4.209806050475,1.989395503958,
    17.08437511576));
#3087 = CARTESIAN_POINT('',(-5.236912420175,-1.021071387483,
    17.211718572681));
#3088 = CARTESIAN_POINT('',(-3.910864892294,-4.5170420033,
    17.339062667589));
#3089 = CARTESIAN_POINT('',(0.12489855454,-6.360261610067,
    17.466406258806));
#3090 = CARTESIAN_POINT('',(4.08518945981,-4.360019774157,
    17.593749849741));
#3091 = CARTESIAN_POINT('',(5.272961356705,-0.814683795754,
    17.721093944869));
#3092 = CARTESIAN_POINT('',(4.128457290241,2.153137813536,
    17.848437401657));
#3093 = CARTESIAN_POINT('',(1.872225446432,3.50294155197,17.975781288236
    ));
#3094 = CARTESIAN_POINT('',(-2.397156026824,3.166933886128,
    18.230468729224));
#3095 = CARTESIAN_POINT('',(-4.414453968671,1.480796276444,
    18.357812615813));
#3096 = CARTESIAN_POINT('',(-5.080598462819,-1.629526843842,
    18.485156072583));
#3097 = CARTESIAN_POINT('',(-3.352835202654,-4.945404813407,
    18.612500167714));
#3098 = CARTESIAN_POINT('',(0.871601411608,-6.301494931941,
    18.739843758694));
#3099 = CARTESIAN_POINT('',(4.569338170359,-3.849635572159,
    18.867187349812));
#3100 = CARTESIAN_POINT('',(5.332167411183,-0.189266625205,
    18.994531444836));
#3101 = CARTESIAN_POINT('',(3.846766495854,2.623461371516,
    19.121874901671));
#3102 = CARTESIAN_POINT('',(1.447521401696,3.698717268242,
    19.249218788229));
#3103 = CARTESIAN_POINT('',(-2.752773203537,2.863226666892,
    19.50390622924));
#3104 = CARTESIAN_POINT('',(-4.557903931464,0.951668642595,
    19.631250115744));
#3105 = CARTESIAN_POINT('',(-4.853851731556,-2.215392029147,
    19.758593572716));
#3106 = CARTESIAN_POINT('',(-2.748324870015,-5.305209050982,
    19.885937667564));
#3107 = CARTESIAN_POINT('',(1.606221183352,-6.155370086981,
    20.013281258786));
#3108 = CARTESIAN_POINT('',(4.990141752405,-3.285883540831,
    20.140624849803));
#3109 = CARTESIAN_POINT('',(5.317453169831,0.438774364848,
    20.267968944805));
#3110 = CARTESIAN_POINT('',(3.511747646354,3.05741565866,20.395312401691
    ));
#3111 = CARTESIAN_POINT('',(1.002750243149,3.843217348604,
    20.522656288228));
#3112 = CARTESIAN_POINT('',(-3.070228448339,2.519826289859,
    20.777343729227));
#3113 = CARTESIAN_POINT('',(-4.638167279669,0.409347944509,
    20.904687615814));
#3114 = CARTESIAN_POINT('',(-4.559815635886,-2.770545044192,
    21.032031072579));
#3115 = CARTESIAN_POINT('',(-2.105714273037,-5.591466718578,
    21.159375167715));
#3116 = CARTESIAN_POINT('',(2.318573772451,-5.923912816688,
    21.286718758703));
#3117 = CARTESIAN_POINT('',(5.341766569837,-2.676579023104,
    21.41406234979));
#3118 = CARTESIAN_POINT('',(5.229022617341,1.060732588168,
    21.541406444864));
#3119 = CARTESIAN_POINT('',(3.128045136932,3.44898472927,21.668749901646
    ));
#3120 = CARTESIAN_POINT('',(0.544077871651,3.934438576012,
    21.796093788245));
#3121 = CARTESIAN_POINT('',(-3.345120851841,2.141493344032,
    22.050781229206));
#3122 = CARTESIAN_POINT('',(-4.654131315583,-0.13864757936,
    22.178125115888));
#3123 = CARTESIAN_POINT('',(-4.20256642349,-3.287289754791,
    22.305468572447));
#3124 = CARTESIAN_POINT('',(-1.433911977814,-5.800209401665,
    22.432812667849));
#3125 = CARTESIAN_POINT('',(2.998783773726,-5.610331833035,
    22.560156258642));
#3126 = CARTESIAN_POINT('',(5.619338017456,-2.030168859954,
    22.687499849767));
#3127 = CARTESIAN_POINT('',(5.068101674127,1.6679857843,22.814843944914)
  );
#3128 = CARTESIAN_POINT('',(2.700978268484,3.792740227662,
    22.942187401622));
#3129 = CARTESIAN_POINT('',(7.786290178348E-02,3.971116342711,
    23.06953128824));
#3130 = CARTESIAN_POINT('',(-3.573639557008,1.733472691649,
    23.324218729238));
#3131 = CARTESIAN_POINT('',(-4.60557472835,-0.684721020055,
    23.451562615738));
#3132 = CARTESIAN_POINT('',(-3.787056671006,-3.758462484218,
    23.578906072734));
#3133 = CARTESIAN_POINT('',(-0.742231237431,-5.928543282809,
    23.706250167544));
#3134 = CARTESIAN_POINT('',(3.637421377517,-5.218974335995,
    23.833593758796));
#3135 = CARTESIAN_POINT('',(5.819008098188,-1.355614291114,
    23.960937349803));
#3136 = CARTESIAN_POINT('',(4.836921201221,2.252115549811,
    24.088281444805));
#3137 = CARTESIAN_POINT('',(2.236467505725,4.083916641822,
    24.215624901684));
#3138 = CARTESIAN_POINT('',(-0.389431488197,3.952742181676,
    24.34296878824));
#3139 = CARTESIAN_POINT('',(-3.752616589313,1.301420758063,
    24.597656229196));
#3140 = CARTESIAN_POINT('',(-4.493170662259,-1.221302114068,
    24.725000115945));
#3141 = CARTESIAN_POINT('',(-3.319046625755,-4.177531325129,
    24.852343572347));
#3142 = CARTESIAN_POINT('',(-4.026088148148E-02,-5.974689257495,
    24.979687667923));
#3143 = CARTESIAN_POINT('',(4.225633095367,-4.75526574876,
    25.107031258674));
#3144 = CARTESIAN_POINT('',(5.938008769052,-0.662266724645,
    25.234374849634));
#3145 = CARTESIAN_POINT('',(4.538686073008,2.805024043725,
    25.361718945063));
#3146 = CARTESIAN_POINT('',(1.74095240152,4.318477367876,25.48906240153)
  );
#3147 = CARTESIAN_POINT('',(-0.851327155946,3.879570815505,
    25.616406288272));
#3148 = CARTESIAN_POINT('',(-3.879570774795,0.851327116494,
    25.871093729198));
#3149 = CARTESIAN_POINT('',(-4.318477384383,-1.740952191907,
    25.998437615884));
#3150 = CARTESIAN_POINT('',(-2.805024351481,-4.538686689267,
    26.125781072471));
#3151 = CARTESIAN_POINT('',(0.662267614496,-5.938007601069,
    26.253125167812));
#3152 = CARTESIAN_POINT('',(4.755264498076,-4.225634502818,
    26.380468758675));
#3153 = CARTESIAN_POINT('',(5.974690312786,4.02619024587E-02,
    26.507812349748));
#3154 = CARTESIAN_POINT('',(4.177530749323,3.319046247684,
    26.635156444925));
#3155 = CARTESIAN_POINT('',(1.221302324157,4.493170670516,
    26.762499901611));
#3156 = CARTESIAN_POINT('',(-1.301420802015,3.752616625096,
    26.889843788251));
#3157 = CARTESIAN_POINT('',(-3.952742136637,0.389431453825,
    27.144531229211));
#3158 = CARTESIAN_POINT('',(-4.083916682758,-2.23646729961,
    27.271875115855));
#3159 = CARTESIAN_POINT('',(-2.252115783119,-4.836921849155,
    27.399218572508));
#3160 = CARTESIAN_POINT('',(1.355615037518,-5.819006833998,
    27.526562667795));
#3161 = CARTESIAN_POINT('',(5.218973259629,-3.637422922002,
    27.653906258644));
#3162 = CARTESIAN_POINT('',(5.928544210411,0.742232375313,27.78124984982
    ));
#3163 = CARTESIAN_POINT('',(3.75846195717,3.787056227822,27.908593944847
    ));
#3164 = CARTESIAN_POINT('',(0.684721227545,4.605574761307,
    28.035937401665));
#3165 = CARTESIAN_POINT('',(-1.733472739461,3.573639587352,
    28.163281288225));
#3166 = CARTESIAN_POINT('',(-3.971116293969,-7.786293060515E-02,
    28.417968729256));
#3167 = CARTESIAN_POINT('',(-3.792740292489,-2.700978068665,
    28.545312615674));
#3168 = CARTESIAN_POINT('',(-1.667985939912,-5.06810234489,
    28.672656072834));
#3169 = CARTESIAN_POINT('',(2.030169452682,-5.619336674422,
    28.800000167478));
#3170 = CARTESIAN_POINT('',(5.610330945589,-2.998785433918,
    28.927343758751));
#3171 = CARTESIAN_POINT('',(5.800210189143,1.433913216784,
    29.054687349952));
#3172 = CARTESIAN_POINT('',(3.287289283462,4.202565921445,29.18203144464
    ));
#3173 = CARTESIAN_POINT('',(0.138647781549,4.654131372699,
    29.309374901792));
#3174 = CARTESIAN_POINT('',(-2.14149339508,3.345120876354,
    29.436718788195));
#3175 = CARTESIAN_POINT('',(-3.934438524222,-0.544077894542,
    29.691406229264));
#3176 = CARTESIAN_POINT('',(-3.448984817123,-3.128044946127,
    29.818750115686));
#3177 = CARTESIAN_POINT('',(-1.060732663869,-5.229023301721,
    29.946093572795));
#3178 = CARTESIAN_POINT('',(2.676579453841,-5.341765166487,
    30.073437667524));
#3179 = CARTESIAN_POINT('',(5.923912130608,-2.318575525395,
    30.200781258731));
#3180 = CARTESIAN_POINT('',(5.59146735486,2.105715595941,30.328124849937
    ));
#3181 = CARTESIAN_POINT('',(2.770544635233,4.559815081937,
    30.455468944668));
#3182 = CARTESIAN_POINT('',(-0.409347750484,4.638167360152,
    30.582812401774));
#3183 = CARTESIAN_POINT('',(-2.519826343422,3.070228466679,
    30.710156288199));
#3184 = CARTESIAN_POINT('',(-3.843217294495,-1.002750259792,
    30.964843729263));
#3185 = CARTESIAN_POINT('',(-3.057415768295,-3.511747467213,
    31.09218761568));
#3186 = CARTESIAN_POINT('',(-0.438774359642,-5.317453858331,
    31.219531072816));
#3187 = CARTESIAN_POINT('',(3.285883803685,-4.990140308203,
    31.346875167484));
#3188 = CARTESIAN_POINT('',(6.155369611689,-1.606223004742,
    31.474218758783));
#3189 = CARTESIAN_POINT('',(5.305209527323,2.748326258512,
    31.601562349889));
#3190 = CARTESIAN_POINT('',(2.215391688182,4.853851133383,
    31.728906444698));
#3191 = CARTESIAN_POINT('',(-0.951668459405,4.557904034197,
    31.856249901764));
#3192 = CARTESIAN_POINT('',(-2.863226722231,2.752773215454,
    31.983593788198));
#3193 = CARTESIAN_POINT('',(-3.698717212555,-1.447521411862,
    32.238281229271));
#3194 = CARTESIAN_POINT('',(-2.623461501445,-3.84676633084,
    32.365625115642));
#3195 = CARTESIAN_POINT('',(0.189266711293,-5.332168094306,
    32.492968572892));
#3196 = CARTESIAN_POINT('',(3.849635663466,-4.569336705248,
    32.620312667393));
#3197 = CARTESIAN_POINT('',(6.301494673974,-0.871603276277,
    32.747656258851));
#3198 = CARTESIAN_POINT('',(4.945405123317,3.352836637558,
    32.874999849856));
#3199 = CARTESIAN_POINT('',(1.62952657548,5.080597828688,33.002343944714
    ));
#3200 = CARTESIAN_POINT('',(-1.480796106554,4.414454092234,
    33.129687401745));
#3201 = CARTESIAN_POINT('',(-3.166933942507,2.397156032154,
    33.25703128822));
#3202 = CARTESIAN_POINT('',(-3.502941495433,-1.872225449987,
    33.511718729217));
#3203 = CARTESIAN_POINT('',(-2.153137962118,-4.128457141599,
    33.639062615876));
#3204 = CARTESIAN_POINT('',(0.814683961819,-5.272962025097,
    33.766406072455));
#3205 = CARTESIAN_POINT('',(4.360019692347,-4.085187993918,
    33.893750167849));
#3206 = CARTESIAN_POINT('',(6.360261573173,-0.124900436826,
    34.021093758639));
#3207 = CARTESIAN_POINT('',(4.517042142478,3.910866353836,
    34.148437349766));
#3208 = CARTESIAN_POINT('',(1.021071195379,5.236911758827,
    34.275781444924));
#3209 = CARTESIAN_POINT('',(-1.989395349684,4.209806193165,
    34.403124901605));
#3210 = CARTESIAN_POINT('',(-3.426737684912,2.008306868408,
    34.530468788256));
#3211 = CARTESIAN_POINT('',(-3.258604198815,-2.270974665512,
    34.785156229201));
#3212 = CARTESIAN_POINT('',(-1.652965285727,-4.352914795646,
    34.912500115899));
#3213 = CARTESIAN_POINT('',(1.428807178211,-5.140656429221,
    35.039843572423));
#3214 = CARTESIAN_POINT('',(4.809960393082,-3.544405969999,
    35.167187667894));
#3215 = CARTESIAN_POINT('',(6.330855618613,0.623533908412,
    35.294531258578));
#3216 = CARTESIAN_POINT('',(4.026059017364,4.41467939297,35.421874849832
    ));
#3217 = CARTESIAN_POINT('',(0.398460617617,5.320625930492,
    35.549218944868));
#3218 = CARTESIAN_POINT('',(-2.470415433952,3.946797388399,
    35.676562401642));
#3219 = CARTESIAN_POINT('',(-3.639036267742,1.591616373649,
    35.803906288237));
#3220 = CARTESIAN_POINT('',(-2.969092591692,-2.63824116374,
    36.058593729236));
#3221 = CARTESIAN_POINT('',(-1.12987740916,-4.517027617146,
    36.185937615753));
#3222 = CARTESIAN_POINT('',(2.023122717478,-4.937085470666,
    36.313281072697));
#3223 = CARTESIAN_POINT('',(5.193220199024,-2.954487541063,
    36.440625167598));
#3224 = CARTESIAN_POINT('',(6.21368446745,1.363324149508,36.567968758739
    ));
#3225 = CARTESIAN_POINT('',(3.479262289505,4.857291351522,
    36.695312349853));
#3226 = CARTESIAN_POINT('',(-0.229673853945,5.330579806883,
    36.822656444763));
#3227 = CARTESIAN_POINT('',(-2.917187936416,3.629073791638,
    36.949999901719));
#3228 = CARTESIAN_POINT('',(-3.800886577502,1.152861164083,
    37.077343788214));
#3229 = CARTESIAN_POINT('',(-2.638420198348,-2.968933497592,
    37.332031229254));
#3230 = CARTESIAN_POINT('',(-0.591125944865,-4.618520495896,
    37.459375115702));
#3231 = CARTESIAN_POINT('',(2.589391532474,-4.665071271261,
    37.586718572784));
#3232 = CARTESIAN_POINT('',(5.504485946117,-2.323610796887,
    37.714062667506));
#3233 = CARTESIAN_POINT('',(6.010372473656,2.084214510431,
    37.841406258792));
#3234 = CARTESIAN_POINT('',(2.88423224901,5.232566261995,37.968749849849
    ));
#3235 = CARTESIAN_POINT('',(-0.854624337157,5.266635396454,
    38.096093944746));
#3236 = CARTESIAN_POINT('',(-3.323519211328,3.261040032492,
    38.223437401728));
#3237 = CARTESIAN_POINT('',(-3.910044869438,0.698123740946,
    38.350781288217));
#3238 = CARTESIAN_POINT('',(-2.271171158631,-3.258467250765,
    38.605468729236));
#3239 = CARTESIAN_POINT('',(-4.417965078583E-02,-4.655986427415,
    38.732812615784));
#3240 = CARTESIAN_POINT('',(3.119763389876,-4.328384787204,
    38.860156072623));
#3241 = CARTESIAN_POINT('',(5.739442530509,-1.660521636153,
    38.987500167689));
#3242 = CARTESIAN_POINT('',(5.7237381689,2.77621122608,39.114843758679)
  );
#3243 = CARTESIAN_POINT('',(2.249217848564,5.535301656002,
    39.242187349857));
#3244 = CARTESIAN_POINT('',(-1.467727089671,5.12967916605,
    39.369531444797));
#3245 = CARTESIAN_POINT('',(-3.683776253246,2.847798194663,
    39.496874901682));
#3246 = CARTESIAN_POINT('',(-3.964997872746,0.23370816828,
    39.624218788238));
#3247 = CARTESIAN_POINT('',(-1.872436677604,-3.502828591912,
    39.878906229206));
#3248 = CARTESIAN_POINT('',(0.503379109557,-4.628906018274,
    40.006250115896));
#3249 = CARTESIAN_POINT('',(3.606885698885,-3.931693532194,
    40.133593572445));
#3250 = CARTESIAN_POINT('',(5.894832728949,-0.974412521007,
    40.260937667808));
#3251 = CARTESIAN_POINT('',(5.357755189124,3.429721086428,
    40.388281258753));
#3252 = CARTESIAN_POINT('',(1.583022347534,5.761300686716,
    40.515624849618));
#3253 = CARTESIAN_POINT('',(-2.060482615268,4.921609751676,
    40.642968945035));
#3254 = CARTESIAN_POINT('',(-3.992964787794,2.395077085321,
    40.770312401565));
#3255 = CARTESIAN_POINT('',(-3.96498376919,-0.23394732084,
    40.897656288248));
#3256 = CARTESIAN_POINT('',(-1.447744445762,-3.698629918754,
    41.152343729245));
#3257 = CARTESIAN_POINT('',(1.043959482192,-4.537654686423,
    41.279687615689));
#3258 = CARTESIAN_POINT('',(4.044005440509,-3.480496871324,
    41.40703107282));
#3259 = CARTESIAN_POINT('',(5.968502354205,-0.274795041315,
    41.534375167484));
#3260 = CARTESIAN_POINT('',(4.917497187769,4.03568442846,41.661718758758
    ));
#3261 = CARTESIAN_POINT('',(0.894881271224,5.907430309533,
    41.789062349933));
#3262 = CARTESIAN_POINT('',(-2.624673492677,4.645311637984,
    41.916406444664));
#3263 = CARTESIAN_POINT('',(-4.246798507918,1.909152815992,
    42.04374990177));
#3264 = CARTESIAN_POINT('',(-3.910002754263,-0.69835957809,
    42.17109378821));
#3265 = CARTESIAN_POINT('',(-1.002982008003,-3.843156820597,
    42.425781229233));
#3266 = CARTESIAN_POINT('',(1.570067354435,-4.383497457103,
    42.553125115812));
#3267 = CARTESIAN_POINT('',(4.425062787005,-2.98104978258,
    42.680468572567));
#3268 = CARTESIAN_POINT('',(5.959430117014,0.428631945745,
    42.807812667741));
#3269 = CARTESIAN_POINT('',(4.40906749978,4.585700729508,42.935156258673
    ));
#3270 = CARTESIAN_POINT('',(0.194334378921,5.971664717864,
    43.062499849819));
#3271 = CARTESIAN_POINT('',(-3.152478295753,4.304615168764,
    43.189843944839));
#3272 = CARTESIAN_POINT('',(-4.44175849455,1.396761796986,
    43.317187401667));
#3273 = CARTESIAN_POINT('',(-3.800817034578,-1.153090416413,
    43.44453128823));
#3274 = CARTESIAN_POINT('',(-0.544315144329,-3.934405708588,
    43.69921872924));
#3275 = CARTESIAN_POINT('',(2.074409247896,-4.168571425081,
    43.82656261574));
#3276 = CARTESIAN_POINT('',(4.74477510686,-2.440276144193,
    43.953906072731));
#3277 = CARTESIAN_POINT('',(5.867741787393,1.12611677133,44.081250167529
    ));
#3278 = CARTESIAN_POINT('',(3.839514529242,5.072145066593,
    44.208593758844));
#3279 = CARTESIAN_POINT('',(-0.508906587567,5.953113423979,
    44.335937349737));
#3280 = CARTESIAN_POINT('',(-3.636580020753,3.904243448999,
    44.46328144486));
#3281 = CARTESIAN_POINT('',(-4.575142000834,0.865007348887,
    44.590624901658));
#3282 = CARTESIAN_POINT('',(-3.638940261123,-1.591835863024,
    44.717968788244));
#3283 = CARTESIAN_POINT('',(-7.81023929263E-02,-3.971111591498,
    44.972656229199));
#3284 = CARTESIAN_POINT('',(2.549993427223,-3.89585612865,
    45.100000115926));
#3285 = CARTESIAN_POINT('',(4.998710201247,-1.865672747312,
    45.227343572373));
#3286 = CARTESIAN_POINT('',(5.694708447809,1.807990142962,
    45.354687667924));
#3287 = CARTESIAN_POINT('',(3.216734038567,5.488273820024,
    45.482031258613));
#3288 = CARTESIAN_POINT('',(-1.20509253836,5.85203360626,45.609374849744
    ));
#3289 = CARTESIAN_POINT('',(-4.070267523844,3.44974686609,
    45.736718944951));
#3290 = CARTESIAN_POINT('',(-4.64509991967,0.321261229478,
    45.864062401605));
#3291 = CARTESIAN_POINT('',(-3.426616545544,-2.008513552011,
    45.991406288236));
#3292 = CARTESIAN_POINT('',(0.38919309863,-3.952765612604,46.24609372926
    ));
#3293 = CARTESIAN_POINT('',(2.990226828381,-3.569132243061,
    46.373437615633));
#3294 = CARTESIAN_POINT('',(5.183347745245,-1.265205368928,
    46.500781072929));
#3295 = CARTESIAN_POINT('',(5.442728875441,2.464799191908,
    46.628125167345));
#3296 = CARTESIAN_POINT('',(2.549359686442,5.828318161031,
    46.755468758876));
#3297 = CARTESIAN_POINT('',(-1.884572187326,5.669826542523,
    46.88281234987));
#3298 = CARTESIAN_POINT('',(-4.447528557827,2.947426145744,
    47.01015644468));
#3299 = CARTESIAN_POINT('',(-4.65066241848,-0.22693856219,
    47.137499901774));
#3300 = CARTESIAN_POINT('',(-3.166789349786,-2.397347044694,
    47.264843788206));
#3301 = CARTESIAN_POINT('',(0.851093172782,-3.879622103682,
    47.519531229242));
#3302 = CARTESIAN_POINT('',(3.389006457393,-3.192929170147,
    47.646875115782));
#3303 = CARTESIAN_POINT('',(5.296128093666,-0.647198339202,
    47.774218572606));
#3304 = CARTESIAN_POINT('',(5.115296283505,3.087438517134,47.90156266775
    ));
#3305 = CARTESIAN_POINT('',(1.846643342002,6.087564025634,48.02890625857
    ));
#3306 = CARTESIAN_POINT('',(-2.537925850028,5.409018185578,
    48.156249849985));
#3307 = CARTESIAN_POINT('',(-4.76313312053,2.404245002681,
    48.283593944693));
#3308 = CARTESIAN_POINT('',(-4.591752383752,-0.771992284862,
    48.410937401741));
#3309 = CARTESIAN_POINT('',(-2.86306068066,-2.75294590894,
    48.538281288215));
#3310 = CARTESIAN_POINT('',(1.301194469007,-3.752695059546,
    48.792968729241));
#3311 = CARTESIAN_POINT('',(3.74080399818,-2.772462245191,
    48.920312615766));
#3312 = CARTESIAN_POINT('',(5.335487762238,-2.021914334628E-02,
    49.047656072663));
#3313 = CARTESIAN_POINT('',(4.716949899014,3.667276416604,
    49.175000167628));
#3314 = CARTESIAN_POINT('',(1.118326821762,6.2624174659,49.302343758749)
  );
#3315 = CARTESIAN_POINT('',(-3.156096028098,5.073224143955,
    49.429687349798));
#3316 = CARTESIAN_POINT('',(-5.012705958734,1.827733604131,
    49.557031444833));
#3317 = CARTESIAN_POINT('',(-4.469186490432,-1.306343812016,
    49.684374901666));
#3318 = CARTESIAN_POINT('',(-2.519641154834,-3.070380447059,
    49.811718788242));
#3319 = CARTESIAN_POINT('',(1.733257194293,-3.573744080705,
    50.066406229202));
#3320 = CARTESIAN_POINT('',(4.04074245106,-2.313560437552,
    50.193750115913));
#3321 = CARTESIAN_POINT('',(5.300881104721,0.607040352427,
    50.321093572401));
#3322 = CARTESIAN_POINT('',(4.253212031851,4.196274547184,
    50.448437667888));
#3323 = CARTESIAN_POINT('',(0.374506840651,6.350454473832,50.57578125865
    ));
#3324 = CARTESIAN_POINT('',(-3.73051297531,4.667099559254,
    50.703124849709));
#3325 = CARTESIAN_POINT('',(-5.192787222652,1.225884177239,
    50.830468944984));
#3326 = CARTESIAN_POINT('',(-4.284663880052,-1.822585382416,
    50.957812401574));
#3327 = CARTESIAN_POINT('',(-2.14129162676,-3.345250036708,
    51.085156288261));
#3328 = CARTESIAN_POINT('',(2.14129162587,-3.345249980035,
    51.339843729203));
#3329 = CARTESIAN_POINT('',(4.284663743511,-1.822585542272,
    51.467187615875));
#3330 = CARTESIAN_POINT('',(5.192787876002,1.225884395325,
    51.594531072486));
#3331 = CARTESIAN_POINT('',(3.730511520267,4.667099362641,
    51.721875167795));
#3332 = CARTESIAN_POINT('',(-0.374504961159,6.350454584662,
    51.849218758688));
#3333 = CARTESIAN_POINT('',(-4.253213499906,4.196274571424,
    51.976562349746));
#3334 = CARTESIAN_POINT('',(-5.300880430282,0.60704021265,
    52.103906444913));
#3335 = CARTESIAN_POINT('',(-4.040742605433,-2.313560294869,
    52.23124990163));
#3336 = CARTESIAN_POINT('',(-1.73325718852,-3.573744137069,
    52.358593788234));
#3337 = CARTESIAN_POINT('',(2.519641147294,-3.070380390934,
    52.61328122925));
#3338 = CARTESIAN_POINT('',(4.469186373644,-1.306343986602,
    52.740625115687));
#3339 = CARTESIAN_POINT('',(5.012706581811,1.827733897131,
    52.867968572818));
#3340 = CARTESIAN_POINT('',(3.156094606519,5.073223778007,
    52.995312667481));
#3341 = CARTESIAN_POINT('',(-1.118324968716,6.262417796835,
    53.122656258774));
#3342 = CARTESIAN_POINT('',(-4.71695135937,3.667276267864,
    53.249999849908));
#3343 = CARTESIAN_POINT('',(-5.335487076278,-2.021920255374E-02,
    53.377343944686));
#3344 = CARTESIAN_POINT('',(-3.740804168167,-2.772462121836,
    53.50468740176));
#3345 = CARTESIAN_POINT('',(-1.30119445666,-3.752695114797,
    53.632031288212));
#3346 = CARTESIAN_POINT('',(2.863060666577,-2.752945854096,
    53.886718729233));
#3347 = CARTESIAN_POINT('',(4.591752288286,-0.771992472006,
    54.014062615804));
#3348 = CARTESIAN_POINT('',(4.7631337049,2.404245366969,54.141406072599)
  );
#3349 = CARTESIAN_POINT('',(2.537924481179,5.409017655022,
    54.268750167667));
#3350 = CARTESIAN_POINT('',(-1.846641540483,6.087564572018,
    54.396093758785));
#3351 = CARTESIAN_POINT('',(-5.115297716472,3.087438197945,
    54.523437349698));
#3352 = CARTESIAN_POINT('',(-5.296127405358,-0.647198317546,
    54.650781444931));
#3353 = CARTESIAN_POINT('',(-3.389006640756,-3.192929067529,
    54.778124901618));
#3354 = CARTESIAN_POINT('',(-0.85109315402,-3.879622157121,
    54.905468788247));
#3355 = CARTESIAN_POINT('',(3.166789329355,-2.397346991883,
    55.160156229216));
#3356 = CARTESIAN_POINT('',(4.650662345671,-0.226938759236,
    55.287500115836));
#3357 = CARTESIAN_POINT('',(4.447529095292,2.94742657616,55.414843572541
    ));
#3358 = CARTESIAN_POINT('',(1.884570890452,5.669825854741,
    55.542187667765));
#3359 = CARTESIAN_POINT('',(-2.549357961856,5.828318915491,
    55.669531258654));
#3360 = CARTESIAN_POINT('',(-5.442730260713,2.464798706306,
    55.796874849827));
#3361 = CARTESIAN_POINT('',(-5.183347064425,-1.265205266339,
    55.924218944841));
#3362 = CARTESIAN_POINT('',(-2.990227022467,-3.5691321628,
    56.051562401658));
#3363 = CARTESIAN_POINT('',(-0.389193073721,-3.952765663454,
    56.178906288239));
#3364 = CARTESIAN_POINT('',(3.426616519033,-2.008513501946,
    56.433593729218));
#3365 = CARTESIAN_POINT('',(4.645099870575,0.321261025101,
    56.560937615837));
#3366 = CARTESIAN_POINT('',(4.070268006977,3.449747356968,56.68828107254
    ));
#3367 = CARTESIAN_POINT('',(1.20509133117,5.852032770544,56.815625167754
    ));
#3368 = CARTESIAN_POINT('',(-3.216732414245,5.488274772027,
    56.942968758684));
#3369 = CARTESIAN_POINT('',(-5.694709766865,1.807989498077,
    57.070312349787));
#3370 = CARTESIAN_POINT('',(-4.998709536849,-1.86567256566,
    57.197656444874));
#3371 = CARTESIAN_POINT('',(-2.549993629559,-3.895856071601,
    57.324999901642));
#3372 = CARTESIAN_POINT('',(7.810242366629E-02,-3.971111639106,
    57.452343788242));
#3373 = CARTESIAN_POINT('',(3.63894022891,-1.591835816417,
    57.707031229218));
#3374 = CARTESIAN_POINT('',(4.575141976078,0.865007140202,
    57.834375115833));
#3375 = CARTESIAN_POINT('',(3.63658044285,3.904243993151,57.961718572543
    ));
#3376 = CARTESIAN_POINT('',(0.508905487071,5.953112452272,
    58.089062667771));
#3377 = CARTESIAN_POINT('',(-3.839513028338,5.072146202911,
    58.216406258634));
#3378 = CARTESIAN_POINT('',(-5.867743021162,1.126115975755,
    58.343749849859));
#3379 = CARTESIAN_POINT('',(-4.744774468697,-2.440275885551,
    58.471093944808));
#3380 = CARTESIAN_POINT('',(-2.074409455397,-4.168571392313,
    58.598437401684));
#3381 = CARTESIAN_POINT('',(0.544315180421,-3.93440575222,
    58.725781288223));
#3382 = CARTESIAN_POINT('',(3.80081699713,-1.153090373942,
    58.980468729251));
#3383 = CARTESIAN_POINT('',(4.441758494454,1.396761586923,
    59.107812615703));
#3384 = CARTESIAN_POINT('',(3.152478651024,4.304615758587,
    59.235156072786));
#3385 = CARTESIAN_POINT('',(-0.194335357645,5.971663623772,
    59.362500167505));
#3386 = CARTESIAN_POINT('',(-4.409066142773,4.585702034151,
    59.489843758791));
#3387 = CARTESIAN_POINT('',(-5.959431248771,0.428631010802,
    59.617187349854));
#3388 = CARTESIAN_POINT('',(-4.425062183641,-2.981049450774,
    59.74453144474));
#3389 = CARTESIAN_POINT('',(-1.570067564355,-4.383497448943,
    59.871874901735));
#3390 = CARTESIAN_POINT('',(1.002982048969,-3.843156859681,
    59.999218788212));
#3391 = CARTESIAN_POINT('',(3.910002712097,-0.698359540325,
    60.253906229249));
#3392 = CARTESIAN_POINT('',(4.246798532457,1.909152607424,
    60.381250115728));
#3393 = CARTESIAN_POINT('',(2.624673776249,4.645312265379,
    60.508593572739));
#3394 = CARTESIAN_POINT('',(-0.894882114625,5.907429108089,
    60.635937667533));
#3395 = CARTESIAN_POINT('',(-4.917495993543,4.035685883517,
    60.763281258823));
#3396 = CARTESIAN_POINT('',(-5.968503368129,-0.274796102828,
    60.890624849764));
#3397 = CARTESIAN_POINT('',(-4.044004880413,-3.480496470849,
    61.017968944839));
#3398 = CARTESIAN_POINT('',(-1.043959691588,-4.537654703017,
    61.145312401667));
#3399 = CARTESIAN_POINT('',(1.447744491052,-3.698629952759,
    61.272656288243));
#3400 = CARTESIAN_POINT('',(3.964983722821,-0.233947288253,
    61.527343729196));
#3401 = CARTESIAN_POINT('',(3.992964836905,2.395076880868,
    61.654687615948));
#3402 = CARTESIAN_POINT('',(2.060482822758,4.921610408518,
    61.782031072318));
#3403 = CARTESIAN_POINT('',(-1.583023043587,5.761299393874,
    61.909375168017));
#3404 = CARTESIAN_POINT('',(-5.357754174165,3.429722672218,
    62.036718758499));
#3405 = CARTESIAN_POINT('',(-5.894833611401,-0.974413694496,
    62.164062349846));
#3406 = CARTESIAN_POINT('',(-3.606885189394,-3.931693068708,
    62.291406444885));
#3407 = CARTESIAN_POINT('',(-0.503379315726,-4.628906059297,
    62.418749901633));
#3408 = CARTESIAN_POINT('',(1.872436726596,-3.502828620371,
    62.546093788231));
#3409 = CARTESIAN_POINT('',(3.964997822913,0.233708195166,
    62.800781229259));
#3410 = CARTESIAN_POINT('',(3.683776325819,2.847797997575,62.92812511564
    ));
#3411 = CARTESIAN_POINT('',(1.46772721893,5.129679842316,63.05546857293)
  );
#3412 = CARTESIAN_POINT('',(-2.249218388211,5.535300290865,
    63.182812667303));
#3413 = CARTESIAN_POINT('',(-5.723737347278,2.776212919712,
    63.310156258984));
#3414 = CARTESIAN_POINT('',(-5.739443268705,-1.660522905018,
    63.437499849721));
#3415 = CARTESIAN_POINT('',(-3.119762938672,-4.32838426706,
    63.564843944813));
#3416 = CARTESIAN_POINT('',(4.417945102085E-02,-4.655986492424,
    63.692187401695));
#3417 = CARTESIAN_POINT('',(2.271171210606,-3.258467273259,
    63.819531288237));
#3418 = CARTESIAN_POINT('',(3.910044816764,0.698123761803,
    64.074218729193));
#3419 = CARTESIAN_POINT('',(3.323519306712,3.261039845187,
    64.201562615968));
#3420 = CARTESIAN_POINT('',(0.854624385749,5.266636083502,
    64.328906072289));
#3421 = CARTESIAN_POINT('',(-2.884232624164,5.2325648425,64.456250168022
    ));
#3422 = CARTESIAN_POINT('',(-6.010371856941,2.084216289245,
    64.583593758552));
#3423 = CARTESIAN_POINT('',(-5.504486530094,-2.323612143912,
    64.710937349744));
#3424 = CARTESIAN_POINT('',(-2.589391145428,-4.665070701642,
    64.838281444987));
#3425 = CARTESIAN_POINT('',(0.591125754061,-4.618520583927,
    64.965624901568));
#3426 = CARTESIAN_POINT('',(2.638420252614,-2.968933513825,
    65.092968788258));
#3427 = CARTESIAN_POINT('',(3.80088652276,1.152861178598,65.34765622922)
  );
#3428 = CARTESIAN_POINT('',(2.917188053061,3.629073616905,
    65.475000115798));
#3429 = CARTESIAN_POINT('',(0.229673821613,5.33058049472,65.602343572626
    ));
#3430 = CARTESIAN_POINT('',(-3.479262495374,4.857289898016,
    65.72968766766));
#3431 = CARTESIAN_POINT('',(-6.21368406404,1.363325988234,
    65.857031258729));
#3432 = CARTESIAN_POINT('',(-5.193220620555,-2.954488947232,
    65.984374849808));
#3433 = CARTESIAN_POINT('',(-2.023122400169,-4.937084859563,
    66.111718944825));
#3434 = CARTESIAN_POINT('',(1.129877230083,-4.517027726986,
    66.239062401676));
#3435 = CARTESIAN_POINT('',(2.969092647482,-2.638241173479,
    66.366406288232));
#3436 = CARTESIAN_POINT('',(3.639036211661,1.59161638163,66.621093729226
    ));
#3437 = CARTESIAN_POINT('',(2.470415570396,3.946797228556,
    66.748437615809));
#3438 = CARTESIAN_POINT('',(-0.398460730682,5.320626609863,
    66.87578107259));
#3439 = CARTESIAN_POINT('',(-4.026059050902,4.414677925152,
    67.003125167705));
#3440 = CARTESIAN_POINT('',(-6.330855434038,0.623535782042,
    67.130468758703));
#3441 = CARTESIAN_POINT('',(-4.809960646617,-3.544407416156,
    67.257812349802));
#3442 = CARTESIAN_POINT('',(-1.428806934723,-5.140655784957,
    67.385156444849));
#3443 = CARTESIAN_POINT('',(1.652965120683,-4.352914925802,
    67.512499901655));
#3444 = CARTESIAN_POINT('',(3.258604255396,-2.270974668625,
    67.639843788242));
#3445 = CARTESIAN_POINT('',(3.426737628257,2.008306869743,67.89453122921
    ));
#3446 = CARTESIAN_POINT('',(1.989395504037,4.209806050458,
    68.021875115873));
#3447 = CARTESIAN_POINT('',(-1.021071387618,5.236912420222,
    68.149218572481));
#3448 = CARTESIAN_POINT('',(-4.517042003177,3.910864892217,
    68.27656266779));
#3449 = CARTESIAN_POINT('',(-6.360261610097,-0.124898554455,
    68.403906258724));
#3450 = CARTESIAN_POINT('',(-4.360019774225,-4.085189459874,
    68.531249849682));
#3451 = CARTESIAN_POINT('',(-0.81468379566,-5.272961356675,
    68.658593944978));
#3452 = CARTESIAN_POINT('',(2.15313781348,-4.128457290249,
    68.785937401588));
#3453 = CARTESIAN_POINT('',(3.502941551983,-1.872225446432,
    68.913281288252));
#3454 = CARTESIAN_POINT('',(3.166933886126,2.397156026825,
    69.167968729221));
#3455 = CARTESIAN_POINT('',(1.480796276435,4.414453968666,
    69.295312615803));
#3456 = CARTESIAN_POINT('',(-1.629526843819,5.080598462829,
    69.422656072608));
#3457 = CARTESIAN_POINT('',(-4.94540481343,3.352835202641,
    69.550000167689));
#3458 = CARTESIAN_POINT('',(-6.301494931934,-0.871601411596,
    69.677343758699));
#3459 = CARTESIAN_POINT('',(-3.849635572149,-4.569338170366,
    69.804687349826));
#3460 = CARTESIAN_POINT('',(-0.189266625216,-5.332167411176,
    69.932031444825));
#3461 = CARTESIAN_POINT('',(2.623461371514,-3.84676649586,
    70.059374901665));
#3462 = CARTESIAN_POINT('',(3.698717268252,-1.447521401693,
    70.186718788244));
#3463 = CARTESIAN_POINT('',(2.863226666862,2.752773203533,
    70.441406229197));
#3464 = CARTESIAN_POINT('',(0.951668642724,4.55790393146,70.568750115935
    ));
#3465 = CARTESIAN_POINT('',(-2.215392029386,4.853851731603,
    70.696093572362));
#3466 = CARTESIAN_POINT('',(-5.305209050742,2.748324869896,
    70.823437667925));
#3467 = CARTESIAN_POINT('',(-6.155370087073,-1.606221183182,
    70.950781258636));
#3468 = CARTESIAN_POINT('',(-3.285883540915,-4.990141752565,
    71.078124849701));
#3469 = CARTESIAN_POINT('',(0.438774364992,-5.317453169733,
    71.205468944994));
#3470 = CARTESIAN_POINT('',(3.057415658573,-3.51174764639,
    71.332812401576));
#3471 = CARTESIAN_POINT('',(3.843217348621,-1.002750243146,
    71.46015628825));
#3472 = CARTESIAN_POINT('',(2.519826289867,3.070228448342,
    71.714843729237));
#3473 = CARTESIAN_POINT('',(0.409347944446,4.63816727966,71.84218761573)
  );
#3474 = CARTESIAN_POINT('',(-2.770545044071,4.55981563587,
    71.969531072728));
#3475 = CARTESIAN_POINT('',(-5.591466718688,2.105714273125,
    72.096875167615));
#3476 = CARTESIAN_POINT('',(-5.923912816678,-2.318573772617,
    72.224218758625));
#3477 = CARTESIAN_POINT('',(-2.676579023002,-5.341766569649,
    72.351562350034));
#3478 = CARTESIAN_POINT('',(1.060732588031,-5.229022617478,
    72.478906444601));
#3479 = CARTESIAN_POINT('',(3.448984729364,-3.128045136869,
    72.606249901807));
#3480 = CARTESIAN_POINT('',(3.934438575975,-0.544077871668,
    72.733593788189));
#3481 = CARTESIAN_POINT('',(2.14149334408,3.34512085186,72.988281229276)
  );
#3482 = CARTESIAN_POINT('',(-0.138647579543,4.654131315546,
    73.115625115634));
#3483 = CARTESIAN_POINT('',(-3.287289754457,4.202566423496,
    73.242968572892));
#3484 = CARTESIAN_POINT('',(-5.800209402021,1.433911977918,
    73.37031266742));
#3485 = CARTESIAN_POINT('',(-5.61033183285,-2.998783773958,
    73.49765625879));
#3486 = CARTESIAN_POINT('',(-2.030168859916,-5.619338017187,
    73.624999849931));
#3487 = CARTESIAN_POINT('',(1.667985784168,-5.068101674315,
    73.75234394466));
#3488 = CARTESIAN_POINT('',(3.792740227748,-2.700978268411,
    73.879687401764));
#3489 = CARTESIAN_POINT('',(3.9711163427,-7.786290178818E-02,
    74.007031288225));
#3490 = CARTESIAN_POINT('',(1.73347269162,3.573639556991,74.261718729193
    ));
#3491 = CARTESIAN_POINT('',(-0.684721019879,4.605574728406,
    74.389062615982));
#3492 = CARTESIAN_POINT('',(-3.758462484571,3.787056670971,
    74.51640607229));
#3493 = CARTESIAN_POINT('',(-5.928543282427,0.742231237324,
    74.643750167928));
#3494 = CARTESIAN_POINT('',(-5.218974336176,-3.637421377211,
    74.771093758786));
#3495 = CARTESIAN_POINT('',(-1.355614291203,-5.819008098582,
    74.898437349436));
#3496 = CARTESIAN_POINT('',(2.252115550011,-4.836921200919,
    75.025781445241));
#3497 = CARTESIAN_POINT('',(4.083916641687,-2.236467505861,
    75.153124901439));
#3498 = CARTESIAN_POINT('',(3.952742181708,0.389431488219,75.28046878829
    ));
#3499 = CARTESIAN_POINT('',(1.301420758062,3.752616589315,
    75.535156229196));
#3500 = CARTESIAN_POINT('',(-1.221302114124,4.493170662232,
    75.662500115871));
#3501 = CARTESIAN_POINT('',(-4.177531325008,3.319046625765,
    75.789843572462));
#3502 = CARTESIAN_POINT('',(-5.97468925761,4.026088159185E-02,
    75.917187667938));
#3503 = CARTESIAN_POINT('',(-4.755265748759,-4.225633095655,
    76.044531258374));
#3504 = CARTESIAN_POINT('',(-0.662266724512,-5.938008768675,
    76.171874850145));
#3505 = CARTESIAN_POINT('',(2.805024043551,-4.538686073313,
    76.299218944591));
#3506 = CARTESIAN_POINT('',(4.318477367992,-1.740952401369,
    76.426562401791));
#3507 = CARTESIAN_POINT('',(3.879570815465,0.851327155907,
    76.553906288196));
#3508 = CARTESIAN_POINT('',(0.851327116535,3.87957077483,76.808593729273
    ));
#3509 = CARTESIAN_POINT('',(-1.74095219205,4.318477384291,
    76.935937615637));
#3510 = CARTESIAN_POINT('',(-4.538686688995,2.805024351592,
    77.063281072898));
#3511 = CARTESIAN_POINT('',(-5.938007601389,-0.662267614516,
    77.190625167397));
#3512 = CARTESIAN_POINT('',(-4.225634502598,-4.755264498224,
    77.317968758826));
#3513 = CARTESIAN_POINT('',(4.026190241103E-02,-5.974690312525,
    77.4453123499));
#3514 = CARTESIAN_POINT('',(3.319046247622,-4.177530749555,
    77.572656444667));
#3515 = CARTESIAN_POINT('',(4.493170670581,-1.221302324037,
    77.699999901781));
#3516 = CARTESIAN_POINT('',(3.752616625071,1.301420801983,
    77.827343788199));
#3517 = CARTESIAN_POINT('',(0.389431453848,3.952742136664,
    78.082031229257));
#3518 = CARTESIAN_POINT('',(-2.236467299694,4.083916682685,
    78.209375115712));
#3519 = CARTESIAN_POINT('',(-4.836921848998,2.252115783213,
    78.336718572736));
#3520 = CARTESIAN_POINT('',(-5.819006834178,-1.355615037542,
    78.464062667618));
#3521 = CARTESIAN_POINT('',(-3.637422921887,-5.218973259748,
    78.591406258622));
#3522 = CARTESIAN_POINT('',(0.7422323753,-5.928544210196,78.718749850025
    ));
#3523 = CARTESIAN_POINT('',(3.787056227779,-3.758461957352,
    78.846093944629));
#3524 = CARTESIAN_POINT('',(4.605574761339,-0.684721227467,
    78.973437401768));
#3525 = CARTESIAN_POINT('',(3.573639587351,1.733472739459,
    79.100781288223));
#3526 = CARTESIAN_POINT('',(-7.786293063214E-02,3.971116293934,
    79.355468729199));
#3527 = CARTESIAN_POINT('',(-2.700978068506,3.792740292616,
    79.482812615934));
#3528 = CARTESIAN_POINT('',(-5.068102345229,1.667985939813,
    79.610156072463));
#3529 = CARTESIAN_POINT('',(-5.619336674028,-2.030169452926,
    79.737500167521));
#3530 = CARTESIAN_POINT('',(-2.998785434125,-5.610330944777,
    79.864843759465));
#3531 = CARTESIAN_POINT('',(1.433913216688,-5.800210190343,
    79.992187348601));
#3532 = CARTESIAN_POINT('',(4.202565921726,-3.287289282337,
    80.119531446017));
#3533 = CARTESIAN_POINT('',(4.654131372437,-0.13864778228,
    80.246874900881));
#3534 = CARTESIAN_POINT('',(3.345120876499,2.141493395426,
    80.374218788608));
#3535 = CARTESIAN_POINT('',(-0.544077894787,3.93443852363,
    80.628906228586));
#3536 = CARTESIAN_POINT('',(-3.128044944822,3.448984820272,
    80.75625011923));
#3537 = CARTESIAN_POINT('',(-5.229023305243,1.060732655363,80.8835935633
    ));
#3538 = CARTESIAN_POINT('',(-5.341765159779,-2.676579437521,
    81.010937685602));
#3539 = CARTESIAN_POINT('',(-2.318575535287,-5.923912154957,
    81.138281231941));
#3540 = CARTESIAN_POINT('',(2.105715607703,-5.59146732554,81.26562488204
    ));
#3541 = CARTESIAN_POINT('',(4.559815070462,-2.77054466415,
    81.392968913087));
#3542 = CARTESIAN_POINT('',(4.638167369364,0.40934777387,81.520312427297
    ));
#3543 = CARTESIAN_POINT('',(3.070228460656,2.519826328072,81.64765627144
    ));
#3544 = CARTESIAN_POINT('',(1.033739106574,3.181521826943,
    81.775000017454));
#3545 = CARTESIAN_POINT('',(3.34525,3.969047313035E-15,-0.275));
#3546 = CARTESIAN_POINT('',(3.345250003844,2.141291613974,
    -0.147656253942));
#3547 = CARTESIAN_POINT('',(1.82258539973,4.284663859336,
    -2.031240992518E-02));
#3548 = CARTESIAN_POINT('',(-1.225884200957,5.192787194875,
    0.107031104498));
#3549 = CARTESIAN_POINT('',(-4.667099502739,3.730512959572,
    0.234375135354));
#3550 = CARTESIAN_POINT('',(-6.350454467999,-0.37450683839,
    0.361718785444));
#3551 = CARTESIAN_POINT('',(-4.196274509862,-4.253212008187,
    0.489062332063));
#3552 = CARTESIAN_POINT('',(-0.607040359672,-5.30088107817,
    0.616406453943));
#3553 = CARTESIAN_POINT('',(2.313560427835,-4.040742431095,
    0.743749898376));
#3554 = CARTESIAN_POINT('',(3.573744061562,-1.73325718657,0.871093788814
    ));
#3555 = CARTESIAN_POINT('',(3.070380432503,2.519641141215,1.125781228947
    ));
#3556 = CARTESIAN_POINT('',(1.306343806273,4.469186467396,1.253125116211
    ));
#3557 = CARTESIAN_POINT('',(-1.827733592945,5.012705933927,
    1.380468572115));
#3558 = CARTESIAN_POINT('',(-5.073224117864,3.156096013512,
    1.507812668184));
#3559 = CARTESIAN_POINT('',(-6.262417434096,-1.118326814263,
    1.635156258282));
#3560 = CARTESIAN_POINT('',(-3.667276399666,-4.716949874103,
    1.762499850121));
#3561 = CARTESIAN_POINT('',(2.021914186422E-02,-5.335487735224,
    1.889843944652));
#3562 = CARTESIAN_POINT('',(2.772462230029,-3.740803980031,
    2.017187401746));
#3563 = CARTESIAN_POINT('',(3.752695040181,-1.301194463495,
    2.144531288215));
#3564 = CARTESIAN_POINT('',(2.752945895819,2.863060665378,2.399218729243
    ));
#3565 = CARTESIAN_POINT('',(0.771992282259,4.591752360271,2.526562615755
    ));
#3566 = CARTESIAN_POINT('',(-2.404244989123,4.763133097121,
    2.653906072687));
#3567 = CARTESIAN_POINT('',(-5.409018157496,2.537925838699,2.7812501676)
  );
#3568 = CARTESIAN_POINT('',(-6.087563995307,-1.846643330889,
    2.908593758764));
#3569 = CARTESIAN_POINT('',(-3.087438502985,-5.11529625673,
    3.035937349803));
#3570 = CARTESIAN_POINT('',(0.647198334417,-5.296128067037,
    3.163281444814));
#3571 = CARTESIAN_POINT('',(3.192929153012,-3.38900644114,3.290624901687
    ));
#3572 = CARTESIAN_POINT('',(3.879622083789,-0.851093169587,
    3.417968788227));
#3573 = CARTESIAN_POINT('',(2.397347033477,3.166789333074,3.672656229235
    ));
#3574 = CARTESIAN_POINT('',(0.226938562305,4.650662394844,3.800000115774
    ));
#3575 = CARTESIAN_POINT('',(-2.947426129432,4.447528536156,
    3.927343572656));
#3576 = CARTESIAN_POINT('',(-5.669826513372,1.88457217948,4.054687667627
    ));
#3577 = CARTESIAN_POINT('',(-5.828318132259,-2.549359672042,
    4.182031258757));
#3578 = CARTESIAN_POINT('',(-2.464799180866,-5.442728846961,
    4.309374849789));
#3579 = CARTESIAN_POINT('',(1.265205360897,-5.183347719523,
    4.436718944834));
#3580 = CARTESIAN_POINT('',(3.569132224216,-2.990226814192,
    4.564062401674));
#3581 = CARTESIAN_POINT('',(3.952765592461,-0.3891930978,4.69140628823)
  );
#3582 = CARTESIAN_POINT('',(2.008513542816,3.426616527616,4.946093729232
    ));
#3583 = CARTESIAN_POINT('',(-0.321261226464,4.645099896264,
    5.073437615784));
#3584 = CARTESIAN_POINT('',(-3.449746847581,4.070267504204,5.20078107264
    ));
#3585 = CARTESIAN_POINT('',(-5.852033576161,1.205092533889,
    5.328125167646));
#3586 = CARTESIAN_POINT('',(-5.488273793189,-3.216734020574,
    5.455468758745));
#3587 = CARTESIAN_POINT('',(-1.807990135513,-5.694708418639,
    5.582812349792));
#3588 = CARTESIAN_POINT('',(1.865672736548,-4.998710176325,
    5.710156444837));
#3589 = CARTESIAN_POINT('',(3.895856108122,-2.549993415495,
    5.837499901671));
#3590 = CARTESIAN_POINT('',(3.971111571433,7.810239140841E-02,
    5.964843788232));
#3591 = CARTESIAN_POINT('',(1.591835855998,3.638940242238,6.21953122923)
  );
#3592 = CARTESIAN_POINT('',(-0.865007343191,4.57514197792,6.346875115793
    ));
#3593 = CARTESIAN_POINT('',(-3.904243428197,3.636580003444,
    6.474218572621));
#3594 = CARTESIAN_POINT('',(-5.953113393675,0.508906586734,
    6.601562667669));
#3595 = CARTESIAN_POINT('',(-5.07214504204,-3.839514508426,
    6.728906258726));
#3596 = CARTESIAN_POINT('',(-1.126116767263,-5.867741757273,
    6.856249849801));
#3597 = CARTESIAN_POINT('',(2.440276130439,-4.744775083599,
    6.983593944834));
#3598 = CARTESIAN_POINT('',(4.168571403403,-2.074409238556,
    7.110937401673));
#3599 = CARTESIAN_POINT('',(3.934405688819,0.544315140443,7.238281288229
    ));
#3600 = CARTESIAN_POINT('',(1.15309041166,3.800817015001,7.492968729236)
  );
#3601 = CARTESIAN_POINT('',(-1.396761788623,4.441758472473,
    7.620312615767));
#3602 = CARTESIAN_POINT('',(-4.304615146109,3.152478281008,
    7.747656072666));
#3603 = CARTESIAN_POINT('',(-5.97166468764,-0.194334376242,
    7.875000167631));
#3604 = CARTESIAN_POINT('',(-4.585700707562,-4.409067476085,
    8.002343758726));
#3605 = CARTESIAN_POINT('',(-0.428631945306,-5.959430086802,
    8.12968734984));
#3606 = CARTESIAN_POINT('',(2.981049766258,-4.425062765383,
    8.257031444788));
#3607 = CARTESIAN_POINT('',(4.383497434436,-1.57006734777,8.3843749017)
  );
#3608 = CARTESIAN_POINT('',(3.843156801428,1.002982001828,8.511718788222
    ));
#3609 = CARTESIAN_POINT('',(0.698359575677,3.910002734273,8.76640622924)
  );
#3610 = CARTESIAN_POINT('',(-1.909152805145,4.246798486927,
    8.893750115756));
#3611 = CARTESIAN_POINT('',(-4.645311613637,2.624673480765,
    9.021093572687));
#3612 = CARTESIAN_POINT('',(-5.907430279968,-0.894881265014,
    9.148437667601));
#3613 = CARTESIAN_POINT('',(-4.035684409379,-4.917497161783,
    9.275781258758));
#3614 = CARTESIAN_POINT('',(0.274795038221,-5.968502323941,
    9.403124849813));
#3615 = CARTESIAN_POINT('',(3.480496852507,-4.044005421136,
    9.530468944806));
#3616 = CARTESIAN_POINT('',(4.537654663175,-1.043959478154,9.65781240169
    ));
#3617 = CARTESIAN_POINT('',(3.698629900436,1.447744437368,9.785156288228
    ));
#3618 = CARTESIAN_POINT('',(0.233947320783,3.964983749035,10.03984372923
    ));
#3619 = CARTESIAN_POINT('',(-2.395077072003,3.992964768324,
    10.167187615797));
#3620 = CARTESIAN_POINT('',(-4.921609726278,2.060482606136,
    10.294531072613));
#3621 = CARTESIAN_POINT('',(-5.761300657849,-1.583022337792,
    10.421875167676));
#3622 = CARTESIAN_POINT('',(-3.429721070711,-5.357755160991,
    10.549218758729));
#3623 = CARTESIAN_POINT('',(0.97441251443,-5.894832699494,
    10.676562349789));
#3624 = CARTESIAN_POINT('',(3.931693511265,-3.606885681626,
    10.803906444849));
#3625 = CARTESIAN_POINT('',(4.628905994673,-0.503379108398,
    10.931249901662));
#3626 = CARTESIAN_POINT('',(3.502828574718,1.872436667134,
    11.058593788235));
#3627 = CARTESIAN_POINT('',(-0.233708165963,3.964997852736,
    11.313281229225));
#3628 = CARTESIAN_POINT('',(-2.8477981792,3.683776235391,11.440625115808
    ));
#3629 = CARTESIAN_POINT('',(-5.129679139627,1.467727083744,
    11.567968572594));
#3630 = CARTESIAN_POINT('',(-5.535301628662,-2.249217835626,
    11.695312667697));
#3631 = CARTESIAN_POINT('',(-2.776211213621,-5.723738139119,
    11.822656258713));
#3632 = CARTESIAN_POINT('',(1.660521626082,-5.739442501895,
    11.949999849796));
#3633 = CARTESIAN_POINT('',(4.328384764401,-3.119763375354,
    12.077343944847));
#3634 = CARTESIAN_POINT('',(4.655986403854,4.417964925159E-02,
    12.204687401665));
#3635 = CARTESIAN_POINT('',(3.258467234915,2.271171146192,
    12.332031288231));
#3636 = CARTESIAN_POINT('',(-0.698123736291,3.910044849848,
    12.586718729236));
#3637 = CARTESIAN_POINT('',(-3.26104001504,3.323519195407,
    12.714062615763));
#3638 = CARTESIAN_POINT('',(-5.266635369516,0.85462433437,
    12.841406072683));
#3639 = CARTESIAN_POINT('',(-5.232566236366,-2.88423223291,
    12.968750167592));
#3640 = CARTESIAN_POINT('',(-2.084214501558,-6.010372442691,
    13.096093758785));
#3641 = CARTESIAN_POINT('',(2.323610783524,-5.504485918799,
    13.223437349777));
#3642 = CARTESIAN_POINT('',(4.665071246903,-2.589391520799,
    13.350781444835));
#3643 = CARTESIAN_POINT('',(4.618520472685,0.591125940605,
    13.478124901677));
#3644 = CARTESIAN_POINT('',(2.968933483311,2.638420184125,
    13.605468788229));
#3645 = CARTESIAN_POINT('',(-1.152861157156,3.800886558597,
    13.860156229233));
#3646 = CARTESIAN_POINT('',(-3.629073772436,2.91718792266,13.98750011578
    ));
#3647 = CARTESIAN_POINT('',(-5.33057977981,0.229673854339,
    14.114843572641));
#3648 = CARTESIAN_POINT('',(-4.857291327948,-3.479262270522,
    14.24218766766));
#3649 = CARTESIAN_POINT('',(-1.36332414436,-6.213684435597,
    14.369531258706));
#3650 = CARTESIAN_POINT('',(2.954487524605,-5.193220173558,
    14.496874849848));
#3651 = CARTESIAN_POINT('',(4.937085445093,-2.023122708661,
    14.624218944784));
#3652 = CARTESIAN_POINT('',(4.517027594598,1.129877402146,
    14.751562401707));
#3653 = CARTESIAN_POINT('',(2.638241151232,2.969092575914,
    14.878906288214));
#3654 = CARTESIAN_POINT('',(-1.591616364554,3.639036249741,
    15.133593729262));
#3655 = CARTESIAN_POINT('',(-3.946797367663,2.4704154227,15.260937615661
    ));
#3656 = CARTESIAN_POINT('',(-5.320625903796,-0.398460614293,
    15.388281072863));
#3657 = CARTESIAN_POINT('',(-4.414679371544,-4.026058995542,
    15.515625167421));
#3658 = CARTESIAN_POINT('',(-0.623533907323,-6.33085558636,
    15.642968758835));
#3659 = CARTESIAN_POINT('',(3.544405950874,-4.80996036995,
    15.770312349862));
#3660 = CARTESIAN_POINT('',(5.140656402684,-1.428807172207,
    15.897656444709));
#3661 = CARTESIAN_POINT('',(4.352914774105,1.65296527597,16.024999901754
    ));
#3662 = CARTESIAN_POINT('',(2.270974654945,3.258604181705,16.15234378821
    ));
#3663 = CARTESIAN_POINT('',(-2.00830685726,3.426737668108,
    16.407031229243));
#3664 = CARTESIAN_POINT('',(-4.209806171262,1.989395340888,
    16.53437511576));
#3665 = CARTESIAN_POINT('',(-5.236911732656,-1.021071188821,
    16.66171857268));
#3666 = CARTESIAN_POINT('',(-3.910866335231,-4.517042118397,
    16.78906266759));
#3667 = CARTESIAN_POINT('',(0.124900434259,-6.360261541013,
    16.916406258806));
#3668 = CARTESIAN_POINT('',(4.085187972079,-4.360019671512,
    17.043749849741));
#3669 = CARTESIAN_POINT('',(5.272961998117,-0.814683959116,
    17.17109394487));
#3670 = CARTESIAN_POINT('',(4.128457121325,2.153137949988,
    17.298437401656));
#3671 = CARTESIAN_POINT('',(1.87222544151,3.502941477166,17.425781288236
    ));
#3672 = CARTESIAN_POINT('',(-2.397156019112,3.166933927173,
    17.680468729224));
#3673 = CARTESIAN_POINT('',(-4.414454069462,1.480796100235,
    17.807812615813));
#3674 = CARTESIAN_POINT('',(-5.080597803392,-1.629526565621,
    17.935156072583));
#3675 = CARTESIAN_POINT('',(-3.352836622099,-4.945405097458,
    18.062500167714));
#3676 = CARTESIAN_POINT('',(0.871603270218,-6.3014946423,18.189843758694
    ));
#3677 = CARTESIAN_POINT('',(4.569336680854,-3.849635645164,
    18.317187349813));
#3678 = CARTESIAN_POINT('',(5.332168067354,-0.189266712013,
    18.444531444835));
#3679 = CARTESIAN_POINT('',(3.846766312073,2.623461487154,
    18.571874901671));
#3680 = CARTESIAN_POINT('',(1.447521405597,3.698717193387,
    18.699218788229));
#3681 = CARTESIAN_POINT('',(-2.752773200699,2.863226708537,
    18.95390622924));
#3682 = CARTESIAN_POINT('',(-4.557904010847,0.951668455861,
    19.081250115742));
#3683 = CARTESIAN_POINT('',(-4.853851109423,-2.215391675541,
    19.208593572719));
#3684 = CARTESIAN_POINT('',(-2.748326246166,-5.305209499686,
    19.33593766756));
#3685 = CARTESIAN_POINT('',(1.606222994931,-6.15536958102,
    19.463281258791));
#3686 = CARTESIAN_POINT('',(4.990140281905,-3.285883788395,
    19.590624849799));
#3687 = CARTESIAN_POINT('',(5.317453831598,0.438774355817,
    19.717968944808));
#3688 = CARTESIAN_POINT('',(3.511747450275,3.057415751861,19.84531240169
    ));
#3689 = CARTESIAN_POINT('',(1.002750255822,3.843217274729,
    19.972656288228));
#3690 = CARTESIAN_POINT('',(-3.070228450421,2.519826331567,
    20.227343729227));
#3691 = CARTESIAN_POINT('',(-4.638167336541,0.409347749639,
    20.354687615813));
#3692 = CARTESIAN_POINT('',(-4.559815059621,-2.770544619711,
    20.482031072581));
#3693 = CARTESIAN_POINT('',(-2.105715586971,-5.591467326156,
    20.609375167712));
#3694 = CARTESIAN_POINT('',(2.318575512125,-5.923912101157,
    20.736718758707));
#3695 = CARTESIAN_POINT('',(5.341765138492,-2.676579441803,
    20.864062349787));
#3696 = CARTESIAN_POINT('',(5.22902327568,1.060732656918,20.991406444865
    ));
#3697 = CARTESIAN_POINT('',(3.128044931212,3.448984798836,
    21.118749901645));
#3698 = CARTESIAN_POINT('',(0.54407789293,3.934438504115,21.246093788245
    ));
#3699 = CARTESIAN_POINT('',(-3.345120858823,2.141493385235,
    21.500781229206));
#3700 = CARTESIAN_POINT('',(-4.654131349128,-0.138647779673,
    21.628125115888));
#3701 = CARTESIAN_POINT('',(-4.202565901132,-3.287289265317,
    21.755468572446));
#3702 = CARTESIAN_POINT('',(-1.433913211257,-5.800210159691,
    21.88281266785));
#3703 = CARTESIAN_POINT('',(2.998785417333,-5.610330917858,
    22.01015625864));
#3704 = CARTESIAN_POINT('',(5.61933664513,-2.03016944399,22.137499849769
    ));
#3705 = CARTESIAN_POINT('',(5.068102319901,1.667985929899,
    22.264843944912));
#3706 = CARTESIAN_POINT('',(2.700978055988,3.792740272598,
    22.392187401623));
#3707 = CARTESIAN_POINT('',(7.786293136102E-02,3.971116273819,
    22.51953128824));
#3708 = CARTESIAN_POINT('',(-3.57363956876,1.733472731704,
    22.774218729238));
#3709 = CARTESIAN_POINT('',(-4.605574738204,-0.68472122271,
    22.901562615737));
#3710 = CARTESIAN_POINT('',(-3.787056209696,-3.758461937172,
    23.028906072736));
#3711 = CARTESIAN_POINT('',(-0.742232373241,-5.928544180046,
    23.156250167541));
#3712 = CARTESIAN_POINT('',(3.637422902017,-5.218973234317,23.2835937588
    ));
#3713 = CARTESIAN_POINT('',(5.819006804259,-1.355615032337,23.4109373498
    ));
#3714 = CARTESIAN_POINT('',(4.836921825217,2.252115770389,
    23.538281444807));
#3715 = CARTESIAN_POINT('',(2.236467289495,4.083916661401,
    23.665624901683));
#3716 = CARTESIAN_POINT('',(-0.389431450726,3.952742116741,
    23.79296878824));
#3717 = CARTESIAN_POINT('',(-3.75261660573,1.301420796509,
    24.047656229196));
#3718 = CARTESIAN_POINT('',(-4.493170648079,-1.221302316755,
    24.175000115945));
#3719 = CARTESIAN_POINT('',(-3.319046232128,-4.177530727072,
    24.302343572346));
#3720 = CARTESIAN_POINT('',(-4.026190393919E-02,-5.974690282712,
    24.429687667925));
#3721 = CARTESIAN_POINT('',(4.225634480103,-4.755264475063,
    24.557031258671));
#3722 = CARTESIAN_POINT('',(5.938007570723,-0.662267612894,
    24.684374849637));
#3723 = CARTESIAN_POINT('',(4.538686667171,2.805024335969,24.81171894506
    ));
#3724 = CARTESIAN_POINT('',(1.740952184288,4.318477362039,
    24.939062401531));
#3725 = CARTESIAN_POINT('',(-0.851327111068,3.879570755389,
    25.066406288272));
#3726 = CARTESIAN_POINT('',(-3.879570795614,0.851327152743,
    25.321093729198));
#3727 = CARTESIAN_POINT('',(-4.318477346531,-1.740952391445,
    25.448437615884));
#3728 = CARTESIAN_POINT('',(-2.805024030798,-4.538686049279,
    25.575781072471));
#3729 = CARTESIAN_POINT('',(0.662266719619,-5.938008739115,
    25.703125167813));
#3730 = CARTESIAN_POINT('',(4.755265723365,-4.225633075358,
    25.830468758672));
#3731 = CARTESIAN_POINT('',(5.974689227409,4.026087954436E-02,
    25.957812349751));
#3732 = CARTESIAN_POINT('',(4.177531304801,3.3190466078,26.085156444923)
  );
#3733 = CARTESIAN_POINT('',(1.221302109227,4.493170639129,
    26.212499901612));
#3734 = CARTESIAN_POINT('',(-1.301420750408,3.752616570691,
    26.339843788251));
#3735 = CARTESIAN_POINT('',(-3.952742161558,0.389431487362,
    26.594531229211));
#3736 = CARTESIAN_POINT('',(-4.083916621741,-2.236467493277,
    26.721875115855));
#3737 = CARTESIAN_POINT('',(-2.252115539861,-4.836921175981,
    26.849218572509));
#3738 = CARTESIAN_POINT('',(1.355614282629,-5.819008069247,
    26.976562667793));
#3739 = CARTESIAN_POINT('',(5.218974308561,-3.637421360494,
    27.103906258647));
#3740 = CARTESIAN_POINT('',(5.928543252912,0.742231231949,
    27.231249849817));
#3741 = CARTESIAN_POINT('',(3.758462466357,3.787056650737,
    27.358593944849));
#3742 = CARTESIAN_POINT('',(0.684721017868,4.605574704853,
    27.485937401664));
#3743 = CARTESIAN_POINT('',(-1.73347268185,3.573639539408,
    27.613281288225));
#3744 = CARTESIAN_POINT('',(-3.971116322602,-7.786290026648E-02,
    27.867968729256));
#3745 = CARTESIAN_POINT('',(-3.792740209334,-2.700978253635,
    27.995312615674));
#3746 = CARTESIAN_POINT('',(-1.66798577715,-5.068101648194,
    28.122656072834));
#3747 = CARTESIAN_POINT('',(2.030168847997,-5.619337989299,
    28.250000167479));
#3748 = CARTESIAN_POINT('',(5.610331803627,-2.998783760394,
    28.37734375875));
#3749 = CARTESIAN_POINT('',(5.800209373018,1.433911969012,
    28.504687349953));
#3750 = CARTESIAN_POINT('',(3.28728973905,4.202566401265,28.632031444639
    ));
#3751 = CARTESIAN_POINT('',(0.138647580153,4.654131291948,
    28.759374901793));
#3752 = CARTESIAN_POINT('',(-2.141493332274,3.345120835532,
    28.886718788195));
#3753 = CARTESIAN_POINT('',(-3.934438556214,-0.544077867785,
    29.141406229264));
#3754 = CARTESIAN_POINT('',(-3.448984712782,-3.128045120054,
    29.268750115684));
#3755 = CARTESIAN_POINT('',(-1.060732584181,-5.229022590677,
    29.396093572799));
#3756 = CARTESIAN_POINT('',(2.676579007958,-5.341766543395,
    29.523437667517));
#3757 = CARTESIAN_POINT('',(5.923912785973,-2.318573762554,
    29.650781258738));
#3758 = CARTESIAN_POINT('',(5.591466691027,2.10571426086,29.778124849932
    ));
#3759 = CARTESIAN_POINT('',(2.770545031306,4.559815611984,29.90546894467
    ));
#3760 = CARTESIAN_POINT('',(-0.409347941016,4.638167256294,
    30.032812401773));
#3761 = CARTESIAN_POINT('',(-2.519826276249,3.07022843352,
    30.160156288199));
#3762 = CARTESIAN_POINT('',(-3.84321732941,-1.00275023698,
    30.414843729263));
#3763 = CARTESIAN_POINT('',(-3.057415644245,-3.511747627661,
    30.54218761568));
#3764 = CARTESIAN_POINT('',(-0.43877436405,-5.317453142872,
    30.669531072814));
#3765 = CARTESIAN_POINT('',(3.285883522673,-4.990141727942,
    30.796875167487));
#3766 = CARTESIAN_POINT('',(6.155370055392,-1.606221177121,
    30.92421875878));
#3767 = CARTESIAN_POINT('',(5.305209024933,2.748324854678,
    31.051562349891));
#3768 = CARTESIAN_POINT('',(2.215392019264,4.853851706302,
    31.178906444697));
#3769 = CARTESIAN_POINT('',(-0.951668636431,4.557903908667,
    31.306249901764));
#3770 = CARTESIAN_POINT('',(-2.863226651625,2.752773190419,
    31.433593788199));
#3771 = CARTESIAN_POINT('',(-3.6987172499,-1.447521393314,31.68828122927
    ));
#3772 = CARTESIAN_POINT('',(-2.623461359437,-3.846766475582,
    31.815625115646));
#3773 = CARTESIAN_POINT('',(0.189266622899,-5.332167384357,
    31.942968572882));
#3774 = CARTESIAN_POINT('',(3.849635551201,-4.56933814813,
    32.070312667409));
#3775 = CARTESIAN_POINT('',(6.301494899815,-0.871601409207,
    32.197656258834));
#3776 = CARTESIAN_POINT('',(4.945404789429,3.352835184415,32.32499984987
    ));
#3777 = CARTESIAN_POINT('',(1.62952683691,5.080598436559,32.452343944706
    ));
#3778 = CARTESIAN_POINT('',(-1.480796267607,4.414453946759,
    32.579687401749));
#3779 = CARTESIAN_POINT('',(-3.16693386942,2.397156015592,
    32.707031288219));
#3780 = CARTESIAN_POINT('',(-3.502941534777,-1.872225435949,
    32.961718729218));
#3781 = CARTESIAN_POINT('',(-2.153137803758,-4.128457268739,
    33.089062615873));
#3782 = CARTESIAN_POINT('',(0.814683790008,-5.272961330181,
    33.216406072462));
#3783 = CARTESIAN_POINT('',(4.360019751024,-4.085189440477,
    33.343750167837));
#3784 = CARTESIAN_POINT('',(6.360261577792,-0.124898555605,
    33.471093758653));
#3785 = CARTESIAN_POINT('',(4.51704198149,3.910864871103,33.598437349753
    ));
#3786 = CARTESIAN_POINT('',(1.021071383903,5.236912393419,
    33.725781444933));
#3787 = CARTESIAN_POINT('',(-1.989395492746,4.209806029711,
    33.853124901602));
#3788 = CARTESIAN_POINT('',(-3.426737610329,2.008306860555,
    33.980468788256));
#3789 = CARTESIAN_POINT('',(-3.25860423956,-2.270974656195,
    34.235156229201));
#3790 = CARTESIAN_POINT('',(-1.652965113491,-4.352914903294,
    34.362500115897));
#3791 = CARTESIAN_POINT('',(1.42880692588,-5.140655759318,34.48984357243
    ));
#3792 = CARTESIAN_POINT('',(4.809960621417,-3.544407399617,
    34.617187667882));
#3793 = CARTESIAN_POINT('',(6.330855402034,0.6235357771,34.744531258593)
  );
#3794 = CARTESIAN_POINT('',(4.026059031831,4.414677901635,
    34.871874849819));
#3795 = CARTESIAN_POINT('',(0.398460730186,5.320626582809,
    34.999218944877));
#3796 = CARTESIAN_POINT('',(-2.470415556767,3.946797209281,
    35.126562401638));
#3797 = CARTESIAN_POINT('',(-3.639036192778,1.591616374611,
    35.253906288237));
#3798 = CARTESIAN_POINT('',(-2.969092633199,-2.63824115927,
    35.508593729236));
#3799 = CARTESIAN_POINT('',(-1.129877225676,-4.517027703796,
    35.635937615754));
#3800 = CARTESIAN_POINT('',(2.023122388554,-4.937084835142,
    35.763281072696));
#3801 = CARTESIAN_POINT('',(5.193220593378,-2.954488933741,
    35.890625167598));
#3802 = CARTESIAN_POINT('',(6.213684032971,1.36332597951,36.01796875874)
  );
#3803 = CARTESIAN_POINT('',(3.479262479183,4.857289872486,
    36.145312349852));
#3804 = CARTESIAN_POINT('',(-0.229673818977,5.330580467747,
    36.272656444764));
#3805 = CARTESIAN_POINT('',(-2.917188037213,3.629073599389,
    36.399999901719));
#3806 = CARTESIAN_POINT('',(-3.800886503206,1.152861173839,
    36.527343788214));
#3807 = CARTESIAN_POINT('',(-2.638420240067,-2.968933498026,
    36.782031229254));
#3808 = CARTESIAN_POINT('',(-0.59112575254,-4.618520560388,
    36.909375115702));
#3809 = CARTESIAN_POINT('',(2.589391131252,-4.665070678805,
    37.036718572784));
#3810 = CARTESIAN_POINT('',(5.504486501304,-2.323612133534,
    37.164062667506));
#3811 = CARTESIAN_POINT('',(6.010371827163,2.084216276631,
    37.291406258791));
#3812 = CARTESIAN_POINT('',(2.884232611219,5.232564815557,
    37.418749849851));
#3813 = CARTESIAN_POINT('',(-0.854624380141,5.266636056815,
    37.546093944745));
#3814 = CARTESIAN_POINT('',(-3.323519288811,3.261039829738,
    37.673437401729));
#3815 = CARTESIAN_POINT('',(-3.910044796801,0.698123759369,
    37.800781288217));
#3816 = CARTESIAN_POINT('',(-2.27117120003,-3.258467256107,
    38.055468729237));
#3817 = CARTESIAN_POINT('',(-4.417945211211E-02,-4.655986468838,
    38.182812615783));
#3818 = CARTESIAN_POINT('',(3.119762921593,-4.328384246009,
    38.310156072627));
#3819 = CARTESIAN_POINT('',(5.739443239199,-1.660522898348,
    38.437500167683));
#3820 = CARTESIAN_POINT('',(5.723737319128,2.776212904188,
    38.564843758686));
#3821 = CARTESIAN_POINT('',(2.249218378302,5.535300262006,
    38.692187349851));
#3822 = CARTESIAN_POINT('',(-1.467727209918,5.129679816899,
    38.819531444801));
#3823 = CARTESIAN_POINT('',(-3.683776306421,2.847797984149,
    38.94687490168));
#3824 = CARTESIAN_POINT('',(-3.964997802749,0.23370819513,
    39.074218788238));
#3825 = CARTESIAN_POINT('',(-1.872436718132,-3.502828602106,
    39.328906229206));
#3826 = CARTESIAN_POINT('',(0.503379311897,-4.628906035993,
    39.456250115895));
#3827 = CARTESIAN_POINT('',(3.606885169922,-3.931693049843,
    39.583593572446));
#3828 = CARTESIAN_POINT('',(5.894833581389,-0.974413691241,
    39.710937667805));
#3829 = CARTESIAN_POINT('',(5.357754147909,3.429722653316,
    39.838281258755));
#3830 = CARTESIAN_POINT('',(1.583023037294,5.761299364254,
    39.965624849616));
#3831 = CARTESIAN_POINT('',(-2.060482810955,4.921610384181,
    40.092968945036));
#3832 = CARTESIAN_POINT('',(-3.992964815986,2.395076869891,
    40.220312401565));
#3833 = CARTESIAN_POINT('',(-3.96498370282,-0.23394728594,
    40.347656288248));
#3834 = CARTESIAN_POINT('',(-1.447744484764,-3.698629933607,
    40.602343729245));
#3835 = CARTESIAN_POINT('',(1.043959684928,-4.537654680374,
    40.72968761569));
#3836 = CARTESIAN_POINT('',(4.044004859099,-3.480496454341,
    40.857031072818));
#3837 = CARTESIAN_POINT('',(5.968503337627,-0.274796103158,
    40.984375167485));
#3838 = CARTESIAN_POINT('',(4.917495969962,4.035685861633,
    41.111718758758));
#3839 = CARTESIAN_POINT('',(0.894882111712,5.907429077999,
    41.239062349932));
#3840 = CARTESIAN_POINT('',(-2.624673761624,4.645312242545,
    41.366406444666));
#3841 = CARTESIAN_POINT('',(-4.246798510398,1.909152598999,
    41.493749901769));
#3842 = CARTESIAN_POINT('',(-3.910002692499,-0.698359535672,
    41.62109378821));
#3843 = CARTESIAN_POINT('',(-1.002982045001,-3.843156839944,
    41.875781229233));
#3844 = CARTESIAN_POINT('',(1.570067555213,-4.38349742716,
    42.003125115814));
#3845 = CARTESIAN_POINT('',(4.425062160248,-2.981049436991,
    42.130468572563));
#3846 = CARTESIAN_POINT('',(5.959431218885,0.428631006921,
    42.257812667747));
#3847 = CARTESIAN_POINT('',(4.409066121639,4.585702009764,
    42.385156258665));
#3848 = CARTESIAN_POINT('',(0.194335358407,5.971663593337,
    42.512499849825));
#3849 = CARTESIAN_POINT('',(-3.152478633811,4.30461573781,
    42.639843944836));
#3850 = CARTESIAN_POINT('',(-4.441758471589,1.396761581067,
    42.767187401668));
#3851 = CARTESIAN_POINT('',(-3.800816978208,-1.153090367007,
    42.894531288229));
#3852 = CARTESIAN_POINT('',(-0.544315178788,-3.93440573214,
    43.149218729241));
#3853 = CARTESIAN_POINT('',(2.074409443676,-4.168571371826,
    43.27656261574));
#3854 = CARTESIAN_POINT('',(4.744774444036,-2.44027587451,
    43.403906072731));
#3855 = CARTESIAN_POINT('',(5.867742991689,1.126115968348,
    43.531250167528));
#3856 = CARTESIAN_POINT('',(3.839513010419,5.072146176112,
    43.658593758844));
#3857 = CARTESIAN_POINT('',(-0.508905482822,5.95311242233,
    43.785937349736));
#3858 = CARTESIAN_POINT('',(-3.63658042332,3.904243974373,
    43.913281444861));
#3859 = CARTESIAN_POINT('',(-4.575141952658,0.865007137152,
    44.040624901658));
#3860 = CARTESIAN_POINT('',(-3.63894021094,-1.591835807315,
    44.167968788244));
#3861 = CARTESIAN_POINT('',(-7.8102424416E-02,-3.971111618991,
    44.422656229199));
#3862 = CARTESIAN_POINT('',(2.549993615586,-3.895856052539,
    44.550000115929));
#3863 = CARTESIAN_POINT('',(4.998709510883,-1.865672557767,
    44.677343572366));
#3864 = CARTESIAN_POINT('',(5.69470973871,1.807989487422,44.804687667936
    ));
#3865 = CARTESIAN_POINT('',(3.216732399395,5.488274743248,44.9320312586)
  );
#3866 = CARTESIAN_POINT('',(-1.205091323333,5.852032741254,
    45.059374849753));
#3867 = CARTESIAN_POINT('',(-4.070267985386,3.449747340698,
    45.186718944946));
#3868 = CARTESIAN_POINT('',(-4.64509984697,0.321261024786,
    45.314062401606));
#3869 = CARTESIAN_POINT('',(-3.426616502259,-2.008513490799,
    45.441406288236));
#3870 = CARTESIAN_POINT('',(0.389193070632,-3.952765643526,
    45.696093729259));
#3871 = CARTESIAN_POINT('',(2.990227006227,-3.569132145688,
    45.823437615635));
#3872 = CARTESIAN_POINT('',(5.183347038002,-1.265205261248,
    45.950781072924));
#3873 = CARTESIAN_POINT('',(5.442730233599,2.46479869215,46.078125167354
    ));
#3874 = CARTESIAN_POINT('',(2.549357950852,5.828318885205,
    46.205468758865));
#3875 = CARTESIAN_POINT('',(-1.884570879418,5.669825826764,
    46.332812349881));
#3876 = CARTESIAN_POINT('',(-4.447529071901,2.947426562304,
    46.460156444673));
#3877 = CARTESIAN_POINT('',(-4.650662322177,-0.226938756642,
    46.587499901777));
#3878 = CARTESIAN_POINT('',(-3.166789314015,-2.397346978868,
    46.714843788205));
#3879 = CARTESIAN_POINT('',(0.851093148607,-3.8796221377,46.969531229242
    ));
#3880 = CARTESIAN_POINT('',(3.389006622661,-3.192929052381,
    47.096875115779));
#3881 = CARTESIAN_POINT('',(5.296127378402,-0.647198315722,
    47.224218572612));
#3882 = CARTESIAN_POINT('',(5.115297691387,3.087438180827,
    47.351562667739));
#3883 = CARTESIAN_POINT('',(1.846641532949,6.087564540599,
    47.478906258583));
#3884 = CARTESIAN_POINT('',(-2.537924466838,5.409017628489,
    47.606249849973));
#3885 = CARTESIAN_POINT('',(-4.763133680067,2.404245356043,47.7335939447
    ));
#3886 = CARTESIAN_POINT('',(-4.591752265262,-0.771992466726,
    47.860937401737));
#3887 = CARTESIAN_POINT('',(-2.863060652868,-2.752945839346,
    47.988281288216));
#3888 = CARTESIAN_POINT('',(1.301194448996,-3.752695096176,
    48.24296872924));
#3889 = CARTESIAN_POINT('',(3.740804148456,-2.77246210882,
    48.370312615768));
#3890 = CARTESIAN_POINT('',(5.335487049189,-2.021920406255E-02,
    48.497656072658));
#3891 = CARTESIAN_POINT('',(4.71695133665,3.667276248004,48.625000167636
    ));
#3892 = CARTESIAN_POINT('',(1.11832496472,6.262417764845,48.752343758739
    ));
#3893 = CARTESIAN_POINT('',(-3.156094588997,5.073223753093,
    48.879687349806));
#3894 = CARTESIAN_POINT('',(-5.012706555946,1.82773388945,
    49.007031444828));
#3895 = CARTESIAN_POINT('',(-4.469186351382,-1.306343978791,
    49.134374901668));
#3896 = CARTESIAN_POINT('',(-2.519641135413,-3.070380374643,
    49.261718788241));
#3897 = CARTESIAN_POINT('',(1.733257178717,-3.573744119489,
    49.516406229203));
#3898 = CARTESIAN_POINT('',(4.040742584334,-2.313560284255,
    49.643750115909));
#3899 = CARTESIAN_POINT('',(5.300880403556,0.607040207965,
    49.771093572408));
#3900 = CARTESIAN_POINT('',(4.253213479664,4.196274549058,
    49.898437667876));
#3901 = CARTESIAN_POINT('',(0.374504960984,6.350454552349,
    50.025781258663));
#3902 = CARTESIAN_POINT('',(-3.730511499976,4.667099340071,
    50.153124849698));
#3903 = CARTESIAN_POINT('',(-5.192787849387,1.225884390634,
    50.280468944992));
#3904 = CARTESIAN_POINT('',(-4.284663722331,-1.822585531839,
    50.40781240157));
#3905 = CARTESIAN_POINT('',(-2.141291615985,-3.34524996248,
    50.535156288262));
#3906 = CARTESIAN_POINT('',(2.141291614961,-3.34525002038,
    50.789843729202));
#3907 = CARTESIAN_POINT('',(4.284663857833,-1.82258537443,
    50.917187615879));
#3908 = CARTESIAN_POINT('',(5.192787196725,1.225884169573,
    51.044531072476));
#3909 = CARTESIAN_POINT('',(3.730512957722,4.667099534544,
    51.171875167809));
#3910 = CARTESIAN_POINT('',(-0.37450683689,6.350454441753,
    51.299218758672));
#3911 = CARTESIAN_POINT('',(-4.25321200916,4.196274527224,51.42656234976
    ));
#3912 = CARTESIAN_POINT('',(-5.300881077678,0.607040350797,
    51.553906444904));
#3913 = CARTESIAN_POINT('',(-4.040742431274,-2.313560424634,
    51.681249901633));
#3914 = CARTESIAN_POINT('',(-1.733257186537,-3.573744062131,
    51.808593788233));
#3915 = CARTESIAN_POINT('',(2.519641141196,-3.07038043221,52.06328122925
    ));
#3916 = CARTESIAN_POINT('',(4.469186467426,-1.306343806768,
    52.190625115688));
#3917 = CARTESIAN_POINT('',(5.012705933904,1.827733593606,
    52.317968572815));
#3918 = CARTESIAN_POINT('',(3.156096013503,5.073224117184,
    52.445312667486));
#3919 = CARTESIAN_POINT('',(-1.118326814219,6.262417434614,
    52.572656258768));
#3920 = CARTESIAN_POINT('',(-4.71694987416,3.66727639939,52.699999849913
    ));
#3921 = CARTESIAN_POINT('',(-5.335487735182,-2.021914177371E-02,
    52.827343944683));
#3922 = CARTESIAN_POINT('',(-3.740803980048,-2.772462230043,
    52.954687401761));
#3923 = CARTESIAN_POINT('',(-1.301194463492,-3.752695040179,
    53.082031288212));
#3924 = CARTESIAN_POINT('',(2.863060665379,-2.752945895829,
    53.336718729233));
#3925 = CARTESIAN_POINT('',(4.59175236027,-0.771992282211,
    53.464062615805));
#3926 = CARTESIAN_POINT('',(4.763133097106,2.404244989034,
    53.591406072597));
#3927 = CARTESIAN_POINT('',(2.53792583875,5.409018157578,53.71875016767)
  );
#3928 = CARTESIAN_POINT('',(-1.846643330978,6.087563995292,
    53.84609375878));
#3929 = CARTESIAN_POINT('',(-5.115296256632,3.087438502928,
    53.973437349703));
#3930 = CARTESIAN_POINT('',(-5.296128067105,-0.647198334339,
    54.100781444928));
#3931 = CARTESIAN_POINT('',(-3.389006441111,-3.192929153061,
    54.228124901619));
#3932 = CARTESIAN_POINT('',(-0.851093169593,-3.879622083774,
    54.355468788247));
#3933 = CARTESIAN_POINT('',(3.166789333078,-2.397347033491,
    54.610156229216));
#3934 = CARTESIAN_POINT('',(4.650662394844,-0.226938562258,
    54.737500115839));
#3935 = CARTESIAN_POINT('',(4.447528536144,2.947426129344,
    54.864843572532));
#3936 = CARTESIAN_POINT('',(1.884572179512,5.669826513476,
    54.992187667781));
#3937 = CARTESIAN_POINT('',(-2.549359672089,5.828318132181,
    55.119531258634));
#3938 = CARTESIAN_POINT('',(-5.442728846918,2.464799180897,
    55.246874849845));
#3939 = CARTESIAN_POINT('',(-5.18334771955,-1.265205360896,
    55.37421894483));
#3940 = CARTESIAN_POINT('',(-2.990226814181,-3.569132224227,
    55.501562401663));
#3941 = CARTESIAN_POINT('',(-0.389193097803,-3.952765592455,
    55.628906288238));
#3942 = CARTESIAN_POINT('',(3.42661652762,-2.008513542825,
    55.883593729219));
#3943 = CARTESIAN_POINT('',(4.645099896251,0.321261226498,
    56.010937615834));
#3944 = CARTESIAN_POINT('',(4.070267504224,3.449746847516,
    56.138281072545));
#3945 = CARTESIAN_POINT('',(1.205092533878,5.852033576232,
    56.265625167748));
#3946 = CARTESIAN_POINT('',(-3.216734020582,5.488273793145,
    56.392968758691));
#3947 = CARTESIAN_POINT('',(-5.694708418615,1.807990135517,
    56.520312349781));
#3948 = CARTESIAN_POINT('',(-4.998710176348,-1.865672736529,
    56.647656444877));
#3949 = CARTESIAN_POINT('',(-2.549993415483,-3.895856108138,
    56.774999901641));
#3950 = CARTESIAN_POINT('',(7.810239140442E-02,-3.971111571427,
    56.902343788242));
#3951 = CARTESIAN_POINT('',(3.638940242242,-1.591835856004,
    57.157031229218));
#3952 = CARTESIAN_POINT('',(4.575141977913,0.865007343215,
    57.284375115836));
#3953 = CARTESIAN_POINT('',(3.636580003449,3.90424342815,57.411718572534
    ));
#3954 = CARTESIAN_POINT('',(0.508906586735,5.953113393739,
    57.539062667786));
#3955 = CARTESIAN_POINT('',(-3.839514508434,5.072145041981,
    57.666406258617));
#3956 = CARTESIAN_POINT('',(-5.867741757265,1.1261167673,57.793749849874
    ));
#3957 = CARTESIAN_POINT('',(-4.7447750836,-2.440276130455,
    57.921093944798));
#3958 = CARTESIAN_POINT('',(-2.074409238559,-4.168571403397,
    58.048437401688));
#3959 = CARTESIAN_POINT('',(0.544315140447,-3.934405688821,
    58.175781288222));
#3960 = CARTESIAN_POINT('',(3.800817014994,-1.153090411652,
    58.430468729251));
#3961 = CARTESIAN_POINT('',(4.441758472491,1.396761788587,
    58.557812615702));
#3962 = CARTESIAN_POINT('',(3.152478280991,4.304615146183,
    58.685156072786));
#3963 = CARTESIAN_POINT('',(-0.194334376254,5.971664687551,
    58.812500167505));
#3964 = CARTESIAN_POINT('',(-4.409067476033,4.585700707626,
    58.93984375879));
#3965 = CARTESIAN_POINT('',(-5.959430086871,0.428631945285,
    59.067187349855));
#3966 = CARTESIAN_POINT('',(-4.425062765329,-2.981049766266,
    59.194531444739));
#3967 = CARTESIAN_POINT('',(-1.570067347797,-4.383497434424,
    59.321874901736));
#3968 = CARTESIAN_POINT('',(1.002982001835,-3.843156801434,
    59.449218788211));
#3969 = CARTESIAN_POINT('',(3.910002734267,-0.698359575672,
    59.703906229249));
#3970 = CARTESIAN_POINT('',(4.246798486937,1.909152805123,
    59.831250115728));
#3971 = CARTESIAN_POINT('',(2.624673480753,4.645311613684,
    59.958593572739));
#3972 = CARTESIAN_POINT('',(-0.894881265002,5.9074302799,60.085937667534
    ));
#3973 = CARTESIAN_POINT('',(-4.917497161799,4.035684409444,
    60.213281258823));
#3974 = CARTESIAN_POINT('',(-5.968502323917,-0.274795038264,
    60.340624849763));
#3975 = CARTESIAN_POINT('',(-4.044005421162,-3.480496852486,
    60.46796894484));
#3976 = CARTESIAN_POINT('',(-1.043959478135,-4.537654663185,
    60.595312401666));
#3977 = CARTESIAN_POINT('',(1.447744437357,-3.69862990043,
    60.722656288244));
#3978 = CARTESIAN_POINT('',(3.964983749056,-0.233947320798,
    60.977343729195));
#3979 = CARTESIAN_POINT('',(3.992964768243,2.395077072081,61.10468761595
    ));
#3980 = CARTESIAN_POINT('',(2.060482606273,4.921609726111,
    61.232031072313));
#3981 = CARTESIAN_POINT('',(-1.583022337914,5.761300658068,
    61.359375168026));
#3982 = CARTESIAN_POINT('',(-5.357755160963,3.429721070531,
    61.486718758488));
#3983 = CARTESIAN_POINT('',(-5.894832699434,-0.974412514346,
    61.614062349857));
#3984 = CARTESIAN_POINT('',(-3.606885681702,-3.931693511276,
    61.741406444878));
#3985 = CARTESIAN_POINT('',(-0.503379108361,-4.628905994682,
    61.868749901636));
#3986 = CARTESIAN_POINT('',(1.872436667134,-3.502828574718,
    61.996093788231));
#3987 = CARTESIAN_POINT('',(3.964997852715,0.233708165975,
    62.250781229259));
#3988 = CARTESIAN_POINT('',(3.683776235485,2.847798179122,
    62.378125115641));
#3989 = CARTESIAN_POINT('',(1.467727083579,5.129679139808,
    62.505468572926));
#3990 = CARTESIAN_POINT('',(-2.249217835473,5.53530162841,62.63281266731
    ));
#3991 = CARTESIAN_POINT('',(-5.723738139172,2.776211213842,
    62.760156258976));
#3992 = CARTESIAN_POINT('',(-5.739442501946,-1.660521626199,
    62.887499849727));
#3993 = CARTESIAN_POINT('',(-3.119763375278,-4.328384764374,
    63.01484394481));
#3994 = CARTESIAN_POINT('',(4.417964921539E-02,-4.65598640385,
    63.142187401696));
#3995 = CARTESIAN_POINT('',(2.271171146189,-3.258467234915,
    63.269531288237));
#3996 = CARTESIAN_POINT('',(3.910044849877,0.698123736279,
    63.524218729193));
#3997 = CARTESIAN_POINT('',(3.323519195276,3.261040015117,
    63.651562615969));
#3998 = CARTESIAN_POINT('',(0.854624334602,5.26663536933,63.778906072285
    ));
#3999 = CARTESIAN_POINT('',(-2.884232233128,5.232566236635,
    63.906250168026));
#4000 = CARTESIAN_POINT('',(-6.010372442627,2.084214501307,
    64.033593758549));
#4001 = CARTESIAN_POINT('',(-5.504485918698,-2.323610783377,
    64.160937349746));
#4002 = CARTESIAN_POINT('',(-2.589391520948,-4.665071246947,
    64.288281444987));
#4003 = CARTESIAN_POINT('',(0.591125940695,-4.618520472687,
    64.415624901568));
#4004 = CARTESIAN_POINT('',(2.638420184103,-2.968933483306,
    64.542968788258));
#4005 = CARTESIAN_POINT('',(3.800886558607,1.152861157153,
    64.797656229219));
#4006 = CARTESIAN_POINT('',(2.917187922648,3.629073772449,
    64.925000115802));
#4007 = CARTESIAN_POINT('',(0.229673854345,5.330579779779,
    65.052343572616));
#4008 = CARTESIAN_POINT('',(-3.479262270517,4.857291328001,
    65.179687667676));
#4009 = CARTESIAN_POINT('',(-6.213684435618,1.363324144291,
    65.307031258711));
#4010 = CARTESIAN_POINT('',(-5.193220173527,-2.954487524545,
    65.434374849822));
#4011 = CARTESIAN_POINT('',(-2.023122708691,-4.937085445128,
    65.561718944818));
#4012 = CARTESIAN_POINT('',(1.129877402169,-4.517027594587,
    65.689062401679));
#4013 = CARTESIAN_POINT('',(2.9690925759,-2.638241151232,65.816406288231
    ));
#4014 = CARTESIAN_POINT('',(3.639036249769,1.59161636455,66.071093729228
    ));
#4015 = CARTESIAN_POINT('',(2.470415422588,3.946797367698,
    66.198437615801));
#4016 = CARTESIAN_POINT('',(-0.398460614094,5.320625903699,
    66.32578107261));
#4017 = CARTESIAN_POINT('',(-4.026058995738,4.414679371704,
    66.45312516767));
#4018 = CARTESIAN_POINT('',(-6.330855586287,0.623533907147,
    66.580468758747));
#4019 = CARTESIAN_POINT('',(-4.809960369879,-3.544405950743,
    66.707812349762));
#4020 = CARTESIAN_POINT('',(-1.428807172329,-5.140656402747,
    66.835156444875));
#4021 = CARTESIAN_POINT('',(1.652965276051,-4.352914774089,
    66.962499901645));
#4022 = CARTESIAN_POINT('',(3.258604181678,-2.270974654945,
    67.089843788244));
#4023 = CARTESIAN_POINT('',(3.426737668135,2.00830685726,67.344531229209
    ));
#4024 = CARTESIAN_POINT('',(1.989395340797,4.209806171278,
    67.471875115873));
#4025 = CARTESIAN_POINT('',(-1.021071188666,5.236911732604,
    67.599218572483));
#4026 = CARTESIAN_POINT('',(-4.51704211855,3.910866335332,
    67.726562667784));
#4027 = CARTESIAN_POINT('',(-6.360261540954,-0.124900434391,
    67.853906258734));
#4028 = CARTESIAN_POINT('',(-4.360019671461,-4.085187971963,
    67.981249849672));
#4029 = CARTESIAN_POINT('',(-0.814683959203,-5.272961998184,
    68.108593944985));
#4030 = CARTESIAN_POINT('',(2.153137950042,-4.128457121302,
    68.235937401585));
#4031 = CARTESIAN_POINT('',(3.502941477154,-1.872225441512,
    68.363281288253));
#4032 = CARTESIAN_POINT('',(3.166933927174,2.397156019113,68.61796872922
    ));
#4033 = CARTESIAN_POINT('',(1.480796100254,4.414454069457,68.74531261581
    ));
#4034 = CARTESIAN_POINT('',(-1.629526565664,5.080597803411,
    68.872656072591));
#4035 = CARTESIAN_POINT('',(-4.945405097412,3.352836622062,
    69.000000167719));
#4036 = CARTESIAN_POINT('',(-6.30149464232,-0.871603270175,
    69.127343758662));
#4037 = CARTESIAN_POINT('',(-3.849635645172,-4.569336680886,
    69.254687349859));
#4038 = CARTESIAN_POINT('',(-0.189266711998,-5.332168067341,
    69.382031444804));
#4039 = CARTESIAN_POINT('',(2.623461487152,-3.846766312074,
    69.509374901674));
#4040 = CARTESIAN_POINT('',(3.698717193378,-1.4475214056,69.636718788242
    ));
#4041 = CARTESIAN_POINT('',(2.863226708568,2.752773200706,
    69.891406229199));
#4042 = CARTESIAN_POINT('',(0.951668455717,4.557904010844,
    70.018750115928));
#4043 = CARTESIAN_POINT('',(-2.215391675271,4.853851109377,
    70.146093572377));
#4044 = CARTESIAN_POINT('',(-5.30520949997,2.74832624631,70.273437667902
    ));
#4045 = CARTESIAN_POINT('',(-6.155369580884,-1.606222995164,
    70.40078125866));
#4046 = CARTESIAN_POINT('',(-3.285883788343,-4.990140281671,
    70.528124849683));
#4047 = CARTESIAN_POINT('',(0.438774355691,-5.317453831751,
    70.655468945004));
#4048 = CARTESIAN_POINT('',(3.057415751943,-3.511747450216,
    70.782812401573));
#4049 = CARTESIAN_POINT('',(3.843217274713,-1.002750255829,
    70.91015628825));
#4050 = CARTESIAN_POINT('',(2.519826331559,3.070228450418,
    71.164843729237));
#4051 = CARTESIAN_POINT('',(0.409347749714,4.638167336544,71.29218761573
    ));
#4052 = CARTESIAN_POINT('',(-2.770544619869,4.559815059655,
    71.419531072728));
#4053 = CARTESIAN_POINT('',(-5.591467325979,2.10571558685,
    71.546875167616));
#4054 = CARTESIAN_POINT('',(-5.923912101241,-2.318575511914,
    71.674218758624));
#4055 = CARTESIAN_POINT('',(-2.676579441853,-5.341765138723,
    71.801562350036));
#4056 = CARTESIAN_POINT('',(1.060732657032,-5.229023275512,
    71.928906444599));
#4057 = CARTESIAN_POINT('',(3.448984798746,-3.128044931293,
    72.056249901809));
#4058 = CARTESIAN_POINT('',(3.934438504152,-0.544077892909,
    72.183593788188));
#4059 = CARTESIAN_POINT('',(2.141493385185,3.345120858801,
    72.438281229277));
#4060 = CARTESIAN_POINT('',(-0.138647779478,4.654131349184,
    72.56562511563));
#4061 = CARTESIAN_POINT('',(-3.287289265691,4.202565901087,72.6929685729
    ));
#4062 = CARTESIAN_POINT('',(-5.800210159268,1.433913211205,
    72.82031266741));
#4063 = CARTESIAN_POINT('',(-5.610330918119,-2.99878541715,
    72.947656258798));
#4064 = CARTESIAN_POINT('',(-2.03016944397,-5.619336645369,
    73.074999849927));
#4065 = CARTESIAN_POINT('',(1.667985930003,-5.068102319721,
    73.202343944661));
#4066 = CARTESIAN_POINT('',(3.792740272522,-2.700978056062,
    73.329687401764));
#4067 = CARTESIAN_POINT('',(3.971116273828,-7.786293135542E-02,
    73.457031288225));
#4068 = CARTESIAN_POINT('',(1.733472731735,3.57363956878,73.711718729193
    ));
#4069 = CARTESIAN_POINT('',(-0.68472122289,4.605574738124,
    73.839062615978));
#4070 = CARTESIAN_POINT('',(-3.758461936802,3.787056209783,
    73.966406072299));
#4071 = CARTESIAN_POINT('',(-5.928544180468,0.742232373288,
    74.093750167912));
#4072 = CARTESIAN_POINT('',(-5.218973234076,-3.637422902286,
    74.221093758808));
#4073 = CARTESIAN_POINT('',(-1.355615032311,-5.819006803863,
    74.348437349414));
#4074 = CARTESIAN_POINT('',(2.252115770232,-4.836921825541,
    74.475781445256));
#4075 = CARTESIAN_POINT('',(4.083916661517,-2.236467289344,
    74.603124901432));
#4076 = CARTESIAN_POINT('',(3.952742116713,0.3894314507,74.730468788291)
  );
#4077 = CARTESIAN_POINT('',(1.301420796507,3.752616605729,
    74.985156229196));
#4078 = CARTESIAN_POINT('',(-1.221302316693,4.493170648114,
    75.11250011587));
#4079 = CARTESIAN_POINT('',(-4.177530727214,3.319046232099,
    75.239843572467));
#4080 = CARTESIAN_POINT('',(-5.97469028256,4.026190385412E-02,
    75.367187667926));
#4081 = CARTESIAN_POINT('',(-4.75526447511,-4.225634479834,
    75.494531258391));
#4082 = CARTESIAN_POINT('',(-0.662267612982,-5.938007571098,
    75.621874850129));
#4083 = CARTESIAN_POINT('',(2.805024336112,-4.538686666856,
    75.749218944603));
#4084 = CARTESIAN_POINT('',(4.318477361937,-1.740952184451,
    75.876562401785));
#4085 = CARTESIAN_POINT('',(3.879570755426,0.851327111112,
    76.003906288197));
#4086 = CARTESIAN_POINT('',(0.851327152703,3.879570795574,
    76.258593729271));
#4087 = CARTESIAN_POINT('',(-1.740952391287,4.318477346635,
    76.385937615642));
#4088 = CARTESIAN_POINT('',(-4.538686049599,2.805024030665,
    76.513281072886));
#4089 = CARTESIAN_POINT('',(-5.938008738713,-0.662266719568,
    76.640625167415));
#4090 = CARTESIAN_POINT('',(-4.225633075668,-4.755265723247,
    76.767968758808));
#4091 = CARTESIAN_POINT('',(4.026087966096E-02,-5.974689227647,
    76.895312349914));
#4092 = CARTESIAN_POINT('',(3.319046607823,-4.17753130458,
    77.022656444659));
#4093 = CARTESIAN_POINT('',(4.493170639078,-1.221302109348,
    77.149999901785));
#4094 = CARTESIAN_POINT('',(3.752616570714,1.30142075044,77.277343788198
    ));
#4095 = CARTESIAN_POINT('',(0.389431487339,3.952742161529,
    77.532031229259));
#4096 = CARTESIAN_POINT('',(-2.236467493193,4.083916621823,
    77.659375115703));
#4097 = CARTESIAN_POINT('',(-4.836921176147,2.252115539744,
    77.786718572756));
#4098 = CARTESIAN_POINT('',(-5.819008069053,-1.355614282569,
    77.914062667587));
#4099 = CARTESIAN_POINT('',(-3.637421360624,-5.218974308487,
    78.041406258657));
#4100 = CARTESIAN_POINT('',(0.742231231975,-5.928543253085,
    78.168749849995));
#4101 = CARTESIAN_POINT('',(3.787056650772,-3.7584624662,78.296093944647
    ));
#4102 = CARTESIAN_POINT('',(4.605574704825,-0.684721017937,
    78.423437401761));
#4103 = CARTESIAN_POINT('',(3.573639539408,1.73347268185,78.550781288225
    ));
#4104 = CARTESIAN_POINT('',(-7.786290024077E-02,3.971116322643,
    78.805468729198));
#4105 = CARTESIAN_POINT('',(-2.700978253797,3.792740209171,
    78.932812615935));
#4106 = CARTESIAN_POINT('',(-5.068101647823,1.66798577733,
    79.060156072461));
#4107 = CARTESIAN_POINT('',(-5.619337989794,-2.030168847861,
    79.187500167523));
#4108 = CARTESIAN_POINT('',(-2.99878376001,-5.610331804358,
    79.314843759464));
#4109 = CARTESIAN_POINT('',(1.433911968908,-5.800209371839,
    79.442187348602));
#4110 = CARTESIAN_POINT('',(4.202566401145,-3.287289740197,
    79.569531446015));
#4111 = CARTESIAN_POINT('',(4.654131292115,-0.138647579396,
    79.696874900882));
#4112 = CARTESIAN_POINT('',(3.34512083543,2.141493331919,79.824218788608
    ));
#4113 = CARTESIAN_POINT('',(-0.544077867612,3.93443855682,
    80.078906228586));
#4114 = CARTESIAN_POINT('',(-3.128045120974,3.448984709571,
    80.206250119231));
#4115 = CARTESIAN_POINT('',(-5.229022588202,1.060732592845,
    80.333593563297));
#4116 = CARTESIAN_POINT('',(-5.341766548088,-2.676579024557,
    80.460937685608));
#4117 = CARTESIAN_POINT('',(-2.318573755664,-5.92391276124,
    80.588281231934));
#4118 = CARTESIAN_POINT('',(2.105714252701,-5.591466720779,
    80.715624882047));
#4119 = CARTESIAN_POINT('',(4.559815619919,-2.770545001984,
    80.842968913082));
#4120 = CARTESIAN_POINT('',(4.638167249937,0.409347917313,
    80.970312427299));
#4121 = CARTESIAN_POINT('',(3.070228437675,2.519826291804,
    81.097656271439));
#4122 = CARTESIAN_POINT('',(1.033739096111,3.181521794738,
    81.225000017454));
#4123 = DEFINITIONAL_REPRESENTATION('',(#4124),#4127);
#4124 = B_SPLINE_CURVE_WITH_KNOTS('',1,(#4125,#4126),.UNSPECIFIED.,.F.,
  .F.,(2,2),(0.,417.69197068273),.PIECEWISE_BEZIER_KNOTS.);
#4125 = CARTESIAN_POINT('',(0.55,0.));
#4126 = CARTESIAN_POINT('',(0.55,417.69197068273));
#4127 = ( GEOMETRIC_REPRESENTATION_CONTEXT(2) 
PARAMETRIC_REPRESENTATION_CONTEXT() REPRESENTATION_CONTEXT('2D SPACE',''
  ) );
#4128 = ORIENTED_EDGE('',*,*,#4129,.T.);
#4129 = EDGE_CURVE('',#1217,#4130,#4132,.T.);
#4130 = VERTEX_POINT('',#4131);
#4131 = CARTESIAN_POINT('',(4.02025,-4.551914400963E-15,0.));
#4132 = SURFACE_CURVE('',#4133,(#4136,#4143),.PCURVE_S1.);
#4133 = B_SPLINE_CURVE_WITH_KNOTS('',1,(#4134,#4135),.UNSPECIFIED.,.F.,
  .F.,(2,2),(0.,0.728868986856),.PIECEWISE_BEZIER_KNOTS.);
#4134 = CARTESIAN_POINT('',(3.34525,2.192690473635E-15,-0.275));
#4135 = CARTESIAN_POINT('',(4.02025,4.357625371654E-15,0.));
#4136 = PCURVE('',#1802,#4137);
#4137 = DEFINITIONAL_REPRESENTATION('',(#4138),#4142);
#4138 = LINE('',#4139,#4140);
#4139 = CARTESIAN_POINT('',(0.,0.));
#4140 = VECTOR('',#4141,1.);
#4141 = DIRECTION('',(1.,0.));
#4142 = ( GEOMETRIC_REPRESENTATION_CONTEXT(2) 
PARAMETRIC_REPRESENTATION_CONTEXT() REPRESENTATION_CONTEXT('2D SPACE',''
  ) );
#4143 = PCURVE('',#4144,#4149);
#4144 = PLANE('',#4145);
#4145 = AXIS2_PLACEMENT_3D('',#4146,#4147,#4148);
#4146 = CARTESIAN_POINT('',(3.590295206381,9.46870009253E-16,
    -4.216412038628E-16));
#4147 = DIRECTION('',(-2.42819603224E-15,-1.,-5.144567375337E-15));
#4148 = DIRECTION('',(0.,5.144567375337E-15,-1.));
#4149 = DEFINITIONAL_REPRESENTATION('',(#4150),#4153);
#4150 = B_SPLINE_CURVE_WITH_KNOTS('',1,(#4151,#4152),.UNSPECIFIED.,.F.,
  .F.,(2,2),(0.,0.728868986856),.PIECEWISE_BEZIER_KNOTS.);
#4151 = CARTESIAN_POINT('',(0.275,-0.245045206381));
#4152 = CARTESIAN_POINT('',(-4.216412038628E-16,0.429954793619));
#4153 = ( GEOMETRIC_REPRESENTATION_CONTEXT(2) 
PARAMETRIC_REPRESENTATION_CONTEXT() REPRESENTATION_CONTEXT('2D SPACE',''
  ) );
#4154 = ORIENTED_EDGE('',*,*,#4155,.T.);
#4155 = EDGE_CURVE('',#4130,#4156,#4158,.T.);
#4156 = VERTEX_POINT('',#4157);
#4157 = CARTESIAN_POINT('',(1.242325570379,3.823484960044,
    81.499999975897));
#4158 = SURFACE_CURVE('',#4159,(#4738,#4745),.PCURVE_S1.);
#4159 = B_SPLINE_CURVE_WITH_KNOTS('',10,(#4160,#4161,#4162,#4163,#4164,
    #4165,#4166,#4167,#4168,#4169,#4170,#4171,#4172,#4173,#4174,#4175,
    #4176,#4177,#4178,#4179,#4180,#4181,#4182,#4183,#4184,#4185,#4186,
    #4187,#4188,#4189,#4190,#4191,#4192,#4193,#4194,#4195,#4196,#4197,
    #4198,#4199,#4200,#4201,#4202,#4203,#4204,#4205,#4206,#4207,#4208,
    #4209,#4210,#4211,#4212,#4213,#4214,#4215,#4216,#4217,#4218,#4219,
    #4220,#4221,#4222,#4223,#4224,#4225,#4226,#4227,#4228,#4229,#4230,
    #4231,#4232,#4233,#4234,#4235,#4236,#4237,#4238,#4239,#4240,#4241,
    #4242,#4243,#4244,#4245,#4246,#4247,#4248,#4249,#4250,#4251,#4252,
    #4253,#4254,#4255,#4256,#4257,#4258,#4259,#4260,#4261,#4262,#4263,
    #4264,#4265,#4266,#4267,#4268,#4269,#4270,#4271,#4272,#4273,#4274,
    #4275,#4276,#4277,#4278,#4279,#4280,#4281,#4282,#4283,#4284,#4285,
    #4286,#4287,#4288,#4289,#4290,#4291,#4292,#4293,#4294,#4295,#4296,
    #4297,#4298,#4299,#4300,#4301,#4302,#4303,#4304,#4305,#4306,#4307,
    #4308,#4309,#4310,#4311,#4312,#4313,#4314,#4315,#4316,#4317,#4318,
    #4319,#4320,#4321,#4322,#4323,#4324,#4325,#4326,#4327,#4328,#4329,
    #4330,#4331,#4332,#4333,#4334,#4335,#4336,#4337,#4338,#4339,#4340,
    #4341,#4342,#4343,#4344,#4345,#4346,#4347,#4348,#4349,#4350,#4351,
    #4352,#4353,#4354,#4355,#4356,#4357,#4358,#4359,#4360,#4361,#4362,
    #4363,#4364,#4365,#4366,#4367,#4368,#4369,#4370,#4371,#4372,#4373,
    #4374,#4375,#4376,#4377,#4378,#4379,#4380,#4381,#4382,#4383,#4384,
    #4385,#4386,#4387,#4388,#4389,#4390,#4391,#4392,#4393,#4394,#4395,
    #4396,#4397,#4398,#4399,#4400,#4401,#4402,#4403,#4404,#4405,#4406,
    #4407,#4408,#4409,#4410,#4411,#4412,#4413,#4414,#4415,#4416,#4417,
    #4418,#4419,#4420,#4421,#4422,#4423,#4424,#4425,#4426,#4427,#4428,
    #4429,#4430,#4431,#4432,#4433,#4434,#4435,#4436,#4437,#4438,#4439,
    #4440,#4441,#4442,#4443,#4444,#4445,#4446,#4447,#4448,#4449,#4450,
    #4451,#4452,#4453,#4454,#4455,#4456,#4457,#4458,#4459,#4460,#4461,
    #4462,#4463,#4464,#4465,#4466,#4467,#4468,#4469,#4470,#4471,#4472,
    #4473,#4474,#4475,#4476,#4477,#4478,#4479,#4480,#4481,#4482,#4483,
    #4484,#4485,#4486,#4487,#4488,#4489,#4490,#4491,#4492,#4493,#4494,
    #4495,#4496,#4497,#4498,#4499,#4500,#4501,#4502,#4503,#4504,#4505,
    #4506,#4507,#4508,#4509,#4510,#4511,#4512,#4513,#4514,#4515,#4516,
    #4517,#4518,#4519,#4520,#4521,#4522,#4523,#4524,#4525,#4526,#4527,
    #4528,#4529,#4530,#4531,#4532,#4533,#4534,#4535,#4536,#4537,#4538,
    #4539,#4540,#4541,#4542,#4543,#4544,#4545,#4546,#4547,#4548,#4549,
    #4550,#4551,#4552,#4553,#4554,#4555,#4556,#4557,#4558,#4559,#4560,
    #4561,#4562,#4563,#4564,#4565,#4566,#4567,#4568,#4569,#4570,#4571,
    #4572,#4573,#4574,#4575,#4576,#4577,#4578,#4579,#4580,#4581,#4582,
    #4583,#4584,#4585,#4586,#4587,#4588,#4589,#4590,#4591,#4592,#4593,
    #4594,#4595,#4596,#4597,#4598,#4599,#4600,#4601,#4602,#4603,#4604,
    #4605,#4606,#4607,#4608,#4609,#4610,#4611,#4612,#4613,#4614,#4615,
    #4616,#4617,#4618,#4619,#4620,#4621,#4622,#4623,#4624,#4625,#4626,
    #4627,#4628,#4629,#4630,#4631,#4632,#4633,#4634,#4635,#4636,#4637,
    #4638,#4639,#4640,#4641,#4642,#4643,#4644,#4645,#4646,#4647,#4648,
    #4649,#4650,#4651,#4652,#4653,#4654,#4655,#4656,#4657,#4658,#4659,
    #4660,#4661,#4662,#4663,#4664,#4665,#4666,#4667,#4668,#4669,#4670,
    #4671,#4672,#4673,#4674,#4675,#4676,#4677,#4678,#4679,#4680,#4681,
    #4682,#4683,#4684,#4685,#4686,#4687,#4688,#4689,#4690,#4691,#4692,
    #4693,#4694,#4695,#4696,#4697,#4698,#4699,#4700,#4701,#4702,#4703,
    #4704,#4705,#4706,#4707,#4708,#4709,#4710,#4711,#4712,#4713,#4714,
    #4715,#4716,#4717,#4718,#4719,#4720,#4721,#4722,#4723,#4724,#4725,
    #4726,#4727,#4728,#4729,#4730,#4731,#4732,#4733,#4734,#4735,#4736,
    #4737),.UNSPECIFIED.,.F.,.F.,(11,9,9,9,9,9,9,9,9,9,9,9,9,9,9,9,9,9,9
    ,9,9,9,9,9,9,9,9,9,9,9,9,9,9,9,9,9,9,9,9,9,9,9,9,9,9,9,9,9,9,9,9,9,9
    ,9,9,9,9,9,9,9,9,9,9,9,11),(0.,6.526437041918,13.052874083836,
    19.579311125753,26.105748167671,32.632185209589,39.158622251507,
    45.685059293424,52.211496335342,58.73793337726,65.264370419178,
    71.790807461095,78.317244503013,84.843681544931,91.370118586849,
    97.896555628766,104.42299267068,110.9494297126,117.47586675452,
    124.00230379643,130.52874083835,137.05517788027,143.58161492219,
    150.1080519641,156.63448900602,163.16092604794,169.68736308986,
    176.21380013177,182.74023717369,189.26667421561,195.79311125753,
    202.31954829945,208.84598534136,215.37242238328,221.8988594252,
    228.42529646712,234.95173350903,241.47817055095,248.00460759287,
    254.53104463479,261.05748167671,267.58391871862,274.11035576054,
    280.63679280246,287.16322984438,293.68966688629,300.21610392821,
    306.74254097013,313.26897801205,319.79541505397,326.32185209588,
    332.8482891378,339.37472617972,345.90116322164,352.42760026355,
    358.95403730547,365.48047434739,372.00691138931,378.53334843123,
    385.05978547314,391.58622251506,398.11265955698,404.6390965989,
    411.16553364081,417.69197068273),.UNSPECIFIED.);
#4160 = CARTESIAN_POINT('',(4.02025,4.357625371654E-15,0.));
#4161 = CARTESIAN_POINT('',(4.020249999978,2.573361744806,0.127343755444
    ));
#4162 = CARTESIAN_POINT('',(2.190344554531,5.149205183094,0.25468737561)
  );
#4163 = CARTESIAN_POINT('',(-1.473242881705,6.240603193863,
    0.382031450931));
#4164 = CARTESIAN_POINT('',(-5.608817800585,4.483230782714,
    0.509374813084));
#4165 = CARTESIAN_POINT('',(-7.631843004946,-0.450073332921,
    0.636718701048));
#4166 = CARTESIAN_POINT('',(-5.042992757985,-5.111400928007,
    0.76406273192));
#4167 = CARTESIAN_POINT('',(-0.72952677581,-6.370507315562,
    0.891405968359));
#4168 = CARTESIAN_POINT('',(2.780386265332,-4.85606584846,1.018750140341
    ));
#4169 = CARTESIAN_POINT('',(4.294849706537,-2.082994652285,
    1.146093696398));
#4170 = CARTESIAN_POINT('',(3.689917221731,3.028054097912,1.400781279075
    ));
#4171 = CARTESIAN_POINT('',(1.569937910953,5.370960646206,1.528124839508
    ));
#4172 = CARTESIAN_POINT('',(-2.196535293456,6.024185047567,
    1.655468995669));
#4173 = CARTESIAN_POINT('',(-6.096887316743,3.792909230993,
    1.782812267728));
#4174 = CARTESIAN_POINT('',(-7.526042108611,-1.343980596943,
    1.910156238568));
#4175 = CARTESIAN_POINT('',(-4.40725627405,-5.66871127523,2.037500206987
    ));
#4176 = CARTESIAN_POINT('',(2.430282074077E-02,-6.41209654921,
    2.164843481178));
#4177 = CARTESIAN_POINT('',(3.331883239982,-4.495606453185,
    2.292187635695));
#4178 = CARTESIAN_POINT('',(4.509909541269,-1.563750828258,
    2.419531197223));
#4179 = CARTESIAN_POINT('',(3.308430803646,3.440768277689,2.674218778669
    ));
#4180 = CARTESIAN_POINT('',(0.927767082542,5.518258017483,2.80156234013)
  );
#4181 = CARTESIAN_POINT('',(-2.88937694682,5.724253107821,2.928906494896
    ));
#4182 = CARTESIAN_POINT('',(-6.50043515966,3.050006249551,3.056249768512
    ));
#4183 = CARTESIAN_POINT('',(-7.315907042191,-2.21925614016,
    3.183593737922));
#4184 = CARTESIAN_POINT('',(-3.710421617234,-6.147435791413,
    3.310937707413));
#4185 = CARTESIAN_POINT('',(0.777795505329,-6.364794335663,
    3.438280980961));
#4186 = CARTESIAN_POINT('',(3.837190030388,-4.072824078882,
    3.565625135774));
#4187 = CARTESIAN_POINT('',(4.66244811178,-1.022828591829,3.692968697208
    ));
#4188 = CARTESIAN_POINT('',(2.881079324505,3.805782790595,3.947656278679
    ));
#4189 = CARTESIAN_POINT('',(0.272734539195,5.589055302825,4.074999840109
    ));
#4190 = CARTESIAN_POINT('',(-3.542162918818,5.344965354413,
    4.202343994928));
#4191 = CARTESIAN_POINT('',(-6.813866910344,2.264820768916,4.32968726848
    ));
#4192 = CARTESIAN_POINT('',(-7.004350926612,-3.063765944461,
    4.457031237938));
#4193 = CARTESIAN_POINT('',(-2.962149066105,-6.540937875982,
    4.584375207415));
#4194 = CARTESIAN_POINT('',(1.52050554386,-6.229256430295,4.71171848095)
  );
#4195 = CARTESIAN_POINT('',(4.289301525062,-3.593579793744,
    4.839062635782));
#4196 = CARTESIAN_POINT('',(4.750350762725,-0.467726794576,
    4.966406197206));
#4197 = CARTESIAN_POINT('',(2.413787194656,4.118037409034,5.22109377868)
  );
#4198 = CARTESIAN_POINT('',(-0.38607894655,5.582371033346,5.348437340105
    ));
#4199 = CARTESIAN_POINT('',(-4.145843581324,4.891579886135,
    5.475781494934));
#4200 = CARTESIAN_POINT('',(-7.032837437449,1.448237883,5.603124768477)
  );
#4201 = CARTESIAN_POINT('',(-6.595692891124,-3.86580249773,
    5.730468737938));
#4202 = CARTESIAN_POINT('',(-2.172811987471,-6.843762375654,
    5.857812707419));
#4203 = CARTESIAN_POINT('',(2.242136683144,-6.007361806762,
    5.985155980945));
#4204 = CARTESIAN_POINT('',(4.681950063423,-3.064517402551,
    6.112500135785));
#4205 = CARTESIAN_POINT('',(4.772398892089,9.385913949701E-02,
    6.239843697204));
#4206 = CARTESIAN_POINT('',(1.913032525123,4.373203320348,6.494531278683
    ));
#4207 = CARTESIAN_POINT('',(-1.039540186618,5.498297873646,
    6.621874840097));
#4208 = CARTESIAN_POINT('',(-4.692050057352,4.370382024777,
    6.749218994948));
#4209 = CARTESIAN_POINT('',(-7.154311133695,0.611577950634,
    6.876562268461));
#4210 = CARTESIAN_POINT('',(-6.095598197263,-4.614247098165,
    7.003906237948));
#4211 = CARTESIAN_POINT('',(-1.353353029201,-7.051711208334,
    7.131250207415));
#4212 = CARTESIAN_POINT('',(2.932684888569,-5.702186609326,
    7.258593480946));
#4213 = CARTESIAN_POINT('',(5.009692324983,-2.492971342782,
    7.385937635784));
#4214 = CARTESIAN_POINT('',(4.728286844757,0.654143896238,7.513281197206
    ));
#4215 = CARTESIAN_POINT('',(1.385757321,4.567743137544,7.767968778677));
#4216 = CARTESIAN_POINT('',(-1.678590191582,5.338001337173,
    7.895312340118));
#4217 = CARTESIAN_POINT('',(-5.173210239502,3.788597181164,
    8.022656494912));
#4218 = CARTESIAN_POINT('',(-7.176603998773,-0.233560339511,
    8.149999768492));
#4219 = CARTESIAN_POINT('',(-5.510999700824,-5.298723993844,
    8.277343737945));
#4220 = CARTESIAN_POINT('',(-0.515132421378,-7.161901561441,
    8.404687707391));
#4221 = CARTESIAN_POINT('',(3.58257703091,-5.317961508029,8.532030980978
    ));
#4222 = CARTESIAN_POINT('',(5.267984790555,-1.886865006665,
    8.659375135764));
#4223 = CARTESIAN_POINT('',(4.618626149837,1.205360199831,8.786718697212
    ));
#4224 = CARTESIAN_POINT('',(0.839271243837,4.698959938385,9.041406278674
    ));
#4225 = CARTESIAN_POINT('',(-2.294369756211,5.103703628612,
    9.168749840125));
#4226 = CARTESIAN_POINT('',(-5.582653762738,3.15429068867,9.296093994903
    ));
#4227 = CARTESIAN_POINT('',(-7.099406984779,-1.075460762567,
    9.423437268501));
#4228 = CARTESIAN_POINT('',(-4.850001741096,-5.909744222619,
    9.550781237937));
#4229 = CARTESIAN_POINT('',(0.330229511558,-7.172805856641,
    9.678125207396));
#4230 = CARTESIAN_POINT('',(4.182803599442,-4.860013048517,
    9.805468480973));
#4231 = CARTESIAN_POINT('',(5.453246729456,-1.254600898523,
    9.932812635769));
#4232 = CARTESIAN_POINT('',(4.444937042982,1.739866491203,
    10.060156197208));
#4233 = CARTESIAN_POINT('',(0.281150277168,4.765034653067,
    10.314843778682));
#4234 = CARTESIAN_POINT('',(-2.878342275391,4.798652837271,
    10.442187340096));
#4235 = CARTESIAN_POINT('',(-5.914704476243,2.476255992803,
    10.56953149495));
#4236 = CARTESIAN_POINT('',(-6.923790280571,-1.90245198048,
    10.69687476846));
#4237 = CARTESIAN_POINT('',(-4.121767789696,-6.438837158474,
    10.824218737944));
#4238 = CARTESIAN_POINT('',(1.171013444354,-7.084272926735,
    10.951562707425));
#4239 = CARTESIAN_POINT('',(4.725043601568,-4.334689809719,
    11.078905980935));
#4240 = CARTESIAN_POINT('',(5.562909839481,-0.604944150113,
    11.206250135792));
#4241 = CARTESIAN_POINT('',(4.209627391235,2.250252863623,
    11.333593697202));
#4242 = CARTESIAN_POINT('',(-0.280868299998,4.765051282132,
    11.588281278686));
#4243 = CARTESIAN_POINT('',(-3.422412087807,4.427077908526,
    11.715624840085));
#4244 = CARTESIAN_POINT('',(-6.164759132402,1.763892746934,
    11.842968994969));
#4245 = CARTESIAN_POINT('',(-6.652188475628,-2.703069342814,
    11.97031226844));
#4246 = CARTESIAN_POINT('',(-3.336393416586,-6.878667940472,
    12.097656237957));
#4247 = CARTESIAN_POINT('',(1.995563516956,-6.897530111363,
    12.225000207423));
#4248 = CARTESIAN_POINT('',(5.201779917469,-3.749274392914,
    12.352343480933));
#4249 = CARTESIAN_POINT('',(5.595453851487,5.309899112893E-02,
    12.479687635793));
#4250 = CARTESIAN_POINT('',(3.915959312556,2.729443786869,
    12.607031197204));
#4251 = CARTESIAN_POINT('',(-0.838993175742,4.699009595047,
    12.861718778679));
#4252 = CARTESIAN_POINT('',(-3.919036706811,3.994130017609,
    12.989062340114));
#4253 = CARTESIAN_POINT('',(-6.329351201986,1.027076504057,
    13.11640649492));
#4254 = CARTESIAN_POINT('',(-6.288366809161,-3.466213822141,
    13.243749768486));
#4255 = CARTESIAN_POINT('',(-2.5047663343,-7.223139156623,
    13.371093737941));
#4256 = CARTESIAN_POINT('',(2.792448920707,-6.615166242256,
    13.498437707407));
#4257 = CARTESIAN_POINT('',(5.606403510566,-3.111882462417,
    13.625780980958));
#4258 = CARTESIAN_POINT('',(5.55042760503,0.710406016483,13.753125135778
    ));
#4259 = CARTESIAN_POINT('',(3.568003952803,3.17079619592,13.880468697207
    ));
#4260 = CARTESIAN_POINT('',(-1.385487016861,4.567825133408,
    14.13515627868));
#4261 = CARTESIAN_POINT('',(-4.361331382561,3.505811158408,
    14.262499840106));
#4262 = CARTESIAN_POINT('',(-6.406198930956,0.276021811175,
    14.389843994935));
#4263 = CARTESIAN_POINT('',(-5.837368972259,-4.181305880833,
    14.517187268469));
#4264 = CARTESIAN_POINT('',(-1.638415460683,-7.467475372811,
    14.644531237955));
#4265 = CARTESIAN_POINT('',(3.55062236467,-6.241095754028,
    14.771875207393));
#4266 = CARTESIAN_POINT('',(5.933305049137,-2.431350237443,
    14.899218480972));
#4267 = CARTESIAN_POINT('',(5.428455302848,1.357864622071,
    15.026562635764));
#4268 = CARTESIAN_POINT('',(3.170585047083,3.568191584334,
    15.153906197217));
#4269 = CARTESIAN_POINT('',(-1.91277373219,4.373316518699,
    15.408593778657));
#4270 = CARTESIAN_POINT('',(-4.743164545884,2.9688909373,15.535937340193
    ));
#4271 = CARTESIAN_POINT('',(-6.394236972638,-0.478859395835,
    15.663281494787));
#4272 = CARTESIAN_POINT('',(-5.30544718676,-4.838432136139,
    15.790624768608));
#4273 = CARTESIAN_POINT('',(-0.749351092467,-7.608289335019,
    15.91796873791));
#4274 = CARTESIAN_POINT('',(4.259573225098,-5.780504418075,
    16.045312707338));
#4275 = CARTESIAN_POINT('',(6.177952669029,-1.717111994804,
    16.172655981056));
#4276 = CARTESIAN_POINT('',(5.23122785746,1.986499033502,16.300000135716
    ));
#4277 = CARTESIAN_POINT('',(2.729212047899,3.916120825627,
    16.427343697223));
#4278 = CARTESIAN_POINT('',(-2.413543500597,4.118180240593,
    16.682031278673));
#4279 = CARTESIAN_POINT('',(-5.059242810771,2.390812725532,
    16.809374840115));
#4280 = CARTESIAN_POINT('',(-6.293631156693,-1.227102133814,
    16.936718994924));
#4281 = CARTESIAN_POINT('',(-4.699975530134,-5.428482790184,
    17.064062268487));
#4282 = CARTESIAN_POINT('',(0.150101594398,-7.643628927216,
    17.191406237926));
#4283 = CARTESIAN_POINT('',(4.909473255265,-5.239777451684,
    17.318750207432));
#4284 = CARTESIAN_POINT('',(6.336954799158,-0.979069280791,
    17.446093480934));
#4285 = CARTESIAN_POINT('',(4.96147944995,2.587594437829,17.573437635792
    ));
#4286 = CARTESIAN_POINT('',(2.250003747133,4.209760546773,
    17.700781197201));
#4287 = CARTESIAN_POINT('',(-2.880854107672,3.805953275278,
    17.955468778687));
#4288 = CARTESIAN_POINT('',(-5.305184357023,1.779590471122,
    18.082812340082));
#4289 = CARTESIAN_POINT('',(-6.105776190196,-1.958333449258,
    18.210156494975));
#4290 = CARTESIAN_POINT('',(-4.02934770813,-5.943277919998,
    18.337499768433));
#4291 = CARTESIAN_POINT('',(1.047473409965,-7.573004233512,
    18.464843737964));
#4292 = CARTESIAN_POINT('',(5.491312835007,-4.626410999428,
    18.592187707415));
#4293 = CARTESIAN_POINT('',(6.408107179381,-0.227453645022,
    18.719530980939));
#4294 = CARTESIAN_POINT('',(4.62294962568,3.152817797687,18.846875135789
    ));
#4295 = CARTESIAN_POINT('',(1.739603450719,4.445039995042,
    18.974218697206));
#4296 = CARTESIAN_POINT('',(-3.30822718624,3.44096405205,19.228906278674
    ));
#4297 = CARTESIAN_POINT('',(-5.477579675807,1.143697600815,
    19.356249840131));
#4298 = CARTESIAN_POINT('',(-5.833276322726,-2.662416219522,
    19.48359399489));
#4299 = CARTESIAN_POINT('',(-3.302860691975,-6.375680876328,
    19.610937268515));
#4300 = CARTESIAN_POINT('',(1.9303240115,-7.397394330169,19.738281237934
    ));
#4301 = CARTESIAN_POINT('',(5.997025872137,-3.948908213198,
    19.865625207388));
#4302 = CARTESIAN_POINT('',(6.390423418125,0.527315200214,
    19.992968480983));
#4303 = CARTESIAN_POINT('',(4.220331452748,3.674333372986,
    20.120312635763));
#4304 = CARTESIAN_POINT('',(1.205086881907,4.618697471186,
    20.247656197208));
#4305 = CARTESIAN_POINT('',(-3.68973802652,3.028272447938,
    20.502343778685));
#4306 = CARTESIAN_POINT('',(-5.57403883598,0.491949552198,
    20.629687340082));
#4307 = CARTESIAN_POINT('',(-5.479909243409,-3.329589684511,
    20.757031494978));
#4308 = CARTESIAN_POINT('',(-2.530585833689,-6.719697219796,
    20.884374768427));
#4309 = CARTESIAN_POINT('',(2.786414365056,-7.119233712395,
    21.011718737969));
#4310 = CARTESIAN_POINT('',(6.419601623349,-3.21666137242,
    21.139062707415));
#4311 = CARTESIAN_POINT('',(6.284148666846,1.274773829409,
    21.266405980932));
#4312 = CARTESIAN_POINT('',(3.759206461569,4.144911348423,21.3937501358)
  );
#4313 = CARTESIAN_POINT('',(0.653864089902,4.728325546661,
    21.521093697195));
#4314 = CARTESIAN_POINT('',(-4.020097710886,2.573599642175,
    21.775781278701));
#4315 = CARTESIAN_POINT('',(-5.593224615906,-0.166618435411,
    21.903124840028));
#4316 = CARTESIAN_POINT('',(-5.050573710472,-3.950604761065,
    22.030468995064));
#4317 = CARTESIAN_POINT('',(-1.723229246147,-6.970557822201,
    22.157812268356));
#4318 = CARTESIAN_POINT('',(3.603876416398,-6.742378544762,
    22.285156237976));
#4319 = CARTESIAN_POINT('',(6.753181884585,-2.439821678134,
    22.412500207469));
#4320 = CARTESIAN_POINT('',(6.090756221597,2.004560159281,22.53984348087
    ));
#4321 = CARTESIAN_POINT('',(3.245967267582,4.55802806099,22.66718763583)
  );
#4322 = CARTESIAN_POINT('',(9.357672372903E-02,4.772404438022,
    22.794531197197));
#4323 = CARTESIAN_POINT('',(-4.294726434599,2.083248803009,
    23.049218778675));
#4324 = CARTESIAN_POINT('',(-5.534871041449,-0.822876577298,
    23.176562340144));
#4325 = CARTESIAN_POINT('',(-4.551221639405,-4.516852263715,
    23.30390649486));
#4326 = CARTESIAN_POINT('',(-0.891983383193,-7.124784981423,
    23.431249768548));
#4327 = CARTESIAN_POINT('',(4.371377618717,-6.272053202898,
    23.558593737916));
#4328 = CARTESIAN_POINT('',(6.993142203961,-1.629158525896,
    23.685937707388));
#4329 = CARTESIAN_POINT('',(5.812927098511,2.706557099103,
    23.813280980989));
#4330 = CARTESIAN_POINT('',(2.687728949911,4.907956438142,
    23.940625135765));
#4331 = CARTESIAN_POINT('',(-0.46800790462,4.750323075802,24.0679686972)
  );
#4332 = CARTESIAN_POINT('',(-4.509816996012,1.564017706343,
    24.32265627871));
#4333 = CARTESIAN_POINT('',(-5.399787073258,-1.467727110365,
    24.449999839984));
#4334 = CARTESIAN_POINT('',(-3.988775590913,-5.020482254565,
    24.57734399514));
#4335 = CARTESIAN_POINT('',(-4.837187782577E-02,-7.180240633062,
    24.704687268293));
#4336 = CARTESIAN_POINT('',(5.078278036775,-5.714777847567,
    24.832031237973));
#4337 = CARTESIAN_POINT('',(7.136155990941,-0.795910208692,
    24.959375207543));
#4338 = CARTESIAN_POINT('',(5.4545128666,3.3710328048,25.086718480776));
#4339 = CARTESIAN_POINT('',(2.092230414431,5.18984539269,25.214062635893
    ));
#4340 = CARTESIAN_POINT('',(-1.023104499099,4.662387575822,
    25.341406197172));
#4341 = CARTESIAN_POINT('',(-4.662387576161,1.023104497567,
    25.596093778707));
#4342 = CARTESIAN_POINT('',(-5.18984539199,-2.092230416138,
    25.723437340034));
#4343 = CARTESIAN_POINT('',(-3.371032803034,-5.454512867709,
    25.850781495045));
#4344 = CARTESIAN_POINT('',(0.795910211075,-7.136155990676,
    25.978124768374));
#4345 = CARTESIAN_POINT('',(5.714777849205,-5.078278034901,
    26.105468737973));
#4346 = CARTESIAN_POINT('',(7.180240633063,4.837188019101E-02,
    26.232812707458));
#4347 = CARTESIAN_POINT('',(5.02048225325,3.988775592561,26.36015598088)
  );
#4348 = CARTESIAN_POINT('',(1.467727108588,5.399787073741,26.48750013583
    ));
#4349 = CARTESIAN_POINT('',(-1.564017707825,4.509816995497,
    26.61484369719));
#4350 = CARTESIAN_POINT('',(-4.750323075955,0.46800790306,
    26.869531278696));
#4351 = CARTESIAN_POINT('',(-4.907956437265,-2.687728951531,
    26.996874840056));
#4352 = CARTESIAN_POINT('',(-2.70655709718,-5.812927099387,
    27.124218995013));
#4353 = CARTESIAN_POINT('',(1.629158528182,-6.993142203441,
    27.251562268402));
#4354 = CARTESIAN_POINT('',(6.272053204339,-4.371377616645,
    27.378906237967));
#4355 = CARTESIAN_POINT('',(7.124784981136,0.891983385535,
    27.506250207438));
#4356 = CARTESIAN_POINT('',(4.516852262209,4.551221640886,
    27.633593480913));
#4357 = CARTESIAN_POINT('',(0.822876575484,5.534871041722,27.7609376358)
  );
#4358 = CARTESIAN_POINT('',(-2.083248804422,4.294726433914,
    27.888281197208));
#4359 = CARTESIAN_POINT('',(-4.772404437992,-9.357672529978E-02,
    28.14296877866));
#4360 = CARTESIAN_POINT('',(-4.558028059919,-3.245967269075,
    28.270312340194));
#4361 = CARTESIAN_POINT('',(-2.004560157287,-6.090756222262,
    28.397656494779));
#4362 = CARTESIAN_POINT('',(2.439821680369,-6.753181883792,
    28.524999768617));
#4363 = CARTESIAN_POINT('',(6.74237854593,-3.603876414149,
    28.652343737911));
#4364 = CARTESIAN_POINT('',(6.970557821648,1.723229248393,
    28.779687707323));
#4365 = CARTESIAN_POINT('',(3.950604759399,5.05057371181,28.907030981079
    ));
#4366 = CARTESIAN_POINT('',(0.166618433572,5.593224615942,
    29.034375135697));
#4367 = CARTESIAN_POINT('',(-2.573599643496,4.020097710045,
    29.161718697233));
#4368 = CARTESIAN_POINT('',(-4.728325546447,-0.65386409146,
    29.416406278656));
#4369 = CARTESIAN_POINT('',(-4.144911347182,-3.759206462927,
    29.543749840174));
#4370 = CARTESIAN_POINT('',(-1.27477382735,-6.284148667268,
    29.671093994827));
#4371 = CARTESIAN_POINT('',(3.216661374538,-6.419601622297,
    29.798437268561));
#4372 = CARTESIAN_POINT('',(7.119233713309,-2.786414362696,
    29.925781237944));
#4373 = CARTESIAN_POINT('',(6.719697218962,2.530585835873,
    30.053125207323));
#4374 = CARTESIAN_POINT('',(3.32958968271,5.479909244525,30.180468481063
    ));
#4375 = CARTESIAN_POINT('',(-0.491949554031,5.574038835808,
    30.307812635709));
#4376 = CARTESIAN_POINT('',(-3.028272449151,3.689738025526,
    30.43515619723));
#4377 = CARTESIAN_POINT('',(-4.61869747079,-1.205086883427,
    30.689843778655));
#4378 = CARTESIAN_POINT('',(-3.6743333716,-4.220331453953,30.81718734018
    ));
#4379 = CARTESIAN_POINT('',(-0.527315198112,-6.390423418302,
    30.944531494815));
#4380 = CARTESIAN_POINT('',(3.948908215173,-5.997025870838,
    31.071874768581));
#4381 = CARTESIAN_POINT('',(7.397394330792,-1.930324009061,
    31.199218737914));
#4382 = CARTESIAN_POINT('',(6.375680875258,3.302860694057,
    31.326562707357));
#4383 = CARTESIAN_POINT('',(2.662416217591,5.833276323614,
    31.453905981035));
#4384 = CARTESIAN_POINT('',(-1.14369760261,5.477579675423,
    31.581250135722));
#4385 = CARTESIAN_POINT('',(-3.440964053139,3.308227185111,
    31.708593697229));
#4386 = CARTESIAN_POINT('',(-4.44503999447,-1.739603452184,
    31.963281278651));
#4387 = CARTESIAN_POINT('',(-3.152817796164,-4.622949626705,
    32.090624840201));
#4388 = CARTESIAN_POINT('',(0.227453647122,-6.408107179327,
    32.217968994781));
#4389 = CARTESIAN_POINT('',(4.626411001244,-5.491312833464,
    32.345312268607));
#4390 = CARTESIAN_POINT('',(7.573004233846,-1.047473407487,
    32.472656237919));
#4391 = CARTESIAN_POINT('',(5.94327791868,4.029347710084,32.600000207326
    ));
#4392 = CARTESIAN_POINT('',(1.958333447248,6.105776190847,
    32.727343481064));
#4393 = CARTESIAN_POINT('',(-1.779590472866,5.305184356433,
    32.854687635716));
#4394 = CARTESIAN_POINT('',(-3.805953276225,2.880854106421,
    32.982031197217));
#4395 = CARTESIAN_POINT('',(-4.209760546034,-2.250003748516,
    33.236718778692));
#4396 = CARTESIAN_POINT('',(-2.587594436196,-4.961479450805,
    33.364062340039));
#4397 = CARTESIAN_POINT('',(0.979069282871,-6.336954798829,
    33.491406495052));
#4398 = CARTESIAN_POINT('',(5.239777453301,-4.909473253545,
    33.618749768367));
#4399 = CARTESIAN_POINT('',(7.643628927264,-0.150101591893,
    33.746093737968));
#4400 = CARTESIAN_POINT('',(5.428482788639,4.699975531937,
    33.873437707475));
#4401 = CARTESIAN_POINT('',(1.227102131744,6.293631157079,
    34.000780980863));
#4402 = CARTESIAN_POINT('',(-2.390812727195,5.059242809995,
    34.12812513584));
#4403 = CARTESIAN_POINT('',(-4.118180241387,2.41354349924,
    34.255468697185));
#4404 = CARTESIAN_POINT('',(-3.916120824729,-2.729212049182,
    34.510156278705));
#4405 = CARTESIAN_POINT('',(-1.98649903179,-5.231227858133,
    34.637499840026));
#4406 = CARTESIAN_POINT('',(1.717111996855,-6.177952668425,
    34.764843995064));
#4407 = CARTESIAN_POINT('',(5.780504419449,-4.259573223243,
    34.892187268353));
#4408 = CARTESIAN_POINT('',(7.608289334796,0.749351095001,
    35.019531237986));
#4409 = CARTESIAN_POINT('',(4.838432134385,5.305447188342,
    35.146875207453));
#4410 = CARTESIAN_POINT('',(0.478859393731,6.394236972789,
    35.274218480885));
#4411 = CARTESIAN_POINT('',(-2.968890938857,4.743164544915,
    35.401562635822));
#4412 = CARTESIAN_POINT('',(-4.373316519329,1.91277373075,
    35.528906197198));
#4413 = CARTESIAN_POINT('',(-3.56819158329,-3.170585048255,
    35.783593778677));
#4414 = CARTESIAN_POINT('',(-1.357864620289,-5.428455303297,
    35.910937340129));
#4415 = CARTESIAN_POINT('',(2.431350239395,-5.933305048336,
    36.03828149489));
#4416 = CARTESIAN_POINT('',(6.2410957552,-3.550622362619,36.165624768517
    ));
#4417 = CARTESIAN_POINT('',(7.46747537226,1.638415463137,36.292968737931
    ));
#4418 = CARTESIAN_POINT('',(4.181305878931,5.837368973636,
    36.420312707388));
#4419 = CARTESIAN_POINT('',(-0.276021813294,6.406198930864,
    36.54765598099));
#4420 = CARTESIAN_POINT('',(-3.505811159836,4.361331381409,
    36.675000135753));
#4421 = CARTESIAN_POINT('',(-4.567825133864,1.38548701536,
    36.802343697218));
#4422 = CARTESIAN_POINT('',(-3.170796194746,-3.568003953847,
    37.057031278663));
#4423 = CARTESIAN_POINT('',(-0.71040601466,-5.550427605259,
    37.184374840164));
#4424 = CARTESIAN_POINT('',(3.111882464264,-5.606403509551,
    37.311718994835));
#4425 = CARTESIAN_POINT('',(6.615166243172,-2.792448918523,
    37.439062268567));
#4426 = CARTESIAN_POINT('',(7.223139155798,2.504766336667,
    37.566406237915));
#4427 = CARTESIAN_POINT('',(3.466213820076,6.288366810304,
    37.693750207368));
#4428 = CARTESIAN_POINT('',(-1.027076506141,6.329351201648,
    37.82109348102));
#4429 = CARTESIAN_POINT('',(-3.994130018896,3.919036705497,
    37.948437635737));
#4430 = CARTESIAN_POINT('',(-4.699009595323,0.838993174197,
    38.075781197218));
#4431 = CARTESIAN_POINT('',(-2.729443785582,-3.915959313454,
    38.330468778673));
#4432 = CARTESIAN_POINT('',(-5.309898928664E-02,-5.595453851504,
    38.457812340123));
#4433 = CARTESIAN_POINT('',(3.749274394616,-5.201779916237,
    38.585156494901));
#4434 = CARTESIAN_POINT('',(6.89753011203,-1.995563514686,
    38.712499768514));
#4435 = CARTESIAN_POINT('',(6.878667939365,3.336393418845,
    38.839843737916));
#4436 = CARTESIAN_POINT('',(2.703069340634,6.652188476518,
    38.967187707418));
#4437 = CARTESIAN_POINT('',(-1.763892748963,6.164759131821,
    39.094530980955));
#4438 = CARTESIAN_POINT('',(-4.427077909651,3.422412086351,
    39.221875135782));
#4439 = CARTESIAN_POINT('',(-4.765051282223,0.280868298432,
    39.349218697199));
#4440 = CARTESIAN_POINT('',(-2.25025286224,-4.209627391975,
    39.603906278702));
#4441 = CARTESIAN_POINT('',(0.604944151946,-5.562909839282,
    39.731249840017));
#4442 = CARTESIAN_POINT('',(4.334689811269,-4.725043600142,
    39.858593995081));
#4443 = CARTESIAN_POINT('',(7.084272927117,-1.171013442024,
    39.98593726836));
#4444 = CARTESIAN_POINT('',(6.438837157132,4.121767791813,40.11328123792
    ));
#4445 = CARTESIAN_POINT('',(1.902451978183,6.923790281197,
    40.240625207566));
#4446 = CARTESIAN_POINT('',(-2.476255994731,5.914704475427,
    40.367968480778));
#4447 = CARTESIAN_POINT('',(-4.798652838225,2.878342273814,
    40.495312635879));
#4448 = CARTESIAN_POINT('',(-4.765034652973,-0.281150278735,
    40.622656197188));
#4449 = CARTESIAN_POINT('',(-1.739866489742,-4.444937043555,
    40.877343778669));
#4450 = CARTESIAN_POINT('',(1.254600900313,-5.453246729039,
    41.004687340181));
#4451 = CARTESIAN_POINT('',(4.860013049896,-4.182803597855,41.1320314948
    ));
#4452 = CARTESIAN_POINT('',(7.17280585675,-0.330229509183,
    41.259374768587));
#4453 = CARTESIAN_POINT('',(5.909744221014,4.850001743023,41.38671873794
    ));
#4454 = CARTESIAN_POINT('',(1.07546076025,7.099406985143,41.514062707304
    ));
#4455 = CARTESIAN_POINT('',(-3.15429069052,5.582653761696,
    41.641405981082));
#4456 = CARTESIAN_POINT('',(-5.10370362936,2.294369754534,
    41.768750135705));
#4457 = CARTESIAN_POINT('',(-4.698959938111,-0.839271245382,
    41.896093697223));
#4458 = CARTESIAN_POINT('',(-1.205360198312,-4.618626150232,
    42.150781278681));
#4459 = CARTESIAN_POINT('',(1.886865008401,-5.267984789938,
    42.278124840076));
#4460 = CARTESIAN_POINT('',(5.317961509198,-3.582577029153,
    42.405468994998));
#4461 = CARTESIAN_POINT('',(7.161901561284,0.515132423722,42.5328122684)
  );
#4462 = CARTESIAN_POINT('',(5.298723992021,5.510999702574,
    42.660156237989));
#4463 = CARTESIAN_POINT('',(0.233560337156,7.17660399885,42.787500207407
    ));
#4464 = CARTESIAN_POINT('',(-3.788597182866,5.173210238252,
    42.914843480937));
#4465 = CARTESIAN_POINT('',(-5.338001337725,1.67859018983,
    43.042187635791));
#4466 = CARTESIAN_POINT('',(-4.567743137088,-1.385757322503,
    43.169531197206));
#4467 = CARTESIAN_POINT('',(-0.654143894684,-4.728286844972,
    43.424218778672));
#4468 = CARTESIAN_POINT('',(2.492971344429,-5.009692324163,
    43.551562340143));
#4469 = CARTESIAN_POINT('',(5.70218661029,-2.932684886694,
    43.678906494866));
#4470 = CARTESIAN_POINT('',(7.05171120789,1.353353031521,43.806249768552
    ));
#4471 = CARTESIAN_POINT('',(4.614247096157,6.095598198778,
    43.933593737886));
#4472 = CARTESIAN_POINT('',(-0.611577952981,7.154311133496,
    44.060937707441));
#4473 = CARTESIAN_POINT('',(-4.370382026324,4.692050055914,
    44.188280980939));
#4474 = CARTESIAN_POINT('',(-5.498297873986,1.039540184811,
    44.315625135792));
#4475 = CARTESIAN_POINT('',(-4.373203319719,-1.913032526561,
    44.442968697194));
#4476 = CARTESIAN_POINT('',(-9.385913792938E-02,-4.772398892119,
    44.69765627871));
#4477 = CARTESIAN_POINT('',(3.064517404097,-4.681950062419,
    44.824999839986));
#4478 = CARTESIAN_POINT('',(6.007361807487,-2.242136681163,
    44.952343995143));
#4479 = CARTESIAN_POINT('',(6.843762374947,2.172811989717,
    45.079687268275));
#4480 = CARTESIAN_POINT('',(3.865802495567,6.595692892395,45.20703123801
    ));
#4481 = CARTESIAN_POINT('',(-1.448237885331,7.032837436977,
    45.334375207491));
#4482 = CARTESIAN_POINT('',(-4.891579887479,4.145843579711,
    45.461718480829));
#4483 = CARTESIAN_POINT('',(-5.582371033483,0.386078944717,
    45.589062635852));
#4484 = CARTESIAN_POINT('',(-4.118037408238,-2.41378719601,
    45.716406197197));
#4485 = CARTESIAN_POINT('',(0.467726796138,-4.750350762572,
    45.971093778659));
#4486 = CARTESIAN_POINT('',(3.59357979515,-4.289301523874,
    46.098437340209));
#4487 = CARTESIAN_POINT('',(6.2292564308,-1.520505541829,46.225781494754
    ));
#4488 = CARTESIAN_POINT('',(6.540937875006,2.962149068285,
    46.353124768635));
#4489 = CARTESIAN_POINT('',(3.063765942153,7.004350927586,
    46.480468737912));
#4490 = CARTESIAN_POINT('',(-2.264820771146,6.813866909629,
    46.607812707308));
#4491 = CARTESIAN_POINT('',(-5.344965355587,3.542162917043,
    46.735155981093));
#4492 = CARTESIAN_POINT('',(-5.589055302731,-0.272734541026,
    46.862500135693));
#4493 = CARTESIAN_POINT('',(-3.805782789649,-2.881079325757,
    46.98984369723));
#4494 = CARTESIAN_POINT('',(1.022828593361,-4.662448111442,
    47.244531278668));
#4495 = CARTESIAN_POINT('',(4.072824080151,-3.837190029054,
    47.371874840133));
#4496 = CARTESIAN_POINT('',(6.364794335902,-0.777795503227,
    47.499218994887));
#4497 = CARTESIAN_POINT('',(6.147435790217,3.710421619251,
    47.626562268523));
#4498 = CARTESIAN_POINT('',(2.21925613773,7.315907042912,47.753906237925
    ));
#4499 = CARTESIAN_POINT('',(-3.05000625167,6.500435158676,
    47.881250207389));
#4500 = CARTESIAN_POINT('',(-5.724253108781,2.88937694492,
    48.008593480994));
#4501 = CARTESIAN_POINT('',(-5.518258017175,-0.927767084348,
    48.135937635751));
#4502 = CARTESIAN_POINT('',(-3.440768276602,-3.30843080478,
    48.263281197216));
#4503 = CARTESIAN_POINT('',(1.56375082974,-4.509909540754,
    48.517968778674));
#4504 = CARTESIAN_POINT('',(4.495606454289,-3.331883238508,
    48.645312340121));
#4505 = CARTESIAN_POINT('',(6.412096549199,-2.430281862946E-02,
    48.772656494909));
#4506 = CARTESIAN_POINT('',(5.668711273813,4.407256275917,
    48.899999768501));
#4507 = CARTESIAN_POINT('',(1.343980594428,7.526042109038,
    49.027343737925));
#4508 = CARTESIAN_POINT('',(-3.792909232954,6.096887315518,
    49.154687707421));
#4509 = CARTESIAN_POINT('',(-6.02418504833,2.196535291454,
    49.282030980947));
#4510 = CARTESIAN_POINT('',(-5.370960645658,-1.569937912706,
    49.409375135788));
#4511 = CARTESIAN_POINT('',(-3.02805409672,-3.689917222732,
    49.536718697197));
#4512 = CARTESIAN_POINT('',(2.08299465374,-4.294849705842,
    49.791406278704));
#4513 = CARTESIAN_POINT('',(4.856065849137,-2.780386263791,
    49.918749840014));
#4514 = CARTESIAN_POINT('',(6.370507315982,0.729526778058,
    50.046093995086));
#4515 = CARTESIAN_POINT('',(5.111400925051,5.042992759373,
    50.173437268346));
#4516 = CARTESIAN_POINT('',(0.450073332389,7.631843005529,
    50.300781237952));
#4517 = CARTESIAN_POINT('',(-4.483230786975,5.608817798592,
    50.428125207525));
#4518 = CARTESIAN_POINT('',(-6.240603191944,1.47324288016,50.55546848081
    ));
#4519 = CARTESIAN_POINT('',(-5.149205184321,-2.19034455663,
    50.68281263587));
#4520 = CARTESIAN_POINT('',(-2.573361742209,-4.020250000559,
    50.81015619718));
#4521 = CARTESIAN_POINT('',(2.573361743531,-4.020249999715,
    51.064843778702));
#4522 = CARTESIAN_POINT('',(5.149205185039,-2.190344554932,
    51.192187340048));
#4523 = CARTESIAN_POINT('',(6.24060319146,1.473242882202,51.319531495018
    ));
#4524 = CARTESIAN_POINT('',(4.483230785138,5.608817800077,
    51.446874768412));
#4525 = CARTESIAN_POINT('',(-0.450073334917,7.631843005375,
    51.574218737932));
#4526 = CARTESIAN_POINT('',(-5.111400926685,5.042992757691,
    51.701562707493));
#4527 = CARTESIAN_POINT('',(-6.370507316239,0.729526775967,
    51.828905980862));
#4528 = CARTESIAN_POINT('',(-4.856065848216,-2.78038626539,
    51.956250135828));
#4529 = CARTESIAN_POINT('',(-2.082994652329,-4.294849706526,
    52.083593697201));
#4530 = CARTESIAN_POINT('',(3.028054097935,-3.689917221737,
    52.338281278664));
#4531 = CARTESIAN_POINT('',(5.370960646171,-1.56993791094,
    52.465624840186));
#4532 = CARTESIAN_POINT('',(6.024185047608,2.196535293437,
    52.592968994793));
#4533 = CARTESIAN_POINT('',(3.792909230961,6.096887316761,
    52.720312268601));
#4534 = CARTESIAN_POINT('',(-1.34398059693,7.526042108604,
    52.847656237919));
#4535 = CARTESIAN_POINT('',(-5.668711275229,4.407256274046,
    52.975000207329));
#4536 = CARTESIAN_POINT('',(-6.412096549215,-2.430282073429E-02,
    53.102343481062));
#4537 = CARTESIAN_POINT('',(-4.495606453183,-3.331883239987,
    53.229687635714));
#4538 = CARTESIAN_POINT('',(-1.563750828258,-4.509909541268,
    53.357031197221));
#4539 = CARTESIAN_POINT('',(3.44076827769,-3.308430803649,53.61171877868
    ));
#4540 = CARTESIAN_POINT('',(5.518258017478,-0.927767082536,
    53.739062340086));
#4541 = CARTESIAN_POINT('',(5.724253107838,2.889376946812,
    53.866406494972));
#4542 = CARTESIAN_POINT('',(3.05000624952,6.500435159655,53.993749768448
    ));
#4543 = CARTESIAN_POINT('',(-2.219256140119,7.315907042217,
    54.121093737923));
#4544 = CARTESIAN_POINT('',(-6.147435791452,3.710421617198,
    54.248437707477));
#4545 = CARTESIAN_POINT('',(-6.364794335635,-0.777795505299,
    54.37578098088));
#4546 = CARTESIAN_POINT('',(-4.072824078896,-3.837190030401,
    54.503125135825));
#4547 = CARTESIAN_POINT('',(-1.022828591827,-4.662448111777,
    54.630468697193));
#4548 = CARTESIAN_POINT('',(3.805782790593,-2.881079324507,
    54.885156278691));
#4549 = CARTESIAN_POINT('',(5.589055302833,-0.272734539188,
    55.012499840075));
#4550 = CARTESIAN_POINT('',(5.344965354398,3.542162918808,
    55.139843994984));
#4551 = CARTESIAN_POINT('',(2.264820768933,6.813866910353,
    55.267187268427));
#4552 = CARTESIAN_POINT('',(-3.063765944472,7.004350926609,
    55.394531237961));
#4553 = CARTESIAN_POINT('',(-6.54093787598,2.962149066105,
    55.521875207428));
#4554 = CARTESIAN_POINT('',(-6.229256430291,-1.520505543859,
    55.649218480923));
#4555 = CARTESIAN_POINT('',(-3.593579793748,-4.289301525063,
    55.776562635802));
#4556 = CARTESIAN_POINT('',(-0.467726794574,-4.750350762725,
    55.903906197198));
#4557 = CARTESIAN_POINT('',(4.118037409032,-2.413787194656,
    56.158593778691));
#4558 = CARTESIAN_POINT('',(5.58237103335,0.386078946547,56.285937340068
    ));
#4559 = CARTESIAN_POINT('',(4.891579886133,4.145843581333,
    56.413281494997));
#4560 = CARTESIAN_POINT('',(1.448237882996,7.032837437432,
    56.540624768419));
#4561 = CARTESIAN_POINT('',(-3.865802497715,6.595692891143,
    56.667968737952));
#4562 = CARTESIAN_POINT('',(-6.843762375672,2.172811987459,
    56.795312707451));
#4563 = CARTESIAN_POINT('',(-6.007361806747,-2.242136683137,
    56.922655980901));
#4564 = CARTESIAN_POINT('',(-3.064517402559,-4.681950063425,
    57.050000135813));
#4565 = CARTESIAN_POINT('',(9.38591394986E-02,-4.772398892089,
    57.177343697196));
#4566 = CARTESIAN_POINT('',(4.373203320346,-1.913032525123,
    57.43203127869));
#4567 = CARTESIAN_POINT('',(5.498297873655,1.039540186619,57.55937484008
    ));
#4568 = CARTESIAN_POINT('',(4.370382024757,4.692050057352,
    57.686718994966));
#4569 = CARTESIAN_POINT('',(0.611577950664,7.154311133696,
    57.814062268455));
#4570 = CARTESIAN_POINT('',(-4.614247098196,6.095598197258,
    57.94140623794));
#4571 = CARTESIAN_POINT('',(-7.051711208311,1.353353029208,
    58.068750207429));
#4572 = CARTESIAN_POINT('',(-5.702186609336,-2.932684888574,
    58.196093480937));
#4573 = CARTESIAN_POINT('',(-2.49297134278,-5.00969232498,
    58.323437635786));
#4574 = CARTESIAN_POINT('',(0.654143896238,-4.728286844757,
    58.450781197209));
#4575 = CARTESIAN_POINT('',(4.567743137544,-1.385757321,58.705468778669)
  );
#4576 = CARTESIAN_POINT('',(5.338001337166,1.678590191581,
    58.832812340144));
#4577 = CARTESIAN_POINT('',(3.788597181181,5.1732102395,58.960156494878)
  );
#4578 = CARTESIAN_POINT('',(-0.233560339539,7.176603998783,
    59.087499768509));
#4579 = CARTESIAN_POINT('',(-5.298723993816,5.510999700807,
    59.214843737965));
#4580 = CARTESIAN_POINT('',(-7.161901561456,0.515132421394,
    59.342187707341));
#4581 = CARTESIAN_POINT('',(-5.317961508026,-3.582577030918,
    59.469530981029));
#4582 = CARTESIAN_POINT('',(-1.886865006664,-5.267984790552,
    59.596875135734));
#4583 = CARTESIAN_POINT('',(1.20536019983,-4.618626149837,
    59.724218697222));
#4584 = CARTESIAN_POINT('',(4.698959938387,-0.839271243837,
    59.978906278664));
#4585 = CARTESIAN_POINT('',(5.103703628605,2.29436975621,60.106249840152
    ));
#4586 = CARTESIAN_POINT('',(3.154290688687,5.582653762741,
    60.233593994859));
#4587 = CARTESIAN_POINT('',(-1.075460762592,7.099406984769,
    60.360937268549));
#4588 = CARTESIAN_POINT('',(-5.909744222596,4.850001741112,
    60.488281237898));
#4589 = CARTESIAN_POINT('',(-7.172805856653,-0.330229511574,
    60.615625207424));
#4590 = CARTESIAN_POINT('',(-4.860013048514,-4.182803599429,
    60.742968480952));
#4591 = CARTESIAN_POINT('',(-1.254600898523,-5.453246729462,
    60.870312635785));
#4592 = CARTESIAN_POINT('',(1.739866491203,-4.444937042981,
    60.997656197197));
#4593 = CARTESIAN_POINT('',(4.765034653067,-0.28115027717,
    61.252343778707));
#4594 = CARTESIAN_POINT('',(4.798652837274,2.8783422754,61.379687340002)
  );
#4595 = CARTESIAN_POINT('',(2.476255992791,5.914704476226,
    61.507031495107));
#4596 = CARTESIAN_POINT('',(-1.902451980459,6.923790280588,
    61.634374768323));
#4597 = CARTESIAN_POINT('',(-6.438837158499,4.121767789686,
    61.761718737968));
#4598 = CARTESIAN_POINT('',(-7.084272926716,-1.171013444355,
    61.889062707515));
#4599 = CARTESIAN_POINT('',(-4.334689809727,-4.725043601563,
    62.016405980822));
#4600 = CARTESIAN_POINT('',(-0.604944150111,-5.562909839485,
    62.143750135853));
#4601 = CARTESIAN_POINT('',(2.250252863623,-4.209627391234,
    62.271093697196));
#4602 = CARTESIAN_POINT('',(4.765051282132,0.280868299999,
    62.525781278664));
#4603 = CARTESIAN_POINT('',(4.427077908521,3.422412087801,
    62.653124840187));
#4604 = CARTESIAN_POINT('',(1.76389274695,6.164759132409,62.780468994793
    ));
#4605 = CARTESIAN_POINT('',(-2.703069342844,6.652188475629,
    62.907812268604));
#4606 = CARTESIAN_POINT('',(-6.878667940438,3.336393416569,
    63.035156237905));
#4607 = CARTESIAN_POINT('',(-6.897530111389,-1.99556351693,
    63.162500207357));
#4608 = CARTESIAN_POINT('',(-3.749274392902,-5.201779917489,
    63.289843481029));
#4609 = CARTESIAN_POINT('',(5.30989911265E-02,-5.595453851478,
    63.417187635742));
#4610 = CARTESIAN_POINT('',(2.72944378687,-3.915959312557,
    63.544531197205));
#4611 = CARTESIAN_POINT('',(4.699009595046,0.838993175741,63.79921877871
    ));
#4612 = CARTESIAN_POINT('',(3.994130017618,3.919036706815,
    63.926562339974));
#4613 = CARTESIAN_POINT('',(1.027076504036,6.329351201988,
    64.053906495162));
#4614 = CARTESIAN_POINT('',(-3.466213822108,6.288366809141,
    64.181249768267));
#4615 = CARTESIAN_POINT('',(-7.223139156655,2.504766334339,
    64.308593737994));
#4616 = CARTESIAN_POINT('',(-6.615166242235,-2.792448920751,
    64.435937707528));
#4617 = CARTESIAN_POINT('',(-3.111882462425,-5.606403510534,
    64.563280980789));
#4618 = CARTESIAN_POINT('',(0.710406016484,-5.550427605044,
    64.690625135881));
#4619 = CARTESIAN_POINT('',(3.170796195921,-3.568003952801,
    64.817968697181));
#4620 = CARTESIAN_POINT('',(4.567825133408,1.38548701686,65.07265627869)
  );
#4621 = CARTESIAN_POINT('',(3.505811158407,4.361331382565,
    65.199999840098));
#4622 = CARTESIAN_POINT('',(0.276021811173,6.406198930951,
    65.327343994934));
#4623 = CARTESIAN_POINT('',(-4.18130588083,5.837368972267,65.45468726848
    ));
#4624 = CARTESIAN_POINT('',(-7.467475372819,1.63841546067,
    65.582031237941));
#4625 = CARTESIAN_POINT('',(-6.241095754019,-3.550622364661,
    65.709375207407));
#4626 = CARTESIAN_POINT('',(-2.431350237449,-5.933305049142,
    65.836718480959));
#4627 = CARTESIAN_POINT('',(1.357864622074,-5.428455302848,
    65.964062635779));
#4628 = CARTESIAN_POINT('',(3.568191584333,-3.170585047081,
    66.091406197204));
#4629 = CARTESIAN_POINT('',(4.373316518699,1.912773732188,
    66.346093778687));
#4630 = CARTESIAN_POINT('',(2.9688909373,4.743164545886,66.473437340078)
  );
#4631 = CARTESIAN_POINT('',(-0.478859395841,6.394236972645,
    66.600781494984));
#4632 = CARTESIAN_POINT('',(-4.838432136119,5.305447186733,
    66.728124768418));
#4633 = CARTESIAN_POINT('',(-7.608289335051,0.749351092512,
    66.855468737983));
#4634 = CARTESIAN_POINT('',(-5.780504418043,-4.259573225145,
    66.982812707399));
#4635 = CARTESIAN_POINT('',(-1.717111994827,-6.177952668995,
    67.110155980946));
#4636 = CARTESIAN_POINT('',(1.986499033511,-5.231227857476,
    67.237500135793));
#4637 = CARTESIAN_POINT('',(3.916120825626,-2.729212047896,
    67.364843697196));
#4638 = CARTESIAN_POINT('',(4.118180240594,2.413543500595,
    67.619531278701));
#4639 = CARTESIAN_POINT('',(2.39081272553,5.059242810779,67.746874840021
    ));
#4640 = CARTESIAN_POINT('',(-1.227102133814,6.293631156679,
    67.874218995081));
#4641 = CARTESIAN_POINT('',(-5.42848279018,4.69997553015,68.001562268339
    ));
#4642 = CARTESIAN_POINT('',(-7.643628927226,-0.150101594412,
    68.128906237974));
#4643 = CARTESIAN_POINT('',(-5.239777451671,-4.909473255261,
    68.256250207496));
#4644 = CARTESIAN_POINT('',(-0.979069280799,-6.336954799156,
    68.383593480834));
#4645 = CARTESIAN_POINT('',(2.587594437833,-4.961479449954,
    68.510937635854));
#4646 = CARTESIAN_POINT('',(4.209760546773,-2.25000374713,
    68.638281197188));
#4647 = CARTESIAN_POINT('',(3.805953275278,2.88085410767,68.892968778686
    ));
#4648 = CARTESIAN_POINT('',(1.779590471125,5.305184357027,
    69.020312340108));
#4649 = CARTESIAN_POINT('',(-1.958333449264,6.105776190187,
    69.147656494919));
#4650 = CARTESIAN_POINT('',(-5.943277919995,4.029347708147,
    69.274999768495));
#4651 = CARTESIAN_POINT('',(-7.573004233506,-1.047473409988,
    69.402343737929));
#4652 = CARTESIAN_POINT('',(-4.626410999438,-5.491312834983,
    69.529687707415));
#4653 = CARTESIAN_POINT('',(-0.227453645013,-6.408107179396,
    69.657030980952));
#4654 = CARTESIAN_POINT('',(3.152817797682,-4.622949625674,
    69.784375135786));
#4655 = CARTESIAN_POINT('',(4.445039995043,-1.739603450719,
    69.911718697197));
#4656 = CARTESIAN_POINT('',(3.440964052051,3.308227186239,
    70.166406278707));
#4657 = CARTESIAN_POINT('',(1.143697600813,5.477579675818,
    70.293749840008));
#4658 = CARTESIAN_POINT('',(-2.662416219525,5.8332763227,70.421093995086
    ));
#4659 = CARTESIAN_POINT('',(-6.375680876312,3.30286069201,
    70.548437268365));
#4660 = CARTESIAN_POINT('',(-7.397394330199,-1.930324011532,
    70.675781237913));
#4661 = CARTESIAN_POINT('',(-3.948908213164,-5.997025872123,
    70.803125207569));
#4662 = CARTESIAN_POINT('',(0.527315200192,-6.390423418125,
    70.93046848078));
#4663 = CARTESIAN_POINT('',(3.674333372995,-4.220331452752,
    71.057812635876));
#4664 = CARTESIAN_POINT('',(4.618697471185,-1.205086881905,
    71.185156197188));
#4665 = CARTESIAN_POINT('',(3.028272447938,3.689738026521,
    71.439843778673));
#4666 = CARTESIAN_POINT('',(0.491949552199,5.574038835973,
    71.567187340164));
#4667 = CARTESIAN_POINT('',(-3.329589684513,5.479909243426,
    71.694531494829));
#4668 = CARTESIAN_POINT('',(-6.719697219797,2.530585833669,
    71.821874768566));
#4669 = CARTESIAN_POINT('',(-7.119233712383,-2.786414365041,
    71.949218737936));
#4670 = CARTESIAN_POINT('',(-3.216661372442,-6.419601623352,
    72.076562707328));
#4671 = CARTESIAN_POINT('',(1.274773829428,-6.28414866685,
    72.203905981064));
#4672 = CARTESIAN_POINT('',(4.144911348412,-3.759206461565,
    72.331250135703));
#4673 = CARTESIAN_POINT('',(4.728325546663,-0.653864089905,
    72.458593697236));
#4674 = CARTESIAN_POINT('',(2.573599642173,4.02009771089,72.713281278645
    ));
#4675 = CARTESIAN_POINT('',(-0.166618435406,5.593224615895,
    72.84062484022));
#4676 = CARTESIAN_POINT('',(-3.95060476107,5.050573710489,
    72.967968994748));
#4677 = CARTESIAN_POINT('',(-6.970557822207,1.723229246137,
    73.095312268637));
#4678 = CARTESIAN_POINT('',(-6.742378544739,-3.603876416407,
    73.222656237913));
#4679 = CARTESIAN_POINT('',(-2.439821678165,-6.753181884561,
    73.350000207307));
#4680 = CARTESIAN_POINT('',(2.004560159307,-6.09075622162,
    73.477343481087));
#4681 = CARTESIAN_POINT('',(4.558028060979,-3.245967267571,
    73.604687635708));
#4682 = CARTESIAN_POINT('',(4.772404438024,-9.357672373029E-02,
    73.732031197211));
#4683 = CARTESIAN_POINT('',(2.08324880301,4.294726434597,73.986718778716
    ));
#4684 = CARTESIAN_POINT('',(-0.822876577298,5.534871041455,
    74.114062339941));
#4685 = CARTESIAN_POINT('',(-4.516852263728,4.551221639397,
    74.241406495213));
#4686 = CARTESIAN_POINT('',(-7.124784981381,0.891983383193,
    74.368749768245));
#4687 = CARTESIAN_POINT('',(-6.272053202967,-4.3713776187,
    74.496093737936));
#4688 = CARTESIAN_POINT('',(-1.629158525823,-6.993142203988,
    74.623437707657));
#4689 = CARTESIAN_POINT('',(2.706557099051,-5.812927098486,
    74.750780980656));
#4690 = CARTESIAN_POINT('',(4.907956438164,-2.687728949924,
    74.878125135961));
#4691 = CARTESIAN_POINT('',(4.750323075798,0.468007904623,
    75.005468697158));
#4692 = CARTESIAN_POINT('',(1.564017706344,4.509816996012,
    75.260156278703));
#4693 = CARTESIAN_POINT('',(-1.467727110365,5.399787073257,
    75.387499840074));
#4694 = CARTESIAN_POINT('',(-5.02048225456,3.988775590912,
    75.514843994975));
#4695 = CARTESIAN_POINT('',(-7.180240633088,4.837187783142E-02,
    75.64218726841));
#4696 = CARTESIAN_POINT('',(-5.714777847516,-5.07827803679,
    75.769531238045));
#4697 = CARTESIAN_POINT('',(-0.795910208752,-7.13615599092,
    75.896875207283));
#4698 = CARTESIAN_POINT('',(3.371032804845,-5.454512866617,
    76.024218481067));
#4699 = CARTESIAN_POINT('',(5.189845392669,-2.092230414423,
    76.151562635712));
#4700 = CARTESIAN_POINT('',(4.662387575827,1.023104499097,
    76.278906197231));
#4701 = CARTESIAN_POINT('',(1.023104497563,4.662387576163,
    76.533593778649));
#4702 = CARTESIAN_POINT('',(-2.092230416124,5.189845391979,
    76.660937340206));
#4703 = CARTESIAN_POINT('',(-5.454512867734,3.371032803056,
    76.788281494776));
#4704 = CARTESIAN_POINT('',(-7.136155990653,-0.795910211101,
    76.915624768603));
#4705 = CARTESIAN_POINT('',(-5.078278034906,-5.714777849187,
    77.042968737935));
#4706 = CARTESIAN_POINT('',(4.837188017734E-02,-7.180240633065,
    77.170312707302));
#4707 = CARTESIAN_POINT('',(3.988775592578,-5.020482253257,
    77.29765598109));
#4708 = CARTESIAN_POINT('',(5.399787073731,-1.467727108584,
    77.425000135694));
#4709 = CARTESIAN_POINT('',(4.5098169955,1.564017707824,77.552343697233)
  );
#4710 = CARTESIAN_POINT('',(0.468007903058,4.750323075956,
    77.807031278657));
#4711 = CARTESIAN_POINT('',(-2.687728951529,4.907956437262,
    77.93437484018));
#4712 = CARTESIAN_POINT('',(-5.812927099383,2.70655709718,78.06171899481
    ));
#4713 = CARTESIAN_POINT('',(-6.993142203463,-1.629158528177,
    78.189062268579));
#4714 = CARTESIAN_POINT('',(-4.371377616601,-6.272053204357,
    78.316406237943));
#4715 = CARTESIAN_POINT('',(0.891983385486,-7.124784981111,
    78.443750207304));
#4716 = CARTESIAN_POINT('',(4.551221640921,-4.516852262229,
    78.57109348108));
#4717 = CARTESIAN_POINT('',(5.534871041707,-0.822876575475,
    78.698437635712));
#4718 = CARTESIAN_POINT('',(4.294726433915,2.083248804421,
    78.825781197211));
#4719 = CARTESIAN_POINT('',(-9.357672529851E-02,4.772404437991,
    79.080468778715));
#4720 = CARTESIAN_POINT('',(-3.245967269079,4.558028059925,
    79.207812339959));
#4721 = CARTESIAN_POINT('',(-6.090756222266,2.004560157274,
    79.33515649512));
#4722 = CARTESIAN_POINT('',(-6.753181883754,-2.439821680348,
    79.462499768532));
#4723 = CARTESIAN_POINT('',(-3.603876414237,-6.742378545956,
    79.589843737362));
#4724 = CARTESIAN_POINT('',(1.723229248515,-6.970557821625,
    79.717187708466));
#4725 = CARTESIAN_POINT('',(5.050573711699,-3.950604759411,
    79.844530979813));
#4726 = CARTESIAN_POINT('',(5.593224616011,-0.16661843357,
    79.971875136634));
#4727 = CARTESIAN_POINT('',(4.020097710014,2.573599643499,
    80.099218696739));
#4728 = CARTESIAN_POINT('',(-0.653864091409,4.728325546441,
    80.353906279532));
#4729 = CARTESIAN_POINT('',(-3.759206463191,4.144911347216,
    80.481249835462));
#4730 = CARTESIAN_POINT('',(-6.284148666561,1.274773827259,
    80.608594007627));
#4731 = CARTESIAN_POINT('',(-6.419601623653,-3.216661374365,
    80.735937243912));
#4732 = CARTESIAN_POINT('',(-2.78641436067,-7.119233713558,
    80.863281274803));
#4733 = CARTESIAN_POINT('',(2.530585833427,-6.719697218673,
    80.99062516291));
#4734 = CARTESIAN_POINT('',(5.479909246943,-3.329589682987,
    81.117968524837));
#4735 = CARTESIAN_POINT('',(5.574038833847,0.491949554249,
    81.245312600356));
#4736 = CARTESIAN_POINT('',(3.689738026816,3.028272449009,
    81.372656220406));
#4737 = CARTESIAN_POINT('',(1.242325570379,3.823484960044,
    81.499999975897));
#4738 = PCURVE('',#1802,#4739);
#4739 = DEFINITIONAL_REPRESENTATION('',(#4740),#4744);
#4740 = LINE('',#4741,#4742);
#4741 = CARTESIAN_POINT('',(0.728868986856,0.));
#4742 = VECTOR('',#4743,1.);
#4743 = DIRECTION('',(0.,1.));
#4744 = ( GEOMETRIC_REPRESENTATION_CONTEXT(2) 
PARAMETRIC_REPRESENTATION_CONTEXT() REPRESENTATION_CONTEXT('2D SPACE',''
  ) );
#4745 = PCURVE('',#4746,#5903);
#4746 = B_SPLINE_SURFACE_WITH_KNOTS('',1,10,(
    (#4747,#4748,#4749,#4750,#4751,#4752,#4753,#4754,#4755,#4756,#4757
      ,#4758,#4759,#4760,#4761,#4762,#4763,#4764,#4765,#4766,#4767,#4768
      ,#4769,#4770,#4771,#4772,#4773,#4774,#4775,#4776,#4777,#4778,#4779
      ,#4780,#4781,#4782,#4783,#4784,#4785,#4786,#4787,#4788,#4789,#4790
      ,#4791,#4792,#4793,#4794,#4795,#4796,#4797,#4798,#4799,#4800,#4801
      ,#4802,#4803,#4804,#4805,#4806,#4807,#4808,#4809,#4810,#4811,#4812
      ,#4813,#4814,#4815,#4816,#4817,#4818,#4819,#4820,#4821,#4822,#4823
      ,#4824,#4825,#4826,#4827,#4828,#4829,#4830,#4831,#4832,#4833,#4834
      ,#4835,#4836,#4837,#4838,#4839,#4840,#4841,#4842,#4843,#4844,#4845
      ,#4846,#4847,#4848,#4849,#4850,#4851,#4852,#4853,#4854,#4855,#4856
      ,#4857,#4858,#4859,#4860,#4861,#4862,#4863,#4864,#4865,#4866,#4867
      ,#4868,#4869,#4870,#4871,#4872,#4873,#4874,#4875,#4876,#4877,#4878
      ,#4879,#4880,#4881,#4882,#4883,#4884,#4885,#4886,#4887,#4888,#4889
      ,#4890,#4891,#4892,#4893,#4894,#4895,#4896,#4897,#4898,#4899,#4900
      ,#4901,#4902,#4903,#4904,#4905,#4906,#4907,#4908,#4909,#4910,#4911
      ,#4912,#4913,#4914,#4915,#4916,#4917,#4918,#4919,#4920,#4921,#4922
      ,#4923,#4924,#4925,#4926,#4927,#4928,#4929,#4930,#4931,#4932,#4933
      ,#4934,#4935,#4936,#4937,#4938,#4939,#4940,#4941,#4942,#4943,#4944
      ,#4945,#4946,#4947,#4948,#4949,#4950,#4951,#4952,#4953,#4954,#4955
      ,#4956,#4957,#4958,#4959,#4960,#4961,#4962,#4963,#4964,#4965,#4966
      ,#4967,#4968,#4969,#4970,#4971,#4972,#4973,#4974,#4975,#4976,#4977
      ,#4978,#4979,#4980,#4981,#4982,#4983,#4984,#4985,#4986,#4987,#4988
      ,#4989,#4990,#4991,#4992,#4993,#4994,#4995,#4996,#4997,#4998,#4999
      ,#5000,#5001,#5002,#5003,#5004,#5005,#5006,#5007,#5008,#5009,#5010
      ,#5011,#5012,#5013,#5014,#5015,#5016,#5017,#5018,#5019,#5020,#5021
      ,#5022,#5023,#5024,#5025,#5026,#5027,#5028,#5029,#5030,#5031,#5032
      ,#5033,#5034,#5035,#5036,#5037,#5038,#5039,#5040,#5041,#5042,#5043
      ,#5044,#5045,#5046,#5047,#5048,#5049,#5050,#5051,#5052,#5053,#5054
      ,#5055,#5056,#5057,#5058,#5059,#5060,#5061,#5062,#5063,#5064,#5065
      ,#5066,#5067,#5068,#5069,#5070,#5071,#5072,#5073,#5074,#5075,#5076
      ,#5077,#5078,#5079,#5080,#5081,#5082,#5083,#5084,#5085,#5086,#5087
      ,#5088,#5089,#5090,#5091,#5092,#5093,#5094,#5095,#5096,#5097,#5098
      ,#5099,#5100,#5101,#5102,#5103,#5104,#5105,#5106,#5107,#5108,#5109
      ,#5110,#5111,#5112,#5113,#5114,#5115,#5116,#5117,#5118,#5119,#5120
      ,#5121,#5122,#5123,#5124,#5125,#5126,#5127,#5128,#5129,#5130,#5131
      ,#5132,#5133,#5134,#5135,#5136,#5137,#5138,#5139,#5140,#5141,#5142
      ,#5143,#5144,#5145,#5146,#5147,#5148,#5149,#5150,#5151,#5152,#5153
      ,#5154,#5155,#5156,#5157,#5158,#5159,#5160,#5161,#5162,#5163,#5164
      ,#5165,#5166,#5167,#5168,#5169,#5170,#5171,#5172,#5173,#5174,#5175
      ,#5176,#5177,#5178,#5179,#5180,#5181,#5182,#5183,#5184,#5185,#5186
      ,#5187,#5188,#5189,#5190,#5191,#5192,#5193,#5194,#5195,#5196,#5197
      ,#5198,#5199,#5200,#5201,#5202,#5203,#5204,#5205,#5206,#5207,#5208
      ,#5209,#5210,#5211,#5212,#5213,#5214,#5215,#5216,#5217,#5218,#5219
      ,#5220,#5221,#5222,#5223,#5224,#5225,#5226,#5227,#5228,#5229,#5230
      ,#5231,#5232,#5233,#5234,#5235,#5236,#5237,#5238,#5239,#5240,#5241
      ,#5242,#5243,#5244,#5245,#5246,#5247,#5248,#5249,#5250,#5251,#5252
      ,#5253,#5254,#5255,#5256,#5257,#5258,#5259,#5260,#5261,#5262,#5263
      ,#5264,#5265,#5266,#5267,#5268,#5269,#5270,#5271,#5272,#5273,#5274
      ,#5275,#5276,#5277,#5278,#5279,#5280,#5281,#5282,#5283,#5284,#5285
      ,#5286,#5287,#5288,#5289,#5290,#5291,#5292,#5293,#5294,#5295,#5296
      ,#5297,#5298,#5299,#5300,#5301,#5302,#5303,#5304,#5305,#5306,#5307
      ,#5308,#5309,#5310,#5311,#5312,#5313,#5314,#5315,#5316,#5317,#5318
      ,#5319,#5320,#5321,#5322,#5323,#5324)
    ,(#5325,#5326,#5327,#5328,#5329,#5330,#5331,#5332,#5333,#5334,#5335
      ,#5336,#5337,#5338,#5339,#5340,#5341,#5342,#5343,#5344,#5345,#5346
      ,#5347,#5348,#5349,#5350,#5351,#5352,#5353,#5354,#5355,#5356,#5357
      ,#5358,#5359,#5360,#5361,#5362,#5363,#5364,#5365,#5366,#5367,#5368
      ,#5369,#5370,#5371,#5372,#5373,#5374,#5375,#5376,#5377,#5378,#5379
      ,#5380,#5381,#5382,#5383,#5384,#5385,#5386,#5387,#5388,#5389,#5390
      ,#5391,#5392,#5393,#5394,#5395,#5396,#5397,#5398,#5399,#5400,#5401
      ,#5402,#5403,#5404,#5405,#5406,#5407,#5408,#5409,#5410,#5411,#5412
      ,#5413,#5414,#5415,#5416,#5417,#5418,#5419,#5420,#5421,#5422,#5423
      ,#5424,#5425,#5426,#5427,#5428,#5429,#5430,#5431,#5432,#5433,#5434
      ,#5435,#5436,#5437,#5438,#5439,#5440,#5441,#5442,#5443,#5444,#5445
      ,#5446,#5447,#5448,#5449,#5450,#5451,#5452,#5453,#5454,#5455,#5456
      ,#5457,#5458,#5459,#5460,#5461,#5462,#5463,#5464,#5465,#5466,#5467
      ,#5468,#5469,#5470,#5471,#5472,#5473,#5474,#5475,#5476,#5477,#5478
      ,#5479,#5480,#5481,#5482,#5483,#5484,#5485,#5486,#5487,#5488,#5489
      ,#5490,#5491,#5492,#5493,#5494,#5495,#5496,#5497,#5498,#5499,#5500
      ,#5501,#5502,#5503,#5504,#5505,#5506,#5507,#5508,#5509,#5510,#5511
      ,#5512,#5513,#5514,#5515,#5516,#5517,#5518,#5519,#5520,#5521,#5522
      ,#5523,#5524,#5525,#5526,#5527,#5528,#5529,#5530,#5531,#5532,#5533
      ,#5534,#5535,#5536,#5537,#5538,#5539,#5540,#5541,#5542,#5543,#5544
      ,#5545,#5546,#5547,#5548,#5549,#5550,#5551,#5552,#5553,#5554,#5555
      ,#5556,#5557,#5558,#5559,#5560,#5561,#5562,#5563,#5564,#5565,#5566
      ,#5567,#5568,#5569,#5570,#5571,#5572,#5573,#5574,#5575,#5576,#5577
      ,#5578,#5579,#5580,#5581,#5582,#5583,#5584,#5585,#5586,#5587,#5588
      ,#5589,#5590,#5591,#5592,#5593,#5594,#5595,#5596,#5597,#5598,#5599
      ,#5600,#5601,#5602,#5603,#5604,#5605,#5606,#5607,#5608,#5609,#5610
      ,#5611,#5612,#5613,#5614,#5615,#5616,#5617,#5618,#5619,#5620,#5621
      ,#5622,#5623,#5624,#5625,#5626,#5627,#5628,#5629,#5630,#5631,#5632
      ,#5633,#5634,#5635,#5636,#5637,#5638,#5639,#5640,#5641,#5642,#5643
      ,#5644,#5645,#5646,#5647,#5648,#5649,#5650,#5651,#5652,#5653,#5654
      ,#5655,#5656,#5657,#5658,#5659,#5660,#5661,#5662,#5663,#5664,#5665
      ,#5666,#5667,#5668,#5669,#5670,#5671,#5672,#5673,#5674,#5675,#5676
      ,#5677,#5678,#5679,#5680,#5681,#5682,#5683,#5684,#5685,#5686,#5687
      ,#5688,#5689,#5690,#5691,#5692,#5693,#5694,#5695,#5696,#5697,#5698
      ,#5699,#5700,#5701,#5702,#5703,#5704,#5705,#5706,#5707,#5708,#5709
      ,#5710,#5711,#5712,#5713,#5714,#5715,#5716,#5717,#5718,#5719,#5720
      ,#5721,#5722,#5723,#5724,#5725,#5726,#5727,#5728,#5729,#5730,#5731
      ,#5732,#5733,#5734,#5735,#5736,#5737,#5738,#5739,#5740,#5741,#5742
      ,#5743,#5744,#5745,#5746,#5747,#5748,#5749,#5750,#5751,#5752,#5753
      ,#5754,#5755,#5756,#5757,#5758,#5759,#5760,#5761,#5762,#5763,#5764
      ,#5765,#5766,#5767,#5768,#5769,#5770,#5771,#5772,#5773,#5774,#5775
      ,#5776,#5777,#5778,#5779,#5780,#5781,#5782,#5783,#5784,#5785,#5786
      ,#5787,#5788,#5789,#5790,#5791,#5792,#5793,#5794,#5795,#5796,#5797
      ,#5798,#5799,#5800,#5801,#5802,#5803,#5804,#5805,#5806,#5807,#5808
      ,#5809,#5810,#5811,#5812,#5813,#5814,#5815,#5816,#5817,#5818,#5819
      ,#5820,#5821,#5822,#5823,#5824,#5825,#5826,#5827,#5828,#5829,#5830
      ,#5831,#5832,#5833,#5834,#5835,#5836,#5837,#5838,#5839,#5840,#5841
      ,#5842,#5843,#5844,#5845,#5846,#5847,#5848,#5849,#5850,#5851,#5852
      ,#5853,#5854,#5855,#5856,#5857,#5858,#5859,#5860,#5861,#5862,#5863
      ,#5864,#5865,#5866,#5867,#5868,#5869,#5870,#5871,#5872,#5873,#5874
      ,#5875,#5876,#5877,#5878,#5879,#5880,#5881,#5882,#5883,#5884,#5885
      ,#5886,#5887,#5888,#5889,#5890,#5891,#5892,#5893,#5894,#5895,#5896
      ,#5897,#5898,#5899,#5900,#5901,#5902
    )),.UNSPECIFIED.,.F.,.F.,.F.,(2,2),(11,9,9,9,9,9,9,9,9,9,9,9,9,9,9,9
    ,9,9,9,9,9,9,9,9,9,9,9,9,9,9,9,9,9,9,9,9,9,9,9,9,9,9,9,9,9,9,9,9,9,9
    ,9,9,9,9,9,9,9,9,9,9,9,9,9,9,11),(0.,0.728868986856),(0.,
    6.526437041918,13.052874083836,19.579311125753,26.105748167671,
    32.632185209589,39.158622251507,45.685059293424,52.211496335342,
    58.73793337726,65.264370419178,71.790807461095,78.317244503013,
    84.843681544931,91.370118586849,97.896555628766,104.42299267068,
    110.9494297126,117.47586675452,124.00230379643,130.52874083835,
    137.05517788027,143.58161492219,150.1080519641,156.63448900602,
    163.16092604794,169.68736308986,176.21380013177,182.74023717369,
    189.26667421561,195.79311125753,202.31954829945,208.84598534136,
    215.37242238328,221.8988594252,228.42529646712,234.95173350903,
    241.47817055095,248.00460759287,254.53104463479,261.05748167671,
    267.58391871862,274.11035576054,280.63679280246,287.16322984438,
    293.68966688629,300.21610392821,306.74254097013,313.26897801205,
    319.79541505397,326.32185209588,332.8482891378,339.37472617972,
    345.90116322164,352.42760026355,358.95403730547,365.48047434739,
    372.00691138931,378.53334843123,385.05978547314,391.58622251506,
    398.11265955698,404.6390965989,411.16553364081,417.69197068273),
  .UNSPECIFIED.);
#4747 = CARTESIAN_POINT('',(4.02025,-4.551914400963E-15,0.));
#4748 = CARTESIAN_POINT('',(4.020249999978,2.573361744806,0.127343755444
    ));
#4749 = CARTESIAN_POINT('',(2.190344554531,5.149205183094,0.25468737561)
  );
#4750 = CARTESIAN_POINT('',(-1.473242881706,6.240603193863,
    0.382031450931));
#4751 = CARTESIAN_POINT('',(-5.608817800585,4.483230782713,
    0.509374813084));
#4752 = CARTESIAN_POINT('',(-7.631843004947,-0.450073332921,
    0.636718701048));
#4753 = CARTESIAN_POINT('',(-5.042992757984,-5.111400928007,
    0.76406273192));
#4754 = CARTESIAN_POINT('',(-0.729526775811,-6.370507315562,
    0.891405968359));
#4755 = CARTESIAN_POINT('',(2.780386265332,-4.85606584846,1.018750140341
    ));
#4756 = CARTESIAN_POINT('',(4.294849706537,-2.082994652285,
    1.146093696398));
#4757 = CARTESIAN_POINT('',(3.689917221731,3.028054097912,1.400781279075
    ));
#4758 = CARTESIAN_POINT('',(1.569937910953,5.370960646206,1.528124839508
    ));
#4759 = CARTESIAN_POINT('',(-2.196535293457,6.024185047567,1.65546899567
    ));
#4760 = CARTESIAN_POINT('',(-6.096887316743,3.792909230993,
    1.782812267728));
#4761 = CARTESIAN_POINT('',(-7.526042108611,-1.343980596943,
    1.910156238568));
#4762 = CARTESIAN_POINT('',(-4.40725627405,-5.66871127523,2.037500206987
    ));
#4763 = CARTESIAN_POINT('',(2.430282074069E-02,-6.41209654921,
    2.164843481178));
#4764 = CARTESIAN_POINT('',(3.331883239982,-4.495606453185,
    2.292187635695));
#4765 = CARTESIAN_POINT('',(4.509909541269,-1.563750828258,
    2.419531197223));
#4766 = CARTESIAN_POINT('',(3.308430803646,3.440768277689,2.674218778669
    ));
#4767 = CARTESIAN_POINT('',(0.927767082542,5.518258017484,2.80156234013)
  );
#4768 = CARTESIAN_POINT('',(-2.88937694682,5.724253107821,2.928906494896
    ));
#4769 = CARTESIAN_POINT('',(-6.50043515966,3.050006249552,3.056249768512
    ));
#4770 = CARTESIAN_POINT('',(-7.315907042191,-2.219256140161,
    3.183593737922));
#4771 = CARTESIAN_POINT('',(-3.710421617234,-6.147435791412,
    3.310937707413));
#4772 = CARTESIAN_POINT('',(0.777795505329,-6.364794335663,
    3.438280980961));
#4773 = CARTESIAN_POINT('',(3.837190030388,-4.072824078882,
    3.565625135774));
#4774 = CARTESIAN_POINT('',(4.66244811178,-1.022828591829,3.692968697208
    ));
#4775 = CARTESIAN_POINT('',(2.881079324505,3.805782790595,3.947656278679
    ));
#4776 = CARTESIAN_POINT('',(0.272734539195,5.589055302825,4.074999840109
    ));
#4777 = CARTESIAN_POINT('',(-3.542162918818,5.344965354413,
    4.202343994928));
#4778 = CARTESIAN_POINT('',(-6.813866910344,2.264820768916,4.32968726848
    ));
#4779 = CARTESIAN_POINT('',(-7.004350926613,-3.063765944461,
    4.457031237938));
#4780 = CARTESIAN_POINT('',(-2.962149066105,-6.540937875982,
    4.584375207415));
#4781 = CARTESIAN_POINT('',(1.52050554386,-6.229256430295,4.71171848095)
  );
#4782 = CARTESIAN_POINT('',(4.289301525062,-3.593579793744,
    4.839062635782));
#4783 = CARTESIAN_POINT('',(4.750350762725,-0.467726794576,
    4.966406197206));
#4784 = CARTESIAN_POINT('',(2.413787194656,4.118037409034,5.22109377868)
  );
#4785 = CARTESIAN_POINT('',(-0.38607894655,5.582371033346,5.348437340105
    ));
#4786 = CARTESIAN_POINT('',(-4.145843581324,4.891579886134,
    5.475781494934));
#4787 = CARTESIAN_POINT('',(-7.032837437449,1.448237883,5.603124768477)
  );
#4788 = CARTESIAN_POINT('',(-6.595692891124,-3.86580249773,
    5.730468737938));
#4789 = CARTESIAN_POINT('',(-2.172811987471,-6.843762375654,
    5.857812707419));
#4790 = CARTESIAN_POINT('',(2.242136683144,-6.007361806762,
    5.985155980945));
#4791 = CARTESIAN_POINT('',(4.681950063423,-3.064517402551,
    6.112500135785));
#4792 = CARTESIAN_POINT('',(4.772398892089,9.385913949701E-02,
    6.239843697204));
#4793 = CARTESIAN_POINT('',(1.913032525123,4.373203320348,6.494531278683
    ));
#4794 = CARTESIAN_POINT('',(-1.039540186618,5.498297873646,
    6.621874840097));
#4795 = CARTESIAN_POINT('',(-4.692050057353,4.370382024777,
    6.749218994948));
#4796 = CARTESIAN_POINT('',(-7.154311133694,0.611577950634,
    6.876562268461));
#4797 = CARTESIAN_POINT('',(-6.095598197263,-4.614247098165,
    7.003906237948));
#4798 = CARTESIAN_POINT('',(-1.353353029201,-7.051711208334,
    7.131250207415));
#4799 = CARTESIAN_POINT('',(2.932684888568,-5.702186609326,
    7.258593480946));
#4800 = CARTESIAN_POINT('',(5.009692324983,-2.492971342782,
    7.385937635784));
#4801 = CARTESIAN_POINT('',(4.728286844757,0.654143896238,7.513281197206
    ));
#4802 = CARTESIAN_POINT('',(1.385757321,4.567743137544,7.767968778677));
#4803 = CARTESIAN_POINT('',(-1.678590191582,5.338001337173,
    7.895312340118));
#4804 = CARTESIAN_POINT('',(-5.173210239501,3.788597181164,
    8.022656494912));
#4805 = CARTESIAN_POINT('',(-7.176603998773,-0.233560339511,
    8.149999768492));
#4806 = CARTESIAN_POINT('',(-5.510999700823,-5.298723993844,
    8.277343737945));
#4807 = CARTESIAN_POINT('',(-0.515132421378,-7.161901561441,
    8.404687707391));
#4808 = CARTESIAN_POINT('',(3.58257703091,-5.317961508029,8.532030980978
    ));
#4809 = CARTESIAN_POINT('',(5.267984790555,-1.886865006665,
    8.659375135764));
#4810 = CARTESIAN_POINT('',(4.618626149837,1.205360199831,8.786718697212
    ));
#4811 = CARTESIAN_POINT('',(0.839271243837,4.698959938385,9.041406278674
    ));
#4812 = CARTESIAN_POINT('',(-2.294369756211,5.103703628612,
    9.168749840125));
#4813 = CARTESIAN_POINT('',(-5.582653762738,3.15429068867,9.296093994903
    ));
#4814 = CARTESIAN_POINT('',(-7.099406984779,-1.075460762567,
    9.423437268501));
#4815 = CARTESIAN_POINT('',(-4.850001741097,-5.909744222619,
    9.550781237937));
#4816 = CARTESIAN_POINT('',(0.330229511558,-7.172805856641,
    9.678125207396));
#4817 = CARTESIAN_POINT('',(4.182803599441,-4.860013048517,
    9.805468480973));
#4818 = CARTESIAN_POINT('',(5.453246729456,-1.254600898523,
    9.932812635769));
#4819 = CARTESIAN_POINT('',(4.444937042982,1.739866491203,
    10.060156197208));
#4820 = CARTESIAN_POINT('',(0.281150277168,4.765034653067,
    10.314843778682));
#4821 = CARTESIAN_POINT('',(-2.878342275391,4.798652837271,
    10.442187340096));
#4822 = CARTESIAN_POINT('',(-5.914704476243,2.476255992803,
    10.56953149495));
#4823 = CARTESIAN_POINT('',(-6.92379028057,-1.90245198048,10.69687476846
    ));
#4824 = CARTESIAN_POINT('',(-4.121767789696,-6.438837158474,
    10.824218737944));
#4825 = CARTESIAN_POINT('',(1.171013444354,-7.084272926734,
    10.951562707425));
#4826 = CARTESIAN_POINT('',(4.725043601568,-4.334689809719,
    11.078905980935));
#4827 = CARTESIAN_POINT('',(5.562909839481,-0.604944150113,
    11.206250135792));
#4828 = CARTESIAN_POINT('',(4.209627391235,2.250252863623,
    11.333593697202));
#4829 = CARTESIAN_POINT('',(-0.280868299998,4.765051282132,
    11.588281278686));
#4830 = CARTESIAN_POINT('',(-3.422412087807,4.427077908526,
    11.715624840085));
#4831 = CARTESIAN_POINT('',(-6.164759132402,1.763892746934,
    11.842968994969));
#4832 = CARTESIAN_POINT('',(-6.652188475627,-2.703069342814,
    11.97031226844));
#4833 = CARTESIAN_POINT('',(-3.336393416586,-6.878667940472,
    12.097656237957));
#4834 = CARTESIAN_POINT('',(1.995563516956,-6.897530111363,
    12.225000207423));
#4835 = CARTESIAN_POINT('',(5.201779917468,-3.749274392913,
    12.352343480933));
#4836 = CARTESIAN_POINT('',(5.595453851487,5.309899112889E-02,
    12.479687635793));
#4837 = CARTESIAN_POINT('',(3.915959312556,2.729443786869,
    12.607031197204));
#4838 = CARTESIAN_POINT('',(-0.838993175742,4.699009595047,
    12.861718778679));
#4839 = CARTESIAN_POINT('',(-3.919036706811,3.994130017609,
    12.989062340114));
#4840 = CARTESIAN_POINT('',(-6.329351201986,1.027076504057,
    13.11640649492));
#4841 = CARTESIAN_POINT('',(-6.288366809161,-3.466213822141,
    13.243749768486));
#4842 = CARTESIAN_POINT('',(-2.504766334299,-7.223139156622,
    13.371093737941));
#4843 = CARTESIAN_POINT('',(2.792448920707,-6.615166242256,
    13.498437707407));
#4844 = CARTESIAN_POINT('',(5.606403510566,-3.111882462417,
    13.625780980958));
#4845 = CARTESIAN_POINT('',(5.55042760503,0.710406016483,13.753125135778
    ));
#4846 = CARTESIAN_POINT('',(3.568003952803,3.17079619592,13.880468697207
    ));
#4847 = CARTESIAN_POINT('',(-1.385487016861,4.567825133408,
    14.13515627868));
#4848 = CARTESIAN_POINT('',(-4.361331382562,3.505811158408,
    14.262499840106));
#4849 = CARTESIAN_POINT('',(-6.406198930956,0.276021811175,
    14.389843994935));
#4850 = CARTESIAN_POINT('',(-5.837368972259,-4.181305880833,
    14.517187268469));
#4851 = CARTESIAN_POINT('',(-1.638415460683,-7.467475372811,
    14.644531237955));
#4852 = CARTESIAN_POINT('',(3.55062236467,-6.241095754028,
    14.771875207393));
#4853 = CARTESIAN_POINT('',(5.933305049138,-2.431350237443,
    14.899218480972));
#4854 = CARTESIAN_POINT('',(5.428455302848,1.357864622071,
    15.026562635764));
#4855 = CARTESIAN_POINT('',(3.170585047083,3.568191584334,
    15.153906197217));
#4856 = CARTESIAN_POINT('',(-1.91277373219,4.373316518699,
    15.408593778657));
#4857 = CARTESIAN_POINT('',(-4.743164545884,2.9688909373,15.535937340193
    ));
#4858 = CARTESIAN_POINT('',(-6.394236972638,-0.478859395835,
    15.663281494787));
#4859 = CARTESIAN_POINT('',(-5.305447186759,-4.838432136138,
    15.790624768608));
#4860 = CARTESIAN_POINT('',(-0.749351092467,-7.60828933502,
    15.91796873791));
#4861 = CARTESIAN_POINT('',(4.259573225098,-5.780504418075,
    16.045312707338));
#4862 = CARTESIAN_POINT('',(6.177952669029,-1.717111994805,
    16.172655981056));
#4863 = CARTESIAN_POINT('',(5.23122785746,1.986499033503,16.300000135716
    ));
#4864 = CARTESIAN_POINT('',(2.729212047899,3.916120825627,
    16.427343697223));
#4865 = CARTESIAN_POINT('',(-2.413543500597,4.118180240593,
    16.682031278673));
#4866 = CARTESIAN_POINT('',(-5.059242810771,2.390812725532,
    16.809374840115));
#4867 = CARTESIAN_POINT('',(-6.293631156693,-1.227102133814,
    16.936718994924));
#4868 = CARTESIAN_POINT('',(-4.699975530133,-5.428482790184,
    17.064062268487));
#4869 = CARTESIAN_POINT('',(0.150101594397,-7.643628927215,
    17.191406237926));
#4870 = CARTESIAN_POINT('',(4.909473255266,-5.239777451684,
    17.318750207432));
#4871 = CARTESIAN_POINT('',(6.336954799158,-0.97906928079,
    17.446093480934));
#4872 = CARTESIAN_POINT('',(4.96147944995,2.587594437829,17.573437635792
    ));
#4873 = CARTESIAN_POINT('',(2.250003747132,4.209760546773,
    17.700781197201));
#4874 = CARTESIAN_POINT('',(-2.880854107672,3.805953275278,
    17.955468778687));
#4875 = CARTESIAN_POINT('',(-5.305184357023,1.779590471122,
    18.082812340082));
#4876 = CARTESIAN_POINT('',(-6.105776190196,-1.958333449258,
    18.210156494975));
#4877 = CARTESIAN_POINT('',(-4.02934770813,-5.943277919998,
    18.337499768433));
#4878 = CARTESIAN_POINT('',(1.047473409966,-7.573004233512,
    18.464843737964));
#4879 = CARTESIAN_POINT('',(5.491312835007,-4.626410999428,
    18.592187707415));
#4880 = CARTESIAN_POINT('',(6.408107179381,-0.227453645022,
    18.719530980939));
#4881 = CARTESIAN_POINT('',(4.62294962568,3.152817797687,18.846875135789
    ));
#4882 = CARTESIAN_POINT('',(1.739603450719,4.445039995042,
    18.974218697206));
#4883 = CARTESIAN_POINT('',(-3.30822718624,3.44096405205,19.228906278674
    ));
#4884 = CARTESIAN_POINT('',(-5.477579675807,1.143697600815,
    19.356249840131));
#4885 = CARTESIAN_POINT('',(-5.833276322726,-2.662416219521,
    19.48359399489));
#4886 = CARTESIAN_POINT('',(-3.302860691975,-6.375680876329,
    19.610937268514));
#4887 = CARTESIAN_POINT('',(1.9303240115,-7.397394330168,19.738281237934
    ));
#4888 = CARTESIAN_POINT('',(5.997025872138,-3.948908213198,
    19.865625207388));
#4889 = CARTESIAN_POINT('',(6.390423418125,0.527315200214,
    19.992968480983));
#4890 = CARTESIAN_POINT('',(4.220331452748,3.674333372985,
    20.120312635763));
#4891 = CARTESIAN_POINT('',(1.205086881907,4.618697471186,
    20.247656197208));
#4892 = CARTESIAN_POINT('',(-3.68973802652,3.028272447938,
    20.502343778685));
#4893 = CARTESIAN_POINT('',(-5.57403883598,0.491949552198,
    20.629687340082));
#4894 = CARTESIAN_POINT('',(-5.479909243408,-3.32958968451,
    20.757031494978));
#4895 = CARTESIAN_POINT('',(-2.53058583369,-6.719697219796,
    20.884374768427));
#4896 = CARTESIAN_POINT('',(2.786414365057,-7.119233712394,
    21.01171873797));
#4897 = CARTESIAN_POINT('',(6.419601623348,-3.21666137242,
    21.139062707415));
#4898 = CARTESIAN_POINT('',(6.284148666846,1.274773829409,
    21.266405980932));
#4899 = CARTESIAN_POINT('',(3.759206461569,4.144911348423,21.3937501358)
  );
#4900 = CARTESIAN_POINT('',(0.653864089902,4.728325546661,
    21.521093697195));
#4901 = CARTESIAN_POINT('',(-4.020097710886,2.573599642175,
    21.775781278701));
#4902 = CARTESIAN_POINT('',(-5.593224615906,-0.166618435411,
    21.903124840028));
#4903 = CARTESIAN_POINT('',(-5.050573710473,-3.950604761065,
    22.030468995064));
#4904 = CARTESIAN_POINT('',(-1.723229246147,-6.970557822201,
    22.157812268356));
#4905 = CARTESIAN_POINT('',(3.603876416398,-6.742378544762,
    22.285156237976));
#4906 = CARTESIAN_POINT('',(6.753181884585,-2.439821678134,
    22.412500207469));
#4907 = CARTESIAN_POINT('',(6.090756221597,2.004560159281,22.53984348087
    ));
#4908 = CARTESIAN_POINT('',(3.245967267582,4.55802806099,22.66718763583)
  );
#4909 = CARTESIAN_POINT('',(9.357672372903E-02,4.772404438022,
    22.794531197197));
#4910 = CARTESIAN_POINT('',(-4.294726434599,2.083248803009,
    23.049218778675));
#4911 = CARTESIAN_POINT('',(-5.534871041449,-0.822876577298,
    23.176562340144));
#4912 = CARTESIAN_POINT('',(-4.551221639404,-4.516852263715,
    23.30390649486));
#4913 = CARTESIAN_POINT('',(-0.891983383194,-7.124784981422,
    23.431249768548));
#4914 = CARTESIAN_POINT('',(4.371377618717,-6.272053202899,
    23.558593737916));
#4915 = CARTESIAN_POINT('',(6.99314220396,-1.629158525895,
    23.685937707388));
#4916 = CARTESIAN_POINT('',(5.812927098511,2.706557099102,
    23.813280980989));
#4917 = CARTESIAN_POINT('',(2.68772894991,4.907956438143,23.940625135765
    ));
#4918 = CARTESIAN_POINT('',(-0.46800790462,4.750323075802,24.0679686972)
  );
#4919 = CARTESIAN_POINT('',(-4.509816996012,1.564017706343,
    24.32265627871));
#4920 = CARTESIAN_POINT('',(-5.399787073258,-1.467727110365,
    24.449999839984));
#4921 = CARTESIAN_POINT('',(-3.988775590912,-5.020482254565,
    24.57734399514));
#4922 = CARTESIAN_POINT('',(-4.837187782631E-02,-7.180240633063,
    24.704687268292));
#4923 = CARTESIAN_POINT('',(5.078278036775,-5.714777847567,
    24.832031237973));
#4924 = CARTESIAN_POINT('',(7.13615599094,-0.795910208693,
    24.959375207543));
#4925 = CARTESIAN_POINT('',(5.4545128666,3.3710328048,25.086718480777));
#4926 = CARTESIAN_POINT('',(2.092230414431,5.18984539269,25.214062635893
    ));
#4927 = CARTESIAN_POINT('',(-1.023104499099,4.662387575822,
    25.341406197172));
#4928 = CARTESIAN_POINT('',(-4.662387576161,1.023104497567,
    25.596093778707));
#4929 = CARTESIAN_POINT('',(-5.18984539199,-2.092230416138,
    25.723437340034));
#4930 = CARTESIAN_POINT('',(-3.371032803034,-5.454512867709,
    25.850781495043));
#4931 = CARTESIAN_POINT('',(0.795910211076,-7.136155990676,
    25.978124768378));
#4932 = CARTESIAN_POINT('',(5.714777849204,-5.078278034901,
    26.105468737969));
#4933 = CARTESIAN_POINT('',(7.180240633064,4.837188019087E-02,
    26.232812707462));
#4934 = CARTESIAN_POINT('',(5.02048225325,3.988775592561,26.360155980878
    ));
#4935 = CARTESIAN_POINT('',(1.467727108588,5.399787073741,
    26.487500135831));
#4936 = CARTESIAN_POINT('',(-1.564017707825,4.509816995497,
    26.614843697189));
#4937 = CARTESIAN_POINT('',(-4.750323075955,0.46800790306,
    26.869531278697));
#4938 = CARTESIAN_POINT('',(-4.907956437265,-2.687728951531,
    26.996874840055));
#4939 = CARTESIAN_POINT('',(-2.70655709718,-5.812927099387,
    27.124218995016));
#4940 = CARTESIAN_POINT('',(1.629158528182,-6.993142203441,
    27.251562268398));
#4941 = CARTESIAN_POINT('',(6.272053204339,-4.371377616644,
    27.378906237972));
#4942 = CARTESIAN_POINT('',(7.124784981136,0.891983385534,
    27.506250207435));
#4943 = CARTESIAN_POINT('',(4.516852262209,4.551221640886,
    27.633593480916));
#4944 = CARTESIAN_POINT('',(0.822876575484,5.534871041721,
    27.760937635799));
#4945 = CARTESIAN_POINT('',(-2.083248804422,4.294726433914,
    27.888281197209));
#4946 = CARTESIAN_POINT('',(-4.772404437992,-9.35767252998E-02,
    28.14296877866));
#4947 = CARTESIAN_POINT('',(-4.55802805992,-3.245967269074,
    28.270312340195));
#4948 = CARTESIAN_POINT('',(-2.004560157287,-6.090756222262,
    28.397656494777));
#4949 = CARTESIAN_POINT('',(2.439821680369,-6.753181883792,
    28.52499976862));
#4950 = CARTESIAN_POINT('',(6.74237854593,-3.603876414149,
    28.652343737908));
#4951 = CARTESIAN_POINT('',(6.970557821647,1.723229248393,
    28.779687707325));
#4952 = CARTESIAN_POINT('',(3.950604759399,5.05057371181,28.907030981078
    ));
#4953 = CARTESIAN_POINT('',(0.166618433572,5.593224615942,
    29.034375135698));
#4954 = CARTESIAN_POINT('',(-2.573599643496,4.020097710045,
    29.161718697233));
#4955 = CARTESIAN_POINT('',(-4.728325546447,-0.65386409146,
    29.416406278656));
#4956 = CARTESIAN_POINT('',(-4.144911347183,-3.759206462927,
    29.543749840174));
#4957 = CARTESIAN_POINT('',(-1.274773827349,-6.284148667269,
    29.671093994828));
#4958 = CARTESIAN_POINT('',(3.216661374537,-6.419601622296,
    29.798437268558));
#4959 = CARTESIAN_POINT('',(7.119233713309,-2.786414362696,
    29.925781237947));
#4960 = CARTESIAN_POINT('',(6.719697218962,2.530585835873,30.05312520732
    ));
#4961 = CARTESIAN_POINT('',(3.329589682711,5.479909244525,
    30.180468481065));
#4962 = CARTESIAN_POINT('',(-0.491949554031,5.574038835808,
    30.307812635708));
#4963 = CARTESIAN_POINT('',(-3.028272449151,3.689738025526,
    30.435156197231));
#4964 = CARTESIAN_POINT('',(-4.61869747079,-1.205086883427,
    30.689843778655));
#4965 = CARTESIAN_POINT('',(-3.6743333716,-4.220331453953,
    30.817187340183));
#4966 = CARTESIAN_POINT('',(-0.527315198112,-6.390423418302,
    30.94453149481));
#4967 = CARTESIAN_POINT('',(3.948908215173,-5.997025870838,
    31.071874768589));
#4968 = CARTESIAN_POINT('',(7.397394330792,-1.930324009061,
    31.199218737904));
#4969 = CARTESIAN_POINT('',(6.375680875259,3.302860694057,
    31.326562707365));
#4970 = CARTESIAN_POINT('',(2.662416217591,5.833276323614,31.45390598103
    ));
#4971 = CARTESIAN_POINT('',(-1.14369760261,5.477579675423,
    31.581250135724));
#4972 = CARTESIAN_POINT('',(-3.440964053139,3.308227185111,
    31.708593697228));
#4973 = CARTESIAN_POINT('',(-4.44503999447,-1.739603452184,
    31.963281278651));
#4974 = CARTESIAN_POINT('',(-3.152817796164,-4.622949626705,
    32.090624840201));
#4975 = CARTESIAN_POINT('',(0.227453647122,-6.408107179328,
    32.217968994781));
#4976 = CARTESIAN_POINT('',(4.626411001243,-5.491312833463,
    32.345312268607));
#4977 = CARTESIAN_POINT('',(7.573004233846,-1.047473407488,
    32.472656237919));
#4978 = CARTESIAN_POINT('',(5.943277918679,4.029347710084,
    32.600000207326));
#4979 = CARTESIAN_POINT('',(1.958333447248,6.105776190847,
    32.727343481064));
#4980 = CARTESIAN_POINT('',(-1.779590472866,5.305184356433,
    32.854687635716));
#4981 = CARTESIAN_POINT('',(-3.805953276225,2.880854106421,
    32.982031197217));
#4982 = CARTESIAN_POINT('',(-4.209760546034,-2.250003748516,
    33.236718778692));
#4983 = CARTESIAN_POINT('',(-2.587594436196,-4.961479450805,
    33.364062340039));
#4984 = CARTESIAN_POINT('',(0.979069282872,-6.336954798829,
    33.491406495052));
#4985 = CARTESIAN_POINT('',(5.2397774533,-4.909473253546,33.618749768367
    ));
#4986 = CARTESIAN_POINT('',(7.643628927264,-0.150101591892,
    33.746093737968));
#4987 = CARTESIAN_POINT('',(5.428482788639,4.699975531936,
    33.873437707475));
#4988 = CARTESIAN_POINT('',(1.227102131744,6.293631157079,
    34.000780980863));
#4989 = CARTESIAN_POINT('',(-2.390812727196,5.059242809995,
    34.12812513584));
#4990 = CARTESIAN_POINT('',(-4.118180241387,2.41354349924,
    34.255468697185));
#4991 = CARTESIAN_POINT('',(-3.916120824729,-2.729212049182,
    34.510156278705));
#4992 = CARTESIAN_POINT('',(-1.98649903179,-5.231227858133,
    34.637499840026));
#4993 = CARTESIAN_POINT('',(1.717111996855,-6.177952668426,
    34.764843995064));
#4994 = CARTESIAN_POINT('',(5.780504419449,-4.259573223243,
    34.892187268353));
#4995 = CARTESIAN_POINT('',(7.608289334796,0.749351095,35.019531237986)
  );
#4996 = CARTESIAN_POINT('',(4.838432134385,5.305447188343,
    35.146875207453));
#4997 = CARTESIAN_POINT('',(0.478859393731,6.394236972789,
    35.274218480885));
#4998 = CARTESIAN_POINT('',(-2.968890938857,4.743164544915,
    35.401562635822));
#4999 = CARTESIAN_POINT('',(-4.373316519329,1.91277373075,
    35.528906197198));
#5000 = CARTESIAN_POINT('',(-3.56819158329,-3.170585048255,
    35.783593778677));
#5001 = CARTESIAN_POINT('',(-1.357864620288,-5.428455303297,
    35.910937340129));
#5002 = CARTESIAN_POINT('',(2.431350239394,-5.933305048336,
    36.03828149489));
#5003 = CARTESIAN_POINT('',(6.2410957552,-3.550622362619,36.165624768517
    ));
#5004 = CARTESIAN_POINT('',(7.467475372259,1.638415463137,
    36.292968737931));
#5005 = CARTESIAN_POINT('',(4.181305878932,5.837368973636,
    36.420312707388));
#5006 = CARTESIAN_POINT('',(-0.276021813295,6.406198930864,
    36.54765598099));
#5007 = CARTESIAN_POINT('',(-3.505811159835,4.361331381409,
    36.675000135753));
#5008 = CARTESIAN_POINT('',(-4.567825133864,1.38548701536,
    36.802343697218));
#5009 = CARTESIAN_POINT('',(-3.170796194746,-3.568003953847,
    37.057031278663));
#5010 = CARTESIAN_POINT('',(-0.71040601466,-5.550427605259,
    37.184374840164));
#5011 = CARTESIAN_POINT('',(3.111882464264,-5.606403509552,
    37.311718994835));
#5012 = CARTESIAN_POINT('',(6.615166243172,-2.792448918522,
    37.439062268567));
#5013 = CARTESIAN_POINT('',(7.223139155798,2.504766336667,
    37.566406237915));
#5014 = CARTESIAN_POINT('',(3.466213820076,6.288366810304,
    37.693750207368));
#5015 = CARTESIAN_POINT('',(-1.027076506141,6.329351201648,
    37.82109348102));
#5016 = CARTESIAN_POINT('',(-3.994130018896,3.919036705497,
    37.948437635737));
#5017 = CARTESIAN_POINT('',(-4.699009595323,0.838993174197,
    38.075781197218));
#5018 = CARTESIAN_POINT('',(-2.729443785582,-3.915959313454,
    38.330468778673));
#5019 = CARTESIAN_POINT('',(-5.309898928682E-02,-5.595453851504,
    38.457812340123));
#5020 = CARTESIAN_POINT('',(3.749274394617,-5.201779916237,
    38.585156494901));
#5021 = CARTESIAN_POINT('',(6.897530112029,-1.995563514686,
    38.712499768514));
#5022 = CARTESIAN_POINT('',(6.878667939366,3.336393418845,
    38.839843737916));
#5023 = CARTESIAN_POINT('',(2.703069340633,6.652188476519,
    38.967187707418));
#5024 = CARTESIAN_POINT('',(-1.763892748963,6.164759131821,
    39.094530980955));
#5025 = CARTESIAN_POINT('',(-4.427077909651,3.422412086351,
    39.221875135782));
#5026 = CARTESIAN_POINT('',(-4.765051282223,0.280868298432,
    39.349218697199));
#5027 = CARTESIAN_POINT('',(-2.25025286224,-4.209627391975,
    39.603906278702));
#5028 = CARTESIAN_POINT('',(0.604944151946,-5.562909839282,
    39.731249840017));
#5029 = CARTESIAN_POINT('',(4.334689811269,-4.725043600143,
    39.858593995081));
#5030 = CARTESIAN_POINT('',(7.084272927117,-1.171013442023,
    39.98593726836));
#5031 = CARTESIAN_POINT('',(6.438837157132,4.121767791812,40.11328123792
    ));
#5032 = CARTESIAN_POINT('',(1.902451978183,6.923790281198,
    40.240625207566));
#5033 = CARTESIAN_POINT('',(-2.476255994731,5.914704475427,
    40.367968480778));
#5034 = CARTESIAN_POINT('',(-4.798652838225,2.878342273814,
    40.495312635879));
#5035 = CARTESIAN_POINT('',(-4.765034652973,-0.281150278735,
    40.622656197188));
#5036 = CARTESIAN_POINT('',(-1.739866489742,-4.444937043555,
    40.877343778669));
#5037 = CARTESIAN_POINT('',(1.254600900313,-5.453246729039,
    41.004687340181));
#5038 = CARTESIAN_POINT('',(4.860013049897,-4.182803597855,41.1320314948
    ));
#5039 = CARTESIAN_POINT('',(7.172805856749,-0.330229509183,
    41.259374768587));
#5040 = CARTESIAN_POINT('',(5.909744221015,4.850001743023,41.38671873794
    ));
#5041 = CARTESIAN_POINT('',(1.075460760249,7.099406985143,
    41.514062707304));
#5042 = CARTESIAN_POINT('',(-3.154290690519,5.582653761696,
    41.641405981082));
#5043 = CARTESIAN_POINT('',(-5.10370362936,2.294369754534,
    41.768750135705));
#5044 = CARTESIAN_POINT('',(-4.698959938111,-0.839271245382,
    41.896093697223));
#5045 = CARTESIAN_POINT('',(-1.205360198312,-4.618626150232,
    42.150781278681));
#5046 = CARTESIAN_POINT('',(1.886865008401,-5.267984789938,
    42.278124840076));
#5047 = CARTESIAN_POINT('',(5.317961509199,-3.582577029153,
    42.405468994998));
#5048 = CARTESIAN_POINT('',(7.161901561283,0.515132423722,42.5328122684)
  );
#5049 = CARTESIAN_POINT('',(5.298723992022,5.510999702574,
    42.660156237989));
#5050 = CARTESIAN_POINT('',(0.233560337156,7.176603998849,
    42.787500207407));
#5051 = CARTESIAN_POINT('',(-3.788597182866,5.173210238252,
    42.914843480937));
#5052 = CARTESIAN_POINT('',(-5.338001337725,1.67859018983,
    43.042187635791));
#5053 = CARTESIAN_POINT('',(-4.567743137088,-1.385757322503,
    43.169531197206));
#5054 = CARTESIAN_POINT('',(-0.654143894684,-4.728286844972,
    43.424218778672));
#5055 = CARTESIAN_POINT('',(2.492971344429,-5.009692324163,
    43.551562340143));
#5056 = CARTESIAN_POINT('',(5.70218661029,-2.932684886695,
    43.678906494866));
#5057 = CARTESIAN_POINT('',(7.05171120789,1.353353031521,43.806249768552
    ));
#5058 = CARTESIAN_POINT('',(4.614247096157,6.095598198778,
    43.933593737886));
#5059 = CARTESIAN_POINT('',(-0.611577952981,7.154311133496,
    44.060937707441));
#5060 = CARTESIAN_POINT('',(-4.370382026324,4.692050055914,
    44.188280980939));
#5061 = CARTESIAN_POINT('',(-5.498297873986,1.039540184811,
    44.315625135792));
#5062 = CARTESIAN_POINT('',(-4.373203319719,-1.913032526561,
    44.442968697194));
#5063 = CARTESIAN_POINT('',(-9.385913792928E-02,-4.772398892119,
    44.69765627871));
#5064 = CARTESIAN_POINT('',(3.064517404097,-4.681950062419,
    44.824999839986));
#5065 = CARTESIAN_POINT('',(6.007361807488,-2.242136681163,
    44.952343995143));
#5066 = CARTESIAN_POINT('',(6.843762374946,2.172811989716,
    45.079687268275));
#5067 = CARTESIAN_POINT('',(3.865802495569,6.595692892396,45.20703123801
    ));
#5068 = CARTESIAN_POINT('',(-1.448237885332,7.032837436977,
    45.334375207491));
#5069 = CARTESIAN_POINT('',(-4.891579887478,4.145843579711,
    45.461718480829));
#5070 = CARTESIAN_POINT('',(-5.582371033483,0.386078944717,
    45.589062635852));
#5071 = CARTESIAN_POINT('',(-4.118037408238,-2.41378719601,
    45.716406197197));
#5072 = CARTESIAN_POINT('',(0.467726796138,-4.750350762572,
    45.971093778659));
#5073 = CARTESIAN_POINT('',(3.59357979515,-4.289301523874,
    46.098437340209));
#5074 = CARTESIAN_POINT('',(6.229256430801,-1.520505541829,
    46.225781494754));
#5075 = CARTESIAN_POINT('',(6.540937875005,2.962149068285,
    46.353124768635));
#5076 = CARTESIAN_POINT('',(3.063765942153,7.004350927585,
    46.480468737912));
#5077 = CARTESIAN_POINT('',(-2.264820771147,6.813866909629,
    46.607812707308));
#5078 = CARTESIAN_POINT('',(-5.344965355586,3.542162917043,
    46.735155981093));
#5079 = CARTESIAN_POINT('',(-5.589055302731,-0.272734541026,
    46.862500135693));
#5080 = CARTESIAN_POINT('',(-3.805782789649,-2.881079325757,
    46.98984369723));
#5081 = CARTESIAN_POINT('',(1.022828593361,-4.662448111442,
    47.244531278668));
#5082 = CARTESIAN_POINT('',(4.072824080151,-3.837190029054,
    47.371874840133));
#5083 = CARTESIAN_POINT('',(6.364794335902,-0.777795503228,
    47.499218994887));
#5084 = CARTESIAN_POINT('',(6.147435790217,3.710421619251,
    47.626562268523));
#5085 = CARTESIAN_POINT('',(2.219256137731,7.315907042912,
    47.753906237925));
#5086 = CARTESIAN_POINT('',(-3.050006251671,6.500435158676,
    47.881250207389));
#5087 = CARTESIAN_POINT('',(-5.724253108781,2.88937694492,
    48.008593480994));
#5088 = CARTESIAN_POINT('',(-5.518258017175,-0.927767084348,
    48.135937635751));
#5089 = CARTESIAN_POINT('',(-3.440768276602,-3.30843080478,
    48.263281197216));
#5090 = CARTESIAN_POINT('',(1.56375082974,-4.509909540754,
    48.517968778674));
#5091 = CARTESIAN_POINT('',(4.495606454288,-3.331883238508,
    48.645312340121));
#5092 = CARTESIAN_POINT('',(6.412096549199,-2.430281862866E-02,
    48.772656494909));
#5093 = CARTESIAN_POINT('',(5.668711273812,4.407256275916,
    48.899999768501));
#5094 = CARTESIAN_POINT('',(1.343980594429,7.52604210904,49.027343737925
    ));
#5095 = CARTESIAN_POINT('',(-3.792909232955,6.096887315517,
    49.154687707421));
#5096 = CARTESIAN_POINT('',(-6.024185048329,2.196535291455,
    49.282030980947));
#5097 = CARTESIAN_POINT('',(-5.370960645658,-1.569937912707,
    49.409375135788));
#5098 = CARTESIAN_POINT('',(-3.02805409672,-3.689917222732,
    49.536718697197));
#5099 = CARTESIAN_POINT('',(2.08299465374,-4.294849705842,
    49.791406278704));
#5100 = CARTESIAN_POINT('',(4.856065849137,-2.780386263791,
    49.918749840014));
#5101 = CARTESIAN_POINT('',(6.370507315982,0.729526778057,
    50.046093995086));
#5102 = CARTESIAN_POINT('',(5.11140092505,5.042992759374,50.173437268346
    ));
#5103 = CARTESIAN_POINT('',(0.45007333239,7.631843005528,50.300781237952
    ));
#5104 = CARTESIAN_POINT('',(-4.483230786976,5.608817798592,
    50.428125207525));
#5105 = CARTESIAN_POINT('',(-6.240603191943,1.47324288016,50.55546848081
    ));
#5106 = CARTESIAN_POINT('',(-5.149205184321,-2.19034455663,
    50.68281263587));
#5107 = CARTESIAN_POINT('',(-2.573361742209,-4.020250000559,
    50.81015619718));
#5108 = CARTESIAN_POINT('',(2.573361743531,-4.020249999715,
    51.064843778702));
#5109 = CARTESIAN_POINT('',(5.149205185039,-2.190344554932,
    51.192187340048));
#5110 = CARTESIAN_POINT('',(6.24060319146,1.473242882202,51.319531495018
    ));
#5111 = CARTESIAN_POINT('',(4.483230785138,5.608817800077,
    51.446874768412));
#5112 = CARTESIAN_POINT('',(-0.450073334917,7.631843005375,
    51.574218737932));
#5113 = CARTESIAN_POINT('',(-5.111400926685,5.042992757691,
    51.701562707493));
#5114 = CARTESIAN_POINT('',(-6.370507316239,0.729526775967,
    51.828905980862));
#5115 = CARTESIAN_POINT('',(-4.856065848216,-2.78038626539,
    51.956250135828));
#5116 = CARTESIAN_POINT('',(-2.082994652329,-4.294849706526,
    52.083593697201));
#5117 = CARTESIAN_POINT('',(3.028054097935,-3.689917221737,
    52.338281278664));
#5118 = CARTESIAN_POINT('',(5.370960646171,-1.569937910939,
    52.465624840186));
#5119 = CARTESIAN_POINT('',(6.024185047608,2.196535293436,
    52.592968994793));
#5120 = CARTESIAN_POINT('',(3.792909230961,6.096887316761,
    52.720312268601));
#5121 = CARTESIAN_POINT('',(-1.343980596931,7.526042108603,
    52.847656237919));
#5122 = CARTESIAN_POINT('',(-5.668711275229,4.407256274047,
    52.975000207329));
#5123 = CARTESIAN_POINT('',(-6.412096549215,-2.430282073436E-02,
    53.102343481062));
#5124 = CARTESIAN_POINT('',(-4.495606453183,-3.331883239987,
    53.229687635714));
#5125 = CARTESIAN_POINT('',(-1.563750828258,-4.509909541268,
    53.357031197221));
#5126 = CARTESIAN_POINT('',(3.44076827769,-3.308430803649,53.61171877868
    ));
#5127 = CARTESIAN_POINT('',(5.518258017478,-0.927767082536,
    53.739062340086));
#5128 = CARTESIAN_POINT('',(5.724253107839,2.889376946812,
    53.866406494972));
#5129 = CARTESIAN_POINT('',(3.050006249519,6.500435159655,
    53.993749768448));
#5130 = CARTESIAN_POINT('',(-2.219256140117,7.315907042216,
    54.121093737923));
#5131 = CARTESIAN_POINT('',(-6.147435791454,3.710421617198,
    54.248437707477));
#5132 = CARTESIAN_POINT('',(-6.364794335634,-0.777795505299,
    54.37578098088));
#5133 = CARTESIAN_POINT('',(-4.072824078896,-3.837190030401,
    54.503125135825));
#5134 = CARTESIAN_POINT('',(-1.022828591826,-4.662448111777,
    54.630468697193));
#5135 = CARTESIAN_POINT('',(3.805782790593,-2.881079324507,
    54.885156278691));
#5136 = CARTESIAN_POINT('',(5.589055302833,-0.272734539188,
    55.012499840075));
#5137 = CARTESIAN_POINT('',(5.344965354398,3.542162918808,
    55.139843994984));
#5138 = CARTESIAN_POINT('',(2.264820768933,6.813866910353,
    55.267187268427));
#5139 = CARTESIAN_POINT('',(-3.063765944472,7.004350926609,
    55.394531237961));
#5140 = CARTESIAN_POINT('',(-6.54093787598,2.962149066105,
    55.521875207428));
#5141 = CARTESIAN_POINT('',(-6.229256430291,-1.520505543859,
    55.649218480923));
#5142 = CARTESIAN_POINT('',(-3.593579793748,-4.289301525063,
    55.776562635802));
#5143 = CARTESIAN_POINT('',(-0.467726794574,-4.750350762725,
    55.903906197198));
#5144 = CARTESIAN_POINT('',(4.118037409032,-2.413787194656,
    56.158593778691));
#5145 = CARTESIAN_POINT('',(5.58237103335,0.386078946547,56.285937340068
    ));
#5146 = CARTESIAN_POINT('',(4.891579886133,4.145843581333,
    56.413281494997));
#5147 = CARTESIAN_POINT('',(1.448237882996,7.032837437432,
    56.540624768419));
#5148 = CARTESIAN_POINT('',(-3.865802497715,6.595692891143,
    56.667968737952));
#5149 = CARTESIAN_POINT('',(-6.843762375672,2.172811987458,
    56.795312707451));
#5150 = CARTESIAN_POINT('',(-6.007361806747,-2.242136683137,
    56.922655980901));
#5151 = CARTESIAN_POINT('',(-3.064517402559,-4.681950063425,
    57.050000135813));
#5152 = CARTESIAN_POINT('',(9.385913949862E-02,-4.772398892089,
    57.177343697196));
#5153 = CARTESIAN_POINT('',(4.373203320346,-1.913032525123,
    57.43203127869));
#5154 = CARTESIAN_POINT('',(5.498297873655,1.039540186619,57.55937484008
    ));
#5155 = CARTESIAN_POINT('',(4.370382024756,4.692050057353,
    57.686718994966));
#5156 = CARTESIAN_POINT('',(0.611577950665,7.154311133695,
    57.814062268455));
#5157 = CARTESIAN_POINT('',(-4.614247098197,6.095598197259,
    57.94140623794));
#5158 = CARTESIAN_POINT('',(-7.05171120831,1.353353029207,
    58.068750207429));
#5159 = CARTESIAN_POINT('',(-5.702186609337,-2.932684888573,
    58.196093480937));
#5160 = CARTESIAN_POINT('',(-2.49297134278,-5.00969232498,
    58.323437635786));
#5161 = CARTESIAN_POINT('',(0.654143896238,-4.728286844757,
    58.450781197209));
#5162 = CARTESIAN_POINT('',(4.567743137544,-1.385757321,58.705468778669)
  );
#5163 = CARTESIAN_POINT('',(5.338001337166,1.678590191581,
    58.832812340144));
#5164 = CARTESIAN_POINT('',(3.78859718118,5.1732102395,58.960156494878)
  );
#5165 = CARTESIAN_POINT('',(-0.233560339537,7.176603998783,
    59.087499768509));
#5166 = CARTESIAN_POINT('',(-5.298723993817,5.510999700806,
    59.214843737965));
#5167 = CARTESIAN_POINT('',(-7.161901561455,0.515132421395,
    59.342187707341));
#5168 = CARTESIAN_POINT('',(-5.317961508027,-3.582577030918,
    59.469530981029));
#5169 = CARTESIAN_POINT('',(-1.886865006664,-5.267984790552,
    59.596875135734));
#5170 = CARTESIAN_POINT('',(1.20536019983,-4.618626149837,
    59.724218697222));
#5171 = CARTESIAN_POINT('',(4.698959938387,-0.839271243837,
    59.978906278664));
#5172 = CARTESIAN_POINT('',(5.103703628605,2.29436975621,60.106249840152
    ));
#5173 = CARTESIAN_POINT('',(3.154290688687,5.582653762741,
    60.233593994859));
#5174 = CARTESIAN_POINT('',(-1.075460762592,7.09940698477,
    60.360937268549));
#5175 = CARTESIAN_POINT('',(-5.909744222596,4.850001741111,
    60.488281237898));
#5176 = CARTESIAN_POINT('',(-7.172805856653,-0.330229511574,
    60.615625207424));
#5177 = CARTESIAN_POINT('',(-4.860013048514,-4.182803599429,
    60.742968480952));
#5178 = CARTESIAN_POINT('',(-1.254600898523,-5.453246729462,
    60.870312635785));
#5179 = CARTESIAN_POINT('',(1.739866491203,-4.444937042981,
    60.997656197197));
#5180 = CARTESIAN_POINT('',(4.765034653067,-0.28115027717,
    61.252343778707));
#5181 = CARTESIAN_POINT('',(4.798652837274,2.8783422754,61.379687340002)
  );
#5182 = CARTESIAN_POINT('',(2.476255992791,5.914704476226,
    61.507031495107));
#5183 = CARTESIAN_POINT('',(-1.90245198046,6.923790280589,
    61.634374768323));
#5184 = CARTESIAN_POINT('',(-6.438837158499,4.121767789685,
    61.761718737968));
#5185 = CARTESIAN_POINT('',(-7.084272926716,-1.171013444354,
    61.889062707515));
#5186 = CARTESIAN_POINT('',(-4.334689809727,-4.725043601563,
    62.016405980822));
#5187 = CARTESIAN_POINT('',(-0.604944150111,-5.562909839484,
    62.143750135853));
#5188 = CARTESIAN_POINT('',(2.250252863623,-4.209627391234,
    62.271093697196));
#5189 = CARTESIAN_POINT('',(4.765051282132,0.280868299999,
    62.525781278664));
#5190 = CARTESIAN_POINT('',(4.427077908521,3.422412087801,
    62.653124840187));
#5191 = CARTESIAN_POINT('',(1.76389274695,6.164759132409,62.780468994793
    ));
#5192 = CARTESIAN_POINT('',(-2.703069342845,6.652188475629,
    62.907812268604));
#5193 = CARTESIAN_POINT('',(-6.878667940437,3.336393416568,
    63.035156237905));
#5194 = CARTESIAN_POINT('',(-6.89753011139,-1.99556351693,
    63.162500207357));
#5195 = CARTESIAN_POINT('',(-3.749274392901,-5.201779917489,
    63.289843481029));
#5196 = CARTESIAN_POINT('',(5.309899112643E-02,-5.595453851478,
    63.417187635742));
#5197 = CARTESIAN_POINT('',(2.72944378687,-3.915959312557,
    63.544531197205));
#5198 = CARTESIAN_POINT('',(4.699009595046,0.838993175741,63.79921877871
    ));
#5199 = CARTESIAN_POINT('',(3.994130017618,3.919036706815,
    63.926562339974));
#5200 = CARTESIAN_POINT('',(1.027076504036,6.329351201988,
    64.053906495162));
#5201 = CARTESIAN_POINT('',(-3.466213822108,6.288366809141,
    64.181249768267));
#5202 = CARTESIAN_POINT('',(-7.223139156655,2.504766334338,
    64.308593737994));
#5203 = CARTESIAN_POINT('',(-6.615166242235,-2.792448920751,
    64.435937707528));
#5204 = CARTESIAN_POINT('',(-3.111882462425,-5.606403510535,
    64.563280980789));
#5205 = CARTESIAN_POINT('',(0.710406016484,-5.550427605044,
    64.690625135881));
#5206 = CARTESIAN_POINT('',(3.170796195921,-3.568003952801,
    64.817968697181));
#5207 = CARTESIAN_POINT('',(4.567825133408,1.38548701686,65.07265627869)
  );
#5208 = CARTESIAN_POINT('',(3.505811158407,4.361331382564,
    65.199999840098));
#5209 = CARTESIAN_POINT('',(0.276021811173,6.406198930952,
    65.327343994934));
#5210 = CARTESIAN_POINT('',(-4.18130588083,5.837368972266,65.45468726848
    ));
#5211 = CARTESIAN_POINT('',(-7.467475372818,1.638415460671,
    65.582031237941));
#5212 = CARTESIAN_POINT('',(-6.241095754019,-3.550622364661,
    65.709375207407));
#5213 = CARTESIAN_POINT('',(-2.431350237449,-5.933305049141,
    65.836718480959));
#5214 = CARTESIAN_POINT('',(1.357864622074,-5.428455302849,
    65.964062635779));
#5215 = CARTESIAN_POINT('',(3.568191584334,-3.170585047081,
    66.091406197204));
#5216 = CARTESIAN_POINT('',(4.373316518699,1.912773732188,
    66.346093778687));
#5217 = CARTESIAN_POINT('',(2.9688909373,4.743164545886,66.473437340078)
  );
#5218 = CARTESIAN_POINT('',(-0.478859395841,6.394236972645,
    66.600781494984));
#5219 = CARTESIAN_POINT('',(-4.83843213612,5.305447186733,
    66.728124768418));
#5220 = CARTESIAN_POINT('',(-7.608289335051,0.749351092512,
    66.855468737983));
#5221 = CARTESIAN_POINT('',(-5.780504418043,-4.259573225145,
    66.982812707399));
#5222 = CARTESIAN_POINT('',(-1.717111994827,-6.177952668994,
    67.110155980946));
#5223 = CARTESIAN_POINT('',(1.986499033511,-5.231227857476,
    67.237500135793));
#5224 = CARTESIAN_POINT('',(3.916120825626,-2.729212047896,
    67.364843697196));
#5225 = CARTESIAN_POINT('',(4.118180240594,2.413543500595,
    67.619531278701));
#5226 = CARTESIAN_POINT('',(2.39081272553,5.059242810779,67.746874840021
    ));
#5227 = CARTESIAN_POINT('',(-1.227102133814,6.293631156679,
    67.874218995081));
#5228 = CARTESIAN_POINT('',(-5.42848279018,4.699975530151,
    68.001562268339));
#5229 = CARTESIAN_POINT('',(-7.643628927226,-0.150101594412,
    68.128906237974));
#5230 = CARTESIAN_POINT('',(-5.239777451671,-4.90947325526,
    68.256250207496));
#5231 = CARTESIAN_POINT('',(-0.979069280799,-6.336954799157,
    68.383593480834));
#5232 = CARTESIAN_POINT('',(2.587594437833,-4.961479449954,
    68.510937635854));
#5233 = CARTESIAN_POINT('',(4.209760546773,-2.25000374713,
    68.638281197188));
#5234 = CARTESIAN_POINT('',(3.805953275278,2.88085410767,68.892968778686
    ));
#5235 = CARTESIAN_POINT('',(1.779590471125,5.305184357027,
    69.020312340108));
#5236 = CARTESIAN_POINT('',(-1.958333449263,6.105776190187,
    69.147656494919));
#5237 = CARTESIAN_POINT('',(-5.943277919996,4.029347708147,
    69.274999768495));
#5238 = CARTESIAN_POINT('',(-7.573004233505,-1.047473409988,
    69.402343737929));
#5239 = CARTESIAN_POINT('',(-4.626410999439,-5.491312834983,
    69.529687707415));
#5240 = CARTESIAN_POINT('',(-0.227453645012,-6.408107179396,
    69.657030980952));
#5241 = CARTESIAN_POINT('',(3.152817797682,-4.622949625674,
    69.784375135786));
#5242 = CARTESIAN_POINT('',(4.445039995043,-1.739603450719,
    69.911718697197));
#5243 = CARTESIAN_POINT('',(3.440964052051,3.308227186239,
    70.166406278707));
#5244 = CARTESIAN_POINT('',(1.143697600813,5.477579675818,
    70.293749840008));
#5245 = CARTESIAN_POINT('',(-2.662416219525,5.8332763227,70.421093995086
    ));
#5246 = CARTESIAN_POINT('',(-6.375680876312,3.30286069201,
    70.548437268365));
#5247 = CARTESIAN_POINT('',(-7.397394330199,-1.930324011532,
    70.675781237913));
#5248 = CARTESIAN_POINT('',(-3.948908213164,-5.997025872123,
    70.803125207569));
#5249 = CARTESIAN_POINT('',(0.527315200192,-6.390423418125,
    70.93046848078));
#5250 = CARTESIAN_POINT('',(3.674333372995,-4.220331452751,
    71.057812635876));
#5251 = CARTESIAN_POINT('',(4.618697471185,-1.205086881905,
    71.185156197188));
#5252 = CARTESIAN_POINT('',(3.028272447938,3.689738026521,
    71.439843778673));
#5253 = CARTESIAN_POINT('',(0.491949552199,5.574038835973,
    71.567187340164));
#5254 = CARTESIAN_POINT('',(-3.329589684513,5.479909243426,
    71.694531494829));
#5255 = CARTESIAN_POINT('',(-6.719697219798,2.530585833668,
    71.821874768566));
#5256 = CARTESIAN_POINT('',(-7.119233712382,-2.786414365041,
    71.949218737936));
#5257 = CARTESIAN_POINT('',(-3.216661372443,-6.419601623352,
    72.076562707328));
#5258 = CARTESIAN_POINT('',(1.274773829429,-6.284148666849,
    72.203905981064));
#5259 = CARTESIAN_POINT('',(4.144911348412,-3.759206461566,
    72.331250135703));
#5260 = CARTESIAN_POINT('',(4.728325546664,-0.653864089905,
    72.458593697236));
#5261 = CARTESIAN_POINT('',(2.573599642173,4.02009771089,72.713281278645
    ));
#5262 = CARTESIAN_POINT('',(-0.166618435406,5.593224615895,
    72.84062484022));
#5263 = CARTESIAN_POINT('',(-3.95060476107,5.050573710489,
    72.967968994748));
#5264 = CARTESIAN_POINT('',(-6.970557822208,1.723229246136,
    73.095312268637));
#5265 = CARTESIAN_POINT('',(-6.742378544739,-3.603876416406,
    73.222656237913));
#5266 = CARTESIAN_POINT('',(-2.439821678165,-6.753181884562,
    73.350000207307));
#5267 = CARTESIAN_POINT('',(2.004560159307,-6.09075622162,
    73.477343481087));
#5268 = CARTESIAN_POINT('',(4.558028060979,-3.245967267571,
    73.604687635708));
#5269 = CARTESIAN_POINT('',(4.772404438024,-9.357672373024E-02,
    73.732031197211));
#5270 = CARTESIAN_POINT('',(2.08324880301,4.294726434597,73.986718778716
    ));
#5271 = CARTESIAN_POINT('',(-0.822876577298,5.534871041455,
    74.114062339941));
#5272 = CARTESIAN_POINT('',(-4.516852263728,4.551221639397,
    74.241406495213));
#5273 = CARTESIAN_POINT('',(-7.124784981382,0.891983383193,
    74.368749768245));
#5274 = CARTESIAN_POINT('',(-6.272053202966,-4.3713776187,
    74.496093737936));
#5275 = CARTESIAN_POINT('',(-1.629158525823,-6.993142203988,
    74.623437707657));
#5276 = CARTESIAN_POINT('',(2.706557099051,-5.812927098486,
    74.750780980656));
#5277 = CARTESIAN_POINT('',(4.907956438164,-2.687728949924,
    74.878125135961));
#5278 = CARTESIAN_POINT('',(4.750323075798,0.468007904623,
    75.005468697158));
#5279 = CARTESIAN_POINT('',(1.564017706344,4.509816996012,
    75.260156278703));
#5280 = CARTESIAN_POINT('',(-1.467727110365,5.399787073257,
    75.387499840074));
#5281 = CARTESIAN_POINT('',(-5.02048225456,3.988775590912,
    75.514843994975));
#5282 = CARTESIAN_POINT('',(-7.180240633087,4.837187783174E-02,
    75.64218726841));
#5283 = CARTESIAN_POINT('',(-5.714777847517,-5.07827803679,
    75.769531238045));
#5284 = CARTESIAN_POINT('',(-0.795910208751,-7.13615599092,
    75.896875207283));
#5285 = CARTESIAN_POINT('',(3.371032804844,-5.454512866617,
    76.024218481067));
#5286 = CARTESIAN_POINT('',(5.189845392669,-2.092230414423,
    76.151562635712));
#5287 = CARTESIAN_POINT('',(4.662387575827,1.023104499097,
    76.278906197231));
#5288 = CARTESIAN_POINT('',(1.023104497563,4.662387576163,
    76.533593778649));
#5289 = CARTESIAN_POINT('',(-2.092230416124,5.189845391979,
    76.660937340206));
#5290 = CARTESIAN_POINT('',(-5.454512867734,3.371032803056,
    76.788281494776));
#5291 = CARTESIAN_POINT('',(-7.136155990653,-0.795910211101,
    76.915624768603));
#5292 = CARTESIAN_POINT('',(-5.078278034906,-5.714777849188,
    77.042968737935));
#5293 = CARTESIAN_POINT('',(4.837188017753E-02,-7.180240633064,
    77.170312707302));
#5294 = CARTESIAN_POINT('',(3.988775592578,-5.020482253257,
    77.29765598109));
#5295 = CARTESIAN_POINT('',(5.399787073731,-1.467727108584,
    77.425000135694));
#5296 = CARTESIAN_POINT('',(4.5098169955,1.564017707824,77.552343697233)
  );
#5297 = CARTESIAN_POINT('',(0.468007903058,4.750323075956,
    77.807031278657));
#5298 = CARTESIAN_POINT('',(-2.687728951529,4.907956437262,
    77.93437484018));
#5299 = CARTESIAN_POINT('',(-5.812927099383,2.706557097181,
    78.06171899481));
#5300 = CARTESIAN_POINT('',(-6.993142203463,-1.629158528177,
    78.189062268579));
#5301 = CARTESIAN_POINT('',(-4.371377616601,-6.272053204356,
    78.316406237943));
#5302 = CARTESIAN_POINT('',(0.891983385486,-7.124784981112,
    78.443750207304));
#5303 = CARTESIAN_POINT('',(4.551221640921,-4.516852262228,
    78.57109348108));
#5304 = CARTESIAN_POINT('',(5.534871041707,-0.822876575475,
    78.698437635712));
#5305 = CARTESIAN_POINT('',(4.294726433915,2.083248804421,
    78.825781197211));
#5306 = CARTESIAN_POINT('',(-9.357672529849E-02,4.772404437991,
    79.080468778715));
#5307 = CARTESIAN_POINT('',(-3.245967269079,4.558028059925,
    79.207812339959));
#5308 = CARTESIAN_POINT('',(-6.090756222265,2.004560157274,
    79.33515649512));
#5309 = CARTESIAN_POINT('',(-6.753181883755,-2.439821680349,
    79.462499768532));
#5310 = CARTESIAN_POINT('',(-3.603876414236,-6.742378545955,
    79.589843737362));
#5311 = CARTESIAN_POINT('',(1.723229248514,-6.970557821625,
    79.717187708466));
#5312 = CARTESIAN_POINT('',(5.050573711699,-3.950604759411,
    79.844530979813));
#5313 = CARTESIAN_POINT('',(5.593224616011,-0.166618433571,
    79.971875136634));
#5314 = CARTESIAN_POINT('',(4.020097710014,2.573599643499,
    80.099218696739));
#5315 = CARTESIAN_POINT('',(-0.653864091409,4.728325546441,
    80.353906279532));
#5316 = CARTESIAN_POINT('',(-3.759206463191,4.144911347216,
    80.481249835462));
#5317 = CARTESIAN_POINT('',(-6.284148666561,1.274773827259,
    80.608594007627));
#5318 = CARTESIAN_POINT('',(-6.419601623653,-3.216661374365,
    80.735937243912));
#5319 = CARTESIAN_POINT('',(-2.786414360671,-7.119233713558,
    80.863281274803));
#5320 = CARTESIAN_POINT('',(2.530585833427,-6.719697218673,
    80.99062516291));
#5321 = CARTESIAN_POINT('',(5.479909246943,-3.329589682987,
    81.117968524837));
#5322 = CARTESIAN_POINT('',(5.574038833847,0.491949554249,
    81.245312600356));
#5323 = CARTESIAN_POINT('',(3.689738026816,3.028272449009,
    81.372656220406));
#5324 = CARTESIAN_POINT('',(1.242325570379,3.823484960044,
    81.499999975897));
#5325 = CARTESIAN_POINT('',(3.34525,5.551115123126E-17,0.275));
#5326 = CARTESIAN_POINT('',(3.345249996186,2.141291625009,0.402343746058
    ));
#5327 = CARTESIAN_POINT('',(1.822585517566,4.284663744845,0.529687590075
    ));
#5328 = CARTESIAN_POINT('',(-1.225884364686,5.192787874315,
    0.657031104499));
#5329 = CARTESIAN_POINT('',(-4.667099393685,3.730511522017,
    0.784375135353));
#5330 = CARTESIAN_POINT('',(-6.350454559044,-0.374504962633,
    0.911718785445));
#5331 = CARTESIAN_POINT('',(-4.196274588377,-4.253213498921,
    1.039062332063));
#5332 = CARTESIAN_POINT('',(-0.607040203978,-5.300880430783,
    1.166406453943));
#5333 = CARTESIAN_POINT('',(2.31356029174,-4.040742605256,1.293749898376
    ));
#5334 = CARTESIAN_POINT('',(3.573744137627,-1.733257188549,
    1.421093788814));
#5335 = CARTESIAN_POINT('',(3.070380390645,2.519641147309,1.675781228947
    ));
#5336 = CARTESIAN_POINT('',(1.306343987093,4.469186373608,1.803125116211
    ));
#5337 = CARTESIAN_POINT('',(-1.827733897779,5.012706581895,
    1.930468572115));
#5338 = CARTESIAN_POINT('',(-5.073223777361,3.156094606373,
    2.057812668184));
#5339 = CARTESIAN_POINT('',(-6.262417797296,-1.118324968536,
    2.185156258282));
#5340 = CARTESIAN_POINT('',(-3.667276267649,-4.716951359522,
    2.312499850121));
#5341 = CARTESIAN_POINT('',(2.02192025039E-02,-5.335487076192,
    2.439843944652));
#5342 = CARTESIAN_POINT('',(2.772462121832,-3.740804168195,
    2.567187401746));
#5343 = CARTESIAN_POINT('',(3.7526951148,-1.301194456658,2.694531288215)
  );
#5344 = CARTESIAN_POINT('',(2.752945854101,2.863060666578,2.949218729243
    ));
#5345 = CARTESIAN_POINT('',(0.771992471976,4.591752288282,3.076562615755
    ));
#5346 = CARTESIAN_POINT('',(-2.404245366914,4.763133704894,
    3.203906072686));
#5347 = CARTESIAN_POINT('',(-5.409017655073,2.537924481211,
    3.331250167601));
#5348 = CARTESIAN_POINT('',(-6.087564572014,-1.846641540544,
    3.458593758764));
#5349 = CARTESIAN_POINT('',(-3.087438197895,-5.115297716402,
    3.585937349803));
#5350 = CARTESIAN_POINT('',(0.647198317483,-5.296127405411,
    3.713281444814));
#5351 = CARTESIAN_POINT('',(3.19292906757,-3.389006640731,3.840624901687
    ));
#5352 = CARTESIAN_POINT('',(3.879622157109,-0.851093154025,
    3.967968788226));
#5353 = CARTESIAN_POINT('',(2.397346991894,3.16678932936,4.222656229235)
  );
#5354 = CARTESIAN_POINT('',(0.226938759201,4.650662345659,4.350000115774
    ));
#5355 = CARTESIAN_POINT('',(-2.947426576095,4.44752909531,4.477343572656
    ));
#5356 = CARTESIAN_POINT('',(-5.669825854819,1.884570890442,
    4.604687667627));
#5357 = CARTESIAN_POINT('',(-5.828318915434,-2.549357961862,
    4.732031258757));
#5358 = CARTESIAN_POINT('',(-2.464798706326,-5.442730260693,
    4.859374849789));
#5359 = CARTESIAN_POINT('',(1.265205266332,-5.183347064446,
    4.986718944834));
#5360 = CARTESIAN_POINT('',(3.569132162811,-2.990227022455,
    5.114062401675));
#5361 = CARTESIAN_POINT('',(3.952765663448,-0.389193073725,5.24140628823
    ));
#5362 = CARTESIAN_POINT('',(2.008513501954,3.426616519038,5.496093729232
    ));
#5363 = CARTESIAN_POINT('',(-0.32126102514,4.645099870564,5.623437615784
    ));
#5364 = CARTESIAN_POINT('',(-3.449747356891,4.070268006982,5.75078107264
    ));
#5365 = CARTESIAN_POINT('',(-5.852032770636,1.205091331187,
    5.878125167645));
#5366 = CARTESIAN_POINT('',(-5.488274771965,-3.216732414292,
    6.005468758745));
#5367 = CARTESIAN_POINT('',(-1.807989498088,-5.694709766806,
    6.132812349792));
#5368 = CARTESIAN_POINT('',(1.865672565643,-4.998709536895,
    6.260156444837));
#5369 = CARTESIAN_POINT('',(3.895856071618,-2.549993629536,
    6.387499901671));
#5370 = CARTESIAN_POINT('',(3.971111639099,7.810242366124E-02,
    6.514843788232));
#5371 = CARTESIAN_POINT('',(1.591835816424,3.638940228915,6.76953122923)
  );
#5372 = CARTESIAN_POINT('',(-0.865007140228,4.575141976068,
    6.896875115793));
#5373 = CARTESIAN_POINT('',(-3.904243993098,3.636580442864,
    7.024218572622));
#5374 = CARTESIAN_POINT('',(-5.95311245234,0.508905487058,7.151562667668
    ));
#5375 = CARTESIAN_POINT('',(-5.072146202855,-3.839513028326,
    7.278906258727));
#5376 = CARTESIAN_POINT('',(-1.126115975785,-5.867743021171,
    7.406249849801));
#5377 = CARTESIAN_POINT('',(2.440275885559,-4.744774468691,
    7.533593944834));
#5378 = CARTESIAN_POINT('',(4.168571392311,-2.074409455401,
    7.660937401673));
#5379 = CARTESIAN_POINT('',(3.934405752223,0.544315180423,7.788281288229
    ));
#5380 = CARTESIAN_POINT('',(1.153090373934,3.800816997125,8.042968729236
    ));
#5381 = CARTESIAN_POINT('',(-1.396761586884,4.44175849447,8.170312615767
    ));
#5382 = CARTESIAN_POINT('',(-4.304615758671,3.152478651006,
    8.297656072666));
#5383 = CARTESIAN_POINT('',(-5.97166362366,-0.194335357647,
    8.425000167631));
#5384 = CARTESIAN_POINT('',(-4.585702034243,-4.409066142739,
    8.552343758726));
#5385 = CARTESIAN_POINT('',(-0.428631010763,-5.959431248827,
    8.67968734984));
#5386 = CARTESIAN_POINT('',(2.981049450777,-4.42506218359,8.807031444787
    ));
#5387 = CARTESIAN_POINT('',(4.38349744893,-1.570067564381,8.9343749017)
  );
#5388 = CARTESIAN_POINT('',(3.843156859687,1.002982048976,9.061718788222
    ));
#5389 = CARTESIAN_POINT('',(0.698359540319,3.910002712091,9.31640622924)
  );
#5390 = CARTESIAN_POINT('',(-1.909152607402,4.246798532474,
    9.443750115756));
#5391 = CARTESIAN_POINT('',(-4.64531226542,2.624673776217,9.571093572687
    ));
#5392 = CARTESIAN_POINT('',(-5.907429108038,-0.894882114583,
    9.698437667602));
#5393 = CARTESIAN_POINT('',(-4.035685883559,-4.917495993585,
    9.825781258757));
#5394 = CARTESIAN_POINT('',(0.274796102852,-5.968503368095,
    9.953124849814));
#5395 = CARTESIAN_POINT('',(3.48049647084,-4.044004880436,
    10.080468944806));
#5396 = CARTESIAN_POINT('',(4.537654703023,-1.043959691573,
    10.20781240169));
#5397 = CARTESIAN_POINT('',(3.698629952753,1.447744491043,
    10.335156288227));
#5398 = CARTESIAN_POINT('',(0.233947288268,3.964983722839,10.58984372923
    ));
#5399 = CARTESIAN_POINT('',(-2.395076880942,3.992964836838,
    10.717187615796));
#5400 = CARTESIAN_POINT('',(-4.921610408364,2.060482822872,
    10.844531072614));
#5401 = CARTESIAN_POINT('',(-5.761299394064,-1.583023043691,
    10.971875167674));
#5402 = CARTESIAN_POINT('',(-3.42972267208,-5.357754174133,
    11.09921875873));
#5403 = CARTESIAN_POINT('',(0.974413694452,-5.894833611357,
    11.226562349788));
#5404 = CARTESIAN_POINT('',(3.931693068693,-3.606885189455,
    11.353906444849));
#5405 = CARTESIAN_POINT('',(4.628906059316,-0.503379315696,
    11.481249901662));
#5406 = CARTESIAN_POINT('',(3.50282862037,1.872436726596,11.608593788235
    ));
#5407 = CARTESIAN_POINT('',(-0.233708195178,3.964997822894,
    11.863281229225));
#5408 = CARTESIAN_POINT('',(-2.847797997503,3.683776325903,
    11.990625115808));
#5409 = CARTESIAN_POINT('',(-5.129679842481,1.467727218781,
    12.117968572595));
#5410 = CARTESIAN_POINT('',(-5.535300290641,-2.249218388064,
    12.245312667695));
#5411 = CARTESIAN_POINT('',(-2.776212919901,-5.723737347339,
    12.372656258716));
#5412 = CARTESIAN_POINT('',(1.660522905108,-5.739443268737,
    12.499999849793));
#5413 = CARTESIAN_POINT('',(4.328384267048,-3.119762938613,
    12.627343944848));
#5414 = CARTESIAN_POINT('',(4.655986492414,4.417945099075E-02,
    12.754687401664));
#5415 = CARTESIAN_POINT('',(3.258467273259,2.271171210602,
    12.882031288231));
#5416 = CARTESIAN_POINT('',(-0.698123761789,3.910044816792,
    13.136718729236));
#5417 = CARTESIAN_POINT('',(-3.261039845277,3.323519306592,
    13.264062615762));
#5418 = CARTESIAN_POINT('',(-5.266636083285,0.854624385956,
    13.391406072685));
#5419 = CARTESIAN_POINT('',(-5.232564842809,-2.88423262435,
    13.518750167589));
#5420 = CARTESIAN_POINT('',(-2.084216288964,-6.010371856902,
    13.646093758789));
#5421 = CARTESIAN_POINT('',(2.323612143755,-5.504486529981,
    13.773437349773));
#5422 = CARTESIAN_POINT('',(4.665070701681,-2.589391145578,
    13.900781444837));
#5423 = CARTESIAN_POINT('',(4.618520583935,0.59112575415,14.028124901676
    ));
#5424 = CARTESIAN_POINT('',(2.968933513818,2.638420252592,
    14.155468788229));
#5425 = CARTESIAN_POINT('',(-1.152861178594,3.80088652277,
    14.410156229233));
#5426 = CARTESIAN_POINT('',(-3.629073616909,2.917188053049,
    14.53750011578));
#5427 = CARTESIAN_POINT('',(-5.330580494717,0.229673821625,
    14.664843572641));
#5428 = CARTESIAN_POINT('',(-4.857289898015,-3.479262495377,
    14.79218766766));
#5429 = CARTESIAN_POINT('',(-1.363325988244,-6.213684064045,
    14.919531258706));
#5430 = CARTESIAN_POINT('',(2.954488947243,-5.193220620541,
    15.046874849848));
#5431 = CARTESIAN_POINT('',(4.937084859556,-2.023122400189,
    15.174218944784));
#5432 = CARTESIAN_POINT('',(4.517027726989,1.1298772301,15.301562401707)
  );
#5433 = CARTESIAN_POINT('',(2.638241173478,2.96909264747,15.428906288214
    ));
#5434 = CARTESIAN_POINT('',(-1.591616381625,3.639036211685,
    15.683593729262));
#5435 = CARTESIAN_POINT('',(-3.946797228599,2.470415570298,
    15.810937615661));
#5436 = CARTESIAN_POINT('',(-5.320626609746,-0.39846073051,
    15.938281072865));
#5437 = CARTESIAN_POINT('',(-4.414677925341,-4.02605905107,
    16.065625167419));
#5438 = CARTESIAN_POINT('',(-0.623535781842,-6.330855433978,
    16.192968758838));
#5439 = CARTESIAN_POINT('',(3.544407416017,-4.809960646553,
    16.32031234986));
#5440 = CARTESIAN_POINT('',(5.140655785019,-1.428806934831,
    16.447656444711));
#5441 = CARTESIAN_POINT('',(4.352914925789,1.652965120756,
    16.574999901754));
#5442 = CARTESIAN_POINT('',(2.270974668624,3.258604255372,16.70234378821
    ));
#5443 = CARTESIAN_POINT('',(-2.008306869741,3.426737628281,
    16.957031229243));
#5444 = CARTESIAN_POINT('',(-4.209806050475,1.989395503958,
    17.08437511576));
#5445 = CARTESIAN_POINT('',(-5.236912420176,-1.021071387483,
    17.211718572681));
#5446 = CARTESIAN_POINT('',(-3.910864892294,-4.5170420033,
    17.339062667589));
#5447 = CARTESIAN_POINT('',(0.124898554539,-6.360261610067,
    17.466406258806));
#5448 = CARTESIAN_POINT('',(4.085189459811,-4.360019774157,
    17.593749849741));
#5449 = CARTESIAN_POINT('',(5.272961356705,-0.814683795754,
    17.721093944869));
#5450 = CARTESIAN_POINT('',(4.128457290241,2.153137813536,
    17.848437401657));
#5451 = CARTESIAN_POINT('',(1.872225446432,3.50294155197,17.975781288236
    ));
#5452 = CARTESIAN_POINT('',(-2.397156026824,3.166933886128,
    18.230468729224));
#5453 = CARTESIAN_POINT('',(-4.414453968671,1.480796276444,
    18.357812615813));
#5454 = CARTESIAN_POINT('',(-5.080598462819,-1.629526843842,
    18.485156072583));
#5455 = CARTESIAN_POINT('',(-3.352835202654,-4.945404813407,
    18.612500167714));
#5456 = CARTESIAN_POINT('',(0.871601411608,-6.301494931941,
    18.739843758694));
#5457 = CARTESIAN_POINT('',(4.569338170358,-3.849635572159,
    18.867187349812));
#5458 = CARTESIAN_POINT('',(5.332167411183,-0.189266625205,
    18.994531444836));
#5459 = CARTESIAN_POINT('',(3.846766495854,2.623461371516,
    19.121874901671));
#5460 = CARTESIAN_POINT('',(1.447521401696,3.698717268242,
    19.249218788229));
#5461 = CARTESIAN_POINT('',(-2.752773203537,2.863226666892,
    19.50390622924));
#5462 = CARTESIAN_POINT('',(-4.557903931464,0.951668642595,
    19.631250115744));
#5463 = CARTESIAN_POINT('',(-4.853851731556,-2.215392029147,
    19.758593572716));
#5464 = CARTESIAN_POINT('',(-2.748324870015,-5.305209050982,
    19.885937667564));
#5465 = CARTESIAN_POINT('',(1.606221183352,-6.15537008698,
    20.013281258786));
#5466 = CARTESIAN_POINT('',(4.990141752405,-3.285883540832,
    20.140624849803));
#5467 = CARTESIAN_POINT('',(5.317453169832,0.438774364848,
    20.267968944805));
#5468 = CARTESIAN_POINT('',(3.511747646354,3.05741565866,20.395312401691
    ));
#5469 = CARTESIAN_POINT('',(1.002750243149,3.843217348604,
    20.522656288228));
#5470 = CARTESIAN_POINT('',(-3.070228448339,2.519826289859,
    20.777343729227));
#5471 = CARTESIAN_POINT('',(-4.638167279669,0.409347944509,
    20.904687615814));
#5472 = CARTESIAN_POINT('',(-4.559815635886,-2.770545044193,
    21.032031072579));
#5473 = CARTESIAN_POINT('',(-2.105714273037,-5.591466718577,
    21.159375167715));
#5474 = CARTESIAN_POINT('',(2.318573772451,-5.923912816688,
    21.286718758703));
#5475 = CARTESIAN_POINT('',(5.341766569837,-2.676579023103,
    21.41406234979));
#5476 = CARTESIAN_POINT('',(5.229022617341,1.060732588167,
    21.541406444864));
#5477 = CARTESIAN_POINT('',(3.128045136932,3.44898472927,21.668749901646
    ));
#5478 = CARTESIAN_POINT('',(0.544077871651,3.934438576012,
    21.796093788245));
#5479 = CARTESIAN_POINT('',(-3.345120851841,2.141493344032,
    22.050781229206));
#5480 = CARTESIAN_POINT('',(-4.654131315583,-0.13864757936,
    22.178125115888));
#5481 = CARTESIAN_POINT('',(-4.202566423491,-3.287289754791,
    22.305468572447));
#5482 = CARTESIAN_POINT('',(-1.433911977813,-5.800209401665,
    22.432812667849));
#5483 = CARTESIAN_POINT('',(2.998783773725,-5.610331833035,
    22.560156258642));
#5484 = CARTESIAN_POINT('',(5.619338017457,-2.030168859954,
    22.687499849767));
#5485 = CARTESIAN_POINT('',(5.068101674126,1.6679857843,22.814843944914)
  );
#5486 = CARTESIAN_POINT('',(2.700978268485,3.792740227662,
    22.942187401622));
#5487 = CARTESIAN_POINT('',(7.786290178348E-02,3.971116342711,
    23.06953128824));
#5488 = CARTESIAN_POINT('',(-3.573639557008,1.733472691649,
    23.324218729238));
#5489 = CARTESIAN_POINT('',(-4.60557472835,-0.684721020055,
    23.451562615738));
#5490 = CARTESIAN_POINT('',(-3.787056671007,-3.758462484218,
    23.578906072734));
#5491 = CARTESIAN_POINT('',(-0.74223123743,-5.92854328281,
    23.706250167544));
#5492 = CARTESIAN_POINT('',(3.637421377516,-5.218974335995,
    23.833593758796));
#5493 = CARTESIAN_POINT('',(5.819008098189,-1.355614291115,
    23.960937349803));
#5494 = CARTESIAN_POINT('',(4.836921201221,2.252115549811,
    24.088281444805));
#5495 = CARTESIAN_POINT('',(2.236467505725,4.083916641822,
    24.215624901684));
#5496 = CARTESIAN_POINT('',(-0.389431488197,3.952742181676,
    24.34296878824));
#5497 = CARTESIAN_POINT('',(-3.752616589313,1.301420758063,
    24.597656229196));
#5498 = CARTESIAN_POINT('',(-4.49317066226,-1.221302114068,
    24.725000115945));
#5499 = CARTESIAN_POINT('',(-3.319046625755,-4.177531325129,
    24.852343572347));
#5500 = CARTESIAN_POINT('',(-4.026088148217E-02,-5.974689257495,
    24.979687667923));
#5501 = CARTESIAN_POINT('',(4.225633095368,-4.75526574876,
    25.107031258674));
#5502 = CARTESIAN_POINT('',(5.938008769051,-0.662266724645,
    25.234374849634));
#5503 = CARTESIAN_POINT('',(4.538686073009,2.805024043725,
    25.361718945063));
#5504 = CARTESIAN_POINT('',(1.74095240152,4.318477367876,25.48906240153)
  );
#5505 = CARTESIAN_POINT('',(-0.851327155946,3.879570815505,
    25.616406288272));
#5506 = CARTESIAN_POINT('',(-3.879570774795,0.851327116494,
    25.871093729198));
#5507 = CARTESIAN_POINT('',(-4.318477384383,-1.740952191907,
    25.998437615884));
#5508 = CARTESIAN_POINT('',(-2.805024351481,-4.538686689267,
    26.125781072471));
#5509 = CARTESIAN_POINT('',(0.662267614496,-5.938007601069,
    26.253125167812));
#5510 = CARTESIAN_POINT('',(4.755264498076,-4.225634502818,
    26.380468758675));
#5511 = CARTESIAN_POINT('',(5.974690312786,4.026190245841E-02,
    26.507812349748));
#5512 = CARTESIAN_POINT('',(4.177530749323,3.319046247685,
    26.635156444925));
#5513 = CARTESIAN_POINT('',(1.221302324157,4.493170670516,
    26.762499901611));
#5514 = CARTESIAN_POINT('',(-1.301420802015,3.752616625096,
    26.889843788251));
#5515 = CARTESIAN_POINT('',(-3.952742136637,0.389431453825,
    27.144531229211));
#5516 = CARTESIAN_POINT('',(-4.083916682758,-2.236467299609,
    27.271875115855));
#5517 = CARTESIAN_POINT('',(-2.252115783119,-4.836921849156,
    27.399218572508));
#5518 = CARTESIAN_POINT('',(1.355615037519,-5.819006833998,
    27.526562667795));
#5519 = CARTESIAN_POINT('',(5.218973259629,-3.637422922003,
    27.653906258644));
#5520 = CARTESIAN_POINT('',(5.928544210411,0.742232375313,27.78124984982
    ));
#5521 = CARTESIAN_POINT('',(3.75846195717,3.787056227822,27.908593944847
    ));
#5522 = CARTESIAN_POINT('',(0.684721227545,4.605574761307,
    28.035937401665));
#5523 = CARTESIAN_POINT('',(-1.733472739461,3.573639587352,
    28.163281288225));
#5524 = CARTESIAN_POINT('',(-3.971116293969,-7.786293060515E-02,
    28.417968729256));
#5525 = CARTESIAN_POINT('',(-3.792740292489,-2.700978068665,
    28.545312615674));
#5526 = CARTESIAN_POINT('',(-1.667985939912,-5.068102344891,
    28.672656072834));
#5527 = CARTESIAN_POINT('',(2.030169452682,-5.619336674421,
    28.800000167478));
#5528 = CARTESIAN_POINT('',(5.61033094559,-2.998785433918,
    28.927343758751));
#5529 = CARTESIAN_POINT('',(5.800210189143,1.433913216785,
    29.054687349952));
#5530 = CARTESIAN_POINT('',(3.287289283462,4.202565921444,29.18203144464
    ));
#5531 = CARTESIAN_POINT('',(0.138647781549,4.654131372699,
    29.309374901792));
#5532 = CARTESIAN_POINT('',(-2.14149339508,3.345120876354,
    29.436718788195));
#5533 = CARTESIAN_POINT('',(-3.934438524222,-0.544077894542,
    29.691406229264));
#5534 = CARTESIAN_POINT('',(-3.448984817123,-3.128044946127,
    29.818750115686));
#5535 = CARTESIAN_POINT('',(-1.06073266387,-5.229023301721,
    29.946093572795));
#5536 = CARTESIAN_POINT('',(2.676579453842,-5.341765166487,
    30.073437667524));
#5537 = CARTESIAN_POINT('',(5.923912130607,-2.318575525395,
    30.200781258731));
#5538 = CARTESIAN_POINT('',(5.59146735486,2.105715595941,30.328124849937
    ));
#5539 = CARTESIAN_POINT('',(2.770544635232,4.559815081937,
    30.455468944668));
#5540 = CARTESIAN_POINT('',(-0.409347750484,4.638167360152,
    30.582812401774));
#5541 = CARTESIAN_POINT('',(-2.519826343422,3.070228466679,
    30.710156288199));
#5542 = CARTESIAN_POINT('',(-3.843217294495,-1.002750259792,
    30.964843729263));
#5543 = CARTESIAN_POINT('',(-3.057415768295,-3.511747467213,
    31.09218761568));
#5544 = CARTESIAN_POINT('',(-0.438774359642,-5.317453858331,
    31.219531072816));
#5545 = CARTESIAN_POINT('',(3.285883803684,-4.990140308203,
    31.346875167484));
#5546 = CARTESIAN_POINT('',(6.155369611689,-1.606223004741,
    31.474218758783));
#5547 = CARTESIAN_POINT('',(5.305209527323,2.748326258512,
    31.601562349889));
#5548 = CARTESIAN_POINT('',(2.215391688182,4.853851133383,
    31.728906444698));
#5549 = CARTESIAN_POINT('',(-0.951668459405,4.557904034197,
    31.856249901764));
#5550 = CARTESIAN_POINT('',(-2.863226722231,2.752773215454,
    31.983593788198));
#5551 = CARTESIAN_POINT('',(-3.698717212555,-1.447521411862,
    32.238281229271));
#5552 = CARTESIAN_POINT('',(-2.623461501445,-3.84676633084,
    32.365625115642));
#5553 = CARTESIAN_POINT('',(0.189266711294,-5.332168094306,
    32.492968572892));
#5554 = CARTESIAN_POINT('',(3.849635663465,-4.569336705248,
    32.620312667393));
#5555 = CARTESIAN_POINT('',(6.301494673975,-0.871603276276,
    32.747656258851));
#5556 = CARTESIAN_POINT('',(4.945405123316,3.352836637558,
    32.874999849856));
#5557 = CARTESIAN_POINT('',(1.629526575481,5.080597828688,
    33.002343944714));
#5558 = CARTESIAN_POINT('',(-1.480796106554,4.414454092234,
    33.129687401745));
#5559 = CARTESIAN_POINT('',(-3.166933942507,2.397156032154,
    33.25703128822));
#5560 = CARTESIAN_POINT('',(-3.502941495433,-1.872225449987,
    33.511718729217));
#5561 = CARTESIAN_POINT('',(-2.153137962118,-4.128457141599,
    33.639062615876));
#5562 = CARTESIAN_POINT('',(0.814683961819,-5.272962025097,
    33.766406072455));
#5563 = CARTESIAN_POINT('',(4.360019692347,-4.085187993918,
    33.893750167849));
#5564 = CARTESIAN_POINT('',(6.360261573173,-0.124900436826,
    34.021093758639));
#5565 = CARTESIAN_POINT('',(4.517042142478,3.910866353836,
    34.148437349766));
#5566 = CARTESIAN_POINT('',(1.021071195379,5.236911758827,
    34.275781444924));
#5567 = CARTESIAN_POINT('',(-1.989395349684,4.209806193165,
    34.403124901605));
#5568 = CARTESIAN_POINT('',(-3.426737684912,2.008306868408,
    34.530468788256));
#5569 = CARTESIAN_POINT('',(-3.258604198815,-2.270974665512,
    34.785156229201));
#5570 = CARTESIAN_POINT('',(-1.652965285727,-4.352914795645,
    34.912500115899));
#5571 = CARTESIAN_POINT('',(1.428807178211,-5.140656429222,
    35.039843572423));
#5572 = CARTESIAN_POINT('',(4.809960393082,-3.544405969998,
    35.167187667894));
#5573 = CARTESIAN_POINT('',(6.330855618613,0.623533908411,
    35.294531258578));
#5574 = CARTESIAN_POINT('',(4.026059017364,4.41467939297,35.421874849832
    ));
#5575 = CARTESIAN_POINT('',(0.398460617617,5.320625930491,
    35.549218944868));
#5576 = CARTESIAN_POINT('',(-2.470415433952,3.946797388399,
    35.676562401642));
#5577 = CARTESIAN_POINT('',(-3.639036267742,1.591616373649,
    35.803906288237));
#5578 = CARTESIAN_POINT('',(-2.969092591692,-2.63824116374,
    36.058593729236));
#5579 = CARTESIAN_POINT('',(-1.12987740916,-4.517027617146,
    36.185937615753));
#5580 = CARTESIAN_POINT('',(2.023122717478,-4.937085470667,
    36.313281072697));
#5581 = CARTESIAN_POINT('',(5.193220199024,-2.954487541063,
    36.440625167598));
#5582 = CARTESIAN_POINT('',(6.213684467451,1.363324149507,
    36.567968758739));
#5583 = CARTESIAN_POINT('',(3.479262289504,4.857291351523,
    36.695312349853));
#5584 = CARTESIAN_POINT('',(-0.229673853944,5.330579806883,
    36.822656444763));
#5585 = CARTESIAN_POINT('',(-2.917187936416,3.629073791638,
    36.949999901719));
#5586 = CARTESIAN_POINT('',(-3.800886577502,1.152861164083,
    37.077343788214));
#5587 = CARTESIAN_POINT('',(-2.638420198348,-2.968933497592,
    37.332031229254));
#5588 = CARTESIAN_POINT('',(-0.591125944865,-4.618520495896,
    37.459375115702));
#5589 = CARTESIAN_POINT('',(2.589391532474,-4.665071271261,
    37.586718572784));
#5590 = CARTESIAN_POINT('',(5.504485946116,-2.323610796888,
    37.714062667506));
#5591 = CARTESIAN_POINT('',(6.010372473657,2.084214510432,
    37.841406258792));
#5592 = CARTESIAN_POINT('',(2.88423224901,5.232566261994,37.968749849849
    ));
#5593 = CARTESIAN_POINT('',(-0.854624337157,5.266635396455,
    38.096093944746));
#5594 = CARTESIAN_POINT('',(-3.323519211328,3.261040032492,
    38.223437401728));
#5595 = CARTESIAN_POINT('',(-3.910044869438,0.698123740946,
    38.350781288217));
#5596 = CARTESIAN_POINT('',(-2.271171158631,-3.258467250765,
    38.605468729236));
#5597 = CARTESIAN_POINT('',(-4.417965078587E-02,-4.655986427415,
    38.732812615784));
#5598 = CARTESIAN_POINT('',(3.119763389876,-4.328384787204,
    38.860156072623));
#5599 = CARTESIAN_POINT('',(5.739442530509,-1.660521636153,
    38.987500167689));
#5600 = CARTESIAN_POINT('',(5.7237381689,2.776211226079,39.114843758679)
  );
#5601 = CARTESIAN_POINT('',(2.249217848565,5.535301656002,
    39.242187349857));
#5602 = CARTESIAN_POINT('',(-1.467727089671,5.129679166049,
    39.369531444797));
#5603 = CARTESIAN_POINT('',(-3.683776253246,2.847798194663,
    39.496874901682));
#5604 = CARTESIAN_POINT('',(-3.964997872746,0.23370816828,
    39.624218788238));
#5605 = CARTESIAN_POINT('',(-1.872436677604,-3.502828591912,
    39.878906229206));
#5606 = CARTESIAN_POINT('',(0.503379109557,-4.628906018274,
    40.006250115896));
#5607 = CARTESIAN_POINT('',(3.606885698885,-3.931693532194,
    40.133593572445));
#5608 = CARTESIAN_POINT('',(5.894832728949,-0.974412521007,
    40.260937667808));
#5609 = CARTESIAN_POINT('',(5.357755189124,3.429721086428,
    40.388281258753));
#5610 = CARTESIAN_POINT('',(1.583022347534,5.761300686715,
    40.515624849618));
#5611 = CARTESIAN_POINT('',(-2.060482615268,4.921609751676,
    40.642968945035));
#5612 = CARTESIAN_POINT('',(-3.992964787794,2.395077085321,
    40.770312401565));
#5613 = CARTESIAN_POINT('',(-3.96498376919,-0.23394732084,
    40.897656288248));
#5614 = CARTESIAN_POINT('',(-1.447744445763,-3.698629918754,
    41.152343729245));
#5615 = CARTESIAN_POINT('',(1.043959482192,-4.537654686423,
    41.279687615689));
#5616 = CARTESIAN_POINT('',(4.044005440509,-3.480496871324,
    41.40703107282));
#5617 = CARTESIAN_POINT('',(5.968502354206,-0.274795041315,
    41.534375167484));
#5618 = CARTESIAN_POINT('',(4.917497187768,4.035684428459,
    41.661718758758));
#5619 = CARTESIAN_POINT('',(0.894881271225,5.907430309534,
    41.789062349933));
#5620 = CARTESIAN_POINT('',(-2.624673492677,4.645311637984,
    41.916406444664));
#5621 = CARTESIAN_POINT('',(-4.246798507918,1.909152815992,
    42.04374990177));
#5622 = CARTESIAN_POINT('',(-3.910002754263,-0.69835957809,
    42.17109378821));
#5623 = CARTESIAN_POINT('',(-1.002982008003,-3.843156820597,
    42.425781229233));
#5624 = CARTESIAN_POINT('',(1.570067354435,-4.383497457103,
    42.553125115812));
#5625 = CARTESIAN_POINT('',(4.425062787004,-2.981049782581,
    42.680468572567));
#5626 = CARTESIAN_POINT('',(5.959430117015,0.428631945746,
    42.807812667741));
#5627 = CARTESIAN_POINT('',(4.40906749978,4.585700729507,42.935156258673
    ));
#5628 = CARTESIAN_POINT('',(0.194334378922,5.971664717865,
    43.062499849819));
#5629 = CARTESIAN_POINT('',(-3.152478295753,4.304615168763,
    43.189843944839));
#5630 = CARTESIAN_POINT('',(-4.44175849455,1.396761796986,
    43.317187401667));
#5631 = CARTESIAN_POINT('',(-3.800817034578,-1.153090416413,
    43.44453128823));
#5632 = CARTESIAN_POINT('',(-0.544315144329,-3.934405708589,
    43.69921872924));
#5633 = CARTESIAN_POINT('',(2.074409247896,-4.168571425081,
    43.82656261574));
#5634 = CARTESIAN_POINT('',(4.74477510686,-2.440276144193,
    43.953906072731));
#5635 = CARTESIAN_POINT('',(5.867741787393,1.126116771331,
    44.081250167529));
#5636 = CARTESIAN_POINT('',(3.839514529243,5.072145066592,
    44.208593758844));
#5637 = CARTESIAN_POINT('',(-0.508906587567,5.953113423979,
    44.335937349737));
#5638 = CARTESIAN_POINT('',(-3.636580020753,3.904243448999,
    44.46328144486));
#5639 = CARTESIAN_POINT('',(-4.575142000834,0.865007348887,
    44.590624901658));
#5640 = CARTESIAN_POINT('',(-3.638940261123,-1.591835863024,
    44.717968788244));
#5641 = CARTESIAN_POINT('',(-7.810239292629E-02,-3.971111591498,
    44.972656229199));
#5642 = CARTESIAN_POINT('',(2.549993427223,-3.89585612865,
    45.100000115926));
#5643 = CARTESIAN_POINT('',(4.998710201247,-1.865672747311,
    45.227343572373));
#5644 = CARTESIAN_POINT('',(5.694708447809,1.807990142962,
    45.354687667924));
#5645 = CARTESIAN_POINT('',(3.216734038568,5.488273820025,
    45.482031258613));
#5646 = CARTESIAN_POINT('',(-1.20509253836,5.85203360626,45.609374849744
    ));
#5647 = CARTESIAN_POINT('',(-4.070267523843,3.449746866091,
    45.736718944951));
#5648 = CARTESIAN_POINT('',(-4.64509991967,0.321261229478,
    45.864062401605));
#5649 = CARTESIAN_POINT('',(-3.426616545544,-2.008513552011,
    45.991406288236));
#5650 = CARTESIAN_POINT('',(0.38919309863,-3.952765612604,46.24609372926
    ));
#5651 = CARTESIAN_POINT('',(2.990226828381,-3.569132243061,
    46.373437615633));
#5652 = CARTESIAN_POINT('',(5.183347745244,-1.265205368927,
    46.500781072929));
#5653 = CARTESIAN_POINT('',(5.442728875441,2.464799191908,
    46.628125167345));
#5654 = CARTESIAN_POINT('',(2.549359686442,5.828318161031,
    46.755468758876));
#5655 = CARTESIAN_POINT('',(-1.884572187326,5.669826542523,
    46.88281234987));
#5656 = CARTESIAN_POINT('',(-4.447528557827,2.947426145744,
    47.01015644468));
#5657 = CARTESIAN_POINT('',(-4.65066241848,-0.22693856219,
    47.137499901774));
#5658 = CARTESIAN_POINT('',(-3.166789349786,-2.397347044694,
    47.264843788206));
#5659 = CARTESIAN_POINT('',(0.851093172782,-3.879622103682,
    47.519531229242));
#5660 = CARTESIAN_POINT('',(3.389006457393,-3.192929170147,
    47.646875115782));
#5661 = CARTESIAN_POINT('',(5.296128093666,-0.647198339202,
    47.774218572606));
#5662 = CARTESIAN_POINT('',(5.115296283505,3.087438517134,47.90156266775
    ));
#5663 = CARTESIAN_POINT('',(1.846643342001,6.087564025633,48.02890625857
    ));
#5664 = CARTESIAN_POINT('',(-2.537925850027,5.409018185578,
    48.156249849985));
#5665 = CARTESIAN_POINT('',(-4.76313312053,2.404245002681,
    48.283593944693));
#5666 = CARTESIAN_POINT('',(-4.591752383752,-0.771992284862,
    48.410937401741));
#5667 = CARTESIAN_POINT('',(-2.86306068066,-2.75294590894,
    48.538281288215));
#5668 = CARTESIAN_POINT('',(1.301194469007,-3.752695059546,
    48.792968729241));
#5669 = CARTESIAN_POINT('',(3.74080399818,-2.772462245191,
    48.920312615766));
#5670 = CARTESIAN_POINT('',(5.335487762238,-2.021914334653E-02,
    49.047656072663));
#5671 = CARTESIAN_POINT('',(4.716949899014,3.667276416604,
    49.175000167628));
#5672 = CARTESIAN_POINT('',(1.118326821762,6.2624174659,49.302343758749)
  );
#5673 = CARTESIAN_POINT('',(-3.156096028098,5.073224143955,
    49.429687349798));
#5674 = CARTESIAN_POINT('',(-5.012705958734,1.82773360413,
    49.557031444833));
#5675 = CARTESIAN_POINT('',(-4.469186490432,-1.306343812016,
    49.684374901666));
#5676 = CARTESIAN_POINT('',(-2.519641154834,-3.070380447059,
    49.811718788242));
#5677 = CARTESIAN_POINT('',(1.733257194293,-3.573744080705,
    50.066406229202));
#5678 = CARTESIAN_POINT('',(4.04074245106,-2.313560437551,
    50.193750115913));
#5679 = CARTESIAN_POINT('',(5.30088110472,0.607040352427,50.321093572401
    ));
#5680 = CARTESIAN_POINT('',(4.253212031851,4.196274547185,
    50.448437667888));
#5681 = CARTESIAN_POINT('',(0.374506840651,6.350454473832,50.57578125865
    ));
#5682 = CARTESIAN_POINT('',(-3.730512975309,4.667099559254,
    50.703124849709));
#5683 = CARTESIAN_POINT('',(-5.192787222653,1.225884177239,
    50.830468944984));
#5684 = CARTESIAN_POINT('',(-4.284663880052,-1.822585382416,
    50.957812401574));
#5685 = CARTESIAN_POINT('',(-2.14129162676,-3.345250036708,
    51.085156288261));
#5686 = CARTESIAN_POINT('',(2.14129162587,-3.345249980035,
    51.339843729203));
#5687 = CARTESIAN_POINT('',(4.284663743511,-1.822585542272,
    51.467187615875));
#5688 = CARTESIAN_POINT('',(5.192787876002,1.225884395325,
    51.594531072486));
#5689 = CARTESIAN_POINT('',(3.730511520267,4.667099362641,
    51.721875167795));
#5690 = CARTESIAN_POINT('',(-0.374504961159,6.350454584662,
    51.849218758688));
#5691 = CARTESIAN_POINT('',(-4.253213499906,4.196274571424,
    51.976562349746));
#5692 = CARTESIAN_POINT('',(-5.300880430282,0.60704021265,
    52.103906444913));
#5693 = CARTESIAN_POINT('',(-4.040742605433,-2.313560294869,
    52.23124990163));
#5694 = CARTESIAN_POINT('',(-1.73325718852,-3.573744137069,
    52.358593788234));
#5695 = CARTESIAN_POINT('',(2.519641147294,-3.070380390934,
    52.61328122925));
#5696 = CARTESIAN_POINT('',(4.469186373644,-1.306343986602,
    52.740625115687));
#5697 = CARTESIAN_POINT('',(5.012706581811,1.827733897131,
    52.867968572818));
#5698 = CARTESIAN_POINT('',(3.156094606519,5.073223778007,
    52.995312667481));
#5699 = CARTESIAN_POINT('',(-1.118324968717,6.262417796834,
    53.122656258774));
#5700 = CARTESIAN_POINT('',(-4.716951359369,3.667276267864,
    53.249999849908));
#5701 = CARTESIAN_POINT('',(-5.335487076278,-2.021920255385E-02,
    53.377343944686));
#5702 = CARTESIAN_POINT('',(-3.740804168167,-2.772462121836,
    53.50468740176));
#5703 = CARTESIAN_POINT('',(-1.30119445666,-3.752695114797,
    53.632031288212));
#5704 = CARTESIAN_POINT('',(2.863060666577,-2.752945854096,
    53.886718729233));
#5705 = CARTESIAN_POINT('',(4.591752288286,-0.771992472006,
    54.014062615804));
#5706 = CARTESIAN_POINT('',(4.7631337049,2.404245366969,54.141406072599)
  );
#5707 = CARTESIAN_POINT('',(2.53792448118,5.409017655022,54.268750167667
    ));
#5708 = CARTESIAN_POINT('',(-1.846641540483,6.087564572017,
    54.396093758785));
#5709 = CARTESIAN_POINT('',(-5.115297716472,3.087438197945,
    54.523437349698));
#5710 = CARTESIAN_POINT('',(-5.296127405359,-0.647198317546,
    54.650781444931));
#5711 = CARTESIAN_POINT('',(-3.389006640756,-3.192929067528,
    54.778124901618));
#5712 = CARTESIAN_POINT('',(-0.85109315402,-3.879622157121,
    54.905468788247));
#5713 = CARTESIAN_POINT('',(3.166789329355,-2.397346991883,
    55.160156229216));
#5714 = CARTESIAN_POINT('',(4.650662345671,-0.226938759236,
    55.287500115836));
#5715 = CARTESIAN_POINT('',(4.447529095292,2.947426576159,
    55.414843572541));
#5716 = CARTESIAN_POINT('',(1.884570890452,5.669825854742,
    55.542187667765));
#5717 = CARTESIAN_POINT('',(-2.549357961855,5.82831891549,
    55.669531258654));
#5718 = CARTESIAN_POINT('',(-5.442730260714,2.464798706307,
    55.796874849827));
#5719 = CARTESIAN_POINT('',(-5.183347064425,-1.26520526634,
    55.924218944841));
#5720 = CARTESIAN_POINT('',(-2.990227022467,-3.5691321628,
    56.051562401658));
#5721 = CARTESIAN_POINT('',(-0.389193073721,-3.952765663454,
    56.178906288239));
#5722 = CARTESIAN_POINT('',(3.426616519033,-2.008513501946,
    56.433593729218));
#5723 = CARTESIAN_POINT('',(4.645099870575,0.3212610251,56.560937615837)
  );
#5724 = CARTESIAN_POINT('',(4.070268006976,3.449747356968,56.68828107254
    ));
#5725 = CARTESIAN_POINT('',(1.205091331171,5.852032770544,
    56.815625167754));
#5726 = CARTESIAN_POINT('',(-3.216732414246,5.488274772027,
    56.942968758684));
#5727 = CARTESIAN_POINT('',(-5.694709766864,1.807989498076,
    57.070312349787));
#5728 = CARTESIAN_POINT('',(-4.998709536849,-1.86567256566,
    57.197656444874));
#5729 = CARTESIAN_POINT('',(-2.549993629559,-3.895856071601,
    57.324999901642));
#5730 = CARTESIAN_POINT('',(7.810242366623E-02,-3.971111639106,
    57.452343788242));
#5731 = CARTESIAN_POINT('',(3.638940228911,-1.591835816417,
    57.707031229218));
#5732 = CARTESIAN_POINT('',(4.575141976078,0.865007140202,
    57.834375115833));
#5733 = CARTESIAN_POINT('',(3.63658044285,3.904243993151,57.961718572543
    ));
#5734 = CARTESIAN_POINT('',(0.508905487071,5.953112452272,
    58.089062667771));
#5735 = CARTESIAN_POINT('',(-3.839513028337,5.072146202911,
    58.216406258634));
#5736 = CARTESIAN_POINT('',(-5.867743021162,1.126115975756,
    58.343749849859));
#5737 = CARTESIAN_POINT('',(-4.744774468697,-2.440275885551,
    58.471093944808));
#5738 = CARTESIAN_POINT('',(-2.074409455397,-4.168571392313,
    58.598437401684));
#5739 = CARTESIAN_POINT('',(0.544315180421,-3.93440575222,
    58.725781288223));
#5740 = CARTESIAN_POINT('',(3.80081699713,-1.153090373942,
    58.980468729251));
#5741 = CARTESIAN_POINT('',(4.441758494454,1.396761586923,
    59.107812615703));
#5742 = CARTESIAN_POINT('',(3.152478651024,4.304615758587,
    59.235156072786));
#5743 = CARTESIAN_POINT('',(-0.194335357645,5.971663623772,
    59.362500167505));
#5744 = CARTESIAN_POINT('',(-4.409066142773,4.585702034151,
    59.489843758791));
#5745 = CARTESIAN_POINT('',(-5.95943124877,0.428631010802,
    59.617187349854));
#5746 = CARTESIAN_POINT('',(-4.425062183641,-2.981049450774,
    59.74453144474));
#5747 = CARTESIAN_POINT('',(-1.570067564355,-4.383497448943,
    59.871874901735));
#5748 = CARTESIAN_POINT('',(1.002982048969,-3.843156859681,
    59.999218788212));
#5749 = CARTESIAN_POINT('',(3.910002712097,-0.698359540326,
    60.253906229249));
#5750 = CARTESIAN_POINT('',(4.246798532457,1.909152607424,
    60.381250115728));
#5751 = CARTESIAN_POINT('',(2.624673776249,4.645312265379,
    60.508593572739));
#5752 = CARTESIAN_POINT('',(-0.894882114625,5.907429108089,
    60.635937667533));
#5753 = CARTESIAN_POINT('',(-4.917495993543,4.035685883516,
    60.763281258823));
#5754 = CARTESIAN_POINT('',(-5.968503368128,-0.274796102827,
    60.890624849764));
#5755 = CARTESIAN_POINT('',(-4.044004880414,-3.48049647085,
    61.017968944839));
#5756 = CARTESIAN_POINT('',(-1.043959691588,-4.537654703017,
    61.145312401667));
#5757 = CARTESIAN_POINT('',(1.447744491052,-3.698629952759,
    61.272656288243));
#5758 = CARTESIAN_POINT('',(3.964983722821,-0.233947288253,
    61.527343729196));
#5759 = CARTESIAN_POINT('',(3.992964836905,2.395076880868,
    61.654687615948));
#5760 = CARTESIAN_POINT('',(2.060482822758,4.921610408517,
    61.782031072318));
#5761 = CARTESIAN_POINT('',(-1.583023043587,5.761299393875,
    61.909375168017));
#5762 = CARTESIAN_POINT('',(-5.357754174165,3.429722672218,
    62.036718758499));
#5763 = CARTESIAN_POINT('',(-5.894833611401,-0.974413694496,
    62.164062349846));
#5764 = CARTESIAN_POINT('',(-3.606885189394,-3.931693068708,
    62.291406444885));
#5765 = CARTESIAN_POINT('',(-0.503379315726,-4.628906059297,
    62.418749901633));
#5766 = CARTESIAN_POINT('',(1.872436726596,-3.502828620371,
    62.546093788231));
#5767 = CARTESIAN_POINT('',(3.964997822913,0.233708195166,
    62.800781229259));
#5768 = CARTESIAN_POINT('',(3.683776325819,2.847797997575,62.92812511564
    ));
#5769 = CARTESIAN_POINT('',(1.46772721893,5.129679842316,63.05546857293)
  );
#5770 = CARTESIAN_POINT('',(-2.249218388211,5.535300290865,
    63.182812667303));
#5771 = CARTESIAN_POINT('',(-5.723737347278,2.776212919712,
    63.310156258984));
#5772 = CARTESIAN_POINT('',(-5.739443268705,-1.660522905018,
    63.437499849721));
#5773 = CARTESIAN_POINT('',(-3.119762938673,-4.32838426706,
    63.564843944813));
#5774 = CARTESIAN_POINT('',(4.417945102088E-02,-4.655986492424,
    63.692187401695));
#5775 = CARTESIAN_POINT('',(2.271171210606,-3.258467273259,
    63.819531288237));
#5776 = CARTESIAN_POINT('',(3.910044816764,0.698123761803,
    64.074218729193));
#5777 = CARTESIAN_POINT('',(3.323519306712,3.261039845187,
    64.201562615968));
#5778 = CARTESIAN_POINT('',(0.854624385749,5.266636083502,
    64.328906072289));
#5779 = CARTESIAN_POINT('',(-2.884232624165,5.2325648425,64.456250168022
    ));
#5780 = CARTESIAN_POINT('',(-6.01037185694,2.084216289245,
    64.583593758552));
#5781 = CARTESIAN_POINT('',(-5.504486530095,-2.323612143912,
    64.710937349744));
#5782 = CARTESIAN_POINT('',(-2.589391145427,-4.665070701642,
    64.838281444987));
#5783 = CARTESIAN_POINT('',(0.59112575406,-4.618520583927,
    64.965624901568));
#5784 = CARTESIAN_POINT('',(2.638420252614,-2.968933513824,
    65.092968788258));
#5785 = CARTESIAN_POINT('',(3.80088652276,1.152861178598,65.34765622922)
  );
#5786 = CARTESIAN_POINT('',(2.917188053061,3.629073616904,
    65.475000115798));
#5787 = CARTESIAN_POINT('',(0.229673821613,5.33058049472,65.602343572626
    ));
#5788 = CARTESIAN_POINT('',(-3.479262495373,4.857289898016,
    65.72968766766));
#5789 = CARTESIAN_POINT('',(-6.213684064041,1.363325988234,
    65.857031258729));
#5790 = CARTESIAN_POINT('',(-5.193220620554,-2.954488947232,
    65.984374849808));
#5791 = CARTESIAN_POINT('',(-2.02312240017,-4.937084859563,
    66.111718944825));
#5792 = CARTESIAN_POINT('',(1.129877230083,-4.517027726986,
    66.239062401676));
#5793 = CARTESIAN_POINT('',(2.969092647482,-2.638241173479,
    66.366406288232));
#5794 = CARTESIAN_POINT('',(3.63903621166,1.59161638163,66.621093729226)
  );
#5795 = CARTESIAN_POINT('',(2.470415570396,3.946797228556,
    66.748437615809));
#5796 = CARTESIAN_POINT('',(-0.398460730682,5.320626609862,
    66.87578107259));
#5797 = CARTESIAN_POINT('',(-4.026059050901,4.414677925152,
    67.003125167705));
#5798 = CARTESIAN_POINT('',(-6.330855434039,0.623535782042,
    67.130468758703));
#5799 = CARTESIAN_POINT('',(-4.809960646617,-3.544407416156,
    67.257812349802));
#5800 = CARTESIAN_POINT('',(-1.428806934723,-5.140655784957,
    67.385156444849));
#5801 = CARTESIAN_POINT('',(1.652965120683,-4.352914925802,
    67.512499901655));
#5802 = CARTESIAN_POINT('',(3.258604255396,-2.270974668625,
    67.639843788242));
#5803 = CARTESIAN_POINT('',(3.426737628257,2.008306869743,67.89453122921
    ));
#5804 = CARTESIAN_POINT('',(1.989395504037,4.209806050458,
    68.021875115873));
#5805 = CARTESIAN_POINT('',(-1.021071387618,5.236912420222,
    68.149218572481));
#5806 = CARTESIAN_POINT('',(-4.517042003177,3.910864892217,
    68.27656266779));
#5807 = CARTESIAN_POINT('',(-6.360261610097,-0.124898554455,
    68.403906258724));
#5808 = CARTESIAN_POINT('',(-4.360019774225,-4.085189459874,
    68.531249849682));
#5809 = CARTESIAN_POINT('',(-0.81468379566,-5.272961356675,
    68.658593944978));
#5810 = CARTESIAN_POINT('',(2.15313781348,-4.128457290248,
    68.785937401588));
#5811 = CARTESIAN_POINT('',(3.502941551983,-1.872225446432,
    68.913281288252));
#5812 = CARTESIAN_POINT('',(3.166933886126,2.397156026825,
    69.167968729221));
#5813 = CARTESIAN_POINT('',(1.480796276435,4.414453968666,
    69.295312615803));
#5814 = CARTESIAN_POINT('',(-1.629526843819,5.080598462829,
    69.422656072608));
#5815 = CARTESIAN_POINT('',(-4.945404813431,3.352835202641,
    69.550000167689));
#5816 = CARTESIAN_POINT('',(-6.301494931934,-0.871601411596,
    69.677343758699));
#5817 = CARTESIAN_POINT('',(-3.849635572149,-4.569338170366,
    69.804687349826));
#5818 = CARTESIAN_POINT('',(-0.189266625216,-5.332167411176,
    69.932031444825));
#5819 = CARTESIAN_POINT('',(2.623461371514,-3.84676649586,
    70.059374901665));
#5820 = CARTESIAN_POINT('',(3.698717268252,-1.447521401693,
    70.186718788244));
#5821 = CARTESIAN_POINT('',(2.863226666862,2.752773203533,
    70.441406229197));
#5822 = CARTESIAN_POINT('',(0.951668642724,4.55790393146,70.568750115935
    ));
#5823 = CARTESIAN_POINT('',(-2.215392029386,4.853851731603,
    70.696093572362));
#5824 = CARTESIAN_POINT('',(-5.305209050742,2.748324869896,
    70.823437667925));
#5825 = CARTESIAN_POINT('',(-6.155370087073,-1.606221183182,
    70.950781258636));
#5826 = CARTESIAN_POINT('',(-3.285883540915,-4.990141752565,
    71.078124849701));
#5827 = CARTESIAN_POINT('',(0.438774364991,-5.317453169733,
    71.205468944994));
#5828 = CARTESIAN_POINT('',(3.057415658573,-3.51174764639,
    71.332812401576));
#5829 = CARTESIAN_POINT('',(3.843217348621,-1.002750243146,
    71.46015628825));
#5830 = CARTESIAN_POINT('',(2.519826289867,3.070228448342,
    71.714843729237));
#5831 = CARTESIAN_POINT('',(0.409347944446,4.63816727966,71.84218761573)
  );
#5832 = CARTESIAN_POINT('',(-2.770545044071,4.55981563587,
    71.969531072728));
#5833 = CARTESIAN_POINT('',(-5.591466718688,2.105714273125,
    72.096875167615));
#5834 = CARTESIAN_POINT('',(-5.923912816677,-2.318573772617,
    72.224218758625));
#5835 = CARTESIAN_POINT('',(-2.676579023003,-5.341766569649,
    72.351562350034));
#5836 = CARTESIAN_POINT('',(1.060732588031,-5.229022617478,
    72.478906444601));
#5837 = CARTESIAN_POINT('',(3.448984729364,-3.128045136869,
    72.606249901807));
#5838 = CARTESIAN_POINT('',(3.934438575975,-0.544077871668,
    72.733593788189));
#5839 = CARTESIAN_POINT('',(2.14149334408,3.34512085186,72.988281229276)
  );
#5840 = CARTESIAN_POINT('',(-0.138647579543,4.654131315546,
    73.115625115634));
#5841 = CARTESIAN_POINT('',(-3.287289754457,4.202566423495,
    73.242968572892));
#5842 = CARTESIAN_POINT('',(-5.800209402021,1.433911977919,
    73.37031266742));
#5843 = CARTESIAN_POINT('',(-5.61033183285,-2.998783773959,
    73.49765625879));
#5844 = CARTESIAN_POINT('',(-2.030168859916,-5.619338017186,
    73.624999849931));
#5845 = CARTESIAN_POINT('',(1.667985784168,-5.068101674316,
    73.75234394466));
#5846 = CARTESIAN_POINT('',(3.792740227748,-2.700978268411,
    73.879687401764));
#5847 = CARTESIAN_POINT('',(3.9711163427,-7.786290178823E-02,
    74.007031288225));
#5848 = CARTESIAN_POINT('',(1.73347269162,3.573639556991,74.261718729193
    ));
#5849 = CARTESIAN_POINT('',(-0.684721019879,4.605574728406,
    74.389062615982));
#5850 = CARTESIAN_POINT('',(-3.758462484571,3.787056670971,
    74.51640607229));
#5851 = CARTESIAN_POINT('',(-5.928543282426,0.742231237323,
    74.643750167928));
#5852 = CARTESIAN_POINT('',(-5.218974336177,-3.637421377211,
    74.771093758786));
#5853 = CARTESIAN_POINT('',(-1.355614291202,-5.819008098582,
    74.898437349436));
#5854 = CARTESIAN_POINT('',(2.25211555001,-4.836921200919,
    75.025781445241));
#5855 = CARTESIAN_POINT('',(4.083916641687,-2.236467505861,
    75.153124901439));
#5856 = CARTESIAN_POINT('',(3.952742181708,0.389431488219,75.28046878829
    ));
#5857 = CARTESIAN_POINT('',(1.301420758062,3.752616589315,
    75.535156229196));
#5858 = CARTESIAN_POINT('',(-1.221302114124,4.493170662232,
    75.662500115871));
#5859 = CARTESIAN_POINT('',(-4.177531325008,3.319046625765,
    75.789843572462));
#5860 = CARTESIAN_POINT('',(-5.97468925761,4.026088159198E-02,
    75.917187667938));
#5861 = CARTESIAN_POINT('',(-4.755265748758,-4.225633095655,
    76.044531258374));
#5862 = CARTESIAN_POINT('',(-0.662266724513,-5.938008768674,
    76.171874850145));
#5863 = CARTESIAN_POINT('',(2.805024043552,-4.538686073313,
    76.299218944591));
#5864 = CARTESIAN_POINT('',(4.318477367992,-1.740952401369,
    76.426562401791));
#5865 = CARTESIAN_POINT('',(3.879570815465,0.851327155907,
    76.553906288196));
#5866 = CARTESIAN_POINT('',(0.851327116535,3.87957077483,76.808593729273
    ));
#5867 = CARTESIAN_POINT('',(-1.74095219205,4.318477384291,
    76.935937615637));
#5868 = CARTESIAN_POINT('',(-4.538686688995,2.805024351592,
    77.063281072898));
#5869 = CARTESIAN_POINT('',(-5.938007601389,-0.662267614516,
    77.190625167397));
#5870 = CARTESIAN_POINT('',(-4.225634502599,-4.755264498224,
    77.317968758826));
#5871 = CARTESIAN_POINT('',(4.026190241137E-02,-5.974690312525,
    77.4453123499));
#5872 = CARTESIAN_POINT('',(3.319046247622,-4.177530749555,
    77.572656444667));
#5873 = CARTESIAN_POINT('',(4.493170670581,-1.221302324037,
    77.699999901781));
#5874 = CARTESIAN_POINT('',(3.752616625071,1.301420801983,
    77.827343788199));
#5875 = CARTESIAN_POINT('',(0.389431453848,3.952742136664,
    78.082031229257));
#5876 = CARTESIAN_POINT('',(-2.236467299694,4.083916682685,
    78.209375115712));
#5877 = CARTESIAN_POINT('',(-4.836921848998,2.252115783213,
    78.336718572736));
#5878 = CARTESIAN_POINT('',(-5.819006834179,-1.355615037542,
    78.464062667618));
#5879 = CARTESIAN_POINT('',(-3.637422921887,-5.218973259748,
    78.591406258622));
#5880 = CARTESIAN_POINT('',(0.7422323753,-5.928544210196,78.718749850025
    ));
#5881 = CARTESIAN_POINT('',(3.78705622778,-3.758461957352,
    78.846093944629));
#5882 = CARTESIAN_POINT('',(4.605574761339,-0.684721227467,
    78.973437401768));
#5883 = CARTESIAN_POINT('',(3.573639587351,1.733472739459,
    79.100781288223));
#5884 = CARTESIAN_POINT('',(-7.786293063215E-02,3.971116293934,
    79.355468729199));
#5885 = CARTESIAN_POINT('',(-2.700978068506,3.792740292616,
    79.482812615934));
#5886 = CARTESIAN_POINT('',(-5.068102345229,1.667985939813,
    79.610156072463));
#5887 = CARTESIAN_POINT('',(-5.619336674028,-2.030169452926,
    79.737500167521));
#5888 = CARTESIAN_POINT('',(-2.998785434126,-5.610330944777,
    79.864843759465));
#5889 = CARTESIAN_POINT('',(1.433913216688,-5.800210190343,
    79.992187348601));
#5890 = CARTESIAN_POINT('',(4.202565921726,-3.287289282337,
    80.119531446017));
#5891 = CARTESIAN_POINT('',(4.654131372437,-0.13864778228,
    80.246874900881));
#5892 = CARTESIAN_POINT('',(3.345120876499,2.141493395426,
    80.374218788608));
#5893 = CARTESIAN_POINT('',(-0.544077894787,3.93443852363,
    80.628906228586));
#5894 = CARTESIAN_POINT('',(-3.128044944822,3.448984820272,
    80.75625011923));
#5895 = CARTESIAN_POINT('',(-5.229023305243,1.060732655363,80.8835935633
    ));
#5896 = CARTESIAN_POINT('',(-5.34176515978,-2.676579437521,
    81.010937685602));
#5897 = CARTESIAN_POINT('',(-2.318575535287,-5.923912154957,
    81.138281231941));
#5898 = CARTESIAN_POINT('',(2.105715607703,-5.591467325539,
    81.26562488204));
#5899 = CARTESIAN_POINT('',(4.559815070462,-2.77054466415,
    81.392968913087));
#5900 = CARTESIAN_POINT('',(4.638167369364,0.40934777387,81.520312427297
    ));
#5901 = CARTESIAN_POINT('',(3.070228460656,2.519826328072,81.64765627144
    ));
#5902 = CARTESIAN_POINT('',(1.033739106574,3.181521826943,
    81.775000017454));
#5903 = DEFINITIONAL_REPRESENTATION('',(#5904),#5907);
#5904 = B_SPLINE_CURVE_WITH_KNOTS('',1,(#5905,#5906),.UNSPECIFIED.,.F.,
  .F.,(2,2),(0.,417.69197068273),.PIECEWISE_BEZIER_KNOTS.);
#5905 = CARTESIAN_POINT('',(0.,0.));
#5906 = CARTESIAN_POINT('',(0.,417.69197068273));
#5907 = ( GEOMETRIC_REPRESENTATION_CONTEXT(2) 
PARAMETRIC_REPRESENTATION_CONTEXT() REPRESENTATION_CONTEXT('2D SPACE',''
  ) );
#5908 = ORIENTED_EDGE('',*,*,#5909,.F.);
#5909 = EDGE_CURVE('',#1219,#4156,#5910,.T.);
#5910 = SURFACE_CURVE('',#5911,(#5914,#5921),.PCURVE_S1.);
#5911 = B_SPLINE_CURVE_WITH_KNOTS('',1,(#5912,#5913),.UNSPECIFIED.,.F.,
  .F.,(2,2),(0.,0.728868986856),.PIECEWISE_BEZIER_KNOTS.);
#5912 = CARTESIAN_POINT('',(1.033739096111,3.181521794738,
    81.225000017454));
#5913 = CARTESIAN_POINT('',(1.242325570379,3.823484960044,
    81.499999975897));
#5914 = PCURVE('',#1802,#5915);
#5915 = DEFINITIONAL_REPRESENTATION('',(#5916),#5920);
#5916 = LINE('',#5917,#5918);
#5917 = CARTESIAN_POINT('',(0.,417.69197068273));
#5918 = VECTOR('',#5919,1.);
#5919 = DIRECTION('',(1.,0.));
#5920 = ( GEOMETRIC_REPRESENTATION_CONTEXT(2) 
PARAMETRIC_REPRESENTATION_CONTEXT() REPRESENTATION_CONTEXT('2D SPACE',''
  ) );
#5921 = PCURVE('',#5922,#5927);
#5922 = PLANE('',#5923);
#5923 = AXIS2_PLACEMENT_3D('',#5924,#5925,#5926);
#5924 = CARTESIAN_POINT('',(1.109462233718,3.414573651412,
    81.500000002368));
#5925 = DIRECTION('',(0.951056517338,-0.309016991165,2.187710141087E-12)
  );
#5926 = DIRECTION('',(0.309016991165,0.951056517338,0.));
#5927 = DEFINITIONAL_REPRESENTATION('',(#5928),#5931);
#5928 = B_SPLINE_CURVE_WITH_KNOTS('',1,(#5929,#5930),.UNSPECIFIED.,.F.,
  .F.,(2,2),(0.,0.728868986856),.PIECEWISE_BEZIER_KNOTS.);
#5929 = CARTESIAN_POINT('',(-0.245045223312,-0.274999984913));
#5930 = CARTESIAN_POINT('',(0.429954793619,-2.647074381912E-08));
#5931 = ( GEOMETRIC_REPRESENTATION_CONTEXT(2) 
PARAMETRIC_REPRESENTATION_CONTEXT() REPRESENTATION_CONTEXT('2D SPACE',''
  ) );
#5932 = ADVANCED_FACE('',(#5933),#4746,.F.);
#5933 = FACE_BOUND('',#5934,.F.);
#5934 = EDGE_LOOP('',(#5935,#5936,#5957,#6554));
#5935 = ORIENTED_EDGE('',*,*,#4155,.F.);
#5936 = ORIENTED_EDGE('',*,*,#5937,.T.);
#5937 = EDGE_CURVE('',#4130,#5938,#5940,.T.);
#5938 = VERTEX_POINT('',#5939);
#5939 = CARTESIAN_POINT('',(3.34525,2.22044604925E-16,0.275));
#5940 = SURFACE_CURVE('',#5941,(#5944,#5951),.PCURVE_S1.);
#5941 = B_SPLINE_CURVE_WITH_KNOTS('',1,(#5942,#5943),.UNSPECIFIED.,.F.,
  .F.,(2,2),(0.,0.728868986856),.PIECEWISE_BEZIER_KNOTS.);
#5942 = CARTESIAN_POINT('',(4.02025,-4.551914400963E-15,0.));
#5943 = CARTESIAN_POINT('',(3.34525,5.551115123126E-17,0.275));
#5944 = PCURVE('',#4746,#5945);
#5945 = DEFINITIONAL_REPRESENTATION('',(#5946),#5950);
#5946 = LINE('',#5947,#5948);
#5947 = CARTESIAN_POINT('',(0.,0.));
#5948 = VECTOR('',#5949,1.);
#5949 = DIRECTION('',(1.,0.));
#5950 = ( GEOMETRIC_REPRESENTATION_CONTEXT(2) 
PARAMETRIC_REPRESENTATION_CONTEXT() REPRESENTATION_CONTEXT('2D SPACE',''
  ) );
#5951 = PCURVE('',#4144,#5952);
#5952 = DEFINITIONAL_REPRESENTATION('',(#5953),#5956);
#5953 = B_SPLINE_CURVE_WITH_KNOTS('',1,(#5954,#5955),.UNSPECIFIED.,.F.,
  .F.,(2,2),(0.,0.728868986856),.PIECEWISE_BEZIER_KNOTS.);
#5954 = CARTESIAN_POINT('',(-4.216412038628E-16,0.429954793619));
#5955 = CARTESIAN_POINT('',(-0.275,-0.245045206381));
#5956 = ( GEOMETRIC_REPRESENTATION_CONTEXT(2) 
PARAMETRIC_REPRESENTATION_CONTEXT() REPRESENTATION_CONTEXT('2D SPACE',''
  ) );
#5957 = ORIENTED_EDGE('',*,*,#5958,.T.);
#5958 = EDGE_CURVE('',#5938,#5959,#5961,.T.);
#5959 = VERTEX_POINT('',#5960);
#5960 = CARTESIAN_POINT('',(1.033739106574,3.181521826943,
    81.775000017454));
#5961 = SURFACE_CURVE('',#5962,(#6541,#6548),.PCURVE_S1.);
#5962 = B_SPLINE_CURVE_WITH_KNOTS('',10,(#5963,#5964,#5965,#5966,#5967,
    #5968,#5969,#5970,#5971,#5972,#5973,#5974,#5975,#5976,#5977,#5978,
    #5979,#5980,#5981,#5982,#5983,#5984,#5985,#5986,#5987,#5988,#5989,
    #5990,#5991,#5992,#5993,#5994,#5995,#5996,#5997,#5998,#5999,#6000,
    #6001,#6002,#6003,#6004,#6005,#6006,#6007,#6008,#6009,#6010,#6011,
    #6012,#6013,#6014,#6015,#6016,#6017,#6018,#6019,#6020,#6021,#6022,
    #6023,#6024,#6025,#6026,#6027,#6028,#6029,#6030,#6031,#6032,#6033,
    #6034,#6035,#6036,#6037,#6038,#6039,#6040,#6041,#6042,#6043,#6044,
    #6045,#6046,#6047,#6048,#6049,#6050,#6051,#6052,#6053,#6054,#6055,
    #6056,#6057,#6058,#6059,#6060,#6061,#6062,#6063,#6064,#6065,#6066,
    #6067,#6068,#6069,#6070,#6071,#6072,#6073,#6074,#6075,#6076,#6077,
    #6078,#6079,#6080,#6081,#6082,#6083,#6084,#6085,#6086,#6087,#6088,
    #6089,#6090,#6091,#6092,#6093,#6094,#6095,#6096,#6097,#6098,#6099,
    #6100,#6101,#6102,#6103,#6104,#6105,#6106,#6107,#6108,#6109,#6110,
    #6111,#6112,#6113,#6114,#6115,#6116,#6117,#6118,#6119,#6120,#6121,
    #6122,#6123,#6124,#6125,#6126,#6127,#6128,#6129,#6130,#6131,#6132,
    #6133,#6134,#6135,#6136,#6137,#6138,#6139,#6140,#6141,#6142,#6143,
    #6144,#6145,#6146,#6147,#6148,#6149,#6150,#6151,#6152,#6153,#6154,
    #6155,#6156,#6157,#6158,#6159,#6160,#6161,#6162,#6163,#6164,#6165,
    #6166,#6167,#6168,#6169,#6170,#6171,#6172,#6173,#6174,#6175,#6176,
    #6177,#6178,#6179,#6180,#6181,#6182,#6183,#6184,#6185,#6186,#6187,
    #6188,#6189,#6190,#6191,#6192,#6193,#6194,#6195,#6196,#6197,#6198,
    #6199,#6200,#6201,#6202,#6203,#6204,#6205,#6206,#6207,#6208,#6209,
    #6210,#6211,#6212,#6213,#6214,#6215,#6216,#6217,#6218,#6219,#6220,
    #6221,#6222,#6223,#6224,#6225,#6226,#6227,#6228,#6229,#6230,#6231,
    #6232,#6233,#6234,#6235,#6236,#6237,#6238,#6239,#6240,#6241,#6242,
    #6243,#6244,#6245,#6246,#6247,#6248,#6249,#6250,#6251,#6252,#6253,
    #6254,#6255,#6256,#6257,#6258,#6259,#6260,#6261,#6262,#6263,#6264,
    #6265,#6266,#6267,#6268,#6269,#6270,#6271,#6272,#6273,#6274,#6275,
    #6276,#6277,#6278,#6279,#6280,#6281,#6282,#6283,#6284,#6285,#6286,
    #6287,#6288,#6289,#6290,#6291,#6292,#6293,#6294,#6295,#6296,#6297,
    #6298,#6299,#6300,#6301,#6302,#6303,#6304,#6305,#6306,#6307,#6308,
    #6309,#6310,#6311,#6312,#6313,#6314,#6315,#6316,#6317,#6318,#6319,
    #6320,#6321,#6322,#6323,#6324,#6325,#6326,#6327,#6328,#6329,#6330,
    #6331,#6332,#6333,#6334,#6335,#6336,#6337,#6338,#6339,#6340,#6341,
    #6342,#6343,#6344,#6345,#6346,#6347,#6348,#6349,#6350,#6351,#6352,
    #6353,#6354,#6355,#6356,#6357,#6358,#6359,#6360,#6361,#6362,#6363,
    #6364,#6365,#6366,#6367,#6368,#6369,#6370,#6371,#6372,#6373,#6374,
    #6375,#6376,#6377,#6378,#6379,#6380,#6381,#6382,#6383,#6384,#6385,
    #6386,#6387,#6388,#6389,#6390,#6391,#6392,#6393,#6394,#6395,#6396,
    #6397,#6398,#6399,#6400,#6401,#6402,#6403,#6404,#6405,#6406,#6407,
    #6408,#6409,#6410,#6411,#6412,#6413,#6414,#6415,#6416,#6417,#6418,
    #6419,#6420,#6421,#6422,#6423,#6424,#6425,#6426,#6427,#6428,#6429,
    #6430,#6431,#6432,#6433,#6434,#6435,#6436,#6437,#6438,#6439,#6440,
    #6441,#6442,#6443,#6444,#6445,#6446,#6447,#6448,#6449,#6450,#6451,
    #6452,#6453,#6454,#6455,#6456,#6457,#6458,#6459,#6460,#6461,#6462,
    #6463,#6464,#6465,#6466,#6467,#6468,#6469,#6470,#6471,#6472,#6473,
    #6474,#6475,#6476,#6477,#6478,#6479,#6480,#6481,#6482,#6483,#6484,
    #6485,#6486,#6487,#6488,#6489,#6490,#6491,#6492,#6493,#6494,#6495,
    #6496,#6497,#6498,#6499,#6500,#6501,#6502,#6503,#6504,#6505,#6506,
    #6507,#6508,#6509,#6510,#6511,#6512,#6513,#6514,#6515,#6516,#6517,
    #6518,#6519,#6520,#6521,#6522,#6523,#6524,#6525,#6526,#6527,#6528,
    #6529,#6530,#6531,#6532,#6533,#6534,#6535,#6536,#6537,#6538,#6539,
    #6540),.UNSPECIFIED.,.F.,.F.,(11,9,9,9,9,9,9,9,9,9,9,9,9,9,9,9,9,9,9
    ,9,9,9,9,9,9,9,9,9,9,9,9,9,9,9,9,9,9,9,9,9,9,9,9,9,9,9,9,9,9,9,9,9,9
    ,9,9,9,9,9,9,9,9,9,9,9,11),(0.,6.526437041918,13.052874083836,
    19.579311125753,26.105748167671,32.632185209589,39.158622251507,
    45.685059293424,52.211496335342,58.73793337726,65.264370419178,
    71.790807461095,78.317244503013,84.843681544931,91.370118586849,
    97.896555628766,104.42299267068,110.9494297126,117.47586675452,
    124.00230379643,130.52874083835,137.05517788027,143.58161492219,
    150.1080519641,156.63448900602,163.16092604794,169.68736308986,
    176.21380013177,182.74023717369,189.26667421561,195.79311125753,
    202.31954829945,208.84598534136,215.37242238328,221.8988594252,
    228.42529646712,234.95173350903,241.47817055095,248.00460759287,
    254.53104463479,261.05748167671,267.58391871862,274.11035576054,
    280.63679280246,287.16322984438,293.68966688629,300.21610392821,
    306.74254097013,313.26897801205,319.79541505397,326.32185209588,
    332.8482891378,339.37472617972,345.90116322164,352.42760026355,
    358.95403730547,365.48047434739,372.00691138931,378.53334843123,
    385.05978547314,391.58622251506,398.11265955698,404.6390965989,
    411.16553364081,417.69197068273),.UNSPECIFIED.);
#5963 = CARTESIAN_POINT('',(3.34525,5.551115123126E-17,0.275));
#5964 = CARTESIAN_POINT('',(3.345249996186,2.141291625009,0.402343746058
    ));
#5965 = CARTESIAN_POINT('',(1.822585517566,4.284663744845,0.529687590075
    ));
#5966 = CARTESIAN_POINT('',(-1.225884364686,5.192787874315,
    0.657031104499));
#5967 = CARTESIAN_POINT('',(-4.667099393685,3.730511522017,
    0.784375135353));
#5968 = CARTESIAN_POINT('',(-6.350454559044,-0.374504962633,
    0.911718785445));
#5969 = CARTESIAN_POINT('',(-4.196274588377,-4.253213498921,
    1.039062332063));
#5970 = CARTESIAN_POINT('',(-0.607040203978,-5.300880430783,
    1.166406453943));
#5971 = CARTESIAN_POINT('',(2.31356029174,-4.040742605256,1.293749898376
    ));
#5972 = CARTESIAN_POINT('',(3.573744137627,-1.733257188549,
    1.421093788814));
#5973 = CARTESIAN_POINT('',(3.070380390645,2.519641147309,1.675781228947
    ));
#5974 = CARTESIAN_POINT('',(1.306343987093,4.469186373608,1.803125116211
    ));
#5975 = CARTESIAN_POINT('',(-1.827733897779,5.012706581895,
    1.930468572115));
#5976 = CARTESIAN_POINT('',(-5.073223777361,3.156094606373,
    2.057812668184));
#5977 = CARTESIAN_POINT('',(-6.262417797296,-1.118324968536,
    2.185156258282));
#5978 = CARTESIAN_POINT('',(-3.667276267649,-4.716951359522,
    2.312499850121));
#5979 = CARTESIAN_POINT('',(2.02192025039E-02,-5.335487076192,
    2.439843944652));
#5980 = CARTESIAN_POINT('',(2.772462121832,-3.740804168195,
    2.567187401746));
#5981 = CARTESIAN_POINT('',(3.7526951148,-1.301194456658,2.694531288215)
  );
#5982 = CARTESIAN_POINT('',(2.752945854101,2.863060666578,2.949218729243
    ));
#5983 = CARTESIAN_POINT('',(0.771992471976,4.591752288282,3.076562615755
    ));
#5984 = CARTESIAN_POINT('',(-2.404245366914,4.763133704894,
    3.203906072686));
#5985 = CARTESIAN_POINT('',(-5.409017655073,2.537924481211,
    3.331250167601));
#5986 = CARTESIAN_POINT('',(-6.087564572014,-1.846641540544,
    3.458593758764));
#5987 = CARTESIAN_POINT('',(-3.087438197895,-5.115297716402,
    3.585937349803));
#5988 = CARTESIAN_POINT('',(0.647198317483,-5.296127405411,
    3.713281444814));
#5989 = CARTESIAN_POINT('',(3.19292906757,-3.389006640731,3.840624901687
    ));
#5990 = CARTESIAN_POINT('',(3.879622157109,-0.851093154025,
    3.967968788226));
#5991 = CARTESIAN_POINT('',(2.397346991894,3.16678932936,4.222656229235)
  );
#5992 = CARTESIAN_POINT('',(0.226938759201,4.650662345659,4.350000115774
    ));
#5993 = CARTESIAN_POINT('',(-2.947426576095,4.44752909531,4.477343572656
    ));
#5994 = CARTESIAN_POINT('',(-5.669825854819,1.884570890442,
    4.604687667627));
#5995 = CARTESIAN_POINT('',(-5.828318915434,-2.549357961862,
    4.732031258757));
#5996 = CARTESIAN_POINT('',(-2.464798706326,-5.442730260693,
    4.859374849789));
#5997 = CARTESIAN_POINT('',(1.265205266332,-5.183347064446,
    4.986718944834));
#5998 = CARTESIAN_POINT('',(3.569132162811,-2.990227022455,
    5.114062401675));
#5999 = CARTESIAN_POINT('',(3.952765663448,-0.389193073725,5.24140628823
    ));
#6000 = CARTESIAN_POINT('',(2.008513501954,3.426616519038,5.496093729232
    ));
#6001 = CARTESIAN_POINT('',(-0.32126102514,4.645099870564,5.623437615784
    ));
#6002 = CARTESIAN_POINT('',(-3.449747356891,4.070268006982,5.75078107264
    ));
#6003 = CARTESIAN_POINT('',(-5.852032770636,1.205091331187,
    5.878125167645));
#6004 = CARTESIAN_POINT('',(-5.488274771965,-3.216732414292,
    6.005468758745));
#6005 = CARTESIAN_POINT('',(-1.807989498088,-5.694709766806,
    6.132812349792));
#6006 = CARTESIAN_POINT('',(1.865672565643,-4.998709536895,
    6.260156444837));
#6007 = CARTESIAN_POINT('',(3.895856071618,-2.549993629536,
    6.387499901671));
#6008 = CARTESIAN_POINT('',(3.971111639099,7.810242366124E-02,
    6.514843788232));
#6009 = CARTESIAN_POINT('',(1.591835816424,3.638940228915,6.76953122923)
  );
#6010 = CARTESIAN_POINT('',(-0.865007140228,4.575141976068,
    6.896875115793));
#6011 = CARTESIAN_POINT('',(-3.904243993098,3.636580442864,
    7.024218572622));
#6012 = CARTESIAN_POINT('',(-5.95311245234,0.508905487058,7.151562667668
    ));
#6013 = CARTESIAN_POINT('',(-5.072146202855,-3.839513028326,
    7.278906258727));
#6014 = CARTESIAN_POINT('',(-1.126115975785,-5.867743021171,
    7.406249849801));
#6015 = CARTESIAN_POINT('',(2.440275885559,-4.744774468691,
    7.533593944834));
#6016 = CARTESIAN_POINT('',(4.168571392311,-2.074409455401,
    7.660937401673));
#6017 = CARTESIAN_POINT('',(3.934405752223,0.544315180423,7.788281288229
    ));
#6018 = CARTESIAN_POINT('',(1.153090373934,3.800816997125,8.042968729236
    ));
#6019 = CARTESIAN_POINT('',(-1.396761586884,4.44175849447,8.170312615767
    ));
#6020 = CARTESIAN_POINT('',(-4.304615758671,3.152478651006,
    8.297656072666));
#6021 = CARTESIAN_POINT('',(-5.97166362366,-0.194335357647,
    8.425000167631));
#6022 = CARTESIAN_POINT('',(-4.585702034243,-4.409066142739,
    8.552343758726));
#6023 = CARTESIAN_POINT('',(-0.428631010763,-5.959431248827,
    8.67968734984));
#6024 = CARTESIAN_POINT('',(2.981049450777,-4.42506218359,8.807031444787
    ));
#6025 = CARTESIAN_POINT('',(4.38349744893,-1.570067564381,8.9343749017)
  );
#6026 = CARTESIAN_POINT('',(3.843156859687,1.002982048976,9.061718788222
    ));
#6027 = CARTESIAN_POINT('',(0.698359540319,3.910002712091,9.31640622924)
  );
#6028 = CARTESIAN_POINT('',(-1.909152607402,4.246798532474,
    9.443750115756));
#6029 = CARTESIAN_POINT('',(-4.64531226542,2.624673776217,9.571093572687
    ));
#6030 = CARTESIAN_POINT('',(-5.907429108038,-0.894882114583,
    9.698437667602));
#6031 = CARTESIAN_POINT('',(-4.035685883559,-4.917495993585,
    9.825781258757));
#6032 = CARTESIAN_POINT('',(0.274796102852,-5.968503368095,
    9.953124849814));
#6033 = CARTESIAN_POINT('',(3.48049647084,-4.044004880436,
    10.080468944806));
#6034 = CARTESIAN_POINT('',(4.537654703023,-1.043959691573,
    10.20781240169));
#6035 = CARTESIAN_POINT('',(3.698629952753,1.447744491043,
    10.335156288227));
#6036 = CARTESIAN_POINT('',(0.233947288268,3.964983722839,10.58984372923
    ));
#6037 = CARTESIAN_POINT('',(-2.395076880942,3.992964836838,
    10.717187615796));
#6038 = CARTESIAN_POINT('',(-4.921610408364,2.060482822872,
    10.844531072614));
#6039 = CARTESIAN_POINT('',(-5.761299394064,-1.583023043691,
    10.971875167674));
#6040 = CARTESIAN_POINT('',(-3.42972267208,-5.357754174133,
    11.09921875873));
#6041 = CARTESIAN_POINT('',(0.974413694452,-5.894833611357,
    11.226562349788));
#6042 = CARTESIAN_POINT('',(3.931693068693,-3.606885189455,
    11.353906444849));
#6043 = CARTESIAN_POINT('',(4.628906059316,-0.503379315696,
    11.481249901662));
#6044 = CARTESIAN_POINT('',(3.50282862037,1.872436726596,11.608593788235
    ));
#6045 = CARTESIAN_POINT('',(-0.233708195178,3.964997822894,
    11.863281229225));
#6046 = CARTESIAN_POINT('',(-2.847797997503,3.683776325903,
    11.990625115808));
#6047 = CARTESIAN_POINT('',(-5.129679842481,1.467727218781,
    12.117968572595));
#6048 = CARTESIAN_POINT('',(-5.535300290641,-2.249218388064,
    12.245312667695));
#6049 = CARTESIAN_POINT('',(-2.776212919901,-5.723737347339,
    12.372656258716));
#6050 = CARTESIAN_POINT('',(1.660522905108,-5.739443268737,
    12.499999849793));
#6051 = CARTESIAN_POINT('',(4.328384267048,-3.119762938613,
    12.627343944848));
#6052 = CARTESIAN_POINT('',(4.655986492414,4.417945099075E-02,
    12.754687401664));
#6053 = CARTESIAN_POINT('',(3.258467273259,2.271171210602,
    12.882031288231));
#6054 = CARTESIAN_POINT('',(-0.698123761789,3.910044816792,
    13.136718729236));
#6055 = CARTESIAN_POINT('',(-3.261039845277,3.323519306592,
    13.264062615762));
#6056 = CARTESIAN_POINT('',(-5.266636083285,0.854624385956,
    13.391406072685));
#6057 = CARTESIAN_POINT('',(-5.232564842809,-2.88423262435,
    13.518750167589));
#6058 = CARTESIAN_POINT('',(-2.084216288964,-6.010371856902,
    13.646093758789));
#6059 = CARTESIAN_POINT('',(2.323612143755,-5.504486529981,
    13.773437349773));
#6060 = CARTESIAN_POINT('',(4.665070701681,-2.589391145578,
    13.900781444837));
#6061 = CARTESIAN_POINT('',(4.618520583935,0.59112575415,14.028124901676
    ));
#6062 = CARTESIAN_POINT('',(2.968933513818,2.638420252592,
    14.155468788229));
#6063 = CARTESIAN_POINT('',(-1.152861178594,3.80088652277,
    14.410156229233));
#6064 = CARTESIAN_POINT('',(-3.629073616909,2.917188053049,
    14.53750011578));
#6065 = CARTESIAN_POINT('',(-5.330580494717,0.229673821625,
    14.664843572641));
#6066 = CARTESIAN_POINT('',(-4.857289898015,-3.479262495377,
    14.79218766766));
#6067 = CARTESIAN_POINT('',(-1.363325988244,-6.213684064045,
    14.919531258706));
#6068 = CARTESIAN_POINT('',(2.954488947243,-5.193220620541,
    15.046874849848));
#6069 = CARTESIAN_POINT('',(4.937084859556,-2.023122400189,
    15.174218944784));
#6070 = CARTESIAN_POINT('',(4.517027726989,1.1298772301,15.301562401707)
  );
#6071 = CARTESIAN_POINT('',(2.638241173478,2.96909264747,15.428906288214
    ));
#6072 = CARTESIAN_POINT('',(-1.591616381625,3.639036211685,
    15.683593729262));
#6073 = CARTESIAN_POINT('',(-3.946797228599,2.470415570298,
    15.810937615661));
#6074 = CARTESIAN_POINT('',(-5.320626609746,-0.39846073051,
    15.938281072865));
#6075 = CARTESIAN_POINT('',(-4.414677925341,-4.02605905107,
    16.065625167419));
#6076 = CARTESIAN_POINT('',(-0.623535781842,-6.330855433978,
    16.192968758838));
#6077 = CARTESIAN_POINT('',(3.544407416017,-4.809960646553,
    16.32031234986));
#6078 = CARTESIAN_POINT('',(5.140655785019,-1.428806934831,
    16.447656444711));
#6079 = CARTESIAN_POINT('',(4.352914925789,1.652965120756,
    16.574999901754));
#6080 = CARTESIAN_POINT('',(2.270974668624,3.258604255372,16.70234378821
    ));
#6081 = CARTESIAN_POINT('',(-2.008306869741,3.426737628281,
    16.957031229243));
#6082 = CARTESIAN_POINT('',(-4.209806050475,1.989395503958,
    17.08437511576));
#6083 = CARTESIAN_POINT('',(-5.236912420176,-1.021071387483,
    17.211718572681));
#6084 = CARTESIAN_POINT('',(-3.910864892294,-4.5170420033,
    17.339062667589));
#6085 = CARTESIAN_POINT('',(0.124898554539,-6.360261610067,
    17.466406258806));
#6086 = CARTESIAN_POINT('',(4.085189459811,-4.360019774157,
    17.593749849741));
#6087 = CARTESIAN_POINT('',(5.272961356705,-0.814683795754,
    17.721093944869));
#6088 = CARTESIAN_POINT('',(4.128457290241,2.153137813536,
    17.848437401657));
#6089 = CARTESIAN_POINT('',(1.872225446432,3.50294155197,17.975781288236
    ));
#6090 = CARTESIAN_POINT('',(-2.397156026824,3.166933886128,
    18.230468729224));
#6091 = CARTESIAN_POINT('',(-4.414453968671,1.480796276444,
    18.357812615813));
#6092 = CARTESIAN_POINT('',(-5.080598462819,-1.629526843842,
    18.485156072583));
#6093 = CARTESIAN_POINT('',(-3.352835202654,-4.945404813407,
    18.612500167714));
#6094 = CARTESIAN_POINT('',(0.871601411608,-6.301494931941,
    18.739843758694));
#6095 = CARTESIAN_POINT('',(4.569338170358,-3.849635572159,
    18.867187349812));
#6096 = CARTESIAN_POINT('',(5.332167411183,-0.189266625205,
    18.994531444836));
#6097 = CARTESIAN_POINT('',(3.846766495854,2.623461371516,
    19.121874901671));
#6098 = CARTESIAN_POINT('',(1.447521401696,3.698717268242,
    19.249218788229));
#6099 = CARTESIAN_POINT('',(-2.752773203537,2.863226666892,
    19.50390622924));
#6100 = CARTESIAN_POINT('',(-4.557903931464,0.951668642595,
    19.631250115744));
#6101 = CARTESIAN_POINT('',(-4.853851731556,-2.215392029147,
    19.758593572716));
#6102 = CARTESIAN_POINT('',(-2.748324870015,-5.305209050982,
    19.885937667564));
#6103 = CARTESIAN_POINT('',(1.606221183352,-6.15537008698,
    20.013281258786));
#6104 = CARTESIAN_POINT('',(4.990141752405,-3.285883540832,
    20.140624849803));
#6105 = CARTESIAN_POINT('',(5.317453169832,0.438774364848,
    20.267968944805));
#6106 = CARTESIAN_POINT('',(3.511747646354,3.05741565866,20.395312401691
    ));
#6107 = CARTESIAN_POINT('',(1.002750243149,3.843217348604,
    20.522656288228));
#6108 = CARTESIAN_POINT('',(-3.070228448339,2.519826289859,
    20.777343729227));
#6109 = CARTESIAN_POINT('',(-4.638167279669,0.409347944509,
    20.904687615814));
#6110 = CARTESIAN_POINT('',(-4.559815635886,-2.770545044193,
    21.032031072579));
#6111 = CARTESIAN_POINT('',(-2.105714273037,-5.591466718577,
    21.159375167715));
#6112 = CARTESIAN_POINT('',(2.318573772451,-5.923912816688,
    21.286718758703));
#6113 = CARTESIAN_POINT('',(5.341766569837,-2.676579023103,
    21.41406234979));
#6114 = CARTESIAN_POINT('',(5.229022617341,1.060732588167,
    21.541406444864));
#6115 = CARTESIAN_POINT('',(3.128045136932,3.44898472927,21.668749901646
    ));
#6116 = CARTESIAN_POINT('',(0.544077871651,3.934438576012,
    21.796093788245));
#6117 = CARTESIAN_POINT('',(-3.345120851841,2.141493344032,
    22.050781229206));
#6118 = CARTESIAN_POINT('',(-4.654131315583,-0.13864757936,
    22.178125115888));
#6119 = CARTESIAN_POINT('',(-4.202566423491,-3.287289754791,
    22.305468572447));
#6120 = CARTESIAN_POINT('',(-1.433911977813,-5.800209401665,
    22.432812667849));
#6121 = CARTESIAN_POINT('',(2.998783773725,-5.610331833035,
    22.560156258642));
#6122 = CARTESIAN_POINT('',(5.619338017457,-2.030168859954,
    22.687499849767));
#6123 = CARTESIAN_POINT('',(5.068101674126,1.6679857843,22.814843944914)
  );
#6124 = CARTESIAN_POINT('',(2.700978268485,3.792740227662,
    22.942187401622));
#6125 = CARTESIAN_POINT('',(7.786290178348E-02,3.971116342711,
    23.06953128824));
#6126 = CARTESIAN_POINT('',(-3.573639557008,1.733472691649,
    23.324218729238));
#6127 = CARTESIAN_POINT('',(-4.60557472835,-0.684721020055,
    23.451562615738));
#6128 = CARTESIAN_POINT('',(-3.787056671007,-3.758462484218,
    23.578906072734));
#6129 = CARTESIAN_POINT('',(-0.74223123743,-5.92854328281,
    23.706250167544));
#6130 = CARTESIAN_POINT('',(3.637421377516,-5.218974335995,
    23.833593758796));
#6131 = CARTESIAN_POINT('',(5.819008098189,-1.355614291115,
    23.960937349803));
#6132 = CARTESIAN_POINT('',(4.836921201221,2.252115549811,
    24.088281444805));
#6133 = CARTESIAN_POINT('',(2.236467505725,4.083916641822,
    24.215624901684));
#6134 = CARTESIAN_POINT('',(-0.389431488197,3.952742181676,
    24.34296878824));
#6135 = CARTESIAN_POINT('',(-3.752616589313,1.301420758063,
    24.597656229196));
#6136 = CARTESIAN_POINT('',(-4.49317066226,-1.221302114068,
    24.725000115945));
#6137 = CARTESIAN_POINT('',(-3.319046625755,-4.177531325129,
    24.852343572347));
#6138 = CARTESIAN_POINT('',(-4.026088148217E-02,-5.974689257495,
    24.979687667923));
#6139 = CARTESIAN_POINT('',(4.225633095368,-4.75526574876,
    25.107031258674));
#6140 = CARTESIAN_POINT('',(5.938008769051,-0.662266724645,
    25.234374849634));
#6141 = CARTESIAN_POINT('',(4.538686073009,2.805024043725,
    25.361718945063));
#6142 = CARTESIAN_POINT('',(1.74095240152,4.318477367876,25.48906240153)
  );
#6143 = CARTESIAN_POINT('',(-0.851327155946,3.879570815505,
    25.616406288272));
#6144 = CARTESIAN_POINT('',(-3.879570774795,0.851327116494,
    25.871093729198));
#6145 = CARTESIAN_POINT('',(-4.318477384383,-1.740952191907,
    25.998437615884));
#6146 = CARTESIAN_POINT('',(-2.805024351481,-4.538686689267,
    26.125781072471));
#6147 = CARTESIAN_POINT('',(0.662267614496,-5.938007601069,
    26.253125167812));
#6148 = CARTESIAN_POINT('',(4.755264498076,-4.225634502818,
    26.380468758675));
#6149 = CARTESIAN_POINT('',(5.974690312786,4.026190245841E-02,
    26.507812349748));
#6150 = CARTESIAN_POINT('',(4.177530749323,3.319046247685,
    26.635156444925));
#6151 = CARTESIAN_POINT('',(1.221302324157,4.493170670516,
    26.762499901611));
#6152 = CARTESIAN_POINT('',(-1.301420802015,3.752616625096,
    26.889843788251));
#6153 = CARTESIAN_POINT('',(-3.952742136637,0.389431453825,
    27.144531229211));
#6154 = CARTESIAN_POINT('',(-4.083916682758,-2.236467299609,
    27.271875115855));
#6155 = CARTESIAN_POINT('',(-2.252115783119,-4.836921849156,
    27.399218572508));
#6156 = CARTESIAN_POINT('',(1.355615037519,-5.819006833998,
    27.526562667795));
#6157 = CARTESIAN_POINT('',(5.218973259629,-3.637422922003,
    27.653906258644));
#6158 = CARTESIAN_POINT('',(5.928544210411,0.742232375313,27.78124984982
    ));
#6159 = CARTESIAN_POINT('',(3.75846195717,3.787056227822,27.908593944847
    ));
#6160 = CARTESIAN_POINT('',(0.684721227545,4.605574761307,
    28.035937401665));
#6161 = CARTESIAN_POINT('',(-1.733472739461,3.573639587352,
    28.163281288225));
#6162 = CARTESIAN_POINT('',(-3.971116293969,-7.786293060515E-02,
    28.417968729256));
#6163 = CARTESIAN_POINT('',(-3.792740292489,-2.700978068665,
    28.545312615674));
#6164 = CARTESIAN_POINT('',(-1.667985939912,-5.068102344891,
    28.672656072834));
#6165 = CARTESIAN_POINT('',(2.030169452682,-5.619336674421,
    28.800000167478));
#6166 = CARTESIAN_POINT('',(5.61033094559,-2.998785433918,
    28.927343758751));
#6167 = CARTESIAN_POINT('',(5.800210189143,1.433913216785,
    29.054687349952));
#6168 = CARTESIAN_POINT('',(3.287289283462,4.202565921444,29.18203144464
    ));
#6169 = CARTESIAN_POINT('',(0.138647781549,4.654131372699,
    29.309374901792));
#6170 = CARTESIAN_POINT('',(-2.14149339508,3.345120876354,
    29.436718788195));
#6171 = CARTESIAN_POINT('',(-3.934438524222,-0.544077894542,
    29.691406229264));
#6172 = CARTESIAN_POINT('',(-3.448984817123,-3.128044946127,
    29.818750115686));
#6173 = CARTESIAN_POINT('',(-1.06073266387,-5.229023301721,
    29.946093572795));
#6174 = CARTESIAN_POINT('',(2.676579453842,-5.341765166487,
    30.073437667524));
#6175 = CARTESIAN_POINT('',(5.923912130607,-2.318575525395,
    30.200781258731));
#6176 = CARTESIAN_POINT('',(5.59146735486,2.105715595941,30.328124849937
    ));
#6177 = CARTESIAN_POINT('',(2.770544635232,4.559815081937,
    30.455468944668));
#6178 = CARTESIAN_POINT('',(-0.409347750484,4.638167360152,
    30.582812401774));
#6179 = CARTESIAN_POINT('',(-2.519826343422,3.070228466679,
    30.710156288199));
#6180 = CARTESIAN_POINT('',(-3.843217294495,-1.002750259792,
    30.964843729263));
#6181 = CARTESIAN_POINT('',(-3.057415768295,-3.511747467213,
    31.09218761568));
#6182 = CARTESIAN_POINT('',(-0.438774359642,-5.317453858331,
    31.219531072816));
#6183 = CARTESIAN_POINT('',(3.285883803684,-4.990140308203,
    31.346875167484));
#6184 = CARTESIAN_POINT('',(6.155369611689,-1.606223004741,
    31.474218758783));
#6185 = CARTESIAN_POINT('',(5.305209527323,2.748326258512,
    31.601562349889));
#6186 = CARTESIAN_POINT('',(2.215391688182,4.853851133383,
    31.728906444698));
#6187 = CARTESIAN_POINT('',(-0.951668459405,4.557904034197,
    31.856249901764));
#6188 = CARTESIAN_POINT('',(-2.863226722231,2.752773215454,
    31.983593788198));
#6189 = CARTESIAN_POINT('',(-3.698717212555,-1.447521411862,
    32.238281229271));
#6190 = CARTESIAN_POINT('',(-2.623461501445,-3.84676633084,
    32.365625115642));
#6191 = CARTESIAN_POINT('',(0.189266711294,-5.332168094306,
    32.492968572892));
#6192 = CARTESIAN_POINT('',(3.849635663465,-4.569336705248,
    32.620312667393));
#6193 = CARTESIAN_POINT('',(6.301494673975,-0.871603276276,
    32.747656258851));
#6194 = CARTESIAN_POINT('',(4.945405123316,3.352836637558,
    32.874999849856));
#6195 = CARTESIAN_POINT('',(1.629526575481,5.080597828688,
    33.002343944714));
#6196 = CARTESIAN_POINT('',(-1.480796106554,4.414454092234,
    33.129687401745));
#6197 = CARTESIAN_POINT('',(-3.166933942507,2.397156032154,
    33.25703128822));
#6198 = CARTESIAN_POINT('',(-3.502941495433,-1.872225449987,
    33.511718729217));
#6199 = CARTESIAN_POINT('',(-2.153137962118,-4.128457141599,
    33.639062615876));
#6200 = CARTESIAN_POINT('',(0.814683961819,-5.272962025097,
    33.766406072455));
#6201 = CARTESIAN_POINT('',(4.360019692347,-4.085187993918,
    33.893750167849));
#6202 = CARTESIAN_POINT('',(6.360261573173,-0.124900436826,
    34.021093758639));
#6203 = CARTESIAN_POINT('',(4.517042142478,3.910866353836,
    34.148437349766));
#6204 = CARTESIAN_POINT('',(1.021071195379,5.236911758827,
    34.275781444924));
#6205 = CARTESIAN_POINT('',(-1.989395349684,4.209806193165,
    34.403124901605));
#6206 = CARTESIAN_POINT('',(-3.426737684912,2.008306868408,
    34.530468788256));
#6207 = CARTESIAN_POINT('',(-3.258604198815,-2.270974665512,
    34.785156229201));
#6208 = CARTESIAN_POINT('',(-1.652965285727,-4.352914795645,
    34.912500115899));
#6209 = CARTESIAN_POINT('',(1.428807178211,-5.140656429222,
    35.039843572423));
#6210 = CARTESIAN_POINT('',(4.809960393082,-3.544405969998,
    35.167187667894));
#6211 = CARTESIAN_POINT('',(6.330855618613,0.623533908411,
    35.294531258578));
#6212 = CARTESIAN_POINT('',(4.026059017364,4.41467939297,35.421874849832
    ));
#6213 = CARTESIAN_POINT('',(0.398460617617,5.320625930491,
    35.549218944868));
#6214 = CARTESIAN_POINT('',(-2.470415433952,3.946797388399,
    35.676562401642));
#6215 = CARTESIAN_POINT('',(-3.639036267742,1.591616373649,
    35.803906288237));
#6216 = CARTESIAN_POINT('',(-2.969092591692,-2.63824116374,
    36.058593729236));
#6217 = CARTESIAN_POINT('',(-1.12987740916,-4.517027617146,
    36.185937615753));
#6218 = CARTESIAN_POINT('',(2.023122717478,-4.937085470667,
    36.313281072697));
#6219 = CARTESIAN_POINT('',(5.193220199024,-2.954487541063,
    36.440625167598));
#6220 = CARTESIAN_POINT('',(6.213684467451,1.363324149507,
    36.567968758739));
#6221 = CARTESIAN_POINT('',(3.479262289504,4.857291351523,
    36.695312349853));
#6222 = CARTESIAN_POINT('',(-0.229673853944,5.330579806883,
    36.822656444763));
#6223 = CARTESIAN_POINT('',(-2.917187936416,3.629073791638,
    36.949999901719));
#6224 = CARTESIAN_POINT('',(-3.800886577502,1.152861164083,
    37.077343788214));
#6225 = CARTESIAN_POINT('',(-2.638420198348,-2.968933497592,
    37.332031229254));
#6226 = CARTESIAN_POINT('',(-0.591125944865,-4.618520495896,
    37.459375115702));
#6227 = CARTESIAN_POINT('',(2.589391532474,-4.665071271261,
    37.586718572784));
#6228 = CARTESIAN_POINT('',(5.504485946116,-2.323610796888,
    37.714062667506));
#6229 = CARTESIAN_POINT('',(6.010372473657,2.084214510432,
    37.841406258792));
#6230 = CARTESIAN_POINT('',(2.88423224901,5.232566261994,37.968749849849
    ));
#6231 = CARTESIAN_POINT('',(-0.854624337157,5.266635396455,
    38.096093944746));
#6232 = CARTESIAN_POINT('',(-3.323519211328,3.261040032492,
    38.223437401728));
#6233 = CARTESIAN_POINT('',(-3.910044869438,0.698123740946,
    38.350781288217));
#6234 = CARTESIAN_POINT('',(-2.271171158631,-3.258467250765,
    38.605468729236));
#6235 = CARTESIAN_POINT('',(-4.417965078587E-02,-4.655986427415,
    38.732812615784));
#6236 = CARTESIAN_POINT('',(3.119763389876,-4.328384787204,
    38.860156072623));
#6237 = CARTESIAN_POINT('',(5.739442530509,-1.660521636153,
    38.987500167689));
#6238 = CARTESIAN_POINT('',(5.7237381689,2.776211226079,39.114843758679)
  );
#6239 = CARTESIAN_POINT('',(2.249217848565,5.535301656002,
    39.242187349857));
#6240 = CARTESIAN_POINT('',(-1.467727089671,5.129679166049,
    39.369531444797));
#6241 = CARTESIAN_POINT('',(-3.683776253246,2.847798194663,
    39.496874901682));
#6242 = CARTESIAN_POINT('',(-3.964997872746,0.23370816828,
    39.624218788238));
#6243 = CARTESIAN_POINT('',(-1.872436677604,-3.502828591912,
    39.878906229206));
#6244 = CARTESIAN_POINT('',(0.503379109557,-4.628906018274,
    40.006250115896));
#6245 = CARTESIAN_POINT('',(3.606885698885,-3.931693532194,
    40.133593572445));
#6246 = CARTESIAN_POINT('',(5.894832728949,-0.974412521007,
    40.260937667808));
#6247 = CARTESIAN_POINT('',(5.357755189124,3.429721086428,
    40.388281258753));
#6248 = CARTESIAN_POINT('',(1.583022347534,5.761300686715,
    40.515624849618));
#6249 = CARTESIAN_POINT('',(-2.060482615268,4.921609751676,
    40.642968945035));
#6250 = CARTESIAN_POINT('',(-3.992964787794,2.395077085321,
    40.770312401565));
#6251 = CARTESIAN_POINT('',(-3.96498376919,-0.23394732084,
    40.897656288248));
#6252 = CARTESIAN_POINT('',(-1.447744445763,-3.698629918754,
    41.152343729245));
#6253 = CARTESIAN_POINT('',(1.043959482192,-4.537654686423,
    41.279687615689));
#6254 = CARTESIAN_POINT('',(4.044005440509,-3.480496871324,
    41.40703107282));
#6255 = CARTESIAN_POINT('',(5.968502354206,-0.274795041315,
    41.534375167484));
#6256 = CARTESIAN_POINT('',(4.917497187768,4.035684428459,
    41.661718758758));
#6257 = CARTESIAN_POINT('',(0.894881271225,5.907430309534,
    41.789062349933));
#6258 = CARTESIAN_POINT('',(-2.624673492677,4.645311637984,
    41.916406444664));
#6259 = CARTESIAN_POINT('',(-4.246798507918,1.909152815992,
    42.04374990177));
#6260 = CARTESIAN_POINT('',(-3.910002754263,-0.69835957809,
    42.17109378821));
#6261 = CARTESIAN_POINT('',(-1.002982008003,-3.843156820597,
    42.425781229233));
#6262 = CARTESIAN_POINT('',(1.570067354435,-4.383497457103,
    42.553125115812));
#6263 = CARTESIAN_POINT('',(4.425062787004,-2.981049782581,
    42.680468572567));
#6264 = CARTESIAN_POINT('',(5.959430117015,0.428631945746,
    42.807812667741));
#6265 = CARTESIAN_POINT('',(4.40906749978,4.585700729507,42.935156258673
    ));
#6266 = CARTESIAN_POINT('',(0.194334378922,5.971664717865,
    43.062499849819));
#6267 = CARTESIAN_POINT('',(-3.152478295753,4.304615168763,
    43.189843944839));
#6268 = CARTESIAN_POINT('',(-4.44175849455,1.396761796986,
    43.317187401667));
#6269 = CARTESIAN_POINT('',(-3.800817034578,-1.153090416413,
    43.44453128823));
#6270 = CARTESIAN_POINT('',(-0.544315144329,-3.934405708589,
    43.69921872924));
#6271 = CARTESIAN_POINT('',(2.074409247896,-4.168571425081,
    43.82656261574));
#6272 = CARTESIAN_POINT('',(4.74477510686,-2.440276144193,
    43.953906072731));
#6273 = CARTESIAN_POINT('',(5.867741787393,1.126116771331,
    44.081250167529));
#6274 = CARTESIAN_POINT('',(3.839514529243,5.072145066592,
    44.208593758844));
#6275 = CARTESIAN_POINT('',(-0.508906587567,5.953113423979,
    44.335937349737));
#6276 = CARTESIAN_POINT('',(-3.636580020753,3.904243448999,
    44.46328144486));
#6277 = CARTESIAN_POINT('',(-4.575142000834,0.865007348887,
    44.590624901658));
#6278 = CARTESIAN_POINT('',(-3.638940261123,-1.591835863024,
    44.717968788244));
#6279 = CARTESIAN_POINT('',(-7.810239292629E-02,-3.971111591498,
    44.972656229199));
#6280 = CARTESIAN_POINT('',(2.549993427223,-3.89585612865,
    45.100000115926));
#6281 = CARTESIAN_POINT('',(4.998710201247,-1.865672747311,
    45.227343572373));
#6282 = CARTESIAN_POINT('',(5.694708447809,1.807990142962,
    45.354687667924));
#6283 = CARTESIAN_POINT('',(3.216734038568,5.488273820025,
    45.482031258613));
#6284 = CARTESIAN_POINT('',(-1.20509253836,5.85203360626,45.609374849744
    ));
#6285 = CARTESIAN_POINT('',(-4.070267523843,3.449746866091,
    45.736718944951));
#6286 = CARTESIAN_POINT('',(-4.64509991967,0.321261229478,
    45.864062401605));
#6287 = CARTESIAN_POINT('',(-3.426616545544,-2.008513552011,
    45.991406288236));
#6288 = CARTESIAN_POINT('',(0.38919309863,-3.952765612604,46.24609372926
    ));
#6289 = CARTESIAN_POINT('',(2.990226828381,-3.569132243061,
    46.373437615633));
#6290 = CARTESIAN_POINT('',(5.183347745244,-1.265205368927,
    46.500781072929));
#6291 = CARTESIAN_POINT('',(5.442728875441,2.464799191908,
    46.628125167345));
#6292 = CARTESIAN_POINT('',(2.549359686442,5.828318161031,
    46.755468758876));
#6293 = CARTESIAN_POINT('',(-1.884572187326,5.669826542523,
    46.88281234987));
#6294 = CARTESIAN_POINT('',(-4.447528557827,2.947426145744,
    47.01015644468));
#6295 = CARTESIAN_POINT('',(-4.65066241848,-0.22693856219,
    47.137499901774));
#6296 = CARTESIAN_POINT('',(-3.166789349786,-2.397347044694,
    47.264843788206));
#6297 = CARTESIAN_POINT('',(0.851093172782,-3.879622103682,
    47.519531229242));
#6298 = CARTESIAN_POINT('',(3.389006457393,-3.192929170147,
    47.646875115782));
#6299 = CARTESIAN_POINT('',(5.296128093666,-0.647198339202,
    47.774218572606));
#6300 = CARTESIAN_POINT('',(5.115296283505,3.087438517134,47.90156266775
    ));
#6301 = CARTESIAN_POINT('',(1.846643342001,6.087564025633,48.02890625857
    ));
#6302 = CARTESIAN_POINT('',(-2.537925850027,5.409018185578,
    48.156249849985));
#6303 = CARTESIAN_POINT('',(-4.76313312053,2.404245002681,
    48.283593944693));
#6304 = CARTESIAN_POINT('',(-4.591752383752,-0.771992284862,
    48.410937401741));
#6305 = CARTESIAN_POINT('',(-2.86306068066,-2.75294590894,
    48.538281288215));
#6306 = CARTESIAN_POINT('',(1.301194469007,-3.752695059546,
    48.792968729241));
#6307 = CARTESIAN_POINT('',(3.74080399818,-2.772462245191,
    48.920312615766));
#6308 = CARTESIAN_POINT('',(5.335487762238,-2.021914334653E-02,
    49.047656072663));
#6309 = CARTESIAN_POINT('',(4.716949899014,3.667276416604,
    49.175000167628));
#6310 = CARTESIAN_POINT('',(1.118326821762,6.2624174659,49.302343758749)
  );
#6311 = CARTESIAN_POINT('',(-3.156096028098,5.073224143955,
    49.429687349798));
#6312 = CARTESIAN_POINT('',(-5.012705958734,1.82773360413,
    49.557031444833));
#6313 = CARTESIAN_POINT('',(-4.469186490432,-1.306343812016,
    49.684374901666));
#6314 = CARTESIAN_POINT('',(-2.519641154834,-3.070380447059,
    49.811718788242));
#6315 = CARTESIAN_POINT('',(1.733257194293,-3.573744080705,
    50.066406229202));
#6316 = CARTESIAN_POINT('',(4.04074245106,-2.313560437551,
    50.193750115913));
#6317 = CARTESIAN_POINT('',(5.30088110472,0.607040352427,50.321093572401
    ));
#6318 = CARTESIAN_POINT('',(4.253212031851,4.196274547185,
    50.448437667888));
#6319 = CARTESIAN_POINT('',(0.374506840651,6.350454473832,50.57578125865
    ));
#6320 = CARTESIAN_POINT('',(-3.730512975309,4.667099559254,
    50.703124849709));
#6321 = CARTESIAN_POINT('',(-5.192787222653,1.225884177239,
    50.830468944984));
#6322 = CARTESIAN_POINT('',(-4.284663880052,-1.822585382416,
    50.957812401574));
#6323 = CARTESIAN_POINT('',(-2.14129162676,-3.345250036708,
    51.085156288261));
#6324 = CARTESIAN_POINT('',(2.14129162587,-3.345249980035,
    51.339843729203));
#6325 = CARTESIAN_POINT('',(4.284663743511,-1.822585542272,
    51.467187615875));
#6326 = CARTESIAN_POINT('',(5.192787876002,1.225884395325,
    51.594531072486));
#6327 = CARTESIAN_POINT('',(3.730511520267,4.667099362641,
    51.721875167795));
#6328 = CARTESIAN_POINT('',(-0.374504961159,6.350454584662,
    51.849218758688));
#6329 = CARTESIAN_POINT('',(-4.253213499906,4.196274571424,
    51.976562349746));
#6330 = CARTESIAN_POINT('',(-5.300880430282,0.60704021265,
    52.103906444913));
#6331 = CARTESIAN_POINT('',(-4.040742605433,-2.313560294869,
    52.23124990163));
#6332 = CARTESIAN_POINT('',(-1.73325718852,-3.573744137069,
    52.358593788234));
#6333 = CARTESIAN_POINT('',(2.519641147294,-3.070380390934,
    52.61328122925));
#6334 = CARTESIAN_POINT('',(4.469186373644,-1.306343986602,
    52.740625115687));
#6335 = CARTESIAN_POINT('',(5.012706581811,1.827733897131,
    52.867968572818));
#6336 = CARTESIAN_POINT('',(3.156094606519,5.073223778007,
    52.995312667481));
#6337 = CARTESIAN_POINT('',(-1.118324968717,6.262417796834,
    53.122656258774));
#6338 = CARTESIAN_POINT('',(-4.716951359369,3.667276267864,
    53.249999849908));
#6339 = CARTESIAN_POINT('',(-5.335487076278,-2.021920255385E-02,
    53.377343944686));
#6340 = CARTESIAN_POINT('',(-3.740804168167,-2.772462121836,
    53.50468740176));
#6341 = CARTESIAN_POINT('',(-1.30119445666,-3.752695114797,
    53.632031288212));
#6342 = CARTESIAN_POINT('',(2.863060666577,-2.752945854096,
    53.886718729233));
#6343 = CARTESIAN_POINT('',(4.591752288286,-0.771992472006,
    54.014062615804));
#6344 = CARTESIAN_POINT('',(4.7631337049,2.404245366969,54.141406072599)
  );
#6345 = CARTESIAN_POINT('',(2.53792448118,5.409017655022,54.268750167667
    ));
#6346 = CARTESIAN_POINT('',(-1.846641540483,6.087564572017,
    54.396093758785));
#6347 = CARTESIAN_POINT('',(-5.115297716472,3.087438197945,
    54.523437349698));
#6348 = CARTESIAN_POINT('',(-5.296127405359,-0.647198317546,
    54.650781444931));
#6349 = CARTESIAN_POINT('',(-3.389006640756,-3.192929067528,
    54.778124901618));
#6350 = CARTESIAN_POINT('',(-0.85109315402,-3.879622157121,
    54.905468788247));
#6351 = CARTESIAN_POINT('',(3.166789329355,-2.397346991883,
    55.160156229216));
#6352 = CARTESIAN_POINT('',(4.650662345671,-0.226938759236,
    55.287500115836));
#6353 = CARTESIAN_POINT('',(4.447529095292,2.947426576159,
    55.414843572541));
#6354 = CARTESIAN_POINT('',(1.884570890452,5.669825854742,
    55.542187667765));
#6355 = CARTESIAN_POINT('',(-2.549357961855,5.82831891549,
    55.669531258654));
#6356 = CARTESIAN_POINT('',(-5.442730260714,2.464798706307,
    55.796874849827));
#6357 = CARTESIAN_POINT('',(-5.183347064425,-1.26520526634,
    55.924218944841));
#6358 = CARTESIAN_POINT('',(-2.990227022467,-3.5691321628,
    56.051562401658));
#6359 = CARTESIAN_POINT('',(-0.389193073721,-3.952765663454,
    56.178906288239));
#6360 = CARTESIAN_POINT('',(3.426616519033,-2.008513501946,
    56.433593729218));
#6361 = CARTESIAN_POINT('',(4.645099870575,0.3212610251,56.560937615837)
  );
#6362 = CARTESIAN_POINT('',(4.070268006976,3.449747356968,56.68828107254
    ));
#6363 = CARTESIAN_POINT('',(1.205091331171,5.852032770544,
    56.815625167754));
#6364 = CARTESIAN_POINT('',(-3.216732414246,5.488274772027,
    56.942968758684));
#6365 = CARTESIAN_POINT('',(-5.694709766864,1.807989498076,
    57.070312349787));
#6366 = CARTESIAN_POINT('',(-4.998709536849,-1.86567256566,
    57.197656444874));
#6367 = CARTESIAN_POINT('',(-2.549993629559,-3.895856071601,
    57.324999901642));
#6368 = CARTESIAN_POINT('',(7.810242366623E-02,-3.971111639106,
    57.452343788242));
#6369 = CARTESIAN_POINT('',(3.638940228911,-1.591835816417,
    57.707031229218));
#6370 = CARTESIAN_POINT('',(4.575141976078,0.865007140202,
    57.834375115833));
#6371 = CARTESIAN_POINT('',(3.63658044285,3.904243993151,57.961718572543
    ));
#6372 = CARTESIAN_POINT('',(0.508905487071,5.953112452272,
    58.089062667771));
#6373 = CARTESIAN_POINT('',(-3.839513028337,5.072146202911,
    58.216406258634));
#6374 = CARTESIAN_POINT('',(-5.867743021162,1.126115975756,
    58.343749849859));
#6375 = CARTESIAN_POINT('',(-4.744774468697,-2.440275885551,
    58.471093944808));
#6376 = CARTESIAN_POINT('',(-2.074409455397,-4.168571392313,
    58.598437401684));
#6377 = CARTESIAN_POINT('',(0.544315180421,-3.93440575222,
    58.725781288223));
#6378 = CARTESIAN_POINT('',(3.80081699713,-1.153090373942,
    58.980468729251));
#6379 = CARTESIAN_POINT('',(4.441758494454,1.396761586923,
    59.107812615703));
#6380 = CARTESIAN_POINT('',(3.152478651024,4.304615758587,
    59.235156072786));
#6381 = CARTESIAN_POINT('',(-0.194335357645,5.971663623772,
    59.362500167505));
#6382 = CARTESIAN_POINT('',(-4.409066142773,4.585702034151,
    59.489843758791));
#6383 = CARTESIAN_POINT('',(-5.95943124877,0.428631010802,
    59.617187349854));
#6384 = CARTESIAN_POINT('',(-4.425062183641,-2.981049450774,
    59.74453144474));
#6385 = CARTESIAN_POINT('',(-1.570067564355,-4.383497448943,
    59.871874901735));
#6386 = CARTESIAN_POINT('',(1.002982048969,-3.843156859681,
    59.999218788212));
#6387 = CARTESIAN_POINT('',(3.910002712097,-0.698359540326,
    60.253906229249));
#6388 = CARTESIAN_POINT('',(4.246798532457,1.909152607424,
    60.381250115728));
#6389 = CARTESIAN_POINT('',(2.624673776249,4.645312265379,
    60.508593572739));
#6390 = CARTESIAN_POINT('',(-0.894882114625,5.907429108089,
    60.635937667533));
#6391 = CARTESIAN_POINT('',(-4.917495993543,4.035685883516,
    60.763281258823));
#6392 = CARTESIAN_POINT('',(-5.968503368128,-0.274796102827,
    60.890624849764));
#6393 = CARTESIAN_POINT('',(-4.044004880414,-3.48049647085,
    61.017968944839));
#6394 = CARTESIAN_POINT('',(-1.043959691588,-4.537654703017,
    61.145312401667));
#6395 = CARTESIAN_POINT('',(1.447744491052,-3.698629952759,
    61.272656288243));
#6396 = CARTESIAN_POINT('',(3.964983722821,-0.233947288253,
    61.527343729196));
#6397 = CARTESIAN_POINT('',(3.992964836905,2.395076880868,
    61.654687615948));
#6398 = CARTESIAN_POINT('',(2.060482822758,4.921610408517,
    61.782031072318));
#6399 = CARTESIAN_POINT('',(-1.583023043587,5.761299393875,
    61.909375168017));
#6400 = CARTESIAN_POINT('',(-5.357754174165,3.429722672218,
    62.036718758499));
#6401 = CARTESIAN_POINT('',(-5.894833611401,-0.974413694496,
    62.164062349846));
#6402 = CARTESIAN_POINT('',(-3.606885189394,-3.931693068708,
    62.291406444885));
#6403 = CARTESIAN_POINT('',(-0.503379315726,-4.628906059297,
    62.418749901633));
#6404 = CARTESIAN_POINT('',(1.872436726596,-3.502828620371,
    62.546093788231));
#6405 = CARTESIAN_POINT('',(3.964997822913,0.233708195166,
    62.800781229259));
#6406 = CARTESIAN_POINT('',(3.683776325819,2.847797997575,62.92812511564
    ));
#6407 = CARTESIAN_POINT('',(1.46772721893,5.129679842316,63.05546857293)
  );
#6408 = CARTESIAN_POINT('',(-2.249218388211,5.535300290865,
    63.182812667303));
#6409 = CARTESIAN_POINT('',(-5.723737347278,2.776212919712,
    63.310156258984));
#6410 = CARTESIAN_POINT('',(-5.739443268705,-1.660522905018,
    63.437499849721));
#6411 = CARTESIAN_POINT('',(-3.119762938673,-4.32838426706,
    63.564843944813));
#6412 = CARTESIAN_POINT('',(4.417945102088E-02,-4.655986492424,
    63.692187401695));
#6413 = CARTESIAN_POINT('',(2.271171210606,-3.258467273259,
    63.819531288237));
#6414 = CARTESIAN_POINT('',(3.910044816764,0.698123761803,
    64.074218729193));
#6415 = CARTESIAN_POINT('',(3.323519306712,3.261039845187,
    64.201562615968));
#6416 = CARTESIAN_POINT('',(0.854624385749,5.266636083502,
    64.328906072289));
#6417 = CARTESIAN_POINT('',(-2.884232624165,5.2325648425,64.456250168022
    ));
#6418 = CARTESIAN_POINT('',(-6.01037185694,2.084216289245,
    64.583593758552));
#6419 = CARTESIAN_POINT('',(-5.504486530095,-2.323612143912,
    64.710937349744));
#6420 = CARTESIAN_POINT('',(-2.589391145427,-4.665070701642,
    64.838281444987));
#6421 = CARTESIAN_POINT('',(0.59112575406,-4.618520583927,
    64.965624901568));
#6422 = CARTESIAN_POINT('',(2.638420252614,-2.968933513824,
    65.092968788258));
#6423 = CARTESIAN_POINT('',(3.80088652276,1.152861178598,65.34765622922)
  );
#6424 = CARTESIAN_POINT('',(2.917188053061,3.629073616904,
    65.475000115798));
#6425 = CARTESIAN_POINT('',(0.229673821613,5.33058049472,65.602343572626
    ));
#6426 = CARTESIAN_POINT('',(-3.479262495373,4.857289898016,
    65.72968766766));
#6427 = CARTESIAN_POINT('',(-6.213684064041,1.363325988234,
    65.857031258729));
#6428 = CARTESIAN_POINT('',(-5.193220620554,-2.954488947232,
    65.984374849808));
#6429 = CARTESIAN_POINT('',(-2.02312240017,-4.937084859563,
    66.111718944825));
#6430 = CARTESIAN_POINT('',(1.129877230083,-4.517027726986,
    66.239062401676));
#6431 = CARTESIAN_POINT('',(2.969092647482,-2.638241173479,
    66.366406288232));
#6432 = CARTESIAN_POINT('',(3.63903621166,1.59161638163,66.621093729226)
  );
#6433 = CARTESIAN_POINT('',(2.470415570396,3.946797228556,
    66.748437615809));
#6434 = CARTESIAN_POINT('',(-0.398460730682,5.320626609862,
    66.87578107259));
#6435 = CARTESIAN_POINT('',(-4.026059050901,4.414677925152,
    67.003125167705));
#6436 = CARTESIAN_POINT('',(-6.330855434039,0.623535782042,
    67.130468758703));
#6437 = CARTESIAN_POINT('',(-4.809960646617,-3.544407416156,
    67.257812349802));
#6438 = CARTESIAN_POINT('',(-1.428806934723,-5.140655784957,
    67.385156444849));
#6439 = CARTESIAN_POINT('',(1.652965120683,-4.352914925802,
    67.512499901655));
#6440 = CARTESIAN_POINT('',(3.258604255396,-2.270974668625,
    67.639843788242));
#6441 = CARTESIAN_POINT('',(3.426737628257,2.008306869743,67.89453122921
    ));
#6442 = CARTESIAN_POINT('',(1.989395504037,4.209806050458,
    68.021875115873));
#6443 = CARTESIAN_POINT('',(-1.021071387618,5.236912420222,
    68.149218572481));
#6444 = CARTESIAN_POINT('',(-4.517042003177,3.910864892217,
    68.27656266779));
#6445 = CARTESIAN_POINT('',(-6.360261610097,-0.124898554455,
    68.403906258724));
#6446 = CARTESIAN_POINT('',(-4.360019774225,-4.085189459874,
    68.531249849682));
#6447 = CARTESIAN_POINT('',(-0.81468379566,-5.272961356675,
    68.658593944978));
#6448 = CARTESIAN_POINT('',(2.15313781348,-4.128457290248,
    68.785937401588));
#6449 = CARTESIAN_POINT('',(3.502941551983,-1.872225446432,
    68.913281288252));
#6450 = CARTESIAN_POINT('',(3.166933886126,2.397156026825,
    69.167968729221));
#6451 = CARTESIAN_POINT('',(1.480796276435,4.414453968666,
    69.295312615803));
#6452 = CARTESIAN_POINT('',(-1.629526843819,5.080598462829,
    69.422656072608));
#6453 = CARTESIAN_POINT('',(-4.945404813431,3.352835202641,
    69.550000167689));
#6454 = CARTESIAN_POINT('',(-6.301494931934,-0.871601411596,
    69.677343758699));
#6455 = CARTESIAN_POINT('',(-3.849635572149,-4.569338170366,
    69.804687349826));
#6456 = CARTESIAN_POINT('',(-0.189266625216,-5.332167411176,
    69.932031444825));
#6457 = CARTESIAN_POINT('',(2.623461371514,-3.84676649586,
    70.059374901665));
#6458 = CARTESIAN_POINT('',(3.698717268252,-1.447521401693,
    70.186718788244));
#6459 = CARTESIAN_POINT('',(2.863226666862,2.752773203533,
    70.441406229197));
#6460 = CARTESIAN_POINT('',(0.951668642724,4.55790393146,70.568750115935
    ));
#6461 = CARTESIAN_POINT('',(-2.215392029386,4.853851731603,
    70.696093572362));
#6462 = CARTESIAN_POINT('',(-5.305209050742,2.748324869896,
    70.823437667925));
#6463 = CARTESIAN_POINT('',(-6.155370087073,-1.606221183182,
    70.950781258636));
#6464 = CARTESIAN_POINT('',(-3.285883540915,-4.990141752565,
    71.078124849701));
#6465 = CARTESIAN_POINT('',(0.438774364991,-5.317453169733,
    71.205468944994));
#6466 = CARTESIAN_POINT('',(3.057415658573,-3.51174764639,
    71.332812401576));
#6467 = CARTESIAN_POINT('',(3.843217348621,-1.002750243146,
    71.46015628825));
#6468 = CARTESIAN_POINT('',(2.519826289867,3.070228448342,
    71.714843729237));
#6469 = CARTESIAN_POINT('',(0.409347944446,4.63816727966,71.84218761573)
  );
#6470 = CARTESIAN_POINT('',(-2.770545044071,4.55981563587,
    71.969531072728));
#6471 = CARTESIAN_POINT('',(-5.591466718688,2.105714273125,
    72.096875167615));
#6472 = CARTESIAN_POINT('',(-5.923912816677,-2.318573772617,
    72.224218758625));
#6473 = CARTESIAN_POINT('',(-2.676579023003,-5.341766569649,
    72.351562350034));
#6474 = CARTESIAN_POINT('',(1.060732588031,-5.229022617478,
    72.478906444601));
#6475 = CARTESIAN_POINT('',(3.448984729364,-3.128045136869,
    72.606249901807));
#6476 = CARTESIAN_POINT('',(3.934438575975,-0.544077871668,
    72.733593788189));
#6477 = CARTESIAN_POINT('',(2.14149334408,3.34512085186,72.988281229276)
  );
#6478 = CARTESIAN_POINT('',(-0.138647579543,4.654131315546,
    73.115625115634));
#6479 = CARTESIAN_POINT('',(-3.287289754457,4.202566423495,
    73.242968572892));
#6480 = CARTESIAN_POINT('',(-5.800209402021,1.433911977919,
    73.37031266742));
#6481 = CARTESIAN_POINT('',(-5.61033183285,-2.998783773959,
    73.49765625879));
#6482 = CARTESIAN_POINT('',(-2.030168859916,-5.619338017186,
    73.624999849931));
#6483 = CARTESIAN_POINT('',(1.667985784168,-5.068101674316,
    73.75234394466));
#6484 = CARTESIAN_POINT('',(3.792740227748,-2.700978268411,
    73.879687401764));
#6485 = CARTESIAN_POINT('',(3.9711163427,-7.786290178823E-02,
    74.007031288225));
#6486 = CARTESIAN_POINT('',(1.73347269162,3.573639556991,74.261718729193
    ));
#6487 = CARTESIAN_POINT('',(-0.684721019879,4.605574728406,
    74.389062615982));
#6488 = CARTESIAN_POINT('',(-3.758462484571,3.787056670971,
    74.51640607229));
#6489 = CARTESIAN_POINT('',(-5.928543282426,0.742231237323,
    74.643750167928));
#6490 = CARTESIAN_POINT('',(-5.218974336177,-3.637421377211,
    74.771093758786));
#6491 = CARTESIAN_POINT('',(-1.355614291202,-5.819008098582,
    74.898437349436));
#6492 = CARTESIAN_POINT('',(2.25211555001,-4.836921200919,
    75.025781445241));
#6493 = CARTESIAN_POINT('',(4.083916641687,-2.236467505861,
    75.153124901439));
#6494 = CARTESIAN_POINT('',(3.952742181708,0.389431488219,75.28046878829
    ));
#6495 = CARTESIAN_POINT('',(1.301420758062,3.752616589315,
    75.535156229196));
#6496 = CARTESIAN_POINT('',(-1.221302114124,4.493170662232,
    75.662500115871));
#6497 = CARTESIAN_POINT('',(-4.177531325008,3.319046625765,
    75.789843572462));
#6498 = CARTESIAN_POINT('',(-5.97468925761,4.026088159198E-02,
    75.917187667938));
#6499 = CARTESIAN_POINT('',(-4.755265748758,-4.225633095655,
    76.044531258374));
#6500 = CARTESIAN_POINT('',(-0.662266724513,-5.938008768674,
    76.171874850145));
#6501 = CARTESIAN_POINT('',(2.805024043552,-4.538686073313,
    76.299218944591));
#6502 = CARTESIAN_POINT('',(4.318477367992,-1.740952401369,
    76.426562401791));
#6503 = CARTESIAN_POINT('',(3.879570815465,0.851327155907,
    76.553906288196));
#6504 = CARTESIAN_POINT('',(0.851327116535,3.87957077483,76.808593729273
    ));
#6505 = CARTESIAN_POINT('',(-1.74095219205,4.318477384291,
    76.935937615637));
#6506 = CARTESIAN_POINT('',(-4.538686688995,2.805024351592,
    77.063281072898));
#6507 = CARTESIAN_POINT('',(-5.938007601389,-0.662267614516,
    77.190625167397));
#6508 = CARTESIAN_POINT('',(-4.225634502599,-4.755264498224,
    77.317968758826));
#6509 = CARTESIAN_POINT('',(4.026190241137E-02,-5.974690312525,
    77.4453123499));
#6510 = CARTESIAN_POINT('',(3.319046247622,-4.177530749555,
    77.572656444667));
#6511 = CARTESIAN_POINT('',(4.493170670581,-1.221302324037,
    77.699999901781));
#6512 = CARTESIAN_POINT('',(3.752616625071,1.301420801983,
    77.827343788199));
#6513 = CARTESIAN_POINT('',(0.389431453848,3.952742136664,
    78.082031229257));
#6514 = CARTESIAN_POINT('',(-2.236467299694,4.083916682685,
    78.209375115712));
#6515 = CARTESIAN_POINT('',(-4.836921848998,2.252115783213,
    78.336718572736));
#6516 = CARTESIAN_POINT('',(-5.819006834179,-1.355615037542,
    78.464062667618));
#6517 = CARTESIAN_POINT('',(-3.637422921887,-5.218973259748,
    78.591406258622));
#6518 = CARTESIAN_POINT('',(0.7422323753,-5.928544210196,78.718749850025
    ));
#6519 = CARTESIAN_POINT('',(3.78705622778,-3.758461957352,
    78.846093944629));
#6520 = CARTESIAN_POINT('',(4.605574761339,-0.684721227467,
    78.973437401768));
#6521 = CARTESIAN_POINT('',(3.573639587351,1.733472739459,
    79.100781288223));
#6522 = CARTESIAN_POINT('',(-7.786293063215E-02,3.971116293934,
    79.355468729199));
#6523 = CARTESIAN_POINT('',(-2.700978068506,3.792740292616,
    79.482812615934));
#6524 = CARTESIAN_POINT('',(-5.068102345229,1.667985939813,
    79.610156072463));
#6525 = CARTESIAN_POINT('',(-5.619336674028,-2.030169452926,
    79.737500167521));
#6526 = CARTESIAN_POINT('',(-2.998785434126,-5.610330944777,
    79.864843759465));
#6527 = CARTESIAN_POINT('',(1.433913216688,-5.800210190343,
    79.992187348601));
#6528 = CARTESIAN_POINT('',(4.202565921726,-3.287289282337,
    80.119531446017));
#6529 = CARTESIAN_POINT('',(4.654131372437,-0.13864778228,
    80.246874900881));
#6530 = CARTESIAN_POINT('',(3.345120876499,2.141493395426,
    80.374218788608));
#6531 = CARTESIAN_POINT('',(-0.544077894787,3.93443852363,
    80.628906228586));
#6532 = CARTESIAN_POINT('',(-3.128044944822,3.448984820272,
    80.75625011923));
#6533 = CARTESIAN_POINT('',(-5.229023305243,1.060732655363,80.8835935633
    ));
#6534 = CARTESIAN_POINT('',(-5.34176515978,-2.676579437521,
    81.010937685602));
#6535 = CARTESIAN_POINT('',(-2.318575535287,-5.923912154957,
    81.138281231941));
#6536 = CARTESIAN_POINT('',(2.105715607703,-5.591467325539,
    81.26562488204));
#6537 = CARTESIAN_POINT('',(4.559815070462,-2.77054466415,
    81.392968913087));
#6538 = CARTESIAN_POINT('',(4.638167369364,0.40934777387,81.520312427297
    ));
#6539 = CARTESIAN_POINT('',(3.070228460656,2.519826328072,81.64765627144
    ));
#6540 = CARTESIAN_POINT('',(1.033739106574,3.181521826943,
    81.775000017454));
#6541 = PCURVE('',#4746,#6542);
#6542 = DEFINITIONAL_REPRESENTATION('',(#6543),#6547);
#6543 = LINE('',#6544,#6545);
#6544 = CARTESIAN_POINT('',(0.728868986856,0.));
#6545 = VECTOR('',#6546,1.);
#6546 = DIRECTION('',(0.,1.));
#6547 = ( GEOMETRIC_REPRESENTATION_CONTEXT(2) 
PARAMETRIC_REPRESENTATION_CONTEXT() REPRESENTATION_CONTEXT('2D SPACE',''
  ) );
#6548 = PCURVE('',#2966,#6549);
#6549 = DEFINITIONAL_REPRESENTATION('',(#6550),#6553);
#6550 = B_SPLINE_CURVE_WITH_KNOTS('',1,(#6551,#6552),.UNSPECIFIED.,.F.,
  .F.,(2,2),(0.,417.69197068273),.PIECEWISE_BEZIER_KNOTS.);
#6551 = CARTESIAN_POINT('',(0.,0.));
#6552 = CARTESIAN_POINT('',(0.,417.69197068273));
#6553 = ( GEOMETRIC_REPRESENTATION_CONTEXT(2) 
PARAMETRIC_REPRESENTATION_CONTEXT() REPRESENTATION_CONTEXT('2D SPACE',''
  ) );
#6554 = ORIENTED_EDGE('',*,*,#6555,.F.);
#6555 = EDGE_CURVE('',#4156,#5959,#6556,.T.);
#6556 = SURFACE_CURVE('',#6557,(#6560,#6567),.PCURVE_S1.);
#6557 = B_SPLINE_CURVE_WITH_KNOTS('',1,(#6558,#6559),.UNSPECIFIED.,.F.,
  .F.,(2,2),(0.,0.728868986856),.PIECEWISE_BEZIER_KNOTS.);
#6558 = CARTESIAN_POINT('',(1.242325570379,3.823484960044,
    81.499999975897));
#6559 = CARTESIAN_POINT('',(1.033739106574,3.181521826943,
    81.775000017454));
#6560 = PCURVE('',#4746,#6561);
#6561 = DEFINITIONAL_REPRESENTATION('',(#6562),#6566);
#6562 = LINE('',#6563,#6564);
#6563 = CARTESIAN_POINT('',(0.,417.69197068273));
#6564 = VECTOR('',#6565,1.);
#6565 = DIRECTION('',(1.,0.));
#6566 = ( GEOMETRIC_REPRESENTATION_CONTEXT(2) 
PARAMETRIC_REPRESENTATION_CONTEXT() REPRESENTATION_CONTEXT('2D SPACE',''
  ) );
#6567 = PCURVE('',#5922,#6568);
#6568 = DEFINITIONAL_REPRESENTATION('',(#6569),#6572);
#6569 = B_SPLINE_CURVE_WITH_KNOTS('',1,(#6570,#6571),.UNSPECIFIED.,.F.,
  .F.,(2,2),(0.,0.728868986856),.PIECEWISE_BEZIER_KNOTS.);
#6570 = CARTESIAN_POINT('',(0.429954793619,-2.647074381912E-08));
#6571 = CARTESIAN_POINT('',(-0.245045189451,0.275000015087));
#6572 = ( GEOMETRIC_REPRESENTATION_CONTEXT(2) 
PARAMETRIC_REPRESENTATION_CONTEXT() REPRESENTATION_CONTEXT('2D SPACE',''
  ) );
#6573 = ADVANCED_FACE('',(#6574),#2966,.F.);
#6574 = FACE_BOUND('',#6575,.F.);
#6575 = EDGE_LOOP('',(#6576,#6577,#6596,#6597));
#6576 = ORIENTED_EDGE('',*,*,#5958,.F.);
#6577 = ORIENTED_EDGE('',*,*,#6578,.T.);
#6578 = EDGE_CURVE('',#5938,#1217,#6579,.T.);
#6579 = SURFACE_CURVE('',#6580,(#6583,#6590),.PCURVE_S1.);
#6580 = B_SPLINE_CURVE_WITH_KNOTS('',1,(#6581,#6582),.UNSPECIFIED.,.F.,
  .F.,(2,2),(0.,0.55),.PIECEWISE_BEZIER_KNOTS.);
#6581 = CARTESIAN_POINT('',(3.34525,2.22044604925E-16,0.275));
#6582 = CARTESIAN_POINT('',(3.34525,3.969047313035E-15,-0.275));
#6583 = PCURVE('',#2966,#6584);
#6584 = DEFINITIONAL_REPRESENTATION('',(#6585),#6589);
#6585 = LINE('',#6586,#6587);
#6586 = CARTESIAN_POINT('',(0.,0.));
#6587 = VECTOR('',#6588,1.);
#6588 = DIRECTION('',(1.,0.));
#6589 = ( GEOMETRIC_REPRESENTATION_CONTEXT(2) 
PARAMETRIC_REPRESENTATION_CONTEXT() REPRESENTATION_CONTEXT('2D SPACE',''
  ) );
#6590 = PCURVE('',#4144,#6591);
#6591 = DEFINITIONAL_REPRESENTATION('',(#6592),#6595);
#6592 = B_SPLINE_CURVE_WITH_KNOTS('',1,(#6593,#6594),.UNSPECIFIED.,.F.,
  .F.,(2,2),(0.,0.55),.PIECEWISE_BEZIER_KNOTS.);
#6593 = CARTESIAN_POINT('',(-0.275,-0.245045206381));
#6594 = CARTESIAN_POINT('',(0.275,-0.245045206381));
#6595 = ( GEOMETRIC_REPRESENTATION_CONTEXT(2) 
PARAMETRIC_REPRESENTATION_CONTEXT() REPRESENTATION_CONTEXT('2D SPACE',''
  ) );
#6596 = ORIENTED_EDGE('',*,*,#1216,.T.);
#6597 = ORIENTED_EDGE('',*,*,#6598,.F.);
#6598 = EDGE_CURVE('',#5959,#1219,#6599,.T.);
#6599 = SURFACE_CURVE('',#6600,(#6603,#6610),.PCURVE_S1.);
#6600 = B_SPLINE_CURVE_WITH_KNOTS('',1,(#6601,#6602),.UNSPECIFIED.,.F.,
  .F.,(2,2),(0.,0.55),.PIECEWISE_BEZIER_KNOTS.);
#6601 = CARTESIAN_POINT('',(1.033739106574,3.181521826943,
    81.775000017454));
#6602 = CARTESIAN_POINT('',(1.033739096111,3.181521794738,
    81.225000017454));
#6603 = PCURVE('',#2966,#6604);
#6604 = DEFINITIONAL_REPRESENTATION('',(#6605),#6609);
#6605 = LINE('',#6606,#6607);
#6606 = CARTESIAN_POINT('',(0.,417.69197068273));
#6607 = VECTOR('',#6608,1.);
#6608 = DIRECTION('',(1.,0.));
#6609 = ( GEOMETRIC_REPRESENTATION_CONTEXT(2) 
PARAMETRIC_REPRESENTATION_CONTEXT() REPRESENTATION_CONTEXT('2D SPACE',''
  ) );
#6610 = PCURVE('',#5922,#6611);
#6611 = DEFINITIONAL_REPRESENTATION('',(#6612),#6615);
#6612 = B_SPLINE_CURVE_WITH_KNOTS('',1,(#6613,#6614),.UNSPECIFIED.,.F.,
  .F.,(2,2),(0.,0.55),.PIECEWISE_BEZIER_KNOTS.);
#6613 = CARTESIAN_POINT('',(-0.245045189451,0.275000015087));
#6614 = CARTESIAN_POINT('',(-0.245045223312,-0.274999984913));
#6615 = ( GEOMETRIC_REPRESENTATION_CONTEXT(2) 
PARAMETRIC_REPRESENTATION_CONTEXT() REPRESENTATION_CONTEXT('2D SPACE',''
  ) );
#6616 = ADVANCED_FACE('',(#6617),#4144,.T.);
#6617 = FACE_BOUND('',#6618,.T.);
#6618 = EDGE_LOOP('',(#6619,#6620,#6621));
#6619 = ORIENTED_EDGE('',*,*,#4129,.T.);
#6620 = ORIENTED_EDGE('',*,*,#5937,.T.);
#6621 = ORIENTED_EDGE('',*,*,#6578,.T.);
#6622 = ADVANCED_FACE('',(#6623),#5922,.F.);
#6623 = FACE_BOUND('',#6624,.F.);
#6624 = EDGE_LOOP('',(#6625,#6626,#6627));
#6625 = ORIENTED_EDGE('',*,*,#5909,.T.);
#6626 = ORIENTED_EDGE('',*,*,#6555,.T.);
#6627 = ORIENTED_EDGE('',*,*,#6598,.T.);
#6628 = ( GEOMETRIC_REPRESENTATION_CONTEXT(3) 
GLOBAL_UNCERTAINTY_ASSIGNED_CONTEXT((#6632)) 
GLOBAL_UNIT_ASSIGNED_CONTEXT((#6629,#6630,#6631)) REPRESENTATION_CONTEXT
('Context #1','3D Context with UNIT and UNCERTAINTY') );
#6629 = ( LENGTH_UNIT() NAMED_UNIT(*) SI_UNIT(.MILLI.,.METRE.) );
#6630 = ( NAMED_UNIT(*) PLANE_ANGLE_UNIT() SI_UNIT($,.RADIAN.) );
#6631 = ( NAMED_UNIT(*) SI_UNIT($,.STERADIAN.) SOLID_ANGLE_UNIT() );
#6632 = UNCERTAINTY_MEASURE_WITH_UNIT(LENGTH_MEASURE(5.E-05),#6629,
  'distance_accuracy_value','confusion accuracy');
#6633 = CONTEXT_DEPENDENT_SHAPE_REPRESENTATION(#6634,#6636);
#6634 = ( REPRESENTATION_RELATIONSHIP('','',#1209,#10) 
REPRESENTATION_RELATIONSHIP_WITH_TRANSFORMATION(#6635) 
SHAPE_REPRESENTATION_RELATIONSHIP() );
#6635 = ITEM_DEFINED_TRANSFORMATION('','',#11,#19);
#6636 = PRODUCT_DEFINITION_SHAPE('Placement','Placement of an item',
  #6637);
#6637 = NEXT_ASSEMBLY_USAGE_OCCURRENCE('10','','',#5,#1204,$);
#6638 = PRODUCT_RELATED_PRODUCT_CATEGORY('part',$,(#1206));
ENDSEC;
END-ISO-10303-21;
