ISO-10303-21;
HEADER;
FILE_DESCRIPTION(('Open CASCADE Model'),'2;1');
FILE_NAME('Open CASCADE Shape Model','2026-08-17T03:09:55',('Author'),(
    'Open CASCADE'),'Open CASCADE STEP processor 7.9','Open CASCADE 7.9'
  ,'Unknown');
FILE_SCHEMA(('AUTOMOTIVE_DESIGN { 1 0 10303 214 1 1 1 1 }'));
ENDSEC;
DATA;
#1 = APPLICATION_PROTOCOL_DEFINITION('international standard',
  'automotive_design',2000,#2);
#2 = APPLICATION_CONTEXT(
  'core data for automotive mechanical design processes');
#3 = SHAPE_DEFINITION_REPRESENTATION(#4,#10);
#4 = PRODUCT_DEFINITION_SHAPE('','',#5);
#5 = PRODUCT_DEFINITION('design','',#6,#9);
#6 = PRODUCT_DEFINITION_FORMATION('','',#7);
#7 = PRODUCT('Open CASCADE STEP translator 7.9 6',
  'Open CASCADE STEP translator 7.9 6','',(#8));
#8 = PRODUCT_CONTEXT('',#2,'mechanical');
#9 = PRODUCT_DEFINITION_CONTEXT('part definition',#2,'design');
#10 = SHAPE_REPRESENTATION('',(#11,#15,#19),#23);
#11 = AXIS2_PLACEMENT_3D('',#12,#13,#14);
#12 = CARTESIAN_POINT('',(0.,0.,0.));
#13 = DIRECTION('',(0.,0.,1.));
#14 = DIRECTION('',(1.,0.,-0.));
#15 = AXIS2_PLACEMENT_3D('',#16,#17,#18);
#16 = CARTESIAN_POINT('',(0.,0.,0.));
#17 = DIRECTION('',(0.,0.,1.));
#18 = DIRECTION('',(1.,0.,-0.));
#19 = AXIS2_PLACEMENT_3D('',#20,#21,#22);
#20 = CARTESIAN_POINT('',(0.,0.,0.));
#21 = DIRECTION('',(0.,0.,1.));
#22 = DIRECTION('',(1.,0.,-0.));
#23 = ( GEOMETRIC_REPRESENTATION_CONTEXT(3) 
GLOBAL_UNCERTAINTY_ASSIGNED_CONTEXT((#27)) GLOBAL_UNIT_ASSIGNED_CONTEXT(
(#24,#25,#26)) REPRESENTATION_CONTEXT('Context #1',
  '3D Context with UNIT and UNCERTAINTY') );
#24 = ( LENGTH_UNIT() NAMED_UNIT(*) SI_UNIT(.MILLI.,.METRE.) );
#25 = ( NAMED_UNIT(*) PLANE_ANGLE_UNIT() SI_UNIT($,.RADIAN.) );
#26 = ( NAMED_UNIT(*) SI_UNIT($,.STERADIAN.) SOLID_ANGLE_UNIT() );
#27 = UNCERTAINTY_MEASURE_WITH_UNIT(LENGTH_MEASURE(1.E-05),#24,
  'distance_accuracy_value','confusion accuracy');
#28 = PRODUCT_RELATED_PRODUCT_CATEGORY('part',$,(#7));
#29 = SHAPE_DEFINITION_REPRESENTATION(#30,#36);
#30 = PRODUCT_DEFINITION_SHAPE('','',#31);
#31 = PRODUCT_DEFINITION('design','',#32,#35);
#32 = PRODUCT_DEFINITION_FORMATION('','',#33);
#33 = PRODUCT('Open CASCADE STEP translator 7.9 6.1',
  'Open CASCADE STEP translator 7.9 6.1','',(#34));
#34 = PRODUCT_CONTEXT('',#2,'mechanical');
#35 = PRODUCT_DEFINITION_CONTEXT('part definition',#2,'design');
#36 = ADVANCED_BREP_SHAPE_REPRESENTATION('',(#11,#37),#1191);
#37 = MANIFOLD_SOLID_BREP('',#38);
#38 = CLOSED_SHELL('',(#39,#424,#500,#554,#604,#653,#702,#752,#802,#851,
    #900,#950,#1000,#1027,#1082,#1097,#1132,#1187));
#39 = ADVANCED_FACE('',(#40,#393),#54,.T.);
#40 = FACE_BOUND('',#41,.T.);
#41 = EDGE_LOOP('',(#42,#77,#110,#138,#167,#195,#224,#252,#281,#309,#338
    ,#366));
#42 = ORIENTED_EDGE('',*,*,#43,.F.);
#43 = EDGE_CURVE('',#44,#46,#48,.T.);
#44 = VERTEX_POINT('',#45);
#45 = CARTESIAN_POINT('',(13.755370163443,0.175,105.2));
#46 = VERTEX_POINT('',#47);
#47 = CARTESIAN_POINT('',(7.029239527384,11.825,105.2));
#48 = SURFACE_CURVE('',#49,(#53,#65),.PCURVE_S1.);
#49 = LINE('',#50,#51);
#50 = CARTESIAN_POINT('',(13.856406460551,0.,105.2));
#51 = VECTOR('',#52,1.);
#52 = DIRECTION('',(-0.5,0.866025403784,0.));
#53 = PCURVE('',#54,#59);
#54 = PLANE('',#55);
#55 = AXIS2_PLACEMENT_3D('',#56,#57,#58);
#56 = CARTESIAN_POINT('',(-7.29301404021E-16,1.169780044473E-16,105.2));
#57 = DIRECTION('',(0.,0.,1.));
#58 = DIRECTION('',(1.,0.,-0.));
#59 = DEFINITIONAL_REPRESENTATION('',(#60),#64);
#60 = LINE('',#61,#62);
#61 = CARTESIAN_POINT('',(13.856406460551,-1.169780044473E-16));
#62 = VECTOR('',#63,1.);
#63 = DIRECTION('',(-0.5,0.866025403784));
#64 = ( GEOMETRIC_REPRESENTATION_CONTEXT(2) 
PARAMETRIC_REPRESENTATION_CONTEXT() REPRESENTATION_CONTEXT('2D SPACE',''
  ) );
#65 = PCURVE('',#66,#71);
#66 = PLANE('',#67);
#67 = AXIS2_PLACEMENT_3D('',#68,#69,#70);
#68 = CARTESIAN_POINT('',(13.856406460551,0.,105.2));
#69 = DIRECTION('',(-0.866025403784,-0.5,0.));
#70 = DIRECTION('',(-0.5,0.866025403784,0.));
#71 = DEFINITIONAL_REPRESENTATION('',(#72),#76);
#72 = LINE('',#73,#74);
#73 = CARTESIAN_POINT('',(0.,0.));
#74 = VECTOR('',#75,1.);
#75 = DIRECTION('',(1.,0.));
#76 = ( GEOMETRIC_REPRESENTATION_CONTEXT(2) 
PARAMETRIC_REPRESENTATION_CONTEXT() REPRESENTATION_CONTEXT('2D SPACE',''
  ) );
#77 = ORIENTED_EDGE('',*,*,#78,.T.);
#78 = EDGE_CURVE('',#44,#79,#81,.T.);
#79 = VERTEX_POINT('',#80);
#80 = CARTESIAN_POINT('',(13.755370163443,-0.175,105.2));
#81 = SURFACE_CURVE('',#82,(#87,#98),.PCURVE_S1.);
#82 = CIRCLE('',#83,0.35);
#83 = AXIS2_PLACEMENT_3D('',#84,#85,#86);
#84 = CARTESIAN_POINT('',(13.452261272118,9.066821367772E-17,105.2));
#85 = DIRECTION('',(-0.,-0.,-1.));
#86 = DIRECTION('',(0.,-1.,0.));
#87 = PCURVE('',#54,#88);
#88 = DEFINITIONAL_REPRESENTATION('',(#89),#97);
#89 = ( BOUNDED_CURVE() B_SPLINE_CURVE(2,(#90,#91,#92,#93,#94,#95,#96),
.UNSPECIFIED.,.T.,.F.) B_SPLINE_CURVE_WITH_KNOTS((1,2,2,2,2,1),(
    -2.094395102393,0.,2.094395102393,4.188790204786,6.28318530718,
8.377580409573),.UNSPECIFIED.) CURVE() GEOMETRIC_REPRESENTATION_ITEM() 
RATIONAL_B_SPLINE_CURVE((1.,0.5,1.,0.5,1.,0.5,1.)) REPRESENTATION_ITEM(
  '') );
#90 = CARTESIAN_POINT('',(13.452261272118,-0.35));
#91 = CARTESIAN_POINT('',(12.846043489469,-0.35));
#92 = CARTESIAN_POINT('',(13.149152380794,0.175));
#93 = CARTESIAN_POINT('',(13.452261272118,0.7));
#94 = CARTESIAN_POINT('',(13.755370163443,0.175));
#95 = CARTESIAN_POINT('',(14.058479054767,-0.35));
#96 = CARTESIAN_POINT('',(13.452261272118,-0.35));
#97 = ( GEOMETRIC_REPRESENTATION_CONTEXT(2) 
PARAMETRIC_REPRESENTATION_CONTEXT() REPRESENTATION_CONTEXT('2D SPACE',''
  ) );
#98 = PCURVE('',#99,#104);
#99 = CYLINDRICAL_SURFACE('',#100,0.35);
#100 = AXIS2_PLACEMENT_3D('',#101,#102,#103);
#101 = CARTESIAN_POINT('',(13.452261272118,9.066821367772E-17,105.2));
#102 = DIRECTION('',(0.,0.,1.));
#103 = DIRECTION('',(0.866025403784,0.5,-0.));
#104 = DEFINITIONAL_REPRESENTATION('',(#105),#109);
#105 = LINE('',#106,#107);
#106 = CARTESIAN_POINT('',(4.188790204786,-0.));
#107 = VECTOR('',#108,1.);
#108 = DIRECTION('',(-1.,0.));
#109 = ( GEOMETRIC_REPRESENTATION_CONTEXT(2) 
PARAMETRIC_REPRESENTATION_CONTEXT() REPRESENTATION_CONTEXT('2D SPACE',''
  ) );
#110 = ORIENTED_EDGE('',*,*,#111,.F.);
#111 = EDGE_CURVE('',#112,#79,#114,.T.);
#112 = VERTEX_POINT('',#113);
#113 = CARTESIAN_POINT('',(7.029239527384,-11.825,105.2));
#114 = SURFACE_CURVE('',#115,(#119,#126),.PCURVE_S1.);
#115 = LINE('',#116,#117);
#116 = CARTESIAN_POINT('',(6.928203230275,-12.,105.2));
#117 = VECTOR('',#118,1.);
#118 = DIRECTION('',(0.5,0.866025403784,0.));
#119 = PCURVE('',#54,#120);
#120 = DEFINITIONAL_REPRESENTATION('',(#121),#125);
#121 = LINE('',#122,#123);
#122 = CARTESIAN_POINT('',(6.928203230276,-12.));
#123 = VECTOR('',#124,1.);
#124 = DIRECTION('',(0.5,0.866025403784));
#125 = ( GEOMETRIC_REPRESENTATION_CONTEXT(2) 
PARAMETRIC_REPRESENTATION_CONTEXT() REPRESENTATION_CONTEXT('2D SPACE',''
  ) );
#126 = PCURVE('',#127,#132);
#127 = PLANE('',#128);
#128 = AXIS2_PLACEMENT_3D('',#129,#130,#131);
#129 = CARTESIAN_POINT('',(6.928203230275,-12.,105.2));
#130 = DIRECTION('',(-0.866025403784,0.5,0.));
#131 = DIRECTION('',(0.5,0.866025403784,0.));
#132 = DEFINITIONAL_REPRESENTATION('',(#133),#137);
#133 = LINE('',#134,#135);
#134 = CARTESIAN_POINT('',(0.,0.));
#135 = VECTOR('',#136,1.);
#136 = DIRECTION('',(1.,0.));
#137 = ( GEOMETRIC_REPRESENTATION_CONTEXT(2) 
PARAMETRIC_REPRESENTATION_CONTEXT() REPRESENTATION_CONTEXT('2D SPACE',''
  ) );
#138 = ORIENTED_EDGE('',*,*,#139,.F.);
#139 = EDGE_CURVE('',#140,#112,#142,.T.);
#140 = VERTEX_POINT('',#141);
#141 = CARTESIAN_POINT('',(6.726130636059,-12.,105.2));
#142 = SURFACE_CURVE('',#143,(#148,#155),.PCURVE_S1.);
#143 = CIRCLE('',#144,0.35);
#144 = AXIS2_PLACEMENT_3D('',#145,#146,#147);
#145 = CARTESIAN_POINT('',(6.726130636059,-11.65,105.2));
#146 = DIRECTION('',(0.,0.,1.));
#147 = DIRECTION('',(0.,-1.,0.));
#148 = PCURVE('',#54,#149);
#149 = DEFINITIONAL_REPRESENTATION('',(#150),#154);
#150 = CIRCLE('',#151,0.35);
#151 = AXIS2_PLACEMENT_2D('',#152,#153);
#152 = CARTESIAN_POINT('',(6.726130636059,-11.65));
#153 = DIRECTION('',(0.,-1.));
#154 = ( GEOMETRIC_REPRESENTATION_CONTEXT(2) 
PARAMETRIC_REPRESENTATION_CONTEXT() REPRESENTATION_CONTEXT('2D SPACE',''
  ) );
#155 = PCURVE('',#156,#161);
#156 = CYLINDRICAL_SURFACE('',#157,0.35);
#157 = AXIS2_PLACEMENT_3D('',#158,#159,#160);
#158 = CARTESIAN_POINT('',(6.726130636059,-11.65,105.2));
#159 = DIRECTION('',(0.,0.,1.));
#160 = DIRECTION('',(-7.691850745534E-16,-1.,0.));
#161 = DEFINITIONAL_REPRESENTATION('',(#162),#166);
#162 = LINE('',#163,#164);
#163 = CARTESIAN_POINT('',(7.691850745534E-16,0.));
#164 = VECTOR('',#165,1.);
#165 = DIRECTION('',(1.,0.));
#166 = ( GEOMETRIC_REPRESENTATION_CONTEXT(2) 
PARAMETRIC_REPRESENTATION_CONTEXT() REPRESENTATION_CONTEXT('2D SPACE',''
  ) );
#167 = ORIENTED_EDGE('',*,*,#168,.F.);
#168 = EDGE_CURVE('',#169,#140,#171,.T.);
#169 = VERTEX_POINT('',#170);
#170 = CARTESIAN_POINT('',(-6.726130636059,-12.,105.2));
#171 = SURFACE_CURVE('',#172,(#176,#183),.PCURVE_S1.);
#172 = LINE('',#173,#174);
#173 = CARTESIAN_POINT('',(-6.928203230276,-12.,105.2));
#174 = VECTOR('',#175,1.);
#175 = DIRECTION('',(1.,-7.691850745534E-16,0.));
#176 = PCURVE('',#54,#177);
#177 = DEFINITIONAL_REPRESENTATION('',(#178),#182);
#178 = LINE('',#179,#180);
#179 = CARTESIAN_POINT('',(-6.928203230276,-12.));
#180 = VECTOR('',#181,1.);
#181 = DIRECTION('',(1.,-7.691850745534E-16));
#182 = ( GEOMETRIC_REPRESENTATION_CONTEXT(2) 
PARAMETRIC_REPRESENTATION_CONTEXT() REPRESENTATION_CONTEXT('2D SPACE',''
  ) );
#183 = PCURVE('',#184,#189);
#184 = PLANE('',#185);
#185 = AXIS2_PLACEMENT_3D('',#186,#187,#188);
#186 = CARTESIAN_POINT('',(-6.928203230276,-12.,105.2));
#187 = DIRECTION('',(7.691850745534E-16,1.,-0.));
#188 = DIRECTION('',(1.,-7.691850745534E-16,0.));
#189 = DEFINITIONAL_REPRESENTATION('',(#190),#194);
#190 = LINE('',#191,#192);
#191 = CARTESIAN_POINT('',(0.,0.));
#192 = VECTOR('',#193,1.);
#193 = DIRECTION('',(1.,0.));
#194 = ( GEOMETRIC_REPRESENTATION_CONTEXT(2) 
PARAMETRIC_REPRESENTATION_CONTEXT() REPRESENTATION_CONTEXT('2D SPACE',''
  ) );
#195 = ORIENTED_EDGE('',*,*,#196,.F.);
#196 = EDGE_CURVE('',#197,#169,#199,.T.);
#197 = VERTEX_POINT('',#198);
#198 = CARTESIAN_POINT('',(-7.029239527384,-11.825,105.2));
#199 = SURFACE_CURVE('',#200,(#205,#212),.PCURVE_S1.);
#200 = CIRCLE('',#201,0.35);
#201 = AXIS2_PLACEMENT_3D('',#202,#203,#204);
#202 = CARTESIAN_POINT('',(-6.726130636059,-11.65,105.2));
#203 = DIRECTION('',(0.,0.,1.));
#204 = DIRECTION('',(0.,-1.,0.));
#205 = PCURVE('',#54,#206);
#206 = DEFINITIONAL_REPRESENTATION('',(#207),#211);
#207 = CIRCLE('',#208,0.35);
#208 = AXIS2_PLACEMENT_2D('',#209,#210);
#209 = CARTESIAN_POINT('',(-6.726130636059,-11.65));
#210 = DIRECTION('',(0.,-1.));
#211 = ( GEOMETRIC_REPRESENTATION_CONTEXT(2) 
PARAMETRIC_REPRESENTATION_CONTEXT() REPRESENTATION_CONTEXT('2D SPACE',''
  ) );
#212 = PCURVE('',#213,#218);
#213 = CYLINDRICAL_SURFACE('',#214,0.35);
#214 = AXIS2_PLACEMENT_3D('',#215,#216,#217);
#215 = CARTESIAN_POINT('',(-6.726130636059,-11.65,105.2));
#216 = DIRECTION('',(0.,0.,1.));
#217 = DIRECTION('',(-0.866025403784,-0.5,0.));
#218 = DEFINITIONAL_REPRESENTATION('',(#219),#223);
#219 = LINE('',#220,#221);
#220 = CARTESIAN_POINT('',(-5.235987755983,0.));
#221 = VECTOR('',#222,1.);
#222 = DIRECTION('',(1.,0.));
#223 = ( GEOMETRIC_REPRESENTATION_CONTEXT(2) 
PARAMETRIC_REPRESENTATION_CONTEXT() REPRESENTATION_CONTEXT('2D SPACE',''
  ) );
#224 = ORIENTED_EDGE('',*,*,#225,.F.);
#225 = EDGE_CURVE('',#226,#197,#228,.T.);
#226 = VERTEX_POINT('',#227);
#227 = CARTESIAN_POINT('',(-13.75537016344,-0.175,105.2));
#228 = SURFACE_CURVE('',#229,(#233,#240),.PCURVE_S1.);
#229 = LINE('',#230,#231);
#230 = CARTESIAN_POINT('',(-13.85640646055,1.69692038196E-15,105.2));
#231 = VECTOR('',#232,1.);
#232 = DIRECTION('',(0.5,-0.866025403784,0.));
#233 = PCURVE('',#54,#234);
#234 = DEFINITIONAL_REPRESENTATION('',(#235),#239);
#235 = LINE('',#236,#237);
#236 = CARTESIAN_POINT('',(-13.85640646055,1.579942377513E-15));
#237 = VECTOR('',#238,1.);
#238 = DIRECTION('',(0.5,-0.866025403784));
#239 = ( GEOMETRIC_REPRESENTATION_CONTEXT(2) 
PARAMETRIC_REPRESENTATION_CONTEXT() REPRESENTATION_CONTEXT('2D SPACE',''
  ) );
#240 = PCURVE('',#241,#246);
#241 = PLANE('',#242);
#242 = AXIS2_PLACEMENT_3D('',#243,#244,#245);
#243 = CARTESIAN_POINT('',(-13.85640646055,1.69692038196E-15,105.2));
#244 = DIRECTION('',(0.866025403784,0.5,-0.));
#245 = DIRECTION('',(0.5,-0.866025403784,0.));
#246 = DEFINITIONAL_REPRESENTATION('',(#247),#251);
#247 = LINE('',#248,#249);
#248 = CARTESIAN_POINT('',(0.,0.));
#249 = VECTOR('',#250,1.);
#250 = DIRECTION('',(1.,0.));
#251 = ( GEOMETRIC_REPRESENTATION_CONTEXT(2) 
PARAMETRIC_REPRESENTATION_CONTEXT() REPRESENTATION_CONTEXT('2D SPACE',''
  ) );
#252 = ORIENTED_EDGE('',*,*,#253,.F.);
#253 = EDGE_CURVE('',#254,#226,#256,.T.);
#254 = VERTEX_POINT('',#255);
#255 = CARTESIAN_POINT('',(-13.75537016344,0.175,105.2));
#256 = SURFACE_CURVE('',#257,(#262,#269),.PCURVE_S1.);
#257 = CIRCLE('',#258,0.35);
#258 = AXIS2_PLACEMENT_3D('',#259,#260,#261);
#259 = CARTESIAN_POINT('',(-13.45226127211,1.620065193094E-15,105.2));
#260 = DIRECTION('',(0.,0.,1.));
#261 = DIRECTION('',(0.,-1.,0.));
#262 = PCURVE('',#54,#263);
#263 = DEFINITIONAL_REPRESENTATION('',(#264),#268);
#264 = CIRCLE('',#265,0.35);
#265 = AXIS2_PLACEMENT_2D('',#266,#267);
#266 = CARTESIAN_POINT('',(-13.45226127211,1.503087188647E-15));
#267 = DIRECTION('',(0.,-1.));
#268 = ( GEOMETRIC_REPRESENTATION_CONTEXT(2) 
PARAMETRIC_REPRESENTATION_CONTEXT() REPRESENTATION_CONTEXT('2D SPACE',''
  ) );
#269 = PCURVE('',#270,#275);
#270 = CYLINDRICAL_SURFACE('',#271,0.35);
#271 = AXIS2_PLACEMENT_3D('',#272,#273,#274);
#272 = CARTESIAN_POINT('',(-13.45226127211,1.620065193094E-15,105.2));
#273 = DIRECTION('',(0.,0.,1.));
#274 = DIRECTION('',(-0.866025403784,0.5,0.));
#275 = DEFINITIONAL_REPRESENTATION('',(#276),#280);
#276 = LINE('',#277,#278);
#277 = CARTESIAN_POINT('',(-4.188790204786,0.));
#278 = VECTOR('',#279,1.);
#279 = DIRECTION('',(1.,0.));
#280 = ( GEOMETRIC_REPRESENTATION_CONTEXT(2) 
PARAMETRIC_REPRESENTATION_CONTEXT() REPRESENTATION_CONTEXT('2D SPACE',''
  ) );
#281 = ORIENTED_EDGE('',*,*,#282,.F.);
#282 = EDGE_CURVE('',#283,#254,#285,.T.);
#283 = VERTEX_POINT('',#284);
#284 = CARTESIAN_POINT('',(-7.029239527384,11.825,105.2));
#285 = SURFACE_CURVE('',#286,(#290,#297),.PCURVE_S1.);
#286 = LINE('',#287,#288);
#287 = CARTESIAN_POINT('',(-6.928203230276,12.,105.2));
#288 = VECTOR('',#289,1.);
#289 = DIRECTION('',(-0.5,-0.866025403784,0.));
#290 = PCURVE('',#54,#291);
#291 = DEFINITIONAL_REPRESENTATION('',(#292),#296);
#292 = LINE('',#293,#294);
#293 = CARTESIAN_POINT('',(-6.928203230276,12.));
#294 = VECTOR('',#295,1.);
#295 = DIRECTION('',(-0.5,-0.866025403784));
#296 = ( GEOMETRIC_REPRESENTATION_CONTEXT(2) 
PARAMETRIC_REPRESENTATION_CONTEXT() REPRESENTATION_CONTEXT('2D SPACE',''
  ) );
#297 = PCURVE('',#298,#303);
#298 = PLANE('',#299);
#299 = AXIS2_PLACEMENT_3D('',#300,#301,#302);
#300 = CARTESIAN_POINT('',(-6.928203230276,12.,105.2));
#301 = DIRECTION('',(0.866025403784,-0.5,0.));
#302 = DIRECTION('',(-0.5,-0.866025403784,0.));
#303 = DEFINITIONAL_REPRESENTATION('',(#304),#308);
#304 = LINE('',#305,#306);
#305 = CARTESIAN_POINT('',(0.,0.));
#306 = VECTOR('',#307,1.);
#307 = DIRECTION('',(1.,0.));
#308 = ( GEOMETRIC_REPRESENTATION_CONTEXT(2) 
PARAMETRIC_REPRESENTATION_CONTEXT() REPRESENTATION_CONTEXT('2D SPACE',''
  ) );
#309 = ORIENTED_EDGE('',*,*,#310,.F.);
#310 = EDGE_CURVE('',#311,#283,#313,.T.);
#311 = VERTEX_POINT('',#312);
#312 = CARTESIAN_POINT('',(-6.726130636059,12.,105.2));
#313 = SURFACE_CURVE('',#314,(#319,#326),.PCURVE_S1.);
#314 = CIRCLE('',#315,0.35);
#315 = AXIS2_PLACEMENT_3D('',#316,#317,#318);
#316 = CARTESIAN_POINT('',(-6.726130636059,11.65,105.2));
#317 = DIRECTION('',(0.,0.,1.));
#318 = DIRECTION('',(0.,-1.,0.));
#319 = PCURVE('',#54,#320);
#320 = DEFINITIONAL_REPRESENTATION('',(#321),#325);
#321 = CIRCLE('',#322,0.35);
#322 = AXIS2_PLACEMENT_2D('',#323,#324);
#323 = CARTESIAN_POINT('',(-6.726130636059,11.65));
#324 = DIRECTION('',(0.,-1.));
#325 = ( GEOMETRIC_REPRESENTATION_CONTEXT(2) 
PARAMETRIC_REPRESENTATION_CONTEXT() REPRESENTATION_CONTEXT('2D SPACE',''
  ) );
#326 = PCURVE('',#327,#332);
#327 = CYLINDRICAL_SURFACE('',#328,0.35);
#328 = AXIS2_PLACEMENT_3D('',#329,#330,#331);
#329 = CARTESIAN_POINT('',(-6.726130636059,11.65,105.2));
#330 = DIRECTION('',(0.,0.,1.));
#331 = DIRECTION('',(1.281975124256E-16,1.,-0.));
#332 = DEFINITIONAL_REPRESENTATION('',(#333),#337);
#333 = LINE('',#334,#335);
#334 = CARTESIAN_POINT('',(-3.14159265359,0.));
#335 = VECTOR('',#336,1.);
#336 = DIRECTION('',(1.,0.));
#337 = ( GEOMETRIC_REPRESENTATION_CONTEXT(2) 
PARAMETRIC_REPRESENTATION_CONTEXT() REPRESENTATION_CONTEXT('2D SPACE',''
  ) );
#338 = ORIENTED_EDGE('',*,*,#339,.F.);
#339 = EDGE_CURVE('',#340,#311,#342,.T.);
#340 = VERTEX_POINT('',#341);
#341 = CARTESIAN_POINT('',(6.726130636059,12.,105.2));
#342 = SURFACE_CURVE('',#343,(#347,#354),.PCURVE_S1.);
#343 = LINE('',#344,#345);
#344 = CARTESIAN_POINT('',(6.928203230276,12.,105.2));
#345 = VECTOR('',#346,1.);
#346 = DIRECTION('',(-1.,1.281975124256E-16,0.));
#347 = PCURVE('',#54,#348);
#348 = DEFINITIONAL_REPRESENTATION('',(#349),#353);
#349 = LINE('',#350,#351);
#350 = CARTESIAN_POINT('',(6.928203230276,12.));
#351 = VECTOR('',#352,1.);
#352 = DIRECTION('',(-1.,1.281975124256E-16));
#353 = ( GEOMETRIC_REPRESENTATION_CONTEXT(2) 
PARAMETRIC_REPRESENTATION_CONTEXT() REPRESENTATION_CONTEXT('2D SPACE',''
  ) );
#354 = PCURVE('',#355,#360);
#355 = PLANE('',#356);
#356 = AXIS2_PLACEMENT_3D('',#357,#358,#359);
#357 = CARTESIAN_POINT('',(6.928203230276,12.,105.2));
#358 = DIRECTION('',(-1.281975124256E-16,-1.,0.));
#359 = DIRECTION('',(-1.,1.281975124256E-16,0.));
#360 = DEFINITIONAL_REPRESENTATION('',(#361),#365);
#361 = LINE('',#362,#363);
#362 = CARTESIAN_POINT('',(0.,0.));
#363 = VECTOR('',#364,1.);
#364 = DIRECTION('',(1.,0.));
#365 = ( GEOMETRIC_REPRESENTATION_CONTEXT(2) 
PARAMETRIC_REPRESENTATION_CONTEXT() REPRESENTATION_CONTEXT('2D SPACE',''
  ) );
#366 = ORIENTED_EDGE('',*,*,#367,.F.);
#367 = EDGE_CURVE('',#46,#340,#368,.T.);
#368 = SURFACE_CURVE('',#369,(#374,#381),.PCURVE_S1.);
#369 = CIRCLE('',#370,0.35);
#370 = AXIS2_PLACEMENT_3D('',#371,#372,#373);
#371 = CARTESIAN_POINT('',(6.726130636059,11.65,105.2));
#372 = DIRECTION('',(0.,0.,1.));
#373 = DIRECTION('',(0.,-1.,0.));
#374 = PCURVE('',#54,#375);
#375 = DEFINITIONAL_REPRESENTATION('',(#376),#380);
#376 = CIRCLE('',#377,0.35);
#377 = AXIS2_PLACEMENT_2D('',#378,#379);
#378 = CARTESIAN_POINT('',(6.726130636059,11.65));
#379 = DIRECTION('',(0.,-1.));
#380 = ( GEOMETRIC_REPRESENTATION_CONTEXT(2) 
PARAMETRIC_REPRESENTATION_CONTEXT() REPRESENTATION_CONTEXT('2D SPACE',''
  ) );
#381 = PCURVE('',#382,#387);
#382 = CYLINDRICAL_SURFACE('',#383,0.35);
#383 = AXIS2_PLACEMENT_3D('',#384,#385,#386);
#384 = CARTESIAN_POINT('',(6.726130636059,11.65,105.2));
#385 = DIRECTION('',(0.,0.,1.));
#386 = DIRECTION('',(0.866025403784,0.5,-0.));
#387 = DEFINITIONAL_REPRESENTATION('',(#388),#392);
#388 = LINE('',#389,#390);
#389 = CARTESIAN_POINT('',(-2.094395102393,0.));
#390 = VECTOR('',#391,1.);
#391 = DIRECTION('',(1.,0.));
#392 = ( GEOMETRIC_REPRESENTATION_CONTEXT(2) 
PARAMETRIC_REPRESENTATION_CONTEXT() REPRESENTATION_CONTEXT('2D SPACE',''
  ) );
#393 = FACE_BOUND('',#394,.T.);
#394 = EDGE_LOOP('',(#395));
#395 = ORIENTED_EDGE('',*,*,#396,.T.);
#396 = EDGE_CURVE('',#397,#397,#399,.T.);
#397 = VERTEX_POINT('',#398);
#398 = CARTESIAN_POINT('',(15.,0.,105.2));
#399 = SURFACE_CURVE('',#400,(#405,#412),.PCURVE_S1.);
#400 = CIRCLE('',#401,15.);
#401 = AXIS2_PLACEMENT_3D('',#402,#403,#404);
#402 = CARTESIAN_POINT('',(0.,0.,105.2));
#403 = DIRECTION('',(0.,0.,1.));
#404 = DIRECTION('',(1.,0.,0.));
#405 = PCURVE('',#54,#406);
#406 = DEFINITIONAL_REPRESENTATION('',(#407),#411);
#407 = CIRCLE('',#408,15.);
#408 = AXIS2_PLACEMENT_2D('',#409,#410);
#409 = CARTESIAN_POINT('',(7.29301404021E-16,-1.169780044473E-16));
#410 = DIRECTION('',(1.,0.));
#411 = ( GEOMETRIC_REPRESENTATION_CONTEXT(2) 
PARAMETRIC_REPRESENTATION_CONTEXT() REPRESENTATION_CONTEXT('2D SPACE',''
  ) );
#412 = PCURVE('',#413,#418);
#413 = CYLINDRICAL_SURFACE('',#414,15.);
#414 = AXIS2_PLACEMENT_3D('',#415,#416,#417);
#415 = CARTESIAN_POINT('',(0.,0.,103.));
#416 = DIRECTION('',(-0.,-0.,-1.));
#417 = DIRECTION('',(1.,0.,0.));
#418 = DEFINITIONAL_REPRESENTATION('',(#419),#423);
#419 = LINE('',#420,#421);
#420 = CARTESIAN_POINT('',(-0.,-2.2));
#421 = VECTOR('',#422,1.);
#422 = DIRECTION('',(-1.,0.));
#423 = ( GEOMETRIC_REPRESENTATION_CONTEXT(2) 
PARAMETRIC_REPRESENTATION_CONTEXT() REPRESENTATION_CONTEXT('2D SPACE',''
  ) );
#424 = ADVANCED_FACE('',(#425),#66,.F.);
#425 = FACE_BOUND('',#426,.F.);
#426 = EDGE_LOOP('',(#427,#428,#451,#479));
#427 = ORIENTED_EDGE('',*,*,#43,.F.);
#428 = ORIENTED_EDGE('',*,*,#429,.T.);
#429 = EDGE_CURVE('',#44,#430,#432,.T.);
#430 = VERTEX_POINT('',#431);
#431 = CARTESIAN_POINT('',(13.755370163443,0.175,115.2));
#432 = SURFACE_CURVE('',#433,(#437,#444),.PCURVE_S1.);
#433 = LINE('',#434,#435);
#434 = CARTESIAN_POINT('',(13.755370163443,0.175,105.2));
#435 = VECTOR('',#436,1.);
#436 = DIRECTION('',(0.,0.,1.));
#437 = PCURVE('',#66,#438);
#438 = DEFINITIONAL_REPRESENTATION('',(#439),#443);
#439 = LINE('',#440,#441);
#440 = CARTESIAN_POINT('',(0.202072594216,0.));
#441 = VECTOR('',#442,1.);
#442 = DIRECTION('',(0.,-1.));
#443 = ( GEOMETRIC_REPRESENTATION_CONTEXT(2) 
PARAMETRIC_REPRESENTATION_CONTEXT() REPRESENTATION_CONTEXT('2D SPACE',''
  ) );
#444 = PCURVE('',#99,#445);
#445 = DEFINITIONAL_REPRESENTATION('',(#446),#450);
#446 = LINE('',#447,#448);
#447 = CARTESIAN_POINT('',(-0.,0.));
#448 = VECTOR('',#449,1.);
#449 = DIRECTION('',(-0.,1.));
#450 = ( GEOMETRIC_REPRESENTATION_CONTEXT(2) 
PARAMETRIC_REPRESENTATION_CONTEXT() REPRESENTATION_CONTEXT('2D SPACE',''
  ) );
#451 = ORIENTED_EDGE('',*,*,#452,.T.);
#452 = EDGE_CURVE('',#430,#453,#455,.T.);
#453 = VERTEX_POINT('',#454);
#454 = CARTESIAN_POINT('',(7.029239527384,11.825,115.2));
#455 = SURFACE_CURVE('',#456,(#460,#467),.PCURVE_S1.);
#456 = LINE('',#457,#458);
#457 = CARTESIAN_POINT('',(13.856406460551,0.,115.2));
#458 = VECTOR('',#459,1.);
#459 = DIRECTION('',(-0.5,0.866025403784,0.));
#460 = PCURVE('',#66,#461);
#461 = DEFINITIONAL_REPRESENTATION('',(#462),#466);
#462 = LINE('',#463,#464);
#463 = CARTESIAN_POINT('',(0.,-10.));
#464 = VECTOR('',#465,1.);
#465 = DIRECTION('',(1.,0.));
#466 = ( GEOMETRIC_REPRESENTATION_CONTEXT(2) 
PARAMETRIC_REPRESENTATION_CONTEXT() REPRESENTATION_CONTEXT('2D SPACE',''
  ) );
#467 = PCURVE('',#468,#473);
#468 = PLANE('',#469);
#469 = AXIS2_PLACEMENT_3D('',#470,#471,#472);
#470 = CARTESIAN_POINT('',(-3.418600331349E-16,-6.837200662697E-16,115.2
    ));
#471 = DIRECTION('',(0.,0.,1.));
#472 = DIRECTION('',(1.,0.,-0.));
#473 = DEFINITIONAL_REPRESENTATION('',(#474),#478);
#474 = LINE('',#475,#476);
#475 = CARTESIAN_POINT('',(13.856406460551,6.837200662697E-16));
#476 = VECTOR('',#477,1.);
#477 = DIRECTION('',(-0.5,0.866025403784));
#478 = ( GEOMETRIC_REPRESENTATION_CONTEXT(2) 
PARAMETRIC_REPRESENTATION_CONTEXT() REPRESENTATION_CONTEXT('2D SPACE',''
  ) );
#479 = ORIENTED_EDGE('',*,*,#480,.F.);
#480 = EDGE_CURVE('',#46,#453,#481,.T.);
#481 = SURFACE_CURVE('',#482,(#486,#493),.PCURVE_S1.);
#482 = LINE('',#483,#484);
#483 = CARTESIAN_POINT('',(7.029239527384,11.825,105.2));
#484 = VECTOR('',#485,1.);
#485 = DIRECTION('',(0.,0.,1.));
#486 = PCURVE('',#66,#487);
#487 = DEFINITIONAL_REPRESENTATION('',(#488),#492);
#488 = LINE('',#489,#490);
#489 = CARTESIAN_POINT('',(13.654333866335,0.));
#490 = VECTOR('',#491,1.);
#491 = DIRECTION('',(0.,-1.));
#492 = ( GEOMETRIC_REPRESENTATION_CONTEXT(2) 
PARAMETRIC_REPRESENTATION_CONTEXT() REPRESENTATION_CONTEXT('2D SPACE',''
  ) );
#493 = PCURVE('',#382,#494);
#494 = DEFINITIONAL_REPRESENTATION('',(#495),#499);
#495 = LINE('',#496,#497);
#496 = CARTESIAN_POINT('',(0.,0.));
#497 = VECTOR('',#498,1.);
#498 = DIRECTION('',(0.,1.));
#499 = ( GEOMETRIC_REPRESENTATION_CONTEXT(2) 
PARAMETRIC_REPRESENTATION_CONTEXT() REPRESENTATION_CONTEXT('2D SPACE',''
  ) );
#500 = ADVANCED_FACE('',(#501),#99,.T.);
#501 = FACE_BOUND('',#502,.F.);
#502 = EDGE_LOOP('',(#503,#504,#527,#553));
#503 = ORIENTED_EDGE('',*,*,#78,.T.);
#504 = ORIENTED_EDGE('',*,*,#505,.T.);
#505 = EDGE_CURVE('',#79,#506,#508,.T.);
#506 = VERTEX_POINT('',#507);
#507 = CARTESIAN_POINT('',(13.755370163443,-0.175,115.2));
#508 = SURFACE_CURVE('',#509,(#513,#520),.PCURVE_S1.);
#509 = LINE('',#510,#511);
#510 = CARTESIAN_POINT('',(13.755370163443,-0.175,105.2));
#511 = VECTOR('',#512,1.);
#512 = DIRECTION('',(0.,0.,1.));
#513 = PCURVE('',#99,#514);
#514 = DEFINITIONAL_REPRESENTATION('',(#515),#519);
#515 = LINE('',#516,#517);
#516 = CARTESIAN_POINT('',(-1.047197551197,0.));
#517 = VECTOR('',#518,1.);
#518 = DIRECTION('',(-0.,1.));
#519 = ( GEOMETRIC_REPRESENTATION_CONTEXT(2) 
PARAMETRIC_REPRESENTATION_CONTEXT() REPRESENTATION_CONTEXT('2D SPACE',''
  ) );
#520 = PCURVE('',#127,#521);
#521 = DEFINITIONAL_REPRESENTATION('',(#522),#526);
#522 = LINE('',#523,#524);
#523 = CARTESIAN_POINT('',(13.654333866335,0.));
#524 = VECTOR('',#525,1.);
#525 = DIRECTION('',(0.,-1.));
#526 = ( GEOMETRIC_REPRESENTATION_CONTEXT(2) 
PARAMETRIC_REPRESENTATION_CONTEXT() REPRESENTATION_CONTEXT('2D SPACE',''
  ) );
#527 = ORIENTED_EDGE('',*,*,#528,.F.);
#528 = EDGE_CURVE('',#430,#506,#529,.T.);
#529 = SURFACE_CURVE('',#530,(#535,#542),.PCURVE_S1.);
#530 = CIRCLE('',#531,0.35);
#531 = AXIS2_PLACEMENT_3D('',#532,#533,#534);
#532 = CARTESIAN_POINT('',(13.452261272118,9.066821367772E-17,115.2));
#533 = DIRECTION('',(-0.,-0.,-1.));
#534 = DIRECTION('',(0.,-1.,0.));
#535 = PCURVE('',#99,#536);
#536 = DEFINITIONAL_REPRESENTATION('',(#537),#541);
#537 = LINE('',#538,#539);
#538 = CARTESIAN_POINT('',(4.188790204786,10.));
#539 = VECTOR('',#540,1.);
#540 = DIRECTION('',(-1.,0.));
#541 = ( GEOMETRIC_REPRESENTATION_CONTEXT(2) 
PARAMETRIC_REPRESENTATION_CONTEXT() REPRESENTATION_CONTEXT('2D SPACE',''
  ) );
#542 = PCURVE('',#468,#543);
#543 = DEFINITIONAL_REPRESENTATION('',(#544),#552);
#544 = ( BOUNDED_CURVE() B_SPLINE_CURVE(2,(#545,#546,#547,#548,#549,#550
,#551),.UNSPECIFIED.,.T.,.F.) B_SPLINE_CURVE_WITH_KNOTS((1,2,2,2,2,1),(
    -2.094395102393,0.,2.094395102393,4.188790204786,6.28318530718,
8.377580409573),.UNSPECIFIED.) CURVE() GEOMETRIC_REPRESENTATION_ITEM() 
RATIONAL_B_SPLINE_CURVE((1.,0.5,1.,0.5,1.,0.5,1.)) REPRESENTATION_ITEM(
  '') );
#545 = CARTESIAN_POINT('',(13.452261272118,-0.35));
#546 = CARTESIAN_POINT('',(12.846043489469,-0.35));
#547 = CARTESIAN_POINT('',(13.149152380794,0.175));
#548 = CARTESIAN_POINT('',(13.452261272118,0.7));
#549 = CARTESIAN_POINT('',(13.755370163443,0.175));
#550 = CARTESIAN_POINT('',(14.058479054767,-0.35));
#551 = CARTESIAN_POINT('',(13.452261272118,-0.35));
#552 = ( GEOMETRIC_REPRESENTATION_CONTEXT(2) 
PARAMETRIC_REPRESENTATION_CONTEXT() REPRESENTATION_CONTEXT('2D SPACE',''
  ) );
#553 = ORIENTED_EDGE('',*,*,#429,.F.);
#554 = ADVANCED_FACE('',(#555),#382,.T.);
#555 = FACE_BOUND('',#556,.T.);
#556 = EDGE_LOOP('',(#557,#558,#581,#603));
#557 = ORIENTED_EDGE('',*,*,#367,.T.);
#558 = ORIENTED_EDGE('',*,*,#559,.T.);
#559 = EDGE_CURVE('',#340,#560,#562,.T.);
#560 = VERTEX_POINT('',#561);
#561 = CARTESIAN_POINT('',(6.726130636059,12.,115.2));
#562 = SURFACE_CURVE('',#563,(#567,#574),.PCURVE_S1.);
#563 = LINE('',#564,#565);
#564 = CARTESIAN_POINT('',(6.726130636059,12.,105.2));
#565 = VECTOR('',#566,1.);
#566 = DIRECTION('',(0.,0.,1.));
#567 = PCURVE('',#382,#568);
#568 = DEFINITIONAL_REPRESENTATION('',(#569),#573);
#569 = LINE('',#570,#571);
#570 = CARTESIAN_POINT('',(1.047197551197,0.));
#571 = VECTOR('',#572,1.);
#572 = DIRECTION('',(0.,1.));
#573 = ( GEOMETRIC_REPRESENTATION_CONTEXT(2) 
PARAMETRIC_REPRESENTATION_CONTEXT() REPRESENTATION_CONTEXT('2D SPACE',''
  ) );
#574 = PCURVE('',#355,#575);
#575 = DEFINITIONAL_REPRESENTATION('',(#576),#580);
#576 = LINE('',#577,#578);
#577 = CARTESIAN_POINT('',(0.202072594216,0.));
#578 = VECTOR('',#579,1.);
#579 = DIRECTION('',(0.,-1.));
#580 = ( GEOMETRIC_REPRESENTATION_CONTEXT(2) 
PARAMETRIC_REPRESENTATION_CONTEXT() REPRESENTATION_CONTEXT('2D SPACE',''
  ) );
#581 = ORIENTED_EDGE('',*,*,#582,.F.);
#582 = EDGE_CURVE('',#453,#560,#583,.T.);
#583 = SURFACE_CURVE('',#584,(#589,#596),.PCURVE_S1.);
#584 = CIRCLE('',#585,0.35);
#585 = AXIS2_PLACEMENT_3D('',#586,#587,#588);
#586 = CARTESIAN_POINT('',(6.726130636059,11.65,115.2));
#587 = DIRECTION('',(0.,0.,1.));
#588 = DIRECTION('',(0.,-1.,0.));
#589 = PCURVE('',#382,#590);
#590 = DEFINITIONAL_REPRESENTATION('',(#591),#595);
#591 = LINE('',#592,#593);
#592 = CARTESIAN_POINT('',(-2.094395102393,10.));
#593 = VECTOR('',#594,1.);
#594 = DIRECTION('',(1.,0.));
#595 = ( GEOMETRIC_REPRESENTATION_CONTEXT(2) 
PARAMETRIC_REPRESENTATION_CONTEXT() REPRESENTATION_CONTEXT('2D SPACE',''
  ) );
#596 = PCURVE('',#468,#597);
#597 = DEFINITIONAL_REPRESENTATION('',(#598),#602);
#598 = CIRCLE('',#599,0.35);
#599 = AXIS2_PLACEMENT_2D('',#600,#601);
#600 = CARTESIAN_POINT('',(6.726130636059,11.65));
#601 = DIRECTION('',(0.,-1.));
#602 = ( GEOMETRIC_REPRESENTATION_CONTEXT(2) 
PARAMETRIC_REPRESENTATION_CONTEXT() REPRESENTATION_CONTEXT('2D SPACE',''
  ) );
#603 = ORIENTED_EDGE('',*,*,#480,.F.);
#604 = ADVANCED_FACE('',(#605),#127,.F.);
#605 = FACE_BOUND('',#606,.F.);
#606 = EDGE_LOOP('',(#607,#608,#631,#652));
#607 = ORIENTED_EDGE('',*,*,#111,.F.);
#608 = ORIENTED_EDGE('',*,*,#609,.T.);
#609 = EDGE_CURVE('',#112,#610,#612,.T.);
#610 = VERTEX_POINT('',#611);
#611 = CARTESIAN_POINT('',(7.029239527384,-11.825,115.2));
#612 = SURFACE_CURVE('',#613,(#617,#624),.PCURVE_S1.);
#613 = LINE('',#614,#615);
#614 = CARTESIAN_POINT('',(7.029239527384,-11.825,105.2));
#615 = VECTOR('',#616,1.);
#616 = DIRECTION('',(0.,0.,1.));
#617 = PCURVE('',#127,#618);
#618 = DEFINITIONAL_REPRESENTATION('',(#619),#623);
#619 = LINE('',#620,#621);
#620 = CARTESIAN_POINT('',(0.202072594216,0.));
#621 = VECTOR('',#622,1.);
#622 = DIRECTION('',(0.,-1.));
#623 = ( GEOMETRIC_REPRESENTATION_CONTEXT(2) 
PARAMETRIC_REPRESENTATION_CONTEXT() REPRESENTATION_CONTEXT('2D SPACE',''
  ) );
#624 = PCURVE('',#156,#625);
#625 = DEFINITIONAL_REPRESENTATION('',(#626),#630);
#626 = LINE('',#627,#628);
#627 = CARTESIAN_POINT('',(1.047197551197,0.));
#628 = VECTOR('',#629,1.);
#629 = DIRECTION('',(0.,1.));
#630 = ( GEOMETRIC_REPRESENTATION_CONTEXT(2) 
PARAMETRIC_REPRESENTATION_CONTEXT() REPRESENTATION_CONTEXT('2D SPACE',''
  ) );
#631 = ORIENTED_EDGE('',*,*,#632,.T.);
#632 = EDGE_CURVE('',#610,#506,#633,.T.);
#633 = SURFACE_CURVE('',#634,(#638,#645),.PCURVE_S1.);
#634 = LINE('',#635,#636);
#635 = CARTESIAN_POINT('',(6.928203230275,-12.,115.2));
#636 = VECTOR('',#637,1.);
#637 = DIRECTION('',(0.5,0.866025403784,0.));
#638 = PCURVE('',#127,#639);
#639 = DEFINITIONAL_REPRESENTATION('',(#640),#644);
#640 = LINE('',#641,#642);
#641 = CARTESIAN_POINT('',(0.,-10.));
#642 = VECTOR('',#643,1.);
#643 = DIRECTION('',(1.,0.));
#644 = ( GEOMETRIC_REPRESENTATION_CONTEXT(2) 
PARAMETRIC_REPRESENTATION_CONTEXT() REPRESENTATION_CONTEXT('2D SPACE',''
  ) );
#645 = PCURVE('',#468,#646);
#646 = DEFINITIONAL_REPRESENTATION('',(#647),#651);
#647 = LINE('',#648,#649);
#648 = CARTESIAN_POINT('',(6.928203230275,-12.));
#649 = VECTOR('',#650,1.);
#650 = DIRECTION('',(0.5,0.866025403784));
#651 = ( GEOMETRIC_REPRESENTATION_CONTEXT(2) 
PARAMETRIC_REPRESENTATION_CONTEXT() REPRESENTATION_CONTEXT('2D SPACE',''
  ) );
#652 = ORIENTED_EDGE('',*,*,#505,.F.);
#653 = ADVANCED_FACE('',(#654),#355,.F.);
#654 = FACE_BOUND('',#655,.F.);
#655 = EDGE_LOOP('',(#656,#657,#658,#681));
#656 = ORIENTED_EDGE('',*,*,#339,.F.);
#657 = ORIENTED_EDGE('',*,*,#559,.T.);
#658 = ORIENTED_EDGE('',*,*,#659,.T.);
#659 = EDGE_CURVE('',#560,#660,#662,.T.);
#660 = VERTEX_POINT('',#661);
#661 = CARTESIAN_POINT('',(-6.726130636059,12.,115.2));
#662 = SURFACE_CURVE('',#663,(#667,#674),.PCURVE_S1.);
#663 = LINE('',#664,#665);
#664 = CARTESIAN_POINT('',(6.928203230276,12.,115.2));
#665 = VECTOR('',#666,1.);
#666 = DIRECTION('',(-1.,1.281975124256E-16,0.));
#667 = PCURVE('',#355,#668);
#668 = DEFINITIONAL_REPRESENTATION('',(#669),#673);
#669 = LINE('',#670,#671);
#670 = CARTESIAN_POINT('',(0.,-10.));
#671 = VECTOR('',#672,1.);
#672 = DIRECTION('',(1.,0.));
#673 = ( GEOMETRIC_REPRESENTATION_CONTEXT(2) 
PARAMETRIC_REPRESENTATION_CONTEXT() REPRESENTATION_CONTEXT('2D SPACE',''
  ) );
#674 = PCURVE('',#468,#675);
#675 = DEFINITIONAL_REPRESENTATION('',(#676),#680);
#676 = LINE('',#677,#678);
#677 = CARTESIAN_POINT('',(6.928203230276,12.));
#678 = VECTOR('',#679,1.);
#679 = DIRECTION('',(-1.,1.281975124256E-16));
#680 = ( GEOMETRIC_REPRESENTATION_CONTEXT(2) 
PARAMETRIC_REPRESENTATION_CONTEXT() REPRESENTATION_CONTEXT('2D SPACE',''
  ) );
#681 = ORIENTED_EDGE('',*,*,#682,.F.);
#682 = EDGE_CURVE('',#311,#660,#683,.T.);
#683 = SURFACE_CURVE('',#684,(#688,#695),.PCURVE_S1.);
#684 = LINE('',#685,#686);
#685 = CARTESIAN_POINT('',(-6.726130636059,12.,105.2));
#686 = VECTOR('',#687,1.);
#687 = DIRECTION('',(0.,0.,1.));
#688 = PCURVE('',#355,#689);
#689 = DEFINITIONAL_REPRESENTATION('',(#690),#694);
#690 = LINE('',#691,#692);
#691 = CARTESIAN_POINT('',(13.654333866335,0.));
#692 = VECTOR('',#693,1.);
#693 = DIRECTION('',(0.,-1.));
#694 = ( GEOMETRIC_REPRESENTATION_CONTEXT(2) 
PARAMETRIC_REPRESENTATION_CONTEXT() REPRESENTATION_CONTEXT('2D SPACE',''
  ) );
#695 = PCURVE('',#327,#696);
#696 = DEFINITIONAL_REPRESENTATION('',(#697),#701);
#697 = LINE('',#698,#699);
#698 = CARTESIAN_POINT('',(0.,0.));
#699 = VECTOR('',#700,1.);
#700 = DIRECTION('',(0.,1.));
#701 = ( GEOMETRIC_REPRESENTATION_CONTEXT(2) 
PARAMETRIC_REPRESENTATION_CONTEXT() REPRESENTATION_CONTEXT('2D SPACE',''
  ) );
#702 = ADVANCED_FACE('',(#703),#156,.T.);
#703 = FACE_BOUND('',#704,.T.);
#704 = EDGE_LOOP('',(#705,#706,#707,#731));
#705 = ORIENTED_EDGE('',*,*,#139,.T.);
#706 = ORIENTED_EDGE('',*,*,#609,.T.);
#707 = ORIENTED_EDGE('',*,*,#708,.F.);
#708 = EDGE_CURVE('',#709,#610,#711,.T.);
#709 = VERTEX_POINT('',#710);
#710 = CARTESIAN_POINT('',(6.726130636059,-12.,115.2));
#711 = SURFACE_CURVE('',#712,(#717,#724),.PCURVE_S1.);
#712 = CIRCLE('',#713,0.35);
#713 = AXIS2_PLACEMENT_3D('',#714,#715,#716);
#714 = CARTESIAN_POINT('',(6.726130636059,-11.65,115.2));
#715 = DIRECTION('',(0.,0.,1.));
#716 = DIRECTION('',(0.,-1.,0.));
#717 = PCURVE('',#156,#718);
#718 = DEFINITIONAL_REPRESENTATION('',(#719),#723);
#719 = LINE('',#720,#721);
#720 = CARTESIAN_POINT('',(7.691850745534E-16,10.));
#721 = VECTOR('',#722,1.);
#722 = DIRECTION('',(1.,0.));
#723 = ( GEOMETRIC_REPRESENTATION_CONTEXT(2) 
PARAMETRIC_REPRESENTATION_CONTEXT() REPRESENTATION_CONTEXT('2D SPACE',''
  ) );
#724 = PCURVE('',#468,#725);
#725 = DEFINITIONAL_REPRESENTATION('',(#726),#730);
#726 = CIRCLE('',#727,0.35);
#727 = AXIS2_PLACEMENT_2D('',#728,#729);
#728 = CARTESIAN_POINT('',(6.726130636059,-11.65));
#729 = DIRECTION('',(0.,-1.));
#730 = ( GEOMETRIC_REPRESENTATION_CONTEXT(2) 
PARAMETRIC_REPRESENTATION_CONTEXT() REPRESENTATION_CONTEXT('2D SPACE',''
  ) );
#731 = ORIENTED_EDGE('',*,*,#732,.F.);
#732 = EDGE_CURVE('',#140,#709,#733,.T.);
#733 = SURFACE_CURVE('',#734,(#738,#745),.PCURVE_S1.);
#734 = LINE('',#735,#736);
#735 = CARTESIAN_POINT('',(6.726130636059,-12.,105.2));
#736 = VECTOR('',#737,1.);
#737 = DIRECTION('',(0.,0.,1.));
#738 = PCURVE('',#156,#739);
#739 = DEFINITIONAL_REPRESENTATION('',(#740),#744);
#740 = LINE('',#741,#742);
#741 = CARTESIAN_POINT('',(0.,0.));
#742 = VECTOR('',#743,1.);
#743 = DIRECTION('',(0.,1.));
#744 = ( GEOMETRIC_REPRESENTATION_CONTEXT(2) 
PARAMETRIC_REPRESENTATION_CONTEXT() REPRESENTATION_CONTEXT('2D SPACE',''
  ) );
#745 = PCURVE('',#184,#746);
#746 = DEFINITIONAL_REPRESENTATION('',(#747),#751);
#747 = LINE('',#748,#749);
#748 = CARTESIAN_POINT('',(13.654333866335,0.));
#749 = VECTOR('',#750,1.);
#750 = DIRECTION('',(0.,-1.));
#751 = ( GEOMETRIC_REPRESENTATION_CONTEXT(2) 
PARAMETRIC_REPRESENTATION_CONTEXT() REPRESENTATION_CONTEXT('2D SPACE',''
  ) );
#752 = ADVANCED_FACE('',(#753),#327,.T.);
#753 = FACE_BOUND('',#754,.T.);
#754 = EDGE_LOOP('',(#755,#756,#779,#801));
#755 = ORIENTED_EDGE('',*,*,#310,.T.);
#756 = ORIENTED_EDGE('',*,*,#757,.T.);
#757 = EDGE_CURVE('',#283,#758,#760,.T.);
#758 = VERTEX_POINT('',#759);
#759 = CARTESIAN_POINT('',(-7.029239527384,11.825,115.2));
#760 = SURFACE_CURVE('',#761,(#765,#772),.PCURVE_S1.);
#761 = LINE('',#762,#763);
#762 = CARTESIAN_POINT('',(-7.029239527384,11.825,105.2));
#763 = VECTOR('',#764,1.);
#764 = DIRECTION('',(0.,0.,1.));
#765 = PCURVE('',#327,#766);
#766 = DEFINITIONAL_REPRESENTATION('',(#767),#771);
#767 = LINE('',#768,#769);
#768 = CARTESIAN_POINT('',(1.047197551197,0.));
#769 = VECTOR('',#770,1.);
#770 = DIRECTION('',(0.,1.));
#771 = ( GEOMETRIC_REPRESENTATION_CONTEXT(2) 
PARAMETRIC_REPRESENTATION_CONTEXT() REPRESENTATION_CONTEXT('2D SPACE',''
  ) );
#772 = PCURVE('',#298,#773);
#773 = DEFINITIONAL_REPRESENTATION('',(#774),#778);
#774 = LINE('',#775,#776);
#775 = CARTESIAN_POINT('',(0.202072594216,0.));
#776 = VECTOR('',#777,1.);
#777 = DIRECTION('',(0.,-1.));
#778 = ( GEOMETRIC_REPRESENTATION_CONTEXT(2) 
PARAMETRIC_REPRESENTATION_CONTEXT() REPRESENTATION_CONTEXT('2D SPACE',''
  ) );
#779 = ORIENTED_EDGE('',*,*,#780,.F.);
#780 = EDGE_CURVE('',#660,#758,#781,.T.);
#781 = SURFACE_CURVE('',#782,(#787,#794),.PCURVE_S1.);
#782 = CIRCLE('',#783,0.35);
#783 = AXIS2_PLACEMENT_3D('',#784,#785,#786);
#784 = CARTESIAN_POINT('',(-6.726130636059,11.65,115.2));
#785 = DIRECTION('',(0.,0.,1.));
#786 = DIRECTION('',(0.,-1.,0.));
#787 = PCURVE('',#327,#788);
#788 = DEFINITIONAL_REPRESENTATION('',(#789),#793);
#789 = LINE('',#790,#791);
#790 = CARTESIAN_POINT('',(-3.14159265359,10.));
#791 = VECTOR('',#792,1.);
#792 = DIRECTION('',(1.,0.));
#793 = ( GEOMETRIC_REPRESENTATION_CONTEXT(2) 
PARAMETRIC_REPRESENTATION_CONTEXT() REPRESENTATION_CONTEXT('2D SPACE',''
  ) );
#794 = PCURVE('',#468,#795);
#795 = DEFINITIONAL_REPRESENTATION('',(#796),#800);
#796 = CIRCLE('',#797,0.35);
#797 = AXIS2_PLACEMENT_2D('',#798,#799);
#798 = CARTESIAN_POINT('',(-6.726130636059,11.65));
#799 = DIRECTION('',(0.,-1.));
#800 = ( GEOMETRIC_REPRESENTATION_CONTEXT(2) 
PARAMETRIC_REPRESENTATION_CONTEXT() REPRESENTATION_CONTEXT('2D SPACE',''
  ) );
#801 = ORIENTED_EDGE('',*,*,#682,.F.);
#802 = ADVANCED_FACE('',(#803),#184,.F.);
#803 = FACE_BOUND('',#804,.F.);
#804 = EDGE_LOOP('',(#805,#806,#829,#850));
#805 = ORIENTED_EDGE('',*,*,#168,.F.);
#806 = ORIENTED_EDGE('',*,*,#807,.T.);
#807 = EDGE_CURVE('',#169,#808,#810,.T.);
#808 = VERTEX_POINT('',#809);
#809 = CARTESIAN_POINT('',(-6.726130636059,-12.,115.2));
#810 = SURFACE_CURVE('',#811,(#815,#822),.PCURVE_S1.);
#811 = LINE('',#812,#813);
#812 = CARTESIAN_POINT('',(-6.726130636059,-12.,105.2));
#813 = VECTOR('',#814,1.);
#814 = DIRECTION('',(0.,0.,1.));
#815 = PCURVE('',#184,#816);
#816 = DEFINITIONAL_REPRESENTATION('',(#817),#821);
#817 = LINE('',#818,#819);
#818 = CARTESIAN_POINT('',(0.202072594216,0.));
#819 = VECTOR('',#820,1.);
#820 = DIRECTION('',(0.,-1.));
#821 = ( GEOMETRIC_REPRESENTATION_CONTEXT(2) 
PARAMETRIC_REPRESENTATION_CONTEXT() REPRESENTATION_CONTEXT('2D SPACE',''
  ) );
#822 = PCURVE('',#213,#823);
#823 = DEFINITIONAL_REPRESENTATION('',(#824),#828);
#824 = LINE('',#825,#826);
#825 = CARTESIAN_POINT('',(1.047197551197,0.));
#826 = VECTOR('',#827,1.);
#827 = DIRECTION('',(0.,1.));
#828 = ( GEOMETRIC_REPRESENTATION_CONTEXT(2) 
PARAMETRIC_REPRESENTATION_CONTEXT() REPRESENTATION_CONTEXT('2D SPACE',''
  ) );
#829 = ORIENTED_EDGE('',*,*,#830,.T.);
#830 = EDGE_CURVE('',#808,#709,#831,.T.);
#831 = SURFACE_CURVE('',#832,(#836,#843),.PCURVE_S1.);
#832 = LINE('',#833,#834);
#833 = CARTESIAN_POINT('',(-6.928203230276,-12.,115.2));
#834 = VECTOR('',#835,1.);
#835 = DIRECTION('',(1.,-7.691850745534E-16,0.));
#836 = PCURVE('',#184,#837);
#837 = DEFINITIONAL_REPRESENTATION('',(#838),#842);
#838 = LINE('',#839,#840);
#839 = CARTESIAN_POINT('',(0.,-10.));
#840 = VECTOR('',#841,1.);
#841 = DIRECTION('',(1.,0.));
#842 = ( GEOMETRIC_REPRESENTATION_CONTEXT(2) 
PARAMETRIC_REPRESENTATION_CONTEXT() REPRESENTATION_CONTEXT('2D SPACE',''
  ) );
#843 = PCURVE('',#468,#844);
#844 = DEFINITIONAL_REPRESENTATION('',(#845),#849);
#845 = LINE('',#846,#847);
#846 = CARTESIAN_POINT('',(-6.928203230276,-12.));
#847 = VECTOR('',#848,1.);
#848 = DIRECTION('',(1.,-7.691850745534E-16));
#849 = ( GEOMETRIC_REPRESENTATION_CONTEXT(2) 
PARAMETRIC_REPRESENTATION_CONTEXT() REPRESENTATION_CONTEXT('2D SPACE',''
  ) );
#850 = ORIENTED_EDGE('',*,*,#732,.F.);
#851 = ADVANCED_FACE('',(#852),#298,.F.);
#852 = FACE_BOUND('',#853,.F.);
#853 = EDGE_LOOP('',(#854,#855,#856,#879));
#854 = ORIENTED_EDGE('',*,*,#282,.F.);
#855 = ORIENTED_EDGE('',*,*,#757,.T.);
#856 = ORIENTED_EDGE('',*,*,#857,.T.);
#857 = EDGE_CURVE('',#758,#858,#860,.T.);
#858 = VERTEX_POINT('',#859);
#859 = CARTESIAN_POINT('',(-13.75537016344,0.175,115.2));
#860 = SURFACE_CURVE('',#861,(#865,#872),.PCURVE_S1.);
#861 = LINE('',#862,#863);
#862 = CARTESIAN_POINT('',(-6.928203230276,12.,115.2));
#863 = VECTOR('',#864,1.);
#864 = DIRECTION('',(-0.5,-0.866025403784,0.));
#865 = PCURVE('',#298,#866);
#866 = DEFINITIONAL_REPRESENTATION('',(#867),#871);
#867 = LINE('',#868,#869);
#868 = CARTESIAN_POINT('',(0.,-10.));
#869 = VECTOR('',#870,1.);
#870 = DIRECTION('',(1.,0.));
#871 = ( GEOMETRIC_REPRESENTATION_CONTEXT(2) 
PARAMETRIC_REPRESENTATION_CONTEXT() REPRESENTATION_CONTEXT('2D SPACE',''
  ) );
#872 = PCURVE('',#468,#873);
#873 = DEFINITIONAL_REPRESENTATION('',(#874),#878);
#874 = LINE('',#875,#876);
#875 = CARTESIAN_POINT('',(-6.928203230276,12.));
#876 = VECTOR('',#877,1.);
#877 = DIRECTION('',(-0.5,-0.866025403784));
#878 = ( GEOMETRIC_REPRESENTATION_CONTEXT(2) 
PARAMETRIC_REPRESENTATION_CONTEXT() REPRESENTATION_CONTEXT('2D SPACE',''
  ) );
#879 = ORIENTED_EDGE('',*,*,#880,.F.);
#880 = EDGE_CURVE('',#254,#858,#881,.T.);
#881 = SURFACE_CURVE('',#882,(#886,#893),.PCURVE_S1.);
#882 = LINE('',#883,#884);
#883 = CARTESIAN_POINT('',(-13.75537016344,0.175,105.2));
#884 = VECTOR('',#885,1.);
#885 = DIRECTION('',(0.,0.,1.));
#886 = PCURVE('',#298,#887);
#887 = DEFINITIONAL_REPRESENTATION('',(#888),#892);
#888 = LINE('',#889,#890);
#889 = CARTESIAN_POINT('',(13.654333866335,0.));
#890 = VECTOR('',#891,1.);
#891 = DIRECTION('',(0.,-1.));
#892 = ( GEOMETRIC_REPRESENTATION_CONTEXT(2) 
PARAMETRIC_REPRESENTATION_CONTEXT() REPRESENTATION_CONTEXT('2D SPACE',''
  ) );
#893 = PCURVE('',#270,#894);
#894 = DEFINITIONAL_REPRESENTATION('',(#895),#899);
#895 = LINE('',#896,#897);
#896 = CARTESIAN_POINT('',(0.,0.));
#897 = VECTOR('',#898,1.);
#898 = DIRECTION('',(0.,1.));
#899 = ( GEOMETRIC_REPRESENTATION_CONTEXT(2) 
PARAMETRIC_REPRESENTATION_CONTEXT() REPRESENTATION_CONTEXT('2D SPACE',''
  ) );
#900 = ADVANCED_FACE('',(#901),#213,.T.);
#901 = FACE_BOUND('',#902,.T.);
#902 = EDGE_LOOP('',(#903,#904,#905,#929));
#903 = ORIENTED_EDGE('',*,*,#196,.T.);
#904 = ORIENTED_EDGE('',*,*,#807,.T.);
#905 = ORIENTED_EDGE('',*,*,#906,.F.);
#906 = EDGE_CURVE('',#907,#808,#909,.T.);
#907 = VERTEX_POINT('',#908);
#908 = CARTESIAN_POINT('',(-7.029239527384,-11.825,115.2));
#909 = SURFACE_CURVE('',#910,(#915,#922),.PCURVE_S1.);
#910 = CIRCLE('',#911,0.35);
#911 = AXIS2_PLACEMENT_3D('',#912,#913,#914);
#912 = CARTESIAN_POINT('',(-6.726130636059,-11.65,115.2));
#913 = DIRECTION('',(0.,0.,1.));
#914 = DIRECTION('',(0.,-1.,0.));
#915 = PCURVE('',#213,#916);
#916 = DEFINITIONAL_REPRESENTATION('',(#917),#921);
#917 = LINE('',#918,#919);
#918 = CARTESIAN_POINT('',(-5.235987755983,10.));
#919 = VECTOR('',#920,1.);
#920 = DIRECTION('',(1.,0.));
#921 = ( GEOMETRIC_REPRESENTATION_CONTEXT(2) 
PARAMETRIC_REPRESENTATION_CONTEXT() REPRESENTATION_CONTEXT('2D SPACE',''
  ) );
#922 = PCURVE('',#468,#923);
#923 = DEFINITIONAL_REPRESENTATION('',(#924),#928);
#924 = CIRCLE('',#925,0.35);
#925 = AXIS2_PLACEMENT_2D('',#926,#927);
#926 = CARTESIAN_POINT('',(-6.726130636059,-11.65));
#927 = DIRECTION('',(0.,-1.));
#928 = ( GEOMETRIC_REPRESENTATION_CONTEXT(2) 
PARAMETRIC_REPRESENTATION_CONTEXT() REPRESENTATION_CONTEXT('2D SPACE',''
  ) );
#929 = ORIENTED_EDGE('',*,*,#930,.F.);
#930 = EDGE_CURVE('',#197,#907,#931,.T.);
#931 = SURFACE_CURVE('',#932,(#936,#943),.PCURVE_S1.);
#932 = LINE('',#933,#934);
#933 = CARTESIAN_POINT('',(-7.029239527384,-11.825,105.2));
#934 = VECTOR('',#935,1.);
#935 = DIRECTION('',(0.,0.,1.));
#936 = PCURVE('',#213,#937);
#937 = DEFINITIONAL_REPRESENTATION('',(#938),#942);
#938 = LINE('',#939,#940);
#939 = CARTESIAN_POINT('',(0.,0.));
#940 = VECTOR('',#941,1.);
#941 = DIRECTION('',(0.,1.));
#942 = ( GEOMETRIC_REPRESENTATION_CONTEXT(2) 
PARAMETRIC_REPRESENTATION_CONTEXT() REPRESENTATION_CONTEXT('2D SPACE',''
  ) );
#943 = PCURVE('',#241,#944);
#944 = DEFINITIONAL_REPRESENTATION('',(#945),#949);
#945 = LINE('',#946,#947);
#946 = CARTESIAN_POINT('',(13.654333866335,0.));
#947 = VECTOR('',#948,1.);
#948 = DIRECTION('',(0.,-1.));
#949 = ( GEOMETRIC_REPRESENTATION_CONTEXT(2) 
PARAMETRIC_REPRESENTATION_CONTEXT() REPRESENTATION_CONTEXT('2D SPACE',''
  ) );
#950 = ADVANCED_FACE('',(#951),#270,.T.);
#951 = FACE_BOUND('',#952,.T.);
#952 = EDGE_LOOP('',(#953,#954,#977,#999));
#953 = ORIENTED_EDGE('',*,*,#253,.T.);
#954 = ORIENTED_EDGE('',*,*,#955,.T.);
#955 = EDGE_CURVE('',#226,#956,#958,.T.);
#956 = VERTEX_POINT('',#957);
#957 = CARTESIAN_POINT('',(-13.75537016344,-0.175,115.2));
#958 = SURFACE_CURVE('',#959,(#963,#970),.PCURVE_S1.);
#959 = LINE('',#960,#961);
#960 = CARTESIAN_POINT('',(-13.75537016344,-0.175,105.2));
#961 = VECTOR('',#962,1.);
#962 = DIRECTION('',(0.,0.,1.));
#963 = PCURVE('',#270,#964);
#964 = DEFINITIONAL_REPRESENTATION('',(#965),#969);
#965 = LINE('',#966,#967);
#966 = CARTESIAN_POINT('',(1.047197551197,0.));
#967 = VECTOR('',#968,1.);
#968 = DIRECTION('',(0.,1.));
#969 = ( GEOMETRIC_REPRESENTATION_CONTEXT(2) 
PARAMETRIC_REPRESENTATION_CONTEXT() REPRESENTATION_CONTEXT('2D SPACE',''
  ) );
#970 = PCURVE('',#241,#971);
#971 = DEFINITIONAL_REPRESENTATION('',(#972),#976);
#972 = LINE('',#973,#974);
#973 = CARTESIAN_POINT('',(0.202072594216,0.));
#974 = VECTOR('',#975,1.);
#975 = DIRECTION('',(0.,-1.));
#976 = ( GEOMETRIC_REPRESENTATION_CONTEXT(2) 
PARAMETRIC_REPRESENTATION_CONTEXT() REPRESENTATION_CONTEXT('2D SPACE',''
  ) );
#977 = ORIENTED_EDGE('',*,*,#978,.F.);
#978 = EDGE_CURVE('',#858,#956,#979,.T.);
#979 = SURFACE_CURVE('',#980,(#985,#992),.PCURVE_S1.);
#980 = CIRCLE('',#981,0.35);
#981 = AXIS2_PLACEMENT_3D('',#982,#983,#984);
#982 = CARTESIAN_POINT('',(-13.45226127211,1.620065193094E-15,115.2));
#983 = DIRECTION('',(0.,0.,1.));
#984 = DIRECTION('',(0.,-1.,0.));
#985 = PCURVE('',#270,#986);
#986 = DEFINITIONAL_REPRESENTATION('',(#987),#991);
#987 = LINE('',#988,#989);
#988 = CARTESIAN_POINT('',(-4.188790204786,10.));
#989 = VECTOR('',#990,1.);
#990 = DIRECTION('',(1.,0.));
#991 = ( GEOMETRIC_REPRESENTATION_CONTEXT(2) 
PARAMETRIC_REPRESENTATION_CONTEXT() REPRESENTATION_CONTEXT('2D SPACE',''
  ) );
#992 = PCURVE('',#468,#993);
#993 = DEFINITIONAL_REPRESENTATION('',(#994),#998);
#994 = CIRCLE('',#995,0.35);
#995 = AXIS2_PLACEMENT_2D('',#996,#997);
#996 = CARTESIAN_POINT('',(-13.45226127211,2.303785259364E-15));
#997 = DIRECTION('',(0.,-1.));
#998 = ( GEOMETRIC_REPRESENTATION_CONTEXT(2) 
PARAMETRIC_REPRESENTATION_CONTEXT() REPRESENTATION_CONTEXT('2D SPACE',''
  ) );
#999 = ORIENTED_EDGE('',*,*,#880,.F.);
#1000 = ADVANCED_FACE('',(#1001),#241,.F.);
#1001 = FACE_BOUND('',#1002,.F.);
#1002 = EDGE_LOOP('',(#1003,#1004,#1005,#1026));
#1003 = ORIENTED_EDGE('',*,*,#225,.F.);
#1004 = ORIENTED_EDGE('',*,*,#955,.T.);
#1005 = ORIENTED_EDGE('',*,*,#1006,.T.);
#1006 = EDGE_CURVE('',#956,#907,#1007,.T.);
#1007 = SURFACE_CURVE('',#1008,(#1012,#1019),.PCURVE_S1.);
#1008 = LINE('',#1009,#1010);
#1009 = CARTESIAN_POINT('',(-13.85640646055,1.69692038196E-15,115.2));
#1010 = VECTOR('',#1011,1.);
#1011 = DIRECTION('',(0.5,-0.866025403784,0.));
#1012 = PCURVE('',#241,#1013);
#1013 = DEFINITIONAL_REPRESENTATION('',(#1014),#1018);
#1014 = LINE('',#1015,#1016);
#1015 = CARTESIAN_POINT('',(0.,-10.));
#1016 = VECTOR('',#1017,1.);
#1017 = DIRECTION('',(1.,0.));
#1018 = ( GEOMETRIC_REPRESENTATION_CONTEXT(2) 
PARAMETRIC_REPRESENTATION_CONTEXT() REPRESENTATION_CONTEXT('2D SPACE',''
  ) );
#1019 = PCURVE('',#468,#1020);
#1020 = DEFINITIONAL_REPRESENTATION('',(#1021),#1025);
#1021 = LINE('',#1022,#1023);
#1022 = CARTESIAN_POINT('',(-13.85640646055,2.38064044823E-15));
#1023 = VECTOR('',#1024,1.);
#1024 = DIRECTION('',(0.5,-0.866025403784));
#1025 = ( GEOMETRIC_REPRESENTATION_CONTEXT(2) 
PARAMETRIC_REPRESENTATION_CONTEXT() REPRESENTATION_CONTEXT('2D SPACE',''
  ) );
#1026 = ORIENTED_EDGE('',*,*,#930,.F.);
#1027 = ADVANCED_FACE('',(#1028),#413,.T.);
#1028 = FACE_BOUND('',#1029,.F.);
#1029 = EDGE_LOOP('',(#1030,#1053,#1054,#1055));
#1030 = ORIENTED_EDGE('',*,*,#1031,.T.);
#1031 = EDGE_CURVE('',#1032,#397,#1034,.T.);
#1032 = VERTEX_POINT('',#1033);
#1033 = CARTESIAN_POINT('',(15.,0.,103.));
#1034 = SEAM_CURVE('',#1035,(#1039,#1046),.PCURVE_S1.);
#1035 = LINE('',#1036,#1037);
#1036 = CARTESIAN_POINT('',(15.,0.,103.));
#1037 = VECTOR('',#1038,1.);
#1038 = DIRECTION('',(0.,0.,1.));
#1039 = PCURVE('',#413,#1040);
#1040 = DEFINITIONAL_REPRESENTATION('',(#1041),#1045);
#1041 = LINE('',#1042,#1043);
#1042 = CARTESIAN_POINT('',(-0.,0.));
#1043 = VECTOR('',#1044,1.);
#1044 = DIRECTION('',(-0.,-1.));
#1045 = ( GEOMETRIC_REPRESENTATION_CONTEXT(2) 
PARAMETRIC_REPRESENTATION_CONTEXT() REPRESENTATION_CONTEXT('2D SPACE',''
  ) );
#1046 = PCURVE('',#413,#1047);
#1047 = DEFINITIONAL_REPRESENTATION('',(#1048),#1052);
#1048 = LINE('',#1049,#1050);
#1049 = CARTESIAN_POINT('',(-6.28318530718,0.));
#1050 = VECTOR('',#1051,1.);
#1051 = DIRECTION('',(-0.,-1.));
#1052 = ( GEOMETRIC_REPRESENTATION_CONTEXT(2) 
PARAMETRIC_REPRESENTATION_CONTEXT() REPRESENTATION_CONTEXT('2D SPACE',''
  ) );
#1053 = ORIENTED_EDGE('',*,*,#396,.T.);
#1054 = ORIENTED_EDGE('',*,*,#1031,.F.);
#1055 = ORIENTED_EDGE('',*,*,#1056,.F.);
#1056 = EDGE_CURVE('',#1032,#1032,#1057,.T.);
#1057 = SURFACE_CURVE('',#1058,(#1063,#1070),.PCURVE_S1.);
#1058 = CIRCLE('',#1059,15.);
#1059 = AXIS2_PLACEMENT_3D('',#1060,#1061,#1062);
#1060 = CARTESIAN_POINT('',(0.,0.,103.));
#1061 = DIRECTION('',(0.,0.,1.));
#1062 = DIRECTION('',(1.,0.,0.));
#1063 = PCURVE('',#413,#1064);
#1064 = DEFINITIONAL_REPRESENTATION('',(#1065),#1069);
#1065 = LINE('',#1066,#1067);
#1066 = CARTESIAN_POINT('',(-0.,0.));
#1067 = VECTOR('',#1068,1.);
#1068 = DIRECTION('',(-1.,0.));
#1069 = ( GEOMETRIC_REPRESENTATION_CONTEXT(2) 
PARAMETRIC_REPRESENTATION_CONTEXT() REPRESENTATION_CONTEXT('2D SPACE',''
  ) );
#1070 = PCURVE('',#1071,#1076);
#1071 = PLANE('',#1072);
#1072 = AXIS2_PLACEMENT_3D('',#1073,#1074,#1075);
#1073 = CARTESIAN_POINT('',(-7.29301404021E-16,1.169780044473E-16,103.)
  );
#1074 = DIRECTION('',(0.,0.,1.));
#1075 = DIRECTION('',(1.,0.,-0.));
#1076 = DEFINITIONAL_REPRESENTATION('',(#1077),#1081);
#1077 = CIRCLE('',#1078,15.);
#1078 = AXIS2_PLACEMENT_2D('',#1079,#1080);
#1079 = CARTESIAN_POINT('',(7.29301404021E-16,-1.169780044473E-16));
#1080 = DIRECTION('',(1.,0.));
#1081 = ( GEOMETRIC_REPRESENTATION_CONTEXT(2) 
PARAMETRIC_REPRESENTATION_CONTEXT() REPRESENTATION_CONTEXT('2D SPACE',''
  ) );
#1082 = ADVANCED_FACE('',(#1083),#468,.T.);
#1083 = FACE_BOUND('',#1084,.T.);
#1084 = EDGE_LOOP('',(#1085,#1086,#1087,#1088,#1089,#1090,#1091,#1092,
    #1093,#1094,#1095,#1096));
#1085 = ORIENTED_EDGE('',*,*,#452,.T.);
#1086 = ORIENTED_EDGE('',*,*,#582,.T.);
#1087 = ORIENTED_EDGE('',*,*,#659,.T.);
#1088 = ORIENTED_EDGE('',*,*,#780,.T.);
#1089 = ORIENTED_EDGE('',*,*,#857,.T.);
#1090 = ORIENTED_EDGE('',*,*,#978,.T.);
#1091 = ORIENTED_EDGE('',*,*,#1006,.T.);
#1092 = ORIENTED_EDGE('',*,*,#906,.T.);
#1093 = ORIENTED_EDGE('',*,*,#830,.T.);
#1094 = ORIENTED_EDGE('',*,*,#708,.T.);
#1095 = ORIENTED_EDGE('',*,*,#632,.T.);
#1096 = ORIENTED_EDGE('',*,*,#528,.F.);
#1097 = ADVANCED_FACE('',(#1098,#1101),#1071,.F.);
#1098 = FACE_BOUND('',#1099,.F.);
#1099 = EDGE_LOOP('',(#1100));
#1100 = ORIENTED_EDGE('',*,*,#1056,.T.);
#1101 = FACE_BOUND('',#1102,.F.);
#1102 = EDGE_LOOP('',(#1103));
#1103 = ORIENTED_EDGE('',*,*,#1104,.F.);
#1104 = EDGE_CURVE('',#1105,#1105,#1107,.T.);
#1105 = VERTEX_POINT('',#1106);
#1106 = CARTESIAN_POINT('',(6.92,0.,103.));
#1107 = SURFACE_CURVE('',#1108,(#1113,#1120),.PCURVE_S1.);
#1108 = CIRCLE('',#1109,6.92);
#1109 = AXIS2_PLACEMENT_3D('',#1110,#1111,#1112);
#1110 = CARTESIAN_POINT('',(0.,0.,103.));
#1111 = DIRECTION('',(0.,0.,1.));
#1112 = DIRECTION('',(1.,0.,0.));
#1113 = PCURVE('',#1071,#1114);
#1114 = DEFINITIONAL_REPRESENTATION('',(#1115),#1119);
#1115 = CIRCLE('',#1116,6.92);
#1116 = AXIS2_PLACEMENT_2D('',#1117,#1118);
#1117 = CARTESIAN_POINT('',(7.29301404021E-16,-1.169780044473E-16));
#1118 = DIRECTION('',(1.,0.));
#1119 = ( GEOMETRIC_REPRESENTATION_CONTEXT(2) 
PARAMETRIC_REPRESENTATION_CONTEXT() REPRESENTATION_CONTEXT('2D SPACE',''
  ) );
#1120 = PCURVE('',#1121,#1126);
#1121 = CYLINDRICAL_SURFACE('',#1122,6.92);
#1122 = AXIS2_PLACEMENT_3D('',#1123,#1124,#1125);
#1123 = CARTESIAN_POINT('',(0.,0.,0.));
#1124 = DIRECTION('',(-0.,-0.,-1.));
#1125 = DIRECTION('',(1.,0.,0.));
#1126 = DEFINITIONAL_REPRESENTATION('',(#1127),#1131);
#1127 = LINE('',#1128,#1129);
#1128 = CARTESIAN_POINT('',(-0.,-103.));
#1129 = VECTOR('',#1130,1.);
#1130 = DIRECTION('',(-1.,0.));
#1131 = ( GEOMETRIC_REPRESENTATION_CONTEXT(2) 
PARAMETRIC_REPRESENTATION_CONTEXT() REPRESENTATION_CONTEXT('2D SPACE',''
  ) );
#1132 = ADVANCED_FACE('',(#1133),#1121,.T.);
#1133 = FACE_BOUND('',#1134,.F.);
#1134 = EDGE_LOOP('',(#1135,#1158,#1159,#1160));
#1135 = ORIENTED_EDGE('',*,*,#1136,.T.);
#1136 = EDGE_CURVE('',#1137,#1105,#1139,.T.);
#1137 = VERTEX_POINT('',#1138);
#1138 = CARTESIAN_POINT('',(6.92,0.,0.));
#1139 = SEAM_CURVE('',#1140,(#1144,#1151),.PCURVE_S1.);
#1140 = LINE('',#1141,#1142);
#1141 = CARTESIAN_POINT('',(6.92,0.,0.));
#1142 = VECTOR('',#1143,1.);
#1143 = DIRECTION('',(0.,0.,1.));
#1144 = PCURVE('',#1121,#1145);
#1145 = DEFINITIONAL_REPRESENTATION('',(#1146),#1150);
#1146 = LINE('',#1147,#1148);
#1147 = CARTESIAN_POINT('',(-0.,0.));
#1148 = VECTOR('',#1149,1.);
#1149 = DIRECTION('',(-0.,-1.));
#1150 = ( GEOMETRIC_REPRESENTATION_CONTEXT(2) 
PARAMETRIC_REPRESENTATION_CONTEXT() REPRESENTATION_CONTEXT('2D SPACE',''
  ) );
#1151 = PCURVE('',#1121,#1152);
#1152 = DEFINITIONAL_REPRESENTATION('',(#1153),#1157);
#1153 = LINE('',#1154,#1155);
#1154 = CARTESIAN_POINT('',(-6.28318530718,0.));
#1155 = VECTOR('',#1156,1.);
#1156 = DIRECTION('',(-0.,-1.));
#1157 = ( GEOMETRIC_REPRESENTATION_CONTEXT(2) 
PARAMETRIC_REPRESENTATION_CONTEXT() REPRESENTATION_CONTEXT('2D SPACE',''
  ) );
#1158 = ORIENTED_EDGE('',*,*,#1104,.T.);
#1159 = ORIENTED_EDGE('',*,*,#1136,.F.);
#1160 = ORIENTED_EDGE('',*,*,#1161,.F.);
#1161 = EDGE_CURVE('',#1137,#1137,#1162,.T.);
#1162 = SURFACE_CURVE('',#1163,(#1168,#1175),.PCURVE_S1.);
#1163 = CIRCLE('',#1164,6.92);
#1164 = AXIS2_PLACEMENT_3D('',#1165,#1166,#1167);
#1165 = CARTESIAN_POINT('',(0.,0.,0.));
#1166 = DIRECTION('',(0.,0.,1.));
#1167 = DIRECTION('',(1.,0.,0.));
#1168 = PCURVE('',#1121,#1169);
#1169 = DEFINITIONAL_REPRESENTATION('',(#1170),#1174);
#1170 = LINE('',#1171,#1172);
#1171 = CARTESIAN_POINT('',(-0.,0.));
#1172 = VECTOR('',#1173,1.);
#1173 = DIRECTION('',(-1.,0.));
#1174 = ( GEOMETRIC_REPRESENTATION_CONTEXT(2) 
PARAMETRIC_REPRESENTATION_CONTEXT() REPRESENTATION_CONTEXT('2D SPACE',''
  ) );
#1175 = PCURVE('',#1176,#1181);
#1176 = PLANE('',#1177);
#1177 = AXIS2_PLACEMENT_3D('',#1178,#1179,#1180);
#1178 = CARTESIAN_POINT('',(-1.976069555693E-16,5.079426272738E-16,0.));
#1179 = DIRECTION('',(0.,0.,1.));
#1180 = DIRECTION('',(1.,0.,-0.));
#1181 = DEFINITIONAL_REPRESENTATION('',(#1182),#1186);
#1182 = CIRCLE('',#1183,6.92);
#1183 = AXIS2_PLACEMENT_2D('',#1184,#1185);
#1184 = CARTESIAN_POINT('',(1.976069555693E-16,-5.079426272738E-16));
#1185 = DIRECTION('',(1.,0.));
#1186 = ( GEOMETRIC_REPRESENTATION_CONTEXT(2) 
PARAMETRIC_REPRESENTATION_CONTEXT() REPRESENTATION_CONTEXT('2D SPACE',''
  ) );
#1187 = ADVANCED_FACE('',(#1188),#1176,.F.);
#1188 = FACE_BOUND('',#1189,.F.);
#1189 = EDGE_LOOP('',(#1190));
#1190 = ORIENTED_EDGE('',*,*,#1161,.T.);
#1191 = ( GEOMETRIC_REPRESENTATION_CONTEXT(3) 
GLOBAL_UNCERTAINTY_ASSIGNED_CONTEXT((#1195)) 
GLOBAL_UNIT_ASSIGNED_CONTEXT((#1192,#1193,#1194)) REPRESENTATION_CONTEXT
('Context #1','3D Context with UNIT and UNCERTAINTY') );
#1192 = ( LENGTH_UNIT() NAMED_UNIT(*) SI_UNIT(.MILLI.,.METRE.) );
#1193 = ( NAMED_UNIT(*) PLANE_ANGLE_UNIT() SI_UNIT($,.RADIAN.) );
#1194 = ( NAMED_UNIT(*) SI_UNIT($,.STERADIAN.) SOLID_ANGLE_UNIT() );
#1195 = UNCERTAINTY_MEASURE_WITH_UNIT(LENGTH_MEASURE(1.E-07),#1192,
  'distance_accuracy_value','confusion accuracy');
#1196 = CONTEXT_DEPENDENT_SHAPE_REPRESENTATION(#1197,#1199);
#1197 = ( REPRESENTATION_RELATIONSHIP('','',#36,#10) 
REPRESENTATION_RELATIONSHIP_WITH_TRANSFORMATION(#1198) 
SHAPE_REPRESENTATION_RELATIONSHIP() );
#1198 = ITEM_DEFINED_TRANSFORMATION('','',#11,#15);
#1199 = PRODUCT_DEFINITION_SHAPE('Placement','Placement of an item',
  #1200);
#1200 = NEXT_ASSEMBLY_USAGE_OCCURRENCE('11','','',#5,#31,$);
#1201 = PRODUCT_RELATED_PRODUCT_CATEGORY('part',$,(#33));
#1202 = SHAPE_DEFINITION_REPRESENTATION(#1203,#1209);
#1203 = PRODUCT_DEFINITION_SHAPE('','',#1204);
#1204 = PRODUCT_DEFINITION('design','',#1205,#1208);
#1205 = PRODUCT_DEFINITION_FORMATION('','',#1206);
#1206 = PRODUCT('Open CASCADE STEP translator 7.9 6.2',
  'Open CASCADE STEP translator 7.9 6.2','',(#1207));
#1207 = PRODUCT_CONTEXT('',#2,'mechanical');
#1208 = PRODUCT_DEFINITION_CONTEXT('part definition',#2,'design');
#1209 = ADVANCED_BREP_SHAPE_REPRESENTATION('',(#11,#1210),#6052);
#1210 = MANIFOLD_SOLID_BREP('',#1211);
#1211 = CLOSED_SHELL('',(#1212,#5420,#5997,#6040,#6046));
#1212 = ADVANCED_FACE('',(#1213),#1738,.F.);
#1213 = FACE_BOUND('',#1214,.F.);
#1214 = EDGE_LOOP('',(#1215,#3808,#3834,#5396));
#1215 = ORIENTED_EDGE('',*,*,#1216,.F.);
#1216 = EDGE_CURVE('',#1217,#1219,#1221,.T.);
#1217 = VERTEX_POINT('',#1218);
#1218 = CARTESIAN_POINT('',(6.9524,2.6645352591E-15,-0.44));
#1219 = VERTEX_POINT('',#1220);
#1220 = CARTESIAN_POINT('',(-2.148409954493,6.612125865239,
    100.15999940462));
#1221 = SURFACE_CURVE('',#1222,(#1737,#2773),.PCURVE_S1.);
#1222 = B_SPLINE_CURVE_WITH_KNOTS('',9,(#1223,#1224,#1225,#1226,#1227,
    #1228,#1229,#1230,#1231,#1232,#1233,#1234,#1235,#1236,#1237,#1238,
    #1239,#1240,#1241,#1242,#1243,#1244,#1245,#1246,#1247,#1248,#1249,
    #1250,#1251,#1252,#1253,#1254,#1255,#1256,#1257,#1258,#1259,#1260,
    #1261,#1262,#1263,#1264,#1265,#1266,#1267,#1268,#1269,#1270,#1271,
    #1272,#1273,#1274,#1275,#1276,#1277,#1278,#1279,#1280,#1281,#1282,
    #1283,#1284,#1285,#1286,#1287,#1288,#1289,#1290,#1291,#1292,#1293,
    #1294,#1295,#1296,#1297,#1298,#1299,#1300,#1301,#1302,#1303,#1304,
    #1305,#1306,#1307,#1308,#1309,#1310,#1311,#1312,#1313,#1314,#1315,
    #1316,#1317,#1318,#1319,#1320,#1321,#1322,#1323,#1324,#1325,#1326,
    #1327,#1328,#1329,#1330,#1331,#1332,#1333,#1334,#1335,#1336,#1337,
    #1338,#1339,#1340,#1341,#1342,#1343,#1344,#1345,#1346,#1347,#1348,
    #1349,#1350,#1351,#1352,#1353,#1354,#1355,#1356,#1357,#1358,#1359,
    #1360,#1361,#1362,#1363,#1364,#1365,#1366,#1367,#1368,#1369,#1370,
    #1371,#1372,#1373,#1374,#1375,#1376,#1377,#1378,#1379,#1380,#1381,
    #1382,#1383,#1384,#1385,#1386,#1387,#1388,#1389,#1390,#1391,#1392,
    #1393,#1394,#1395,#1396,#1397,#1398,#1399,#1400,#1401,#1402,#1403,
    #1404,#1405,#1406,#1407,#1408,#1409,#1410,#1411,#1412,#1413,#1414,
    #1415,#1416,#1417,#1418,#1419,#1420,#1421,#1422,#1423,#1424,#1425,
    #1426,#1427,#1428,#1429,#1430,#1431,#1432,#1433,#1434,#1435,#1436,
    #1437,#1438,#1439,#1440,#1441,#1442,#1443,#1444,#1445,#1446,#1447,
    #1448,#1449,#1450,#1451,#1452,#1453,#1454,#1455,#1456,#1457,#1458,
    #1459,#1460,#1461,#1462,#1463,#1464,#1465,#1466,#1467,#1468,#1469,
    #1470,#1471,#1472,#1473,#1474,#1475,#1476,#1477,#1478,#1479,#1480,
    #1481,#1482,#1483,#1484,#1485,#1486,#1487,#1488,#1489,#1490,#1491,
    #1492,#1493,#1494,#1495,#1496,#1497,#1498,#1499,#1500,#1501,#1502,
    #1503,#1504,#1505,#1506,#1507,#1508,#1509,#1510,#1511,#1512,#1513,
    #1514,#1515,#1516,#1517,#1518,#1519,#1520,#1521,#1522,#1523,#1524,
    #1525,#1526,#1527,#1528,#1529,#1530,#1531,#1532,#1533,#1534,#1535,
    #1536,#1537,#1538,#1539,#1540,#1541,#1542,#1543,#1544,#1545,#1546,
    #1547,#1548,#1549,#1550,#1551,#1552,#1553,#1554,#1555,#1556,#1557,
    #1558,#1559,#1560,#1561,#1562,#1563,#1564,#1565,#1566,#1567,#1568,
    #1569,#1570,#1571,#1572,#1573,#1574,#1575,#1576,#1577,#1578,#1579,
    #1580,#1581,#1582,#1583,#1584,#1585,#1586,#1587,#1588,#1589,#1590,
    #1591,#1592,#1593,#1594,#1595,#1596,#1597,#1598,#1599,#1600,#1601,
    #1602,#1603,#1604,#1605,#1606,#1607,#1608,#1609,#1610,#1611,#1612,
    #1613,#1614,#1615,#1616,#1617,#1618,#1619,#1620,#1621,#1622,#1623,
    #1624,#1625,#1626,#1627,#1628,#1629,#1630,#1631,#1632,#1633,#1634,
    #1635,#1636,#1637,#1638,#1639,#1640,#1641,#1642,#1643,#1644,#1645,
    #1646,#1647,#1648,#1649,#1650,#1651,#1652,#1653,#1654,#1655,#1656,
    #1657,#1658,#1659,#1660,#1661,#1662,#1663,#1664,#1665,#1666,#1667,
    #1668,#1669,#1670,#1671,#1672,#1673,#1674,#1675,#1676,#1677,#1678,
    #1679,#1680,#1681,#1682,#1683,#1684,#1685,#1686,#1687,#1688,#1689,
    #1690,#1691,#1692,#1693,#1694,#1695,#1696,#1697,#1698,#1699,#1700,
    #1701,#1702,#1703,#1704,#1705,#1706,#1707,#1708,#1709,#1710,#1711,
    #1712,#1713,#1714,#1715,#1716,#1717,#1718,#1719,#1720,#1721,#1722,
    #1723,#1724,#1725,#1726,#1727,#1728,#1729,#1730,#1731,#1732,#1733,
    #1734,#1735,#1736),.UNSPECIFIED.,.F.,.F.,(10,8,8,8,8,8,8,8,8,8,8,8,8
    ,8,8,8,8,8,8,8,8,8,8,8,8,8,8,8,8,8,8,8,8,8,8,8,8,8,8,8,8,8,8,8,8,8,8
    ,8,8,8,8,8,8,8,8,8,8,8,8,8,8,8,8,8,10),(0.,5.182327748957,
    10.364655497914,15.546983246871,20.729310995828,25.911638744785,
    31.093966493742,36.276294242699,41.458621991656,46.640949740613,
    51.82327748957,57.005605238527,62.187932987484,67.370260736441,
    72.552588485398,77.734916234355,82.917243983312,88.099571732269,
    93.281899481226,98.464227230183,103.64655497914,108.82888272809,
    114.01121047705,119.19353822601,124.37586597496,129.55819372392,
    134.74052147288,139.92284922183,145.10517697079,150.28750471975,
    155.4698324687,160.65216021766,165.83448796662,171.01681571558,
    176.19914346453,181.38147121349,186.56379896245,191.7461267114,
    196.92845446036,202.11078220932,207.29310995827,212.47543770723,
    217.65776545619,222.84009320515,228.0224209541,233.20474870306,
    238.38707645202,243.56940420097,248.75173194993,253.93405969889,
    259.11638744784,264.2987151968,269.48104294576,274.66337069472,
    279.84569844367,285.02802619263,290.21035394159,295.39268169054,
    300.5750094395,305.75733718846,310.93966493741,316.12199268637,
    321.30432043533,326.48664818429,331.66897593324),.UNSPECIFIED.);
#1223 = CARTESIAN_POINT('',(6.9524,4.440892098501E-15,-0.44));
#1224 = CARTESIAN_POINT('',(6.952402551393,3.814701623781,
    -0.265349826942));
#1225 = CARTESIAN_POINT('',(4.596255314337,7.630951540585,
    -9.068651864483E-02));
#1226 = CARTESIAN_POINT('',(-0.104324710237,9.773861936699,
    8.39402475658E-02));
#1227 = CARTESIAN_POINT('',(-5.827924307104,8.642871237464,0.25863644651
    ));
#1228 = CARTESIAN_POINT('',(-9.728251073938,3.744921780023,
    0.433238183164));
#1229 = CARTESIAN_POINT('',(-9.5491199335,-2.08655201666,0.607933592254)
  );
#1230 = CARTESIAN_POINT('',(-6.408188121746,-6.188070389857,
    0.782561577709));
#1231 = CARTESIAN_POINT('',(-2.161305912391,-7.629977091047,
    0.957223710133));
#1232 = CARTESIAN_POINT('',(5.274424605707,-5.921848290362,
    1.306525706186));
#1233 = CARTESIAN_POINT('',(8.466285677977,-2.771100650632,
    1.481187721321));
#1234 = CARTESIAN_POINT('',(9.502393866314,2.289928106783,1.655816111026
    ));
#1235 = CARTESIAN_POINT('',(7.118668441432,7.61501650281,1.830510661612)
  );
#1236 = CARTESIAN_POINT('',(1.471817146437,10.319741906967,
    2.005113747439));
#1237 = CARTESIAN_POINT('',(-4.171518352334,8.839559915532,
    2.179808282493));
#1238 = CARTESIAN_POINT('',(-7.465702172145,4.860080537453,
    2.354436696166));
#1239 = CARTESIAN_POINT('',(-7.920179675068,0.398180180675,
    2.529098688193));
#1240 = CARTESIAN_POINT('',(-4.590640767588,-6.46636368729,
    2.878400716659));
#1241 = CARTESIAN_POINT('',(-0.805255719104,-8.871784232606,
    3.053062706393));
#1242 = CARTESIAN_POINT('',(4.359270388712,-8.748486799309,
    3.227691127983));
#1243 = CARTESIAN_POINT('',(9.015493093082,-5.233048942888,3.4023856462)
  );
#1244 = CARTESIAN_POINT('',(10.387296166844,0.876012005808,
    3.576988758517));
#1245 = CARTESIAN_POINT('',(7.681213426459,6.044695618282,3.751683276413
    ));
#1246 = CARTESIAN_POINT('',(3.065225268344,8.364298287429,3.926311698491
    ));
#1247 = CARTESIAN_POINT('',(-1.385161241563,7.808272655956,
    4.100973687762));
#1248 = CARTESIAN_POINT('',(-7.330003795109,3.026365205832,
    4.450275716866));
#1249 = CARTESIAN_POINT('',(-8.826859954683,-1.201472256298,
    4.624937706093));
#1250 = CARTESIAN_POINT('',(-7.550416774724,-6.20729136784,4.79956612833
    ));
#1251 = CARTESIAN_POINT('',(-3.08174615848,-9.958250728393,
    4.974260645878));
#1252 = CARTESIAN_POINT('',(3.179365787157,-9.927484670316,
    5.148863758754));
#1253 = CARTESIAN_POINT('',(7.610982104795,-6.132889712266,
    5.323558276279));
#1254 = CARTESIAN_POINT('',(8.838236777594,-1.11474770671,5.498186698544
    ));
#1255 = CARTESIAN_POINT('',(7.299937581957,3.098177663468,5.672848687752
    ));
#1256 = CARTESIAN_POINT('',(1.308440286824,7.821497683388,6.022150716872
    ));
#1257 = CARTESIAN_POINT('',(-3.147201169122,8.333793676545,
    6.196812706082));
#1258 = CARTESIAN_POINT('',(-7.740166532831,5.969010105669,
    6.371441128347));
#1259 = CARTESIAN_POINT('',(-10.39542535617,0.773982311528,
    6.546135645859));
#1260 = CARTESIAN_POINT('',(-8.963652167636,-5.321302331749,
    6.72073875877));
#1261 = CARTESIAN_POINT('',(-4.273197575097,-8.790857029118,
    6.89543327627));
#1262 = CARTESIAN_POINT('',(0.892325888984,-8.863455663243,
    7.070061698548));
#1263 = CARTESIAN_POINT('',(4.653898790984,-6.420982757973,
    7.244723687751));
#1264 = CARTESIAN_POINT('',(7.915892078224,0.475914489497,7.594025716873
    ));
#1265 = CARTESIAN_POINT('',(7.417618502736,4.933145851285,7.768687706079
    ));
#1266 = CARTESIAN_POINT('',(4.084555224455,8.880071408267,7.943316128352
    ));
#1267 = CARTESIAN_POINT('',(-1.573076820828,10.304821505982,
    8.118010645851));
#1268 = CARTESIAN_POINT('',(-7.193074958146,7.544732688097,
    8.292613758777));
#1269 = CARTESIAN_POINT('',(-9.524417831199,2.196554073746,
    8.467308276264));
#1270 = CARTESIAN_POINT('',(-8.438674574917,-2.854095864731,
    8.64193669855));
#1271 = CARTESIAN_POINT('',(-5.216032951469,-5.973340253501,
    8.816598687751));
#1272 = CARTESIAN_POINT('',(2.23610696208,-7.608394551385,9.165900716873
    ));
#1273 = CARTESIAN_POINT('',(6.468633421795,-6.124848887655,
    9.340562706079));
#1274 = CARTESIAN_POINT('',(9.569132723978,-1.992726400787,
    9.515191128351));
#1275 = CARTESIAN_POINT('',(9.691039159086,3.840270429481,9.689885645853
    ));
#1276 = CARTESIAN_POINT('',(5.742765146677,8.699653278053,9.864488758775
    ));
#1277 = CARTESIAN_POINT('',(8.390944665585E-03,9.774421436293,
    10.039183276267));
#1278 = CARTESIAN_POINT('',(-4.670962643167,7.585459760131,
    10.213811698548));
#1279 = CARTESIAN_POINT('',(-6.989513661123,3.746263780871,
    10.388473687752));
#1280 = CARTESIAN_POINT('',(-6.91461683314,-3.88277169639,
    10.737775716871));
#1281 = CARTESIAN_POINT('',(-4.521119084494,-7.675706773061,
    10.912437706087));
#1282 = CARTESIAN_POINT('',(0.200273666075,-9.772366655831,
    11.087066128336));
#1283 = CARTESIAN_POINT('',(5.912492498937,-8.585240206589,
    11.261760645873));
#1284 = CARTESIAN_POINT('',(9.764547914133,-3.649235909141,
    11.436363758757));
#1285 = CARTESIAN_POINT('',(9.528175095648,2.180198194876,
    11.611058276277));
#1286 = CARTESIAN_POINT('',(6.347129159318,6.250683420347,
    11.785686698545));
#1287 = CARTESIAN_POINT('',(2.086295813331,7.650827622824,
    11.960348687752));
#1288 = CARTESIAN_POINT('',(-5.332307091002,5.869782200616,
    12.309650716872));
#1289 = CARTESIAN_POINT('',(-8.493082473725,2.687850876946,
    12.484312706081));
#1290 = CARTESIAN_POINT('',(-9.479454963701,-2.38310578628,
    12.65894112835));
#1291 = CARTESIAN_POINT('',(-7.043566351964,-7.684535769973,
    12.833635645853));
#1292 = CARTESIAN_POINT('',(-1.370434005239,-10.3336938858,
    13.008238758777));
#1293 = CARTESIAN_POINT('',(4.258098098968,-8.798180800696,
    13.182933276264));
#1294 = CARTESIAN_POINT('',(7.513055357139,-4.786553142608,
    13.35756169855));
#1295 = CARTESIAN_POINT('',(7.923707054927,-0.320406058919,
    13.532223687751));
#1296 = CARTESIAN_POINT('',(4.526937182767,6.511119852891,
    13.881525716872));
#1297 = CARTESIAN_POINT('',(0.718119773804,8.879262144606,
    14.056187706087));
#1298 = CARTESIAN_POINT('',(-4.444946999239,8.705268851177,
    14.230816128335));
#1299 = CARTESIAN_POINT('',(-9.066433139956,5.144288782104,
    14.405510645877));
#1300 = CARTESIAN_POINT('',(-10.37819550242,-0.977945193373,
    14.58011375875));
#1301 = CARTESIAN_POINT('',(-7.621500553723,-6.119813243227,
    14.754808276284));
#1302 = CARTESIAN_POINT('',(-2.982962564586,-8.393987498485,
    14.92943669854));
#1303 = CARTESIAN_POINT('',(1.461750795329,-7.79429779693,
    15.104098687754));
#1304 = CARTESIAN_POINT('',(7.359361348258,-2.954258374144,
    15.45340071687));
#1305 = CARTESIAN_POINT('',(8.814639342296,1.288070459021,
    15.628062706091));
#1306 = CARTESIAN_POINT('',(7.489113950709,6.28111708461,15.802691128327
    ));
#1307 = CARTESIAN_POINT('',(2.983834318485,9.988025316088,
    15.977385645887));
#1308 = CARTESIAN_POINT('',(-3.276673857437,9.895793405269,
    16.151988758741));
#1309 = CARTESIAN_POINT('',(-7.670823860407,6.057874720142,
    16.326683276291));
#1310 = CARTESIAN_POINT('',(-8.848754687987,1.027926193031,
    16.501311698535));
#1311 = CARTESIAN_POINT('',(-7.269169990881,-3.169694177444,
    16.675973687756));
#1312 = CARTESIAN_POINT('',(-1.231591091276,-7.833966133407,
    17.025275716865));
#1313 = CARTESIAN_POINT('',(3.228865016055,-8.302494983451,
    17.199937706111));
#1314 = CARTESIAN_POINT('',(7.798393204441,-5.892734766295,
    17.37456612829));
#1315 = CARTESIAN_POINT('',(10.402522821388,-0.671889802141,
    17.549260645934));
#1316 = CARTESIAN_POINT('',(8.910979275569,5.409044928408,17.7238637587)
  );
#1317 = CARTESIAN_POINT('',(4.186688994597,8.832384733751,
    17.898558276314));
#1318 = CARTESIAN_POINT('',(-0.979298261565,8.854268275889,
    18.073186698529));
#1319 = CARTESIAN_POINT('',(-4.716711352948,6.374984513536,
    18.247848687754));
#1320 = CARTESIAN_POINT('',(-7.910838398627,-0.553604395052,
    18.597150716873));
#1321 = CARTESIAN_POINT('',(-7.368830771825,-5.005729247415,
    18.771812706072));
#1322 = CARTESIAN_POINT('',(-3.997179888728,-8.919742851375,
    18.946441128369));
#1323 = CARTESIAN_POINT('',(1.674166736044,-10.28888150841,
    19.121135645828));
#1324 = CARTESIAN_POINT('',(7.266797366499,-7.473752385703,
    19.295738758799));
#1325 = CARTESIAN_POINT('',(9.545523112371,-2.102943968165,
    19.47043327625));
#1326 = CARTESIAN_POINT('',(8.410248335886,2.936803485962,
    19.645061698556));
#1327 = CARTESIAN_POINT('',(5.157139396635,6.024259853176,19.81972368775
    ));
#1328 = CARTESIAN_POINT('',(-2.310693240712,7.586075318815,
    20.169025716873));
#1329 = CARTESIAN_POINT('',(-6.528451289046,6.061049084837,
    20.343687706082));
#1330 = CARTESIAN_POINT('',(-9.58823480893,1.898687137496,
    20.518316128347));
#1331 = CARTESIAN_POINT('',(-9.65287097669,-3.935225388984,
    20.693010645857));
#1332 = CARTESIAN_POINT('',(-5.657081122485,-8.755612592033,
    20.867613758773));
#1333 = CARTESIAN_POINT('',(8.756807627348E-02,-9.774032773334,
    21.042308276266));
#1334 = CARTESIAN_POINT('',(4.745206425402,-7.539237877052,
    21.216936698549));
#1335 = CARTESIAN_POINT('',(7.025955097044,-3.677464956898,
    21.391598687752));
#1336 = CARTESIAN_POINT('',(6.876165200903,3.950467583125,21.74090071687
    ));
#1337 = CARTESIAN_POINT('',(4.445546342524,7.719722142582,
    21.915562706094));
#1338 = CARTESIAN_POINT('',(-0.296202458805,9.769929564765,
    22.090191128322));
#1339 = CARTESIAN_POINT('',(-5.996491614484,8.526781648008,
    22.264885645892));
#1340 = CARTESIAN_POINT('',(-9.799903064646,3.553198363589,
    22.439488758739));
#1341 = CARTESIAN_POINT('',(-9.506312221088,-2.273634266458,
    22.61418327629));
#1342 = CARTESIAN_POINT('',(-6.28545832934,-6.312693987245,
    22.788811698538));
#1343 = CARTESIAN_POINT('',(-2.011084654598,-7.670940753708,
    22.963473687754));
#1344 = CARTESIAN_POINT('',(5.389675647878,-5.81715036819,
    23.312775716868));
#1345 = CARTESIAN_POINT('',(8.519060673633,-2.604342043802,
    23.487437706097));
#1346 = CARTESIAN_POINT('',(9.455602428375,2.47605377843,23.662066128318
    ));
#1347 = CARTESIAN_POINT('',(6.967785373577,7.753314384375,
    23.836760645897));
#1348 = CARTESIAN_POINT('',(1.268918789768,10.34664988258,
    24.011363758734));
#1349 = CARTESIAN_POINT('',(-4.344267447279,8.755953698415,
    24.186058276293));
#1350 = CARTESIAN_POINT('',(-7.559684415917,4.712564409986,
    24.360686698536));
#1351 = CARTESIAN_POINT('',(-7.926470731833,0.242601055726,
    24.535348687756));
#1352 = CARTESIAN_POINT('',(-4.462797282119,-6.555248463193,
    24.884650716866));
#1353 = CARTESIAN_POINT('',(-0.630914614898,-8.885884254865,
    25.059312706109));
#1354 = CARTESIAN_POINT('',(4.530195196815,-8.661211871077,
    25.233941128291));
#1355 = CARTESIAN_POINT('',(9.116499344884,-5.055032804104,
    25.408635645935));
#1356 = CARTESIAN_POINT('',(10.368094566087,1.079784124583,
    25.583238758698));
#1357 = CARTESIAN_POINT('',(7.561053104809,6.19434102781,25.757933276318
    ));
#1358 = CARTESIAN_POINT('',(2.900412356724,8.422867679565,
    25.932561698527));
#1359 = CARTESIAN_POINT('',(-1.538199462517,7.779571707258,
    26.107223687755));
#1360 = CARTESIAN_POINT('',(-7.388009590838,2.881866804884,
    26.456525716873));
#1361 = CARTESIAN_POINT('',(-8.801569156634,-1.374544514817,
    26.631187706072));
#1362 = CARTESIAN_POINT('',(-7.427089310292,-6.354337414278,
    26.805816128369));
#1363 = CARTESIAN_POINT('',(-2.885634890335,-10.01683723706,
    26.980510645827));
#1364 = CARTESIAN_POINT('',(3.373666115068,-9.863148363111,27.1551137588
    ));
#1365 = CARTESIAN_POINT('',(7.729926286059,-5.982275857406,
    27.329808276249));
#1366 = CARTESIAN_POINT('',(8.858419736977,-0.941005605706,
    27.504436698556));
#1367 = CARTESIAN_POINT('',(7.237701782076,3.240905189703,27.67909868775
    ));
#1368 = CARTESIAN_POINT('',(1.154623192409,7.845679529459,
    28.028400716871));
#1369 = CARTESIAN_POINT('',(-3.310217658225,8.270396078629,
    28.203062706091));
#1370 = CARTESIAN_POINT('',(-7.855868250754,5.815891472852,
    28.377691128329));
#1371 = CARTESIAN_POINT('',(-10.40861766969,0.569732534641,
    28.552385645881));
#1372 = CARTESIAN_POINT('',(-8.857447524874,-5.496266190071,
    28.726988758752));
#1373 = CARTESIAN_POINT('',(-4.099776892228,-8.873061154761,
    28.90168327628));
#1374 = CARTESIAN_POINT('',(1.06617624731,-8.844227495726,
    29.076311698544));
#1375 = CARTESIAN_POINT('',(4.779069308461,-6.328371834826,
    29.250973687752));
#1376 = CARTESIAN_POINT('',(7.90502225596,0.631240943063,29.600275716871
    ));
#1377 = CARTESIAN_POINT('',(7.319332817658,5.077830180949,
    29.774937706085));
#1378 = CARTESIAN_POINT('',(3.909419296504,8.958554591083,
    29.949566128341));
#1379 = CARTESIAN_POINT('',(-1.775095291613,10.27194984706,
    30.124260645865));
#1380 = CARTESIAN_POINT('',(-7.339819385776,7.402051747468,
    30.298863758766));
#1381 = CARTESIAN_POINT('',(-9.565708376169,2.009131176488,
    30.47355827627));
#1382 = CARTESIAN_POINT('',(-8.381011499612,-3.01922805197,
    30.648186698549));
#1383 = CARTESIAN_POINT('',(-5.097748785972,-6.074598822147,
    30.82284868775));
#1384 = CARTESIAN_POINT('',(2.385056809921,-7.563024924514,
    31.172150716876));
#1385 = CARTESIAN_POINT('',(6.587639930562,-5.996665105501,
    31.346812706067));
#1386 = CARTESIAN_POINT('',(9.606412759884,-1.804464874769,
    31.52144112838));
#1387 = CARTESIAN_POINT('',(9.613772430458,4.029801063251,
    31.696135645809));
#1388 = CARTESIAN_POINT('',(5.570851857078,8.810728021868,
    31.870738758821));
#1389 = CARTESIAN_POINT('',(-0.183518657245,9.772702068742,
    32.045433276233));
#1390 = CARTESIAN_POINT('',(-4.818992854755,7.492289346538,
    32.220061698563));
#1391 = CARTESIAN_POINT('',(-7.06171935679,3.608311691198,32.39472368775
    ));
#1392 = CARTESIAN_POINT('',(-6.837050829553,-4.017782715574,
    32.744025716867));
#1393 = CARTESIAN_POINT('',(-4.369545129544,-7.76299346921,
    32.91868770611));
#1394 = CARTESIAN_POINT('',(0.392102702923,-9.766550827563,
    33.093316128285));
#1395 = CARTESIAN_POINT('',(6.079912775688,-8.467501260453,
    33.268010645945));
#1396 = CARTESIAN_POINT('',(9.834313680108,-3.456818353392,
    33.442613758688));
#1397 = CARTESIAN_POINT('',(9.483533108366,2.366851200439,
    33.617308276324));
#1398 = CARTESIAN_POINT('',(6.223181693811,6.374096123556,
    33.791936698525));
#1399 = CARTESIAN_POINT('',(1.93567966334,7.690314543359,33.966598687754
    ));
#1400 = CARTESIAN_POINT('',(-5.446524736595,5.763957866695,
    34.315900716876));
#1401 = CARTESIAN_POINT('',(-8.544217788743,2.52058219879,34.49056270606
    ));
#1402 = CARTESIAN_POINT('',(-9.430838542421,-2.568763123441,
    34.665191128398));
#1403 = CARTESIAN_POINT('',(-6.891332825493,-7.8213457181,
    34.839885645784));
#1404 = CARTESIAN_POINT('',(-1.167281273318,-10.35860864779,
    35.014488758845));
#1405 = CARTESIAN_POINT('',(4.430018086101,-8.712882679039,
    35.189183276216));
#1406 = CARTESIAN_POINT('',(7.605584856548,-4.638121470619,
    35.363811698571));
#1407 = CARTESIAN_POINT('',(7.928470439001,-0.164772670135,
    35.538473687747));
#1408 = CARTESIAN_POINT('',(4.398227247772,6.598745265002,
    35.887775716871));
#1409 = CARTESIAN_POINT('',(0.543648647154,8.891649925102,
    36.062437706098));
#1410 = CARTESIAN_POINT('',(-4.615006764798,8.616320105364,
    36.237066128308));
#1411 = CARTESIAN_POINT('',(-9.165686882566,4.965289611497,
    36.411760645917));
#1412 = CARTESIAN_POINT('',(-10.35699433127,-1.181518983927,
    36.586363758709));
#1413 = CARTESIAN_POINT('',(-7.499876905826,-6.268271788929,
    36.761058276314));
#1414 = CARTESIAN_POINT('',(-2.817582601093,-8.450936047121,
    36.935686698526));
#1415 = CARTESIAN_POINT('',(1.61449987484,-7.764095806273,
    37.110348687757));
#1416 = CARTESIAN_POINT('',(7.41594576168,-2.809197475307,
    37.459650716869));
#1417 = CARTESIAN_POINT('',(8.787650657409,1.460886089179,37.63431270609
    ));
#1418 = CARTESIAN_POINT('',(7.364348831558,6.42694529962,37.808941128335
    ));
#1419 = CARTESIAN_POINT('',(2.787157338686,10.044683714502,
    37.983635645868));
#1420 = CARTESIAN_POINT('',(-3.470333211744,9.8295526901,38.158238758767
    ));
#1421 = CARTESIAN_POINT('',(-7.788283685316,5.906100410527,
    38.332933276267));
#1422 = CARTESIAN_POINT('',(-8.867230993043,0.853994322278,
    38.507561698551));
#1423 = CARTESIAN_POINT('',(-7.205535988506,-3.311803836771,
    38.682223687749));
#1424 = CARTESIAN_POINT('',(-1.077544008557,-7.85663674259,
    39.031525716876));
#1425 = CARTESIAN_POINT('',(3.39125125473,-8.237500055814,
    39.206187706069));
#1426 = CARTESIAN_POINT('',(7.912586132131,-5.738487631696,
    39.380816128375));
#1427 = CARTESIAN_POINT('',(10.413709313771,-0.467520355119,
    39.555510645818));
#1428 = CARTESIAN_POINT('',(8.803062074947,5.582957710146,
    39.730113758811));
#1429 = CARTESIAN_POINT('',(4.012469644834,8.912882371675,39.90480827624
    ));
#1430 = CARTESIAN_POINT('',(-1.152951472772,8.833334290507,
    40.079436698561));
#1431 = CARTESIAN_POINT('',(-4.840966647326,6.281149214467,
    40.254098687749));
#1432 = CARTESIAN_POINT('',(-7.898444210794,-0.708816650759,
    40.603400716872));
#1433 = CARTESIAN_POINT('',(-7.269129410962,-5.149441702637,
    40.77806270609));
#1434 = CARTESIAN_POINT('',(-3.821281906314,-8.99650288666,
    40.952691128326));
#1435 = CARTESIAN_POINT('',(1.875852759806,-10.25402815379,
    41.127385645892));
#1436 = CARTESIAN_POINT('',(7.41213397798,-7.329637684079,
    41.301988758733));
#1437 = CARTESIAN_POINT('',(9.584971677086,-1.915124740572,
    41.476683276298));
#1438 = CARTESIAN_POINT('',(8.350966884006,3.101361618501,
    41.651311698532));
#1439 = CARTESIAN_POINT('',(5.03786684367,6.124352308635,41.825973687757
    ));
#1440 = CARTESIAN_POINT('',(-2.459190502389,7.539245590141,
    42.175275716864));
#1441 = CARTESIAN_POINT('',(-6.646193641652,5.931703155063,
    42.349937706115));
#1442 = CARTESIAN_POINT('',(-9.623664824723,1.710068694036,
    42.524566128281));
#1443 = CARTESIAN_POINT('',(-9.573747288925,-4.123988336995,
    42.699260645948));
#1444 = CARTESIAN_POINT('',(-5.484085661271,-8.864994255321,
    42.873863758684));
#1445 = CARTESIAN_POINT('',(0.279451550228,-9.770429450828,
    43.048558276329));
#1446 = CARTESIAN_POINT('',(4.892314819584,-7.444618693569,
    43.22318669852));
#1447 = CARTESIAN_POINT('',(7.09680299332,-3.538810648908,
    43.397848687759));
#1448 = CARTESIAN_POINT('',(6.797277489013,4.084710605762,
    43.747150716866));
#1449 = CARTESIAN_POINT('',(4.293122770723,7.805516582371,43.9218127061)
  );
#1450 = CARTESIAN_POINT('',(-0.487965155397,9.762230769871,
    44.096441128316));
#1451 = CARTESIAN_POINT('',(-6.162747942205,8.407404757482,
    44.271135645894));
#1452 = CARTESIAN_POINT('',(-9.867776443983,3.360105167878,
    44.445738758742));
#1453 = CARTESIAN_POINT('',(-9.459839952966,-2.459840012403,
    44.620433276285));
#1454 = CARTESIAN_POINT('',(-6.160305255082,-6.434883911204,
    44.795061698542));
#1455 = CARTESIAN_POINT('',(-1.860088107247,-7.708947124488,
    44.969723687752));
#1456 = CARTESIAN_POINT('',(5.502848877924,-5.710209822954,
    45.319025716871));
#1457 = CARTESIAN_POINT('',(8.568551394351,-2.436579414773,
    45.493687706087));
#1458 = CARTESIAN_POINT('',(9.405165692616,2.66122488562,45.668316128334
    ));
#1459 = CARTESIAN_POINT('',(6.814216076441,7.888623214372,45.84301064588
    ));
#1460 = CARTESIAN_POINT('',(1.065531251812,10.369569028623,
    46.017613758744));
#1461 = CARTESIAN_POINT('',(-4.515341750501,8.66897189397,46.19230827629
    ));
#1462 = CARTESIAN_POINT('',(-7.650752255117,4.563231499422,
    46.366936698537));
#1463 = CARTESIAN_POINT('',(-7.929705983676,8.692840341668E-02,
    46.541598687754));
#1464 = CARTESIAN_POINT('',(-4.333233303133,-6.641606066009,
    46.890900716871));
#1465 = CARTESIAN_POINT('',(-0.456330281418,-8.89655859962,
    47.065562706084));
#1466 = CARTESIAN_POINT('',(4.69937352882,-8.570597880772,
    47.240191128344));
#1467 = CARTESIAN_POINT('',(9.213991012277,-4.875067853953,
    47.414885645863));
#1468 = CARTESIAN_POINT('',(10.344895867788,1.283139966012,
    47.589488758763));
#1469 = CARTESIAN_POINT('',(7.437977853099,6.341598400975,
    47.764183276277));
#1470 = CARTESIAN_POINT('',(2.734481280987,8.478189895864,
    47.938811698541));
#1471 = CARTESIAN_POINT('',(-1.690644678306,7.747871585576,
    48.113473687756));
#1472 = CARTESIAN_POINT('',(-7.443167168234,2.73625738943,
    48.462775716864));
#1473 = CARTESIAN_POINT('',(-8.77288518612,-1.547086860298,
    48.637437706116));
#1474 = CARTESIAN_POINT('',(-7.300898561562,-6.4989337426,
    48.812066128284));
#1475 = CARTESIAN_POINT('',(-2.688411155005,-10.07156206441,
    48.986760645936));
#1476 = CARTESIAN_POINT('',(3.566665830479,-9.795009624348,
    49.161363758704));
#1477 = CARTESIAN_POINT('',(7.845890433581,-5.829355721395,
    49.336058276307));
#1478 = CARTESIAN_POINT('',(8.875187606932,-0.766900729099,
    49.510686698534));
#1479 = CARTESIAN_POINT('',(7.172675710379,3.38238328529,49.685348687752
    ));
#1480 = CARTESIAN_POINT('',(1.000360968772,7.866836716721,
    50.034650716875));
#1481 = CARTESIAN_POINT('',(-3.471957995389,8.203810085596,
    50.209312706066));
#1482 = CARTESIAN_POINT('',(-7.968541381966,5.660530703161,
    50.383941128383));
#1483 = CARTESIAN_POINT('',(-10.4177972629,0.365263115008,
    50.558635645807));
#1484 = CARTESIAN_POINT('',(-8.747828167541,-5.669111133135,
    50.733238758822));
#1485 = CARTESIAN_POINT('',(-3.924775667286,-8.951844546436,
    50.907933276233));
#1486 = CARTESIAN_POINT('',(1.239615574381,-8.821589710144,
    51.082561698564));
#1487 = CARTESIAN_POINT('',(4.902397403748,-6.233321203872,
    51.257223687748));
#1488 = CARTESIAN_POINT('',(7.891104897136,0.786324041231,
    51.606525716872));
#1489 = CARTESIAN_POINT('',(7.218225390453,5.220556910408,
    51.781187706086));
#1490 = CARTESIAN_POINT('',(3.732776212989,9.033584080589,
    51.955816128339));
#1491 = CARTESIAN_POINT('',(-1.976429429357,10.235118155911,
    52.130510645867));
#1492 = CARTESIAN_POINT('',(-7.48373417333,7.256517175007,
    52.305113758765));
#1493 = CARTESIAN_POINT('',(-9.603311158457,1.820933720906,
    52.479808276271));
#1494 = CARTESIAN_POINT('',(-8.320117384838,-3.18319626932,
    52.654436698548));
#1495 = CARTESIAN_POINT('',(-4.977499341277,-6.17351551731,
    52.829098687752));
#1496 = CARTESIAN_POINT('',(2.533087172959,-7.514739607574,
    53.17840071687));
#1497 = CARTESIAN_POINT('',(6.704106778746,-5.866169494769,
    53.353062706092));
#1498 = CARTESIAN_POINT('',(9.639989340769,-1.615507693249,
    53.52769112833));
#1499 = CARTESIAN_POINT('',(9.532799409613,4.217778132074,
    53.702385645875));
#1500 = CARTESIAN_POINT('',(5.396790897975,8.918406062246,
    53.876988758762));
#1501 = CARTESIAN_POINT('',(-0.375357509172,9.767215138548,
    54.051683276269));
#1502 = CARTESIAN_POINT('',(-4.965165252883,7.396230512768,
    54.226311698552));
#1503 = CARTESIAN_POINT('',(-7.131202625219,3.468968528681,
    54.400973687747));
#1504 = CARTESIAN_POINT('',(-6.756849012711,-4.151244803039,
    54.750275716881));
#1505 = CARTESIAN_POINT('',(-4.216286631825,-7.84728738359,
    54.924937706043));
#1506 = CARTESIAN_POINT('',(0.583780576829,-9.756969808085,
    55.099566128428));
#1507 = CARTESIAN_POINT('',(6.244989130181,-8.346497931301,
    55.274260645747));
#1508 = CARTESIAN_POINT('',(9.900288131081,-3.263068128477,
    55.448863758878));
#1509 = CARTESIAN_POINT('',(9.435235038472,2.552591739897,
    55.623558276197));
#1510 = CARTESIAN_POINT('',(6.096835073321,6.495051491332,55.79818669858
    ));
#1511 = CARTESIAN_POINT('',(1.78431727199,7.726836701253,55.972848687746
    ));
#1512 = CARTESIAN_POINT('',(-5.558642643224,5.655911417302,
    56.322150716872));
#1513 = CARTESIAN_POINT('',(-8.592059145149,2.35234178817,
    56.496812706096));
#1514 = CARTESIAN_POINT('',(-9.37858635336,-2.753430153418,
    56.67144112831));
#1515 = CARTESIAN_POINT('',(-6.736442559059,-7.955140388707,
    56.846135645916));
#1516 = CARTESIAN_POINT('',(-0.9636785322,-10.37952996882,
    57.020738758708));
#1517 = CARTESIAN_POINT('',(4.600230216883,-8.624225575336,
    57.195433276316));
#1518 = CARTESIAN_POINT('',(7.695182258248,-4.487901714479,
    57.370061698523));
#1519 = CARTESIAN_POINT('',(7.930177246786,-9.075758357012E-03,
    57.544723687759));
#1520 = CARTESIAN_POINT('',(4.267821712453,6.683826735203,
    57.894025716864));
#1521 = CARTESIAN_POINT('',(0.368967933596,8.900609805292,
    58.068687706112));
#1522 = CARTESIAN_POINT('',(-4.783287357393,8.52404960413,
    58.243316128286));
#1523 = CARTESIAN_POINT('',(-9.261407078411,4.784376227225,
    58.418010645942));
#1524 = CARTESIAN_POINT('',(-10.33180034165,-1.384637276417,
    58.592613758687));
#1525 = CARTESIAN_POINT('',(-7.375361912618,-6.41431379654,
    58.76730827633));
#1526 = CARTESIAN_POINT('',(-2.651116405869,-8.504626599037,
    58.941936698516));
#1527 = CARTESIAN_POINT('',(1.766626533915,-7.730900608885,
    59.116598687763));
#1528 = CARTESIAN_POINT('',(7.469671186847,-2.663053577372,
    59.465900716856));
#1529 = CARTESIAN_POINT('',(8.757274165893,1.633138519969,
    59.640562706145));
#1530 = CARTESIAN_POINT('',(7.236744615777,6.570295804808,
    59.815191128222));
#1531 = CARTESIAN_POINT('',(2.589405856646,10.097469696233,
    59.989885646024));
#1532 = CARTESIAN_POINT('',(-3.662654686524,9.759522495155,
    60.164488758615));
#1533 = CARTESIAN_POINT('',(-7.902740978603,5.752049186847,
    60.339183276372));
#1534 = CARTESIAN_POINT('',(-8.882288811767,0.679733220421,
    60.513811698503));
#1535 = CARTESIAN_POINT('',(-7.139124114837,-3.452636732666,
    60.688473687761));
#1536 = CARTESIAN_POINT('',(-0.923081512117,-7.876278468759,
    61.037775716869));
#1537 = CARTESIAN_POINT('',(3.552330101518,-8.169329415078,
    61.212437706083));
#1538 = CARTESIAN_POINT('',(8.023728607185,-5.5820282009,61.387066128354
    ));
#1539 = CARTESIAN_POINT('',(10.420881123062,-0.262970670087,
    61.56176064584));
#1540 = CARTESIAN_POINT('',(8.691751126239,5.754718155411,
    61.736363758794));
#1541 = CARTESIAN_POINT('',(3.836703411698,8.989943923772,
    61.911058276248));
#1542 = CARTESIAN_POINT('',(-1.326160199264,8.808994886612,
    62.085686698559));
#1543 = CARTESIAN_POINT('',(-4.963355656905,6.184892412806,
    62.260348687748));
#1544 = CARTESIAN_POINT('',(-7.883005022362,-0.863755644156,
    62.609650716875));
#1545 = CARTESIAN_POINT('',(-7.166625662358,-5.291168950044,
    62.784312706075));
#1546 = CARTESIAN_POINT('',(-3.643910746936,-9.069794598866,
    62.958941128363));
#1547 = CARTESIAN_POINT('',(2.076815606561,-10.21522167606,
    63.133635645833));
#1548 = CARTESIAN_POINT('',(7.554613070763,-7.182697267681,
    63.308238758799));
#1549 = CARTESIAN_POINT('',(9.620725052739,-1.726567195872,
    63.482933276247));
#1550 = CARTESIAN_POINT('',(8.288465975429,3.264724117064,
    63.657561698559));
#1551 = CARTESIAN_POINT('',(4.916652097138,6.222083709708,
    63.832223687749));
#1552 = CARTESIAN_POINT('',(-2.606739699315,7.489509338765,
    64.181525716871));
#1553 = CARTESIAN_POINT('',(-6.761373760077,5.800070440843,
    64.356187706091));
#1554 = CARTESIAN_POINT('',(-9.655384734572,1.52079098648,
    64.530816128327));
#1555 = CARTESIAN_POINT('',(-9.490932739266,-4.311161408928,
    64.705510645886));
#1556 = CARTESIAN_POINT('',(-5.30897598072,-8.970958294626,
    64.880113758742));
#1557 = CARTESIAN_POINT('',(0.471227290351,-9.76305944175,
    65.054808276291));
#1558 = CARTESIAN_POINT('',(5.037537133243,-7.347129467873,
    65.229436698534));
#1559 = CARTESIAN_POINT('',(7.164914936953,-3.398792062049,
    65.404098687759));
#1560 = CARTESIAN_POINT('',(6.715769297263,4.217378894703,
    65.753400716858));
#1561 = CARTESIAN_POINT('',(4.139044118347,7.888301846939,
    65.928062706138));
#1562 = CARTESIAN_POINT('',(-0.679539732081,9.75076844916,
    66.102691128234));
#1563 = CARTESIAN_POINT('',(-6.326628413354,8.284786652426,
    66.277385646009));
#1564 = CARTESIAN_POINT('',(-9.931845607589,3.165716587603,
    66.451988758626));
#1565 = CARTESIAN_POINT('',(-9.409720736512,-2.645097443148,
    66.626683276369));
#1566 = CARTESIAN_POINT('',(-6.032777265862,-6.55459306495,
    66.801311698499));
#1567 = CARTESIAN_POINT('',(-1.708374460526,-7.743981549395,
    66.975973687767));
#1568 = CARTESIAN_POINT('',(5.61390065498,-5.601067883147,
    67.325275716854));
#1569 = CARTESIAN_POINT('',(8.614738775403,-2.267877437947,
    67.499937706149));
#1570 = CARTESIAN_POINT('',(9.351103086419,2.845370039865,
    67.674566128217));
#1571 = CARTESIAN_POINT('',(6.658019769347,8.020890830067,
    67.849260646027));
#1572 = CARTESIAN_POINT('',(0.861732931217,10.38849050832,
    68.023863758617));
#1573 = CARTESIAN_POINT('',(-4.684675303481,8.578648035888,
    68.198558276366));
#1574 = CARTESIAN_POINT('',(-7.738870583704,4.412139376233,
    68.373186698508));
#1575 = CARTESIAN_POINT('',(-7.929884182909,-6.877776144633E-02,
    68.547848687758));
#1576 = CARTESIAN_POINT('',(-4.201998780224,-6.725403203257,
    68.897150716873));
#1577 = CARTESIAN_POINT('',(-0.281570023925,-8.903803151687,
    69.071812706063));
#1578 = CARTESIAN_POINT('',(4.866740162878,-8.476679761824,
    69.246441128397));
#1579 = CARTESIAN_POINT('',(9.307930510716,-4.693223472357,
    69.421135645778));
#1580 = CARTESIAN_POINT('',(10.317709015241,1.486001132568,
    69.595738758858));
#1581 = CARTESIAN_POINT('',(7.312035119309,6.486410967235,
    69.770433276204));
#1582 = CARTESIAN_POINT('',(2.567496010679,8.530243608566,
    69.945061698577));
#1583 = CARTESIAN_POINT('',(-1.842438118393,7.713184511914,
    70.119723687747));
#1584 = CARTESIAN_POINT('',(-7.495455262995,2.589593094659,
    70.469025716866));
#1585 = CARTESIAN_POINT('',(-8.740819101373,-1.719032774315,
    70.643687706119));
#1586 = CARTESIAN_POINT('',(-7.171893177456,-6.641024608311,
    70.818316128268));
#1587 = CARTESIAN_POINT('',(-2.490150985992,-10.12240411278,
    70.993010645963));
#1588 = CARTESIAN_POINT('',(3.758290528306,-9.723094722987,
    71.167613758675));
#1589 = CARTESIAN_POINT('',(7.958829840999,-5.674188257748,
    71.342308276331));
#1590 = CARTESIAN_POINT('',(8.888533923113,-0.592500197675,
    71.51693669852));
#1591 = CARTESIAN_POINT('',(7.104884435657,3.522557407733,
    71.691598687759));
#1592 = CARTESIAN_POINT('',(0.845713086944,7.884961088684,
    72.040900716865));
#1593 = CARTESIAN_POINT('',(-3.632359826689,8.134061367583,
    72.215562706108));
#1594 = CARTESIAN_POINT('',(-8.078142488707,5.502987691164,
    72.390191128298));
#1595 = CARTESIAN_POINT('',(-10.42296059706,0.160652879464,
    72.56488564592));
#1596 = CARTESIAN_POINT('',(-8.634836355808,-5.839770525932,
    72.739488758715));
#1597 = CARTESIAN_POINT('',(-3.748261366696,-9.027176831628,
    72.914183276306));
#1598 = CARTESIAN_POINT('',(1.412577006089,-8.79555103381,73.08881169853
    ));
#1599 = CARTESIAN_POINT('',(5.023835531507,-6.135867508935,
    73.263473687757));
#1600 = CARTESIAN_POINT('',(7.874145367165,0.94110399651,73.612775716864
    ));
#1601 = CARTESIAN_POINT('',(7.114335199942,5.361271015816,
    73.787437706114));
#1602 = CARTESIAN_POINT('',(3.554694073211,9.105130951437,
    73.962066128287));
#1603 = CARTESIAN_POINT('',(-2.17700161597,10.194340631924,
    74.136760645933));
#1604 = CARTESIAN_POINT('',(-7.624763838867,7.108185077002,
    74.311363758706));
#1605 = CARTESIAN_POINT('',(-9.637211681506,1.632034260733,
    74.486058276308));
#1606 = CARTESIAN_POINT('',(-8.256015706425,-3.34593730392,
    74.660686698533));
#1607 = CARTESIAN_POINT('',(-4.855330975836,-6.270052204724,
    74.835348687753));
#1608 = CARTESIAN_POINT('',(2.680140982675,-7.463557215456,
    75.184650716873));
#1609 = CARTESIAN_POINT('',(6.817989066126,-5.733412364063,
    75.359312706076));
#1610 = CARTESIAN_POINT('',(9.669849522314,-1.425927702697,
    75.533941128361));
#1611 = CARTESIAN_POINT('',(9.448151313043,4.404129167056,
    75.708635645838));
#1612 = CARTESIAN_POINT('',(5.220649373336,9.022645887388,
    75.883238758791));
#1613 = CARTESIAN_POINT('',(-0.567051653689,9.757962760951,
    76.057933276252));
#1614 = CARTESIAN_POINT('',(-5.109423485268,7.297320291355,
    76.232561698558));
#1615 = CARTESIAN_POINT('',(-7.197936679288,3.328288012762,
    76.407223687746));
#1616 = CARTESIAN_POINT('',(-6.67404230196,-4.283106506611,
    76.756525716883));
#1617 = CARTESIAN_POINT('',(-4.061402675307,-7.928556019312,
    76.931187706036));
#1618 = CARTESIAN_POINT('',(0.775233392123,-9.743627290977,
    77.105816128442));
#1619 = CARTESIAN_POINT('',(6.407657922602,-8.222276868384,
    77.280510645729));
#1620 = CARTESIAN_POINT('',(9.962445832416,-3.068059928597,
    77.455113758895));
#1621 = CARTESIAN_POINT('',(9.383299505921,2.737348206581,
    77.629808276183));
#1622 = CARTESIAN_POINT('',(5.968138006836,6.613502893147,
    77.804436698589));
#1623 = CARTESIAN_POINT('',(1.632266992365,7.760380016509,
    77.979098687739));
#1624 = CARTESIAN_POINT('',(-5.668617587295,5.545684506378,
    78.328400716887));
#1625 = CARTESIAN_POINT('',(-8.636588099212,2.183194505086,
    78.503062706026));
#1626 = CARTESIAN_POINT('',(-9.322718540729,-2.93703568382,
    78.677691128465));
#1627 = CARTESIAN_POINT('',(-6.578955265737,-8.085868201037,
    78.852385645687));
#1628 = CARTESIAN_POINT('',(-0.759704274757,-10.39644978368,
    79.026988758948));
#1629 = CARTESIAN_POINT('',(4.768668871444,-8.53224366836,
    79.201683276137));
#1630 = CARTESIAN_POINT('',(7.781813020641,-4.33595178686,
    79.376311698614));
#1631 = CARTESIAN_POINT('',(7.928826820305,0.146624652313,
    79.550973687733));
#1632 = CARTESIAN_POINT('',(4.135770850604,6.766331462954,
    79.900275716888));
#1633 = CARTESIAN_POINT('',(0.194144975939,8.906138330986,
    80.074937706034));
#1634 = CARTESIAN_POINT('',(-4.949723901782,8.428492919505,
    80.24956612844));
#1635 = CARTESIAN_POINT('',(-9.353556825356,4.601618374827,
    80.424260645731));
#1636 = CARTESIAN_POINT('',(-10.3026232465,-1.587221764844,
    80.598863758897));
#1637 = CARTESIAN_POINT('',(-7.248003576877,-6.557882964116,
    80.773558276179));
#1638 = CARTESIAN_POINT('',(-2.48362815486,-8.555038455481,
    80.948186698591));
#1639 = CARTESIAN_POINT('',(1.918072124847,-7.694725002162,
    81.12284868774));
#1640 = CARTESIAN_POINT('',(7.520516911561,-2.515883021571,
    81.472150716882));
#1641 = CARTESIAN_POINT('',(8.723521578531,1.80476134469,81.646812706051
    ));
#1642 = CARTESIAN_POINT('',(7.106350497126,6.71111333607,81.821441128406
    ));
#1643 = CARTESIAN_POINT('',(2.390656109399,10.146362910929,
    81.996135645777));
#1644 = CARTESIAN_POINT('',(-3.853564138201,9.685729818754,
    82.170738758852));
#1645 = CARTESIAN_POINT('',(-8.014151614835,5.595780438543,
    82.34543327621));
#1646 = CARTESIAN_POINT('',(-8.893922339044,0.505210068543,
    82.520061698577));
#1647 = CARTESIAN_POINT('',(-7.069959972933,-3.592138571393,
    82.694723687744));
#1648 = CARTESIAN_POINT('',(-0.768263150176,-7.892883739638,
    83.044025716877));
#1649 = CARTESIAN_POINT('',(3.712039457417,-8.098009342349,
    83.21868770607));
#1650 = CARTESIAN_POINT('',(8.131777782137,-5.423416791985,
    83.393316128366));
#1651 = CARTESIAN_POINT('',(10.4240354843,-5.831960482222E-02,
    83.568010645838));
#1652 = CARTESIAN_POINT('',(8.577089342018,5.924260047242,
    83.742613758784));
#1653 = CARTESIAN_POINT('',(3.659458056369,9.063539681377,
    83.917308276266));
#1654 = CARTESIAN_POINT('',(-1.498857665763,8.781259447496,
    84.091936698544));
#1655 = CARTESIAN_POINT('',(-5.083831198391,6.086251217384,
    84.266598687756));
#1656 = CARTESIAN_POINT('',(-7.864526785445,-1.018361643305,
    84.61590071686));
#1657 = CARTESIAN_POINT('',(-7.061359043093,-5.430856351131,
    84.790562706137));
#1658 = CARTESIAN_POINT('',(-3.465134790684,-9.139589732525,
    84.965191128234));
#1659 = CARTESIAN_POINT('',(2.276977801465,-10.17247703603,
    85.139885646013));
#1660 = CARTESIAN_POINT('',(7.694179716326,-7.032987784623,
    85.314488758621));
#1661 = CARTESIAN_POINT('',(9.652769455777,-1.537344026757,
    85.489183276373));
#1662 = CARTESIAN_POINT('',(8.222769705435,3.426828002391,
    85.663811698498));
#1663 = CARTESIAN_POINT('',(4.793541887628,6.317416379051,
    85.838473687766));
#1664 = CARTESIAN_POINT('',(-2.753283948464,7.436885738984,
    86.187775716856));
#1665 = CARTESIAN_POINT('',(-6.873947240224,5.666201689014,
    86.36243770614));
#1666 = CARTESIAN_POINT('',(-9.68338230977,1.330926985128,
    86.537066128233));
#1667 = CARTESIAN_POINT('',(-9.404459254429,-4.496672446162,
    86.711760646012));
#1668 = CARTESIAN_POINT('',(-5.131819588794,-9.07346385867,
    86.886363758623));
#1669 = CARTESIAN_POINT('',(0.662821363324,-9.751925587438,
    87.061058276368));
#1670 = CARTESIAN_POINT('',(5.180817380472,-7.246807783904,
    87.235686698504));
#1671 = CARTESIAN_POINT('',(7.230264669487,-3.25746317615,87.41034868776
    ));
#1672 = CARTESIAN_POINT('',(6.631672048592,4.348421303798,87.75965071687
    ));
#1673 = CARTESIAN_POINT('',(3.983369785742,7.968046020976,
    87.934312706076));
#1674 = CARTESIAN_POINT('',(-0.870852333401,9.735547021643,
    88.108941128365));
#1675 = CARTESIAN_POINT('',(-6.488069848642,8.158974604307,
    88.283635645828));
#1676 = CARTESIAN_POINT('',(-9.992085855805,2.970107563449,
    88.458238758803));
#1677 = CARTESIAN_POINT('',(-9.3559738935,-2.829335138586,
    88.632933276248));
#1678 = CARTESIAN_POINT('',(-5.9029235262,-6.671775298239,
    88.807561698553));
#1679 = CARTESIAN_POINT('',(-1.556002202924,-7.776030522018,
    88.982223687756));
#1680 = CARTESIAN_POINT('',(5.722788166465,-5.489766625036,
    89.331525716856));
#1681 = CARTESIAN_POINT('',(8.657605010658,-2.098301151234,
    89.506187706158));
#1682 = CARTESIAN_POINT('',(9.293435452008,3.028418249852,
    89.680816128187));
#1683 = CARTESIAN_POINT('',(6.49925666884,8.150066239596,89.855510646078
    ));
#1684 = CARTESIAN_POINT('',(0.65760239622,10.403407027225,
    90.030113758559));
#1685 = CARTESIAN_POINT('',(-4.85220282498,8.485016945658,
    90.204808276411));
#1686 = CARTESIAN_POINT('',(-7.82400543036,4.259346289333,
    90.379436698484));
#1687 = CARTESIAN_POINT('',(-7.927005260835,-0.224457411171,
    90.554098687766));
#1688 = CARTESIAN_POINT('',(-4.069144306805,-6.806607569553,
    90.903400716863));
#1689 = CARTESIAN_POINT('',(-0.106701215787,-8.907615118126,
    91.078062706104));
#1690 = CARTESIAN_POINT('',(5.032230575868,-8.379493721494,
    91.25269112831));
#1691 = CARTESIAN_POINT('',(9.398281624897,-4.509569763758,
    91.427385645903));
#1692 = CARTESIAN_POINT('',(10.286544489319,1.688289417414,
    91.601988758734));
#1693 = CARTESIAN_POINT('',(7.183273456889,6.628722898562,
    91.776683276287));
#1694 = CARTESIAN_POINT('',(2.399520921741,8.579008749999,
    91.951311698544));
#1695 = CARTESIAN_POINT('',(-1.993521263508,7.67552385879,
    92.125973687749));
#1696 = CARTESIAN_POINT('',(-7.544853717063,2.441930462449,
    92.475275716881));
#1697 = CARTESIAN_POINT('',(-8.705383264504,-1.89031596844,
    92.649937706039));
#1698 = CARTESIAN_POINT('',(-7.040122891966,-6.780555232698,
    92.824566128439));
#1699 = CARTESIAN_POINT('',(-2.290930816387,-10.16934378157,
    92.999260645724));
#1700 = CARTESIAN_POINT('',(3.948466333576,-9.647431383648,
    93.17386375891));
#1701 = CARTESIAN_POINT('',(8.06870096804,-5.516833286421,
    93.348558276167));
#1702 = CARTESIAN_POINT('',(8.898453540242,-0.417871246193,
    93.523186698599));
#1703 = CARTESIAN_POINT('',(7.034354092748,3.661373517256,
    93.697848687737));
#1704 = CARTESIAN_POINT('',(0.690739166609,7.900045658033,
    94.047150716885));
#1705 = CARTESIAN_POINT('',(-3.791361314066,8.061176814123,
    94.221812706038));
#1706 = CARTESIAN_POINT('',(-8.184629317891,5.343323172584,
    94.396441128437));
#1707 = CARTESIAN_POINT('',(-10.42410568129,-4.401929074649E-02,
    94.57113564573));
#1708 = CARTESIAN_POINT('',(-8.518515650519,-6.008178576074,
    94.7457387589));
#1709 = CARTESIAN_POINT('',(-3.570302039834,-9.099028968296,
    94.920433276177));
#1710 = CARTESIAN_POINT('',(1.584993862393,-8.766121505115,
    95.095061698592));
#1711 = CARTESIAN_POINT('',(5.143336875057,-6.036048320281,
    95.269723687741));
#1712 = CARTESIAN_POINT('',(7.854150204241,1.095521138301,
    95.619025716877));
#1713 = CARTESIAN_POINT('',(7.007702297853,5.499918249104,
    95.793687706081));
#1714 = CARTESIAN_POINT('',(3.375241531074,9.173167621194,
    95.968316128325));
#1715 = CARTESIAN_POINT('',(-2.376734526853,10.149632995203,
    96.143010645933));
#1716 = CARTESIAN_POINT('',(-7.762854012968,6.957112638785,
    96.317613758617));
#1717 = CARTESIAN_POINT('',(-9.667396875859,1.442505619858,
    96.492308276493));
#1718 = CARTESIAN_POINT('',(-8.188731176896,-3.507388415669,
    96.666936698306));
#1719 = CARTESIAN_POINT('',(-4.731290787815,-6.364171667861,
    96.841598687947));
#1720 = CARTESIAN_POINT('',(2.826161546888,-7.409497479552,
    97.190900716441));
#1721 = CARTESIAN_POINT('',(6.92924288967,-5.598444895917,
    97.365562708434));
#1722 = CARTESIAN_POINT('',(9.695981790885,-1.235797984208,
    97.54019112218));
#1723 = CARTESIAN_POINT('',(9.359860777746,4.588782316094,
    97.714885657109));
#1724 = CARTESIAN_POINT('',(5.042495184199,9.123407325146,
    97.889488743101));
#1725 = CARTESIAN_POINT('',(-0.758527183755,9.744948487152,
    98.064183293528));
#1726 = CARTESIAN_POINT('',(-5.251711942252,7.195596827978,
    98.238811683338));
#1727 = CARTESIAN_POINT('',(-7.261895788511,3.186324368688,
    98.413473698431));
#1728 = CARTESIAN_POINT('',(-6.588662627641,-4.413316970626,
    98.762775694492));
#1729 = CARTESIAN_POINT('',(-3.904952934124,-8.006768156255,
    98.937437826917));
#1730 = CARTESIAN_POINT('',(0.966387244441,-9.726528131131,
    99.112065812375));
#1731 = CARTESIAN_POINT('',(6.567856615302,-8.09488648756,
    99.286761221436));
#1732 = CARTESIAN_POINT('',(10.020762578702,-2.871868201081,
    99.461362958161));
#1733 = CARTESIAN_POINT('',(9.327746799589,2.921048568019,
    99.636059157008));
#1734 = CARTESIAN_POINT('',(5.8371398747,6.729405372632,99.810685923303)
  );
#1735 = CARTESIAN_POINT('',(1.479587607473,7.790931060268,
    99.985349231552));
#1736 = CARTESIAN_POINT('',(-2.148409954493,6.612125865239,
    100.15999940462));
#1737 = PCURVE('',#1738,#2767);
#1738 = B_SPLINE_SURFACE_WITH_KNOTS('',1,9,(
    (#1739,#1740,#1741,#1742,#1743,#1744,#1745,#1746,#1747,#1748,#1749
      ,#1750,#1751,#1752,#1753,#1754,#1755,#1756,#1757,#1758,#1759,#1760
      ,#1761,#1762,#1763,#1764,#1765,#1766,#1767,#1768,#1769,#1770,#1771
      ,#1772,#1773,#1774,#1775,#1776,#1777,#1778,#1779,#1780,#1781,#1782
      ,#1783,#1784,#1785,#1786,#1787,#1788,#1789,#1790,#1791,#1792,#1793
      ,#1794,#1795,#1796,#1797,#1798,#1799,#1800,#1801,#1802,#1803,#1804
      ,#1805,#1806,#1807,#1808,#1809,#1810,#1811,#1812,#1813,#1814,#1815
      ,#1816,#1817,#1818,#1819,#1820,#1821,#1822,#1823,#1824,#1825,#1826
      ,#1827,#1828,#1829,#1830,#1831,#1832,#1833,#1834,#1835,#1836,#1837
      ,#1838,#1839,#1840,#1841,#1842,#1843,#1844,#1845,#1846,#1847,#1848
      ,#1849,#1850,#1851,#1852,#1853,#1854,#1855,#1856,#1857,#1858,#1859
      ,#1860,#1861,#1862,#1863,#1864,#1865,#1866,#1867,#1868,#1869,#1870
      ,#1871,#1872,#1873,#1874,#1875,#1876,#1877,#1878,#1879,#1880,#1881
      ,#1882,#1883,#1884,#1885,#1886,#1887,#1888,#1889,#1890,#1891,#1892
      ,#1893,#1894,#1895,#1896,#1897,#1898,#1899,#1900,#1901,#1902,#1903
      ,#1904,#1905,#1906,#1907,#1908,#1909,#1910,#1911,#1912,#1913,#1914
      ,#1915,#1916,#1917,#1918,#1919,#1920,#1921,#1922,#1923,#1924,#1925
      ,#1926,#1927,#1928,#1929,#1930,#1931,#1932,#1933,#1934,#1935,#1936
      ,#1937,#1938,#1939,#1940,#1941,#1942,#1943,#1944,#1945,#1946,#1947
      ,#1948,#1949,#1950,#1951,#1952,#1953,#1954,#1955,#1956,#1957,#1958
      ,#1959,#1960,#1961,#1962,#1963,#1964,#1965,#1966,#1967,#1968,#1969
      ,#1970,#1971,#1972,#1973,#1974,#1975,#1976,#1977,#1978,#1979,#1980
      ,#1981,#1982,#1983,#1984,#1985,#1986,#1987,#1988,#1989,#1990,#1991
      ,#1992,#1993,#1994,#1995,#1996,#1997,#1998,#1999,#2000,#2001,#2002
      ,#2003,#2004,#2005,#2006,#2007,#2008,#2009,#2010,#2011,#2012,#2013
      ,#2014,#2015,#2016,#2017,#2018,#2019,#2020,#2021,#2022,#2023,#2024
      ,#2025,#2026,#2027,#2028,#2029,#2030,#2031,#2032,#2033,#2034,#2035
      ,#2036,#2037,#2038,#2039,#2040,#2041,#2042,#2043,#2044,#2045,#2046
      ,#2047,#2048,#2049,#2050,#2051,#2052,#2053,#2054,#2055,#2056,#2057
      ,#2058,#2059,#2060,#2061,#2062,#2063,#2064,#2065,#2066,#2067,#2068
      ,#2069,#2070,#2071,#2072,#2073,#2074,#2075,#2076,#2077,#2078,#2079
      ,#2080,#2081,#2082,#2083,#2084,#2085,#2086,#2087,#2088,#2089,#2090
      ,#2091,#2092,#2093,#2094,#2095,#2096,#2097,#2098,#2099,#2100,#2101
      ,#2102,#2103,#2104,#2105,#2106,#2107,#2108,#2109,#2110,#2111,#2112
      ,#2113,#2114,#2115,#2116,#2117,#2118,#2119,#2120,#2121,#2122,#2123
      ,#2124,#2125,#2126,#2127,#2128,#2129,#2130,#2131,#2132,#2133,#2134
      ,#2135,#2136,#2137,#2138,#2139,#2140,#2141,#2142,#2143,#2144,#2145
      ,#2146,#2147,#2148,#2149,#2150,#2151,#2152,#2153,#2154,#2155,#2156
      ,#2157,#2158,#2159,#2160,#2161,#2162,#2163,#2164,#2165,#2166,#2167
      ,#2168,#2169,#2170,#2171,#2172,#2173,#2174,#2175,#2176,#2177,#2178
      ,#2179,#2180,#2181,#2182,#2183,#2184,#2185,#2186,#2187,#2188,#2189
      ,#2190,#2191,#2192,#2193,#2194,#2195,#2196,#2197,#2198,#2199,#2200
      ,#2201,#2202,#2203,#2204,#2205,#2206,#2207,#2208,#2209,#2210,#2211
      ,#2212,#2213,#2214,#2215,#2216,#2217,#2218,#2219,#2220,#2221,#2222
      ,#2223,#2224,#2225,#2226,#2227,#2228,#2229,#2230,#2231,#2232,#2233
      ,#2234,#2235,#2236,#2237,#2238,#2239,#2240,#2241,#2242,#2243,#2244
      ,#2245,#2246,#2247,#2248,#2249,#2250,#2251,#2252)
    ,(#2253,#2254,#2255,#2256,#2257,#2258,#2259,#2260,#2261,#2262,#2263
      ,#2264,#2265,#2266,#2267,#2268,#2269,#2270,#2271,#2272,#2273,#2274
      ,#2275,#2276,#2277,#2278,#2279,#2280,#2281,#2282,#2283,#2284,#2285
      ,#2286,#2287,#2288,#2289,#2290,#2291,#2292,#2293,#2294,#2295,#2296
      ,#2297,#2298,#2299,#2300,#2301,#2302,#2303,#2304,#2305,#2306,#2307
      ,#2308,#2309,#2310,#2311,#2312,#2313,#2314,#2315,#2316,#2317,#2318
      ,#2319,#2320,#2321,#2322,#2323,#2324,#2325,#2326,#2327,#2328,#2329
      ,#2330,#2331,#2332,#2333,#2334,#2335,#2336,#2337,#2338,#2339,#2340
      ,#2341,#2342,#2343,#2344,#2345,#2346,#2347,#2348,#2349,#2350,#2351
      ,#2352,#2353,#2354,#2355,#2356,#2357,#2358,#2359,#2360,#2361,#2362
      ,#2363,#2364,#2365,#2366,#2367,#2368,#2369,#2370,#2371,#2372,#2373
      ,#2374,#2375,#2376,#2377,#2378,#2379,#2380,#2381,#2382,#2383,#2384
      ,#2385,#2386,#2387,#2388,#2389,#2390,#2391,#2392,#2393,#2394,#2395
      ,#2396,#2397,#2398,#2399,#2400,#2401,#2402,#2403,#2404,#2405,#2406
      ,#2407,#2408,#2409,#2410,#2411,#2412,#2413,#2414,#2415,#2416,#2417
      ,#2418,#2419,#2420,#2421,#2422,#2423,#2424,#2425,#2426,#2427,#2428
      ,#2429,#2430,#2431,#2432,#2433,#2434,#2435,#2436,#2437,#2438,#2439
      ,#2440,#2441,#2442,#2443,#2444,#2445,#2446,#2447,#2448,#2449,#2450
      ,#2451,#2452,#2453,#2454,#2455,#2456,#2457,#2458,#2459,#2460,#2461
      ,#2462,#2463,#2464,#2465,#2466,#2467,#2468,#2469,#2470,#2471,#2472
      ,#2473,#2474,#2475,#2476,#2477,#2478,#2479,#2480,#2481,#2482,#2483
      ,#2484,#2485,#2486,#2487,#2488,#2489,#2490,#2491,#2492,#2493,#2494
      ,#2495,#2496,#2497,#2498,#2499,#2500,#2501,#2502,#2503,#2504,#2505
      ,#2506,#2507,#2508,#2509,#2510,#2511,#2512,#2513,#2514,#2515,#2516
      ,#2517,#2518,#2519,#2520,#2521,#2522,#2523,#2524,#2525,#2526,#2527
      ,#2528,#2529,#2530,#2531,#2532,#2533,#2534,#2535,#2536,#2537,#2538
      ,#2539,#2540,#2541,#2542,#2543,#2544,#2545,#2546,#2547,#2548,#2549
      ,#2550,#2551,#2552,#2553,#2554,#2555,#2556,#2557,#2558,#2559,#2560
      ,#2561,#2562,#2563,#2564,#2565,#2566,#2567,#2568,#2569,#2570,#2571
      ,#2572,#2573,#2574,#2575,#2576,#2577,#2578,#2579,#2580,#2581,#2582
      ,#2583,#2584,#2585,#2586,#2587,#2588,#2589,#2590,#2591,#2592,#2593
      ,#2594,#2595,#2596,#2597,#2598,#2599,#2600,#2601,#2602,#2603,#2604
      ,#2605,#2606,#2607,#2608,#2609,#2610,#2611,#2612,#2613,#2614,#2615
      ,#2616,#2617,#2618,#2619,#2620,#2621,#2622,#2623,#2624,#2625,#2626
      ,#2627,#2628,#2629,#2630,#2631,#2632,#2633,#2634,#2635,#2636,#2637
      ,#2638,#2639,#2640,#2641,#2642,#2643,#2644,#2645,#2646,#2647,#2648
      ,#2649,#2650,#2651,#2652,#2653,#2654,#2655,#2656,#2657,#2658,#2659
      ,#2660,#2661,#2662,#2663,#2664,#2665,#2666,#2667,#2668,#2669,#2670
      ,#2671,#2672,#2673,#2674,#2675,#2676,#2677,#2678,#2679,#2680,#2681
      ,#2682,#2683,#2684,#2685,#2686,#2687,#2688,#2689,#2690,#2691,#2692
      ,#2693,#2694,#2695,#2696,#2697,#2698,#2699,#2700,#2701,#2702,#2703
      ,#2704,#2705,#2706,#2707,#2708,#2709,#2710,#2711,#2712,#2713,#2714
      ,#2715,#2716,#2717,#2718,#2719,#2720,#2721,#2722,#2723,#2724,#2725
      ,#2726,#2727,#2728,#2729,#2730,#2731,#2732,#2733,#2734,#2735,#2736
      ,#2737,#2738,#2739,#2740,#2741,#2742,#2743,#2744,#2745,#2746,#2747
      ,#2748,#2749,#2750,#2751,#2752,#2753,#2754,#2755,#2756,#2757,#2758
      ,#2759,#2760,#2761,#2762,#2763,#2764,#2765,#2766
  )),.UNSPECIFIED.,.F.,.F.,.F.,(2,2),(10,8,8,8,8,8,8,8,8,8,8,8,8,8,8,8,8
    ,8,8,8,8,8,8,8,8,8,8,8,8,8,8,8,8,8,8,8,8,8,8,8,8,8,8,8,8,8,8,8,8,8,8
    ,8,8,8,8,8,8,8,8,8,8,8,8,8,10),(0.,1.166190378969),(0.,
    5.182327748957,10.364655497914,15.546983246871,20.729310995828,
    25.911638744785,31.093966493742,36.276294242699,41.458621991656,
    46.640949740613,51.82327748957,57.005605238527,62.187932987484,
    67.370260736441,72.552588485398,77.734916234355,82.917243983312,
    88.099571732269,93.281899481226,98.464227230183,103.64655497914,
    108.82888272809,114.01121047705,119.19353822601,124.37586597496,
    129.55819372392,134.74052147288,139.92284922183,145.10517697079,
    150.28750471975,155.4698324687,160.65216021766,165.83448796662,
    171.01681571558,176.19914346453,181.38147121349,186.56379896245,
    191.7461267114,196.92845446036,202.11078220932,207.29310995827,
    212.47543770723,217.65776545619,222.84009320515,228.0224209541,
    233.20474870306,238.38707645202,243.56940420097,248.75173194993,
    253.93405969889,259.11638744784,264.2987151968,269.48104294576,
    274.66337069472,279.84569844367,285.02802619263,290.21035394159,
    295.39268169054,300.5750094395,305.75733718846,310.93966493741,
    316.12199268637,321.30432043533,326.48664818429,331.66897593324),
  .UNSPECIFIED.);
#1739 = CARTESIAN_POINT('',(6.9524,4.440892098501E-15,-0.44));
#1740 = CARTESIAN_POINT('',(6.952402551393,3.814701623781,
    -0.265349826942));
#1741 = CARTESIAN_POINT('',(4.596255314337,7.630951540585,
    -9.068651864483E-02));
#1742 = CARTESIAN_POINT('',(-0.104324710237,9.773861936699,
    8.39402475658E-02));
#1743 = CARTESIAN_POINT('',(-5.827924307104,8.642871237464,0.25863644651
    ));
#1744 = CARTESIAN_POINT('',(-9.728251073938,3.744921780023,
    0.433238183164));
#1745 = CARTESIAN_POINT('',(-9.5491199335,-2.08655201666,0.607933592254)
  );
#1746 = CARTESIAN_POINT('',(-6.408188121746,-6.188070389857,
    0.782561577709));
#1747 = CARTESIAN_POINT('',(-2.161305912391,-7.629977091047,
    0.957223710133));
#1748 = CARTESIAN_POINT('',(5.274424605707,-5.921848290362,
    1.306525706186));
#1749 = CARTESIAN_POINT('',(8.466285677977,-2.771100650632,
    1.481187721321));
#1750 = CARTESIAN_POINT('',(9.502393866314,2.289928106783,1.655816111026
    ));
#1751 = CARTESIAN_POINT('',(7.118668441432,7.61501650281,1.830510661612)
  );
#1752 = CARTESIAN_POINT('',(1.471817146437,10.319741906967,
    2.005113747439));
#1753 = CARTESIAN_POINT('',(-4.171518352334,8.839559915532,
    2.179808282493));
#1754 = CARTESIAN_POINT('',(-7.465702172145,4.860080537453,
    2.354436696166));
#1755 = CARTESIAN_POINT('',(-7.920179675068,0.398180180675,
    2.529098688193));
#1756 = CARTESIAN_POINT('',(-4.590640767588,-6.46636368729,
    2.878400716659));
#1757 = CARTESIAN_POINT('',(-0.805255719104,-8.871784232606,
    3.053062706393));
#1758 = CARTESIAN_POINT('',(4.359270388712,-8.748486799309,
    3.227691127983));
#1759 = CARTESIAN_POINT('',(9.015493093082,-5.233048942888,3.4023856462)
  );
#1760 = CARTESIAN_POINT('',(10.387296166844,0.876012005808,
    3.576988758517));
#1761 = CARTESIAN_POINT('',(7.681213426459,6.044695618282,3.751683276413
    ));
#1762 = CARTESIAN_POINT('',(3.065225268344,8.364298287429,3.926311698491
    ));
#1763 = CARTESIAN_POINT('',(-1.385161241563,7.808272655956,
    4.100973687762));
#1764 = CARTESIAN_POINT('',(-7.330003795109,3.026365205832,
    4.450275716866));
#1765 = CARTESIAN_POINT('',(-8.826859954683,-1.201472256298,
    4.624937706093));
#1766 = CARTESIAN_POINT('',(-7.550416774724,-6.20729136784,4.79956612833
    ));
#1767 = CARTESIAN_POINT('',(-3.08174615848,-9.958250728393,
    4.974260645878));
#1768 = CARTESIAN_POINT('',(3.179365787157,-9.927484670316,
    5.148863758754));
#1769 = CARTESIAN_POINT('',(7.610982104795,-6.132889712266,
    5.323558276279));
#1770 = CARTESIAN_POINT('',(8.838236777594,-1.11474770671,5.498186698544
    ));
#1771 = CARTESIAN_POINT('',(7.299937581957,3.098177663468,5.672848687752
    ));
#1772 = CARTESIAN_POINT('',(1.308440286824,7.821497683388,6.022150716872
    ));
#1773 = CARTESIAN_POINT('',(-3.147201169122,8.333793676545,
    6.196812706082));
#1774 = CARTESIAN_POINT('',(-7.740166532831,5.969010105669,
    6.371441128347));
#1775 = CARTESIAN_POINT('',(-10.39542535617,0.773982311528,
    6.546135645859));
#1776 = CARTESIAN_POINT('',(-8.963652167636,-5.321302331749,
    6.72073875877));
#1777 = CARTESIAN_POINT('',(-4.273197575097,-8.790857029118,
    6.89543327627));
#1778 = CARTESIAN_POINT('',(0.892325888984,-8.863455663243,
    7.070061698548));
#1779 = CARTESIAN_POINT('',(4.653898790984,-6.420982757973,
    7.244723687751));
#1780 = CARTESIAN_POINT('',(7.915892078224,0.475914489497,7.594025716873
    ));
#1781 = CARTESIAN_POINT('',(7.417618502736,4.933145851285,7.768687706079
    ));
#1782 = CARTESIAN_POINT('',(4.084555224455,8.880071408267,7.943316128352
    ));
#1783 = CARTESIAN_POINT('',(-1.573076820828,10.304821505982,
    8.118010645851));
#1784 = CARTESIAN_POINT('',(-7.193074958146,7.544732688097,
    8.292613758777));
#1785 = CARTESIAN_POINT('',(-9.524417831199,2.196554073746,
    8.467308276264));
#1786 = CARTESIAN_POINT('',(-8.438674574917,-2.854095864731,
    8.64193669855));
#1787 = CARTESIAN_POINT('',(-5.216032951469,-5.973340253501,
    8.816598687751));
#1788 = CARTESIAN_POINT('',(2.23610696208,-7.608394551385,9.165900716873
    ));
#1789 = CARTESIAN_POINT('',(6.468633421795,-6.124848887655,
    9.340562706079));
#1790 = CARTESIAN_POINT('',(9.569132723978,-1.992726400787,
    9.515191128351));
#1791 = CARTESIAN_POINT('',(9.691039159086,3.840270429481,9.689885645853
    ));
#1792 = CARTESIAN_POINT('',(5.742765146677,8.699653278053,9.864488758775
    ));
#1793 = CARTESIAN_POINT('',(8.390944665585E-03,9.774421436293,
    10.039183276267));
#1794 = CARTESIAN_POINT('',(-4.670962643167,7.585459760131,
    10.213811698548));
#1795 = CARTESIAN_POINT('',(-6.989513661123,3.746263780871,
    10.388473687752));
#1796 = CARTESIAN_POINT('',(-6.91461683314,-3.88277169639,
    10.737775716871));
#1797 = CARTESIAN_POINT('',(-4.521119084494,-7.675706773061,
    10.912437706087));
#1798 = CARTESIAN_POINT('',(0.200273666075,-9.772366655831,
    11.087066128336));
#1799 = CARTESIAN_POINT('',(5.912492498937,-8.585240206589,
    11.261760645873));
#1800 = CARTESIAN_POINT('',(9.764547914133,-3.649235909141,
    11.436363758757));
#1801 = CARTESIAN_POINT('',(9.528175095648,2.180198194876,
    11.611058276277));
#1802 = CARTESIAN_POINT('',(6.347129159318,6.250683420347,
    11.785686698545));
#1803 = CARTESIAN_POINT('',(2.086295813331,7.650827622824,
    11.960348687752));
#1804 = CARTESIAN_POINT('',(-5.332307091002,5.869782200616,
    12.309650716872));
#1805 = CARTESIAN_POINT('',(-8.493082473725,2.687850876946,
    12.484312706081));
#1806 = CARTESIAN_POINT('',(-9.479454963701,-2.38310578628,
    12.65894112835));
#1807 = CARTESIAN_POINT('',(-7.043566351964,-7.684535769973,
    12.833635645853));
#1808 = CARTESIAN_POINT('',(-1.370434005239,-10.3336938858,
    13.008238758777));
#1809 = CARTESIAN_POINT('',(4.258098098968,-8.798180800696,
    13.182933276264));
#1810 = CARTESIAN_POINT('',(7.513055357139,-4.786553142608,
    13.35756169855));
#1811 = CARTESIAN_POINT('',(7.923707054927,-0.320406058919,
    13.532223687751));
#1812 = CARTESIAN_POINT('',(4.526937182767,6.511119852891,
    13.881525716872));
#1813 = CARTESIAN_POINT('',(0.718119773804,8.879262144606,
    14.056187706087));
#1814 = CARTESIAN_POINT('',(-4.444946999239,8.705268851177,
    14.230816128335));
#1815 = CARTESIAN_POINT('',(-9.066433139956,5.144288782104,
    14.405510645877));
#1816 = CARTESIAN_POINT('',(-10.37819550242,-0.977945193373,
    14.58011375875));
#1817 = CARTESIAN_POINT('',(-7.621500553723,-6.119813243227,
    14.754808276284));
#1818 = CARTESIAN_POINT('',(-2.982962564586,-8.393987498485,
    14.92943669854));
#1819 = CARTESIAN_POINT('',(1.461750795329,-7.79429779693,
    15.104098687754));
#1820 = CARTESIAN_POINT('',(7.359361348258,-2.954258374144,
    15.45340071687));
#1821 = CARTESIAN_POINT('',(8.814639342296,1.288070459021,
    15.628062706091));
#1822 = CARTESIAN_POINT('',(7.489113950709,6.28111708461,15.802691128327
    ));
#1823 = CARTESIAN_POINT('',(2.983834318485,9.988025316088,
    15.977385645887));
#1824 = CARTESIAN_POINT('',(-3.276673857437,9.895793405269,
    16.151988758741));
#1825 = CARTESIAN_POINT('',(-7.670823860407,6.057874720142,
    16.326683276291));
#1826 = CARTESIAN_POINT('',(-8.848754687987,1.027926193031,
    16.501311698535));
#1827 = CARTESIAN_POINT('',(-7.269169990881,-3.169694177444,
    16.675973687756));
#1828 = CARTESIAN_POINT('',(-1.231591091276,-7.833966133407,
    17.025275716865));
#1829 = CARTESIAN_POINT('',(3.228865016055,-8.302494983451,
    17.199937706111));
#1830 = CARTESIAN_POINT('',(7.798393204441,-5.892734766295,
    17.37456612829));
#1831 = CARTESIAN_POINT('',(10.402522821388,-0.671889802141,
    17.549260645934));
#1832 = CARTESIAN_POINT('',(8.910979275569,5.409044928408,17.7238637587)
  );
#1833 = CARTESIAN_POINT('',(4.186688994597,8.832384733751,
    17.898558276314));
#1834 = CARTESIAN_POINT('',(-0.979298261565,8.854268275889,
    18.073186698529));
#1835 = CARTESIAN_POINT('',(-4.716711352948,6.374984513536,
    18.247848687754));
#1836 = CARTESIAN_POINT('',(-7.910838398627,-0.553604395052,
    18.597150716873));
#1837 = CARTESIAN_POINT('',(-7.368830771825,-5.005729247415,
    18.771812706072));
#1838 = CARTESIAN_POINT('',(-3.997179888728,-8.919742851375,
    18.946441128369));
#1839 = CARTESIAN_POINT('',(1.674166736044,-10.28888150841,
    19.121135645828));
#1840 = CARTESIAN_POINT('',(7.266797366499,-7.473752385703,
    19.295738758799));
#1841 = CARTESIAN_POINT('',(9.545523112371,-2.102943968165,
    19.47043327625));
#1842 = CARTESIAN_POINT('',(8.410248335886,2.936803485962,
    19.645061698556));
#1843 = CARTESIAN_POINT('',(5.157139396635,6.024259853176,19.81972368775
    ));
#1844 = CARTESIAN_POINT('',(-2.310693240712,7.586075318815,
    20.169025716873));
#1845 = CARTESIAN_POINT('',(-6.528451289046,6.061049084837,
    20.343687706082));
#1846 = CARTESIAN_POINT('',(-9.58823480893,1.898687137496,
    20.518316128347));
#1847 = CARTESIAN_POINT('',(-9.65287097669,-3.935225388984,
    20.693010645857));
#1848 = CARTESIAN_POINT('',(-5.657081122485,-8.755612592033,
    20.867613758773));
#1849 = CARTESIAN_POINT('',(8.756807627348E-02,-9.774032773334,
    21.042308276266));
#1850 = CARTESIAN_POINT('',(4.745206425402,-7.539237877052,
    21.216936698549));
#1851 = CARTESIAN_POINT('',(7.025955097044,-3.677464956898,
    21.391598687752));
#1852 = CARTESIAN_POINT('',(6.876165200903,3.950467583125,21.74090071687
    ));
#1853 = CARTESIAN_POINT('',(4.445546342524,7.719722142582,
    21.915562706094));
#1854 = CARTESIAN_POINT('',(-0.296202458805,9.769929564765,
    22.090191128322));
#1855 = CARTESIAN_POINT('',(-5.996491614484,8.526781648008,
    22.264885645892));
#1856 = CARTESIAN_POINT('',(-9.799903064646,3.553198363589,
    22.439488758739));
#1857 = CARTESIAN_POINT('',(-9.506312221088,-2.273634266458,
    22.61418327629));
#1858 = CARTESIAN_POINT('',(-6.28545832934,-6.312693987245,
    22.788811698538));
#1859 = CARTESIAN_POINT('',(-2.011084654598,-7.670940753708,
    22.963473687754));
#1860 = CARTESIAN_POINT('',(5.389675647878,-5.81715036819,
    23.312775716868));
#1861 = CARTESIAN_POINT('',(8.519060673633,-2.604342043802,
    23.487437706097));
#1862 = CARTESIAN_POINT('',(9.455602428375,2.47605377843,23.662066128318
    ));
#1863 = CARTESIAN_POINT('',(6.967785373577,7.753314384375,
    23.836760645897));
#1864 = CARTESIAN_POINT('',(1.268918789768,10.34664988258,
    24.011363758734));
#1865 = CARTESIAN_POINT('',(-4.344267447279,8.755953698415,
    24.186058276293));
#1866 = CARTESIAN_POINT('',(-7.559684415917,4.712564409986,
    24.360686698536));
#1867 = CARTESIAN_POINT('',(-7.926470731833,0.242601055726,
    24.535348687756));
#1868 = CARTESIAN_POINT('',(-4.462797282119,-6.555248463193,
    24.884650716866));
#1869 = CARTESIAN_POINT('',(-0.630914614898,-8.885884254865,
    25.059312706109));
#1870 = CARTESIAN_POINT('',(4.530195196815,-8.661211871077,
    25.233941128291));
#1871 = CARTESIAN_POINT('',(9.116499344884,-5.055032804104,
    25.408635645935));
#1872 = CARTESIAN_POINT('',(10.368094566087,1.079784124583,
    25.583238758698));
#1873 = CARTESIAN_POINT('',(7.561053104809,6.19434102781,25.757933276318
    ));
#1874 = CARTESIAN_POINT('',(2.900412356724,8.422867679565,
    25.932561698527));
#1875 = CARTESIAN_POINT('',(-1.538199462517,7.779571707258,
    26.107223687755));
#1876 = CARTESIAN_POINT('',(-7.388009590838,2.881866804884,
    26.456525716873));
#1877 = CARTESIAN_POINT('',(-8.801569156634,-1.374544514817,
    26.631187706072));
#1878 = CARTESIAN_POINT('',(-7.427089310292,-6.354337414278,
    26.805816128369));
#1879 = CARTESIAN_POINT('',(-2.885634890335,-10.01683723706,
    26.980510645827));
#1880 = CARTESIAN_POINT('',(3.373666115068,-9.863148363111,27.1551137588
    ));
#1881 = CARTESIAN_POINT('',(7.729926286059,-5.982275857406,
    27.329808276249));
#1882 = CARTESIAN_POINT('',(8.858419736977,-0.941005605706,
    27.504436698556));
#1883 = CARTESIAN_POINT('',(7.237701782076,3.240905189703,27.67909868775
    ));
#1884 = CARTESIAN_POINT('',(1.154623192409,7.845679529459,
    28.028400716871));
#1885 = CARTESIAN_POINT('',(-3.310217658225,8.270396078629,
    28.203062706091));
#1886 = CARTESIAN_POINT('',(-7.855868250754,5.815891472852,
    28.377691128329));
#1887 = CARTESIAN_POINT('',(-10.40861766969,0.569732534641,
    28.552385645881));
#1888 = CARTESIAN_POINT('',(-8.857447524874,-5.496266190071,
    28.726988758752));
#1889 = CARTESIAN_POINT('',(-4.099776892228,-8.873061154761,
    28.90168327628));
#1890 = CARTESIAN_POINT('',(1.06617624731,-8.844227495726,
    29.076311698544));
#1891 = CARTESIAN_POINT('',(4.779069308461,-6.328371834826,
    29.250973687752));
#1892 = CARTESIAN_POINT('',(7.90502225596,0.631240943063,29.600275716871
    ));
#1893 = CARTESIAN_POINT('',(7.319332817658,5.077830180949,
    29.774937706085));
#1894 = CARTESIAN_POINT('',(3.909419296504,8.958554591083,
    29.949566128341));
#1895 = CARTESIAN_POINT('',(-1.775095291613,10.27194984706,
    30.124260645865));
#1896 = CARTESIAN_POINT('',(-7.339819385776,7.402051747468,
    30.298863758766));
#1897 = CARTESIAN_POINT('',(-9.565708376169,2.009131176488,
    30.47355827627));
#1898 = CARTESIAN_POINT('',(-8.381011499612,-3.01922805197,
    30.648186698549));
#1899 = CARTESIAN_POINT('',(-5.097748785972,-6.074598822147,
    30.82284868775));
#1900 = CARTESIAN_POINT('',(2.385056809921,-7.563024924514,
    31.172150716876));
#1901 = CARTESIAN_POINT('',(6.587639930562,-5.996665105501,
    31.346812706067));
#1902 = CARTESIAN_POINT('',(9.606412759884,-1.804464874769,
    31.52144112838));
#1903 = CARTESIAN_POINT('',(9.613772430458,4.029801063251,
    31.696135645809));
#1904 = CARTESIAN_POINT('',(5.570851857078,8.810728021868,
    31.870738758821));
#1905 = CARTESIAN_POINT('',(-0.183518657245,9.772702068742,
    32.045433276233));
#1906 = CARTESIAN_POINT('',(-4.818992854755,7.492289346538,
    32.220061698563));
#1907 = CARTESIAN_POINT('',(-7.06171935679,3.608311691198,32.39472368775
    ));
#1908 = CARTESIAN_POINT('',(-6.837050829553,-4.017782715574,
    32.744025716867));
#1909 = CARTESIAN_POINT('',(-4.369545129544,-7.76299346921,
    32.91868770611));
#1910 = CARTESIAN_POINT('',(0.392102702923,-9.766550827563,
    33.093316128285));
#1911 = CARTESIAN_POINT('',(6.079912775688,-8.467501260453,
    33.268010645945));
#1912 = CARTESIAN_POINT('',(9.834313680108,-3.456818353392,
    33.442613758688));
#1913 = CARTESIAN_POINT('',(9.483533108366,2.366851200439,
    33.617308276324));
#1914 = CARTESIAN_POINT('',(6.223181693811,6.374096123556,
    33.791936698525));
#1915 = CARTESIAN_POINT('',(1.93567966334,7.690314543359,33.966598687754
    ));
#1916 = CARTESIAN_POINT('',(-5.446524736595,5.763957866695,
    34.315900716876));
#1917 = CARTESIAN_POINT('',(-8.544217788743,2.52058219879,34.49056270606
    ));
#1918 = CARTESIAN_POINT('',(-9.430838542421,-2.568763123441,
    34.665191128398));
#1919 = CARTESIAN_POINT('',(-6.891332825493,-7.8213457181,
    34.839885645784));
#1920 = CARTESIAN_POINT('',(-1.167281273318,-10.35860864779,
    35.014488758845));
#1921 = CARTESIAN_POINT('',(4.430018086101,-8.712882679039,
    35.189183276216));
#1922 = CARTESIAN_POINT('',(7.605584856548,-4.638121470619,
    35.363811698571));
#1923 = CARTESIAN_POINT('',(7.928470439001,-0.164772670135,
    35.538473687747));
#1924 = CARTESIAN_POINT('',(4.398227247772,6.598745265002,
    35.887775716871));
#1925 = CARTESIAN_POINT('',(0.543648647154,8.891649925102,
    36.062437706098));
#1926 = CARTESIAN_POINT('',(-4.615006764798,8.616320105364,
    36.237066128308));
#1927 = CARTESIAN_POINT('',(-9.165686882566,4.965289611497,
    36.411760645917));
#1928 = CARTESIAN_POINT('',(-10.35699433127,-1.181518983927,
    36.586363758709));
#1929 = CARTESIAN_POINT('',(-7.499876905826,-6.268271788929,
    36.761058276314));
#1930 = CARTESIAN_POINT('',(-2.817582601093,-8.450936047121,
    36.935686698526));
#1931 = CARTESIAN_POINT('',(1.61449987484,-7.764095806273,
    37.110348687757));
#1932 = CARTESIAN_POINT('',(7.41594576168,-2.809197475307,
    37.459650716869));
#1933 = CARTESIAN_POINT('',(8.787650657409,1.460886089179,37.63431270609
    ));
#1934 = CARTESIAN_POINT('',(7.364348831558,6.42694529962,37.808941128335
    ));
#1935 = CARTESIAN_POINT('',(2.787157338686,10.044683714502,
    37.983635645868));
#1936 = CARTESIAN_POINT('',(-3.470333211744,9.8295526901,38.158238758767
    ));
#1937 = CARTESIAN_POINT('',(-7.788283685316,5.906100410527,
    38.332933276267));
#1938 = CARTESIAN_POINT('',(-8.867230993043,0.853994322278,
    38.507561698551));
#1939 = CARTESIAN_POINT('',(-7.205535988506,-3.311803836771,
    38.682223687749));
#1940 = CARTESIAN_POINT('',(-1.077544008557,-7.85663674259,
    39.031525716876));
#1941 = CARTESIAN_POINT('',(3.39125125473,-8.237500055814,
    39.206187706069));
#1942 = CARTESIAN_POINT('',(7.912586132131,-5.738487631696,
    39.380816128375));
#1943 = CARTESIAN_POINT('',(10.413709313771,-0.467520355119,
    39.555510645818));
#1944 = CARTESIAN_POINT('',(8.803062074947,5.582957710146,
    39.730113758811));
#1945 = CARTESIAN_POINT('',(4.012469644834,8.912882371675,39.90480827624
    ));
#1946 = CARTESIAN_POINT('',(-1.152951472772,8.833334290507,
    40.079436698561));
#1947 = CARTESIAN_POINT('',(-4.840966647326,6.281149214467,
    40.254098687749));
#1948 = CARTESIAN_POINT('',(-7.898444210794,-0.708816650759,
    40.603400716872));
#1949 = CARTESIAN_POINT('',(-7.269129410962,-5.149441702637,
    40.77806270609));
#1950 = CARTESIAN_POINT('',(-3.821281906314,-8.99650288666,
    40.952691128326));
#1951 = CARTESIAN_POINT('',(1.875852759806,-10.25402815379,
    41.127385645892));
#1952 = CARTESIAN_POINT('',(7.41213397798,-7.329637684079,
    41.301988758733));
#1953 = CARTESIAN_POINT('',(9.584971677086,-1.915124740572,
    41.476683276298));
#1954 = CARTESIAN_POINT('',(8.350966884006,3.101361618501,
    41.651311698532));
#1955 = CARTESIAN_POINT('',(5.03786684367,6.124352308635,41.825973687757
    ));
#1956 = CARTESIAN_POINT('',(-2.459190502389,7.539245590141,
    42.175275716864));
#1957 = CARTESIAN_POINT('',(-6.646193641652,5.931703155063,
    42.349937706115));
#1958 = CARTESIAN_POINT('',(-9.623664824723,1.710068694036,
    42.524566128281));
#1959 = CARTESIAN_POINT('',(-9.573747288925,-4.123988336995,
    42.699260645948));
#1960 = CARTESIAN_POINT('',(-5.484085661271,-8.864994255321,
    42.873863758684));
#1961 = CARTESIAN_POINT('',(0.279451550228,-9.770429450828,
    43.048558276329));
#1962 = CARTESIAN_POINT('',(4.892314819584,-7.444618693569,
    43.22318669852));
#1963 = CARTESIAN_POINT('',(7.09680299332,-3.538810648908,
    43.397848687759));
#1964 = CARTESIAN_POINT('',(6.797277489013,4.084710605762,
    43.747150716866));
#1965 = CARTESIAN_POINT('',(4.293122770723,7.805516582371,43.9218127061)
  );
#1966 = CARTESIAN_POINT('',(-0.487965155397,9.762230769871,
    44.096441128316));
#1967 = CARTESIAN_POINT('',(-6.162747942205,8.407404757482,
    44.271135645894));
#1968 = CARTESIAN_POINT('',(-9.867776443983,3.360105167878,
    44.445738758742));
#1969 = CARTESIAN_POINT('',(-9.459839952966,-2.459840012403,
    44.620433276285));
#1970 = CARTESIAN_POINT('',(-6.160305255082,-6.434883911204,
    44.795061698542));
#1971 = CARTESIAN_POINT('',(-1.860088107247,-7.708947124488,
    44.969723687752));
#1972 = CARTESIAN_POINT('',(5.502848877924,-5.710209822954,
    45.319025716871));
#1973 = CARTESIAN_POINT('',(8.568551394351,-2.436579414773,
    45.493687706087));
#1974 = CARTESIAN_POINT('',(9.405165692616,2.66122488562,45.668316128334
    ));
#1975 = CARTESIAN_POINT('',(6.814216076441,7.888623214372,45.84301064588
    ));
#1976 = CARTESIAN_POINT('',(1.065531251812,10.369569028623,
    46.017613758744));
#1977 = CARTESIAN_POINT('',(-4.515341750501,8.66897189397,46.19230827629
    ));
#1978 = CARTESIAN_POINT('',(-7.650752255117,4.563231499422,
    46.366936698537));
#1979 = CARTESIAN_POINT('',(-7.929705983676,8.692840341668E-02,
    46.541598687754));
#1980 = CARTESIAN_POINT('',(-4.333233303133,-6.641606066009,
    46.890900716871));
#1981 = CARTESIAN_POINT('',(-0.456330281418,-8.89655859962,
    47.065562706084));
#1982 = CARTESIAN_POINT('',(4.69937352882,-8.570597880772,
    47.240191128344));
#1983 = CARTESIAN_POINT('',(9.213991012277,-4.875067853953,
    47.414885645863));
#1984 = CARTESIAN_POINT('',(10.344895867788,1.283139966012,
    47.589488758763));
#1985 = CARTESIAN_POINT('',(7.437977853099,6.341598400975,
    47.764183276277));
#1986 = CARTESIAN_POINT('',(2.734481280987,8.478189895864,
    47.938811698541));
#1987 = CARTESIAN_POINT('',(-1.690644678306,7.747871585576,
    48.113473687756));
#1988 = CARTESIAN_POINT('',(-7.443167168234,2.73625738943,
    48.462775716864));
#1989 = CARTESIAN_POINT('',(-8.77288518612,-1.547086860298,
    48.637437706116));
#1990 = CARTESIAN_POINT('',(-7.300898561562,-6.4989337426,
    48.812066128284));
#1991 = CARTESIAN_POINT('',(-2.688411155005,-10.07156206441,
    48.986760645936));
#1992 = CARTESIAN_POINT('',(3.566665830479,-9.795009624348,
    49.161363758704));
#1993 = CARTESIAN_POINT('',(7.845890433581,-5.829355721395,
    49.336058276307));
#1994 = CARTESIAN_POINT('',(8.875187606932,-0.766900729099,
    49.510686698534));
#1995 = CARTESIAN_POINT('',(7.172675710379,3.38238328529,49.685348687752
    ));
#1996 = CARTESIAN_POINT('',(1.000360968772,7.866836716721,
    50.034650716875));
#1997 = CARTESIAN_POINT('',(-3.471957995389,8.203810085596,
    50.209312706066));
#1998 = CARTESIAN_POINT('',(-7.968541381966,5.660530703161,
    50.383941128383));
#1999 = CARTESIAN_POINT('',(-10.4177972629,0.365263115008,
    50.558635645807));
#2000 = CARTESIAN_POINT('',(-8.747828167541,-5.669111133135,
    50.733238758822));
#2001 = CARTESIAN_POINT('',(-3.924775667286,-8.951844546436,
    50.907933276233));
#2002 = CARTESIAN_POINT('',(1.239615574381,-8.821589710144,
    51.082561698564));
#2003 = CARTESIAN_POINT('',(4.902397403748,-6.233321203872,
    51.257223687748));
#2004 = CARTESIAN_POINT('',(7.891104897136,0.786324041231,
    51.606525716872));
#2005 = CARTESIAN_POINT('',(7.218225390453,5.220556910408,
    51.781187706086));
#2006 = CARTESIAN_POINT('',(3.732776212989,9.033584080589,
    51.955816128339));
#2007 = CARTESIAN_POINT('',(-1.976429429357,10.235118155911,
    52.130510645867));
#2008 = CARTESIAN_POINT('',(-7.48373417333,7.256517175007,
    52.305113758765));
#2009 = CARTESIAN_POINT('',(-9.603311158457,1.820933720906,
    52.479808276271));
#2010 = CARTESIAN_POINT('',(-8.320117384838,-3.18319626932,
    52.654436698548));
#2011 = CARTESIAN_POINT('',(-4.977499341277,-6.17351551731,
    52.829098687752));
#2012 = CARTESIAN_POINT('',(2.533087172959,-7.514739607574,
    53.17840071687));
#2013 = CARTESIAN_POINT('',(6.704106778746,-5.866169494769,
    53.353062706092));
#2014 = CARTESIAN_POINT('',(9.639989340769,-1.615507693249,
    53.52769112833));
#2015 = CARTESIAN_POINT('',(9.532799409613,4.217778132074,
    53.702385645875));
#2016 = CARTESIAN_POINT('',(5.396790897975,8.918406062246,
    53.876988758762));
#2017 = CARTESIAN_POINT('',(-0.375357509172,9.767215138548,
    54.051683276269));
#2018 = CARTESIAN_POINT('',(-4.965165252883,7.396230512768,
    54.226311698552));
#2019 = CARTESIAN_POINT('',(-7.131202625219,3.468968528681,
    54.400973687747));
#2020 = CARTESIAN_POINT('',(-6.756849012711,-4.151244803039,
    54.750275716881));
#2021 = CARTESIAN_POINT('',(-4.216286631825,-7.84728738359,
    54.924937706043));
#2022 = CARTESIAN_POINT('',(0.583780576829,-9.756969808085,
    55.099566128428));
#2023 = CARTESIAN_POINT('',(6.244989130181,-8.346497931301,
    55.274260645747));
#2024 = CARTESIAN_POINT('',(9.900288131081,-3.263068128477,
    55.448863758878));
#2025 = CARTESIAN_POINT('',(9.435235038472,2.552591739897,
    55.623558276197));
#2026 = CARTESIAN_POINT('',(6.096835073321,6.495051491332,55.79818669858
    ));
#2027 = CARTESIAN_POINT('',(1.78431727199,7.726836701253,55.972848687746
    ));
#2028 = CARTESIAN_POINT('',(-5.558642643224,5.655911417302,
    56.322150716872));
#2029 = CARTESIAN_POINT('',(-8.592059145149,2.35234178817,
    56.496812706096));
#2030 = CARTESIAN_POINT('',(-9.37858635336,-2.753430153418,
    56.67144112831));
#2031 = CARTESIAN_POINT('',(-6.736442559059,-7.955140388707,
    56.846135645916));
#2032 = CARTESIAN_POINT('',(-0.9636785322,-10.37952996882,
    57.020738758708));
#2033 = CARTESIAN_POINT('',(4.600230216883,-8.624225575336,
    57.195433276316));
#2034 = CARTESIAN_POINT('',(7.695182258248,-4.487901714479,
    57.370061698523));
#2035 = CARTESIAN_POINT('',(7.930177246786,-9.075758357012E-03,
    57.544723687759));
#2036 = CARTESIAN_POINT('',(4.267821712453,6.683826735203,
    57.894025716864));
#2037 = CARTESIAN_POINT('',(0.368967933596,8.900609805292,
    58.068687706112));
#2038 = CARTESIAN_POINT('',(-4.783287357393,8.52404960413,
    58.243316128286));
#2039 = CARTESIAN_POINT('',(-9.261407078411,4.784376227225,
    58.418010645942));
#2040 = CARTESIAN_POINT('',(-10.33180034165,-1.384637276417,
    58.592613758687));
#2041 = CARTESIAN_POINT('',(-7.375361912618,-6.41431379654,
    58.76730827633));
#2042 = CARTESIAN_POINT('',(-2.651116405869,-8.504626599037,
    58.941936698516));
#2043 = CARTESIAN_POINT('',(1.766626533915,-7.730900608885,
    59.116598687763));
#2044 = CARTESIAN_POINT('',(7.469671186847,-2.663053577372,
    59.465900716856));
#2045 = CARTESIAN_POINT('',(8.757274165893,1.633138519969,
    59.640562706145));
#2046 = CARTESIAN_POINT('',(7.236744615777,6.570295804808,
    59.815191128222));
#2047 = CARTESIAN_POINT('',(2.589405856646,10.097469696233,
    59.989885646024));
#2048 = CARTESIAN_POINT('',(-3.662654686524,9.759522495155,
    60.164488758615));
#2049 = CARTESIAN_POINT('',(-7.902740978603,5.752049186847,
    60.339183276372));
#2050 = CARTESIAN_POINT('',(-8.882288811767,0.679733220421,
    60.513811698503));
#2051 = CARTESIAN_POINT('',(-7.139124114837,-3.452636732666,
    60.688473687761));
#2052 = CARTESIAN_POINT('',(-0.923081512117,-7.876278468759,
    61.037775716869));
#2053 = CARTESIAN_POINT('',(3.552330101518,-8.169329415078,
    61.212437706083));
#2054 = CARTESIAN_POINT('',(8.023728607185,-5.5820282009,61.387066128354
    ));
#2055 = CARTESIAN_POINT('',(10.420881123062,-0.262970670087,
    61.56176064584));
#2056 = CARTESIAN_POINT('',(8.691751126239,5.754718155411,
    61.736363758794));
#2057 = CARTESIAN_POINT('',(3.836703411698,8.989943923772,
    61.911058276248));
#2058 = CARTESIAN_POINT('',(-1.326160199264,8.808994886612,
    62.085686698559));
#2059 = CARTESIAN_POINT('',(-4.963355656905,6.184892412806,
    62.260348687748));
#2060 = CARTESIAN_POINT('',(-7.883005022362,-0.863755644156,
    62.609650716875));
#2061 = CARTESIAN_POINT('',(-7.166625662358,-5.291168950044,
    62.784312706075));
#2062 = CARTESIAN_POINT('',(-3.643910746936,-9.069794598866,
    62.958941128363));
#2063 = CARTESIAN_POINT('',(2.076815606561,-10.21522167606,
    63.133635645833));
#2064 = CARTESIAN_POINT('',(7.554613070763,-7.182697267681,
    63.308238758799));
#2065 = CARTESIAN_POINT('',(9.620725052739,-1.726567195872,
    63.482933276247));
#2066 = CARTESIAN_POINT('',(8.288465975429,3.264724117064,
    63.657561698559));
#2067 = CARTESIAN_POINT('',(4.916652097138,6.222083709708,
    63.832223687749));
#2068 = CARTESIAN_POINT('',(-2.606739699315,7.489509338765,
    64.181525716871));
#2069 = CARTESIAN_POINT('',(-6.761373760077,5.800070440843,
    64.356187706091));
#2070 = CARTESIAN_POINT('',(-9.655384734572,1.52079098648,
    64.530816128327));
#2071 = CARTESIAN_POINT('',(-9.490932739266,-4.311161408928,
    64.705510645886));
#2072 = CARTESIAN_POINT('',(-5.30897598072,-8.970958294626,
    64.880113758742));
#2073 = CARTESIAN_POINT('',(0.471227290351,-9.76305944175,
    65.054808276291));
#2074 = CARTESIAN_POINT('',(5.037537133243,-7.347129467873,
    65.229436698534));
#2075 = CARTESIAN_POINT('',(7.164914936953,-3.398792062049,
    65.404098687759));
#2076 = CARTESIAN_POINT('',(6.715769297263,4.217378894703,
    65.753400716858));
#2077 = CARTESIAN_POINT('',(4.139044118347,7.888301846939,
    65.928062706138));
#2078 = CARTESIAN_POINT('',(-0.679539732081,9.75076844916,
    66.102691128234));
#2079 = CARTESIAN_POINT('',(-6.326628413354,8.284786652426,
    66.277385646009));
#2080 = CARTESIAN_POINT('',(-9.931845607589,3.165716587603,
    66.451988758626));
#2081 = CARTESIAN_POINT('',(-9.409720736512,-2.645097443148,
    66.626683276369));
#2082 = CARTESIAN_POINT('',(-6.032777265862,-6.55459306495,
    66.801311698499));
#2083 = CARTESIAN_POINT('',(-1.708374460526,-7.743981549395,
    66.975973687767));
#2084 = CARTESIAN_POINT('',(5.61390065498,-5.601067883147,
    67.325275716854));
#2085 = CARTESIAN_POINT('',(8.614738775403,-2.267877437947,
    67.499937706149));
#2086 = CARTESIAN_POINT('',(9.351103086419,2.845370039865,
    67.674566128217));
#2087 = CARTESIAN_POINT('',(6.658019769347,8.020890830067,
    67.849260646027));
#2088 = CARTESIAN_POINT('',(0.861732931217,10.38849050832,
    68.023863758617));
#2089 = CARTESIAN_POINT('',(-4.684675303481,8.578648035888,
    68.198558276366));
#2090 = CARTESIAN_POINT('',(-7.738870583704,4.412139376233,
    68.373186698508));
#2091 = CARTESIAN_POINT('',(-7.929884182909,-6.877776144633E-02,
    68.547848687758));
#2092 = CARTESIAN_POINT('',(-4.201998780224,-6.725403203257,
    68.897150716873));
#2093 = CARTESIAN_POINT('',(-0.281570023925,-8.903803151687,
    69.071812706063));
#2094 = CARTESIAN_POINT('',(4.866740162878,-8.476679761824,
    69.246441128397));
#2095 = CARTESIAN_POINT('',(9.307930510716,-4.693223472357,
    69.421135645778));
#2096 = CARTESIAN_POINT('',(10.317709015241,1.486001132568,
    69.595738758858));
#2097 = CARTESIAN_POINT('',(7.312035119309,6.486410967235,
    69.770433276204));
#2098 = CARTESIAN_POINT('',(2.567496010679,8.530243608566,
    69.945061698577));
#2099 = CARTESIAN_POINT('',(-1.842438118393,7.713184511914,
    70.119723687747));
#2100 = CARTESIAN_POINT('',(-7.495455262995,2.589593094659,
    70.469025716866));
#2101 = CARTESIAN_POINT('',(-8.740819101373,-1.719032774315,
    70.643687706119));
#2102 = CARTESIAN_POINT('',(-7.171893177456,-6.641024608311,
    70.818316128268));
#2103 = CARTESIAN_POINT('',(-2.490150985992,-10.12240411278,
    70.993010645963));
#2104 = CARTESIAN_POINT('',(3.758290528306,-9.723094722987,
    71.167613758675));
#2105 = CARTESIAN_POINT('',(7.958829840999,-5.674188257748,
    71.342308276331));
#2106 = CARTESIAN_POINT('',(8.888533923113,-0.592500197675,
    71.51693669852));
#2107 = CARTESIAN_POINT('',(7.104884435657,3.522557407733,
    71.691598687759));
#2108 = CARTESIAN_POINT('',(0.845713086944,7.884961088684,
    72.040900716865));
#2109 = CARTESIAN_POINT('',(-3.632359826689,8.134061367583,
    72.215562706108));
#2110 = CARTESIAN_POINT('',(-8.078142488707,5.502987691164,
    72.390191128298));
#2111 = CARTESIAN_POINT('',(-10.42296059706,0.160652879464,
    72.56488564592));
#2112 = CARTESIAN_POINT('',(-8.634836355808,-5.839770525932,
    72.739488758715));
#2113 = CARTESIAN_POINT('',(-3.748261366696,-9.027176831628,
    72.914183276306));
#2114 = CARTESIAN_POINT('',(1.412577006089,-8.79555103381,73.08881169853
    ));
#2115 = CARTESIAN_POINT('',(5.023835531507,-6.135867508935,
    73.263473687757));
#2116 = CARTESIAN_POINT('',(7.874145367165,0.94110399651,73.612775716864
    ));
#2117 = CARTESIAN_POINT('',(7.114335199942,5.361271015816,
    73.787437706114));
#2118 = CARTESIAN_POINT('',(3.554694073211,9.105130951437,
    73.962066128287));
#2119 = CARTESIAN_POINT('',(-2.17700161597,10.194340631924,
    74.136760645933));
#2120 = CARTESIAN_POINT('',(-7.624763838867,7.108185077002,
    74.311363758706));
#2121 = CARTESIAN_POINT('',(-9.637211681506,1.632034260733,
    74.486058276308));
#2122 = CARTESIAN_POINT('',(-8.256015706425,-3.34593730392,
    74.660686698533));
#2123 = CARTESIAN_POINT('',(-4.855330975836,-6.270052204724,
    74.835348687753));
#2124 = CARTESIAN_POINT('',(2.680140982675,-7.463557215456,
    75.184650716873));
#2125 = CARTESIAN_POINT('',(6.817989066126,-5.733412364063,
    75.359312706076));
#2126 = CARTESIAN_POINT('',(9.669849522314,-1.425927702697,
    75.533941128361));
#2127 = CARTESIAN_POINT('',(9.448151313043,4.404129167056,
    75.708635645838));
#2128 = CARTESIAN_POINT('',(5.220649373336,9.022645887388,
    75.883238758791));
#2129 = CARTESIAN_POINT('',(-0.567051653689,9.757962760951,
    76.057933276252));
#2130 = CARTESIAN_POINT('',(-5.109423485268,7.297320291355,
    76.232561698558));
#2131 = CARTESIAN_POINT('',(-7.197936679288,3.328288012762,
    76.407223687746));
#2132 = CARTESIAN_POINT('',(-6.67404230196,-4.283106506611,
    76.756525716883));
#2133 = CARTESIAN_POINT('',(-4.061402675307,-7.928556019312,
    76.931187706036));
#2134 = CARTESIAN_POINT('',(0.775233392123,-9.743627290977,
    77.105816128442));
#2135 = CARTESIAN_POINT('',(6.407657922602,-8.222276868384,
    77.280510645729));
#2136 = CARTESIAN_POINT('',(9.962445832416,-3.068059928597,
    77.455113758895));
#2137 = CARTESIAN_POINT('',(9.383299505921,2.737348206581,
    77.629808276183));
#2138 = CARTESIAN_POINT('',(5.968138006836,6.613502893147,
    77.804436698589));
#2139 = CARTESIAN_POINT('',(1.632266992365,7.760380016509,
    77.979098687739));
#2140 = CARTESIAN_POINT('',(-5.668617587295,5.545684506378,
    78.328400716887));
#2141 = CARTESIAN_POINT('',(-8.636588099212,2.183194505086,
    78.503062706026));
#2142 = CARTESIAN_POINT('',(-9.322718540729,-2.93703568382,
    78.677691128465));
#2143 = CARTESIAN_POINT('',(-6.578955265737,-8.085868201037,
    78.852385645687));
#2144 = CARTESIAN_POINT('',(-0.759704274757,-10.39644978368,
    79.026988758948));
#2145 = CARTESIAN_POINT('',(4.768668871444,-8.53224366836,
    79.201683276137));
#2146 = CARTESIAN_POINT('',(7.781813020641,-4.33595178686,
    79.376311698614));
#2147 = CARTESIAN_POINT('',(7.928826820305,0.146624652313,
    79.550973687733));
#2148 = CARTESIAN_POINT('',(4.135770850604,6.766331462954,
    79.900275716888));
#2149 = CARTESIAN_POINT('',(0.194144975939,8.906138330986,
    80.074937706034));
#2150 = CARTESIAN_POINT('',(-4.949723901782,8.428492919505,
    80.24956612844));
#2151 = CARTESIAN_POINT('',(-9.353556825356,4.601618374827,
    80.424260645731));
#2152 = CARTESIAN_POINT('',(-10.3026232465,-1.587221764844,
    80.598863758897));
#2153 = CARTESIAN_POINT('',(-7.248003576877,-6.557882964116,
    80.773558276179));
#2154 = CARTESIAN_POINT('',(-2.48362815486,-8.555038455481,
    80.948186698591));
#2155 = CARTESIAN_POINT('',(1.918072124847,-7.694725002162,
    81.12284868774));
#2156 = CARTESIAN_POINT('',(7.520516911561,-2.515883021571,
    81.472150716882));
#2157 = CARTESIAN_POINT('',(8.723521578531,1.80476134469,81.646812706051
    ));
#2158 = CARTESIAN_POINT('',(7.106350497126,6.71111333607,81.821441128406
    ));
#2159 = CARTESIAN_POINT('',(2.390656109399,10.146362910929,
    81.996135645777));
#2160 = CARTESIAN_POINT('',(-3.853564138201,9.685729818754,
    82.170738758852));
#2161 = CARTESIAN_POINT('',(-8.014151614835,5.595780438543,
    82.34543327621));
#2162 = CARTESIAN_POINT('',(-8.893922339044,0.505210068543,
    82.520061698577));
#2163 = CARTESIAN_POINT('',(-7.069959972933,-3.592138571393,
    82.694723687744));
#2164 = CARTESIAN_POINT('',(-0.768263150176,-7.892883739638,
    83.044025716877));
#2165 = CARTESIAN_POINT('',(3.712039457417,-8.098009342349,
    83.21868770607));
#2166 = CARTESIAN_POINT('',(8.131777782137,-5.423416791985,
    83.393316128366));
#2167 = CARTESIAN_POINT('',(10.4240354843,-5.831960482222E-02,
    83.568010645838));
#2168 = CARTESIAN_POINT('',(8.577089342018,5.924260047242,
    83.742613758784));
#2169 = CARTESIAN_POINT('',(3.659458056369,9.063539681377,
    83.917308276266));
#2170 = CARTESIAN_POINT('',(-1.498857665763,8.781259447496,
    84.091936698544));
#2171 = CARTESIAN_POINT('',(-5.083831198391,6.086251217384,
    84.266598687756));
#2172 = CARTESIAN_POINT('',(-7.864526785445,-1.018361643305,
    84.61590071686));
#2173 = CARTESIAN_POINT('',(-7.061359043093,-5.430856351131,
    84.790562706137));
#2174 = CARTESIAN_POINT('',(-3.465134790684,-9.139589732525,
    84.965191128234));
#2175 = CARTESIAN_POINT('',(2.276977801465,-10.17247703603,
    85.139885646013));
#2176 = CARTESIAN_POINT('',(7.694179716326,-7.032987784623,
    85.314488758621));
#2177 = CARTESIAN_POINT('',(9.652769455777,-1.537344026757,
    85.489183276373));
#2178 = CARTESIAN_POINT('',(8.222769705435,3.426828002391,
    85.663811698498));
#2179 = CARTESIAN_POINT('',(4.793541887628,6.317416379051,
    85.838473687766));
#2180 = CARTESIAN_POINT('',(-2.753283948464,7.436885738984,
    86.187775716856));
#2181 = CARTESIAN_POINT('',(-6.873947240224,5.666201689014,
    86.36243770614));
#2182 = CARTESIAN_POINT('',(-9.68338230977,1.330926985128,
    86.537066128233));
#2183 = CARTESIAN_POINT('',(-9.404459254429,-4.496672446162,
    86.711760646012));
#2184 = CARTESIAN_POINT('',(-5.131819588794,-9.07346385867,
    86.886363758623));
#2185 = CARTESIAN_POINT('',(0.662821363324,-9.751925587438,
    87.061058276368));
#2186 = CARTESIAN_POINT('',(5.180817380472,-7.246807783904,
    87.235686698504));
#2187 = CARTESIAN_POINT('',(7.230264669487,-3.25746317615,87.41034868776
    ));
#2188 = CARTESIAN_POINT('',(6.631672048592,4.348421303798,87.75965071687
    ));
#2189 = CARTESIAN_POINT('',(3.983369785742,7.968046020976,
    87.934312706076));
#2190 = CARTESIAN_POINT('',(-0.870852333401,9.735547021643,
    88.108941128365));
#2191 = CARTESIAN_POINT('',(-6.488069848642,8.158974604307,
    88.283635645828));
#2192 = CARTESIAN_POINT('',(-9.992085855805,2.970107563449,
    88.458238758803));
#2193 = CARTESIAN_POINT('',(-9.3559738935,-2.829335138586,
    88.632933276248));
#2194 = CARTESIAN_POINT('',(-5.9029235262,-6.671775298239,
    88.807561698553));
#2195 = CARTESIAN_POINT('',(-1.556002202924,-7.776030522018,
    88.982223687756));
#2196 = CARTESIAN_POINT('',(5.722788166465,-5.489766625036,
    89.331525716856));
#2197 = CARTESIAN_POINT('',(8.657605010658,-2.098301151234,
    89.506187706158));
#2198 = CARTESIAN_POINT('',(9.293435452008,3.028418249852,
    89.680816128187));
#2199 = CARTESIAN_POINT('',(6.49925666884,8.150066239596,89.855510646078
    ));
#2200 = CARTESIAN_POINT('',(0.65760239622,10.403407027225,
    90.030113758559));
#2201 = CARTESIAN_POINT('',(-4.85220282498,8.485016945658,
    90.204808276411));
#2202 = CARTESIAN_POINT('',(-7.82400543036,4.259346289333,
    90.379436698484));
#2203 = CARTESIAN_POINT('',(-7.927005260835,-0.224457411171,
    90.554098687766));
#2204 = CARTESIAN_POINT('',(-4.069144306805,-6.806607569553,
    90.903400716863));
#2205 = CARTESIAN_POINT('',(-0.106701215787,-8.907615118126,
    91.078062706104));
#2206 = CARTESIAN_POINT('',(5.032230575868,-8.379493721494,
    91.25269112831));
#2207 = CARTESIAN_POINT('',(9.398281624897,-4.509569763758,
    91.427385645903));
#2208 = CARTESIAN_POINT('',(10.286544489319,1.688289417414,
    91.601988758734));
#2209 = CARTESIAN_POINT('',(7.183273456889,6.628722898562,
    91.776683276287));
#2210 = CARTESIAN_POINT('',(2.399520921741,8.579008749999,
    91.951311698544));
#2211 = CARTESIAN_POINT('',(-1.993521263508,7.67552385879,
    92.125973687749));
#2212 = CARTESIAN_POINT('',(-7.544853717063,2.441930462449,
    92.475275716881));
#2213 = CARTESIAN_POINT('',(-8.705383264504,-1.89031596844,
    92.649937706039));
#2214 = CARTESIAN_POINT('',(-7.040122891966,-6.780555232698,
    92.824566128439));
#2215 = CARTESIAN_POINT('',(-2.290930816387,-10.16934378157,
    92.999260645724));
#2216 = CARTESIAN_POINT('',(3.948466333576,-9.647431383648,
    93.17386375891));
#2217 = CARTESIAN_POINT('',(8.06870096804,-5.516833286421,
    93.348558276167));
#2218 = CARTESIAN_POINT('',(8.898453540242,-0.417871246193,
    93.523186698599));
#2219 = CARTESIAN_POINT('',(7.034354092748,3.661373517256,
    93.697848687737));
#2220 = CARTESIAN_POINT('',(0.690739166609,7.900045658033,
    94.047150716885));
#2221 = CARTESIAN_POINT('',(-3.791361314066,8.061176814123,
    94.221812706038));
#2222 = CARTESIAN_POINT('',(-8.184629317891,5.343323172584,
    94.396441128437));
#2223 = CARTESIAN_POINT('',(-10.42410568129,-4.401929074649E-02,
    94.57113564573));
#2224 = CARTESIAN_POINT('',(-8.518515650519,-6.008178576074,
    94.7457387589));
#2225 = CARTESIAN_POINT('',(-3.570302039834,-9.099028968296,
    94.920433276177));
#2226 = CARTESIAN_POINT('',(1.584993862393,-8.766121505115,
    95.095061698592));
#2227 = CARTESIAN_POINT('',(5.143336875057,-6.036048320281,
    95.269723687741));
#2228 = CARTESIAN_POINT('',(7.854150204241,1.095521138301,
    95.619025716877));
#2229 = CARTESIAN_POINT('',(7.007702297853,5.499918249104,
    95.793687706081));
#2230 = CARTESIAN_POINT('',(3.375241531074,9.173167621194,
    95.968316128325));
#2231 = CARTESIAN_POINT('',(-2.376734526853,10.149632995203,
    96.143010645933));
#2232 = CARTESIAN_POINT('',(-7.762854012968,6.957112638785,
    96.317613758617));
#2233 = CARTESIAN_POINT('',(-9.667396875859,1.442505619858,
    96.492308276493));
#2234 = CARTESIAN_POINT('',(-8.188731176896,-3.507388415669,
    96.666936698306));
#2235 = CARTESIAN_POINT('',(-4.731290787815,-6.364171667861,
    96.841598687947));
#2236 = CARTESIAN_POINT('',(2.826161546888,-7.409497479552,
    97.190900716441));
#2237 = CARTESIAN_POINT('',(6.92924288967,-5.598444895917,
    97.365562708434));
#2238 = CARTESIAN_POINT('',(9.695981790885,-1.235797984208,
    97.54019112218));
#2239 = CARTESIAN_POINT('',(9.359860777746,4.588782316094,
    97.714885657109));
#2240 = CARTESIAN_POINT('',(5.042495184199,9.123407325146,
    97.889488743101));
#2241 = CARTESIAN_POINT('',(-0.758527183755,9.744948487152,
    98.064183293528));
#2242 = CARTESIAN_POINT('',(-5.251711942252,7.195596827978,
    98.238811683338));
#2243 = CARTESIAN_POINT('',(-7.261895788511,3.186324368688,
    98.413473698431));
#2244 = CARTESIAN_POINT('',(-6.588662627641,-4.413316970626,
    98.762775694492));
#2245 = CARTESIAN_POINT('',(-3.904952934124,-8.006768156255,
    98.937437826917));
#2246 = CARTESIAN_POINT('',(0.966387244441,-9.726528131131,
    99.112065812375));
#2247 = CARTESIAN_POINT('',(6.567856615302,-8.09488648756,
    99.286761221436));
#2248 = CARTESIAN_POINT('',(10.020762578702,-2.871868201081,
    99.461362958161));
#2249 = CARTESIAN_POINT('',(9.327746799589,2.921048568019,
    99.636059157008));
#2250 = CARTESIAN_POINT('',(5.8371398747,6.729405372632,99.810685923303)
  );
#2251 = CARTESIAN_POINT('',(1.479587607473,7.790931060268,
    99.985349231552));
#2252 = CARTESIAN_POINT('',(-2.148409954493,6.612125865239,
    100.15999940462));
#2253 = CARTESIAN_POINT('',(8.0324,-8.881784197001E-16,
    -1.110223024625E-16));
#2254 = CARTESIAN_POINT('',(8.03240000185,4.40727531975,0.174656374772)
  );
#2255 = CARTESIAN_POINT('',(5.310258739664,8.816395582444,0.349294610403
    ));
#2256 = CARTESIAN_POINT('',(-0.12056555318,11.292083215748,
    0.523983308924));
#2257 = CARTESIAN_POINT('',(-6.733177777084,9.98555130496,0.698576124114
    ));
#2258 = CARTESIAN_POINT('',(-11.23954474273,4.326609619001,
    0.873299387297));
#2259 = CARTESIAN_POINT('',(-11.03242544222,-2.410657439106,
    1.047893293215));
#2260 = CARTESIAN_POINT('',(-7.403686748301,-7.149342676941,
    1.222580308043));
#2261 = CARTESIAN_POINT('',(-2.497037769346,-8.815232739627,
    1.397220167486));
#2262 = CARTESIAN_POINT('',(6.093754445009,-6.841760202691,
    1.746530638548));
#2263 = CARTESIAN_POINT('',(9.781493638318,-3.20157152985,1.921170659973
    ));
#2264 = CARTESIAN_POINT('',(10.978439065412,2.645667450865,
    2.095857116526));
#2265 = CARTESIAN_POINT('',(8.224588696396,8.797900760266,2.270452208023
    ));
#2266 = CARTESIAN_POINT('',(1.700378368264,11.922903605346,
    2.445173608057));
#2267 = CARTESIAN_POINT('',(-4.819490797444,10.212648483266,
    2.619768720982));
#2268 = CARTESIAN_POINT('',(-8.625452639223,5.615090812039,
    2.794455144458));
#2269 = CARTESIAN_POINT('',(-9.150513810837,0.460024887809,
    2.969095197784));
#2270 = CARTESIAN_POINT('',(-5.303762433232,-7.470852023148,
    3.318405624084));
#2271 = CARTESIAN_POINT('',(-0.930339700849,-10.24998273661,
    3.493045680591));
#2272 = CARTESIAN_POINT('',(5.036448126811,-10.10741662586,
    3.667732093102));
#2273 = CARTESIAN_POINT('',(10.415951999843,-6.04606160491,
    3.842327229315));
#2274 = CARTESIAN_POINT('',(12.000933524392,1.012181573144,4.01704859275
    ));
#2275 = CARTESIAN_POINT('',(8.874372672527,6.983637322463,4.191643729384
    ));
#2276 = CARTESIAN_POINT('',(3.5414152406,9.663646110743,4.366330141245)
  );
#2277 = CARTESIAN_POINT('',(-1.600343578468,9.021220889139,
    4.540970198379));
#2278 = CARTESIAN_POINT('',(-8.468652480071,3.496491251457,
    4.890280623799));
#2279 = CARTESIAN_POINT('',(-10.19807751711,-1.388125720219,5.064920681)
  );
#2280 = CARTESIAN_POINT('',(-8.723237987072,-7.171527006403,
    5.239607092637));
#2281 = CARTESIAN_POINT('',(-3.560574376577,-11.50518261924,
    5.414202229739));
#2282 = CARTESIAN_POINT('',(3.673352790133,-11.46967289303,
    5.588923592444));
#2283 = CARTESIAN_POINT('',(8.793222744751,-7.085542628743,
    5.763518729554));
#2284 = CARTESIAN_POINT('',(10.211213728946,-1.287941086319,
    5.938205141179));
#2285 = CARTESIAN_POINT('',(8.43391821147,3.579462180556,6.112845198392)
  );
#2286 = CARTESIAN_POINT('',(1.511702289719,9.036497224422,6.462155623793
    ));
#2287 = CARTESIAN_POINT('',(-3.636115633576,9.628413221265,
    6.636795681009));
#2288 = CARTESIAN_POINT('',(-8.942505574685,6.896178262593,
    6.811482092626));
#2289 = CARTESIAN_POINT('',(-12.01029209268,0.894315851165,6.98607722975
    ));
#2290 = CARTESIAN_POINT('',(-10.35609395384,-6.148026920345,
    7.160798592436));
#2291 = CARTESIAN_POINT('',(-4.936977723104,-10.15637393679,
    7.335393729559));
#2292 = CARTESIAN_POINT('',(1.030922175476,-10.24035534188,
    7.510080141177));
#2293 = CARTESIAN_POINT('',(5.376850546797,-7.418423289164,
    7.684720198393));
#2294 = CARTESIAN_POINT('',(9.145556629248,0.549836194652,8.034030623792
    ));
#2295 = CARTESIAN_POINT('',(8.569911855135,5.699499000385,8.208670681011
    ));
#2296 = CARTESIAN_POINT('',(4.718997754911,10.259470784199,
    8.383357092624));
#2297 = CARTESIAN_POINT('',(-1.817347325102,11.905635879412,
    8.557952229752));
#2298 = CARTESIAN_POINT('',(-8.310564107667,8.716733402287,
    8.732673592434));
#2299 = CARTESIAN_POINT('',(-11.00388335424,2.537761160678,8.90726872956
    ));
#2300 = CARTESIAN_POINT('',(-9.749591422223,-3.297445247425,
    9.081955141176));
#2301 = CARTESIAN_POINT('',(-6.026293066371,-6.901254797354,
    9.256595198393));
#2302 = CARTESIAN_POINT('',(2.583459350884,-8.790293719897,
    9.605905623793));
#2303 = CARTESIAN_POINT('',(7.473517304707,-7.07631381133,9.780545681009
    ));
#2304 = CARTESIAN_POINT('',(11.055559965074,-2.302232490721,
    9.955232092628));
#2305 = CARTESIAN_POINT('',(11.196527402888,4.436743299944,
    10.129827229747));
#2306 = CARTESIAN_POINT('',(6.634822004508,10.05117177063,
    10.304548592439));
#2307 = CARTESIAN_POINT('',(9.701797017942E-03,11.292722721184,
    10.479143729557));
#2308 = CARTESIAN_POINT('',(-5.396556157356,8.763838183158,
    10.653830141177));
#2309 = CARTESIAN_POINT('',(-8.075280527703,4.328206360456,
    10.828470198392));
#2310 = CARTESIAN_POINT('',(-7.988745287665,-4.485919596752,
    11.177780623794));
#2311 = CARTESIAN_POINT('',(-5.22344945516,-8.868103170894,
    11.352420681007));
#2312 = CARTESIAN_POINT('',(0.231417722216,-11.29035546032,
    11.527107092628));
#2313 = CARTESIAN_POINT('',(6.830884651155,-9.918968286872,
    11.701702229747));
#2314 = CARTESIAN_POINT('',(11.281478800624,-4.216058949446,
    11.876423592439));
#2315 = CARTESIAN_POINT('',(11.008227587033,2.518850129423,
    12.051018729557));
#2316 = CARTESIAN_POINT('',(7.333142575766,7.221682492577,
    12.225705141178));
#2317 = CARTESIAN_POINT('',(2.410375479856,8.839322142896,
    12.400345198392));
#2318 = CARTESIAN_POINT('',(-6.160628525472,6.781606157163,
    12.749655623793));
#2319 = CARTESIAN_POINT('',(-9.812453107915,3.105389197052,
    12.924295681009));
#2320 = CARTESIAN_POINT('',(-10.95193664093,-2.75331879656,
    13.098982092626));
#2321 = CARTESIAN_POINT('',(-8.137820543503,-8.87822019298,
    13.273577229749));
#2322 = CARTESIAN_POINT('',(-1.583245473248,-11.93902218632,
    13.448298592437));
#2323 = CARTESIAN_POINT('',(4.919519372665,-10.16484184453,
    13.622893729559));
#2324 = CARTESIAN_POINT('',(8.680162109269,-5.530141392124,
    13.797580141177));
#2325 = CARTESIAN_POINT('',(9.154589049285,-0.370169202525,
    13.972220198392));
#2326 = CARTESIAN_POINT('',(5.230163099367,7.522560724497,
    14.321530623794));
#2327 = CARTESIAN_POINT('',(0.82966751309,10.25862222123,14.496170681004
    ));
#2328 = CARTESIAN_POINT('',(-5.135433151831,10.057485119335,
    14.670857092637));
#2329 = CARTESIAN_POINT('',(-10.47480616177,5.943513511942,
    14.845452229736));
#2330 = CARTESIAN_POINT('',(-11.99041827719,-1.129949791825,
    15.020173592448));
#2331 = CARTESIAN_POINT('',(-8.80538440954,-7.070423324149,
    15.19476872955));
#2332 = CARTESIAN_POINT('',(-3.446373476285,-9.697947613905,
    15.369455141181));
#2333 = CARTESIAN_POINT('',(1.688830662526,-9.005075063157,
    15.544095198391));
#2334 = CARTESIAN_POINT('',(8.50257053807,-3.413183286153,
    15.893405623794));
#2335 = CARTESIAN_POINT('',(10.183958387671,1.488176608607,
    16.068045681006));
#2336 = CARTESIAN_POINT('',(8.652412434392,7.256820216026,
    16.242732092629));
#2337 = CARTESIAN_POINT('',(3.447452736998,11.539583468201,
    16.417327229748));
#2338 = CARTESIAN_POINT('',(-3.785777208935,11.433057680186,
    16.592048592438));
#2339 = CARTESIAN_POINT('',(-8.86236002485,6.99887529338,16.766643729557
    ));
#2340 = CARTESIAN_POINT('',(-10.22336576886,1.187632273103,
    16.94133014118));
#2341 = CARTESIAN_POINT('',(-8.398371048891,-3.662088150894,
    17.115970198391));
#2342 = CARTESIAN_POINT('',(-1.422915260272,-9.050902610337,
    17.465280623796));
#2343 = CARTESIAN_POINT('',(3.730465612688,-9.592252309694,17.639920681)
  );
#2344 = CARTESIAN_POINT('',(9.009776610233,-6.808054495678,
    17.814607092639));
#2345 = CARTESIAN_POINT('',(12.018493088521,-0.776363880358,
    17.989202229735));
#2346 = CARTESIAN_POINT('',(10.295237739318,6.249399721972,
    18.163923592451));
#2347 = CARTESIAN_POINT('',(4.837031438775,10.204352377426,
    18.338518729546));
#2348 = CARTESIAN_POINT('',(-1.131405332784,10.229740956304,
    18.513205141185));
#2349 = CARTESIAN_POINT('',(-5.449420461181,7.365279528778,
    18.68784519839));
#2350 = CARTESIAN_POINT('',(-9.13971797785,-0.639594547418,
    19.037155623792));
#2351 = CARTESIAN_POINT('',(-8.513545060416,-5.783357896972,
    19.211795681013));
#2352 = CARTESIAN_POINT('',(-4.618049840577,-10.30530427753,
    19.38648209262));
#2353 = CARTESIAN_POINT('',(1.934141174578,-11.88722065539,
    19.561077229757));
#2354 = CARTESIAN_POINT('',(8.395738568328,-8.634725872111,
    19.735798592429));
#2355 = CARTESIAN_POINT('',(11.028267077364,-2.429610226493,
    19.910393729565));
#2356 = CARTESIAN_POINT('',(9.716749506278,3.393001192506,
    20.085080141173));
#2357 = CARTESIAN_POINT('',(5.958250830864,6.960084262155,
    20.259720198394));
#2358 = CARTESIAN_POINT('',(-2.669631971804,8.764507461053,
    20.609030623792));
#2359 = CARTESIAN_POINT('',(-7.54262758055,7.002602890451,
    20.783670681011));
#2360 = CARTESIAN_POINT('',(-11.07762893767,2.193585581113,
    20.958357092622));
#2361 = CARTESIAN_POINT('',(-11.15243090479,-4.546449373648,
    21.132952229755));
#2362 = CARTESIAN_POINT('',(-6.535826702538,-10.11582356056,
    21.307673592431));
#2363 = CARTESIAN_POINT('',(0.101162935656,-11.29227375876,
    21.482268729563));
#2364 = CARTESIAN_POINT('',(5.482333489764,-8.710436129558,
    21.656955141175));
#2365 = CARTESIAN_POINT('',(8.117382755528,-4.248720172009,
    21.831595198393));
#2366 = CARTESIAN_POINT('',(7.944320596515,4.564131479211,
    22.180905623794));
#2367 = CARTESIAN_POINT('',(5.136136730949,8.918956079119,
    22.355545681005));
#2368 = CARTESIAN_POINT('',(-0.342247594934,11.287539464655,
    22.530232092631));
#2369 = CARTESIAN_POINT('',(-6.927933142888,9.851429305505,
    22.704827229744));
#2370 = CARTESIAN_POINT('',(-11.32232553146,4.105101893184,
    22.879548592442));
#2371 = CARTESIAN_POINT('',(-10.982968733,-2.626800028964,
    23.054143729554));
#2372 = CARTESIAN_POINT('',(-7.261891620812,-7.293326274596,
    23.228830141181));
#2373 = CARTESIAN_POINT('',(-2.323480873152,-8.862559592571,
    23.403470198391));
#2374 = CARTESIAN_POINT('',(6.226908831635,-6.720798486953,
    23.752780623795));
#2375 = CARTESIAN_POINT('',(9.842466833004,-3.008907559473,
    23.927420681002));
#2376 = CARTESIAN_POINT('',(10.924378645847,2.860704770626,
    24.102107092636));
#2377 = CARTESIAN_POINT('',(8.050268050692,8.957683925291,24.27670222974
    ));
#2378 = CARTESIAN_POINT('',(1.465959981615,11.953990058827,
    24.451423592445));
#2379 = CARTESIAN_POINT('',(-5.0190737943,10.116055497557,
    24.626018729551));
#2380 = CARTESIAN_POINT('',(-8.734034967253,5.444658965533,
    24.800705141182));
#2381 = CARTESIAN_POINT('',(-9.157781949381,0.280277839588,
    24.97534519839));
#2382 = CARTESIAN_POINT('',(-5.156059671499,-7.573544385799,
    25.324655623796));
#2383 = CARTESIAN_POINT('',(-0.728915360241,-10.26627295847,
    25.499295681001));
#2384 = CARTESIAN_POINT('',(5.233923213103,-10.00658425146,
    25.673982092638));
#2385 = CARTESIAN_POINT('',(10.532650740104,-5.840392570766,
    25.848577229735));
#2386 = CARTESIAN_POINT('',(11.97874736851,1.24760910359,26.023298592451
    ));
#2387 = CARTESIAN_POINT('',(8.735547465282,7.156527863721,
    26.197893729546));
#2388 = CARTESIAN_POINT('',(3.350999543319,9.731314408691,
    26.372580141185));
#2389 = CARTESIAN_POINT('',(-1.777154973569,8.988061309298,
    26.54722019839));
#2390 = CARTESIAN_POINT('',(-8.535669100624,3.32954635114,
    26.896530623792));
#2391 = CARTESIAN_POINT('',(-10.16885770712,-1.588084063434,
    27.071170681014));
#2392 = CARTESIAN_POINT('',(-8.580752944203,-7.341413998217,
    27.245857092618));
#2393 = CARTESIAN_POINT('',(-3.333998824734,-11.57287210807,
    27.42045222976));
#2394 = CARTESIAN_POINT('',(3.897836746633,-11.39534052544,
    27.595173592427));
#2395 = CARTESIAN_POINT('',(8.930643132258,-6.911533391847,
    27.769768729566));
#2396 = CARTESIAN_POINT('',(10.234532459508,-1.087208993416,
    27.944455141173));
#2397 = CARTESIAN_POINT('',(8.362014433833,3.744361161554,
    28.119095198394));
#2398 = CARTESIAN_POINT('',(1.33399108729,9.064435651421,28.468405623793
    ));
#2399 = CARTESIAN_POINT('',(-3.824456041754,9.555166876877,
    28.643045681011));
#2400 = CARTESIAN_POINT('',(-9.076179264773,6.719274554306,
    28.81773209262));
#2401 = CARTESIAN_POINT('',(-12.02553571696,0.658337081975,
    28.992327229759));
#2402 = CARTESIAN_POINT('',(-10.23338924836,-6.350170193436,
    29.167048592428));
#2403 = CARTESIAN_POINT('',(-4.736618951275,-10.25134730134,
    29.341643729564));
#2404 = CARTESIAN_POINT('',(1.231779442887,-10.21814060699,
    29.516330141175));
#2405 = CARTESIAN_POINT('',(5.52146514908,-7.311425887423,
    29.690970198393));
#2406 = CARTESIAN_POINT('',(9.132998421411,0.729291254731,
    30.040280623793));
#2407 = CARTESIAN_POINT('',(8.456357712504,5.866659381488,30.21492068101
    ));
#2408 = CARTESIAN_POINT('',(4.516656828992,10.35014452419,
    30.389607092625));
#2409 = CARTESIAN_POINT('',(-2.050748607511,11.867659716317,
    30.564202229751));
#2410 = CARTESIAN_POINT('',(-8.48010383022,8.551886109083,
    30.738923592436));
#2411 = CARTESIAN_POINT('',(-11.05158787315,2.321225121417,
    30.913518729559));
#2412 = CARTESIAN_POINT('',(-9.682971069788,-3.488230113071,
    31.088205141176));
#2413 = CARTESIAN_POINT('',(-5.88963432674,-7.018242899549,
    31.262845198393));
#2414 = CARTESIAN_POINT('',(2.75554728804,-8.737876460737,
    31.612155623791));
#2415 = CARTESIAN_POINT('',(7.611010882242,-6.928217044132,
    31.786795681015));
#2416 = CARTESIAN_POINT('',(11.098630225358,-2.08472724916,
    31.961482092616));
#2417 = CARTESIAN_POINT('',(11.107259512189,4.655717251096,
    32.136077229761));
#2418 = CARTESIAN_POINT('',(6.436201464001,10.179500366377,
    32.310798592425));
#2419 = CARTESIAN_POINT('',(-0.212017918044,11.290736423492,
    32.485393729569));
#2420 = CARTESIAN_POINT('',(-5.567582423456,8.656194545996,
    32.66008014117));
#2421 = CARTESIAN_POINT('',(-8.158702613108,4.16882448307,
    32.834720198394));
#2422 = CARTESIAN_POINT('',(-7.899130215209,-4.641903461177,
    33.184030623795));
#2423 = CARTESIAN_POINT('',(-5.048328975193,-8.96894935979,33.358670681)
  );
#2424 = CARTESIAN_POINT('',(0.453044481124,-11.28363555245,
    33.533357092639));
#2425 = CARTESIAN_POINT('',(7.024313905995,-9.782940822859,
    33.707952229737));
#2426 = CARTESIAN_POINT('',(11.362080993018,-3.993749178678,
    33.882673592448));
#2427 = CARTESIAN_POINT('',(10.956651317594,2.734496752064,
    34.057268729549));
#2428 = CARTESIAN_POINT('',(7.189940749631,7.364267110644,
    34.231955141184));
#2429 = CARTESIAN_POINT('',(2.236362324527,8.884942850307,
    34.406595198391));
#2430 = CARTESIAN_POINT('',(-6.292588975366,6.659343052195,
    34.75590562379));
#2431 = CARTESIAN_POINT('',(-9.871531920651,2.912135917123,
    34.930545681021));
#2432 = CARTESIAN_POINT('',(-10.89576773641,-2.967815024014,
    35.105232092606));
#2433 = CARTESIAN_POINT('',(-7.961939656275,-9.036284297385,
    35.279827229774));
#2434 = CARTESIAN_POINT('',(-1.348533197724,-11.96780578087,
    35.454548592413));
#2435 = CARTESIAN_POINT('',(5.118144467169,-10.0662941441,
    35.629143729578));
#2436 = CARTESIAN_POINT('',(8.787066020762,-5.358651771374,
    35.803830141166));
#2437 = CARTESIAN_POINT('',(9.160092203394,-0.19035946289,
    35.978470198396));
#2438 = CARTESIAN_POINT('',(5.081459291868,7.62379809313,36.327780623794
    ));
#2439 = CARTESIAN_POINT('',(0.628092953019,10.272934210954,
    36.502420681002));
#2440 = CARTESIAN_POINT('',(-5.331908817975,9.954718928194,
    36.67710709264));
#2441 = CARTESIAN_POINT('',(-10.58948015961,5.736708720382,
    36.851702229732));
#2442 = CARTESIAN_POINT('',(-11.96592192324,-1.36514816818,
    37.026423592454));
#2443 = CARTESIAN_POINT('',(-8.664868570768,-7.24194264225,
    37.201018729545));
#2444 = CARTESIAN_POINT('',(-3.255302634047,-9.763743279137,
    37.375705141186));
#2445 = CARTESIAN_POINT('',(1.865307998717,-8.970181267383,
    37.55034519839));
#2446 = CARTESIAN_POINT('',(8.567944977624,-3.245588507519,
    37.899655623794));
#2447 = CARTESIAN_POINT('',(10.152776930901,1.687838455417,
    38.074295681008));
#2448 = CARTESIAN_POINT('',(8.508266423177,7.425300199637,
    38.248982092626));
#2449 = CARTESIAN_POINT('',(3.220223574734,11.605045330468,
    38.423577229751));
#2450 = CARTESIAN_POINT('',(-4.009520602724,11.356525064051,
    38.598298592434));
#2451 = CARTESIAN_POINT('',(-8.998065485684,6.823525342351,
    38.77289372956));
#2452 = CARTESIAN_POINT('',(-10.24471272461,0.986680926259,
    38.947580141176));
#2453 = CARTESIAN_POINT('',(-8.324851870419,-3.826273282892,
    39.122220198393));
#2454 = CARTESIAN_POINT('',(-1.24493834147,-9.077095043331,
    39.471530623792));
#2455 = CARTESIAN_POINT('',(3.918077861785,-9.517160497185,
    39.646170681012));
#2456 = CARTESIAN_POINT('',(9.141707138266,-6.629846995277,
    39.820857092623));
#2457 = CARTESIAN_POINT('',(12.031419299243,-0.540246831683,
    39.995452229753));
#2458 = CARTESIAN_POINT('',(10.170554442059,6.450328622269,
    40.170173592431));
#2459 = CARTESIAN_POINT('',(4.635749938582,10.297354179077,
    40.344768729565));
#2460 = CARTESIAN_POINT('',(-1.332034831523,10.205555412014,
    40.519455141172));
#2461 = CARTESIAN_POINT('',(-5.592977666675,7.256867555624,
    40.694095198394));
#2462 = CARTESIAN_POINT('',(-9.125398607575,-0.818917671436,
    41.043405623794));
#2463 = CARTESIAN_POINT('',(-8.398355323234,-5.949395425161,
    41.218045681004));
#2464 = CARTESIAN_POINT('',(-4.414828492624,-10.39398720237,
    41.392732092635));
#2465 = CARTESIAN_POINT('',(2.167158385026,-11.84695494749,
    41.567327229741));
#2466 = CARTESIAN_POINT('',(8.563651762056,-8.468222097471,
    41.742048592443));
#2467 = CARTESIAN_POINT('',(11.073843493909,-2.212616291835,
    41.916643729553));
#2468 = CARTESIAN_POINT('',(9.648259368394,3.583122830759,
    42.091330141181));
#2469 = CARTESIAN_POINT('',(5.820450167402,7.075725104084,42.26597019839
    ));
#2470 = CARTESIAN_POINT('',(-2.841197018891,8.710403285702,
    42.615280623797));
#2471 = CARTESIAN_POINT('',(-7.678660618872,6.853163441832,
    42.789920680999));
#2472 = CARTESIAN_POINT('',(-11.11856180394,1.975667986855,
    42.96460709264));
#2473 = CARTESIAN_POINT('',(-11.06101757881,-4.764536400825,
    43.139202229736));
#2474 = CARTESIAN_POINT('',(-6.335955890951,-10.24219605075,
    43.31392359245));
#2475 = CARTESIAN_POINT('',(0.322852465693,-11.28811086354,
    43.488518729547));
#2476 = CARTESIAN_POINT('',(5.652294741971,-8.601118660388,
    43.663205141185));
#2477 = CARTESIAN_POINT('',(8.199236117949,-4.088526994149,
    43.837845198389));
#2478 = CARTESIAN_POINT('',(7.853178499293,4.719228046827,
    44.187155623795));
#2479 = CARTESIAN_POINT('',(4.960034650982,9.018078194454,
    44.361795681007));
#2480 = CARTESIAN_POINT('',(-0.56379770194,11.27864409997,
    44.536482092625));
#2481 = CARTESIAN_POINT('',(-7.120017651116,9.713509440017,
    44.711077229755));
#2482 = CARTESIAN_POINT('',(-11.40074135354,3.882011538308,
    44.885798592432));
#2483 = CARTESIAN_POINT('',(-10.92927787732,-2.841929918673,
    45.06039372956));
#2484 = CARTESIAN_POINT('',(-7.117296896994,-7.434498163302,
    45.235080141178));
#2485 = CARTESIAN_POINT('',(-2.149028230645,-8.906469758758,
    45.409720198392));
#2486 = CARTESIAN_POINT('',(6.357662626274,-6.597245776095,
    45.759030623795));
#2487 = CARTESIAN_POINT('',(9.899645569505,-2.815083597051,
    45.933670681001));
#2488 = CARTESIAN_POINT('',(10.866106670202,3.074639233215,
    46.108357092643));
#2489 = CARTESIAN_POINT('',(7.872843873549,9.114013733579,
    46.282952229727));
#2490 = CARTESIAN_POINT('',(1.230976439388,11.980468020913,
    46.457673592457));
#2491 = CARTESIAN_POINT('',(-5.216721842612,10.015562580256,
    46.632268729544));
#2492 = CARTESIAN_POINT('',(-8.839250158563,5.272128099209,
    46.806955141185));
#2493 = CARTESIAN_POINT('',(-9.161519588654,0.100422738951,
    46.98159519839));
#2494 = CARTESIAN_POINT('',(-5.006369150614,-7.673317002933,
    47.330905623794));
#2495 = CARTESIAN_POINT('',(-0.527210008887,-10.27860533665,
    47.505545681008));
#2496 = CARTESIAN_POINT('',(5.429380522366,-9.901894148387,
    47.680232092626));
#2497 = CARTESIAN_POINT('',(10.645288943007,-5.632471954074,
    47.854827229753));
#2498 = CARTESIAN_POINT('',(11.95194317749,1.482555656948,
    48.029548592433));
#2499 = CARTESIAN_POINT('',(8.593354538203,7.326659427277,48.20414372956
    ));
#2500 = CARTESIAN_POINT('',(3.159291971925,9.795231099682,
    48.378830141178));
#2501 = CARTESIAN_POINT('',(-1.953281241597,8.951436660727,
    48.553470198391));
#2502 = CARTESIAN_POINT('',(-8.599395058253,3.161317847323,
    48.902780623797));
#2503 = CARTESIAN_POINT('',(-10.13571760891,-1.787430170016,49.077420681
    ));
#2504 = CARTESIAN_POINT('',(-8.434959857723,-7.508470735176,
    49.252107092637));
#2505 = CARTESIAN_POINT('',(-3.106137952888,-11.63610003442,
    49.42670222974));
#2506 = CARTESIAN_POINT('',(4.120818012876,-11.31661503715,
    49.601423592445));
#2507 = CARTESIAN_POINT('',(9.064620586831,-6.734859627268,
    49.776018729551));
#2508 = CARTESIAN_POINT('',(10.253905582986,-0.886057760746,
    49.950705141182));
#2509 = CARTESIAN_POINT('',(8.286886940454,3.907816620047,
    50.125345198391));
#2510 = CARTESIAN_POINT('',(1.155765605901,9.088879565928,
    50.474655623791));
#2511 = CARTESIAN_POINT('',(-4.011322049319,9.47823683376,
    50.649295681017));
#2512 = CARTESIAN_POINT('',(-9.206353914994,6.539780437789,
    50.823982092613));
#2513 = CARTESIAN_POINT('',(-12.03614326829,0.422104511283,
    50.998577229768));
#2514 = CARTESIAN_POINT('',(-10.10673937653,-6.549865355011,
    51.173298592417));
#2515 = CARTESIAN_POINT('',(-4.534434122666,-10.34236857637,
    51.347893729574));
#2516 = CARTESIAN_POINT('',(1.432161835871,-10.19198658436,
    51.522580141168));
#2517 = CARTESIAN_POINT('',(5.663951121442,-7.201609791825,
    51.697220198395));
#2518 = CARTESIAN_POINT('',(9.116919268828,0.90846515915,52.046530623793
    ));
#2519 = CARTESIAN_POINT('',(8.339543483003,6.031558053716,
    52.221170681005));
#2520 = CARTESIAN_POINT('',(4.31257464588,10.436828086458,
    52.395857092632));
#2521 = CARTESIAN_POINT('',(-2.28335928728,11.825108344467,
    52.570452229743));
#2522 = CARTESIAN_POINT('',(-8.646374311334,8.383741901012,
    52.745173592442));
#2523 = CARTESIAN_POINT('',(-11.09503179456,2.103794205673,
    52.919768729555));
#2524 = CARTESIAN_POINT('',(-9.612617747685,-3.677670199603,
    53.094455141179));
#2525 = CARTESIAN_POINT('',(-5.750705020963,-7.132525335507,
    53.269095198391));
#2526 = CARTESIAN_POINT('',(2.926572909262,-8.682090583869,
    53.618405623795));
#2527 = CARTESIAN_POINT('',(7.745570270202,-6.777449317376,
    53.793045681002));
#2528 = CARTESIAN_POINT('',(11.137421752412,-1.866418305566,
    53.967732092639));
#2529 = CARTESIAN_POINT('',(11.013709561521,4.872896334637,
    54.142327229733));
#2530 = CARTESIAN_POINT('',(6.235099645299,10.303904570939,
    54.317048592452));
#2531 = CARTESIAN_POINT('',(-0.433655896158,11.284397331992,
    54.491643729548));
#2532 = CARTESIAN_POINT('',(-5.73646228055,8.545213781053,
    54.666330141181));
#2533 = CARTESIAN_POINT('',(-8.238979363349,4.007835444489,
    54.840970198393));
#2534 = CARTESIAN_POINT('',(-7.806469877688,-4.796097783456,
    55.190280623789));
#2535 = CARTESIAN_POINT('',(-4.871262268309,-9.06633784797,
    55.364920681023));
#2536 = CARTESIAN_POINT('',(0.674496582765,-11.27256558829,
    55.539607092605));
#2537 = CARTESIAN_POINT('',(7.215035154105,-9.643141848912,
    55.714202229774));
#2538 = CARTESIAN_POINT('',(11.438302886906,-3.769899741594,
    55.888923592412));
#2539 = CARTESIAN_POINT('',(10.900851050501,2.949089174165,
    56.063518729579));
#2540 = CARTESIAN_POINT('',(7.04396706447,7.504012663551,56.238205141165
    ));
#2541 = CARTESIAN_POINT('',(2.06148700895,8.927138243117,56.412845198396
    ));
#2542 = CARTESIAN_POINT('',(-6.422123512425,6.534512643716,
    56.762155623795));
#2543 = CARTESIAN_POINT('',(-9.926805069916,2.717759953359,
    56.936795680999));
#2544 = CARTESIAN_POINT('',(-10.83539830601,-3.181167102271,
    57.111482092645));
#2545 = CARTESIAN_POINT('',(-7.782989289744,-9.190864742193,
    57.286077229729));
#2546 = CARTESIAN_POINT('',(-1.113301036982,-11.99197555847,
    57.460798592454));
#2547 = CARTESIAN_POINT('',(5.314796419549,-9.963865695664,
    57.635393729546));
#2548 = CARTESIAN_POINT('',(8.890582351036,-5.185096288358,
    57.810080141185));
#2549 = CARTESIAN_POINT('',(9.162063967587,-1.047633606013E-02,
    57.984720198389));
#2550 = CARTESIAN_POINT('',(4.930796485082,7.722096342472,
    58.334030623797));
#2551 = CARTESIAN_POINT('',(0.426276251157,10.283285788985,
    58.508670680998));
#2552 = CARTESIAN_POINT('',(-5.526328931767,9.848115003411,
    58.683357092642));
#2553 = CARTESIAN_POINT('',(-10.70007171127,5.527692318406,
    58.857952229735));
#2554 = CARTESIAN_POINT('',(-11.9368124786,-1.599820253929,
    59.032673592447));
#2555 = CARTESIAN_POINT('',(-8.521012260224,-7.410670053606,
    59.20726872955));
#2556 = CARTESIAN_POINT('',(-3.062976810673,-9.825774835473,
    59.381955141184));
#2557 = CARTESIAN_POINT('',(2.041066223166,-8.931829295974,
    59.556595198389));
#2558 = CARTESIAN_POINT('',(8.63001631129,-3.076742492733,
    59.905905623799));
#2559 = CARTESIAN_POINT('',(10.11768138536,1.886849608376,
    60.080545680995));
#2560 = CARTESIAN_POINT('',(8.360840313293,7.59091758867,60.255232092642
    ));
#2561 = CARTESIAN_POINT('',(2.991752954982,11.666033226853,
    60.429827229737));
#2562 = CARTESIAN_POINT('',(-4.231718249996,11.27561429132,
    60.604548592449));
#2563 = CARTESIAN_POINT('',(-9.130302020987,6.645544792412,
    60.779143729544));
#2564 = CARTESIAN_POINT('',(-10.26211014859,0.785349195136,
    60.953830141189));
#2565 = CARTESIAN_POINT('',(-8.248123303078,-3.988983313703,
    61.128470198388));
#2566 = CARTESIAN_POINT('',(-1.066481475239,-9.099788083395,
    61.477780623795));
#2567 = CARTESIAN_POINT('',(4.104179617283,-9.438399638143,
    61.652420681007));
#2568 = CARTESIAN_POINT('',(9.270113364178,-6.44908356264,
    61.827107092628));
#2569 = CARTESIAN_POINT('',(12.039707168794,-0.303921507592,
    62.00170222975));
#2570 = CARTESIAN_POINT('',(10.041950202459,6.648770798117,
    62.176423592435));
#2571 = CARTESIAN_POINT('',(4.432681268541,10.386386154659,
    62.351018729561));
#2572 = CARTESIAN_POINT('',(-1.532150805477,10.177435431847,
    62.525705141175));
#2573 = CARTESIAN_POINT('',(-5.734378672811,7.145657921885,
    62.700345198393));
#2574 = CARTESIAN_POINT('',(-9.107561222427,-0.997925087102,
    63.049655623793));
#2575 = CARTESIAN_POINT('',(-8.279927860207,-6.113139348159,
    63.224295681009));
#2576 = CARTESIAN_POINT('',(-4.209905144237,-10.4786630473,
    63.398982092627));
#2577 = CARTESIAN_POINT('',(2.399340114652,-11.80212201292,
    63.573577229752));
#2578 = CARTESIAN_POINT('',(8.728263505019,-8.298453662024,
    63.748298592431));
#2579 = CARTESIAN_POINT('',(11.115150732986,-1.994769351469,
    63.922893729565));
#2580 = CARTESIAN_POINT('',(9.57604964286,3.771863106948,64.097580141173
    ));
#2581 = CARTESIAN_POINT('',(5.680405609605,7.188638119293,
    64.272220198394));
#2582 = CARTESIAN_POINT('',(-3.011666730443,8.652941084075,
    64.621530623794));
#2583 = CARTESIAN_POINT('',(-7.81173338735,6.701081968251,
    64.796170681009));
#2584 = CARTESIAN_POINT('',(-11.15520825299,1.756988734983,
    64.970857092621));
#2585 = CARTESIAN_POINT('',(-10.96534001997,-4.980786608529,
    65.145452229762));
#2586 = CARTESIAN_POINT('',(-6.133642447772,-10.36461997938,
    65.320173592423));
#2587 = CARTESIAN_POINT('',(0.544417529968,-11.27959618671,
    65.494768729566));
#2588 = CARTESIAN_POINT('',(5.820076926954,-8.48848529624,
    65.669455141176));
#2589 = CARTESIAN_POINT('',(8.277928518768,-3.926757611305,
    65.84409519839));
#2590 = CARTESIAN_POINT('',(7.759008852269,4.872505262197,66.1934056238)
  );
#2591 = CARTESIAN_POINT('',(4.782020383238,9.113723668982,
    66.368045680992));
#2592 = CARTESIAN_POINT('',(-0.785130454197,11.265400603275,
    66.542732092646));
#2593 = CARTESIAN_POINT('',(-7.309357257005,9.571844831752,
    66.717327229732));
#2594 = CARTESIAN_POINT('',(-11.47476197281,3.657424594068,
    66.892048592453));
#2595 = CARTESIAN_POINT('',(-10.87137357697,-3.055964190285,
    67.066643729541));
#2596 = CARTESIAN_POINT('',(-6.969958319739,-7.572803911449,
    67.241330141192));
#2597 = CARTESIAN_POINT('',(-1.973747096845,-8.94694631131,
    67.415970198385));
#2598 = CARTESIAN_POINT('',(6.485965420945,-6.471149701408,
    67.765280623803));
#2599 = CARTESIAN_POINT('',(9.953007804199,-2.62017436631,
    67.939920680982));
#2600 = CARTESIAN_POINT('',(10.803645603573,3.287388363839,
    68.114607092665));
#2601 = CARTESIAN_POINT('',(7.692384565248,9.266829916099,
    68.289202229707));
#2602 = CARTESIAN_POINT('',(0.995518332292,12.002327284502,
    68.463923592475));
#2603 = CARTESIAN_POINT('',(-5.412358745338,9.911208472935,
    68.638518729528));
#2604 = CARTESIAN_POINT('',(-8.94105765068,5.097564727142,
    68.813205141194));
#2605 = CARTESIAN_POINT('',(-9.161725287726,-7.947107656336E-02,
    68.987845198388));
#2606 = CARTESIAN_POINT('',(-4.854748579122,-7.770131410294,
    69.337155623791));
#2607 = CARTESIAN_POINT('',(-0.325301408036,-10.28697511682,
    69.511795681023));
#2608 = CARTESIAN_POINT('',(5.622744702083,-9.793386676619,
    69.686482092594));
#2609 = CARTESIAN_POINT('',(10.753823184376,-5.422379912231,
    69.861077229796));
#2610 = CARTESIAN_POINT('',(11.920531284868,1.716930656885,
    70.035798592389));
#2611 = CARTESIAN_POINT('',(8.447848709361,7.493966424146,
    70.210393729594));
#2612 = CARTESIAN_POINT('',(2.966366433337,9.855371542628,
    70.385080141158));
#2613 = CARTESIAN_POINT('',(-2.128654482524,8.911361062925,
    70.559720198397));
#2614 = CARTESIAN_POINT('',(-8.659805785392,2.991870595298,
    70.909030623795));
#2615 = CARTESIAN_POINT('',(-10.09866999861,-1.986087188237,
    71.083670681001));
#2616 = CARTESIAN_POINT('',(-8.285914933664,-7.672632813747,
    71.25835709263));
#2617 = CARTESIAN_POINT('',(-2.877079605716,-11.69484202268,
    71.432952229755));
#2618 = CARTESIAN_POINT('',(4.342210625318,-11.23352677834,
    71.607673592427));
#2619 = CARTESIAN_POINT('',(9.195103457623,-6.555589446096,
    71.782268729562));
#2620 = CARTESIAN_POINT('',(10.269325630665,-0.684564935944,
    71.956955141179));
#2621 = CARTESIAN_POINT('',(8.208564694412,4.069765540844,72.13159519839
    ));
#2622 = CARTESIAN_POINT('',(0.977094554871,9.109819544347,
    72.480905623797));
#2623 = CARTESIAN_POINT('',(-4.196641615881,9.397652749922,72.655545681)
  );
#2624 = CARTESIAN_POINT('',(-9.332979340521,6.357765111409,
    72.830232092638));
#2625 = CARTESIAN_POINT('',(-12.04211065729,0.185709211284,
    73.004827229739));
#2626 = CARTESIAN_POINT('',(-9.976193164279,-6.747035418826,
    73.179548592444));
#2627 = CARTESIAN_POINT('',(-4.330501183394,-10.42940267144,
    73.354143729553));
#2628 = CARTESIAN_POINT('',(1.63199210321,-10.1619033569,73.528830141181
    ));
#2629 = CARTESIAN_POINT('',(5.804253532828,-7.089017338562,
    73.70347019839));
#2630 = CARTESIAN_POINT('',(9.097325370319,1.087288832956,
    74.052780623796));
#2631 = CARTESIAN_POINT('',(8.219514200735,6.194131445505,
    74.227420681005));
#2632 = CARTESIAN_POINT('',(4.10682988316,10.519488052808,
    74.402107092627));
#2633 = CARTESIAN_POINT('',(-2.5150896886,11.777998168274,
    74.576702229753));
#2634 = CARTESIAN_POINT('',(-8.809311450537,8.212365600824,
    74.751423592432));
#2635 = CARTESIAN_POINT('',(-11.13419837002,1.885552237228,
    74.926018729561));
#2636 = CARTESIAN_POINT('',(-9.53855857845,-3.865692474271,
    75.100705141176));
#2637 = CARTESIAN_POINT('',(-5.60955870893,-7.244058047175,
    75.275345198393));
#2638 = CARTESIAN_POINT('',(3.096470280917,-8.622957595809,
    75.62465562379));
#2639 = CARTESIAN_POINT('',(7.877143593371,-6.624068754897,
    75.799295681019));
#2640 = CARTESIAN_POINT('',(11.171919591387,-1.647389822179,
    75.973982092607));
#2641 = CARTESIAN_POINT('',(10.915913616136,5.088196823863,
    76.148577229776));
#2642 = CARTESIAN_POINT('',(6.031594077019,10.424336424166,
    76.323298592412));
#2643 = CARTESIAN_POINT('',(-0.655126691682,11.273707890498,
    76.497893729574));
#2644 = CARTESIAN_POINT('',(-5.903130622231,8.430938673538,
    76.672580141169));
#2645 = CARTESIAN_POINT('',(-8.316079830208,3.845301309052,
    76.847220198395));
#2646 = CARTESIAN_POINT('',(-7.710799997426,-4.948443118742,
    77.196530623788));
#2647 = CARTESIAN_POINT('',(-4.69231759709,-9.160231090328,
    77.37117068102));
#2648 = CARTESIAN_POINT('',(0.895688653127,-11.25714983551,
    77.545857092614));
#2649 = CARTESIAN_POINT('',(7.402974868833,-9.499625260231,
    77.720452229761));
#2650 = CARTESIAN_POINT('',(11.510115097277,-3.544596936382,
    77.895173592426));
#2651 = CARTESIAN_POINT('',(10.840848297831,3.16254466624,78.06976872957
    ));
#2652 = CARTESIAN_POINT('',(6.895277795915,7.640865276734,
    78.244455141168));
#2653 = CARTESIAN_POINT('',(1.88581695089,8.965892054198,78.419095198398
    ));
#2654 = CARTESIAN_POINT('',(-6.549182198621,6.407163056221,
    78.768405623786));
#2655 = CARTESIAN_POINT('',(-9.978251246859,2.522336241401,
    78.94304568103));
#2656 = CARTESIAN_POINT('',(-10.77085162331,-3.393292780057,
    79.117732092588));
#2657 = CARTESIAN_POINT('',(-7.601038432664,-9.341901933689,
    79.2923272298));
#2658 = CARTESIAN_POINT('',(-0.877639677525,-12.0115222012,
    79.467048592384));
#2659 = CARTESIAN_POINT('',(5.509399416758,-9.857595987335,
    79.641643729602));
#2660 = CARTESIAN_POINT('',(8.990671192566,-5.009541852015,
    79.81633014115));
#2661 = CARTESIAN_POINT('',(9.160503581715,0.169410829597,
    79.990970198402));
#2662 = CARTESIAN_POINT('',(4.778232762389,7.817417576678,
    80.340280623785));
#2663 = CARTESIAN_POINT('',(0.224295211694,10.289672964587,
    80.514920681028));
#2664 = CARTESIAN_POINT('',(-5.718618540574,9.737714442842,
    80.689607092594));
#2665 = CARTESIAN_POINT('',(-10.80653818158,5.31654488579,
    80.864202229793));
#2666 = CARTESIAN_POINT('',(-11.90310116554,-1.833875578489,
    81.03892359239));
#2667 = CARTESIAN_POINT('',(-8.373870937237,-7.576540510602,
    81.213518729597));
#2668 = CARTESIAN_POINT('',(-2.869470151437,-9.884018368563,
    81.388205141154));
#2669 = CARTESIAN_POINT('',(2.216037577732,-8.890033934349,
    81.562845198401));
#2670 = CARTESIAN_POINT('',(8.68876060939,-2.906710335146,
    81.912155623786));
#2671 = CARTESIAN_POINT('',(10.078685281039,2.085133344887,
    82.086795681029));
#2672 = CARTESIAN_POINT('',(8.210190940325,7.753608534484,
    82.261482092588));
#2673 = CARTESIAN_POINT('',(2.762128957492,11.722523645341,82.4360772298
    ));
#2674 = CARTESIAN_POINT('',(-4.452284489302,11.19035655465,
    82.610798592386));
#2675 = CARTESIAN_POINT('',(-9.259018651076,6.465002258446,
    82.785393729595));
#2676 = CARTESIAN_POINT('',(-10.27555133375,0.583714696948,
    82.960080141157));
#2677 = CARTESIAN_POINT('',(-8.168214927196,-4.150155515512,
    83.134720198398));
#2678 = CARTESIAN_POINT('',(-0.887613460096,-9.11897298193,
    83.48403062379));
#2679 = CARTESIAN_POINT('',(4.28869913341,-9.356000096365,
    83.658670681018));
#2680 = CARTESIAN_POINT('',(9.394945784921,-6.265833885554,
    83.833357092607));
#2681 = CARTESIAN_POINT('',(12.043353502053,-6.747901592612E-02,
    84.007952229776));
#2682 = CARTESIAN_POINT('',(9.909474599888,6.844649746209,
    84.182673592411));
#2683 = CARTESIAN_POINT('',(4.227903715501,10.471413980692,
    84.357268729573));
#2684 = CARTESIAN_POINT('',(-1.731676106135,10.145391856576,
    84.531955141174));
#2685 = CARTESIAN_POINT('',(-5.873568966809,7.031693500994,
    84.70659519839));
#2686 = CARTESIAN_POINT('',(-9.086212699057,-1.17654778365,
    85.055905623801));
#2687 = CARTESIAN_POINT('',(-8.158308327374,-6.274526539572,
    85.230545680988));
#2688 = CARTESIAN_POINT('',(-4.003358797283,-10.55929916815,
    85.405232092656));
#2689 = CARTESIAN_POINT('',(2.630596853,-11.75273913565,85.579827229718)
  );
#2690 = CARTESIAN_POINT('',(8.889510336247,-8.125486014723,
    85.754548592465));
#2691 = CARTESIAN_POINT('',(11.152172869867,-1.776153389545,
    85.929143729534));
#2692 = CARTESIAN_POINT('',(9.500148167901,3.959149258112,
    86.103830141194));
#2693 = CARTESIAN_POINT('',(5.538171147312,7.298779777665,
    86.278470198385));
#2694 = CARTESIAN_POINT('',(-3.18097538714,8.592143008943,
    86.627780623801));
#2695 = CARTESIAN_POINT('',(-7.941794583902,6.54641710001,
    86.802420680992));
#2696 = CARTESIAN_POINT('',(-11.18755415691,1.537632130512,
    86.977107092646));
#2697 = CARTESIAN_POINT('',(-10.86543511381,-5.19511662819,
    87.151702229734));
#2698 = CARTESIAN_POINT('',(-5.92896436868,-10.48304814971,
    87.326423592449));
#2699 = CARTESIAN_POINT('',(0.765772710922,-11.26673301083,
    87.501018729546));
#2700 = CARTESIAN_POINT('',(5.985615361494,-8.372579459426,
    87.675705141187));
#2701 = CARTESIAN_POINT('',(8.353429620565,-3.763474388653,
    87.850345198389));
#2702 = CARTESIAN_POINT('',(7.661847959631,5.023904034038,
    88.199655623791));
#2703 = CARTESIAN_POINT('',(4.602162555604,9.205855629545,
    88.374295681023));
#2704 = CARTESIAN_POINT('',(-1.006160523714,11.247814080212,
    88.548982092596));
#2705 = CARTESIAN_POINT('',(-7.495878966546,9.426490095075,
    88.723577229792));
#2706 = CARTESIAN_POINT('',(-11.54435885288,3.431427643047,
    88.898298592395));
#2707 = CARTESIAN_POINT('',(-10.80927815517,-3.268820329546,
    89.072893729587));
#2708 = CARTESIAN_POINT('',(-6.819932690865,-7.708190199528,
    89.247580141166));
#2709 = CARTESIAN_POINT('',(-1.797705045969,-8.983973645747,
    89.422220198392));
#2710 = CARTESIAN_POINT('',(6.611767752482,-6.342558875325,
    89.771530623803));
#2711 = CARTESIAN_POINT('',(10.002532964906,-2.42425500848,
    89.946170680974));
#2712 = CARTESIAN_POINT('',(10.737019525941,3.49887014368,90.12085709268
    ));
#2713 = CARTESIAN_POINT('',(7.508959696221,9.416073559272,
    90.295452229692));
#2714 = CARTESIAN_POINT('',(0.759676433968,12.019559422458,
    90.470173592488));
#2715 = CARTESIAN_POINT('',(-5.605909080758,9.803033406074,
    90.644768729517));
#2716 = CARTESIAN_POINT('',(-9.039418194865,4.921036146836,
    90.819455141203));
#2717 = CARTESIAN_POINT('',(-9.1583989673,-0.259334254465,
    90.994095198384));
#2718 = CARTESIAN_POINT('',(-4.701256409638,-7.863950284085,
    91.343405623797));
#2719 = CARTESIAN_POINT('',(-0.123267397297,-10.29137907226,
    91.518045681006));
#2720 = CARTESIAN_POINT('',(5.813941206679,-9.681103667857,
    91.692732092627));
#2721 = CARTESIAN_POINT('',(10.858211622206,-5.210197439715,
    91.867327229749));
#2722 = CARTESIAN_POINT('',(11.88452380051,1.950643747375,
    92.042048592438));
#2723 = CARTESIAN_POINT('',(8.299086074033,7.658384354301,
    92.216643729558));
#2724 = CARTESIAN_POINT('',(2.772297304021,9.91171255224,92.391330141176
    ));
#2725 = CARTESIAN_POINT('',(-2.303207086627,8.867849965797,
    92.565970198394));
#2726 = CARTESIAN_POINT('',(-8.716877992554,2.821269920204,
    92.915280623787));
#2727 = CARTESIAN_POINT('',(-10.05772915879,-2.183978532045,
    93.08992068103));
#2728 = CARTESIAN_POINT('',(-8.133675631684,-7.833836946297,
    93.264607092587));
#2729 = CARTESIAN_POINT('',(-2.646912089552,-11.74907542675,
    93.439202229802));
#2730 = CARTESIAN_POINT('',(4.561929232867,-11.1461077811,
    93.613923592384));
#2731 = CARTESIAN_POINT('',(9.32204144102,-6.373791960416,
    93.788518729599));
#2732 = CARTESIAN_POINT('',(10.28078665782,-0.48280819832,
    93.963205141154));
#2733 = CARTESIAN_POINT('',(8.127077890423,4.230145489553,
    94.137845198401));
#2734 = CARTESIAN_POINT('',(0.79804681529,9.127247513919,94.487155623786
    ));
#2735 = CARTESIAN_POINT('',(-4.3803432972,9.313445692052,94.661795681029
    ));
#2736 = CARTESIAN_POINT('',(-9.456006724878,6.173298745565,
    94.83648209259));
#2737 = CARTESIAN_POINT('',(-12.04343558335,-5.075768316363E-02,
    95.011077229795));
#2738 = CARTESIAN_POINT('',(-9.841800939696,-6.941604372039,
    95.185798592393));
#2739 = CARTESIAN_POINT('',(-4.124898753454,-10.51241603324,
    95.36039372959));
#2740 = CARTESIAN_POINT('',(1.831193206516,-10.12790252226,
    95.535080141162));
#2741 = CARTESIAN_POINT('',(5.942318293989,-6.973691934171,
    95.709720198395));
#2742 = CARTESIAN_POINT('',(9.074224279704,1.265693336221,
    96.059030623796));
#2743 = CARTESIAN_POINT('',(8.096316139274,6.354316881699,
    96.233670680971));
#2744 = CARTESIAN_POINT('',(3.899501859355,10.598092556292,
    96.40835709275));
#2745 = CARTESIAN_POINT('',(-2.745850474993,11.726347349542,
    96.582952229496));
#2746 = CARTESIAN_POINT('',(-8.968852432452,8.037823277406,
    96.757673592813));
#2747 = CARTESIAN_POINT('',(-11.16907250008,1.666583352475,
    96.932268729128));
#2748 = CARTESIAN_POINT('',(-9.460822113287,-4.052224450889,
    97.106955141566));
#2749 = CARTESIAN_POINT('',(-5.466249805245,-7.352798036575,
    97.281595198111));
#2750 = CARTESIAN_POINT('',(3.26517390436,-8.560500293439,
    97.630905624394));
#2751 = CARTESIAN_POINT('',(8.005680127618,-6.468134487878,
    97.805545677748));
#2752 = CARTESIAN_POINT('',(11.202110443011,-1.4277262385,
    97.980232101167));
#2753 = CARTESIAN_POINT('',(10.813909377667,5.301535716075,
    98.154827214177));
#2754 = CARTESIAN_POINT('',(5.825763215239,10.540749497666,
    98.329548614113));
#2755 = CARTESIAN_POINT('',(-0.87634492432,11.258672219554,
    98.504143705698));
#2756 = CARTESIAN_POINT('',(-6.067523193873,8.31341327908,
    98.678830162191));
#2757 = CARTESIAN_POINT('',(-8.389974290562,3.68128473647,
    98.853470183645));
#2758 = CARTESIAN_POINT('',(-7.612157455785,-5.098880734397,
    99.202780654695));
#2759 = CARTESIAN_POINT('',(-4.511563954592,-9.250592892513,
    99.377420514158));
#2760 = CARTESIAN_POINT('',(1.116535435399,-11.23739422859,
    99.552107528939));
#2761 = CARTESIAN_POINT('',(7.588060564974,-9.352446400825,
    99.726701434933));
#2762 = CARTESIAN_POINT('',(11.577489982086,-3.317927599808,
    99.901424698025));
#2763 = CARTESIAN_POINT('',(10.776666144578,3.374780913188,
    100.07601751329));
#2764 = CARTESIAN_POINT('',(6.743930308049,7.774772211993,
    100.25070621175));
#2765 = CARTESIAN_POINT('',(1.709419845365,9.001189328425,
    100.42534444742));
#2766 = CARTESIAN_POINT('',(-2.482148072009,7.639266372409,
    100.60000082218));
#2767 = DEFINITIONAL_REPRESENTATION('',(#2768),#2772);
#2768 = LINE('',#2769,#2770);
#2769 = CARTESIAN_POINT('',(0.,0.));
#2770 = VECTOR('',#2771,1.);
#2771 = DIRECTION('',(0.,1.));
#2772 = ( GEOMETRIC_REPRESENTATION_CONTEXT(2) 
PARAMETRIC_REPRESENTATION_CONTEXT() REPRESENTATION_CONTEXT('2D SPACE',''
  ) );
#2773 = PCURVE('',#2774,#3803);
#2774 = B_SPLINE_SURFACE_WITH_KNOTS('',1,9,(
    (#2775,#2776,#2777,#2778,#2779,#2780,#2781,#2782,#2783,#2784,#2785
      ,#2786,#2787,#2788,#2789,#2790,#2791,#2792,#2793,#2794,#2795,#2796
      ,#2797,#2798,#2799,#2800,#2801,#2802,#2803,#2804,#2805,#2806,#2807
      ,#2808,#2809,#2810,#2811,#2812,#2813,#2814,#2815,#2816,#2817,#2818
      ,#2819,#2820,#2821,#2822,#2823,#2824,#2825,#2826,#2827,#2828,#2829
      ,#2830,#2831,#2832,#2833,#2834,#2835,#2836,#2837,#2838,#2839,#2840
      ,#2841,#2842,#2843,#2844,#2845,#2846,#2847,#2848,#2849,#2850,#2851
      ,#2852,#2853,#2854,#2855,#2856,#2857,#2858,#2859,#2860,#2861,#2862
      ,#2863,#2864,#2865,#2866,#2867,#2868,#2869,#2870,#2871,#2872,#2873
      ,#2874,#2875,#2876,#2877,#2878,#2879,#2880,#2881,#2882,#2883,#2884
      ,#2885,#2886,#2887,#2888,#2889,#2890,#2891,#2892,#2893,#2894,#2895
      ,#2896,#2897,#2898,#2899,#2900,#2901,#2902,#2903,#2904,#2905,#2906
      ,#2907,#2908,#2909,#2910,#2911,#2912,#2913,#2914,#2915,#2916,#2917
      ,#2918,#2919,#2920,#2921,#2922,#2923,#2924,#2925,#2926,#2927,#2928
      ,#2929,#2930,#2931,#2932,#2933,#2934,#2935,#2936,#2937,#2938,#2939
      ,#2940,#2941,#2942,#2943,#2944,#2945,#2946,#2947,#2948,#2949,#2950
      ,#2951,#2952,#2953,#2954,#2955,#2956,#2957,#2958,#2959,#2960,#2961
      ,#2962,#2963,#2964,#2965,#2966,#2967,#2968,#2969,#2970,#2971,#2972
      ,#2973,#2974,#2975,#2976,#2977,#2978,#2979,#2980,#2981,#2982,#2983
      ,#2984,#2985,#2986,#2987,#2988,#2989,#2990,#2991,#2992,#2993,#2994
      ,#2995,#2996,#2997,#2998,#2999,#3000,#3001,#3002,#3003,#3004,#3005
      ,#3006,#3007,#3008,#3009,#3010,#3011,#3012,#3013,#3014,#3015,#3016
      ,#3017,#3018,#3019,#3020,#3021,#3022,#3023,#3024,#3025,#3026,#3027
      ,#3028,#3029,#3030,#3031,#3032,#3033,#3034,#3035,#3036,#3037,#3038
      ,#3039,#3040,#3041,#3042,#3043,#3044,#3045,#3046,#3047,#3048,#3049
      ,#3050,#3051,#3052,#3053,#3054,#3055,#3056,#3057,#3058,#3059,#3060
      ,#3061,#3062,#3063,#3064,#3065,#3066,#3067,#3068,#3069,#3070,#3071
      ,#3072,#3073,#3074,#3075,#3076,#3077,#3078,#3079,#3080,#3081,#3082
      ,#3083,#3084,#3085,#3086,#3087,#3088,#3089,#3090,#3091,#3092,#3093
      ,#3094,#3095,#3096,#3097,#3098,#3099,#3100,#3101,#3102,#3103,#3104
      ,#3105,#3106,#3107,#3108,#3109,#3110,#3111,#3112,#3113,#3114,#3115
      ,#3116,#3117,#3118,#3119,#3120,#3121,#3122,#3123,#3124,#3125,#3126
      ,#3127,#3128,#3129,#3130,#3131,#3132,#3133,#3134,#3135,#3136,#3137
      ,#3138,#3139,#3140,#3141,#3142,#3143,#3144,#3145,#3146,#3147,#3148
      ,#3149,#3150,#3151,#3152,#3153,#3154,#3155,#3156,#3157,#3158,#3159
      ,#3160,#3161,#3162,#3163,#3164,#3165,#3166,#3167,#3168,#3169,#3170
      ,#3171,#3172,#3173,#3174,#3175,#3176,#3177,#3178,#3179,#3180,#3181
      ,#3182,#3183,#3184,#3185,#3186,#3187,#3188,#3189,#3190,#3191,#3192
      ,#3193,#3194,#3195,#3196,#3197,#3198,#3199,#3200,#3201,#3202,#3203
      ,#3204,#3205,#3206,#3207,#3208,#3209,#3210,#3211,#3212,#3213,#3214
      ,#3215,#3216,#3217,#3218,#3219,#3220,#3221,#3222,#3223,#3224,#3225
      ,#3226,#3227,#3228,#3229,#3230,#3231,#3232,#3233,#3234,#3235,#3236
      ,#3237,#3238,#3239,#3240,#3241,#3242,#3243,#3244,#3245,#3246,#3247
      ,#3248,#3249,#3250,#3251,#3252,#3253,#3254,#3255,#3256,#3257,#3258
      ,#3259,#3260,#3261,#3262,#3263,#3264,#3265,#3266,#3267,#3268,#3269
      ,#3270,#3271,#3272,#3273,#3274,#3275,#3276,#3277,#3278,#3279,#3280
      ,#3281,#3282,#3283,#3284,#3285,#3286,#3287,#3288)
    ,(#3289,#3290,#3291,#3292,#3293,#3294,#3295,#3296,#3297,#3298,#3299
      ,#3300,#3301,#3302,#3303,#3304,#3305,#3306,#3307,#3308,#3309,#3310
      ,#3311,#3312,#3313,#3314,#3315,#3316,#3317,#3318,#3319,#3320,#3321
      ,#3322,#3323,#3324,#3325,#3326,#3327,#3328,#3329,#3330,#3331,#3332
      ,#3333,#3334,#3335,#3336,#3337,#3338,#3339,#3340,#3341,#3342,#3343
      ,#3344,#3345,#3346,#3347,#3348,#3349,#3350,#3351,#3352,#3353,#3354
      ,#3355,#3356,#3357,#3358,#3359,#3360,#3361,#3362,#3363,#3364,#3365
      ,#3366,#3367,#3368,#3369,#3370,#3371,#3372,#3373,#3374,#3375,#3376
      ,#3377,#3378,#3379,#3380,#3381,#3382,#3383,#3384,#3385,#3386,#3387
      ,#3388,#3389,#3390,#3391,#3392,#3393,#3394,#3395,#3396,#3397,#3398
      ,#3399,#3400,#3401,#3402,#3403,#3404,#3405,#3406,#3407,#3408,#3409
      ,#3410,#3411,#3412,#3413,#3414,#3415,#3416,#3417,#3418,#3419,#3420
      ,#3421,#3422,#3423,#3424,#3425,#3426,#3427,#3428,#3429,#3430,#3431
      ,#3432,#3433,#3434,#3435,#3436,#3437,#3438,#3439,#3440,#3441,#3442
      ,#3443,#3444,#3445,#3446,#3447,#3448,#3449,#3450,#3451,#3452,#3453
      ,#3454,#3455,#3456,#3457,#3458,#3459,#3460,#3461,#3462,#3463,#3464
      ,#3465,#3466,#3467,#3468,#3469,#3470,#3471,#3472,#3473,#3474,#3475
      ,#3476,#3477,#3478,#3479,#3480,#3481,#3482,#3483,#3484,#3485,#3486
      ,#3487,#3488,#3489,#3490,#3491,#3492,#3493,#3494,#3495,#3496,#3497
      ,#3498,#3499,#3500,#3501,#3502,#3503,#3504,#3505,#3506,#3507,#3508
      ,#3509,#3510,#3511,#3512,#3513,#3514,#3515,#3516,#3517,#3518,#3519
      ,#3520,#3521,#3522,#3523,#3524,#3525,#3526,#3527,#3528,#3529,#3530
      ,#3531,#3532,#3533,#3534,#3535,#3536,#3537,#3538,#3539,#3540,#3541
      ,#3542,#3543,#3544,#3545,#3546,#3547,#3548,#3549,#3550,#3551,#3552
      ,#3553,#3554,#3555,#3556,#3557,#3558,#3559,#3560,#3561,#3562,#3563
      ,#3564,#3565,#3566,#3567,#3568,#3569,#3570,#3571,#3572,#3573,#3574
      ,#3575,#3576,#3577,#3578,#3579,#3580,#3581,#3582,#3583,#3584,#3585
      ,#3586,#3587,#3588,#3589,#3590,#3591,#3592,#3593,#3594,#3595,#3596
      ,#3597,#3598,#3599,#3600,#3601,#3602,#3603,#3604,#3605,#3606,#3607
      ,#3608,#3609,#3610,#3611,#3612,#3613,#3614,#3615,#3616,#3617,#3618
      ,#3619,#3620,#3621,#3622,#3623,#3624,#3625,#3626,#3627,#3628,#3629
      ,#3630,#3631,#3632,#3633,#3634,#3635,#3636,#3637,#3638,#3639,#3640
      ,#3641,#3642,#3643,#3644,#3645,#3646,#3647,#3648,#3649,#3650,#3651
      ,#3652,#3653,#3654,#3655,#3656,#3657,#3658,#3659,#3660,#3661,#3662
      ,#3663,#3664,#3665,#3666,#3667,#3668,#3669,#3670,#3671,#3672,#3673
      ,#3674,#3675,#3676,#3677,#3678,#3679,#3680,#3681,#3682,#3683,#3684
      ,#3685,#3686,#3687,#3688,#3689,#3690,#3691,#3692,#3693,#3694,#3695
      ,#3696,#3697,#3698,#3699,#3700,#3701,#3702,#3703,#3704,#3705,#3706
      ,#3707,#3708,#3709,#3710,#3711,#3712,#3713,#3714,#3715,#3716,#3717
      ,#3718,#3719,#3720,#3721,#3722,#3723,#3724,#3725,#3726,#3727,#3728
      ,#3729,#3730,#3731,#3732,#3733,#3734,#3735,#3736,#3737,#3738,#3739
      ,#3740,#3741,#3742,#3743,#3744,#3745,#3746,#3747,#3748,#3749,#3750
      ,#3751,#3752,#3753,#3754,#3755,#3756,#3757,#3758,#3759,#3760,#3761
      ,#3762,#3763,#3764,#3765,#3766,#3767,#3768,#3769,#3770,#3771,#3772
      ,#3773,#3774,#3775,#3776,#3777,#3778,#3779,#3780,#3781,#3782,#3783
      ,#3784,#3785,#3786,#3787,#3788,#3789,#3790,#3791,#3792,#3793,#3794
      ,#3795,#3796,#3797,#3798,#3799,#3800,#3801,#3802
  )),.UNSPECIFIED.,.F.,.F.,.F.,(2,2),(10,8,8,8,8,8,8,8,8,8,8,8,8,8,8,8,8
    ,8,8,8,8,8,8,8,8,8,8,8,8,8,8,8,8,8,8,8,8,8,8,8,8,8,8,8,8,8,8,8,8,8,8
    ,8,8,8,8,8,8,8,8,8,8,8,8,8,10),(0.,0.88),(0.,5.182327748957,
    10.364655497914,15.546983246871,20.729310995828,25.911638744785,
    31.093966493742,36.276294242699,41.458621991656,46.640949740613,
    51.82327748957,57.005605238527,62.187932987484,67.370260736441,
    72.552588485398,77.734916234355,82.917243983312,88.099571732269,
    93.281899481226,98.464227230183,103.64655497914,108.82888272809,
    114.01121047705,119.19353822601,124.37586597496,129.55819372392,
    134.74052147288,139.92284922183,145.10517697079,150.28750471975,
    155.4698324687,160.65216021766,165.83448796662,171.01681571558,
    176.19914346453,181.38147121349,186.56379896245,191.7461267114,
    196.92845446036,202.11078220932,207.29310995827,212.47543770723,
    217.65776545619,222.84009320515,228.0224209541,233.20474870306,
    238.38707645202,243.56940420097,248.75173194993,253.93405969889,
    259.11638744784,264.2987151968,269.48104294576,274.66337069472,
    279.84569844367,285.02802619263,290.21035394159,295.39268169054,
    300.5750094395,305.75733718846,310.93966493741,316.12199268637,
    321.30432043533,326.48664818429,331.66897593324),.UNSPECIFIED.);
#2775 = CARTESIAN_POINT('',(6.9524,-1.7763568394E-15,0.44));
#2776 = CARTESIAN_POINT('',(6.952397445926,3.814701243858,0.614650173058
    ));
#2777 = CARTESIAN_POINT('',(4.596269000726,7.630949919535,0.789313481356
    ));
#2778 = CARTESIAN_POINT('',(-0.104350032582,9.773867212791,
    0.963940247557));
#2779 = CARTESIAN_POINT('',(-5.827894447699,8.642854729515,
    1.138636446534));
#2780 = CARTESIAN_POINT('',(-9.728273059056,3.744944993041,
    1.313238183128));
#2781 = CARTESIAN_POINT('',(-9.549107240838,-2.086573464539,
    1.487933592284));
#2782 = CARTESIAN_POINT('',(-6.408191655482,-6.188057873671,
    1.662561577693));
#2783 = CARTESIAN_POINT('',(-2.161304933632,-7.629979845322,
    1.837223710137));
#2784 = CARTESIAN_POINT('',(5.274423347563,-5.921844419468,
    2.186525706185));
#2785 = CARTESIAN_POINT('',(8.466286798499,-2.771112898529,
    2.361187721324));
#2786 = CARTESIAN_POINT('',(9.502393752405,2.289952315714,2.535816111014
    ));
#2787 = CARTESIAN_POINT('',(7.118658662002,7.614985207022,2.710510661638
    ));
#2788 = CARTESIAN_POINT('',(1.471835118083,10.319767451608,
    2.885113747402));
#2789 = CARTESIAN_POINT('',(-4.171536562294,8.839543335746,
    3.059808282525));
#2790 = CARTESIAN_POINT('',(-7.465690708143,4.86008655709,3.23443669615)
  );
#2791 = CARTESIAN_POINT('',(-7.920182150795,0.398178652086,
    3.409098688197));
#2792 = CARTESIAN_POINT('',(-4.590637271627,-6.466361614474,
    3.758400716658));
#2793 = CARTESIAN_POINT('',(-0.805267412365,-8.871788038276,
    3.933062706395));
#2794 = CARTESIAN_POINT('',(4.359293965719,-8.748481300654,
    4.107691127972));
#2795 = CARTESIAN_POINT('',(9.015460394853,-5.233046388963,
    4.282385646226));
#2796 = CARTESIAN_POINT('',(10.387325091983,0.876000188304,4.45698875848
    ));
#2797 = CARTESIAN_POINT('',(7.681193187644,6.044709665609,4.631683276444
    ));
#2798 = CARTESIAN_POINT('',(3.065233702941,8.364288457713,4.806311698475
    ));
#2799 = CARTESIAN_POINT('',(-1.385163285841,7.808274727428,
    4.980973687765));
#2800 = CARTESIAN_POINT('',(-7.330000992111,3.026362262303,
    5.330275716865));
#2801 = CARTESIAN_POINT('',(-8.826866281864,-1.201461711362,
    5.504937706096));
#2802 = CARTESIAN_POINT('',(-7.550406136888,-6.207313115879,
    5.679566128319));
#2803 = CARTESIAN_POINT('',(-3.08175099027,-9.958218287865,
    5.854260645904));
#2804 = CARTESIAN_POINT('',(3.17936074574,-9.927515507377,6.028863758717
    ));
#2805 = CARTESIAN_POINT('',(7.610991264238,-6.132866841974,
    6.203558276311));
#2806 = CARTESIAN_POINT('',(8.838229085837,-1.114758128029,
    6.378186698527));
#2807 = CARTESIAN_POINT('',(7.29993914315,3.098180119644,6.552848687755)
  );
#2808 = CARTESIAN_POINT('',(1.308438045578,7.821494292517,6.902150716871
    ));
#2809 = CARTESIAN_POINT('',(-3.147192308459,8.333802204002,
    7.076812706085));
#2810 = CARTESIAN_POINT('',(-7.740185347095,5.968994868742,
    7.251441128335));
#2811 = CARTESIAN_POINT('',(-10.39539482095,0.773994283718,
    7.426135645885));
#2812 = CARTESIAN_POINT('',(-8.963683350591,-5.321304322367,
    7.600738758732));
#2813 = CARTESIAN_POINT('',(-4.273173234691,-8.790860835657,
    7.775433276301));
#2814 = CARTESIAN_POINT('',(0.892314010124,-8.863450499954,
    7.950061698531));
#2815 = CARTESIAN_POINT('',(4.65390153434,-6.420983729625,8.124723687754
    ));
#2816 = CARTESIAN_POINT('',(7.915888271644,0.475915914672,8.474025716872
    ));
#2817 = CARTESIAN_POINT('',(7.417628797515,4.93313912475,8.648687706082)
  );
#2818 = CARTESIAN_POINT('',(4.084536162036,8.880086333557,8.823316128341
    ));
#2819 = CARTESIAN_POINT('',(-1.573058316088,10.304794426338,
    8.998010645878));
#2820 = CARTESIAN_POINT('',(-7.193083879717,7.544762633784,9.17261375874
    ));
#2821 = CARTESIAN_POINT('',(-9.524416091585,2.196529498994,
    9.347308276296));
#2822 = CARTESIAN_POINT('',(-8.438672202234,-2.854083131422,
    9.521936698534));
#2823 = CARTESIAN_POINT('',(-5.216033284251,-5.973343144757,
    9.696598687754));
#2824 = CARTESIAN_POINT('',(2.23610749883,-7.608390522355,
    10.045900716872));
#2825 = CARTESIAN_POINT('',(6.468629170891,-6.124860427093,
    10.220562706082));
#2826 = CARTESIAN_POINT('',(9.569143002542,-1.992704480672,
    10.39519112834));
#2827 = CARTESIAN_POINT('',(9.691016909848,3.840246331672,10.56988564588
    ));
#2828 = CARTESIAN_POINT('',(5.742792334761,8.699668677635,
    10.744488758737));
#2829 = CARTESIAN_POINT('',(8.367383220941E-03,9.774414238842,
    10.919183276299));
#2830 = CARTESIAN_POINT('',(-4.670949701877,7.585460298516,
    11.093811698532));
#2831 = CARTESIAN_POINT('',(-6.989516553492,3.746263457887,
    11.268473687755));
#2832 = CARTESIAN_POINT('',(-6.914612786213,-3.882771317462,
    11.61777571687));
#2833 = CARTESIAN_POINT('',(-4.521131282737,-7.675705213606,
    11.79243770609));
#2834 = CARTESIAN_POINT('',(0.200297331007,-9.772371765829,
    11.967066128324));
#2835 = CARTESIAN_POINT('',(5.9124640315,-8.585223917349,12.141760645899
    ));
#2836 = CARTESIAN_POINT('',(9.764569009894,-3.649258959284,
    12.31636375872));
#2837 = CARTESIAN_POINT('',(9.528162805774,2.180219546798,
    12.491058276309));
#2838 = CARTESIAN_POINT('',(6.347132581437,6.250670928106,
    12.665686698528));
#2839 = CARTESIAN_POINT('',(2.086294850979,7.650830369458,
    12.840348687755));
#2840 = CARTESIAN_POINT('',(-5.332305815635,5.86977834126,
    13.189650716871));
#2841 = CARTESIAN_POINT('',(-8.493083684898,2.68786311467,
    13.364312706084));
#2842 = CARTESIAN_POINT('',(-9.479454645682,-2.383129994525,
    13.538941128338));
#2843 = CARTESIAN_POINT('',(-7.043556849756,-7.684504378242,
    13.71363564588));
#2844 = CARTESIAN_POINT('',(-1.370451747149,-10.33371960668,
    13.888238758738));
#2845 = CARTESIAN_POINT('',(4.258116157301,-8.798164042374,
    14.062933276297));
#2846 = CARTESIAN_POINT('',(7.513043948193,-4.786559274716,
    14.237561698533));
#2847 = CARTESIAN_POINT('',(7.923709516377,-0.320404506058,
    14.412223687754));
#2848 = CARTESIAN_POINT('',(4.52693370692,6.511117745835,14.76152571687)
  );
#2849 = CARTESIAN_POINT('',(0.718131429714,8.879266064917,14.93618770609
    ));
#2850 = CARTESIAN_POINT('',(-4.444970521776,8.70526312129,
    15.110816128323));
#2851 = CARTESIAN_POINT('',(-9.066400417643,5.144286549344,
    15.285510645904));
#2852 = CARTESIAN_POINT('',(-10.3782245426,-0.977933660432,
    15.460113758713));
#2853 = CARTESIAN_POINT('',(-7.621480177744,-6.119827091171,
    15.634808276316));
#2854 = CARTESIAN_POINT('',(-2.982971095368,-8.393977752054,
    15.809436698523));
#2855 = CARTESIAN_POINT('',(1.461752859861,-7.794299848232,
    15.984098687757));
#2856 = CARTESIAN_POINT('',(7.359358516489,-2.954255458275,
    16.333400716868));
#2857 = CARTESIAN_POINT('',(8.814645772709,1.288059976705,
    16.508062706095));
#2858 = CARTESIAN_POINT('',(7.489103099862,6.281138727178,
    16.682691128315));
#2859 = CARTESIAN_POINT('',(2.983839468537,9.98799292454,16.857385645914
    ));
#2860 = CARTESIAN_POINT('',(-3.27666911901,9.895824290358,
    17.031988758703));
#2861 = CARTESIAN_POINT('',(-7.67083279488,6.057851761015,
    17.206683276323));
#2862 = CARTESIAN_POINT('',(-8.848747098909,1.027936689371,
    17.381311698519));
#2863 = CARTESIAN_POINT('',(-7.269171527888,-3.169696648832,
    17.555973687759));
#2864 = CARTESIAN_POINT('',(-1.231588883422,-7.833962720689,
    17.905275716864));
#2865 = CARTESIAN_POINT('',(3.228856239509,-8.302503597506,
    18.079937706113));
#2866 = CARTESIAN_POINT('',(7.798411868273,-5.892719345369,
    18.254566128279));
#2867 = CARTESIAN_POINT('',(10.402492405086,-0.671902073549,
    18.429260645959));
#2868 = CARTESIAN_POINT('',(8.911010437562,5.409047225068,
    18.603863758665));
#2869 = CARTESIAN_POINT('',(4.186664617939,8.832388301156,
    18.778558276345));
#2870 = CARTESIAN_POINT('',(-0.979286332563,8.854263229461,
    18.953186698513));
#2871 = CARTESIAN_POINT('',(-4.716714105716,6.374985458212,
    19.127848687757));
#2872 = CARTESIAN_POINT('',(-7.910834578239,-0.553605782788,
    19.477150716872));
#2873 = CARTESIAN_POINT('',(-7.368841132139,-5.005722622274,
    19.651812706075));
#2874 = CARTESIAN_POINT('',(-3.997160680713,-8.919757588792,
    19.826441128357));
#2875 = CARTESIAN_POINT('',(1.674147966359,-10.28885461176,
    20.001135645855));
#2876 = CARTESIAN_POINT('',(7.26680658162,-7.473782242338,
    20.175738758762));
#2877 = CARTESIAN_POINT('',(9.545521131583,-2.102919411693,
    20.350433276282));
#2878 = CARTESIAN_POINT('',(8.410246088326,2.936790729982,20.52506169854
    ));
#2879 = CARTESIAN_POINT('',(5.157139701015,6.024262747559,
    20.699723687753));
#2880 = CARTESIAN_POINT('',(-2.310693737881,7.58607128471,
    21.049025716871));
#2881 = CARTESIAN_POINT('',(-6.528447151632,6.061060665451,
    21.223687706085));
#2882 = CARTESIAN_POINT('',(-9.588244871804,1.898665117531,
    21.398316128335));
#2883 = CARTESIAN_POINT('',(-9.652848965099,-3.935201073912,
    21.573010645884));
#2884 = CARTESIAN_POINT('',(-5.657108158074,-8.755628257784,
    21.747613758736));
#2885 = CARTESIAN_POINT('',(8.759156592071E-02,-9.774025344922,
    21.922308276298));
#2886 = CARTESIAN_POINT('',(4.745193490023,-7.539238542459,
    22.096936698533));
#2887 = CARTESIAN_POINT('',(7.025957986102,-3.677464605534,
    22.271598687755));
#2888 = CARTESIAN_POINT('',(6.87616115789,3.950467164486,22.620900716868
    ));
#2889 = CARTESIAN_POINT('',(4.445558555497,7.719720702955,
    22.795562706097));
#2890 = CARTESIAN_POINT('',(-0.296226172779,9.769934442196,
    22.970191128309));
#2891 = CARTESIAN_POINT('',(-5.996462988482,8.526765639015,
    23.144885645921));
#2892 = CARTESIAN_POINT('',(-9.799924385698,3.553221205532,
    23.319488758699));
#2893 = CARTESIAN_POINT('',(-9.506299722178,-2.27365549671,
    23.494183276323));
#2894 = CARTESIAN_POINT('',(-6.285461873939,-6.312681529194,
    23.668811698521));
#2895 = CARTESIAN_POINT('',(-2.011083665327,-7.670943490765,
    23.843473687758));
#2896 = CARTESIAN_POINT('',(5.389674334683,-5.817146521535,
    24.192775716867));
#2897 = CARTESIAN_POINT('',(8.519062004889,-2.604354269067,24.3674377061
    ));
#2898 = CARTESIAN_POINT('',(9.455601872719,2.476077982428,
    24.542066128306));
#2899 = CARTESIAN_POINT('',(6.96777617999,7.753282900817,24.716760645924
    ));
#2900 = CARTESIAN_POINT('',(1.268936278341,10.346675776439,
    24.891363758697));
#2901 = CARTESIAN_POINT('',(-4.344285340245,8.755936763587,
    25.066058276325));
#2902 = CARTESIAN_POINT('',(-7.559673067706,4.712570653816,
    25.240686698519));
#2903 = CARTESIAN_POINT('',(-7.926473177925,0.242599478773,
    25.415348687759));
#2904 = CARTESIAN_POINT('',(-4.462793827118,-6.555246322112,
    25.764650716864));
#2905 = CARTESIAN_POINT('',(-0.630926231783,-8.885888289422,
    25.939312706112));
#2906 = CARTESIAN_POINT('',(4.530218662013,-8.661205910538,
    26.11394112828));
#2907 = CARTESIAN_POINT('',(9.116466602169,-5.055030892685,
    26.288635645959));
#2908 = CARTESIAN_POINT('',(10.368123718145,1.079772877273,
    26.463238758662));
#2909 = CARTESIAN_POINT('',(7.561032593831,6.19435467507,26.637933276348
    ));
#2910 = CARTESIAN_POINT('',(2.900420982788,8.422858017342,
    26.812561698511));
#2911 = CARTESIAN_POINT('',(-1.538201547089,7.779573738195,
    26.987223687758));
#2912 = CARTESIAN_POINT('',(-7.388006730582,2.881863916958,
    27.336525716872));
#2913 = CARTESIAN_POINT('',(-8.801575689633,-1.374534096157,
    27.511187706075));
#2914 = CARTESIAN_POINT('',(-7.427078247512,-6.354358949227,
    27.685816128358));
#2915 = CARTESIAN_POINT('',(-2.885640358128,-10.0168048977,
    27.860510645853));
#2916 = CARTESIAN_POINT('',(3.373661680082,-9.863179293158,
    28.035113758764));
#2917 = CARTESIAN_POINT('',(7.729934994693,-5.982252811723,
    28.20980827628));
#2918 = CARTESIAN_POINT('',(8.858412251322,-0.941016176019,
    28.38443669854));
#2919 = CARTESIAN_POINT('',(7.237703294741,3.240907676055,
    28.559098687753));
#2920 = CARTESIAN_POINT('',(1.154621018171,7.845676095237,28.90840071687
    ));
#2921 = CARTESIAN_POINT('',(-3.310208966691,8.270404778413,
    29.083062706093));
#2922 = CARTESIAN_POINT('',(-7.855886762245,5.815875869466,
    29.257691128319));
#2923 = CARTESIAN_POINT('',(-10.4085873754,0.569745104043,
    29.432385645904));
#2924 = CARTESIAN_POINT('',(-8.857478662747,-5.496268792539,
    29.606988758717));
#2925 = CARTESIAN_POINT('',(-4.099752481773,-8.873064482676,
    29.78168327631));
#2926 = CARTESIAN_POINT('',(1.066164269364,-8.844222566658,
    29.956311698528));
#2927 = CARTESIAN_POINT('',(4.779072070366,-6.328372752429,
    30.130973687755));
#2928 = CARTESIAN_POINT('',(7.90501842213,0.631242293227,30.48027571687)
  );
#2929 = CARTESIAN_POINT('',(7.319343242525,5.077823657831,
    30.654937706088));
#2930 = CARTESIAN_POINT('',(3.909399944714,8.958569139238,
    30.829566128329));
#2931 = CARTESIAN_POINT('',(-1.77507625876,10.271923135941,
    31.004260645892));
#2932 = CARTESIAN_POINT('',(-7.339828893575,7.402081512229,
    31.178863758728));
#2933 = CARTESIAN_POINT('',(-9.565706154397,2.009106640622,
    31.353558276303));
#2934 = CARTESIAN_POINT('',(-8.381009377387,-3.01921527453,
    31.528186698532));
#2935 = CARTESIAN_POINT('',(-5.097749061923,-6.074601719379,
    31.702848687753));
#2936 = CARTESIAN_POINT('',(2.385057267462,-7.563020885727,
    32.052150716874));
#2937 = CARTESIAN_POINT('',(6.587635907045,-5.996676726159,
    32.226812706071));
#2938 = CARTESIAN_POINT('',(9.606422606074,-1.804442757106,
    32.401441128366));
#2939 = CARTESIAN_POINT('',(9.613750658676,4.029776533294,
    32.576135645839));
#2940 = CARTESIAN_POINT('',(5.570878737524,8.810743952251,32.75073875878
    ));
#2941 = CARTESIAN_POINT('',(-0.183542072798,9.772694410097,
    32.925433276267));
#2942 = CARTESIAN_POINT('',(-4.818979926548,7.4922901389,33.100061698546
    ));
#2943 = CARTESIAN_POINT('',(-7.061722242258,3.608311311488,
    33.274723687753));
#2944 = CARTESIAN_POINT('',(-6.837046790842,-4.017782257262,
    33.624025716866));
#2945 = CARTESIAN_POINT('',(-4.36955735608,-7.762992149549,
    33.798687706113));
#2946 = CARTESIAN_POINT('',(0.392126463674,-9.766555471965,
    33.973316128275));
#2947 = CARTESIAN_POINT('',(6.079883993855,-8.467485533232,
    34.148010645968));
#2948 = CARTESIAN_POINT('',(9.834335224417,-3.456840984956,
    34.322613758654));
#2949 = CARTESIAN_POINT('',(9.483520401615,2.366872306992,
    34.497308276352));
#2950 = CARTESIAN_POINT('',(6.223185360548,6.374083700891,34.67193669851
    ));
#2951 = CARTESIAN_POINT('',(1.935678647247,7.690317270572,
    34.846598687757));
#2952 = CARTESIAN_POINT('',(-5.446523385703,5.763954033128,
    35.195900716874));
#2953 = CARTESIAN_POINT('',(-8.544219239951,2.520594410347,
    35.370562706062));
#2954 = CARTESIAN_POINT('',(-9.43083774916,-2.568787320715,
    35.545191128386));
#2955 = CARTESIAN_POINT('',(-6.891323941478,-7.821314145938,
    35.719885645811));
#2956 = CARTESIAN_POINT('',(-1.167298506772,-10.35863471197,
    35.894488758807));
#2957 = CARTESIAN_POINT('',(4.430035811887,-8.712865569441,
    36.069183276249));
#2958 = CARTESIAN_POINT('',(7.60557357022,-4.638127825527,
    36.243811698555));
#2959 = CARTESIAN_POINT('',(7.928472869483,-0.164771069249,
    36.41847368775));
#2960 = CARTESIAN_POINT('',(4.398223813964,6.598743090108,
    36.767775716869));
#2961 = CARTESIAN_POINT('',(0.543660223858,8.891654073511,36.9424377061)
  );
#2962 = CARTESIAN_POINT('',(-4.61503017033,8.616313914743,
    37.117066128299));
#2963 = CARTESIAN_POINT('',(-9.165654122683,4.965288021625,
    37.29176064594));
#2964 = CARTESIAN_POINT('',(-10.35702359233,-1.181508023364,
    37.466363758676));
#2965 = CARTESIAN_POINT('',(-7.49985626186,-6.26828523416,
    37.641058276343));
#2966 = CARTESIAN_POINT('',(-2.8175913216,-8.45092647005,37.815686698511
    ));
#2967 = CARTESIAN_POINT('',(1.614501979252,-7.764097816648,
    37.99034868776));
#2968 = CARTESIAN_POINT('',(7.415942873206,-2.809194615597,
    38.339650716867));
#2969 = CARTESIAN_POINT('',(8.787657292386,1.460875735138,
    38.514312706093));
#2970 = CARTESIAN_POINT('',(7.364337557887,6.426966724963,
    38.688941128324));
#2971 = CARTESIAN_POINT('',(2.7871631237,10.044651430336,38.863635645895
    ));
#2972 = CARTESIAN_POINT('',(-3.470329080612,9.829583662236,
    39.038238758729));
#2973 = CARTESIAN_POINT('',(-7.788292167295,5.906077280437,39.2129332763
    ));
#2974 = CARTESIAN_POINT('',(-8.867223611514,0.854004965578,
    39.387561698534));
#2975 = CARTESIAN_POINT('',(-7.20553747669,-3.311806337852,
    39.562223687753));
#2976 = CARTESIAN_POINT('',(-1.07754186814,-7.856633287192,
    39.911525716874));
#2977 = CARTESIAN_POINT('',(3.39124264904,-8.237508840492,
    40.086187706071));
#2978 = CARTESIAN_POINT('',(7.912604489506,-5.738471847349,
    40.260816128364));
#2979 = CARTESIAN_POINT('',(10.413679144395,-0.467533221306,
    40.435510645844));
#2980 = CARTESIAN_POINT('',(8.803093185709,5.582960618172,
    40.610113758775));
#2981 = CARTESIAN_POINT('',(4.012445202926,8.912885459782,
    40.784808276271));
#2982 = CARTESIAN_POINT('',(-1.152939447031,8.833329479272,
    40.959436698545));
#2983 = CARTESIAN_POINT('',(-4.840969418103,6.281150104909,
    41.134098687752));
#2984 = CARTESIAN_POINT('',(-7.898440363894,-0.70881796322,
    41.483400716871));
#2985 = CARTESIAN_POINT('',(-7.269139899374,-5.149435282173,
    41.658062706091));
#2986 = CARTESIAN_POINT('',(-3.821262412614,-8.996517244147,
    41.832691128318));
#2987 = CARTESIAN_POINT('',(1.875833465615,-10.25400163078,
    42.007385645913));
#2988 = CARTESIAN_POINT('',(7.412143777552,-7.329667354101,
    42.181988758702));
#2989 = CARTESIAN_POINT('',(9.584969214533,-1.915100227668,
    42.356683276326));
#2990 = CARTESIAN_POINT('',(8.350964887327,3.101348820821,
    42.531311698517));
#2991 = CARTESIAN_POINT('',(5.037867091166,6.124355208446,42.70597368776
    ));
#2992 = CARTESIAN_POINT('',(-2.45919092026,7.53924154704,43.055275716862
    ));
#2993 = CARTESIAN_POINT('',(-6.646189732388,5.931714814716,
    43.229937706119));
#2994 = CARTESIAN_POINT('',(-9.623674453372,1.710046480675,
    43.404566128266));
#2995 = CARTESIAN_POINT('',(-9.573725758891,-4.123963594361,
    43.57926064598));
#2996 = CARTESIAN_POINT('',(-5.484112384164,-8.865010448924,
    43.753863758641));
#2997 = CARTESIAN_POINT('',(0.279474889572,-9.770421562626,
    43.928558276365));
#2998 = CARTESIAN_POINT('',(4.892301899725,-7.444619612825,
    44.103186698501));
#2999 = CARTESIAN_POINT('',(7.096805874933,-3.53881024089,
    44.277848687762));
#3000 = CARTESIAN_POINT('',(6.797273454995,4.084710107824,
    44.627150716864));
#3001 = CARTESIAN_POINT('',(4.293135009612,7.805515382803,
    44.801812706104));
#3002 = CARTESIAN_POINT('',(-0.487988960566,9.762235180778,
    44.976441128302));
#3003 = CARTESIAN_POINT('',(-6.162719007407,8.4073893136,45.151135645924
    ));
#3004 = CARTESIAN_POINT('',(-9.867798209392,3.360127586811,
    45.325738758701));
#3005 = CARTESIAN_POINT('',(-9.459827039641,-2.459860993161,
    45.500433276319));
#3006 = CARTESIAN_POINT('',(-6.160309043593,-6.434871525151,
    45.675061698524));
#3007 = CARTESIAN_POINT('',(-1.860087064429,-7.708949841593,
    45.849723687756));
#3008 = CARTESIAN_POINT('',(5.502847489459,-5.710206002827,
    46.19902571687));
#3009 = CARTESIAN_POINT('',(8.568552965381,-2.436591611534,
    46.37368770609));
#3010 = CARTESIAN_POINT('',(9.405164661845,2.661249074028,
    46.548316128323));
#3011 = CARTESIAN_POINT('',(6.814207502778,7.888591556391,
    46.723010645907));
#3012 = CARTESIAN_POINT('',(1.065548228612,10.369595260851,
    46.897613758706));
#3013 = CARTESIAN_POINT('',(-4.51535930752,8.668954611101,
    47.072308276323));
#3014 = CARTESIAN_POINT('',(-7.650741031685,4.563237964855,
    47.246936698519));
#3015 = CARTESIAN_POINT('',(-7.929708398334,8.692677874238E-02,
    47.421598687757));
#3016 = CARTESIAN_POINT('',(-4.333229890841,-6.64160385751,
    47.77090071687));
#3017 = CARTESIAN_POINT('',(-0.456341816823,-8.896562861474,
    47.945562706086));
#3018 = CARTESIAN_POINT('',(4.699396872411,-8.570591460678,
    48.120191128335));
#3019 = CARTESIAN_POINT('',(9.213958238417,-4.875066585774,
    48.294885645887));
#3020 = CARTESIAN_POINT('',(10.344925234989,1.28312929326,
    48.469488758729));
#3021 = CARTESIAN_POINT('',(7.437957078165,6.341611642869,
    48.644183276307));
#3022 = CARTESIAN_POINT('',(2.734490095083,8.47818040488,48.818811698525
    ));
#3023 = CARTESIAN_POINT('',(-1.690646802352,7.747873575193,
    48.993473687759));
#3024 = CARTESIAN_POINT('',(-7.443164251821,2.73625455821,
    49.342775716862));
#3025 = CARTESIAN_POINT('',(-8.772891922439,-1.547076571867,
    49.517437706118));
#3026 = CARTESIAN_POINT('',(-7.300887078081,-6.498955056294,
    49.692066128272));
#3027 = CARTESIAN_POINT('',(-2.688417256688,-10.07152983851,
    49.866760645964));
#3028 = CARTESIAN_POINT('',(3.566662003599,-9.795040635628,
    50.041363758665));
#3029 = CARTESIAN_POINT('',(7.845898688092,-5.829332509099,
    50.21605827634));
#3030 = CARTESIAN_POINT('',(8.875180330237,-0.766911444373,
    50.390686698517));
#3031 = CARTESIAN_POINT('',(7.17267717394,3.382385800865,50.565348687756
    ));
#3032 = CARTESIAN_POINT('',(1.000358862381,7.866833240477,
    50.914650716874));
#3033 = CARTESIAN_POINT('',(-3.471949476359,8.203818954331,
    51.089312706067));
#3034 = CARTESIAN_POINT('',(-7.968559583488,5.660514739362,
    51.263941128374));
#3035 = CARTESIAN_POINT('',(-10.4177672213,0.365276276752,51.43863564583
    ));
#3036 = CARTESIAN_POINT('',(-8.747859248241,-5.669114346445,
    51.613238758787));
#3037 = CARTESIAN_POINT('',(-3.924751196248,-8.951847394438,
    51.787933276264));
#3038 = CARTESIAN_POINT('',(1.239603501991,-8.821585017204,
    51.962561698548));
#3039 = CARTESIAN_POINT('',(4.902400183133,-6.23332206707,
    52.137223687751));
#3040 = CARTESIAN_POINT('',(7.891101037537,0.786325315863,
    52.486525716871));
#3041 = CARTESIAN_POINT('',(7.218235941387,5.220550593223,
    52.661187706089));
#3042 = CARTESIAN_POINT('',(3.732756579288,9.033598246003,
    52.835816128328));
#3043 = CARTESIAN_POINT('',(-1.976409875729,10.235091823611,
    53.010510645892));
#3044 = CARTESIAN_POINT('',(-7.483744263692,7.256546747373,
    53.185113758728));
#3045 = CARTESIAN_POINT('',(-9.603308455381,1.82090923338,
    53.359808276302));
#3046 = CARTESIAN_POINT('',(-8.320115513892,-3.18318345267,
    53.534436698531));
#3047 = CARTESIAN_POINT('',(-4.977499560293,-6.173518419405,
    53.709098687755));
#3048 = CARTESIAN_POINT('',(2.533087551117,-7.514735560572,
    54.058400716868));
#3049 = CARTESIAN_POINT('',(6.704102984148,-5.866181192216,
    54.233062706094));
#3050 = CARTESIAN_POINT('',(9.639998750848,-1.615485386477,
    54.40769112832));
#3051 = CARTESIAN_POINT('',(9.532778123577,4.217753179325,
    54.582385645899));
#3052 = CARTESIAN_POINT('',(5.396817460537,8.918422517362,
    54.756988758727));
#3053 = CARTESIAN_POINT('',(-0.375380769893,9.767207021631,
    54.931683276299));
#3054 = CARTESIAN_POINT('',(-4.965152342706,7.396231558806,
    55.106311698537));
#3055 = CARTESIAN_POINT('',(-7.131205502673,3.468968092394,
    55.28097368775));
#3056 = CARTESIAN_POINT('',(-6.756844983795,-4.151244265523,
    55.63027571688));
#3057 = CARTESIAN_POINT('',(-4.216298881834,-7.847286304246,
    55.804937706048));
#3058 = CARTESIAN_POINT('',(0.583804424032,-9.756973985025,
    55.979566128413));
#3059 = CARTESIAN_POINT('',(6.244960045304,-8.346482772321,
    56.154260645779));
#3060 = CARTESIAN_POINT('',(9.900310115417,-3.263090332538,
    56.328863758835));
#3061 = CARTESIAN_POINT('',(9.435221919859,2.552612592781,
    56.503558276232));
#3062 = CARTESIAN_POINT('',(6.096838983227,6.495039143114,
    56.678186698562));
#3063 = CARTESIAN_POINT('',(1.784316202549,7.726839407979,
    56.852848687749));
#3064 = CARTESIAN_POINT('',(-5.558641217321,5.655907610991,
    57.20215071687));
#3065 = CARTESIAN_POINT('',(-8.592060835843,2.352353968931,
    57.376812706099));
#3066 = CARTESIAN_POINT('',(-9.378585085176,-2.753454330567,
    57.551441128299));
#3067 = CARTESIAN_POINT('',(-6.736434296593,-7.955108648046,
    57.726135645941));
#3068 = CARTESIAN_POINT('',(-0.96369525067,-10.37955636648,
    57.900738758673));
#3069 = CARTESIAN_POINT('',(4.600247603401,-8.624208120917,
    58.075433276347));
#3070 = CARTESIAN_POINT('',(7.695171098819,-4.487908289795,
    58.250061698508));
#3071 = CARTESIAN_POINT('',(7.930179645382,-9.074110052754E-03,
    58.424723687762));
#3072 = CARTESIAN_POINT('',(4.267818322,6.683824493306,58.774025716863)
  );
#3073 = CARTESIAN_POINT('',(0.368979426638,8.900614180196,
    58.948687706115));
#3074 = CARTESIAN_POINT('',(-4.783310636898,8.524042955168,
    59.123316128276));
#3075 = CARTESIAN_POINT('',(-9.261374293593,4.78437528085,
    59.298010645967));
#3076 = CARTESIAN_POINT('',(-10.3318298123,-1.384626892461,
    59.472613758651));
#3077 = CARTESIAN_POINT('',(-7.37534100863,-6.41432683387,59.64730827636
    ));
#3078 = CARTESIAN_POINT('',(-2.65112531274,-8.504617195022,59.8219366985
    ));
#3079 = CARTESIAN_POINT('',(1.766628677398,-7.73090257756,
    59.996598687766));
#3080 = CARTESIAN_POINT('',(7.469668242773,-2.663050774912,
    60.345900716855));
#3081 = CARTESIAN_POINT('',(8.757281002909,1.633128298138,
    60.520562706146));
#3082 = CARTESIAN_POINT('',(7.236732923584,6.570317004799,
    60.695191128213));
#3083 = CARTESIAN_POINT('',(2.589412274423,10.097437531697,
    60.869885646047));
#3084 = CARTESIAN_POINT('',(-3.662651164276,9.759553542601,
    61.044488758581));
#3085 = CARTESIAN_POINT('',(-7.902749004845,5.752025894568,
    61.219183276402));
#3086 = CARTESIAN_POINT('',(-8.882281640605,0.679744006648,
    61.393811698487));
#3087 = CARTESIAN_POINT('',(-7.139125553638,-3.452639262496,
    61.568473687764));
#3088 = CARTESIAN_POINT('',(-0.923079439949,-7.876274971997,
    61.917775716867));
#3089 = CARTESIAN_POINT('',(3.552321669946,-8.169338367035,
    62.092437706087));
#3090 = CARTESIAN_POINT('',(8.023746651148,-5.582012059162,
    62.26706612834));
#3091 = CARTESIAN_POINT('',(10.420851212074,-0.262984126137,
    62.441760645869));
#3092 = CARTESIAN_POINT('',(8.691782173941,5.754721673697,
    62.616363758755));
#3093 = CARTESIAN_POINT('',(3.836678913852,8.989946531401,
    62.791058276281));
#3094 = CARTESIAN_POINT('',(-1.326148081373,8.808990312412,
    62.965686698542));
#3095 = CARTESIAN_POINT('',(-4.963358444631,6.184893248676,
    63.140348687751));
#3096 = CARTESIAN_POINT('',(-7.883001150438,-0.863756880834,
    63.489650716873));
#3097 = CARTESIAN_POINT('',(-7.166636274788,-5.291162736755,
    63.664312706078));
#3098 = CARTESIAN_POINT('',(-3.643890975138,-9.069808570821,
    63.83894112835));
#3099 = CARTESIAN_POINT('',(2.076795795386,-10.21519553703,
    64.013635645862));
#3100 = CARTESIAN_POINT('',(7.554623450945,-7.182726739514,
    64.188238758759));
#3101 = CARTESIAN_POINT('',(9.620722109397,-1.7265427361,64.36293327628)
  );
#3102 = CARTESIAN_POINT('',(8.288464230398,3.264711282681,
    64.537561698541));
#3103 = CARTESIAN_POINT('',(4.916652287652,6.222086613809,
    64.712223687753));
#3104 = CARTESIAN_POINT('',(-2.606740037723,7.489505288248,
    65.061525716869));
#3105 = CARTESIAN_POINT('',(-6.7613700805,5.800082174975,65.236187706098
    ));
#3106 = CARTESIAN_POINT('',(-9.655393925207,1.520768588402,
    65.410816128308));
#3107 = CARTESIAN_POINT('',(-9.490911699219,-4.311136248401,
    65.585510645922));
#3108 = CARTESIAN_POINT('',(-5.309002380466,-8.970975009739,
    65.760113758696));
#3109 = CARTESIAN_POINT('',(0.471250470279,-9.763051096849,
    65.934808276329));
#3110 = CARTESIAN_POINT('',(5.037524233942,-7.347130640614,
    66.109436698515));
#3111 = CARTESIAN_POINT('',(7.164917809999,-3.398791597532,
    66.284098687762));
#3112 = CARTESIAN_POINT('',(6.715765273787,4.217378317658,
    66.633400716857));
#3113 = CARTESIAN_POINT('',(4.139056378477,7.888300887888,
    66.808062706141));
#3114 = CARTESIAN_POINT('',(-0.67956361936,9.750772391872,
    66.982691128222));
#3115 = CARTESIAN_POINT('',(-6.326599180786,8.284771779541,
    67.157385646037));
#3116 = CARTESIAN_POINT('',(-9.931867809083,3.165738574975,
    67.331988758588));
#3117 = CARTESIAN_POINT('',(-9.409707413676,-2.645118166408,
    67.506683276401));
#3118 = CARTESIAN_POINT('',(-6.032781296854,-6.554580755619,
    67.681311698483));
#3119 = CARTESIAN_POINT('',(-1.708373364557,-7.743984245519,
    67.85597368777));
#3120 = CARTESIAN_POINT('',(5.613899191773,-5.601064090994,
    68.205275716852));
#3121 = CARTESIAN_POINT('',(8.614740585597,-2.267889601589,
    68.379937706151));
#3122 = CARTESIAN_POINT('',(9.351101580968,2.84539420351,68.554566128207
    ));
#3123 = CARTESIAN_POINT('',(6.65801181883,8.020859009694,68.729260646051
    ));
#3124 = CARTESIAN_POINT('',(0.861749389795,10.38851706894,
    68.903863758581));
#3125 = CARTESIAN_POINT('',(-4.684692517859,8.578630411571,
    69.078558276397));
#3126 = CARTESIAN_POINT('',(-7.738859489342,4.4121460608,69.253186698492
    ));
#3127 = CARTESIAN_POINT('',(-7.929886565209,-6.87794332171E-02,
    69.427848687761));
#3128 = CARTESIAN_POINT('',(-4.201995411954,-6.725400928192,
    69.777150716872));
#3129 = CARTESIAN_POINT('',(-0.281581473401,-8.903807639185,
    69.951812706064));
#3130 = CARTESIAN_POINT('',(4.866763375844,-8.476672884668,
    70.126441128389));
#3131 = CARTESIAN_POINT('',(9.307897718393,-4.693222847886,70.3011356458
    ));
#3132 = CARTESIAN_POINT('',(10.317738586201,1.485991038478,
    70.475738758824));
#3133 = CARTESIAN_POINT('',(7.312014088483,6.486423798654,
    70.650433276234));
#3134 = CARTESIAN_POINT('',(2.567505009376,8.530234292492,
    70.825061698562));
#3135 = CARTESIAN_POINT('',(-1.842440281085,7.713186459435,
    70.99972368775));
#3136 = CARTESIAN_POINT('',(-7.495452291559,2.589590321248,
    71.349025716864));
#3137 = CARTESIAN_POINT('',(-8.740826038397,-1.719022620125,
    71.523687706124));
#3138 = CARTESIAN_POINT('',(-7.171881277713,-6.641045692442,
    71.698316128253));
#3139 = CARTESIAN_POINT('',(-2.490157719223,-10.12237201287,
    71.873010645995));
#3140 = CARTESIAN_POINT('',(3.758287311037,-9.723125803449,
    72.047613758632));
#3141 = CARTESIAN_POINT('',(7.958837638173,-5.67416488784,
    72.222308276365));
#3142 = CARTESIAN_POINT('',(8.888526858198,-0.592511053765,
    72.396936698503));
#3143 = CARTESIAN_POINT('',(7.10488584955,3.522559951564,72.571598687762
    ));
#3144 = CARTESIAN_POINT('',(0.845711049202,7.884957571742,
    72.920900716863));
#3145 = CARTESIAN_POINT('',(-3.632351483386,8.134070401905,
    73.09556270611));
#3146 = CARTESIAN_POINT('',(-8.078160373386,5.502971373024,
    73.270191128288));
#3147 = CARTESIAN_POINT('',(-10.42293081954,0.160666628548,
    73.444885645945));
#3148 = CARTESIAN_POINT('',(-8.634867367565,-5.839774348875,
    73.619488758678));
#3149 = CARTESIAN_POINT('',(-3.748236844362,-9.027179198624,
    73.794183276337));
#3150 = CARTESIAN_POINT('',(1.41256484384,-8.795546578791,
    73.968811698514));
#3151 = CARTESIAN_POINT('',(5.023838327315,-6.135868317401,
    74.14347368776));
#3152 = CARTESIAN_POINT('',(7.874141483275,0.941105195122,
    74.492775716863));
#3153 = CARTESIAN_POINT('',(7.114345872892,5.361264906984,
    74.667437706115));
#3154 = CARTESIAN_POINT('',(3.554674165148,9.105144728676,
    74.842066128279));
#3155 = CARTESIAN_POINT('',(-2.176981549087,10.194314688559,
    75.016760645954));
#3156 = CARTESIAN_POINT('',(-7.624774507912,7.108214445602,
    75.191363758674));
#3157 = CARTESIAN_POINT('',(-9.637208498168,1.632009830971,
    75.366058276336));
#3158 = CARTESIAN_POINT('',(-8.256014087476,-3.345924452997,
    75.540686698519));
#3159 = CARTESIAN_POINT('',(-4.855331137831,-6.27005511056,
    75.715348687756));
#3160 = CARTESIAN_POINT('',(2.680141281301,-7.463553161817,
    76.064650716872));
#3161 = CARTESIAN_POINT('',(6.817985501934,-5.733424133732,
    76.239312706077));
#3162 = CARTESIAN_POINT('',(9.669858492587,-1.425905215513,
    76.413941128351));
#3163 = CARTESIAN_POINT('',(9.448130521071,4.404103801237,
    76.588635645863));
#3164 = CARTESIAN_POINT('',(5.220675607655,9.022662860824,
    76.763238758755));
#3165 = CARTESIAN_POINT('',(-0.567074750528,9.757954188916,
    76.937933276283));
#3166 = CARTESIAN_POINT('',(-5.109410598132,7.297321590664,
    77.112561698542));
#3167 = CARTESIAN_POINT('',(-7.197939547619,3.328287520064,
    77.287223687749));
#3168 = CARTESIAN_POINT('',(-6.674038284375,-4.283105890095,
    77.636525716882));
#3169 = CARTESIAN_POINT('',(-4.061414944144,-7.928555180692,
    77.811187706039));
#3170 = CARTESIAN_POINT('',(0.775257316736,-9.743630998899,
    77.985816128429));
#3171 = CARTESIAN_POINT('',(6.407628545706,-8.222262283373,
    78.160510645757));
#3172 = CARTESIAN_POINT('',(9.96246824846,-3.068081696742,
    78.335113758858));
#3173 = CARTESIAN_POINT('',(9.383285980422,2.737368797876,
    78.509808276214));
#3174 = CARTESIAN_POINT('',(5.968142158423,6.613490624081,
    78.684436698574));
#3175 = CARTESIAN_POINT('',(1.632265869991,7.760382701709,
    78.859098687742));
#3176 = CARTESIAN_POINT('',(-5.668616086943,5.545680728816,
    79.208400716886));
#3177 = CARTESIAN_POINT('',(-8.636590028721,2.183206650214,
    79.383062706027));
#3178 = CARTESIAN_POINT('',(-9.322716798094,-2.937059831217,
    79.557691128457));
#3179 = CARTESIAN_POINT('',(-6.578947628114,-8.08583630454,
    79.732385645709));
#3180 = CARTESIAN_POINT('',(-0.759720471602,-10.39647650424,
    79.906988758915));
#3181 = CARTESIAN_POINT('',(4.768685911792,-8.532225876119,
    80.081683276167));
#3182 = CARTESIAN_POINT('',(7.781801992543,-4.335958579931,
    80.256311698598));
#3183 = CARTESIAN_POINT('',(7.928829186048,0.146626347375,
    80.430973687737));
#3184 = CARTESIAN_POINT('',(4.135767504849,6.766329154937,
    80.780275716885));
#3185 = CARTESIAN_POINT('',(0.194156380776,8.906142930671,
    80.954937706042));
#3186 = CARTESIAN_POINT('',(-4.949747046069,8.42848581478,
    81.129566128418));
#3187 = CARTESIAN_POINT('',(-9.353524028533,4.60161807234,
    81.304260645772));
#3188 = CARTESIAN_POINT('',(-10.30265291509,-1.587211961568,
    81.478863758845));
#3189 = CARTESIAN_POINT('',(-7.247982421121,-6.557895588436,
    81.65355827622));
#3190 = CARTESIAN_POINT('',(-2.483637244569,-8.555029228207,
    81.828186698571));
#3191 = CARTESIAN_POINT('',(1.918074306546,-7.694726928351,
    82.002848687743));
#3192 = CARTESIAN_POINT('',(7.520513913056,-2.515880277481,
    82.352150716881));
#3193 = CARTESIAN_POINT('',(8.723528614865,1.804751259168,
    82.526812706053));
#3194 = CARTESIAN_POINT('',(7.106338391022,6.711134302199,
    82.701441128397));
#3195 = CARTESIAN_POINT('',(2.390663157406,10.146330878896,82.8761356458
    ));
#3196 = CARTESIAN_POINT('',(-3.853561226219,9.68576092908,
    83.050738758819));
#3197 = CARTESIAN_POINT('',(-8.014159182173,5.595756993366,
    83.225433276238));
#3198 = CARTESIAN_POINT('',(-8.893915381077,0.5052209934,83.400061698562
    ));
#3199 = CARTESIAN_POINT('',(-7.069961361772,-3.592141128966,
    83.574723687747));
#3200 = CARTESIAN_POINT('',(-0.76826114707,-7.892880202874,
    83.924025716875));
#3201 = CARTESIAN_POINT('',(3.712031203244,-8.098018458113,
    84.098687706076));
#3202 = CARTESIAN_POINT('',(8.131795505684,-5.423400299094,
    84.273316128349));
#3203 = CARTESIAN_POINT('',(10.424005843277,-5.833364554628E-02,
    84.448010645873));
#3204 = CARTESIAN_POINT('',(8.577120314665,5.924264174443,
    84.622613758738));
#3205 = CARTESIAN_POINT('',(3.659433512031,9.063541807511,
    84.797308276303));
#3206 = CARTESIAN_POINT('',(-1.498845460383,8.781255112099,
    84.971936698525));
#3207 = CARTESIAN_POINT('',(-5.083834002001,6.086251998363,
    85.14659868776));
#3208 = CARTESIAN_POINT('',(-7.864522889968,-1.018362803731,
    85.495900716858));
#3209 = CARTESIAN_POINT('',(-7.061369775534,-5.430850347353,
    85.670562706141));
#3210 = CARTESIAN_POINT('',(-3.465114748262,-9.139603313714,
    85.84519112822));
#3211 = CARTESIAN_POINT('',(2.276957480779,-10.17245129082,
    86.019885646043));
#3212 = CARTESIAN_POINT('',(7.694190673237,-7.033017047184,
    86.19448875858));
#3213 = CARTESIAN_POINT('',(9.65276603273,-1.537319629328,
    86.369183276407));
#3214 = CARTESIAN_POINT('',(8.222768212731,3.426815136139,
    86.543811698481));
#3215 = CARTESIAN_POINT('',(4.79354202109,6.317419286356,86.718473687769
    ));
#3216 = CARTESIAN_POINT('',(-2.753284207284,7.436881682584,
    87.067775716855));
#3217 = CARTESIAN_POINT('',(-6.873943791717,5.666213493186,
    87.24243770614));
#3218 = CARTESIAN_POINT('',(-9.683391058938,1.330904410824,
    87.417066128226));
#3219 = CARTESIAN_POINT('',(-9.40443871233,-4.496646877282,
    87.591760646032));
#3220 = CARTESIAN_POINT('',(-5.131845655386,-9.073481088968,
    87.766363758592));
#3221 = CARTESIAN_POINT('',(0.662844375027,-9.751916789,87.941058276396)
  );
#3222 = CARTESIAN_POINT('',(5.180804506645,-7.246809209687,
    88.115686698489));
#3223 = CARTESIAN_POINT('',(7.230267532861,-3.257462655315,
    88.290348687763));
#3224 = CARTESIAN_POINT('',(6.63166803724,4.348420647871,88.63965071687)
  );
#3225 = CARTESIAN_POINT('',(3.983382062254,7.968045302834,
    88.814312706077));
#3226 = CARTESIAN_POINT('',(-0.870876293319,9.735550494538,
    88.988941128358));
#3227 = CARTESIAN_POINT('',(-6.488040329907,8.158960308359,
    89.163635645848));
#3228 = CARTESIAN_POINT('',(-9.992108484538,2.970129110527,
    89.338238758771));
#3229 = CARTESIAN_POINT('',(-9.355960166457,-2.829355596144,
    89.512933276277));
#3230 = CARTESIAN_POINT('',(-5.90292779806,-6.671763070493,
    89.687561698538));
#3231 = CARTESIAN_POINT('',(-1.556001054234,-7.776033196089,
    89.862223687759));
#3232 = CARTESIAN_POINT('',(5.722786629085,-5.489762862345,
    90.211525716854));
#3233 = CARTESIAN_POINT('',(8.657607059326,-2.098313277007,
    90.386187706164));
#3234 = CARTESIAN_POINT('',(9.293433472423,3.028442379329,
    90.560816128168));
#3235 = CARTESIAN_POINT('',(6.499249344593,8.150034269185,
    90.735510646115));
#3236 = CARTESIAN_POINT('',(0.657618330174,10.403433905942,
    90.910113758512));
#3237 = CARTESIAN_POINT('',(-4.852219690045,8.484998986705,
    91.08480827645));
#3238 = CARTESIAN_POINT('',(-7.823994469354,4.259353190458,
    91.259436698464));
#3239 = CARTESIAN_POINT('',(-7.927007609863,-0.224459129399,
    91.43409868777));
#3240 = CARTESIAN_POINT('',(-4.06914098384,-6.806605228787,
    91.783400716861));
#3241 = CARTESIAN_POINT('',(-0.106712575,-8.907619829577,91.958062706108
    ));
#3242 = CARTESIAN_POINT('',(5.032253649441,-8.379486389884,
    92.132691128295));
#3243 = CARTESIAN_POINT('',(9.398248826491,-4.509569783243,
    92.307385645933));
#3244 = CARTESIAN_POINT('',(10.286574252901,1.688279905824,
    92.481988758694));
#3245 = CARTESIAN_POINT('',(7.1832521781,6.628735314639,92.656683276321)
  );
#3246 = CARTESIAN_POINT('',(2.399530101647,8.57899961237,92.831311698527
    ));
#3247 = CARTESIAN_POINT('',(-1.99352346402,7.675525763478,
    93.005973687752));
#3248 = CARTESIAN_POINT('',(-7.544850691762,2.441927747927,
    93.355275716879));
#3249 = CARTESIAN_POINT('',(-8.705390399503,-1.890305952492,
    93.529937706046));
#3250 = CARTESIAN_POINT('',(-7.040110580627,-6.780576078935,
    93.704566128419));
#3251 = CARTESIAN_POINT('',(-2.290938178516,-10.16931182032,
    93.879260645764));
#3252 = CARTESIAN_POINT('',(3.948463727158,-9.647462521002,
    94.053863758859));
#3253 = CARTESIAN_POINT('',(8.068708304832,-5.516809768129,
    94.228558276208));
#3254 = CARTESIAN_POINT('',(8.898446689874,-0.417882238807,
    94.403186698578));
#3255 = CARTESIAN_POINT('',(7.034355456407,3.661376088332,
    94.577848687741));
#3256 = CARTESIAN_POINT('',(0.690737198328,7.900042101783,
    94.927150716883));
#3257 = CARTESIAN_POINT('',(-3.791353149816,8.061186010452,
    95.101812706044));
#3258 = CARTESIAN_POINT('',(-8.18464687859,5.343306506541,
    95.276441128419));
#3259 = CARTESIAN_POINT('',(-10.42407617967,-4.400495975785E-02,
    95.451135645766));
#3260 = CARTESIAN_POINT('',(-8.518546581007,-6.008183007111,
    95.625738758853));
#3261 = CARTESIAN_POINT('',(-3.570277475928,-9.09903085337,
    95.800433276215));
#3262 = CARTESIAN_POINT('',(1.58498161511,-8.766117289767,
    95.975061698572));
#3263 = CARTESIAN_POINT('',(5.143339686171,-6.036049073682,
    96.149723687745));
#3264 = CARTESIAN_POINT('',(7.854146297599,1.095522260399,
    96.499025716876));
#3265 = CARTESIAN_POINT('',(7.007713088577,5.499912351141,
    96.673687706082));
#3266 = CARTESIAN_POINT('',(3.375221356554,9.173181004548,
    96.848316128318));
#3267 = CARTESIAN_POINT('',(-2.376713954743,10.149607451451,
    97.023010645952));
#3268 = CARTESIAN_POINT('',(-7.762865256297,6.957141791447,
    97.197613758588));
#3269 = CARTESIAN_POINT('',(-9.667393213716,1.442481258113,
    97.372308276519));
#3270 = CARTESIAN_POINT('',(-8.188729810405,-3.507375536082,
    97.546936698292));
#3271 = CARTESIAN_POINT('',(-4.731290892834,-6.364174575903,
    97.721598687949));
#3272 = CARTESIAN_POINT('',(2.826161766098,-7.409493421665,
    98.070900716441));
#3273 = CARTESIAN_POINT('',(6.929239556003,-5.598456728836,
    98.245562708434));
#3274 = CARTESIAN_POINT('',(9.695990321175,-1.235775336875,
    98.420191122176));
#3275 = CARTESIAN_POINT('',(9.359840481876,4.588756568112,
    98.594885657125));
#3276 = CARTESIAN_POINT('',(5.042521088466,9.123424780965,
    98.769488743074));
#3277 = CARTESIAN_POINT('',(-0.758550116939,9.744939495637,
    98.944183293552));
#3278 = CARTESIAN_POINT('',(-5.251699075086,7.195598351601,
    99.118811683326));
#3279 = CARTESIAN_POINT('',(-7.261898652257,3.186323839727,
    99.293473698433));
#3280 = CARTESIAN_POINT('',(-6.588658611103,-4.41331631716,
    99.642775694492));
#3281 = CARTESIAN_POINT('',(-3.904965280933,-8.006767332928,
    99.817437826918));
#3282 = CARTESIAN_POINT('',(0.966411404231,-9.726531958949,
    99.992065812367));
#3283 = CARTESIAN_POINT('',(6.567826653569,-8.094871406752,
    100.16676122145));
#3284 = CARTESIAN_POINT('',(10.020785840814,-2.871891020744,
    100.34136295812));
#3285 = CARTESIAN_POINT('',(9.327732407118,2.921070535303,
    100.51605915703));
#3286 = CARTESIAN_POINT('',(5.837144675916,6.729391739051,
    100.69068592328));
#3287 = CARTESIAN_POINT('',(1.479586145328,7.790934738882,
    100.86534923155));
#3288 = CARTESIAN_POINT('',(-2.148409597565,6.612124766727,
    101.03999940462));
#3289 = CARTESIAN_POINT('',(6.9524,2.6645352591E-15,-0.44));
#3290 = CARTESIAN_POINT('',(6.952402551393,3.814701623781,
    -0.265349826942));
#3291 = CARTESIAN_POINT('',(4.596255314337,7.630951540585,
    -9.068651864483E-02));
#3292 = CARTESIAN_POINT('',(-0.104324710237,9.773861936699,
    8.39402475658E-02));
#3293 = CARTESIAN_POINT('',(-5.827924307104,8.642871237464,0.25863644651
    ));
#3294 = CARTESIAN_POINT('',(-9.728251073938,3.744921780023,
    0.433238183164));
#3295 = CARTESIAN_POINT('',(-9.5491199335,-2.08655201666,0.607933592254)
  );
#3296 = CARTESIAN_POINT('',(-6.408188121746,-6.188070389857,
    0.782561577709));
#3297 = CARTESIAN_POINT('',(-2.161305912391,-7.629977091047,
    0.957223710133));
#3298 = CARTESIAN_POINT('',(5.274424605707,-5.921848290362,
    1.306525706186));
#3299 = CARTESIAN_POINT('',(8.466285677977,-2.771100650632,
    1.481187721321));
#3300 = CARTESIAN_POINT('',(9.502393866314,2.289928106784,1.655816111026
    ));
#3301 = CARTESIAN_POINT('',(7.118668441432,7.61501650281,1.830510661612)
  );
#3302 = CARTESIAN_POINT('',(1.471817146437,10.319741906967,
    2.005113747439));
#3303 = CARTESIAN_POINT('',(-4.171518352334,8.839559915532,
    2.179808282493));
#3304 = CARTESIAN_POINT('',(-7.465702172145,4.860080537453,
    2.354436696166));
#3305 = CARTESIAN_POINT('',(-7.920179675068,0.398180180675,
    2.529098688193));
#3306 = CARTESIAN_POINT('',(-4.590640767588,-6.46636368729,
    2.878400716659));
#3307 = CARTESIAN_POINT('',(-0.805255719104,-8.871784232606,
    3.053062706393));
#3308 = CARTESIAN_POINT('',(4.359270388712,-8.748486799309,
    3.227691127983));
#3309 = CARTESIAN_POINT('',(9.015493093082,-5.233048942888,3.4023856462)
  );
#3310 = CARTESIAN_POINT('',(10.387296166844,0.876012005808,
    3.576988758517));
#3311 = CARTESIAN_POINT('',(7.681213426459,6.044695618282,3.751683276413
    ));
#3312 = CARTESIAN_POINT('',(3.065225268344,8.364298287429,3.926311698491
    ));
#3313 = CARTESIAN_POINT('',(-1.385161241563,7.808272655956,
    4.100973687762));
#3314 = CARTESIAN_POINT('',(-7.330003795109,3.026365205832,
    4.450275716866));
#3315 = CARTESIAN_POINT('',(-8.826859954683,-1.201472256298,
    4.624937706093));
#3316 = CARTESIAN_POINT('',(-7.550416774724,-6.207291367839,
    4.79956612833));
#3317 = CARTESIAN_POINT('',(-3.08174615848,-9.958250728393,
    4.974260645878));
#3318 = CARTESIAN_POINT('',(3.179365787157,-9.927484670316,
    5.148863758754));
#3319 = CARTESIAN_POINT('',(7.610982104795,-6.132889712266,
    5.323558276279));
#3320 = CARTESIAN_POINT('',(8.838236777594,-1.11474770671,5.498186698544
    ));
#3321 = CARTESIAN_POINT('',(7.299937581957,3.098177663468,5.672848687752
    ));
#3322 = CARTESIAN_POINT('',(1.308440286824,7.821497683388,6.022150716872
    ));
#3323 = CARTESIAN_POINT('',(-3.147201169122,8.333793676545,
    6.196812706082));
#3324 = CARTESIAN_POINT('',(-7.740166532831,5.969010105669,
    6.371441128347));
#3325 = CARTESIAN_POINT('',(-10.39542535617,0.773982311528,
    6.546135645859));
#3326 = CARTESIAN_POINT('',(-8.963652167636,-5.321302331749,
    6.72073875877));
#3327 = CARTESIAN_POINT('',(-4.273197575097,-8.790857029118,
    6.89543327627));
#3328 = CARTESIAN_POINT('',(0.892325888984,-8.863455663243,
    7.070061698548));
#3329 = CARTESIAN_POINT('',(4.653898790984,-6.420982757973,
    7.244723687751));
#3330 = CARTESIAN_POINT('',(7.915892078224,0.475914489497,7.594025716873
    ));
#3331 = CARTESIAN_POINT('',(7.417618502735,4.933145851285,7.768687706079
    ));
#3332 = CARTESIAN_POINT('',(4.084555224455,8.880071408267,7.943316128352
    ));
#3333 = CARTESIAN_POINT('',(-1.573076820828,10.304821505982,
    8.118010645851));
#3334 = CARTESIAN_POINT('',(-7.193074958146,7.544732688097,
    8.292613758777));
#3335 = CARTESIAN_POINT('',(-9.5244178312,2.196554073746,8.467308276264)
  );
#3336 = CARTESIAN_POINT('',(-8.438674574917,-2.854095864731,
    8.64193669855));
#3337 = CARTESIAN_POINT('',(-5.216032951469,-5.973340253501,
    8.816598687751));
#3338 = CARTESIAN_POINT('',(2.23610696208,-7.608394551385,9.165900716873
    ));
#3339 = CARTESIAN_POINT('',(6.468633421795,-6.124848887655,
    9.340562706079));
#3340 = CARTESIAN_POINT('',(9.569132723978,-1.992726400787,
    9.515191128351));
#3341 = CARTESIAN_POINT('',(9.691039159086,3.840270429481,9.689885645853
    ));
#3342 = CARTESIAN_POINT('',(5.742765146677,8.699653278053,9.864488758775
    ));
#3343 = CARTESIAN_POINT('',(8.390944665713E-03,9.774421436293,
    10.039183276267));
#3344 = CARTESIAN_POINT('',(-4.670962643167,7.585459760131,
    10.213811698548));
#3345 = CARTESIAN_POINT('',(-6.989513661123,3.746263780871,
    10.388473687752));
#3346 = CARTESIAN_POINT('',(-6.91461683314,-3.88277169639,
    10.737775716871));
#3347 = CARTESIAN_POINT('',(-4.521119084494,-7.675706773061,
    10.912437706087));
#3348 = CARTESIAN_POINT('',(0.200273666076,-9.772366655831,
    11.087066128336));
#3349 = CARTESIAN_POINT('',(5.912492498937,-8.585240206589,
    11.261760645873));
#3350 = CARTESIAN_POINT('',(9.764547914133,-3.649235909141,
    11.436363758757));
#3351 = CARTESIAN_POINT('',(9.528175095647,2.180198194877,
    11.611058276277));
#3352 = CARTESIAN_POINT('',(6.347129159318,6.250683420347,
    11.785686698545));
#3353 = CARTESIAN_POINT('',(2.086295813331,7.650827622824,
    11.960348687752));
#3354 = CARTESIAN_POINT('',(-5.332307091002,5.869782200616,
    12.309650716872));
#3355 = CARTESIAN_POINT('',(-8.493082473725,2.687850876946,
    12.484312706081));
#3356 = CARTESIAN_POINT('',(-9.479454963701,-2.38310578628,
    12.65894112835));
#3357 = CARTESIAN_POINT('',(-7.043566351964,-7.684535769973,
    12.833635645853));
#3358 = CARTESIAN_POINT('',(-1.370434005238,-10.3336938858,
    13.008238758777));
#3359 = CARTESIAN_POINT('',(4.258098098967,-8.798180800696,
    13.182933276264));
#3360 = CARTESIAN_POINT('',(7.513055357139,-4.786553142608,
    13.35756169855));
#3361 = CARTESIAN_POINT('',(7.923707054927,-0.320406058919,
    13.532223687751));
#3362 = CARTESIAN_POINT('',(4.526937182767,6.511119852891,
    13.881525716872));
#3363 = CARTESIAN_POINT('',(0.718119773805,8.879262144606,
    14.056187706087));
#3364 = CARTESIAN_POINT('',(-4.444946999239,8.705268851177,
    14.230816128335));
#3365 = CARTESIAN_POINT('',(-9.066433139956,5.144288782104,
    14.405510645877));
#3366 = CARTESIAN_POINT('',(-10.37819550242,-0.977945193373,
    14.58011375875));
#3367 = CARTESIAN_POINT('',(-7.621500553723,-6.119813243227,
    14.754808276284));
#3368 = CARTESIAN_POINT('',(-2.982962564587,-8.393987498485,
    14.92943669854));
#3369 = CARTESIAN_POINT('',(1.461750795329,-7.79429779693,
    15.104098687754));
#3370 = CARTESIAN_POINT('',(7.359361348258,-2.954258374144,
    15.45340071687));
#3371 = CARTESIAN_POINT('',(8.814639342296,1.288070459021,
    15.628062706091));
#3372 = CARTESIAN_POINT('',(7.489113950709,6.28111708461,15.802691128327
    ));
#3373 = CARTESIAN_POINT('',(2.983834318485,9.988025316089,
    15.977385645887));
#3374 = CARTESIAN_POINT('',(-3.276673857437,9.895793405268,
    16.151988758741));
#3375 = CARTESIAN_POINT('',(-7.670823860407,6.057874720143,
    16.326683276291));
#3376 = CARTESIAN_POINT('',(-8.848754687987,1.027926193031,
    16.501311698535));
#3377 = CARTESIAN_POINT('',(-7.269169990881,-3.169694177444,
    16.675973687756));
#3378 = CARTESIAN_POINT('',(-1.231591091276,-7.833966133407,
    17.025275716865));
#3379 = CARTESIAN_POINT('',(3.228865016055,-8.302494983451,
    17.199937706111));
#3380 = CARTESIAN_POINT('',(7.798393204441,-5.892734766295,
    17.37456612829));
#3381 = CARTESIAN_POINT('',(10.402522821388,-0.67188980214,
    17.549260645934));
#3382 = CARTESIAN_POINT('',(8.910979275569,5.409044928408,17.7238637587)
  );
#3383 = CARTESIAN_POINT('',(4.186688994597,8.832384733751,
    17.898558276314));
#3384 = CARTESIAN_POINT('',(-0.979298261565,8.854268275889,
    18.073186698529));
#3385 = CARTESIAN_POINT('',(-4.716711352948,6.374984513536,
    18.247848687754));
#3386 = CARTESIAN_POINT('',(-7.910838398627,-0.553604395052,
    18.597150716873));
#3387 = CARTESIAN_POINT('',(-7.368830771825,-5.005729247415,
    18.771812706072));
#3388 = CARTESIAN_POINT('',(-3.997179888728,-8.919742851375,
    18.946441128369));
#3389 = CARTESIAN_POINT('',(1.674166736044,-10.28888150841,
    19.121135645828));
#3390 = CARTESIAN_POINT('',(7.266797366499,-7.473752385703,
    19.295738758799));
#3391 = CARTESIAN_POINT('',(9.545523112371,-2.102943968165,
    19.47043327625));
#3392 = CARTESIAN_POINT('',(8.410248335886,2.936803485962,
    19.645061698556));
#3393 = CARTESIAN_POINT('',(5.157139396635,6.024259853176,19.81972368775
    ));
#3394 = CARTESIAN_POINT('',(-2.310693240712,7.586075318815,
    20.169025716873));
#3395 = CARTESIAN_POINT('',(-6.528451289046,6.061049084837,
    20.343687706082));
#3396 = CARTESIAN_POINT('',(-9.58823480893,1.898687137495,
    20.518316128347));
#3397 = CARTESIAN_POINT('',(-9.65287097669,-3.935225388983,
    20.693010645857));
#3398 = CARTESIAN_POINT('',(-5.657081122485,-8.755612592034,
    20.867613758773));
#3399 = CARTESIAN_POINT('',(8.75680762736E-02,-9.774032773333,
    21.042308276266));
#3400 = CARTESIAN_POINT('',(4.745206425402,-7.539237877052,
    21.216936698549));
#3401 = CARTESIAN_POINT('',(7.025955097044,-3.677464956898,
    21.391598687752));
#3402 = CARTESIAN_POINT('',(6.876165200903,3.950467583125,21.74090071687
    ));
#3403 = CARTESIAN_POINT('',(4.445546342524,7.719722142582,
    21.915562706094));
#3404 = CARTESIAN_POINT('',(-0.296202458806,9.769929564765,
    22.090191128322));
#3405 = CARTESIAN_POINT('',(-5.996491614483,8.526781648009,
    22.264885645892));
#3406 = CARTESIAN_POINT('',(-9.799903064647,3.553198363589,
    22.439488758739));
#3407 = CARTESIAN_POINT('',(-9.506312221088,-2.273634266458,
    22.61418327629));
#3408 = CARTESIAN_POINT('',(-6.28545832934,-6.312693987245,
    22.788811698538));
#3409 = CARTESIAN_POINT('',(-2.011084654598,-7.670940753708,
    22.963473687754));
#3410 = CARTESIAN_POINT('',(5.389675647878,-5.81715036819,
    23.312775716868));
#3411 = CARTESIAN_POINT('',(8.519060673633,-2.604342043802,
    23.487437706097));
#3412 = CARTESIAN_POINT('',(9.455602428375,2.47605377843,23.662066128318
    ));
#3413 = CARTESIAN_POINT('',(6.967785373577,7.753314384375,
    23.836760645897));
#3414 = CARTESIAN_POINT('',(1.268918789767,10.346649882579,
    24.011363758734));
#3415 = CARTESIAN_POINT('',(-4.344267447279,8.755953698415,
    24.186058276293));
#3416 = CARTESIAN_POINT('',(-7.559684415917,4.712564409986,
    24.360686698536));
#3417 = CARTESIAN_POINT('',(-7.926470731833,0.242601055726,
    24.535348687756));
#3418 = CARTESIAN_POINT('',(-4.462797282119,-6.555248463193,
    24.884650716866));
#3419 = CARTESIAN_POINT('',(-0.630914614898,-8.885884254865,
    25.059312706109));
#3420 = CARTESIAN_POINT('',(4.530195196815,-8.661211871077,
    25.233941128291));
#3421 = CARTESIAN_POINT('',(9.116499344884,-5.055032804104,
    25.408635645935));
#3422 = CARTESIAN_POINT('',(10.368094566087,1.079784124583,
    25.583238758698));
#3423 = CARTESIAN_POINT('',(7.561053104809,6.19434102781,25.757933276318
    ));
#3424 = CARTESIAN_POINT('',(2.900412356724,8.422867679565,
    25.932561698527));
#3425 = CARTESIAN_POINT('',(-1.538199462517,7.779571707258,
    26.107223687755));
#3426 = CARTESIAN_POINT('',(-7.388009590838,2.881866804884,
    26.456525716873));
#3427 = CARTESIAN_POINT('',(-8.801569156634,-1.374544514817,
    26.631187706072));
#3428 = CARTESIAN_POINT('',(-7.427089310292,-6.354337414278,
    26.805816128369));
#3429 = CARTESIAN_POINT('',(-2.885634890335,-10.01683723706,
    26.980510645827));
#3430 = CARTESIAN_POINT('',(3.373666115068,-9.86314836311,27.1551137588)
  );
#3431 = CARTESIAN_POINT('',(7.729926286059,-5.982275857406,
    27.329808276249));
#3432 = CARTESIAN_POINT('',(8.858419736977,-0.941005605706,
    27.504436698556));
#3433 = CARTESIAN_POINT('',(7.237701782076,3.240905189703,27.67909868775
    ));
#3434 = CARTESIAN_POINT('',(1.154623192409,7.845679529459,
    28.028400716871));
#3435 = CARTESIAN_POINT('',(-3.310217658225,8.270396078629,
    28.203062706091));
#3436 = CARTESIAN_POINT('',(-7.855868250753,5.815891472852,
    28.377691128329));
#3437 = CARTESIAN_POINT('',(-10.40861766969,0.569732534641,
    28.552385645881));
#3438 = CARTESIAN_POINT('',(-8.857447524874,-5.496266190071,
    28.726988758752));
#3439 = CARTESIAN_POINT('',(-4.099776892228,-8.873061154761,
    28.90168327628));
#3440 = CARTESIAN_POINT('',(1.06617624731,-8.844227495726,
    29.076311698544));
#3441 = CARTESIAN_POINT('',(4.77906930846,-6.328371834826,
    29.250973687752));
#3442 = CARTESIAN_POINT('',(7.90502225596,0.631240943063,29.600275716871
    ));
#3443 = CARTESIAN_POINT('',(7.319332817658,5.077830180949,
    29.774937706085));
#3444 = CARTESIAN_POINT('',(3.909419296504,8.958554591082,
    29.949566128341));
#3445 = CARTESIAN_POINT('',(-1.775095291613,10.27194984706,
    30.124260645865));
#3446 = CARTESIAN_POINT('',(-7.339819385776,7.402051747467,
    30.298863758766));
#3447 = CARTESIAN_POINT('',(-9.565708376169,2.009131176489,
    30.47355827627));
#3448 = CARTESIAN_POINT('',(-8.381011499612,-3.019228051971,
    30.648186698549));
#3449 = CARTESIAN_POINT('',(-5.097748785972,-6.074598822147,
    30.82284868775));
#3450 = CARTESIAN_POINT('',(2.385056809921,-7.563024924514,
    31.172150716876));
#3451 = CARTESIAN_POINT('',(6.587639930562,-5.996665105501,
    31.346812706067));
#3452 = CARTESIAN_POINT('',(9.606412759884,-1.804464874769,
    31.52144112838));
#3453 = CARTESIAN_POINT('',(9.613772430458,4.029801063251,
    31.696135645809));
#3454 = CARTESIAN_POINT('',(5.570851857078,8.810728021868,
    31.870738758821));
#3455 = CARTESIAN_POINT('',(-0.183518657245,9.772702068741,
    32.045433276233));
#3456 = CARTESIAN_POINT('',(-4.818992854755,7.492289346538,
    32.220061698563));
#3457 = CARTESIAN_POINT('',(-7.06171935679,3.608311691198,32.39472368775
    ));
#3458 = CARTESIAN_POINT('',(-6.837050829553,-4.017782715574,
    32.744025716867));
#3459 = CARTESIAN_POINT('',(-4.369545129544,-7.76299346921,
    32.91868770611));
#3460 = CARTESIAN_POINT('',(0.392102702923,-9.766550827563,
    33.093316128285));
#3461 = CARTESIAN_POINT('',(6.079912775688,-8.467501260453,
    33.268010645945));
#3462 = CARTESIAN_POINT('',(9.834313680108,-3.456818353392,
    33.442613758688));
#3463 = CARTESIAN_POINT('',(9.483533108366,2.366851200439,
    33.617308276324));
#3464 = CARTESIAN_POINT('',(6.223181693811,6.374096123556,
    33.791936698525));
#3465 = CARTESIAN_POINT('',(1.93567966334,7.690314543359,33.966598687754
    ));
#3466 = CARTESIAN_POINT('',(-5.446524736595,5.763957866695,
    34.315900716876));
#3467 = CARTESIAN_POINT('',(-8.544217788743,2.52058219879,34.49056270606
    ));
#3468 = CARTESIAN_POINT('',(-9.430838542421,-2.568763123441,
    34.665191128398));
#3469 = CARTESIAN_POINT('',(-6.891332825493,-7.8213457181,
    34.839885645784));
#3470 = CARTESIAN_POINT('',(-1.167281273318,-10.35860864779,
    35.014488758845));
#3471 = CARTESIAN_POINT('',(4.430018086101,-8.712882679039,
    35.189183276216));
#3472 = CARTESIAN_POINT('',(7.605584856548,-4.638121470619,
    35.363811698571));
#3473 = CARTESIAN_POINT('',(7.928470439001,-0.164772670135,
    35.538473687747));
#3474 = CARTESIAN_POINT('',(4.398227247772,6.598745265002,
    35.887775716871));
#3475 = CARTESIAN_POINT('',(0.543648647154,8.891649925102,
    36.062437706098));
#3476 = CARTESIAN_POINT('',(-4.615006764798,8.616320105364,
    36.237066128308));
#3477 = CARTESIAN_POINT('',(-9.165686882566,4.965289611497,
    36.411760645917));
#3478 = CARTESIAN_POINT('',(-10.35699433127,-1.181518983927,
    36.586363758709));
#3479 = CARTESIAN_POINT('',(-7.499876905826,-6.268271788929,
    36.761058276314));
#3480 = CARTESIAN_POINT('',(-2.817582601093,-8.450936047121,
    36.935686698526));
#3481 = CARTESIAN_POINT('',(1.61449987484,-7.764095806273,
    37.110348687757));
#3482 = CARTESIAN_POINT('',(7.41594576168,-2.809197475307,
    37.459650716869));
#3483 = CARTESIAN_POINT('',(8.787650657409,1.460886089179,37.63431270609
    ));
#3484 = CARTESIAN_POINT('',(7.364348831558,6.42694529962,37.808941128335
    ));
#3485 = CARTESIAN_POINT('',(2.787157338685,10.044683714503,
    37.983635645868));
#3486 = CARTESIAN_POINT('',(-3.470333211744,9.829552690099,
    38.158238758767));
#3487 = CARTESIAN_POINT('',(-7.788283685316,5.906100410527,
    38.332933276267));
#3488 = CARTESIAN_POINT('',(-8.867230993042,0.853994322278,
    38.507561698551));
#3489 = CARTESIAN_POINT('',(-7.205535988506,-3.311803836771,
    38.682223687749));
#3490 = CARTESIAN_POINT('',(-1.077544008557,-7.85663674259,
    39.031525716876));
#3491 = CARTESIAN_POINT('',(3.39125125473,-8.237500055814,
    39.206187706069));
#3492 = CARTESIAN_POINT('',(7.91258613213,-5.738487631696,
    39.380816128375));
#3493 = CARTESIAN_POINT('',(10.413709313771,-0.467520355118,
    39.555510645818));
#3494 = CARTESIAN_POINT('',(8.803062074947,5.582957710146,
    39.730113758811));
#3495 = CARTESIAN_POINT('',(4.012469644834,8.912882371675,39.90480827624
    ));
#3496 = CARTESIAN_POINT('',(-1.152951472772,8.833334290506,
    40.079436698561));
#3497 = CARTESIAN_POINT('',(-4.840966647326,6.281149214467,
    40.254098687749));
#3498 = CARTESIAN_POINT('',(-7.898444210794,-0.708816650759,
    40.603400716872));
#3499 = CARTESIAN_POINT('',(-7.269129410962,-5.149441702637,
    40.77806270609));
#3500 = CARTESIAN_POINT('',(-3.821281906313,-8.99650288666,
    40.952691128326));
#3501 = CARTESIAN_POINT('',(1.875852759806,-10.25402815379,
    41.127385645892));
#3502 = CARTESIAN_POINT('',(7.41213397798,-7.32963768408,41.301988758733
    ));
#3503 = CARTESIAN_POINT('',(9.584971677086,-1.915124740571,
    41.476683276298));
#3504 = CARTESIAN_POINT('',(8.350966884006,3.1013616185,41.651311698532)
  );
#3505 = CARTESIAN_POINT('',(5.03786684367,6.124352308635,41.825973687757
    ));
#3506 = CARTESIAN_POINT('',(-2.459190502389,7.539245590141,
    42.175275716864));
#3507 = CARTESIAN_POINT('',(-6.646193641651,5.931703155063,
    42.349937706115));
#3508 = CARTESIAN_POINT('',(-9.623664824723,1.710068694035,
    42.524566128281));
#3509 = CARTESIAN_POINT('',(-9.573747288925,-4.123988336995,
    42.699260645948));
#3510 = CARTESIAN_POINT('',(-5.484085661271,-8.864994255321,
    42.873863758684));
#3511 = CARTESIAN_POINT('',(0.279451550228,-9.770429450827,
    43.048558276329));
#3512 = CARTESIAN_POINT('',(4.892314819584,-7.444618693569,
    43.22318669852));
#3513 = CARTESIAN_POINT('',(7.09680299332,-3.538810648908,
    43.397848687759));
#3514 = CARTESIAN_POINT('',(6.797277489013,4.084710605762,
    43.747150716866));
#3515 = CARTESIAN_POINT('',(4.293122770723,7.805516582371,43.9218127061)
  );
#3516 = CARTESIAN_POINT('',(-0.487965155397,9.762230769872,
    44.096441128316));
#3517 = CARTESIAN_POINT('',(-6.162747942205,8.407404757482,
    44.271135645894));
#3518 = CARTESIAN_POINT('',(-9.867776443983,3.360105167878,
    44.445738758742));
#3519 = CARTESIAN_POINT('',(-9.459839952966,-2.459840012403,
    44.620433276285));
#3520 = CARTESIAN_POINT('',(-6.160305255082,-6.434883911204,
    44.795061698542));
#3521 = CARTESIAN_POINT('',(-1.860088107247,-7.708947124488,
    44.969723687752));
#3522 = CARTESIAN_POINT('',(5.502848877924,-5.710209822954,
    45.319025716871));
#3523 = CARTESIAN_POINT('',(8.568551394351,-2.436579414773,
    45.493687706087));
#3524 = CARTESIAN_POINT('',(9.405165692616,2.661224885619,
    45.668316128334));
#3525 = CARTESIAN_POINT('',(6.814216076442,7.888623214373,45.84301064588
    ));
#3526 = CARTESIAN_POINT('',(1.065531251812,10.369569028623,
    46.017613758744));
#3527 = CARTESIAN_POINT('',(-4.5153417505,8.66897189397,46.19230827629)
  );
#3528 = CARTESIAN_POINT('',(-7.650752255117,4.563231499421,
    46.366936698537));
#3529 = CARTESIAN_POINT('',(-7.929705983676,8.692840341671E-02,
    46.541598687754));
#3530 = CARTESIAN_POINT('',(-4.333233303133,-6.641606066009,
    46.890900716871));
#3531 = CARTESIAN_POINT('',(-0.456330281418,-8.89655859962,
    47.065562706084));
#3532 = CARTESIAN_POINT('',(4.69937352882,-8.570597880772,
    47.240191128344));
#3533 = CARTESIAN_POINT('',(9.213991012277,-4.875067853953,
    47.414885645863));
#3534 = CARTESIAN_POINT('',(10.344895867788,1.283139966012,
    47.589488758763));
#3535 = CARTESIAN_POINT('',(7.437977853098,6.341598400975,
    47.764183276277));
#3536 = CARTESIAN_POINT('',(2.734481280987,8.478189895864,
    47.938811698541));
#3537 = CARTESIAN_POINT('',(-1.690644678306,7.747871585576,
    48.113473687756));
#3538 = CARTESIAN_POINT('',(-7.443167168234,2.73625738943,
    48.462775716864));
#3539 = CARTESIAN_POINT('',(-8.77288518612,-1.547086860298,
    48.637437706116));
#3540 = CARTESIAN_POINT('',(-7.300898561562,-6.4989337426,
    48.812066128284));
#3541 = CARTESIAN_POINT('',(-2.688411155004,-10.07156206441,
    48.986760645936));
#3542 = CARTESIAN_POINT('',(3.566665830479,-9.795009624348,
    49.161363758704));
#3543 = CARTESIAN_POINT('',(7.845890433581,-5.829355721396,
    49.336058276307));
#3544 = CARTESIAN_POINT('',(8.875187606932,-0.766900729099,
    49.510686698534));
#3545 = CARTESIAN_POINT('',(7.172675710379,3.38238328529,49.685348687752
    ));
#3546 = CARTESIAN_POINT('',(1.000360968772,7.866836716721,
    50.034650716875));
#3547 = CARTESIAN_POINT('',(-3.471957995389,8.203810085596,
    50.209312706066));
#3548 = CARTESIAN_POINT('',(-7.968541381966,5.660530703161,
    50.383941128383));
#3549 = CARTESIAN_POINT('',(-10.4177972629,0.365263115008,
    50.558635645807));
#3550 = CARTESIAN_POINT('',(-8.747828167542,-5.669111133135,
    50.733238758822));
#3551 = CARTESIAN_POINT('',(-3.924775667286,-8.951844546436,
    50.907933276233));
#3552 = CARTESIAN_POINT('',(1.239615574381,-8.821589710144,
    51.082561698564));
#3553 = CARTESIAN_POINT('',(4.902397403748,-6.233321203872,
    51.257223687748));
#3554 = CARTESIAN_POINT('',(7.891104897136,0.786324041231,
    51.606525716872));
#3555 = CARTESIAN_POINT('',(7.218225390453,5.220556910408,
    51.781187706086));
#3556 = CARTESIAN_POINT('',(3.732776212989,9.033584080589,
    51.955816128339));
#3557 = CARTESIAN_POINT('',(-1.976429429358,10.235118155911,
    52.130510645867));
#3558 = CARTESIAN_POINT('',(-7.48373417333,7.256517175007,
    52.305113758765));
#3559 = CARTESIAN_POINT('',(-9.603311158457,1.820933720906,
    52.479808276271));
#3560 = CARTESIAN_POINT('',(-8.320117384838,-3.18319626932,
    52.654436698548));
#3561 = CARTESIAN_POINT('',(-4.977499341277,-6.17351551731,
    52.829098687752));
#3562 = CARTESIAN_POINT('',(2.533087172959,-7.514739607574,
    53.17840071687));
#3563 = CARTESIAN_POINT('',(6.704106778746,-5.86616949477,
    53.353062706092));
#3564 = CARTESIAN_POINT('',(9.639989340769,-1.615507693249,
    53.52769112833));
#3565 = CARTESIAN_POINT('',(9.532799409614,4.217778132074,
    53.702385645875));
#3566 = CARTESIAN_POINT('',(5.396790897975,8.918406062246,
    53.876988758762));
#3567 = CARTESIAN_POINT('',(-0.375357509172,9.767215138548,
    54.051683276269));
#3568 = CARTESIAN_POINT('',(-4.965165252883,7.396230512768,
    54.226311698552));
#3569 = CARTESIAN_POINT('',(-7.131202625219,3.468968528681,
    54.400973687747));
#3570 = CARTESIAN_POINT('',(-6.756849012711,-4.151244803039,
    54.750275716881));
#3571 = CARTESIAN_POINT('',(-4.216286631825,-7.84728738359,
    54.924937706043));
#3572 = CARTESIAN_POINT('',(0.583780576828,-9.756969808084,
    55.099566128428));
#3573 = CARTESIAN_POINT('',(6.244989130182,-8.346497931301,
    55.274260645747));
#3574 = CARTESIAN_POINT('',(9.900288131081,-3.263068128476,
    55.448863758878));
#3575 = CARTESIAN_POINT('',(9.435235038472,2.552591739897,
    55.623558276197));
#3576 = CARTESIAN_POINT('',(6.096835073321,6.495051491332,55.79818669858
    ));
#3577 = CARTESIAN_POINT('',(1.78431727199,7.726836701253,55.972848687746
    ));
#3578 = CARTESIAN_POINT('',(-5.558642643224,5.655911417302,
    56.322150716872));
#3579 = CARTESIAN_POINT('',(-8.592059145149,2.35234178817,
    56.496812706096));
#3580 = CARTESIAN_POINT('',(-9.37858635336,-2.753430153418,
    56.67144112831));
#3581 = CARTESIAN_POINT('',(-6.736442559059,-7.955140388707,
    56.846135645916));
#3582 = CARTESIAN_POINT('',(-0.9636785322,-10.37952996882,
    57.020738758708));
#3583 = CARTESIAN_POINT('',(4.600230216883,-8.624225575336,
    57.195433276316));
#3584 = CARTESIAN_POINT('',(7.695182258248,-4.487901714479,
    57.370061698523));
#3585 = CARTESIAN_POINT('',(7.930177246786,-9.075758357011E-03,
    57.544723687759));
#3586 = CARTESIAN_POINT('',(4.267821712453,6.683826735203,
    57.894025716864));
#3587 = CARTESIAN_POINT('',(0.368967933596,8.900609805292,
    58.068687706112));
#3588 = CARTESIAN_POINT('',(-4.783287357393,8.52404960413,
    58.243316128286));
#3589 = CARTESIAN_POINT('',(-9.261407078412,4.784376227225,
    58.418010645942));
#3590 = CARTESIAN_POINT('',(-10.33180034165,-1.384637276417,
    58.592613758687));
#3591 = CARTESIAN_POINT('',(-7.375361912618,-6.41431379654,
    58.76730827633));
#3592 = CARTESIAN_POINT('',(-2.651116405869,-8.504626599037,
    58.941936698516));
#3593 = CARTESIAN_POINT('',(1.766626533915,-7.730900608885,
    59.116598687763));
#3594 = CARTESIAN_POINT('',(7.469671186846,-2.663053577372,
    59.465900716856));
#3595 = CARTESIAN_POINT('',(8.757274165893,1.633138519969,
    59.640562706145));
#3596 = CARTESIAN_POINT('',(7.236744615776,6.570295804808,
    59.815191128222));
#3597 = CARTESIAN_POINT('',(2.589405856646,10.097469696233,
    59.989885646024));
#3598 = CARTESIAN_POINT('',(-3.662654686524,9.759522495155,
    60.164488758615));
#3599 = CARTESIAN_POINT('',(-7.902740978603,5.752049186847,
    60.339183276372));
#3600 = CARTESIAN_POINT('',(-8.882288811767,0.679733220421,
    60.513811698503));
#3601 = CARTESIAN_POINT('',(-7.139124114837,-3.452636732666,
    60.688473687761));
#3602 = CARTESIAN_POINT('',(-0.923081512117,-7.876278468759,
    61.037775716869));
#3603 = CARTESIAN_POINT('',(3.552330101518,-8.169329415078,
    61.212437706083));
#3604 = CARTESIAN_POINT('',(8.023728607185,-5.5820282009,61.387066128354
    ));
#3605 = CARTESIAN_POINT('',(10.420881123062,-0.262970670087,
    61.56176064584));
#3606 = CARTESIAN_POINT('',(8.691751126238,5.754718155411,
    61.736363758794));
#3607 = CARTESIAN_POINT('',(3.836703411698,8.989943923772,
    61.911058276248));
#3608 = CARTESIAN_POINT('',(-1.326160199264,8.808994886612,
    62.085686698559));
#3609 = CARTESIAN_POINT('',(-4.963355656905,6.184892412806,
    62.260348687748));
#3610 = CARTESIAN_POINT('',(-7.883005022362,-0.863755644156,
    62.609650716875));
#3611 = CARTESIAN_POINT('',(-7.166625662358,-5.291168950044,
    62.784312706075));
#3612 = CARTESIAN_POINT('',(-3.643910746936,-9.069794598866,
    62.958941128363));
#3613 = CARTESIAN_POINT('',(2.076815606561,-10.21522167606,
    63.133635645833));
#3614 = CARTESIAN_POINT('',(7.554613070763,-7.182697267681,
    63.308238758799));
#3615 = CARTESIAN_POINT('',(9.620725052739,-1.726567195872,
    63.482933276247));
#3616 = CARTESIAN_POINT('',(8.288465975429,3.264724117064,
    63.657561698559));
#3617 = CARTESIAN_POINT('',(4.916652097138,6.222083709708,
    63.832223687749));
#3618 = CARTESIAN_POINT('',(-2.606739699315,7.489509338765,
    64.181525716871));
#3619 = CARTESIAN_POINT('',(-6.761373760077,5.800070440843,
    64.356187706091));
#3620 = CARTESIAN_POINT('',(-9.655384734572,1.52079098648,
    64.530816128327));
#3621 = CARTESIAN_POINT('',(-9.490932739266,-4.311161408928,
    64.705510645886));
#3622 = CARTESIAN_POINT('',(-5.30897598072,-8.970958294626,
    64.880113758742));
#3623 = CARTESIAN_POINT('',(0.471227290351,-9.76305944175,
    65.054808276291));
#3624 = CARTESIAN_POINT('',(5.037537133243,-7.347129467873,
    65.229436698534));
#3625 = CARTESIAN_POINT('',(7.164914936953,-3.398792062049,
    65.404098687759));
#3626 = CARTESIAN_POINT('',(6.715769297263,4.217378894703,
    65.753400716858));
#3627 = CARTESIAN_POINT('',(4.139044118347,7.888301846939,
    65.928062706138));
#3628 = CARTESIAN_POINT('',(-0.679539732081,9.75076844916,
    66.102691128234));
#3629 = CARTESIAN_POINT('',(-6.326628413353,8.284786652425,
    66.277385646009));
#3630 = CARTESIAN_POINT('',(-9.931845607589,3.165716587603,
    66.451988758626));
#3631 = CARTESIAN_POINT('',(-9.409720736512,-2.645097443148,
    66.626683276369));
#3632 = CARTESIAN_POINT('',(-6.032777265862,-6.55459306495,
    66.801311698499));
#3633 = CARTESIAN_POINT('',(-1.708374460526,-7.743981549395,
    66.975973687767));
#3634 = CARTESIAN_POINT('',(5.61390065498,-5.601067883147,
    67.325275716854));
#3635 = CARTESIAN_POINT('',(8.614738775403,-2.267877437947,
    67.499937706149));
#3636 = CARTESIAN_POINT('',(9.351103086419,2.845370039865,
    67.674566128217));
#3637 = CARTESIAN_POINT('',(6.658019769347,8.020890830067,
    67.849260646027));
#3638 = CARTESIAN_POINT('',(0.861732931217,10.38849050832,
    68.023863758617));
#3639 = CARTESIAN_POINT('',(-4.684675303481,8.578648035888,
    68.198558276366));
#3640 = CARTESIAN_POINT('',(-7.738870583704,4.412139376233,
    68.373186698508));
#3641 = CARTESIAN_POINT('',(-7.929884182909,-6.877776144632E-02,
    68.547848687758));
#3642 = CARTESIAN_POINT('',(-4.201998780224,-6.725403203257,
    68.897150716873));
#3643 = CARTESIAN_POINT('',(-0.281570023925,-8.903803151686,
    69.071812706063));
#3644 = CARTESIAN_POINT('',(4.866740162878,-8.476679761824,
    69.246441128397));
#3645 = CARTESIAN_POINT('',(9.307930510715,-4.693223472357,
    69.421135645778));
#3646 = CARTESIAN_POINT('',(10.317709015241,1.486001132568,
    69.595738758858));
#3647 = CARTESIAN_POINT('',(7.312035119308,6.486410967235,
    69.770433276204));
#3648 = CARTESIAN_POINT('',(2.567496010679,8.530243608566,
    69.945061698577));
#3649 = CARTESIAN_POINT('',(-1.842438118393,7.713184511914,
    70.119723687747));
#3650 = CARTESIAN_POINT('',(-7.495455262995,2.589593094659,
    70.469025716866));
#3651 = CARTESIAN_POINT('',(-8.740819101373,-1.719032774315,
    70.643687706119));
#3652 = CARTESIAN_POINT('',(-7.171893177456,-6.641024608311,
    70.818316128268));
#3653 = CARTESIAN_POINT('',(-2.490150985992,-10.12240411278,
    70.993010645963));
#3654 = CARTESIAN_POINT('',(3.758290528305,-9.723094722987,
    71.167613758675));
#3655 = CARTESIAN_POINT('',(7.958829840999,-5.674188257748,
    71.342308276331));
#3656 = CARTESIAN_POINT('',(8.888533923113,-0.592500197675,
    71.51693669852));
#3657 = CARTESIAN_POINT('',(7.104884435657,3.522557407733,
    71.691598687759));
#3658 = CARTESIAN_POINT('',(0.845713086944,7.884961088684,
    72.040900716865));
#3659 = CARTESIAN_POINT('',(-3.632359826689,8.134061367583,
    72.215562706108));
#3660 = CARTESIAN_POINT('',(-8.078142488708,5.502987691164,
    72.390191128298));
#3661 = CARTESIAN_POINT('',(-10.42296059706,0.160652879464,
    72.56488564592));
#3662 = CARTESIAN_POINT('',(-8.634836355808,-5.839770525932,
    72.739488758715));
#3663 = CARTESIAN_POINT('',(-3.748261366696,-9.027176831628,
    72.914183276306));
#3664 = CARTESIAN_POINT('',(1.412577006089,-8.79555103381,73.08881169853
    ));
#3665 = CARTESIAN_POINT('',(5.023835531507,-6.135867508935,
    73.263473687757));
#3666 = CARTESIAN_POINT('',(7.874145367165,0.94110399651,73.612775716864
    ));
#3667 = CARTESIAN_POINT('',(7.114335199942,5.361271015816,
    73.787437706114));
#3668 = CARTESIAN_POINT('',(3.554694073211,9.105130951436,
    73.962066128287));
#3669 = CARTESIAN_POINT('',(-2.17700161597,10.194340631924,
    74.136760645933));
#3670 = CARTESIAN_POINT('',(-7.624763838868,7.108185077002,
    74.311363758706));
#3671 = CARTESIAN_POINT('',(-9.637211681505,1.632034260733,
    74.486058276308));
#3672 = CARTESIAN_POINT('',(-8.256015706425,-3.34593730392,
    74.660686698533));
#3673 = CARTESIAN_POINT('',(-4.855330975836,-6.270052204724,
    74.835348687753));
#3674 = CARTESIAN_POINT('',(2.680140982675,-7.463557215456,
    75.184650716873));
#3675 = CARTESIAN_POINT('',(6.817989066126,-5.733412364063,
    75.359312706076));
#3676 = CARTESIAN_POINT('',(9.669849522315,-1.425927702697,
    75.533941128361));
#3677 = CARTESIAN_POINT('',(9.448151313043,4.404129167056,
    75.708635645838));
#3678 = CARTESIAN_POINT('',(5.220649373336,9.022645887389,
    75.883238758791));
#3679 = CARTESIAN_POINT('',(-0.56705165369,9.75796276095,76.057933276252
    ));
#3680 = CARTESIAN_POINT('',(-5.109423485268,7.297320291355,
    76.232561698558));
#3681 = CARTESIAN_POINT('',(-7.197936679288,3.328288012762,
    76.407223687746));
#3682 = CARTESIAN_POINT('',(-6.67404230196,-4.283106506611,
    76.756525716883));
#3683 = CARTESIAN_POINT('',(-4.061402675307,-7.928556019312,
    76.931187706036));
#3684 = CARTESIAN_POINT('',(0.775233392123,-9.743627290977,
    77.105816128442));
#3685 = CARTESIAN_POINT('',(6.407657922602,-8.222276868384,
    77.280510645729));
#3686 = CARTESIAN_POINT('',(9.962445832416,-3.068059928597,
    77.455113758895));
#3687 = CARTESIAN_POINT('',(9.383299505921,2.737348206581,
    77.629808276183));
#3688 = CARTESIAN_POINT('',(5.968138006835,6.613502893147,
    77.804436698589));
#3689 = CARTESIAN_POINT('',(1.632266992365,7.760380016509,
    77.979098687739));
#3690 = CARTESIAN_POINT('',(-5.668617587295,5.545684506378,
    78.328400716887));
#3691 = CARTESIAN_POINT('',(-8.636588099212,2.183194505086,
    78.503062706026));
#3692 = CARTESIAN_POINT('',(-9.322718540729,-2.937035683819,
    78.677691128465));
#3693 = CARTESIAN_POINT('',(-6.578955265737,-8.085868201037,
    78.852385645687));
#3694 = CARTESIAN_POINT('',(-0.759704274757,-10.39644978368,
    79.026988758948));
#3695 = CARTESIAN_POINT('',(4.768668871444,-8.53224366836,
    79.201683276137));
#3696 = CARTESIAN_POINT('',(7.781813020641,-4.33595178686,
    79.376311698614));
#3697 = CARTESIAN_POINT('',(7.928826820305,0.146624652313,
    79.550973687733));
#3698 = CARTESIAN_POINT('',(4.135770850605,6.766331462954,
    79.900275716888));
#3699 = CARTESIAN_POINT('',(0.194144975939,8.906138330986,
    80.074937706034));
#3700 = CARTESIAN_POINT('',(-4.949723901782,8.428492919505,
    80.24956612844));
#3701 = CARTESIAN_POINT('',(-9.353556825356,4.601618374827,
    80.424260645731));
#3702 = CARTESIAN_POINT('',(-10.3026232465,-1.587221764844,
    80.598863758897));
#3703 = CARTESIAN_POINT('',(-7.248003576878,-6.557882964116,
    80.773558276179));
#3704 = CARTESIAN_POINT('',(-2.48362815486,-8.555038455481,
    80.948186698591));
#3705 = CARTESIAN_POINT('',(1.918072124846,-7.694725002162,
    81.12284868774));
#3706 = CARTESIAN_POINT('',(7.520516911561,-2.515883021571,
    81.472150716882));
#3707 = CARTESIAN_POINT('',(8.723521578531,1.80476134469,81.646812706051
    ));
#3708 = CARTESIAN_POINT('',(7.106350497126,6.71111333607,81.821441128406
    ));
#3709 = CARTESIAN_POINT('',(2.390656109399,10.146362910929,
    81.996135645777));
#3710 = CARTESIAN_POINT('',(-3.853564138201,9.685729818754,
    82.170738758852));
#3711 = CARTESIAN_POINT('',(-8.014151614835,5.595780438543,
    82.34543327621));
#3712 = CARTESIAN_POINT('',(-8.893922339044,0.505210068543,
    82.520061698577));
#3713 = CARTESIAN_POINT('',(-7.069959972933,-3.592138571393,
    82.694723687744));
#3714 = CARTESIAN_POINT('',(-0.768263150176,-7.892883739638,
    83.044025716877));
#3715 = CARTESIAN_POINT('',(3.712039457417,-8.098009342349,
    83.21868770607));
#3716 = CARTESIAN_POINT('',(8.131777782137,-5.423416791985,
    83.393316128366));
#3717 = CARTESIAN_POINT('',(10.4240354843,-5.831960482223E-02,
    83.568010645838));
#3718 = CARTESIAN_POINT('',(8.577089342018,5.924260047242,
    83.742613758784));
#3719 = CARTESIAN_POINT('',(3.659458056369,9.063539681377,
    83.917308276266));
#3720 = CARTESIAN_POINT('',(-1.498857665763,8.781259447496,
    84.091936698544));
#3721 = CARTESIAN_POINT('',(-5.083831198391,6.086251217384,
    84.266598687756));
#3722 = CARTESIAN_POINT('',(-7.864526785445,-1.018361643305,
    84.61590071686));
#3723 = CARTESIAN_POINT('',(-7.061359043093,-5.430856351131,
    84.790562706137));
#3724 = CARTESIAN_POINT('',(-3.465134790684,-9.139589732525,
    84.965191128234));
#3725 = CARTESIAN_POINT('',(2.276977801465,-10.17247703603,
    85.139885646013));
#3726 = CARTESIAN_POINT('',(7.694179716326,-7.032987784623,
    85.314488758621));
#3727 = CARTESIAN_POINT('',(9.652769455777,-1.537344026757,
    85.489183276373));
#3728 = CARTESIAN_POINT('',(8.222769705435,3.426828002391,
    85.663811698498));
#3729 = CARTESIAN_POINT('',(4.793541887628,6.317416379051,
    85.838473687766));
#3730 = CARTESIAN_POINT('',(-2.753283948464,7.436885738984,
    86.187775716856));
#3731 = CARTESIAN_POINT('',(-6.873947240224,5.666201689015,
    86.36243770614));
#3732 = CARTESIAN_POINT('',(-9.68338230977,1.330926985128,
    86.537066128233));
#3733 = CARTESIAN_POINT('',(-9.404459254429,-4.496672446162,
    86.711760646012));
#3734 = CARTESIAN_POINT('',(-5.131819588794,-9.073463858671,
    86.886363758623));
#3735 = CARTESIAN_POINT('',(0.662821363324,-9.751925587438,
    87.061058276368));
#3736 = CARTESIAN_POINT('',(5.180817380472,-7.246807783904,
    87.235686698504));
#3737 = CARTESIAN_POINT('',(7.230264669487,-3.25746317615,87.41034868776
    ));
#3738 = CARTESIAN_POINT('',(6.631672048592,4.348421303798,87.75965071687
    ));
#3739 = CARTESIAN_POINT('',(3.983369785742,7.968046020976,
    87.934312706076));
#3740 = CARTESIAN_POINT('',(-0.870852333401,9.735547021643,
    88.108941128365));
#3741 = CARTESIAN_POINT('',(-6.488069848642,8.158974604307,
    88.283635645828));
#3742 = CARTESIAN_POINT('',(-9.992085855805,2.970107563449,
    88.458238758803));
#3743 = CARTESIAN_POINT('',(-9.3559738935,-2.829335138586,
    88.632933276248));
#3744 = CARTESIAN_POINT('',(-5.9029235262,-6.671775298239,
    88.807561698553));
#3745 = CARTESIAN_POINT('',(-1.556002202924,-7.776030522018,
    88.982223687756));
#3746 = CARTESIAN_POINT('',(5.722788166465,-5.489766625036,
    89.331525716856));
#3747 = CARTESIAN_POINT('',(8.657605010658,-2.098301151234,
    89.506187706158));
#3748 = CARTESIAN_POINT('',(9.293435452008,3.028418249852,
    89.680816128187));
#3749 = CARTESIAN_POINT('',(6.49925666884,8.150066239596,89.855510646078
    ));
#3750 = CARTESIAN_POINT('',(0.65760239622,10.403407027225,
    90.030113758559));
#3751 = CARTESIAN_POINT('',(-4.85220282498,8.485016945658,
    90.204808276411));
#3752 = CARTESIAN_POINT('',(-7.82400543036,4.259346289333,
    90.379436698484));
#3753 = CARTESIAN_POINT('',(-7.927005260835,-0.224457411171,
    90.554098687766));
#3754 = CARTESIAN_POINT('',(-4.069144306805,-6.806607569553,
    90.903400716863));
#3755 = CARTESIAN_POINT('',(-0.106701215786,-8.907615118126,
    91.078062706104));
#3756 = CARTESIAN_POINT('',(5.032230575868,-8.379493721494,
    91.25269112831));
#3757 = CARTESIAN_POINT('',(9.398281624897,-4.509569763758,
    91.427385645903));
#3758 = CARTESIAN_POINT('',(10.286544489319,1.688289417414,
    91.601988758734));
#3759 = CARTESIAN_POINT('',(7.183273456889,6.628722898562,
    91.776683276287));
#3760 = CARTESIAN_POINT('',(2.399520921741,8.57900875,91.951311698544));
#3761 = CARTESIAN_POINT('',(-1.993521263508,7.67552385879,
    92.125973687749));
#3762 = CARTESIAN_POINT('',(-7.544853717063,2.441930462449,
    92.475275716881));
#3763 = CARTESIAN_POINT('',(-8.705383264504,-1.89031596844,
    92.649937706039));
#3764 = CARTESIAN_POINT('',(-7.040122891966,-6.780555232699,
    92.824566128439));
#3765 = CARTESIAN_POINT('',(-2.290930816388,-10.16934378157,
    92.999260645724));
#3766 = CARTESIAN_POINT('',(3.948466333576,-9.647431383648,
    93.17386375891));
#3767 = CARTESIAN_POINT('',(8.06870096804,-5.516833286421,
    93.348558276167));
#3768 = CARTESIAN_POINT('',(8.898453540242,-0.417871246193,
    93.523186698599));
#3769 = CARTESIAN_POINT('',(7.034354092748,3.661373517256,
    93.697848687737));
#3770 = CARTESIAN_POINT('',(0.690739166609,7.900045658033,
    94.047150716885));
#3771 = CARTESIAN_POINT('',(-3.791361314066,8.061176814123,
    94.221812706038));
#3772 = CARTESIAN_POINT('',(-8.184629317891,5.343323172584,
    94.396441128437));
#3773 = CARTESIAN_POINT('',(-10.42410568129,-4.401929074633E-02,
    94.57113564573));
#3774 = CARTESIAN_POINT('',(-8.518515650519,-6.008178576074,
    94.7457387589));
#3775 = CARTESIAN_POINT('',(-3.570302039834,-9.099028968296,
    94.920433276177));
#3776 = CARTESIAN_POINT('',(1.584993862393,-8.766121505115,
    95.095061698592));
#3777 = CARTESIAN_POINT('',(5.143336875057,-6.03604832028,
    95.269723687741));
#3778 = CARTESIAN_POINT('',(7.854150204241,1.095521138301,
    95.619025716877));
#3779 = CARTESIAN_POINT('',(7.007702297853,5.499918249104,
    95.793687706081));
#3780 = CARTESIAN_POINT('',(3.375241531074,9.173167621194,
    95.968316128325));
#3781 = CARTESIAN_POINT('',(-2.376734526853,10.149632995203,
    96.143010645933));
#3782 = CARTESIAN_POINT('',(-7.762854012968,6.957112638785,
    96.317613758617));
#3783 = CARTESIAN_POINT('',(-9.667396875859,1.442505619858,
    96.492308276493));
#3784 = CARTESIAN_POINT('',(-8.188731176896,-3.507388415669,
    96.666936698306));
#3785 = CARTESIAN_POINT('',(-4.731290787815,-6.364171667861,
    96.841598687947));
#3786 = CARTESIAN_POINT('',(2.826161546888,-7.409497479552,
    97.190900716441));
#3787 = CARTESIAN_POINT('',(6.92924288967,-5.598444895917,
    97.365562708434));
#3788 = CARTESIAN_POINT('',(9.695981790885,-1.235797984209,
    97.54019112218));
#3789 = CARTESIAN_POINT('',(9.359860777746,4.588782316094,
    97.714885657109));
#3790 = CARTESIAN_POINT('',(5.042495184199,9.123407325145,
    97.889488743101));
#3791 = CARTESIAN_POINT('',(-0.758527183755,9.744948487152,
    98.064183293528));
#3792 = CARTESIAN_POINT('',(-5.251711942252,7.195596827978,
    98.238811683338));
#3793 = CARTESIAN_POINT('',(-7.261895788511,3.186324368688,
    98.413473698431));
#3794 = CARTESIAN_POINT('',(-6.588662627641,-4.413316970626,
    98.762775694492));
#3795 = CARTESIAN_POINT('',(-3.904952934124,-8.006768156255,
    98.937437826917));
#3796 = CARTESIAN_POINT('',(0.966387244441,-9.726528131131,
    99.112065812375));
#3797 = CARTESIAN_POINT('',(6.567856615302,-8.09488648756,
    99.286761221436));
#3798 = CARTESIAN_POINT('',(10.020762578702,-2.871868201081,
    99.461362958161));
#3799 = CARTESIAN_POINT('',(9.327746799589,2.921048568019,
    99.636059157008));
#3800 = CARTESIAN_POINT('',(5.8371398747,6.729405372632,99.810685923303)
  );
#3801 = CARTESIAN_POINT('',(1.479587607473,7.790931060268,
    99.985349231552));
#3802 = CARTESIAN_POINT('',(-2.148409954493,6.612125865239,
    100.15999940462));
#3803 = DEFINITIONAL_REPRESENTATION('',(#3804),#3807);
#3804 = B_SPLINE_CURVE_WITH_KNOTS('',1,(#3805,#3806),.UNSPECIFIED.,.F.,
  .F.,(2,2),(0.,331.66897593324),.PIECEWISE_BEZIER_KNOTS.);
#3805 = CARTESIAN_POINT('',(0.88,0.));
#3806 = CARTESIAN_POINT('',(0.88,331.66897593324));
#3807 = ( GEOMETRIC_REPRESENTATION_CONTEXT(2) 
PARAMETRIC_REPRESENTATION_CONTEXT() REPRESENTATION_CONTEXT('2D SPACE',''
  ) );
#3808 = ORIENTED_EDGE('',*,*,#3809,.T.);
#3809 = EDGE_CURVE('',#1217,#3810,#3812,.T.);
#3810 = VERTEX_POINT('',#3811);
#3811 = CARTESIAN_POINT('',(8.0324,-3.552713678801E-15,0.));
#3812 = SURFACE_CURVE('',#3813,(#3816,#3823),.PCURVE_S1.);
#3813 = B_SPLINE_CURVE_WITH_KNOTS('',1,(#3814,#3815),.UNSPECIFIED.,.F.,
  .F.,(2,2),(0.,1.166190378969),.PIECEWISE_BEZIER_KNOTS.);
#3814 = CARTESIAN_POINT('',(6.9524,4.440892098501E-15,-0.44));
#3815 = CARTESIAN_POINT('',(8.0324,-8.881784197001E-16,
    -1.110223024625E-16));
#3816 = PCURVE('',#1738,#3817);
#3817 = DEFINITIONAL_REPRESENTATION('',(#3818),#3822);
#3818 = LINE('',#3819,#3820);
#3819 = CARTESIAN_POINT('',(0.,0.));
#3820 = VECTOR('',#3821,1.);
#3821 = DIRECTION('',(1.,0.));
#3822 = ( GEOMETRIC_REPRESENTATION_CONTEXT(2) 
PARAMETRIC_REPRESENTATION_CONTEXT() REPRESENTATION_CONTEXT('2D SPACE',''
  ) );
#3823 = PCURVE('',#3824,#3829);
#3824 = PLANE('',#3825);
#3825 = AXIS2_PLACEMENT_3D('',#3826,#3827,#3828);
#3826 = CARTESIAN_POINT('',(7.34447233021,2.828715326954E-16,
    -6.912150882997E-17));
#3827 = DIRECTION('',(-3.638925561331E-15,-1.,-4.471239045052E-15));
#3828 = DIRECTION('',(0.,4.471239045052E-15,-1.));
#3829 = DEFINITIONAL_REPRESENTATION('',(#3830),#3833);
#3830 = B_SPLINE_CURVE_WITH_KNOTS('',1,(#3831,#3832),.UNSPECIFIED.,.F.,
  .F.,(2,2),(0.,1.166190378969),.PIECEWISE_BEZIER_KNOTS.);
#3831 = CARTESIAN_POINT('',(0.44,-0.39207233021));
#3832 = CARTESIAN_POINT('',(4.190079363255E-17,0.68792766979));
#3833 = ( GEOMETRIC_REPRESENTATION_CONTEXT(2) 
PARAMETRIC_REPRESENTATION_CONTEXT() REPRESENTATION_CONTEXT('2D SPACE',''
  ) );
#3834 = ORIENTED_EDGE('',*,*,#3835,.T.);
#3835 = EDGE_CURVE('',#3810,#3836,#3838,.T.);
#3836 = VERTEX_POINT('',#3837);
#3837 = CARTESIAN_POINT('',(-2.482148072009,7.639266372409,
    100.60000082218));
#3838 = SURFACE_CURVE('',#3839,(#4354,#4361),.PCURVE_S1.);
#3839 = B_SPLINE_CURVE_WITH_KNOTS('',9,(#3840,#3841,#3842,#3843,#3844,
    #3845,#3846,#3847,#3848,#3849,#3850,#3851,#3852,#3853,#3854,#3855,
    #3856,#3857,#3858,#3859,#3860,#3861,#3862,#3863,#3864,#3865,#3866,
    #3867,#3868,#3869,#3870,#3871,#3872,#3873,#3874,#3875,#3876,#3877,
    #3878,#3879,#3880,#3881,#3882,#3883,#3884,#3885,#3886,#3887,#3888,
    #3889,#3890,#3891,#3892,#3893,#3894,#3895,#3896,#3897,#3898,#3899,
    #3900,#3901,#3902,#3903,#3904,#3905,#3906,#3907,#3908,#3909,#3910,
    #3911,#3912,#3913,#3914,#3915,#3916,#3917,#3918,#3919,#3920,#3921,
    #3922,#3923,#3924,#3925,#3926,#3927,#3928,#3929,#3930,#3931,#3932,
    #3933,#3934,#3935,#3936,#3937,#3938,#3939,#3940,#3941,#3942,#3943,
    #3944,#3945,#3946,#3947,#3948,#3949,#3950,#3951,#3952,#3953,#3954,
    #3955,#3956,#3957,#3958,#3959,#3960,#3961,#3962,#3963,#3964,#3965,
    #3966,#3967,#3968,#3969,#3970,#3971,#3972,#3973,#3974,#3975,#3976,
    #3977,#3978,#3979,#3980,#3981,#3982,#3983,#3984,#3985,#3986,#3987,
    #3988,#3989,#3990,#3991,#3992,#3993,#3994,#3995,#3996,#3997,#3998,
    #3999,#4000,#4001,#4002,#4003,#4004,#4005,#4006,#4007,#4008,#4009,
    #4010,#4011,#4012,#4013,#4014,#4015,#4016,#4017,#4018,#4019,#4020,
    #4021,#4022,#4023,#4024,#4025,#4026,#4027,#4028,#4029,#4030,#4031,
    #4032,#4033,#4034,#4035,#4036,#4037,#4038,#4039,#4040,#4041,#4042,
    #4043,#4044,#4045,#4046,#4047,#4048,#4049,#4050,#4051,#4052,#4053,
    #4054,#4055,#4056,#4057,#4058,#4059,#4060,#4061,#4062,#4063,#4064,
    #4065,#4066,#4067,#4068,#4069,#4070,#4071,#4072,#4073,#4074,#4075,
    #4076,#4077,#4078,#4079,#4080,#4081,#4082,#4083,#4084,#4085,#4086,
    #4087,#4088,#4089,#4090,#4091,#4092,#4093,#4094,#4095,#4096,#4097,
    #4098,#4099,#4100,#4101,#4102,#4103,#4104,#4105,#4106,#4107,#4108,
    #4109,#4110,#4111,#4112,#4113,#4114,#4115,#4116,#4117,#4118,#4119,
    #4120,#4121,#4122,#4123,#4124,#4125,#4126,#4127,#4128,#4129,#4130,
    #4131,#4132,#4133,#4134,#4135,#4136,#4137,#4138,#4139,#4140,#4141,
    #4142,#4143,#4144,#4145,#4146,#4147,#4148,#4149,#4150,#4151,#4152,
    #4153,#4154,#4155,#4156,#4157,#4158,#4159,#4160,#4161,#4162,#4163,
    #4164,#4165,#4166,#4167,#4168,#4169,#4170,#4171,#4172,#4173,#4174,
    #4175,#4176,#4177,#4178,#4179,#4180,#4181,#4182,#4183,#4184,#4185,
    #4186,#4187,#4188,#4189,#4190,#4191,#4192,#4193,#4194,#4195,#4196,
    #4197,#4198,#4199,#4200,#4201,#4202,#4203,#4204,#4205,#4206,#4207,
    #4208,#4209,#4210,#4211,#4212,#4213,#4214,#4215,#4216,#4217,#4218,
    #4219,#4220,#4221,#4222,#4223,#4224,#4225,#4226,#4227,#4228,#4229,
    #4230,#4231,#4232,#4233,#4234,#4235,#4236,#4237,#4238,#4239,#4240,
    #4241,#4242,#4243,#4244,#4245,#4246,#4247,#4248,#4249,#4250,#4251,
    #4252,#4253,#4254,#4255,#4256,#4257,#4258,#4259,#4260,#4261,#4262,
    #4263,#4264,#4265,#4266,#4267,#4268,#4269,#4270,#4271,#4272,#4273,
    #4274,#4275,#4276,#4277,#4278,#4279,#4280,#4281,#4282,#4283,#4284,
    #4285,#4286,#4287,#4288,#4289,#4290,#4291,#4292,#4293,#4294,#4295,
    #4296,#4297,#4298,#4299,#4300,#4301,#4302,#4303,#4304,#4305,#4306,
    #4307,#4308,#4309,#4310,#4311,#4312,#4313,#4314,#4315,#4316,#4317,
    #4318,#4319,#4320,#4321,#4322,#4323,#4324,#4325,#4326,#4327,#4328,
    #4329,#4330,#4331,#4332,#4333,#4334,#4335,#4336,#4337,#4338,#4339,
    #4340,#4341,#4342,#4343,#4344,#4345,#4346,#4347,#4348,#4349,#4350,
    #4351,#4352,#4353),.UNSPECIFIED.,.F.,.F.,(10,8,8,8,8,8,8,8,8,8,8,8,8
    ,8,8,8,8,8,8,8,8,8,8,8,8,8,8,8,8,8,8,8,8,8,8,8,8,8,8,8,8,8,8,8,8,8,8
    ,8,8,8,8,8,8,8,8,8,8,8,8,8,8,8,8,8,10),(0.,5.182327748957,
    10.364655497914,15.546983246871,20.729310995828,25.911638744785,
    31.093966493742,36.276294242699,41.458621991656,46.640949740613,
    51.82327748957,57.005605238527,62.187932987484,67.370260736441,
    72.552588485398,77.734916234355,82.917243983312,88.099571732269,
    93.281899481226,98.464227230183,103.64655497914,108.82888272809,
    114.01121047705,119.19353822601,124.37586597496,129.55819372392,
    134.74052147288,139.92284922183,145.10517697079,150.28750471975,
    155.4698324687,160.65216021766,165.83448796662,171.01681571558,
    176.19914346453,181.38147121349,186.56379896245,191.7461267114,
    196.92845446036,202.11078220932,207.29310995827,212.47543770723,
    217.65776545619,222.84009320515,228.0224209541,233.20474870306,
    238.38707645202,243.56940420097,248.75173194993,253.93405969889,
    259.11638744784,264.2987151968,269.48104294576,274.66337069472,
    279.84569844367,285.02802619263,290.21035394159,295.39268169054,
    300.5750094395,305.75733718846,310.93966493741,316.12199268637,
    321.30432043533,326.48664818429,331.66897593324),.UNSPECIFIED.);
#3840 = CARTESIAN_POINT('',(8.0324,-8.881784197001E-16,
    -1.110223024625E-16));
#3841 = CARTESIAN_POINT('',(8.03240000185,4.40727531975,0.174656374772)
  );
#3842 = CARTESIAN_POINT('',(5.310258739664,8.816395582444,0.349294610403
    ));
#3843 = CARTESIAN_POINT('',(-0.12056555318,11.292083215748,
    0.523983308924));
#3844 = CARTESIAN_POINT('',(-6.733177777084,9.98555130496,0.698576124114
    ));
#3845 = CARTESIAN_POINT('',(-11.23954474273,4.326609619001,
    0.873299387297));
#3846 = CARTESIAN_POINT('',(-11.03242544222,-2.410657439106,
    1.047893293215));
#3847 = CARTESIAN_POINT('',(-7.403686748301,-7.149342676941,
    1.222580308043));
#3848 = CARTESIAN_POINT('',(-2.497037769346,-8.815232739627,
    1.397220167486));
#3849 = CARTESIAN_POINT('',(6.093754445009,-6.841760202691,
    1.746530638548));
#3850 = CARTESIAN_POINT('',(9.781493638318,-3.20157152985,1.921170659973
    ));
#3851 = CARTESIAN_POINT('',(10.978439065412,2.645667450865,
    2.095857116526));
#3852 = CARTESIAN_POINT('',(8.224588696396,8.797900760266,2.270452208023
    ));
#3853 = CARTESIAN_POINT('',(1.700378368264,11.922903605346,
    2.445173608057));
#3854 = CARTESIAN_POINT('',(-4.819490797444,10.212648483266,
    2.619768720982));
#3855 = CARTESIAN_POINT('',(-8.625452639223,5.615090812039,
    2.794455144458));
#3856 = CARTESIAN_POINT('',(-9.150513810837,0.460024887809,
    2.969095197784));
#3857 = CARTESIAN_POINT('',(-5.303762433232,-7.470852023148,
    3.318405624084));
#3858 = CARTESIAN_POINT('',(-0.930339700849,-10.24998273661,
    3.493045680591));
#3859 = CARTESIAN_POINT('',(5.036448126811,-10.10741662586,
    3.667732093102));
#3860 = CARTESIAN_POINT('',(10.415951999843,-6.04606160491,
    3.842327229315));
#3861 = CARTESIAN_POINT('',(12.000933524392,1.012181573144,4.01704859275
    ));
#3862 = CARTESIAN_POINT('',(8.874372672527,6.983637322463,4.191643729384
    ));
#3863 = CARTESIAN_POINT('',(3.5414152406,9.663646110743,4.366330141245)
  );
#3864 = CARTESIAN_POINT('',(-1.600343578468,9.021220889139,
    4.540970198379));
#3865 = CARTESIAN_POINT('',(-8.468652480071,3.496491251457,
    4.890280623799));
#3866 = CARTESIAN_POINT('',(-10.19807751711,-1.388125720219,5.064920681)
  );
#3867 = CARTESIAN_POINT('',(-8.723237987072,-7.171527006403,
    5.239607092637));
#3868 = CARTESIAN_POINT('',(-3.560574376577,-11.50518261924,
    5.414202229739));
#3869 = CARTESIAN_POINT('',(3.673352790133,-11.46967289303,
    5.588923592444));
#3870 = CARTESIAN_POINT('',(8.793222744751,-7.085542628743,
    5.763518729554));
#3871 = CARTESIAN_POINT('',(10.211213728946,-1.287941086319,
    5.938205141179));
#3872 = CARTESIAN_POINT('',(8.43391821147,3.579462180556,6.112845198392)
  );
#3873 = CARTESIAN_POINT('',(1.511702289719,9.036497224422,6.462155623793
    ));
#3874 = CARTESIAN_POINT('',(-3.636115633576,9.628413221265,
    6.636795681009));
#3875 = CARTESIAN_POINT('',(-8.942505574685,6.896178262593,
    6.811482092626));
#3876 = CARTESIAN_POINT('',(-12.01029209268,0.894315851165,6.98607722975
    ));
#3877 = CARTESIAN_POINT('',(-10.35609395384,-6.148026920345,
    7.160798592436));
#3878 = CARTESIAN_POINT('',(-4.936977723104,-10.15637393679,
    7.335393729559));
#3879 = CARTESIAN_POINT('',(1.030922175476,-10.24035534188,
    7.510080141177));
#3880 = CARTESIAN_POINT('',(5.376850546797,-7.418423289164,
    7.684720198393));
#3881 = CARTESIAN_POINT('',(9.145556629248,0.549836194652,8.034030623792
    ));
#3882 = CARTESIAN_POINT('',(8.569911855135,5.699499000385,8.208670681011
    ));
#3883 = CARTESIAN_POINT('',(4.718997754911,10.259470784199,
    8.383357092624));
#3884 = CARTESIAN_POINT('',(-1.817347325102,11.905635879412,
    8.557952229752));
#3885 = CARTESIAN_POINT('',(-8.310564107667,8.716733402287,
    8.732673592434));
#3886 = CARTESIAN_POINT('',(-11.00388335424,2.537761160678,8.90726872956
    ));
#3887 = CARTESIAN_POINT('',(-9.749591422223,-3.297445247425,
    9.081955141176));
#3888 = CARTESIAN_POINT('',(-6.026293066371,-6.901254797354,
    9.256595198393));
#3889 = CARTESIAN_POINT('',(2.583459350884,-8.790293719897,
    9.605905623793));
#3890 = CARTESIAN_POINT('',(7.473517304707,-7.07631381133,9.780545681009
    ));
#3891 = CARTESIAN_POINT('',(11.055559965074,-2.302232490721,
    9.955232092628));
#3892 = CARTESIAN_POINT('',(11.196527402888,4.436743299944,
    10.129827229747));
#3893 = CARTESIAN_POINT('',(6.634822004508,10.05117177063,
    10.304548592439));
#3894 = CARTESIAN_POINT('',(9.701797017942E-03,11.292722721184,
    10.479143729557));
#3895 = CARTESIAN_POINT('',(-5.396556157356,8.763838183158,
    10.653830141177));
#3896 = CARTESIAN_POINT('',(-8.075280527703,4.328206360456,
    10.828470198392));
#3897 = CARTESIAN_POINT('',(-7.988745287665,-4.485919596752,
    11.177780623794));
#3898 = CARTESIAN_POINT('',(-5.22344945516,-8.868103170894,
    11.352420681007));
#3899 = CARTESIAN_POINT('',(0.231417722216,-11.29035546032,
    11.527107092628));
#3900 = CARTESIAN_POINT('',(6.830884651155,-9.918968286872,
    11.701702229747));
#3901 = CARTESIAN_POINT('',(11.281478800624,-4.216058949446,
    11.876423592439));
#3902 = CARTESIAN_POINT('',(11.008227587033,2.518850129423,
    12.051018729557));
#3903 = CARTESIAN_POINT('',(7.333142575766,7.221682492577,
    12.225705141178));
#3904 = CARTESIAN_POINT('',(2.410375479856,8.839322142896,
    12.400345198392));
#3905 = CARTESIAN_POINT('',(-6.160628525472,6.781606157163,
    12.749655623793));
#3906 = CARTESIAN_POINT('',(-9.812453107915,3.105389197052,
    12.924295681009));
#3907 = CARTESIAN_POINT('',(-10.95193664093,-2.75331879656,
    13.098982092626));
#3908 = CARTESIAN_POINT('',(-8.137820543503,-8.87822019298,
    13.273577229749));
#3909 = CARTESIAN_POINT('',(-1.583245473248,-11.93902218632,
    13.448298592437));
#3910 = CARTESIAN_POINT('',(4.919519372665,-10.16484184453,
    13.622893729559));
#3911 = CARTESIAN_POINT('',(8.680162109269,-5.530141392124,
    13.797580141177));
#3912 = CARTESIAN_POINT('',(9.154589049285,-0.370169202525,
    13.972220198392));
#3913 = CARTESIAN_POINT('',(5.230163099367,7.522560724497,
    14.321530623794));
#3914 = CARTESIAN_POINT('',(0.82966751309,10.25862222123,14.496170681004
    ));
#3915 = CARTESIAN_POINT('',(-5.135433151831,10.057485119335,
    14.670857092637));
#3916 = CARTESIAN_POINT('',(-10.47480616177,5.943513511942,
    14.845452229736));
#3917 = CARTESIAN_POINT('',(-11.99041827719,-1.129949791825,
    15.020173592448));
#3918 = CARTESIAN_POINT('',(-8.80538440954,-7.070423324149,
    15.19476872955));
#3919 = CARTESIAN_POINT('',(-3.446373476285,-9.697947613905,
    15.369455141181));
#3920 = CARTESIAN_POINT('',(1.688830662526,-9.005075063157,
    15.544095198391));
#3921 = CARTESIAN_POINT('',(8.50257053807,-3.413183286153,
    15.893405623794));
#3922 = CARTESIAN_POINT('',(10.183958387671,1.488176608607,
    16.068045681006));
#3923 = CARTESIAN_POINT('',(8.652412434392,7.256820216026,
    16.242732092629));
#3924 = CARTESIAN_POINT('',(3.447452736998,11.539583468201,
    16.417327229748));
#3925 = CARTESIAN_POINT('',(-3.785777208935,11.433057680186,
    16.592048592438));
#3926 = CARTESIAN_POINT('',(-8.86236002485,6.99887529338,16.766643729557
    ));
#3927 = CARTESIAN_POINT('',(-10.22336576886,1.187632273103,
    16.94133014118));
#3928 = CARTESIAN_POINT('',(-8.398371048891,-3.662088150894,
    17.115970198391));
#3929 = CARTESIAN_POINT('',(-1.422915260272,-9.050902610337,
    17.465280623796));
#3930 = CARTESIAN_POINT('',(3.730465612688,-9.592252309694,17.639920681)
  );
#3931 = CARTESIAN_POINT('',(9.009776610233,-6.808054495678,
    17.814607092639));
#3932 = CARTESIAN_POINT('',(12.018493088521,-0.776363880358,
    17.989202229735));
#3933 = CARTESIAN_POINT('',(10.295237739318,6.249399721972,
    18.163923592451));
#3934 = CARTESIAN_POINT('',(4.837031438775,10.204352377426,
    18.338518729546));
#3935 = CARTESIAN_POINT('',(-1.131405332784,10.229740956304,
    18.513205141185));
#3936 = CARTESIAN_POINT('',(-5.449420461181,7.365279528778,
    18.68784519839));
#3937 = CARTESIAN_POINT('',(-9.13971797785,-0.639594547418,
    19.037155623792));
#3938 = CARTESIAN_POINT('',(-8.513545060416,-5.783357896972,
    19.211795681013));
#3939 = CARTESIAN_POINT('',(-4.618049840577,-10.30530427753,
    19.38648209262));
#3940 = CARTESIAN_POINT('',(1.934141174578,-11.88722065539,
    19.561077229757));
#3941 = CARTESIAN_POINT('',(8.395738568328,-8.634725872111,
    19.735798592429));
#3942 = CARTESIAN_POINT('',(11.028267077364,-2.429610226493,
    19.910393729565));
#3943 = CARTESIAN_POINT('',(9.716749506278,3.393001192506,
    20.085080141173));
#3944 = CARTESIAN_POINT('',(5.958250830864,6.960084262155,
    20.259720198394));
#3945 = CARTESIAN_POINT('',(-2.669631971804,8.764507461053,
    20.609030623792));
#3946 = CARTESIAN_POINT('',(-7.54262758055,7.002602890451,
    20.783670681011));
#3947 = CARTESIAN_POINT('',(-11.07762893767,2.193585581113,
    20.958357092622));
#3948 = CARTESIAN_POINT('',(-11.15243090479,-4.546449373648,
    21.132952229755));
#3949 = CARTESIAN_POINT('',(-6.535826702538,-10.11582356056,
    21.307673592431));
#3950 = CARTESIAN_POINT('',(0.101162935656,-11.29227375876,
    21.482268729563));
#3951 = CARTESIAN_POINT('',(5.482333489764,-8.710436129558,
    21.656955141175));
#3952 = CARTESIAN_POINT('',(8.117382755528,-4.248720172009,
    21.831595198393));
#3953 = CARTESIAN_POINT('',(7.944320596515,4.564131479211,
    22.180905623794));
#3954 = CARTESIAN_POINT('',(5.136136730949,8.918956079119,
    22.355545681005));
#3955 = CARTESIAN_POINT('',(-0.342247594934,11.287539464655,
    22.530232092631));
#3956 = CARTESIAN_POINT('',(-6.927933142888,9.851429305505,
    22.704827229744));
#3957 = CARTESIAN_POINT('',(-11.32232553146,4.105101893184,
    22.879548592442));
#3958 = CARTESIAN_POINT('',(-10.982968733,-2.626800028964,
    23.054143729554));
#3959 = CARTESIAN_POINT('',(-7.261891620812,-7.293326274596,
    23.228830141181));
#3960 = CARTESIAN_POINT('',(-2.323480873152,-8.862559592571,
    23.403470198391));
#3961 = CARTESIAN_POINT('',(6.226908831635,-6.720798486953,
    23.752780623795));
#3962 = CARTESIAN_POINT('',(9.842466833004,-3.008907559473,
    23.927420681002));
#3963 = CARTESIAN_POINT('',(10.924378645847,2.860704770626,
    24.102107092636));
#3964 = CARTESIAN_POINT('',(8.050268050692,8.957683925291,24.27670222974
    ));
#3965 = CARTESIAN_POINT('',(1.465959981615,11.953990058827,
    24.451423592445));
#3966 = CARTESIAN_POINT('',(-5.0190737943,10.116055497557,
    24.626018729551));
#3967 = CARTESIAN_POINT('',(-8.734034967253,5.444658965533,
    24.800705141182));
#3968 = CARTESIAN_POINT('',(-9.157781949381,0.280277839588,
    24.97534519839));
#3969 = CARTESIAN_POINT('',(-5.156059671499,-7.573544385799,
    25.324655623796));
#3970 = CARTESIAN_POINT('',(-0.728915360241,-10.26627295847,
    25.499295681001));
#3971 = CARTESIAN_POINT('',(5.233923213103,-10.00658425146,
    25.673982092638));
#3972 = CARTESIAN_POINT('',(10.532650740104,-5.840392570766,
    25.848577229735));
#3973 = CARTESIAN_POINT('',(11.97874736851,1.24760910359,26.023298592451
    ));
#3974 = CARTESIAN_POINT('',(8.735547465282,7.156527863721,
    26.197893729546));
#3975 = CARTESIAN_POINT('',(3.350999543319,9.731314408691,
    26.372580141185));
#3976 = CARTESIAN_POINT('',(-1.777154973569,8.988061309298,
    26.54722019839));
#3977 = CARTESIAN_POINT('',(-8.535669100624,3.32954635114,
    26.896530623792));
#3978 = CARTESIAN_POINT('',(-10.16885770712,-1.588084063434,
    27.071170681014));
#3979 = CARTESIAN_POINT('',(-8.580752944203,-7.341413998217,
    27.245857092618));
#3980 = CARTESIAN_POINT('',(-3.333998824734,-11.57287210807,
    27.42045222976));
#3981 = CARTESIAN_POINT('',(3.897836746633,-11.39534052544,
    27.595173592427));
#3982 = CARTESIAN_POINT('',(8.930643132258,-6.911533391847,
    27.769768729566));
#3983 = CARTESIAN_POINT('',(10.234532459508,-1.087208993416,
    27.944455141173));
#3984 = CARTESIAN_POINT('',(8.362014433833,3.744361161554,
    28.119095198394));
#3985 = CARTESIAN_POINT('',(1.33399108729,9.064435651421,28.468405623793
    ));
#3986 = CARTESIAN_POINT('',(-3.824456041754,9.555166876877,
    28.643045681011));
#3987 = CARTESIAN_POINT('',(-9.076179264773,6.719274554306,
    28.81773209262));
#3988 = CARTESIAN_POINT('',(-12.02553571696,0.658337081975,
    28.992327229759));
#3989 = CARTESIAN_POINT('',(-10.23338924836,-6.350170193436,
    29.167048592428));
#3990 = CARTESIAN_POINT('',(-4.736618951275,-10.25134730134,
    29.341643729564));
#3991 = CARTESIAN_POINT('',(1.231779442887,-10.21814060699,
    29.516330141175));
#3992 = CARTESIAN_POINT('',(5.52146514908,-7.311425887423,
    29.690970198393));
#3993 = CARTESIAN_POINT('',(9.132998421411,0.729291254731,
    30.040280623793));
#3994 = CARTESIAN_POINT('',(8.456357712504,5.866659381488,30.21492068101
    ));
#3995 = CARTESIAN_POINT('',(4.516656828992,10.35014452419,
    30.389607092625));
#3996 = CARTESIAN_POINT('',(-2.050748607511,11.867659716317,
    30.564202229751));
#3997 = CARTESIAN_POINT('',(-8.48010383022,8.551886109083,
    30.738923592436));
#3998 = CARTESIAN_POINT('',(-11.05158787315,2.321225121417,
    30.913518729559));
#3999 = CARTESIAN_POINT('',(-9.682971069788,-3.488230113071,
    31.088205141176));
#4000 = CARTESIAN_POINT('',(-5.88963432674,-7.018242899549,
    31.262845198393));
#4001 = CARTESIAN_POINT('',(2.75554728804,-8.737876460737,
    31.612155623791));
#4002 = CARTESIAN_POINT('',(7.611010882242,-6.928217044132,
    31.786795681015));
#4003 = CARTESIAN_POINT('',(11.098630225358,-2.08472724916,
    31.961482092616));
#4004 = CARTESIAN_POINT('',(11.107259512189,4.655717251096,
    32.136077229761));
#4005 = CARTESIAN_POINT('',(6.436201464001,10.179500366377,
    32.310798592425));
#4006 = CARTESIAN_POINT('',(-0.212017918044,11.290736423492,
    32.485393729569));
#4007 = CARTESIAN_POINT('',(-5.567582423456,8.656194545996,
    32.66008014117));
#4008 = CARTESIAN_POINT('',(-8.158702613108,4.16882448307,
    32.834720198394));
#4009 = CARTESIAN_POINT('',(-7.899130215209,-4.641903461177,
    33.184030623795));
#4010 = CARTESIAN_POINT('',(-5.048328975193,-8.96894935979,33.358670681)
  );
#4011 = CARTESIAN_POINT('',(0.453044481124,-11.28363555245,
    33.533357092639));
#4012 = CARTESIAN_POINT('',(7.024313905995,-9.782940822859,
    33.707952229737));
#4013 = CARTESIAN_POINT('',(11.362080993018,-3.993749178678,
    33.882673592448));
#4014 = CARTESIAN_POINT('',(10.956651317594,2.734496752064,
    34.057268729549));
#4015 = CARTESIAN_POINT('',(7.189940749631,7.364267110644,
    34.231955141184));
#4016 = CARTESIAN_POINT('',(2.236362324527,8.884942850307,
    34.406595198391));
#4017 = CARTESIAN_POINT('',(-6.292588975366,6.659343052195,
    34.75590562379));
#4018 = CARTESIAN_POINT('',(-9.871531920651,2.912135917123,
    34.930545681021));
#4019 = CARTESIAN_POINT('',(-10.89576773641,-2.967815024014,
    35.105232092606));
#4020 = CARTESIAN_POINT('',(-7.961939656275,-9.036284297385,
    35.279827229774));
#4021 = CARTESIAN_POINT('',(-1.348533197724,-11.96780578087,
    35.454548592413));
#4022 = CARTESIAN_POINT('',(5.118144467169,-10.0662941441,
    35.629143729578));
#4023 = CARTESIAN_POINT('',(8.787066020762,-5.358651771374,
    35.803830141166));
#4024 = CARTESIAN_POINT('',(9.160092203394,-0.19035946289,
    35.978470198396));
#4025 = CARTESIAN_POINT('',(5.081459291868,7.62379809313,36.327780623794
    ));
#4026 = CARTESIAN_POINT('',(0.628092953019,10.272934210954,
    36.502420681002));
#4027 = CARTESIAN_POINT('',(-5.331908817975,9.954718928194,
    36.67710709264));
#4028 = CARTESIAN_POINT('',(-10.58948015961,5.736708720382,
    36.851702229732));
#4029 = CARTESIAN_POINT('',(-11.96592192324,-1.36514816818,
    37.026423592454));
#4030 = CARTESIAN_POINT('',(-8.664868570768,-7.24194264225,
    37.201018729545));
#4031 = CARTESIAN_POINT('',(-3.255302634047,-9.763743279137,
    37.375705141186));
#4032 = CARTESIAN_POINT('',(1.865307998717,-8.970181267383,
    37.55034519839));
#4033 = CARTESIAN_POINT('',(8.567944977624,-3.245588507519,
    37.899655623794));
#4034 = CARTESIAN_POINT('',(10.152776930901,1.687838455417,
    38.074295681008));
#4035 = CARTESIAN_POINT('',(8.508266423177,7.425300199637,
    38.248982092626));
#4036 = CARTESIAN_POINT('',(3.220223574734,11.605045330468,
    38.423577229751));
#4037 = CARTESIAN_POINT('',(-4.009520602724,11.356525064051,
    38.598298592434));
#4038 = CARTESIAN_POINT('',(-8.998065485684,6.823525342351,
    38.77289372956));
#4039 = CARTESIAN_POINT('',(-10.24471272461,0.986680926259,
    38.947580141176));
#4040 = CARTESIAN_POINT('',(-8.324851870419,-3.826273282892,
    39.122220198393));
#4041 = CARTESIAN_POINT('',(-1.24493834147,-9.077095043331,
    39.471530623792));
#4042 = CARTESIAN_POINT('',(3.918077861785,-9.517160497185,
    39.646170681012));
#4043 = CARTESIAN_POINT('',(9.141707138266,-6.629846995277,
    39.820857092623));
#4044 = CARTESIAN_POINT('',(12.031419299243,-0.540246831683,
    39.995452229753));
#4045 = CARTESIAN_POINT('',(10.170554442059,6.450328622269,
    40.170173592431));
#4046 = CARTESIAN_POINT('',(4.635749938582,10.297354179077,
    40.344768729565));
#4047 = CARTESIAN_POINT('',(-1.332034831523,10.205555412014,
    40.519455141172));
#4048 = CARTESIAN_POINT('',(-5.592977666675,7.256867555624,
    40.694095198394));
#4049 = CARTESIAN_POINT('',(-9.125398607575,-0.818917671436,
    41.043405623794));
#4050 = CARTESIAN_POINT('',(-8.398355323234,-5.949395425161,
    41.218045681004));
#4051 = CARTESIAN_POINT('',(-4.414828492624,-10.39398720237,
    41.392732092635));
#4052 = CARTESIAN_POINT('',(2.167158385026,-11.84695494749,
    41.567327229741));
#4053 = CARTESIAN_POINT('',(8.563651762056,-8.468222097471,
    41.742048592443));
#4054 = CARTESIAN_POINT('',(11.073843493909,-2.212616291835,
    41.916643729553));
#4055 = CARTESIAN_POINT('',(9.648259368394,3.583122830759,
    42.091330141181));
#4056 = CARTESIAN_POINT('',(5.820450167402,7.075725104084,42.26597019839
    ));
#4057 = CARTESIAN_POINT('',(-2.841197018891,8.710403285702,
    42.615280623797));
#4058 = CARTESIAN_POINT('',(-7.678660618872,6.853163441832,
    42.789920680999));
#4059 = CARTESIAN_POINT('',(-11.11856180394,1.975667986855,
    42.96460709264));
#4060 = CARTESIAN_POINT('',(-11.06101757881,-4.764536400825,
    43.139202229736));
#4061 = CARTESIAN_POINT('',(-6.335955890951,-10.24219605075,
    43.31392359245));
#4062 = CARTESIAN_POINT('',(0.322852465693,-11.28811086354,
    43.488518729547));
#4063 = CARTESIAN_POINT('',(5.652294741971,-8.601118660388,
    43.663205141185));
#4064 = CARTESIAN_POINT('',(8.199236117949,-4.088526994149,
    43.837845198389));
#4065 = CARTESIAN_POINT('',(7.853178499293,4.719228046827,
    44.187155623795));
#4066 = CARTESIAN_POINT('',(4.960034650982,9.018078194454,
    44.361795681007));
#4067 = CARTESIAN_POINT('',(-0.56379770194,11.27864409997,
    44.536482092625));
#4068 = CARTESIAN_POINT('',(-7.120017651116,9.713509440017,
    44.711077229755));
#4069 = CARTESIAN_POINT('',(-11.40074135354,3.882011538308,
    44.885798592432));
#4070 = CARTESIAN_POINT('',(-10.92927787732,-2.841929918673,
    45.06039372956));
#4071 = CARTESIAN_POINT('',(-7.117296896994,-7.434498163302,
    45.235080141178));
#4072 = CARTESIAN_POINT('',(-2.149028230645,-8.906469758758,
    45.409720198392));
#4073 = CARTESIAN_POINT('',(6.357662626274,-6.597245776095,
    45.759030623795));
#4074 = CARTESIAN_POINT('',(9.899645569505,-2.815083597051,
    45.933670681001));
#4075 = CARTESIAN_POINT('',(10.866106670202,3.074639233215,
    46.108357092643));
#4076 = CARTESIAN_POINT('',(7.872843873549,9.114013733579,
    46.282952229727));
#4077 = CARTESIAN_POINT('',(1.230976439388,11.980468020913,
    46.457673592457));
#4078 = CARTESIAN_POINT('',(-5.216721842612,10.015562580256,
    46.632268729544));
#4079 = CARTESIAN_POINT('',(-8.839250158563,5.272128099209,
    46.806955141185));
#4080 = CARTESIAN_POINT('',(-9.161519588654,0.100422738951,
    46.98159519839));
#4081 = CARTESIAN_POINT('',(-5.006369150614,-7.673317002933,
    47.330905623794));
#4082 = CARTESIAN_POINT('',(-0.527210008887,-10.27860533665,
    47.505545681008));
#4083 = CARTESIAN_POINT('',(5.429380522366,-9.901894148387,
    47.680232092626));
#4084 = CARTESIAN_POINT('',(10.645288943007,-5.632471954074,
    47.854827229753));
#4085 = CARTESIAN_POINT('',(11.95194317749,1.482555656948,
    48.029548592433));
#4086 = CARTESIAN_POINT('',(8.593354538203,7.326659427277,48.20414372956
    ));
#4087 = CARTESIAN_POINT('',(3.159291971925,9.795231099682,
    48.378830141178));
#4088 = CARTESIAN_POINT('',(-1.953281241597,8.951436660727,
    48.553470198391));
#4089 = CARTESIAN_POINT('',(-8.599395058253,3.161317847323,
    48.902780623797));
#4090 = CARTESIAN_POINT('',(-10.13571760891,-1.787430170016,49.077420681
    ));
#4091 = CARTESIAN_POINT('',(-8.434959857723,-7.508470735176,
    49.252107092637));
#4092 = CARTESIAN_POINT('',(-3.106137952888,-11.63610003442,
    49.42670222974));
#4093 = CARTESIAN_POINT('',(4.120818012876,-11.31661503715,
    49.601423592445));
#4094 = CARTESIAN_POINT('',(9.064620586831,-6.734859627268,
    49.776018729551));
#4095 = CARTESIAN_POINT('',(10.253905582986,-0.886057760746,
    49.950705141182));
#4096 = CARTESIAN_POINT('',(8.286886940454,3.907816620047,
    50.125345198391));
#4097 = CARTESIAN_POINT('',(1.155765605901,9.088879565928,
    50.474655623791));
#4098 = CARTESIAN_POINT('',(-4.011322049319,9.47823683376,
    50.649295681017));
#4099 = CARTESIAN_POINT('',(-9.206353914994,6.539780437789,
    50.823982092613));
#4100 = CARTESIAN_POINT('',(-12.03614326829,0.422104511283,
    50.998577229768));
#4101 = CARTESIAN_POINT('',(-10.10673937653,-6.549865355011,
    51.173298592417));
#4102 = CARTESIAN_POINT('',(-4.534434122666,-10.34236857637,
    51.347893729574));
#4103 = CARTESIAN_POINT('',(1.432161835871,-10.19198658436,
    51.522580141168));
#4104 = CARTESIAN_POINT('',(5.663951121442,-7.201609791825,
    51.697220198395));
#4105 = CARTESIAN_POINT('',(9.116919268828,0.90846515915,52.046530623793
    ));
#4106 = CARTESIAN_POINT('',(8.339543483003,6.031558053716,
    52.221170681005));
#4107 = CARTESIAN_POINT('',(4.31257464588,10.436828086458,
    52.395857092632));
#4108 = CARTESIAN_POINT('',(-2.28335928728,11.825108344467,
    52.570452229743));
#4109 = CARTESIAN_POINT('',(-8.646374311334,8.383741901012,
    52.745173592442));
#4110 = CARTESIAN_POINT('',(-11.09503179456,2.103794205673,
    52.919768729555));
#4111 = CARTESIAN_POINT('',(-9.612617747685,-3.677670199603,
    53.094455141179));
#4112 = CARTESIAN_POINT('',(-5.750705020963,-7.132525335507,
    53.269095198391));
#4113 = CARTESIAN_POINT('',(2.926572909262,-8.682090583869,
    53.618405623795));
#4114 = CARTESIAN_POINT('',(7.745570270202,-6.777449317376,
    53.793045681002));
#4115 = CARTESIAN_POINT('',(11.137421752412,-1.866418305566,
    53.967732092639));
#4116 = CARTESIAN_POINT('',(11.013709561521,4.872896334637,
    54.142327229733));
#4117 = CARTESIAN_POINT('',(6.235099645299,10.303904570939,
    54.317048592452));
#4118 = CARTESIAN_POINT('',(-0.433655896158,11.284397331992,
    54.491643729548));
#4119 = CARTESIAN_POINT('',(-5.73646228055,8.545213781053,
    54.666330141181));
#4120 = CARTESIAN_POINT('',(-8.238979363349,4.007835444489,
    54.840970198393));
#4121 = CARTESIAN_POINT('',(-7.806469877688,-4.796097783456,
    55.190280623789));
#4122 = CARTESIAN_POINT('',(-4.871262268309,-9.06633784797,
    55.364920681023));
#4123 = CARTESIAN_POINT('',(0.674496582765,-11.27256558829,
    55.539607092605));
#4124 = CARTESIAN_POINT('',(7.215035154105,-9.643141848912,
    55.714202229774));
#4125 = CARTESIAN_POINT('',(11.438302886906,-3.769899741594,
    55.888923592412));
#4126 = CARTESIAN_POINT('',(10.900851050501,2.949089174165,
    56.063518729579));
#4127 = CARTESIAN_POINT('',(7.04396706447,7.504012663551,56.238205141165
    ));
#4128 = CARTESIAN_POINT('',(2.06148700895,8.927138243117,56.412845198396
    ));
#4129 = CARTESIAN_POINT('',(-6.422123512425,6.534512643716,
    56.762155623795));
#4130 = CARTESIAN_POINT('',(-9.926805069916,2.717759953359,
    56.936795680999));
#4131 = CARTESIAN_POINT('',(-10.83539830601,-3.181167102271,
    57.111482092645));
#4132 = CARTESIAN_POINT('',(-7.782989289744,-9.190864742193,
    57.286077229729));
#4133 = CARTESIAN_POINT('',(-1.113301036982,-11.99197555847,
    57.460798592454));
#4134 = CARTESIAN_POINT('',(5.314796419549,-9.963865695664,
    57.635393729546));
#4135 = CARTESIAN_POINT('',(8.890582351036,-5.185096288358,
    57.810080141185));
#4136 = CARTESIAN_POINT('',(9.162063967587,-1.047633606013E-02,
    57.984720198389));
#4137 = CARTESIAN_POINT('',(4.930796485082,7.722096342472,
    58.334030623797));
#4138 = CARTESIAN_POINT('',(0.426276251157,10.283285788985,
    58.508670680998));
#4139 = CARTESIAN_POINT('',(-5.526328931767,9.848115003411,
    58.683357092642));
#4140 = CARTESIAN_POINT('',(-10.70007171127,5.527692318406,
    58.857952229735));
#4141 = CARTESIAN_POINT('',(-11.9368124786,-1.599820253929,
    59.032673592447));
#4142 = CARTESIAN_POINT('',(-8.521012260224,-7.410670053606,
    59.20726872955));
#4143 = CARTESIAN_POINT('',(-3.062976810673,-9.825774835473,
    59.381955141184));
#4144 = CARTESIAN_POINT('',(2.041066223166,-8.931829295974,
    59.556595198389));
#4145 = CARTESIAN_POINT('',(8.63001631129,-3.076742492733,
    59.905905623799));
#4146 = CARTESIAN_POINT('',(10.11768138536,1.886849608376,
    60.080545680995));
#4147 = CARTESIAN_POINT('',(8.360840313293,7.59091758867,60.255232092642
    ));
#4148 = CARTESIAN_POINT('',(2.991752954982,11.666033226853,
    60.429827229737));
#4149 = CARTESIAN_POINT('',(-4.231718249996,11.27561429132,
    60.604548592449));
#4150 = CARTESIAN_POINT('',(-9.130302020987,6.645544792412,
    60.779143729544));
#4151 = CARTESIAN_POINT('',(-10.26211014859,0.785349195136,
    60.953830141189));
#4152 = CARTESIAN_POINT('',(-8.248123303078,-3.988983313703,
    61.128470198388));
#4153 = CARTESIAN_POINT('',(-1.066481475239,-9.099788083395,
    61.477780623795));
#4154 = CARTESIAN_POINT('',(4.104179617283,-9.438399638143,
    61.652420681007));
#4155 = CARTESIAN_POINT('',(9.270113364178,-6.44908356264,
    61.827107092628));
#4156 = CARTESIAN_POINT('',(12.039707168794,-0.303921507592,
    62.00170222975));
#4157 = CARTESIAN_POINT('',(10.041950202459,6.648770798117,
    62.176423592435));
#4158 = CARTESIAN_POINT('',(4.432681268541,10.386386154659,
    62.351018729561));
#4159 = CARTESIAN_POINT('',(-1.532150805477,10.177435431847,
    62.525705141175));
#4160 = CARTESIAN_POINT('',(-5.734378672811,7.145657921885,
    62.700345198393));
#4161 = CARTESIAN_POINT('',(-9.107561222427,-0.997925087102,
    63.049655623793));
#4162 = CARTESIAN_POINT('',(-8.279927860207,-6.113139348159,
    63.224295681009));
#4163 = CARTESIAN_POINT('',(-4.209905144237,-10.4786630473,
    63.398982092627));
#4164 = CARTESIAN_POINT('',(2.399340114652,-11.80212201292,
    63.573577229752));
#4165 = CARTESIAN_POINT('',(8.728263505019,-8.298453662024,
    63.748298592431));
#4166 = CARTESIAN_POINT('',(11.115150732986,-1.994769351469,
    63.922893729565));
#4167 = CARTESIAN_POINT('',(9.57604964286,3.771863106948,64.097580141173
    ));
#4168 = CARTESIAN_POINT('',(5.680405609605,7.188638119293,
    64.272220198394));
#4169 = CARTESIAN_POINT('',(-3.011666730443,8.652941084075,
    64.621530623794));
#4170 = CARTESIAN_POINT('',(-7.81173338735,6.701081968251,
    64.796170681009));
#4171 = CARTESIAN_POINT('',(-11.15520825299,1.756988734983,
    64.970857092621));
#4172 = CARTESIAN_POINT('',(-10.96534001997,-4.980786608529,
    65.145452229762));
#4173 = CARTESIAN_POINT('',(-6.133642447772,-10.36461997938,
    65.320173592423));
#4174 = CARTESIAN_POINT('',(0.544417529968,-11.27959618671,
    65.494768729566));
#4175 = CARTESIAN_POINT('',(5.820076926954,-8.48848529624,
    65.669455141176));
#4176 = CARTESIAN_POINT('',(8.277928518768,-3.926757611305,
    65.84409519839));
#4177 = CARTESIAN_POINT('',(7.759008852269,4.872505262197,66.1934056238)
  );
#4178 = CARTESIAN_POINT('',(4.782020383238,9.113723668982,
    66.368045680992));
#4179 = CARTESIAN_POINT('',(-0.785130454197,11.265400603275,
    66.542732092646));
#4180 = CARTESIAN_POINT('',(-7.309357257005,9.571844831752,
    66.717327229732));
#4181 = CARTESIAN_POINT('',(-11.47476197281,3.657424594068,
    66.892048592453));
#4182 = CARTESIAN_POINT('',(-10.87137357697,-3.055964190285,
    67.066643729541));
#4183 = CARTESIAN_POINT('',(-6.969958319739,-7.572803911449,
    67.241330141192));
#4184 = CARTESIAN_POINT('',(-1.973747096845,-8.94694631131,
    67.415970198385));
#4185 = CARTESIAN_POINT('',(6.485965420945,-6.471149701408,
    67.765280623803));
#4186 = CARTESIAN_POINT('',(9.953007804199,-2.62017436631,
    67.939920680982));
#4187 = CARTESIAN_POINT('',(10.803645603573,3.287388363839,
    68.114607092665));
#4188 = CARTESIAN_POINT('',(7.692384565248,9.266829916099,
    68.289202229707));
#4189 = CARTESIAN_POINT('',(0.995518332292,12.002327284502,
    68.463923592475));
#4190 = CARTESIAN_POINT('',(-5.412358745338,9.911208472935,
    68.638518729528));
#4191 = CARTESIAN_POINT('',(-8.94105765068,5.097564727142,
    68.813205141194));
#4192 = CARTESIAN_POINT('',(-9.161725287726,-7.947107656336E-02,
    68.987845198388));
#4193 = CARTESIAN_POINT('',(-4.854748579122,-7.770131410294,
    69.337155623791));
#4194 = CARTESIAN_POINT('',(-0.325301408036,-10.28697511682,
    69.511795681023));
#4195 = CARTESIAN_POINT('',(5.622744702083,-9.793386676619,
    69.686482092594));
#4196 = CARTESIAN_POINT('',(10.753823184376,-5.422379912231,
    69.861077229796));
#4197 = CARTESIAN_POINT('',(11.920531284868,1.716930656885,
    70.035798592389));
#4198 = CARTESIAN_POINT('',(8.447848709361,7.493966424146,
    70.210393729594));
#4199 = CARTESIAN_POINT('',(2.966366433337,9.855371542628,
    70.385080141158));
#4200 = CARTESIAN_POINT('',(-2.128654482524,8.911361062925,
    70.559720198397));
#4201 = CARTESIAN_POINT('',(-8.659805785392,2.991870595298,
    70.909030623795));
#4202 = CARTESIAN_POINT('',(-10.09866999861,-1.986087188237,
    71.083670681001));
#4203 = CARTESIAN_POINT('',(-8.285914933664,-7.672632813747,
    71.25835709263));
#4204 = CARTESIAN_POINT('',(-2.877079605716,-11.69484202268,
    71.432952229755));
#4205 = CARTESIAN_POINT('',(4.342210625318,-11.23352677834,
    71.607673592427));
#4206 = CARTESIAN_POINT('',(9.195103457623,-6.555589446096,
    71.782268729562));
#4207 = CARTESIAN_POINT('',(10.269325630665,-0.684564935944,
    71.956955141179));
#4208 = CARTESIAN_POINT('',(8.208564694412,4.069765540844,72.13159519839
    ));
#4209 = CARTESIAN_POINT('',(0.977094554871,9.109819544347,
    72.480905623797));
#4210 = CARTESIAN_POINT('',(-4.196641615881,9.397652749922,72.655545681)
  );
#4211 = CARTESIAN_POINT('',(-9.332979340521,6.357765111409,
    72.830232092638));
#4212 = CARTESIAN_POINT('',(-12.04211065729,0.185709211284,
    73.004827229739));
#4213 = CARTESIAN_POINT('',(-9.976193164279,-6.747035418826,
    73.179548592444));
#4214 = CARTESIAN_POINT('',(-4.330501183394,-10.42940267144,
    73.354143729553));
#4215 = CARTESIAN_POINT('',(1.63199210321,-10.1619033569,73.528830141181
    ));
#4216 = CARTESIAN_POINT('',(5.804253532828,-7.089017338562,
    73.70347019839));
#4217 = CARTESIAN_POINT('',(9.097325370319,1.087288832956,
    74.052780623796));
#4218 = CARTESIAN_POINT('',(8.219514200735,6.194131445505,
    74.227420681005));
#4219 = CARTESIAN_POINT('',(4.10682988316,10.519488052808,
    74.402107092627));
#4220 = CARTESIAN_POINT('',(-2.5150896886,11.777998168274,
    74.576702229753));
#4221 = CARTESIAN_POINT('',(-8.809311450537,8.212365600824,
    74.751423592432));
#4222 = CARTESIAN_POINT('',(-11.13419837002,1.885552237228,
    74.926018729561));
#4223 = CARTESIAN_POINT('',(-9.53855857845,-3.865692474271,
    75.100705141176));
#4224 = CARTESIAN_POINT('',(-5.60955870893,-7.244058047175,
    75.275345198393));
#4225 = CARTESIAN_POINT('',(3.096470280917,-8.622957595809,
    75.62465562379));
#4226 = CARTESIAN_POINT('',(7.877143593371,-6.624068754897,
    75.799295681019));
#4227 = CARTESIAN_POINT('',(11.171919591387,-1.647389822179,
    75.973982092607));
#4228 = CARTESIAN_POINT('',(10.915913616136,5.088196823863,
    76.148577229776));
#4229 = CARTESIAN_POINT('',(6.031594077019,10.424336424166,
    76.323298592412));
#4230 = CARTESIAN_POINT('',(-0.655126691682,11.273707890498,
    76.497893729574));
#4231 = CARTESIAN_POINT('',(-5.903130622231,8.430938673538,
    76.672580141169));
#4232 = CARTESIAN_POINT('',(-8.316079830208,3.845301309052,
    76.847220198395));
#4233 = CARTESIAN_POINT('',(-7.710799997426,-4.948443118742,
    77.196530623788));
#4234 = CARTESIAN_POINT('',(-4.69231759709,-9.160231090328,
    77.37117068102));
#4235 = CARTESIAN_POINT('',(0.895688653127,-11.25714983551,
    77.545857092614));
#4236 = CARTESIAN_POINT('',(7.402974868833,-9.499625260231,
    77.720452229761));
#4237 = CARTESIAN_POINT('',(11.510115097277,-3.544596936382,
    77.895173592426));
#4238 = CARTESIAN_POINT('',(10.840848297831,3.16254466624,78.06976872957
    ));
#4239 = CARTESIAN_POINT('',(6.895277795915,7.640865276734,
    78.244455141168));
#4240 = CARTESIAN_POINT('',(1.88581695089,8.965892054198,78.419095198398
    ));
#4241 = CARTESIAN_POINT('',(-6.549182198621,6.407163056221,
    78.768405623786));
#4242 = CARTESIAN_POINT('',(-9.978251246859,2.522336241401,
    78.94304568103));
#4243 = CARTESIAN_POINT('',(-10.77085162331,-3.393292780057,
    79.117732092588));
#4244 = CARTESIAN_POINT('',(-7.601038432664,-9.341901933689,
    79.2923272298));
#4245 = CARTESIAN_POINT('',(-0.877639677525,-12.0115222012,
    79.467048592384));
#4246 = CARTESIAN_POINT('',(5.509399416758,-9.857595987335,
    79.641643729602));
#4247 = CARTESIAN_POINT('',(8.990671192566,-5.009541852015,
    79.81633014115));
#4248 = CARTESIAN_POINT('',(9.160503581715,0.169410829597,
    79.990970198402));
#4249 = CARTESIAN_POINT('',(4.778232762389,7.817417576678,
    80.340280623785));
#4250 = CARTESIAN_POINT('',(0.224295211694,10.289672964587,
    80.514920681028));
#4251 = CARTESIAN_POINT('',(-5.718618540574,9.737714442842,
    80.689607092594));
#4252 = CARTESIAN_POINT('',(-10.80653818158,5.31654488579,
    80.864202229793));
#4253 = CARTESIAN_POINT('',(-11.90310116554,-1.833875578489,
    81.03892359239));
#4254 = CARTESIAN_POINT('',(-8.373870937237,-7.576540510602,
    81.213518729597));
#4255 = CARTESIAN_POINT('',(-2.869470151437,-9.884018368563,
    81.388205141154));
#4256 = CARTESIAN_POINT('',(2.216037577732,-8.890033934349,
    81.562845198401));
#4257 = CARTESIAN_POINT('',(8.68876060939,-2.906710335146,
    81.912155623786));
#4258 = CARTESIAN_POINT('',(10.078685281039,2.085133344887,
    82.086795681029));
#4259 = CARTESIAN_POINT('',(8.210190940325,7.753608534484,
    82.261482092588));
#4260 = CARTESIAN_POINT('',(2.762128957492,11.722523645341,82.4360772298
    ));
#4261 = CARTESIAN_POINT('',(-4.452284489302,11.19035655465,
    82.610798592386));
#4262 = CARTESIAN_POINT('',(-9.259018651076,6.465002258446,
    82.785393729595));
#4263 = CARTESIAN_POINT('',(-10.27555133375,0.583714696948,
    82.960080141157));
#4264 = CARTESIAN_POINT('',(-8.168214927196,-4.150155515512,
    83.134720198398));
#4265 = CARTESIAN_POINT('',(-0.887613460096,-9.11897298193,
    83.48403062379));
#4266 = CARTESIAN_POINT('',(4.28869913341,-9.356000096365,
    83.658670681018));
#4267 = CARTESIAN_POINT('',(9.394945784921,-6.265833885554,
    83.833357092607));
#4268 = CARTESIAN_POINT('',(12.043353502053,-6.747901592612E-02,
    84.007952229776));
#4269 = CARTESIAN_POINT('',(9.909474599888,6.844649746209,
    84.182673592411));
#4270 = CARTESIAN_POINT('',(4.227903715501,10.471413980692,
    84.357268729573));
#4271 = CARTESIAN_POINT('',(-1.731676106135,10.145391856576,
    84.531955141174));
#4272 = CARTESIAN_POINT('',(-5.873568966809,7.031693500994,
    84.70659519839));
#4273 = CARTESIAN_POINT('',(-9.086212699057,-1.17654778365,
    85.055905623801));
#4274 = CARTESIAN_POINT('',(-8.158308327374,-6.274526539572,
    85.230545680988));
#4275 = CARTESIAN_POINT('',(-4.003358797283,-10.55929916815,
    85.405232092656));
#4276 = CARTESIAN_POINT('',(2.630596853,-11.75273913565,85.579827229718)
  );
#4277 = CARTESIAN_POINT('',(8.889510336247,-8.125486014723,
    85.754548592465));
#4278 = CARTESIAN_POINT('',(11.152172869867,-1.776153389545,
    85.929143729534));
#4279 = CARTESIAN_POINT('',(9.500148167901,3.959149258112,
    86.103830141194));
#4280 = CARTESIAN_POINT('',(5.538171147312,7.298779777665,
    86.278470198385));
#4281 = CARTESIAN_POINT('',(-3.18097538714,8.592143008943,
    86.627780623801));
#4282 = CARTESIAN_POINT('',(-7.941794583902,6.54641710001,
    86.802420680992));
#4283 = CARTESIAN_POINT('',(-11.18755415691,1.537632130512,
    86.977107092646));
#4284 = CARTESIAN_POINT('',(-10.86543511381,-5.19511662819,
    87.151702229734));
#4285 = CARTESIAN_POINT('',(-5.92896436868,-10.48304814971,
    87.326423592449));
#4286 = CARTESIAN_POINT('',(0.765772710922,-11.26673301083,
    87.501018729546));
#4287 = CARTESIAN_POINT('',(5.985615361494,-8.372579459426,
    87.675705141187));
#4288 = CARTESIAN_POINT('',(8.353429620565,-3.763474388653,
    87.850345198389));
#4289 = CARTESIAN_POINT('',(7.661847959631,5.023904034038,
    88.199655623791));
#4290 = CARTESIAN_POINT('',(4.602162555604,9.205855629545,
    88.374295681023));
#4291 = CARTESIAN_POINT('',(-1.006160523714,11.247814080212,
    88.548982092596));
#4292 = CARTESIAN_POINT('',(-7.495878966546,9.426490095075,
    88.723577229792));
#4293 = CARTESIAN_POINT('',(-11.54435885288,3.431427643047,
    88.898298592395));
#4294 = CARTESIAN_POINT('',(-10.80927815517,-3.268820329546,
    89.072893729587));
#4295 = CARTESIAN_POINT('',(-6.819932690865,-7.708190199528,
    89.247580141166));
#4296 = CARTESIAN_POINT('',(-1.797705045969,-8.983973645747,
    89.422220198392));
#4297 = CARTESIAN_POINT('',(6.611767752482,-6.342558875325,
    89.771530623803));
#4298 = CARTESIAN_POINT('',(10.002532964906,-2.42425500848,
    89.946170680974));
#4299 = CARTESIAN_POINT('',(10.737019525941,3.49887014368,90.12085709268
    ));
#4300 = CARTESIAN_POINT('',(7.508959696221,9.416073559272,
    90.295452229692));
#4301 = CARTESIAN_POINT('',(0.759676433968,12.019559422458,
    90.470173592488));
#4302 = CARTESIAN_POINT('',(-5.605909080758,9.803033406074,
    90.644768729517));
#4303 = CARTESIAN_POINT('',(-9.039418194865,4.921036146836,
    90.819455141203));
#4304 = CARTESIAN_POINT('',(-9.1583989673,-0.259334254465,
    90.994095198384));
#4305 = CARTESIAN_POINT('',(-4.701256409638,-7.863950284085,
    91.343405623797));
#4306 = CARTESIAN_POINT('',(-0.123267397297,-10.29137907226,
    91.518045681006));
#4307 = CARTESIAN_POINT('',(5.813941206679,-9.681103667857,
    91.692732092627));
#4308 = CARTESIAN_POINT('',(10.858211622206,-5.210197439715,
    91.867327229749));
#4309 = CARTESIAN_POINT('',(11.88452380051,1.950643747375,
    92.042048592438));
#4310 = CARTESIAN_POINT('',(8.299086074033,7.658384354301,
    92.216643729558));
#4311 = CARTESIAN_POINT('',(2.772297304021,9.91171255224,92.391330141176
    ));
#4312 = CARTESIAN_POINT('',(-2.303207086627,8.867849965797,
    92.565970198394));
#4313 = CARTESIAN_POINT('',(-8.716877992554,2.821269920204,
    92.915280623787));
#4314 = CARTESIAN_POINT('',(-10.05772915879,-2.183978532045,
    93.08992068103));
#4315 = CARTESIAN_POINT('',(-8.133675631684,-7.833836946297,
    93.264607092587));
#4316 = CARTESIAN_POINT('',(-2.646912089552,-11.74907542675,
    93.439202229802));
#4317 = CARTESIAN_POINT('',(4.561929232867,-11.1461077811,
    93.613923592384));
#4318 = CARTESIAN_POINT('',(9.32204144102,-6.373791960416,
    93.788518729599));
#4319 = CARTESIAN_POINT('',(10.28078665782,-0.48280819832,
    93.963205141154));
#4320 = CARTESIAN_POINT('',(8.127077890423,4.230145489553,
    94.137845198401));
#4321 = CARTESIAN_POINT('',(0.79804681529,9.127247513919,94.487155623786
    ));
#4322 = CARTESIAN_POINT('',(-4.3803432972,9.313445692052,94.661795681029
    ));
#4323 = CARTESIAN_POINT('',(-9.456006724878,6.173298745565,
    94.83648209259));
#4324 = CARTESIAN_POINT('',(-12.04343558335,-5.075768316363E-02,
    95.011077229795));
#4325 = CARTESIAN_POINT('',(-9.841800939696,-6.941604372039,
    95.185798592393));
#4326 = CARTESIAN_POINT('',(-4.124898753454,-10.51241603324,
    95.36039372959));
#4327 = CARTESIAN_POINT('',(1.831193206516,-10.12790252226,
    95.535080141162));
#4328 = CARTESIAN_POINT('',(5.942318293989,-6.973691934171,
    95.709720198395));
#4329 = CARTESIAN_POINT('',(9.074224279704,1.265693336221,
    96.059030623796));
#4330 = CARTESIAN_POINT('',(8.096316139274,6.354316881699,
    96.233670680971));
#4331 = CARTESIAN_POINT('',(3.899501859355,10.598092556292,
    96.40835709275));
#4332 = CARTESIAN_POINT('',(-2.745850474993,11.726347349542,
    96.582952229496));
#4333 = CARTESIAN_POINT('',(-8.968852432452,8.037823277406,
    96.757673592813));
#4334 = CARTESIAN_POINT('',(-11.16907250008,1.666583352475,
    96.932268729128));
#4335 = CARTESIAN_POINT('',(-9.460822113287,-4.052224450889,
    97.106955141566));
#4336 = CARTESIAN_POINT('',(-5.466249805245,-7.352798036575,
    97.281595198111));
#4337 = CARTESIAN_POINT('',(3.26517390436,-8.560500293439,
    97.630905624394));
#4338 = CARTESIAN_POINT('',(8.005680127618,-6.468134487878,
    97.805545677748));
#4339 = CARTESIAN_POINT('',(11.202110443011,-1.4277262385,
    97.980232101167));
#4340 = CARTESIAN_POINT('',(10.813909377667,5.301535716075,
    98.154827214177));
#4341 = CARTESIAN_POINT('',(5.825763215239,10.540749497666,
    98.329548614113));
#4342 = CARTESIAN_POINT('',(-0.87634492432,11.258672219554,
    98.504143705698));
#4343 = CARTESIAN_POINT('',(-6.067523193873,8.31341327908,
    98.678830162191));
#4344 = CARTESIAN_POINT('',(-8.389974290562,3.68128473647,
    98.853470183645));
#4345 = CARTESIAN_POINT('',(-7.612157455785,-5.098880734397,
    99.202780654695));
#4346 = CARTESIAN_POINT('',(-4.511563954592,-9.250592892513,
    99.377420514158));
#4347 = CARTESIAN_POINT('',(1.116535435399,-11.23739422859,
    99.552107528939));
#4348 = CARTESIAN_POINT('',(7.588060564974,-9.352446400825,
    99.726701434933));
#4349 = CARTESIAN_POINT('',(11.577489982086,-3.317927599808,
    99.901424698025));
#4350 = CARTESIAN_POINT('',(10.776666144578,3.374780913188,
    100.07601751329));
#4351 = CARTESIAN_POINT('',(6.743930308049,7.774772211993,
    100.25070621175));
#4352 = CARTESIAN_POINT('',(1.709419845365,9.001189328425,
    100.42534444742));
#4353 = CARTESIAN_POINT('',(-2.482148072009,7.639266372409,
    100.60000082218));
#4354 = PCURVE('',#1738,#4355);
#4355 = DEFINITIONAL_REPRESENTATION('',(#4356),#4360);
#4356 = LINE('',#4357,#4358);
#4357 = CARTESIAN_POINT('',(1.166190378969,0.));
#4358 = VECTOR('',#4359,1.);
#4359 = DIRECTION('',(0.,1.));
#4360 = ( GEOMETRIC_REPRESENTATION_CONTEXT(2) 
PARAMETRIC_REPRESENTATION_CONTEXT() REPRESENTATION_CONTEXT('2D SPACE',''
  ) );
#4361 = PCURVE('',#4362,#5391);
#4362 = B_SPLINE_SURFACE_WITH_KNOTS('',1,9,(
    (#4363,#4364,#4365,#4366,#4367,#4368,#4369,#4370,#4371,#4372,#4373
      ,#4374,#4375,#4376,#4377,#4378,#4379,#4380,#4381,#4382,#4383,#4384
      ,#4385,#4386,#4387,#4388,#4389,#4390,#4391,#4392,#4393,#4394,#4395
      ,#4396,#4397,#4398,#4399,#4400,#4401,#4402,#4403,#4404,#4405,#4406
      ,#4407,#4408,#4409,#4410,#4411,#4412,#4413,#4414,#4415,#4416,#4417
      ,#4418,#4419,#4420,#4421,#4422,#4423,#4424,#4425,#4426,#4427,#4428
      ,#4429,#4430,#4431,#4432,#4433,#4434,#4435,#4436,#4437,#4438,#4439
      ,#4440,#4441,#4442,#4443,#4444,#4445,#4446,#4447,#4448,#4449,#4450
      ,#4451,#4452,#4453,#4454,#4455,#4456,#4457,#4458,#4459,#4460,#4461
      ,#4462,#4463,#4464,#4465,#4466,#4467,#4468,#4469,#4470,#4471,#4472
      ,#4473,#4474,#4475,#4476,#4477,#4478,#4479,#4480,#4481,#4482,#4483
      ,#4484,#4485,#4486,#4487,#4488,#4489,#4490,#4491,#4492,#4493,#4494
      ,#4495,#4496,#4497,#4498,#4499,#4500,#4501,#4502,#4503,#4504,#4505
      ,#4506,#4507,#4508,#4509,#4510,#4511,#4512,#4513,#4514,#4515,#4516
      ,#4517,#4518,#4519,#4520,#4521,#4522,#4523,#4524,#4525,#4526,#4527
      ,#4528,#4529,#4530,#4531,#4532,#4533,#4534,#4535,#4536,#4537,#4538
      ,#4539,#4540,#4541,#4542,#4543,#4544,#4545,#4546,#4547,#4548,#4549
      ,#4550,#4551,#4552,#4553,#4554,#4555,#4556,#4557,#4558,#4559,#4560
      ,#4561,#4562,#4563,#4564,#4565,#4566,#4567,#4568,#4569,#4570,#4571
      ,#4572,#4573,#4574,#4575,#4576,#4577,#4578,#4579,#4580,#4581,#4582
      ,#4583,#4584,#4585,#4586,#4587,#4588,#4589,#4590,#4591,#4592,#4593
      ,#4594,#4595,#4596,#4597,#4598,#4599,#4600,#4601,#4602,#4603,#4604
      ,#4605,#4606,#4607,#4608,#4609,#4610,#4611,#4612,#4613,#4614,#4615
      ,#4616,#4617,#4618,#4619,#4620,#4621,#4622,#4623,#4624,#4625,#4626
      ,#4627,#4628,#4629,#4630,#4631,#4632,#4633,#4634,#4635,#4636,#4637
      ,#4638,#4639,#4640,#4641,#4642,#4643,#4644,#4645,#4646,#4647,#4648
      ,#4649,#4650,#4651,#4652,#4653,#4654,#4655,#4656,#4657,#4658,#4659
      ,#4660,#4661,#4662,#4663,#4664,#4665,#4666,#4667,#4668,#4669,#4670
      ,#4671,#4672,#4673,#4674,#4675,#4676,#4677,#4678,#4679,#4680,#4681
      ,#4682,#4683,#4684,#4685,#4686,#4687,#4688,#4689,#4690,#4691,#4692
      ,#4693,#4694,#4695,#4696,#4697,#4698,#4699,#4700,#4701,#4702,#4703
      ,#4704,#4705,#4706,#4707,#4708,#4709,#4710,#4711,#4712,#4713,#4714
      ,#4715,#4716,#4717,#4718,#4719,#4720,#4721,#4722,#4723,#4724,#4725
      ,#4726,#4727,#4728,#4729,#4730,#4731,#4732,#4733,#4734,#4735,#4736
      ,#4737,#4738,#4739,#4740,#4741,#4742,#4743,#4744,#4745,#4746,#4747
      ,#4748,#4749,#4750,#4751,#4752,#4753,#4754,#4755,#4756,#4757,#4758
      ,#4759,#4760,#4761,#4762,#4763,#4764,#4765,#4766,#4767,#4768,#4769
      ,#4770,#4771,#4772,#4773,#4774,#4775,#4776,#4777,#4778,#4779,#4780
      ,#4781,#4782,#4783,#4784,#4785,#4786,#4787,#4788,#4789,#4790,#4791
      ,#4792,#4793,#4794,#4795,#4796,#4797,#4798,#4799,#4800,#4801,#4802
      ,#4803,#4804,#4805,#4806,#4807,#4808,#4809,#4810,#4811,#4812,#4813
      ,#4814,#4815,#4816,#4817,#4818,#4819,#4820,#4821,#4822,#4823,#4824
      ,#4825,#4826,#4827,#4828,#4829,#4830,#4831,#4832,#4833,#4834,#4835
      ,#4836,#4837,#4838,#4839,#4840,#4841,#4842,#4843,#4844,#4845,#4846
      ,#4847,#4848,#4849,#4850,#4851,#4852,#4853,#4854,#4855,#4856,#4857
      ,#4858,#4859,#4860,#4861,#4862,#4863,#4864,#4865,#4866,#4867,#4868
      ,#4869,#4870,#4871,#4872,#4873,#4874,#4875,#4876)
    ,(#4877,#4878,#4879,#4880,#4881,#4882,#4883,#4884,#4885,#4886,#4887
      ,#4888,#4889,#4890,#4891,#4892,#4893,#4894,#4895,#4896,#4897,#4898
      ,#4899,#4900,#4901,#4902,#4903,#4904,#4905,#4906,#4907,#4908,#4909
      ,#4910,#4911,#4912,#4913,#4914,#4915,#4916,#4917,#4918,#4919,#4920
      ,#4921,#4922,#4923,#4924,#4925,#4926,#4927,#4928,#4929,#4930,#4931
      ,#4932,#4933,#4934,#4935,#4936,#4937,#4938,#4939,#4940,#4941,#4942
      ,#4943,#4944,#4945,#4946,#4947,#4948,#4949,#4950,#4951,#4952,#4953
      ,#4954,#4955,#4956,#4957,#4958,#4959,#4960,#4961,#4962,#4963,#4964
      ,#4965,#4966,#4967,#4968,#4969,#4970,#4971,#4972,#4973,#4974,#4975
      ,#4976,#4977,#4978,#4979,#4980,#4981,#4982,#4983,#4984,#4985,#4986
      ,#4987,#4988,#4989,#4990,#4991,#4992,#4993,#4994,#4995,#4996,#4997
      ,#4998,#4999,#5000,#5001,#5002,#5003,#5004,#5005,#5006,#5007,#5008
      ,#5009,#5010,#5011,#5012,#5013,#5014,#5015,#5016,#5017,#5018,#5019
      ,#5020,#5021,#5022,#5023,#5024,#5025,#5026,#5027,#5028,#5029,#5030
      ,#5031,#5032,#5033,#5034,#5035,#5036,#5037,#5038,#5039,#5040,#5041
      ,#5042,#5043,#5044,#5045,#5046,#5047,#5048,#5049,#5050,#5051,#5052
      ,#5053,#5054,#5055,#5056,#5057,#5058,#5059,#5060,#5061,#5062,#5063
      ,#5064,#5065,#5066,#5067,#5068,#5069,#5070,#5071,#5072,#5073,#5074
      ,#5075,#5076,#5077,#5078,#5079,#5080,#5081,#5082,#5083,#5084,#5085
      ,#5086,#5087,#5088,#5089,#5090,#5091,#5092,#5093,#5094,#5095,#5096
      ,#5097,#5098,#5099,#5100,#5101,#5102,#5103,#5104,#5105,#5106,#5107
      ,#5108,#5109,#5110,#5111,#5112,#5113,#5114,#5115,#5116,#5117,#5118
      ,#5119,#5120,#5121,#5122,#5123,#5124,#5125,#5126,#5127,#5128,#5129
      ,#5130,#5131,#5132,#5133,#5134,#5135,#5136,#5137,#5138,#5139,#5140
      ,#5141,#5142,#5143,#5144,#5145,#5146,#5147,#5148,#5149,#5150,#5151
      ,#5152,#5153,#5154,#5155,#5156,#5157,#5158,#5159,#5160,#5161,#5162
      ,#5163,#5164,#5165,#5166,#5167,#5168,#5169,#5170,#5171,#5172,#5173
      ,#5174,#5175,#5176,#5177,#5178,#5179,#5180,#5181,#5182,#5183,#5184
      ,#5185,#5186,#5187,#5188,#5189,#5190,#5191,#5192,#5193,#5194,#5195
      ,#5196,#5197,#5198,#5199,#5200,#5201,#5202,#5203,#5204,#5205,#5206
      ,#5207,#5208,#5209,#5210,#5211,#5212,#5213,#5214,#5215,#5216,#5217
      ,#5218,#5219,#5220,#5221,#5222,#5223,#5224,#5225,#5226,#5227,#5228
      ,#5229,#5230,#5231,#5232,#5233,#5234,#5235,#5236,#5237,#5238,#5239
      ,#5240,#5241,#5242,#5243,#5244,#5245,#5246,#5247,#5248,#5249,#5250
      ,#5251,#5252,#5253,#5254,#5255,#5256,#5257,#5258,#5259,#5260,#5261
      ,#5262,#5263,#5264,#5265,#5266,#5267,#5268,#5269,#5270,#5271,#5272
      ,#5273,#5274,#5275,#5276,#5277,#5278,#5279,#5280,#5281,#5282,#5283
      ,#5284,#5285,#5286,#5287,#5288,#5289,#5290,#5291,#5292,#5293,#5294
      ,#5295,#5296,#5297,#5298,#5299,#5300,#5301,#5302,#5303,#5304,#5305
      ,#5306,#5307,#5308,#5309,#5310,#5311,#5312,#5313,#5314,#5315,#5316
      ,#5317,#5318,#5319,#5320,#5321,#5322,#5323,#5324,#5325,#5326,#5327
      ,#5328,#5329,#5330,#5331,#5332,#5333,#5334,#5335,#5336,#5337,#5338
      ,#5339,#5340,#5341,#5342,#5343,#5344,#5345,#5346,#5347,#5348,#5349
      ,#5350,#5351,#5352,#5353,#5354,#5355,#5356,#5357,#5358,#5359,#5360
      ,#5361,#5362,#5363,#5364,#5365,#5366,#5367,#5368,#5369,#5370,#5371
      ,#5372,#5373,#5374,#5375,#5376,#5377,#5378,#5379,#5380,#5381,#5382
      ,#5383,#5384,#5385,#5386,#5387,#5388,#5389,#5390
  )),.UNSPECIFIED.,.F.,.F.,.F.,(2,2),(10,8,8,8,8,8,8,8,8,8,8,8,8,8,8,8,8
    ,8,8,8,8,8,8,8,8,8,8,8,8,8,8,8,8,8,8,8,8,8,8,8,8,8,8,8,8,8,8,8,8,8,8
    ,8,8,8,8,8,8,8,8,8,8,8,8,8,10),(0.,1.166190378969),(0.,
    5.182327748957,10.364655497914,15.546983246871,20.729310995828,
    25.911638744785,31.093966493742,36.276294242699,41.458621991656,
    46.640949740613,51.82327748957,57.005605238527,62.187932987484,
    67.370260736441,72.552588485398,77.734916234355,82.917243983312,
    88.099571732269,93.281899481226,98.464227230183,103.64655497914,
    108.82888272809,114.01121047705,119.19353822601,124.37586597496,
    129.55819372392,134.74052147288,139.92284922183,145.10517697079,
    150.28750471975,155.4698324687,160.65216021766,165.83448796662,
    171.01681571558,176.19914346453,181.38147121349,186.56379896245,
    191.7461267114,196.92845446036,202.11078220932,207.29310995827,
    212.47543770723,217.65776545619,222.84009320515,228.0224209541,
    233.20474870306,238.38707645202,243.56940420097,248.75173194993,
    253.93405969889,259.11638744784,264.2987151968,269.48104294576,
    274.66337069472,279.84569844367,285.02802619263,290.21035394159,
    295.39268169054,300.5750094395,305.75733718846,310.93966493741,
    316.12199268637,321.30432043533,326.48664818429,331.66897593324),
  .UNSPECIFIED.);
#4363 = CARTESIAN_POINT('',(8.0324,-3.552713678801E-15,0.));
#4364 = CARTESIAN_POINT('',(8.03240000185,4.40727531975,0.174656374772)
  );
#4365 = CARTESIAN_POINT('',(5.310258739664,8.816395582444,0.349294610403
    ));
#4366 = CARTESIAN_POINT('',(-0.120565553181,11.292083215748,
    0.523983308924));
#4367 = CARTESIAN_POINT('',(-6.733177777084,9.98555130496,0.698576124114
    ));
#4368 = CARTESIAN_POINT('',(-11.23954474273,4.326609619001,
    0.873299387297));
#4369 = CARTESIAN_POINT('',(-11.03242544222,-2.410657439106,
    1.047893293215));
#4370 = CARTESIAN_POINT('',(-7.403686748301,-7.149342676941,
    1.222580308043));
#4371 = CARTESIAN_POINT('',(-2.497037769346,-8.815232739627,
    1.397220167486));
#4372 = CARTESIAN_POINT('',(6.093754445009,-6.841760202691,
    1.746530638548));
#4373 = CARTESIAN_POINT('',(9.781493638318,-3.20157152985,1.921170659973
    ));
#4374 = CARTESIAN_POINT('',(10.978439065413,2.645667450866,
    2.095857116526));
#4375 = CARTESIAN_POINT('',(8.224588696396,8.797900760266,2.270452208024
    ));
#4376 = CARTESIAN_POINT('',(1.700378368264,11.922903605346,
    2.445173608057));
#4377 = CARTESIAN_POINT('',(-4.819490797444,10.212648483266,
    2.619768720982));
#4378 = CARTESIAN_POINT('',(-8.625452639223,5.615090812039,
    2.794455144458));
#4379 = CARTESIAN_POINT('',(-9.150513810837,0.460024887809,
    2.969095197784));
#4380 = CARTESIAN_POINT('',(-5.303762433232,-7.470852023148,
    3.318405624084));
#4381 = CARTESIAN_POINT('',(-0.930339700849,-10.24998273661,
    3.493045680591));
#4382 = CARTESIAN_POINT('',(5.036448126811,-10.10741662586,
    3.667732093102));
#4383 = CARTESIAN_POINT('',(10.415951999843,-6.04606160491,
    3.842327229315));
#4384 = CARTESIAN_POINT('',(12.000933524392,1.012181573144,4.01704859275
    ));
#4385 = CARTESIAN_POINT('',(8.874372672527,6.983637322463,4.191643729384
    ));
#4386 = CARTESIAN_POINT('',(3.5414152406,9.663646110743,4.366330141245)
  );
#4387 = CARTESIAN_POINT('',(-1.600343578468,9.021220889139,
    4.540970198379));
#4388 = CARTESIAN_POINT('',(-8.468652480071,3.496491251457,
    4.890280623799));
#4389 = CARTESIAN_POINT('',(-10.19807751711,-1.388125720219,5.064920681)
  );
#4390 = CARTESIAN_POINT('',(-8.723237987072,-7.171527006403,
    5.239607092637));
#4391 = CARTESIAN_POINT('',(-3.560574376577,-11.50518261924,
    5.414202229739));
#4392 = CARTESIAN_POINT('',(3.673352790133,-11.46967289303,
    5.588923592444));
#4393 = CARTESIAN_POINT('',(8.793222744751,-7.085542628743,
    5.763518729554));
#4394 = CARTESIAN_POINT('',(10.211213728945,-1.287941086319,
    5.938205141179));
#4395 = CARTESIAN_POINT('',(8.43391821147,3.579462180556,6.112845198392)
  );
#4396 = CARTESIAN_POINT('',(1.511702289719,9.036497224422,6.462155623793
    ));
#4397 = CARTESIAN_POINT('',(-3.636115633575,9.628413221265,
    6.636795681009));
#4398 = CARTESIAN_POINT('',(-8.942505574685,6.896178262593,
    6.811482092626));
#4399 = CARTESIAN_POINT('',(-12.01029209268,0.894315851165,6.98607722975
    ));
#4400 = CARTESIAN_POINT('',(-10.35609395384,-6.148026920345,
    7.160798592436));
#4401 = CARTESIAN_POINT('',(-4.936977723104,-10.15637393679,
    7.335393729559));
#4402 = CARTESIAN_POINT('',(1.030922175476,-10.24035534188,
    7.510080141177));
#4403 = CARTESIAN_POINT('',(5.376850546797,-7.418423289164,
    7.684720198393));
#4404 = CARTESIAN_POINT('',(9.145556629248,0.549836194652,8.034030623792
    ));
#4405 = CARTESIAN_POINT('',(8.569911855136,5.699499000385,8.208670681011
    ));
#4406 = CARTESIAN_POINT('',(4.71899775491,10.2594707842,8.383357092624)
  );
#4407 = CARTESIAN_POINT('',(-1.817347325101,11.905635879412,
    8.557952229752));
#4408 = CARTESIAN_POINT('',(-8.310564107668,8.716733402287,
    8.732673592434));
#4409 = CARTESIAN_POINT('',(-11.00388335424,2.537761160678,8.90726872956
    ));
#4410 = CARTESIAN_POINT('',(-9.749591422223,-3.297445247425,
    9.081955141176));
#4411 = CARTESIAN_POINT('',(-6.026293066371,-6.901254797354,
    9.256595198393));
#4412 = CARTESIAN_POINT('',(2.583459350884,-8.790293719897,
    9.605905623793));
#4413 = CARTESIAN_POINT('',(7.473517304707,-7.07631381133,9.780545681009
    ));
#4414 = CARTESIAN_POINT('',(11.055559965074,-2.302232490721,
    9.955232092628));
#4415 = CARTESIAN_POINT('',(11.196527402888,4.436743299945,
    10.129827229747));
#4416 = CARTESIAN_POINT('',(6.634822004508,10.051171770629,
    10.304548592438));
#4417 = CARTESIAN_POINT('',(9.70179701809E-03,11.292722721185,
    10.479143729558));
#4418 = CARTESIAN_POINT('',(-5.396556157356,8.763838183158,
    10.653830141177));
#4419 = CARTESIAN_POINT('',(-8.075280527703,4.328206360456,
    10.828470198392));
#4420 = CARTESIAN_POINT('',(-7.988745287665,-4.485919596752,
    11.177780623793));
#4421 = CARTESIAN_POINT('',(-5.22344945516,-8.868103170894,
    11.352420681008));
#4422 = CARTESIAN_POINT('',(0.231417722215,-11.29035546032,
    11.527107092627));
#4423 = CARTESIAN_POINT('',(6.830884651156,-9.918968286873,
    11.701702229748));
#4424 = CARTESIAN_POINT('',(11.281478800624,-4.216058949446,
    11.876423592437));
#4425 = CARTESIAN_POINT('',(11.008227587033,2.518850129423,
    12.051018729557));
#4426 = CARTESIAN_POINT('',(7.333142575766,7.221682492577,
    12.225705141178));
#4427 = CARTESIAN_POINT('',(2.410375479856,8.839322142896,
    12.400345198392));
#4428 = CARTESIAN_POINT('',(-6.160628525472,6.781606157163,
    12.749655623793));
#4429 = CARTESIAN_POINT('',(-9.812453107915,3.105389197052,
    12.92429568101));
#4430 = CARTESIAN_POINT('',(-10.95193664093,-2.75331879656,
    13.098982092625));
#4431 = CARTESIAN_POINT('',(-8.137820543503,-8.87822019298,
    13.27357722975));
#4432 = CARTESIAN_POINT('',(-1.583245473248,-11.93902218632,
    13.448298592436));
#4433 = CARTESIAN_POINT('',(4.919519372665,-10.16484184453,
    13.622893729559));
#4434 = CARTESIAN_POINT('',(8.680162109269,-5.530141392125,
    13.797580141176));
#4435 = CARTESIAN_POINT('',(9.154589049285,-0.370169202525,
    13.972220198392));
#4436 = CARTESIAN_POINT('',(5.230163099367,7.522560724497,
    14.321530623794));
#4437 = CARTESIAN_POINT('',(0.82966751309,10.25862222123,14.496170681004
    ));
#4438 = CARTESIAN_POINT('',(-5.135433151831,10.057485119335,
    14.670857092636));
#4439 = CARTESIAN_POINT('',(-10.47480616177,5.943513511943,
    14.845452229737));
#4440 = CARTESIAN_POINT('',(-11.99041827719,-1.129949791826,
    15.020173592448));
#4441 = CARTESIAN_POINT('',(-8.805384409539,-7.070423324149,
    15.194768729551));
#4442 = CARTESIAN_POINT('',(-3.446373476286,-9.697947613905,
    15.369455141181));
#4443 = CARTESIAN_POINT('',(1.688830662526,-9.005075063157,
    15.544095198391));
#4444 = CARTESIAN_POINT('',(8.50257053807,-3.413183286153,
    15.893405623794));
#4445 = CARTESIAN_POINT('',(10.183958387671,1.488176608607,
    16.068045681006));
#4446 = CARTESIAN_POINT('',(8.652412434392,7.256820216026,
    16.242732092629));
#4447 = CARTESIAN_POINT('',(3.447452736998,11.539583468201,
    16.417327229747));
#4448 = CARTESIAN_POINT('',(-3.785777208935,11.433057680186,
    16.592048592438));
#4449 = CARTESIAN_POINT('',(-8.86236002485,6.99887529338,16.766643729557
    ));
#4450 = CARTESIAN_POINT('',(-10.22336576886,1.187632273102,
    16.94133014118));
#4451 = CARTESIAN_POINT('',(-8.398371048891,-3.662088150894,
    17.115970198391));
#4452 = CARTESIAN_POINT('',(-1.422915260272,-9.050902610337,
    17.465280623796));
#4453 = CARTESIAN_POINT('',(3.730465612688,-9.592252309693,17.639920681)
  );
#4454 = CARTESIAN_POINT('',(9.009776610233,-6.808054495678,
    17.81460709264));
#4455 = CARTESIAN_POINT('',(12.018493088522,-0.776363880357,
    17.989202229733));
#4456 = CARTESIAN_POINT('',(10.295237739318,6.249399721971,
    18.163923592453));
#4457 = CARTESIAN_POINT('',(4.837031438775,10.204352377426,
    18.338518729544));
#4458 = CARTESIAN_POINT('',(-1.131405332784,10.229740956304,
    18.513205141186));
#4459 = CARTESIAN_POINT('',(-5.449420461181,7.365279528778,
    18.68784519839));
#4460 = CARTESIAN_POINT('',(-9.13971797785,-0.639594547418,
    19.037155623792));
#4461 = CARTESIAN_POINT('',(-8.513545060416,-5.783357896972,
    19.211795681013));
#4462 = CARTESIAN_POINT('',(-4.618049840577,-10.30530427753,
    19.38648209262));
#4463 = CARTESIAN_POINT('',(1.934141174578,-11.88722065539,
    19.561077229758));
#4464 = CARTESIAN_POINT('',(8.395738568328,-8.634725872112,
    19.735798592428));
#4465 = CARTESIAN_POINT('',(11.028267077364,-2.429610226493,
    19.910393729565));
#4466 = CARTESIAN_POINT('',(9.716749506278,3.393001192506,
    20.085080141173));
#4467 = CARTESIAN_POINT('',(5.958250830864,6.960084262155,
    20.259720198394));
#4468 = CARTESIAN_POINT('',(-2.669631971804,8.764507461053,
    20.609030623792));
#4469 = CARTESIAN_POINT('',(-7.542627580551,7.002602890451,
    20.783670681011));
#4470 = CARTESIAN_POINT('',(-11.07762893767,2.193585581113,
    20.958357092621));
#4471 = CARTESIAN_POINT('',(-11.15243090479,-4.546449373649,
    21.132952229756));
#4472 = CARTESIAN_POINT('',(-6.535826702537,-10.11582356056,
    21.30767359243));
#4473 = CARTESIAN_POINT('',(0.101162935656,-11.29227375876,
    21.482268729563));
#4474 = CARTESIAN_POINT('',(5.482333489764,-8.710436129558,
    21.656955141175));
#4475 = CARTESIAN_POINT('',(8.117382755528,-4.248720172009,
    21.831595198393));
#4476 = CARTESIAN_POINT('',(7.944320596515,4.564131479211,
    22.180905623794));
#4477 = CARTESIAN_POINT('',(5.136136730949,8.918956079119,
    22.355545681006));
#4478 = CARTESIAN_POINT('',(-0.342247594934,11.287539464654,
    22.530232092631));
#4479 = CARTESIAN_POINT('',(-6.927933142887,9.851429305505,
    22.704827229744));
#4480 = CARTESIAN_POINT('',(-11.32232553146,4.105101893184,
    22.879548592441));
#4481 = CARTESIAN_POINT('',(-10.982968733,-2.626800028964,
    23.054143729554));
#4482 = CARTESIAN_POINT('',(-7.261891620812,-7.293326274596,
    23.22883014118));
#4483 = CARTESIAN_POINT('',(-2.323480873152,-8.862559592571,
    23.403470198391));
#4484 = CARTESIAN_POINT('',(6.226908831635,-6.720798486953,
    23.752780623795));
#4485 = CARTESIAN_POINT('',(9.842466833004,-3.008907559473,
    23.927420681002));
#4486 = CARTESIAN_POINT('',(10.924378645847,2.860704770626,
    24.102107092636));
#4487 = CARTESIAN_POINT('',(8.050268050691,8.957683925291,24.27670222974
    ));
#4488 = CARTESIAN_POINT('',(1.465959981615,11.953990058827,
    24.451423592445));
#4489 = CARTESIAN_POINT('',(-5.0190737943,10.116055497557,
    24.626018729551));
#4490 = CARTESIAN_POINT('',(-8.734034967252,5.444658965533,
    24.800705141182));
#4491 = CARTESIAN_POINT('',(-9.157781949381,0.280277839588,
    24.97534519839));
#4492 = CARTESIAN_POINT('',(-5.156059671499,-7.573544385799,
    25.324655623796));
#4493 = CARTESIAN_POINT('',(-0.728915360241,-10.26627295847,
    25.499295681001));
#4494 = CARTESIAN_POINT('',(5.233923213103,-10.00658425146,
    25.673982092638));
#4495 = CARTESIAN_POINT('',(10.532650740104,-5.840392570766,
    25.848577229735));
#4496 = CARTESIAN_POINT('',(11.97874736851,1.247609103591,
    26.023298592451));
#4497 = CARTESIAN_POINT('',(8.735547465282,7.156527863721,
    26.197893729546));
#4498 = CARTESIAN_POINT('',(3.350999543319,9.731314408691,
    26.372580141185));
#4499 = CARTESIAN_POINT('',(-1.777154973569,8.988061309298,
    26.54722019839));
#4500 = CARTESIAN_POINT('',(-8.535669100624,3.32954635114,
    26.896530623792));
#4501 = CARTESIAN_POINT('',(-10.16885770712,-1.588084063434,
    27.071170681014));
#4502 = CARTESIAN_POINT('',(-8.580752944203,-7.341413998217,
    27.245857092618));
#4503 = CARTESIAN_POINT('',(-3.333998824734,-11.57287210807,
    27.42045222976));
#4504 = CARTESIAN_POINT('',(3.897836746633,-11.39534052544,
    27.595173592426));
#4505 = CARTESIAN_POINT('',(8.930643132258,-6.911533391847,
    27.769768729567));
#4506 = CARTESIAN_POINT('',(10.234532459508,-1.087208993416,
    27.944455141172));
#4507 = CARTESIAN_POINT('',(8.362014433833,3.744361161554,
    28.119095198394));
#4508 = CARTESIAN_POINT('',(1.33399108729,9.064435651421,28.468405623793
    ));
#4509 = CARTESIAN_POINT('',(-3.824456041753,9.555166876877,
    28.643045681011));
#4510 = CARTESIAN_POINT('',(-9.076179264773,6.719274554307,
    28.81773209262));
#4511 = CARTESIAN_POINT('',(-12.02553571696,0.658337081975,
    28.992327229759));
#4512 = CARTESIAN_POINT('',(-10.23338924836,-6.350170193435,
    29.167048592428));
#4513 = CARTESIAN_POINT('',(-4.736618951275,-10.25134730134,
    29.341643729564));
#4514 = CARTESIAN_POINT('',(1.231779442887,-10.21814060699,
    29.516330141175));
#4515 = CARTESIAN_POINT('',(5.52146514908,-7.311425887423,
    29.690970198393));
#4516 = CARTESIAN_POINT('',(9.132998421411,0.729291254731,
    30.040280623793));
#4517 = CARTESIAN_POINT('',(8.456357712504,5.866659381488,30.21492068101
    ));
#4518 = CARTESIAN_POINT('',(4.516656828992,10.35014452419,
    30.389607092625));
#4519 = CARTESIAN_POINT('',(-2.050748607512,11.867659716316,
    30.564202229751));
#4520 = CARTESIAN_POINT('',(-8.480103830219,8.551886109083,
    30.738923592436));
#4521 = CARTESIAN_POINT('',(-11.05158787315,2.321225121417,
    30.913518729559));
#4522 = CARTESIAN_POINT('',(-9.682971069787,-3.488230113071,
    31.088205141176));
#4523 = CARTESIAN_POINT('',(-5.88963432674,-7.018242899549,
    31.262845198393));
#4524 = CARTESIAN_POINT('',(2.75554728804,-8.737876460737,
    31.612155623791));
#4525 = CARTESIAN_POINT('',(7.611010882242,-6.928217044132,
    31.786795681015));
#4526 = CARTESIAN_POINT('',(11.098630225357,-2.08472724916,
    31.961482092616));
#4527 = CARTESIAN_POINT('',(11.107259512189,4.655717251096,
    32.136077229761));
#4528 = CARTESIAN_POINT('',(6.436201464,10.179500366376,32.310798592424)
  );
#4529 = CARTESIAN_POINT('',(-0.212017918044,11.290736423492,
    32.48539372957));
#4530 = CARTESIAN_POINT('',(-5.567582423456,8.656194545996,
    32.66008014117));
#4531 = CARTESIAN_POINT('',(-8.158702613108,4.16882448307,
    32.834720198394));
#4532 = CARTESIAN_POINT('',(-7.899130215209,-4.641903461177,
    33.184030623795));
#4533 = CARTESIAN_POINT('',(-5.048328975193,-8.96894935979,33.358670681)
  );
#4534 = CARTESIAN_POINT('',(0.453044481124,-11.28363555245,
    33.533357092639));
#4535 = CARTESIAN_POINT('',(7.024313905995,-9.782940822859,
    33.707952229737));
#4536 = CARTESIAN_POINT('',(11.362080993017,-3.993749178677,
    33.882673592448));
#4537 = CARTESIAN_POINT('',(10.956651317594,2.734496752064,
    34.057268729548));
#4538 = CARTESIAN_POINT('',(7.18994074963,7.364267110644,34.231955141184
    ));
#4539 = CARTESIAN_POINT('',(2.236362324527,8.884942850307,
    34.406595198391));
#4540 = CARTESIAN_POINT('',(-6.292588975366,6.659343052195,
    34.75590562379));
#4541 = CARTESIAN_POINT('',(-9.871531920651,2.912135917122,
    34.930545681021));
#4542 = CARTESIAN_POINT('',(-10.89576773641,-2.967815024013,
    35.105232092605));
#4543 = CARTESIAN_POINT('',(-7.961939656275,-9.036284297386,
    35.279827229775));
#4544 = CARTESIAN_POINT('',(-1.348533197724,-11.96780578087,
    35.454548592412));
#4545 = CARTESIAN_POINT('',(5.118144467169,-10.0662941441,
    35.629143729579));
#4546 = CARTESIAN_POINT('',(8.787066020762,-5.358651771374,
    35.803830141165));
#4547 = CARTESIAN_POINT('',(9.160092203394,-0.19035946289,
    35.978470198396));
#4548 = CARTESIAN_POINT('',(5.081459291868,7.62379809313,36.327780623794
    ));
#4549 = CARTESIAN_POINT('',(0.62809295302,10.272934210954,
    36.502420681002));
#4550 = CARTESIAN_POINT('',(-5.331908817976,9.954718928194,
    36.677107092639));
#4551 = CARTESIAN_POINT('',(-10.58948015961,5.736708720382,
    36.851702229734));
#4552 = CARTESIAN_POINT('',(-11.96592192324,-1.36514816818,
    37.026423592451));
#4553 = CARTESIAN_POINT('',(-8.664868570768,-7.24194264225,
    37.201018729546));
#4554 = CARTESIAN_POINT('',(-3.255302634047,-9.763743279137,
    37.375705141185));
#4555 = CARTESIAN_POINT('',(1.865307998717,-8.970181267383,
    37.55034519839));
#4556 = CARTESIAN_POINT('',(8.567944977624,-3.245588507519,
    37.899655623794));
#4557 = CARTESIAN_POINT('',(10.152776930901,1.687838455417,
    38.074295681009));
#4558 = CARTESIAN_POINT('',(8.508266423178,7.425300199637,
    38.248982092624));
#4559 = CARTESIAN_POINT('',(3.220223574734,11.605045330468,
    38.423577229754));
#4560 = CARTESIAN_POINT('',(-4.009520602724,11.35652506405,
    38.598298592432));
#4561 = CARTESIAN_POINT('',(-8.998065485685,6.823525342351,
    38.772893729562));
#4562 = CARTESIAN_POINT('',(-10.24471272461,0.986680926259,
    38.947580141175));
#4563 = CARTESIAN_POINT('',(-8.324851870419,-3.826273282892,
    39.122220198393));
#4564 = CARTESIAN_POINT('',(-1.24493834147,-9.077095043331,
    39.471530623791));
#4565 = CARTESIAN_POINT('',(3.918077861785,-9.517160497185,
    39.646170681012));
#4566 = CARTESIAN_POINT('',(9.141707138265,-6.629846995277,
    39.820857092622));
#4567 = CARTESIAN_POINT('',(12.031419299244,-0.540246831683,
    39.995452229755));
#4568 = CARTESIAN_POINT('',(10.170554442059,6.450328622269,
    40.170173592428));
#4569 = CARTESIAN_POINT('',(4.635749938582,10.297354179077,
    40.344768729567));
#4570 = CARTESIAN_POINT('',(-1.332034831523,10.205555412014,
    40.519455141171));
#4571 = CARTESIAN_POINT('',(-5.592977666675,7.256867555624,
    40.694095198394));
#4572 = CARTESIAN_POINT('',(-9.125398607575,-0.818917671436,
    41.043405623794));
#4573 = CARTESIAN_POINT('',(-8.398355323234,-5.94939542516,
    41.218045681005));
#4574 = CARTESIAN_POINT('',(-4.414828492624,-10.39398720237,
    41.392732092634));
#4575 = CARTESIAN_POINT('',(2.167158385026,-11.84695494749,
    41.567327229742));
#4576 = CARTESIAN_POINT('',(8.563651762056,-8.468222097471,
    41.742048592442));
#4577 = CARTESIAN_POINT('',(11.073843493908,-2.212616291834,
    41.916643729554));
#4578 = CARTESIAN_POINT('',(9.648259368395,3.583122830758,
    42.091330141181));
#4579 = CARTESIAN_POINT('',(5.820450167402,7.075725104084,42.26597019839
    ));
#4580 = CARTESIAN_POINT('',(-2.841197018891,8.710403285702,
    42.615280623797));
#4581 = CARTESIAN_POINT('',(-7.678660618872,6.853163441833,
    42.789920680999));
#4582 = CARTESIAN_POINT('',(-11.11856180394,1.975667986855,
    42.96460709264));
#4583 = CARTESIAN_POINT('',(-11.06101757881,-4.764536400825,
    43.139202229736));
#4584 = CARTESIAN_POINT('',(-6.335955890951,-10.24219605075,
    43.31392359245));
#4585 = CARTESIAN_POINT('',(0.322852465693,-11.28811086354,
    43.488518729547));
#4586 = CARTESIAN_POINT('',(5.652294741971,-8.601118660388,
    43.663205141185));
#4587 = CARTESIAN_POINT('',(8.199236117949,-4.088526994149,
    43.837845198389));
#4588 = CARTESIAN_POINT('',(7.853178499293,4.719228046827,
    44.187155623795));
#4589 = CARTESIAN_POINT('',(4.960034650982,9.018078194455,
    44.361795681007));
#4590 = CARTESIAN_POINT('',(-0.56379770194,11.27864409997,
    44.536482092625));
#4591 = CARTESIAN_POINT('',(-7.120017651116,9.713509440017,
    44.711077229755));
#4592 = CARTESIAN_POINT('',(-11.40074135354,3.882011538308,
    44.885798592432));
#4593 = CARTESIAN_POINT('',(-10.92927787732,-2.841929918673,
    45.06039372956));
#4594 = CARTESIAN_POINT('',(-7.117296896994,-7.434498163302,
    45.235080141178));
#4595 = CARTESIAN_POINT('',(-2.149028230645,-8.906469758758,
    45.409720198392));
#4596 = CARTESIAN_POINT('',(6.357662626274,-6.597245776095,
    45.759030623795));
#4597 = CARTESIAN_POINT('',(9.899645569505,-2.815083597051,
    45.933670681001));
#4598 = CARTESIAN_POINT('',(10.866106670202,3.074639233216,
    46.108357092643));
#4599 = CARTESIAN_POINT('',(7.872843873549,9.114013733579,
    46.282952229727));
#4600 = CARTESIAN_POINT('',(1.230976439388,11.980468020914,
    46.457673592457));
#4601 = CARTESIAN_POINT('',(-5.216721842612,10.015562580256,
    46.632268729544));
#4602 = CARTESIAN_POINT('',(-8.839250158563,5.27212809921,
    46.806955141185));
#4603 = CARTESIAN_POINT('',(-9.161519588654,0.100422738951,
    46.98159519839));
#4604 = CARTESIAN_POINT('',(-5.006369150614,-7.673317002933,
    47.330905623794));
#4605 = CARTESIAN_POINT('',(-0.527210008887,-10.27860533665,
    47.505545681008));
#4606 = CARTESIAN_POINT('',(5.429380522366,-9.901894148387,
    47.680232092626));
#4607 = CARTESIAN_POINT('',(10.645288943007,-5.632471954074,
    47.854827229753));
#4608 = CARTESIAN_POINT('',(11.95194317749,1.482555656948,
    48.029548592433));
#4609 = CARTESIAN_POINT('',(8.593354538203,7.326659427277,48.20414372956
    ));
#4610 = CARTESIAN_POINT('',(3.159291971925,9.795231099682,
    48.378830141178));
#4611 = CARTESIAN_POINT('',(-1.953281241597,8.951436660727,
    48.553470198391));
#4612 = CARTESIAN_POINT('',(-8.599395058253,3.161317847323,
    48.902780623797));
#4613 = CARTESIAN_POINT('',(-10.13571760891,-1.787430170016,49.077420681
    ));
#4614 = CARTESIAN_POINT('',(-8.434959857723,-7.508470735176,
    49.252107092637));
#4615 = CARTESIAN_POINT('',(-3.106137952887,-11.63610003442,
    49.42670222974));
#4616 = CARTESIAN_POINT('',(4.120818012876,-11.31661503715,
    49.601423592445));
#4617 = CARTESIAN_POINT('',(9.064620586831,-6.734859627268,
    49.776018729551));
#4618 = CARTESIAN_POINT('',(10.253905582986,-0.886057760746,
    49.950705141182));
#4619 = CARTESIAN_POINT('',(8.286886940454,3.907816620047,
    50.125345198391));
#4620 = CARTESIAN_POINT('',(1.155765605901,9.088879565928,
    50.474655623791));
#4621 = CARTESIAN_POINT('',(-4.011322049319,9.47823683376,
    50.649295681017));
#4622 = CARTESIAN_POINT('',(-9.206353914994,6.539780437789,
    50.823982092613));
#4623 = CARTESIAN_POINT('',(-12.03614326829,0.422104511283,
    50.998577229768));
#4624 = CARTESIAN_POINT('',(-10.10673937653,-6.549865355011,
    51.173298592417));
#4625 = CARTESIAN_POINT('',(-4.534434122666,-10.34236857637,
    51.347893729574));
#4626 = CARTESIAN_POINT('',(1.432161835871,-10.19198658436,
    51.522580141168));
#4627 = CARTESIAN_POINT('',(5.663951121442,-7.201609791825,
    51.697220198395));
#4628 = CARTESIAN_POINT('',(9.116919268828,0.90846515915,52.046530623793
    ));
#4629 = CARTESIAN_POINT('',(8.339543483003,6.031558053715,
    52.221170681005));
#4630 = CARTESIAN_POINT('',(4.31257464588,10.436828086459,
    52.395857092632));
#4631 = CARTESIAN_POINT('',(-2.28335928728,11.825108344466,
    52.570452229743));
#4632 = CARTESIAN_POINT('',(-8.646374311334,8.383741901013,
    52.745173592442));
#4633 = CARTESIAN_POINT('',(-11.09503179456,2.103794205673,
    52.919768729555));
#4634 = CARTESIAN_POINT('',(-9.612617747685,-3.677670199603,
    53.094455141179));
#4635 = CARTESIAN_POINT('',(-5.750705020963,-7.132525335507,
    53.269095198391));
#4636 = CARTESIAN_POINT('',(2.926572909262,-8.682090583869,
    53.618405623795));
#4637 = CARTESIAN_POINT('',(7.745570270202,-6.777449317376,
    53.793045681002));
#4638 = CARTESIAN_POINT('',(11.137421752411,-1.866418305566,
    53.967732092639));
#4639 = CARTESIAN_POINT('',(11.013709561522,4.872896334637,
    54.142327229733));
#4640 = CARTESIAN_POINT('',(6.235099645299,10.303904570939,
    54.317048592452));
#4641 = CARTESIAN_POINT('',(-0.433655896158,11.284397331992,
    54.491643729548));
#4642 = CARTESIAN_POINT('',(-5.73646228055,8.545213781053,
    54.666330141181));
#4643 = CARTESIAN_POINT('',(-8.238979363349,4.007835444489,
    54.840970198393));
#4644 = CARTESIAN_POINT('',(-7.806469877688,-4.796097783456,
    55.190280623789));
#4645 = CARTESIAN_POINT('',(-4.871262268309,-9.06633784797,
    55.364920681023));
#4646 = CARTESIAN_POINT('',(0.674496582764,-11.27256558829,
    55.539607092605));
#4647 = CARTESIAN_POINT('',(7.215035154105,-9.643141848912,
    55.714202229774));
#4648 = CARTESIAN_POINT('',(11.438302886906,-3.769899741594,
    55.888923592412));
#4649 = CARTESIAN_POINT('',(10.900851050501,2.949089174165,
    56.063518729579));
#4650 = CARTESIAN_POINT('',(7.04396706447,7.504012663551,56.238205141165
    ));
#4651 = CARTESIAN_POINT('',(2.06148700895,8.927138243117,56.412845198396
    ));
#4652 = CARTESIAN_POINT('',(-6.422123512425,6.534512643716,
    56.762155623795));
#4653 = CARTESIAN_POINT('',(-9.926805069916,2.717759953359,
    56.936795680999));
#4654 = CARTESIAN_POINT('',(-10.83539830601,-3.18116710227,
    57.111482092645));
#4655 = CARTESIAN_POINT('',(-7.782989289744,-9.190864742194,
    57.286077229729));
#4656 = CARTESIAN_POINT('',(-1.113301036982,-11.99197555847,
    57.460798592454));
#4657 = CARTESIAN_POINT('',(5.314796419549,-9.963865695664,
    57.635393729546));
#4658 = CARTESIAN_POINT('',(8.890582351036,-5.185096288358,
    57.810080141185));
#4659 = CARTESIAN_POINT('',(9.162063967587,-1.047633606014E-02,
    57.984720198389));
#4660 = CARTESIAN_POINT('',(4.930796485083,7.722096342472,
    58.334030623797));
#4661 = CARTESIAN_POINT('',(0.426276251156,10.283285788985,
    58.508670680998));
#4662 = CARTESIAN_POINT('',(-5.526328931767,9.848115003411,
    58.683357092642));
#4663 = CARTESIAN_POINT('',(-10.70007171127,5.527692318405,
    58.857952229735));
#4664 = CARTESIAN_POINT('',(-11.9368124786,-1.599820253928,
    59.032673592447));
#4665 = CARTESIAN_POINT('',(-8.521012260225,-7.410670053607,
    59.20726872955));
#4666 = CARTESIAN_POINT('',(-3.062976810673,-9.825774835473,
    59.381955141184));
#4667 = CARTESIAN_POINT('',(2.041066223166,-8.931829295975,
    59.556595198389));
#4668 = CARTESIAN_POINT('',(8.63001631129,-3.076742492733,
    59.905905623799));
#4669 = CARTESIAN_POINT('',(10.11768138536,1.886849608376,
    60.080545680995));
#4670 = CARTESIAN_POINT('',(8.360840313293,7.59091758867,60.255232092642
    ));
#4671 = CARTESIAN_POINT('',(2.991752954982,11.666033226852,
    60.429827229737));
#4672 = CARTESIAN_POINT('',(-4.231718249996,11.27561429132,
    60.604548592449));
#4673 = CARTESIAN_POINT('',(-9.130302020988,6.645544792412,
    60.779143729544));
#4674 = CARTESIAN_POINT('',(-10.26211014859,0.785349195136,
    60.953830141189));
#4675 = CARTESIAN_POINT('',(-8.248123303078,-3.988983313702,
    61.128470198388));
#4676 = CARTESIAN_POINT('',(-1.066481475239,-9.099788083395,
    61.477780623795));
#4677 = CARTESIAN_POINT('',(4.104179617283,-9.438399638143,
    61.652420681007));
#4678 = CARTESIAN_POINT('',(9.270113364178,-6.44908356264,
    61.827107092628));
#4679 = CARTESIAN_POINT('',(12.039707168794,-0.303921507592,
    62.00170222975));
#4680 = CARTESIAN_POINT('',(10.041950202458,6.648770798117,
    62.176423592435));
#4681 = CARTESIAN_POINT('',(4.432681268542,10.386386154659,
    62.351018729561));
#4682 = CARTESIAN_POINT('',(-1.532150805478,10.177435431847,
    62.525705141175));
#4683 = CARTESIAN_POINT('',(-5.734378672811,7.145657921885,
    62.700345198393));
#4684 = CARTESIAN_POINT('',(-9.107561222427,-0.997925087102,
    63.049655623793));
#4685 = CARTESIAN_POINT('',(-8.279927860207,-6.113139348158,
    63.224295681009));
#4686 = CARTESIAN_POINT('',(-4.209905144237,-10.4786630473,
    63.398982092627));
#4687 = CARTESIAN_POINT('',(2.399340114653,-11.80212201292,
    63.573577229752));
#4688 = CARTESIAN_POINT('',(8.728263505019,-8.298453662024,
    63.748298592431));
#4689 = CARTESIAN_POINT('',(11.115150732986,-1.994769351469,
    63.922893729565));
#4690 = CARTESIAN_POINT('',(9.57604964286,3.771863106948,64.097580141173
    ));
#4691 = CARTESIAN_POINT('',(5.680405609605,7.188638119293,
    64.272220198394));
#4692 = CARTESIAN_POINT('',(-3.011666730443,8.652941084075,
    64.621530623794));
#4693 = CARTESIAN_POINT('',(-7.81173338735,6.701081968251,
    64.796170681009));
#4694 = CARTESIAN_POINT('',(-11.15520825299,1.756988734984,
    64.970857092621));
#4695 = CARTESIAN_POINT('',(-10.96534001997,-4.98078660853,
    65.145452229762));
#4696 = CARTESIAN_POINT('',(-6.133642447772,-10.36461997938,
    65.320173592423));
#4697 = CARTESIAN_POINT('',(0.544417529968,-11.27959618671,
    65.494768729566));
#4698 = CARTESIAN_POINT('',(5.820076926955,-8.488485296239,
    65.669455141176));
#4699 = CARTESIAN_POINT('',(8.277928518768,-3.926757611305,
    65.84409519839));
#4700 = CARTESIAN_POINT('',(7.759008852269,4.872505262197,66.1934056238)
  );
#4701 = CARTESIAN_POINT('',(4.782020383238,9.113723668982,
    66.368045680992));
#4702 = CARTESIAN_POINT('',(-0.785130454197,11.265400603275,
    66.542732092646));
#4703 = CARTESIAN_POINT('',(-7.309357257005,9.571844831752,
    66.717327229732));
#4704 = CARTESIAN_POINT('',(-11.47476197281,3.657424594068,
    66.892048592453));
#4705 = CARTESIAN_POINT('',(-10.87137357697,-3.055964190285,
    67.066643729541));
#4706 = CARTESIAN_POINT('',(-6.969958319739,-7.572803911449,
    67.241330141192));
#4707 = CARTESIAN_POINT('',(-1.973747096845,-8.94694631131,
    67.415970198385));
#4708 = CARTESIAN_POINT('',(6.485965420945,-6.471149701408,
    67.765280623803));
#4709 = CARTESIAN_POINT('',(9.953007804199,-2.62017436631,
    67.939920680982));
#4710 = CARTESIAN_POINT('',(10.803645603573,3.287388363839,
    68.114607092665));
#4711 = CARTESIAN_POINT('',(7.692384565249,9.266829916099,
    68.289202229707));
#4712 = CARTESIAN_POINT('',(0.995518332291,12.002327284502,
    68.463923592475));
#4713 = CARTESIAN_POINT('',(-5.412358745337,9.911208472935,
    68.638518729528));
#4714 = CARTESIAN_POINT('',(-8.94105765068,5.097564727142,
    68.813205141194));
#4715 = CARTESIAN_POINT('',(-9.161725287726,-7.947107656336E-02,
    68.987845198388));
#4716 = CARTESIAN_POINT('',(-4.854748579122,-7.770131410294,
    69.337155623791));
#4717 = CARTESIAN_POINT('',(-0.325301408036,-10.28697511682,
    69.511795681023));
#4718 = CARTESIAN_POINT('',(5.622744702083,-9.793386676619,
    69.686482092594));
#4719 = CARTESIAN_POINT('',(10.753823184376,-5.422379912231,
    69.861077229796));
#4720 = CARTESIAN_POINT('',(11.920531284868,1.716930656886,
    70.035798592389));
#4721 = CARTESIAN_POINT('',(8.44784870936,7.493966424146,70.210393729594
    ));
#4722 = CARTESIAN_POINT('',(2.966366433337,9.855371542628,
    70.385080141158));
#4723 = CARTESIAN_POINT('',(-2.128654482524,8.911361062925,
    70.559720198397));
#4724 = CARTESIAN_POINT('',(-8.659805785392,2.991870595298,
    70.909030623795));
#4725 = CARTESIAN_POINT('',(-10.09866999861,-1.986087188237,
    71.083670681001));
#4726 = CARTESIAN_POINT('',(-8.285914933664,-7.672632813747,
    71.25835709263));
#4727 = CARTESIAN_POINT('',(-2.877079605716,-11.69484202268,
    71.432952229755));
#4728 = CARTESIAN_POINT('',(4.342210625317,-11.23352677834,
    71.607673592427));
#4729 = CARTESIAN_POINT('',(9.195103457623,-6.555589446096,
    71.782268729562));
#4730 = CARTESIAN_POINT('',(10.269325630665,-0.684564935944,
    71.956955141179));
#4731 = CARTESIAN_POINT('',(8.208564694412,4.069765540844,72.13159519839
    ));
#4732 = CARTESIAN_POINT('',(0.977094554871,9.109819544347,
    72.480905623797));
#4733 = CARTESIAN_POINT('',(-4.196641615881,9.397652749922,72.655545681)
  );
#4734 = CARTESIAN_POINT('',(-9.332979340521,6.357765111409,
    72.830232092638));
#4735 = CARTESIAN_POINT('',(-12.04211065729,0.185709211284,
    73.004827229739));
#4736 = CARTESIAN_POINT('',(-9.976193164279,-6.747035418825,
    73.179548592444));
#4737 = CARTESIAN_POINT('',(-4.330501183394,-10.42940267144,
    73.354143729553));
#4738 = CARTESIAN_POINT('',(1.63199210321,-10.1619033569,73.528830141181
    ));
#4739 = CARTESIAN_POINT('',(5.804253532828,-7.089017338562,
    73.70347019839));
#4740 = CARTESIAN_POINT('',(9.097325370319,1.087288832956,
    74.052780623796));
#4741 = CARTESIAN_POINT('',(8.219514200735,6.194131445505,
    74.227420681005));
#4742 = CARTESIAN_POINT('',(4.10682988316,10.519488052808,
    74.402107092627));
#4743 = CARTESIAN_POINT('',(-2.5150896886,11.777998168273,
    74.576702229753));
#4744 = CARTESIAN_POINT('',(-8.809311450537,8.212365600824,
    74.751423592432));
#4745 = CARTESIAN_POINT('',(-11.13419837002,1.885552237228,
    74.926018729561));
#4746 = CARTESIAN_POINT('',(-9.53855857845,-3.865692474271,
    75.100705141176));
#4747 = CARTESIAN_POINT('',(-5.60955870893,-7.244058047175,
    75.275345198393));
#4748 = CARTESIAN_POINT('',(3.096470280917,-8.622957595809,
    75.62465562379));
#4749 = CARTESIAN_POINT('',(7.877143593371,-6.624068754897,
    75.799295681019));
#4750 = CARTESIAN_POINT('',(11.171919591388,-1.647389822179,
    75.973982092607));
#4751 = CARTESIAN_POINT('',(10.915913616136,5.088196823862,
    76.148577229776));
#4752 = CARTESIAN_POINT('',(6.03159407702,10.424336424167,
    76.323298592412));
#4753 = CARTESIAN_POINT('',(-0.655126691682,11.273707890497,
    76.497893729574));
#4754 = CARTESIAN_POINT('',(-5.903130622231,8.430938673538,
    76.672580141169));
#4755 = CARTESIAN_POINT('',(-8.316079830208,3.845301309052,
    76.847220198395));
#4756 = CARTESIAN_POINT('',(-7.710799997426,-4.948443118742,
    77.196530623788));
#4757 = CARTESIAN_POINT('',(-4.69231759709,-9.160231090328,
    77.37117068102));
#4758 = CARTESIAN_POINT('',(0.895688653127,-11.25714983551,
    77.545857092614));
#4759 = CARTESIAN_POINT('',(7.402974868833,-9.499625260231,
    77.720452229761));
#4760 = CARTESIAN_POINT('',(11.510115097278,-3.544596936382,
    77.895173592426));
#4761 = CARTESIAN_POINT('',(10.840848297831,3.16254466624,78.06976872957
    ));
#4762 = CARTESIAN_POINT('',(6.895277795915,7.640865276734,
    78.244455141168));
#4763 = CARTESIAN_POINT('',(1.88581695089,8.965892054198,78.419095198398
    ));
#4764 = CARTESIAN_POINT('',(-6.549182198621,6.407163056221,
    78.768405623786));
#4765 = CARTESIAN_POINT('',(-9.97825124686,2.5223362414,78.94304568103)
  );
#4766 = CARTESIAN_POINT('',(-10.77085162331,-3.393292780056,
    79.117732092588));
#4767 = CARTESIAN_POINT('',(-7.601038432664,-9.34190193369,79.2923272298
    ));
#4768 = CARTESIAN_POINT('',(-0.877639677525,-12.0115222012,
    79.467048592384));
#4769 = CARTESIAN_POINT('',(5.509399416757,-9.857595987336,
    79.641643729602));
#4770 = CARTESIAN_POINT('',(8.990671192566,-5.009541852014,
    79.81633014115));
#4771 = CARTESIAN_POINT('',(9.160503581715,0.169410829597,
    79.990970198402));
#4772 = CARTESIAN_POINT('',(4.778232762389,7.817417576678,
    80.340280623785));
#4773 = CARTESIAN_POINT('',(0.224295211693,10.289672964586,
    80.514920681028));
#4774 = CARTESIAN_POINT('',(-5.718618540573,9.737714442843,
    80.689607092594));
#4775 = CARTESIAN_POINT('',(-10.80653818159,5.31654488579,
    80.864202229793));
#4776 = CARTESIAN_POINT('',(-11.90310116554,-1.833875578489,
    81.03892359239));
#4777 = CARTESIAN_POINT('',(-8.373870937238,-7.576540510602,
    81.213518729597));
#4778 = CARTESIAN_POINT('',(-2.869470151437,-9.884018368563,
    81.388205141154));
#4779 = CARTESIAN_POINT('',(2.216037577732,-8.890033934349,
    81.562845198401));
#4780 = CARTESIAN_POINT('',(8.68876060939,-2.906710335146,
    81.912155623786));
#4781 = CARTESIAN_POINT('',(10.078685281039,2.085133344887,
    82.086795681029));
#4782 = CARTESIAN_POINT('',(8.210190940325,7.753608534484,
    82.261482092588));
#4783 = CARTESIAN_POINT('',(2.762128957492,11.722523645341,82.4360772298
    ));
#4784 = CARTESIAN_POINT('',(-4.452284489302,11.19035655465,
    82.610798592386));
#4785 = CARTESIAN_POINT('',(-9.259018651076,6.465002258446,
    82.785393729595));
#4786 = CARTESIAN_POINT('',(-10.27555133375,0.583714696948,
    82.960080141157));
#4787 = CARTESIAN_POINT('',(-8.168214927196,-4.150155515512,
    83.134720198398));
#4788 = CARTESIAN_POINT('',(-0.887613460096,-9.11897298193,
    83.48403062379));
#4789 = CARTESIAN_POINT('',(4.28869913341,-9.356000096365,
    83.658670681018));
#4790 = CARTESIAN_POINT('',(9.394945784921,-6.265833885554,
    83.833357092607));
#4791 = CARTESIAN_POINT('',(12.043353502053,-6.747901592572E-02,
    84.007952229776));
#4792 = CARTESIAN_POINT('',(9.909474599888,6.844649746209,
    84.182673592411));
#4793 = CARTESIAN_POINT('',(4.227903715501,10.471413980692,
    84.357268729573));
#4794 = CARTESIAN_POINT('',(-1.731676106135,10.145391856576,
    84.531955141174));
#4795 = CARTESIAN_POINT('',(-5.873568966809,7.031693500994,
    84.70659519839));
#4796 = CARTESIAN_POINT('',(-9.086212699057,-1.17654778365,
    85.055905623801));
#4797 = CARTESIAN_POINT('',(-8.158308327374,-6.274526539572,
    85.230545680988));
#4798 = CARTESIAN_POINT('',(-4.003358797283,-10.55929916815,
    85.405232092656));
#4799 = CARTESIAN_POINT('',(2.630596853,-11.75273913565,85.579827229718)
  );
#4800 = CARTESIAN_POINT('',(8.889510336248,-8.125486014723,
    85.754548592465));
#4801 = CARTESIAN_POINT('',(11.152172869867,-1.776153389545,
    85.929143729534));
#4802 = CARTESIAN_POINT('',(9.500148167901,3.959149258112,
    86.103830141194));
#4803 = CARTESIAN_POINT('',(5.538171147312,7.298779777665,
    86.278470198385));
#4804 = CARTESIAN_POINT('',(-3.18097538714,8.592143008943,
    86.627780623801));
#4805 = CARTESIAN_POINT('',(-7.941794583902,6.54641710001,
    86.802420680992));
#4806 = CARTESIAN_POINT('',(-11.18755415691,1.537632130512,
    86.977107092646));
#4807 = CARTESIAN_POINT('',(-10.86543511381,-5.19511662819,
    87.151702229734));
#4808 = CARTESIAN_POINT('',(-5.928964368681,-10.48304814971,
    87.326423592449));
#4809 = CARTESIAN_POINT('',(0.765772710923,-11.26673301083,
    87.501018729546));
#4810 = CARTESIAN_POINT('',(5.985615361494,-8.372579459426,
    87.675705141187));
#4811 = CARTESIAN_POINT('',(8.353429620565,-3.763474388653,
    87.850345198389));
#4812 = CARTESIAN_POINT('',(7.661847959631,5.023904034038,
    88.199655623791));
#4813 = CARTESIAN_POINT('',(4.602162555604,9.205855629545,
    88.374295681023));
#4814 = CARTESIAN_POINT('',(-1.006160523714,11.247814080211,
    88.548982092596));
#4815 = CARTESIAN_POINT('',(-7.495878966546,9.426490095075,
    88.723577229792));
#4816 = CARTESIAN_POINT('',(-11.54435885288,3.431427643047,
    88.898298592395));
#4817 = CARTESIAN_POINT('',(-10.80927815517,-3.268820329545,
    89.072893729587));
#4818 = CARTESIAN_POINT('',(-6.819932690865,-7.708190199529,
    89.247580141166));
#4819 = CARTESIAN_POINT('',(-1.797705045969,-8.983973645747,
    89.422220198392));
#4820 = CARTESIAN_POINT('',(6.611767752482,-6.342558875325,
    89.771530623803));
#4821 = CARTESIAN_POINT('',(10.002532964906,-2.42425500848,
    89.946170680974));
#4822 = CARTESIAN_POINT('',(10.737019525941,3.498870143679,
    90.12085709268));
#4823 = CARTESIAN_POINT('',(7.508959696221,9.416073559273,
    90.295452229692));
#4824 = CARTESIAN_POINT('',(0.759676433968,12.019559422457,
    90.470173592488));
#4825 = CARTESIAN_POINT('',(-5.605909080758,9.803033406074,
    90.644768729517));
#4826 = CARTESIAN_POINT('',(-9.039418194865,4.921036146836,
    90.819455141203));
#4827 = CARTESIAN_POINT('',(-9.1583989673,-0.259334254465,
    90.994095198384));
#4828 = CARTESIAN_POINT('',(-4.701256409638,-7.863950284085,
    91.343405623797));
#4829 = CARTESIAN_POINT('',(-0.123267397298,-10.29137907226,
    91.518045681006));
#4830 = CARTESIAN_POINT('',(5.81394120668,-9.681103667858,
    91.692732092627));
#4831 = CARTESIAN_POINT('',(10.858211622206,-5.210197439715,
    91.867327229749));
#4832 = CARTESIAN_POINT('',(11.88452380051,1.950643747375,
    92.042048592438));
#4833 = CARTESIAN_POINT('',(8.299086074033,7.658384354301,
    92.216643729558));
#4834 = CARTESIAN_POINT('',(2.772297304021,9.91171255224,92.391330141176
    ));
#4835 = CARTESIAN_POINT('',(-2.303207086627,8.867849965797,
    92.565970198394));
#4836 = CARTESIAN_POINT('',(-8.716877992554,2.821269920204,
    92.915280623787));
#4837 = CARTESIAN_POINT('',(-10.05772915879,-2.183978532045,
    93.08992068103));
#4838 = CARTESIAN_POINT('',(-8.133675631685,-7.833836946297,
    93.264607092587));
#4839 = CARTESIAN_POINT('',(-2.646912089552,-11.74907542675,
    93.439202229802));
#4840 = CARTESIAN_POINT('',(4.561929232867,-11.1461077811,
    93.613923592384));
#4841 = CARTESIAN_POINT('',(9.322041441021,-6.373791960417,
    93.788518729599));
#4842 = CARTESIAN_POINT('',(10.28078665782,-0.48280819832,
    93.963205141154));
#4843 = CARTESIAN_POINT('',(8.127077890423,4.230145489553,
    94.137845198401));
#4844 = CARTESIAN_POINT('',(0.79804681529,9.127247513919,94.487155623786
    ));
#4845 = CARTESIAN_POINT('',(-4.3803432972,9.313445692052,94.661795681029
    ));
#4846 = CARTESIAN_POINT('',(-9.456006724878,6.173298745564,
    94.83648209259));
#4847 = CARTESIAN_POINT('',(-12.04343558335,-5.075768316308E-02,
    95.011077229795));
#4848 = CARTESIAN_POINT('',(-9.841800939696,-6.94160437204,
    95.185798592393));
#4849 = CARTESIAN_POINT('',(-4.124898753454,-10.51241603324,
    95.36039372959));
#4850 = CARTESIAN_POINT('',(1.831193206516,-10.12790252226,
    95.535080141162));
#4851 = CARTESIAN_POINT('',(5.942318293988,-6.973691934171,
    95.709720198395));
#4852 = CARTESIAN_POINT('',(9.074224279705,1.265693336221,
    96.059030623796));
#4853 = CARTESIAN_POINT('',(8.096316139273,6.354316881699,
    96.233670680971));
#4854 = CARTESIAN_POINT('',(3.899501859356,10.598092556292,
    96.40835709275));
#4855 = CARTESIAN_POINT('',(-2.745850474993,11.726347349542,
    96.582952229496));
#4856 = CARTESIAN_POINT('',(-8.968852432451,8.037823277406,
    96.757673592813));
#4857 = CARTESIAN_POINT('',(-11.16907250008,1.666583352475,
    96.932268729128));
#4858 = CARTESIAN_POINT('',(-9.460822113287,-4.052224450889,
    97.106955141566));
#4859 = CARTESIAN_POINT('',(-5.466249805245,-7.352798036575,
    97.281595198111));
#4860 = CARTESIAN_POINT('',(3.26517390436,-8.560500293439,
    97.630905624394));
#4861 = CARTESIAN_POINT('',(8.005680127618,-6.468134487878,
    97.805545677748));
#4862 = CARTESIAN_POINT('',(11.20211044301,-1.4277262385,97.980232101167
    ));
#4863 = CARTESIAN_POINT('',(10.813909377668,5.301535716074,
    98.154827214177));
#4864 = CARTESIAN_POINT('',(5.825763215239,10.540749497666,
    98.329548614113));
#4865 = CARTESIAN_POINT('',(-0.87634492432,11.258672219554,
    98.504143705698));
#4866 = CARTESIAN_POINT('',(-6.067523193873,8.31341327908,
    98.678830162191));
#4867 = CARTESIAN_POINT('',(-8.389974290562,3.68128473647,
    98.853470183645));
#4868 = CARTESIAN_POINT('',(-7.612157455785,-5.098880734397,
    99.202780654695));
#4869 = CARTESIAN_POINT('',(-4.511563954593,-9.250592892513,
    99.377420514158));
#4870 = CARTESIAN_POINT('',(1.116535435399,-11.23739422859,
    99.552107528939));
#4871 = CARTESIAN_POINT('',(7.588060564974,-9.352446400825,
    99.726701434933));
#4872 = CARTESIAN_POINT('',(11.577489982086,-3.317927599809,
    99.901424698025));
#4873 = CARTESIAN_POINT('',(10.776666144577,3.374780913188,
    100.07601751329));
#4874 = CARTESIAN_POINT('',(6.743930308049,7.774772211993,
    100.25070621175));
#4875 = CARTESIAN_POINT('',(1.709419845365,9.001189328425,
    100.42534444742));
#4876 = CARTESIAN_POINT('',(-2.482148072009,7.639266372409,
    100.60000082218));
#4877 = CARTESIAN_POINT('',(6.9524,8.881784197001E-16,0.44));
#4878 = CARTESIAN_POINT('',(6.952397445926,3.814701243858,0.614650173058
    ));
#4879 = CARTESIAN_POINT('',(4.596269000726,7.630949919535,0.789313481356
    ));
#4880 = CARTESIAN_POINT('',(-0.104350032583,9.773867212791,
    0.963940247557));
#4881 = CARTESIAN_POINT('',(-5.827894447698,8.642854729514,
    1.138636446534));
#4882 = CARTESIAN_POINT('',(-9.728273059057,3.744944993042,
    1.313238183128));
#4883 = CARTESIAN_POINT('',(-9.549107240838,-2.086573464539,
    1.487933592284));
#4884 = CARTESIAN_POINT('',(-6.408191655482,-6.188057873671,
    1.662561577693));
#4885 = CARTESIAN_POINT('',(-2.161304933632,-7.629979845322,
    1.837223710137));
#4886 = CARTESIAN_POINT('',(5.274423347563,-5.921844419468,
    2.186525706185));
#4887 = CARTESIAN_POINT('',(8.466286798499,-2.771112898529,
    2.361187721324));
#4888 = CARTESIAN_POINT('',(9.502393752405,2.289952315714,2.535816111014
    ));
#4889 = CARTESIAN_POINT('',(7.118658662003,7.614985207022,2.710510661638
    ));
#4890 = CARTESIAN_POINT('',(1.471835118083,10.319767451608,
    2.885113747402));
#4891 = CARTESIAN_POINT('',(-4.171536562294,8.839543335746,
    3.059808282525));
#4892 = CARTESIAN_POINT('',(-7.465690708143,4.86008655709,3.23443669615)
  );
#4893 = CARTESIAN_POINT('',(-7.920182150795,0.398178652086,
    3.409098688197));
#4894 = CARTESIAN_POINT('',(-4.590637271627,-6.466361614474,
    3.758400716658));
#4895 = CARTESIAN_POINT('',(-0.805267412365,-8.871788038276,
    3.933062706396));
#4896 = CARTESIAN_POINT('',(4.359293965719,-8.748481300654,
    4.107691127972));
#4897 = CARTESIAN_POINT('',(9.015460394853,-5.233046388963,
    4.282385646226));
#4898 = CARTESIAN_POINT('',(10.387325091983,0.876000188304,
    4.456988758479));
#4899 = CARTESIAN_POINT('',(7.681193187643,6.044709665609,4.631683276444
    ));
#4900 = CARTESIAN_POINT('',(3.065233702941,8.364288457713,4.806311698475
    ));
#4901 = CARTESIAN_POINT('',(-1.385163285841,7.808274727428,
    4.980973687766));
#4902 = CARTESIAN_POINT('',(-7.330000992111,3.026362262303,
    5.330275716865));
#4903 = CARTESIAN_POINT('',(-8.826866281864,-1.201461711362,
    5.504937706096));
#4904 = CARTESIAN_POINT('',(-7.550406136888,-6.207313115879,
    5.679566128318));
#4905 = CARTESIAN_POINT('',(-3.08175099027,-9.958218287865,
    5.854260645904));
#4906 = CARTESIAN_POINT('',(3.17936074574,-9.927515507377,6.028863758716
    ));
#4907 = CARTESIAN_POINT('',(7.610991264238,-6.132866841974,
    6.203558276311));
#4908 = CARTESIAN_POINT('',(8.838229085837,-1.114758128029,
    6.378186698527));
#4909 = CARTESIAN_POINT('',(7.29993914315,3.098180119644,6.552848687755)
  );
#4910 = CARTESIAN_POINT('',(1.308438045578,7.821494292517,6.902150716871
    ));
#4911 = CARTESIAN_POINT('',(-3.147192308459,8.333802204002,
    7.076812706085));
#4912 = CARTESIAN_POINT('',(-7.740185347095,5.968994868743,
    7.251441128335));
#4913 = CARTESIAN_POINT('',(-10.39539482095,0.773994283718,
    7.426135645886));
#4914 = CARTESIAN_POINT('',(-8.963683350591,-5.321304322366,
    7.600738758732));
#4915 = CARTESIAN_POINT('',(-4.273173234691,-8.790860835657,
    7.775433276301));
#4916 = CARTESIAN_POINT('',(0.892314010124,-8.863450499954,
    7.950061698531));
#4917 = CARTESIAN_POINT('',(4.65390153434,-6.420983729625,8.124723687754
    ));
#4918 = CARTESIAN_POINT('',(7.915888271644,0.475915914672,8.474025716872
    ));
#4919 = CARTESIAN_POINT('',(7.417628797515,4.93313912475,8.648687706082)
  );
#4920 = CARTESIAN_POINT('',(4.084536162036,8.880086333557,8.823316128341
    ));
#4921 = CARTESIAN_POINT('',(-1.573058316088,10.304794426338,
    8.998010645878));
#4922 = CARTESIAN_POINT('',(-7.193083879718,7.544762633784,9.17261375874
    ));
#4923 = CARTESIAN_POINT('',(-9.524416091585,2.196529498994,
    9.347308276296));
#4924 = CARTESIAN_POINT('',(-8.438672202234,-2.854083131422,
    9.521936698534));
#4925 = CARTESIAN_POINT('',(-5.216033284251,-5.973343144757,
    9.696598687754));
#4926 = CARTESIAN_POINT('',(2.23610749883,-7.608390522355,
    10.045900716872));
#4927 = CARTESIAN_POINT('',(6.468629170891,-6.124860427093,
    10.220562706082));
#4928 = CARTESIAN_POINT('',(9.569143002542,-1.992704480672,
    10.39519112834));
#4929 = CARTESIAN_POINT('',(9.691016909848,3.840246331672,10.56988564588
    ));
#4930 = CARTESIAN_POINT('',(5.742792334761,8.699668677635,
    10.744488758737));
#4931 = CARTESIAN_POINT('',(8.367383220645E-03,9.774414238842,
    10.919183276299));
#4932 = CARTESIAN_POINT('',(-4.670949701876,7.585460298516,
    11.093811698532));
#4933 = CARTESIAN_POINT('',(-6.989516553492,3.746263457887,
    11.268473687755));
#4934 = CARTESIAN_POINT('',(-6.914612786213,-3.882771317462,
    11.61777571687));
#4935 = CARTESIAN_POINT('',(-4.521131282737,-7.675705213606,
    11.79243770609));
#4936 = CARTESIAN_POINT('',(0.200297331007,-9.772371765828,
    11.967066128324));
#4937 = CARTESIAN_POINT('',(5.912464031501,-8.585223917349,
    12.141760645899));
#4938 = CARTESIAN_POINT('',(9.764569009893,-3.649258959283,
    12.31636375872));
#4939 = CARTESIAN_POINT('',(9.528162805774,2.180219546798,
    12.491058276309));
#4940 = CARTESIAN_POINT('',(6.347132581437,6.250670928106,
    12.665686698528));
#4941 = CARTESIAN_POINT('',(2.086294850979,7.650830369458,
    12.840348687755));
#4942 = CARTESIAN_POINT('',(-5.332305815636,5.86977834126,
    13.189650716871));
#4943 = CARTESIAN_POINT('',(-8.493083684898,2.68786311467,
    13.364312706084));
#4944 = CARTESIAN_POINT('',(-9.479454645682,-2.383129994525,
    13.538941128338));
#4945 = CARTESIAN_POINT('',(-7.043556849756,-7.684504378242,
    13.713635645881));
#4946 = CARTESIAN_POINT('',(-1.370451747149,-10.33371960668,
    13.888238758738));
#4947 = CARTESIAN_POINT('',(4.258116157301,-8.798164042373,
    14.062933276297));
#4948 = CARTESIAN_POINT('',(7.513043948193,-4.786559274716,
    14.237561698533));
#4949 = CARTESIAN_POINT('',(7.923709516377,-0.320404506058,
    14.412223687754));
#4950 = CARTESIAN_POINT('',(4.52693370692,6.511117745835,14.76152571687)
  );
#4951 = CARTESIAN_POINT('',(0.718131429715,8.879266064917,14.93618770609
    ));
#4952 = CARTESIAN_POINT('',(-4.444970521777,8.70526312129,
    15.110816128323));
#4953 = CARTESIAN_POINT('',(-9.066400417643,5.144286549344,
    15.285510645904));
#4954 = CARTESIAN_POINT('',(-10.3782245426,-0.977933660432,
    15.460113758713));
#4955 = CARTESIAN_POINT('',(-7.621480177744,-6.119827091171,
    15.634808276316));
#4956 = CARTESIAN_POINT('',(-2.982971095368,-8.393977752054,
    15.809436698523));
#4957 = CARTESIAN_POINT('',(1.461752859861,-7.794299848232,
    15.984098687757));
#4958 = CARTESIAN_POINT('',(7.359358516489,-2.954255458275,
    16.333400716868));
#4959 = CARTESIAN_POINT('',(8.814645772709,1.288059976705,
    16.508062706095));
#4960 = CARTESIAN_POINT('',(7.489103099862,6.281138727178,
    16.682691128315));
#4961 = CARTESIAN_POINT('',(2.983839468537,9.98799292454,16.857385645914
    ));
#4962 = CARTESIAN_POINT('',(-3.27666911901,9.895824290358,
    17.031988758703));
#4963 = CARTESIAN_POINT('',(-7.67083279488,6.057851761015,
    17.206683276323));
#4964 = CARTESIAN_POINT('',(-8.848747098909,1.027936689371,
    17.381311698519));
#4965 = CARTESIAN_POINT('',(-7.269171527888,-3.169696648832,
    17.555973687759));
#4966 = CARTESIAN_POINT('',(-1.231588883422,-7.833962720689,
    17.905275716864));
#4967 = CARTESIAN_POINT('',(3.228856239509,-8.302503597506,
    18.079937706113));
#4968 = CARTESIAN_POINT('',(7.798411868273,-5.892719345368,
    18.254566128279));
#4969 = CARTESIAN_POINT('',(10.402492405086,-0.67190207355,
    18.429260645959));
#4970 = CARTESIAN_POINT('',(8.911010437561,5.409047225068,
    18.603863758665));
#4971 = CARTESIAN_POINT('',(4.186664617939,8.832388301156,
    18.778558276345));
#4972 = CARTESIAN_POINT('',(-0.979286332563,8.854263229461,
    18.953186698513));
#4973 = CARTESIAN_POINT('',(-4.716714105716,6.374985458212,
    19.127848687757));
#4974 = CARTESIAN_POINT('',(-7.910834578239,-0.553605782788,
    19.477150716872));
#4975 = CARTESIAN_POINT('',(-7.368841132139,-5.005722622274,
    19.651812706075));
#4976 = CARTESIAN_POINT('',(-3.997160680713,-8.919757588792,
    19.826441128357));
#4977 = CARTESIAN_POINT('',(1.674147966359,-10.28885461176,
    20.001135645855));
#4978 = CARTESIAN_POINT('',(7.26680658162,-7.473782242338,
    20.175738758762));
#4979 = CARTESIAN_POINT('',(9.545521131583,-2.102919411693,
    20.350433276282));
#4980 = CARTESIAN_POINT('',(8.410246088326,2.936790729982,20.52506169854
    ));
#4981 = CARTESIAN_POINT('',(5.157139701015,6.024262747559,
    20.699723687753));
#4982 = CARTESIAN_POINT('',(-2.310693737881,7.58607128471,
    21.049025716871));
#4983 = CARTESIAN_POINT('',(-6.528447151632,6.061060665451,
    21.223687706085));
#4984 = CARTESIAN_POINT('',(-9.588244871805,1.89866511753,
    21.398316128335));
#4985 = CARTESIAN_POINT('',(-9.652848965099,-3.935201073912,
    21.573010645884));
#4986 = CARTESIAN_POINT('',(-5.657108158075,-8.755628257784,
    21.747613758736));
#4987 = CARTESIAN_POINT('',(8.75915659208E-02,-9.774025344922,
    21.922308276298));
#4988 = CARTESIAN_POINT('',(4.745193490023,-7.539238542459,
    22.096936698533));
#4989 = CARTESIAN_POINT('',(7.025957986102,-3.677464605534,
    22.271598687755));
#4990 = CARTESIAN_POINT('',(6.87616115789,3.950467164486,22.620900716868
    ));
#4991 = CARTESIAN_POINT('',(4.445558555497,7.719720702956,
    22.795562706097));
#4992 = CARTESIAN_POINT('',(-0.296226172779,9.769934442195,
    22.970191128309));
#4993 = CARTESIAN_POINT('',(-5.996462988482,8.526765639016,
    23.144885645921));
#4994 = CARTESIAN_POINT('',(-9.799924385698,3.553221205532,
    23.319488758699));
#4995 = CARTESIAN_POINT('',(-9.506299722178,-2.27365549671,
    23.494183276323));
#4996 = CARTESIAN_POINT('',(-6.285461873939,-6.312681529194,
    23.668811698521));
#4997 = CARTESIAN_POINT('',(-2.011083665327,-7.670943490765,
    23.843473687758));
#4998 = CARTESIAN_POINT('',(5.389674334683,-5.817146521535,
    24.192775716867));
#4999 = CARTESIAN_POINT('',(8.519062004889,-2.604354269067,24.3674377061
    ));
#5000 = CARTESIAN_POINT('',(9.45560187272,2.476077982428,24.542066128306
    ));
#5001 = CARTESIAN_POINT('',(6.967776179989,7.753282900817,
    24.716760645924));
#5002 = CARTESIAN_POINT('',(1.268936278341,10.346675776439,
    24.891363758697));
#5003 = CARTESIAN_POINT('',(-4.344285340246,8.755936763586,
    25.066058276325));
#5004 = CARTESIAN_POINT('',(-7.559673067706,4.712570653816,
    25.240686698519));
#5005 = CARTESIAN_POINT('',(-7.926473177925,0.242599478773,
    25.415348687759));
#5006 = CARTESIAN_POINT('',(-4.462793827118,-6.555246322112,
    25.764650716864));
#5007 = CARTESIAN_POINT('',(-0.630926231783,-8.885888289422,
    25.939312706112));
#5008 = CARTESIAN_POINT('',(4.530218662013,-8.661205910538,
    26.11394112828));
#5009 = CARTESIAN_POINT('',(9.116466602169,-5.055030892686,
    26.288635645959));
#5010 = CARTESIAN_POINT('',(10.368123718145,1.079772877274,
    26.463238758662));
#5011 = CARTESIAN_POINT('',(7.561032593831,6.194354675069,
    26.637933276348));
#5012 = CARTESIAN_POINT('',(2.900420982788,8.422858017342,
    26.812561698511));
#5013 = CARTESIAN_POINT('',(-1.538201547089,7.779573738195,
    26.987223687758));
#5014 = CARTESIAN_POINT('',(-7.388006730582,2.881863916958,
    27.336525716872));
#5015 = CARTESIAN_POINT('',(-8.801575689633,-1.374534096157,
    27.511187706075));
#5016 = CARTESIAN_POINT('',(-7.427078247512,-6.354358949227,
    27.685816128358));
#5017 = CARTESIAN_POINT('',(-2.885640358128,-10.0168048977,
    27.860510645853));
#5018 = CARTESIAN_POINT('',(3.373661680082,-9.863179293157,
    28.035113758764));
#5019 = CARTESIAN_POINT('',(7.729934994692,-5.982252811724,
    28.20980827628));
#5020 = CARTESIAN_POINT('',(8.858412251322,-0.941016176019,
    28.38443669854));
#5021 = CARTESIAN_POINT('',(7.237703294741,3.240907676055,
    28.559098687753));
#5022 = CARTESIAN_POINT('',(1.154621018171,7.845676095237,28.90840071687
    ));
#5023 = CARTESIAN_POINT('',(-3.310208966691,8.270404778413,
    29.083062706093));
#5024 = CARTESIAN_POINT('',(-7.855886762245,5.815875869466,
    29.257691128319));
#5025 = CARTESIAN_POINT('',(-10.4085873754,0.569745104043,
    29.432385645904));
#5026 = CARTESIAN_POINT('',(-8.857478662747,-5.496268792539,
    29.606988758717));
#5027 = CARTESIAN_POINT('',(-4.099752481773,-8.873064482676,
    29.78168327631));
#5028 = CARTESIAN_POINT('',(1.066164269364,-8.844222566658,
    29.956311698528));
#5029 = CARTESIAN_POINT('',(4.779072070366,-6.328372752429,
    30.130973687755));
#5030 = CARTESIAN_POINT('',(7.90501842213,0.631242293227,30.48027571687)
  );
#5031 = CARTESIAN_POINT('',(7.319343242526,5.077823657831,
    30.654937706088));
#5032 = CARTESIAN_POINT('',(3.909399944714,8.958569139238,
    30.829566128329));
#5033 = CARTESIAN_POINT('',(-1.77507625876,10.271923135941,
    31.004260645892));
#5034 = CARTESIAN_POINT('',(-7.339828893575,7.402081512229,
    31.178863758728));
#5035 = CARTESIAN_POINT('',(-9.565706154397,2.009106640622,
    31.353558276303));
#5036 = CARTESIAN_POINT('',(-8.381009377387,-3.01921527453,
    31.528186698532));
#5037 = CARTESIAN_POINT('',(-5.097749061923,-6.074601719379,
    31.702848687753));
#5038 = CARTESIAN_POINT('',(2.385057267462,-7.563020885727,
    32.052150716874));
#5039 = CARTESIAN_POINT('',(6.587635907045,-5.996676726159,
    32.226812706071));
#5040 = CARTESIAN_POINT('',(9.606422606074,-1.804442757106,
    32.401441128366));
#5041 = CARTESIAN_POINT('',(9.613750658676,4.029776533294,
    32.576135645839));
#5042 = CARTESIAN_POINT('',(5.570878737524,8.810743952251,32.75073875878
    ));
#5043 = CARTESIAN_POINT('',(-0.183542072798,9.772694410097,
    32.925433276267));
#5044 = CARTESIAN_POINT('',(-4.818979926548,7.4922901389,33.100061698546
    ));
#5045 = CARTESIAN_POINT('',(-7.061722242258,3.608311311488,
    33.274723687753));
#5046 = CARTESIAN_POINT('',(-6.837046790842,-4.017782257262,
    33.624025716866));
#5047 = CARTESIAN_POINT('',(-4.36955735608,-7.762992149549,
    33.798687706113));
#5048 = CARTESIAN_POINT('',(0.392126463674,-9.766555471965,
    33.973316128275));
#5049 = CARTESIAN_POINT('',(6.079883993855,-8.467485533233,
    34.148010645968));
#5050 = CARTESIAN_POINT('',(9.834335224417,-3.456840984956,
    34.322613758654));
#5051 = CARTESIAN_POINT('',(9.483520401615,2.366872306992,
    34.497308276352));
#5052 = CARTESIAN_POINT('',(6.223185360548,6.374083700891,34.67193669851
    ));
#5053 = CARTESIAN_POINT('',(1.935678647247,7.690317270572,
    34.846598687757));
#5054 = CARTESIAN_POINT('',(-5.446523385703,5.763954033128,
    35.195900716874));
#5055 = CARTESIAN_POINT('',(-8.544219239951,2.520594410347,
    35.370562706062));
#5056 = CARTESIAN_POINT('',(-9.43083774916,-2.568787320716,
    35.545191128386));
#5057 = CARTESIAN_POINT('',(-6.891323941478,-7.821314145938,
    35.719885645811));
#5058 = CARTESIAN_POINT('',(-1.167298506772,-10.35863471197,
    35.894488758807));
#5059 = CARTESIAN_POINT('',(4.430035811887,-8.712865569441,
    36.069183276249));
#5060 = CARTESIAN_POINT('',(7.60557357022,-4.638127825528,
    36.243811698555));
#5061 = CARTESIAN_POINT('',(7.928472869483,-0.164771069249,
    36.41847368775));
#5062 = CARTESIAN_POINT('',(4.398223813964,6.598743090108,
    36.767775716869));
#5063 = CARTESIAN_POINT('',(0.543660223858,8.891654073511,36.9424377061)
  );
#5064 = CARTESIAN_POINT('',(-4.61503017033,8.616313914743,
    37.117066128299));
#5065 = CARTESIAN_POINT('',(-9.165654122682,4.965288021625,
    37.29176064594));
#5066 = CARTESIAN_POINT('',(-10.35702359233,-1.181508023365,
    37.466363758676));
#5067 = CARTESIAN_POINT('',(-7.499856261859,-6.26828523416,
    37.641058276343));
#5068 = CARTESIAN_POINT('',(-2.817591321601,-8.45092647005,
    37.815686698511));
#5069 = CARTESIAN_POINT('',(1.614501979252,-7.764097816648,
    37.99034868776));
#5070 = CARTESIAN_POINT('',(7.415942873206,-2.809194615597,
    38.339650716867));
#5071 = CARTESIAN_POINT('',(8.787657292386,1.460875735138,
    38.514312706093));
#5072 = CARTESIAN_POINT('',(7.364337557887,6.426966724963,
    38.688941128324));
#5073 = CARTESIAN_POINT('',(2.787163123701,10.044651430336,
    38.863635645895));
#5074 = CARTESIAN_POINT('',(-3.470329080612,9.829583662236,
    39.038238758729));
#5075 = CARTESIAN_POINT('',(-7.788292167295,5.906077280438,39.2129332763
    ));
#5076 = CARTESIAN_POINT('',(-8.867223611514,0.854004965578,
    39.387561698534));
#5077 = CARTESIAN_POINT('',(-7.20553747669,-3.311806337852,
    39.562223687753));
#5078 = CARTESIAN_POINT('',(-1.07754186814,-7.856633287192,
    39.911525716874));
#5079 = CARTESIAN_POINT('',(3.39124264904,-8.237508840492,
    40.086187706071));
#5080 = CARTESIAN_POINT('',(7.912604489507,-5.738471847349,
    40.260816128364));
#5081 = CARTESIAN_POINT('',(10.413679144395,-0.467533221306,
    40.435510645844));
#5082 = CARTESIAN_POINT('',(8.803093185709,5.582960618172,
    40.610113758775));
#5083 = CARTESIAN_POINT('',(4.012445202925,8.912885459782,
    40.784808276271));
#5084 = CARTESIAN_POINT('',(-1.152939447031,8.833329479272,
    40.959436698545));
#5085 = CARTESIAN_POINT('',(-4.840969418103,6.281150104909,
    41.134098687752));
#5086 = CARTESIAN_POINT('',(-7.898440363894,-0.70881796322,
    41.483400716871));
#5087 = CARTESIAN_POINT('',(-7.269139899374,-5.149435282173,
    41.658062706091));
#5088 = CARTESIAN_POINT('',(-3.821262412614,-8.996517244147,
    41.832691128318));
#5089 = CARTESIAN_POINT('',(1.875833465615,-10.25400163078,
    42.007385645913));
#5090 = CARTESIAN_POINT('',(7.412143777552,-7.329667354102,
    42.181988758702));
#5091 = CARTESIAN_POINT('',(9.584969214533,-1.915100227668,
    42.356683276326));
#5092 = CARTESIAN_POINT('',(8.350964887327,3.101348820821,
    42.531311698517));
#5093 = CARTESIAN_POINT('',(5.037867091166,6.124355208446,42.70597368776
    ));
#5094 = CARTESIAN_POINT('',(-2.45919092026,7.53924154704,43.055275716862
    ));
#5095 = CARTESIAN_POINT('',(-6.646189732388,5.931714814716,
    43.229937706119));
#5096 = CARTESIAN_POINT('',(-9.623674453373,1.710046480675,
    43.404566128266));
#5097 = CARTESIAN_POINT('',(-9.57372575889,-4.123963594361,
    43.57926064598));
#5098 = CARTESIAN_POINT('',(-5.484112384165,-8.865010448924,
    43.753863758641));
#5099 = CARTESIAN_POINT('',(0.279474889572,-9.770421562626,
    43.928558276365));
#5100 = CARTESIAN_POINT('',(4.892301899725,-7.444619612825,
    44.103186698501));
#5101 = CARTESIAN_POINT('',(7.096805874933,-3.53881024089,
    44.277848687762));
#5102 = CARTESIAN_POINT('',(6.797273454994,4.084710107824,
    44.627150716864));
#5103 = CARTESIAN_POINT('',(4.293135009613,7.805515382803,
    44.801812706104));
#5104 = CARTESIAN_POINT('',(-0.487988960566,9.762235180779,
    44.976441128302));
#5105 = CARTESIAN_POINT('',(-6.162719007407,8.407389313599,
    45.151135645924));
#5106 = CARTESIAN_POINT('',(-9.867798209392,3.360127586811,
    45.325738758701));
#5107 = CARTESIAN_POINT('',(-9.459827039641,-2.459860993162,
    45.500433276319));
#5108 = CARTESIAN_POINT('',(-6.160309043593,-6.434871525151,
    45.675061698524));
#5109 = CARTESIAN_POINT('',(-1.860087064429,-7.708949841593,
    45.849723687756));
#5110 = CARTESIAN_POINT('',(5.502847489459,-5.710206002827,
    46.19902571687));
#5111 = CARTESIAN_POINT('',(8.568552965381,-2.436591611534,
    46.37368770609));
#5112 = CARTESIAN_POINT('',(9.405164661845,2.661249074028,
    46.548316128323));
#5113 = CARTESIAN_POINT('',(6.814207502778,7.888591556391,
    46.723010645907));
#5114 = CARTESIAN_POINT('',(1.065548228612,10.369595260852,
    46.897613758706));
#5115 = CARTESIAN_POINT('',(-4.51535930752,8.668954611101,
    47.072308276324));
#5116 = CARTESIAN_POINT('',(-7.650741031685,4.563237964855,
    47.246936698519));
#5117 = CARTESIAN_POINT('',(-7.929708398334,8.692677874238E-02,
    47.421598687757));
#5118 = CARTESIAN_POINT('',(-4.333229890841,-6.64160385751,
    47.77090071687));
#5119 = CARTESIAN_POINT('',(-0.456341816823,-8.896562861473,
    47.945562706086));
#5120 = CARTESIAN_POINT('',(4.699396872411,-8.570591460678,
    48.120191128335));
#5121 = CARTESIAN_POINT('',(9.213958238417,-4.875066585774,
    48.294885645887));
#5122 = CARTESIAN_POINT('',(10.344925234989,1.28312929326,
    48.469488758729));
#5123 = CARTESIAN_POINT('',(7.437957078165,6.341611642869,
    48.644183276307));
#5124 = CARTESIAN_POINT('',(2.734490095083,8.47818040488,48.818811698525
    ));
#5125 = CARTESIAN_POINT('',(-1.690646802352,7.747873575193,
    48.993473687759));
#5126 = CARTESIAN_POINT('',(-7.443164251821,2.73625455821,
    49.342775716862));
#5127 = CARTESIAN_POINT('',(-8.772891922439,-1.547076571867,
    49.517437706118));
#5128 = CARTESIAN_POINT('',(-7.300887078081,-6.498955056293,
    49.692066128273));
#5129 = CARTESIAN_POINT('',(-2.688417256688,-10.07152983851,
    49.866760645963));
#5130 = CARTESIAN_POINT('',(3.566662003599,-9.795040635628,
    50.041363758667));
#5131 = CARTESIAN_POINT('',(7.845898688092,-5.8293325091,50.216058276339
    ));
#5132 = CARTESIAN_POINT('',(8.875180330237,-0.766911444373,
    50.390686698518));
#5133 = CARTESIAN_POINT('',(7.172677173941,3.382385800865,
    50.565348687756));
#5134 = CARTESIAN_POINT('',(1.000358862381,7.866833240477,
    50.914650716874));
#5135 = CARTESIAN_POINT('',(-3.471949476359,8.203818954331,
    51.089312706068));
#5136 = CARTESIAN_POINT('',(-7.968559583488,5.660514739362,
    51.263941128372));
#5137 = CARTESIAN_POINT('',(-10.4177672213,0.365276276752,
    51.438635645833));
#5138 = CARTESIAN_POINT('',(-8.747859248241,-5.669114346445,
    51.613238758784));
#5139 = CARTESIAN_POINT('',(-3.924751196248,-8.951847394438,
    51.787933276265));
#5140 = CARTESIAN_POINT('',(1.239603501991,-8.821585017204,
    51.962561698547));
#5141 = CARTESIAN_POINT('',(4.902400183133,-6.23332206707,
    52.137223687751));
#5142 = CARTESIAN_POINT('',(7.891101037537,0.786325315863,
    52.486525716871));
#5143 = CARTESIAN_POINT('',(7.218235941387,5.220550593223,
    52.661187706089));
#5144 = CARTESIAN_POINT('',(3.732756579289,9.033598246003,
    52.835816128326));
#5145 = CARTESIAN_POINT('',(-1.97640987573,10.235091823612,
    53.010510645895));
#5146 = CARTESIAN_POINT('',(-7.483744263691,7.256546747372,
    53.185113758726));
#5147 = CARTESIAN_POINT('',(-9.603308455382,1.820909233381,
    53.359808276304));
#5148 = CARTESIAN_POINT('',(-8.320115513891,-3.18318345267,
    53.53443669853));
#5149 = CARTESIAN_POINT('',(-4.977499560293,-6.173518419405,
    53.709098687755));
#5150 = CARTESIAN_POINT('',(2.533087551117,-7.514735560572,
    54.058400716868));
#5151 = CARTESIAN_POINT('',(6.704102984148,-5.866181192216,
    54.233062706095));
#5152 = CARTESIAN_POINT('',(9.639998750848,-1.615485386476,
    54.407691128318));
#5153 = CARTESIAN_POINT('',(9.532778123577,4.217753179324,
    54.582385645902));
#5154 = CARTESIAN_POINT('',(5.396817460537,8.918422517362,
    54.756988758724));
#5155 = CARTESIAN_POINT('',(-0.375380769892,9.767207021631,
    54.931683276301));
#5156 = CARTESIAN_POINT('',(-4.965152342706,7.396231558806,
    55.106311698536));
#5157 = CARTESIAN_POINT('',(-7.131205502673,3.468968092394,
    55.28097368775));
#5158 = CARTESIAN_POINT('',(-6.756844983795,-4.151244265523,
    55.63027571688));
#5159 = CARTESIAN_POINT('',(-4.216298881834,-7.847286304246,
    55.804937706048));
#5160 = CARTESIAN_POINT('',(0.583804424032,-9.756973985025,
    55.979566128413));
#5161 = CARTESIAN_POINT('',(6.244960045304,-8.346482772321,
    56.154260645779));
#5162 = CARTESIAN_POINT('',(9.900310115417,-3.263090332538,
    56.328863758835));
#5163 = CARTESIAN_POINT('',(9.435221919859,2.55261259278,56.503558276232
    ));
#5164 = CARTESIAN_POINT('',(6.096838983227,6.495039143114,
    56.678186698561));
#5165 = CARTESIAN_POINT('',(1.784316202549,7.726839407979,
    56.852848687749));
#5166 = CARTESIAN_POINT('',(-5.558641217321,5.655907610991,
    57.20215071687));
#5167 = CARTESIAN_POINT('',(-8.592060835843,2.352353968931,57.3768127061
    ));
#5168 = CARTESIAN_POINT('',(-9.378585085176,-2.753454330568,
    57.551441128298));
#5169 = CARTESIAN_POINT('',(-6.736434296593,-7.955108648046,
    57.726135645943));
#5170 = CARTESIAN_POINT('',(-0.96369525067,-10.37955636648,
    57.900738758671));
#5171 = CARTESIAN_POINT('',(4.600247603401,-8.624208120917,
    58.075433276347));
#5172 = CARTESIAN_POINT('',(7.69517109882,-4.487908289795,
    58.250061698507));
#5173 = CARTESIAN_POINT('',(7.930179645382,-9.074110052719E-03,
    58.424723687762));
#5174 = CARTESIAN_POINT('',(4.267818322,6.683824493306,58.774025716863)
  );
#5175 = CARTESIAN_POINT('',(0.368979426638,8.900614180196,
    58.948687706115));
#5176 = CARTESIAN_POINT('',(-4.783310636898,8.524042955168,
    59.123316128276));
#5177 = CARTESIAN_POINT('',(-9.261374293593,4.784375280849,
    59.298010645967));
#5178 = CARTESIAN_POINT('',(-10.3318298123,-1.384626892461,
    59.472613758651));
#5179 = CARTESIAN_POINT('',(-7.375341008631,-6.41432683387,
    59.64730827636));
#5180 = CARTESIAN_POINT('',(-2.65112531274,-8.504617195022,59.8219366985
    ));
#5181 = CARTESIAN_POINT('',(1.766628677398,-7.73090257756,
    59.996598687766));
#5182 = CARTESIAN_POINT('',(7.469668242773,-2.663050774912,
    60.345900716855));
#5183 = CARTESIAN_POINT('',(8.757281002908,1.633128298138,
    60.520562706146));
#5184 = CARTESIAN_POINT('',(7.236732923585,6.570317004799,
    60.695191128213));
#5185 = CARTESIAN_POINT('',(2.589412274422,10.097437531697,
    60.869885646047));
#5186 = CARTESIAN_POINT('',(-3.662651164276,9.759553542601,
    61.044488758581));
#5187 = CARTESIAN_POINT('',(-7.902749004845,5.752025894567,
    61.219183276402));
#5188 = CARTESIAN_POINT('',(-8.882281640605,0.679744006649,
    61.393811698487));
#5189 = CARTESIAN_POINT('',(-7.139125553638,-3.452639262496,
    61.568473687764));
#5190 = CARTESIAN_POINT('',(-0.923079439949,-7.876274971997,
    61.917775716867));
#5191 = CARTESIAN_POINT('',(3.552321669946,-8.169338367035,
    62.092437706087));
#5192 = CARTESIAN_POINT('',(8.023746651148,-5.582012059162,
    62.26706612834));
#5193 = CARTESIAN_POINT('',(10.420851212074,-0.262984126137,
    62.441760645869));
#5194 = CARTESIAN_POINT('',(8.691782173941,5.754721673697,
    62.616363758755));
#5195 = CARTESIAN_POINT('',(3.836678913852,8.989946531401,
    62.791058276281));
#5196 = CARTESIAN_POINT('',(-1.326148081373,8.808990312413,
    62.965686698543));
#5197 = CARTESIAN_POINT('',(-4.963358444631,6.184893248676,
    63.140348687751));
#5198 = CARTESIAN_POINT('',(-7.883001150438,-0.863756880834,
    63.489650716873));
#5199 = CARTESIAN_POINT('',(-7.166636274788,-5.291162736755,
    63.664312706077));
#5200 = CARTESIAN_POINT('',(-3.643890975138,-9.069808570822,
    63.838941128352));
#5201 = CARTESIAN_POINT('',(2.076795795387,-10.21519553703,
    64.013635645859));
#5202 = CARTESIAN_POINT('',(7.554623450945,-7.182726739514,
    64.188238758762));
#5203 = CARTESIAN_POINT('',(9.620722109397,-1.726542736099,
    64.362933276279));
#5204 = CARTESIAN_POINT('',(8.288464230398,3.264711282681,
    64.537561698542));
#5205 = CARTESIAN_POINT('',(4.916652287652,6.222086613809,
    64.712223687753));
#5206 = CARTESIAN_POINT('',(-2.606740037723,7.489505288248,
    65.061525716869));
#5207 = CARTESIAN_POINT('',(-6.7613700805,5.800082174975,65.236187706097
    ));
#5208 = CARTESIAN_POINT('',(-9.655393925207,1.520768588402,
    65.41081612831));
#5209 = CARTESIAN_POINT('',(-9.490911699219,-4.311136248401,
    65.58551064592));
#5210 = CARTESIAN_POINT('',(-5.309002380466,-8.970975009739,
    65.760113758698));
#5211 = CARTESIAN_POINT('',(0.471250470279,-9.763051096849,
    65.934808276327));
#5212 = CARTESIAN_POINT('',(5.037524233942,-7.347130640614,
    66.109436698516));
#5213 = CARTESIAN_POINT('',(7.164917809999,-3.398791597532,
    66.284098687762));
#5214 = CARTESIAN_POINT('',(6.715765273787,4.217378317658,
    66.633400716857));
#5215 = CARTESIAN_POINT('',(4.139056378478,7.888300887888,
    66.808062706142));
#5216 = CARTESIAN_POINT('',(-0.67956361936,9.750772391872,
    66.982691128221));
#5217 = CARTESIAN_POINT('',(-6.326599180786,8.284771779541,
    67.157385646038));
#5218 = CARTESIAN_POINT('',(-9.931867809083,3.165738574975,
    67.331988758587));
#5219 = CARTESIAN_POINT('',(-9.409707413676,-2.645118166408,
    67.506683276401));
#5220 = CARTESIAN_POINT('',(-6.032781296855,-6.554580755619,
    67.681311698483));
#5221 = CARTESIAN_POINT('',(-1.708373364557,-7.743984245519,
    67.85597368777));
#5222 = CARTESIAN_POINT('',(5.613899191773,-5.601064090994,
    68.205275716852));
#5223 = CARTESIAN_POINT('',(8.614740585597,-2.267889601589,
    68.379937706152));
#5224 = CARTESIAN_POINT('',(9.351101580968,2.84539420351,68.554566128206
    ));
#5225 = CARTESIAN_POINT('',(6.65801181883,8.020859009693,68.729260646053
    ));
#5226 = CARTESIAN_POINT('',(0.861749389795,10.38851706894,68.90386375858
    ));
#5227 = CARTESIAN_POINT('',(-4.684692517859,8.578630411571,
    69.078558276398));
#5228 = CARTESIAN_POINT('',(-7.738859489342,4.4121460608,69.253186698492
    ));
#5229 = CARTESIAN_POINT('',(-7.929886565209,-6.877943321714E-02,
    69.427848687761));
#5230 = CARTESIAN_POINT('',(-4.201995411954,-6.725400928192,
    69.777150716872));
#5231 = CARTESIAN_POINT('',(-0.281581473401,-8.903807639185,
    69.951812706064));
#5232 = CARTESIAN_POINT('',(4.866763375844,-8.476672884668,
    70.126441128391));
#5233 = CARTESIAN_POINT('',(9.307897718393,-4.693222847886,
    70.301135645797));
#5234 = CARTESIAN_POINT('',(10.317738586201,1.485991038478,
    70.475738758828));
#5235 = CARTESIAN_POINT('',(7.312014088483,6.486423798653,
    70.650433276231));
#5236 = CARTESIAN_POINT('',(2.567505009377,8.530234292492,
    70.825061698563));
#5237 = CARTESIAN_POINT('',(-1.842440281085,7.713186459435,
    70.99972368775));
#5238 = CARTESIAN_POINT('',(-7.495452291559,2.589590321248,
    71.349025716864));
#5239 = CARTESIAN_POINT('',(-8.740826038397,-1.719022620125,
    71.523687706124));
#5240 = CARTESIAN_POINT('',(-7.171881277713,-6.641045692442,
    71.698316128253));
#5241 = CARTESIAN_POINT('',(-2.490157719223,-10.12237201287,
    71.873010645995));
#5242 = CARTESIAN_POINT('',(3.758287311037,-9.723125803449,
    72.047613758632));
#5243 = CARTESIAN_POINT('',(7.958837638173,-5.67416488784,
    72.222308276365));
#5244 = CARTESIAN_POINT('',(8.888526858198,-0.592511053765,
    72.396936698503));
#5245 = CARTESIAN_POINT('',(7.10488584955,3.522559951564,72.571598687762
    ));
#5246 = CARTESIAN_POINT('',(0.845711049202,7.884957571742,
    72.920900716863));
#5247 = CARTESIAN_POINT('',(-3.632351483386,8.134070401905,
    73.09556270611));
#5248 = CARTESIAN_POINT('',(-8.078160373386,5.502971373024,
    73.270191128288));
#5249 = CARTESIAN_POINT('',(-10.42293081954,0.160666628548,
    73.444885645945));
#5250 = CARTESIAN_POINT('',(-8.634867367565,-5.839774348875,
    73.619488758678));
#5251 = CARTESIAN_POINT('',(-3.748236844362,-9.027179198624,
    73.794183276337));
#5252 = CARTESIAN_POINT('',(1.412564843841,-8.795546578791,
    73.968811698514));
#5253 = CARTESIAN_POINT('',(5.023838327315,-6.135868317401,
    74.14347368776));
#5254 = CARTESIAN_POINT('',(7.874141483275,0.941105195122,
    74.492775716863));
#5255 = CARTESIAN_POINT('',(7.114345872892,5.361264906984,
    74.667437706115));
#5256 = CARTESIAN_POINT('',(3.554674165148,9.105144728676,
    74.842066128279));
#5257 = CARTESIAN_POINT('',(-2.176981549087,10.194314688559,
    75.016760645954));
#5258 = CARTESIAN_POINT('',(-7.624774507912,7.108214445602,
    75.191363758674));
#5259 = CARTESIAN_POINT('',(-9.637208498168,1.632009830971,
    75.366058276336));
#5260 = CARTESIAN_POINT('',(-8.256014087475,-3.345924452997,
    75.540686698519));
#5261 = CARTESIAN_POINT('',(-4.855331137831,-6.27005511056,
    75.715348687756));
#5262 = CARTESIAN_POINT('',(2.680141281301,-7.463553161817,
    76.064650716872));
#5263 = CARTESIAN_POINT('',(6.817985501934,-5.733424133732,
    76.239312706077));
#5264 = CARTESIAN_POINT('',(9.669858492587,-1.425905215512,
    76.413941128351));
#5265 = CARTESIAN_POINT('',(9.448130521071,4.404103801237,
    76.588635645863));
#5266 = CARTESIAN_POINT('',(5.220675607654,9.022662860824,
    76.763238758755));
#5267 = CARTESIAN_POINT('',(-0.567074750528,9.757954188916,
    76.937933276283));
#5268 = CARTESIAN_POINT('',(-5.109410598132,7.297321590664,
    77.112561698542));
#5269 = CARTESIAN_POINT('',(-7.197939547619,3.328287520064,
    77.287223687749));
#5270 = CARTESIAN_POINT('',(-6.674038284375,-4.283105890095,
    77.636525716882));
#5271 = CARTESIAN_POINT('',(-4.061414944144,-7.928555180692,
    77.811187706039));
#5272 = CARTESIAN_POINT('',(0.775257316736,-9.743630998899,
    77.985816128429));
#5273 = CARTESIAN_POINT('',(6.407628545706,-8.222262283374,
    78.160510645757));
#5274 = CARTESIAN_POINT('',(9.962468248459,-3.068081696741,
    78.335113758858));
#5275 = CARTESIAN_POINT('',(9.383285980423,2.737368797876,
    78.509808276214));
#5276 = CARTESIAN_POINT('',(5.968142158423,6.613490624081,
    78.684436698574));
#5277 = CARTESIAN_POINT('',(1.632265869991,7.760382701709,
    78.859098687742));
#5278 = CARTESIAN_POINT('',(-5.668616086943,5.545680728816,
    79.208400716886));
#5279 = CARTESIAN_POINT('',(-8.636590028721,2.183206650214,
    79.383062706027));
#5280 = CARTESIAN_POINT('',(-9.322716798094,-2.937059831216,
    79.557691128457));
#5281 = CARTESIAN_POINT('',(-6.578947628114,-8.08583630454,
    79.732385645709));
#5282 = CARTESIAN_POINT('',(-0.759720471602,-10.39647650424,
    79.906988758915));
#5283 = CARTESIAN_POINT('',(4.768685911792,-8.532225876119,
    80.081683276167));
#5284 = CARTESIAN_POINT('',(7.781801992543,-4.335958579931,
    80.256311698598));
#5285 = CARTESIAN_POINT('',(7.928829186048,0.146626347375,
    80.430973687736));
#5286 = CARTESIAN_POINT('',(4.135767504849,6.766329154937,
    80.780275716885));
#5287 = CARTESIAN_POINT('',(0.194156380776,8.906142930672,
    80.954937706041));
#5288 = CARTESIAN_POINT('',(-4.949747046069,8.42848581478,
    81.129566128419));
#5289 = CARTESIAN_POINT('',(-9.353524028532,4.60161807234,
    81.304260645772));
#5290 = CARTESIAN_POINT('',(-10.30265291509,-1.587211961568,
    81.478863758845));
#5291 = CARTESIAN_POINT('',(-7.24798242112,-6.557895588436,
    81.653558276221));
#5292 = CARTESIAN_POINT('',(-2.483637244569,-8.555029228207,
    81.828186698571));
#5293 = CARTESIAN_POINT('',(1.918074306546,-7.694726928351,
    82.002848687744));
#5294 = CARTESIAN_POINT('',(7.520513913056,-2.515880277481,
    82.35215071688));
#5295 = CARTESIAN_POINT('',(8.723528614865,1.804751259168,
    82.526812706055));
#5296 = CARTESIAN_POINT('',(7.106338391022,6.711134302199,
    82.701441128394));
#5297 = CARTESIAN_POINT('',(2.390663157406,10.146330878896,
    82.876135645804));
#5298 = CARTESIAN_POINT('',(-3.853561226219,9.68576092908,
    83.050738758815));
#5299 = CARTESIAN_POINT('',(-8.014159182173,5.595756993366,
    83.225433276241));
#5300 = CARTESIAN_POINT('',(-8.893915381077,0.5052209934,83.400061698561
    ));
#5301 = CARTESIAN_POINT('',(-7.069961361772,-3.592141128966,
    83.574723687747));
#5302 = CARTESIAN_POINT('',(-0.76826114707,-7.892880202874,
    83.924025716875));
#5303 = CARTESIAN_POINT('',(3.712031203244,-8.098018458113,
    84.098687706075));
#5304 = CARTESIAN_POINT('',(8.131795505684,-5.423400299094,
    84.273316128349));
#5305 = CARTESIAN_POINT('',(10.424005843277,-5.833364554632E-02,
    84.448010645873));
#5306 = CARTESIAN_POINT('',(8.577120314665,5.924264174443,
    84.622613758738));
#5307 = CARTESIAN_POINT('',(3.659433512031,9.063541807511,
    84.797308276303));
#5308 = CARTESIAN_POINT('',(-1.498845460383,8.781255112099,
    84.971936698525));
#5309 = CARTESIAN_POINT('',(-5.083834002001,6.086251998363,
    85.14659868776));
#5310 = CARTESIAN_POINT('',(-7.864522889968,-1.018362803731,
    85.495900716858));
#5311 = CARTESIAN_POINT('',(-7.061369775534,-5.430850347353,
    85.670562706141));
#5312 = CARTESIAN_POINT('',(-3.465114748262,-9.139603313714,
    85.84519112822));
#5313 = CARTESIAN_POINT('',(2.276957480779,-10.17245129082,
    86.019885646043));
#5314 = CARTESIAN_POINT('',(7.694190673237,-7.033017047184,
    86.19448875858));
#5315 = CARTESIAN_POINT('',(9.652766032729,-1.537319629328,
    86.369183276407));
#5316 = CARTESIAN_POINT('',(8.222768212731,3.426815136139,
    86.543811698481));
#5317 = CARTESIAN_POINT('',(4.79354202109,6.317419286356,86.718473687769
    ));
#5318 = CARTESIAN_POINT('',(-2.753284207284,7.436881682584,
    87.067775716855));
#5319 = CARTESIAN_POINT('',(-6.873943791717,5.666213493186,
    87.24243770614));
#5320 = CARTESIAN_POINT('',(-9.683391058938,1.330904410824,
    87.417066128226));
#5321 = CARTESIAN_POINT('',(-9.40443871233,-4.496646877282,
    87.591760646032));
#5322 = CARTESIAN_POINT('',(-5.131845655386,-9.073481088968,
    87.766363758592));
#5323 = CARTESIAN_POINT('',(0.662844375027,-9.751916789,87.941058276396)
  );
#5324 = CARTESIAN_POINT('',(5.180804506645,-7.246809209687,
    88.115686698489));
#5325 = CARTESIAN_POINT('',(7.230267532861,-3.257462655315,
    88.290348687763));
#5326 = CARTESIAN_POINT('',(6.63166803724,4.348420647871,88.63965071687)
  );
#5327 = CARTESIAN_POINT('',(3.983382062254,7.968045302834,
    88.814312706077));
#5328 = CARTESIAN_POINT('',(-0.870876293319,9.735550494538,
    88.988941128358));
#5329 = CARTESIAN_POINT('',(-6.488040329907,8.158960308359,
    89.163635645848));
#5330 = CARTESIAN_POINT('',(-9.992108484538,2.970129110527,
    89.338238758771));
#5331 = CARTESIAN_POINT('',(-9.355960166457,-2.829355596144,
    89.512933276277));
#5332 = CARTESIAN_POINT('',(-5.90292779806,-6.671763070493,
    89.687561698538));
#5333 = CARTESIAN_POINT('',(-1.556001054234,-7.776033196089,
    89.862223687759));
#5334 = CARTESIAN_POINT('',(5.722786629085,-5.489762862345,
    90.211525716854));
#5335 = CARTESIAN_POINT('',(8.657607059326,-2.098313277007,
    90.386187706164));
#5336 = CARTESIAN_POINT('',(9.293433472423,3.028442379329,
    90.560816128168));
#5337 = CARTESIAN_POINT('',(6.499249344593,8.150034269186,
    90.735510646115));
#5338 = CARTESIAN_POINT('',(0.657618330174,10.403433905942,
    90.910113758512));
#5339 = CARTESIAN_POINT('',(-4.852219690045,8.484998986705,
    91.08480827645));
#5340 = CARTESIAN_POINT('',(-7.823994469354,4.259353190458,
    91.259436698464));
#5341 = CARTESIAN_POINT('',(-7.927007609863,-0.224459129399,
    91.43409868777));
#5342 = CARTESIAN_POINT('',(-4.06914098384,-6.806605228787,
    91.783400716861));
#5343 = CARTESIAN_POINT('',(-0.106712575,-8.907619829577,91.958062706108
    ));
#5344 = CARTESIAN_POINT('',(5.032253649441,-8.379486389884,
    92.132691128295));
#5345 = CARTESIAN_POINT('',(9.398248826491,-4.509569783243,
    92.307385645933));
#5346 = CARTESIAN_POINT('',(10.286574252901,1.688279905824,
    92.481988758694));
#5347 = CARTESIAN_POINT('',(7.1832521781,6.628735314639,92.656683276321)
  );
#5348 = CARTESIAN_POINT('',(2.399530101647,8.57899961237,92.831311698527
    ));
#5349 = CARTESIAN_POINT('',(-1.99352346402,7.675525763478,
    93.005973687752));
#5350 = CARTESIAN_POINT('',(-7.544850691762,2.441927747927,
    93.355275716879));
#5351 = CARTESIAN_POINT('',(-8.705390399503,-1.890305952492,
    93.529937706046));
#5352 = CARTESIAN_POINT('',(-7.040110580628,-6.780576078936,
    93.704566128419));
#5353 = CARTESIAN_POINT('',(-2.290938178515,-10.16931182032,
    93.879260645764));
#5354 = CARTESIAN_POINT('',(3.948463727158,-9.647462521002,
    94.053863758859));
#5355 = CARTESIAN_POINT('',(8.068708304832,-5.516809768129,
    94.228558276208));
#5356 = CARTESIAN_POINT('',(8.898446689874,-0.417882238808,
    94.403186698578));
#5357 = CARTESIAN_POINT('',(7.034355456407,3.661376088332,
    94.577848687741));
#5358 = CARTESIAN_POINT('',(0.690737198328,7.900042101783,
    94.927150716883));
#5359 = CARTESIAN_POINT('',(-3.791353149815,8.061186010452,
    95.101812706044));
#5360 = CARTESIAN_POINT('',(-8.18464687859,5.34330650654,95.276441128419
    ));
#5361 = CARTESIAN_POINT('',(-10.42407617967,-4.400495975711E-02,
    95.451135645766));
#5362 = CARTESIAN_POINT('',(-8.518546581008,-6.008183007112,
    95.625738758853));
#5363 = CARTESIAN_POINT('',(-3.570277475928,-9.099030853369,
    95.800433276215));
#5364 = CARTESIAN_POINT('',(1.58498161511,-8.766117289767,
    95.975061698572));
#5365 = CARTESIAN_POINT('',(5.143339686171,-6.036049073682,
    96.149723687745));
#5366 = CARTESIAN_POINT('',(7.854146297599,1.095522260399,
    96.499025716876));
#5367 = CARTESIAN_POINT('',(7.007713088577,5.499912351141,
    96.673687706082));
#5368 = CARTESIAN_POINT('',(3.375221356553,9.173181004548,
    96.848316128318));
#5369 = CARTESIAN_POINT('',(-2.376713954742,10.14960745145,
    97.023010645952));
#5370 = CARTESIAN_POINT('',(-7.762865256298,6.957141791447,
    97.197613758588));
#5371 = CARTESIAN_POINT('',(-9.667393213716,1.442481258112,
    97.372308276519));
#5372 = CARTESIAN_POINT('',(-8.188729810405,-3.507375536082,
    97.546936698292));
#5373 = CARTESIAN_POINT('',(-4.731290892834,-6.364174575903,
    97.721598687949));
#5374 = CARTESIAN_POINT('',(2.826161766098,-7.409493421665,
    98.070900716441));
#5375 = CARTESIAN_POINT('',(6.929239556003,-5.598456728835,
    98.245562708434));
#5376 = CARTESIAN_POINT('',(9.695990321174,-1.235775336876,
    98.420191122176));
#5377 = CARTESIAN_POINT('',(9.359840481876,4.588756568112,
    98.594885657125));
#5378 = CARTESIAN_POINT('',(5.042521088466,9.123424780965,
    98.769488743074));
#5379 = CARTESIAN_POINT('',(-0.758550116939,9.744939495637,
    98.944183293552));
#5380 = CARTESIAN_POINT('',(-5.251699075086,7.195598351601,
    99.118811683325));
#5381 = CARTESIAN_POINT('',(-7.261898652257,3.186323839727,
    99.293473698433));
#5382 = CARTESIAN_POINT('',(-6.588658611103,-4.41331631716,
    99.642775694491));
#5383 = CARTESIAN_POINT('',(-3.904965280933,-8.006767332928,
    99.817437826918));
#5384 = CARTESIAN_POINT('',(0.966411404231,-9.726531958949,
    99.992065812366));
#5385 = CARTESIAN_POINT('',(6.56782665357,-8.094871406751,
    100.16676122146));
#5386 = CARTESIAN_POINT('',(10.020785840813,-2.871891020745,
    100.34136295812));
#5387 = CARTESIAN_POINT('',(9.327732407118,2.921070535304,
    100.51605915704));
#5388 = CARTESIAN_POINT('',(5.837144675916,6.729391739051,
    100.69068592328));
#5389 = CARTESIAN_POINT('',(1.479586145328,7.790934738882,
    100.86534923155));
#5390 = CARTESIAN_POINT('',(-2.148409597565,6.612124766727,
    101.03999940462));
#5391 = DEFINITIONAL_REPRESENTATION('',(#5392),#5395);
#5392 = B_SPLINE_CURVE_WITH_KNOTS('',1,(#5393,#5394),.UNSPECIFIED.,.F.,
  .F.,(2,2),(0.,331.66897593324),.PIECEWISE_BEZIER_KNOTS.);
#5393 = CARTESIAN_POINT('',(0.,0.));
#5394 = CARTESIAN_POINT('',(0.,331.66897593324));
#5395 = ( GEOMETRIC_REPRESENTATION_CONTEXT(2) 
PARAMETRIC_REPRESENTATION_CONTEXT() REPRESENTATION_CONTEXT('2D SPACE',''
  ) );
#5396 = ORIENTED_EDGE('',*,*,#5397,.F.);
#5397 = EDGE_CURVE('',#1219,#3836,#5398,.T.);
#5398 = SURFACE_CURVE('',#5399,(#5402,#5409),.PCURVE_S1.);
#5399 = B_SPLINE_CURVE_WITH_KNOTS('',1,(#5400,#5401),.UNSPECIFIED.,.F.,
  .F.,(2,2),(0.,1.166190378969),.PIECEWISE_BEZIER_KNOTS.);
#5400 = CARTESIAN_POINT('',(-2.148409954493,6.612125865239,
    100.15999940462));
#5401 = CARTESIAN_POINT('',(-2.482148072009,7.639266372409,
    100.60000082218));
#5402 = PCURVE('',#1738,#5403);
#5403 = DEFINITIONAL_REPRESENTATION('',(#5404),#5408);
#5404 = LINE('',#5405,#5406);
#5405 = CARTESIAN_POINT('',(0.,331.66897593324));
#5406 = VECTOR('',#5407,1.);
#5407 = DIRECTION('',(1.,0.));
#5408 = ( GEOMETRIC_REPRESENTATION_CONTEXT(2) 
PARAMETRIC_REPRESENTATION_CONTEXT() REPRESENTATION_CONTEXT('2D SPACE',''
  ) );
#5409 = PCURVE('',#5410,#5415);
#5410 = PLANE('',#5411);
#5411 = AXIS2_PLACEMENT_3D('',#5412,#5413,#5414);
#5412 = CARTESIAN_POINT('',(-2.269566768052,6.985008267323,
    100.59999991924));
#5413 = DIRECTION('',(0.951056533728,0.309016940722,-6.190751599484E-13)
  );
#5414 = DIRECTION('',(-0.309016940722,0.951056533728,2.524354896707E-29)
  );
#5415 = DEFINITIONAL_REPRESENTATION('',(#5416),#5419);
#5416 = B_SPLINE_CURVE_WITH_KNOTS('',1,(#5417,#5418),.UNSPECIFIED.,.F.,
  .F.,(2,2),(0.,1.166190378969),.PIECEWISE_BEZIER_KNOTS.);
#5417 = CARTESIAN_POINT('',(-0.392071752688,-0.440000514614));
#5418 = CARTESIAN_POINT('',(0.687927669789,9.029393197579E-07));
#5419 = ( GEOMETRIC_REPRESENTATION_CONTEXT(2) 
PARAMETRIC_REPRESENTATION_CONTEXT() REPRESENTATION_CONTEXT('2D SPACE',''
  ) );
#5420 = ADVANCED_FACE('',(#5421),#4362,.F.);
#5421 = FACE_BOUND('',#5422,.F.);
#5422 = EDGE_LOOP('',(#5423,#5424,#5445,#5978));
#5423 = ORIENTED_EDGE('',*,*,#3835,.F.);
#5424 = ORIENTED_EDGE('',*,*,#5425,.T.);
#5425 = EDGE_CURVE('',#3810,#5426,#5428,.T.);
#5426 = VERTEX_POINT('',#5427);
#5427 = CARTESIAN_POINT('',(6.9524,-1.7763568394E-15,0.44));
#5428 = SURFACE_CURVE('',#5429,(#5432,#5439),.PCURVE_S1.);
#5429 = B_SPLINE_CURVE_WITH_KNOTS('',1,(#5430,#5431),.UNSPECIFIED.,.F.,
  .F.,(2,2),(0.,1.166190378969),.PIECEWISE_BEZIER_KNOTS.);
#5430 = CARTESIAN_POINT('',(8.0324,-3.552713678801E-15,0.));
#5431 = CARTESIAN_POINT('',(6.9524,8.881784197001E-16,0.44));
#5432 = PCURVE('',#4362,#5433);
#5433 = DEFINITIONAL_REPRESENTATION('',(#5434),#5438);
#5434 = LINE('',#5435,#5436);
#5435 = CARTESIAN_POINT('',(0.,0.));
#5436 = VECTOR('',#5437,1.);
#5437 = DIRECTION('',(1.,0.));
#5438 = ( GEOMETRIC_REPRESENTATION_CONTEXT(2) 
PARAMETRIC_REPRESENTATION_CONTEXT() REPRESENTATION_CONTEXT('2D SPACE',''
  ) );
#5439 = PCURVE('',#3824,#5440);
#5440 = DEFINITIONAL_REPRESENTATION('',(#5441),#5444);
#5441 = B_SPLINE_CURVE_WITH_KNOTS('',1,(#5442,#5443),.UNSPECIFIED.,.F.,
  .F.,(2,2),(0.,1.166190378969),.PIECEWISE_BEZIER_KNOTS.);
#5442 = CARTESIAN_POINT('',(-6.912150882998E-17,0.68792766979));
#5443 = CARTESIAN_POINT('',(-0.44,-0.39207233021));
#5444 = ( GEOMETRIC_REPRESENTATION_CONTEXT(2) 
PARAMETRIC_REPRESENTATION_CONTEXT() REPRESENTATION_CONTEXT('2D SPACE',''
  ) );
#5445 = ORIENTED_EDGE('',*,*,#5446,.T.);
#5446 = EDGE_CURVE('',#5426,#5447,#5449,.T.);
#5447 = VERTEX_POINT('',#5448);
#5448 = CARTESIAN_POINT('',(-2.148409597565,6.612124766727,
    101.03999940462));
#5449 = SURFACE_CURVE('',#5450,(#5965,#5972),.PCURVE_S1.);
#5450 = B_SPLINE_CURVE_WITH_KNOTS('',9,(#5451,#5452,#5453,#5454,#5455,
    #5456,#5457,#5458,#5459,#5460,#5461,#5462,#5463,#5464,#5465,#5466,
    #5467,#5468,#5469,#5470,#5471,#5472,#5473,#5474,#5475,#5476,#5477,
    #5478,#5479,#5480,#5481,#5482,#5483,#5484,#5485,#5486,#5487,#5488,
    #5489,#5490,#5491,#5492,#5493,#5494,#5495,#5496,#5497,#5498,#5499,
    #5500,#5501,#5502,#5503,#5504,#5505,#5506,#5507,#5508,#5509,#5510,
    #5511,#5512,#5513,#5514,#5515,#5516,#5517,#5518,#5519,#5520,#5521,
    #5522,#5523,#5524,#5525,#5526,#5527,#5528,#5529,#5530,#5531,#5532,
    #5533,#5534,#5535,#5536,#5537,#5538,#5539,#5540,#5541,#5542,#5543,
    #5544,#5545,#5546,#5547,#5548,#5549,#5550,#5551,#5552,#5553,#5554,
    #5555,#5556,#5557,#5558,#5559,#5560,#5561,#5562,#5563,#5564,#5565,
    #5566,#5567,#5568,#5569,#5570,#5571,#5572,#5573,#5574,#5575,#5576,
    #5577,#5578,#5579,#5580,#5581,#5582,#5583,#5584,#5585,#5586,#5587,
    #5588,#5589,#5590,#5591,#5592,#5593,#5594,#5595,#5596,#5597,#5598,
    #5599,#5600,#5601,#5602,#5603,#5604,#5605,#5606,#5607,#5608,#5609,
    #5610,#5611,#5612,#5613,#5614,#5615,#5616,#5617,#5618,#5619,#5620,
    #5621,#5622,#5623,#5624,#5625,#5626,#5627,#5628,#5629,#5630,#5631,
    #5632,#5633,#5634,#5635,#5636,#5637,#5638,#5639,#5640,#5641,#5642,
    #5643,#5644,#5645,#5646,#5647,#5648,#5649,#5650,#5651,#5652,#5653,
    #5654,#5655,#5656,#5657,#5658,#5659,#5660,#5661,#5662,#5663,#5664,
    #5665,#5666,#5667,#5668,#5669,#5670,#5671,#5672,#5673,#5674,#5675,
    #5676,#5677,#5678,#5679,#5680,#5681,#5682,#5683,#5684,#5685,#5686,
    #5687,#5688,#5689,#5690,#5691,#5692,#5693,#5694,#5695,#5696,#5697,
    #5698,#5699,#5700,#5701,#5702,#5703,#5704,#5705,#5706,#5707,#5708,
    #5709,#5710,#5711,#5712,#5713,#5714,#5715,#5716,#5717,#5718,#5719,
    #5720,#5721,#5722,#5723,#5724,#5725,#5726,#5727,#5728,#5729,#5730,
    #5731,#5732,#5733,#5734,#5735,#5736,#5737,#5738,#5739,#5740,#5741,
    #5742,#5743,#5744,#5745,#5746,#5747,#5748,#5749,#5750,#5751,#5752,
    #5753,#5754,#5755,#5756,#5757,#5758,#5759,#5760,#5761,#5762,#5763,
    #5764,#5765,#5766,#5767,#5768,#5769,#5770,#5771,#5772,#5773,#5774,
    #5775,#5776,#5777,#5778,#5779,#5780,#5781,#5782,#5783,#5784,#5785,
    #5786,#5787,#5788,#5789,#5790,#5791,#5792,#5793,#5794,#5795,#5796,
    #5797,#5798,#5799,#5800,#5801,#5802,#5803,#5804,#5805,#5806,#5807,
    #5808,#5809,#5810,#5811,#5812,#5813,#5814,#5815,#5816,#5817,#5818,
    #5819,#5820,#5821,#5822,#5823,#5824,#5825,#5826,#5827,#5828,#5829,
    #5830,#5831,#5832,#5833,#5834,#5835,#5836,#5837,#5838,#5839,#5840,
    #5841,#5842,#5843,#5844,#5845,#5846,#5847,#5848,#5849,#5850,#5851,
    #5852,#5853,#5854,#5855,#5856,#5857,#5858,#5859,#5860,#5861,#5862,
    #5863,#5864,#5865,#5866,#5867,#5868,#5869,#5870,#5871,#5872,#5873,
    #5874,#5875,#5876,#5877,#5878,#5879,#5880,#5881,#5882,#5883,#5884,
    #5885,#5886,#5887,#5888,#5889,#5890,#5891,#5892,#5893,#5894,#5895,
    #5896,#5897,#5898,#5899,#5900,#5901,#5902,#5903,#5904,#5905,#5906,
    #5907,#5908,#5909,#5910,#5911,#5912,#5913,#5914,#5915,#5916,#5917,
    #5918,#5919,#5920,#5921,#5922,#5923,#5924,#5925,#5926,#5927,#5928,
    #5929,#5930,#5931,#5932,#5933,#5934,#5935,#5936,#5937,#5938,#5939,
    #5940,#5941,#5942,#5943,#5944,#5945,#5946,#5947,#5948,#5949,#5950,
    #5951,#5952,#5953,#5954,#5955,#5956,#5957,#5958,#5959,#5960,#5961,
    #5962,#5963,#5964),.UNSPECIFIED.,.F.,.F.,(10,8,8,8,8,8,8,8,8,8,8,8,8
    ,8,8,8,8,8,8,8,8,8,8,8,8,8,8,8,8,8,8,8,8,8,8,8,8,8,8,8,8,8,8,8,8,8,8
    ,8,8,8,8,8,8,8,8,8,8,8,8,8,8,8,8,8,10),(0.,5.182327748957,
    10.364655497914,15.546983246871,20.729310995828,25.911638744785,
    31.093966493742,36.276294242699,41.458621991656,46.640949740613,
    51.82327748957,57.005605238527,62.187932987484,67.370260736441,
    72.552588485398,77.734916234355,82.917243983312,88.099571732269,
    93.281899481226,98.464227230183,103.64655497914,108.82888272809,
    114.01121047705,119.19353822601,124.37586597496,129.55819372392,
    134.74052147288,139.92284922183,145.10517697079,150.28750471975,
    155.4698324687,160.65216021766,165.83448796662,171.01681571558,
    176.19914346453,181.38147121349,186.56379896245,191.7461267114,
    196.92845446036,202.11078220932,207.29310995827,212.47543770723,
    217.65776545619,222.84009320515,228.0224209541,233.20474870306,
    238.38707645202,243.56940420097,248.75173194993,253.93405969889,
    259.11638744784,264.2987151968,269.48104294576,274.66337069472,
    279.84569844367,285.02802619263,290.21035394159,295.39268169054,
    300.5750094395,305.75733718846,310.93966493741,316.12199268637,
    321.30432043533,326.48664818429,331.66897593324),.UNSPECIFIED.);
#5451 = CARTESIAN_POINT('',(6.9524,8.881784197001E-16,0.44));
#5452 = CARTESIAN_POINT('',(6.952397445926,3.814701243858,0.614650173058
    ));
#5453 = CARTESIAN_POINT('',(4.596269000726,7.630949919535,0.789313481356
    ));
#5454 = CARTESIAN_POINT('',(-0.104350032583,9.773867212791,
    0.963940247557));
#5455 = CARTESIAN_POINT('',(-5.827894447698,8.642854729514,
    1.138636446534));
#5456 = CARTESIAN_POINT('',(-9.728273059057,3.744944993042,
    1.313238183128));
#5457 = CARTESIAN_POINT('',(-9.549107240838,-2.086573464539,
    1.487933592284));
#5458 = CARTESIAN_POINT('',(-6.408191655482,-6.188057873671,
    1.662561577693));
#5459 = CARTESIAN_POINT('',(-2.161304933632,-7.629979845322,
    1.837223710137));
#5460 = CARTESIAN_POINT('',(5.274423347563,-5.921844419468,
    2.186525706185));
#5461 = CARTESIAN_POINT('',(8.466286798499,-2.771112898529,
    2.361187721324));
#5462 = CARTESIAN_POINT('',(9.502393752405,2.289952315714,2.535816111014
    ));
#5463 = CARTESIAN_POINT('',(7.118658662003,7.614985207022,2.710510661638
    ));
#5464 = CARTESIAN_POINT('',(1.471835118083,10.319767451608,
    2.885113747402));
#5465 = CARTESIAN_POINT('',(-4.171536562294,8.839543335746,
    3.059808282525));
#5466 = CARTESIAN_POINT('',(-7.465690708143,4.86008655709,3.23443669615)
  );
#5467 = CARTESIAN_POINT('',(-7.920182150795,0.398178652086,
    3.409098688197));
#5468 = CARTESIAN_POINT('',(-4.590637271627,-6.466361614474,
    3.758400716658));
#5469 = CARTESIAN_POINT('',(-0.805267412365,-8.871788038276,
    3.933062706396));
#5470 = CARTESIAN_POINT('',(4.359293965719,-8.748481300654,
    4.107691127972));
#5471 = CARTESIAN_POINT('',(9.015460394853,-5.233046388963,
    4.282385646226));
#5472 = CARTESIAN_POINT('',(10.387325091983,0.876000188304,
    4.456988758479));
#5473 = CARTESIAN_POINT('',(7.681193187643,6.044709665609,4.631683276444
    ));
#5474 = CARTESIAN_POINT('',(3.065233702941,8.364288457713,4.806311698475
    ));
#5475 = CARTESIAN_POINT('',(-1.385163285841,7.808274727428,
    4.980973687766));
#5476 = CARTESIAN_POINT('',(-7.330000992111,3.026362262303,
    5.330275716865));
#5477 = CARTESIAN_POINT('',(-8.826866281864,-1.201461711362,
    5.504937706096));
#5478 = CARTESIAN_POINT('',(-7.550406136888,-6.207313115879,
    5.679566128318));
#5479 = CARTESIAN_POINT('',(-3.08175099027,-9.958218287865,
    5.854260645904));
#5480 = CARTESIAN_POINT('',(3.17936074574,-9.927515507377,6.028863758716
    ));
#5481 = CARTESIAN_POINT('',(7.610991264238,-6.132866841974,
    6.203558276311));
#5482 = CARTESIAN_POINT('',(8.838229085837,-1.114758128029,
    6.378186698527));
#5483 = CARTESIAN_POINT('',(7.29993914315,3.098180119644,6.552848687755)
  );
#5484 = CARTESIAN_POINT('',(1.308438045578,7.821494292517,6.902150716871
    ));
#5485 = CARTESIAN_POINT('',(-3.147192308459,8.333802204002,
    7.076812706085));
#5486 = CARTESIAN_POINT('',(-7.740185347095,5.968994868743,
    7.251441128335));
#5487 = CARTESIAN_POINT('',(-10.39539482095,0.773994283718,
    7.426135645886));
#5488 = CARTESIAN_POINT('',(-8.963683350591,-5.321304322366,
    7.600738758732));
#5489 = CARTESIAN_POINT('',(-4.273173234691,-8.790860835657,
    7.775433276301));
#5490 = CARTESIAN_POINT('',(0.892314010124,-8.863450499954,
    7.950061698531));
#5491 = CARTESIAN_POINT('',(4.65390153434,-6.420983729625,8.124723687754
    ));
#5492 = CARTESIAN_POINT('',(7.915888271644,0.475915914672,8.474025716872
    ));
#5493 = CARTESIAN_POINT('',(7.417628797515,4.93313912475,8.648687706082)
  );
#5494 = CARTESIAN_POINT('',(4.084536162036,8.880086333557,8.823316128341
    ));
#5495 = CARTESIAN_POINT('',(-1.573058316088,10.304794426338,
    8.998010645878));
#5496 = CARTESIAN_POINT('',(-7.193083879718,7.544762633784,9.17261375874
    ));
#5497 = CARTESIAN_POINT('',(-9.524416091585,2.196529498994,
    9.347308276296));
#5498 = CARTESIAN_POINT('',(-8.438672202234,-2.854083131422,
    9.521936698534));
#5499 = CARTESIAN_POINT('',(-5.216033284251,-5.973343144757,
    9.696598687754));
#5500 = CARTESIAN_POINT('',(2.23610749883,-7.608390522355,
    10.045900716872));
#5501 = CARTESIAN_POINT('',(6.468629170891,-6.124860427093,
    10.220562706082));
#5502 = CARTESIAN_POINT('',(9.569143002542,-1.992704480672,
    10.39519112834));
#5503 = CARTESIAN_POINT('',(9.691016909848,3.840246331672,10.56988564588
    ));
#5504 = CARTESIAN_POINT('',(5.742792334761,8.699668677635,
    10.744488758737));
#5505 = CARTESIAN_POINT('',(8.367383220645E-03,9.774414238842,
    10.919183276299));
#5506 = CARTESIAN_POINT('',(-4.670949701876,7.585460298516,
    11.093811698532));
#5507 = CARTESIAN_POINT('',(-6.989516553492,3.746263457887,
    11.268473687755));
#5508 = CARTESIAN_POINT('',(-6.914612786213,-3.882771317462,
    11.61777571687));
#5509 = CARTESIAN_POINT('',(-4.521131282737,-7.675705213606,
    11.79243770609));
#5510 = CARTESIAN_POINT('',(0.200297331007,-9.772371765828,
    11.967066128324));
#5511 = CARTESIAN_POINT('',(5.912464031501,-8.585223917349,
    12.141760645899));
#5512 = CARTESIAN_POINT('',(9.764569009893,-3.649258959283,
    12.31636375872));
#5513 = CARTESIAN_POINT('',(9.528162805774,2.180219546798,
    12.491058276309));
#5514 = CARTESIAN_POINT('',(6.347132581437,6.250670928106,
    12.665686698528));
#5515 = CARTESIAN_POINT('',(2.086294850979,7.650830369458,
    12.840348687755));
#5516 = CARTESIAN_POINT('',(-5.332305815636,5.86977834126,
    13.189650716871));
#5517 = CARTESIAN_POINT('',(-8.493083684898,2.68786311467,
    13.364312706084));
#5518 = CARTESIAN_POINT('',(-9.479454645682,-2.383129994525,
    13.538941128338));
#5519 = CARTESIAN_POINT('',(-7.043556849756,-7.684504378242,
    13.713635645881));
#5520 = CARTESIAN_POINT('',(-1.370451747149,-10.33371960668,
    13.888238758738));
#5521 = CARTESIAN_POINT('',(4.258116157301,-8.798164042373,
    14.062933276297));
#5522 = CARTESIAN_POINT('',(7.513043948193,-4.786559274716,
    14.237561698533));
#5523 = CARTESIAN_POINT('',(7.923709516377,-0.320404506058,
    14.412223687754));
#5524 = CARTESIAN_POINT('',(4.52693370692,6.511117745835,14.76152571687)
  );
#5525 = CARTESIAN_POINT('',(0.718131429715,8.879266064917,14.93618770609
    ));
#5526 = CARTESIAN_POINT('',(-4.444970521777,8.70526312129,
    15.110816128323));
#5527 = CARTESIAN_POINT('',(-9.066400417643,5.144286549344,
    15.285510645904));
#5528 = CARTESIAN_POINT('',(-10.3782245426,-0.977933660432,
    15.460113758713));
#5529 = CARTESIAN_POINT('',(-7.621480177744,-6.119827091171,
    15.634808276316));
#5530 = CARTESIAN_POINT('',(-2.982971095368,-8.393977752054,
    15.809436698523));
#5531 = CARTESIAN_POINT('',(1.461752859861,-7.794299848232,
    15.984098687757));
#5532 = CARTESIAN_POINT('',(7.359358516489,-2.954255458275,
    16.333400716868));
#5533 = CARTESIAN_POINT('',(8.814645772709,1.288059976705,
    16.508062706095));
#5534 = CARTESIAN_POINT('',(7.489103099862,6.281138727178,
    16.682691128315));
#5535 = CARTESIAN_POINT('',(2.983839468537,9.98799292454,16.857385645914
    ));
#5536 = CARTESIAN_POINT('',(-3.27666911901,9.895824290358,
    17.031988758703));
#5537 = CARTESIAN_POINT('',(-7.67083279488,6.057851761015,
    17.206683276323));
#5538 = CARTESIAN_POINT('',(-8.848747098909,1.027936689371,
    17.381311698519));
#5539 = CARTESIAN_POINT('',(-7.269171527888,-3.169696648832,
    17.555973687759));
#5540 = CARTESIAN_POINT('',(-1.231588883422,-7.833962720689,
    17.905275716864));
#5541 = CARTESIAN_POINT('',(3.228856239509,-8.302503597506,
    18.079937706113));
#5542 = CARTESIAN_POINT('',(7.798411868273,-5.892719345368,
    18.254566128279));
#5543 = CARTESIAN_POINT('',(10.402492405086,-0.67190207355,
    18.429260645959));
#5544 = CARTESIAN_POINT('',(8.911010437561,5.409047225068,
    18.603863758665));
#5545 = CARTESIAN_POINT('',(4.186664617939,8.832388301156,
    18.778558276345));
#5546 = CARTESIAN_POINT('',(-0.979286332563,8.854263229461,
    18.953186698513));
#5547 = CARTESIAN_POINT('',(-4.716714105716,6.374985458212,
    19.127848687757));
#5548 = CARTESIAN_POINT('',(-7.910834578239,-0.553605782788,
    19.477150716872));
#5549 = CARTESIAN_POINT('',(-7.368841132139,-5.005722622274,
    19.651812706075));
#5550 = CARTESIAN_POINT('',(-3.997160680713,-8.919757588792,
    19.826441128357));
#5551 = CARTESIAN_POINT('',(1.674147966359,-10.28885461176,
    20.001135645855));
#5552 = CARTESIAN_POINT('',(7.26680658162,-7.473782242338,
    20.175738758762));
#5553 = CARTESIAN_POINT('',(9.545521131583,-2.102919411693,
    20.350433276282));
#5554 = CARTESIAN_POINT('',(8.410246088326,2.936790729982,20.52506169854
    ));
#5555 = CARTESIAN_POINT('',(5.157139701015,6.024262747559,
    20.699723687753));
#5556 = CARTESIAN_POINT('',(-2.310693737881,7.58607128471,
    21.049025716871));
#5557 = CARTESIAN_POINT('',(-6.528447151632,6.061060665451,
    21.223687706085));
#5558 = CARTESIAN_POINT('',(-9.588244871805,1.89866511753,
    21.398316128335));
#5559 = CARTESIAN_POINT('',(-9.652848965099,-3.935201073912,
    21.573010645884));
#5560 = CARTESIAN_POINT('',(-5.657108158075,-8.755628257784,
    21.747613758736));
#5561 = CARTESIAN_POINT('',(8.75915659208E-02,-9.774025344922,
    21.922308276298));
#5562 = CARTESIAN_POINT('',(4.745193490023,-7.539238542459,
    22.096936698533));
#5563 = CARTESIAN_POINT('',(7.025957986102,-3.677464605534,
    22.271598687755));
#5564 = CARTESIAN_POINT('',(6.87616115789,3.950467164486,22.620900716868
    ));
#5565 = CARTESIAN_POINT('',(4.445558555497,7.719720702956,
    22.795562706097));
#5566 = CARTESIAN_POINT('',(-0.296226172779,9.769934442195,
    22.970191128309));
#5567 = CARTESIAN_POINT('',(-5.996462988482,8.526765639016,
    23.144885645921));
#5568 = CARTESIAN_POINT('',(-9.799924385698,3.553221205532,
    23.319488758699));
#5569 = CARTESIAN_POINT('',(-9.506299722178,-2.27365549671,
    23.494183276323));
#5570 = CARTESIAN_POINT('',(-6.285461873939,-6.312681529194,
    23.668811698521));
#5571 = CARTESIAN_POINT('',(-2.011083665327,-7.670943490765,
    23.843473687758));
#5572 = CARTESIAN_POINT('',(5.389674334683,-5.817146521535,
    24.192775716867));
#5573 = CARTESIAN_POINT('',(8.519062004889,-2.604354269067,24.3674377061
    ));
#5574 = CARTESIAN_POINT('',(9.45560187272,2.476077982428,24.542066128306
    ));
#5575 = CARTESIAN_POINT('',(6.967776179989,7.753282900817,
    24.716760645924));
#5576 = CARTESIAN_POINT('',(1.268936278341,10.346675776439,
    24.891363758697));
#5577 = CARTESIAN_POINT('',(-4.344285340246,8.755936763586,
    25.066058276325));
#5578 = CARTESIAN_POINT('',(-7.559673067706,4.712570653816,
    25.240686698519));
#5579 = CARTESIAN_POINT('',(-7.926473177925,0.242599478773,
    25.415348687759));
#5580 = CARTESIAN_POINT('',(-4.462793827118,-6.555246322112,
    25.764650716864));
#5581 = CARTESIAN_POINT('',(-0.630926231783,-8.885888289422,
    25.939312706112));
#5582 = CARTESIAN_POINT('',(4.530218662013,-8.661205910538,
    26.11394112828));
#5583 = CARTESIAN_POINT('',(9.116466602169,-5.055030892686,
    26.288635645959));
#5584 = CARTESIAN_POINT('',(10.368123718145,1.079772877274,
    26.463238758662));
#5585 = CARTESIAN_POINT('',(7.561032593831,6.194354675069,
    26.637933276348));
#5586 = CARTESIAN_POINT('',(2.900420982788,8.422858017342,
    26.812561698511));
#5587 = CARTESIAN_POINT('',(-1.538201547089,7.779573738195,
    26.987223687758));
#5588 = CARTESIAN_POINT('',(-7.388006730582,2.881863916958,
    27.336525716872));
#5589 = CARTESIAN_POINT('',(-8.801575689633,-1.374534096157,
    27.511187706075));
#5590 = CARTESIAN_POINT('',(-7.427078247512,-6.354358949227,
    27.685816128358));
#5591 = CARTESIAN_POINT('',(-2.885640358128,-10.0168048977,
    27.860510645853));
#5592 = CARTESIAN_POINT('',(3.373661680082,-9.863179293157,
    28.035113758764));
#5593 = CARTESIAN_POINT('',(7.729934994692,-5.982252811724,
    28.20980827628));
#5594 = CARTESIAN_POINT('',(8.858412251322,-0.941016176019,
    28.38443669854));
#5595 = CARTESIAN_POINT('',(7.237703294741,3.240907676055,
    28.559098687753));
#5596 = CARTESIAN_POINT('',(1.154621018171,7.845676095237,28.90840071687
    ));
#5597 = CARTESIAN_POINT('',(-3.310208966691,8.270404778413,
    29.083062706093));
#5598 = CARTESIAN_POINT('',(-7.855886762245,5.815875869466,
    29.257691128319));
#5599 = CARTESIAN_POINT('',(-10.4085873754,0.569745104043,
    29.432385645904));
#5600 = CARTESIAN_POINT('',(-8.857478662747,-5.496268792539,
    29.606988758717));
#5601 = CARTESIAN_POINT('',(-4.099752481773,-8.873064482676,
    29.78168327631));
#5602 = CARTESIAN_POINT('',(1.066164269364,-8.844222566658,
    29.956311698528));
#5603 = CARTESIAN_POINT('',(4.779072070366,-6.328372752429,
    30.130973687755));
#5604 = CARTESIAN_POINT('',(7.90501842213,0.631242293227,30.48027571687)
  );
#5605 = CARTESIAN_POINT('',(7.319343242526,5.077823657831,
    30.654937706088));
#5606 = CARTESIAN_POINT('',(3.909399944714,8.958569139238,
    30.829566128329));
#5607 = CARTESIAN_POINT('',(-1.77507625876,10.271923135941,
    31.004260645892));
#5608 = CARTESIAN_POINT('',(-7.339828893575,7.402081512229,
    31.178863758728));
#5609 = CARTESIAN_POINT('',(-9.565706154397,2.009106640622,
    31.353558276303));
#5610 = CARTESIAN_POINT('',(-8.381009377387,-3.01921527453,
    31.528186698532));
#5611 = CARTESIAN_POINT('',(-5.097749061923,-6.074601719379,
    31.702848687753));
#5612 = CARTESIAN_POINT('',(2.385057267462,-7.563020885727,
    32.052150716874));
#5613 = CARTESIAN_POINT('',(6.587635907045,-5.996676726159,
    32.226812706071));
#5614 = CARTESIAN_POINT('',(9.606422606074,-1.804442757106,
    32.401441128366));
#5615 = CARTESIAN_POINT('',(9.613750658676,4.029776533294,
    32.576135645839));
#5616 = CARTESIAN_POINT('',(5.570878737524,8.810743952251,32.75073875878
    ));
#5617 = CARTESIAN_POINT('',(-0.183542072798,9.772694410097,
    32.925433276267));
#5618 = CARTESIAN_POINT('',(-4.818979926548,7.4922901389,33.100061698546
    ));
#5619 = CARTESIAN_POINT('',(-7.061722242258,3.608311311488,
    33.274723687753));
#5620 = CARTESIAN_POINT('',(-6.837046790842,-4.017782257262,
    33.624025716866));
#5621 = CARTESIAN_POINT('',(-4.36955735608,-7.762992149549,
    33.798687706113));
#5622 = CARTESIAN_POINT('',(0.392126463674,-9.766555471965,
    33.973316128275));
#5623 = CARTESIAN_POINT('',(6.079883993855,-8.467485533233,
    34.148010645968));
#5624 = CARTESIAN_POINT('',(9.834335224417,-3.456840984956,
    34.322613758654));
#5625 = CARTESIAN_POINT('',(9.483520401615,2.366872306992,
    34.497308276352));
#5626 = CARTESIAN_POINT('',(6.223185360548,6.374083700891,34.67193669851
    ));
#5627 = CARTESIAN_POINT('',(1.935678647247,7.690317270572,
    34.846598687757));
#5628 = CARTESIAN_POINT('',(-5.446523385703,5.763954033128,
    35.195900716874));
#5629 = CARTESIAN_POINT('',(-8.544219239951,2.520594410347,
    35.370562706062));
#5630 = CARTESIAN_POINT('',(-9.43083774916,-2.568787320716,
    35.545191128386));
#5631 = CARTESIAN_POINT('',(-6.891323941478,-7.821314145938,
    35.719885645811));
#5632 = CARTESIAN_POINT('',(-1.167298506772,-10.35863471197,
    35.894488758807));
#5633 = CARTESIAN_POINT('',(4.430035811887,-8.712865569441,
    36.069183276249));
#5634 = CARTESIAN_POINT('',(7.60557357022,-4.638127825528,
    36.243811698555));
#5635 = CARTESIAN_POINT('',(7.928472869483,-0.164771069249,
    36.41847368775));
#5636 = CARTESIAN_POINT('',(4.398223813964,6.598743090108,
    36.767775716869));
#5637 = CARTESIAN_POINT('',(0.543660223858,8.891654073511,36.9424377061)
  );
#5638 = CARTESIAN_POINT('',(-4.61503017033,8.616313914743,
    37.117066128299));
#5639 = CARTESIAN_POINT('',(-9.165654122682,4.965288021625,
    37.29176064594));
#5640 = CARTESIAN_POINT('',(-10.35702359233,-1.181508023365,
    37.466363758676));
#5641 = CARTESIAN_POINT('',(-7.499856261859,-6.26828523416,
    37.641058276343));
#5642 = CARTESIAN_POINT('',(-2.817591321601,-8.45092647005,
    37.815686698511));
#5643 = CARTESIAN_POINT('',(1.614501979252,-7.764097816648,
    37.99034868776));
#5644 = CARTESIAN_POINT('',(7.415942873206,-2.809194615597,
    38.339650716867));
#5645 = CARTESIAN_POINT('',(8.787657292386,1.460875735138,
    38.514312706093));
#5646 = CARTESIAN_POINT('',(7.364337557887,6.426966724963,
    38.688941128324));
#5647 = CARTESIAN_POINT('',(2.787163123701,10.044651430336,
    38.863635645895));
#5648 = CARTESIAN_POINT('',(-3.470329080612,9.829583662236,
    39.038238758729));
#5649 = CARTESIAN_POINT('',(-7.788292167295,5.906077280438,39.2129332763
    ));
#5650 = CARTESIAN_POINT('',(-8.867223611514,0.854004965578,
    39.387561698534));
#5651 = CARTESIAN_POINT('',(-7.20553747669,-3.311806337852,
    39.562223687753));
#5652 = CARTESIAN_POINT('',(-1.07754186814,-7.856633287192,
    39.911525716874));
#5653 = CARTESIAN_POINT('',(3.39124264904,-8.237508840492,
    40.086187706071));
#5654 = CARTESIAN_POINT('',(7.912604489507,-5.738471847349,
    40.260816128364));
#5655 = CARTESIAN_POINT('',(10.413679144395,-0.467533221306,
    40.435510645844));
#5656 = CARTESIAN_POINT('',(8.803093185709,5.582960618172,
    40.610113758775));
#5657 = CARTESIAN_POINT('',(4.012445202925,8.912885459782,
    40.784808276271));
#5658 = CARTESIAN_POINT('',(-1.152939447031,8.833329479272,
    40.959436698545));
#5659 = CARTESIAN_POINT('',(-4.840969418103,6.281150104909,
    41.134098687752));
#5660 = CARTESIAN_POINT('',(-7.898440363894,-0.70881796322,
    41.483400716871));
#5661 = CARTESIAN_POINT('',(-7.269139899374,-5.149435282173,
    41.658062706091));
#5662 = CARTESIAN_POINT('',(-3.821262412614,-8.996517244147,
    41.832691128318));
#5663 = CARTESIAN_POINT('',(1.875833465615,-10.25400163078,
    42.007385645913));
#5664 = CARTESIAN_POINT('',(7.412143777552,-7.329667354102,
    42.181988758702));
#5665 = CARTESIAN_POINT('',(9.584969214533,-1.915100227668,
    42.356683276326));
#5666 = CARTESIAN_POINT('',(8.350964887327,3.101348820821,
    42.531311698517));
#5667 = CARTESIAN_POINT('',(5.037867091166,6.124355208446,42.70597368776
    ));
#5668 = CARTESIAN_POINT('',(-2.45919092026,7.53924154704,43.055275716862
    ));
#5669 = CARTESIAN_POINT('',(-6.646189732388,5.931714814716,
    43.229937706119));
#5670 = CARTESIAN_POINT('',(-9.623674453373,1.710046480675,
    43.404566128266));
#5671 = CARTESIAN_POINT('',(-9.57372575889,-4.123963594361,
    43.57926064598));
#5672 = CARTESIAN_POINT('',(-5.484112384165,-8.865010448924,
    43.753863758641));
#5673 = CARTESIAN_POINT('',(0.279474889572,-9.770421562626,
    43.928558276365));
#5674 = CARTESIAN_POINT('',(4.892301899725,-7.444619612825,
    44.103186698501));
#5675 = CARTESIAN_POINT('',(7.096805874933,-3.53881024089,
    44.277848687762));
#5676 = CARTESIAN_POINT('',(6.797273454994,4.084710107824,
    44.627150716864));
#5677 = CARTESIAN_POINT('',(4.293135009613,7.805515382803,
    44.801812706104));
#5678 = CARTESIAN_POINT('',(-0.487988960566,9.762235180779,
    44.976441128302));
#5679 = CARTESIAN_POINT('',(-6.162719007407,8.407389313599,
    45.151135645924));
#5680 = CARTESIAN_POINT('',(-9.867798209392,3.360127586811,
    45.325738758701));
#5681 = CARTESIAN_POINT('',(-9.459827039641,-2.459860993162,
    45.500433276319));
#5682 = CARTESIAN_POINT('',(-6.160309043593,-6.434871525151,
    45.675061698524));
#5683 = CARTESIAN_POINT('',(-1.860087064429,-7.708949841593,
    45.849723687756));
#5684 = CARTESIAN_POINT('',(5.502847489459,-5.710206002827,
    46.19902571687));
#5685 = CARTESIAN_POINT('',(8.568552965381,-2.436591611534,
    46.37368770609));
#5686 = CARTESIAN_POINT('',(9.405164661845,2.661249074028,
    46.548316128323));
#5687 = CARTESIAN_POINT('',(6.814207502778,7.888591556391,
    46.723010645907));
#5688 = CARTESIAN_POINT('',(1.065548228612,10.369595260852,
    46.897613758706));
#5689 = CARTESIAN_POINT('',(-4.51535930752,8.668954611101,
    47.072308276324));
#5690 = CARTESIAN_POINT('',(-7.650741031685,4.563237964855,
    47.246936698519));
#5691 = CARTESIAN_POINT('',(-7.929708398334,8.692677874238E-02,
    47.421598687757));
#5692 = CARTESIAN_POINT('',(-4.333229890841,-6.64160385751,
    47.77090071687));
#5693 = CARTESIAN_POINT('',(-0.456341816823,-8.896562861473,
    47.945562706086));
#5694 = CARTESIAN_POINT('',(4.699396872411,-8.570591460678,
    48.120191128335));
#5695 = CARTESIAN_POINT('',(9.213958238417,-4.875066585774,
    48.294885645887));
#5696 = CARTESIAN_POINT('',(10.344925234989,1.28312929326,
    48.469488758729));
#5697 = CARTESIAN_POINT('',(7.437957078165,6.341611642869,
    48.644183276307));
#5698 = CARTESIAN_POINT('',(2.734490095083,8.47818040488,48.818811698525
    ));
#5699 = CARTESIAN_POINT('',(-1.690646802352,7.747873575193,
    48.993473687759));
#5700 = CARTESIAN_POINT('',(-7.443164251821,2.73625455821,
    49.342775716862));
#5701 = CARTESIAN_POINT('',(-8.772891922439,-1.547076571867,
    49.517437706118));
#5702 = CARTESIAN_POINT('',(-7.300887078081,-6.498955056293,
    49.692066128273));
#5703 = CARTESIAN_POINT('',(-2.688417256688,-10.07152983851,
    49.866760645963));
#5704 = CARTESIAN_POINT('',(3.566662003599,-9.795040635628,
    50.041363758667));
#5705 = CARTESIAN_POINT('',(7.845898688092,-5.8293325091,50.216058276339
    ));
#5706 = CARTESIAN_POINT('',(8.875180330237,-0.766911444373,
    50.390686698518));
#5707 = CARTESIAN_POINT('',(7.172677173941,3.382385800865,
    50.565348687756));
#5708 = CARTESIAN_POINT('',(1.000358862381,7.866833240477,
    50.914650716874));
#5709 = CARTESIAN_POINT('',(-3.471949476359,8.203818954331,
    51.089312706068));
#5710 = CARTESIAN_POINT('',(-7.968559583488,5.660514739362,
    51.263941128372));
#5711 = CARTESIAN_POINT('',(-10.4177672213,0.365276276752,
    51.438635645833));
#5712 = CARTESIAN_POINT('',(-8.747859248241,-5.669114346445,
    51.613238758784));
#5713 = CARTESIAN_POINT('',(-3.924751196248,-8.951847394438,
    51.787933276265));
#5714 = CARTESIAN_POINT('',(1.239603501991,-8.821585017204,
    51.962561698547));
#5715 = CARTESIAN_POINT('',(4.902400183133,-6.23332206707,
    52.137223687751));
#5716 = CARTESIAN_POINT('',(7.891101037537,0.786325315863,
    52.486525716871));
#5717 = CARTESIAN_POINT('',(7.218235941387,5.220550593223,
    52.661187706089));
#5718 = CARTESIAN_POINT('',(3.732756579289,9.033598246003,
    52.835816128326));
#5719 = CARTESIAN_POINT('',(-1.97640987573,10.235091823612,
    53.010510645895));
#5720 = CARTESIAN_POINT('',(-7.483744263691,7.256546747372,
    53.185113758726));
#5721 = CARTESIAN_POINT('',(-9.603308455382,1.820909233381,
    53.359808276304));
#5722 = CARTESIAN_POINT('',(-8.320115513891,-3.18318345267,
    53.53443669853));
#5723 = CARTESIAN_POINT('',(-4.977499560293,-6.173518419405,
    53.709098687755));
#5724 = CARTESIAN_POINT('',(2.533087551117,-7.514735560572,
    54.058400716868));
#5725 = CARTESIAN_POINT('',(6.704102984148,-5.866181192216,
    54.233062706095));
#5726 = CARTESIAN_POINT('',(9.639998750848,-1.615485386476,
    54.407691128318));
#5727 = CARTESIAN_POINT('',(9.532778123577,4.217753179324,
    54.582385645902));
#5728 = CARTESIAN_POINT('',(5.396817460537,8.918422517362,
    54.756988758724));
#5729 = CARTESIAN_POINT('',(-0.375380769892,9.767207021631,
    54.931683276301));
#5730 = CARTESIAN_POINT('',(-4.965152342706,7.396231558806,
    55.106311698536));
#5731 = CARTESIAN_POINT('',(-7.131205502673,3.468968092394,
    55.28097368775));
#5732 = CARTESIAN_POINT('',(-6.756844983795,-4.151244265523,
    55.63027571688));
#5733 = CARTESIAN_POINT('',(-4.216298881834,-7.847286304246,
    55.804937706048));
#5734 = CARTESIAN_POINT('',(0.583804424032,-9.756973985025,
    55.979566128413));
#5735 = CARTESIAN_POINT('',(6.244960045304,-8.346482772321,
    56.154260645779));
#5736 = CARTESIAN_POINT('',(9.900310115417,-3.263090332538,
    56.328863758835));
#5737 = CARTESIAN_POINT('',(9.435221919859,2.55261259278,56.503558276232
    ));
#5738 = CARTESIAN_POINT('',(6.096838983227,6.495039143114,
    56.678186698561));
#5739 = CARTESIAN_POINT('',(1.784316202549,7.726839407979,
    56.852848687749));
#5740 = CARTESIAN_POINT('',(-5.558641217321,5.655907610991,
    57.20215071687));
#5741 = CARTESIAN_POINT('',(-8.592060835843,2.352353968931,57.3768127061
    ));
#5742 = CARTESIAN_POINT('',(-9.378585085176,-2.753454330568,
    57.551441128298));
#5743 = CARTESIAN_POINT('',(-6.736434296593,-7.955108648046,
    57.726135645943));
#5744 = CARTESIAN_POINT('',(-0.96369525067,-10.37955636648,
    57.900738758671));
#5745 = CARTESIAN_POINT('',(4.600247603401,-8.624208120917,
    58.075433276347));
#5746 = CARTESIAN_POINT('',(7.69517109882,-4.487908289795,
    58.250061698507));
#5747 = CARTESIAN_POINT('',(7.930179645382,-9.074110052719E-03,
    58.424723687762));
#5748 = CARTESIAN_POINT('',(4.267818322,6.683824493306,58.774025716863)
  );
#5749 = CARTESIAN_POINT('',(0.368979426638,8.900614180196,
    58.948687706115));
#5750 = CARTESIAN_POINT('',(-4.783310636898,8.524042955168,
    59.123316128276));
#5751 = CARTESIAN_POINT('',(-9.261374293593,4.784375280849,
    59.298010645967));
#5752 = CARTESIAN_POINT('',(-10.3318298123,-1.384626892461,
    59.472613758651));
#5753 = CARTESIAN_POINT('',(-7.375341008631,-6.41432683387,
    59.64730827636));
#5754 = CARTESIAN_POINT('',(-2.65112531274,-8.504617195022,59.8219366985
    ));
#5755 = CARTESIAN_POINT('',(1.766628677398,-7.73090257756,
    59.996598687766));
#5756 = CARTESIAN_POINT('',(7.469668242773,-2.663050774912,
    60.345900716855));
#5757 = CARTESIAN_POINT('',(8.757281002908,1.633128298138,
    60.520562706146));
#5758 = CARTESIAN_POINT('',(7.236732923585,6.570317004799,
    60.695191128213));
#5759 = CARTESIAN_POINT('',(2.589412274422,10.097437531697,
    60.869885646047));
#5760 = CARTESIAN_POINT('',(-3.662651164276,9.759553542601,
    61.044488758581));
#5761 = CARTESIAN_POINT('',(-7.902749004845,5.752025894567,
    61.219183276402));
#5762 = CARTESIAN_POINT('',(-8.882281640605,0.679744006649,
    61.393811698487));
#5763 = CARTESIAN_POINT('',(-7.139125553638,-3.452639262496,
    61.568473687764));
#5764 = CARTESIAN_POINT('',(-0.923079439949,-7.876274971997,
    61.917775716867));
#5765 = CARTESIAN_POINT('',(3.552321669946,-8.169338367035,
    62.092437706087));
#5766 = CARTESIAN_POINT('',(8.023746651148,-5.582012059162,
    62.26706612834));
#5767 = CARTESIAN_POINT('',(10.420851212074,-0.262984126137,
    62.441760645869));
#5768 = CARTESIAN_POINT('',(8.691782173941,5.754721673697,
    62.616363758755));
#5769 = CARTESIAN_POINT('',(3.836678913852,8.989946531401,
    62.791058276281));
#5770 = CARTESIAN_POINT('',(-1.326148081373,8.808990312413,
    62.965686698543));
#5771 = CARTESIAN_POINT('',(-4.963358444631,6.184893248676,
    63.140348687751));
#5772 = CARTESIAN_POINT('',(-7.883001150438,-0.863756880834,
    63.489650716873));
#5773 = CARTESIAN_POINT('',(-7.166636274788,-5.291162736755,
    63.664312706077));
#5774 = CARTESIAN_POINT('',(-3.643890975138,-9.069808570822,
    63.838941128352));
#5775 = CARTESIAN_POINT('',(2.076795795387,-10.21519553703,
    64.013635645859));
#5776 = CARTESIAN_POINT('',(7.554623450945,-7.182726739514,
    64.188238758762));
#5777 = CARTESIAN_POINT('',(9.620722109397,-1.726542736099,
    64.362933276279));
#5778 = CARTESIAN_POINT('',(8.288464230398,3.264711282681,
    64.537561698542));
#5779 = CARTESIAN_POINT('',(4.916652287652,6.222086613809,
    64.712223687753));
#5780 = CARTESIAN_POINT('',(-2.606740037723,7.489505288248,
    65.061525716869));
#5781 = CARTESIAN_POINT('',(-6.7613700805,5.800082174975,65.236187706097
    ));
#5782 = CARTESIAN_POINT('',(-9.655393925207,1.520768588402,
    65.41081612831));
#5783 = CARTESIAN_POINT('',(-9.490911699219,-4.311136248401,
    65.58551064592));
#5784 = CARTESIAN_POINT('',(-5.309002380466,-8.970975009739,
    65.760113758698));
#5785 = CARTESIAN_POINT('',(0.471250470279,-9.763051096849,
    65.934808276327));
#5786 = CARTESIAN_POINT('',(5.037524233942,-7.347130640614,
    66.109436698516));
#5787 = CARTESIAN_POINT('',(7.164917809999,-3.398791597532,
    66.284098687762));
#5788 = CARTESIAN_POINT('',(6.715765273787,4.217378317658,
    66.633400716857));
#5789 = CARTESIAN_POINT('',(4.139056378478,7.888300887888,
    66.808062706142));
#5790 = CARTESIAN_POINT('',(-0.67956361936,9.750772391872,
    66.982691128221));
#5791 = CARTESIAN_POINT('',(-6.326599180786,8.284771779541,
    67.157385646038));
#5792 = CARTESIAN_POINT('',(-9.931867809083,3.165738574975,
    67.331988758587));
#5793 = CARTESIAN_POINT('',(-9.409707413676,-2.645118166408,
    67.506683276401));
#5794 = CARTESIAN_POINT('',(-6.032781296855,-6.554580755619,
    67.681311698483));
#5795 = CARTESIAN_POINT('',(-1.708373364557,-7.743984245519,
    67.85597368777));
#5796 = CARTESIAN_POINT('',(5.613899191773,-5.601064090994,
    68.205275716852));
#5797 = CARTESIAN_POINT('',(8.614740585597,-2.267889601589,
    68.379937706152));
#5798 = CARTESIAN_POINT('',(9.351101580968,2.84539420351,68.554566128206
    ));
#5799 = CARTESIAN_POINT('',(6.65801181883,8.020859009693,68.729260646053
    ));
#5800 = CARTESIAN_POINT('',(0.861749389795,10.38851706894,68.90386375858
    ));
#5801 = CARTESIAN_POINT('',(-4.684692517859,8.578630411571,
    69.078558276398));
#5802 = CARTESIAN_POINT('',(-7.738859489342,4.4121460608,69.253186698492
    ));
#5803 = CARTESIAN_POINT('',(-7.929886565209,-6.877943321714E-02,
    69.427848687761));
#5804 = CARTESIAN_POINT('',(-4.201995411954,-6.725400928192,
    69.777150716872));
#5805 = CARTESIAN_POINT('',(-0.281581473401,-8.903807639185,
    69.951812706064));
#5806 = CARTESIAN_POINT('',(4.866763375844,-8.476672884668,
    70.126441128391));
#5807 = CARTESIAN_POINT('',(9.307897718393,-4.693222847886,
    70.301135645797));
#5808 = CARTESIAN_POINT('',(10.317738586201,1.485991038478,
    70.475738758828));
#5809 = CARTESIAN_POINT('',(7.312014088483,6.486423798653,
    70.650433276231));
#5810 = CARTESIAN_POINT('',(2.567505009377,8.530234292492,
    70.825061698563));
#5811 = CARTESIAN_POINT('',(-1.842440281085,7.713186459435,
    70.99972368775));
#5812 = CARTESIAN_POINT('',(-7.495452291559,2.589590321248,
    71.349025716864));
#5813 = CARTESIAN_POINT('',(-8.740826038397,-1.719022620125,
    71.523687706124));
#5814 = CARTESIAN_POINT('',(-7.171881277713,-6.641045692442,
    71.698316128253));
#5815 = CARTESIAN_POINT('',(-2.490157719223,-10.12237201287,
    71.873010645995));
#5816 = CARTESIAN_POINT('',(3.758287311037,-9.723125803449,
    72.047613758632));
#5817 = CARTESIAN_POINT('',(7.958837638173,-5.67416488784,
    72.222308276365));
#5818 = CARTESIAN_POINT('',(8.888526858198,-0.592511053765,
    72.396936698503));
#5819 = CARTESIAN_POINT('',(7.10488584955,3.522559951564,72.571598687762
    ));
#5820 = CARTESIAN_POINT('',(0.845711049202,7.884957571742,
    72.920900716863));
#5821 = CARTESIAN_POINT('',(-3.632351483386,8.134070401905,
    73.09556270611));
#5822 = CARTESIAN_POINT('',(-8.078160373386,5.502971373024,
    73.270191128288));
#5823 = CARTESIAN_POINT('',(-10.42293081954,0.160666628548,
    73.444885645945));
#5824 = CARTESIAN_POINT('',(-8.634867367565,-5.839774348875,
    73.619488758678));
#5825 = CARTESIAN_POINT('',(-3.748236844362,-9.027179198624,
    73.794183276337));
#5826 = CARTESIAN_POINT('',(1.412564843841,-8.795546578791,
    73.968811698514));
#5827 = CARTESIAN_POINT('',(5.023838327315,-6.135868317401,
    74.14347368776));
#5828 = CARTESIAN_POINT('',(7.874141483275,0.941105195122,
    74.492775716863));
#5829 = CARTESIAN_POINT('',(7.114345872892,5.361264906984,
    74.667437706115));
#5830 = CARTESIAN_POINT('',(3.554674165148,9.105144728676,
    74.842066128279));
#5831 = CARTESIAN_POINT('',(-2.176981549087,10.194314688559,
    75.016760645954));
#5832 = CARTESIAN_POINT('',(-7.624774507912,7.108214445602,
    75.191363758674));
#5833 = CARTESIAN_POINT('',(-9.637208498168,1.632009830971,
    75.366058276336));
#5834 = CARTESIAN_POINT('',(-8.256014087475,-3.345924452997,
    75.540686698519));
#5835 = CARTESIAN_POINT('',(-4.855331137831,-6.27005511056,
    75.715348687756));
#5836 = CARTESIAN_POINT('',(2.680141281301,-7.463553161817,
    76.064650716872));
#5837 = CARTESIAN_POINT('',(6.817985501934,-5.733424133732,
    76.239312706077));
#5838 = CARTESIAN_POINT('',(9.669858492587,-1.425905215512,
    76.413941128351));
#5839 = CARTESIAN_POINT('',(9.448130521071,4.404103801237,
    76.588635645863));
#5840 = CARTESIAN_POINT('',(5.220675607654,9.022662860824,
    76.763238758755));
#5841 = CARTESIAN_POINT('',(-0.567074750528,9.757954188916,
    76.937933276283));
#5842 = CARTESIAN_POINT('',(-5.109410598132,7.297321590664,
    77.112561698542));
#5843 = CARTESIAN_POINT('',(-7.197939547619,3.328287520064,
    77.287223687749));
#5844 = CARTESIAN_POINT('',(-6.674038284375,-4.283105890095,
    77.636525716882));
#5845 = CARTESIAN_POINT('',(-4.061414944144,-7.928555180692,
    77.811187706039));
#5846 = CARTESIAN_POINT('',(0.775257316736,-9.743630998899,
    77.985816128429));
#5847 = CARTESIAN_POINT('',(6.407628545706,-8.222262283374,
    78.160510645757));
#5848 = CARTESIAN_POINT('',(9.962468248459,-3.068081696741,
    78.335113758858));
#5849 = CARTESIAN_POINT('',(9.383285980423,2.737368797876,
    78.509808276214));
#5850 = CARTESIAN_POINT('',(5.968142158423,6.613490624081,
    78.684436698574));
#5851 = CARTESIAN_POINT('',(1.632265869991,7.760382701709,
    78.859098687742));
#5852 = CARTESIAN_POINT('',(-5.668616086943,5.545680728816,
    79.208400716886));
#5853 = CARTESIAN_POINT('',(-8.636590028721,2.183206650214,
    79.383062706027));
#5854 = CARTESIAN_POINT('',(-9.322716798094,-2.937059831216,
    79.557691128457));
#5855 = CARTESIAN_POINT('',(-6.578947628114,-8.08583630454,
    79.732385645709));
#5856 = CARTESIAN_POINT('',(-0.759720471602,-10.39647650424,
    79.906988758915));
#5857 = CARTESIAN_POINT('',(4.768685911792,-8.532225876119,
    80.081683276167));
#5858 = CARTESIAN_POINT('',(7.781801992543,-4.335958579931,
    80.256311698598));
#5859 = CARTESIAN_POINT('',(7.928829186048,0.146626347375,
    80.430973687736));
#5860 = CARTESIAN_POINT('',(4.135767504849,6.766329154937,
    80.780275716885));
#5861 = CARTESIAN_POINT('',(0.194156380776,8.906142930672,
    80.954937706041));
#5862 = CARTESIAN_POINT('',(-4.949747046069,8.42848581478,
    81.129566128419));
#5863 = CARTESIAN_POINT('',(-9.353524028532,4.60161807234,
    81.304260645772));
#5864 = CARTESIAN_POINT('',(-10.30265291509,-1.587211961568,
    81.478863758845));
#5865 = CARTESIAN_POINT('',(-7.24798242112,-6.557895588436,
    81.653558276221));
#5866 = CARTESIAN_POINT('',(-2.483637244569,-8.555029228207,
    81.828186698571));
#5867 = CARTESIAN_POINT('',(1.918074306546,-7.694726928351,
    82.002848687744));
#5868 = CARTESIAN_POINT('',(7.520513913056,-2.515880277481,
    82.35215071688));
#5869 = CARTESIAN_POINT('',(8.723528614865,1.804751259168,
    82.526812706055));
#5870 = CARTESIAN_POINT('',(7.106338391022,6.711134302199,
    82.701441128394));
#5871 = CARTESIAN_POINT('',(2.390663157406,10.146330878896,
    82.876135645804));
#5872 = CARTESIAN_POINT('',(-3.853561226219,9.68576092908,
    83.050738758815));
#5873 = CARTESIAN_POINT('',(-8.014159182173,5.595756993366,
    83.225433276241));
#5874 = CARTESIAN_POINT('',(-8.893915381077,0.5052209934,83.400061698561
    ));
#5875 = CARTESIAN_POINT('',(-7.069961361772,-3.592141128966,
    83.574723687747));
#5876 = CARTESIAN_POINT('',(-0.76826114707,-7.892880202874,
    83.924025716875));
#5877 = CARTESIAN_POINT('',(3.712031203244,-8.098018458113,
    84.098687706075));
#5878 = CARTESIAN_POINT('',(8.131795505684,-5.423400299094,
    84.273316128349));
#5879 = CARTESIAN_POINT('',(10.424005843277,-5.833364554632E-02,
    84.448010645873));
#5880 = CARTESIAN_POINT('',(8.577120314665,5.924264174443,
    84.622613758738));
#5881 = CARTESIAN_POINT('',(3.659433512031,9.063541807511,
    84.797308276303));
#5882 = CARTESIAN_POINT('',(-1.498845460383,8.781255112099,
    84.971936698525));
#5883 = CARTESIAN_POINT('',(-5.083834002001,6.086251998363,
    85.14659868776));
#5884 = CARTESIAN_POINT('',(-7.864522889968,-1.018362803731,
    85.495900716858));
#5885 = CARTESIAN_POINT('',(-7.061369775534,-5.430850347353,
    85.670562706141));
#5886 = CARTESIAN_POINT('',(-3.465114748262,-9.139603313714,
    85.84519112822));
#5887 = CARTESIAN_POINT('',(2.276957480779,-10.17245129082,
    86.019885646043));
#5888 = CARTESIAN_POINT('',(7.694190673237,-7.033017047184,
    86.19448875858));
#5889 = CARTESIAN_POINT('',(9.652766032729,-1.537319629328,
    86.369183276407));
#5890 = CARTESIAN_POINT('',(8.222768212731,3.426815136139,
    86.543811698481));
#5891 = CARTESIAN_POINT('',(4.79354202109,6.317419286356,86.718473687769
    ));
#5892 = CARTESIAN_POINT('',(-2.753284207284,7.436881682584,
    87.067775716855));
#5893 = CARTESIAN_POINT('',(-6.873943791717,5.666213493186,
    87.24243770614));
#5894 = CARTESIAN_POINT('',(-9.683391058938,1.330904410824,
    87.417066128226));
#5895 = CARTESIAN_POINT('',(-9.40443871233,-4.496646877282,
    87.591760646032));
#5896 = CARTESIAN_POINT('',(-5.131845655386,-9.073481088968,
    87.766363758592));
#5897 = CARTESIAN_POINT('',(0.662844375027,-9.751916789,87.941058276396)
  );
#5898 = CARTESIAN_POINT('',(5.180804506645,-7.246809209687,
    88.115686698489));
#5899 = CARTESIAN_POINT('',(7.230267532861,-3.257462655315,
    88.290348687763));
#5900 = CARTESIAN_POINT('',(6.63166803724,4.348420647871,88.63965071687)
  );
#5901 = CARTESIAN_POINT('',(3.983382062254,7.968045302834,
    88.814312706077));
#5902 = CARTESIAN_POINT('',(-0.870876293319,9.735550494538,
    88.988941128358));
#5903 = CARTESIAN_POINT('',(-6.488040329907,8.158960308359,
    89.163635645848));
#5904 = CARTESIAN_POINT('',(-9.992108484538,2.970129110527,
    89.338238758771));
#5905 = CARTESIAN_POINT('',(-9.355960166457,-2.829355596144,
    89.512933276277));
#5906 = CARTESIAN_POINT('',(-5.90292779806,-6.671763070493,
    89.687561698538));
#5907 = CARTESIAN_POINT('',(-1.556001054234,-7.776033196089,
    89.862223687759));
#5908 = CARTESIAN_POINT('',(5.722786629085,-5.489762862345,
    90.211525716854));
#5909 = CARTESIAN_POINT('',(8.657607059326,-2.098313277007,
    90.386187706164));
#5910 = CARTESIAN_POINT('',(9.293433472423,3.028442379329,
    90.560816128168));
#5911 = CARTESIAN_POINT('',(6.499249344593,8.150034269186,
    90.735510646115));
#5912 = CARTESIAN_POINT('',(0.657618330174,10.403433905942,
    90.910113758512));
#5913 = CARTESIAN_POINT('',(-4.852219690045,8.484998986705,
    91.08480827645));
#5914 = CARTESIAN_POINT('',(-7.823994469354,4.259353190458,
    91.259436698464));
#5915 = CARTESIAN_POINT('',(-7.927007609863,-0.224459129399,
    91.43409868777));
#5916 = CARTESIAN_POINT('',(-4.06914098384,-6.806605228787,
    91.783400716861));
#5917 = CARTESIAN_POINT('',(-0.106712575,-8.907619829577,91.958062706108
    ));
#5918 = CARTESIAN_POINT('',(5.032253649441,-8.379486389884,
    92.132691128295));
#5919 = CARTESIAN_POINT('',(9.398248826491,-4.509569783243,
    92.307385645933));
#5920 = CARTESIAN_POINT('',(10.286574252901,1.688279905824,
    92.481988758694));
#5921 = CARTESIAN_POINT('',(7.1832521781,6.628735314639,92.656683276321)
  );
#5922 = CARTESIAN_POINT('',(2.399530101647,8.57899961237,92.831311698527
    ));
#5923 = CARTESIAN_POINT('',(-1.99352346402,7.675525763478,
    93.005973687752));
#5924 = CARTESIAN_POINT('',(-7.544850691762,2.441927747927,
    93.355275716879));
#5925 = CARTESIAN_POINT('',(-8.705390399503,-1.890305952492,
    93.529937706046));
#5926 = CARTESIAN_POINT('',(-7.040110580628,-6.780576078936,
    93.704566128419));
#5927 = CARTESIAN_POINT('',(-2.290938178515,-10.16931182032,
    93.879260645764));
#5928 = CARTESIAN_POINT('',(3.948463727158,-9.647462521002,
    94.053863758859));
#5929 = CARTESIAN_POINT('',(8.068708304832,-5.516809768129,
    94.228558276208));
#5930 = CARTESIAN_POINT('',(8.898446689874,-0.417882238808,
    94.403186698578));
#5931 = CARTESIAN_POINT('',(7.034355456407,3.661376088332,
    94.577848687741));
#5932 = CARTESIAN_POINT('',(0.690737198328,7.900042101783,
    94.927150716883));
#5933 = CARTESIAN_POINT('',(-3.791353149815,8.061186010452,
    95.101812706044));
#5934 = CARTESIAN_POINT('',(-8.18464687859,5.34330650654,95.276441128419
    ));
#5935 = CARTESIAN_POINT('',(-10.42407617967,-4.400495975711E-02,
    95.451135645766));
#5936 = CARTESIAN_POINT('',(-8.518546581008,-6.008183007112,
    95.625738758853));
#5937 = CARTESIAN_POINT('',(-3.570277475928,-9.099030853369,
    95.800433276215));
#5938 = CARTESIAN_POINT('',(1.58498161511,-8.766117289767,
    95.975061698572));
#5939 = CARTESIAN_POINT('',(5.143339686171,-6.036049073682,
    96.149723687745));
#5940 = CARTESIAN_POINT('',(7.854146297599,1.095522260399,
    96.499025716876));
#5941 = CARTESIAN_POINT('',(7.007713088577,5.499912351141,
    96.673687706082));
#5942 = CARTESIAN_POINT('',(3.375221356553,9.173181004548,
    96.848316128318));
#5943 = CARTESIAN_POINT('',(-2.376713954742,10.14960745145,
    97.023010645952));
#5944 = CARTESIAN_POINT('',(-7.762865256298,6.957141791447,
    97.197613758588));
#5945 = CARTESIAN_POINT('',(-9.667393213716,1.442481258112,
    97.372308276519));
#5946 = CARTESIAN_POINT('',(-8.188729810405,-3.507375536082,
    97.546936698292));
#5947 = CARTESIAN_POINT('',(-4.731290892834,-6.364174575903,
    97.721598687949));
#5948 = CARTESIAN_POINT('',(2.826161766098,-7.409493421665,
    98.070900716441));
#5949 = CARTESIAN_POINT('',(6.929239556003,-5.598456728835,
    98.245562708434));
#5950 = CARTESIAN_POINT('',(9.695990321174,-1.235775336876,
    98.420191122176));
#5951 = CARTESIAN_POINT('',(9.359840481876,4.588756568112,
    98.594885657125));
#5952 = CARTESIAN_POINT('',(5.042521088466,9.123424780965,
    98.769488743074));
#5953 = CARTESIAN_POINT('',(-0.758550116939,9.744939495637,
    98.944183293552));
#5954 = CARTESIAN_POINT('',(-5.251699075086,7.195598351601,
    99.118811683325));
#5955 = CARTESIAN_POINT('',(-7.261898652257,3.186323839727,
    99.293473698433));
#5956 = CARTESIAN_POINT('',(-6.588658611103,-4.41331631716,
    99.642775694491));
#5957 = CARTESIAN_POINT('',(-3.904965280933,-8.006767332928,
    99.817437826918));
#5958 = CARTESIAN_POINT('',(0.966411404231,-9.726531958949,
    99.992065812366));
#5959 = CARTESIAN_POINT('',(6.56782665357,-8.094871406751,
    100.16676122146));
#5960 = CARTESIAN_POINT('',(10.020785840813,-2.871891020745,
    100.34136295812));
#5961 = CARTESIAN_POINT('',(9.327732407118,2.921070535304,
    100.51605915704));
#5962 = CARTESIAN_POINT('',(5.837144675916,6.729391739051,
    100.69068592328));
#5963 = CARTESIAN_POINT('',(1.479586145328,7.790934738882,
    100.86534923155));
#5964 = CARTESIAN_POINT('',(-2.148409597565,6.612124766727,
    101.03999940462));
#5965 = PCURVE('',#4362,#5966);
#5966 = DEFINITIONAL_REPRESENTATION('',(#5967),#5971);
#5967 = LINE('',#5968,#5969);
#5968 = CARTESIAN_POINT('',(1.166190378969,0.));
#5969 = VECTOR('',#5970,1.);
#5970 = DIRECTION('',(0.,1.));
#5971 = ( GEOMETRIC_REPRESENTATION_CONTEXT(2) 
PARAMETRIC_REPRESENTATION_CONTEXT() REPRESENTATION_CONTEXT('2D SPACE',''
  ) );
#5972 = PCURVE('',#2774,#5973);
#5973 = DEFINITIONAL_REPRESENTATION('',(#5974),#5977);
#5974 = B_SPLINE_CURVE_WITH_KNOTS('',1,(#5975,#5976),.UNSPECIFIED.,.F.,
  .F.,(2,2),(0.,331.66897593324),.PIECEWISE_BEZIER_KNOTS.);
#5975 = CARTESIAN_POINT('',(0.,0.));
#5976 = CARTESIAN_POINT('',(0.,331.66897593324));
#5977 = ( GEOMETRIC_REPRESENTATION_CONTEXT(2) 
PARAMETRIC_REPRESENTATION_CONTEXT() REPRESENTATION_CONTEXT('2D SPACE',''
  ) );
#5978 = ORIENTED_EDGE('',*,*,#5979,.F.);
#5979 = EDGE_CURVE('',#3836,#5447,#5980,.T.);
#5980 = SURFACE_CURVE('',#5981,(#5984,#5991),.PCURVE_S1.);
#5981 = B_SPLINE_CURVE_WITH_KNOTS('',1,(#5982,#5983),.UNSPECIFIED.,.F.,
  .F.,(2,2),(0.,1.166190378969),.PIECEWISE_BEZIER_KNOTS.);
#5982 = CARTESIAN_POINT('',(-2.482148072009,7.639266372409,
    100.60000082218));
#5983 = CARTESIAN_POINT('',(-2.148409597565,6.612124766727,
    101.03999940462));
#5984 = PCURVE('',#4362,#5985);
#5985 = DEFINITIONAL_REPRESENTATION('',(#5986),#5990);
#5986 = LINE('',#5987,#5988);
#5987 = CARTESIAN_POINT('',(0.,331.66897593324));
#5988 = VECTOR('',#5989,1.);
#5989 = DIRECTION('',(1.,0.));
#5990 = ( GEOMETRIC_REPRESENTATION_CONTEXT(2) 
PARAMETRIC_REPRESENTATION_CONTEXT() REPRESENTATION_CONTEXT('2D SPACE',''
  ) );
#5991 = PCURVE('',#5410,#5992);
#5992 = DEFINITIONAL_REPRESENTATION('',(#5993),#5996);
#5993 = B_SPLINE_CURVE_WITH_KNOTS('',1,(#5994,#5995),.UNSPECIFIED.,.F.,
  .F.,(2,2),(0.,1.166190378969),.PIECEWISE_BEZIER_KNOTS.);
#5994 = CARTESIAN_POINT('',(0.687927669789,9.029393197579E-07));
#5995 = CARTESIAN_POINT('',(-0.392072907732,0.439999485385));
#5996 = ( GEOMETRIC_REPRESENTATION_CONTEXT(2) 
PARAMETRIC_REPRESENTATION_CONTEXT() REPRESENTATION_CONTEXT('2D SPACE',''
  ) );
#5997 = ADVANCED_FACE('',(#5998),#2774,.F.);
#5998 = FACE_BOUND('',#5999,.F.);
#5999 = EDGE_LOOP('',(#6000,#6001,#6020,#6021));
#6000 = ORIENTED_EDGE('',*,*,#5446,.F.);
#6001 = ORIENTED_EDGE('',*,*,#6002,.T.);
#6002 = EDGE_CURVE('',#5426,#1217,#6003,.T.);
#6003 = SURFACE_CURVE('',#6004,(#6007,#6014),.PCURVE_S1.);
#6004 = B_SPLINE_CURVE_WITH_KNOTS('',1,(#6005,#6006),.UNSPECIFIED.,.F.,
  .F.,(2,2),(0.,0.88),.PIECEWISE_BEZIER_KNOTS.);
#6005 = CARTESIAN_POINT('',(6.9524,-1.7763568394E-15,0.44));
#6006 = CARTESIAN_POINT('',(6.9524,2.6645352591E-15,-0.44));
#6007 = PCURVE('',#2774,#6008);
#6008 = DEFINITIONAL_REPRESENTATION('',(#6009),#6013);
#6009 = LINE('',#6010,#6011);
#6010 = CARTESIAN_POINT('',(0.,0.));
#6011 = VECTOR('',#6012,1.);
#6012 = DIRECTION('',(1.,0.));
#6013 = ( GEOMETRIC_REPRESENTATION_CONTEXT(2) 
PARAMETRIC_REPRESENTATION_CONTEXT() REPRESENTATION_CONTEXT('2D SPACE',''
  ) );
#6014 = PCURVE('',#3824,#6015);
#6015 = DEFINITIONAL_REPRESENTATION('',(#6016),#6019);
#6016 = B_SPLINE_CURVE_WITH_KNOTS('',1,(#6017,#6018),.UNSPECIFIED.,.F.,
  .F.,(2,2),(0.,0.88),.PIECEWISE_BEZIER_KNOTS.);
#6017 = CARTESIAN_POINT('',(-0.44,-0.39207233021));
#6018 = CARTESIAN_POINT('',(0.44,-0.39207233021));
#6019 = ( GEOMETRIC_REPRESENTATION_CONTEXT(2) 
PARAMETRIC_REPRESENTATION_CONTEXT() REPRESENTATION_CONTEXT('2D SPACE',''
  ) );
#6020 = ORIENTED_EDGE('',*,*,#1216,.T.);
#6021 = ORIENTED_EDGE('',*,*,#6022,.F.);
#6022 = EDGE_CURVE('',#5447,#1219,#6023,.T.);
#6023 = SURFACE_CURVE('',#6024,(#6027,#6034),.PCURVE_S1.);
#6024 = B_SPLINE_CURVE_WITH_KNOTS('',1,(#6025,#6026),.UNSPECIFIED.,.F.,
  .F.,(2,2),(0.,0.88),.PIECEWISE_BEZIER_KNOTS.);
#6025 = CARTESIAN_POINT('',(-2.148409597565,6.612124766727,
    101.03999940462));
#6026 = CARTESIAN_POINT('',(-2.148409954493,6.612125865239,
    100.15999940462));
#6027 = PCURVE('',#2774,#6028);
#6028 = DEFINITIONAL_REPRESENTATION('',(#6029),#6033);
#6029 = LINE('',#6030,#6031);
#6030 = CARTESIAN_POINT('',(0.,331.66897593324));
#6031 = VECTOR('',#6032,1.);
#6032 = DIRECTION('',(1.,0.));
#6033 = ( GEOMETRIC_REPRESENTATION_CONTEXT(2) 
PARAMETRIC_REPRESENTATION_CONTEXT() REPRESENTATION_CONTEXT('2D SPACE',''
  ) );
#6034 = PCURVE('',#5410,#6035);
#6035 = DEFINITIONAL_REPRESENTATION('',(#6036),#6039);
#6036 = B_SPLINE_CURVE_WITH_KNOTS('',1,(#6037,#6038),.UNSPECIFIED.,.F.,
  .F.,(2,2),(0.,0.88),.PIECEWISE_BEZIER_KNOTS.);
#6037 = CARTESIAN_POINT('',(-0.392072907732,0.439999485385));
#6038 = CARTESIAN_POINT('',(-0.392071752688,-0.440000514614));
#6039 = ( GEOMETRIC_REPRESENTATION_CONTEXT(2) 
PARAMETRIC_REPRESENTATION_CONTEXT() REPRESENTATION_CONTEXT('2D SPACE',''
  ) );
#6040 = ADVANCED_FACE('',(#6041),#3824,.T.);
#6041 = FACE_BOUND('',#6042,.T.);
#6042 = EDGE_LOOP('',(#6043,#6044,#6045));
#6043 = ORIENTED_EDGE('',*,*,#3809,.T.);
#6044 = ORIENTED_EDGE('',*,*,#5425,.T.);
#6045 = ORIENTED_EDGE('',*,*,#6002,.T.);
#6046 = ADVANCED_FACE('',(#6047),#5410,.F.);
#6047 = FACE_BOUND('',#6048,.F.);
#6048 = EDGE_LOOP('',(#6049,#6050,#6051));
#6049 = ORIENTED_EDGE('',*,*,#5397,.T.);
#6050 = ORIENTED_EDGE('',*,*,#5979,.T.);
#6051 = ORIENTED_EDGE('',*,*,#6022,.T.);
#6052 = ( GEOMETRIC_REPRESENTATION_CONTEXT(3) 
GLOBAL_UNCERTAINTY_ASSIGNED_CONTEXT((#6056)) 
GLOBAL_UNIT_ASSIGNED_CONTEXT((#6053,#6054,#6055)) REPRESENTATION_CONTEXT
('Context #1','3D Context with UNIT and UNCERTAINTY') );
#6053 = ( LENGTH_UNIT() NAMED_UNIT(*) SI_UNIT(.MILLI.,.METRE.) );
#6054 = ( NAMED_UNIT(*) PLANE_ANGLE_UNIT() SI_UNIT($,.RADIAN.) );
#6055 = ( NAMED_UNIT(*) SI_UNIT($,.STERADIAN.) SOLID_ANGLE_UNIT() );
#6056 = UNCERTAINTY_MEASURE_WITH_UNIT(LENGTH_MEASURE(5.E-05),#6053,
  'distance_accuracy_value','confusion accuracy');
#6057 = CONTEXT_DEPENDENT_SHAPE_REPRESENTATION(#6058,#6060);
#6058 = ( REPRESENTATION_RELATIONSHIP('','',#1209,#10) 
REPRESENTATION_RELATIONSHIP_WITH_TRANSFORMATION(#6059) 
SHAPE_REPRESENTATION_RELATIONSHIP() );
#6059 = ITEM_DEFINED_TRANSFORMATION('','',#11,#19);
#6060 = PRODUCT_DEFINITION_SHAPE('Placement','Placement of an item',
  #6061);
#6061 = NEXT_ASSEMBLY_USAGE_OCCURRENCE('12','','',#5,#1204,$);
#6062 = PRODUCT_RELATED_PRODUCT_CATEGORY('part',$,(#1206));
ENDSEC;
END-ISO-10303-21;
