ISO-10303-21;
HEADER;
FILE_DESCRIPTION(('Open CASCADE Model'),'2;1');
FILE_NAME('Open CASCADE Shape Model','2026-08-17T03:01:33',('Author'),(
    'Open CASCADE'),'Open CASCADE STEP processor 7.9','Open CASCADE 7.9'
  ,'Unknown');
FILE_SCHEMA(('AUTOMOTIVE_DESIGN { 1 0 10303 214 1 1 1 1 }'));
ENDSEC;
DATA;
#1 = APPLICATION_PROTOCOL_DEFINITION('international standard',
  'automotive_design',2000,#2);
#2 = APPLICATION_CONTEXT(
  'core data for automotive mechanical design processes');
#3 = SHAPE_DEFINITION_REPRESENTATION(#4,#10);
#4 = PRODUCT_DEFINITION_SHAPE('','',#5);
#5 = PRODUCT_DEFINITION('design','',#6,#9);
#6 = PRODUCT_DEFINITION_FORMATION('','',#7);
#7 = PRODUCT('Open CASCADE STEP translator 7.9 4',
  'Open CASCADE STEP translator 7.9 4','',(#8));
#8 = PRODUCT_CONTEXT('',#2,'mechanical');
#9 = PRODUCT_DEFINITION_CONTEXT('part definition',#2,'design');
#10 = SHAPE_REPRESENTATION('',(#11,#15,#19),#23);
#11 = AXIS2_PLACEMENT_3D('',#12,#13,#14);
#12 = CARTESIAN_POINT('',(0.,0.,0.));
#13 = DIRECTION('',(0.,0.,1.));
#14 = DIRECTION('',(1.,0.,-0.));
#15 = AXIS2_PLACEMENT_3D('',#16,#17,#18);
#16 = CARTESIAN_POINT('',(0.,0.,0.));
#17 = DIRECTION('',(0.,0.,1.));
#18 = DIRECTION('',(1.,0.,-0.));
#19 = AXIS2_PLACEMENT_3D('',#20,#21,#22);
#20 = CARTESIAN_POINT('',(0.,0.,0.));
#21 = DIRECTION('',(0.,0.,1.));
#22 = DIRECTION('',(1.,0.,-0.));
#23 = ( GEOMETRIC_REPRESENTATION_CONTEXT(3) 
GLOBAL_UNCERTAINTY_ASSIGNED_CONTEXT((#27)) GLOBAL_UNIT_ASSIGNED_CONTEXT(
(#24,#25,#26)) REPRESENTATION_CONTEXT('Context #1',
  '3D Context with UNIT and UNCERTAINTY') );
#24 = ( LENGTH_UNIT() NAMED_UNIT(*) SI_UNIT(.MILLI.,.METRE.) );
#25 = ( NAMED_UNIT(*) PLANE_ANGLE_UNIT() SI_UNIT($,.RADIAN.) );
#26 = ( NAMED_UNIT(*) SI_UNIT($,.STERADIAN.) SOLID_ANGLE_UNIT() );
#27 = UNCERTAINTY_MEASURE_WITH_UNIT(LENGTH_MEASURE(5.E-06),#24,
  'distance_accuracy_value','confusion accuracy');
#28 = PRODUCT_RELATED_PRODUCT_CATEGORY('part',$,(#7));
#29 = SHAPE_DEFINITION_REPRESENTATION(#30,#36);
#30 = PRODUCT_DEFINITION_SHAPE('','',#31);
#31 = PRODUCT_DEFINITION('design','',#32,#35);
#32 = PRODUCT_DEFINITION_FORMATION('','',#33);
#33 = PRODUCT('Open CASCADE STEP translator 7.9 4.1',
  'Open CASCADE STEP translator 7.9 4.1','',(#34));
#34 = PRODUCT_CONTEXT('',#2,'mechanical');
#35 = PRODUCT_DEFINITION_CONTEXT('part definition',#2,'design');
#36 = ADVANCED_BREP_SHAPE_REPRESENTATION('',(#11,#37),#1191);
#37 = MANIFOLD_SOLID_BREP('',#38);
#38 = CLOSED_SHELL('',(#39,#424,#500,#554,#604,#653,#702,#752,#802,#851,
    #900,#950,#1000,#1027,#1082,#1097,#1132,#1187));
#39 = ADVANCED_FACE('',(#40,#393),#54,.T.);
#40 = FACE_BOUND('',#41,.T.);
#41 = EDGE_LOOP('',(#42,#77,#110,#138,#167,#195,#224,#252,#281,#309,#338
    ,#366));
#42 = ORIENTED_EDGE('',*,*,#43,.F.);
#43 = EDGE_CURVE('',#44,#46,#48,.T.);
#44 = VERTEX_POINT('',#45);
#45 = CARTESIAN_POINT('',(7.447818472546,0.1,53.9));
#46 = VERTEX_POINT('',#47);
#47 = CARTESIAN_POINT('',(3.810511776652,6.4,53.9));
#48 = SURFACE_CURVE('',#49,(#53,#65),.PCURVE_S1.);
#49 = LINE('',#50,#51);
#50 = CARTESIAN_POINT('',(7.505553499465,0.,53.9));
#51 = VECTOR('',#52,1.);
#52 = DIRECTION('',(-0.5,0.866025403784,0.));
#53 = PCURVE('',#54,#59);
#54 = PLANE('',#55);
#55 = AXIS2_PLACEMENT_3D('',#56,#57,#58);
#56 = CARTESIAN_POINT('',(-6.435012388421E-16,6.182685985047E-16,53.9));
#57 = DIRECTION('',(0.,0.,1.));
#58 = DIRECTION('',(1.,0.,-0.));
#59 = DEFINITIONAL_REPRESENTATION('',(#60),#64);
#60 = LINE('',#61,#62);
#61 = CARTESIAN_POINT('',(7.505553499465,-6.182685985047E-16));
#62 = VECTOR('',#63,1.);
#63 = DIRECTION('',(-0.5,0.866025403784));
#64 = ( GEOMETRIC_REPRESENTATION_CONTEXT(2) 
PARAMETRIC_REPRESENTATION_CONTEXT() REPRESENTATION_CONTEXT('2D SPACE',''
  ) );
#65 = PCURVE('',#66,#71);
#66 = PLANE('',#67);
#67 = AXIS2_PLACEMENT_3D('',#68,#69,#70);
#68 = CARTESIAN_POINT('',(7.505553499465,0.,53.9));
#69 = DIRECTION('',(-0.866025403784,-0.5,0.));
#70 = DIRECTION('',(-0.5,0.866025403784,0.));
#71 = DEFINITIONAL_REPRESENTATION('',(#72),#76);
#72 = LINE('',#73,#74);
#73 = CARTESIAN_POINT('',(0.,0.));
#74 = VECTOR('',#75,1.);
#75 = DIRECTION('',(1.,0.));
#76 = ( GEOMETRIC_REPRESENTATION_CONTEXT(2) 
PARAMETRIC_REPRESENTATION_CONTEXT() REPRESENTATION_CONTEXT('2D SPACE',''
  ) );
#77 = ORIENTED_EDGE('',*,*,#78,.T.);
#78 = EDGE_CURVE('',#44,#79,#81,.T.);
#79 = VERTEX_POINT('',#80);
#80 = CARTESIAN_POINT('',(7.447818472546,-1.E-01,53.9));
#81 = SURFACE_CURVE('',#82,(#87,#98),.PCURVE_S1.);
#82 = CIRCLE('',#83,0.2);
#83 = AXIS2_PLACEMENT_3D('',#84,#85,#86);
#84 = CARTESIAN_POINT('',(7.274613391789,9.39988827516E-16,53.9));
#85 = DIRECTION('',(-0.,-0.,-1.));
#86 = DIRECTION('',(0.,-1.,0.));
#87 = PCURVE('',#54,#88);
#88 = DEFINITIONAL_REPRESENTATION('',(#89),#97);
#89 = ( BOUNDED_CURVE() B_SPLINE_CURVE(2,(#90,#91,#92,#93,#94,#95,#96),
.UNSPECIFIED.,.T.,.F.) B_SPLINE_CURVE_WITH_KNOTS((1,2,2,2,2,1),(
    -2.094395102393,0.,2.094395102393,4.188790204786,6.28318530718,
8.377580409573),.UNSPECIFIED.) CURVE() GEOMETRIC_REPRESENTATION_ITEM() 
RATIONAL_B_SPLINE_CURVE((1.,0.5,1.,0.5,1.,0.5,1.)) REPRESENTATION_ITEM(
  '') );
#90 = CARTESIAN_POINT('',(7.274613391789,-0.2));
#91 = CARTESIAN_POINT('',(6.928203230276,-0.2));
#92 = CARTESIAN_POINT('',(7.101408311032,0.1));
#93 = CARTESIAN_POINT('',(7.274613391789,0.4));
#94 = CARTESIAN_POINT('',(7.447818472546,0.1));
#95 = CARTESIAN_POINT('',(7.621023553303,-0.2));
#96 = CARTESIAN_POINT('',(7.274613391789,-0.2));
#97 = ( GEOMETRIC_REPRESENTATION_CONTEXT(2) 
PARAMETRIC_REPRESENTATION_CONTEXT() REPRESENTATION_CONTEXT('2D SPACE',''
  ) );
#98 = PCURVE('',#99,#104);
#99 = CYLINDRICAL_SURFACE('',#100,0.2);
#100 = AXIS2_PLACEMENT_3D('',#101,#102,#103);
#101 = CARTESIAN_POINT('',(7.274613391789,9.39988827516E-16,53.9));
#102 = DIRECTION('',(0.,0.,1.));
#103 = DIRECTION('',(0.866025403784,0.5,-0.));
#104 = DEFINITIONAL_REPRESENTATION('',(#105),#109);
#105 = LINE('',#106,#107);
#106 = CARTESIAN_POINT('',(4.188790204786,-0.));
#107 = VECTOR('',#108,1.);
#108 = DIRECTION('',(-1.,0.));
#109 = ( GEOMETRIC_REPRESENTATION_CONTEXT(2) 
PARAMETRIC_REPRESENTATION_CONTEXT() REPRESENTATION_CONTEXT('2D SPACE',''
  ) );
#110 = ORIENTED_EDGE('',*,*,#111,.F.);
#111 = EDGE_CURVE('',#112,#79,#114,.T.);
#112 = VERTEX_POINT('',#113);
#113 = CARTESIAN_POINT('',(3.810511776652,-6.4,53.9));
#114 = SURFACE_CURVE('',#115,(#119,#126),.PCURVE_S1.);
#115 = LINE('',#116,#117);
#116 = CARTESIAN_POINT('',(3.752776749733,-6.5,53.9));
#117 = VECTOR('',#118,1.);
#118 = DIRECTION('',(0.5,0.866025403784,0.));
#119 = PCURVE('',#54,#120);
#120 = DEFINITIONAL_REPRESENTATION('',(#121),#125);
#121 = LINE('',#122,#123);
#122 = CARTESIAN_POINT('',(3.752776749733,-6.5));
#123 = VECTOR('',#124,1.);
#124 = DIRECTION('',(0.5,0.866025403784));
#125 = ( GEOMETRIC_REPRESENTATION_CONTEXT(2) 
PARAMETRIC_REPRESENTATION_CONTEXT() REPRESENTATION_CONTEXT('2D SPACE',''
  ) );
#126 = PCURVE('',#127,#132);
#127 = PLANE('',#128);
#128 = AXIS2_PLACEMENT_3D('',#129,#130,#131);
#129 = CARTESIAN_POINT('',(3.752776749733,-6.5,53.9));
#130 = DIRECTION('',(-0.866025403784,0.5,0.));
#131 = DIRECTION('',(0.5,0.866025403784,0.));
#132 = DEFINITIONAL_REPRESENTATION('',(#133),#137);
#133 = LINE('',#134,#135);
#134 = CARTESIAN_POINT('',(0.,0.));
#135 = VECTOR('',#136,1.);
#136 = DIRECTION('',(1.,0.));
#137 = ( GEOMETRIC_REPRESENTATION_CONTEXT(2) 
PARAMETRIC_REPRESENTATION_CONTEXT() REPRESENTATION_CONTEXT('2D SPACE',''
  ) );
#138 = ORIENTED_EDGE('',*,*,#139,.F.);
#139 = EDGE_CURVE('',#140,#112,#142,.T.);
#140 = VERTEX_POINT('',#141);
#141 = CARTESIAN_POINT('',(3.637306695895,-6.5,53.9));
#142 = SURFACE_CURVE('',#143,(#148,#155),.PCURVE_S1.);
#143 = CIRCLE('',#144,0.2);
#144 = AXIS2_PLACEMENT_3D('',#145,#146,#147);
#145 = CARTESIAN_POINT('',(3.637306695895,-6.3,53.9));
#146 = DIRECTION('',(0.,0.,1.));
#147 = DIRECTION('',(0.,-1.,0.));
#148 = PCURVE('',#54,#149);
#149 = DEFINITIONAL_REPRESENTATION('',(#150),#154);
#150 = CIRCLE('',#151,0.2);
#151 = AXIS2_PLACEMENT_2D('',#152,#153);
#152 = CARTESIAN_POINT('',(3.637306695895,-6.3));
#153 = DIRECTION('',(0.,-1.));
#154 = ( GEOMETRIC_REPRESENTATION_CONTEXT(2) 
PARAMETRIC_REPRESENTATION_CONTEXT() REPRESENTATION_CONTEXT('2D SPACE',''
  ) );
#155 = PCURVE('',#156,#161);
#156 = CYLINDRICAL_SURFACE('',#157,0.2);
#157 = AXIS2_PLACEMENT_3D('',#158,#159,#160);
#158 = CARTESIAN_POINT('',(3.637306695895,-6.3,53.9));
#159 = DIRECTION('',(0.,0.,1.));
#160 = DIRECTION('',(-5.916808265796E-16,-1.,0.));
#161 = DEFINITIONAL_REPRESENTATION('',(#162),#166);
#162 = LINE('',#163,#164);
#163 = CARTESIAN_POINT('',(5.916808265796E-16,0.));
#164 = VECTOR('',#165,1.);
#165 = DIRECTION('',(1.,0.));
#166 = ( GEOMETRIC_REPRESENTATION_CONTEXT(2) 
PARAMETRIC_REPRESENTATION_CONTEXT() REPRESENTATION_CONTEXT('2D SPACE',''
  ) );
#167 = ORIENTED_EDGE('',*,*,#168,.F.);
#168 = EDGE_CURVE('',#169,#140,#171,.T.);
#169 = VERTEX_POINT('',#170);
#170 = CARTESIAN_POINT('',(-3.637306695895,-6.5,53.9));
#171 = SURFACE_CURVE('',#172,(#176,#183),.PCURVE_S1.);
#172 = LINE('',#173,#174);
#173 = CARTESIAN_POINT('',(-3.752776749733,-6.5,53.9));
#174 = VECTOR('',#175,1.);
#175 = DIRECTION('',(1.,-5.916808265796E-16,0.));
#176 = PCURVE('',#54,#177);
#177 = DEFINITIONAL_REPRESENTATION('',(#178),#182);
#178 = LINE('',#179,#180);
#179 = CARTESIAN_POINT('',(-3.752776749733,-6.5));
#180 = VECTOR('',#181,1.);
#181 = DIRECTION('',(1.,-5.916808265796E-16));
#182 = ( GEOMETRIC_REPRESENTATION_CONTEXT(2) 
PARAMETRIC_REPRESENTATION_CONTEXT() REPRESENTATION_CONTEXT('2D SPACE',''
  ) );
#183 = PCURVE('',#184,#189);
#184 = PLANE('',#185);
#185 = AXIS2_PLACEMENT_3D('',#186,#187,#188);
#186 = CARTESIAN_POINT('',(-3.752776749733,-6.5,53.9));
#187 = DIRECTION('',(5.916808265796E-16,1.,-0.));
#188 = DIRECTION('',(1.,-5.916808265796E-16,0.));
#189 = DEFINITIONAL_REPRESENTATION('',(#190),#194);
#190 = LINE('',#191,#192);
#191 = CARTESIAN_POINT('',(0.,0.));
#192 = VECTOR('',#193,1.);
#193 = DIRECTION('',(1.,0.));
#194 = ( GEOMETRIC_REPRESENTATION_CONTEXT(2) 
PARAMETRIC_REPRESENTATION_CONTEXT() REPRESENTATION_CONTEXT('2D SPACE',''
  ) );
#195 = ORIENTED_EDGE('',*,*,#196,.F.);
#196 = EDGE_CURVE('',#197,#169,#199,.T.);
#197 = VERTEX_POINT('',#198);
#198 = CARTESIAN_POINT('',(-3.810511776652,-6.4,53.9));
#199 = SURFACE_CURVE('',#200,(#205,#212),.PCURVE_S1.);
#200 = CIRCLE('',#201,0.2);
#201 = AXIS2_PLACEMENT_3D('',#202,#203,#204);
#202 = CARTESIAN_POINT('',(-3.637306695895,-6.3,53.9));
#203 = DIRECTION('',(0.,0.,1.));
#204 = DIRECTION('',(0.,-1.,0.));
#205 = PCURVE('',#54,#206);
#206 = DEFINITIONAL_REPRESENTATION('',(#207),#211);
#207 = CIRCLE('',#208,0.2);
#208 = AXIS2_PLACEMENT_2D('',#209,#210);
#209 = CARTESIAN_POINT('',(-3.637306695895,-6.3));
#210 = DIRECTION('',(0.,-1.));
#211 = ( GEOMETRIC_REPRESENTATION_CONTEXT(2) 
PARAMETRIC_REPRESENTATION_CONTEXT() REPRESENTATION_CONTEXT('2D SPACE',''
  ) );
#212 = PCURVE('',#213,#218);
#213 = CYLINDRICAL_SURFACE('',#214,0.2);
#214 = AXIS2_PLACEMENT_3D('',#215,#216,#217);
#215 = CARTESIAN_POINT('',(-3.637306695895,-6.3,53.9));
#216 = DIRECTION('',(0.,0.,1.));
#217 = DIRECTION('',(-0.866025403784,-0.5,0.));
#218 = DEFINITIONAL_REPRESENTATION('',(#219),#223);
#219 = LINE('',#220,#221);
#220 = CARTESIAN_POINT('',(-5.235987755983,0.));
#221 = VECTOR('',#222,1.);
#222 = DIRECTION('',(1.,0.));
#223 = ( GEOMETRIC_REPRESENTATION_CONTEXT(2) 
PARAMETRIC_REPRESENTATION_CONTEXT() REPRESENTATION_CONTEXT('2D SPACE',''
  ) );
#224 = ORIENTED_EDGE('',*,*,#225,.F.);
#225 = EDGE_CURVE('',#226,#197,#228,.T.);
#226 = VERTEX_POINT('',#227);
#227 = CARTESIAN_POINT('',(-7.447818472546,-0.1,53.9));
#228 = SURFACE_CURVE('',#229,(#233,#240),.PCURVE_S1.);
#229 = LINE('',#230,#231);
#230 = CARTESIAN_POINT('',(-7.505553499465,9.191652068949E-16,53.9));
#231 = VECTOR('',#232,1.);
#232 = DIRECTION('',(0.5,-0.866025403784,0.));
#233 = PCURVE('',#54,#234);
#234 = DEFINITIONAL_REPRESENTATION('',(#235),#239);
#235 = LINE('',#236,#237);
#236 = CARTESIAN_POINT('',(-7.505553499465,3.008966083902E-16));
#237 = VECTOR('',#238,1.);
#238 = DIRECTION('',(0.5,-0.866025403784));
#239 = ( GEOMETRIC_REPRESENTATION_CONTEXT(2) 
PARAMETRIC_REPRESENTATION_CONTEXT() REPRESENTATION_CONTEXT('2D SPACE',''
  ) );
#240 = PCURVE('',#241,#246);
#241 = PLANE('',#242);
#242 = AXIS2_PLACEMENT_3D('',#243,#244,#245);
#243 = CARTESIAN_POINT('',(-7.505553499465,9.191652068949E-16,53.9));
#244 = DIRECTION('',(0.866025403784,0.5,-0.));
#245 = DIRECTION('',(0.5,-0.866025403784,0.));
#246 = DEFINITIONAL_REPRESENTATION('',(#247),#251);
#247 = LINE('',#248,#249);
#248 = CARTESIAN_POINT('',(0.,0.));
#249 = VECTOR('',#250,1.);
#250 = DIRECTION('',(1.,0.));
#251 = ( GEOMETRIC_REPRESENTATION_CONTEXT(2) 
PARAMETRIC_REPRESENTATION_CONTEXT() REPRESENTATION_CONTEXT('2D SPACE',''
  ) );
#252 = ORIENTED_EDGE('',*,*,#253,.F.);
#253 = EDGE_CURVE('',#254,#226,#256,.T.);
#254 = VERTEX_POINT('',#255);
#255 = CARTESIAN_POINT('',(-7.447818472546,1.E-01,53.9));
#256 = SURFACE_CURVE('',#257,(#262,#269),.PCURVE_S1.);
#257 = CIRCLE('',#258,0.2);
#258 = AXIS2_PLACEMENT_3D('',#259,#260,#261);
#259 = CARTESIAN_POINT('',(-7.274613391789,-5.100121713918E-16,53.9));
#260 = DIRECTION('',(0.,0.,1.));
#261 = DIRECTION('',(0.,-1.,0.));
#262 = PCURVE('',#54,#263);
#263 = DEFINITIONAL_REPRESENTATION('',(#264),#268);
#264 = CIRCLE('',#265,0.2);
#265 = AXIS2_PLACEMENT_2D('',#266,#267);
#266 = CARTESIAN_POINT('',(-7.274613391789,-1.128280769897E-15));
#267 = DIRECTION('',(0.,-1.));
#268 = ( GEOMETRIC_REPRESENTATION_CONTEXT(2) 
PARAMETRIC_REPRESENTATION_CONTEXT() REPRESENTATION_CONTEXT('2D SPACE',''
  ) );
#269 = PCURVE('',#270,#275);
#270 = CYLINDRICAL_SURFACE('',#271,0.2);
#271 = AXIS2_PLACEMENT_3D('',#272,#273,#274);
#272 = CARTESIAN_POINT('',(-7.274613391789,-5.100121713918E-16,53.9));
#273 = DIRECTION('',(0.,0.,1.));
#274 = DIRECTION('',(-0.866025403784,0.5,0.));
#275 = DEFINITIONAL_REPRESENTATION('',(#276),#280);
#276 = LINE('',#277,#278);
#277 = CARTESIAN_POINT('',(-4.188790204786,0.));
#278 = VECTOR('',#279,1.);
#279 = DIRECTION('',(1.,0.));
#280 = ( GEOMETRIC_REPRESENTATION_CONTEXT(2) 
PARAMETRIC_REPRESENTATION_CONTEXT() REPRESENTATION_CONTEXT('2D SPACE',''
  ) );
#281 = ORIENTED_EDGE('',*,*,#282,.F.);
#282 = EDGE_CURVE('',#283,#254,#285,.T.);
#283 = VERTEX_POINT('',#284);
#284 = CARTESIAN_POINT('',(-3.810511776652,6.4,53.9));
#285 = SURFACE_CURVE('',#286,(#290,#297),.PCURVE_S1.);
#286 = LINE('',#287,#288);
#287 = CARTESIAN_POINT('',(-3.752776749733,6.5,53.9));
#288 = VECTOR('',#289,1.);
#289 = DIRECTION('',(-0.5,-0.866025403784,0.));
#290 = PCURVE('',#54,#291);
#291 = DEFINITIONAL_REPRESENTATION('',(#292),#296);
#292 = LINE('',#293,#294);
#293 = CARTESIAN_POINT('',(-3.752776749733,6.5));
#294 = VECTOR('',#295,1.);
#295 = DIRECTION('',(-0.5,-0.866025403784));
#296 = ( GEOMETRIC_REPRESENTATION_CONTEXT(2) 
PARAMETRIC_REPRESENTATION_CONTEXT() REPRESENTATION_CONTEXT('2D SPACE',''
  ) );
#297 = PCURVE('',#298,#303);
#298 = PLANE('',#299);
#299 = AXIS2_PLACEMENT_3D('',#300,#301,#302);
#300 = CARTESIAN_POINT('',(-3.752776749733,6.5,53.9));
#301 = DIRECTION('',(0.866025403784,-0.5,0.));
#302 = DIRECTION('',(-0.5,-0.866025403784,0.));
#303 = DEFINITIONAL_REPRESENTATION('',(#304),#308);
#304 = LINE('',#305,#306);
#305 = CARTESIAN_POINT('',(0.,0.));
#306 = VECTOR('',#307,1.);
#307 = DIRECTION('',(1.,0.));
#308 = ( GEOMETRIC_REPRESENTATION_CONTEXT(2) 
PARAMETRIC_REPRESENTATION_CONTEXT() REPRESENTATION_CONTEXT('2D SPACE',''
  ) );
#309 = ORIENTED_EDGE('',*,*,#310,.F.);
#310 = EDGE_CURVE('',#311,#283,#313,.T.);
#311 = VERTEX_POINT('',#312);
#312 = CARTESIAN_POINT('',(-3.637306695895,6.5,53.9));
#313 = SURFACE_CURVE('',#314,(#319,#326),.PCURVE_S1.);
#314 = CIRCLE('',#315,0.2);
#315 = AXIS2_PLACEMENT_3D('',#316,#317,#318);
#316 = CARTESIAN_POINT('',(-3.637306695895,6.3,53.9));
#317 = DIRECTION('',(0.,0.,1.));
#318 = DIRECTION('',(0.,-1.,0.));
#319 = PCURVE('',#54,#320);
#320 = DEFINITIONAL_REPRESENTATION('',(#321),#325);
#321 = CIRCLE('',#322,0.2);
#322 = AXIS2_PLACEMENT_2D('',#323,#324);
#323 = CARTESIAN_POINT('',(-3.637306695895,6.3));
#324 = DIRECTION('',(0.,-1.));
#325 = ( GEOMETRIC_REPRESENTATION_CONTEXT(2) 
PARAMETRIC_REPRESENTATION_CONTEXT() REPRESENTATION_CONTEXT('2D SPACE',''
  ) );
#326 = PCURVE('',#327,#332);
#327 = CYLINDRICAL_SURFACE('',#328,0.2);
#328 = AXIS2_PLACEMENT_3D('',#329,#330,#331);
#329 = CARTESIAN_POINT('',(-3.637306695895,6.3,53.9));
#330 = DIRECTION('',(0.,0.,1.));
#331 = DIRECTION('',(1.183361653159E-16,1.,-0.));
#332 = DEFINITIONAL_REPRESENTATION('',(#333),#337);
#333 = LINE('',#334,#335);
#334 = CARTESIAN_POINT('',(-3.14159265359,0.));
#335 = VECTOR('',#336,1.);
#336 = DIRECTION('',(1.,0.));
#337 = ( GEOMETRIC_REPRESENTATION_CONTEXT(2) 
PARAMETRIC_REPRESENTATION_CONTEXT() REPRESENTATION_CONTEXT('2D SPACE',''
  ) );
#338 = ORIENTED_EDGE('',*,*,#339,.F.);
#339 = EDGE_CURVE('',#340,#311,#342,.T.);
#340 = VERTEX_POINT('',#341);
#341 = CARTESIAN_POINT('',(3.637306695895,6.5,53.9));
#342 = SURFACE_CURVE('',#343,(#347,#354),.PCURVE_S1.);
#343 = LINE('',#344,#345);
#344 = CARTESIAN_POINT('',(3.752776749733,6.5,53.9));
#345 = VECTOR('',#346,1.);
#346 = DIRECTION('',(-1.,1.183361653159E-16,0.));
#347 = PCURVE('',#54,#348);
#348 = DEFINITIONAL_REPRESENTATION('',(#349),#353);
#349 = LINE('',#350,#351);
#350 = CARTESIAN_POINT('',(3.752776749733,6.5));
#351 = VECTOR('',#352,1.);
#352 = DIRECTION('',(-1.,1.183361653159E-16));
#353 = ( GEOMETRIC_REPRESENTATION_CONTEXT(2) 
PARAMETRIC_REPRESENTATION_CONTEXT() REPRESENTATION_CONTEXT('2D SPACE',''
  ) );
#354 = PCURVE('',#355,#360);
#355 = PLANE('',#356);
#356 = AXIS2_PLACEMENT_3D('',#357,#358,#359);
#357 = CARTESIAN_POINT('',(3.752776749733,6.5,53.9));
#358 = DIRECTION('',(-1.183361653159E-16,-1.,0.));
#359 = DIRECTION('',(-1.,1.183361653159E-16,0.));
#360 = DEFINITIONAL_REPRESENTATION('',(#361),#365);
#361 = LINE('',#362,#363);
#362 = CARTESIAN_POINT('',(0.,0.));
#363 = VECTOR('',#364,1.);
#364 = DIRECTION('',(1.,0.));
#365 = ( GEOMETRIC_REPRESENTATION_CONTEXT(2) 
PARAMETRIC_REPRESENTATION_CONTEXT() REPRESENTATION_CONTEXT('2D SPACE',''
  ) );
#366 = ORIENTED_EDGE('',*,*,#367,.F.);
#367 = EDGE_CURVE('',#46,#340,#368,.T.);
#368 = SURFACE_CURVE('',#369,(#374,#381),.PCURVE_S1.);
#369 = CIRCLE('',#370,0.2);
#370 = AXIS2_PLACEMENT_3D('',#371,#372,#373);
#371 = CARTESIAN_POINT('',(3.637306695895,6.3,53.9));
#372 = DIRECTION('',(0.,0.,1.));
#373 = DIRECTION('',(0.,-1.,0.));
#374 = PCURVE('',#54,#375);
#375 = DEFINITIONAL_REPRESENTATION('',(#376),#380);
#376 = CIRCLE('',#377,0.2);
#377 = AXIS2_PLACEMENT_2D('',#378,#379);
#378 = CARTESIAN_POINT('',(3.637306695895,6.3));
#379 = DIRECTION('',(0.,-1.));
#380 = ( GEOMETRIC_REPRESENTATION_CONTEXT(2) 
PARAMETRIC_REPRESENTATION_CONTEXT() REPRESENTATION_CONTEXT('2D SPACE',''
  ) );
#381 = PCURVE('',#382,#387);
#382 = CYLINDRICAL_SURFACE('',#383,0.2);
#383 = AXIS2_PLACEMENT_3D('',#384,#385,#386);
#384 = CARTESIAN_POINT('',(3.637306695895,6.3,53.9));
#385 = DIRECTION('',(0.,0.,1.));
#386 = DIRECTION('',(0.866025403784,0.5,-0.));
#387 = DEFINITIONAL_REPRESENTATION('',(#388),#392);
#388 = LINE('',#389,#390);
#389 = CARTESIAN_POINT('',(-2.094395102393,0.));
#390 = VECTOR('',#391,1.);
#391 = DIRECTION('',(1.,0.));
#392 = ( GEOMETRIC_REPRESENTATION_CONTEXT(2) 
PARAMETRIC_REPRESENTATION_CONTEXT() REPRESENTATION_CONTEXT('2D SPACE',''
  ) );
#393 = FACE_BOUND('',#394,.T.);
#394 = EDGE_LOOP('',(#395));
#395 = ORIENTED_EDGE('',*,*,#396,.T.);
#396 = EDGE_CURVE('',#397,#397,#399,.T.);
#397 = VERTEX_POINT('',#398);
#398 = CARTESIAN_POINT('',(8.5,0.,53.9));
#399 = SURFACE_CURVE('',#400,(#405,#412),.PCURVE_S1.);
#400 = CIRCLE('',#401,8.5);
#401 = AXIS2_PLACEMENT_3D('',#402,#403,#404);
#402 = CARTESIAN_POINT('',(0.,0.,53.9));
#403 = DIRECTION('',(0.,0.,1.));
#404 = DIRECTION('',(1.,0.,0.));
#405 = PCURVE('',#54,#406);
#406 = DEFINITIONAL_REPRESENTATION('',(#407),#411);
#407 = CIRCLE('',#408,8.5);
#408 = AXIS2_PLACEMENT_2D('',#409,#410);
#409 = CARTESIAN_POINT('',(6.435012388421E-16,-6.182685985047E-16));
#410 = DIRECTION('',(1.,0.));
#411 = ( GEOMETRIC_REPRESENTATION_CONTEXT(2) 
PARAMETRIC_REPRESENTATION_CONTEXT() REPRESENTATION_CONTEXT('2D SPACE',''
  ) );
#412 = PCURVE('',#413,#418);
#413 = CYLINDRICAL_SURFACE('',#414,8.5);
#414 = AXIS2_PLACEMENT_3D('',#415,#416,#417);
#415 = CARTESIAN_POINT('',(0.,0.,52.5));
#416 = DIRECTION('',(-0.,-0.,-1.));
#417 = DIRECTION('',(1.,0.,0.));
#418 = DEFINITIONAL_REPRESENTATION('',(#419),#423);
#419 = LINE('',#420,#421);
#420 = CARTESIAN_POINT('',(-0.,-1.4));
#421 = VECTOR('',#422,1.);
#422 = DIRECTION('',(-1.,0.));
#423 = ( GEOMETRIC_REPRESENTATION_CONTEXT(2) 
PARAMETRIC_REPRESENTATION_CONTEXT() REPRESENTATION_CONTEXT('2D SPACE',''
  ) );
#424 = ADVANCED_FACE('',(#425),#66,.F.);
#425 = FACE_BOUND('',#426,.F.);
#426 = EDGE_LOOP('',(#427,#428,#451,#479));
#427 = ORIENTED_EDGE('',*,*,#43,.F.);
#428 = ORIENTED_EDGE('',*,*,#429,.T.);
#429 = EDGE_CURVE('',#44,#430,#432,.T.);
#430 = VERTEX_POINT('',#431);
#431 = CARTESIAN_POINT('',(7.447818472546,0.1,59.2));
#432 = SURFACE_CURVE('',#433,(#437,#444),.PCURVE_S1.);
#433 = LINE('',#434,#435);
#434 = CARTESIAN_POINT('',(7.447818472546,0.1,53.9));
#435 = VECTOR('',#436,1.);
#436 = DIRECTION('',(0.,0.,1.));
#437 = PCURVE('',#66,#438);
#438 = DEFINITIONAL_REPRESENTATION('',(#439),#443);
#439 = LINE('',#440,#441);
#440 = CARTESIAN_POINT('',(0.115470053838,0.));
#441 = VECTOR('',#442,1.);
#442 = DIRECTION('',(0.,-1.));
#443 = ( GEOMETRIC_REPRESENTATION_CONTEXT(2) 
PARAMETRIC_REPRESENTATION_CONTEXT() REPRESENTATION_CONTEXT('2D SPACE',''
  ) );
#444 = PCURVE('',#99,#445);
#445 = DEFINITIONAL_REPRESENTATION('',(#446),#450);
#446 = LINE('',#447,#448);
#447 = CARTESIAN_POINT('',(-0.,0.));
#448 = VECTOR('',#449,1.);
#449 = DIRECTION('',(-0.,1.));
#450 = ( GEOMETRIC_REPRESENTATION_CONTEXT(2) 
PARAMETRIC_REPRESENTATION_CONTEXT() REPRESENTATION_CONTEXT('2D SPACE',''
  ) );
#451 = ORIENTED_EDGE('',*,*,#452,.T.);
#452 = EDGE_CURVE('',#430,#453,#455,.T.);
#453 = VERTEX_POINT('',#454);
#454 = CARTESIAN_POINT('',(3.810511776652,6.4,59.2));
#455 = SURFACE_CURVE('',#456,(#460,#467),.PCURVE_S1.);
#456 = LINE('',#457,#458);
#457 = CARTESIAN_POINT('',(7.505553499465,0.,59.2));
#458 = VECTOR('',#459,1.);
#459 = DIRECTION('',(-0.5,0.866025403784,0.));
#460 = PCURVE('',#66,#461);
#461 = DEFINITIONAL_REPRESENTATION('',(#462),#466);
#462 = LINE('',#463,#464);
#463 = CARTESIAN_POINT('',(0.,-5.3));
#464 = VECTOR('',#465,1.);
#465 = DIRECTION('',(1.,0.));
#466 = ( GEOMETRIC_REPRESENTATION_CONTEXT(2) 
PARAMETRIC_REPRESENTATION_CONTEXT() REPRESENTATION_CONTEXT('2D SPACE',''
  ) );
#467 = PCURVE('',#468,#473);
#468 = PLANE('',#469);
#469 = AXIS2_PLACEMENT_3D('',#470,#471,#472);
#470 = CARTESIAN_POINT('',(-3.155631075091E-16,-7.889077687727E-17,59.2)
  );
#471 = DIRECTION('',(0.,0.,1.));
#472 = DIRECTION('',(1.,0.,-0.));
#473 = DEFINITIONAL_REPRESENTATION('',(#474),#478);
#474 = LINE('',#475,#476);
#475 = CARTESIAN_POINT('',(7.505553499465,7.889077687727E-17));
#476 = VECTOR('',#477,1.);
#477 = DIRECTION('',(-0.5,0.866025403784));
#478 = ( GEOMETRIC_REPRESENTATION_CONTEXT(2) 
PARAMETRIC_REPRESENTATION_CONTEXT() REPRESENTATION_CONTEXT('2D SPACE',''
  ) );
#479 = ORIENTED_EDGE('',*,*,#480,.F.);
#480 = EDGE_CURVE('',#46,#453,#481,.T.);
#481 = SURFACE_CURVE('',#482,(#486,#493),.PCURVE_S1.);
#482 = LINE('',#483,#484);
#483 = CARTESIAN_POINT('',(3.810511776652,6.4,53.9));
#484 = VECTOR('',#485,1.);
#485 = DIRECTION('',(0.,0.,1.));
#486 = PCURVE('',#66,#487);
#487 = DEFINITIONAL_REPRESENTATION('',(#488),#492);
#488 = LINE('',#489,#490);
#489 = CARTESIAN_POINT('',(7.390083445627,0.));
#490 = VECTOR('',#491,1.);
#491 = DIRECTION('',(0.,-1.));
#492 = ( GEOMETRIC_REPRESENTATION_CONTEXT(2) 
PARAMETRIC_REPRESENTATION_CONTEXT() REPRESENTATION_CONTEXT('2D SPACE',''
  ) );
#493 = PCURVE('',#382,#494);
#494 = DEFINITIONAL_REPRESENTATION('',(#495),#499);
#495 = LINE('',#496,#497);
#496 = CARTESIAN_POINT('',(0.,0.));
#497 = VECTOR('',#498,1.);
#498 = DIRECTION('',(0.,1.));
#499 = ( GEOMETRIC_REPRESENTATION_CONTEXT(2) 
PARAMETRIC_REPRESENTATION_CONTEXT() REPRESENTATION_CONTEXT('2D SPACE',''
  ) );
#500 = ADVANCED_FACE('',(#501),#99,.T.);
#501 = FACE_BOUND('',#502,.F.);
#502 = EDGE_LOOP('',(#503,#504,#527,#553));
#503 = ORIENTED_EDGE('',*,*,#78,.T.);
#504 = ORIENTED_EDGE('',*,*,#505,.T.);
#505 = EDGE_CURVE('',#79,#506,#508,.T.);
#506 = VERTEX_POINT('',#507);
#507 = CARTESIAN_POINT('',(7.447818472546,-1.E-01,59.2));
#508 = SURFACE_CURVE('',#509,(#513,#520),.PCURVE_S1.);
#509 = LINE('',#510,#511);
#510 = CARTESIAN_POINT('',(7.447818472546,-1.E-01,53.9));
#511 = VECTOR('',#512,1.);
#512 = DIRECTION('',(0.,0.,1.));
#513 = PCURVE('',#99,#514);
#514 = DEFINITIONAL_REPRESENTATION('',(#515),#519);
#515 = LINE('',#516,#517);
#516 = CARTESIAN_POINT('',(-1.047197551197,0.));
#517 = VECTOR('',#518,1.);
#518 = DIRECTION('',(-0.,1.));
#519 = ( GEOMETRIC_REPRESENTATION_CONTEXT(2) 
PARAMETRIC_REPRESENTATION_CONTEXT() REPRESENTATION_CONTEXT('2D SPACE',''
  ) );
#520 = PCURVE('',#127,#521);
#521 = DEFINITIONAL_REPRESENTATION('',(#522),#526);
#522 = LINE('',#523,#524);
#523 = CARTESIAN_POINT('',(7.390083445627,0.));
#524 = VECTOR('',#525,1.);
#525 = DIRECTION('',(0.,-1.));
#526 = ( GEOMETRIC_REPRESENTATION_CONTEXT(2) 
PARAMETRIC_REPRESENTATION_CONTEXT() REPRESENTATION_CONTEXT('2D SPACE',''
  ) );
#527 = ORIENTED_EDGE('',*,*,#528,.F.);
#528 = EDGE_CURVE('',#430,#506,#529,.T.);
#529 = SURFACE_CURVE('',#530,(#535,#542),.PCURVE_S1.);
#530 = CIRCLE('',#531,0.2);
#531 = AXIS2_PLACEMENT_3D('',#532,#533,#534);
#532 = CARTESIAN_POINT('',(7.274613391789,9.39988827516E-16,59.2));
#533 = DIRECTION('',(-0.,-0.,-1.));
#534 = DIRECTION('',(0.,-1.,0.));
#535 = PCURVE('',#99,#536);
#536 = DEFINITIONAL_REPRESENTATION('',(#537),#541);
#537 = LINE('',#538,#539);
#538 = CARTESIAN_POINT('',(4.188790204786,5.3));
#539 = VECTOR('',#540,1.);
#540 = DIRECTION('',(-1.,0.));
#541 = ( GEOMETRIC_REPRESENTATION_CONTEXT(2) 
PARAMETRIC_REPRESENTATION_CONTEXT() REPRESENTATION_CONTEXT('2D SPACE',''
  ) );
#542 = PCURVE('',#468,#543);
#543 = DEFINITIONAL_REPRESENTATION('',(#544),#552);
#544 = ( BOUNDED_CURVE() B_SPLINE_CURVE(2,(#545,#546,#547,#548,#549,#550
,#551),.UNSPECIFIED.,.T.,.F.) B_SPLINE_CURVE_WITH_KNOTS((1,2,2,2,2,1),(
    -2.094395102393,0.,2.094395102393,4.188790204786,6.28318530718,
8.377580409573),.UNSPECIFIED.) CURVE() GEOMETRIC_REPRESENTATION_ITEM() 
RATIONAL_B_SPLINE_CURVE((1.,0.5,1.,0.5,1.,0.5,1.)) REPRESENTATION_ITEM(
  '') );
#545 = CARTESIAN_POINT('',(7.274613391789,-0.2));
#546 = CARTESIAN_POINT('',(6.928203230276,-0.2));
#547 = CARTESIAN_POINT('',(7.101408311032,0.1));
#548 = CARTESIAN_POINT('',(7.274613391789,0.4));
#549 = CARTESIAN_POINT('',(7.447818472546,0.1));
#550 = CARTESIAN_POINT('',(7.621023553303,-0.2));
#551 = CARTESIAN_POINT('',(7.274613391789,-0.2));
#552 = ( GEOMETRIC_REPRESENTATION_CONTEXT(2) 
PARAMETRIC_REPRESENTATION_CONTEXT() REPRESENTATION_CONTEXT('2D SPACE',''
  ) );
#553 = ORIENTED_EDGE('',*,*,#429,.F.);
#554 = ADVANCED_FACE('',(#555),#382,.T.);
#555 = FACE_BOUND('',#556,.T.);
#556 = EDGE_LOOP('',(#557,#558,#581,#603));
#557 = ORIENTED_EDGE('',*,*,#367,.T.);
#558 = ORIENTED_EDGE('',*,*,#559,.T.);
#559 = EDGE_CURVE('',#340,#560,#562,.T.);
#560 = VERTEX_POINT('',#561);
#561 = CARTESIAN_POINT('',(3.637306695895,6.5,59.2));
#562 = SURFACE_CURVE('',#563,(#567,#574),.PCURVE_S1.);
#563 = LINE('',#564,#565);
#564 = CARTESIAN_POINT('',(3.637306695895,6.5,53.9));
#565 = VECTOR('',#566,1.);
#566 = DIRECTION('',(0.,0.,1.));
#567 = PCURVE('',#382,#568);
#568 = DEFINITIONAL_REPRESENTATION('',(#569),#573);
#569 = LINE('',#570,#571);
#570 = CARTESIAN_POINT('',(1.047197551197,0.));
#571 = VECTOR('',#572,1.);
#572 = DIRECTION('',(0.,1.));
#573 = ( GEOMETRIC_REPRESENTATION_CONTEXT(2) 
PARAMETRIC_REPRESENTATION_CONTEXT() REPRESENTATION_CONTEXT('2D SPACE',''
  ) );
#574 = PCURVE('',#355,#575);
#575 = DEFINITIONAL_REPRESENTATION('',(#576),#580);
#576 = LINE('',#577,#578);
#577 = CARTESIAN_POINT('',(0.115470053838,0.));
#578 = VECTOR('',#579,1.);
#579 = DIRECTION('',(0.,-1.));
#580 = ( GEOMETRIC_REPRESENTATION_CONTEXT(2) 
PARAMETRIC_REPRESENTATION_CONTEXT() REPRESENTATION_CONTEXT('2D SPACE',''
  ) );
#581 = ORIENTED_EDGE('',*,*,#582,.F.);
#582 = EDGE_CURVE('',#453,#560,#583,.T.);
#583 = SURFACE_CURVE('',#584,(#589,#596),.PCURVE_S1.);
#584 = CIRCLE('',#585,0.2);
#585 = AXIS2_PLACEMENT_3D('',#586,#587,#588);
#586 = CARTESIAN_POINT('',(3.637306695895,6.3,59.2));
#587 = DIRECTION('',(0.,0.,1.));
#588 = DIRECTION('',(0.,-1.,0.));
#589 = PCURVE('',#382,#590);
#590 = DEFINITIONAL_REPRESENTATION('',(#591),#595);
#591 = LINE('',#592,#593);
#592 = CARTESIAN_POINT('',(-2.094395102393,5.3));
#593 = VECTOR('',#594,1.);
#594 = DIRECTION('',(1.,0.));
#595 = ( GEOMETRIC_REPRESENTATION_CONTEXT(2) 
PARAMETRIC_REPRESENTATION_CONTEXT() REPRESENTATION_CONTEXT('2D SPACE',''
  ) );
#596 = PCURVE('',#468,#597);
#597 = DEFINITIONAL_REPRESENTATION('',(#598),#602);
#598 = CIRCLE('',#599,0.2);
#599 = AXIS2_PLACEMENT_2D('',#600,#601);
#600 = CARTESIAN_POINT('',(3.637306695895,6.3));
#601 = DIRECTION('',(0.,-1.));
#602 = ( GEOMETRIC_REPRESENTATION_CONTEXT(2) 
PARAMETRIC_REPRESENTATION_CONTEXT() REPRESENTATION_CONTEXT('2D SPACE',''
  ) );
#603 = ORIENTED_EDGE('',*,*,#480,.F.);
#604 = ADVANCED_FACE('',(#605),#127,.F.);
#605 = FACE_BOUND('',#606,.F.);
#606 = EDGE_LOOP('',(#607,#608,#631,#652));
#607 = ORIENTED_EDGE('',*,*,#111,.F.);
#608 = ORIENTED_EDGE('',*,*,#609,.T.);
#609 = EDGE_CURVE('',#112,#610,#612,.T.);
#610 = VERTEX_POINT('',#611);
#611 = CARTESIAN_POINT('',(3.810511776652,-6.4,59.2));
#612 = SURFACE_CURVE('',#613,(#617,#624),.PCURVE_S1.);
#613 = LINE('',#614,#615);
#614 = CARTESIAN_POINT('',(3.810511776652,-6.4,53.9));
#615 = VECTOR('',#616,1.);
#616 = DIRECTION('',(0.,0.,1.));
#617 = PCURVE('',#127,#618);
#618 = DEFINITIONAL_REPRESENTATION('',(#619),#623);
#619 = LINE('',#620,#621);
#620 = CARTESIAN_POINT('',(0.115470053838,0.));
#621 = VECTOR('',#622,1.);
#622 = DIRECTION('',(0.,-1.));
#623 = ( GEOMETRIC_REPRESENTATION_CONTEXT(2) 
PARAMETRIC_REPRESENTATION_CONTEXT() REPRESENTATION_CONTEXT('2D SPACE',''
  ) );
#624 = PCURVE('',#156,#625);
#625 = DEFINITIONAL_REPRESENTATION('',(#626),#630);
#626 = LINE('',#627,#628);
#627 = CARTESIAN_POINT('',(1.047197551197,0.));
#628 = VECTOR('',#629,1.);
#629 = DIRECTION('',(0.,1.));
#630 = ( GEOMETRIC_REPRESENTATION_CONTEXT(2) 
PARAMETRIC_REPRESENTATION_CONTEXT() REPRESENTATION_CONTEXT('2D SPACE',''
  ) );
#631 = ORIENTED_EDGE('',*,*,#632,.T.);
#632 = EDGE_CURVE('',#610,#506,#633,.T.);
#633 = SURFACE_CURVE('',#634,(#638,#645),.PCURVE_S1.);
#634 = LINE('',#635,#636);
#635 = CARTESIAN_POINT('',(3.752776749733,-6.5,59.2));
#636 = VECTOR('',#637,1.);
#637 = DIRECTION('',(0.5,0.866025403784,0.));
#638 = PCURVE('',#127,#639);
#639 = DEFINITIONAL_REPRESENTATION('',(#640),#644);
#640 = LINE('',#641,#642);
#641 = CARTESIAN_POINT('',(0.,-5.3));
#642 = VECTOR('',#643,1.);
#643 = DIRECTION('',(1.,0.));
#644 = ( GEOMETRIC_REPRESENTATION_CONTEXT(2) 
PARAMETRIC_REPRESENTATION_CONTEXT() REPRESENTATION_CONTEXT('2D SPACE',''
  ) );
#645 = PCURVE('',#468,#646);
#646 = DEFINITIONAL_REPRESENTATION('',(#647),#651);
#647 = LINE('',#648,#649);
#648 = CARTESIAN_POINT('',(3.752776749733,-6.5));
#649 = VECTOR('',#650,1.);
#650 = DIRECTION('',(0.5,0.866025403784));
#651 = ( GEOMETRIC_REPRESENTATION_CONTEXT(2) 
PARAMETRIC_REPRESENTATION_CONTEXT() REPRESENTATION_CONTEXT('2D SPACE',''
  ) );
#652 = ORIENTED_EDGE('',*,*,#505,.F.);
#653 = ADVANCED_FACE('',(#654),#355,.F.);
#654 = FACE_BOUND('',#655,.F.);
#655 = EDGE_LOOP('',(#656,#657,#658,#681));
#656 = ORIENTED_EDGE('',*,*,#339,.F.);
#657 = ORIENTED_EDGE('',*,*,#559,.T.);
#658 = ORIENTED_EDGE('',*,*,#659,.T.);
#659 = EDGE_CURVE('',#560,#660,#662,.T.);
#660 = VERTEX_POINT('',#661);
#661 = CARTESIAN_POINT('',(-3.637306695895,6.5,59.2));
#662 = SURFACE_CURVE('',#663,(#667,#674),.PCURVE_S1.);
#663 = LINE('',#664,#665);
#664 = CARTESIAN_POINT('',(3.752776749733,6.5,59.2));
#665 = VECTOR('',#666,1.);
#666 = DIRECTION('',(-1.,1.183361653159E-16,0.));
#667 = PCURVE('',#355,#668);
#668 = DEFINITIONAL_REPRESENTATION('',(#669),#673);
#669 = LINE('',#670,#671);
#670 = CARTESIAN_POINT('',(0.,-5.3));
#671 = VECTOR('',#672,1.);
#672 = DIRECTION('',(1.,0.));
#673 = ( GEOMETRIC_REPRESENTATION_CONTEXT(2) 
PARAMETRIC_REPRESENTATION_CONTEXT() REPRESENTATION_CONTEXT('2D SPACE',''
  ) );
#674 = PCURVE('',#468,#675);
#675 = DEFINITIONAL_REPRESENTATION('',(#676),#680);
#676 = LINE('',#677,#678);
#677 = CARTESIAN_POINT('',(3.752776749733,6.5));
#678 = VECTOR('',#679,1.);
#679 = DIRECTION('',(-1.,1.183361653159E-16));
#680 = ( GEOMETRIC_REPRESENTATION_CONTEXT(2) 
PARAMETRIC_REPRESENTATION_CONTEXT() REPRESENTATION_CONTEXT('2D SPACE',''
  ) );
#681 = ORIENTED_EDGE('',*,*,#682,.F.);
#682 = EDGE_CURVE('',#311,#660,#683,.T.);
#683 = SURFACE_CURVE('',#684,(#688,#695),.PCURVE_S1.);
#684 = LINE('',#685,#686);
#685 = CARTESIAN_POINT('',(-3.637306695895,6.5,53.9));
#686 = VECTOR('',#687,1.);
#687 = DIRECTION('',(0.,0.,1.));
#688 = PCURVE('',#355,#689);
#689 = DEFINITIONAL_REPRESENTATION('',(#690),#694);
#690 = LINE('',#691,#692);
#691 = CARTESIAN_POINT('',(7.390083445627,0.));
#692 = VECTOR('',#693,1.);
#693 = DIRECTION('',(0.,-1.));
#694 = ( GEOMETRIC_REPRESENTATION_CONTEXT(2) 
PARAMETRIC_REPRESENTATION_CONTEXT() REPRESENTATION_CONTEXT('2D SPACE',''
  ) );
#695 = PCURVE('',#327,#696);
#696 = DEFINITIONAL_REPRESENTATION('',(#697),#701);
#697 = LINE('',#698,#699);
#698 = CARTESIAN_POINT('',(0.,0.));
#699 = VECTOR('',#700,1.);
#700 = DIRECTION('',(0.,1.));
#701 = ( GEOMETRIC_REPRESENTATION_CONTEXT(2) 
PARAMETRIC_REPRESENTATION_CONTEXT() REPRESENTATION_CONTEXT('2D SPACE',''
  ) );
#702 = ADVANCED_FACE('',(#703),#156,.T.);
#703 = FACE_BOUND('',#704,.T.);
#704 = EDGE_LOOP('',(#705,#706,#707,#731));
#705 = ORIENTED_EDGE('',*,*,#139,.T.);
#706 = ORIENTED_EDGE('',*,*,#609,.T.);
#707 = ORIENTED_EDGE('',*,*,#708,.F.);
#708 = EDGE_CURVE('',#709,#610,#711,.T.);
#709 = VERTEX_POINT('',#710);
#710 = CARTESIAN_POINT('',(3.637306695895,-6.5,59.2));
#711 = SURFACE_CURVE('',#712,(#717,#724),.PCURVE_S1.);
#712 = CIRCLE('',#713,0.2);
#713 = AXIS2_PLACEMENT_3D('',#714,#715,#716);
#714 = CARTESIAN_POINT('',(3.637306695895,-6.3,59.2));
#715 = DIRECTION('',(0.,0.,1.));
#716 = DIRECTION('',(0.,-1.,0.));
#717 = PCURVE('',#156,#718);
#718 = DEFINITIONAL_REPRESENTATION('',(#719),#723);
#719 = LINE('',#720,#721);
#720 = CARTESIAN_POINT('',(5.916808265796E-16,5.3));
#721 = VECTOR('',#722,1.);
#722 = DIRECTION('',(1.,0.));
#723 = ( GEOMETRIC_REPRESENTATION_CONTEXT(2) 
PARAMETRIC_REPRESENTATION_CONTEXT() REPRESENTATION_CONTEXT('2D SPACE',''
  ) );
#724 = PCURVE('',#468,#725);
#725 = DEFINITIONAL_REPRESENTATION('',(#726),#730);
#726 = CIRCLE('',#727,0.2);
#727 = AXIS2_PLACEMENT_2D('',#728,#729);
#728 = CARTESIAN_POINT('',(3.637306695895,-6.3));
#729 = DIRECTION('',(0.,-1.));
#730 = ( GEOMETRIC_REPRESENTATION_CONTEXT(2) 
PARAMETRIC_REPRESENTATION_CONTEXT() REPRESENTATION_CONTEXT('2D SPACE',''
  ) );
#731 = ORIENTED_EDGE('',*,*,#732,.F.);
#732 = EDGE_CURVE('',#140,#709,#733,.T.);
#733 = SURFACE_CURVE('',#734,(#738,#745),.PCURVE_S1.);
#734 = LINE('',#735,#736);
#735 = CARTESIAN_POINT('',(3.637306695895,-6.5,53.9));
#736 = VECTOR('',#737,1.);
#737 = DIRECTION('',(0.,0.,1.));
#738 = PCURVE('',#156,#739);
#739 = DEFINITIONAL_REPRESENTATION('',(#740),#744);
#740 = LINE('',#741,#742);
#741 = CARTESIAN_POINT('',(0.,0.));
#742 = VECTOR('',#743,1.);
#743 = DIRECTION('',(0.,1.));
#744 = ( GEOMETRIC_REPRESENTATION_CONTEXT(2) 
PARAMETRIC_REPRESENTATION_CONTEXT() REPRESENTATION_CONTEXT('2D SPACE',''
  ) );
#745 = PCURVE('',#184,#746);
#746 = DEFINITIONAL_REPRESENTATION('',(#747),#751);
#747 = LINE('',#748,#749);
#748 = CARTESIAN_POINT('',(7.390083445627,0.));
#749 = VECTOR('',#750,1.);
#750 = DIRECTION('',(0.,-1.));
#751 = ( GEOMETRIC_REPRESENTATION_CONTEXT(2) 
PARAMETRIC_REPRESENTATION_CONTEXT() REPRESENTATION_CONTEXT('2D SPACE',''
  ) );
#752 = ADVANCED_FACE('',(#753),#327,.T.);
#753 = FACE_BOUND('',#754,.T.);
#754 = EDGE_LOOP('',(#755,#756,#779,#801));
#755 = ORIENTED_EDGE('',*,*,#310,.T.);
#756 = ORIENTED_EDGE('',*,*,#757,.T.);
#757 = EDGE_CURVE('',#283,#758,#760,.T.);
#758 = VERTEX_POINT('',#759);
#759 = CARTESIAN_POINT('',(-3.810511776652,6.4,59.2));
#760 = SURFACE_CURVE('',#761,(#765,#772),.PCURVE_S1.);
#761 = LINE('',#762,#763);
#762 = CARTESIAN_POINT('',(-3.810511776652,6.4,53.9));
#763 = VECTOR('',#764,1.);
#764 = DIRECTION('',(0.,0.,1.));
#765 = PCURVE('',#327,#766);
#766 = DEFINITIONAL_REPRESENTATION('',(#767),#771);
#767 = LINE('',#768,#769);
#768 = CARTESIAN_POINT('',(1.047197551197,0.));
#769 = VECTOR('',#770,1.);
#770 = DIRECTION('',(0.,1.));
#771 = ( GEOMETRIC_REPRESENTATION_CONTEXT(2) 
PARAMETRIC_REPRESENTATION_CONTEXT() REPRESENTATION_CONTEXT('2D SPACE',''
  ) );
#772 = PCURVE('',#298,#773);
#773 = DEFINITIONAL_REPRESENTATION('',(#774),#778);
#774 = LINE('',#775,#776);
#775 = CARTESIAN_POINT('',(0.115470053838,0.));
#776 = VECTOR('',#777,1.);
#777 = DIRECTION('',(0.,-1.));
#778 = ( GEOMETRIC_REPRESENTATION_CONTEXT(2) 
PARAMETRIC_REPRESENTATION_CONTEXT() REPRESENTATION_CONTEXT('2D SPACE',''
  ) );
#779 = ORIENTED_EDGE('',*,*,#780,.F.);
#780 = EDGE_CURVE('',#660,#758,#781,.T.);
#781 = SURFACE_CURVE('',#782,(#787,#794),.PCURVE_S1.);
#782 = CIRCLE('',#783,0.2);
#783 = AXIS2_PLACEMENT_3D('',#784,#785,#786);
#784 = CARTESIAN_POINT('',(-3.637306695895,6.3,59.2));
#785 = DIRECTION('',(0.,0.,1.));
#786 = DIRECTION('',(0.,-1.,0.));
#787 = PCURVE('',#327,#788);
#788 = DEFINITIONAL_REPRESENTATION('',(#789),#793);
#789 = LINE('',#790,#791);
#790 = CARTESIAN_POINT('',(-3.14159265359,5.3));
#791 = VECTOR('',#792,1.);
#792 = DIRECTION('',(1.,0.));
#793 = ( GEOMETRIC_REPRESENTATION_CONTEXT(2) 
PARAMETRIC_REPRESENTATION_CONTEXT() REPRESENTATION_CONTEXT('2D SPACE',''
  ) );
#794 = PCURVE('',#468,#795);
#795 = DEFINITIONAL_REPRESENTATION('',(#796),#800);
#796 = CIRCLE('',#797,0.2);
#797 = AXIS2_PLACEMENT_2D('',#798,#799);
#798 = CARTESIAN_POINT('',(-3.637306695895,6.3));
#799 = DIRECTION('',(0.,-1.));
#800 = ( GEOMETRIC_REPRESENTATION_CONTEXT(2) 
PARAMETRIC_REPRESENTATION_CONTEXT() REPRESENTATION_CONTEXT('2D SPACE',''
  ) );
#801 = ORIENTED_EDGE('',*,*,#682,.F.);
#802 = ADVANCED_FACE('',(#803),#184,.F.);
#803 = FACE_BOUND('',#804,.F.);
#804 = EDGE_LOOP('',(#805,#806,#829,#850));
#805 = ORIENTED_EDGE('',*,*,#168,.F.);
#806 = ORIENTED_EDGE('',*,*,#807,.T.);
#807 = EDGE_CURVE('',#169,#808,#810,.T.);
#808 = VERTEX_POINT('',#809);
#809 = CARTESIAN_POINT('',(-3.637306695895,-6.5,59.2));
#810 = SURFACE_CURVE('',#811,(#815,#822),.PCURVE_S1.);
#811 = LINE('',#812,#813);
#812 = CARTESIAN_POINT('',(-3.637306695895,-6.5,53.9));
#813 = VECTOR('',#814,1.);
#814 = DIRECTION('',(0.,0.,1.));
#815 = PCURVE('',#184,#816);
#816 = DEFINITIONAL_REPRESENTATION('',(#817),#821);
#817 = LINE('',#818,#819);
#818 = CARTESIAN_POINT('',(0.115470053838,0.));
#819 = VECTOR('',#820,1.);
#820 = DIRECTION('',(0.,-1.));
#821 = ( GEOMETRIC_REPRESENTATION_CONTEXT(2) 
PARAMETRIC_REPRESENTATION_CONTEXT() REPRESENTATION_CONTEXT('2D SPACE',''
  ) );
#822 = PCURVE('',#213,#823);
#823 = DEFINITIONAL_REPRESENTATION('',(#824),#828);
#824 = LINE('',#825,#826);
#825 = CARTESIAN_POINT('',(1.047197551197,0.));
#826 = VECTOR('',#827,1.);
#827 = DIRECTION('',(0.,1.));
#828 = ( GEOMETRIC_REPRESENTATION_CONTEXT(2) 
PARAMETRIC_REPRESENTATION_CONTEXT() REPRESENTATION_CONTEXT('2D SPACE',''
  ) );
#829 = ORIENTED_EDGE('',*,*,#830,.T.);
#830 = EDGE_CURVE('',#808,#709,#831,.T.);
#831 = SURFACE_CURVE('',#832,(#836,#843),.PCURVE_S1.);
#832 = LINE('',#833,#834);
#833 = CARTESIAN_POINT('',(-3.752776749733,-6.5,59.2));
#834 = VECTOR('',#835,1.);
#835 = DIRECTION('',(1.,-5.916808265796E-16,0.));
#836 = PCURVE('',#184,#837);
#837 = DEFINITIONAL_REPRESENTATION('',(#838),#842);
#838 = LINE('',#839,#840);
#839 = CARTESIAN_POINT('',(0.,-5.3));
#840 = VECTOR('',#841,1.);
#841 = DIRECTION('',(1.,0.));
#842 = ( GEOMETRIC_REPRESENTATION_CONTEXT(2) 
PARAMETRIC_REPRESENTATION_CONTEXT() REPRESENTATION_CONTEXT('2D SPACE',''
  ) );
#843 = PCURVE('',#468,#844);
#844 = DEFINITIONAL_REPRESENTATION('',(#845),#849);
#845 = LINE('',#846,#847);
#846 = CARTESIAN_POINT('',(-3.752776749733,-6.5));
#847 = VECTOR('',#848,1.);
#848 = DIRECTION('',(1.,-5.916808265796E-16));
#849 = ( GEOMETRIC_REPRESENTATION_CONTEXT(2) 
PARAMETRIC_REPRESENTATION_CONTEXT() REPRESENTATION_CONTEXT('2D SPACE',''
  ) );
#850 = ORIENTED_EDGE('',*,*,#732,.F.);
#851 = ADVANCED_FACE('',(#852),#298,.F.);
#852 = FACE_BOUND('',#853,.F.);
#853 = EDGE_LOOP('',(#854,#855,#856,#879));
#854 = ORIENTED_EDGE('',*,*,#282,.F.);
#855 = ORIENTED_EDGE('',*,*,#757,.T.);
#856 = ORIENTED_EDGE('',*,*,#857,.T.);
#857 = EDGE_CURVE('',#758,#858,#860,.T.);
#858 = VERTEX_POINT('',#859);
#859 = CARTESIAN_POINT('',(-7.447818472546,1.E-01,59.2));
#860 = SURFACE_CURVE('',#861,(#865,#872),.PCURVE_S1.);
#861 = LINE('',#862,#863);
#862 = CARTESIAN_POINT('',(-3.752776749733,6.5,59.2));
#863 = VECTOR('',#864,1.);
#864 = DIRECTION('',(-0.5,-0.866025403784,0.));
#865 = PCURVE('',#298,#866);
#866 = DEFINITIONAL_REPRESENTATION('',(#867),#871);
#867 = LINE('',#868,#869);
#868 = CARTESIAN_POINT('',(0.,-5.3));
#869 = VECTOR('',#870,1.);
#870 = DIRECTION('',(1.,0.));
#871 = ( GEOMETRIC_REPRESENTATION_CONTEXT(2) 
PARAMETRIC_REPRESENTATION_CONTEXT() REPRESENTATION_CONTEXT('2D SPACE',''
  ) );
#872 = PCURVE('',#468,#873);
#873 = DEFINITIONAL_REPRESENTATION('',(#874),#878);
#874 = LINE('',#875,#876);
#875 = CARTESIAN_POINT('',(-3.752776749733,6.5));
#876 = VECTOR('',#877,1.);
#877 = DIRECTION('',(-0.5,-0.866025403784));
#878 = ( GEOMETRIC_REPRESENTATION_CONTEXT(2) 
PARAMETRIC_REPRESENTATION_CONTEXT() REPRESENTATION_CONTEXT('2D SPACE',''
  ) );
#879 = ORIENTED_EDGE('',*,*,#880,.F.);
#880 = EDGE_CURVE('',#254,#858,#881,.T.);
#881 = SURFACE_CURVE('',#882,(#886,#893),.PCURVE_S1.);
#882 = LINE('',#883,#884);
#883 = CARTESIAN_POINT('',(-7.447818472546,1.E-01,53.9));
#884 = VECTOR('',#885,1.);
#885 = DIRECTION('',(0.,0.,1.));
#886 = PCURVE('',#298,#887);
#887 = DEFINITIONAL_REPRESENTATION('',(#888),#892);
#888 = LINE('',#889,#890);
#889 = CARTESIAN_POINT('',(7.390083445627,0.));
#890 = VECTOR('',#891,1.);
#891 = DIRECTION('',(0.,-1.));
#892 = ( GEOMETRIC_REPRESENTATION_CONTEXT(2) 
PARAMETRIC_REPRESENTATION_CONTEXT() REPRESENTATION_CONTEXT('2D SPACE',''
  ) );
#893 = PCURVE('',#270,#894);
#894 = DEFINITIONAL_REPRESENTATION('',(#895),#899);
#895 = LINE('',#896,#897);
#896 = CARTESIAN_POINT('',(0.,0.));
#897 = VECTOR('',#898,1.);
#898 = DIRECTION('',(0.,1.));
#899 = ( GEOMETRIC_REPRESENTATION_CONTEXT(2) 
PARAMETRIC_REPRESENTATION_CONTEXT() REPRESENTATION_CONTEXT('2D SPACE',''
  ) );
#900 = ADVANCED_FACE('',(#901),#213,.T.);
#901 = FACE_BOUND('',#902,.T.);
#902 = EDGE_LOOP('',(#903,#904,#905,#929));
#903 = ORIENTED_EDGE('',*,*,#196,.T.);
#904 = ORIENTED_EDGE('',*,*,#807,.T.);
#905 = ORIENTED_EDGE('',*,*,#906,.F.);
#906 = EDGE_CURVE('',#907,#808,#909,.T.);
#907 = VERTEX_POINT('',#908);
#908 = CARTESIAN_POINT('',(-3.810511776652,-6.4,59.2));
#909 = SURFACE_CURVE('',#910,(#915,#922),.PCURVE_S1.);
#910 = CIRCLE('',#911,0.2);
#911 = AXIS2_PLACEMENT_3D('',#912,#913,#914);
#912 = CARTESIAN_POINT('',(-3.637306695895,-6.3,59.2));
#913 = DIRECTION('',(0.,0.,1.));
#914 = DIRECTION('',(0.,-1.,0.));
#915 = PCURVE('',#213,#916);
#916 = DEFINITIONAL_REPRESENTATION('',(#917),#921);
#917 = LINE('',#918,#919);
#918 = CARTESIAN_POINT('',(-5.235987755983,5.3));
#919 = VECTOR('',#920,1.);
#920 = DIRECTION('',(1.,0.));
#921 = ( GEOMETRIC_REPRESENTATION_CONTEXT(2) 
PARAMETRIC_REPRESENTATION_CONTEXT() REPRESENTATION_CONTEXT('2D SPACE',''
  ) );
#922 = PCURVE('',#468,#923);
#923 = DEFINITIONAL_REPRESENTATION('',(#924),#928);
#924 = CIRCLE('',#925,0.2);
#925 = AXIS2_PLACEMENT_2D('',#926,#927);
#926 = CARTESIAN_POINT('',(-3.637306695895,-6.3));
#927 = DIRECTION('',(0.,-1.));
#928 = ( GEOMETRIC_REPRESENTATION_CONTEXT(2) 
PARAMETRIC_REPRESENTATION_CONTEXT() REPRESENTATION_CONTEXT('2D SPACE',''
  ) );
#929 = ORIENTED_EDGE('',*,*,#930,.F.);
#930 = EDGE_CURVE('',#197,#907,#931,.T.);
#931 = SURFACE_CURVE('',#932,(#936,#943),.PCURVE_S1.);
#932 = LINE('',#933,#934);
#933 = CARTESIAN_POINT('',(-3.810511776652,-6.4,53.9));
#934 = VECTOR('',#935,1.);
#935 = DIRECTION('',(0.,0.,1.));
#936 = PCURVE('',#213,#937);
#937 = DEFINITIONAL_REPRESENTATION('',(#938),#942);
#938 = LINE('',#939,#940);
#939 = CARTESIAN_POINT('',(0.,0.));
#940 = VECTOR('',#941,1.);
#941 = DIRECTION('',(0.,1.));
#942 = ( GEOMETRIC_REPRESENTATION_CONTEXT(2) 
PARAMETRIC_REPRESENTATION_CONTEXT() REPRESENTATION_CONTEXT('2D SPACE',''
  ) );
#943 = PCURVE('',#241,#944);
#944 = DEFINITIONAL_REPRESENTATION('',(#945),#949);
#945 = LINE('',#946,#947);
#946 = CARTESIAN_POINT('',(7.390083445627,0.));
#947 = VECTOR('',#948,1.);
#948 = DIRECTION('',(0.,-1.));
#949 = ( GEOMETRIC_REPRESENTATION_CONTEXT(2) 
PARAMETRIC_REPRESENTATION_CONTEXT() REPRESENTATION_CONTEXT('2D SPACE',''
  ) );
#950 = ADVANCED_FACE('',(#951),#270,.T.);
#951 = FACE_BOUND('',#952,.T.);
#952 = EDGE_LOOP('',(#953,#954,#977,#999));
#953 = ORIENTED_EDGE('',*,*,#253,.T.);
#954 = ORIENTED_EDGE('',*,*,#955,.T.);
#955 = EDGE_CURVE('',#226,#956,#958,.T.);
#956 = VERTEX_POINT('',#957);
#957 = CARTESIAN_POINT('',(-7.447818472546,-0.1,59.2));
#958 = SURFACE_CURVE('',#959,(#963,#970),.PCURVE_S1.);
#959 = LINE('',#960,#961);
#960 = CARTESIAN_POINT('',(-7.447818472546,-0.1,53.9));
#961 = VECTOR('',#962,1.);
#962 = DIRECTION('',(0.,0.,1.));
#963 = PCURVE('',#270,#964);
#964 = DEFINITIONAL_REPRESENTATION('',(#965),#969);
#965 = LINE('',#966,#967);
#966 = CARTESIAN_POINT('',(1.047197551197,0.));
#967 = VECTOR('',#968,1.);
#968 = DIRECTION('',(0.,1.));
#969 = ( GEOMETRIC_REPRESENTATION_CONTEXT(2) 
PARAMETRIC_REPRESENTATION_CONTEXT() REPRESENTATION_CONTEXT('2D SPACE',''
  ) );
#970 = PCURVE('',#241,#971);
#971 = DEFINITIONAL_REPRESENTATION('',(#972),#976);
#972 = LINE('',#973,#974);
#973 = CARTESIAN_POINT('',(0.115470053838,0.));
#974 = VECTOR('',#975,1.);
#975 = DIRECTION('',(0.,-1.));
#976 = ( GEOMETRIC_REPRESENTATION_CONTEXT(2) 
PARAMETRIC_REPRESENTATION_CONTEXT() REPRESENTATION_CONTEXT('2D SPACE',''
  ) );
#977 = ORIENTED_EDGE('',*,*,#978,.F.);
#978 = EDGE_CURVE('',#858,#956,#979,.T.);
#979 = SURFACE_CURVE('',#980,(#985,#992),.PCURVE_S1.);
#980 = CIRCLE('',#981,0.2);
#981 = AXIS2_PLACEMENT_3D('',#982,#983,#984);
#982 = CARTESIAN_POINT('',(-7.274613391789,-5.100121713918E-16,59.2));
#983 = DIRECTION('',(0.,0.,1.));
#984 = DIRECTION('',(0.,-1.,0.));
#985 = PCURVE('',#270,#986);
#986 = DEFINITIONAL_REPRESENTATION('',(#987),#991);
#987 = LINE('',#988,#989);
#988 = CARTESIAN_POINT('',(-4.188790204786,5.3));
#989 = VECTOR('',#990,1.);
#990 = DIRECTION('',(1.,0.));
#991 = ( GEOMETRIC_REPRESENTATION_CONTEXT(2) 
PARAMETRIC_REPRESENTATION_CONTEXT() REPRESENTATION_CONTEXT('2D SPACE',''
  ) );
#992 = PCURVE('',#468,#993);
#993 = DEFINITIONAL_REPRESENTATION('',(#994),#998);
#994 = CIRCLE('',#995,0.2);
#995 = AXIS2_PLACEMENT_2D('',#996,#997);
#996 = CARTESIAN_POINT('',(-7.274613391789,-4.311213945146E-16));
#997 = DIRECTION('',(0.,-1.));
#998 = ( GEOMETRIC_REPRESENTATION_CONTEXT(2) 
PARAMETRIC_REPRESENTATION_CONTEXT() REPRESENTATION_CONTEXT('2D SPACE',''
  ) );
#999 = ORIENTED_EDGE('',*,*,#880,.F.);
#1000 = ADVANCED_FACE('',(#1001),#241,.F.);
#1001 = FACE_BOUND('',#1002,.F.);
#1002 = EDGE_LOOP('',(#1003,#1004,#1005,#1026));
#1003 = ORIENTED_EDGE('',*,*,#225,.F.);
#1004 = ORIENTED_EDGE('',*,*,#955,.T.);
#1005 = ORIENTED_EDGE('',*,*,#1006,.T.);
#1006 = EDGE_CURVE('',#956,#907,#1007,.T.);
#1007 = SURFACE_CURVE('',#1008,(#1012,#1019),.PCURVE_S1.);
#1008 = LINE('',#1009,#1010);
#1009 = CARTESIAN_POINT('',(-7.505553499465,9.191652068949E-16,59.2));
#1010 = VECTOR('',#1011,1.);
#1011 = DIRECTION('',(0.5,-0.866025403784,0.));
#1012 = PCURVE('',#241,#1013);
#1013 = DEFINITIONAL_REPRESENTATION('',(#1014),#1018);
#1014 = LINE('',#1015,#1016);
#1015 = CARTESIAN_POINT('',(0.,-5.3));
#1016 = VECTOR('',#1017,1.);
#1017 = DIRECTION('',(1.,0.));
#1018 = ( GEOMETRIC_REPRESENTATION_CONTEXT(2) 
PARAMETRIC_REPRESENTATION_CONTEXT() REPRESENTATION_CONTEXT('2D SPACE',''
  ) );
#1019 = PCURVE('',#468,#1020);
#1020 = DEFINITIONAL_REPRESENTATION('',(#1021),#1025);
#1021 = LINE('',#1022,#1023);
#1022 = CARTESIAN_POINT('',(-7.505553499465,9.980559837722E-16));
#1023 = VECTOR('',#1024,1.);
#1024 = DIRECTION('',(0.5,-0.866025403784));
#1025 = ( GEOMETRIC_REPRESENTATION_CONTEXT(2) 
PARAMETRIC_REPRESENTATION_CONTEXT() REPRESENTATION_CONTEXT('2D SPACE',''
  ) );
#1026 = ORIENTED_EDGE('',*,*,#930,.F.);
#1027 = ADVANCED_FACE('',(#1028),#413,.T.);
#1028 = FACE_BOUND('',#1029,.F.);
#1029 = EDGE_LOOP('',(#1030,#1053,#1054,#1055));
#1030 = ORIENTED_EDGE('',*,*,#1031,.T.);
#1031 = EDGE_CURVE('',#1032,#397,#1034,.T.);
#1032 = VERTEX_POINT('',#1033);
#1033 = CARTESIAN_POINT('',(8.5,0.,52.5));
#1034 = SEAM_CURVE('',#1035,(#1039,#1046),.PCURVE_S1.);
#1035 = LINE('',#1036,#1037);
#1036 = CARTESIAN_POINT('',(8.5,0.,52.5));
#1037 = VECTOR('',#1038,1.);
#1038 = DIRECTION('',(0.,0.,1.));
#1039 = PCURVE('',#413,#1040);
#1040 = DEFINITIONAL_REPRESENTATION('',(#1041),#1045);
#1041 = LINE('',#1042,#1043);
#1042 = CARTESIAN_POINT('',(-0.,0.));
#1043 = VECTOR('',#1044,1.);
#1044 = DIRECTION('',(-0.,-1.));
#1045 = ( GEOMETRIC_REPRESENTATION_CONTEXT(2) 
PARAMETRIC_REPRESENTATION_CONTEXT() REPRESENTATION_CONTEXT('2D SPACE',''
  ) );
#1046 = PCURVE('',#413,#1047);
#1047 = DEFINITIONAL_REPRESENTATION('',(#1048),#1052);
#1048 = LINE('',#1049,#1050);
#1049 = CARTESIAN_POINT('',(-6.28318530718,0.));
#1050 = VECTOR('',#1051,1.);
#1051 = DIRECTION('',(-0.,-1.));
#1052 = ( GEOMETRIC_REPRESENTATION_CONTEXT(2) 
PARAMETRIC_REPRESENTATION_CONTEXT() REPRESENTATION_CONTEXT('2D SPACE',''
  ) );
#1053 = ORIENTED_EDGE('',*,*,#396,.T.);
#1054 = ORIENTED_EDGE('',*,*,#1031,.F.);
#1055 = ORIENTED_EDGE('',*,*,#1056,.F.);
#1056 = EDGE_CURVE('',#1032,#1032,#1057,.T.);
#1057 = SURFACE_CURVE('',#1058,(#1063,#1070),.PCURVE_S1.);
#1058 = CIRCLE('',#1059,8.5);
#1059 = AXIS2_PLACEMENT_3D('',#1060,#1061,#1062);
#1060 = CARTESIAN_POINT('',(0.,0.,52.5));
#1061 = DIRECTION('',(0.,0.,1.));
#1062 = DIRECTION('',(1.,0.,0.));
#1063 = PCURVE('',#413,#1064);
#1064 = DEFINITIONAL_REPRESENTATION('',(#1065),#1069);
#1065 = LINE('',#1066,#1067);
#1066 = CARTESIAN_POINT('',(-0.,0.));
#1067 = VECTOR('',#1068,1.);
#1068 = DIRECTION('',(-1.,0.));
#1069 = ( GEOMETRIC_REPRESENTATION_CONTEXT(2) 
PARAMETRIC_REPRESENTATION_CONTEXT() REPRESENTATION_CONTEXT('2D SPACE',''
  ) );
#1070 = PCURVE('',#1071,#1076);
#1071 = PLANE('',#1072);
#1072 = AXIS2_PLACEMENT_3D('',#1073,#1074,#1075);
#1073 = CARTESIAN_POINT('',(-6.435012388421E-16,6.182685985047E-16,52.5)
  );
#1074 = DIRECTION('',(0.,0.,1.));
#1075 = DIRECTION('',(1.,0.,-0.));
#1076 = DEFINITIONAL_REPRESENTATION('',(#1077),#1081);
#1077 = CIRCLE('',#1078,8.5);
#1078 = AXIS2_PLACEMENT_2D('',#1079,#1080);
#1079 = CARTESIAN_POINT('',(6.435012388421E-16,-6.182685985047E-16));
#1080 = DIRECTION('',(1.,0.));
#1081 = ( GEOMETRIC_REPRESENTATION_CONTEXT(2) 
PARAMETRIC_REPRESENTATION_CONTEXT() REPRESENTATION_CONTEXT('2D SPACE',''
  ) );
#1082 = ADVANCED_FACE('',(#1083),#468,.T.);
#1083 = FACE_BOUND('',#1084,.T.);
#1084 = EDGE_LOOP('',(#1085,#1086,#1087,#1088,#1089,#1090,#1091,#1092,
    #1093,#1094,#1095,#1096));
#1085 = ORIENTED_EDGE('',*,*,#452,.T.);
#1086 = ORIENTED_EDGE('',*,*,#582,.T.);
#1087 = ORIENTED_EDGE('',*,*,#659,.T.);
#1088 = ORIENTED_EDGE('',*,*,#780,.T.);
#1089 = ORIENTED_EDGE('',*,*,#857,.T.);
#1090 = ORIENTED_EDGE('',*,*,#978,.T.);
#1091 = ORIENTED_EDGE('',*,*,#1006,.T.);
#1092 = ORIENTED_EDGE('',*,*,#906,.T.);
#1093 = ORIENTED_EDGE('',*,*,#830,.T.);
#1094 = ORIENTED_EDGE('',*,*,#708,.T.);
#1095 = ORIENTED_EDGE('',*,*,#632,.T.);
#1096 = ORIENTED_EDGE('',*,*,#528,.F.);
#1097 = ADVANCED_FACE('',(#1098,#1101),#1071,.F.);
#1098 = FACE_BOUND('',#1099,.F.);
#1099 = EDGE_LOOP('',(#1100));
#1100 = ORIENTED_EDGE('',*,*,#1056,.T.);
#1101 = FACE_BOUND('',#1102,.F.);
#1102 = EDGE_LOOP('',(#1103));
#1103 = ORIENTED_EDGE('',*,*,#1104,.F.);
#1104 = EDGE_CURVE('',#1105,#1105,#1107,.T.);
#1105 = VERTEX_POINT('',#1106);
#1106 = CARTESIAN_POINT('',(3.325,0.,52.5));
#1107 = SURFACE_CURVE('',#1108,(#1113,#1120),.PCURVE_S1.);
#1108 = CIRCLE('',#1109,3.325);
#1109 = AXIS2_PLACEMENT_3D('',#1110,#1111,#1112);
#1110 = CARTESIAN_POINT('',(0.,0.,52.5));
#1111 = DIRECTION('',(0.,0.,1.));
#1112 = DIRECTION('',(1.,0.,0.));
#1113 = PCURVE('',#1071,#1114);
#1114 = DEFINITIONAL_REPRESENTATION('',(#1115),#1119);
#1115 = CIRCLE('',#1116,3.325);
#1116 = AXIS2_PLACEMENT_2D('',#1117,#1118);
#1117 = CARTESIAN_POINT('',(6.435012388421E-16,-6.182685985047E-16));
#1118 = DIRECTION('',(1.,0.));
#1119 = ( GEOMETRIC_REPRESENTATION_CONTEXT(2) 
PARAMETRIC_REPRESENTATION_CONTEXT() REPRESENTATION_CONTEXT('2D SPACE',''
  ) );
#1120 = PCURVE('',#1121,#1126);
#1121 = CYLINDRICAL_SURFACE('',#1122,3.325);
#1122 = AXIS2_PLACEMENT_3D('',#1123,#1124,#1125);
#1123 = CARTESIAN_POINT('',(0.,0.,0.));
#1124 = DIRECTION('',(-0.,-0.,-1.));
#1125 = DIRECTION('',(1.,0.,0.));
#1126 = DEFINITIONAL_REPRESENTATION('',(#1127),#1131);
#1127 = LINE('',#1128,#1129);
#1128 = CARTESIAN_POINT('',(-0.,-52.5));
#1129 = VECTOR('',#1130,1.);
#1130 = DIRECTION('',(-1.,0.));
#1131 = ( GEOMETRIC_REPRESENTATION_CONTEXT(2) 
PARAMETRIC_REPRESENTATION_CONTEXT() REPRESENTATION_CONTEXT('2D SPACE',''
  ) );
#1132 = ADVANCED_FACE('',(#1133),#1121,.T.);
#1133 = FACE_BOUND('',#1134,.F.);
#1134 = EDGE_LOOP('',(#1135,#1158,#1159,#1160));
#1135 = ORIENTED_EDGE('',*,*,#1136,.T.);
#1136 = EDGE_CURVE('',#1137,#1105,#1139,.T.);
#1137 = VERTEX_POINT('',#1138);
#1138 = CARTESIAN_POINT('',(3.325,0.,0.));
#1139 = SEAM_CURVE('',#1140,(#1144,#1151),.PCURVE_S1.);
#1140 = LINE('',#1141,#1142);
#1141 = CARTESIAN_POINT('',(3.325,0.,0.));
#1142 = VECTOR('',#1143,1.);
#1143 = DIRECTION('',(0.,0.,1.));
#1144 = PCURVE('',#1121,#1145);
#1145 = DEFINITIONAL_REPRESENTATION('',(#1146),#1150);
#1146 = LINE('',#1147,#1148);
#1147 = CARTESIAN_POINT('',(-0.,0.));
#1148 = VECTOR('',#1149,1.);
#1149 = DIRECTION('',(-0.,-1.));
#1150 = ( GEOMETRIC_REPRESENTATION_CONTEXT(2) 
PARAMETRIC_REPRESENTATION_CONTEXT() REPRESENTATION_CONTEXT('2D SPACE',''
  ) );
#1151 = PCURVE('',#1121,#1152);
#1152 = DEFINITIONAL_REPRESENTATION('',(#1153),#1157);
#1153 = LINE('',#1154,#1155);
#1154 = CARTESIAN_POINT('',(-6.28318530718,0.));
#1155 = VECTOR('',#1156,1.);
#1156 = DIRECTION('',(-0.,-1.));
#1157 = ( GEOMETRIC_REPRESENTATION_CONTEXT(2) 
PARAMETRIC_REPRESENTATION_CONTEXT() REPRESENTATION_CONTEXT('2D SPACE',''
  ) );
#1158 = ORIENTED_EDGE('',*,*,#1104,.T.);
#1159 = ORIENTED_EDGE('',*,*,#1136,.F.);
#1160 = ORIENTED_EDGE('',*,*,#1161,.F.);
#1161 = EDGE_CURVE('',#1137,#1137,#1162,.T.);
#1162 = SURFACE_CURVE('',#1163,(#1168,#1175),.PCURVE_S1.);
#1163 = CIRCLE('',#1164,3.325);
#1164 = AXIS2_PLACEMENT_3D('',#1165,#1166,#1167);
#1165 = CARTESIAN_POINT('',(0.,0.,0.));
#1166 = DIRECTION('',(0.,0.,1.));
#1167 = DIRECTION('',(1.,0.,0.));
#1168 = PCURVE('',#1121,#1169);
#1169 = DEFINITIONAL_REPRESENTATION('',(#1170),#1174);
#1170 = LINE('',#1171,#1172);
#1171 = CARTESIAN_POINT('',(-0.,0.));
#1172 = VECTOR('',#1173,1.);
#1173 = DIRECTION('',(-1.,0.));
#1174 = ( GEOMETRIC_REPRESENTATION_CONTEXT(2) 
PARAMETRIC_REPRESENTATION_CONTEXT() REPRESENTATION_CONTEXT('2D SPACE',''
  ) );
#1175 = PCURVE('',#1176,#1181);
#1176 = PLANE('',#1177);
#1177 = AXIS2_PLACEMENT_3D('',#1178,#1179,#1180);
#1178 = CARTESIAN_POINT('',(-3.084451426781E-16,6.989840821321E-17,0.));
#1179 = DIRECTION('',(0.,0.,1.));
#1180 = DIRECTION('',(1.,0.,-0.));
#1181 = DEFINITIONAL_REPRESENTATION('',(#1182),#1186);
#1182 = CIRCLE('',#1183,3.325);
#1183 = AXIS2_PLACEMENT_2D('',#1184,#1185);
#1184 = CARTESIAN_POINT('',(3.084451426781E-16,-6.989840821321E-17));
#1185 = DIRECTION('',(1.,0.));
#1186 = ( GEOMETRIC_REPRESENTATION_CONTEXT(2) 
PARAMETRIC_REPRESENTATION_CONTEXT() REPRESENTATION_CONTEXT('2D SPACE',''
  ) );
#1187 = ADVANCED_FACE('',(#1188),#1176,.F.);
#1188 = FACE_BOUND('',#1189,.F.);
#1189 = EDGE_LOOP('',(#1190));
#1190 = ORIENTED_EDGE('',*,*,#1161,.T.);
#1191 = ( GEOMETRIC_REPRESENTATION_CONTEXT(3) 
GLOBAL_UNCERTAINTY_ASSIGNED_CONTEXT((#1195)) 
GLOBAL_UNIT_ASSIGNED_CONTEXT((#1192,#1193,#1194)) REPRESENTATION_CONTEXT
('Context #1','3D Context with UNIT and UNCERTAINTY') );
#1192 = ( LENGTH_UNIT() NAMED_UNIT(*) SI_UNIT(.MILLI.,.METRE.) );
#1193 = ( NAMED_UNIT(*) PLANE_ANGLE_UNIT() SI_UNIT($,.RADIAN.) );
#1194 = ( NAMED_UNIT(*) SI_UNIT($,.STERADIAN.) SOLID_ANGLE_UNIT() );
#1195 = UNCERTAINTY_MEASURE_WITH_UNIT(LENGTH_MEASURE(1.E-07),#1192,
  'distance_accuracy_value','confusion accuracy');
#1196 = CONTEXT_DEPENDENT_SHAPE_REPRESENTATION(#1197,#1199);
#1197 = ( REPRESENTATION_RELATIONSHIP('','',#36,#10) 
REPRESENTATION_RELATIONSHIP_WITH_TRANSFORMATION(#1198) 
SHAPE_REPRESENTATION_RELATIONSHIP() );
#1198 = ITEM_DEFINED_TRANSFORMATION('','',#11,#15);
#1199 = PRODUCT_DEFINITION_SHAPE('Placement','Placement of an item',
  #1200);
#1200 = NEXT_ASSEMBLY_USAGE_OCCURRENCE('7','','',#5,#31,$);
#1201 = PRODUCT_RELATED_PRODUCT_CATEGORY('part',$,(#33));
#1202 = SHAPE_DEFINITION_REPRESENTATION(#1203,#1209);
#1203 = PRODUCT_DEFINITION_SHAPE('','',#1204);
#1204 = PRODUCT_DEFINITION('design','',#1205,#1208);
#1205 = PRODUCT_DEFINITION_FORMATION('','',#1206);
#1206 = PRODUCT('Open CASCADE STEP translator 7.9 4.2',
  'Open CASCADE STEP translator 7.9 4.2','',(#1207));
#1207 = PRODUCT_CONTEXT('',#2,'mechanical');
#1208 = PRODUCT_DEFINITION_CONTEXT('part definition',#2,'design');
#1209 = ADVANCED_BREP_SHAPE_REPRESENTATION('',(#11,#1210),#5476);
#1210 = MANIFOLD_SOLID_BREP('',#1211);
#1211 = CLOSED_SHELL('',(#1212,#4908,#5421,#5464,#5470));
#1212 = ADVANCED_FACE('',(#1213),#1674,.F.);
#1213 = FACE_BOUND('',#1214,.F.);
#1214 = EDGE_LOOP('',(#1215,#3488,#3514,#4884));
#1215 = ORIENTED_EDGE('',*,*,#1216,.F.);
#1216 = EDGE_CURVE('',#1217,#1219,#1221,.T.);
#1217 = VERTEX_POINT('',#1218);
#1218 = CARTESIAN_POINT('',(3.34525,-4.440892098501E-16,-0.275));
#1219 = VERTEX_POINT('',#1220);
#1220 = CARTESIAN_POINT('',(1.033738964414,-3.181521461095,
    50.725000386531));
#1221 = SURFACE_CURVE('',#1222,(#1673,#2581),.PCURVE_S1.);
#1222 = B_SPLINE_CURVE_WITH_KNOTS('',8,(#1223,#1224,#1225,#1226,#1227,
    #1228,#1229,#1230,#1231,#1232,#1233,#1234,#1235,#1236,#1237,#1238,
    #1239,#1240,#1241,#1242,#1243,#1244,#1245,#1246,#1247,#1248,#1249,
    #1250,#1251,#1252,#1253,#1254,#1255,#1256,#1257,#1258,#1259,#1260,
    #1261,#1262,#1263,#1264,#1265,#1266,#1267,#1268,#1269,#1270,#1271,
    #1272,#1273,#1274,#1275,#1276,#1277,#1278,#1279,#1280,#1281,#1282,
    #1283,#1284,#1285,#1286,#1287,#1288,#1289,#1290,#1291,#1292,#1293,
    #1294,#1295,#1296,#1297,#1298,#1299,#1300,#1301,#1302,#1303,#1304,
    #1305,#1306,#1307,#1308,#1309,#1310,#1311,#1312,#1313,#1314,#1315,
    #1316,#1317,#1318,#1319,#1320,#1321,#1322,#1323,#1324,#1325,#1326,
    #1327,#1328,#1329,#1330,#1331,#1332,#1333,#1334,#1335,#1336,#1337,
    #1338,#1339,#1340,#1341,#1342,#1343,#1344,#1345,#1346,#1347,#1348,
    #1349,#1350,#1351,#1352,#1353,#1354,#1355,#1356,#1357,#1358,#1359,
    #1360,#1361,#1362,#1363,#1364,#1365,#1366,#1367,#1368,#1369,#1370,
    #1371,#1372,#1373,#1374,#1375,#1376,#1377,#1378,#1379,#1380,#1381,
    #1382,#1383,#1384,#1385,#1386,#1387,#1388,#1389,#1390,#1391,#1392,
    #1393,#1394,#1395,#1396,#1397,#1398,#1399,#1400,#1401,#1402,#1403,
    #1404,#1405,#1406,#1407,#1408,#1409,#1410,#1411,#1412,#1413,#1414,
    #1415,#1416,#1417,#1418,#1419,#1420,#1421,#1422,#1423,#1424,#1425,
    #1426,#1427,#1428,#1429,#1430,#1431,#1432,#1433,#1434,#1435,#1436,
    #1437,#1438,#1439,#1440,#1441,#1442,#1443,#1444,#1445,#1446,#1447,
    #1448,#1449,#1450,#1451,#1452,#1453,#1454,#1455,#1456,#1457,#1458,
    #1459,#1460,#1461,#1462,#1463,#1464,#1465,#1466,#1467,#1468,#1469,
    #1470,#1471,#1472,#1473,#1474,#1475,#1476,#1477,#1478,#1479,#1480,
    #1481,#1482,#1483,#1484,#1485,#1486,#1487,#1488,#1489,#1490,#1491,
    #1492,#1493,#1494,#1495,#1496,#1497,#1498,#1499,#1500,#1501,#1502,
    #1503,#1504,#1505,#1506,#1507,#1508,#1509,#1510,#1511,#1512,#1513,
    #1514,#1515,#1516,#1517,#1518,#1519,#1520,#1521,#1522,#1523,#1524,
    #1525,#1526,#1527,#1528,#1529,#1530,#1531,#1532,#1533,#1534,#1535,
    #1536,#1537,#1538,#1539,#1540,#1541,#1542,#1543,#1544,#1545,#1546,
    #1547,#1548,#1549,#1550,#1551,#1552,#1553,#1554,#1555,#1556,#1557,
    #1558,#1559,#1560,#1561,#1562,#1563,#1564,#1565,#1566,#1567,#1568,
    #1569,#1570,#1571,#1572,#1573,#1574,#1575,#1576,#1577,#1578,#1579,
    #1580,#1581,#1582,#1583,#1584,#1585,#1586,#1587,#1588,#1589,#1590,
    #1591,#1592,#1593,#1594,#1595,#1596,#1597,#1598,#1599,#1600,#1601,
    #1602,#1603,#1604,#1605,#1606,#1607,#1608,#1609,#1610,#1611,#1612,
    #1613,#1614,#1615,#1616,#1617,#1618,#1619,#1620,#1621,#1622,#1623,
    #1624,#1625,#1626,#1627,#1628,#1629,#1630,#1631,#1632,#1633,#1634,
    #1635,#1636,#1637,#1638,#1639,#1640,#1641,#1642,#1643,#1644,#1645,
    #1646,#1647,#1648,#1649,#1650,#1651,#1652,#1653,#1654,#1655,#1656,
    #1657,#1658,#1659,#1660,#1661,#1662,#1663,#1664,#1665,#1666,#1667,
    #1668,#1669,#1670,#1671,#1672),.UNSPECIFIED.,.F.,.F.,(9,7,7,7,7,7,7,
    7,7,7,7,7,7,7,7,7,7,7,7,7,7,7,7,7,7,7,7,7,7,7,7,7,7,7,7,7,7,7,7,7,7,
    7,7,7,7,7,7,7,7,7,7,7,7,7,7,7,7,7,7,7,7,7,7,7,9),(0.,4.08402808758,
    8.168056175161,12.252084262741,16.336112350322,20.420140437902,
    24.504168525483,28.588196613063,32.672224700643,36.756252788224,
    40.840280875804,44.924308963385,49.008337050965,53.092365138546,
    57.176393226126,61.260421313707,65.344449401287,69.428477488867,
    73.512505576448,77.596533664028,81.680561751609,85.764589839189,
    89.84861792677,93.93264601435,98.01667410193,102.10070218951,
    106.18473027709,110.26875836467,114.35278645225,118.43681453983,
    122.52084262741,126.60487071499,130.68889880257,134.77292689015,
    138.85695497773,142.94098306531,147.02501115289,151.10903924047,
    155.19306732805,159.27709541563,163.36112350321,167.44515159079,
    171.52917967837,175.61320776595,179.69723585353,183.78126394112,
    187.8652920287,191.94932011628,196.03334820386,200.11737629144,
    204.20140437902,208.2854324666,212.36946055418,216.45348864176,
    220.53751672934,224.62154481692,228.7055729045,232.78960099208,
    236.87362907966,240.95765716724,245.04168525482,249.1257133424,
    253.20974142998,257.29376951756,261.37779760514),.UNSPECIFIED.);
#1223 = CARTESIAN_POINT('',(3.34525,-4.440892098501E-16,-0.275));
#1224 = CARTESIAN_POINT('',(3.345248516104,1.674935998532,
    -0.175389095912));
#1225 = CARTESIAN_POINT('',(2.38572735973,3.34956037743,
    -7.57846024864E-02));
#1226 = CARTESIAN_POINT('',(0.475483909287,4.386230101773,
    2.383352908339E-02));
#1227 = CARTESIAN_POINT('',(-1.907920310714,4.138621977857,
    0.123433133374));
#1228 = CARTESIAN_POINT('',(-3.644132409639,2.487064156126,
    0.223049369422));
#1229 = CARTESIAN_POINT('',(-4.09642445234,0.36124491585,0.322655887402)
  );
#1230 = CARTESIAN_POINT('',(-3.446198207055,-1.455963148914,
    0.422265830034));
#1231 = CARTESIAN_POINT('',(-0.898933699076,-3.631532644285,
    0.62148456541));
#1232 = CARTESIAN_POINT('',(0.997619402625,-3.989480515234,
    0.721094424343));
#1233 = CARTESIAN_POINT('',(3.026511895773,-3.21020025067,0.820701215058
    ));
#1234 = CARTESIAN_POINT('',(4.386133687754,-1.237015951562,
    0.920316910543));
#1235 = CARTESIAN_POINT('',(4.25784552728,1.155796914001,1.019917296355)
  );
#1236 = CARTESIAN_POINT('',(2.935112456014,2.88033541951,1.119534556245)
  );
#1237 = CARTESIAN_POINT('',(1.131002279312,3.566082914852,1.219139813546
    ));
#1238 = CARTESIAN_POINT('',(-2.177626987649,3.042045556938,
    1.418360572801));
#1239 = CARTESIAN_POINT('',(-3.681531624165,1.832367994068,
    1.517965832028));
#1240 = CARTESIAN_POINT('',(-4.406610493517,-0.216527220385,
    1.61758308564));
#1241 = CARTESIAN_POINT('',(-3.789204107916,-2.531854097349,
    1.717183483893));
#1242 = CARTESIAN_POINT('',(-1.886376408366,-3.988329443624,
    1.816799161392));
#1243 = CARTESIAN_POINT('',(0.284024593851,-4.102501906254,
    1.916405972166));
#1244 = CARTESIAN_POINT('',(1.977141996042,-3.176006956316,
    2.016015813522));
#1245 = CARTESIAN_POINT('',(3.727446665152,-0.319769474379,
    2.215234573033));
#1246 = CARTESIAN_POINT('',(3.784301330291,1.609429312112,2.314844414345
    ));
#1247 = CARTESIAN_POINT('',(2.697226591335,3.491436461219,2.414451225262
    ));
#1248 = CARTESIAN_POINT('',(0.535643753756,4.525645040053,2.514066902478
    ));
#1249 = CARTESIAN_POINT('',(-1.807640922324,4.024617906821,
    2.613667301141));
#1250 = CARTESIAN_POINT('',(-3.304026458159,2.448392622524,
    2.713284554294));
#1251 = CARTESIAN_POINT('',(-3.699106253038,0.559219491024,
    2.812889813926));
#1252 = CARTESIAN_POINT('',(-2.663937015314,-2.626697555024,
    3.012110572625));
#1253 = CARTESIAN_POINT('',(-1.233890073217,-3.922851367851,
    3.111715832257));
#1254 = CARTESIAN_POINT('',(0.903207166139,-4.318485485876,
    3.211333085406));
#1255 = CARTESIAN_POINT('',(3.09344488963,-3.346483476425,3.310933484079
    ));
#1256 = CARTESIAN_POINT('',(4.234320774203,-1.239239801493,
    3.410549161282));
#1257 = CARTESIAN_POINT('',(4.007562064689,0.922300470777,3.510155972211
    ));
#1258 = CARTESIAN_POINT('',(2.827611889941,2.449637046375,3.609765813514
    ));
#1259 = CARTESIAN_POINT('',(-0.267268543505,3.731578578017,
    3.808984573037));
#1260 = CARTESIAN_POINT('',(-2.181609720744,3.485940087773,3.90859441434
    ));
#1261 = CARTESIAN_POINT('',(-3.870390283573,2.117838261159,
    4.008201225266));
#1262 = CARTESIAN_POINT('',(-4.553719983819,-0.178917770488,
    4.107816902476));
#1263 = CARTESIAN_POINT('',(-3.692290841234,-2.414974812224,
    4.207417301141));
#1264 = CARTESIAN_POINT('',(-1.901385235013,-3.646361399845,
    4.307034554296));
#1265 = CARTESIAN_POINT('',(2.633313670405E-02,-3.741045318668,
    4.406639813924));
#1266 = CARTESIAN_POINT('',(3.011090111257,-2.220233503258,
    4.605860572631));
#1267 = CARTESIAN_POINT('',(4.067577491438,-0.605029683744,
    4.705465832241));
#1268 = CARTESIAN_POINT('',(4.124025033574,1.567647153924,4.805083085428
    ));
#1269 = CARTESIAN_POINT('',(2.821361315216,3.578864802145,4.904683484061
    ));
#1270 = CARTESIAN_POINT('',(0.561588998017,4.376049074431,5.00429916129)
  );
#1271 = CARTESIAN_POINT('',(-1.537866249218,3.813942744751,
    5.103905972211));
#1272 = CARTESIAN_POINT('',(-2.861813902739,2.40959163453,5.203515813513
    ));
#1273 = CARTESIAN_POINT('',(-3.643826641897,-0.847725522835,
    5.402734573037));
#1274 = CARTESIAN_POINT('',(-3.101743431118,-2.700071657699,
    5.502344414339));
#1275 = CARTESIAN_POINT('',(-1.486301724301,-4.154042252073,
    5.601951225273));
#1276 = CARTESIAN_POINT('',(0.889073745442,-4.469667228622,5.70156690246
    ));
#1277 = CARTESIAN_POINT('',(2.962844007389,-3.269047321157,
    5.801167301162));
#1278 = CARTESIAN_POINT('',(3.8989108223,-1.307559432662,5.90078455428)
  );
#1279 = CARTESIAN_POINT('',(3.69086743273,0.611237355209,6.000389813931)
  );
#1280 = CARTESIAN_POINT('',(1.721860473831,3.321339635719,6.199610572622
    ));
#1281 = CARTESIAN_POINT('',(-3.872854455628E-02,4.112146357669,
    6.299215832263));
#1282 = CARTESIAN_POINT('',(-2.193486466007,3.828017398087,
    6.398833085399));
#1283 = CARTESIAN_POINT('',(-3.976161185703,2.226767874874,
    6.498433484083));
#1284 = CARTESIAN_POINT('',(-4.410024523153,-0.129889990403,
    6.598049161281));
#1285 = CARTESIAN_POINT('',(-3.52641149669,-2.115564656715,
    6.697655972211));
#1286 = CARTESIAN_POINT('',(-1.932239236101,-3.203523403002,
    6.797265813514));
#1287 = CARTESIAN_POINT('',(1.407308686354,-3.466351600686,
    6.996484573037));
#1288 = CARTESIAN_POINT('',(3.152048869418,-2.641171557088,7.09609441434
    ));
#1289 = CARTESIAN_POINT('',(4.335407913844,-0.818167506247,
    7.195701225266));
#1290 = CARTESIAN_POINT('',(4.275556432298,1.577337774128,7.295316902476
    ));
#1291 = CARTESIAN_POINT('',(2.765309006668,3.437758149971,7.394917301141
    ));
#1292 = CARTESIAN_POINT('',(0.681537177551,4.055456120563,7.494534554295
    ));
#1293 = CARTESIAN_POINT('',(-1.181090881451,3.549808141318,
    7.594139813925));
#1294 = CARTESIAN_POINT('',(-3.549806755453,1.181089525001,
    7.793360572625));
#1295 = CARTESIAN_POINT('',(-4.055460533142,-0.68153314753,
    7.892965832258));
#1296 = CARTESIAN_POINT('',(-3.437751269802,-2.765314861569,
    7.992583085405));
#1297 = CARTESIAN_POINT('',(-1.577344019226,-4.275551284715,
    8.092183484079));
#1298 = CARTESIAN_POINT('',(0.818170656175,-4.335410532096,
    8.191799161283));
#1299 = CARTESIAN_POINT('',(2.641170841209,-3.15204829409,8.291405972211
    ));
#1300 = CARTESIAN_POINT('',(3.466351525198,-1.407308694945,
    8.391015813514));
#1301 = CARTESIAN_POINT('',(3.203523478904,1.932239239425,8.590234573037
    ));
#1302 = CARTESIAN_POINT('',(2.115565273779,3.526412176924,8.689844414339
    ));
#1303 = CARTESIAN_POINT('',(0.129887288843,4.410021444379,8.789451225269
    ));
#1304 = CARTESIAN_POINT('',(-2.226762511927,3.976167246857,8.88906690247
    ));
#1305 = CARTESIAN_POINT('',(-3.828023277636,2.193479606899,
    8.988667301148));
#1306 = CARTESIAN_POINT('',(-4.112142629853,3.873321523313E-02,
    9.088284554289));
#1307 = CARTESIAN_POINT('',(-3.321340792323,-1.721862030373,
    9.187889813929));
#1308 = CARTESIAN_POINT('',(-0.61123623226,-3.690865851739,
    9.387110572619));
#1309 = CARTESIAN_POINT('',(1.307556142548,-3.898915810977,
    9.486715832276));
#1310 = CARTESIAN_POINT('',(3.269052027665,-2.962836296024,
    9.586333085381));
#1311 = CARTESIAN_POINT('',(4.469663121373,-0.889080718912,
    9.685933484098));
#1312 = CARTESIAN_POINT('',(4.154044345329,1.486305245037,9.785549161274
    ));
#1313 = CARTESIAN_POINT('',(2.700071201442,3.101742634049,9.885155972213
    ));
#1314 = CARTESIAN_POINT('',(0.84772554313,3.643826568683,9.984765813514)
  );
#1315 = CARTESIAN_POINT('',(-2.409591649687,2.861813977187,
    10.183984573037));
#1316 = CARTESIAN_POINT('',(-3.813943513141,1.537866752271,
    10.28359441434));
#1317 = CARTESIAN_POINT('',(-4.376045610932,-0.561591184688,
    10.38320122526));
#1318 = CARTESIAN_POINT('',(-3.578871627658,-2.821356966471,
    10.482816902491));
#1319 = CARTESIAN_POINT('',(-1.56763945946,-4.124029767737,
    10.582417301123));
#1320 = CARTESIAN_POINT('',(0.605024487383,-4.067574540169,
    10.682034554308));
#1321 = CARTESIAN_POINT('',(2.220235221579,-3.011091010129,
    10.781639813922));
#1322 = CARTESIAN_POINT('',(3.74104358147,-2.633227490095E-02,
    10.980860572621));
#1323 = CARTESIAN_POINT('',(3.646366841794,1.901382765799,
    11.080465832275));
#1324 = CARTESIAN_POINT('',(2.414966459539,3.692294283486,
    11.180083085382));
#1325 = CARTESIAN_POINT('',(0.178925300615,4.553717018017,
    11.279683484098));
#1326 = CARTESIAN_POINT('',(-2.117842066003,3.870391800298,
    11.379299161275));
#1327 = CARTESIAN_POINT('',(-3.485939229145,2.181609394792,
    11.478905972212));
#1328 = CARTESIAN_POINT('',(-3.731578508879,0.267268575003,
    11.578515813514));
#1329 = CARTESIAN_POINT('',(-2.449637117536,-2.827611916557,
    11.777734573037));
#1330 = CARTESIAN_POINT('',(-0.922300847436,-4.007562902308,
    11.87734441434));
#1331 = CARTESIAN_POINT('',(1.239241419437,-4.234317011298,
    11.976951225263));
#1332 = CARTESIAN_POINT('',(3.346480248958,-3.093452311356,
    12.076566902482));
#1333 = CARTESIAN_POINT('',(4.318488958081,-0.903198825871,
    12.176167301135));
#1334 = CARTESIAN_POINT('',(3.922849265805,1.233884479185,
    12.275784554297));
#1335 = CARTESIAN_POINT('',(2.626698174024,2.663938853084,
    12.375389813929));
#1336 = CARTESIAN_POINT('',(-0.559220070456,3.699104402421,
    12.574610572608));
#1337 = CARTESIAN_POINT('',(-2.448391035038,3.304032219351,
    12.67421583231));
#1338 = CARTESIAN_POINT('',(-4.024620000009,1.807632134028,
    12.773833085334));
#1339 = CARTESIAN_POINT('',(-4.525643288772,-0.535635852417,
    12.873433484135));
#1340 = CARTESIAN_POINT('',(-3.491437364044,-2.697230586585,
    12.973049161259));
#1341 = CARTESIAN_POINT('',(-1.609429124496,-3.784300431249,
    13.072655972213));
#1342 = CARTESIAN_POINT('',(0.319769432453,-3.727446601789,
    13.172265813515));
#1343 = CARTESIAN_POINT('',(3.176006993737,-1.977142062171,
    13.371484573037));
#1344 = CARTESIAN_POINT('',(4.102502792491,-0.284024834793,
    13.471094414342));
#1345 = CARTESIAN_POINT('',(3.98832547391,1.886377417624,13.57070122525)
  );
#1346 = CARTESIAN_POINT('',(2.531861932655,3.7892020814,13.670316902515)
  );
#1347 = CARTESIAN_POINT('',(0.216518439553,4.406612618018,
    13.769917301093));
#1348 = CARTESIAN_POINT('',(-1.832362140024,3.681530423333,
    13.86953455433));
#1349 = CARTESIAN_POINT('',(-3.042047468936,2.177627311363,
    13.969139813915));
#1350 = CARTESIAN_POINT('',(-3.566080996342,-1.131002561739,
    14.168360572626));
#1351 = CARTESIAN_POINT('',(-2.880341358255,-2.935111791221,
    14.267965832264));
#1352 = CARTESIAN_POINT('',(-1.155787906138,-4.257846215238,
    14.367583085395));
#1353 = CARTESIAN_POINT('',(1.237007873054,-4.386133201957,
    14.467183484087));
#1354 = CARTESIAN_POINT('',(3.210204338541,-3.026512152495,
    14.566799161279));
#1355 = CARTESIAN_POINT('',(3.989479597366,-0.997619367763,
    14.666405972211));
#1356 = CARTESIAN_POINT('',(3.631532588675,0.89893365523,14.766015813514
    ));
#1357 = CARTESIAN_POINT('',(1.455963207478,3.446198238166,
    14.965234573037));
#1358 = CARTESIAN_POINT('',(-0.361244811902,4.096425448488,
    15.06484441434));
#1359 = CARTESIAN_POINT('',(-2.48706454328,3.644128126913,
    15.164451225267));
#1360 = CARTESIAN_POINT('',(-4.138621182923,1.907928710297,
    15.264066902471));
#1361 = CARTESIAN_POINT('',(-4.386230850624,-0.475493349213,
    15.363667301149));
#1362 = CARTESIAN_POINT('',(-3.349560083525,-2.385720963791,
    15.463284554287));
#1363 = CARTESIAN_POINT('',(-1.674936037167,-3.345250780103,
    15.562889813932));
#1364 = CARTESIAN_POINT('',(1.674936016365,-3.345248841013,
    15.762110572607));
#1365 = CARTESIAN_POINT('',(3.349560354054,-2.38572693356,
    15.861715832311));
#1366 = CARTESIAN_POINT('',(4.386230125612,-0.475484344228,
    15.961333085333));
#1367 = CARTESIAN_POINT('',(4.138621959021,1.907920654512,
    16.060933484135));
#1368 = CARTESIAN_POINT('',(2.487064167307,3.644132205608,16.16054916126
    ));
#1369 = CARTESIAN_POINT('',(0.361244911291,4.096424535469,
    16.260155972213));
#1370 = CARTESIAN_POINT('',(-1.455963148024,3.446198190864,
    16.359765813515));
#1371 = CARTESIAN_POINT('',(-3.631532644697,0.89893370655,
    16.558984573037));
#1372 = CARTESIAN_POINT('',(-3.989480514691,-0.99761941243,
    16.658594414342));
#1373 = CARTESIAN_POINT('',(-3.210200251224,-3.026511885762,
    16.758201225247));
#1374 = CARTESIAN_POINT('',(-1.237015951127,-4.386133695673,
    16.857816902522));
#1375 = CARTESIAN_POINT('',(1.155796913752,-4.257845522574,
    16.957417301083));
#1376 = CARTESIAN_POINT('',(2.880335419604,-2.935112457933,
    17.057034554338));
#1377 = CARTESIAN_POINT('',(3.566082914838,-1.131002278937,
    17.15663981391));
#1378 = CARTESIAN_POINT('',(3.042045556943,2.177626987476,
    17.355860572635));
#1379 = CARTESIAN_POINT('',(1.832367994063,3.681531624392,
    17.455465832237));
#1380 = CARTESIAN_POINT('',(-0.21652722038,4.406610493286,
    17.555083085432));
#1381 = CARTESIAN_POINT('',(-2.531854097355,3.789204108099,
    17.654683484058));
#1382 = CARTESIAN_POINT('',(-3.988329443619,1.886376408258,
    17.754299161292));
#1383 = CARTESIAN_POINT('',(-4.102501906257,-0.284024593807,
    17.85390597221));
#1384 = CARTESIAN_POINT('',(-3.176006956315,-1.977141996051,
    17.953515813514));
#1385 = CARTESIAN_POINT('',(-0.31976947438,-3.727446665147,
    18.152734573036));
#1386 = CARTESIAN_POINT('',(1.609429312112,-3.784301330299,
    18.252344414339));
#1387 = CARTESIAN_POINT('',(3.491436461223,-2.697226591323,
    18.351951225278));
#1388 = CARTESIAN_POINT('',(4.525645040042,-0.535643753766,
    18.451566902448));
#1389 = CARTESIAN_POINT('',(4.024617906836,1.807640922328,
    18.551167301177));
#1390 = CARTESIAN_POINT('',(2.448392622514,3.304026458162,
    18.650784554268));
#1391 = CARTESIAN_POINT('',(0.559219491028,3.699106253033,
    18.750389813934));
#1392 = CARTESIAN_POINT('',(-2.626697555026,2.663937015316,
    18.949610572621));
#1393 = CARTESIAN_POINT('',(-3.922851367849,1.233890073212,
    19.049215832263));
#1394 = CARTESIAN_POINT('',(-4.318485485879,-0.903207166134,
    19.148833085399));
#1395 = CARTESIAN_POINT('',(-3.346483476423,-3.093444889634,
    19.248433484084));
#1396 = CARTESIAN_POINT('',(-1.239239801495,-4.234320774202,
    19.34804916128));
#1397 = CARTESIAN_POINT('',(0.922300470777,-4.007562064689,
    19.447655972212));
#1398 = CARTESIAN_POINT('',(2.449637046375,-2.827611889941,
    19.547265813514));
#1399 = CARTESIAN_POINT('',(3.731578578017,0.267268543505,
    19.746484573037));
#1400 = CARTESIAN_POINT('',(3.485940087776,2.181609720742,19.84609441434
    ));
#1401 = CARTESIAN_POINT('',(2.117838261149,3.87039028358,19.945701225269
    ));
#1402 = CARTESIAN_POINT('',(-0.178917770471,4.553719983806,
    20.04531690247));
#1403 = CARTESIAN_POINT('',(-2.41497481224,3.692290841249,20.14491730115
    ));
#1404 = CARTESIAN_POINT('',(-3.646361399838,1.901385235004,
    20.244534554286));
#1405 = CARTESIAN_POINT('',(-3.741045318666,-2.633313670178E-02,
    20.344139813931));
#1406 = CARTESIAN_POINT('',(-2.22023350327,-3.011090111262,
    20.543360572613));
#1407 = CARTESIAN_POINT('',(-0.605029683704,-4.067577491433,
    20.642965832295));
#1408 = CARTESIAN_POINT('',(1.567647153865,-4.124025033574,
    20.742583085354));
#1409 = CARTESIAN_POINT('',(3.578864802195,-2.821361315223,
    20.84218348412));
#1410 = CARTESIAN_POINT('',(4.376049074409,-0.56158899801,
    20.941799161265));
#1411 = CARTESIAN_POINT('',(3.813942744753,1.537866249215,
    21.041405972214));
#1412 = CARTESIAN_POINT('',(2.409591634531,2.861813902739,
    21.141015813514));
#1413 = CARTESIAN_POINT('',(-0.847725522837,3.643826641897,
    21.340234573037));
#1414 = CARTESIAN_POINT('',(-2.700071657698,3.101743431116,
    21.439844414341));
#1415 = CARTESIAN_POINT('',(-4.154042252068,1.486301724299,
    21.539451225254));
#1416 = CARTESIAN_POINT('',(-4.469667228636,-0.889073745432,
    21.639066902505));
#1417 = CARTESIAN_POINT('',(-3.269047321142,-2.962844007406,
    21.738667301107));
#1418 = CARTESIAN_POINT('',(-1.30755943267,-3.898910822285,
    21.838284554315));
#1419 = CARTESIAN_POINT('',(0.611237355208,-3.690867432734,
    21.937889813926));
#1420 = CARTESIAN_POINT('',(3.321339635731,-1.721860473843,
    22.137110572598));
#1421 = CARTESIAN_POINT('',(4.112146357646,3.872854460792E-02,
    22.236715832347));
#1422 = CARTESIAN_POINT('',(3.828017398105,2.193486465925,
    22.336333085281));
#1423 = CARTESIAN_POINT('',(2.226767874869,3.976161185773,
    22.435933484178));
#1424 = CARTESIAN_POINT('',(-0.129889990407,4.410024523122,
    22.535549161241));
#1425 = CARTESIAN_POINT('',(-2.115564656711,3.526411496692,
    22.635155972216));
#1426 = CARTESIAN_POINT('',(-3.203523403003,1.932239236104,
    22.734765813515));
#1427 = CARTESIAN_POINT('',(-3.466351600687,-1.407308686357,
    22.933984573038));
#1428 = CARTESIAN_POINT('',(-2.641171557083,-3.152048869419,
    23.033594414345));
#1429 = CARTESIAN_POINT('',(-0.818167506253,-4.335407913819,
    23.133201225225));
#1430 = CARTESIAN_POINT('',(1.577337774127,-4.275556432359,
    23.232816902572));
#1431 = CARTESIAN_POINT('',(3.437758149984,-2.765309006596,
    23.33241730102));
#1432 = CARTESIAN_POINT('',(4.055456120544,-0.681537177599,
    23.432034554385));
#1433 = CARTESIAN_POINT('',(3.549808141329,1.181090881465,
    23.531639813892));
#1434 = CARTESIAN_POINT('',(1.181089524992,3.549806755446,
    23.730860572649));
#1435 = CARTESIAN_POINT('',(-0.681533147503,4.055460533151,
    23.830465832207));
#1436 = CARTESIAN_POINT('',(-2.765314861609,3.437751269796,
    23.93008308547));
#1437 = CARTESIAN_POINT('',(-4.275551284681,1.577344019225,
    24.029683484028));
#1438 = CARTESIAN_POINT('',(-4.335410532111,-0.818170656172,
    24.129299161304));
#1439 = CARTESIAN_POINT('',(-3.152048294089,-2.641170841212,
    24.228905972208));
#1440 = CARTESIAN_POINT('',(-1.407308694944,-3.466351525197,
    24.328515813513));
#1441 = CARTESIAN_POINT('',(1.932239239424,-3.203523478904,
    24.527734573036));
#1442 = CARTESIAN_POINT('',(3.526412176921,-2.115565273782,
    24.627344414338));
#1443 = CARTESIAN_POINT('',(4.4100214444,-0.129887288836,24.726951225286
    ));
#1444 = CARTESIAN_POINT('',(3.976167246811,2.22676251192,24.826566902429
    ));
#1445 = CARTESIAN_POINT('',(2.193479606949,3.828023277639,
    24.926167301201));
#1446 = CARTESIAN_POINT('',(3.873321520468E-02,4.112142629856,
    25.025784554253));
#1447 = CARTESIAN_POINT('',(-1.72186203037,3.321340792322,
    25.125389813937));
#1448 = CARTESIAN_POINT('',(-3.690865851733,0.611236232256,
    25.32461057263));
#1449 = CARTESIAN_POINT('',(-3.898915810993,-1.307556142525,
    25.424215832234));
#1450 = CARTESIAN_POINT('',(-2.962836296007,-3.269052027705,
    25.523833085441));
#1451 = CARTESIAN_POINT('',(-0.889080718921,-4.469663121337,
    25.62343348405));
#1452 = CARTESIAN_POINT('',(1.486305245037,-4.154044345346,
    25.723049161294));
#1453 = CARTESIAN_POINT('',(3.101742634051,-2.700071201439,
    25.82265597221));
#1454 = CARTESIAN_POINT('',(3.643826568682,-0.847725543129,
    25.922265813513));
#1455 = CARTESIAN_POINT('',(2.861813977187,2.409591649686,
    26.121484573037));
#1456 = CARTESIAN_POINT('',(1.537866752274,3.813943513143,
    26.221094414338));
#1457 = CARTESIAN_POINT('',(-0.561591184698,4.376045610934,
    26.320701225281));
#1458 = CARTESIAN_POINT('',(-2.821356966458,3.578871627645,
    26.420316902442));
#1459 = CARTESIAN_POINT('',(-4.124029767747,1.567639459481,
    26.519917301185));
#1460 = CARTESIAN_POINT('',(-4.067574540168,-0.605024487402,
    26.619534554259));
#1461 = CARTESIAN_POINT('',(-3.011091010125,-2.220235221569,
    26.719139813945));
#1462 = CARTESIAN_POINT('',(-2.63322749105E-02,-3.741043581484,
    26.918360572589));
#1463 = CARTESIAN_POINT('',(1.901382765842,-3.646366841766,
    27.017965832358));
#1464 = CARTESIAN_POINT('',(3.692294283415,-2.414966459567,
    27.117583085272));
#1465 = CARTESIAN_POINT('',(4.553717018082,-0.178925300601,
    27.217183484182));
#1466 = CARTESIAN_POINT('',(3.870391800268,2.117842066004,
    27.316799161241));
#1467 = CARTESIAN_POINT('',(2.181609394796,3.485939229139,
    27.416405972215));
#1468 = CARTESIAN_POINT('',(0.267268575005,3.731578508881,
    27.516015813516));
#1469 = CARTESIAN_POINT('',(-2.827611916559,2.449637117535,
    27.715234573037));
#1470 = CARTESIAN_POINT('',(-4.007562902311,0.922300847433,
    27.814844414345));
#1471 = CARTESIAN_POINT('',(-4.234317011271,-1.239241419423,
    27.914451225233));
#1472 = CARTESIAN_POINT('',(-3.093452311419,-3.346480248982,
    28.01406690255));
#1473 = CARTESIAN_POINT('',(-0.903198825798,-4.31848895806,
    28.113667301049));
#1474 = CARTESIAN_POINT('',(1.233884479136,-3.922849265812,
    28.21328455436));
#1475 = CARTESIAN_POINT('',(2.663938853099,-2.626698174026,
    28.312889813907));
#1476 = CARTESIAN_POINT('',(3.699104402412,0.559220070459,
    28.512110572622));
#1477 = CARTESIAN_POINT('',(3.304032219368,2.448391035028,
    28.611715832281));
#1478 = CARTESIAN_POINT('',(1.807632134007,4.024620000026,
    28.711333085372));
#1479 = CARTESIAN_POINT('',(-0.535635852402,4.525643288757,
    28.810933484104));
#1480 = CARTESIAN_POINT('',(-2.697230586591,3.491437364051,
    28.910549161274));
#1481 = CARTESIAN_POINT('',(-3.784300431249,1.609429124495,
    29.01015597221));
#1482 = CARTESIAN_POINT('',(-3.727446601789,-0.319769432454,
    29.109765813515));
#1483 = CARTESIAN_POINT('',(-1.977142062171,-3.176006993736,
    29.308984573036));
#1484 = CARTESIAN_POINT('',(-0.284024834796,-4.102502792491,
    29.408594414342));
#1485 = CARTESIAN_POINT('',(1.886377417633,-3.988325473922,
    29.508201225263));
#1486 = CARTESIAN_POINT('',(3.789202081385,-2.531861932628,
    29.607816902481));
#1487 = CARTESIAN_POINT('',(4.406612618031,-0.216518439586,
    29.707417301137));
#1488 = CARTESIAN_POINT('',(3.681530423328,1.832362140048,
    29.807034554297));
#1489 = CARTESIAN_POINT('',(2.177627311363,3.042047468928,
    29.906639813926));
#1490 = CARTESIAN_POINT('',(-1.131002561738,3.566080996345,
    30.10586057262));
#1491 = CARTESIAN_POINT('',(-2.935111791224,2.880341358254,
    30.205465832271));
#1492 = CARTESIAN_POINT('',(-4.257846215234,1.155787906137,
    30.305083085388));
#1493 = CARTESIAN_POINT('',(-4.386133201961,-1.237007873051,
    30.404683484091));
#1494 = CARTESIAN_POINT('',(-3.026512152494,-3.210204338544,
    30.504299161278));
#1495 = CARTESIAN_POINT('',(-0.997619367763,-3.989479597364,
    30.603905972211));
#1496 = CARTESIAN_POINT('',(0.89893365523,-3.631532588675,
    30.703515813514));
#1497 = CARTESIAN_POINT('',(3.446198238165,-1.455963207478,
    30.902734573036));
#1498 = CARTESIAN_POINT('',(4.096425448489,0.361244811902,31.00234441434
    ));
#1499 = CARTESIAN_POINT('',(3.644128126912,2.487064543277,
    31.101951225268));
#1500 = CARTESIAN_POINT('',(1.907928710299,4.138621182931,31.20156690247
    ));
#1501 = CARTESIAN_POINT('',(-0.475493349216,4.386230850614,
    31.301167301148));
#1502 = CARTESIAN_POINT('',(-2.385720963786,3.349560083532,
    31.400784554291));
#1503 = CARTESIAN_POINT('',(-3.34525078011,1.674936037165,
    31.500389813924));
#1504 = CARTESIAN_POINT('',(-3.345248840993,-1.674936016365,
    31.699610572636));
#1505 = CARTESIAN_POINT('',(-2.385726933618,-3.349560354038,
    31.799215832221));
#1506 = CARTESIAN_POINT('',(-0.475484344149,-4.386230125651,
    31.898833085458));
#1507 = CARTESIAN_POINT('',(1.907920654451,-4.13862195898,
    31.998433484036));
#1508 = CARTESIAN_POINT('',(3.644132205631,-2.48706416733,
    32.098049161301));
#1509 = CARTESIAN_POINT('',(4.09642453547,-0.361244911286,
    32.197655972208));
#1510 = CARTESIAN_POINT('',(3.446198190861,1.455963148026,
    32.297265813514));
#1511 = CARTESIAN_POINT('',(0.898933706552,3.631532644694,
    32.496484573036));
#1512 = CARTESIAN_POINT('',(-0.997619412424,3.989480514695,
    32.596094414336));
#1513 = CARTESIAN_POINT('',(-3.026511885793,3.210200251235,
    32.695701225295));
#1514 = CARTESIAN_POINT('',(-4.386133695612,1.237015951087,
    32.795316902408));
#1515 = CARTESIAN_POINT('',(-4.257845522639,-1.155796913691,
    32.894917301229));
#1516 = CARTESIAN_POINT('',(-2.935112457896,-2.880335419654,
    32.994534554228));
#1517 = CARTESIAN_POINT('',(-1.131002278945,-3.566082914815,
    33.094139813952));
#1518 = CARTESIAN_POINT('',(2.177626987479,-3.042045556964,
    33.293360572598));
#1519 = CARTESIAN_POINT('',(3.681531624399,-1.832367994011,
    33.392965832325));
#1520 = CARTESIAN_POINT('',(4.406610493265,0.216527220311,
    33.492583085316));
#1521 = CARTESIAN_POINT('',(3.789204108123,2.531854097407,
    33.592183484148));
#1522 = CARTESIAN_POINT('',(1.886376408244,3.9883294436,33.691799161253)
  );
#1523 = CARTESIAN_POINT('',(-0.284024593804,4.102501906257,
    33.791405972215));
#1524 = CARTESIAN_POINT('',(-1.97714199605,3.176006956317,
    33.891015813515));
#1525 = CARTESIAN_POINT('',(-3.727446665149,0.319769474378,
    34.090234573038));
#1526 = CARTESIAN_POINT('',(-3.784301330295,-1.609429312114,
    34.189844414342));
#1527 = CARTESIAN_POINT('',(-2.697226591319,-3.491436461203,
    34.28945122524));
#1528 = CARTESIAN_POINT('',(-0.535643753792,-4.525645040087,
    34.38906690254));
#1529 = CARTESIAN_POINT('',(1.807640922371,-4.024617906784,
    34.488667301061));
#1530 = CARTESIAN_POINT('',(3.304026458125,-2.448392622543,
    34.588284554352));
#1531 = CARTESIAN_POINT('',(3.699106253048,-0.559219491021,
    34.687889813911));
#1532 = CARTESIAN_POINT('',(2.66393701532,2.626697555029,34.887110572614
    ));
#1533 = CARTESIAN_POINT('',(1.233890073183,3.922851367844,
    34.986715832307));
#1534 = CARTESIAN_POINT('',(-0.903207166088,4.318485485879,
    35.086333085332));
#1535 = CARTESIAN_POINT('',(-3.093444889673,3.346483476427,
    35.185933484139));
#1536 = CARTESIAN_POINT('',(-4.234320774186,1.239239801489,
    35.285549161257));
#1537 = CARTESIAN_POINT('',(-4.007562064689,-0.922300470776,
    35.385155972215));
#1538 = CARTESIAN_POINT('',(-2.827611889943,-2.449637046375,
    35.484765813514));
#1539 = CARTESIAN_POINT('',(0.267268543507,-3.731578578019,
    35.683984573039));
#1540 = CARTESIAN_POINT('',(2.181609720744,-3.485940087767,
    35.783594414343));
#1541 = CARTESIAN_POINT('',(3.870390283557,-2.117838261167,
    35.883201225232));
#1542 = CARTESIAN_POINT('',(4.553719983858,0.178917770486,
    35.982816902559));
#1543 = CARTESIAN_POINT('',(3.692290841188,2.41497481224,36.082417301036
    ));
#1544 = CARTESIAN_POINT('',(1.901385235041,3.646361399825,
    36.182034554371));
#1545 = CARTESIAN_POINT('',(-2.63331367106E-02,3.741045318677,
    36.281639813903));
#1546 = CARTESIAN_POINT('',(-3.011090111261,2.220233503266,
    36.480860572621));
#1547 = CARTESIAN_POINT('',(-4.067577491433,0.605029683705,
    36.58046583229));
#1548 = CARTESIAN_POINT('',(-4.124025033572,-1.567647153863,
    36.680083085356));
#1549 = CARTESIAN_POINT('',(-2.821361315225,-3.578864802197,
    36.779683484119));
#1550 = CARTESIAN_POINT('',(-0.561588998008,-4.376049074408,
    36.879299161265));
#1551 = CARTESIAN_POINT('',(1.537866249214,-3.813942744753,
    36.978905972213));
#1552 = CARTESIAN_POINT('',(2.861813902739,-2.409591634531,
    37.078515813514));
#1553 = CARTESIAN_POINT('',(3.643826641897,0.847725522837,
    37.277734573038));
#1554 = CARTESIAN_POINT('',(3.101743431113,2.700071657697,
    37.377344414341));
#1555 = CARTESIAN_POINT('',(1.48630172431,4.15404225207,37.476951225252)
  );
#1556 = CARTESIAN_POINT('',(-0.889073745448,4.469667228633,
    37.57656690251));
#1557 = CARTESIAN_POINT('',(-2.962844007391,3.269047321143,
    37.676167301099));
#1558 = CARTESIAN_POINT('',(-3.898910822292,1.307559432671,
    37.775784554322));
#1559 = CARTESIAN_POINT('',(-3.690867432735,-0.611237355211,
    37.875389813922));
#1560 = CARTESIAN_POINT('',(-1.721860473839,-3.321339635727,
    38.074610572604));
#1561 = CARTESIAN_POINT('',(3.872854459494E-02,-4.112146357656,
    38.174215832327));
#1562 = CARTESIAN_POINT('',(2.193486465944,-3.828017398092,
    38.27383308531));
#1563 = CARTESIAN_POINT('',(3.976161185757,-2.226767874879,
    38.373433484153));
#1564 = CARTESIAN_POINT('',(4.410024523129,0.129889990412,
    38.473049161253));
#1565 = CARTESIAN_POINT('',(3.526411496692,2.11556465671,38.572655972213
    ));
#1566 = CARTESIAN_POINT('',(1.932239236104,3.203523403003,
    38.672265813516));
#1567 = CARTESIAN_POINT('',(-1.407308686356,3.466351600686,
    38.871484573037));
#1568 = CARTESIAN_POINT('',(-3.152048869417,2.641171557087,
    38.971094414345));
#1569 = CARTESIAN_POINT('',(-4.335407913834,0.818167506245,
    39.070701225238));
#1570 = CARTESIAN_POINT('',(-4.275556432325,-1.577337774118,
    39.170316902536));
#1571 = CARTESIAN_POINT('',(-2.765309006635,-3.437758149988,
    39.26991730107));
#1572 = CARTESIAN_POINT('',(-0.681537177571,-4.055456120547,
    39.369534554343));
#1573 = CARTESIAN_POINT('',(1.181090881455,-3.549808141322,
    39.469139813914));
#1574 = CARTESIAN_POINT('',(3.54980675546,-1.181089525008,
    39.668360572612));
#1575 = CARTESIAN_POINT('',(4.055460533127,0.681533147562,
    39.767965832307));
#1576 = CARTESIAN_POINT('',(3.437751269814,2.765314861517,
    39.867583085336));
#1577 = CARTESIAN_POINT('',(1.577344019223,4.27555128476,39.967183484132
    ));
#1578 = CARTESIAN_POINT('',(-0.818170656179,4.335410532076,
    40.066799161262));
#1579 = CARTESIAN_POINT('',(-2.641170841206,3.152048294092,
    40.166405972212));
#1580 = CARTESIAN_POINT('',(-3.466351525199,1.407308694947,
    40.266015813515));
#1581 = CARTESIAN_POINT('',(-3.203523478904,-1.932239239426,
    40.465234573037));
#1582 = CARTESIAN_POINT('',(-2.115565273778,-3.526412176923,
    40.564844414344));
#1583 = CARTESIAN_POINT('',(-0.129887288846,-4.41002144437,
    40.664451225244));
#1584 = CARTESIAN_POINT('',(2.226762511929,-3.976167246882,
    40.764066902525));
#1585 = CARTESIAN_POINT('',(3.828023277638,-2.193479606865,
    40.863667301078));
#1586 = CARTESIAN_POINT('',(4.112142629847,-3.873321526224E-02,
    40.963284554347));
#1587 = CARTESIAN_POINT('',(3.321340792332,1.721862030389,
    41.062889813897));
#1588 = CARTESIAN_POINT('',(0.611236232239,3.690865851712,
    41.262110572676));
#1589 = CARTESIAN_POINT('',(-1.307556142462,3.898915811034,
    41.361715832114));
#1590 = CARTESIAN_POINT('',(-3.269052027803,2.962836295966,41.4613330856
    ));
#1591 = CARTESIAN_POINT('',(-4.469663121251,0.889080718943,
    41.560933483926));
#1592 = CARTESIAN_POINT('',(-4.154044345385,-1.486305245038,
    41.660549161346));
#1593 = CARTESIAN_POINT('',(-2.700071201434,-3.101742634057,
    41.760155972204));
#1594 = CARTESIAN_POINT('',(-0.847725543126,-3.643826568679,
    41.859765813511));
#1595 = CARTESIAN_POINT('',(2.409591649682,-2.861813977188,
    42.058984573035));
#1596 = CARTESIAN_POINT('',(3.813943513141,-1.537866752277,
    42.158594414333));
#1597 = CARTESIAN_POINT('',(4.376045610967,0.561591184702,
    42.258201225325));
#1598 = CARTESIAN_POINT('',(3.578871627567,2.821356966457,
    42.357816902339));
#1599 = CARTESIAN_POINT('',(1.567639459573,4.124029767738,
    42.457417301312));
#1600 = CARTESIAN_POINT('',(-0.60502448746,4.067574540182,
    42.557034554174));
#1601 = CARTESIAN_POINT('',(-2.220235221559,3.01109101012,42.65663981396
    ));
#1602 = CARTESIAN_POINT('',(-3.74104358146,2.633227489687E-02,
    42.855860572634));
#1603 = CARTESIAN_POINT('',(-3.646366841831,-1.901382765761,
    42.955465832201));
#1604 = CARTESIAN_POINT('',(-2.414966459494,-3.692294283557,
    43.05508308549));
#1605 = CARTESIAN_POINT('',(-0.178925300644,-4.55371701795,
    43.154683484011));
#1606 = CARTESIAN_POINT('',(2.117842066009,-3.870391800332,
    43.25429916131));
#1607 = CARTESIAN_POINT('',(3.485939229149,-2.181609394786,
    43.353905972209));
#1608 = CARTESIAN_POINT('',(3.731578508877,-0.267268575001,
    43.453515813512));
#1609 = CARTESIAN_POINT('',(2.449637117537,2.827611916555,
    43.652734573036));
#1610 = CARTESIAN_POINT('',(0.922300847438,4.007562902313,
    43.752344414336));
#1611 = CARTESIAN_POINT('',(-1.239241419443,4.234317011296,
    43.851951225291));
#1612 = CARTESIAN_POINT('',(-3.346480248951,3.093452311348,
    43.951566902419));
#1613 = CARTESIAN_POINT('',(-4.318488958081,0.903198825888,
    44.051167301208));
#1614 = CARTESIAN_POINT('',(-3.922849265812,-1.233884479196,
    44.150784554253));
#1615 = CARTESIAN_POINT('',(-2.62669817402,-2.663938853087,
    44.250389813927));
#1616 = CARTESIAN_POINT('',(0.559220070467,-3.699104402385,
    44.449610572667));
#1617 = CARTESIAN_POINT('',(2.448391034967,-3.304032219454,
    44.549215832119));
#1618 = CARTESIAN_POINT('',(4.024620000142,-1.807632133897,
    44.648833085601));
#1619 = CARTESIAN_POINT('',(4.525643288645,0.535635852326,
    44.748433483922));
#1620 = CARTESIAN_POINT('',(3.491437364107,2.697230586613,
    44.848049161349));
#1621 = CARTESIAN_POINT('',(1.609429124486,3.784300431255,
    44.947655972203));
#1622 = CARTESIAN_POINT('',(-0.319769432457,3.727446601784,
    45.047265813512));
#1623 = CARTESIAN_POINT('',(-3.176006993731,1.977142062173,
    45.246484573034));
#1624 = CARTESIAN_POINT('',(-4.102502792492,0.284024834805,
    45.346094414331));
#1625 = CARTESIAN_POINT('',(-3.98832547396,-1.886377417672,
    45.445701225339));
#1626 = CARTESIAN_POINT('',(-2.531861932526,-3.789202081313,
    45.545316902303));
#1627 = CARTESIAN_POINT('',(-0.216518439718,-4.406612618101,
    45.644917301362));
#1628 = CARTESIAN_POINT('',(1.832362140146,-3.681530423297,
    45.744534554128));
#1629 = CARTESIAN_POINT('',(3.04204746889,-2.177627311363,
    45.844139813993));
#1630 = CARTESIAN_POINT('',(3.566080996381,1.13100256173,46.043360572557
    ));
#1631 = CARTESIAN_POINT('',(2.880341358174,2.935111791274,
    46.142965832423));
#1632 = CARTESIAN_POINT('',(1.155787906235,4.257846215141,46.24258308519
    ));
#1633 = CARTESIAN_POINT('',(-1.237007873121,4.38613320205,
    46.342183484245));
#1634 = CARTESIAN_POINT('',(-3.210204338522,3.026512152448,
    46.441799161214));
#1635 = CARTESIAN_POINT('',(-3.98947959736,0.997619367771,
    46.541405972218));
#1636 = CARTESIAN_POINT('',(-3.631532588679,-0.898933655228,
    46.641015813517));
#1637 = CARTESIAN_POINT('',(-1.455963207476,-3.446198238169,
    46.840234573039));
#1638 = CARTESIAN_POINT('',(0.361244811909,-4.096425448488,
    46.939844414347));
#1639 = CARTESIAN_POINT('',(2.487064543239,-3.644128126881,
    47.039451225207));
#1640 = CARTESIAN_POINT('',(4.138621183002,-1.907928710384,
    47.139066902616));
#1641 = CARTESIAN_POINT('',(4.386230850543,0.475493349325,
    47.238667300962));
#1642 = CARTESIAN_POINT('',(3.349560083568,2.385720963705,
    47.338284554429));
#1643 = CARTESIAN_POINT('',(1.674936037161,3.345250780137,
    47.437889813875));
#1644 = CARTESIAN_POINT('',(-1.674936016368,3.345248840979,
    47.637110572662));
#1645 = CARTESIAN_POINT('',(-3.349560354022,2.38572693364,
    47.736715832176));
#1646 = CARTESIAN_POINT('',(-4.386230125679,0.475484344126,
    47.836333085512));
#1647 = CARTESIAN_POINT('',(-4.138621958953,-1.907920654438,
    47.935933483992));
#1648 = CARTESIAN_POINT('',(-2.487064167346,-3.644132205632,
    48.035549161324));
#1649 = CARTESIAN_POINT('',(-0.36124491128,-4.096424535475,
    48.135155972201));
#1650 = CARTESIAN_POINT('',(1.455963148024,-3.446198190857,
    48.234765813517));
#1651 = CARTESIAN_POINT('',(3.631532644697,-0.89893370656,
    48.433984573027));
#1652 = CARTESIAN_POINT('',(3.989480514679,0.997619412466,
    48.533594414381));
#1653 = CARTESIAN_POINT('',(3.210200251277,3.026511885689,
    48.633201225183));
#1654 = CARTESIAN_POINT('',(1.237015951017,4.386133695788,
    48.732816902598));
#1655 = CARTESIAN_POINT('',(-1.155796913605,4.257845522417,
    48.832417300985));
#1656 = CARTESIAN_POINT('',(-2.880335419734,2.935112458111,
    48.93203455447));
#1657 = CARTESIAN_POINT('',(-3.566082914761,1.131002278784,
    49.031639813764));
#1658 = CARTESIAN_POINT('',(-3.042045557076,-2.177626987134,
    49.230860573013));
#1659 = CARTESIAN_POINT('',(-1.832367993396,-3.68153162614,
    49.330465830268));
#1660 = CARTESIAN_POINT('',(0.216527218731,-4.406610489002,
    49.430083090252));
#1661 = CARTESIAN_POINT('',(2.531854100154,-3.789204115316,
    49.529683475963));
#1662 = CARTESIAN_POINT('',(3.988329440058,-1.886376399123,
    49.62929917151));
#1663 = CARTESIAN_POINT('',(4.102501909755,0.28402458485,49.728905962207
    ));
#1664 = CARTESIAN_POINT('',(3.176006953647,1.97714200288,49.828515821139
    ));
#1665 = CARTESIAN_POINT('',(0.319769480158,3.727446650352,
    50.027734556517));
#1666 = CARTESIAN_POINT('',(-1.609429341765,3.784301406249,
    50.127344499138));
#1667 = CARTESIAN_POINT('',(-3.491436388459,2.697226404931,
    50.226951017173));
#1668 = CARTESIAN_POINT('',(-4.52564516264,0.535644067821,
    50.326567253083));
#1669 = CARTESIAN_POINT('',(-4.024617751729,-1.807641319638,
    50.426166857588));
#1670 = CARTESIAN_POINT('',(-2.448392774514,-3.304026068851,
    50.525784988934));
#1671 = CARTESIAN_POINT('',(-0.559219375125,-3.699106549859,
    50.625389482521));
#1672 = CARTESIAN_POINT('',(1.033738964414,-3.181521461095,
    50.725000386531));
#1673 = PCURVE('',#1674,#2575);
#1674 = B_SPLINE_SURFACE_WITH_KNOTS('',1,8,(
    (#1675,#1676,#1677,#1678,#1679,#1680,#1681,#1682,#1683,#1684,#1685
      ,#1686,#1687,#1688,#1689,#1690,#1691,#1692,#1693,#1694,#1695,#1696
      ,#1697,#1698,#1699,#1700,#1701,#1702,#1703,#1704,#1705,#1706,#1707
      ,#1708,#1709,#1710,#1711,#1712,#1713,#1714,#1715,#1716,#1717,#1718
      ,#1719,#1720,#1721,#1722,#1723,#1724,#1725,#1726,#1727,#1728,#1729
      ,#1730,#1731,#1732,#1733,#1734,#1735,#1736,#1737,#1738,#1739,#1740
      ,#1741,#1742,#1743,#1744,#1745,#1746,#1747,#1748,#1749,#1750,#1751
      ,#1752,#1753,#1754,#1755,#1756,#1757,#1758,#1759,#1760,#1761,#1762
      ,#1763,#1764,#1765,#1766,#1767,#1768,#1769,#1770,#1771,#1772,#1773
      ,#1774,#1775,#1776,#1777,#1778,#1779,#1780,#1781,#1782,#1783,#1784
      ,#1785,#1786,#1787,#1788,#1789,#1790,#1791,#1792,#1793,#1794,#1795
      ,#1796,#1797,#1798,#1799,#1800,#1801,#1802,#1803,#1804,#1805,#1806
      ,#1807,#1808,#1809,#1810,#1811,#1812,#1813,#1814,#1815,#1816,#1817
      ,#1818,#1819,#1820,#1821,#1822,#1823,#1824,#1825,#1826,#1827,#1828
      ,#1829,#1830,#1831,#1832,#1833,#1834,#1835,#1836,#1837,#1838,#1839
      ,#1840,#1841,#1842,#1843,#1844,#1845,#1846,#1847,#1848,#1849,#1850
      ,#1851,#1852,#1853,#1854,#1855,#1856,#1857,#1858,#1859,#1860,#1861
      ,#1862,#1863,#1864,#1865,#1866,#1867,#1868,#1869,#1870,#1871,#1872
      ,#1873,#1874,#1875,#1876,#1877,#1878,#1879,#1880,#1881,#1882,#1883
      ,#1884,#1885,#1886,#1887,#1888,#1889,#1890,#1891,#1892,#1893,#1894
      ,#1895,#1896,#1897,#1898,#1899,#1900,#1901,#1902,#1903,#1904,#1905
      ,#1906,#1907,#1908,#1909,#1910,#1911,#1912,#1913,#1914,#1915,#1916
      ,#1917,#1918,#1919,#1920,#1921,#1922,#1923,#1924,#1925,#1926,#1927
      ,#1928,#1929,#1930,#1931,#1932,#1933,#1934,#1935,#1936,#1937,#1938
      ,#1939,#1940,#1941,#1942,#1943,#1944,#1945,#1946,#1947,#1948,#1949
      ,#1950,#1951,#1952,#1953,#1954,#1955,#1956,#1957,#1958,#1959,#1960
      ,#1961,#1962,#1963,#1964,#1965,#1966,#1967,#1968,#1969,#1970,#1971
      ,#1972,#1973,#1974,#1975,#1976,#1977,#1978,#1979,#1980,#1981,#1982
      ,#1983,#1984,#1985,#1986,#1987,#1988,#1989,#1990,#1991,#1992,#1993
      ,#1994,#1995,#1996,#1997,#1998,#1999,#2000,#2001,#2002,#2003,#2004
      ,#2005,#2006,#2007,#2008,#2009,#2010,#2011,#2012,#2013,#2014,#2015
      ,#2016,#2017,#2018,#2019,#2020,#2021,#2022,#2023,#2024,#2025,#2026
      ,#2027,#2028,#2029,#2030,#2031,#2032,#2033,#2034,#2035,#2036,#2037
      ,#2038,#2039,#2040,#2041,#2042,#2043,#2044,#2045,#2046,#2047,#2048
      ,#2049,#2050,#2051,#2052,#2053,#2054,#2055,#2056,#2057,#2058,#2059
      ,#2060,#2061,#2062,#2063,#2064,#2065,#2066,#2067,#2068,#2069,#2070
      ,#2071,#2072,#2073,#2074,#2075,#2076,#2077,#2078,#2079,#2080,#2081
      ,#2082,#2083,#2084,#2085,#2086,#2087,#2088,#2089,#2090,#2091,#2092
      ,#2093,#2094,#2095,#2096,#2097,#2098,#2099,#2100,#2101,#2102,#2103
      ,#2104,#2105,#2106,#2107,#2108,#2109,#2110,#2111,#2112,#2113,#2114
      ,#2115,#2116,#2117,#2118,#2119,#2120,#2121,#2122,#2123,#2124)
    ,(#2125,#2126,#2127,#2128,#2129,#2130,#2131,#2132,#2133,#2134,#2135
      ,#2136,#2137,#2138,#2139,#2140,#2141,#2142,#2143,#2144,#2145,#2146
      ,#2147,#2148,#2149,#2150,#2151,#2152,#2153,#2154,#2155,#2156,#2157
      ,#2158,#2159,#2160,#2161,#2162,#2163,#2164,#2165,#2166,#2167,#2168
      ,#2169,#2170,#2171,#2172,#2173,#2174,#2175,#2176,#2177,#2178,#2179
      ,#2180,#2181,#2182,#2183,#2184,#2185,#2186,#2187,#2188,#2189,#2190
      ,#2191,#2192,#2193,#2194,#2195,#2196,#2197,#2198,#2199,#2200,#2201
      ,#2202,#2203,#2204,#2205,#2206,#2207,#2208,#2209,#2210,#2211,#2212
      ,#2213,#2214,#2215,#2216,#2217,#2218,#2219,#2220,#2221,#2222,#2223
      ,#2224,#2225,#2226,#2227,#2228,#2229,#2230,#2231,#2232,#2233,#2234
      ,#2235,#2236,#2237,#2238,#2239,#2240,#2241,#2242,#2243,#2244,#2245
      ,#2246,#2247,#2248,#2249,#2250,#2251,#2252,#2253,#2254,#2255,#2256
      ,#2257,#2258,#2259,#2260,#2261,#2262,#2263,#2264,#2265,#2266,#2267
      ,#2268,#2269,#2270,#2271,#2272,#2273,#2274,#2275,#2276,#2277,#2278
      ,#2279,#2280,#2281,#2282,#2283,#2284,#2285,#2286,#2287,#2288,#2289
      ,#2290,#2291,#2292,#2293,#2294,#2295,#2296,#2297,#2298,#2299,#2300
      ,#2301,#2302,#2303,#2304,#2305,#2306,#2307,#2308,#2309,#2310,#2311
      ,#2312,#2313,#2314,#2315,#2316,#2317,#2318,#2319,#2320,#2321,#2322
      ,#2323,#2324,#2325,#2326,#2327,#2328,#2329,#2330,#2331,#2332,#2333
      ,#2334,#2335,#2336,#2337,#2338,#2339,#2340,#2341,#2342,#2343,#2344
      ,#2345,#2346,#2347,#2348,#2349,#2350,#2351,#2352,#2353,#2354,#2355
      ,#2356,#2357,#2358,#2359,#2360,#2361,#2362,#2363,#2364,#2365,#2366
      ,#2367,#2368,#2369,#2370,#2371,#2372,#2373,#2374,#2375,#2376,#2377
      ,#2378,#2379,#2380,#2381,#2382,#2383,#2384,#2385,#2386,#2387,#2388
      ,#2389,#2390,#2391,#2392,#2393,#2394,#2395,#2396,#2397,#2398,#2399
      ,#2400,#2401,#2402,#2403,#2404,#2405,#2406,#2407,#2408,#2409,#2410
      ,#2411,#2412,#2413,#2414,#2415,#2416,#2417,#2418,#2419,#2420,#2421
      ,#2422,#2423,#2424,#2425,#2426,#2427,#2428,#2429,#2430,#2431,#2432
      ,#2433,#2434,#2435,#2436,#2437,#2438,#2439,#2440,#2441,#2442,#2443
      ,#2444,#2445,#2446,#2447,#2448,#2449,#2450,#2451,#2452,#2453,#2454
      ,#2455,#2456,#2457,#2458,#2459,#2460,#2461,#2462,#2463,#2464,#2465
      ,#2466,#2467,#2468,#2469,#2470,#2471,#2472,#2473,#2474,#2475,#2476
      ,#2477,#2478,#2479,#2480,#2481,#2482,#2483,#2484,#2485,#2486,#2487
      ,#2488,#2489,#2490,#2491,#2492,#2493,#2494,#2495,#2496,#2497,#2498
      ,#2499,#2500,#2501,#2502,#2503,#2504,#2505,#2506,#2507,#2508,#2509
      ,#2510,#2511,#2512,#2513,#2514,#2515,#2516,#2517,#2518,#2519,#2520
      ,#2521,#2522,#2523,#2524,#2525,#2526,#2527,#2528,#2529,#2530,#2531
      ,#2532,#2533,#2534,#2535,#2536,#2537,#2538,#2539,#2540,#2541,#2542
      ,#2543,#2544,#2545,#2546,#2547,#2548,#2549,#2550,#2551,#2552,#2553
      ,#2554,#2555,#2556,#2557,#2558,#2559,#2560,#2561,#2562,#2563,#2564
      ,#2565,#2566,#2567,#2568,#2569,#2570,#2571,#2572,#2573,#2574
  )),.UNSPECIFIED.,.F.,.F.,.F.,(2,2),(9,7,7,7,7,7,7,7,7,7,7,7,7,7,7,7,7,
    7,7,7,7,7,7,7,7,7,7,7,7,7,7,7,7,7,7,7,7,7,7,7,7,7,7,7,7,7,7,7,7,7,7,
    7,7,7,7,7,7,7,7,7,7,7,7,7,9),(0.,0.728868986856),(0.,4.08402808758,
    8.168056175161,12.252084262741,16.336112350322,20.420140437902,
    24.504168525483,28.588196613063,32.672224700643,36.756252788224,
    40.840280875804,44.924308963385,49.008337050965,53.092365138546,
    57.176393226126,61.260421313707,65.344449401287,69.428477488867,
    73.512505576448,77.596533664028,81.680561751609,85.764589839189,
    89.84861792677,93.93264601435,98.01667410193,102.10070218951,
    106.18473027709,110.26875836467,114.35278645225,118.43681453983,
    122.52084262741,126.60487071499,130.68889880257,134.77292689015,
    138.85695497773,142.94098306531,147.02501115289,151.10903924047,
    155.19306732805,159.27709541563,163.36112350321,167.44515159079,
    171.52917967837,175.61320776595,179.69723585353,183.78126394112,
    187.8652920287,191.94932011628,196.03334820386,200.11737629144,
    204.20140437902,208.2854324666,212.36946055418,216.45348864176,
    220.53751672934,224.62154481692,228.7055729045,232.78960099208,
    236.87362907966,240.95765716724,245.04168525482,249.1257133424,
    253.20974142998,257.29376951756,261.37779760514),.UNSPECIFIED.);
#1675 = CARTESIAN_POINT('',(3.34525,-4.440892098501E-16,-0.275));
#1676 = CARTESIAN_POINT('',(3.345248516104,1.674935998532,
    -0.175389095912));
#1677 = CARTESIAN_POINT('',(2.38572735973,3.34956037743,
    -7.57846024864E-02));
#1678 = CARTESIAN_POINT('',(0.475483909287,4.386230101773,
    2.383352908339E-02));
#1679 = CARTESIAN_POINT('',(-1.907920310714,4.138621977857,
    0.123433133374));
#1680 = CARTESIAN_POINT('',(-3.644132409639,2.487064156126,
    0.223049369422));
#1681 = CARTESIAN_POINT('',(-4.09642445234,0.36124491585,0.322655887402)
  );
#1682 = CARTESIAN_POINT('',(-3.446198207055,-1.455963148914,
    0.422265830034));
#1683 = CARTESIAN_POINT('',(-0.898933699076,-3.631532644285,
    0.62148456541));
#1684 = CARTESIAN_POINT('',(0.997619402625,-3.989480515234,
    0.721094424343));
#1685 = CARTESIAN_POINT('',(3.026511895773,-3.21020025067,0.820701215058
    ));
#1686 = CARTESIAN_POINT('',(4.386133687754,-1.237015951562,
    0.920316910543));
#1687 = CARTESIAN_POINT('',(4.25784552728,1.155796914001,1.019917296355)
  );
#1688 = CARTESIAN_POINT('',(2.935112456014,2.88033541951,1.119534556245)
  );
#1689 = CARTESIAN_POINT('',(1.131002279312,3.566082914852,1.219139813546
    ));
#1690 = CARTESIAN_POINT('',(-2.177626987649,3.042045556938,
    1.418360572801));
#1691 = CARTESIAN_POINT('',(-3.681531624165,1.832367994068,
    1.517965832028));
#1692 = CARTESIAN_POINT('',(-4.406610493517,-0.216527220385,
    1.61758308564));
#1693 = CARTESIAN_POINT('',(-3.789204107916,-2.531854097349,
    1.717183483893));
#1694 = CARTESIAN_POINT('',(-1.886376408366,-3.988329443624,
    1.816799161392));
#1695 = CARTESIAN_POINT('',(0.284024593851,-4.102501906254,
    1.916405972166));
#1696 = CARTESIAN_POINT('',(1.977141996042,-3.176006956316,
    2.016015813522));
#1697 = CARTESIAN_POINT('',(3.727446665152,-0.319769474379,
    2.215234573033));
#1698 = CARTESIAN_POINT('',(3.784301330291,1.609429312112,2.314844414345
    ));
#1699 = CARTESIAN_POINT('',(2.697226591335,3.491436461219,2.414451225262
    ));
#1700 = CARTESIAN_POINT('',(0.535643753756,4.525645040053,2.514066902478
    ));
#1701 = CARTESIAN_POINT('',(-1.807640922324,4.024617906821,
    2.613667301141));
#1702 = CARTESIAN_POINT('',(-3.304026458159,2.448392622524,
    2.713284554294));
#1703 = CARTESIAN_POINT('',(-3.699106253038,0.559219491024,
    2.812889813926));
#1704 = CARTESIAN_POINT('',(-2.663937015314,-2.626697555024,
    3.012110572625));
#1705 = CARTESIAN_POINT('',(-1.233890073217,-3.922851367851,
    3.111715832257));
#1706 = CARTESIAN_POINT('',(0.903207166139,-4.318485485876,
    3.211333085406));
#1707 = CARTESIAN_POINT('',(3.09344488963,-3.346483476425,3.310933484079
    ));
#1708 = CARTESIAN_POINT('',(4.234320774203,-1.239239801493,
    3.410549161282));
#1709 = CARTESIAN_POINT('',(4.007562064689,0.922300470777,3.510155972211
    ));
#1710 = CARTESIAN_POINT('',(2.827611889941,2.449637046375,3.609765813514
    ));
#1711 = CARTESIAN_POINT('',(-0.267268543505,3.731578578017,
    3.808984573037));
#1712 = CARTESIAN_POINT('',(-2.181609720744,3.485940087773,3.90859441434
    ));
#1713 = CARTESIAN_POINT('',(-3.870390283573,2.117838261159,
    4.008201225266));
#1714 = CARTESIAN_POINT('',(-4.553719983819,-0.178917770488,
    4.107816902476));
#1715 = CARTESIAN_POINT('',(-3.692290841234,-2.414974812224,
    4.207417301141));
#1716 = CARTESIAN_POINT('',(-1.901385235013,-3.646361399845,
    4.307034554296));
#1717 = CARTESIAN_POINT('',(2.633313670405E-02,-3.741045318668,
    4.406639813924));
#1718 = CARTESIAN_POINT('',(3.011090111257,-2.220233503258,
    4.605860572631));
#1719 = CARTESIAN_POINT('',(4.067577491438,-0.605029683744,
    4.705465832241));
#1720 = CARTESIAN_POINT('',(4.124025033574,1.567647153924,4.805083085428
    ));
#1721 = CARTESIAN_POINT('',(2.821361315216,3.578864802145,4.904683484061
    ));
#1722 = CARTESIAN_POINT('',(0.561588998017,4.376049074431,5.00429916129)
  );
#1723 = CARTESIAN_POINT('',(-1.537866249218,3.813942744751,
    5.103905972211));
#1724 = CARTESIAN_POINT('',(-2.861813902739,2.40959163453,5.203515813513
    ));
#1725 = CARTESIAN_POINT('',(-3.643826641897,-0.847725522835,
    5.402734573037));
#1726 = CARTESIAN_POINT('',(-3.101743431118,-2.700071657699,
    5.502344414339));
#1727 = CARTESIAN_POINT('',(-1.486301724301,-4.154042252073,
    5.601951225273));
#1728 = CARTESIAN_POINT('',(0.889073745442,-4.469667228622,5.70156690246
    ));
#1729 = CARTESIAN_POINT('',(2.962844007389,-3.269047321157,
    5.801167301162));
#1730 = CARTESIAN_POINT('',(3.8989108223,-1.307559432662,5.90078455428)
  );
#1731 = CARTESIAN_POINT('',(3.69086743273,0.611237355209,6.000389813931)
  );
#1732 = CARTESIAN_POINT('',(1.721860473831,3.321339635719,6.199610572622
    ));
#1733 = CARTESIAN_POINT('',(-3.872854455628E-02,4.112146357669,
    6.299215832263));
#1734 = CARTESIAN_POINT('',(-2.193486466007,3.828017398087,
    6.398833085399));
#1735 = CARTESIAN_POINT('',(-3.976161185703,2.226767874874,
    6.498433484083));
#1736 = CARTESIAN_POINT('',(-4.410024523153,-0.129889990403,
    6.598049161281));
#1737 = CARTESIAN_POINT('',(-3.52641149669,-2.115564656715,
    6.697655972211));
#1738 = CARTESIAN_POINT('',(-1.932239236101,-3.203523403002,
    6.797265813514));
#1739 = CARTESIAN_POINT('',(1.407308686354,-3.466351600686,
    6.996484573037));
#1740 = CARTESIAN_POINT('',(3.152048869418,-2.641171557088,7.09609441434
    ));
#1741 = CARTESIAN_POINT('',(4.335407913844,-0.818167506247,
    7.195701225266));
#1742 = CARTESIAN_POINT('',(4.275556432298,1.577337774128,7.295316902476
    ));
#1743 = CARTESIAN_POINT('',(2.765309006668,3.437758149971,7.394917301141
    ));
#1744 = CARTESIAN_POINT('',(0.681537177551,4.055456120563,7.494534554295
    ));
#1745 = CARTESIAN_POINT('',(-1.181090881451,3.549808141318,
    7.594139813925));
#1746 = CARTESIAN_POINT('',(-3.549806755453,1.181089525001,
    7.793360572625));
#1747 = CARTESIAN_POINT('',(-4.055460533142,-0.68153314753,
    7.892965832258));
#1748 = CARTESIAN_POINT('',(-3.437751269802,-2.765314861569,
    7.992583085405));
#1749 = CARTESIAN_POINT('',(-1.577344019226,-4.275551284715,
    8.092183484079));
#1750 = CARTESIAN_POINT('',(0.818170656175,-4.335410532096,
    8.191799161283));
#1751 = CARTESIAN_POINT('',(2.641170841209,-3.15204829409,8.291405972211
    ));
#1752 = CARTESIAN_POINT('',(3.466351525198,-1.407308694945,
    8.391015813514));
#1753 = CARTESIAN_POINT('',(3.203523478904,1.932239239425,8.590234573037
    ));
#1754 = CARTESIAN_POINT('',(2.115565273779,3.526412176924,8.689844414339
    ));
#1755 = CARTESIAN_POINT('',(0.129887288843,4.410021444379,8.789451225269
    ));
#1756 = CARTESIAN_POINT('',(-2.226762511927,3.976167246857,8.88906690247
    ));
#1757 = CARTESIAN_POINT('',(-3.828023277636,2.193479606899,
    8.988667301148));
#1758 = CARTESIAN_POINT('',(-4.112142629853,3.873321523313E-02,
    9.088284554289));
#1759 = CARTESIAN_POINT('',(-3.321340792323,-1.721862030373,
    9.187889813929));
#1760 = CARTESIAN_POINT('',(-0.61123623226,-3.690865851739,
    9.387110572619));
#1761 = CARTESIAN_POINT('',(1.307556142548,-3.898915810977,
    9.486715832276));
#1762 = CARTESIAN_POINT('',(3.269052027665,-2.962836296024,
    9.586333085381));
#1763 = CARTESIAN_POINT('',(4.469663121373,-0.889080718912,
    9.685933484098));
#1764 = CARTESIAN_POINT('',(4.154044345329,1.486305245037,9.785549161274
    ));
#1765 = CARTESIAN_POINT('',(2.700071201442,3.101742634049,9.885155972213
    ));
#1766 = CARTESIAN_POINT('',(0.84772554313,3.643826568683,9.984765813514)
  );
#1767 = CARTESIAN_POINT('',(-2.409591649687,2.861813977187,
    10.183984573037));
#1768 = CARTESIAN_POINT('',(-3.813943513141,1.537866752271,
    10.28359441434));
#1769 = CARTESIAN_POINT('',(-4.376045610932,-0.561591184688,
    10.38320122526));
#1770 = CARTESIAN_POINT('',(-3.578871627658,-2.821356966471,
    10.482816902491));
#1771 = CARTESIAN_POINT('',(-1.56763945946,-4.124029767737,
    10.582417301123));
#1772 = CARTESIAN_POINT('',(0.605024487383,-4.067574540169,
    10.682034554308));
#1773 = CARTESIAN_POINT('',(2.220235221579,-3.011091010129,
    10.781639813922));
#1774 = CARTESIAN_POINT('',(3.74104358147,-2.633227490095E-02,
    10.980860572621));
#1775 = CARTESIAN_POINT('',(3.646366841794,1.901382765799,
    11.080465832275));
#1776 = CARTESIAN_POINT('',(2.414966459539,3.692294283486,
    11.180083085382));
#1777 = CARTESIAN_POINT('',(0.178925300615,4.553717018017,
    11.279683484098));
#1778 = CARTESIAN_POINT('',(-2.117842066003,3.870391800298,
    11.379299161275));
#1779 = CARTESIAN_POINT('',(-3.485939229145,2.181609394792,
    11.478905972212));
#1780 = CARTESIAN_POINT('',(-3.731578508879,0.267268575003,
    11.578515813514));
#1781 = CARTESIAN_POINT('',(-2.449637117536,-2.827611916557,
    11.777734573037));
#1782 = CARTESIAN_POINT('',(-0.922300847436,-4.007562902308,
    11.87734441434));
#1783 = CARTESIAN_POINT('',(1.239241419437,-4.234317011298,
    11.976951225263));
#1784 = CARTESIAN_POINT('',(3.346480248958,-3.093452311356,
    12.076566902482));
#1785 = CARTESIAN_POINT('',(4.318488958081,-0.903198825871,
    12.176167301135));
#1786 = CARTESIAN_POINT('',(3.922849265805,1.233884479185,
    12.275784554297));
#1787 = CARTESIAN_POINT('',(2.626698174024,2.663938853084,
    12.375389813929));
#1788 = CARTESIAN_POINT('',(-0.559220070456,3.699104402421,
    12.574610572608));
#1789 = CARTESIAN_POINT('',(-2.448391035038,3.304032219351,
    12.67421583231));
#1790 = CARTESIAN_POINT('',(-4.024620000009,1.807632134028,
    12.773833085334));
#1791 = CARTESIAN_POINT('',(-4.525643288772,-0.535635852417,
    12.873433484135));
#1792 = CARTESIAN_POINT('',(-3.491437364044,-2.697230586585,
    12.973049161259));
#1793 = CARTESIAN_POINT('',(-1.609429124496,-3.784300431249,
    13.072655972213));
#1794 = CARTESIAN_POINT('',(0.319769432453,-3.727446601789,
    13.172265813515));
#1795 = CARTESIAN_POINT('',(3.176006993737,-1.977142062171,
    13.371484573037));
#1796 = CARTESIAN_POINT('',(4.102502792491,-0.284024834793,
    13.471094414342));
#1797 = CARTESIAN_POINT('',(3.98832547391,1.886377417624,13.57070122525)
  );
#1798 = CARTESIAN_POINT('',(2.531861932655,3.7892020814,13.670316902515)
  );
#1799 = CARTESIAN_POINT('',(0.216518439553,4.406612618018,
    13.769917301093));
#1800 = CARTESIAN_POINT('',(-1.832362140024,3.681530423333,
    13.86953455433));
#1801 = CARTESIAN_POINT('',(-3.042047468936,2.177627311363,
    13.969139813915));
#1802 = CARTESIAN_POINT('',(-3.566080996342,-1.131002561739,
    14.168360572626));
#1803 = CARTESIAN_POINT('',(-2.880341358255,-2.935111791221,
    14.267965832264));
#1804 = CARTESIAN_POINT('',(-1.155787906138,-4.257846215238,
    14.367583085395));
#1805 = CARTESIAN_POINT('',(1.237007873054,-4.386133201957,
    14.467183484087));
#1806 = CARTESIAN_POINT('',(3.210204338541,-3.026512152495,
    14.566799161279));
#1807 = CARTESIAN_POINT('',(3.989479597366,-0.997619367763,
    14.666405972211));
#1808 = CARTESIAN_POINT('',(3.631532588675,0.89893365523,14.766015813514
    ));
#1809 = CARTESIAN_POINT('',(1.455963207478,3.446198238166,
    14.965234573037));
#1810 = CARTESIAN_POINT('',(-0.361244811902,4.096425448488,
    15.06484441434));
#1811 = CARTESIAN_POINT('',(-2.48706454328,3.644128126913,
    15.164451225267));
#1812 = CARTESIAN_POINT('',(-4.138621182923,1.907928710297,
    15.264066902471));
#1813 = CARTESIAN_POINT('',(-4.386230850624,-0.475493349213,
    15.363667301149));
#1814 = CARTESIAN_POINT('',(-3.349560083525,-2.385720963791,
    15.463284554287));
#1815 = CARTESIAN_POINT('',(-1.674936037167,-3.345250780103,
    15.562889813932));
#1816 = CARTESIAN_POINT('',(1.674936016365,-3.345248841013,
    15.762110572607));
#1817 = CARTESIAN_POINT('',(3.349560354054,-2.38572693356,
    15.861715832311));
#1818 = CARTESIAN_POINT('',(4.386230125612,-0.475484344228,
    15.961333085333));
#1819 = CARTESIAN_POINT('',(4.138621959021,1.907920654512,
    16.060933484135));
#1820 = CARTESIAN_POINT('',(2.487064167307,3.644132205608,16.16054916126
    ));
#1821 = CARTESIAN_POINT('',(0.361244911291,4.096424535469,
    16.260155972213));
#1822 = CARTESIAN_POINT('',(-1.455963148024,3.446198190864,
    16.359765813515));
#1823 = CARTESIAN_POINT('',(-3.631532644697,0.89893370655,
    16.558984573037));
#1824 = CARTESIAN_POINT('',(-3.989480514691,-0.99761941243,
    16.658594414342));
#1825 = CARTESIAN_POINT('',(-3.210200251224,-3.026511885762,
    16.758201225247));
#1826 = CARTESIAN_POINT('',(-1.237015951127,-4.386133695673,
    16.857816902522));
#1827 = CARTESIAN_POINT('',(1.155796913752,-4.257845522574,
    16.957417301083));
#1828 = CARTESIAN_POINT('',(2.880335419604,-2.935112457933,
    17.057034554338));
#1829 = CARTESIAN_POINT('',(3.566082914838,-1.131002278937,
    17.15663981391));
#1830 = CARTESIAN_POINT('',(3.042045556943,2.177626987476,
    17.355860572635));
#1831 = CARTESIAN_POINT('',(1.832367994063,3.681531624392,
    17.455465832237));
#1832 = CARTESIAN_POINT('',(-0.21652722038,4.406610493286,
    17.555083085432));
#1833 = CARTESIAN_POINT('',(-2.531854097355,3.789204108099,
    17.654683484058));
#1834 = CARTESIAN_POINT('',(-3.988329443619,1.886376408258,
    17.754299161292));
#1835 = CARTESIAN_POINT('',(-4.102501906257,-0.284024593807,
    17.85390597221));
#1836 = CARTESIAN_POINT('',(-3.176006956315,-1.977141996051,
    17.953515813514));
#1837 = CARTESIAN_POINT('',(-0.31976947438,-3.727446665147,
    18.152734573036));
#1838 = CARTESIAN_POINT('',(1.609429312112,-3.784301330299,
    18.252344414339));
#1839 = CARTESIAN_POINT('',(3.491436461223,-2.697226591323,
    18.351951225278));
#1840 = CARTESIAN_POINT('',(4.525645040042,-0.535643753766,
    18.451566902448));
#1841 = CARTESIAN_POINT('',(4.024617906836,1.807640922328,
    18.551167301177));
#1842 = CARTESIAN_POINT('',(2.448392622514,3.304026458162,
    18.650784554268));
#1843 = CARTESIAN_POINT('',(0.559219491028,3.699106253033,
    18.750389813934));
#1844 = CARTESIAN_POINT('',(-2.626697555026,2.663937015316,
    18.949610572621));
#1845 = CARTESIAN_POINT('',(-3.922851367849,1.233890073212,
    19.049215832263));
#1846 = CARTESIAN_POINT('',(-4.318485485879,-0.903207166134,
    19.148833085399));
#1847 = CARTESIAN_POINT('',(-3.346483476423,-3.093444889634,
    19.248433484084));
#1848 = CARTESIAN_POINT('',(-1.239239801495,-4.234320774202,
    19.34804916128));
#1849 = CARTESIAN_POINT('',(0.922300470777,-4.007562064689,
    19.447655972212));
#1850 = CARTESIAN_POINT('',(2.449637046375,-2.827611889941,
    19.547265813514));
#1851 = CARTESIAN_POINT('',(3.731578578017,0.267268543505,
    19.746484573037));
#1852 = CARTESIAN_POINT('',(3.485940087776,2.181609720742,19.84609441434
    ));
#1853 = CARTESIAN_POINT('',(2.117838261149,3.87039028358,19.945701225269
    ));
#1854 = CARTESIAN_POINT('',(-0.178917770471,4.553719983806,
    20.04531690247));
#1855 = CARTESIAN_POINT('',(-2.41497481224,3.692290841249,20.14491730115
    ));
#1856 = CARTESIAN_POINT('',(-3.646361399838,1.901385235004,
    20.244534554286));
#1857 = CARTESIAN_POINT('',(-3.741045318666,-2.633313670178E-02,
    20.344139813931));
#1858 = CARTESIAN_POINT('',(-2.22023350327,-3.011090111262,
    20.543360572613));
#1859 = CARTESIAN_POINT('',(-0.605029683704,-4.067577491433,
    20.642965832295));
#1860 = CARTESIAN_POINT('',(1.567647153865,-4.124025033574,
    20.742583085354));
#1861 = CARTESIAN_POINT('',(3.578864802195,-2.821361315223,
    20.84218348412));
#1862 = CARTESIAN_POINT('',(4.376049074409,-0.56158899801,
    20.941799161265));
#1863 = CARTESIAN_POINT('',(3.813942744753,1.537866249215,
    21.041405972214));
#1864 = CARTESIAN_POINT('',(2.409591634531,2.861813902739,
    21.141015813514));
#1865 = CARTESIAN_POINT('',(-0.847725522837,3.643826641897,
    21.340234573037));
#1866 = CARTESIAN_POINT('',(-2.700071657698,3.101743431116,
    21.439844414341));
#1867 = CARTESIAN_POINT('',(-4.154042252068,1.486301724299,
    21.539451225254));
#1868 = CARTESIAN_POINT('',(-4.469667228636,-0.889073745432,
    21.639066902505));
#1869 = CARTESIAN_POINT('',(-3.269047321142,-2.962844007406,
    21.738667301107));
#1870 = CARTESIAN_POINT('',(-1.30755943267,-3.898910822285,
    21.838284554315));
#1871 = CARTESIAN_POINT('',(0.611237355208,-3.690867432734,
    21.937889813926));
#1872 = CARTESIAN_POINT('',(3.321339635731,-1.721860473843,
    22.137110572598));
#1873 = CARTESIAN_POINT('',(4.112146357646,3.872854460792E-02,
    22.236715832347));
#1874 = CARTESIAN_POINT('',(3.828017398105,2.193486465925,
    22.336333085281));
#1875 = CARTESIAN_POINT('',(2.226767874869,3.976161185773,
    22.435933484178));
#1876 = CARTESIAN_POINT('',(-0.129889990407,4.410024523122,
    22.535549161241));
#1877 = CARTESIAN_POINT('',(-2.115564656711,3.526411496692,
    22.635155972216));
#1878 = CARTESIAN_POINT('',(-3.203523403003,1.932239236104,
    22.734765813515));
#1879 = CARTESIAN_POINT('',(-3.466351600687,-1.407308686357,
    22.933984573038));
#1880 = CARTESIAN_POINT('',(-2.641171557083,-3.152048869419,
    23.033594414345));
#1881 = CARTESIAN_POINT('',(-0.818167506253,-4.335407913819,
    23.133201225225));
#1882 = CARTESIAN_POINT('',(1.577337774127,-4.275556432359,
    23.232816902572));
#1883 = CARTESIAN_POINT('',(3.437758149984,-2.765309006596,
    23.33241730102));
#1884 = CARTESIAN_POINT('',(4.055456120544,-0.681537177599,
    23.432034554385));
#1885 = CARTESIAN_POINT('',(3.549808141329,1.181090881465,
    23.531639813892));
#1886 = CARTESIAN_POINT('',(1.181089524992,3.549806755446,
    23.730860572649));
#1887 = CARTESIAN_POINT('',(-0.681533147503,4.055460533151,
    23.830465832207));
#1888 = CARTESIAN_POINT('',(-2.765314861609,3.437751269796,
    23.93008308547));
#1889 = CARTESIAN_POINT('',(-4.275551284681,1.577344019225,
    24.029683484028));
#1890 = CARTESIAN_POINT('',(-4.335410532111,-0.818170656172,
    24.129299161304));
#1891 = CARTESIAN_POINT('',(-3.152048294089,-2.641170841212,
    24.228905972208));
#1892 = CARTESIAN_POINT('',(-1.407308694944,-3.466351525197,
    24.328515813513));
#1893 = CARTESIAN_POINT('',(1.932239239424,-3.203523478904,
    24.527734573036));
#1894 = CARTESIAN_POINT('',(3.526412176921,-2.115565273782,
    24.627344414338));
#1895 = CARTESIAN_POINT('',(4.4100214444,-0.129887288836,24.726951225286
    ));
#1896 = CARTESIAN_POINT('',(3.976167246811,2.22676251192,24.826566902429
    ));
#1897 = CARTESIAN_POINT('',(2.193479606949,3.828023277639,
    24.926167301201));
#1898 = CARTESIAN_POINT('',(3.873321520468E-02,4.112142629856,
    25.025784554253));
#1899 = CARTESIAN_POINT('',(-1.72186203037,3.321340792322,
    25.125389813937));
#1900 = CARTESIAN_POINT('',(-3.690865851733,0.611236232256,
    25.32461057263));
#1901 = CARTESIAN_POINT('',(-3.898915810993,-1.307556142525,
    25.424215832234));
#1902 = CARTESIAN_POINT('',(-2.962836296007,-3.269052027705,
    25.523833085441));
#1903 = CARTESIAN_POINT('',(-0.889080718921,-4.469663121337,
    25.62343348405));
#1904 = CARTESIAN_POINT('',(1.486305245037,-4.154044345346,
    25.723049161294));
#1905 = CARTESIAN_POINT('',(3.101742634051,-2.700071201439,
    25.82265597221));
#1906 = CARTESIAN_POINT('',(3.643826568682,-0.847725543129,
    25.922265813513));
#1907 = CARTESIAN_POINT('',(2.861813977187,2.409591649686,
    26.121484573037));
#1908 = CARTESIAN_POINT('',(1.537866752274,3.813943513143,
    26.221094414338));
#1909 = CARTESIAN_POINT('',(-0.561591184698,4.376045610934,
    26.320701225281));
#1910 = CARTESIAN_POINT('',(-2.821356966458,3.578871627645,
    26.420316902442));
#1911 = CARTESIAN_POINT('',(-4.124029767747,1.567639459481,
    26.519917301185));
#1912 = CARTESIAN_POINT('',(-4.067574540168,-0.605024487402,
    26.619534554259));
#1913 = CARTESIAN_POINT('',(-3.011091010125,-2.220235221569,
    26.719139813945));
#1914 = CARTESIAN_POINT('',(-2.63322749105E-02,-3.741043581484,
    26.918360572589));
#1915 = CARTESIAN_POINT('',(1.901382765842,-3.646366841766,
    27.017965832358));
#1916 = CARTESIAN_POINT('',(3.692294283415,-2.414966459567,
    27.117583085272));
#1917 = CARTESIAN_POINT('',(4.553717018082,-0.178925300601,
    27.217183484182));
#1918 = CARTESIAN_POINT('',(3.870391800268,2.117842066004,
    27.316799161241));
#1919 = CARTESIAN_POINT('',(2.181609394796,3.485939229139,
    27.416405972215));
#1920 = CARTESIAN_POINT('',(0.267268575005,3.731578508881,
    27.516015813516));
#1921 = CARTESIAN_POINT('',(-2.827611916559,2.449637117535,
    27.715234573037));
#1922 = CARTESIAN_POINT('',(-4.007562902311,0.922300847433,
    27.814844414345));
#1923 = CARTESIAN_POINT('',(-4.234317011271,-1.239241419423,
    27.914451225233));
#1924 = CARTESIAN_POINT('',(-3.093452311419,-3.346480248982,
    28.01406690255));
#1925 = CARTESIAN_POINT('',(-0.903198825798,-4.31848895806,
    28.113667301049));
#1926 = CARTESIAN_POINT('',(1.233884479136,-3.922849265812,
    28.21328455436));
#1927 = CARTESIAN_POINT('',(2.663938853099,-2.626698174026,
    28.312889813907));
#1928 = CARTESIAN_POINT('',(3.699104402412,0.559220070459,
    28.512110572622));
#1929 = CARTESIAN_POINT('',(3.304032219368,2.448391035028,
    28.611715832281));
#1930 = CARTESIAN_POINT('',(1.807632134007,4.024620000026,
    28.711333085372));
#1931 = CARTESIAN_POINT('',(-0.535635852402,4.525643288757,
    28.810933484104));
#1932 = CARTESIAN_POINT('',(-2.697230586591,3.491437364051,
    28.910549161274));
#1933 = CARTESIAN_POINT('',(-3.784300431249,1.609429124495,
    29.01015597221));
#1934 = CARTESIAN_POINT('',(-3.727446601789,-0.319769432454,
    29.109765813515));
#1935 = CARTESIAN_POINT('',(-1.977142062171,-3.176006993736,
    29.308984573036));
#1936 = CARTESIAN_POINT('',(-0.284024834796,-4.102502792491,
    29.408594414342));
#1937 = CARTESIAN_POINT('',(1.886377417633,-3.988325473922,
    29.508201225263));
#1938 = CARTESIAN_POINT('',(3.789202081385,-2.531861932628,
    29.607816902481));
#1939 = CARTESIAN_POINT('',(4.406612618031,-0.216518439586,
    29.707417301137));
#1940 = CARTESIAN_POINT('',(3.681530423328,1.832362140048,
    29.807034554297));
#1941 = CARTESIAN_POINT('',(2.177627311363,3.042047468928,
    29.906639813926));
#1942 = CARTESIAN_POINT('',(-1.131002561738,3.566080996345,
    30.10586057262));
#1943 = CARTESIAN_POINT('',(-2.935111791224,2.880341358254,
    30.205465832271));
#1944 = CARTESIAN_POINT('',(-4.257846215234,1.155787906137,
    30.305083085388));
#1945 = CARTESIAN_POINT('',(-4.386133201961,-1.237007873051,
    30.404683484091));
#1946 = CARTESIAN_POINT('',(-3.026512152494,-3.210204338544,
    30.504299161278));
#1947 = CARTESIAN_POINT('',(-0.997619367763,-3.989479597364,
    30.603905972211));
#1948 = CARTESIAN_POINT('',(0.89893365523,-3.631532588675,
    30.703515813514));
#1949 = CARTESIAN_POINT('',(3.446198238165,-1.455963207478,
    30.902734573036));
#1950 = CARTESIAN_POINT('',(4.096425448489,0.361244811902,31.00234441434
    ));
#1951 = CARTESIAN_POINT('',(3.644128126912,2.487064543277,
    31.101951225268));
#1952 = CARTESIAN_POINT('',(1.907928710299,4.138621182931,31.20156690247
    ));
#1953 = CARTESIAN_POINT('',(-0.475493349216,4.386230850614,
    31.301167301148));
#1954 = CARTESIAN_POINT('',(-2.385720963786,3.349560083532,
    31.400784554291));
#1955 = CARTESIAN_POINT('',(-3.34525078011,1.674936037165,
    31.500389813924));
#1956 = CARTESIAN_POINT('',(-3.345248840993,-1.674936016365,
    31.699610572636));
#1957 = CARTESIAN_POINT('',(-2.385726933618,-3.349560354038,
    31.799215832221));
#1958 = CARTESIAN_POINT('',(-0.475484344149,-4.386230125651,
    31.898833085458));
#1959 = CARTESIAN_POINT('',(1.907920654451,-4.13862195898,
    31.998433484036));
#1960 = CARTESIAN_POINT('',(3.644132205631,-2.48706416733,
    32.098049161301));
#1961 = CARTESIAN_POINT('',(4.09642453547,-0.361244911286,
    32.197655972208));
#1962 = CARTESIAN_POINT('',(3.446198190861,1.455963148026,
    32.297265813514));
#1963 = CARTESIAN_POINT('',(0.898933706552,3.631532644694,
    32.496484573036));
#1964 = CARTESIAN_POINT('',(-0.997619412424,3.989480514695,
    32.596094414336));
#1965 = CARTESIAN_POINT('',(-3.026511885793,3.210200251235,
    32.695701225295));
#1966 = CARTESIAN_POINT('',(-4.386133695612,1.237015951087,
    32.795316902408));
#1967 = CARTESIAN_POINT('',(-4.257845522639,-1.155796913691,
    32.894917301229));
#1968 = CARTESIAN_POINT('',(-2.935112457896,-2.880335419654,
    32.994534554228));
#1969 = CARTESIAN_POINT('',(-1.131002278945,-3.566082914815,
    33.094139813952));
#1970 = CARTESIAN_POINT('',(2.177626987479,-3.042045556964,
    33.293360572598));
#1971 = CARTESIAN_POINT('',(3.681531624399,-1.832367994011,
    33.392965832325));
#1972 = CARTESIAN_POINT('',(4.406610493265,0.216527220311,
    33.492583085316));
#1973 = CARTESIAN_POINT('',(3.789204108123,2.531854097407,
    33.592183484148));
#1974 = CARTESIAN_POINT('',(1.886376408244,3.9883294436,33.691799161253)
  );
#1975 = CARTESIAN_POINT('',(-0.284024593804,4.102501906257,
    33.791405972215));
#1976 = CARTESIAN_POINT('',(-1.97714199605,3.176006956317,
    33.891015813515));
#1977 = CARTESIAN_POINT('',(-3.727446665149,0.319769474378,
    34.090234573038));
#1978 = CARTESIAN_POINT('',(-3.784301330295,-1.609429312114,
    34.189844414342));
#1979 = CARTESIAN_POINT('',(-2.697226591319,-3.491436461203,
    34.28945122524));
#1980 = CARTESIAN_POINT('',(-0.535643753792,-4.525645040087,
    34.38906690254));
#1981 = CARTESIAN_POINT('',(1.807640922371,-4.024617906784,
    34.488667301061));
#1982 = CARTESIAN_POINT('',(3.304026458125,-2.448392622543,
    34.588284554352));
#1983 = CARTESIAN_POINT('',(3.699106253048,-0.559219491021,
    34.687889813911));
#1984 = CARTESIAN_POINT('',(2.66393701532,2.626697555029,34.887110572614
    ));
#1985 = CARTESIAN_POINT('',(1.233890073183,3.922851367844,
    34.986715832307));
#1986 = CARTESIAN_POINT('',(-0.903207166088,4.318485485879,
    35.086333085332));
#1987 = CARTESIAN_POINT('',(-3.093444889673,3.346483476427,
    35.185933484139));
#1988 = CARTESIAN_POINT('',(-4.234320774186,1.239239801489,
    35.285549161257));
#1989 = CARTESIAN_POINT('',(-4.007562064689,-0.922300470776,
    35.385155972215));
#1990 = CARTESIAN_POINT('',(-2.827611889943,-2.449637046375,
    35.484765813514));
#1991 = CARTESIAN_POINT('',(0.267268543507,-3.731578578019,
    35.683984573039));
#1992 = CARTESIAN_POINT('',(2.181609720744,-3.485940087767,
    35.783594414343));
#1993 = CARTESIAN_POINT('',(3.870390283557,-2.117838261167,
    35.883201225232));
#1994 = CARTESIAN_POINT('',(4.553719983858,0.178917770486,
    35.982816902559));
#1995 = CARTESIAN_POINT('',(3.692290841188,2.41497481224,36.082417301036
    ));
#1996 = CARTESIAN_POINT('',(1.901385235041,3.646361399825,
    36.182034554371));
#1997 = CARTESIAN_POINT('',(-2.63331367106E-02,3.741045318677,
    36.281639813903));
#1998 = CARTESIAN_POINT('',(-3.011090111261,2.220233503266,
    36.480860572621));
#1999 = CARTESIAN_POINT('',(-4.067577491433,0.605029683705,
    36.58046583229));
#2000 = CARTESIAN_POINT('',(-4.124025033572,-1.567647153863,
    36.680083085356));
#2001 = CARTESIAN_POINT('',(-2.821361315225,-3.578864802197,
    36.779683484119));
#2002 = CARTESIAN_POINT('',(-0.561588998008,-4.376049074408,
    36.879299161265));
#2003 = CARTESIAN_POINT('',(1.537866249214,-3.813942744753,
    36.978905972213));
#2004 = CARTESIAN_POINT('',(2.861813902739,-2.409591634531,
    37.078515813514));
#2005 = CARTESIAN_POINT('',(3.643826641897,0.847725522837,
    37.277734573038));
#2006 = CARTESIAN_POINT('',(3.101743431113,2.700071657697,
    37.377344414341));
#2007 = CARTESIAN_POINT('',(1.48630172431,4.15404225207,37.476951225252)
  );
#2008 = CARTESIAN_POINT('',(-0.889073745448,4.469667228633,
    37.57656690251));
#2009 = CARTESIAN_POINT('',(-2.962844007391,3.269047321143,
    37.676167301099));
#2010 = CARTESIAN_POINT('',(-3.898910822292,1.307559432671,
    37.775784554322));
#2011 = CARTESIAN_POINT('',(-3.690867432735,-0.611237355211,
    37.875389813922));
#2012 = CARTESIAN_POINT('',(-1.721860473839,-3.321339635727,
    38.074610572604));
#2013 = CARTESIAN_POINT('',(3.872854459494E-02,-4.112146357656,
    38.174215832327));
#2014 = CARTESIAN_POINT('',(2.193486465944,-3.828017398092,
    38.27383308531));
#2015 = CARTESIAN_POINT('',(3.976161185757,-2.226767874879,
    38.373433484153));
#2016 = CARTESIAN_POINT('',(4.410024523129,0.129889990412,
    38.473049161253));
#2017 = CARTESIAN_POINT('',(3.526411496692,2.11556465671,38.572655972213
    ));
#2018 = CARTESIAN_POINT('',(1.932239236104,3.203523403003,
    38.672265813516));
#2019 = CARTESIAN_POINT('',(-1.407308686356,3.466351600686,
    38.871484573037));
#2020 = CARTESIAN_POINT('',(-3.152048869417,2.641171557087,
    38.971094414345));
#2021 = CARTESIAN_POINT('',(-4.335407913834,0.818167506245,
    39.070701225238));
#2022 = CARTESIAN_POINT('',(-4.275556432325,-1.577337774118,
    39.170316902536));
#2023 = CARTESIAN_POINT('',(-2.765309006635,-3.437758149988,
    39.26991730107));
#2024 = CARTESIAN_POINT('',(-0.681537177571,-4.055456120547,
    39.369534554343));
#2025 = CARTESIAN_POINT('',(1.181090881455,-3.549808141322,
    39.469139813914));
#2026 = CARTESIAN_POINT('',(3.54980675546,-1.181089525008,
    39.668360572612));
#2027 = CARTESIAN_POINT('',(4.055460533127,0.681533147562,
    39.767965832307));
#2028 = CARTESIAN_POINT('',(3.437751269814,2.765314861517,
    39.867583085336));
#2029 = CARTESIAN_POINT('',(1.577344019223,4.27555128476,39.967183484132
    ));
#2030 = CARTESIAN_POINT('',(-0.818170656179,4.335410532076,
    40.066799161262));
#2031 = CARTESIAN_POINT('',(-2.641170841206,3.152048294092,
    40.166405972212));
#2032 = CARTESIAN_POINT('',(-3.466351525199,1.407308694947,
    40.266015813515));
#2033 = CARTESIAN_POINT('',(-3.203523478904,-1.932239239426,
    40.465234573037));
#2034 = CARTESIAN_POINT('',(-2.115565273778,-3.526412176923,
    40.564844414344));
#2035 = CARTESIAN_POINT('',(-0.129887288846,-4.41002144437,
    40.664451225244));
#2036 = CARTESIAN_POINT('',(2.226762511929,-3.976167246882,
    40.764066902525));
#2037 = CARTESIAN_POINT('',(3.828023277638,-2.193479606865,
    40.863667301078));
#2038 = CARTESIAN_POINT('',(4.112142629847,-3.873321526224E-02,
    40.963284554347));
#2039 = CARTESIAN_POINT('',(3.321340792332,1.721862030389,
    41.062889813897));
#2040 = CARTESIAN_POINT('',(0.611236232239,3.690865851712,
    41.262110572676));
#2041 = CARTESIAN_POINT('',(-1.307556142462,3.898915811034,
    41.361715832114));
#2042 = CARTESIAN_POINT('',(-3.269052027803,2.962836295966,41.4613330856
    ));
#2043 = CARTESIAN_POINT('',(-4.469663121251,0.889080718943,
    41.560933483926));
#2044 = CARTESIAN_POINT('',(-4.154044345385,-1.486305245038,
    41.660549161346));
#2045 = CARTESIAN_POINT('',(-2.700071201434,-3.101742634057,
    41.760155972204));
#2046 = CARTESIAN_POINT('',(-0.847725543126,-3.643826568679,
    41.859765813511));
#2047 = CARTESIAN_POINT('',(2.409591649682,-2.861813977188,
    42.058984573035));
#2048 = CARTESIAN_POINT('',(3.813943513141,-1.537866752277,
    42.158594414333));
#2049 = CARTESIAN_POINT('',(4.376045610967,0.561591184702,
    42.258201225325));
#2050 = CARTESIAN_POINT('',(3.578871627567,2.821356966457,
    42.357816902339));
#2051 = CARTESIAN_POINT('',(1.567639459573,4.124029767738,
    42.457417301312));
#2052 = CARTESIAN_POINT('',(-0.60502448746,4.067574540182,
    42.557034554174));
#2053 = CARTESIAN_POINT('',(-2.220235221559,3.01109101012,42.65663981396
    ));
#2054 = CARTESIAN_POINT('',(-3.74104358146,2.633227489687E-02,
    42.855860572634));
#2055 = CARTESIAN_POINT('',(-3.646366841831,-1.901382765761,
    42.955465832201));
#2056 = CARTESIAN_POINT('',(-2.414966459494,-3.692294283557,
    43.05508308549));
#2057 = CARTESIAN_POINT('',(-0.178925300644,-4.55371701795,
    43.154683484011));
#2058 = CARTESIAN_POINT('',(2.117842066009,-3.870391800332,
    43.25429916131));
#2059 = CARTESIAN_POINT('',(3.485939229149,-2.181609394786,
    43.353905972209));
#2060 = CARTESIAN_POINT('',(3.731578508877,-0.267268575001,
    43.453515813512));
#2061 = CARTESIAN_POINT('',(2.449637117537,2.827611916555,
    43.652734573036));
#2062 = CARTESIAN_POINT('',(0.922300847438,4.007562902313,
    43.752344414336));
#2063 = CARTESIAN_POINT('',(-1.239241419443,4.234317011296,
    43.851951225291));
#2064 = CARTESIAN_POINT('',(-3.346480248951,3.093452311348,
    43.951566902419));
#2065 = CARTESIAN_POINT('',(-4.318488958081,0.903198825888,
    44.051167301208));
#2066 = CARTESIAN_POINT('',(-3.922849265812,-1.233884479196,
    44.150784554253));
#2067 = CARTESIAN_POINT('',(-2.62669817402,-2.663938853087,
    44.250389813927));
#2068 = CARTESIAN_POINT('',(0.559220070467,-3.699104402385,
    44.449610572667));
#2069 = CARTESIAN_POINT('',(2.448391034967,-3.304032219454,
    44.549215832119));
#2070 = CARTESIAN_POINT('',(4.024620000142,-1.807632133897,
    44.648833085601));
#2071 = CARTESIAN_POINT('',(4.525643288645,0.535635852326,
    44.748433483922));
#2072 = CARTESIAN_POINT('',(3.491437364107,2.697230586613,
    44.848049161349));
#2073 = CARTESIAN_POINT('',(1.609429124486,3.784300431255,
    44.947655972203));
#2074 = CARTESIAN_POINT('',(-0.319769432457,3.727446601784,
    45.047265813512));
#2075 = CARTESIAN_POINT('',(-3.176006993731,1.977142062173,
    45.246484573034));
#2076 = CARTESIAN_POINT('',(-4.102502792492,0.284024834805,
    45.346094414331));
#2077 = CARTESIAN_POINT('',(-3.98832547396,-1.886377417672,
    45.445701225339));
#2078 = CARTESIAN_POINT('',(-2.531861932526,-3.789202081313,
    45.545316902303));
#2079 = CARTESIAN_POINT('',(-0.216518439718,-4.406612618101,
    45.644917301362));
#2080 = CARTESIAN_POINT('',(1.832362140146,-3.681530423297,
    45.744534554128));
#2081 = CARTESIAN_POINT('',(3.04204746889,-2.177627311363,
    45.844139813993));
#2082 = CARTESIAN_POINT('',(3.566080996381,1.13100256173,46.043360572557
    ));
#2083 = CARTESIAN_POINT('',(2.880341358174,2.935111791274,
    46.142965832423));
#2084 = CARTESIAN_POINT('',(1.155787906235,4.257846215141,46.24258308519
    ));
#2085 = CARTESIAN_POINT('',(-1.237007873121,4.38613320205,
    46.342183484245));
#2086 = CARTESIAN_POINT('',(-3.210204338522,3.026512152448,
    46.441799161214));
#2087 = CARTESIAN_POINT('',(-3.98947959736,0.997619367771,
    46.541405972218));
#2088 = CARTESIAN_POINT('',(-3.631532588679,-0.898933655228,
    46.641015813517));
#2089 = CARTESIAN_POINT('',(-1.455963207476,-3.446198238169,
    46.840234573039));
#2090 = CARTESIAN_POINT('',(0.361244811909,-4.096425448488,
    46.939844414347));
#2091 = CARTESIAN_POINT('',(2.487064543239,-3.644128126881,
    47.039451225207));
#2092 = CARTESIAN_POINT('',(4.138621183002,-1.907928710384,
    47.139066902616));
#2093 = CARTESIAN_POINT('',(4.386230850543,0.475493349325,
    47.238667300962));
#2094 = CARTESIAN_POINT('',(3.349560083568,2.385720963705,
    47.338284554429));
#2095 = CARTESIAN_POINT('',(1.674936037161,3.345250780137,
    47.437889813875));
#2096 = CARTESIAN_POINT('',(-1.674936016368,3.345248840979,
    47.637110572662));
#2097 = CARTESIAN_POINT('',(-3.349560354022,2.38572693364,
    47.736715832176));
#2098 = CARTESIAN_POINT('',(-4.386230125679,0.475484344126,
    47.836333085512));
#2099 = CARTESIAN_POINT('',(-4.138621958953,-1.907920654438,
    47.935933483992));
#2100 = CARTESIAN_POINT('',(-2.487064167346,-3.644132205632,
    48.035549161324));
#2101 = CARTESIAN_POINT('',(-0.36124491128,-4.096424535475,
    48.135155972201));
#2102 = CARTESIAN_POINT('',(1.455963148024,-3.446198190857,
    48.234765813517));
#2103 = CARTESIAN_POINT('',(3.631532644697,-0.89893370656,
    48.433984573027));
#2104 = CARTESIAN_POINT('',(3.989480514679,0.997619412466,
    48.533594414381));
#2105 = CARTESIAN_POINT('',(3.210200251277,3.026511885689,
    48.633201225183));
#2106 = CARTESIAN_POINT('',(1.237015951017,4.386133695788,
    48.732816902598));
#2107 = CARTESIAN_POINT('',(-1.155796913605,4.257845522417,
    48.832417300985));
#2108 = CARTESIAN_POINT('',(-2.880335419734,2.935112458111,
    48.93203455447));
#2109 = CARTESIAN_POINT('',(-3.566082914761,1.131002278784,
    49.031639813764));
#2110 = CARTESIAN_POINT('',(-3.042045557076,-2.177626987134,
    49.230860573013));
#2111 = CARTESIAN_POINT('',(-1.832367993396,-3.68153162614,
    49.330465830268));
#2112 = CARTESIAN_POINT('',(0.216527218731,-4.406610489002,
    49.430083090252));
#2113 = CARTESIAN_POINT('',(2.531854100154,-3.789204115316,
    49.529683475963));
#2114 = CARTESIAN_POINT('',(3.988329440058,-1.886376399123,
    49.62929917151));
#2115 = CARTESIAN_POINT('',(4.102501909755,0.28402458485,49.728905962207
    ));
#2116 = CARTESIAN_POINT('',(3.176006953647,1.97714200288,49.828515821139
    ));
#2117 = CARTESIAN_POINT('',(0.319769480158,3.727446650352,
    50.027734556517));
#2118 = CARTESIAN_POINT('',(-1.609429341765,3.784301406249,
    50.127344499138));
#2119 = CARTESIAN_POINT('',(-3.491436388459,2.697226404931,
    50.226951017173));
#2120 = CARTESIAN_POINT('',(-4.52564516264,0.535644067821,
    50.326567253083));
#2121 = CARTESIAN_POINT('',(-4.024617751729,-1.807641319638,
    50.426166857588));
#2122 = CARTESIAN_POINT('',(-2.448392774514,-3.304026068851,
    50.525784988934));
#2123 = CARTESIAN_POINT('',(-0.559219375125,-3.699106549859,
    50.625389482521));
#2124 = CARTESIAN_POINT('',(1.033738964414,-3.181521461095,
    50.725000386531));
#2125 = CARTESIAN_POINT('',(4.02025,0.,0.));
#2126 = CARTESIAN_POINT('',(4.020250000039,2.012906493873,
    9.960726340341E-02));
#2127 = CARTESIAN_POINT('',(2.867112622996,4.025417339061,0.199223379623
    ));
#2128 = CARTESIAN_POINT('',(0.57143186095,5.271298383295,0.298820662219)
  );
#2129 = CARTESIAN_POINT('',(-2.292903761296,4.973688813938,
    0.398443530102));
#2130 = CARTESIAN_POINT('',(-4.379437077419,2.988911393791,
    0.498043430322));
#2131 = CARTESIAN_POINT('',(-4.922996630157,0.434133355567,
    0.597656750731));
#2132 = CARTESIAN_POINT('',(-4.141567707929,-1.749745505175,
    0.697265341858));
#2133 = CARTESIAN_POINT('',(-1.080319275189,-4.364298647831,
    0.896484112052));
#2134 = CARTESIAN_POINT('',(1.198914838987,-4.7944729415,0.996092818766)
  );
#2135 = CARTESIAN_POINT('',(3.637207843934,-3.857950164429,
    1.095705762534));
#2136 = CARTESIAN_POINT('',(5.271143660954,-1.486617914284,
    1.195306409258));
#2137 = CARTESIAN_POINT('',(5.11700827312,1.389009354673,1.294928197883)
  );
#2138 = CARTESIAN_POINT('',(3.527342548817,3.461527753889,1.394526684239
    ));
#2139 = CARTESIAN_POINT('',(1.359218561362,4.285642003209,1.494141745578
    ));
#2140 = CARTESIAN_POINT('',(-2.617029907275,3.655866100113,
    1.693357720896));
#2141 = CARTESIAN_POINT('',(-4.424373034674,2.202099701769,
    1.792972779576));
#2142 = CARTESIAN_POINT('',(-5.2957915563,-0.260216157034,1.892571274599
    ));
#2143 = CARTESIAN_POINT('',(-4.553765304984,-3.042730659328,
    1.992193046047));
#2144 = CARTESIAN_POINT('',(-2.267018022314,-4.79308769509,
    2.091793717604));
#2145 = CARTESIAN_POINT('',(0.341337884149,-4.930299791461,
    2.191406633674));
#2146 = CARTESIAN_POINT('',(2.376087164559,-3.816857634881,
    2.291015364659));
#2147 = CARTESIAN_POINT('',(4.479566056638,-0.38429202796,2.490234101526
    ));
#2148 = CARTESIAN_POINT('',(4.547893422919,1.934175017568,2.589842832572
    ));
#2149 = CARTESIAN_POINT('',(3.241467731924,4.19594414992,2.689455748445)
  );
#2150 = CARTESIAN_POINT('',(0.643726642705,5.438805413651,2.789056420395
    ));
#2151 = CARTESIAN_POINT('',(-2.172384796746,4.836720474764,
    2.888678191272));
#2152 = CARTESIAN_POINT('',(-3.970708547662,2.942412866347,
    2.988276686933));
#2153 = CARTESIAN_POINT('',(-4.445507267082,0.672062211252,
    3.087891745053));
#2154 = CARTESIAN_POINT('',(-3.201462648307,-3.156713384034,
    3.287107721138));
#2155 = CARTESIAN_POINT('',(-1.482863771464,-4.714385949602,
    3.386722779259));
#2156 = CARTESIAN_POINT('',(1.085456783427,-5.18988479906,3.486321274923
    ));
#2157 = CARTESIAN_POINT('',(3.717635435181,-4.021712954586,3.58594304579
    ));
#2158 = CARTESIAN_POINT('',(5.088716583455,-1.489303159086,
    3.685543717756));
#2159 = CARTESIAN_POINT('',(4.816202610357,1.108404258742,3.785156633612
    ));
#2160 = CARTESIAN_POINT('',(3.398163859207,2.94392167092,3.884765364672)
  );
#2161 = CARTESIAN_POINT('',(-0.321197764283,4.48453168288,4.083984101521
    ));
#2162 = CARTESIAN_POINT('',(-2.621809388198,4.189329673921,4.18359283258
    ));
#2163 = CARTESIAN_POINT('',(-4.651362385247,2.545169606797,
    4.283205748436));
#2164 = CARTESIAN_POINT('',(-5.472545726823,-0.215015315797,
    4.382806420403));
#2165 = CARTESIAN_POINT('',(-4.437336566091,-2.902268915066,
    4.482428191267));
#2166 = CARTESIAN_POINT('',(-2.285031213829,-4.382117319094,
    4.582026686935));
#2167 = CARTESIAN_POINT('',(3.164254095027E-02,-4.49590938822,
    4.681641745053));
#2168 = CARTESIAN_POINT('',(3.618668100744,-2.668228561066,
    4.880857721137));
#2169 = CARTESIAN_POINT('',(4.888315036308,-0.72711481375,4.980472779261
    ));
#2170 = CARTESIAN_POINT('',(4.956185853818,1.883969861376,5.080071274924
    ));
#2171 = CARTESIAN_POINT('',(3.390632683953,4.300999688504,5.179693045786
    ));
#2172 = CARTESIAN_POINT('',(0.674916709365,5.259044381048,5.279293717761
    ));
#2173 = CARTESIAN_POINT('',(-1.848178041901,4.583514536928,5.37890663361
    ));
#2174 = CARTESIAN_POINT('',(-3.439267055427,2.89579601146,5.478515364672
    ));
#2175 = CARTESIAN_POINT('',(-4.379073255782,-1.018778601575,
    5.677734101521));
#2176 = CARTESIAN_POINT('',(-3.727610724762,-3.244886110401,
    5.777342832578));
#2177 = CARTESIAN_POINT('',(-1.786200959023,-4.992248641674,
    5.87695574844));
#2178 = CARTESIAN_POINT('',(1.068462883641,-5.371533801843,
    5.976556420399));
#2179 = CARTESIAN_POINT('',(3.560689540607,-3.928690704505,
    6.076178191269));
#2180 = CARTESIAN_POINT('',(4.685623818723,-1.571384509233,
    6.175776686936));
#2181 = CARTESIAN_POINT('',(4.43560729915,0.734568148778,6.275391745052)
  );
#2182 = CARTESIAN_POINT('',(2.069293831311,3.991519199146,6.474607721139
    ));
#2183 = CARTESIAN_POINT('',(-4.653812384374E-02,4.941877583423,
    6.574222779259));
#2184 = CARTESIAN_POINT('',(-2.636093348788,4.600449164231,
    6.673821274921));
#2185 = CARTESIAN_POINT('',(-4.778459055308,2.676063783764,
    6.773443045793));
#2186 = CARTESIAN_POINT('',(-5.299877052206,-0.156088429656,
    6.873043717754));
#2187 = CARTESIAN_POINT('',(-4.237965123789,-2.54244354792,
    6.972656633613));
#2188 = CARTESIAN_POINT('',(-2.322124055314,-3.849926270757,
    7.072265364671));
#2189 = CARTESIAN_POINT('',(1.691273728564,-4.165787511816,
    7.271484101521));
#2190 = CARTESIAN_POINT('',(3.788062967407,-3.174105628326,
    7.371092832579));
#2191 = CARTESIAN_POINT('',(5.210209168216,-0.983250115585,
    7.470705748437));
#2192 = CARTESIAN_POINT('',(5.138256887568,1.895601349278,7.570306420401
    ));
#2193 = CARTESIAN_POINT('',(3.323307439192,4.131434172395,7.66992819127)
  );
#2194 = CARTESIAN_POINT('',(0.819045102895,4.873754709246,7.769526686933
    ));
#2195 = CARTESIAN_POINT('',(-1.419406250892,4.26608583744,7.869141745054
    ));
#2196 = CARTESIAN_POINT('',(-4.26608584777,1.419406219835,8.068357721138
    ));
#2197 = CARTESIAN_POINT('',(-4.87375470329,-0.81904513837,8.16797277926)
  );
#2198 = CARTESIAN_POINT('',(-4.131434148195,-3.32330746927,8.26757127492
    ));
#2199 = CARTESIAN_POINT('',(-1.895601311881,-5.138256901364,
    8.367193045793));
#2200 = CARTESIAN_POINT('',(0.983250153515,-5.21020916106,8.466793717755
    ));
#2201 = CARTESIAN_POINT('',(3.1741056559,-3.788062944302,8.566406633613)
  );
#2202 = CARTESIAN_POINT('',(4.165787524128,-1.691273698239,
    8.666015364672));
#2203 = CARTESIAN_POINT('',(3.849926253853,2.32212408334,8.865234101521)
  );
#2204 = CARTESIAN_POINT('',(2.542443517069,4.237965142298,8.964842832579
    ));
#2205 = CARTESIAN_POINT('',(0.156088391077,5.299877053339,9.064455748439
    ));
#2206 = CARTESIAN_POINT('',(-2.67606381855,4.778459035835,9.164056420399
    ));
#2207 = CARTESIAN_POINT('',(-4.600449183419,2.636093315291,
    9.263678191271));
#2208 = CARTESIAN_POINT('',(-4.941877583762,4.653808787418E-02,
    9.363276686934));
#2209 = CARTESIAN_POINT('',(-3.991519184083,-2.069293860369,
    9.462891745053));
#2210 = CARTESIAN_POINT('',(-0.734568116488,-4.435607304496,
    9.662107721141));
#2211 = CARTESIAN_POINT('',(1.571384543335,-4.685623807291,
    9.761722779256));
#2212 = CARTESIAN_POINT('',(3.928690730434,-3.560689511996,
    9.861321274923));
#2213 = CARTESIAN_POINT('',(5.371533809613,-1.068462844552,
    9.960943045794));
#2214 = CARTESIAN_POINT('',(4.992248628675,1.78620099537,10.060543717751
    ));
#2215 = CARTESIAN_POINT('',(3.244886083265,3.727610748381,
    10.160156633615));
#2216 = CARTESIAN_POINT('',(1.018778569698,4.379073263198,
    10.259765364671));
#2217 = CARTESIAN_POINT('',(-2.895796036496,3.439267034348,
    10.45898410152));
#2218 = CARTESIAN_POINT('',(-4.583514550383,1.848178008538,
    10.558592832581));
#2219 = CARTESIAN_POINT('',(-5.259044376131,-0.674916747656,
    10.658205748434));
#2220 = CARTESIAN_POINT('',(-4.300999663831,-3.390632715243,
    10.757806420403));
#2221 = CARTESIAN_POINT('',(-1.883969825288,-4.956185867552,
    10.85742819127));
#2222 = CARTESIAN_POINT('',(0.727114849327,-4.888315031002,
    10.957026686931));
#2223 = CARTESIAN_POINT('',(2.66822858741,-3.618668081325,
    11.056641745055));
#2224 = CARTESIAN_POINT('',(4.495909388449,-3.164250822023E-02,
    11.25585772114));
#2225 = CARTESIAN_POINT('',(4.382117302465,2.285031245718,
    11.355472779256));
#2226 = CARTESIAN_POINT('',(2.902268882757,4.437336587235,
    11.455071274921));
#2227 = CARTESIAN_POINT('',(0.215015275967,5.472545728373,
    11.554693045797));
#2228 = CARTESIAN_POINT('',(-2.545169640659,4.651362366728,
    11.65429371775));
#2229 = CARTESIAN_POINT('',(-4.189329693006,2.6218093577,11.753906633616
    ));
#2230 = CARTESIAN_POINT('',(-4.484531685218,0.321197731639,
    11.853515364671));
#2231 = CARTESIAN_POINT('',(-2.943921646184,-3.398163880637,
    12.052734101521));
#2232 = CARTESIAN_POINT('',(-1.108404223683,-4.816202618422,
    12.15234283258));
#2233 = CARTESIAN_POINT('',(1.489303196129,-5.088716572624,
    12.251955748438));
#2234 = CARTESIAN_POINT('',(4.021712981648,-3.717635405888,
    12.351556420397));
#2235 = CARTESIAN_POINT('',(5.189884806963,-1.085456745663,
    12.451178191275));
#2236 = CARTESIAN_POINT('',(4.714385938806,1.482863805789,
    12.550776686929));
#2237 = CARTESIAN_POINT('',(3.156713360731,3.201462671287,
    12.650391745054));
#2238 = CARTESIAN_POINT('',(-0.672062243615,4.44550726219,
    12.849607721144));
#2239 = CARTESIAN_POINT('',(-2.942412895246,3.97070852624,
    12.949222779255));
#2240 = CARTESIAN_POINT('',(-4.836720490585,2.172384761545,
    13.048821274915));
#2241 = CARTESIAN_POINT('',(-5.438805408958,-0.643726682304,
    13.148443045808));
#2242 = CARTESIAN_POINT('',(-4.195944126328,-3.241467762463,
    13.248043717738));
#2243 = CARTESIAN_POINT('',(-1.93417498446,-4.547893437,13.347656633621)
  );
#2244 = CARTESIAN_POINT('',(0.384292060568,-4.47956605384,13.44726536467
    ));
#2245 = CARTESIAN_POINT('',(3.816857652178,-2.376087136775,
    13.64648410152));
#2246 = CARTESIAN_POINT('',(4.930299793946,-0.341337848261,
    13.746092832583));
#2247 = CARTESIAN_POINT('',(4.793087678583,2.267018057212,
    13.845705748431));
#2248 = CARTESIAN_POINT('',(3.042730626189,4.553765327119,
    13.945306420403));
#2249 = CARTESIAN_POINT('',(0.260216118476,5.295791558211,
    14.044928191275));
#2250 = CARTESIAN_POINT('',(-2.202099733979,4.424373018632,
    14.144526686925));
#2251 = CARTESIAN_POINT('',(-3.655866119154,2.617029880667,
    14.244141745058));
#2252 = CARTESIAN_POINT('',(-4.28564199334,-1.359218592566,
    14.443357721138));
#2253 = CARTESIAN_POINT('',(-3.461527728077,-3.527342573985,
    14.542972779259));
#2254 = CARTESIAN_POINT('',(-1.389009317766,-5.1170082833,
    14.642571274919));
#2255 = CARTESIAN_POINT('',(1.486617953246,-5.271143650018,
    14.742193045797));
#2256 = CARTESIAN_POINT('',(3.857950190143,-3.637207815995,
    14.841793717751));
#2257 = CARTESIAN_POINT('',(4.794472950982,-1.198914803946,
    14.941406633615));
#2258 = CARTESIAN_POINT('',(4.36429863939,1.080319306851,15.041015364671
    ));
#2259 = CARTESIAN_POINT('',(1.749745476277,4.141567720898,
    15.240234101521));
#2260 = CARTESIAN_POINT('',(-0.434133397824,4.922996625804,
    15.339842832578));
#2261 = CARTESIAN_POINT('',(-2.988911409913,4.37943705859,
    15.439455748441));
#2262 = CARTESIAN_POINT('',(-4.97368885718,2.292903720157,
    15.539056420395));
#2263 = CARTESIAN_POINT('',(-5.271298345545,-0.571431893086,
    15.638678191275));
#2264 = CARTESIAN_POINT('',(-4.025417351103,-2.867112658404,
    15.738276686931));
#2265 = CARTESIAN_POINT('',(-2.012906439514,-4.020250010039,
    15.837891745053));
#2266 = CARTESIAN_POINT('',(2.012906468779,-4.020249995388,
    16.037107721144));
#2267 = CARTESIAN_POINT('',(4.025417371973,-2.86711262909,
    16.136722779253));
#2268 = CARTESIAN_POINT('',(5.271298349707,-0.571431854735,
    16.236321274917));
#2269 = CARTESIAN_POINT('',(4.973688840488,2.292903756384,
    16.335943045807));
#2270 = CARTESIAN_POINT('',(2.988911378034,4.379437080335,16.43554371774
    ));
#2271 = CARTESIAN_POINT('',(0.434133361987,4.922996628968,
    16.535156633621));
#2272 = CARTESIAN_POINT('',(-1.749745506425,4.14156770816,16.63476536467
    ));
#2273 = CARTESIAN_POINT('',(-4.364298647254,1.080319275082,
    16.83398410152));
#2274 = CARTESIAN_POINT('',(-4.794472942255,-1.198914838845,
    16.933592832584));
#2275 = CARTESIAN_POINT('',(-3.857950163664,-3.637207844084,
    17.033205748428));
#2276 = CARTESIAN_POINT('',(-1.486617914881,-5.271143660828,
    17.132806420408));
#2277 = CARTESIAN_POINT('',(1.389009355022,-5.117008273201,
    17.232428191271));
#2278 = CARTESIAN_POINT('',(3.461527753749,-3.527342548781,
    17.332026686926));
#2279 = CARTESIAN_POINT('',(4.285642003236,-1.359218561369,
    17.431641745059));
#2280 = CARTESIAN_POINT('',(3.655866100101,2.617029907278,
    17.630857721136));
#2281 = CARTESIAN_POINT('',(2.202099701781,4.424373034671,
    17.730472779262));
#2282 = CARTESIAN_POINT('',(-0.260216157043,5.295791556302,
    17.830071274921));
#2283 = CARTESIAN_POINT('',(-3.042730659322,4.553765304983,
    17.92969304579));
#2284 = CARTESIAN_POINT('',(-4.793087695094,2.267018022315,
    18.029293717758));
#2285 = CARTESIAN_POINT('',(-4.930299791459,-0.341337884149,
    18.128906633611));
#2286 = CARTESIAN_POINT('',(-3.816857634881,-2.376087164559,
    18.228515364672));
#2287 = CARTESIAN_POINT('',(-0.384292027959,-4.479566056638,
    18.427734101521));
#2288 = CARTESIAN_POINT('',(1.934175017568,-4.54789342292,
    18.527342832575));
#2289 = CARTESIAN_POINT('',(4.195944149917,-3.24146773192,
    18.626955748446));
#2290 = CARTESIAN_POINT('',(5.438805413657,-0.643726642711,
    18.726556420392));
#2291 = CARTESIAN_POINT('',(4.836720474758,2.172384796752,
    18.826178191272));
#2292 = CARTESIAN_POINT('',(2.942412866349,3.97070854766,18.925776686936
    ));
#2293 = CARTESIAN_POINT('',(0.672062211253,4.445507267081,
    19.025391745051));
#2294 = CARTESIAN_POINT('',(-3.156713384036,3.201462648308,
    19.224607721139));
#2295 = CARTESIAN_POINT('',(-4.714385949598,1.482863771462,
    19.32422277926));
#2296 = CARTESIAN_POINT('',(-5.189884799067,-1.085456783424,
    19.42382127492));
#2297 = CARTESIAN_POINT('',(-4.021712954579,-3.717635435183,
    19.523443045793));
#2298 = CARTESIAN_POINT('',(-1.48930315909,-5.088716583454,
    19.623043717754));
#2299 = CARTESIAN_POINT('',(1.108404258743,-4.816202610357,
    19.722656633613));
#2300 = CARTESIAN_POINT('',(2.94392167092,-3.398163859207,
    19.822265364671));
#2301 = CARTESIAN_POINT('',(4.48453168288,0.321197764283,20.021484101521
    ));
#2302 = CARTESIAN_POINT('',(4.189329673924,2.621809388196,
    20.121092832578));
#2303 = CARTESIAN_POINT('',(2.545169606787,4.651362385254,20.22070574844
    ));
#2304 = CARTESIAN_POINT('',(-0.215015315779,5.472545726809,
    20.320306420396));
#2305 = CARTESIAN_POINT('',(-2.902268915085,4.437336566106,
    20.419928191274));
#2306 = CARTESIAN_POINT('',(-4.382117319084,2.28503121382,
    20.519526686932));
#2307 = CARTESIAN_POINT('',(-4.495909388221,-3.164254094872E-02,
    20.619141745052));
#2308 = CARTESIAN_POINT('',(-2.668228561066,-3.618668100747,
    20.818357721143));
#2309 = CARTESIAN_POINT('',(-0.727114813746,-4.8883150363,
    20.917972779251));
#2310 = CARTESIAN_POINT('',(1.883969861369,-4.956185853829,
    21.017571274927));
#2311 = CARTESIAN_POINT('',(4.30099968851,-3.390632683943,
    21.117193045795));
#2312 = CARTESIAN_POINT('',(5.259044381045,-0.67491670937,
    21.216793717748));
#2313 = CARTESIAN_POINT('',(4.583514536929,1.848178041903,
    21.316406633617));
#2314 = CARTESIAN_POINT('',(2.89579601146,3.439267055427,21.416015364671
    ));
#2315 = CARTESIAN_POINT('',(-1.018778601575,4.379073255782,
    21.61523410152));
#2316 = CARTESIAN_POINT('',(-3.244886110399,3.727610724763,
    21.714842832583));
#2317 = CARTESIAN_POINT('',(-4.992248641681,1.78620095902,
    21.814455748434));
#2318 = CARTESIAN_POINT('',(-5.371533801829,-1.068462883635,
    21.914056420398));
#2319 = CARTESIAN_POINT('',(-3.928690704521,-3.560689540614,
    22.01367819128));
#2320 = CARTESIAN_POINT('',(-1.571384509222,-4.685623818718,
    22.113276686923));
#2321 = CARTESIAN_POINT('',(0.734568148775,-4.435607299152,
    22.212891745056));
#2322 = CARTESIAN_POINT('',(3.991519199148,-2.06929383131,22.41210772115
    ));
#2323 = CARTESIAN_POINT('',(4.941877583417,4.653812384281E-02,
    22.511722779241));
#2324 = CARTESIAN_POINT('',(4.60044916424,2.636093348788,22.611321274927
    ));
#2325 = CARTESIAN_POINT('',(2.676063783755,4.778459055307,
    22.710943045806));
#2326 = CARTESIAN_POINT('',(-0.156088429651,5.299877052206,
    22.810543717734));
#2327 = CARTESIAN_POINT('',(-2.542443547921,4.237965123789,
    22.910156633625));
#2328 = CARTESIAN_POINT('',(-3.849926270757,2.322124055315,
    23.009765364669));
#2329 = CARTESIAN_POINT('',(-4.165787511817,-1.691273728564,
    23.208984101519));
#2330 = CARTESIAN_POINT('',(-3.174105628327,-3.788062967408,
    23.308592832591));
#2331 = CARTESIAN_POINT('',(-0.983250115579,-5.210209168217,
    23.408205748416));
#2332 = CARTESIAN_POINT('',(1.895601349264,-5.138256887566,
    23.507806420417));
#2333 = CARTESIAN_POINT('',(4.13143417241,-3.323307439197,23.60742819127
    ));
#2334 = CARTESIAN_POINT('',(4.873754709236,-0.819045102891,
    23.70702668692));
#2335 = CARTESIAN_POINT('',(4.266085837442,1.419406250889,
    23.806641745064));
#2336 = CARTESIAN_POINT('',(1.419406219834,4.266085847772,
    24.005857721132));
#2337 = CARTESIAN_POINT('',(-0.81904513837,4.873754703286,
    24.105472779266));
#2338 = CARTESIAN_POINT('',(-3.323307469269,4.1314341482,24.205071274922
    ));
#2339 = CARTESIAN_POINT('',(-5.138256901366,1.895601311877,
    24.304693045783));
#2340 = CARTESIAN_POINT('',(-5.210209161059,-0.983250153513,
    24.404293717766));
#2341 = CARTESIAN_POINT('',(-3.788062944302,-3.1741056559,
    24.503906633606));
#2342 = CARTESIAN_POINT('',(-1.691273698239,-4.165787524128,
    24.603515364673));
#2343 = CARTESIAN_POINT('',(2.32212408334,-3.849926253853,
    24.802734101522));
#2344 = CARTESIAN_POINT('',(4.237965142295,-2.542443517069,
    24.902342832573));
#2345 = CARTESIAN_POINT('',(5.299877053348,-0.156088391079,
    25.001955748447));
#2346 = CARTESIAN_POINT('',(4.778459035819,2.676063818553,
    25.101556420394));
#2347 = CARTESIAN_POINT('',(2.636093315306,4.600449183417,
    25.201178191267));
#2348 = CARTESIAN_POINT('',(4.653808786826E-02,4.941877583763,
    25.300776686943));
#2349 = CARTESIAN_POINT('',(-2.06929386037,3.991519184084,
    25.400391745048));
#2350 = CARTESIAN_POINT('',(-4.435607304495,0.734568116487,
    25.599607721136));
#2351 = CARTESIAN_POINT('',(-4.685623807292,-1.571384543333,
    25.699222779261));
#2352 = CARTESIAN_POINT('',(-3.560689511994,-3.928690730437,
    25.798821274929));
#2353 = CARTESIAN_POINT('',(-1.068462844554,-5.37153380961,
    25.898443045778));
#2354 = CARTESIAN_POINT('',(1.786200995372,-4.992248628677,
    25.998043717767));
#2355 = CARTESIAN_POINT('',(3.727610748381,-3.244886083264,
    26.097656633607));
#2356 = CARTESIAN_POINT('',(4.379073263198,-1.018778569698,
    26.197265364672));
#2357 = CARTESIAN_POINT('',(3.439267034348,2.895796036496,
    26.396484101521));
#2358 = CARTESIAN_POINT('',(1.848178008539,4.583514550384,
    26.496092832575));
#2359 = CARTESIAN_POINT('',(-0.674916747656,5.259044376125,
    26.595705748447));
#2360 = CARTESIAN_POINT('',(-3.390632715246,4.300999663842,
    26.695306420389));
#2361 = CARTESIAN_POINT('',(-4.956185867548,1.883969825276,
    26.794928191278));
#2362 = CARTESIAN_POINT('',(-4.888315031005,-0.72711484932,
    26.894526686932));
#2363 = CARTESIAN_POINT('',(-3.618668081324,-2.668228587412,
    26.994141745051));
#2364 = CARTESIAN_POINT('',(-3.164250822154E-02,-4.495909388447,
    27.193357721148));
#2365 = CARTESIAN_POINT('',(2.285031245721,-4.38211730247,
    27.292972779253));
#2366 = CARTESIAN_POINT('',(4.437336587232,-2.90226888275,
    27.392571274906));
#2367 = CARTESIAN_POINT('',(5.472545728374,-0.215015275975,
    27.492193045827));
#2368 = CARTESIAN_POINT('',(4.651362366729,2.545169640664,
    27.591793717722));
#2369 = CARTESIAN_POINT('',(2.621809357698,4.189329693005,
    27.691406633629));
#2370 = CARTESIAN_POINT('',(0.321197731639,4.484531685218,
    27.791015364669));
#2371 = CARTESIAN_POINT('',(-3.398163880637,2.943921646184,
    27.99023410152));
#2372 = CARTESIAN_POINT('',(-4.816202618426,1.108404223684,
    28.089842832587));
#2373 = CARTESIAN_POINT('',(-5.088716572612,-1.489303196131,
    28.189455748426));
#2374 = CARTESIAN_POINT('',(-3.717635405911,-4.021712981643,
    28.289056420404));
#2375 = CARTESIAN_POINT('',(-1.08545674564,-5.189884806968,
    28.38867819128));
#2376 = CARTESIAN_POINT('',(1.482863805777,-4.714385938802,
    28.488276686916));
#2377 = CARTESIAN_POINT('',(3.201462671289,-3.156713360732,
    28.587891745063));
#2378 = CARTESIAN_POINT('',(4.445507262188,0.672062243614,28.78710772114
    ));
#2379 = CARTESIAN_POINT('',(3.970708526245,2.942412895247,
    28.886722779258));
#2380 = CARTESIAN_POINT('',(2.172384761538,4.836720490583,
    28.986321274916));
#2381 = CARTESIAN_POINT('',(-0.643726682298,5.438805408959,
    29.085943045805));
#2382 = CARTESIAN_POINT('',(-3.241467762467,4.195944126328,
    29.185543717744));
#2383 = CARTESIAN_POINT('',(-4.547893436999,1.93417498446,
    29.285156633618));
#2384 = CARTESIAN_POINT('',(-4.47956605384,-0.384292060568,
    29.384765364671));
#2385 = CARTESIAN_POINT('',(-2.376087136775,-3.816857652178,
    29.583984101521));
#2386 = CARTESIAN_POINT('',(-0.34133784826,-4.930299793943,
    29.683592832578));
#2387 = CARTESIAN_POINT('',(2.267018057208,-4.793087678591,
    29.783205748441));
#2388 = CARTESIAN_POINT('',(4.553765327128,-3.042730626175,
    29.882806420393));
#2389 = CARTESIAN_POINT('',(5.2957915582,-0.260216118489,29.982428191278
    ));
#2390 = CARTESIAN_POINT('',(4.424373018639,2.202099733986,
    30.082026686928));
#2391 = CARTESIAN_POINT('',(2.617029880665,3.655866119153,
    30.181641745055));
#2392 = CARTESIAN_POINT('',(-1.359218592565,4.285641993341,
    30.380857721138));
#2393 = CARTESIAN_POINT('',(-3.527342573986,3.461527728077,
    30.480472779265));
#2394 = CARTESIAN_POINT('',(-5.117008283301,1.389009317764,
    30.580071274909));
#2395 = CARTESIAN_POINT('',(-5.271143650016,-1.486617953244,
    30.679693045806));
#2396 = CARTESIAN_POINT('',(-3.637207815996,-3.857950190145,
    30.779293717745));
#2397 = CARTESIAN_POINT('',(-1.198914803945,-4.794472950981,
    30.878906633616));
#2398 = CARTESIAN_POINT('',(1.080319306851,-4.36429863939,
    30.978515364671));
#2399 = CARTESIAN_POINT('',(4.141567720898,-1.749745476277,
    31.177734101521));
#2400 = CARTESIAN_POINT('',(4.922996625805,0.434133397824,
    31.277342832577));
#2401 = CARTESIAN_POINT('',(4.379437058588,2.988911409911,
    31.376955748442));
#2402 = CARTESIAN_POINT('',(2.292903720161,4.973688857185,
    31.476556420395));
#2403 = CARTESIAN_POINT('',(-0.571431893091,5.271298345541,
    31.576178191273));
#2404 = CARTESIAN_POINT('',(-2.8671126584,4.025417351106,31.675776686933
    ));
#2405 = CARTESIAN_POINT('',(-4.020250010042,2.012906439514,
    31.775391745054));
#2406 = CARTESIAN_POINT('',(-4.020249995386,-2.012906468779,
    31.974607721133));
#2407 = CARTESIAN_POINT('',(-2.867112629094,-4.025417371975,
    32.074222779271));
#2408 = CARTESIAN_POINT('',(-0.571431854729,-5.271298349703,
    32.173821274912));
#2409 = CARTESIAN_POINT('',(2.292903756379,-4.973688840491,
    32.273443045793));
#2410 = CARTESIAN_POINT('',(4.379437080338,-2.988911378032,
    32.37304371776));
#2411 = CARTESIAN_POINT('',(4.922996628967,-0.434133361987,
    32.472656633608));
#2412 = CARTESIAN_POINT('',(4.141567708161,1.749745506426,
    32.572265364672));
#2413 = CARTESIAN_POINT('',(1.080319275082,4.364298647254,
    32.771484101522));
#2414 = CARTESIAN_POINT('',(-1.198914838845,4.794472942253,
    32.871092832569));
#2415 = CARTESIAN_POINT('',(-3.637207844081,3.85795016367,
    32.970705748457));
#2416 = CARTESIAN_POINT('',(-5.271143660839,1.486617914869,
    33.07030642038));
#2417 = CARTESIAN_POINT('',(-5.117008273188,-1.38900935501,
    33.169928191278));
#2418 = CARTESIAN_POINT('',(-3.527342548789,-3.461527753756,
    33.269526686939));
#2419 = CARTESIAN_POINT('',(-1.359218561367,-4.285642003235,
    33.369141745046));
#2420 = CARTESIAN_POINT('',(2.617029907278,-3.655866100101,
    33.568357721147));
#2421 = CARTESIAN_POINT('',(4.424373034669,-2.202099701783,
    33.667972779245));
#2422 = CARTESIAN_POINT('',(5.295791556306,0.260216157048,
    33.767571274931));
#2423 = CARTESIAN_POINT('',(4.553765304978,3.042730659317,
    33.867193045794));
#2424 = CARTESIAN_POINT('',(2.267018022318,4.793087695097,
    33.966793717746));
#2425 = CARTESIAN_POINT('',(-0.341337884151,4.930299791458,
    34.066406633619));
#2426 = CARTESIAN_POINT('',(-2.376087164559,3.816857634881,
    34.16601536467));
#2427 = CARTESIAN_POINT('',(-4.479566056638,0.38429202796,
    34.365234101519));
#2428 = CARTESIAN_POINT('',(-4.547893422921,-1.934175017565,
    34.464842832588));
#2429 = CARTESIAN_POINT('',(-3.241467731914,-4.195944149927,
    34.564455748422));
#2430 = CARTESIAN_POINT('',(-0.643726642724,-5.438805413638,
    34.664056420413));
#2431 = CARTESIAN_POINT('',(2.172384796768,-4.836720474778,
    34.76367819127));
#2432 = CARTESIAN_POINT('',(3.970708547649,-2.942412866337,
    34.863276686924));
#2433 = CARTESIAN_POINT('',(4.445507267085,-0.672062211254,
    34.962891745059));
#2434 = CARTESIAN_POINT('',(3.201462648306,3.156713384035,
    35.162107721147));
#2435 = CARTESIAN_POINT('',(1.482863771466,4.7143859496,35.261722779235)
  );
#2436 = CARTESIAN_POINT('',(-1.08545678343,5.189884799063,
    35.361321274948));
#2437 = CARTESIAN_POINT('',(-3.717635435178,4.021712954582,
    35.460943045778));
#2438 = CARTESIAN_POINT('',(-5.088716583457,1.489303159088,
    35.560543717754));
#2439 = CARTESIAN_POINT('',(-4.816202610356,-1.108404258743,
    35.660156633617));
#2440 = CARTESIAN_POINT('',(-3.398163859207,-2.94392167092,
    35.759765364671));
#2441 = CARTESIAN_POINT('',(0.321197764283,-4.48453168288,
    35.958984101518));
#2442 = CARTESIAN_POINT('',(2.621809388195,-4.18932967392,
    36.058592832593));
#2443 = CARTESIAN_POINT('',(4.651362385257,-2.545169606801,
    36.158205748412));
#2444 = CARTESIAN_POINT('',(5.472545726804,0.215015315802,
    36.257806420423));
#2445 = CARTESIAN_POINT('',(4.437336566111,2.902268915063,
    36.357428191264));
#2446 = CARTESIAN_POINT('',(2.285031213817,4.382117319094,
    36.457026686923));
#2447 = CARTESIAN_POINT('',(-3.164254094834E-02,4.49590938822,
    36.556641745062));
#2448 = CARTESIAN_POINT('',(-3.618668100746,2.668228561067,
    36.755857721143));
#2449 = CARTESIAN_POINT('',(-4.888315036304,0.727114813744,
    36.855472779249));
#2450 = CARTESIAN_POINT('',(-4.956185853824,-1.883969861366,
    36.955071274927));
#2451 = CARTESIAN_POINT('',(-3.390632683948,-4.300999688512,
    37.054693045796));
#2452 = CARTESIAN_POINT('',(-0.674916709366,-5.259044381044,
    37.154293717747));
#2453 = CARTESIAN_POINT('',(1.848178041902,-4.583514536929,
    37.253906633618));
#2454 = CARTESIAN_POINT('',(3.439267055427,-2.89579601146,
    37.353515364671));
#2455 = CARTESIAN_POINT('',(4.379073255782,1.018778601575,37.55273410152
    ));
#2456 = CARTESIAN_POINT('',(3.72761072476,3.244886110399,37.652342832583
    ));
#2457 = CARTESIAN_POINT('',(1.786200959031,4.992248641683,
    37.751955748432));
#2458 = CARTESIAN_POINT('',(-1.068462883654,5.371533801827,
    37.851556420402));
#2459 = CARTESIAN_POINT('',(-3.560689540595,3.928690704522,
    37.951178191277));
#2460 = CARTESIAN_POINT('',(-4.685623818729,1.571384509222,
    38.050776686922));
#2461 = CARTESIAN_POINT('',(-4.43560729915,-0.734568148777,
    38.150391745058));
#2462 = CARTESIAN_POINT('',(-2.069293831311,-3.991519199146,
    38.349607721145));
#2463 = CARTESIAN_POINT('',(4.653812384343E-02,-4.941877583423,
    38.449222779252));
#2464 = CARTESIAN_POINT('',(2.636093348788,-4.600449164231,
    38.548821274913));
#2465 = CARTESIAN_POINT('',(4.778459055308,-2.676063783764,
    38.648443045816));
#2466 = CARTESIAN_POINT('',(5.299877052206,0.156088429656,
    38.748043717731));
#2467 = CARTESIAN_POINT('',(4.237965123789,2.54244354792,38.847656633625
    ));
#2468 = CARTESIAN_POINT('',(2.322124055314,3.849926270757,
    38.947265364669));
#2469 = CARTESIAN_POINT('',(-1.691273728564,4.165787511816,
    39.146484101519));
#2470 = CARTESIAN_POINT('',(-3.788062967406,3.174105628327,
    39.246092832587));
#2471 = CARTESIAN_POINT('',(-5.210209168221,0.983250115579,
    39.345705748424));
#2472 = CARTESIAN_POINT('',(-5.138256887558,-1.895601349265,
    39.445306420408));
#2473 = CARTESIAN_POINT('',(-3.323307439203,-4.131434172409,
    39.544928191274));
#2474 = CARTESIAN_POINT('',(-0.819045102888,-4.873754709238,
    39.644526686922));
#2475 = CARTESIAN_POINT('',(1.41940625089,-4.266085837441,39.74414174506
    ));
#2476 = CARTESIAN_POINT('',(4.266085847771,-1.419406219835,
    39.943357721144));
#2477 = CARTESIAN_POINT('',(4.873754703287,0.819045138371,
    40.042972779253));
#2478 = CARTESIAN_POINT('',(4.131434148199,3.32330746927,40.142571274917
    ));
#2479 = CARTESIAN_POINT('',(1.895601311878,5.138256901364,
    40.242193045809));
#2480 = CARTESIAN_POINT('',(-0.983250153513,5.210209161061,
    40.341793717738));
#2481 = CARTESIAN_POINT('',(-3.174105655901,3.788062944301,
    40.441406633621));
#2482 = CARTESIAN_POINT('',(-4.165787524127,1.69127369824,40.54101536467
    ));
#2483 = CARTESIAN_POINT('',(-3.849926253853,-2.32212408334,
    40.74023410152));
#2484 = CARTESIAN_POINT('',(-2.542443517071,-4.237965142296,
    40.839842832584));
#2485 = CARTESIAN_POINT('',(-0.156088391072,-5.299877053342,
    40.939455748428));
#2486 = CARTESIAN_POINT('',(2.676063818538,-4.778459035828,
    41.03905642041));
#2487 = CARTESIAN_POINT('',(4.600449183431,-2.636093315298,
    41.138678191266));
#2488 = CARTESIAN_POINT('',(4.941877583755,-4.653808787144E-02,
    41.238276686931));
#2489 = CARTESIAN_POINT('',(3.991519184086,2.069293860368,
    41.337891745059));
#2490 = CARTESIAN_POINT('',(0.734568116487,4.435607304496,
    41.537107721122));
#2491 = CARTESIAN_POINT('',(-1.571384543334,4.685623807293,
    41.636722779278));
#2492 = CARTESIAN_POINT('',(-3.928690730433,3.560689511992,
    41.736321274929));
#2493 = CARTESIAN_POINT('',(-5.371533809615,1.068462844556,
    41.835943045756));
#2494 = CARTESIAN_POINT('',(-4.992248628674,-1.786200995374,
    41.935543717794));
#2495 = CARTESIAN_POINT('',(-3.244886083265,-3.72761074838,
    42.035156633591));
#2496 = CARTESIAN_POINT('',(-1.018778569698,-4.379073263199,
    42.134765364675));
#2497 = CARTESIAN_POINT('',(2.895796036496,-3.439267034347,
    42.333984101523));
#2498 = CARTESIAN_POINT('',(4.583514550382,-1.848178008535,
    42.433592832562));
#2499 = CARTESIAN_POINT('',(5.259044376132,0.674916747639,
    42.533205748467));
#2500 = CARTESIAN_POINT('',(4.300999663831,3.390632715278,42.63280642038
    ));
#2501 = CARTESIAN_POINT('',(1.883969825285,4.956185867515,
    42.732428191263));
#2502 = CARTESIAN_POINT('',(-0.727114849324,4.888315031025,
    42.832026686959));
#2503 = CARTESIAN_POINT('',(-2.668228587412,3.618668081321,
    42.931641745038));
#2504 = CARTESIAN_POINT('',(-4.495909388447,3.164250822118E-02,
    43.130857721133));
#2505 = CARTESIAN_POINT('',(-4.382117302471,-2.285031245718,
    43.230472779267));
#2506 = CARTESIAN_POINT('',(-2.902268882748,-4.437336587235,
    43.330071274929));
#2507 = CARTESIAN_POINT('',(-0.215015275976,-5.472545728372,
    43.429693045769));
#2508 = CARTESIAN_POINT('',(2.545169640664,-4.651362366729,
    43.529293717778));
#2509 = CARTESIAN_POINT('',(4.189329693004,-2.621809357699,
    43.628906633601));
#2510 = CARTESIAN_POINT('',(4.484531685218,-0.321197731639,
    43.728515364674));
#2511 = CARTESIAN_POINT('',(2.943921646184,3.398163880637,
    43.927734101522));
#2512 = CARTESIAN_POINT('',(1.108404223684,4.816202618426,
    44.027342832572));
#2513 = CARTESIAN_POINT('',(-1.489303196128,5.088716572612,
    44.126955748448));
#2514 = CARTESIAN_POINT('',(-4.021712981651,3.717635405912,
    44.226556420397));
#2515 = CARTESIAN_POINT('',(-5.189884806956,1.085456745639,
    44.326178191261));
#2516 = CARTESIAN_POINT('',(-4.714385938811,-1.482863805775,
    44.425776686948));
#2517 = CARTESIAN_POINT('',(-3.156713360729,-3.201462671289,
    44.525391745049));
#2518 = CARTESIAN_POINT('',(0.672062243614,-4.445507262188,
    44.72460772112));
#2519 = CARTESIAN_POINT('',(2.942412895246,-3.970708526243,
    44.824222779292));
#2520 = CARTESIAN_POINT('',(4.836720490584,-2.17238476154,
    44.923821274907));
#2521 = CARTESIAN_POINT('',(5.438805408961,0.6437266823,45.023443045775)
  );
#2522 = CARTESIAN_POINT('',(4.195944126326,3.241467762466,
    45.123043717785));
#2523 = CARTESIAN_POINT('',(1.934174984461,4.547893436999,
    45.222656633594));
#2524 = CARTESIAN_POINT('',(-0.384292060568,4.479566053841,
    45.322265364674));
#2525 = CARTESIAN_POINT('',(-3.816857652178,2.376087136774,
    45.521484101525));
#2526 = CARTESIAN_POINT('',(-4.930299793941,0.34133784826,
    45.621092832555));
#2527 = CARTESIAN_POINT('',(-4.793087678602,-2.267018057201,
    45.72070574848));
#2528 = CARTESIAN_POINT('',(-3.042730626156,-4.553765327143,
    45.820306420363));
#2529 = CARTESIAN_POINT('',(-0.260216118508,-5.295791558182,
    45.919928191278));
#2530 = CARTESIAN_POINT('',(2.202099733995,-4.424373018652,
    46.019526686952));
#2531 = CARTESIAN_POINT('',(3.655866119152,-2.617029880662,
    46.119141745034));
#2532 = CARTESIAN_POINT('',(4.285641993341,1.359218592563,
    46.318357721157));
#2533 = CARTESIAN_POINT('',(3.461527728079,3.527342573988,
    46.417972779246));
#2534 = CARTESIAN_POINT('',(1.389009317761,5.117008283299,
    46.517571274904));
#2535 = CARTESIAN_POINT('',(-1.48661795324,5.271143650017,
    46.617193045838));
#2536 = CARTESIAN_POINT('',(-3.857950190146,3.637207815997,
    46.716793717709));
#2537 = CARTESIAN_POINT('',(-4.794472950981,1.198914803944,
    46.816406633636));
#2538 = CARTESIAN_POINT('',(-4.364298639389,-1.080319306851,
    46.916015364668));
#2539 = CARTESIAN_POINT('',(-1.749745476278,-4.141567720898,
    47.115234101518));
#2540 = CARTESIAN_POINT('',(0.434133397822,-4.922996625809,
    47.214842832597));
#2541 = CARTESIAN_POINT('',(2.988911409919,-4.379437058571,
    47.314455748405));
#2542 = CARTESIAN_POINT('',(4.973688857167,-2.292903720192,
    47.414056420428));
#2543 = CARTESIAN_POINT('',(5.271298345561,0.571431893122,
    47.513678191265));
#2544 = CARTESIAN_POINT('',(4.025417351093,2.867112658384,
    47.613276686917));
#2545 = CARTESIAN_POINT('',(2.012906439517,4.020250010043,
    47.712891745069));
#2546 = CARTESIAN_POINT('',(-2.01290646878,4.020249995385,
    47.912107721128));
#2547 = CARTESIAN_POINT('',(-4.025417371973,2.867112629095,
    48.01172277927));
#2548 = CARTESIAN_POINT('',(-5.271298349704,0.571431854729,
    48.11132127492));
#2549 = CARTESIAN_POINT('',(-4.973688840491,-2.292903756379,
    48.210943045782));
#2550 = CARTESIAN_POINT('',(-2.988911378032,-4.379437080338,
    48.310543717767));
#2551 = CARTESIAN_POINT('',(-0.434133361988,-4.922996628967,
    48.410156633609));
#2552 = CARTESIAN_POINT('',(1.749745506426,-4.14156770816,
    48.509765364668));
#2553 = CARTESIAN_POINT('',(4.364298647253,-1.080319275082,
    48.708984101534));
#2554 = CARTESIAN_POINT('',(4.794472942256,1.198914838847,
    48.808592832509));
#2555 = CARTESIAN_POINT('',(3.857950163664,3.637207844075,
    48.908205748602));
#2556 = CARTESIAN_POINT('',(1.48661791488,5.271143660847,49.007806420136
    ));
#2557 = CARTESIAN_POINT('',(-1.389009355025,5.117008273178,
    49.10742819159));
#2558 = CARTESIAN_POINT('',(-3.461527753741,3.527342548799,
    49.207026686627));
#2559 = CARTESIAN_POINT('',(-4.285642003248,1.35921856136,49.30664174529
    ));
#2560 = CARTESIAN_POINT('',(-3.655866100076,-2.617029907264,
    49.505857720607));
#2561 = CARTESIAN_POINT('',(-2.202099701913,-4.42437303474,
    49.60547278197));
#2562 = CARTESIAN_POINT('',(0.260216157366,-5.295791556131,
    49.705071268294));
#2563 = CARTESIAN_POINT('',(3.042730658776,-4.553765305275,
    49.804693056936));
#2564 = CARTESIAN_POINT('',(4.793087695784,-2.267018021942,
    49.904293703666));
#2565 = CARTESIAN_POINT('',(4.930299790782,0.341337883781,
    50.003906647419));
#2566 = CARTESIAN_POINT('',(3.816857635397,2.376087164839,
    50.103515354142));
#2567 = CARTESIAN_POINT('',(0.384292026842,4.479566056031,
    50.302734124333));
#2568 = CARTESIAN_POINT('',(-1.934175011828,4.547893426037,
    50.402342715465));
#2569 = CARTESIAN_POINT('',(-4.195944164008,3.241467724272,
    50.501956035856));
#2570 = CARTESIAN_POINT('',(-5.438805389913,0.643726655598,
    50.601555936126));
#2571 = CARTESIAN_POINT('',(-4.836720504792,-2.172384813054,
    50.701178803914));
#2572 = CARTESIAN_POINT('',(-2.942412836928,-3.970708531685,
    50.800776086637));
#2573 = CARTESIAN_POINT('',(-0.672062233679,-4.445507279262,
    50.900392202734));
#2574 = CARTESIAN_POINT('',(1.242325599467,-3.823484950592,
    50.99999946622));
#2575 = DEFINITIONAL_REPRESENTATION('',(#2576),#2580);
#2576 = LINE('',#2577,#2578);
#2577 = CARTESIAN_POINT('',(0.,0.));
#2578 = VECTOR('',#2579,1.);
#2579 = DIRECTION('',(0.,1.));
#2580 = ( GEOMETRIC_REPRESENTATION_CONTEXT(2) 
PARAMETRIC_REPRESENTATION_CONTEXT() REPRESENTATION_CONTEXT('2D SPACE',''
  ) );
#2581 = PCURVE('',#2582,#3483);
#2582 = B_SPLINE_SURFACE_WITH_KNOTS('',1,8,(
    (#2583,#2584,#2585,#2586,#2587,#2588,#2589,#2590,#2591,#2592,#2593
      ,#2594,#2595,#2596,#2597,#2598,#2599,#2600,#2601,#2602,#2603,#2604
      ,#2605,#2606,#2607,#2608,#2609,#2610,#2611,#2612,#2613,#2614,#2615
      ,#2616,#2617,#2618,#2619,#2620,#2621,#2622,#2623,#2624,#2625,#2626
      ,#2627,#2628,#2629,#2630,#2631,#2632,#2633,#2634,#2635,#2636,#2637
      ,#2638,#2639,#2640,#2641,#2642,#2643,#2644,#2645,#2646,#2647,#2648
      ,#2649,#2650,#2651,#2652,#2653,#2654,#2655,#2656,#2657,#2658,#2659
      ,#2660,#2661,#2662,#2663,#2664,#2665,#2666,#2667,#2668,#2669,#2670
      ,#2671,#2672,#2673,#2674,#2675,#2676,#2677,#2678,#2679,#2680,#2681
      ,#2682,#2683,#2684,#2685,#2686,#2687,#2688,#2689,#2690,#2691,#2692
      ,#2693,#2694,#2695,#2696,#2697,#2698,#2699,#2700,#2701,#2702,#2703
      ,#2704,#2705,#2706,#2707,#2708,#2709,#2710,#2711,#2712,#2713,#2714
      ,#2715,#2716,#2717,#2718,#2719,#2720,#2721,#2722,#2723,#2724,#2725
      ,#2726,#2727,#2728,#2729,#2730,#2731,#2732,#2733,#2734,#2735,#2736
      ,#2737,#2738,#2739,#2740,#2741,#2742,#2743,#2744,#2745,#2746,#2747
      ,#2748,#2749,#2750,#2751,#2752,#2753,#2754,#2755,#2756,#2757,#2758
      ,#2759,#2760,#2761,#2762,#2763,#2764,#2765,#2766,#2767,#2768,#2769
      ,#2770,#2771,#2772,#2773,#2774,#2775,#2776,#2777,#2778,#2779,#2780
      ,#2781,#2782,#2783,#2784,#2785,#2786,#2787,#2788,#2789,#2790,#2791
      ,#2792,#2793,#2794,#2795,#2796,#2797,#2798,#2799,#2800,#2801,#2802
      ,#2803,#2804,#2805,#2806,#2807,#2808,#2809,#2810,#2811,#2812,#2813
      ,#2814,#2815,#2816,#2817,#2818,#2819,#2820,#2821,#2822,#2823,#2824
      ,#2825,#2826,#2827,#2828,#2829,#2830,#2831,#2832,#2833,#2834,#2835
      ,#2836,#2837,#2838,#2839,#2840,#2841,#2842,#2843,#2844,#2845,#2846
      ,#2847,#2848,#2849,#2850,#2851,#2852,#2853,#2854,#2855,#2856,#2857
      ,#2858,#2859,#2860,#2861,#2862,#2863,#2864,#2865,#2866,#2867,#2868
      ,#2869,#2870,#2871,#2872,#2873,#2874,#2875,#2876,#2877,#2878,#2879
      ,#2880,#2881,#2882,#2883,#2884,#2885,#2886,#2887,#2888,#2889,#2890
      ,#2891,#2892,#2893,#2894,#2895,#2896,#2897,#2898,#2899,#2900,#2901
      ,#2902,#2903,#2904,#2905,#2906,#2907,#2908,#2909,#2910,#2911,#2912
      ,#2913,#2914,#2915,#2916,#2917,#2918,#2919,#2920,#2921,#2922,#2923
      ,#2924,#2925,#2926,#2927,#2928,#2929,#2930,#2931,#2932,#2933,#2934
      ,#2935,#2936,#2937,#2938,#2939,#2940,#2941,#2942,#2943,#2944,#2945
      ,#2946,#2947,#2948,#2949,#2950,#2951,#2952,#2953,#2954,#2955,#2956
      ,#2957,#2958,#2959,#2960,#2961,#2962,#2963,#2964,#2965,#2966,#2967
      ,#2968,#2969,#2970,#2971,#2972,#2973,#2974,#2975,#2976,#2977,#2978
      ,#2979,#2980,#2981,#2982,#2983,#2984,#2985,#2986,#2987,#2988,#2989
      ,#2990,#2991,#2992,#2993,#2994,#2995,#2996,#2997,#2998,#2999,#3000
      ,#3001,#3002,#3003,#3004,#3005,#3006,#3007,#3008,#3009,#3010,#3011
      ,#3012,#3013,#3014,#3015,#3016,#3017,#3018,#3019,#3020,#3021,#3022
      ,#3023,#3024,#3025,#3026,#3027,#3028,#3029,#3030,#3031,#3032)
    ,(#3033,#3034,#3035,#3036,#3037,#3038,#3039,#3040,#3041,#3042,#3043
      ,#3044,#3045,#3046,#3047,#3048,#3049,#3050,#3051,#3052,#3053,#3054
      ,#3055,#3056,#3057,#3058,#3059,#3060,#3061,#3062,#3063,#3064,#3065
      ,#3066,#3067,#3068,#3069,#3070,#3071,#3072,#3073,#3074,#3075,#3076
      ,#3077,#3078,#3079,#3080,#3081,#3082,#3083,#3084,#3085,#3086,#3087
      ,#3088,#3089,#3090,#3091,#3092,#3093,#3094,#3095,#3096,#3097,#3098
      ,#3099,#3100,#3101,#3102,#3103,#3104,#3105,#3106,#3107,#3108,#3109
      ,#3110,#3111,#3112,#3113,#3114,#3115,#3116,#3117,#3118,#3119,#3120
      ,#3121,#3122,#3123,#3124,#3125,#3126,#3127,#3128,#3129,#3130,#3131
      ,#3132,#3133,#3134,#3135,#3136,#3137,#3138,#3139,#3140,#3141,#3142
      ,#3143,#3144,#3145,#3146,#3147,#3148,#3149,#3150,#3151,#3152,#3153
      ,#3154,#3155,#3156,#3157,#3158,#3159,#3160,#3161,#3162,#3163,#3164
      ,#3165,#3166,#3167,#3168,#3169,#3170,#3171,#3172,#3173,#3174,#3175
      ,#3176,#3177,#3178,#3179,#3180,#3181,#3182,#3183,#3184,#3185,#3186
      ,#3187,#3188,#3189,#3190,#3191,#3192,#3193,#3194,#3195,#3196,#3197
      ,#3198,#3199,#3200,#3201,#3202,#3203,#3204,#3205,#3206,#3207,#3208
      ,#3209,#3210,#3211,#3212,#3213,#3214,#3215,#3216,#3217,#3218,#3219
      ,#3220,#3221,#3222,#3223,#3224,#3225,#3226,#3227,#3228,#3229,#3230
      ,#3231,#3232,#3233,#3234,#3235,#3236,#3237,#3238,#3239,#3240,#3241
      ,#3242,#3243,#3244,#3245,#3246,#3247,#3248,#3249,#3250,#3251,#3252
      ,#3253,#3254,#3255,#3256,#3257,#3258,#3259,#3260,#3261,#3262,#3263
      ,#3264,#3265,#3266,#3267,#3268,#3269,#3270,#3271,#3272,#3273,#3274
      ,#3275,#3276,#3277,#3278,#3279,#3280,#3281,#3282,#3283,#3284,#3285
      ,#3286,#3287,#3288,#3289,#3290,#3291,#3292,#3293,#3294,#3295,#3296
      ,#3297,#3298,#3299,#3300,#3301,#3302,#3303,#3304,#3305,#3306,#3307
      ,#3308,#3309,#3310,#3311,#3312,#3313,#3314,#3315,#3316,#3317,#3318
      ,#3319,#3320,#3321,#3322,#3323,#3324,#3325,#3326,#3327,#3328,#3329
      ,#3330,#3331,#3332,#3333,#3334,#3335,#3336,#3337,#3338,#3339,#3340
      ,#3341,#3342,#3343,#3344,#3345,#3346,#3347,#3348,#3349,#3350,#3351
      ,#3352,#3353,#3354,#3355,#3356,#3357,#3358,#3359,#3360,#3361,#3362
      ,#3363,#3364,#3365,#3366,#3367,#3368,#3369,#3370,#3371,#3372,#3373
      ,#3374,#3375,#3376,#3377,#3378,#3379,#3380,#3381,#3382,#3383,#3384
      ,#3385,#3386,#3387,#3388,#3389,#3390,#3391,#3392,#3393,#3394,#3395
      ,#3396,#3397,#3398,#3399,#3400,#3401,#3402,#3403,#3404,#3405,#3406
      ,#3407,#3408,#3409,#3410,#3411,#3412,#3413,#3414,#3415,#3416,#3417
      ,#3418,#3419,#3420,#3421,#3422,#3423,#3424,#3425,#3426,#3427,#3428
      ,#3429,#3430,#3431,#3432,#3433,#3434,#3435,#3436,#3437,#3438,#3439
      ,#3440,#3441,#3442,#3443,#3444,#3445,#3446,#3447,#3448,#3449,#3450
      ,#3451,#3452,#3453,#3454,#3455,#3456,#3457,#3458,#3459,#3460,#3461
      ,#3462,#3463,#3464,#3465,#3466,#3467,#3468,#3469,#3470,#3471,#3472
      ,#3473,#3474,#3475,#3476,#3477,#3478,#3479,#3480,#3481,#3482
  )),.UNSPECIFIED.,.F.,.F.,.F.,(2,2),(9,7,7,7,7,7,7,7,7,7,7,7,7,7,7,7,7,
    7,7,7,7,7,7,7,7,7,7,7,7,7,7,7,7,7,7,7,7,7,7,7,7,7,7,7,7,7,7,7,7,7,7,
    7,7,7,7,7,7,7,7,7,7,7,7,7,9),(0.,0.55),(0.,4.08402808758,
    8.168056175161,12.252084262741,16.336112350322,20.420140437902,
    24.504168525483,28.588196613063,32.672224700643,36.756252788224,
    40.840280875804,44.924308963385,49.008337050965,53.092365138546,
    57.176393226126,61.260421313707,65.344449401287,69.428477488867,
    73.512505576448,77.596533664028,81.680561751609,85.764589839189,
    89.84861792677,93.93264601435,98.01667410193,102.10070218951,
    106.18473027709,110.26875836467,114.35278645225,118.43681453983,
    122.52084262741,126.60487071499,130.68889880257,134.77292689015,
    138.85695497773,142.94098306531,147.02501115289,151.10903924047,
    155.19306732805,159.27709541563,163.36112350321,167.44515159079,
    171.52917967837,175.61320776595,179.69723585353,183.78126394112,
    187.8652920287,191.94932011628,196.03334820386,200.11737629144,
    204.20140437902,208.2854324666,212.36946055418,216.45348864176,
    220.53751672934,224.62154481692,228.7055729045,232.78960099208,
    236.87362907966,240.95765716724,245.04168525482,249.1257133424,
    253.20974142998,257.29376951756,261.37779760514),.UNSPECIFIED.);
#2583 = CARTESIAN_POINT('',(3.34525,8.881784197001E-16,0.275));
#2584 = CARTESIAN_POINT('',(3.345251483835,1.674936185209,0.374610904088
    ));
#2585 = CARTESIAN_POINT('',(2.385720835112,3.349560468125,0.474215397513
    ));
#2586 = CARTESIAN_POINT('',(0.475493856189,4.386231314487,0.573833529085
    ));
#2587 = CARTESIAN_POINT('',(-1.907929234587,4.138621678474,
    0.673433133372));
#2588 = CARTESIAN_POINT('',(-3.644128319821,2.487064833515,
    0.773049369423));
#2589 = CARTESIAN_POINT('',(-4.096425986767,0.361244883078,
    0.872655887401));
#2590 = CARTESIAN_POINT('',(-3.446198617808,-1.455963349764,
    0.972265830034));
#2591 = CARTESIAN_POINT('',(-0.898933786315,-3.631532989603,
    1.17148456541));
#2592 = CARTESIAN_POINT('',(0.99761946391,-3.989480051416,1.271094424341
    ));
#2593 = CARTESIAN_POINT('',(3.026512461601,-3.210204716963,
    1.370701215065));
#2594 = CARTESIAN_POINT('',(4.386133693486,-1.237008039949,
    1.470316910531));
#2595 = CARTESIAN_POINT('',(4.257846695227,1.155788008985,1.569917296368
    ));
#2596 = CARTESIAN_POINT('',(2.935112140323,2.880341662402,1.669534556236
    ));
#2597 = CARTESIAN_POINT('',(1.131002710739,3.566081388913,1.769139813548
    ));
#2598 = CARTESIAN_POINT('',(-2.177627536011,3.042047823689,1.9683605728)
  );
#2599 = CARTESIAN_POINT('',(-3.681530824586,1.832362368768,
    2.067965832028));
#2600 = CARTESIAN_POINT('',(-4.406613113118,-0.216518435954,
    2.167583085641));
#2601 = CARTESIAN_POINT('',(-3.789202522313,-2.531862192403,
    2.267183483892));
#2602 = CARTESIAN_POINT('',(-1.886377654238,-3.988325909019,
    2.366799161393));
#2603 = CARTESIAN_POINT('',(0.284024840601,-4.102503254127,
    2.466405972166));
#2604 = CARTESIAN_POINT('',(1.977142263673,-3.176007362252,
    2.566015813522));
#2605 = CARTESIAN_POINT('',(3.727447017558,-0.319769491909,
    2.765234573033));
#2606 = CARTESIAN_POINT('',(3.784300865623,1.609429280915,2.864844414344
    ));
#2607 = CARTESIAN_POINT('',(2.697230911037,3.491437738327,2.964451225268
    ));
#2608 = CARTESIAN_POINT('',(0.535635941093,4.525643792602,3.064066902466
    ));
#2609 = CARTESIAN_POINT('',(-1.807632311101,4.024620462617,
    3.163667301155));
#2610 = CARTESIAN_POINT('',(-3.304032574214,2.448391330376,
    3.263284554286));
#2611 = CARTESIAN_POINT('',(-3.699104813491,0.559220156576,
    3.362889813927));
#2612 = CARTESIAN_POINT('',(-2.663939168322,-2.62669845157,
    3.562110572624));
#2613 = CARTESIAN_POINT('',(-1.233884642324,-3.922849697685,
    3.661715832257));
#2614 = CARTESIAN_POINT('',(0.903198899725,-4.318489447862,
    3.761333085406));
#2615 = CARTESIAN_POINT('',(3.093452636922,-3.346480643643,
    3.860933484077));
#2616 = CARTESIAN_POINT('',(4.234317478046,-1.239241585171,
    3.960549161283));
#2617 = CARTESIAN_POINT('',(4.007563357353,0.922300925428,4.060155972211
    ));
#2618 = CARTESIAN_POINT('',(2.827612249015,2.449637374197,4.159765813514
    ));
#2619 = CARTESIAN_POINT('',(-0.267268581321,3.731578928835,
    4.358984573037));
#2620 = CARTESIAN_POINT('',(-2.181609617238,3.485939633697,
    4.458594414338));
#2621 = CARTESIAN_POINT('',(-3.870392220711,2.117842327905,
    4.558201225272));
#2622 = CARTESIAN_POINT('',(-4.553717529552,-0.178925291827,
    4.657816902463));
#2623 = CARTESIAN_POINT('',(-3.692294712661,-2.414966706829,
    4.757417301154));
#2624 = CARTESIAN_POINT('',(-1.901383002009,-3.646367238468,
    4.857034554288));
#2625 = CARTESIAN_POINT('',(2.633225414898E-02,-3.741044000958,
    4.956639813925));
#2626 = CARTESIAN_POINT('',(3.011091333572,-2.220235489515,5.15586057263
    ));
#2627 = CARTESIAN_POINT('',(4.067574992255,-0.605024580967,
    5.255465832242));
#2628 = CARTESIAN_POINT('',(4.124030239929,1.567639609047,5.355083085428
    ));
#2629 = CARTESIAN_POINT('',(2.821357305375,3.578872010933,5.45468348406)
  );
#2630 = CARTESIAN_POINT('',(0.561591275362,4.376046097874,5.55429916129)
  );
#2631 = CARTESIAN_POINT('',(-1.537866900487,3.813943950378,5.65390597221
    ));
#2632 = CARTESIAN_POINT('',(-2.861814282697,2.409591937902,
    5.753515813513));
#2633 = CARTESIAN_POINT('',(-3.64382698248,-0.847725615067,
    5.952734573037));
#2634 = CARTESIAN_POINT('',(-3.101742998821,-2.700071484436,
    6.052344414337));
#2635 = CARTESIAN_POINT('',(-1.486305437945,-4.154044801532,
    6.151951225279));
#2636 = CARTESIAN_POINT('',(0.889080790247,-4.469663627996,
    6.251566902447));
#2637 = CARTESIAN_POINT('',(2.962836607415,-3.269052412858,
    6.351167301175));
#2638 = CARTESIAN_POINT('',(3.898916239713,-1.307556313805,
    6.450784554272));
#2639 = CARTESIAN_POINT('',(3.69086626931,0.611236277389,6.550389813932)
  );
#2640 = CARTESIAN_POINT('',(1.721862244413,3.3213411537,6.749610572621)
  );
#2641 = CARTESIAN_POINT('',(-3.873319352604E-02,4.112143091007,
    6.849215832263));
#2642 = CARTESIAN_POINT('',(-2.19347982851,3.828023720625,6.9488330854)
  );
#2643 = CARTESIAN_POINT('',(-3.97616767843,2.226762786689,7.048433484082
    ));
#2644 = CARTESIAN_POINT('',(-4.41002193951,-0.129887275454,
    7.148049161281));
#2645 = CARTESIAN_POINT('',(-3.526412585592,-2.115565488571,
    7.247655972211));
#2646 = CARTESIAN_POINT('',(-1.932239476299,-3.203523825739,
    7.347265813514));
#2647 = CARTESIAN_POINT('',(1.407308830728,-3.466351922648,
    7.546484573037));
#2648 = CARTESIAN_POINT('',(3.152048630662,-2.64117115722,7.646094414339
    ));
#2649 = CARTESIAN_POINT('',(4.335411012866,-0.818170775345,
    7.745701225272));
#2650 = CARTESIAN_POINT('',(4.27555177393,1.577344168939,7.845316902464)
  );
#2651 = CARTESIAN_POINT('',(2.765315193318,3.437751637616,7.944917301155
    ));
#2652 = CARTESIAN_POINT('',(0.681533249605,4.055460983388,8.044534554286
    ));
#2653 = CARTESIAN_POINT('',(-1.181089634898,3.549807160826,
    8.144139813927));
#2654 = CARTESIAN_POINT('',(-3.549808531727,1.181091036323,
    8.343360572624));
#2655 = CARTESIAN_POINT('',(-4.055456579437,-0.681537228251,
    8.442965832258));
#2656 = CARTESIAN_POINT('',(-3.437758552833,-2.765309294846,
    8.542583085406));
#2657 = CARTESIAN_POINT('',(-1.577337977999,-4.275556901545,
    8.642183484077));
#2658 = CARTESIAN_POINT('',(0.818167570481,-4.335408404971,
    8.741799161283));
#2659 = CARTESIAN_POINT('',(2.641171833165,-3.152049239455,
    8.841405972211));
#2660 = CARTESIAN_POINT('',(3.466351980305,-1.407308866055,
    8.941015813514));
#2661 = CARTESIAN_POINT('',(3.203523774317,1.932239432388,9.140234573037
    ));
#2662 = CARTESIAN_POINT('',(2.115564916183,3.526411878554,9.239844414338
    ));
#2663 = CARTESIAN_POINT('',(0.1298900329,4.410025016643,9.339451225275)
  );
#2664 = CARTESIAN_POINT('',(-2.226768099279,3.976161645479,
    9.439066902458));
#2665 = CARTESIAN_POINT('',(-3.828017813264,2.193486736129,
    9.538667301162));
#2666 = CARTESIAN_POINT('',(-4.112146818343,3.872857493977E-02,
    9.638284554281));
#2667 = CARTESIAN_POINT('',(-3.321340018909,-1.721860645787,
    9.73788981393));
#2668 = CARTESIAN_POINT('',(-0.6112374471,-3.690867842561,9.937110572618
    ));
#2669 = CARTESIAN_POINT('',(1.307559554514,-3.898911267595,
    10.036715832276));
#2670 = CARTESIAN_POINT('',(3.269047668824,-2.962844360205,
    10.136333085381));
#2671 = CARTESIAN_POINT('',(4.469667723969,-0.889073873403,
    10.235933484097));
#2672 = CARTESIAN_POINT('',(4.154042727113,1.486301864577,
    10.335549161274));
#2673 = CARTESIAN_POINT('',(2.700071979991,3.101743761681,
    10.435155972212));
#2674 = CARTESIAN_POINT('',(0.847725640938,3.643827044954,
    10.534765813514));
#2675 = CARTESIAN_POINT('',(-2.409591886486,2.861814238777,
    10.733984573037));
#2676 = CARTESIAN_POINT('',(-3.813943162503,1.537866445756,
    10.833594414339));
#2677 = CARTESIAN_POINT('',(-4.376049568492,-0.561589033247,
    10.933201225266));
#2678 = CARTESIAN_POINT('',(-3.57886522116,-2.821361608776,
    11.032816902478));
#2679 = CARTESIAN_POINT('',(-1.567647355767,-4.124025485903,
    11.132417301136));
#2680 = CARTESIAN_POINT('',(0.605029725794,-4.067577951191,11.2320345543
    ));
#2681 = CARTESIAN_POINT('',(2.220233733044,-3.01109046283,
    11.331639813924));
#2682 = CARTESIAN_POINT('',(3.741045737826,-2.633316335184E-02,
    11.53086057262));
#2683 = CARTESIAN_POINT('',(3.646361820599,1.901385425018,
    11.630465832275));
#2684 = CARTESIAN_POINT('',(2.41497510631,3.692291239825,11.730083085382
    ));
#2685 = CARTESIAN_POINT('',(0.17891781938,4.553720493073,11.829683484096
    ));
#2686 = CARTESIAN_POINT('',(-2.117838474017,3.870390730827,
    11.929299161275));
#2687 = CARTESIAN_POINT('',(-3.485940464687,2.181609987355,
    12.028905972212));
#2688 = CARTESIAN_POINT('',(-3.731578994587,0.267268597102,
    12.128515813514));
#2689 = CARTESIAN_POINT('',(-2.449637338862,-2.827612191363,
    12.327734573037));
#2690 = CARTESIAN_POINT('',(-0.922300599544,-4.007562508038,
    12.427344414339));
#2691 = CARTESIAN_POINT('',(1.239239913576,-4.23432125669,
    12.526951225269));
#2692 = CARTESIAN_POINT('',(3.346483831923,-3.093445257526,
    12.62656690247));
#2693 = CARTESIAN_POINT('',(4.318485964207,-0.903207294774,
    12.726167301148));
#2694 = CARTESIAN_POINT('',(3.922851815369,1.233890186691,
    12.825784554288));
#2695 = CARTESIAN_POINT('',(2.626697866322,2.663937297267,
    12.925389813931));
#2696 = CARTESIAN_POINT('',(-0.559219530278,3.699106671201,
    13.124610572607));
#2697 = CARTESIAN_POINT('',(-2.448392876,3.30402684401,13.22421583231));
#2698 = CARTESIAN_POINT('',(-4.024618346527,1.807641150444,
    13.323833085335));
#2699 = CARTESIAN_POINT('',(-4.525645550671,-0.535643785145,
    13.423433484133));
#2700 = CARTESIAN_POINT('',(-3.491436869673,-2.697226871523,
    13.523049161261));
#2701 = CARTESIAN_POINT('',(-1.609429516479,-3.78430174428,
    13.622655972213));
#2702 = CARTESIAN_POINT('',(0.31976948661,-3.727447084972,
    13.722265813515));
#2703 = CARTESIAN_POINT('',(3.17600729978,-1.977142237784,
    13.921484573037));
#2704 = CARTESIAN_POINT('',(4.102502364298,-0.284024651635,
    14.02109441434));
#2705 = CARTESIAN_POINT('',(3.988329902616,1.886376594444,
    14.120701225256));
#2706 = CARTESIAN_POINT('',(2.531854405135,3.789204516761,
    14.220316902502));
#2707 = CARTESIAN_POINT('',(0.216527272583,4.406610985861,
    14.319917301106));
#2708 = CARTESIAN_POINT('',(-1.832368176138,3.681532048644,
    14.419534554321));
#2709 = CARTESIAN_POINT('',(-3.042045884122,2.177627250833,
    14.519139813916));
#2710 = CARTESIAN_POINT('',(-3.566083321711,-1.131002383121,
    14.718360572625));
#2711 = CARTESIAN_POINT('',(-2.88033576106,-2.935112768661,
    14.817965832264));
#2712 = CARTESIAN_POINT('',(-1.155797070262,-4.257845992532,
    14.917583085396));
#2713 = CARTESIAN_POINT('',(1.237016061992,-4.386134195114,
    15.017183484086));
#2714 = CARTESIAN_POINT('',(3.210200591871,-3.026512245346,
    15.11679916128));
#2715 = CARTESIAN_POINT('',(3.989480955547,-0.997619549521,
    15.216405972211));
#2716 = CARTESIAN_POINT('',(3.63153305744,0.898933784305,15.316015813514
    ));
#2717 = CARTESIAN_POINT('',(1.455963333052,3.446198567915,
    15.515234573036));
#2718 = CARTESIAN_POINT('',(-0.361244925826,4.096424996912,
    15.614844414339));
#2719 = CARTESIAN_POINT('',(-2.487064423013,3.644132629854,
    15.714451225273));
#2720 = CARTESIAN_POINT('',(-4.138622410782,1.90792089452,
    15.814066902459));
#2721 = CARTESIAN_POINT('',(-4.386230620306,-0.475484369664,
    15.913667301161));
#2722 = CARTESIAN_POINT('',(-3.349560744592,-2.385727179799,
    16.013284554279));
#2723 = CARTESIAN_POINT('',(-1.674936225299,-3.345249205351,
    16.112889813934));
#2724 = CARTESIAN_POINT('',(1.674936203717,-3.345251165673,
    16.312110572606));
#2725 = CARTESIAN_POINT('',(3.34956044384,-2.385721252421,
    16.411715832311));
#2726 = CARTESIAN_POINT('',(4.386231339285,-0.475493430301,
    16.511333085334));
#2727 = CARTESIAN_POINT('',(4.138621658867,1.907928897949,
    16.610933484134));
#2728 = CARTESIAN_POINT('',(2.487064845151,3.644128519605,16.71054916126
    ));
#2729 = CARTESIAN_POINT('',(0.36124487834,4.096425905365,16.810155972213
    ));
#2730 = CARTESIAN_POINT('',(-1.455963348842,3.446198633663,
    16.909765813515));
#2731 = CARTESIAN_POINT('',(-3.631532990028,0.898933778996,
    17.108984573037));
#2732 = CARTESIAN_POINT('',(-3.989480050857,-0.997619454304,
    17.20859441434));
#2733 = CARTESIAN_POINT('',(-3.21020471755,-3.026512471422,
    17.308201225253));
#2734 = CARTESIAN_POINT('',(-1.237008039459,-4.386133685697,
    17.407816902509));
#2735 = CARTESIAN_POINT('',(1.155788008671,-4.257846699868,
    17.507417301096));
#2736 = CARTESIAN_POINT('',(2.880341662544,-2.935112138426,
    17.60703455433));
#2737 = CARTESIAN_POINT('',(3.56608138888,-1.131002711106,
    17.706639813911));
#2738 = CARTESIAN_POINT('',(3.042047823707,2.177627536179,
    17.905860572634));
#2739 = CARTESIAN_POINT('',(1.832362368738,3.681530824374,
    18.005465832237));
#2740 = CARTESIAN_POINT('',(-0.216518435919,4.406613113327,
    18.105083085432));
#2741 = CARTESIAN_POINT('',(-2.531862192431,3.789202522151,
    18.204683484057));
#2742 = CARTESIAN_POINT('',(-3.988325909005,1.886377654335,
    18.304299161292));
#2743 = CARTESIAN_POINT('',(-4.102503254131,-0.284024840642,
    18.40390597221));
#2744 = CARTESIAN_POINT('',(-3.176007362252,-1.977142263664,
    18.503515813513));
#2745 = CARTESIAN_POINT('',(-0.319769491909,-3.727447017563,
    18.702734573036));
#2746 = CARTESIAN_POINT('',(1.609429280918,-3.784300865618,
    18.802344414337));
#2747 = CARTESIAN_POINT('',(3.491437738314,-2.697230911034,
    18.901951225284));
#2748 = CARTESIAN_POINT('',(4.525643792625,-0.535635941108,
    19.001566902435));
#2749 = CARTESIAN_POINT('',(4.024620462595,1.807632311122,
    19.101167301191));
#2750 = CARTESIAN_POINT('',(2.448391330387,3.304032574199,19.20078455426
    ));
#2751 = CARTESIAN_POINT('',(0.559220156577,3.699104813495,
    19.300389813936));
#2752 = CARTESIAN_POINT('',(-2.626698451572,2.663939168321,
    19.49961057262));
#2753 = CARTESIAN_POINT('',(-3.92284969768,1.233884642325,
    19.599215832263));
#2754 = CARTESIAN_POINT('',(-4.318489447871,-0.903198899726,
    19.6988330854));
#2755 = CARTESIAN_POINT('',(-3.346480643634,-3.093452636921,
    19.798433484082));
#2756 = CARTESIAN_POINT('',(-1.239241585176,-4.234317478046,
    19.898049161281));
#2757 = CARTESIAN_POINT('',(0.92230092543,-4.007563357354,
    19.997655972211));
#2758 = CARTESIAN_POINT('',(2.449637374197,-2.827612249015,
    20.097265813514));
#2759 = CARTESIAN_POINT('',(3.731578928835,0.267268581321,
    20.296484573037));
#2760 = CARTESIAN_POINT('',(3.485939633698,2.181609617238,
    20.396094414338));
#2761 = CARTESIAN_POINT('',(2.117842327898,3.870392220713,
    20.495701225274));
#2762 = CARTESIAN_POINT('',(-0.178925291813,4.55371752955,
    20.595316902457));
#2763 = CARTESIAN_POINT('',(-2.414966706844,3.692294712662,
    20.694917301163));
#2764 = CARTESIAN_POINT('',(-3.646367238458,1.90138300201,
    20.794534554278));
#2765 = CARTESIAN_POINT('',(-3.741044000962,-2.633225415183E-02,
    20.894139813933));
#2766 = CARTESIAN_POINT('',(-2.220235489507,-3.011091333569,
    21.093360572612));
#2767 = CARTESIAN_POINT('',(-0.605024580992,-4.067574992252,
    21.192965832295));
#2768 = CARTESIAN_POINT('',(1.567639609083,-4.124030239942,
    21.292583085355));
#2769 = CARTESIAN_POINT('',(3.578872010905,-2.821357305357,
    21.392183484118));
#2770 = CARTESIAN_POINT('',(4.376046097884,-0.561591275373,
    21.491799161266));
#2771 = CARTESIAN_POINT('',(3.813943950379,1.537866900491,
    21.591405972213));
#2772 = CARTESIAN_POINT('',(2.4095919379,2.861814282697,21.691015813514)
  );
#2773 = CARTESIAN_POINT('',(-0.847725615065,3.643826982479,
    21.890234573037));
#2774 = CARTESIAN_POINT('',(-2.700071484433,3.101742998824,
    21.98984441434));
#2775 = CARTESIAN_POINT('',(-4.154044801554,1.486305437946,
    22.089451225259));
#2776 = CARTESIAN_POINT('',(-4.46966362795,-0.889080790256,
    22.189066902493));
#2777 = CARTESIAN_POINT('',(-3.269052412908,-2.962836607399,
    22.28866730112));
#2778 = CARTESIAN_POINT('',(-1.307556313777,-3.898916239726,
    22.388284554307));
#2779 = CARTESIAN_POINT('',(0.611236277386,-3.690866269308,
    22.487889813928));
#2780 = CARTESIAN_POINT('',(3.321341153695,-1.721862244401,
    22.687110572597));
#2781 = CARTESIAN_POINT('',(4.112143091009,3.873319347671E-02,
    22.786715832347));
#2782 = CARTESIAN_POINT('',(3.828023720638,2.193479828585,
    22.886333085281));
#2783 = CARTESIAN_POINT('',(2.226762786667,3.976167678367,
    22.985933484176));
#2784 = CARTESIAN_POINT('',(-0.129887275437,4.410021939536,
    23.085549161242));
#2785 = CARTESIAN_POINT('',(-2.115565488577,3.526412585591,
    23.185155972215));
#2786 = CARTESIAN_POINT('',(-3.203523825738,1.932239476296,
    23.284765813515));
#2787 = CARTESIAN_POINT('',(-3.466351922647,-1.407308830726,
    23.483984573038));
#2788 = CARTESIAN_POINT('',(-2.641171157226,-3.152048630658,
    23.583594414344));
#2789 = CARTESIAN_POINT('',(-0.818170775336,-4.335411012898,
    23.683201225231));
#2790 = CARTESIAN_POINT('',(1.577344168936,-4.275551773858,
    23.782816902559));
#2791 = CARTESIAN_POINT('',(3.437751637607,-2.765315193402,
    23.882417301033));
#2792 = CARTESIAN_POINT('',(4.055460983406,-0.681533249551,
    23.982034554377));
#2793 = CARTESIAN_POINT('',(3.549807160813,1.181089634882,
    24.081639813894));
#2794 = CARTESIAN_POINT('',(1.181091036334,3.549808531735,
    24.280860572648));
#2795 = CARTESIAN_POINT('',(-0.681537228281,4.055456579429,
    24.380465832207));
#2796 = CARTESIAN_POINT('',(-2.765309294803,3.437758552836,
    24.480083085471));
#2797 = CARTESIAN_POINT('',(-4.27555690158,1.577337978002,
    24.579683484026));
#2798 = CARTESIAN_POINT('',(-4.335408404955,-0.818167570486,
    24.679299161305));
#2799 = CARTESIAN_POINT('',(-3.152049239457,-2.641171833162,
    24.778905972208));
#2800 = CARTESIAN_POINT('',(-1.407308866056,-3.466351980306,
    24.878515813513));
#2801 = CARTESIAN_POINT('',(1.932239432389,-3.203523774318,
    25.077734573036));
#2802 = CARTESIAN_POINT('',(3.526411878552,-2.115564916181,
    25.177344414336));
#2803 = CARTESIAN_POINT('',(4.41002501664,-0.129890032903,
    25.276951225293));
#2804 = CARTESIAN_POINT('',(3.976161645492,2.226768099279,
    25.376566902415));
#2805 = CARTESIAN_POINT('',(2.19348673611,3.82801781327,25.476167301215)
  );
#2806 = CARTESIAN_POINT('',(3.87285749547E-02,4.112146818334,
    25.575784554244));
#2807 = CARTESIAN_POINT('',(-1.721860645793,3.321340018914,
    25.675389813939));
#2808 = CARTESIAN_POINT('',(-3.690867842565,0.611237447103,
    25.874610572629));
#2809 = CARTESIAN_POINT('',(-3.898911267587,-1.307559554534,
    25.974215832234));
#2810 = CARTESIAN_POINT('',(-2.96284436021,-3.26904766879,
    26.073833085441));
#2811 = CARTESIAN_POINT('',(-0.889073873405,-4.469667723999,
    26.173433484049));
#2812 = CARTESIAN_POINT('',(1.486301864582,-4.1540427271,26.273049161295
    ));
#2813 = CARTESIAN_POINT('',(3.101743761678,-2.700071979991,
    26.37265597221));
#2814 = CARTESIAN_POINT('',(3.643827044955,-0.847725640939,
    26.472265813513));
#2815 = CARTESIAN_POINT('',(2.861814238777,2.409591886487,
    26.671484573037));
#2816 = CARTESIAN_POINT('',(1.537866445753,3.813943162506,
    26.771094414336));
#2817 = CARTESIAN_POINT('',(-0.561589033238,4.376049568471,
    26.870701225288));
#2818 = CARTESIAN_POINT('',(-2.821361608791,3.578865221207,
    26.970316902429));
#2819 = CARTESIAN_POINT('',(-4.124025485892,1.567647355711,
    27.069917301199));
#2820 = CARTESIAN_POINT('',(-4.067577951193,-0.605029725756,
    27.16953455425));
#2821 = CARTESIAN_POINT('',(-3.011090462833,-2.220233733058,
    27.269139813947));
#2822 = CARTESIAN_POINT('',(-2.633316334234E-02,-3.741045737811,
    27.468360572588));
#2823 = CARTESIAN_POINT('',(1.901385424979,-3.646361820625,
    27.567965832359));
#2824 = CARTESIAN_POINT('',(3.692291239889,-2.414975106287,
    27.667583085271));
#2825 = CARTESIAN_POINT('',(4.553720493016,-0.17891781939,
    27.767183484182));
#2826 = CARTESIAN_POINT('',(3.870390730853,2.117838474015,27.86679916124
    ));
#2827 = CARTESIAN_POINT('',(2.181609987351,3.485940464692,
    27.966405972215));
#2828 = CARTESIAN_POINT('',(0.2672685971,3.731578994586,28.066015813516)
  );
#2829 = CARTESIAN_POINT('',(-2.82761219136,2.449637338862,
    28.265234573037));
#2830 = CARTESIAN_POINT('',(-4.007562508041,0.922300599547,
    28.364844414343));
#2831 = CARTESIAN_POINT('',(-4.234321256695,-1.239239913586,
    28.46445122524));
#2832 = CARTESIAN_POINT('',(-3.093445257505,-3.346483831908,
    28.564066902538));
#2833 = CARTESIAN_POINT('',(-0.903207294807,-4.318485964217,
    28.663667301063));
#2834 = CARTESIAN_POINT('',(1.233890186718,-3.922851815368,
    28.763284554351));
#2835 = CARTESIAN_POINT('',(2.663937297256,-2.626697866318,
    28.862889813908));
#2836 = CARTESIAN_POINT('',(3.699106671206,0.559219530274,
    29.062110572621));
#2837 = CARTESIAN_POINT('',(3.304026844003,2.448392876013,
    29.161715832281));
#2838 = CARTESIAN_POINT('',(1.80764115045,4.024618346507,29.261333085372
    ));
#2839 = CARTESIAN_POINT('',(-0.535643785147,4.525645550688,
    29.360933484104));
#2840 = CARTESIAN_POINT('',(-2.697226871524,3.491436869666,
    29.460549161273));
#2841 = CARTESIAN_POINT('',(-3.784301744279,1.609429516479,
    29.560155972211));
#2842 = CARTESIAN_POINT('',(-3.727447084973,-0.319769486609,
    29.659765813515));
#2843 = CARTESIAN_POINT('',(-1.977142237784,-3.176007299781,
    29.858984573036));
#2844 = CARTESIAN_POINT('',(-0.284024651632,-4.102502364296,
    29.958594414339));
#2845 = CARTESIAN_POINT('',(1.886376594433,-3.988329902614,
    30.05820122527));
#2846 = CARTESIAN_POINT('',(3.78920451678,-2.531854405146,
    30.157816902468));
#2847 = CARTESIAN_POINT('',(4.406610985843,-0.216527272566,
    30.257417301151));
#2848 = CARTESIAN_POINT('',(3.681532048651,1.832368176125,
    30.357034554288));
#2849 = CARTESIAN_POINT('',(2.177627250834,3.042045884126,
    30.456639813928));
#2850 = CARTESIAN_POINT('',(-1.131002383122,3.566083321709,
    30.65586057262));
#2851 = CARTESIAN_POINT('',(-2.935112768655,2.880335761061,
    30.755465832271));
#2852 = CARTESIAN_POINT('',(-4.257845992541,1.155797070262,
    30.855083085389));
#2853 = CARTESIAN_POINT('',(-4.386134195105,-1.237016061993,
    30.95468348409));
#2854 = CARTESIAN_POINT('',(-3.02651224535,-3.21020059187,
    31.054299161279));
#2855 = CARTESIAN_POINT('',(-0.99761954952,-3.989480955548,
    31.153905972211));
#2856 = CARTESIAN_POINT('',(0.898933784305,-3.63153305744,
    31.253515813514));
#2857 = CARTESIAN_POINT('',(3.446198567915,-1.455963333052,
    31.452734573036));
#2858 = CARTESIAN_POINT('',(4.096424996912,0.361244925827,
    31.552344414339));
#2859 = CARTESIAN_POINT('',(3.644132629851,2.48706442301,31.651951225274
    ));
#2860 = CARTESIAN_POINT('',(1.907920894526,4.138622410788,
    31.751566902458));
#2861 = CARTESIAN_POINT('',(-0.475484369669,4.386230620301,
    31.851167301161));
#2862 = CARTESIAN_POINT('',(-2.385727179797,3.349560744594,
    31.950784554283));
#2863 = CARTESIAN_POINT('',(-3.345249205349,1.674936225299,
    32.050389813925));
#2864 = CARTESIAN_POINT('',(-3.345251165688,-1.674936203714,
    32.249610572635));
#2865 = CARTESIAN_POINT('',(-2.385721252378,-3.349560443867,
    32.349215832221));
#2866 = CARTESIAN_POINT('',(-0.475493430356,-4.386231339231,
    32.448833085458));
#2867 = CARTESIAN_POINT('',(1.907928897988,-4.13862165892,
    32.548433484035));
#2868 = CARTESIAN_POINT('',(3.644128519595,-2.487064845123,
    32.648049161302));
#2869 = CARTESIAN_POINT('',(4.096425905362,-0.361244878345,
    32.747655972208));
#2870 = CARTESIAN_POINT('',(3.446198633666,1.455963348841,
    32.847265813513));
#2871 = CARTESIAN_POINT('',(0.898933778994,3.631532990031,
    33.046484573035));
#2872 = CARTESIAN_POINT('',(-0.997619454311,3.989480050853,
    33.146094414336));
#2873 = CARTESIAN_POINT('',(-3.026512471385,3.210204717537,33.2457012253
    ));
#2874 = CARTESIAN_POINT('',(-4.386133685769,1.237008039504,
    33.345316902397));
#2875 = CARTESIAN_POINT('',(-4.257846699793,-1.155788008737,
    33.44491730124));
#2876 = CARTESIAN_POINT('',(-2.935112138466,-2.880341662489,
    33.544534554221));
#2877 = CARTESIAN_POINT('',(-1.1310027111,-3.566081388905,
    33.644139813954));
#2878 = CARTESIAN_POINT('',(2.17762753618,-3.042047823685,
    33.843360572598));
#2879 = CARTESIAN_POINT('',(3.681530824352,-1.832362368789,
    33.942965832325));
#2880 = CARTESIAN_POINT('',(4.406613113372,0.216518435986,
    34.042583085317));
#2881 = CARTESIAN_POINT('',(3.789202522104,2.53186219238,34.142183484148
    ));
#2882 = CARTESIAN_POINT('',(1.886377654361,3.988325909025,
    34.241799161253));
#2883 = CARTESIAN_POINT('',(-0.284024840648,4.102503254131,
    34.341405972215));
#2884 = CARTESIAN_POINT('',(-1.977142263666,3.17600736225,
    34.441015813515));
#2885 = CARTESIAN_POINT('',(-3.72744701756,0.31976949191,34.640234573038
    ));
#2886 = CARTESIAN_POINT('',(-3.784300865622,-1.60942928091,
    34.739844414341));
#2887 = CARTESIAN_POINT('',(-2.697230911041,-3.491437738352,
    34.839451225245));
#2888 = CARTESIAN_POINT('',(-0.535635941078,-4.525643792553,
    34.939066902528));
#2889 = CARTESIAN_POINT('',(1.807632311078,-4.024620462668,
    35.038667301073));
#2890 = CARTESIAN_POINT('',(3.304032574234,-2.448391330349,
    35.138284554344));
#2891 = CARTESIAN_POINT('',(3.699104813484,-0.559220156579,
    35.237889813913));
#2892 = CARTESIAN_POINT('',(2.663939168314,2.626698451569,
    35.437110572614));
#2893 = CARTESIAN_POINT('',(1.233884642357,3.922849697682,
    35.536715832307));
#2894 = CARTESIAN_POINT('',(-0.903198899776,4.318489447876,
    35.636333085333));
#2895 = CARTESIAN_POINT('',(-3.093452636881,3.346480643625,
    35.735933484137));
#2896 = CARTESIAN_POINT('',(-4.234317478063,1.239241585181,
    35.835549161257));
#2897 = CARTESIAN_POINT('',(-4.007563357353,-0.922300925431,
    35.935155972214));
#2898 = CARTESIAN_POINT('',(-2.827612249013,-2.449637374198,
    36.034765813514));
#2899 = CARTESIAN_POINT('',(0.26726858132,-3.731578928833,
    36.233984573039));
#2900 = CARTESIAN_POINT('',(2.181609617231,-3.485939633699,
    36.333594414341));
#2901 = CARTESIAN_POINT('',(3.870392220751,-2.117842327915,
    36.433201225239));
#2902 = CARTESIAN_POINT('',(4.553717529475,0.17892529186,36.532816902546
    ));
#2903 = CARTESIAN_POINT('',(3.692294712741,2.414966706782,
    36.632417301049));
#2904 = CARTESIAN_POINT('',(1.901383001965,3.646367238506,
    36.732034554363));
#2905 = CARTESIAN_POINT('',(-2.633225414362E-02,3.741044000945,
    36.831639813905));
#2906 = CARTESIAN_POINT('',(-3.01109133357,2.220235489512,37.03086057262
    ));
#2907 = CARTESIAN_POINT('',(-4.067574992256,0.605024580987,
    37.130465832289));
#2908 = CARTESIAN_POINT('',(-4.124030239936,-1.567639609079,
    37.230083085358));
#2909 = CARTESIAN_POINT('',(-2.821357305363,-3.578872010907,
    37.329683484116));
#2910 = CARTESIAN_POINT('',(-0.56159127537,-4.376046097883,
    37.429299161267));
#2911 = CARTESIAN_POINT('',(1.53786690049,-3.81394395038,37.528905972213
    ));
#2912 = CARTESIAN_POINT('',(2.861814282697,-2.4095919379,37.628515813514
    ));
#2913 = CARTESIAN_POINT('',(3.643826982479,0.847725615065,
    37.827734573037));
#2914 = CARTESIAN_POINT('',(3.101742998821,2.700071484431,37.92734441434
    ));
#2915 = CARTESIAN_POINT('',(1.486305437954,4.154044801561,
    38.026951225258));
#2916 = CARTESIAN_POINT('',(-0.889080790272,4.469663627938,
    38.126566902498));
#2917 = CARTESIAN_POINT('',(-2.962836607383,3.26905241292,
    38.226167301112));
#2918 = CARTESIAN_POINT('',(-3.898916239737,1.30755631377,
    38.325784554314));
#2919 = CARTESIAN_POINT('',(-3.690866269305,-0.611236277385,
    38.425389813924));
#2920 = CARTESIAN_POINT('',(-1.721862244405,-3.321341153696,
    38.624610572604));
#2921 = CARTESIAN_POINT('',(3.873319348933E-02,-4.112143091009,
    38.724215832326));
#2922 = CARTESIAN_POINT('',(2.193479828566,-3.828023720634,
    38.823833085311));
#2923 = CARTESIAN_POINT('',(3.976167678384,-2.226762786672,
    38.923433484151));
#2924 = CARTESIAN_POINT('',(4.410021939529,0.129887275441,
    39.023049161254));
#2925 = CARTESIAN_POINT('',(3.526412585592,2.115565488576,
    39.122655972212));
#2926 = CARTESIAN_POINT('',(1.932239476297,3.203523825738,
    39.222265813516));
#2927 = CARTESIAN_POINT('',(-1.407308830726,3.466351922647,
    39.421484573037));
#2928 = CARTESIAN_POINT('',(-3.152048630659,2.641171157223,
    39.521094414344));
#2929 = CARTESIAN_POINT('',(-4.335411012889,0.818170775339,
    39.620701225244));
#2930 = CARTESIAN_POINT('',(-4.275551773881,-1.577344168936,
    39.720316902524));
#2931 = CARTESIAN_POINT('',(-2.765315193373,-3.437751637612,
    39.819917301082));
#2932 = CARTESIAN_POINT('',(-0.681533249572,-4.055460983398,
    39.919534554335));
#2933 = CARTESIAN_POINT('',(1.181089634892,-3.54980716082,
    40.019139813916));
#2934 = CARTESIAN_POINT('',(3.549808531723,-1.181091036319,
    40.218360572612));
#2935 = CARTESIAN_POINT('',(4.055456579444,0.681537228226,
    40.317965832307));
#2936 = CARTESIAN_POINT('',(3.437758552834,2.765309294887,
    40.417583085337));
#2937 = CARTESIAN_POINT('',(1.577337977991,4.275556901508,
    40.517183484131));
#2938 = CARTESIAN_POINT('',(-0.818167570473,4.335408404987,
    40.616799161262));
#2939 = CARTESIAN_POINT('',(-2.641171833169,3.152049239454,
    40.716405972212));
#2940 = CARTESIAN_POINT('',(-3.466351980305,1.407308866054,
    40.816015813515));
#2941 = CARTESIAN_POINT('',(-3.203523774317,-1.932239432386,
    41.015234573037));
#2942 = CARTESIAN_POINT('',(-2.115564916188,-3.526411878551,
    41.114844414341));
#2943 = CARTESIAN_POINT('',(-0.129890032887,-4.410025016663,
    41.214451225252));
#2944 = CARTESIAN_POINT('',(2.226768099261,-3.976161645434,
    41.314066902511));
#2945 = CARTESIAN_POINT('',(3.828017813277,-2.193486736183,
    41.413667301092));
#2946 = CARTESIAN_POINT('',(4.112146818341,-3.872857490228E-02,
    41.513284554338));
#2947 = CARTESIAN_POINT('',(3.321340018903,1.721860645772,
    41.612889813899));
#2948 = CARTESIAN_POINT('',(0.611237447121,3.690867842583,
    41.812110572675));
#2949 = CARTESIAN_POINT('',(-1.307559554599,3.898911267562,
    41.911715832114));
#2950 = CARTESIAN_POINT('',(-3.269047668689,2.962844360226,42.0113330856
    ));
#2951 = CARTESIAN_POINT('',(-4.469667724087,0.889073873406,
    42.110933483924));
#2952 = CARTESIAN_POINT('',(-4.154042727061,-1.486301864592,
    42.210549161348));
#2953 = CARTESIAN_POINT('',(-2.700071979995,-3.10174376167,
    42.310155972204));
#2954 = CARTESIAN_POINT('',(-0.847725640943,-3.643827044957,
    42.409765813511));
#2955 = CARTESIAN_POINT('',(2.409591886491,-2.861814238778,
    42.608984573035));
#2956 = CARTESIAN_POINT('',(3.813943162505,-1.537866445745,
    42.708594414331));
#2957 = CARTESIAN_POINT('',(4.376049568445,0.561589033215,
    42.808201225331));
#2958 = CARTESIAN_POINT('',(3.578865221271,2.82136160882,42.907816902326
    ));
#2959 = CARTESIAN_POINT('',(1.567647355634,4.124025485876,
    43.007417301325));
#2960 = CARTESIAN_POINT('',(-0.605029725708,4.067577951189,
    43.107034554166));
#2961 = CARTESIAN_POINT('',(-2.220233733066,3.011090462841,
    43.206639813962));
#2962 = CARTESIAN_POINT('',(-3.741045737831,2.63331633537E-02,
    43.405860572633));
#2963 = CARTESIAN_POINT('',(-3.64636182058,-1.901385425048,
    43.505465832202));
#2964 = CARTESIAN_POINT('',(-2.414975106327,-3.692291239769,
    43.605083085489));
#2965 = CARTESIAN_POINT('',(-0.178917819376,-4.553720493125,
    43.704683484012));
#2966 = CARTESIAN_POINT('',(2.117838474023,-3.870390730803,
    43.804299161309));
#2967 = CARTESIAN_POINT('',(3.48594046468,-2.181609987356,
    43.903905972209));
#2968 = CARTESIAN_POINT('',(3.731578994589,-0.267268597104,
    44.003515813512));
#2969 = CARTESIAN_POINT('',(2.449637338862,2.827612191365,
    44.202734573036));
#2970 = CARTESIAN_POINT('',(0.922300599541,4.007562508042,
    44.302344414334));
#2971 = CARTESIAN_POINT('',(-1.239239913565,4.234321256656,
    44.401951225298));
#2972 = CARTESIAN_POINT('',(-3.346483831938,3.093445257599,
    44.501566902406));
#2973 = CARTESIAN_POINT('',(-4.318485964198,0.903207294695,
    44.601167301223));
#2974 = CARTESIAN_POINT('',(-3.922851815368,-1.233890186646,
    44.700784554245));
#2975 = CARTESIAN_POINT('',(-2.626697866323,-2.663937297269,
    44.800389813929));
#2976 = CARTESIAN_POINT('',(0.559219530263,-3.699106671228,
    44.999610572666));
#2977 = CARTESIAN_POINT('',(2.448392876081,-3.304026843939,
    45.09921583212));
#2978 = CARTESIAN_POINT('',(4.024618346382,-1.807641150525,45.1988330856
    ));
#2979 = CARTESIAN_POINT('',(4.525645550807,0.535643785193,
    45.298433483922));
#2980 = CARTESIAN_POINT('',(3.491436869608,2.697226871517,
    45.398049161348));
#2981 = CARTESIAN_POINT('',(1.609429516488,3.78430174427,45.497655972204
    ));
#2982 = CARTESIAN_POINT('',(-0.319769486605,3.727447084977,
    45.597265813511));
#2983 = CARTESIAN_POINT('',(-3.176007299786,1.977142237782,
    45.796484573034));
#2984 = CARTESIAN_POINT('',(-4.102502364293,0.284024651621,
    45.89609441433));
#2985 = CARTESIAN_POINT('',(-3.988329902581,-1.88637659439,
    45.995701225345));
#2986 = CARTESIAN_POINT('',(-2.531854405239,-3.789204516853,
    46.095316902291));
#2987 = CARTESIAN_POINT('',(-0.216527272441,-4.406610985776,
    46.194917301375));
#2988 = CARTESIAN_POINT('',(1.832368176029,-3.681532048679,
    46.29453455412));
#2989 = CARTESIAN_POINT('',(3.042045884165,-2.177627250836,
    46.394139813995));
#2990 = CARTESIAN_POINT('',(3.566083321676,1.131002383134,
    46.593360572556));
#2991 = CARTESIAN_POINT('',(2.880335761129,2.935112768598,
    46.692965832423));
#2992 = CARTESIAN_POINT('',(1.155797070185,4.257845992641,46.79258308519
    ));
#2993 = CARTESIAN_POINT('',(-1.237016061942,4.386134195011,
    46.892183484244));
#2994 = CARTESIAN_POINT('',(-3.210200591883,3.026512245398,
    46.991799161214));
#2995 = CARTESIAN_POINT('',(-3.989480955554,0.997619549511,
    47.091405972218));
#2996 = CARTESIAN_POINT('',(-3.631533057436,-0.898933784308,
    47.191015813516));
#2997 = CARTESIAN_POINT('',(-1.455963333053,-3.446198567911,
    47.390234573039));
#2998 = CARTESIAN_POINT('',(0.361244925817,-4.096424996919,
    47.489844414345));
#2999 = CARTESIAN_POINT('',(2.487064423054,-3.644132629863,
    47.589451225214));
#3000 = CARTESIAN_POINT('',(4.138622410708,-1.907920894474,
    47.689066902602));
#3001 = CARTESIAN_POINT('',(4.386230620379,0.475484369591,
    47.788667300977));
#3002 = CARTESIAN_POINT('',(3.349560744556,2.385727179862,47.88828455442
    ));
#3003 = CARTESIAN_POINT('',(1.674936225301,3.345249205322,
    47.987889813877));
#3004 = CARTESIAN_POINT('',(-1.674936203711,3.3452511657,48.187110572661
    ));
#3005 = CARTESIAN_POINT('',(-3.349560443882,2.385721252361,
    48.286715832177));
#3006 = CARTESIAN_POINT('',(-4.386231339205,0.475493430372,
    48.386333085511));
#3007 = CARTESIAN_POINT('',(-4.138621658945,-1.907928897994,
    48.485933483993));
#3008 = CARTESIAN_POINT('',(-2.487064845109,-3.644128519598,
    48.585549161323));
#3009 = CARTESIAN_POINT('',(-0.361244878349,-4.096425905355,
    48.685155972201));
#3010 = CARTESIAN_POINT('',(1.455963348842,-3.446198633671,
    48.784765813517));
#3011 = CARTESIAN_POINT('',(3.631532990029,-0.898933778986,
    48.983984573027));
#3012 = CARTESIAN_POINT('',(3.989480050864,0.997619454267,49.08359441438
    ));
#3013 = CARTESIAN_POINT('',(3.210204717509,3.026512471492,49.18320122519
    ));
#3014 = CARTESIAN_POINT('',(1.237008039552,4.386133685588,
    49.282816902585));
#3015 = CARTESIAN_POINT('',(-1.155788008795,4.257846700022,
    49.382417300999));
#3016 = CARTESIAN_POINT('',(-2.880341662436,2.935112138242,
    49.482034554462));
#3017 = CARTESIAN_POINT('',(-3.566081388943,1.131002711269,
    49.581639813766));
#3018 = CARTESIAN_POINT('',(-3.04204782361,-2.17762753654,
    49.780860573012));
#3019 = CARTESIAN_POINT('',(-1.832362369217,-3.681530822521,
    49.880465830268));
#3020 = CARTESIAN_POINT('',(0.216518437103,-4.406613117869,
    49.980083090252));
#3021 = CARTESIAN_POINT('',(2.531862190417,-3.789202514499,
    50.079683475962));
#3022 = CARTESIAN_POINT('',(3.988325911568,-1.886377664018,
    50.179299171511));
#3023 = CARTESIAN_POINT('',(4.102503251613,0.284024850131,
    50.278905962207));
#3024 = CARTESIAN_POINT('',(3.176007364173,1.977142256428,
    50.378515821139));
#3025 = CARTESIAN_POINT('',(0.31976948775,3.727447033237,50.577734556517
    ));
#3026 = CARTESIAN_POINT('',(-1.609429259572,3.784300785154,
    50.677344499137));
#3027 = CARTESIAN_POINT('',(-3.491437790698,2.697231108505,
    50.77695101718));
#3028 = CARTESIAN_POINT('',(-4.525643704364,0.535635608386,
    50.87656725307));
#3029 = CARTESIAN_POINT('',(-4.024620574254,-1.807631890198,
    50.976166857603));
#3030 = CARTESIAN_POINT('',(-2.448391220974,-3.304032986647,
    51.075784988924));
#3031 = CARTESIAN_POINT('',(-0.559220239998,-3.69910449903,
    51.175389482525));
#3032 = CARTESIAN_POINT('',(1.033739196144,-3.181522174275,
    51.27500038653));
#3033 = CARTESIAN_POINT('',(3.34525,-4.440892098501E-16,-0.275));
#3034 = CARTESIAN_POINT('',(3.345248516104,1.674935998532,
    -0.175389095912));
#3035 = CARTESIAN_POINT('',(2.38572735973,3.34956037743,
    -7.57846024864E-02));
#3036 = CARTESIAN_POINT('',(0.475483909287,4.386230101773,
    2.383352908339E-02));
#3037 = CARTESIAN_POINT('',(-1.907920310714,4.138621977857,
    0.123433133374));
#3038 = CARTESIAN_POINT('',(-3.644132409639,2.487064156126,
    0.223049369422));
#3039 = CARTESIAN_POINT('',(-4.09642445234,0.36124491585,0.322655887402)
  );
#3040 = CARTESIAN_POINT('',(-3.446198207055,-1.455963148914,
    0.422265830034));
#3041 = CARTESIAN_POINT('',(-0.898933699076,-3.631532644285,
    0.62148456541));
#3042 = CARTESIAN_POINT('',(0.997619402625,-3.989480515234,
    0.721094424343));
#3043 = CARTESIAN_POINT('',(3.026511895772,-3.21020025067,0.820701215058
    ));
#3044 = CARTESIAN_POINT('',(4.386133687754,-1.237015951562,
    0.920316910543));
#3045 = CARTESIAN_POINT('',(4.25784552728,1.155796914001,1.019917296355)
  );
#3046 = CARTESIAN_POINT('',(2.935112456014,2.88033541951,1.119534556245)
  );
#3047 = CARTESIAN_POINT('',(1.131002279312,3.566082914852,1.219139813546
    ));
#3048 = CARTESIAN_POINT('',(-2.177626987649,3.042045556938,
    1.418360572801));
#3049 = CARTESIAN_POINT('',(-3.681531624165,1.832367994068,
    1.517965832028));
#3050 = CARTESIAN_POINT('',(-4.406610493517,-0.216527220385,
    1.61758308564));
#3051 = CARTESIAN_POINT('',(-3.789204107916,-2.531854097349,
    1.717183483893));
#3052 = CARTESIAN_POINT('',(-1.886376408366,-3.988329443624,
    1.816799161392));
#3053 = CARTESIAN_POINT('',(0.284024593851,-4.102501906254,
    1.916405972166));
#3054 = CARTESIAN_POINT('',(1.977141996042,-3.176006956316,
    2.016015813522));
#3055 = CARTESIAN_POINT('',(3.727446665152,-0.319769474379,
    2.215234573033));
#3056 = CARTESIAN_POINT('',(3.784301330291,1.609429312112,2.314844414345
    ));
#3057 = CARTESIAN_POINT('',(2.697226591335,3.491436461219,2.414451225262
    ));
#3058 = CARTESIAN_POINT('',(0.535643753756,4.525645040053,2.514066902478
    ));
#3059 = CARTESIAN_POINT('',(-1.807640922324,4.024617906821,
    2.613667301141));
#3060 = CARTESIAN_POINT('',(-3.304026458159,2.448392622524,
    2.713284554294));
#3061 = CARTESIAN_POINT('',(-3.699106253038,0.559219491024,
    2.812889813926));
#3062 = CARTESIAN_POINT('',(-2.663937015314,-2.626697555024,
    3.012110572625));
#3063 = CARTESIAN_POINT('',(-1.233890073217,-3.922851367851,
    3.111715832257));
#3064 = CARTESIAN_POINT('',(0.903207166139,-4.318485485876,
    3.211333085406));
#3065 = CARTESIAN_POINT('',(3.09344488963,-3.346483476425,3.310933484079
    ));
#3066 = CARTESIAN_POINT('',(4.234320774203,-1.239239801493,
    3.410549161282));
#3067 = CARTESIAN_POINT('',(4.007562064689,0.922300470777,3.510155972211
    ));
#3068 = CARTESIAN_POINT('',(2.827611889941,2.449637046375,3.609765813514
    ));
#3069 = CARTESIAN_POINT('',(-0.267268543505,3.731578578017,
    3.808984573037));
#3070 = CARTESIAN_POINT('',(-2.181609720744,3.485940087773,3.90859441434
    ));
#3071 = CARTESIAN_POINT('',(-3.870390283573,2.117838261159,
    4.008201225266));
#3072 = CARTESIAN_POINT('',(-4.553719983819,-0.178917770488,
    4.107816902476));
#3073 = CARTESIAN_POINT('',(-3.692290841234,-2.414974812224,
    4.207417301141));
#3074 = CARTESIAN_POINT('',(-1.901385235013,-3.646361399845,
    4.307034554296));
#3075 = CARTESIAN_POINT('',(2.633313670404E-02,-3.741045318668,
    4.406639813924));
#3076 = CARTESIAN_POINT('',(3.011090111257,-2.220233503258,
    4.605860572631));
#3077 = CARTESIAN_POINT('',(4.067577491438,-0.605029683744,
    4.705465832241));
#3078 = CARTESIAN_POINT('',(4.124025033574,1.567647153924,4.805083085428
    ));
#3079 = CARTESIAN_POINT('',(2.821361315216,3.578864802145,4.904683484061
    ));
#3080 = CARTESIAN_POINT('',(0.561588998017,4.376049074431,5.00429916129)
  );
#3081 = CARTESIAN_POINT('',(-1.537866249218,3.813942744751,
    5.103905972211));
#3082 = CARTESIAN_POINT('',(-2.861813902739,2.40959163453,5.203515813513
    ));
#3083 = CARTESIAN_POINT('',(-3.643826641897,-0.847725522835,
    5.402734573037));
#3084 = CARTESIAN_POINT('',(-3.101743431118,-2.700071657699,
    5.502344414339));
#3085 = CARTESIAN_POINT('',(-1.486301724301,-4.154042252073,
    5.601951225273));
#3086 = CARTESIAN_POINT('',(0.889073745442,-4.469667228622,5.70156690246
    ));
#3087 = CARTESIAN_POINT('',(2.962844007388,-3.269047321157,
    5.801167301162));
#3088 = CARTESIAN_POINT('',(3.8989108223,-1.307559432662,5.90078455428)
  );
#3089 = CARTESIAN_POINT('',(3.69086743273,0.611237355209,6.000389813931)
  );
#3090 = CARTESIAN_POINT('',(1.721860473831,3.321339635719,6.199610572622
    ));
#3091 = CARTESIAN_POINT('',(-3.872854455631E-02,4.112146357669,
    6.299215832263));
#3092 = CARTESIAN_POINT('',(-2.193486466007,3.828017398087,
    6.398833085399));
#3093 = CARTESIAN_POINT('',(-3.976161185703,2.226767874874,
    6.498433484083));
#3094 = CARTESIAN_POINT('',(-4.410024523153,-0.129889990403,
    6.598049161281));
#3095 = CARTESIAN_POINT('',(-3.52641149669,-2.115564656715,
    6.697655972211));
#3096 = CARTESIAN_POINT('',(-1.932239236101,-3.203523403002,
    6.797265813514));
#3097 = CARTESIAN_POINT('',(1.407308686354,-3.466351600686,
    6.996484573037));
#3098 = CARTESIAN_POINT('',(3.152048869418,-2.641171557088,7.09609441434
    ));
#3099 = CARTESIAN_POINT('',(4.335407913844,-0.818167506247,
    7.195701225266));
#3100 = CARTESIAN_POINT('',(4.275556432298,1.577337774128,7.295316902476
    ));
#3101 = CARTESIAN_POINT('',(2.765309006668,3.437758149971,7.394917301141
    ));
#3102 = CARTESIAN_POINT('',(0.681537177551,4.055456120563,7.494534554295
    ));
#3103 = CARTESIAN_POINT('',(-1.181090881451,3.549808141318,
    7.594139813925));
#3104 = CARTESIAN_POINT('',(-3.549806755453,1.181089525001,
    7.793360572625));
#3105 = CARTESIAN_POINT('',(-4.055460533142,-0.68153314753,
    7.892965832258));
#3106 = CARTESIAN_POINT('',(-3.437751269802,-2.765314861569,
    7.992583085405));
#3107 = CARTESIAN_POINT('',(-1.577344019226,-4.275551284715,
    8.092183484079));
#3108 = CARTESIAN_POINT('',(0.818170656175,-4.335410532096,
    8.191799161283));
#3109 = CARTESIAN_POINT('',(2.641170841209,-3.15204829409,8.291405972211
    ));
#3110 = CARTESIAN_POINT('',(3.466351525198,-1.407308694945,
    8.391015813514));
#3111 = CARTESIAN_POINT('',(3.203523478904,1.932239239425,8.590234573037
    ));
#3112 = CARTESIAN_POINT('',(2.115565273779,3.526412176924,8.689844414339
    ));
#3113 = CARTESIAN_POINT('',(0.129887288843,4.410021444378,8.789451225269
    ));
#3114 = CARTESIAN_POINT('',(-2.226762511927,3.976167246857,8.88906690247
    ));
#3115 = CARTESIAN_POINT('',(-3.828023277636,2.193479606899,
    8.988667301148));
#3116 = CARTESIAN_POINT('',(-4.112142629853,3.873321523316E-02,
    9.088284554289));
#3117 = CARTESIAN_POINT('',(-3.321340792323,-1.721862030373,
    9.187889813929));
#3118 = CARTESIAN_POINT('',(-0.61123623226,-3.690865851739,
    9.387110572619));
#3119 = CARTESIAN_POINT('',(1.307556142548,-3.898915810977,
    9.486715832276));
#3120 = CARTESIAN_POINT('',(3.269052027665,-2.962836296024,
    9.586333085381));
#3121 = CARTESIAN_POINT('',(4.469663121373,-0.889080718912,
    9.685933484098));
#3122 = CARTESIAN_POINT('',(4.154044345329,1.486305245037,9.785549161274
    ));
#3123 = CARTESIAN_POINT('',(2.700071201442,3.101742634049,9.885155972213
    ));
#3124 = CARTESIAN_POINT('',(0.84772554313,3.643826568683,9.984765813514)
  );
#3125 = CARTESIAN_POINT('',(-2.409591649687,2.861813977187,
    10.183984573037));
#3126 = CARTESIAN_POINT('',(-3.81394351314,1.537866752271,10.28359441434
    ));
#3127 = CARTESIAN_POINT('',(-4.376045610932,-0.561591184688,
    10.38320122526));
#3128 = CARTESIAN_POINT('',(-3.578871627658,-2.821356966471,
    10.482816902491));
#3129 = CARTESIAN_POINT('',(-1.56763945946,-4.124029767737,
    10.582417301123));
#3130 = CARTESIAN_POINT('',(0.605024487383,-4.067574540169,
    10.682034554308));
#3131 = CARTESIAN_POINT('',(2.220235221579,-3.011091010129,
    10.781639813922));
#3132 = CARTESIAN_POINT('',(3.74104358147,-2.633227490094E-02,
    10.980860572621));
#3133 = CARTESIAN_POINT('',(3.646366841794,1.901382765799,
    11.080465832275));
#3134 = CARTESIAN_POINT('',(2.414966459539,3.692294283486,
    11.180083085382));
#3135 = CARTESIAN_POINT('',(0.178925300615,4.553717018017,
    11.279683484098));
#3136 = CARTESIAN_POINT('',(-2.117842066003,3.870391800298,
    11.379299161275));
#3137 = CARTESIAN_POINT('',(-3.485939229145,2.181609394792,
    11.478905972212));
#3138 = CARTESIAN_POINT('',(-3.731578508879,0.267268575003,
    11.578515813514));
#3139 = CARTESIAN_POINT('',(-2.449637117536,-2.827611916557,
    11.777734573037));
#3140 = CARTESIAN_POINT('',(-0.922300847436,-4.007562902308,
    11.87734441434));
#3141 = CARTESIAN_POINT('',(1.239241419437,-4.234317011298,
    11.976951225263));
#3142 = CARTESIAN_POINT('',(3.346480248958,-3.093452311356,
    12.076566902482));
#3143 = CARTESIAN_POINT('',(4.318488958081,-0.903198825871,
    12.176167301135));
#3144 = CARTESIAN_POINT('',(3.922849265805,1.233884479185,
    12.275784554297));
#3145 = CARTESIAN_POINT('',(2.626698174024,2.663938853084,
    12.375389813929));
#3146 = CARTESIAN_POINT('',(-0.559220070456,3.699104402421,
    12.574610572608));
#3147 = CARTESIAN_POINT('',(-2.448391035038,3.304032219351,
    12.67421583231));
#3148 = CARTESIAN_POINT('',(-4.024620000009,1.807632134027,
    12.773833085334));
#3149 = CARTESIAN_POINT('',(-4.525643288772,-0.535635852417,
    12.873433484135));
#3150 = CARTESIAN_POINT('',(-3.491437364044,-2.697230586586,
    12.973049161259));
#3151 = CARTESIAN_POINT('',(-1.609429124496,-3.784300431249,
    13.072655972213));
#3152 = CARTESIAN_POINT('',(0.319769432453,-3.727446601789,
    13.172265813515));
#3153 = CARTESIAN_POINT('',(3.176006993737,-1.977142062171,
    13.371484573037));
#3154 = CARTESIAN_POINT('',(4.102502792491,-0.284024834794,
    13.471094414342));
#3155 = CARTESIAN_POINT('',(3.98832547391,1.886377417624,13.57070122525)
  );
#3156 = CARTESIAN_POINT('',(2.531861932655,3.7892020814,13.670316902515)
  );
#3157 = CARTESIAN_POINT('',(0.216518439553,4.406612618018,
    13.769917301093));
#3158 = CARTESIAN_POINT('',(-1.832362140024,3.681530423333,
    13.86953455433));
#3159 = CARTESIAN_POINT('',(-3.042047468936,2.177627311363,
    13.969139813915));
#3160 = CARTESIAN_POINT('',(-3.566080996342,-1.131002561739,
    14.168360572626));
#3161 = CARTESIAN_POINT('',(-2.880341358255,-2.935111791221,
    14.267965832264));
#3162 = CARTESIAN_POINT('',(-1.155787906138,-4.257846215238,
    14.367583085395));
#3163 = CARTESIAN_POINT('',(1.237007873054,-4.386133201957,
    14.467183484087));
#3164 = CARTESIAN_POINT('',(3.210204338541,-3.026512152495,
    14.566799161279));
#3165 = CARTESIAN_POINT('',(3.989479597366,-0.997619367763,
    14.666405972211));
#3166 = CARTESIAN_POINT('',(3.631532588675,0.89893365523,14.766015813514
    ));
#3167 = CARTESIAN_POINT('',(1.455963207478,3.446198238166,
    14.965234573037));
#3168 = CARTESIAN_POINT('',(-0.361244811902,4.096425448488,
    15.06484441434));
#3169 = CARTESIAN_POINT('',(-2.48706454328,3.644128126913,
    15.164451225267));
#3170 = CARTESIAN_POINT('',(-4.138621182923,1.907928710297,
    15.264066902471));
#3171 = CARTESIAN_POINT('',(-4.386230850624,-0.475493349213,
    15.363667301149));
#3172 = CARTESIAN_POINT('',(-3.349560083525,-2.385720963791,
    15.463284554287));
#3173 = CARTESIAN_POINT('',(-1.674936037167,-3.345250780103,
    15.562889813932));
#3174 = CARTESIAN_POINT('',(1.674936016365,-3.345248841013,
    15.762110572607));
#3175 = CARTESIAN_POINT('',(3.349560354054,-2.38572693356,
    15.861715832311));
#3176 = CARTESIAN_POINT('',(4.386230125612,-0.475484344228,
    15.961333085333));
#3177 = CARTESIAN_POINT('',(4.138621959021,1.907920654512,
    16.060933484135));
#3178 = CARTESIAN_POINT('',(2.487064167307,3.644132205608,16.16054916126
    ));
#3179 = CARTESIAN_POINT('',(0.361244911291,4.096424535469,
    16.260155972213));
#3180 = CARTESIAN_POINT('',(-1.455963148025,3.446198190864,
    16.359765813515));
#3181 = CARTESIAN_POINT('',(-3.631532644697,0.89893370655,
    16.558984573037));
#3182 = CARTESIAN_POINT('',(-3.989480514692,-0.99761941243,
    16.658594414342));
#3183 = CARTESIAN_POINT('',(-3.210200251224,-3.026511885762,
    16.758201225247));
#3184 = CARTESIAN_POINT('',(-1.237015951128,-4.386133695673,
    16.857816902522));
#3185 = CARTESIAN_POINT('',(1.155796913752,-4.257845522574,
    16.957417301083));
#3186 = CARTESIAN_POINT('',(2.880335419604,-2.935112457933,
    17.057034554338));
#3187 = CARTESIAN_POINT('',(3.566082914838,-1.131002278937,
    17.15663981391));
#3188 = CARTESIAN_POINT('',(3.042045556943,2.177626987476,
    17.355860572635));
#3189 = CARTESIAN_POINT('',(1.832367994063,3.681531624392,
    17.455465832237));
#3190 = CARTESIAN_POINT('',(-0.21652722038,4.406610493286,
    17.555083085432));
#3191 = CARTESIAN_POINT('',(-2.531854097355,3.789204108099,
    17.654683484058));
#3192 = CARTESIAN_POINT('',(-3.988329443619,1.886376408258,
    17.754299161292));
#3193 = CARTESIAN_POINT('',(-4.102501906257,-0.284024593807,
    17.85390597221));
#3194 = CARTESIAN_POINT('',(-3.176006956315,-1.977141996051,
    17.953515813514));
#3195 = CARTESIAN_POINT('',(-0.31976947438,-3.727446665147,
    18.152734573036));
#3196 = CARTESIAN_POINT('',(1.609429312112,-3.784301330299,
    18.252344414339));
#3197 = CARTESIAN_POINT('',(3.491436461223,-2.697226591323,
    18.351951225278));
#3198 = CARTESIAN_POINT('',(4.525645040042,-0.535643753766,
    18.451566902448));
#3199 = CARTESIAN_POINT('',(4.024617906836,1.807640922328,
    18.551167301177));
#3200 = CARTESIAN_POINT('',(2.448392622514,3.304026458162,
    18.650784554268));
#3201 = CARTESIAN_POINT('',(0.559219491028,3.699106253033,
    18.750389813934));
#3202 = CARTESIAN_POINT('',(-2.626697555026,2.663937015316,
    18.949610572621));
#3203 = CARTESIAN_POINT('',(-3.922851367849,1.233890073212,
    19.049215832263));
#3204 = CARTESIAN_POINT('',(-4.318485485879,-0.903207166134,
    19.148833085399));
#3205 = CARTESIAN_POINT('',(-3.346483476423,-3.093444889634,
    19.248433484084));
#3206 = CARTESIAN_POINT('',(-1.239239801495,-4.234320774202,
    19.34804916128));
#3207 = CARTESIAN_POINT('',(0.922300470777,-4.007562064689,
    19.447655972212));
#3208 = CARTESIAN_POINT('',(2.449637046375,-2.827611889941,
    19.547265813514));
#3209 = CARTESIAN_POINT('',(3.731578578017,0.267268543505,
    19.746484573037));
#3210 = CARTESIAN_POINT('',(3.485940087776,2.181609720742,19.84609441434
    ));
#3211 = CARTESIAN_POINT('',(2.117838261149,3.87039028358,19.945701225269
    ));
#3212 = CARTESIAN_POINT('',(-0.178917770471,4.553719983806,
    20.04531690247));
#3213 = CARTESIAN_POINT('',(-2.41497481224,3.692290841249,20.14491730115
    ));
#3214 = CARTESIAN_POINT('',(-3.646361399838,1.901385235004,
    20.244534554286));
#3215 = CARTESIAN_POINT('',(-3.741045318666,-2.633313670178E-02,
    20.344139813931));
#3216 = CARTESIAN_POINT('',(-2.22023350327,-3.011090111262,
    20.543360572613));
#3217 = CARTESIAN_POINT('',(-0.605029683704,-4.067577491433,
    20.642965832295));
#3218 = CARTESIAN_POINT('',(1.567647153865,-4.124025033573,
    20.742583085354));
#3219 = CARTESIAN_POINT('',(3.578864802195,-2.821361315223,
    20.84218348412));
#3220 = CARTESIAN_POINT('',(4.376049074409,-0.56158899801,
    20.941799161265));
#3221 = CARTESIAN_POINT('',(3.813942744753,1.537866249215,
    21.041405972214));
#3222 = CARTESIAN_POINT('',(2.409591634531,2.861813902739,
    21.141015813514));
#3223 = CARTESIAN_POINT('',(-0.847725522837,3.643826641897,
    21.340234573037));
#3224 = CARTESIAN_POINT('',(-2.700071657698,3.101743431116,
    21.439844414341));
#3225 = CARTESIAN_POINT('',(-4.154042252068,1.4863017243,21.539451225254
    ));
#3226 = CARTESIAN_POINT('',(-4.469667228636,-0.889073745432,
    21.639066902505));
#3227 = CARTESIAN_POINT('',(-3.269047321142,-2.962844007406,
    21.738667301107));
#3228 = CARTESIAN_POINT('',(-1.30755943267,-3.898910822285,
    21.838284554315));
#3229 = CARTESIAN_POINT('',(0.611237355208,-3.690867432734,
    21.937889813926));
#3230 = CARTESIAN_POINT('',(3.321339635731,-1.721860473843,
    22.137110572598));
#3231 = CARTESIAN_POINT('',(4.112146357646,3.872854460795E-02,
    22.236715832347));
#3232 = CARTESIAN_POINT('',(3.828017398105,2.193486465925,
    22.336333085281));
#3233 = CARTESIAN_POINT('',(2.226767874869,3.976161185773,
    22.435933484178));
#3234 = CARTESIAN_POINT('',(-0.129889990407,4.410024523122,
    22.535549161241));
#3235 = CARTESIAN_POINT('',(-2.115564656711,3.526411496692,
    22.635155972216));
#3236 = CARTESIAN_POINT('',(-3.203523403003,1.932239236104,
    22.734765813515));
#3237 = CARTESIAN_POINT('',(-3.466351600687,-1.407308686357,
    22.933984573038));
#3238 = CARTESIAN_POINT('',(-2.641171557083,-3.152048869419,
    23.033594414345));
#3239 = CARTESIAN_POINT('',(-0.818167506253,-4.335407913819,
    23.133201225225));
#3240 = CARTESIAN_POINT('',(1.577337774127,-4.275556432359,
    23.232816902572));
#3241 = CARTESIAN_POINT('',(3.437758149984,-2.765309006596,
    23.33241730102));
#3242 = CARTESIAN_POINT('',(4.055456120544,-0.681537177599,
    23.432034554385));
#3243 = CARTESIAN_POINT('',(3.549808141329,1.181090881465,
    23.531639813892));
#3244 = CARTESIAN_POINT('',(1.181089524992,3.549806755446,
    23.730860572649));
#3245 = CARTESIAN_POINT('',(-0.681533147503,4.055460533151,
    23.830465832207));
#3246 = CARTESIAN_POINT('',(-2.765314861609,3.437751269796,
    23.93008308547));
#3247 = CARTESIAN_POINT('',(-4.275551284681,1.577344019226,
    24.029683484028));
#3248 = CARTESIAN_POINT('',(-4.335410532111,-0.818170656172,
    24.129299161304));
#3249 = CARTESIAN_POINT('',(-3.152048294089,-2.641170841212,
    24.228905972208));
#3250 = CARTESIAN_POINT('',(-1.407308694944,-3.466351525197,
    24.328515813513));
#3251 = CARTESIAN_POINT('',(1.932239239424,-3.203523478904,
    24.527734573036));
#3252 = CARTESIAN_POINT('',(3.526412176921,-2.115565273782,
    24.627344414338));
#3253 = CARTESIAN_POINT('',(4.4100214444,-0.129887288836,24.726951225286
    ));
#3254 = CARTESIAN_POINT('',(3.976167246811,2.22676251192,24.826566902429
    ));
#3255 = CARTESIAN_POINT('',(2.193479606949,3.828023277639,
    24.926167301201));
#3256 = CARTESIAN_POINT('',(3.873321520468E-02,4.112142629856,
    25.025784554253));
#3257 = CARTESIAN_POINT('',(-1.72186203037,3.321340792322,
    25.125389813937));
#3258 = CARTESIAN_POINT('',(-3.690865851733,0.611236232256,
    25.32461057263));
#3259 = CARTESIAN_POINT('',(-3.898915810993,-1.307556142525,
    25.424215832234));
#3260 = CARTESIAN_POINT('',(-2.962836296007,-3.269052027705,
    25.523833085441));
#3261 = CARTESIAN_POINT('',(-0.889080718921,-4.469663121337,
    25.62343348405));
#3262 = CARTESIAN_POINT('',(1.486305245037,-4.154044345346,
    25.723049161294));
#3263 = CARTESIAN_POINT('',(3.101742634051,-2.700071201439,
    25.82265597221));
#3264 = CARTESIAN_POINT('',(3.643826568682,-0.847725543129,
    25.922265813513));
#3265 = CARTESIAN_POINT('',(2.861813977187,2.409591649686,
    26.121484573037));
#3266 = CARTESIAN_POINT('',(1.537866752274,3.813943513143,
    26.221094414338));
#3267 = CARTESIAN_POINT('',(-0.561591184698,4.376045610934,
    26.320701225281));
#3268 = CARTESIAN_POINT('',(-2.821356966458,3.578871627645,
    26.420316902442));
#3269 = CARTESIAN_POINT('',(-4.124029767747,1.567639459481,
    26.519917301185));
#3270 = CARTESIAN_POINT('',(-4.067574540168,-0.605024487402,
    26.619534554259));
#3271 = CARTESIAN_POINT('',(-3.011091010125,-2.220235221569,
    26.719139813945));
#3272 = CARTESIAN_POINT('',(-2.63322749105E-02,-3.741043581484,
    26.918360572589));
#3273 = CARTESIAN_POINT('',(1.901382765842,-3.646366841766,
    27.017965832358));
#3274 = CARTESIAN_POINT('',(3.692294283415,-2.414966459567,
    27.117583085272));
#3275 = CARTESIAN_POINT('',(4.553717018082,-0.178925300601,
    27.217183484182));
#3276 = CARTESIAN_POINT('',(3.870391800268,2.117842066004,
    27.316799161241));
#3277 = CARTESIAN_POINT('',(2.181609394796,3.485939229139,
    27.416405972215));
#3278 = CARTESIAN_POINT('',(0.267268575005,3.731578508881,
    27.516015813516));
#3279 = CARTESIAN_POINT('',(-2.827611916559,2.449637117535,
    27.715234573037));
#3280 = CARTESIAN_POINT('',(-4.007562902311,0.922300847433,
    27.814844414345));
#3281 = CARTESIAN_POINT('',(-4.234317011271,-1.239241419423,
    27.914451225233));
#3282 = CARTESIAN_POINT('',(-3.093452311419,-3.346480248983,
    28.01406690255));
#3283 = CARTESIAN_POINT('',(-0.903198825798,-4.31848895806,
    28.113667301049));
#3284 = CARTESIAN_POINT('',(1.233884479136,-3.922849265812,
    28.21328455436));
#3285 = CARTESIAN_POINT('',(2.663938853099,-2.626698174026,
    28.312889813907));
#3286 = CARTESIAN_POINT('',(3.699104402412,0.559220070459,
    28.512110572622));
#3287 = CARTESIAN_POINT('',(3.304032219368,2.448391035028,
    28.611715832281));
#3288 = CARTESIAN_POINT('',(1.807632134007,4.024620000026,
    28.711333085372));
#3289 = CARTESIAN_POINT('',(-0.535635852402,4.525643288757,
    28.810933484104));
#3290 = CARTESIAN_POINT('',(-2.697230586591,3.491437364051,
    28.910549161274));
#3291 = CARTESIAN_POINT('',(-3.784300431249,1.609429124495,
    29.01015597221));
#3292 = CARTESIAN_POINT('',(-3.727446601789,-0.319769432454,
    29.109765813515));
#3293 = CARTESIAN_POINT('',(-1.977142062171,-3.176006993736,
    29.308984573036));
#3294 = CARTESIAN_POINT('',(-0.284024834796,-4.102502792491,
    29.408594414342));
#3295 = CARTESIAN_POINT('',(1.886377417632,-3.988325473922,
    29.508201225263));
#3296 = CARTESIAN_POINT('',(3.789202081385,-2.531861932628,
    29.607816902481));
#3297 = CARTESIAN_POINT('',(4.406612618031,-0.216518439586,
    29.707417301137));
#3298 = CARTESIAN_POINT('',(3.681530423328,1.832362140048,
    29.807034554297));
#3299 = CARTESIAN_POINT('',(2.177627311363,3.042047468928,
    29.906639813926));
#3300 = CARTESIAN_POINT('',(-1.131002561738,3.566080996345,
    30.10586057262));
#3301 = CARTESIAN_POINT('',(-2.935111791224,2.880341358254,
    30.205465832271));
#3302 = CARTESIAN_POINT('',(-4.257846215234,1.155787906137,
    30.305083085388));
#3303 = CARTESIAN_POINT('',(-4.386133201961,-1.237007873051,
    30.404683484091));
#3304 = CARTESIAN_POINT('',(-3.026512152494,-3.210204338544,
    30.504299161278));
#3305 = CARTESIAN_POINT('',(-0.997619367763,-3.989479597364,
    30.603905972211));
#3306 = CARTESIAN_POINT('',(0.89893365523,-3.631532588675,
    30.703515813514));
#3307 = CARTESIAN_POINT('',(3.446198238165,-1.455963207478,
    30.902734573036));
#3308 = CARTESIAN_POINT('',(4.096425448489,0.361244811902,31.00234441434
    ));
#3309 = CARTESIAN_POINT('',(3.644128126912,2.487064543277,
    31.101951225268));
#3310 = CARTESIAN_POINT('',(1.9079287103,4.138621182931,31.20156690247)
  );
#3311 = CARTESIAN_POINT('',(-0.475493349216,4.386230850614,
    31.301167301148));
#3312 = CARTESIAN_POINT('',(-2.385720963786,3.349560083532,
    31.400784554291));
#3313 = CARTESIAN_POINT('',(-3.34525078011,1.674936037165,
    31.500389813924));
#3314 = CARTESIAN_POINT('',(-3.345248840993,-1.674936016365,
    31.699610572636));
#3315 = CARTESIAN_POINT('',(-2.385726933618,-3.349560354038,
    31.799215832221));
#3316 = CARTESIAN_POINT('',(-0.475484344149,-4.386230125651,
    31.898833085458));
#3317 = CARTESIAN_POINT('',(1.907920654451,-4.13862195898,
    31.998433484036));
#3318 = CARTESIAN_POINT('',(3.644132205631,-2.48706416733,
    32.098049161301));
#3319 = CARTESIAN_POINT('',(4.09642453547,-0.361244911286,
    32.197655972208));
#3320 = CARTESIAN_POINT('',(3.446198190861,1.455963148026,
    32.297265813514));
#3321 = CARTESIAN_POINT('',(0.898933706552,3.631532644694,
    32.496484573036));
#3322 = CARTESIAN_POINT('',(-0.997619412424,3.989480514695,
    32.596094414336));
#3323 = CARTESIAN_POINT('',(-3.026511885793,3.210200251235,
    32.695701225295));
#3324 = CARTESIAN_POINT('',(-4.386133695612,1.237015951087,
    32.795316902408));
#3325 = CARTESIAN_POINT('',(-4.257845522639,-1.155796913691,
    32.894917301229));
#3326 = CARTESIAN_POINT('',(-2.935112457896,-2.880335419654,
    32.994534554228));
#3327 = CARTESIAN_POINT('',(-1.131002278945,-3.566082914815,
    33.094139813952));
#3328 = CARTESIAN_POINT('',(2.177626987479,-3.042045556964,
    33.293360572598));
#3329 = CARTESIAN_POINT('',(3.681531624399,-1.832367994011,
    33.392965832325));
#3330 = CARTESIAN_POINT('',(4.406610493265,0.216527220311,
    33.492583085316));
#3331 = CARTESIAN_POINT('',(3.789204108123,2.531854097407,
    33.592183484148));
#3332 = CARTESIAN_POINT('',(1.886376408244,3.9883294436,33.691799161253)
  );
#3333 = CARTESIAN_POINT('',(-0.284024593804,4.102501906257,
    33.791405972215));
#3334 = CARTESIAN_POINT('',(-1.97714199605,3.176006956317,
    33.891015813515));
#3335 = CARTESIAN_POINT('',(-3.727446665149,0.319769474378,
    34.090234573038));
#3336 = CARTESIAN_POINT('',(-3.784301330295,-1.609429312114,
    34.189844414342));
#3337 = CARTESIAN_POINT('',(-2.697226591319,-3.491436461203,
    34.28945122524));
#3338 = CARTESIAN_POINT('',(-0.535643753792,-4.525645040087,
    34.38906690254));
#3339 = CARTESIAN_POINT('',(1.807640922371,-4.024617906784,
    34.488667301061));
#3340 = CARTESIAN_POINT('',(3.304026458125,-2.448392622543,
    34.588284554352));
#3341 = CARTESIAN_POINT('',(3.699106253048,-0.559219491021,
    34.687889813911));
#3342 = CARTESIAN_POINT('',(2.66393701532,2.626697555029,34.887110572614
    ));
#3343 = CARTESIAN_POINT('',(1.233890073183,3.922851367844,
    34.986715832307));
#3344 = CARTESIAN_POINT('',(-0.903207166088,4.318485485879,
    35.086333085332));
#3345 = CARTESIAN_POINT('',(-3.093444889673,3.346483476427,
    35.185933484139));
#3346 = CARTESIAN_POINT('',(-4.234320774186,1.239239801489,
    35.285549161257));
#3347 = CARTESIAN_POINT('',(-4.007562064689,-0.922300470776,
    35.385155972215));
#3348 = CARTESIAN_POINT('',(-2.827611889943,-2.449637046375,
    35.484765813514));
#3349 = CARTESIAN_POINT('',(0.267268543507,-3.731578578019,
    35.683984573039));
#3350 = CARTESIAN_POINT('',(2.181609720744,-3.485940087767,
    35.783594414343));
#3351 = CARTESIAN_POINT('',(3.870390283557,-2.117838261167,
    35.883201225232));
#3352 = CARTESIAN_POINT('',(4.553719983858,0.178917770486,
    35.982816902559));
#3353 = CARTESIAN_POINT('',(3.692290841188,2.41497481224,36.082417301036
    ));
#3354 = CARTESIAN_POINT('',(1.901385235041,3.646361399825,
    36.182034554371));
#3355 = CARTESIAN_POINT('',(-2.633313671059E-02,3.741045318677,
    36.281639813903));
#3356 = CARTESIAN_POINT('',(-3.011090111261,2.220233503266,
    36.480860572621));
#3357 = CARTESIAN_POINT('',(-4.067577491433,0.605029683705,
    36.58046583229));
#3358 = CARTESIAN_POINT('',(-4.124025033572,-1.567647153863,
    36.680083085356));
#3359 = CARTESIAN_POINT('',(-2.821361315225,-3.578864802197,
    36.779683484119));
#3360 = CARTESIAN_POINT('',(-0.561588998008,-4.376049074408,
    36.879299161265));
#3361 = CARTESIAN_POINT('',(1.537866249214,-3.813942744753,
    36.978905972213));
#3362 = CARTESIAN_POINT('',(2.861813902739,-2.409591634531,
    37.078515813514));
#3363 = CARTESIAN_POINT('',(3.643826641897,0.847725522837,
    37.277734573038));
#3364 = CARTESIAN_POINT('',(3.101743431113,2.700071657697,
    37.377344414341));
#3365 = CARTESIAN_POINT('',(1.48630172431,4.15404225207,37.476951225252)
  );
#3366 = CARTESIAN_POINT('',(-0.889073745449,4.469667228634,
    37.57656690251));
#3367 = CARTESIAN_POINT('',(-2.962844007391,3.269047321142,
    37.676167301099));
#3368 = CARTESIAN_POINT('',(-3.898910822292,1.307559432671,
    37.775784554322));
#3369 = CARTESIAN_POINT('',(-3.690867432735,-0.611237355211,
    37.875389813922));
#3370 = CARTESIAN_POINT('',(-1.721860473839,-3.321339635727,
    38.074610572604));
#3371 = CARTESIAN_POINT('',(3.872854459494E-02,-4.112146357656,
    38.174215832327));
#3372 = CARTESIAN_POINT('',(2.193486465944,-3.828017398092,
    38.27383308531));
#3373 = CARTESIAN_POINT('',(3.976161185757,-2.226767874879,
    38.373433484153));
#3374 = CARTESIAN_POINT('',(4.410024523129,0.129889990412,
    38.473049161253));
#3375 = CARTESIAN_POINT('',(3.526411496692,2.11556465671,38.572655972213
    ));
#3376 = CARTESIAN_POINT('',(1.932239236104,3.203523403003,
    38.672265813516));
#3377 = CARTESIAN_POINT('',(-1.407308686356,3.466351600686,
    38.871484573037));
#3378 = CARTESIAN_POINT('',(-3.152048869417,2.641171557087,
    38.971094414345));
#3379 = CARTESIAN_POINT('',(-4.335407913834,0.818167506246,
    39.070701225238));
#3380 = CARTESIAN_POINT('',(-4.275556432325,-1.577337774118,
    39.170316902536));
#3381 = CARTESIAN_POINT('',(-2.765309006635,-3.437758149988,
    39.26991730107));
#3382 = CARTESIAN_POINT('',(-0.681537177571,-4.055456120547,
    39.369534554343));
#3383 = CARTESIAN_POINT('',(1.181090881455,-3.549808141322,
    39.469139813914));
#3384 = CARTESIAN_POINT('',(3.54980675546,-1.181089525008,
    39.668360572612));
#3385 = CARTESIAN_POINT('',(4.055460533127,0.681533147562,
    39.767965832307));
#3386 = CARTESIAN_POINT('',(3.437751269814,2.765314861517,
    39.867583085336));
#3387 = CARTESIAN_POINT('',(1.577344019223,4.27555128476,39.967183484132
    ));
#3388 = CARTESIAN_POINT('',(-0.818170656179,4.335410532076,
    40.066799161262));
#3389 = CARTESIAN_POINT('',(-2.641170841206,3.152048294092,
    40.166405972212));
#3390 = CARTESIAN_POINT('',(-3.466351525199,1.407308694947,
    40.266015813515));
#3391 = CARTESIAN_POINT('',(-3.203523478904,-1.932239239426,
    40.465234573037));
#3392 = CARTESIAN_POINT('',(-2.115565273778,-3.526412176923,
    40.564844414344));
#3393 = CARTESIAN_POINT('',(-0.129887288846,-4.41002144437,
    40.664451225244));
#3394 = CARTESIAN_POINT('',(2.226762511929,-3.976167246882,
    40.764066902525));
#3395 = CARTESIAN_POINT('',(3.828023277638,-2.193479606865,
    40.863667301078));
#3396 = CARTESIAN_POINT('',(4.112142629847,-3.873321526224E-02,
    40.963284554347));
#3397 = CARTESIAN_POINT('',(3.321340792332,1.721862030389,
    41.062889813897));
#3398 = CARTESIAN_POINT('',(0.611236232239,3.690865851712,
    41.262110572676));
#3399 = CARTESIAN_POINT('',(-1.307556142462,3.898915811034,
    41.361715832114));
#3400 = CARTESIAN_POINT('',(-3.269052027803,2.962836295966,41.4613330856
    ));
#3401 = CARTESIAN_POINT('',(-4.469663121251,0.889080718943,
    41.560933483926));
#3402 = CARTESIAN_POINT('',(-4.154044345386,-1.486305245038,
    41.660549161346));
#3403 = CARTESIAN_POINT('',(-2.700071201434,-3.101742634057,
    41.760155972204));
#3404 = CARTESIAN_POINT('',(-0.847725543126,-3.643826568679,
    41.859765813511));
#3405 = CARTESIAN_POINT('',(2.409591649682,-2.861813977188,
    42.058984573035));
#3406 = CARTESIAN_POINT('',(3.813943513141,-1.537866752277,
    42.158594414333));
#3407 = CARTESIAN_POINT('',(4.376045610967,0.561591184702,
    42.258201225325));
#3408 = CARTESIAN_POINT('',(3.578871627567,2.821356966457,
    42.357816902339));
#3409 = CARTESIAN_POINT('',(1.567639459573,4.124029767738,
    42.457417301312));
#3410 = CARTESIAN_POINT('',(-0.60502448746,4.067574540182,
    42.557034554174));
#3411 = CARTESIAN_POINT('',(-2.220235221559,3.01109101012,42.65663981396
    ));
#3412 = CARTESIAN_POINT('',(-3.74104358146,2.633227489688E-02,
    42.855860572634));
#3413 = CARTESIAN_POINT('',(-3.646366841831,-1.901382765761,
    42.955465832201));
#3414 = CARTESIAN_POINT('',(-2.414966459494,-3.692294283557,
    43.05508308549));
#3415 = CARTESIAN_POINT('',(-0.178925300644,-4.55371701795,
    43.154683484011));
#3416 = CARTESIAN_POINT('',(2.117842066009,-3.870391800332,
    43.25429916131));
#3417 = CARTESIAN_POINT('',(3.485939229149,-2.181609394786,
    43.353905972209));
#3418 = CARTESIAN_POINT('',(3.731578508877,-0.267268575001,
    43.453515813512));
#3419 = CARTESIAN_POINT('',(2.449637117537,2.827611916555,
    43.652734573036));
#3420 = CARTESIAN_POINT('',(0.922300847438,4.007562902313,
    43.752344414336));
#3421 = CARTESIAN_POINT('',(-1.239241419443,4.234317011296,
    43.851951225291));
#3422 = CARTESIAN_POINT('',(-3.346480248951,3.093452311348,
    43.951566902419));
#3423 = CARTESIAN_POINT('',(-4.318488958081,0.903198825888,
    44.051167301208));
#3424 = CARTESIAN_POINT('',(-3.922849265812,-1.233884479196,
    44.150784554253));
#3425 = CARTESIAN_POINT('',(-2.62669817402,-2.663938853087,
    44.250389813927));
#3426 = CARTESIAN_POINT('',(0.559220070467,-3.699104402385,
    44.449610572667));
#3427 = CARTESIAN_POINT('',(2.448391034967,-3.304032219454,
    44.549215832119));
#3428 = CARTESIAN_POINT('',(4.024620000142,-1.807632133897,
    44.648833085601));
#3429 = CARTESIAN_POINT('',(4.525643288645,0.535635852326,
    44.748433483922));
#3430 = CARTESIAN_POINT('',(3.491437364107,2.697230586613,
    44.848049161349));
#3431 = CARTESIAN_POINT('',(1.609429124486,3.784300431255,
    44.947655972203));
#3432 = CARTESIAN_POINT('',(-0.319769432457,3.727446601784,
    45.047265813512));
#3433 = CARTESIAN_POINT('',(-3.176006993731,1.977142062173,
    45.246484573034));
#3434 = CARTESIAN_POINT('',(-4.102502792492,0.284024834805,
    45.346094414331));
#3435 = CARTESIAN_POINT('',(-3.98832547396,-1.886377417672,
    45.445701225339));
#3436 = CARTESIAN_POINT('',(-2.531861932526,-3.789202081313,
    45.545316902303));
#3437 = CARTESIAN_POINT('',(-0.216518439718,-4.406612618101,
    45.644917301362));
#3438 = CARTESIAN_POINT('',(1.832362140146,-3.681530423297,
    45.744534554128));
#3439 = CARTESIAN_POINT('',(3.04204746889,-2.177627311363,
    45.844139813993));
#3440 = CARTESIAN_POINT('',(3.566080996381,1.13100256173,46.043360572557
    ));
#3441 = CARTESIAN_POINT('',(2.880341358174,2.935111791274,
    46.142965832423));
#3442 = CARTESIAN_POINT('',(1.155787906235,4.257846215141,46.24258308519
    ));
#3443 = CARTESIAN_POINT('',(-1.237007873121,4.38613320205,
    46.342183484245));
#3444 = CARTESIAN_POINT('',(-3.210204338522,3.026512152448,
    46.441799161214));
#3445 = CARTESIAN_POINT('',(-3.98947959736,0.997619367771,
    46.541405972218));
#3446 = CARTESIAN_POINT('',(-3.631532588679,-0.898933655228,
    46.641015813517));
#3447 = CARTESIAN_POINT('',(-1.455963207476,-3.446198238169,
    46.840234573039));
#3448 = CARTESIAN_POINT('',(0.361244811909,-4.096425448488,
    46.939844414347));
#3449 = CARTESIAN_POINT('',(2.487064543239,-3.644128126881,
    47.039451225207));
#3450 = CARTESIAN_POINT('',(4.138621183002,-1.907928710384,
    47.139066902616));
#3451 = CARTESIAN_POINT('',(4.386230850542,0.475493349325,
    47.238667300962));
#3452 = CARTESIAN_POINT('',(3.349560083568,2.385720963705,
    47.338284554429));
#3453 = CARTESIAN_POINT('',(1.674936037161,3.345250780137,
    47.437889813875));
#3454 = CARTESIAN_POINT('',(-1.674936016368,3.345248840979,
    47.637110572662));
#3455 = CARTESIAN_POINT('',(-3.349560354022,2.38572693364,
    47.736715832176));
#3456 = CARTESIAN_POINT('',(-4.386230125679,0.475484344126,
    47.836333085512));
#3457 = CARTESIAN_POINT('',(-4.138621958953,-1.907920654438,
    47.935933483992));
#3458 = CARTESIAN_POINT('',(-2.487064167346,-3.644132205632,
    48.035549161324));
#3459 = CARTESIAN_POINT('',(-0.36124491128,-4.096424535475,
    48.135155972201));
#3460 = CARTESIAN_POINT('',(1.455963148024,-3.446198190857,
    48.234765813517));
#3461 = CARTESIAN_POINT('',(3.631532644697,-0.89893370656,
    48.433984573027));
#3462 = CARTESIAN_POINT('',(3.989480514679,0.997619412466,
    48.533594414381));
#3463 = CARTESIAN_POINT('',(3.210200251277,3.026511885689,
    48.633201225183));
#3464 = CARTESIAN_POINT('',(1.237015951017,4.386133695788,
    48.732816902598));
#3465 = CARTESIAN_POINT('',(-1.155796913605,4.257845522417,
    48.832417300985));
#3466 = CARTESIAN_POINT('',(-2.880335419734,2.935112458111,
    48.93203455447));
#3467 = CARTESIAN_POINT('',(-3.566082914761,1.131002278784,
    49.031639813764));
#3468 = CARTESIAN_POINT('',(-3.042045557076,-2.177626987134,
    49.230860573013));
#3469 = CARTESIAN_POINT('',(-1.832367993396,-3.68153162614,
    49.330465830268));
#3470 = CARTESIAN_POINT('',(0.216527218731,-4.406610489002,
    49.430083090252));
#3471 = CARTESIAN_POINT('',(2.531854100154,-3.789204115316,
    49.529683475963));
#3472 = CARTESIAN_POINT('',(3.988329440059,-1.886376399123,
    49.62929917151));
#3473 = CARTESIAN_POINT('',(4.102501909755,0.28402458485,49.728905962207
    ));
#3474 = CARTESIAN_POINT('',(3.176006953647,1.97714200288,49.828515821139
    ));
#3475 = CARTESIAN_POINT('',(0.319769480158,3.727446650352,
    50.027734556517));
#3476 = CARTESIAN_POINT('',(-1.609429341765,3.784301406249,
    50.127344499138));
#3477 = CARTESIAN_POINT('',(-3.491436388459,2.697226404932,
    50.226951017173));
#3478 = CARTESIAN_POINT('',(-4.525645162639,0.535644067821,
    50.326567253083));
#3479 = CARTESIAN_POINT('',(-4.024617751729,-1.807641319638,
    50.426166857588));
#3480 = CARTESIAN_POINT('',(-2.448392774514,-3.304026068851,
    50.525784988934));
#3481 = CARTESIAN_POINT('',(-0.559219375125,-3.699106549859,
    50.625389482521));
#3482 = CARTESIAN_POINT('',(1.033738964414,-3.181521461095,
    50.725000386531));
#3483 = DEFINITIONAL_REPRESENTATION('',(#3484),#3487);
#3484 = B_SPLINE_CURVE_WITH_KNOTS('',1,(#3485,#3486),.UNSPECIFIED.,.F.,
  .F.,(2,2),(0.,261.37779760514),.PIECEWISE_BEZIER_KNOTS.);
#3485 = CARTESIAN_POINT('',(0.55,0.));
#3486 = CARTESIAN_POINT('',(0.55,261.37779760514));
#3487 = ( GEOMETRIC_REPRESENTATION_CONTEXT(2) 
PARAMETRIC_REPRESENTATION_CONTEXT() REPRESENTATION_CONTEXT('2D SPACE',''
  ) );
#3488 = ORIENTED_EDGE('',*,*,#3489,.T.);
#3489 = EDGE_CURVE('',#1217,#3490,#3492,.T.);
#3490 = VERTEX_POINT('',#3491);
#3491 = CARTESIAN_POINT('',(4.02025,0.,-5.551115123126E-17));
#3492 = SURFACE_CURVE('',#3493,(#3496,#3503),.PCURVE_S1.);
#3493 = B_SPLINE_CURVE_WITH_KNOTS('',1,(#3494,#3495),.UNSPECIFIED.,.F.,
  .F.,(2,2),(0.,0.728868986856),.PIECEWISE_BEZIER_KNOTS.);
#3494 = CARTESIAN_POINT('',(3.34525,-4.440892098501E-16,-0.275));
#3495 = CARTESIAN_POINT('',(4.02025,0.,0.));
#3496 = PCURVE('',#1674,#3497);
#3497 = DEFINITIONAL_REPRESENTATION('',(#3498),#3502);
#3498 = LINE('',#3499,#3500);
#3499 = CARTESIAN_POINT('',(0.,0.));
#3500 = VECTOR('',#3501,1.);
#3501 = DIRECTION('',(1.,0.));
#3502 = ( GEOMETRIC_REPRESENTATION_CONTEXT(2) 
PARAMETRIC_REPRESENTATION_CONTEXT() REPRESENTATION_CONTEXT('2D SPACE',''
  ) );
#3503 = PCURVE('',#3504,#3509);
#3504 = PLANE('',#3505);
#3505 = AXIS2_PLACEMENT_3D('',#3506,#3507,#3508);
#3506 = CARTESIAN_POINT('',(3.590295206381,1.414357663477E-16,0.));
#3507 = DIRECTION('',(-3.289549702593E-16,-1.,2.422304781E-15));
#3508 = DIRECTION('',(0.,-2.422304781E-15,-1.));
#3509 = DEFINITIONAL_REPRESENTATION('',(#3510),#3513);
#3510 = B_SPLINE_CURVE_WITH_KNOTS('',1,(#3511,#3512),.UNSPECIFIED.,.F.,
  .F.,(2,2),(0.,0.728868986856),.PIECEWISE_BEZIER_KNOTS.);
#3511 = CARTESIAN_POINT('',(0.275,-0.245045206381));
#3512 = CARTESIAN_POINT('',(3.426005330285E-31,0.429954793619));
#3513 = ( GEOMETRIC_REPRESENTATION_CONTEXT(2) 
PARAMETRIC_REPRESENTATION_CONTEXT() REPRESENTATION_CONTEXT('2D SPACE',''
  ) );
#3514 = ORIENTED_EDGE('',*,*,#3515,.T.);
#3515 = EDGE_CURVE('',#3490,#3516,#3518,.T.);
#3516 = VERTEX_POINT('',#3517);
#3517 = CARTESIAN_POINT('',(1.242325599467,-3.823484950592,
    50.99999946622));
#3518 = SURFACE_CURVE('',#3519,(#3970,#3977),.PCURVE_S1.);
#3519 = B_SPLINE_CURVE_WITH_KNOTS('',8,(#3520,#3521,#3522,#3523,#3524,
    #3525,#3526,#3527,#3528,#3529,#3530,#3531,#3532,#3533,#3534,#3535,
    #3536,#3537,#3538,#3539,#3540,#3541,#3542,#3543,#3544,#3545,#3546,
    #3547,#3548,#3549,#3550,#3551,#3552,#3553,#3554,#3555,#3556,#3557,
    #3558,#3559,#3560,#3561,#3562,#3563,#3564,#3565,#3566,#3567,#3568,
    #3569,#3570,#3571,#3572,#3573,#3574,#3575,#3576,#3577,#3578,#3579,
    #3580,#3581,#3582,#3583,#3584,#3585,#3586,#3587,#3588,#3589,#3590,
    #3591,#3592,#3593,#3594,#3595,#3596,#3597,#3598,#3599,#3600,#3601,
    #3602,#3603,#3604,#3605,#3606,#3607,#3608,#3609,#3610,#3611,#3612,
    #3613,#3614,#3615,#3616,#3617,#3618,#3619,#3620,#3621,#3622,#3623,
    #3624,#3625,#3626,#3627,#3628,#3629,#3630,#3631,#3632,#3633,#3634,
    #3635,#3636,#3637,#3638,#3639,#3640,#3641,#3642,#3643,#3644,#3645,
    #3646,#3647,#3648,#3649,#3650,#3651,#3652,#3653,#3654,#3655,#3656,
    #3657,#3658,#3659,#3660,#3661,#3662,#3663,#3664,#3665,#3666,#3667,
    #3668,#3669,#3670,#3671,#3672,#3673,#3674,#3675,#3676,#3677,#3678,
    #3679,#3680,#3681,#3682,#3683,#3684,#3685,#3686,#3687,#3688,#3689,
    #3690,#3691,#3692,#3693,#3694,#3695,#3696,#3697,#3698,#3699,#3700,
    #3701,#3702,#3703,#3704,#3705,#3706,#3707,#3708,#3709,#3710,#3711,
    #3712,#3713,#3714,#3715,#3716,#3717,#3718,#3719,#3720,#3721,#3722,
    #3723,#3724,#3725,#3726,#3727,#3728,#3729,#3730,#3731,#3732,#3733,
    #3734,#3735,#3736,#3737,#3738,#3739,#3740,#3741,#3742,#3743,#3744,
    #3745,#3746,#3747,#3748,#3749,#3750,#3751,#3752,#3753,#3754,#3755,
    #3756,#3757,#3758,#3759,#3760,#3761,#3762,#3763,#3764,#3765,#3766,
    #3767,#3768,#3769,#3770,#3771,#3772,#3773,#3774,#3775,#3776,#3777,
    #3778,#3779,#3780,#3781,#3782,#3783,#3784,#3785,#3786,#3787,#3788,
    #3789,#3790,#3791,#3792,#3793,#3794,#3795,#3796,#3797,#3798,#3799,
    #3800,#3801,#3802,#3803,#3804,#3805,#3806,#3807,#3808,#3809,#3810,
    #3811,#3812,#3813,#3814,#3815,#3816,#3817,#3818,#3819,#3820,#3821,
    #3822,#3823,#3824,#3825,#3826,#3827,#3828,#3829,#3830,#3831,#3832,
    #3833,#3834,#3835,#3836,#3837,#3838,#3839,#3840,#3841,#3842,#3843,
    #3844,#3845,#3846,#3847,#3848,#3849,#3850,#3851,#3852,#3853,#3854,
    #3855,#3856,#3857,#3858,#3859,#3860,#3861,#3862,#3863,#3864,#3865,
    #3866,#3867,#3868,#3869,#3870,#3871,#3872,#3873,#3874,#3875,#3876,
    #3877,#3878,#3879,#3880,#3881,#3882,#3883,#3884,#3885,#3886,#3887,
    #3888,#3889,#3890,#3891,#3892,#3893,#3894,#3895,#3896,#3897,#3898,
    #3899,#3900,#3901,#3902,#3903,#3904,#3905,#3906,#3907,#3908,#3909,
    #3910,#3911,#3912,#3913,#3914,#3915,#3916,#3917,#3918,#3919,#3920,
    #3921,#3922,#3923,#3924,#3925,#3926,#3927,#3928,#3929,#3930,#3931,
    #3932,#3933,#3934,#3935,#3936,#3937,#3938,#3939,#3940,#3941,#3942,
    #3943,#3944,#3945,#3946,#3947,#3948,#3949,#3950,#3951,#3952,#3953,
    #3954,#3955,#3956,#3957,#3958,#3959,#3960,#3961,#3962,#3963,#3964,
    #3965,#3966,#3967,#3968,#3969),.UNSPECIFIED.,.F.,.F.,(9,7,7,7,7,7,7,
    7,7,7,7,7,7,7,7,7,7,7,7,7,7,7,7,7,7,7,7,7,7,7,7,7,7,7,7,7,7,7,7,7,7,
    7,7,7,7,7,7,7,7,7,7,7,7,7,7,7,7,7,7,7,7,7,7,7,9),(0.,4.08402808758,
    8.168056175161,12.252084262741,16.336112350322,20.420140437902,
    24.504168525483,28.588196613063,32.672224700643,36.756252788224,
    40.840280875804,44.924308963385,49.008337050965,53.092365138546,
    57.176393226126,61.260421313707,65.344449401287,69.428477488867,
    73.512505576448,77.596533664028,81.680561751609,85.764589839189,
    89.84861792677,93.93264601435,98.01667410193,102.10070218951,
    106.18473027709,110.26875836467,114.35278645225,118.43681453983,
    122.52084262741,126.60487071499,130.68889880257,134.77292689015,
    138.85695497773,142.94098306531,147.02501115289,151.10903924047,
    155.19306732805,159.27709541563,163.36112350321,167.44515159079,
    171.52917967837,175.61320776595,179.69723585353,183.78126394112,
    187.8652920287,191.94932011628,196.03334820386,200.11737629144,
    204.20140437902,208.2854324666,212.36946055418,216.45348864176,
    220.53751672934,224.62154481692,228.7055729045,232.78960099208,
    236.87362907966,240.95765716724,245.04168525482,249.1257133424,
    253.20974142998,257.29376951756,261.37779760514),.UNSPECIFIED.);
#3520 = CARTESIAN_POINT('',(4.02025,0.,0.));
#3521 = CARTESIAN_POINT('',(4.020250000039,2.012906493873,
    9.960726340341E-02));
#3522 = CARTESIAN_POINT('',(2.867112622996,4.025417339061,0.199223379623
    ));
#3523 = CARTESIAN_POINT('',(0.57143186095,5.271298383295,0.298820662219)
  );
#3524 = CARTESIAN_POINT('',(-2.292903761296,4.973688813938,
    0.398443530102));
#3525 = CARTESIAN_POINT('',(-4.379437077419,2.988911393791,
    0.498043430322));
#3526 = CARTESIAN_POINT('',(-4.922996630157,0.434133355567,
    0.597656750731));
#3527 = CARTESIAN_POINT('',(-4.141567707929,-1.749745505175,
    0.697265341858));
#3528 = CARTESIAN_POINT('',(-1.080319275189,-4.364298647831,
    0.896484112052));
#3529 = CARTESIAN_POINT('',(1.198914838987,-4.7944729415,0.996092818766)
  );
#3530 = CARTESIAN_POINT('',(3.637207843934,-3.857950164429,
    1.095705762534));
#3531 = CARTESIAN_POINT('',(5.271143660954,-1.486617914284,
    1.195306409258));
#3532 = CARTESIAN_POINT('',(5.11700827312,1.389009354673,1.294928197883)
  );
#3533 = CARTESIAN_POINT('',(3.527342548817,3.461527753889,1.394526684239
    ));
#3534 = CARTESIAN_POINT('',(1.359218561362,4.285642003209,1.494141745578
    ));
#3535 = CARTESIAN_POINT('',(-2.617029907275,3.655866100113,
    1.693357720896));
#3536 = CARTESIAN_POINT('',(-4.424373034674,2.202099701769,
    1.792972779576));
#3537 = CARTESIAN_POINT('',(-5.2957915563,-0.260216157034,1.892571274599
    ));
#3538 = CARTESIAN_POINT('',(-4.553765304984,-3.042730659328,
    1.992193046047));
#3539 = CARTESIAN_POINT('',(-2.267018022314,-4.79308769509,
    2.091793717604));
#3540 = CARTESIAN_POINT('',(0.341337884149,-4.930299791461,
    2.191406633674));
#3541 = CARTESIAN_POINT('',(2.376087164559,-3.816857634881,
    2.291015364659));
#3542 = CARTESIAN_POINT('',(4.479566056638,-0.38429202796,2.490234101526
    ));
#3543 = CARTESIAN_POINT('',(4.547893422919,1.934175017568,2.589842832572
    ));
#3544 = CARTESIAN_POINT('',(3.241467731924,4.19594414992,2.689455748445)
  );
#3545 = CARTESIAN_POINT('',(0.643726642705,5.438805413651,2.789056420395
    ));
#3546 = CARTESIAN_POINT('',(-2.172384796746,4.836720474764,
    2.888678191272));
#3547 = CARTESIAN_POINT('',(-3.970708547662,2.942412866347,
    2.988276686933));
#3548 = CARTESIAN_POINT('',(-4.445507267082,0.672062211252,
    3.087891745053));
#3549 = CARTESIAN_POINT('',(-3.201462648307,-3.156713384034,
    3.287107721138));
#3550 = CARTESIAN_POINT('',(-1.482863771464,-4.714385949602,
    3.386722779259));
#3551 = CARTESIAN_POINT('',(1.085456783427,-5.18988479906,3.486321274923
    ));
#3552 = CARTESIAN_POINT('',(3.717635435181,-4.021712954586,3.58594304579
    ));
#3553 = CARTESIAN_POINT('',(5.088716583455,-1.489303159086,
    3.685543717756));
#3554 = CARTESIAN_POINT('',(4.816202610357,1.108404258742,3.785156633612
    ));
#3555 = CARTESIAN_POINT('',(3.398163859207,2.94392167092,3.884765364672)
  );
#3556 = CARTESIAN_POINT('',(-0.321197764283,4.48453168288,4.083984101521
    ));
#3557 = CARTESIAN_POINT('',(-2.621809388198,4.189329673921,4.18359283258
    ));
#3558 = CARTESIAN_POINT('',(-4.651362385247,2.545169606797,
    4.283205748436));
#3559 = CARTESIAN_POINT('',(-5.472545726823,-0.215015315797,
    4.382806420403));
#3560 = CARTESIAN_POINT('',(-4.437336566091,-2.902268915066,
    4.482428191267));
#3561 = CARTESIAN_POINT('',(-2.285031213829,-4.382117319094,
    4.582026686935));
#3562 = CARTESIAN_POINT('',(3.164254095027E-02,-4.49590938822,
    4.681641745053));
#3563 = CARTESIAN_POINT('',(3.618668100744,-2.668228561066,
    4.880857721137));
#3564 = CARTESIAN_POINT('',(4.888315036308,-0.72711481375,4.980472779261
    ));
#3565 = CARTESIAN_POINT('',(4.956185853818,1.883969861376,5.080071274924
    ));
#3566 = CARTESIAN_POINT('',(3.390632683953,4.300999688504,5.179693045786
    ));
#3567 = CARTESIAN_POINT('',(0.674916709365,5.259044381048,5.279293717761
    ));
#3568 = CARTESIAN_POINT('',(-1.848178041901,4.583514536928,5.37890663361
    ));
#3569 = CARTESIAN_POINT('',(-3.439267055427,2.89579601146,5.478515364672
    ));
#3570 = CARTESIAN_POINT('',(-4.379073255782,-1.018778601575,
    5.677734101521));
#3571 = CARTESIAN_POINT('',(-3.727610724762,-3.244886110401,
    5.777342832578));
#3572 = CARTESIAN_POINT('',(-1.786200959023,-4.992248641674,
    5.87695574844));
#3573 = CARTESIAN_POINT('',(1.068462883641,-5.371533801843,
    5.976556420399));
#3574 = CARTESIAN_POINT('',(3.560689540607,-3.928690704505,
    6.076178191269));
#3575 = CARTESIAN_POINT('',(4.685623818723,-1.571384509233,
    6.175776686936));
#3576 = CARTESIAN_POINT('',(4.43560729915,0.734568148778,6.275391745052)
  );
#3577 = CARTESIAN_POINT('',(2.069293831311,3.991519199146,6.474607721139
    ));
#3578 = CARTESIAN_POINT('',(-4.653812384374E-02,4.941877583423,
    6.574222779259));
#3579 = CARTESIAN_POINT('',(-2.636093348788,4.600449164231,
    6.673821274921));
#3580 = CARTESIAN_POINT('',(-4.778459055308,2.676063783764,
    6.773443045793));
#3581 = CARTESIAN_POINT('',(-5.299877052206,-0.156088429656,
    6.873043717754));
#3582 = CARTESIAN_POINT('',(-4.237965123789,-2.54244354792,
    6.972656633613));
#3583 = CARTESIAN_POINT('',(-2.322124055314,-3.849926270757,
    7.072265364671));
#3584 = CARTESIAN_POINT('',(1.691273728564,-4.165787511816,
    7.271484101521));
#3585 = CARTESIAN_POINT('',(3.788062967407,-3.174105628326,
    7.371092832579));
#3586 = CARTESIAN_POINT('',(5.210209168216,-0.983250115585,
    7.470705748437));
#3587 = CARTESIAN_POINT('',(5.138256887568,1.895601349278,7.570306420401
    ));
#3588 = CARTESIAN_POINT('',(3.323307439192,4.131434172395,7.66992819127)
  );
#3589 = CARTESIAN_POINT('',(0.819045102895,4.873754709246,7.769526686933
    ));
#3590 = CARTESIAN_POINT('',(-1.419406250892,4.26608583744,7.869141745054
    ));
#3591 = CARTESIAN_POINT('',(-4.26608584777,1.419406219835,8.068357721138
    ));
#3592 = CARTESIAN_POINT('',(-4.87375470329,-0.81904513837,8.16797277926)
  );
#3593 = CARTESIAN_POINT('',(-4.131434148195,-3.32330746927,8.26757127492
    ));
#3594 = CARTESIAN_POINT('',(-1.895601311881,-5.138256901364,
    8.367193045793));
#3595 = CARTESIAN_POINT('',(0.983250153515,-5.21020916106,8.466793717755
    ));
#3596 = CARTESIAN_POINT('',(3.1741056559,-3.788062944302,8.566406633613)
  );
#3597 = CARTESIAN_POINT('',(4.165787524128,-1.691273698239,
    8.666015364672));
#3598 = CARTESIAN_POINT('',(3.849926253853,2.32212408334,8.865234101521)
  );
#3599 = CARTESIAN_POINT('',(2.542443517069,4.237965142298,8.964842832579
    ));
#3600 = CARTESIAN_POINT('',(0.156088391077,5.299877053339,9.064455748439
    ));
#3601 = CARTESIAN_POINT('',(-2.67606381855,4.778459035835,9.164056420399
    ));
#3602 = CARTESIAN_POINT('',(-4.600449183419,2.636093315291,
    9.263678191271));
#3603 = CARTESIAN_POINT('',(-4.941877583762,4.653808787418E-02,
    9.363276686934));
#3604 = CARTESIAN_POINT('',(-3.991519184083,-2.069293860369,
    9.462891745053));
#3605 = CARTESIAN_POINT('',(-0.734568116488,-4.435607304496,
    9.662107721141));
#3606 = CARTESIAN_POINT('',(1.571384543335,-4.685623807291,
    9.761722779256));
#3607 = CARTESIAN_POINT('',(3.928690730434,-3.560689511996,
    9.861321274923));
#3608 = CARTESIAN_POINT('',(5.371533809613,-1.068462844552,
    9.960943045794));
#3609 = CARTESIAN_POINT('',(4.992248628675,1.78620099537,10.060543717751
    ));
#3610 = CARTESIAN_POINT('',(3.244886083265,3.727610748381,
    10.160156633615));
#3611 = CARTESIAN_POINT('',(1.018778569698,4.379073263198,
    10.259765364671));
#3612 = CARTESIAN_POINT('',(-2.895796036496,3.439267034348,
    10.45898410152));
#3613 = CARTESIAN_POINT('',(-4.583514550383,1.848178008538,
    10.558592832581));
#3614 = CARTESIAN_POINT('',(-5.259044376131,-0.674916747656,
    10.658205748434));
#3615 = CARTESIAN_POINT('',(-4.300999663831,-3.390632715243,
    10.757806420403));
#3616 = CARTESIAN_POINT('',(-1.883969825288,-4.956185867552,
    10.85742819127));
#3617 = CARTESIAN_POINT('',(0.727114849327,-4.888315031002,
    10.957026686931));
#3618 = CARTESIAN_POINT('',(2.66822858741,-3.618668081325,
    11.056641745055));
#3619 = CARTESIAN_POINT('',(4.495909388449,-3.164250822023E-02,
    11.25585772114));
#3620 = CARTESIAN_POINT('',(4.382117302465,2.285031245718,
    11.355472779256));
#3621 = CARTESIAN_POINT('',(2.902268882757,4.437336587235,
    11.455071274921));
#3622 = CARTESIAN_POINT('',(0.215015275967,5.472545728373,
    11.554693045797));
#3623 = CARTESIAN_POINT('',(-2.545169640659,4.651362366728,
    11.65429371775));
#3624 = CARTESIAN_POINT('',(-4.189329693006,2.6218093577,11.753906633616
    ));
#3625 = CARTESIAN_POINT('',(-4.484531685218,0.321197731639,
    11.853515364671));
#3626 = CARTESIAN_POINT('',(-2.943921646184,-3.398163880637,
    12.052734101521));
#3627 = CARTESIAN_POINT('',(-1.108404223683,-4.816202618422,
    12.15234283258));
#3628 = CARTESIAN_POINT('',(1.489303196129,-5.088716572624,
    12.251955748438));
#3629 = CARTESIAN_POINT('',(4.021712981648,-3.717635405888,
    12.351556420397));
#3630 = CARTESIAN_POINT('',(5.189884806963,-1.085456745663,
    12.451178191275));
#3631 = CARTESIAN_POINT('',(4.714385938806,1.482863805789,
    12.550776686929));
#3632 = CARTESIAN_POINT('',(3.156713360731,3.201462671287,
    12.650391745054));
#3633 = CARTESIAN_POINT('',(-0.672062243615,4.44550726219,
    12.849607721144));
#3634 = CARTESIAN_POINT('',(-2.942412895246,3.97070852624,
    12.949222779255));
#3635 = CARTESIAN_POINT('',(-4.836720490585,2.172384761545,
    13.048821274915));
#3636 = CARTESIAN_POINT('',(-5.438805408958,-0.643726682304,
    13.148443045808));
#3637 = CARTESIAN_POINT('',(-4.195944126328,-3.241467762463,
    13.248043717738));
#3638 = CARTESIAN_POINT('',(-1.93417498446,-4.547893437,13.347656633621)
  );
#3639 = CARTESIAN_POINT('',(0.384292060568,-4.47956605384,13.44726536467
    ));
#3640 = CARTESIAN_POINT('',(3.816857652178,-2.376087136775,
    13.64648410152));
#3641 = CARTESIAN_POINT('',(4.930299793946,-0.341337848261,
    13.746092832583));
#3642 = CARTESIAN_POINT('',(4.793087678583,2.267018057212,
    13.845705748431));
#3643 = CARTESIAN_POINT('',(3.042730626189,4.553765327119,
    13.945306420403));
#3644 = CARTESIAN_POINT('',(0.260216118476,5.295791558211,
    14.044928191275));
#3645 = CARTESIAN_POINT('',(-2.202099733979,4.424373018632,
    14.144526686925));
#3646 = CARTESIAN_POINT('',(-3.655866119154,2.617029880667,
    14.244141745058));
#3647 = CARTESIAN_POINT('',(-4.28564199334,-1.359218592566,
    14.443357721138));
#3648 = CARTESIAN_POINT('',(-3.461527728077,-3.527342573985,
    14.542972779259));
#3649 = CARTESIAN_POINT('',(-1.389009317766,-5.1170082833,
    14.642571274919));
#3650 = CARTESIAN_POINT('',(1.486617953246,-5.271143650018,
    14.742193045797));
#3651 = CARTESIAN_POINT('',(3.857950190143,-3.637207815995,
    14.841793717751));
#3652 = CARTESIAN_POINT('',(4.794472950982,-1.198914803946,
    14.941406633615));
#3653 = CARTESIAN_POINT('',(4.36429863939,1.080319306851,15.041015364671
    ));
#3654 = CARTESIAN_POINT('',(1.749745476277,4.141567720898,
    15.240234101521));
#3655 = CARTESIAN_POINT('',(-0.434133397824,4.922996625804,
    15.339842832578));
#3656 = CARTESIAN_POINT('',(-2.988911409913,4.37943705859,
    15.439455748441));
#3657 = CARTESIAN_POINT('',(-4.97368885718,2.292903720157,
    15.539056420395));
#3658 = CARTESIAN_POINT('',(-5.271298345545,-0.571431893086,
    15.638678191275));
#3659 = CARTESIAN_POINT('',(-4.025417351103,-2.867112658404,
    15.738276686931));
#3660 = CARTESIAN_POINT('',(-2.012906439514,-4.020250010039,
    15.837891745053));
#3661 = CARTESIAN_POINT('',(2.012906468779,-4.020249995388,
    16.037107721144));
#3662 = CARTESIAN_POINT('',(4.025417371973,-2.86711262909,
    16.136722779253));
#3663 = CARTESIAN_POINT('',(5.271298349707,-0.571431854735,
    16.236321274917));
#3664 = CARTESIAN_POINT('',(4.973688840488,2.292903756384,
    16.335943045807));
#3665 = CARTESIAN_POINT('',(2.988911378034,4.379437080335,16.43554371774
    ));
#3666 = CARTESIAN_POINT('',(0.434133361987,4.922996628968,
    16.535156633621));
#3667 = CARTESIAN_POINT('',(-1.749745506425,4.14156770816,16.63476536467
    ));
#3668 = CARTESIAN_POINT('',(-4.364298647254,1.080319275082,
    16.83398410152));
#3669 = CARTESIAN_POINT('',(-4.794472942255,-1.198914838845,
    16.933592832584));
#3670 = CARTESIAN_POINT('',(-3.857950163664,-3.637207844084,
    17.033205748428));
#3671 = CARTESIAN_POINT('',(-1.486617914881,-5.271143660828,
    17.132806420408));
#3672 = CARTESIAN_POINT('',(1.389009355022,-5.117008273201,
    17.232428191271));
#3673 = CARTESIAN_POINT('',(3.461527753749,-3.527342548781,
    17.332026686926));
#3674 = CARTESIAN_POINT('',(4.285642003236,-1.359218561369,
    17.431641745059));
#3675 = CARTESIAN_POINT('',(3.655866100101,2.617029907278,
    17.630857721136));
#3676 = CARTESIAN_POINT('',(2.202099701781,4.424373034671,
    17.730472779262));
#3677 = CARTESIAN_POINT('',(-0.260216157043,5.295791556302,
    17.830071274921));
#3678 = CARTESIAN_POINT('',(-3.042730659322,4.553765304983,
    17.92969304579));
#3679 = CARTESIAN_POINT('',(-4.793087695094,2.267018022315,
    18.029293717758));
#3680 = CARTESIAN_POINT('',(-4.930299791459,-0.341337884149,
    18.128906633611));
#3681 = CARTESIAN_POINT('',(-3.816857634881,-2.376087164559,
    18.228515364672));
#3682 = CARTESIAN_POINT('',(-0.384292027959,-4.479566056638,
    18.427734101521));
#3683 = CARTESIAN_POINT('',(1.934175017568,-4.54789342292,
    18.527342832575));
#3684 = CARTESIAN_POINT('',(4.195944149917,-3.24146773192,
    18.626955748446));
#3685 = CARTESIAN_POINT('',(5.438805413657,-0.643726642711,
    18.726556420392));
#3686 = CARTESIAN_POINT('',(4.836720474758,2.172384796752,
    18.826178191272));
#3687 = CARTESIAN_POINT('',(2.942412866349,3.97070854766,18.925776686936
    ));
#3688 = CARTESIAN_POINT('',(0.672062211253,4.445507267081,
    19.025391745051));
#3689 = CARTESIAN_POINT('',(-3.156713384036,3.201462648308,
    19.224607721139));
#3690 = CARTESIAN_POINT('',(-4.714385949598,1.482863771462,
    19.32422277926));
#3691 = CARTESIAN_POINT('',(-5.189884799067,-1.085456783424,
    19.42382127492));
#3692 = CARTESIAN_POINT('',(-4.021712954579,-3.717635435183,
    19.523443045793));
#3693 = CARTESIAN_POINT('',(-1.48930315909,-5.088716583454,
    19.623043717754));
#3694 = CARTESIAN_POINT('',(1.108404258743,-4.816202610357,
    19.722656633613));
#3695 = CARTESIAN_POINT('',(2.94392167092,-3.398163859207,
    19.822265364671));
#3696 = CARTESIAN_POINT('',(4.48453168288,0.321197764283,20.021484101521
    ));
#3697 = CARTESIAN_POINT('',(4.189329673924,2.621809388196,
    20.121092832578));
#3698 = CARTESIAN_POINT('',(2.545169606787,4.651362385254,20.22070574844
    ));
#3699 = CARTESIAN_POINT('',(-0.215015315779,5.472545726809,
    20.320306420396));
#3700 = CARTESIAN_POINT('',(-2.902268915085,4.437336566106,
    20.419928191274));
#3701 = CARTESIAN_POINT('',(-4.382117319084,2.28503121382,
    20.519526686932));
#3702 = CARTESIAN_POINT('',(-4.495909388221,-3.164254094872E-02,
    20.619141745052));
#3703 = CARTESIAN_POINT('',(-2.668228561066,-3.618668100747,
    20.818357721143));
#3704 = CARTESIAN_POINT('',(-0.727114813746,-4.8883150363,
    20.917972779251));
#3705 = CARTESIAN_POINT('',(1.883969861369,-4.956185853829,
    21.017571274927));
#3706 = CARTESIAN_POINT('',(4.30099968851,-3.390632683943,
    21.117193045795));
#3707 = CARTESIAN_POINT('',(5.259044381045,-0.67491670937,
    21.216793717748));
#3708 = CARTESIAN_POINT('',(4.583514536929,1.848178041903,
    21.316406633617));
#3709 = CARTESIAN_POINT('',(2.89579601146,3.439267055427,21.416015364671
    ));
#3710 = CARTESIAN_POINT('',(-1.018778601575,4.379073255782,
    21.61523410152));
#3711 = CARTESIAN_POINT('',(-3.244886110399,3.727610724763,
    21.714842832583));
#3712 = CARTESIAN_POINT('',(-4.992248641681,1.78620095902,
    21.814455748434));
#3713 = CARTESIAN_POINT('',(-5.371533801829,-1.068462883635,
    21.914056420398));
#3714 = CARTESIAN_POINT('',(-3.928690704521,-3.560689540614,
    22.01367819128));
#3715 = CARTESIAN_POINT('',(-1.571384509222,-4.685623818718,
    22.113276686923));
#3716 = CARTESIAN_POINT('',(0.734568148775,-4.435607299152,
    22.212891745056));
#3717 = CARTESIAN_POINT('',(3.991519199148,-2.06929383131,22.41210772115
    ));
#3718 = CARTESIAN_POINT('',(4.941877583417,4.653812384281E-02,
    22.511722779241));
#3719 = CARTESIAN_POINT('',(4.60044916424,2.636093348788,22.611321274927
    ));
#3720 = CARTESIAN_POINT('',(2.676063783755,4.778459055307,
    22.710943045806));
#3721 = CARTESIAN_POINT('',(-0.156088429651,5.299877052206,
    22.810543717734));
#3722 = CARTESIAN_POINT('',(-2.542443547921,4.237965123789,
    22.910156633625));
#3723 = CARTESIAN_POINT('',(-3.849926270757,2.322124055315,
    23.009765364669));
#3724 = CARTESIAN_POINT('',(-4.165787511817,-1.691273728564,
    23.208984101519));
#3725 = CARTESIAN_POINT('',(-3.174105628327,-3.788062967408,
    23.308592832591));
#3726 = CARTESIAN_POINT('',(-0.983250115579,-5.210209168217,
    23.408205748416));
#3727 = CARTESIAN_POINT('',(1.895601349264,-5.138256887566,
    23.507806420417));
#3728 = CARTESIAN_POINT('',(4.13143417241,-3.323307439197,23.60742819127
    ));
#3729 = CARTESIAN_POINT('',(4.873754709236,-0.819045102891,
    23.70702668692));
#3730 = CARTESIAN_POINT('',(4.266085837442,1.419406250889,
    23.806641745064));
#3731 = CARTESIAN_POINT('',(1.419406219834,4.266085847772,
    24.005857721132));
#3732 = CARTESIAN_POINT('',(-0.81904513837,4.873754703286,
    24.105472779266));
#3733 = CARTESIAN_POINT('',(-3.323307469269,4.1314341482,24.205071274922
    ));
#3734 = CARTESIAN_POINT('',(-5.138256901366,1.895601311877,
    24.304693045783));
#3735 = CARTESIAN_POINT('',(-5.210209161059,-0.983250153513,
    24.404293717766));
#3736 = CARTESIAN_POINT('',(-3.788062944302,-3.1741056559,
    24.503906633606));
#3737 = CARTESIAN_POINT('',(-1.691273698239,-4.165787524128,
    24.603515364673));
#3738 = CARTESIAN_POINT('',(2.32212408334,-3.849926253853,
    24.802734101522));
#3739 = CARTESIAN_POINT('',(4.237965142295,-2.542443517069,
    24.902342832573));
#3740 = CARTESIAN_POINT('',(5.299877053348,-0.156088391079,
    25.001955748447));
#3741 = CARTESIAN_POINT('',(4.778459035819,2.676063818553,
    25.101556420394));
#3742 = CARTESIAN_POINT('',(2.636093315306,4.600449183417,
    25.201178191267));
#3743 = CARTESIAN_POINT('',(4.653808786826E-02,4.941877583763,
    25.300776686943));
#3744 = CARTESIAN_POINT('',(-2.06929386037,3.991519184084,
    25.400391745048));
#3745 = CARTESIAN_POINT('',(-4.435607304495,0.734568116487,
    25.599607721136));
#3746 = CARTESIAN_POINT('',(-4.685623807292,-1.571384543333,
    25.699222779261));
#3747 = CARTESIAN_POINT('',(-3.560689511994,-3.928690730437,
    25.798821274929));
#3748 = CARTESIAN_POINT('',(-1.068462844554,-5.37153380961,
    25.898443045778));
#3749 = CARTESIAN_POINT('',(1.786200995372,-4.992248628677,
    25.998043717767));
#3750 = CARTESIAN_POINT('',(3.727610748381,-3.244886083264,
    26.097656633607));
#3751 = CARTESIAN_POINT('',(4.379073263198,-1.018778569698,
    26.197265364672));
#3752 = CARTESIAN_POINT('',(3.439267034348,2.895796036496,
    26.396484101521));
#3753 = CARTESIAN_POINT('',(1.848178008539,4.583514550384,
    26.496092832575));
#3754 = CARTESIAN_POINT('',(-0.674916747656,5.259044376125,
    26.595705748447));
#3755 = CARTESIAN_POINT('',(-3.390632715246,4.300999663842,
    26.695306420389));
#3756 = CARTESIAN_POINT('',(-4.956185867548,1.883969825276,
    26.794928191278));
#3757 = CARTESIAN_POINT('',(-4.888315031005,-0.72711484932,
    26.894526686932));
#3758 = CARTESIAN_POINT('',(-3.618668081324,-2.668228587412,
    26.994141745051));
#3759 = CARTESIAN_POINT('',(-3.164250822154E-02,-4.495909388447,
    27.193357721148));
#3760 = CARTESIAN_POINT('',(2.285031245721,-4.38211730247,
    27.292972779253));
#3761 = CARTESIAN_POINT('',(4.437336587232,-2.90226888275,
    27.392571274906));
#3762 = CARTESIAN_POINT('',(5.472545728374,-0.215015275975,
    27.492193045827));
#3763 = CARTESIAN_POINT('',(4.651362366729,2.545169640664,
    27.591793717722));
#3764 = CARTESIAN_POINT('',(2.621809357698,4.189329693005,
    27.691406633629));
#3765 = CARTESIAN_POINT('',(0.321197731639,4.484531685218,
    27.791015364669));
#3766 = CARTESIAN_POINT('',(-3.398163880637,2.943921646184,
    27.99023410152));
#3767 = CARTESIAN_POINT('',(-4.816202618426,1.108404223684,
    28.089842832587));
#3768 = CARTESIAN_POINT('',(-5.088716572612,-1.489303196131,
    28.189455748426));
#3769 = CARTESIAN_POINT('',(-3.717635405911,-4.021712981643,
    28.289056420404));
#3770 = CARTESIAN_POINT('',(-1.08545674564,-5.189884806968,
    28.38867819128));
#3771 = CARTESIAN_POINT('',(1.482863805777,-4.714385938802,
    28.488276686916));
#3772 = CARTESIAN_POINT('',(3.201462671289,-3.156713360732,
    28.587891745063));
#3773 = CARTESIAN_POINT('',(4.445507262188,0.672062243614,28.78710772114
    ));
#3774 = CARTESIAN_POINT('',(3.970708526245,2.942412895247,
    28.886722779258));
#3775 = CARTESIAN_POINT('',(2.172384761538,4.836720490583,
    28.986321274916));
#3776 = CARTESIAN_POINT('',(-0.643726682298,5.438805408959,
    29.085943045805));
#3777 = CARTESIAN_POINT('',(-3.241467762467,4.195944126328,
    29.185543717744));
#3778 = CARTESIAN_POINT('',(-4.547893436999,1.93417498446,
    29.285156633618));
#3779 = CARTESIAN_POINT('',(-4.47956605384,-0.384292060568,
    29.384765364671));
#3780 = CARTESIAN_POINT('',(-2.376087136775,-3.816857652178,
    29.583984101521));
#3781 = CARTESIAN_POINT('',(-0.34133784826,-4.930299793943,
    29.683592832578));
#3782 = CARTESIAN_POINT('',(2.267018057208,-4.793087678591,
    29.783205748441));
#3783 = CARTESIAN_POINT('',(4.553765327128,-3.042730626175,
    29.882806420393));
#3784 = CARTESIAN_POINT('',(5.2957915582,-0.260216118489,29.982428191278
    ));
#3785 = CARTESIAN_POINT('',(4.424373018639,2.202099733986,
    30.082026686928));
#3786 = CARTESIAN_POINT('',(2.617029880665,3.655866119153,
    30.181641745055));
#3787 = CARTESIAN_POINT('',(-1.359218592565,4.285641993341,
    30.380857721138));
#3788 = CARTESIAN_POINT('',(-3.527342573986,3.461527728077,
    30.480472779265));
#3789 = CARTESIAN_POINT('',(-5.117008283301,1.389009317764,
    30.580071274909));
#3790 = CARTESIAN_POINT('',(-5.271143650016,-1.486617953244,
    30.679693045806));
#3791 = CARTESIAN_POINT('',(-3.637207815996,-3.857950190145,
    30.779293717745));
#3792 = CARTESIAN_POINT('',(-1.198914803945,-4.794472950981,
    30.878906633616));
#3793 = CARTESIAN_POINT('',(1.080319306851,-4.36429863939,
    30.978515364671));
#3794 = CARTESIAN_POINT('',(4.141567720898,-1.749745476277,
    31.177734101521));
#3795 = CARTESIAN_POINT('',(4.922996625805,0.434133397824,
    31.277342832577));
#3796 = CARTESIAN_POINT('',(4.379437058588,2.988911409911,
    31.376955748442));
#3797 = CARTESIAN_POINT('',(2.292903720161,4.973688857185,
    31.476556420395));
#3798 = CARTESIAN_POINT('',(-0.571431893091,5.271298345541,
    31.576178191273));
#3799 = CARTESIAN_POINT('',(-2.8671126584,4.025417351106,31.675776686933
    ));
#3800 = CARTESIAN_POINT('',(-4.020250010042,2.012906439514,
    31.775391745054));
#3801 = CARTESIAN_POINT('',(-4.020249995386,-2.012906468779,
    31.974607721133));
#3802 = CARTESIAN_POINT('',(-2.867112629094,-4.025417371975,
    32.074222779271));
#3803 = CARTESIAN_POINT('',(-0.571431854729,-5.271298349703,
    32.173821274912));
#3804 = CARTESIAN_POINT('',(2.292903756379,-4.973688840491,
    32.273443045793));
#3805 = CARTESIAN_POINT('',(4.379437080338,-2.988911378032,
    32.37304371776));
#3806 = CARTESIAN_POINT('',(4.922996628967,-0.434133361987,
    32.472656633608));
#3807 = CARTESIAN_POINT('',(4.141567708161,1.749745506426,
    32.572265364672));
#3808 = CARTESIAN_POINT('',(1.080319275082,4.364298647254,
    32.771484101522));
#3809 = CARTESIAN_POINT('',(-1.198914838845,4.794472942253,
    32.871092832569));
#3810 = CARTESIAN_POINT('',(-3.637207844081,3.85795016367,
    32.970705748457));
#3811 = CARTESIAN_POINT('',(-5.271143660839,1.486617914869,
    33.07030642038));
#3812 = CARTESIAN_POINT('',(-5.117008273188,-1.38900935501,
    33.169928191278));
#3813 = CARTESIAN_POINT('',(-3.527342548789,-3.461527753756,
    33.269526686939));
#3814 = CARTESIAN_POINT('',(-1.359218561367,-4.285642003235,
    33.369141745046));
#3815 = CARTESIAN_POINT('',(2.617029907278,-3.655866100101,
    33.568357721147));
#3816 = CARTESIAN_POINT('',(4.424373034669,-2.202099701783,
    33.667972779245));
#3817 = CARTESIAN_POINT('',(5.295791556306,0.260216157048,
    33.767571274931));
#3818 = CARTESIAN_POINT('',(4.553765304978,3.042730659317,
    33.867193045794));
#3819 = CARTESIAN_POINT('',(2.267018022318,4.793087695097,
    33.966793717746));
#3820 = CARTESIAN_POINT('',(-0.341337884151,4.930299791458,
    34.066406633619));
#3821 = CARTESIAN_POINT('',(-2.376087164559,3.816857634881,
    34.16601536467));
#3822 = CARTESIAN_POINT('',(-4.479566056638,0.38429202796,
    34.365234101519));
#3823 = CARTESIAN_POINT('',(-4.547893422921,-1.934175017565,
    34.464842832588));
#3824 = CARTESIAN_POINT('',(-3.241467731914,-4.195944149927,
    34.564455748422));
#3825 = CARTESIAN_POINT('',(-0.643726642724,-5.438805413638,
    34.664056420413));
#3826 = CARTESIAN_POINT('',(2.172384796768,-4.836720474778,
    34.76367819127));
#3827 = CARTESIAN_POINT('',(3.970708547649,-2.942412866337,
    34.863276686924));
#3828 = CARTESIAN_POINT('',(4.445507267085,-0.672062211254,
    34.962891745059));
#3829 = CARTESIAN_POINT('',(3.201462648306,3.156713384035,
    35.162107721147));
#3830 = CARTESIAN_POINT('',(1.482863771466,4.7143859496,35.261722779235)
  );
#3831 = CARTESIAN_POINT('',(-1.08545678343,5.189884799063,
    35.361321274948));
#3832 = CARTESIAN_POINT('',(-3.717635435178,4.021712954582,
    35.460943045778));
#3833 = CARTESIAN_POINT('',(-5.088716583457,1.489303159088,
    35.560543717754));
#3834 = CARTESIAN_POINT('',(-4.816202610356,-1.108404258743,
    35.660156633617));
#3835 = CARTESIAN_POINT('',(-3.398163859207,-2.94392167092,
    35.759765364671));
#3836 = CARTESIAN_POINT('',(0.321197764283,-4.48453168288,
    35.958984101518));
#3837 = CARTESIAN_POINT('',(2.621809388195,-4.18932967392,
    36.058592832593));
#3838 = CARTESIAN_POINT('',(4.651362385257,-2.545169606801,
    36.158205748412));
#3839 = CARTESIAN_POINT('',(5.472545726804,0.215015315802,
    36.257806420423));
#3840 = CARTESIAN_POINT('',(4.437336566111,2.902268915063,
    36.357428191264));
#3841 = CARTESIAN_POINT('',(2.285031213817,4.382117319094,
    36.457026686923));
#3842 = CARTESIAN_POINT('',(-3.164254094834E-02,4.49590938822,
    36.556641745062));
#3843 = CARTESIAN_POINT('',(-3.618668100746,2.668228561067,
    36.755857721143));
#3844 = CARTESIAN_POINT('',(-4.888315036304,0.727114813744,
    36.855472779249));
#3845 = CARTESIAN_POINT('',(-4.956185853824,-1.883969861366,
    36.955071274927));
#3846 = CARTESIAN_POINT('',(-3.390632683948,-4.300999688512,
    37.054693045796));
#3847 = CARTESIAN_POINT('',(-0.674916709366,-5.259044381044,
    37.154293717747));
#3848 = CARTESIAN_POINT('',(1.848178041902,-4.583514536929,
    37.253906633618));
#3849 = CARTESIAN_POINT('',(3.439267055427,-2.89579601146,
    37.353515364671));
#3850 = CARTESIAN_POINT('',(4.379073255782,1.018778601575,37.55273410152
    ));
#3851 = CARTESIAN_POINT('',(3.72761072476,3.244886110399,37.652342832583
    ));
#3852 = CARTESIAN_POINT('',(1.786200959031,4.992248641683,
    37.751955748432));
#3853 = CARTESIAN_POINT('',(-1.068462883654,5.371533801827,
    37.851556420402));
#3854 = CARTESIAN_POINT('',(-3.560689540595,3.928690704522,
    37.951178191277));
#3855 = CARTESIAN_POINT('',(-4.685623818729,1.571384509222,
    38.050776686922));
#3856 = CARTESIAN_POINT('',(-4.43560729915,-0.734568148777,
    38.150391745058));
#3857 = CARTESIAN_POINT('',(-2.069293831311,-3.991519199146,
    38.349607721145));
#3858 = CARTESIAN_POINT('',(4.653812384343E-02,-4.941877583423,
    38.449222779252));
#3859 = CARTESIAN_POINT('',(2.636093348788,-4.600449164231,
    38.548821274913));
#3860 = CARTESIAN_POINT('',(4.778459055308,-2.676063783764,
    38.648443045816));
#3861 = CARTESIAN_POINT('',(5.299877052206,0.156088429656,
    38.748043717731));
#3862 = CARTESIAN_POINT('',(4.237965123789,2.54244354792,38.847656633625
    ));
#3863 = CARTESIAN_POINT('',(2.322124055314,3.849926270757,
    38.947265364669));
#3864 = CARTESIAN_POINT('',(-1.691273728564,4.165787511816,
    39.146484101519));
#3865 = CARTESIAN_POINT('',(-3.788062967406,3.174105628327,
    39.246092832587));
#3866 = CARTESIAN_POINT('',(-5.210209168221,0.983250115579,
    39.345705748424));
#3867 = CARTESIAN_POINT('',(-5.138256887558,-1.895601349265,
    39.445306420408));
#3868 = CARTESIAN_POINT('',(-3.323307439203,-4.131434172409,
    39.544928191274));
#3869 = CARTESIAN_POINT('',(-0.819045102888,-4.873754709238,
    39.644526686922));
#3870 = CARTESIAN_POINT('',(1.41940625089,-4.266085837441,39.74414174506
    ));
#3871 = CARTESIAN_POINT('',(4.266085847771,-1.419406219835,
    39.943357721144));
#3872 = CARTESIAN_POINT('',(4.873754703287,0.819045138371,
    40.042972779253));
#3873 = CARTESIAN_POINT('',(4.131434148199,3.32330746927,40.142571274917
    ));
#3874 = CARTESIAN_POINT('',(1.895601311878,5.138256901364,
    40.242193045809));
#3875 = CARTESIAN_POINT('',(-0.983250153513,5.210209161061,
    40.341793717738));
#3876 = CARTESIAN_POINT('',(-3.174105655901,3.788062944301,
    40.441406633621));
#3877 = CARTESIAN_POINT('',(-4.165787524127,1.69127369824,40.54101536467
    ));
#3878 = CARTESIAN_POINT('',(-3.849926253853,-2.32212408334,
    40.74023410152));
#3879 = CARTESIAN_POINT('',(-2.542443517071,-4.237965142296,
    40.839842832584));
#3880 = CARTESIAN_POINT('',(-0.156088391072,-5.299877053342,
    40.939455748428));
#3881 = CARTESIAN_POINT('',(2.676063818538,-4.778459035828,
    41.03905642041));
#3882 = CARTESIAN_POINT('',(4.600449183431,-2.636093315298,
    41.138678191266));
#3883 = CARTESIAN_POINT('',(4.941877583755,-4.653808787144E-02,
    41.238276686931));
#3884 = CARTESIAN_POINT('',(3.991519184086,2.069293860368,
    41.337891745059));
#3885 = CARTESIAN_POINT('',(0.734568116487,4.435607304496,
    41.537107721122));
#3886 = CARTESIAN_POINT('',(-1.571384543334,4.685623807293,
    41.636722779278));
#3887 = CARTESIAN_POINT('',(-3.928690730433,3.560689511992,
    41.736321274929));
#3888 = CARTESIAN_POINT('',(-5.371533809615,1.068462844556,
    41.835943045756));
#3889 = CARTESIAN_POINT('',(-4.992248628674,-1.786200995374,
    41.935543717794));
#3890 = CARTESIAN_POINT('',(-3.244886083265,-3.72761074838,
    42.035156633591));
#3891 = CARTESIAN_POINT('',(-1.018778569698,-4.379073263199,
    42.134765364675));
#3892 = CARTESIAN_POINT('',(2.895796036496,-3.439267034347,
    42.333984101523));
#3893 = CARTESIAN_POINT('',(4.583514550382,-1.848178008535,
    42.433592832562));
#3894 = CARTESIAN_POINT('',(5.259044376132,0.674916747639,
    42.533205748467));
#3895 = CARTESIAN_POINT('',(4.300999663831,3.390632715278,42.63280642038
    ));
#3896 = CARTESIAN_POINT('',(1.883969825285,4.956185867515,
    42.732428191263));
#3897 = CARTESIAN_POINT('',(-0.727114849324,4.888315031025,
    42.832026686959));
#3898 = CARTESIAN_POINT('',(-2.668228587412,3.618668081321,
    42.931641745038));
#3899 = CARTESIAN_POINT('',(-4.495909388447,3.164250822118E-02,
    43.130857721133));
#3900 = CARTESIAN_POINT('',(-4.382117302471,-2.285031245718,
    43.230472779267));
#3901 = CARTESIAN_POINT('',(-2.902268882748,-4.437336587235,
    43.330071274929));
#3902 = CARTESIAN_POINT('',(-0.215015275976,-5.472545728372,
    43.429693045769));
#3903 = CARTESIAN_POINT('',(2.545169640664,-4.651362366729,
    43.529293717778));
#3904 = CARTESIAN_POINT('',(4.189329693004,-2.621809357699,
    43.628906633601));
#3905 = CARTESIAN_POINT('',(4.484531685218,-0.321197731639,
    43.728515364674));
#3906 = CARTESIAN_POINT('',(2.943921646184,3.398163880637,
    43.927734101522));
#3907 = CARTESIAN_POINT('',(1.108404223684,4.816202618426,
    44.027342832572));
#3908 = CARTESIAN_POINT('',(-1.489303196128,5.088716572612,
    44.126955748448));
#3909 = CARTESIAN_POINT('',(-4.021712981651,3.717635405912,
    44.226556420397));
#3910 = CARTESIAN_POINT('',(-5.189884806956,1.085456745639,
    44.326178191261));
#3911 = CARTESIAN_POINT('',(-4.714385938811,-1.482863805775,
    44.425776686948));
#3912 = CARTESIAN_POINT('',(-3.156713360729,-3.201462671289,
    44.525391745049));
#3913 = CARTESIAN_POINT('',(0.672062243614,-4.445507262188,
    44.72460772112));
#3914 = CARTESIAN_POINT('',(2.942412895246,-3.970708526243,
    44.824222779292));
#3915 = CARTESIAN_POINT('',(4.836720490584,-2.17238476154,
    44.923821274907));
#3916 = CARTESIAN_POINT('',(5.438805408961,0.6437266823,45.023443045775)
  );
#3917 = CARTESIAN_POINT('',(4.195944126326,3.241467762466,
    45.123043717785));
#3918 = CARTESIAN_POINT('',(1.934174984461,4.547893436999,
    45.222656633594));
#3919 = CARTESIAN_POINT('',(-0.384292060568,4.479566053841,
    45.322265364674));
#3920 = CARTESIAN_POINT('',(-3.816857652178,2.376087136774,
    45.521484101525));
#3921 = CARTESIAN_POINT('',(-4.930299793941,0.34133784826,
    45.621092832555));
#3922 = CARTESIAN_POINT('',(-4.793087678602,-2.267018057201,
    45.72070574848));
#3923 = CARTESIAN_POINT('',(-3.042730626156,-4.553765327143,
    45.820306420363));
#3924 = CARTESIAN_POINT('',(-0.260216118508,-5.295791558182,
    45.919928191278));
#3925 = CARTESIAN_POINT('',(2.202099733995,-4.424373018652,
    46.019526686952));
#3926 = CARTESIAN_POINT('',(3.655866119152,-2.617029880662,
    46.119141745034));
#3927 = CARTESIAN_POINT('',(4.285641993341,1.359218592563,
    46.318357721157));
#3928 = CARTESIAN_POINT('',(3.461527728079,3.527342573988,
    46.417972779246));
#3929 = CARTESIAN_POINT('',(1.389009317761,5.117008283299,
    46.517571274904));
#3930 = CARTESIAN_POINT('',(-1.48661795324,5.271143650017,
    46.617193045838));
#3931 = CARTESIAN_POINT('',(-3.857950190146,3.637207815997,
    46.716793717709));
#3932 = CARTESIAN_POINT('',(-4.794472950981,1.198914803944,
    46.816406633636));
#3933 = CARTESIAN_POINT('',(-4.364298639389,-1.080319306851,
    46.916015364668));
#3934 = CARTESIAN_POINT('',(-1.749745476278,-4.141567720898,
    47.115234101518));
#3935 = CARTESIAN_POINT('',(0.434133397822,-4.922996625809,
    47.214842832597));
#3936 = CARTESIAN_POINT('',(2.988911409919,-4.379437058571,
    47.314455748405));
#3937 = CARTESIAN_POINT('',(4.973688857167,-2.292903720192,
    47.414056420428));
#3938 = CARTESIAN_POINT('',(5.271298345561,0.571431893122,
    47.513678191265));
#3939 = CARTESIAN_POINT('',(4.025417351093,2.867112658384,
    47.613276686917));
#3940 = CARTESIAN_POINT('',(2.012906439517,4.020250010043,
    47.712891745069));
#3941 = CARTESIAN_POINT('',(-2.01290646878,4.020249995385,
    47.912107721128));
#3942 = CARTESIAN_POINT('',(-4.025417371973,2.867112629095,
    48.01172277927));
#3943 = CARTESIAN_POINT('',(-5.271298349704,0.571431854729,
    48.11132127492));
#3944 = CARTESIAN_POINT('',(-4.973688840491,-2.292903756379,
    48.210943045782));
#3945 = CARTESIAN_POINT('',(-2.988911378032,-4.379437080338,
    48.310543717767));
#3946 = CARTESIAN_POINT('',(-0.434133361988,-4.922996628967,
    48.410156633609));
#3947 = CARTESIAN_POINT('',(1.749745506426,-4.14156770816,
    48.509765364668));
#3948 = CARTESIAN_POINT('',(4.364298647253,-1.080319275082,
    48.708984101534));
#3949 = CARTESIAN_POINT('',(4.794472942256,1.198914838847,
    48.808592832509));
#3950 = CARTESIAN_POINT('',(3.857950163664,3.637207844075,
    48.908205748602));
#3951 = CARTESIAN_POINT('',(1.48661791488,5.271143660847,49.007806420136
    ));
#3952 = CARTESIAN_POINT('',(-1.389009355025,5.117008273178,
    49.10742819159));
#3953 = CARTESIAN_POINT('',(-3.461527753741,3.527342548799,
    49.207026686627));
#3954 = CARTESIAN_POINT('',(-4.285642003248,1.35921856136,49.30664174529
    ));
#3955 = CARTESIAN_POINT('',(-3.655866100076,-2.617029907264,
    49.505857720607));
#3956 = CARTESIAN_POINT('',(-2.202099701913,-4.42437303474,
    49.60547278197));
#3957 = CARTESIAN_POINT('',(0.260216157366,-5.295791556131,
    49.705071268294));
#3958 = CARTESIAN_POINT('',(3.042730658776,-4.553765305275,
    49.804693056936));
#3959 = CARTESIAN_POINT('',(4.793087695784,-2.267018021942,
    49.904293703666));
#3960 = CARTESIAN_POINT('',(4.930299790782,0.341337883781,
    50.003906647419));
#3961 = CARTESIAN_POINT('',(3.816857635397,2.376087164839,
    50.103515354142));
#3962 = CARTESIAN_POINT('',(0.384292026842,4.479566056031,
    50.302734124333));
#3963 = CARTESIAN_POINT('',(-1.934175011828,4.547893426037,
    50.402342715465));
#3964 = CARTESIAN_POINT('',(-4.195944164008,3.241467724272,
    50.501956035856));
#3965 = CARTESIAN_POINT('',(-5.438805389913,0.643726655598,
    50.601555936126));
#3966 = CARTESIAN_POINT('',(-4.836720504792,-2.172384813054,
    50.701178803914));
#3967 = CARTESIAN_POINT('',(-2.942412836928,-3.970708531685,
    50.800776086637));
#3968 = CARTESIAN_POINT('',(-0.672062233679,-4.445507279262,
    50.900392202734));
#3969 = CARTESIAN_POINT('',(1.242325599467,-3.823484950592,
    50.99999946622));
#3970 = PCURVE('',#1674,#3971);
#3971 = DEFINITIONAL_REPRESENTATION('',(#3972),#3976);
#3972 = LINE('',#3973,#3974);
#3973 = CARTESIAN_POINT('',(0.728868986856,0.));
#3974 = VECTOR('',#3975,1.);
#3975 = DIRECTION('',(0.,1.));
#3976 = ( GEOMETRIC_REPRESENTATION_CONTEXT(2) 
PARAMETRIC_REPRESENTATION_CONTEXT() REPRESENTATION_CONTEXT('2D SPACE',''
  ) );
#3977 = PCURVE('',#3978,#4879);
#3978 = B_SPLINE_SURFACE_WITH_KNOTS('',1,8,(
    (#3979,#3980,#3981,#3982,#3983,#3984,#3985,#3986,#3987,#3988,#3989
      ,#3990,#3991,#3992,#3993,#3994,#3995,#3996,#3997,#3998,#3999,#4000
      ,#4001,#4002,#4003,#4004,#4005,#4006,#4007,#4008,#4009,#4010,#4011
      ,#4012,#4013,#4014,#4015,#4016,#4017,#4018,#4019,#4020,#4021,#4022
      ,#4023,#4024,#4025,#4026,#4027,#4028,#4029,#4030,#4031,#4032,#4033
      ,#4034,#4035,#4036,#4037,#4038,#4039,#4040,#4041,#4042,#4043,#4044
      ,#4045,#4046,#4047,#4048,#4049,#4050,#4051,#4052,#4053,#4054,#4055
      ,#4056,#4057,#4058,#4059,#4060,#4061,#4062,#4063,#4064,#4065,#4066
      ,#4067,#4068,#4069,#4070,#4071,#4072,#4073,#4074,#4075,#4076,#4077
      ,#4078,#4079,#4080,#4081,#4082,#4083,#4084,#4085,#4086,#4087,#4088
      ,#4089,#4090,#4091,#4092,#4093,#4094,#4095,#4096,#4097,#4098,#4099
      ,#4100,#4101,#4102,#4103,#4104,#4105,#4106,#4107,#4108,#4109,#4110
      ,#4111,#4112,#4113,#4114,#4115,#4116,#4117,#4118,#4119,#4120,#4121
      ,#4122,#4123,#4124,#4125,#4126,#4127,#4128,#4129,#4130,#4131,#4132
      ,#4133,#4134,#4135,#4136,#4137,#4138,#4139,#4140,#4141,#4142,#4143
      ,#4144,#4145,#4146,#4147,#4148,#4149,#4150,#4151,#4152,#4153,#4154
      ,#4155,#4156,#4157,#4158,#4159,#4160,#4161,#4162,#4163,#4164,#4165
      ,#4166,#4167,#4168,#4169,#4170,#4171,#4172,#4173,#4174,#4175,#4176
      ,#4177,#4178,#4179,#4180,#4181,#4182,#4183,#4184,#4185,#4186,#4187
      ,#4188,#4189,#4190,#4191,#4192,#4193,#4194,#4195,#4196,#4197,#4198
      ,#4199,#4200,#4201,#4202,#4203,#4204,#4205,#4206,#4207,#4208,#4209
      ,#4210,#4211,#4212,#4213,#4214,#4215,#4216,#4217,#4218,#4219,#4220
      ,#4221,#4222,#4223,#4224,#4225,#4226,#4227,#4228,#4229,#4230,#4231
      ,#4232,#4233,#4234,#4235,#4236,#4237,#4238,#4239,#4240,#4241,#4242
      ,#4243,#4244,#4245,#4246,#4247,#4248,#4249,#4250,#4251,#4252,#4253
      ,#4254,#4255,#4256,#4257,#4258,#4259,#4260,#4261,#4262,#4263,#4264
      ,#4265,#4266,#4267,#4268,#4269,#4270,#4271,#4272,#4273,#4274,#4275
      ,#4276,#4277,#4278,#4279,#4280,#4281,#4282,#4283,#4284,#4285,#4286
      ,#4287,#4288,#4289,#4290,#4291,#4292,#4293,#4294,#4295,#4296,#4297
      ,#4298,#4299,#4300,#4301,#4302,#4303,#4304,#4305,#4306,#4307,#4308
      ,#4309,#4310,#4311,#4312,#4313,#4314,#4315,#4316,#4317,#4318,#4319
      ,#4320,#4321,#4322,#4323,#4324,#4325,#4326,#4327,#4328,#4329,#4330
      ,#4331,#4332,#4333,#4334,#4335,#4336,#4337,#4338,#4339,#4340,#4341
      ,#4342,#4343,#4344,#4345,#4346,#4347,#4348,#4349,#4350,#4351,#4352
      ,#4353,#4354,#4355,#4356,#4357,#4358,#4359,#4360,#4361,#4362,#4363
      ,#4364,#4365,#4366,#4367,#4368,#4369,#4370,#4371,#4372,#4373,#4374
      ,#4375,#4376,#4377,#4378,#4379,#4380,#4381,#4382,#4383,#4384,#4385
      ,#4386,#4387,#4388,#4389,#4390,#4391,#4392,#4393,#4394,#4395,#4396
      ,#4397,#4398,#4399,#4400,#4401,#4402,#4403,#4404,#4405,#4406,#4407
      ,#4408,#4409,#4410,#4411,#4412,#4413,#4414,#4415,#4416,#4417,#4418
      ,#4419,#4420,#4421,#4422,#4423,#4424,#4425,#4426,#4427,#4428)
    ,(#4429,#4430,#4431,#4432,#4433,#4434,#4435,#4436,#4437,#4438,#4439
      ,#4440,#4441,#4442,#4443,#4444,#4445,#4446,#4447,#4448,#4449,#4450
      ,#4451,#4452,#4453,#4454,#4455,#4456,#4457,#4458,#4459,#4460,#4461
      ,#4462,#4463,#4464,#4465,#4466,#4467,#4468,#4469,#4470,#4471,#4472
      ,#4473,#4474,#4475,#4476,#4477,#4478,#4479,#4480,#4481,#4482,#4483
      ,#4484,#4485,#4486,#4487,#4488,#4489,#4490,#4491,#4492,#4493,#4494
      ,#4495,#4496,#4497,#4498,#4499,#4500,#4501,#4502,#4503,#4504,#4505
      ,#4506,#4507,#4508,#4509,#4510,#4511,#4512,#4513,#4514,#4515,#4516
      ,#4517,#4518,#4519,#4520,#4521,#4522,#4523,#4524,#4525,#4526,#4527
      ,#4528,#4529,#4530,#4531,#4532,#4533,#4534,#4535,#4536,#4537,#4538
      ,#4539,#4540,#4541,#4542,#4543,#4544,#4545,#4546,#4547,#4548,#4549
      ,#4550,#4551,#4552,#4553,#4554,#4555,#4556,#4557,#4558,#4559,#4560
      ,#4561,#4562,#4563,#4564,#4565,#4566,#4567,#4568,#4569,#4570,#4571
      ,#4572,#4573,#4574,#4575,#4576,#4577,#4578,#4579,#4580,#4581,#4582
      ,#4583,#4584,#4585,#4586,#4587,#4588,#4589,#4590,#4591,#4592,#4593
      ,#4594,#4595,#4596,#4597,#4598,#4599,#4600,#4601,#4602,#4603,#4604
      ,#4605,#4606,#4607,#4608,#4609,#4610,#4611,#4612,#4613,#4614,#4615
      ,#4616,#4617,#4618,#4619,#4620,#4621,#4622,#4623,#4624,#4625,#4626
      ,#4627,#4628,#4629,#4630,#4631,#4632,#4633,#4634,#4635,#4636,#4637
      ,#4638,#4639,#4640,#4641,#4642,#4643,#4644,#4645,#4646,#4647,#4648
      ,#4649,#4650,#4651,#4652,#4653,#4654,#4655,#4656,#4657,#4658,#4659
      ,#4660,#4661,#4662,#4663,#4664,#4665,#4666,#4667,#4668,#4669,#4670
      ,#4671,#4672,#4673,#4674,#4675,#4676,#4677,#4678,#4679,#4680,#4681
      ,#4682,#4683,#4684,#4685,#4686,#4687,#4688,#4689,#4690,#4691,#4692
      ,#4693,#4694,#4695,#4696,#4697,#4698,#4699,#4700,#4701,#4702,#4703
      ,#4704,#4705,#4706,#4707,#4708,#4709,#4710,#4711,#4712,#4713,#4714
      ,#4715,#4716,#4717,#4718,#4719,#4720,#4721,#4722,#4723,#4724,#4725
      ,#4726,#4727,#4728,#4729,#4730,#4731,#4732,#4733,#4734,#4735,#4736
      ,#4737,#4738,#4739,#4740,#4741,#4742,#4743,#4744,#4745,#4746,#4747
      ,#4748,#4749,#4750,#4751,#4752,#4753,#4754,#4755,#4756,#4757,#4758
      ,#4759,#4760,#4761,#4762,#4763,#4764,#4765,#4766,#4767,#4768,#4769
      ,#4770,#4771,#4772,#4773,#4774,#4775,#4776,#4777,#4778,#4779,#4780
      ,#4781,#4782,#4783,#4784,#4785,#4786,#4787,#4788,#4789,#4790,#4791
      ,#4792,#4793,#4794,#4795,#4796,#4797,#4798,#4799,#4800,#4801,#4802
      ,#4803,#4804,#4805,#4806,#4807,#4808,#4809,#4810,#4811,#4812,#4813
      ,#4814,#4815,#4816,#4817,#4818,#4819,#4820,#4821,#4822,#4823,#4824
      ,#4825,#4826,#4827,#4828,#4829,#4830,#4831,#4832,#4833,#4834,#4835
      ,#4836,#4837,#4838,#4839,#4840,#4841,#4842,#4843,#4844,#4845,#4846
      ,#4847,#4848,#4849,#4850,#4851,#4852,#4853,#4854,#4855,#4856,#4857
      ,#4858,#4859,#4860,#4861,#4862,#4863,#4864,#4865,#4866,#4867,#4868
      ,#4869,#4870,#4871,#4872,#4873,#4874,#4875,#4876,#4877,#4878
  )),.UNSPECIFIED.,.F.,.F.,.F.,(2,2),(9,7,7,7,7,7,7,7,7,7,7,7,7,7,7,7,7,
    7,7,7,7,7,7,7,7,7,7,7,7,7,7,7,7,7,7,7,7,7,7,7,7,7,7,7,7,7,7,7,7,7,7,
    7,7,7,7,7,7,7,7,7,7,7,7,7,9),(0.,0.728868986856),(0.,4.08402808758,
    8.168056175161,12.252084262741,16.336112350322,20.420140437902,
    24.504168525483,28.588196613063,32.672224700643,36.756252788224,
    40.840280875804,44.924308963385,49.008337050965,53.092365138546,
    57.176393226126,61.260421313707,65.344449401287,69.428477488867,
    73.512505576448,77.596533664028,81.680561751609,85.764589839189,
    89.84861792677,93.93264601435,98.01667410193,102.10070218951,
    106.18473027709,110.26875836467,114.35278645225,118.43681453983,
    122.52084262741,126.60487071499,130.68889880257,134.77292689015,
    138.85695497773,142.94098306531,147.02501115289,151.10903924047,
    155.19306732805,159.27709541563,163.36112350321,167.44515159079,
    171.52917967837,175.61320776595,179.69723585353,183.78126394112,
    187.8652920287,191.94932011628,196.03334820386,200.11737629144,
    204.20140437902,208.2854324666,212.36946055418,216.45348864176,
    220.53751672934,224.62154481692,228.7055729045,232.78960099208,
    236.87362907966,240.95765716724,245.04168525482,249.1257133424,
    253.20974142998,257.29376951756,261.37779760514),.UNSPECIFIED.);
#3979 = CARTESIAN_POINT('',(4.02025,0.,-5.551115123126E-17));
#3980 = CARTESIAN_POINT('',(4.020250000039,2.012906493873,
    9.960726340341E-02));
#3981 = CARTESIAN_POINT('',(2.867112622996,4.025417339061,0.199223379623
    ));
#3982 = CARTESIAN_POINT('',(0.57143186095,5.271298383295,0.298820662219)
  );
#3983 = CARTESIAN_POINT('',(-2.292903761296,4.973688813938,
    0.398443530102));
#3984 = CARTESIAN_POINT('',(-4.379437077419,2.988911393791,
    0.498043430322));
#3985 = CARTESIAN_POINT('',(-4.922996630157,0.434133355567,
    0.597656750731));
#3986 = CARTESIAN_POINT('',(-4.141567707929,-1.749745505175,
    0.697265341858));
#3987 = CARTESIAN_POINT('',(-1.080319275189,-4.364298647831,
    0.896484112052));
#3988 = CARTESIAN_POINT('',(1.198914838987,-4.7944729415,0.996092818766)
  );
#3989 = CARTESIAN_POINT('',(3.637207843934,-3.857950164429,
    1.095705762534));
#3990 = CARTESIAN_POINT('',(5.271143660954,-1.486617914284,
    1.195306409258));
#3991 = CARTESIAN_POINT('',(5.11700827312,1.389009354673,1.294928197883)
  );
#3992 = CARTESIAN_POINT('',(3.527342548817,3.461527753889,1.394526684239
    ));
#3993 = CARTESIAN_POINT('',(1.359218561362,4.285642003209,1.494141745578
    ));
#3994 = CARTESIAN_POINT('',(-2.617029907275,3.655866100113,
    1.693357720896));
#3995 = CARTESIAN_POINT('',(-4.424373034674,2.202099701769,
    1.792972779576));
#3996 = CARTESIAN_POINT('',(-5.2957915563,-0.260216157034,1.892571274599
    ));
#3997 = CARTESIAN_POINT('',(-4.553765304984,-3.042730659328,
    1.992193046047));
#3998 = CARTESIAN_POINT('',(-2.267018022314,-4.79308769509,
    2.091793717604));
#3999 = CARTESIAN_POINT('',(0.341337884149,-4.930299791461,
    2.191406633674));
#4000 = CARTESIAN_POINT('',(2.376087164559,-3.816857634881,2.29101536466
    ));
#4001 = CARTESIAN_POINT('',(4.479566056638,-0.38429202796,2.490234101526
    ));
#4002 = CARTESIAN_POINT('',(4.547893422919,1.934175017568,2.589842832572
    ));
#4003 = CARTESIAN_POINT('',(3.241467731924,4.19594414992,2.689455748445)
  );
#4004 = CARTESIAN_POINT('',(0.643726642705,5.438805413651,2.789056420395
    ));
#4005 = CARTESIAN_POINT('',(-2.172384796746,4.836720474764,
    2.888678191272));
#4006 = CARTESIAN_POINT('',(-3.970708547662,2.942412866347,
    2.988276686933));
#4007 = CARTESIAN_POINT('',(-4.445507267082,0.672062211252,
    3.087891745053));
#4008 = CARTESIAN_POINT('',(-3.201462648307,-3.156713384034,
    3.287107721138));
#4009 = CARTESIAN_POINT('',(-1.482863771464,-4.714385949602,
    3.386722779258));
#4010 = CARTESIAN_POINT('',(1.085456783427,-5.18988479906,3.486321274923
    ));
#4011 = CARTESIAN_POINT('',(3.717635435181,-4.021712954586,3.58594304579
    ));
#4012 = CARTESIAN_POINT('',(5.088716583455,-1.489303159086,
    3.685543717756));
#4013 = CARTESIAN_POINT('',(4.816202610357,1.108404258742,3.785156633612
    ));
#4014 = CARTESIAN_POINT('',(3.398163859207,2.94392167092,3.884765364672)
  );
#4015 = CARTESIAN_POINT('',(-0.321197764283,4.48453168288,4.083984101521
    ));
#4016 = CARTESIAN_POINT('',(-2.621809388198,4.189329673921,4.18359283258
    ));
#4017 = CARTESIAN_POINT('',(-4.651362385247,2.545169606797,
    4.283205748436));
#4018 = CARTESIAN_POINT('',(-5.472545726823,-0.215015315797,
    4.382806420403));
#4019 = CARTESIAN_POINT('',(-4.437336566091,-2.902268915066,
    4.482428191267));
#4020 = CARTESIAN_POINT('',(-2.285031213829,-4.382117319094,
    4.582026686935));
#4021 = CARTESIAN_POINT('',(3.164254095027E-02,-4.49590938822,
    4.681641745053));
#4022 = CARTESIAN_POINT('',(3.618668100744,-2.668228561066,
    4.880857721137));
#4023 = CARTESIAN_POINT('',(4.888315036308,-0.72711481375,4.980472779261
    ));
#4024 = CARTESIAN_POINT('',(4.956185853818,1.883969861376,5.080071274924
    ));
#4025 = CARTESIAN_POINT('',(3.390632683953,4.300999688504,5.179693045786
    ));
#4026 = CARTESIAN_POINT('',(0.674916709365,5.259044381048,5.279293717761
    ));
#4027 = CARTESIAN_POINT('',(-1.848178041901,4.583514536928,5.37890663361
    ));
#4028 = CARTESIAN_POINT('',(-3.439267055427,2.89579601146,5.478515364672
    ));
#4029 = CARTESIAN_POINT('',(-4.379073255782,-1.018778601575,
    5.677734101521));
#4030 = CARTESIAN_POINT('',(-3.727610724762,-3.244886110401,
    5.777342832578));
#4031 = CARTESIAN_POINT('',(-1.786200959023,-4.992248641674,
    5.87695574844));
#4032 = CARTESIAN_POINT('',(1.068462883641,-5.371533801843,
    5.976556420399));
#4033 = CARTESIAN_POINT('',(3.560689540607,-3.928690704505,
    6.076178191269));
#4034 = CARTESIAN_POINT('',(4.685623818723,-1.571384509233,
    6.175776686936));
#4035 = CARTESIAN_POINT('',(4.43560729915,0.734568148778,6.275391745052)
  );
#4036 = CARTESIAN_POINT('',(2.069293831311,3.991519199146,6.474607721139
    ));
#4037 = CARTESIAN_POINT('',(-4.653812384374E-02,4.941877583423,
    6.574222779259));
#4038 = CARTESIAN_POINT('',(-2.636093348788,4.600449164231,
    6.673821274921));
#4039 = CARTESIAN_POINT('',(-4.778459055308,2.676063783764,
    6.773443045793));
#4040 = CARTESIAN_POINT('',(-5.299877052206,-0.156088429656,
    6.873043717754));
#4041 = CARTESIAN_POINT('',(-4.237965123789,-2.54244354792,
    6.972656633613));
#4042 = CARTESIAN_POINT('',(-2.322124055314,-3.849926270757,
    7.072265364671));
#4043 = CARTESIAN_POINT('',(1.691273728564,-4.165787511816,
    7.271484101521));
#4044 = CARTESIAN_POINT('',(3.788062967407,-3.174105628326,
    7.371092832579));
#4045 = CARTESIAN_POINT('',(5.210209168216,-0.983250115585,
    7.470705748437));
#4046 = CARTESIAN_POINT('',(5.138256887568,1.895601349278,7.5703064204)
  );
#4047 = CARTESIAN_POINT('',(3.323307439192,4.131434172395,7.66992819127)
  );
#4048 = CARTESIAN_POINT('',(0.819045102895,4.873754709246,7.769526686933
    ));
#4049 = CARTESIAN_POINT('',(-1.419406250892,4.26608583744,7.869141745054
    ));
#4050 = CARTESIAN_POINT('',(-4.26608584777,1.419406219835,8.068357721138
    ));
#4051 = CARTESIAN_POINT('',(-4.87375470329,-0.81904513837,8.16797277926)
  );
#4052 = CARTESIAN_POINT('',(-4.131434148195,-3.32330746927,8.26757127492
    ));
#4053 = CARTESIAN_POINT('',(-1.895601311881,-5.138256901364,
    8.367193045793));
#4054 = CARTESIAN_POINT('',(0.983250153515,-5.21020916106,8.466793717755
    ));
#4055 = CARTESIAN_POINT('',(3.1741056559,-3.788062944302,8.566406633613)
  );
#4056 = CARTESIAN_POINT('',(4.165787524128,-1.691273698239,
    8.666015364672));
#4057 = CARTESIAN_POINT('',(3.849926253853,2.32212408334,8.865234101521)
  );
#4058 = CARTESIAN_POINT('',(2.542443517069,4.237965142298,8.964842832579
    ));
#4059 = CARTESIAN_POINT('',(0.156088391077,5.299877053339,9.064455748438
    ));
#4060 = CARTESIAN_POINT('',(-2.67606381855,4.778459035835,9.164056420399
    ));
#4061 = CARTESIAN_POINT('',(-4.600449183419,2.636093315291,9.26367819127
    ));
#4062 = CARTESIAN_POINT('',(-4.941877583762,4.653808787418E-02,
    9.363276686934));
#4063 = CARTESIAN_POINT('',(-3.991519184083,-2.069293860369,
    9.462891745053));
#4064 = CARTESIAN_POINT('',(-0.734568116488,-4.435607304496,
    9.662107721141));
#4065 = CARTESIAN_POINT('',(1.571384543335,-4.685623807291,
    9.761722779256));
#4066 = CARTESIAN_POINT('',(3.928690730434,-3.560689511996,
    9.861321274923));
#4067 = CARTESIAN_POINT('',(5.371533809613,-1.068462844552,
    9.960943045794));
#4068 = CARTESIAN_POINT('',(4.992248628675,1.78620099537,10.060543717752
    ));
#4069 = CARTESIAN_POINT('',(3.244886083265,3.727610748381,
    10.160156633615));
#4070 = CARTESIAN_POINT('',(1.018778569698,4.379073263198,
    10.259765364671));
#4071 = CARTESIAN_POINT('',(-2.895796036496,3.439267034348,
    10.45898410152));
#4072 = CARTESIAN_POINT('',(-4.583514550383,1.848178008538,
    10.558592832581));
#4073 = CARTESIAN_POINT('',(-5.259044376131,-0.674916747656,
    10.658205748434));
#4074 = CARTESIAN_POINT('',(-4.300999663831,-3.390632715243,
    10.757806420403));
#4075 = CARTESIAN_POINT('',(-1.883969825288,-4.956185867552,
    10.85742819127));
#4076 = CARTESIAN_POINT('',(0.727114849327,-4.888315031002,
    10.957026686931));
#4077 = CARTESIAN_POINT('',(2.66822858741,-3.618668081325,
    11.056641745055));
#4078 = CARTESIAN_POINT('',(4.495909388449,-3.164250822023E-02,
    11.25585772114));
#4079 = CARTESIAN_POINT('',(4.382117302465,2.285031245718,
    11.355472779257));
#4080 = CARTESIAN_POINT('',(2.902268882757,4.437336587235,
    11.455071274921));
#4081 = CARTESIAN_POINT('',(0.215015275967,5.472545728373,
    11.554693045797));
#4082 = CARTESIAN_POINT('',(-2.545169640659,4.651362366728,
    11.65429371775));
#4083 = CARTESIAN_POINT('',(-4.189329693006,2.6218093577,11.753906633616
    ));
#4084 = CARTESIAN_POINT('',(-4.484531685218,0.321197731639,
    11.853515364671));
#4085 = CARTESIAN_POINT('',(-2.943921646184,-3.398163880637,
    12.052734101521));
#4086 = CARTESIAN_POINT('',(-1.108404223683,-4.816202618422,
    12.15234283258));
#4087 = CARTESIAN_POINT('',(1.489303196129,-5.088716572624,
    12.251955748438));
#4088 = CARTESIAN_POINT('',(4.021712981648,-3.717635405888,
    12.351556420397));
#4089 = CARTESIAN_POINT('',(5.189884806963,-1.085456745663,
    12.451178191275));
#4090 = CARTESIAN_POINT('',(4.714385938806,1.482863805789,
    12.550776686929));
#4091 = CARTESIAN_POINT('',(3.156713360731,3.201462671287,
    12.650391745055));
#4092 = CARTESIAN_POINT('',(-0.672062243615,4.44550726219,
    12.849607721144));
#4093 = CARTESIAN_POINT('',(-2.942412895246,3.97070852624,
    12.949222779255));
#4094 = CARTESIAN_POINT('',(-4.836720490585,2.172384761545,
    13.048821274915));
#4095 = CARTESIAN_POINT('',(-5.438805408958,-0.643726682304,
    13.148443045809));
#4096 = CARTESIAN_POINT('',(-4.195944126328,-3.241467762463,
    13.248043717738));
#4097 = CARTESIAN_POINT('',(-1.93417498446,-4.547893437,13.347656633621)
  );
#4098 = CARTESIAN_POINT('',(0.384292060568,-4.47956605384,13.44726536467
    ));
#4099 = CARTESIAN_POINT('',(3.816857652178,-2.376087136775,
    13.64648410152));
#4100 = CARTESIAN_POINT('',(4.930299793946,-0.341337848261,
    13.746092832583));
#4101 = CARTESIAN_POINT('',(4.793087678583,2.267018057212,
    13.845705748431));
#4102 = CARTESIAN_POINT('',(3.042730626189,4.553765327119,
    13.945306420403));
#4103 = CARTESIAN_POINT('',(0.260216118476,5.295791558211,
    14.044928191275));
#4104 = CARTESIAN_POINT('',(-2.202099733979,4.424373018632,
    14.144526686925));
#4105 = CARTESIAN_POINT('',(-3.655866119154,2.617029880667,
    14.244141745058));
#4106 = CARTESIAN_POINT('',(-4.28564199334,-1.359218592566,
    14.443357721139));
#4107 = CARTESIAN_POINT('',(-3.461527728077,-3.527342573985,
    14.542972779259));
#4108 = CARTESIAN_POINT('',(-1.389009317766,-5.1170082833,
    14.642571274919));
#4109 = CARTESIAN_POINT('',(1.486617953246,-5.271143650018,
    14.742193045797));
#4110 = CARTESIAN_POINT('',(3.857950190143,-3.637207815995,
    14.841793717751));
#4111 = CARTESIAN_POINT('',(4.794472950982,-1.198914803946,
    14.941406633615));
#4112 = CARTESIAN_POINT('',(4.36429863939,1.080319306851,15.041015364671
    ));
#4113 = CARTESIAN_POINT('',(1.749745476277,4.141567720898,
    15.240234101521));
#4114 = CARTESIAN_POINT('',(-0.434133397824,4.922996625804,
    15.339842832578));
#4115 = CARTESIAN_POINT('',(-2.988911409913,4.37943705859,15.43945574844
    ));
#4116 = CARTESIAN_POINT('',(-4.97368885718,2.292903720157,
    15.539056420396));
#4117 = CARTESIAN_POINT('',(-5.271298345545,-0.571431893086,
    15.638678191274));
#4118 = CARTESIAN_POINT('',(-4.025417351103,-2.867112658404,
    15.738276686931));
#4119 = CARTESIAN_POINT('',(-2.012906439514,-4.020250010039,
    15.837891745053));
#4120 = CARTESIAN_POINT('',(2.012906468779,-4.020249995388,
    16.037107721144));
#4121 = CARTESIAN_POINT('',(4.025417371973,-2.86711262909,
    16.136722779253));
#4122 = CARTESIAN_POINT('',(5.271298349707,-0.571431854735,
    16.236321274918));
#4123 = CARTESIAN_POINT('',(4.973688840488,2.292903756384,
    16.335943045806));
#4124 = CARTESIAN_POINT('',(2.988911378034,4.379437080335,16.43554371774
    ));
#4125 = CARTESIAN_POINT('',(0.434133361987,4.922996628968,
    16.535156633621));
#4126 = CARTESIAN_POINT('',(-1.749745506425,4.14156770816,16.63476536467
    ));
#4127 = CARTESIAN_POINT('',(-4.364298647254,1.080319275082,
    16.83398410152));
#4128 = CARTESIAN_POINT('',(-4.794472942255,-1.198914838845,
    16.933592832584));
#4129 = CARTESIAN_POINT('',(-3.857950163664,-3.637207844084,
    17.033205748428));
#4130 = CARTESIAN_POINT('',(-1.486617914881,-5.271143660828,
    17.132806420408));
#4131 = CARTESIAN_POINT('',(1.389009355022,-5.117008273201,
    17.232428191271));
#4132 = CARTESIAN_POINT('',(3.461527753749,-3.527342548781,
    17.332026686926));
#4133 = CARTESIAN_POINT('',(4.285642003236,-1.359218561369,
    17.431641745059));
#4134 = CARTESIAN_POINT('',(3.655866100101,2.617029907278,
    17.630857721136));
#4135 = CARTESIAN_POINT('',(2.202099701781,4.424373034671,
    17.730472779262));
#4136 = CARTESIAN_POINT('',(-0.260216157043,5.295791556302,
    17.830071274921));
#4137 = CARTESIAN_POINT('',(-3.042730659322,4.553765304983,
    17.92969304579));
#4138 = CARTESIAN_POINT('',(-4.793087695094,2.267018022315,
    18.029293717758));
#4139 = CARTESIAN_POINT('',(-4.930299791459,-0.341337884149,
    18.128906633611));
#4140 = CARTESIAN_POINT('',(-3.816857634881,-2.376087164559,
    18.228515364672));
#4141 = CARTESIAN_POINT('',(-0.384292027959,-4.479566056638,
    18.427734101521));
#4142 = CARTESIAN_POINT('',(1.934175017568,-4.54789342292,
    18.527342832575));
#4143 = CARTESIAN_POINT('',(4.195944149917,-3.24146773192,
    18.626955748446));
#4144 = CARTESIAN_POINT('',(5.438805413657,-0.643726642711,
    18.726556420392));
#4145 = CARTESIAN_POINT('',(4.836720474758,2.172384796752,
    18.826178191272));
#4146 = CARTESIAN_POINT('',(2.942412866349,3.97070854766,18.925776686936
    ));
#4147 = CARTESIAN_POINT('',(0.672062211253,4.445507267081,
    19.025391745051));
#4148 = CARTESIAN_POINT('',(-3.156713384036,3.201462648308,
    19.224607721139));
#4149 = CARTESIAN_POINT('',(-4.714385949598,1.482863771462,
    19.32422277926));
#4150 = CARTESIAN_POINT('',(-5.189884799067,-1.085456783424,
    19.42382127492));
#4151 = CARTESIAN_POINT('',(-4.021712954579,-3.717635435183,
    19.523443045793));
#4152 = CARTESIAN_POINT('',(-1.48930315909,-5.088716583454,
    19.623043717754));
#4153 = CARTESIAN_POINT('',(1.108404258743,-4.816202610357,
    19.722656633613));
#4154 = CARTESIAN_POINT('',(2.94392167092,-3.398163859207,
    19.822265364671));
#4155 = CARTESIAN_POINT('',(4.48453168288,0.321197764283,20.021484101521
    ));
#4156 = CARTESIAN_POINT('',(4.189329673924,2.621809388196,
    20.121092832578));
#4157 = CARTESIAN_POINT('',(2.545169606787,4.651362385254,20.22070574844
    ));
#4158 = CARTESIAN_POINT('',(-0.215015315779,5.472545726809,
    20.320306420396));
#4159 = CARTESIAN_POINT('',(-2.902268915085,4.437336566106,
    20.419928191274));
#4160 = CARTESIAN_POINT('',(-4.382117319084,2.28503121382,
    20.519526686932));
#4161 = CARTESIAN_POINT('',(-4.495909388221,-3.164254094871E-02,
    20.619141745053));
#4162 = CARTESIAN_POINT('',(-2.668228561066,-3.618668100747,
    20.818357721143));
#4163 = CARTESIAN_POINT('',(-0.727114813746,-4.8883150363,
    20.917972779251));
#4164 = CARTESIAN_POINT('',(1.883969861369,-4.956185853829,
    21.017571274926));
#4165 = CARTESIAN_POINT('',(4.30099968851,-3.390632683943,
    21.117193045795));
#4166 = CARTESIAN_POINT('',(5.259044381045,-0.67491670937,
    21.216793717748));
#4167 = CARTESIAN_POINT('',(4.583514536929,1.848178041903,
    21.316406633617));
#4168 = CARTESIAN_POINT('',(2.89579601146,3.439267055427,21.416015364671
    ));
#4169 = CARTESIAN_POINT('',(-1.018778601575,4.379073255782,
    21.61523410152));
#4170 = CARTESIAN_POINT('',(-3.244886110399,3.727610724763,
    21.714842832583));
#4171 = CARTESIAN_POINT('',(-4.992248641681,1.78620095902,
    21.814455748434));
#4172 = CARTESIAN_POINT('',(-5.371533801829,-1.068462883635,
    21.914056420398));
#4173 = CARTESIAN_POINT('',(-3.928690704521,-3.560689540614,
    22.01367819128));
#4174 = CARTESIAN_POINT('',(-1.571384509222,-4.685623818718,
    22.113276686923));
#4175 = CARTESIAN_POINT('',(0.734568148775,-4.435607299152,
    22.212891745056));
#4176 = CARTESIAN_POINT('',(3.991519199148,-2.06929383131,22.41210772115
    ));
#4177 = CARTESIAN_POINT('',(4.941877583417,4.653812384281E-02,
    22.511722779241));
#4178 = CARTESIAN_POINT('',(4.60044916424,2.636093348788,22.611321274927
    ));
#4179 = CARTESIAN_POINT('',(2.676063783755,4.778459055307,
    22.710943045806));
#4180 = CARTESIAN_POINT('',(-0.156088429651,5.299877052206,
    22.810543717734));
#4181 = CARTESIAN_POINT('',(-2.542443547921,4.237965123789,
    22.910156633626));
#4182 = CARTESIAN_POINT('',(-3.849926270757,2.322124055315,
    23.009765364669));
#4183 = CARTESIAN_POINT('',(-4.165787511817,-1.691273728564,
    23.208984101519));
#4184 = CARTESIAN_POINT('',(-3.174105628327,-3.788062967408,
    23.308592832591));
#4185 = CARTESIAN_POINT('',(-0.983250115579,-5.210209168217,
    23.408205748417));
#4186 = CARTESIAN_POINT('',(1.895601349264,-5.138256887566,
    23.507806420417));
#4187 = CARTESIAN_POINT('',(4.13143417241,-3.323307439197,23.60742819127
    ));
#4188 = CARTESIAN_POINT('',(4.873754709236,-0.819045102891,
    23.70702668692));
#4189 = CARTESIAN_POINT('',(4.266085837442,1.419406250889,
    23.806641745065));
#4190 = CARTESIAN_POINT('',(1.419406219834,4.266085847772,
    24.005857721132));
#4191 = CARTESIAN_POINT('',(-0.81904513837,4.873754703286,
    24.105472779266));
#4192 = CARTESIAN_POINT('',(-3.323307469269,4.1314341482,24.205071274922
    ));
#4193 = CARTESIAN_POINT('',(-5.138256901366,1.895601311877,
    24.304693045784));
#4194 = CARTESIAN_POINT('',(-5.210209161059,-0.983250153513,
    24.404293717766));
#4195 = CARTESIAN_POINT('',(-3.788062944302,-3.1741056559,
    24.503906633606));
#4196 = CARTESIAN_POINT('',(-1.691273698239,-4.165787524128,
    24.603515364672));
#4197 = CARTESIAN_POINT('',(2.32212408334,-3.849926253853,
    24.802734101522));
#4198 = CARTESIAN_POINT('',(4.237965142295,-2.542443517069,
    24.902342832573));
#4199 = CARTESIAN_POINT('',(5.299877053348,-0.156088391079,
    25.001955748447));
#4200 = CARTESIAN_POINT('',(4.778459035819,2.676063818553,
    25.101556420394));
#4201 = CARTESIAN_POINT('',(2.636093315306,4.600449183417,
    25.201178191267));
#4202 = CARTESIAN_POINT('',(4.653808786825E-02,4.941877583763,
    25.300776686943));
#4203 = CARTESIAN_POINT('',(-2.06929386037,3.991519184084,
    25.400391745048));
#4204 = CARTESIAN_POINT('',(-4.435607304495,0.734568116487,
    25.599607721136));
#4205 = CARTESIAN_POINT('',(-4.685623807292,-1.571384543333,
    25.699222779261));
#4206 = CARTESIAN_POINT('',(-3.560689511994,-3.928690730437,
    25.798821274929));
#4207 = CARTESIAN_POINT('',(-1.068462844554,-5.37153380961,
    25.898443045778));
#4208 = CARTESIAN_POINT('',(1.786200995372,-4.992248628677,
    25.998043717767));
#4209 = CARTESIAN_POINT('',(3.727610748381,-3.244886083264,
    26.097656633607));
#4210 = CARTESIAN_POINT('',(4.379073263198,-1.018778569698,
    26.197265364672));
#4211 = CARTESIAN_POINT('',(3.439267034348,2.895796036496,
    26.396484101521));
#4212 = CARTESIAN_POINT('',(1.848178008539,4.583514550384,
    26.496092832575));
#4213 = CARTESIAN_POINT('',(-0.674916747656,5.259044376125,
    26.595705748447));
#4214 = CARTESIAN_POINT('',(-3.390632715246,4.300999663842,
    26.695306420389));
#4215 = CARTESIAN_POINT('',(-4.956185867548,1.883969825276,
    26.794928191278));
#4216 = CARTESIAN_POINT('',(-4.888315031005,-0.72711484932,
    26.894526686932));
#4217 = CARTESIAN_POINT('',(-3.618668081324,-2.668228587412,
    26.994141745051));
#4218 = CARTESIAN_POINT('',(-3.164250822154E-02,-4.495909388447,
    27.193357721148));
#4219 = CARTESIAN_POINT('',(2.285031245721,-4.38211730247,
    27.292972779253));
#4220 = CARTESIAN_POINT('',(4.437336587232,-2.90226888275,
    27.392571274906));
#4221 = CARTESIAN_POINT('',(5.472545728374,-0.215015275975,
    27.492193045827));
#4222 = CARTESIAN_POINT('',(4.651362366729,2.545169640664,
    27.591793717722));
#4223 = CARTESIAN_POINT('',(2.621809357698,4.189329693005,
    27.691406633629));
#4224 = CARTESIAN_POINT('',(0.321197731639,4.484531685218,
    27.791015364669));
#4225 = CARTESIAN_POINT('',(-3.398163880637,2.943921646184,
    27.99023410152));
#4226 = CARTESIAN_POINT('',(-4.816202618426,1.108404223684,
    28.089842832587));
#4227 = CARTESIAN_POINT('',(-5.088716572612,-1.489303196131,
    28.189455748426));
#4228 = CARTESIAN_POINT('',(-3.717635405911,-4.021712981643,
    28.289056420404));
#4229 = CARTESIAN_POINT('',(-1.08545674564,-5.189884806968,
    28.38867819128));
#4230 = CARTESIAN_POINT('',(1.482863805777,-4.714385938802,
    28.488276686916));
#4231 = CARTESIAN_POINT('',(3.201462671289,-3.156713360732,
    28.587891745063));
#4232 = CARTESIAN_POINT('',(4.445507262188,0.672062243614,28.78710772114
    ));
#4233 = CARTESIAN_POINT('',(3.970708526245,2.942412895247,
    28.886722779258));
#4234 = CARTESIAN_POINT('',(2.172384761538,4.836720490583,
    28.986321274916));
#4235 = CARTESIAN_POINT('',(-0.643726682298,5.43880540896,
    29.085943045805));
#4236 = CARTESIAN_POINT('',(-3.241467762467,4.195944126328,
    29.185543717744));
#4237 = CARTESIAN_POINT('',(-4.547893436999,1.93417498446,
    29.285156633618));
#4238 = CARTESIAN_POINT('',(-4.47956605384,-0.384292060568,
    29.384765364671));
#4239 = CARTESIAN_POINT('',(-2.376087136775,-3.816857652178,
    29.583984101521));
#4240 = CARTESIAN_POINT('',(-0.34133784826,-4.930299793943,
    29.683592832578));
#4241 = CARTESIAN_POINT('',(2.267018057208,-4.793087678591,
    29.783205748441));
#4242 = CARTESIAN_POINT('',(4.553765327128,-3.042730626175,
    29.882806420393));
#4243 = CARTESIAN_POINT('',(5.2957915582,-0.260216118489,29.982428191278
    ));
#4244 = CARTESIAN_POINT('',(4.424373018639,2.202099733986,
    30.082026686928));
#4245 = CARTESIAN_POINT('',(2.617029880665,3.655866119153,
    30.181641745055));
#4246 = CARTESIAN_POINT('',(-1.359218592565,4.285641993341,
    30.380857721138));
#4247 = CARTESIAN_POINT('',(-3.527342573986,3.461527728077,
    30.480472779265));
#4248 = CARTESIAN_POINT('',(-5.117008283301,1.389009317764,
    30.580071274909));
#4249 = CARTESIAN_POINT('',(-5.271143650016,-1.486617953244,
    30.679693045806));
#4250 = CARTESIAN_POINT('',(-3.637207815996,-3.857950190145,
    30.779293717745));
#4251 = CARTESIAN_POINT('',(-1.198914803945,-4.794472950981,
    30.878906633616));
#4252 = CARTESIAN_POINT('',(1.080319306851,-4.36429863939,
    30.978515364671));
#4253 = CARTESIAN_POINT('',(4.141567720898,-1.749745476277,
    31.177734101521));
#4254 = CARTESIAN_POINT('',(4.922996625805,0.434133397824,
    31.277342832577));
#4255 = CARTESIAN_POINT('',(4.379437058588,2.988911409911,
    31.376955748442));
#4256 = CARTESIAN_POINT('',(2.292903720161,4.973688857185,
    31.476556420395));
#4257 = CARTESIAN_POINT('',(-0.571431893091,5.271298345541,
    31.576178191273));
#4258 = CARTESIAN_POINT('',(-2.8671126584,4.025417351106,31.675776686933
    ));
#4259 = CARTESIAN_POINT('',(-4.020250010042,2.012906439514,
    31.775391745054));
#4260 = CARTESIAN_POINT('',(-4.020249995386,-2.012906468779,
    31.974607721133));
#4261 = CARTESIAN_POINT('',(-2.867112629094,-4.025417371975,
    32.074222779271));
#4262 = CARTESIAN_POINT('',(-0.571431854729,-5.271298349703,
    32.173821274912));
#4263 = CARTESIAN_POINT('',(2.292903756379,-4.973688840491,
    32.273443045793));
#4264 = CARTESIAN_POINT('',(4.379437080338,-2.988911378032,
    32.37304371776));
#4265 = CARTESIAN_POINT('',(4.922996628967,-0.434133361987,
    32.472656633608));
#4266 = CARTESIAN_POINT('',(4.141567708161,1.749745506426,
    32.572265364672));
#4267 = CARTESIAN_POINT('',(1.080319275082,4.364298647254,
    32.771484101522));
#4268 = CARTESIAN_POINT('',(-1.198914838845,4.794472942253,
    32.871092832569));
#4269 = CARTESIAN_POINT('',(-3.637207844081,3.85795016367,
    32.970705748457));
#4270 = CARTESIAN_POINT('',(-5.271143660839,1.486617914869,
    33.07030642038));
#4271 = CARTESIAN_POINT('',(-5.117008273188,-1.38900935501,
    33.169928191278));
#4272 = CARTESIAN_POINT('',(-3.527342548789,-3.461527753756,
    33.269526686939));
#4273 = CARTESIAN_POINT('',(-1.359218561367,-4.285642003235,
    33.369141745046));
#4274 = CARTESIAN_POINT('',(2.617029907278,-3.655866100101,
    33.568357721147));
#4275 = CARTESIAN_POINT('',(4.424373034669,-2.202099701783,
    33.667972779245));
#4276 = CARTESIAN_POINT('',(5.295791556306,0.260216157048,
    33.767571274931));
#4277 = CARTESIAN_POINT('',(4.553765304978,3.042730659317,
    33.867193045794));
#4278 = CARTESIAN_POINT('',(2.267018022318,4.793087695097,
    33.966793717746));
#4279 = CARTESIAN_POINT('',(-0.341337884151,4.930299791458,
    34.066406633619));
#4280 = CARTESIAN_POINT('',(-2.376087164559,3.816857634881,
    34.16601536467));
#4281 = CARTESIAN_POINT('',(-4.479566056638,0.38429202796,
    34.365234101519));
#4282 = CARTESIAN_POINT('',(-4.547893422921,-1.934175017565,
    34.464842832588));
#4283 = CARTESIAN_POINT('',(-3.241467731914,-4.195944149927,
    34.564455748422));
#4284 = CARTESIAN_POINT('',(-0.643726642724,-5.438805413638,
    34.664056420413));
#4285 = CARTESIAN_POINT('',(2.172384796768,-4.836720474778,
    34.76367819127));
#4286 = CARTESIAN_POINT('',(3.970708547649,-2.942412866337,
    34.863276686924));
#4287 = CARTESIAN_POINT('',(4.445507267085,-0.672062211254,
    34.962891745059));
#4288 = CARTESIAN_POINT('',(3.201462648306,3.156713384035,
    35.162107721147));
#4289 = CARTESIAN_POINT('',(1.482863771466,4.7143859496,35.261722779235)
  );
#4290 = CARTESIAN_POINT('',(-1.08545678343,5.189884799063,
    35.361321274948));
#4291 = CARTESIAN_POINT('',(-3.717635435178,4.021712954582,
    35.460943045778));
#4292 = CARTESIAN_POINT('',(-5.088716583457,1.489303159088,
    35.560543717754));
#4293 = CARTESIAN_POINT('',(-4.816202610356,-1.108404258743,
    35.660156633617));
#4294 = CARTESIAN_POINT('',(-3.398163859207,-2.94392167092,
    35.759765364671));
#4295 = CARTESIAN_POINT('',(0.321197764283,-4.48453168288,
    35.958984101518));
#4296 = CARTESIAN_POINT('',(2.621809388195,-4.18932967392,
    36.058592832593));
#4297 = CARTESIAN_POINT('',(4.651362385257,-2.545169606801,
    36.158205748412));
#4298 = CARTESIAN_POINT('',(5.472545726804,0.215015315802,
    36.257806420423));
#4299 = CARTESIAN_POINT('',(4.437336566111,2.902268915063,
    36.357428191264));
#4300 = CARTESIAN_POINT('',(2.285031213817,4.382117319094,
    36.457026686923));
#4301 = CARTESIAN_POINT('',(-3.164254094835E-02,4.49590938822,
    36.556641745062));
#4302 = CARTESIAN_POINT('',(-3.618668100746,2.668228561067,
    36.755857721143));
#4303 = CARTESIAN_POINT('',(-4.888315036304,0.727114813744,
    36.855472779249));
#4304 = CARTESIAN_POINT('',(-4.956185853824,-1.883969861366,
    36.955071274927));
#4305 = CARTESIAN_POINT('',(-3.390632683948,-4.300999688512,
    37.054693045796));
#4306 = CARTESIAN_POINT('',(-0.674916709366,-5.259044381044,
    37.154293717747));
#4307 = CARTESIAN_POINT('',(1.848178041902,-4.583514536929,
    37.253906633618));
#4308 = CARTESIAN_POINT('',(3.439267055427,-2.89579601146,
    37.353515364671));
#4309 = CARTESIAN_POINT('',(4.379073255782,1.018778601575,37.55273410152
    ));
#4310 = CARTESIAN_POINT('',(3.72761072476,3.244886110399,37.652342832583
    ));
#4311 = CARTESIAN_POINT('',(1.786200959031,4.992248641682,
    37.751955748432));
#4312 = CARTESIAN_POINT('',(-1.068462883654,5.371533801827,
    37.851556420402));
#4313 = CARTESIAN_POINT('',(-3.560689540595,3.928690704522,
    37.951178191277));
#4314 = CARTESIAN_POINT('',(-4.685623818729,1.571384509222,
    38.050776686922));
#4315 = CARTESIAN_POINT('',(-4.43560729915,-0.734568148777,
    38.150391745058));
#4316 = CARTESIAN_POINT('',(-2.069293831311,-3.991519199146,
    38.349607721145));
#4317 = CARTESIAN_POINT('',(4.653812384343E-02,-4.941877583423,
    38.449222779252));
#4318 = CARTESIAN_POINT('',(2.636093348788,-4.600449164231,
    38.548821274913));
#4319 = CARTESIAN_POINT('',(4.778459055308,-2.676063783764,
    38.648443045816));
#4320 = CARTESIAN_POINT('',(5.299877052206,0.156088429656,
    38.748043717731));
#4321 = CARTESIAN_POINT('',(4.237965123789,2.54244354792,38.847656633625
    ));
#4322 = CARTESIAN_POINT('',(2.322124055314,3.849926270757,
    38.947265364669));
#4323 = CARTESIAN_POINT('',(-1.691273728564,4.165787511816,
    39.146484101519));
#4324 = CARTESIAN_POINT('',(-3.788062967406,3.174105628327,
    39.246092832587));
#4325 = CARTESIAN_POINT('',(-5.210209168221,0.983250115579,
    39.345705748424));
#4326 = CARTESIAN_POINT('',(-5.138256887558,-1.895601349265,
    39.445306420408));
#4327 = CARTESIAN_POINT('',(-3.323307439203,-4.131434172409,
    39.544928191274));
#4328 = CARTESIAN_POINT('',(-0.819045102888,-4.873754709238,
    39.644526686922));
#4329 = CARTESIAN_POINT('',(1.41940625089,-4.266085837441,39.74414174506
    ));
#4330 = CARTESIAN_POINT('',(4.266085847771,-1.419406219835,
    39.943357721144));
#4331 = CARTESIAN_POINT('',(4.873754703287,0.819045138371,
    40.042972779253));
#4332 = CARTESIAN_POINT('',(4.131434148199,3.32330746927,40.142571274917
    ));
#4333 = CARTESIAN_POINT('',(1.895601311878,5.138256901364,
    40.242193045809));
#4334 = CARTESIAN_POINT('',(-0.983250153513,5.210209161061,
    40.341793717738));
#4335 = CARTESIAN_POINT('',(-3.174105655901,3.788062944301,
    40.441406633621));
#4336 = CARTESIAN_POINT('',(-4.165787524127,1.69127369824,40.54101536467
    ));
#4337 = CARTESIAN_POINT('',(-3.849926253853,-2.32212408334,
    40.74023410152));
#4338 = CARTESIAN_POINT('',(-2.542443517071,-4.237965142296,
    40.839842832584));
#4339 = CARTESIAN_POINT('',(-0.156088391072,-5.299877053342,
    40.939455748428));
#4340 = CARTESIAN_POINT('',(2.676063818538,-4.778459035828,
    41.03905642041));
#4341 = CARTESIAN_POINT('',(4.600449183431,-2.636093315298,
    41.138678191266));
#4342 = CARTESIAN_POINT('',(4.941877583755,-4.653808787144E-02,
    41.238276686931));
#4343 = CARTESIAN_POINT('',(3.991519184086,2.069293860368,
    41.337891745059));
#4344 = CARTESIAN_POINT('',(0.734568116487,4.435607304496,
    41.537107721122));
#4345 = CARTESIAN_POINT('',(-1.571384543334,4.685623807293,
    41.636722779278));
#4346 = CARTESIAN_POINT('',(-3.928690730433,3.560689511992,
    41.736321274929));
#4347 = CARTESIAN_POINT('',(-5.371533809615,1.068462844556,
    41.835943045756));
#4348 = CARTESIAN_POINT('',(-4.992248628674,-1.786200995374,
    41.935543717794));
#4349 = CARTESIAN_POINT('',(-3.244886083265,-3.72761074838,
    42.035156633591));
#4350 = CARTESIAN_POINT('',(-1.018778569698,-4.379073263199,
    42.134765364675));
#4351 = CARTESIAN_POINT('',(2.895796036496,-3.439267034347,
    42.333984101523));
#4352 = CARTESIAN_POINT('',(4.583514550382,-1.848178008535,
    42.433592832562));
#4353 = CARTESIAN_POINT('',(5.259044376132,0.674916747639,
    42.533205748467));
#4354 = CARTESIAN_POINT('',(4.300999663831,3.390632715278,42.63280642038
    ));
#4355 = CARTESIAN_POINT('',(1.883969825285,4.956185867515,
    42.732428191263));
#4356 = CARTESIAN_POINT('',(-0.727114849324,4.888315031025,
    42.832026686959));
#4357 = CARTESIAN_POINT('',(-2.668228587412,3.618668081321,
    42.931641745038));
#4358 = CARTESIAN_POINT('',(-4.495909388447,3.164250822118E-02,
    43.130857721133));
#4359 = CARTESIAN_POINT('',(-4.382117302471,-2.285031245718,
    43.230472779267));
#4360 = CARTESIAN_POINT('',(-2.902268882748,-4.437336587235,
    43.330071274929));
#4361 = CARTESIAN_POINT('',(-0.215015275976,-5.472545728372,
    43.429693045769));
#4362 = CARTESIAN_POINT('',(2.545169640664,-4.651362366729,
    43.529293717778));
#4363 = CARTESIAN_POINT('',(4.189329693004,-2.621809357699,
    43.628906633601));
#4364 = CARTESIAN_POINT('',(4.484531685218,-0.321197731639,
    43.728515364674));
#4365 = CARTESIAN_POINT('',(2.943921646184,3.398163880637,
    43.927734101522));
#4366 = CARTESIAN_POINT('',(1.108404223684,4.816202618426,
    44.027342832572));
#4367 = CARTESIAN_POINT('',(-1.489303196128,5.088716572612,
    44.126955748448));
#4368 = CARTESIAN_POINT('',(-4.021712981651,3.717635405912,
    44.226556420397));
#4369 = CARTESIAN_POINT('',(-5.189884806956,1.085456745639,
    44.326178191261));
#4370 = CARTESIAN_POINT('',(-4.714385938811,-1.482863805775,
    44.425776686948));
#4371 = CARTESIAN_POINT('',(-3.156713360729,-3.201462671289,
    44.525391745049));
#4372 = CARTESIAN_POINT('',(0.672062243614,-4.445507262188,
    44.72460772112));
#4373 = CARTESIAN_POINT('',(2.942412895246,-3.970708526243,
    44.824222779292));
#4374 = CARTESIAN_POINT('',(4.836720490584,-2.17238476154,
    44.923821274907));
#4375 = CARTESIAN_POINT('',(5.438805408961,0.6437266823,45.023443045775)
  );
#4376 = CARTESIAN_POINT('',(4.195944126326,3.241467762466,
    45.123043717785));
#4377 = CARTESIAN_POINT('',(1.934174984461,4.547893436999,
    45.222656633594));
#4378 = CARTESIAN_POINT('',(-0.384292060568,4.479566053841,
    45.322265364674));
#4379 = CARTESIAN_POINT('',(-3.816857652178,2.376087136774,
    45.521484101525));
#4380 = CARTESIAN_POINT('',(-4.930299793941,0.34133784826,
    45.621092832555));
#4381 = CARTESIAN_POINT('',(-4.793087678602,-2.267018057201,
    45.72070574848));
#4382 = CARTESIAN_POINT('',(-3.042730626156,-4.553765327143,
    45.820306420363));
#4383 = CARTESIAN_POINT('',(-0.260216118508,-5.295791558182,
    45.919928191278));
#4384 = CARTESIAN_POINT('',(2.202099733995,-4.424373018652,
    46.019526686952));
#4385 = CARTESIAN_POINT('',(3.655866119152,-2.617029880662,
    46.119141745034));
#4386 = CARTESIAN_POINT('',(4.285641993341,1.359218592563,
    46.318357721157));
#4387 = CARTESIAN_POINT('',(3.461527728079,3.527342573988,
    46.417972779246));
#4388 = CARTESIAN_POINT('',(1.389009317761,5.117008283299,
    46.517571274904));
#4389 = CARTESIAN_POINT('',(-1.48661795324,5.271143650017,
    46.617193045838));
#4390 = CARTESIAN_POINT('',(-3.857950190146,3.637207815997,
    46.716793717709));
#4391 = CARTESIAN_POINT('',(-4.794472950981,1.198914803944,
    46.816406633636));
#4392 = CARTESIAN_POINT('',(-4.364298639389,-1.080319306851,
    46.916015364668));
#4393 = CARTESIAN_POINT('',(-1.749745476278,-4.141567720898,
    47.115234101518));
#4394 = CARTESIAN_POINT('',(0.434133397822,-4.922996625809,
    47.214842832597));
#4395 = CARTESIAN_POINT('',(2.988911409919,-4.379437058571,
    47.314455748406));
#4396 = CARTESIAN_POINT('',(4.973688857167,-2.292903720192,
    47.414056420428));
#4397 = CARTESIAN_POINT('',(5.271298345561,0.571431893122,
    47.513678191265));
#4398 = CARTESIAN_POINT('',(4.025417351093,2.867112658384,
    47.613276686917));
#4399 = CARTESIAN_POINT('',(2.012906439517,4.020250010043,
    47.712891745069));
#4400 = CARTESIAN_POINT('',(-2.01290646878,4.020249995385,
    47.912107721128));
#4401 = CARTESIAN_POINT('',(-4.025417371973,2.867112629095,
    48.01172277927));
#4402 = CARTESIAN_POINT('',(-5.271298349704,0.571431854729,
    48.11132127492));
#4403 = CARTESIAN_POINT('',(-4.973688840491,-2.292903756379,
    48.210943045782));
#4404 = CARTESIAN_POINT('',(-2.988911378032,-4.379437080338,
    48.310543717767));
#4405 = CARTESIAN_POINT('',(-0.434133361988,-4.922996628967,
    48.410156633609));
#4406 = CARTESIAN_POINT('',(1.749745506426,-4.14156770816,
    48.509765364668));
#4407 = CARTESIAN_POINT('',(4.364298647253,-1.080319275082,
    48.708984101534));
#4408 = CARTESIAN_POINT('',(4.794472942256,1.198914838847,
    48.808592832509));
#4409 = CARTESIAN_POINT('',(3.857950163664,3.637207844075,
    48.908205748602));
#4410 = CARTESIAN_POINT('',(1.48661791488,5.271143660847,49.007806420137
    ));
#4411 = CARTESIAN_POINT('',(-1.389009355025,5.117008273178,
    49.107428191589));
#4412 = CARTESIAN_POINT('',(-3.461527753741,3.527342548799,
    49.207026686627));
#4413 = CARTESIAN_POINT('',(-4.285642003248,1.35921856136,49.30664174529
    ));
#4414 = CARTESIAN_POINT('',(-3.655866100076,-2.617029907264,
    49.505857720607));
#4415 = CARTESIAN_POINT('',(-2.202099701913,-4.42437303474,
    49.60547278197));
#4416 = CARTESIAN_POINT('',(0.260216157366,-5.295791556131,
    49.705071268295));
#4417 = CARTESIAN_POINT('',(3.042730658776,-4.553765305275,
    49.804693056935));
#4418 = CARTESIAN_POINT('',(4.793087695784,-2.267018021942,
    49.904293703666));
#4419 = CARTESIAN_POINT('',(4.930299790782,0.341337883781,
    50.003906647419));
#4420 = CARTESIAN_POINT('',(3.816857635397,2.376087164839,
    50.103515354142));
#4421 = CARTESIAN_POINT('',(0.384292026842,4.479566056031,
    50.302734124333));
#4422 = CARTESIAN_POINT('',(-1.934175011828,4.547893426037,
    50.402342715465));
#4423 = CARTESIAN_POINT('',(-4.195944164008,3.241467724272,
    50.501956035856));
#4424 = CARTESIAN_POINT('',(-5.438805389913,0.643726655598,
    50.601555936126));
#4425 = CARTESIAN_POINT('',(-4.836720504792,-2.172384813054,
    50.701178803914));
#4426 = CARTESIAN_POINT('',(-2.942412836928,-3.970708531685,
    50.800776086637));
#4427 = CARTESIAN_POINT('',(-0.672062233679,-4.445507279262,
    50.900392202734));
#4428 = CARTESIAN_POINT('',(1.242325599467,-3.823484950592,
    50.99999946622));
#4429 = CARTESIAN_POINT('',(3.34525,8.881784197001E-16,0.275));
#4430 = CARTESIAN_POINT('',(3.345251483835,1.674936185209,0.374610904088
    ));
#4431 = CARTESIAN_POINT('',(2.385720835112,3.349560468125,0.474215397513
    ));
#4432 = CARTESIAN_POINT('',(0.475493856189,4.386231314487,0.573833529085
    ));
#4433 = CARTESIAN_POINT('',(-1.907929234587,4.138621678474,
    0.673433133372));
#4434 = CARTESIAN_POINT('',(-3.644128319821,2.487064833515,
    0.773049369423));
#4435 = CARTESIAN_POINT('',(-4.096425986767,0.361244883078,
    0.872655887401));
#4436 = CARTESIAN_POINT('',(-3.446198617808,-1.455963349764,
    0.972265830034));
#4437 = CARTESIAN_POINT('',(-0.898933786315,-3.631532989603,
    1.17148456541));
#4438 = CARTESIAN_POINT('',(0.99761946391,-3.989480051417,1.271094424341
    ));
#4439 = CARTESIAN_POINT('',(3.026512461601,-3.210204716963,
    1.370701215065));
#4440 = CARTESIAN_POINT('',(4.386133693486,-1.237008039949,
    1.470316910531));
#4441 = CARTESIAN_POINT('',(4.257846695227,1.155788008985,1.569917296368
    ));
#4442 = CARTESIAN_POINT('',(2.935112140323,2.880341662402,1.669534556236
    ));
#4443 = CARTESIAN_POINT('',(1.131002710739,3.566081388913,1.769139813548
    ));
#4444 = CARTESIAN_POINT('',(-2.177627536011,3.042047823689,1.9683605728)
  );
#4445 = CARTESIAN_POINT('',(-3.681530824586,1.832362368768,
    2.067965832028));
#4446 = CARTESIAN_POINT('',(-4.406613113118,-0.216518435954,
    2.167583085641));
#4447 = CARTESIAN_POINT('',(-3.789202522313,-2.531862192403,
    2.267183483892));
#4448 = CARTESIAN_POINT('',(-1.886377654238,-3.988325909019,
    2.366799161393));
#4449 = CARTESIAN_POINT('',(0.284024840601,-4.102503254127,
    2.466405972166));
#4450 = CARTESIAN_POINT('',(1.977142263673,-3.176007362252,
    2.566015813522));
#4451 = CARTESIAN_POINT('',(3.727447017558,-0.319769491909,
    2.765234573033));
#4452 = CARTESIAN_POINT('',(3.784300865623,1.609429280915,2.864844414344
    ));
#4453 = CARTESIAN_POINT('',(2.697230911037,3.491437738327,2.964451225268
    ));
#4454 = CARTESIAN_POINT('',(0.535635941093,4.525643792602,3.064066902466
    ));
#4455 = CARTESIAN_POINT('',(-1.807632311101,4.024620462617,
    3.163667301155));
#4456 = CARTESIAN_POINT('',(-3.304032574214,2.448391330376,
    3.263284554286));
#4457 = CARTESIAN_POINT('',(-3.699104813491,0.559220156576,
    3.362889813927));
#4458 = CARTESIAN_POINT('',(-2.663939168322,-2.62669845157,
    3.562110572624));
#4459 = CARTESIAN_POINT('',(-1.233884642324,-3.922849697685,
    3.661715832257));
#4460 = CARTESIAN_POINT('',(0.903198899725,-4.318489447862,
    3.761333085406));
#4461 = CARTESIAN_POINT('',(3.093452636922,-3.346480643642,
    3.860933484077));
#4462 = CARTESIAN_POINT('',(4.234317478046,-1.239241585171,
    3.960549161283));
#4463 = CARTESIAN_POINT('',(4.007563357353,0.922300925428,4.060155972211
    ));
#4464 = CARTESIAN_POINT('',(2.827612249015,2.449637374197,4.159765813514
    ));
#4465 = CARTESIAN_POINT('',(-0.267268581321,3.731578928835,
    4.358984573037));
#4466 = CARTESIAN_POINT('',(-2.181609617239,3.485939633697,
    4.458594414338));
#4467 = CARTESIAN_POINT('',(-3.870392220711,2.117842327905,
    4.558201225272));
#4468 = CARTESIAN_POINT('',(-4.553717529552,-0.178925291827,
    4.657816902463));
#4469 = CARTESIAN_POINT('',(-3.692294712661,-2.414966706829,
    4.757417301154));
#4470 = CARTESIAN_POINT('',(-1.901383002009,-3.646367238468,
    4.857034554288));
#4471 = CARTESIAN_POINT('',(2.633225414899E-02,-3.741044000958,
    4.956639813925));
#4472 = CARTESIAN_POINT('',(3.011091333572,-2.220235489515,5.15586057263
    ));
#4473 = CARTESIAN_POINT('',(4.067574992255,-0.605024580967,
    5.255465832242));
#4474 = CARTESIAN_POINT('',(4.124030239929,1.567639609047,5.355083085428
    ));
#4475 = CARTESIAN_POINT('',(2.821357305375,3.578872010933,5.45468348406)
  );
#4476 = CARTESIAN_POINT('',(0.561591275361,4.376046097874,5.55429916129)
  );
#4477 = CARTESIAN_POINT('',(-1.537866900487,3.813943950378,5.65390597221
    ));
#4478 = CARTESIAN_POINT('',(-2.861814282697,2.409591937902,
    5.753515813513));
#4479 = CARTESIAN_POINT('',(-3.64382698248,-0.847725615067,
    5.952734573037));
#4480 = CARTESIAN_POINT('',(-3.101742998821,-2.700071484436,
    6.052344414337));
#4481 = CARTESIAN_POINT('',(-1.486305437945,-4.154044801532,
    6.151951225279));
#4482 = CARTESIAN_POINT('',(0.889080790247,-4.469663627996,
    6.251566902447));
#4483 = CARTESIAN_POINT('',(2.962836607415,-3.269052412858,
    6.351167301175));
#4484 = CARTESIAN_POINT('',(3.898916239713,-1.307556313805,
    6.450784554272));
#4485 = CARTESIAN_POINT('',(3.69086626931,0.611236277389,6.550389813932)
  );
#4486 = CARTESIAN_POINT('',(1.721862244413,3.3213411537,6.749610572621)
  );
#4487 = CARTESIAN_POINT('',(-3.873319352604E-02,4.112143091007,
    6.849215832263));
#4488 = CARTESIAN_POINT('',(-2.19347982851,3.828023720625,6.9488330854)
  );
#4489 = CARTESIAN_POINT('',(-3.97616767843,2.226762786689,7.048433484082
    ));
#4490 = CARTESIAN_POINT('',(-4.41002193951,-0.129887275454,
    7.148049161281));
#4491 = CARTESIAN_POINT('',(-3.526412585592,-2.115565488571,
    7.247655972211));
#4492 = CARTESIAN_POINT('',(-1.932239476299,-3.203523825739,
    7.347265813514));
#4493 = CARTESIAN_POINT('',(1.407308830728,-3.466351922648,
    7.546484573037));
#4494 = CARTESIAN_POINT('',(3.152048630662,-2.64117115722,7.646094414339
    ));
#4495 = CARTESIAN_POINT('',(4.335411012866,-0.818170775345,
    7.745701225272));
#4496 = CARTESIAN_POINT('',(4.27555177393,1.577344168939,7.845316902464)
  );
#4497 = CARTESIAN_POINT('',(2.765315193318,3.437751637616,7.944917301155
    ));
#4498 = CARTESIAN_POINT('',(0.681533249605,4.055460983388,8.044534554286
    ));
#4499 = CARTESIAN_POINT('',(-1.181089634898,3.549807160826,
    8.144139813927));
#4500 = CARTESIAN_POINT('',(-3.549808531727,1.181091036323,
    8.343360572624));
#4501 = CARTESIAN_POINT('',(-4.055456579437,-0.681537228251,
    8.442965832258));
#4502 = CARTESIAN_POINT('',(-3.437758552833,-2.765309294846,
    8.542583085406));
#4503 = CARTESIAN_POINT('',(-1.577337977999,-4.275556901545,
    8.642183484077));
#4504 = CARTESIAN_POINT('',(0.818167570481,-4.335408404971,
    8.741799161283));
#4505 = CARTESIAN_POINT('',(2.641171833165,-3.152049239455,
    8.841405972211));
#4506 = CARTESIAN_POINT('',(3.466351980305,-1.407308866055,
    8.941015813514));
#4507 = CARTESIAN_POINT('',(3.203523774317,1.932239432388,9.140234573037
    ));
#4508 = CARTESIAN_POINT('',(2.115564916183,3.526411878554,9.239844414338
    ));
#4509 = CARTESIAN_POINT('',(0.1298900329,4.410025016643,9.339451225275)
  );
#4510 = CARTESIAN_POINT('',(-2.226768099279,3.976161645479,
    9.439066902458));
#4511 = CARTESIAN_POINT('',(-3.828017813264,2.193486736129,
    9.538667301162));
#4512 = CARTESIAN_POINT('',(-4.112146818343,3.872857493978E-02,
    9.638284554281));
#4513 = CARTESIAN_POINT('',(-3.321340018909,-1.721860645787,
    9.73788981393));
#4514 = CARTESIAN_POINT('',(-0.6112374471,-3.690867842561,9.937110572618
    ));
#4515 = CARTESIAN_POINT('',(1.307559554514,-3.898911267595,
    10.036715832276));
#4516 = CARTESIAN_POINT('',(3.269047668824,-2.962844360205,
    10.136333085381));
#4517 = CARTESIAN_POINT('',(4.469667723969,-0.889073873403,
    10.235933484097));
#4518 = CARTESIAN_POINT('',(4.154042727113,1.486301864577,
    10.335549161274));
#4519 = CARTESIAN_POINT('',(2.700071979991,3.101743761681,
    10.435155972212));
#4520 = CARTESIAN_POINT('',(0.847725640938,3.643827044954,
    10.534765813514));
#4521 = CARTESIAN_POINT('',(-2.409591886486,2.861814238777,
    10.733984573037));
#4522 = CARTESIAN_POINT('',(-3.813943162503,1.537866445756,
    10.833594414339));
#4523 = CARTESIAN_POINT('',(-4.376049568492,-0.561589033247,
    10.933201225266));
#4524 = CARTESIAN_POINT('',(-3.57886522116,-2.821361608776,
    11.032816902478));
#4525 = CARTESIAN_POINT('',(-1.567647355767,-4.124025485903,
    11.132417301136));
#4526 = CARTESIAN_POINT('',(0.605029725794,-4.067577951191,11.2320345543
    ));
#4527 = CARTESIAN_POINT('',(2.220233733044,-3.01109046283,
    11.331639813924));
#4528 = CARTESIAN_POINT('',(3.741045737826,-2.633316335185E-02,
    11.53086057262));
#4529 = CARTESIAN_POINT('',(3.646361820599,1.901385425018,
    11.630465832275));
#4530 = CARTESIAN_POINT('',(2.41497510631,3.692291239825,11.730083085382
    ));
#4531 = CARTESIAN_POINT('',(0.17891781938,4.553720493073,11.829683484096
    ));
#4532 = CARTESIAN_POINT('',(-2.117838474017,3.870390730827,
    11.929299161275));
#4533 = CARTESIAN_POINT('',(-3.485940464687,2.181609987355,
    12.028905972212));
#4534 = CARTESIAN_POINT('',(-3.731578994587,0.267268597102,
    12.128515813514));
#4535 = CARTESIAN_POINT('',(-2.449637338862,-2.827612191363,
    12.327734573037));
#4536 = CARTESIAN_POINT('',(-0.922300599544,-4.007562508038,
    12.427344414339));
#4537 = CARTESIAN_POINT('',(1.239239913576,-4.23432125669,
    12.526951225269));
#4538 = CARTESIAN_POINT('',(3.346483831923,-3.093445257526,
    12.62656690247));
#4539 = CARTESIAN_POINT('',(4.318485964207,-0.903207294774,
    12.726167301148));
#4540 = CARTESIAN_POINT('',(3.922851815369,1.233890186691,
    12.825784554288));
#4541 = CARTESIAN_POINT('',(2.626697866322,2.663937297267,
    12.925389813931));
#4542 = CARTESIAN_POINT('',(-0.559219530278,3.699106671201,
    13.124610572607));
#4543 = CARTESIAN_POINT('',(-2.448392876,3.30402684401,13.22421583231));
#4544 = CARTESIAN_POINT('',(-4.024618346527,1.807641150444,
    13.323833085335));
#4545 = CARTESIAN_POINT('',(-4.525645550671,-0.535643785145,
    13.423433484133));
#4546 = CARTESIAN_POINT('',(-3.491436869673,-2.697226871523,
    13.523049161261));
#4547 = CARTESIAN_POINT('',(-1.609429516479,-3.78430174428,
    13.622655972213));
#4548 = CARTESIAN_POINT('',(0.31976948661,-3.727447084972,
    13.722265813515));
#4549 = CARTESIAN_POINT('',(3.17600729978,-1.977142237784,
    13.921484573037));
#4550 = CARTESIAN_POINT('',(4.102502364298,-0.284024651635,
    14.02109441434));
#4551 = CARTESIAN_POINT('',(3.988329902616,1.886376594444,
    14.120701225256));
#4552 = CARTESIAN_POINT('',(2.531854405135,3.789204516761,
    14.220316902502));
#4553 = CARTESIAN_POINT('',(0.216527272583,4.40661098586,14.319917301106
    ));
#4554 = CARTESIAN_POINT('',(-1.832368176138,3.681532048644,
    14.419534554321));
#4555 = CARTESIAN_POINT('',(-3.042045884122,2.177627250833,
    14.519139813916));
#4556 = CARTESIAN_POINT('',(-3.566083321711,-1.131002383121,
    14.718360572625));
#4557 = CARTESIAN_POINT('',(-2.88033576106,-2.935112768661,
    14.817965832264));
#4558 = CARTESIAN_POINT('',(-1.155797070262,-4.257845992532,
    14.917583085396));
#4559 = CARTESIAN_POINT('',(1.237016061992,-4.386134195114,
    15.017183484086));
#4560 = CARTESIAN_POINT('',(3.210200591871,-3.026512245346,
    15.11679916128));
#4561 = CARTESIAN_POINT('',(3.989480955547,-0.997619549521,
    15.216405972211));
#4562 = CARTESIAN_POINT('',(3.63153305744,0.898933784305,15.316015813514
    ));
#4563 = CARTESIAN_POINT('',(1.455963333052,3.446198567915,
    15.515234573036));
#4564 = CARTESIAN_POINT('',(-0.361244925826,4.096424996912,
    15.614844414339));
#4565 = CARTESIAN_POINT('',(-2.487064423013,3.644132629854,
    15.714451225273));
#4566 = CARTESIAN_POINT('',(-4.138622410782,1.90792089452,
    15.814066902459));
#4567 = CARTESIAN_POINT('',(-4.386230620306,-0.475484369664,
    15.913667301161));
#4568 = CARTESIAN_POINT('',(-3.349560744592,-2.385727179799,
    16.013284554279));
#4569 = CARTESIAN_POINT('',(-1.674936225299,-3.345249205351,
    16.112889813934));
#4570 = CARTESIAN_POINT('',(1.674936203717,-3.345251165673,
    16.312110572606));
#4571 = CARTESIAN_POINT('',(3.34956044384,-2.385721252421,
    16.411715832311));
#4572 = CARTESIAN_POINT('',(4.386231339285,-0.475493430301,
    16.511333085334));
#4573 = CARTESIAN_POINT('',(4.138621658867,1.907928897949,
    16.610933484134));
#4574 = CARTESIAN_POINT('',(2.487064845151,3.644128519605,16.71054916126
    ));
#4575 = CARTESIAN_POINT('',(0.36124487834,4.096425905365,16.810155972213
    ));
#4576 = CARTESIAN_POINT('',(-1.455963348842,3.446198633663,
    16.909765813515));
#4577 = CARTESIAN_POINT('',(-3.631532990028,0.898933778996,
    17.108984573037));
#4578 = CARTESIAN_POINT('',(-3.989480050857,-0.997619454304,
    17.20859441434));
#4579 = CARTESIAN_POINT('',(-3.21020471755,-3.026512471422,
    17.308201225253));
#4580 = CARTESIAN_POINT('',(-1.237008039459,-4.386133685697,
    17.407816902509));
#4581 = CARTESIAN_POINT('',(1.155788008671,-4.257846699868,
    17.507417301096));
#4582 = CARTESIAN_POINT('',(2.880341662544,-2.935112138426,
    17.60703455433));
#4583 = CARTESIAN_POINT('',(3.56608138888,-1.131002711106,
    17.706639813911));
#4584 = CARTESIAN_POINT('',(3.042047823707,2.177627536179,
    17.905860572634));
#4585 = CARTESIAN_POINT('',(1.832362368738,3.681530824374,
    18.005465832237));
#4586 = CARTESIAN_POINT('',(-0.216518435919,4.406613113327,
    18.105083085432));
#4587 = CARTESIAN_POINT('',(-2.531862192431,3.789202522151,
    18.204683484057));
#4588 = CARTESIAN_POINT('',(-3.988325909005,1.886377654335,
    18.304299161292));
#4589 = CARTESIAN_POINT('',(-4.102503254131,-0.284024840642,
    18.40390597221));
#4590 = CARTESIAN_POINT('',(-3.176007362252,-1.977142263664,
    18.503515813513));
#4591 = CARTESIAN_POINT('',(-0.319769491909,-3.727447017563,
    18.702734573036));
#4592 = CARTESIAN_POINT('',(1.609429280918,-3.784300865618,
    18.802344414337));
#4593 = CARTESIAN_POINT('',(3.491437738314,-2.697230911034,
    18.901951225284));
#4594 = CARTESIAN_POINT('',(4.525643792625,-0.535635941108,
    19.001566902435));
#4595 = CARTESIAN_POINT('',(4.024620462595,1.807632311122,
    19.101167301191));
#4596 = CARTESIAN_POINT('',(2.448391330387,3.304032574199,19.20078455426
    ));
#4597 = CARTESIAN_POINT('',(0.559220156577,3.699104813495,
    19.300389813936));
#4598 = CARTESIAN_POINT('',(-2.626698451572,2.663939168321,
    19.49961057262));
#4599 = CARTESIAN_POINT('',(-3.922849697679,1.233884642325,
    19.599215832263));
#4600 = CARTESIAN_POINT('',(-4.318489447871,-0.903198899726,
    19.6988330854));
#4601 = CARTESIAN_POINT('',(-3.346480643634,-3.093452636921,
    19.798433484082));
#4602 = CARTESIAN_POINT('',(-1.239241585176,-4.234317478046,
    19.898049161281));
#4603 = CARTESIAN_POINT('',(0.92230092543,-4.007563357354,
    19.997655972211));
#4604 = CARTESIAN_POINT('',(2.449637374197,-2.827612249015,
    20.097265813514));
#4605 = CARTESIAN_POINT('',(3.731578928835,0.267268581321,
    20.296484573037));
#4606 = CARTESIAN_POINT('',(3.485939633698,2.181609617238,
    20.396094414338));
#4607 = CARTESIAN_POINT('',(2.117842327898,3.870392220713,
    20.495701225274));
#4608 = CARTESIAN_POINT('',(-0.178925291813,4.55371752955,
    20.595316902457));
#4609 = CARTESIAN_POINT('',(-2.414966706844,3.692294712662,
    20.694917301163));
#4610 = CARTESIAN_POINT('',(-3.646367238458,1.90138300201,
    20.794534554278));
#4611 = CARTESIAN_POINT('',(-3.741044000962,-2.633225415183E-02,
    20.894139813933));
#4612 = CARTESIAN_POINT('',(-2.220235489507,-3.011091333569,
    21.093360572612));
#4613 = CARTESIAN_POINT('',(-0.605024580992,-4.067574992252,
    21.192965832295));
#4614 = CARTESIAN_POINT('',(1.567639609083,-4.124030239942,
    21.292583085355));
#4615 = CARTESIAN_POINT('',(3.578872010905,-2.821357305357,
    21.392183484118));
#4616 = CARTESIAN_POINT('',(4.376046097884,-0.561591275373,
    21.491799161266));
#4617 = CARTESIAN_POINT('',(3.813943950379,1.537866900491,
    21.591405972213));
#4618 = CARTESIAN_POINT('',(2.4095919379,2.861814282697,21.691015813514)
  );
#4619 = CARTESIAN_POINT('',(-0.847725615065,3.64382698248,
    21.890234573037));
#4620 = CARTESIAN_POINT('',(-2.700071484433,3.101742998824,
    21.98984441434));
#4621 = CARTESIAN_POINT('',(-4.154044801554,1.486305437946,
    22.089451225259));
#4622 = CARTESIAN_POINT('',(-4.46966362795,-0.889080790256,
    22.189066902493));
#4623 = CARTESIAN_POINT('',(-3.269052412908,-2.962836607399,
    22.28866730112));
#4624 = CARTESIAN_POINT('',(-1.307556313777,-3.898916239726,
    22.388284554307));
#4625 = CARTESIAN_POINT('',(0.611236277386,-3.690866269308,
    22.487889813928));
#4626 = CARTESIAN_POINT('',(3.321341153695,-1.721862244401,
    22.687110572597));
#4627 = CARTESIAN_POINT('',(4.112143091009,3.873319347671E-02,
    22.786715832347));
#4628 = CARTESIAN_POINT('',(3.828023720638,2.193479828585,
    22.886333085281));
#4629 = CARTESIAN_POINT('',(2.226762786667,3.976167678367,
    22.985933484176));
#4630 = CARTESIAN_POINT('',(-0.129887275437,4.410021939536,
    23.085549161242));
#4631 = CARTESIAN_POINT('',(-2.115565488577,3.526412585591,
    23.185155972215));
#4632 = CARTESIAN_POINT('',(-3.203523825738,1.932239476296,
    23.284765813515));
#4633 = CARTESIAN_POINT('',(-3.466351922647,-1.407308830726,
    23.483984573038));
#4634 = CARTESIAN_POINT('',(-2.641171157226,-3.152048630658,
    23.583594414344));
#4635 = CARTESIAN_POINT('',(-0.818170775336,-4.335411012898,
    23.683201225231));
#4636 = CARTESIAN_POINT('',(1.577344168936,-4.275551773858,
    23.782816902559));
#4637 = CARTESIAN_POINT('',(3.437751637607,-2.765315193402,
    23.882417301033));
#4638 = CARTESIAN_POINT('',(4.055460983406,-0.681533249551,
    23.982034554377));
#4639 = CARTESIAN_POINT('',(3.549807160813,1.181089634882,
    24.081639813894));
#4640 = CARTESIAN_POINT('',(1.181091036334,3.549808531735,
    24.280860572648));
#4641 = CARTESIAN_POINT('',(-0.681537228281,4.055456579429,
    24.380465832207));
#4642 = CARTESIAN_POINT('',(-2.765309294803,3.437758552836,
    24.480083085471));
#4643 = CARTESIAN_POINT('',(-4.27555690158,1.577337978002,
    24.579683484026));
#4644 = CARTESIAN_POINT('',(-4.335408404956,-0.818167570486,
    24.679299161305));
#4645 = CARTESIAN_POINT('',(-3.152049239457,-2.641171833162,
    24.778905972208));
#4646 = CARTESIAN_POINT('',(-1.407308866056,-3.466351980306,
    24.878515813513));
#4647 = CARTESIAN_POINT('',(1.932239432389,-3.203523774318,
    25.077734573036));
#4648 = CARTESIAN_POINT('',(3.526411878552,-2.115564916181,
    25.177344414336));
#4649 = CARTESIAN_POINT('',(4.41002501664,-0.129890032903,
    25.276951225293));
#4650 = CARTESIAN_POINT('',(3.976161645492,2.226768099279,
    25.376566902415));
#4651 = CARTESIAN_POINT('',(2.19348673611,3.82801781327,25.476167301215)
  );
#4652 = CARTESIAN_POINT('',(3.872857495465E-02,4.112146818334,
    25.575784554244));
#4653 = CARTESIAN_POINT('',(-1.721860645793,3.321340018914,
    25.675389813939));
#4654 = CARTESIAN_POINT('',(-3.690867842565,0.611237447103,
    25.874610572629));
#4655 = CARTESIAN_POINT('',(-3.898911267587,-1.307559554534,
    25.974215832234));
#4656 = CARTESIAN_POINT('',(-2.96284436021,-3.26904766879,
    26.073833085441));
#4657 = CARTESIAN_POINT('',(-0.889073873404,-4.469667723999,
    26.173433484049));
#4658 = CARTESIAN_POINT('',(1.486301864582,-4.154042727101,
    26.273049161295));
#4659 = CARTESIAN_POINT('',(3.101743761678,-2.700071979991,
    26.37265597221));
#4660 = CARTESIAN_POINT('',(3.643827044955,-0.847725640939,
    26.472265813513));
#4661 = CARTESIAN_POINT('',(2.861814238777,2.409591886487,
    26.671484573037));
#4662 = CARTESIAN_POINT('',(1.537866445753,3.813943162506,
    26.771094414336));
#4663 = CARTESIAN_POINT('',(-0.561589033238,4.376049568471,
    26.870701225288));
#4664 = CARTESIAN_POINT('',(-2.821361608791,3.578865221207,
    26.970316902429));
#4665 = CARTESIAN_POINT('',(-4.124025485892,1.567647355711,
    27.069917301199));
#4666 = CARTESIAN_POINT('',(-4.067577951193,-0.605029725756,
    27.16953455425));
#4667 = CARTESIAN_POINT('',(-3.011090462833,-2.220233733058,
    27.269139813947));
#4668 = CARTESIAN_POINT('',(-2.633316334234E-02,-3.741045737811,
    27.468360572588));
#4669 = CARTESIAN_POINT('',(1.901385424979,-3.646361820625,
    27.567965832359));
#4670 = CARTESIAN_POINT('',(3.692291239889,-2.414975106287,
    27.667583085271));
#4671 = CARTESIAN_POINT('',(4.553720493016,-0.17891781939,
    27.767183484182));
#4672 = CARTESIAN_POINT('',(3.870390730853,2.117838474015,27.86679916124
    ));
#4673 = CARTESIAN_POINT('',(2.181609987351,3.485940464692,
    27.966405972215));
#4674 = CARTESIAN_POINT('',(0.2672685971,3.731578994586,28.066015813516)
  );
#4675 = CARTESIAN_POINT('',(-2.82761219136,2.449637338862,
    28.265234573037));
#4676 = CARTESIAN_POINT('',(-4.007562508041,0.922300599547,
    28.364844414343));
#4677 = CARTESIAN_POINT('',(-4.234321256695,-1.239239913586,
    28.46445122524));
#4678 = CARTESIAN_POINT('',(-3.093445257505,-3.346483831908,
    28.564066902538));
#4679 = CARTESIAN_POINT('',(-0.903207294807,-4.318485964217,
    28.663667301063));
#4680 = CARTESIAN_POINT('',(1.233890186718,-3.922851815368,
    28.763284554351));
#4681 = CARTESIAN_POINT('',(2.663937297256,-2.626697866318,
    28.862889813908));
#4682 = CARTESIAN_POINT('',(3.699106671206,0.559219530274,
    29.062110572621));
#4683 = CARTESIAN_POINT('',(3.304026844003,2.448392876013,
    29.161715832281));
#4684 = CARTESIAN_POINT('',(1.80764115045,4.024618346507,29.261333085372
    ));
#4685 = CARTESIAN_POINT('',(-0.535643785147,4.525645550688,
    29.360933484104));
#4686 = CARTESIAN_POINT('',(-2.697226871524,3.491436869666,
    29.460549161273));
#4687 = CARTESIAN_POINT('',(-3.784301744279,1.609429516479,
    29.560155972211));
#4688 = CARTESIAN_POINT('',(-3.727447084973,-0.319769486609,
    29.659765813515));
#4689 = CARTESIAN_POINT('',(-1.977142237784,-3.176007299781,
    29.858984573036));
#4690 = CARTESIAN_POINT('',(-0.284024651632,-4.102502364296,
    29.958594414339));
#4691 = CARTESIAN_POINT('',(1.886376594433,-3.988329902614,
    30.05820122527));
#4692 = CARTESIAN_POINT('',(3.78920451678,-2.531854405146,
    30.157816902468));
#4693 = CARTESIAN_POINT('',(4.406610985843,-0.216527272566,
    30.257417301151));
#4694 = CARTESIAN_POINT('',(3.681532048651,1.832368176125,
    30.357034554288));
#4695 = CARTESIAN_POINT('',(2.177627250834,3.042045884126,
    30.456639813928));
#4696 = CARTESIAN_POINT('',(-1.131002383122,3.566083321709,
    30.65586057262));
#4697 = CARTESIAN_POINT('',(-2.935112768655,2.880335761061,
    30.755465832271));
#4698 = CARTESIAN_POINT('',(-4.257845992541,1.155797070262,
    30.855083085389));
#4699 = CARTESIAN_POINT('',(-4.386134195105,-1.237016061993,
    30.95468348409));
#4700 = CARTESIAN_POINT('',(-3.02651224535,-3.21020059187,
    31.054299161279));
#4701 = CARTESIAN_POINT('',(-0.99761954952,-3.989480955548,
    31.153905972211));
#4702 = CARTESIAN_POINT('',(0.898933784305,-3.63153305744,
    31.253515813514));
#4703 = CARTESIAN_POINT('',(3.446198567915,-1.455963333052,
    31.452734573036));
#4704 = CARTESIAN_POINT('',(4.096424996912,0.361244925827,
    31.552344414339));
#4705 = CARTESIAN_POINT('',(3.644132629851,2.48706442301,31.651951225274
    ));
#4706 = CARTESIAN_POINT('',(1.907920894526,4.138622410788,
    31.751566902458));
#4707 = CARTESIAN_POINT('',(-0.475484369669,4.386230620301,
    31.851167301161));
#4708 = CARTESIAN_POINT('',(-2.385727179797,3.349560744593,
    31.950784554283));
#4709 = CARTESIAN_POINT('',(-3.345249205349,1.674936225299,
    32.050389813925));
#4710 = CARTESIAN_POINT('',(-3.345251165688,-1.674936203714,
    32.249610572635));
#4711 = CARTESIAN_POINT('',(-2.385721252378,-3.349560443867,
    32.349215832221));
#4712 = CARTESIAN_POINT('',(-0.475493430356,-4.386231339231,
    32.448833085458));
#4713 = CARTESIAN_POINT('',(1.907928897988,-4.13862165892,
    32.548433484035));
#4714 = CARTESIAN_POINT('',(3.644128519595,-2.487064845123,
    32.648049161302));
#4715 = CARTESIAN_POINT('',(4.096425905362,-0.361244878345,
    32.747655972208));
#4716 = CARTESIAN_POINT('',(3.446198633666,1.455963348841,
    32.847265813513));
#4717 = CARTESIAN_POINT('',(0.898933778994,3.631532990031,
    33.046484573035));
#4718 = CARTESIAN_POINT('',(-0.997619454311,3.989480050853,
    33.146094414336));
#4719 = CARTESIAN_POINT('',(-3.026512471385,3.210204717537,33.2457012253
    ));
#4720 = CARTESIAN_POINT('',(-4.38613368577,1.237008039505,
    33.345316902397));
#4721 = CARTESIAN_POINT('',(-4.257846699793,-1.155788008737,
    33.44491730124));
#4722 = CARTESIAN_POINT('',(-2.935112138466,-2.880341662489,
    33.544534554221));
#4723 = CARTESIAN_POINT('',(-1.1310027111,-3.566081388905,
    33.644139813954));
#4724 = CARTESIAN_POINT('',(2.17762753618,-3.042047823685,
    33.843360572598));
#4725 = CARTESIAN_POINT('',(3.681530824352,-1.832362368789,
    33.942965832325));
#4726 = CARTESIAN_POINT('',(4.406613113372,0.216518435986,
    34.042583085317));
#4727 = CARTESIAN_POINT('',(3.789202522104,2.53186219238,34.142183484148
    ));
#4728 = CARTESIAN_POINT('',(1.886377654361,3.988325909025,
    34.241799161253));
#4729 = CARTESIAN_POINT('',(-0.284024840648,4.102503254131,
    34.341405972215));
#4730 = CARTESIAN_POINT('',(-1.977142263665,3.17600736225,
    34.441015813515));
#4731 = CARTESIAN_POINT('',(-3.72744701756,0.31976949191,34.640234573038
    ));
#4732 = CARTESIAN_POINT('',(-3.784300865622,-1.60942928091,
    34.739844414341));
#4733 = CARTESIAN_POINT('',(-2.697230911041,-3.491437738352,
    34.839451225245));
#4734 = CARTESIAN_POINT('',(-0.535635941078,-4.525643792553,
    34.939066902528));
#4735 = CARTESIAN_POINT('',(1.807632311078,-4.024620462668,
    35.038667301073));
#4736 = CARTESIAN_POINT('',(3.304032574234,-2.448391330349,
    35.138284554344));
#4737 = CARTESIAN_POINT('',(3.699104813484,-0.559220156579,
    35.237889813913));
#4738 = CARTESIAN_POINT('',(2.663939168314,2.626698451569,
    35.437110572614));
#4739 = CARTESIAN_POINT('',(1.233884642357,3.922849697682,
    35.536715832307));
#4740 = CARTESIAN_POINT('',(-0.903198899776,4.318489447876,
    35.636333085333));
#4741 = CARTESIAN_POINT('',(-3.093452636881,3.346480643625,
    35.735933484137));
#4742 = CARTESIAN_POINT('',(-4.234317478063,1.239241585181,
    35.835549161257));
#4743 = CARTESIAN_POINT('',(-4.007563357353,-0.922300925431,
    35.935155972214));
#4744 = CARTESIAN_POINT('',(-2.827612249013,-2.449637374198,
    36.034765813514));
#4745 = CARTESIAN_POINT('',(0.26726858132,-3.731578928833,
    36.233984573039));
#4746 = CARTESIAN_POINT('',(2.181609617231,-3.485939633699,
    36.333594414341));
#4747 = CARTESIAN_POINT('',(3.870392220751,-2.117842327915,
    36.433201225239));
#4748 = CARTESIAN_POINT('',(4.553717529475,0.17892529186,36.532816902546
    ));
#4749 = CARTESIAN_POINT('',(3.692294712741,2.414966706782,
    36.632417301049));
#4750 = CARTESIAN_POINT('',(1.901383001965,3.646367238506,
    36.732034554363));
#4751 = CARTESIAN_POINT('',(-2.633225414362E-02,3.741044000945,
    36.831639813905));
#4752 = CARTESIAN_POINT('',(-3.01109133357,2.220235489512,37.03086057262
    ));
#4753 = CARTESIAN_POINT('',(-4.067574992256,0.605024580987,
    37.130465832289));
#4754 = CARTESIAN_POINT('',(-4.124030239936,-1.567639609079,
    37.230083085358));
#4755 = CARTESIAN_POINT('',(-2.821357305363,-3.578872010907,
    37.329683484116));
#4756 = CARTESIAN_POINT('',(-0.56159127537,-4.376046097883,
    37.429299161267));
#4757 = CARTESIAN_POINT('',(1.53786690049,-3.81394395038,37.528905972213
    ));
#4758 = CARTESIAN_POINT('',(2.861814282697,-2.4095919379,37.628515813514
    ));
#4759 = CARTESIAN_POINT('',(3.643826982479,0.847725615065,
    37.827734573037));
#4760 = CARTESIAN_POINT('',(3.101742998821,2.700071484431,37.92734441434
    ));
#4761 = CARTESIAN_POINT('',(1.486305437954,4.154044801561,
    38.026951225258));
#4762 = CARTESIAN_POINT('',(-0.889080790272,4.469663627937,
    38.126566902498));
#4763 = CARTESIAN_POINT('',(-2.962836607383,3.269052412921,
    38.226167301112));
#4764 = CARTESIAN_POINT('',(-3.898916239737,1.30755631377,
    38.325784554314));
#4765 = CARTESIAN_POINT('',(-3.690866269305,-0.611236277385,
    38.425389813924));
#4766 = CARTESIAN_POINT('',(-1.721862244405,-3.321341153696,
    38.624610572604));
#4767 = CARTESIAN_POINT('',(3.873319348935E-02,-4.112143091009,
    38.724215832326));
#4768 = CARTESIAN_POINT('',(2.193479828566,-3.828023720634,
    38.823833085311));
#4769 = CARTESIAN_POINT('',(3.976167678384,-2.226762786672,
    38.923433484151));
#4770 = CARTESIAN_POINT('',(4.410021939529,0.129887275441,
    39.023049161254));
#4771 = CARTESIAN_POINT('',(3.526412585592,2.115565488576,
    39.122655972212));
#4772 = CARTESIAN_POINT('',(1.932239476297,3.203523825738,
    39.222265813516));
#4773 = CARTESIAN_POINT('',(-1.407308830726,3.466351922647,
    39.421484573037));
#4774 = CARTESIAN_POINT('',(-3.152048630659,2.641171157223,
    39.521094414344));
#4775 = CARTESIAN_POINT('',(-4.335411012889,0.818170775339,
    39.620701225244));
#4776 = CARTESIAN_POINT('',(-4.275551773881,-1.577344168936,
    39.720316902524));
#4777 = CARTESIAN_POINT('',(-2.765315193373,-3.437751637612,
    39.819917301082));
#4778 = CARTESIAN_POINT('',(-0.681533249572,-4.055460983398,
    39.919534554335));
#4779 = CARTESIAN_POINT('',(1.181089634892,-3.54980716082,
    40.019139813916));
#4780 = CARTESIAN_POINT('',(3.549808531723,-1.181091036319,
    40.218360572612));
#4781 = CARTESIAN_POINT('',(4.055456579444,0.681537228226,
    40.317965832307));
#4782 = CARTESIAN_POINT('',(3.437758552834,2.765309294887,
    40.417583085337));
#4783 = CARTESIAN_POINT('',(1.577337977991,4.275556901508,
    40.517183484131));
#4784 = CARTESIAN_POINT('',(-0.818167570473,4.335408404987,
    40.616799161262));
#4785 = CARTESIAN_POINT('',(-2.641171833169,3.152049239454,
    40.716405972212));
#4786 = CARTESIAN_POINT('',(-3.466351980305,1.407308866054,
    40.816015813515));
#4787 = CARTESIAN_POINT('',(-3.203523774317,-1.932239432386,
    41.015234573037));
#4788 = CARTESIAN_POINT('',(-2.115564916188,-3.526411878551,
    41.114844414341));
#4789 = CARTESIAN_POINT('',(-0.129890032887,-4.410025016663,
    41.214451225252));
#4790 = CARTESIAN_POINT('',(2.226768099261,-3.976161645434,
    41.314066902511));
#4791 = CARTESIAN_POINT('',(3.828017813277,-2.193486736183,
    41.413667301092));
#4792 = CARTESIAN_POINT('',(4.112146818341,-3.87285749023E-02,
    41.513284554338));
#4793 = CARTESIAN_POINT('',(3.321340018903,1.721860645772,
    41.612889813899));
#4794 = CARTESIAN_POINT('',(0.611237447121,3.690867842583,
    41.812110572675));
#4795 = CARTESIAN_POINT('',(-1.307559554599,3.898911267562,
    41.911715832114));
#4796 = CARTESIAN_POINT('',(-3.269047668689,2.962844360226,42.0113330856
    ));
#4797 = CARTESIAN_POINT('',(-4.469667724087,0.889073873406,
    42.110933483924));
#4798 = CARTESIAN_POINT('',(-4.154042727061,-1.486301864592,
    42.210549161348));
#4799 = CARTESIAN_POINT('',(-2.700071979995,-3.10174376167,
    42.310155972204));
#4800 = CARTESIAN_POINT('',(-0.847725640943,-3.643827044957,
    42.409765813511));
#4801 = CARTESIAN_POINT('',(2.409591886491,-2.861814238778,
    42.608984573035));
#4802 = CARTESIAN_POINT('',(3.813943162505,-1.537866445745,
    42.708594414331));
#4803 = CARTESIAN_POINT('',(4.376049568445,0.561589033215,
    42.808201225331));
#4804 = CARTESIAN_POINT('',(3.578865221271,2.82136160882,42.907816902326
    ));
#4805 = CARTESIAN_POINT('',(1.567647355634,4.124025485876,
    43.007417301325));
#4806 = CARTESIAN_POINT('',(-0.605029725708,4.067577951189,
    43.107034554166));
#4807 = CARTESIAN_POINT('',(-2.220233733066,3.011090462841,
    43.206639813962));
#4808 = CARTESIAN_POINT('',(-3.741045737831,2.633316335371E-02,
    43.405860572633));
#4809 = CARTESIAN_POINT('',(-3.64636182058,-1.901385425048,
    43.505465832202));
#4810 = CARTESIAN_POINT('',(-2.414975106327,-3.692291239769,
    43.605083085489));
#4811 = CARTESIAN_POINT('',(-0.178917819376,-4.553720493125,
    43.704683484012));
#4812 = CARTESIAN_POINT('',(2.117838474023,-3.870390730803,
    43.804299161309));
#4813 = CARTESIAN_POINT('',(3.48594046468,-2.181609987356,
    43.903905972209));
#4814 = CARTESIAN_POINT('',(3.731578994589,-0.267268597104,
    44.003515813512));
#4815 = CARTESIAN_POINT('',(2.449637338862,2.827612191365,
    44.202734573036));
#4816 = CARTESIAN_POINT('',(0.922300599541,4.007562508042,
    44.302344414334));
#4817 = CARTESIAN_POINT('',(-1.239239913565,4.234321256656,
    44.401951225298));
#4818 = CARTESIAN_POINT('',(-3.346483831938,3.0934452576,44.501566902406
    ));
#4819 = CARTESIAN_POINT('',(-4.318485964198,0.903207294695,
    44.601167301223));
#4820 = CARTESIAN_POINT('',(-3.922851815368,-1.233890186646,
    44.700784554245));
#4821 = CARTESIAN_POINT('',(-2.626697866323,-2.663937297269,
    44.800389813929));
#4822 = CARTESIAN_POINT('',(0.559219530263,-3.699106671228,
    44.999610572666));
#4823 = CARTESIAN_POINT('',(2.448392876082,-3.304026843939,
    45.09921583212));
#4824 = CARTESIAN_POINT('',(4.024618346382,-1.807641150525,45.1988330856
    ));
#4825 = CARTESIAN_POINT('',(4.525645550807,0.535643785193,
    45.298433483922));
#4826 = CARTESIAN_POINT('',(3.491436869608,2.697226871517,
    45.398049161348));
#4827 = CARTESIAN_POINT('',(1.609429516488,3.78430174427,45.497655972204
    ));
#4828 = CARTESIAN_POINT('',(-0.319769486605,3.727447084977,
    45.597265813511));
#4829 = CARTESIAN_POINT('',(-3.176007299786,1.977142237782,
    45.796484573034));
#4830 = CARTESIAN_POINT('',(-4.102502364293,0.284024651621,
    45.89609441433));
#4831 = CARTESIAN_POINT('',(-3.988329902581,-1.886376594391,
    45.995701225345));
#4832 = CARTESIAN_POINT('',(-2.531854405239,-3.789204516853,
    46.095316902291));
#4833 = CARTESIAN_POINT('',(-0.216527272441,-4.406610985775,
    46.194917301375));
#4834 = CARTESIAN_POINT('',(1.832368176029,-3.681532048679,
    46.29453455412));
#4835 = CARTESIAN_POINT('',(3.042045884165,-2.177627250836,
    46.394139813995));
#4836 = CARTESIAN_POINT('',(3.566083321676,1.131002383134,
    46.593360572556));
#4837 = CARTESIAN_POINT('',(2.880335761129,2.935112768598,
    46.692965832423));
#4838 = CARTESIAN_POINT('',(1.155797070185,4.257845992641,46.79258308519
    ));
#4839 = CARTESIAN_POINT('',(-1.237016061942,4.386134195011,
    46.892183484244));
#4840 = CARTESIAN_POINT('',(-3.210200591883,3.026512245398,
    46.991799161214));
#4841 = CARTESIAN_POINT('',(-3.989480955554,0.997619549511,
    47.091405972218));
#4842 = CARTESIAN_POINT('',(-3.631533057436,-0.898933784308,
    47.191015813516));
#4843 = CARTESIAN_POINT('',(-1.455963333053,-3.446198567911,
    47.390234573039));
#4844 = CARTESIAN_POINT('',(0.361244925817,-4.096424996919,
    47.489844414345));
#4845 = CARTESIAN_POINT('',(2.487064423054,-3.644132629863,
    47.589451225214));
#4846 = CARTESIAN_POINT('',(4.138622410708,-1.907920894474,
    47.689066902602));
#4847 = CARTESIAN_POINT('',(4.386230620379,0.475484369591,
    47.788667300977));
#4848 = CARTESIAN_POINT('',(3.349560744556,2.385727179862,47.88828455442
    ));
#4849 = CARTESIAN_POINT('',(1.674936225301,3.345249205322,
    47.987889813877));
#4850 = CARTESIAN_POINT('',(-1.674936203711,3.3452511657,48.187110572661
    ));
#4851 = CARTESIAN_POINT('',(-3.349560443882,2.385721252361,
    48.286715832177));
#4852 = CARTESIAN_POINT('',(-4.386231339205,0.475493430372,
    48.386333085511));
#4853 = CARTESIAN_POINT('',(-4.138621658945,-1.907928897994,
    48.485933483993));
#4854 = CARTESIAN_POINT('',(-2.487064845109,-3.644128519597,
    48.585549161323));
#4855 = CARTESIAN_POINT('',(-0.361244878349,-4.096425905355,
    48.685155972201));
#4856 = CARTESIAN_POINT('',(1.455963348842,-3.446198633671,
    48.784765813517));
#4857 = CARTESIAN_POINT('',(3.631532990029,-0.898933778986,
    48.983984573027));
#4858 = CARTESIAN_POINT('',(3.989480050864,0.997619454267,49.08359441438
    ));
#4859 = CARTESIAN_POINT('',(3.210204717509,3.026512471492,49.18320122519
    ));
#4860 = CARTESIAN_POINT('',(1.237008039552,4.386133685588,
    49.282816902585));
#4861 = CARTESIAN_POINT('',(-1.155788008795,4.257846700022,
    49.382417300999));
#4862 = CARTESIAN_POINT('',(-2.880341662436,2.935112138242,
    49.482034554462));
#4863 = CARTESIAN_POINT('',(-3.566081388943,1.131002711269,
    49.581639813766));
#4864 = CARTESIAN_POINT('',(-3.04204782361,-2.17762753654,
    49.780860573012));
#4865 = CARTESIAN_POINT('',(-1.832362369217,-3.681530822521,
    49.880465830268));
#4866 = CARTESIAN_POINT('',(0.216518437104,-4.406613117869,
    49.980083090252));
#4867 = CARTESIAN_POINT('',(2.531862190417,-3.789202514499,
    50.079683475962));
#4868 = CARTESIAN_POINT('',(3.988325911568,-1.886377664018,
    50.179299171511));
#4869 = CARTESIAN_POINT('',(4.102503251613,0.284024850131,
    50.278905962207));
#4870 = CARTESIAN_POINT('',(3.176007364173,1.977142256428,
    50.378515821139));
#4871 = CARTESIAN_POINT('',(0.31976948775,3.727447033237,50.577734556517
    ));
#4872 = CARTESIAN_POINT('',(-1.609429259572,3.784300785154,
    50.677344499137));
#4873 = CARTESIAN_POINT('',(-3.491437790698,2.697231108505,
    50.77695101718));
#4874 = CARTESIAN_POINT('',(-4.525643704364,0.535635608386,
    50.87656725307));
#4875 = CARTESIAN_POINT('',(-4.024620574253,-1.807631890198,
    50.976166857603));
#4876 = CARTESIAN_POINT('',(-2.448391220974,-3.304032986647,
    51.075784988924));
#4877 = CARTESIAN_POINT('',(-0.559220239998,-3.69910449903,
    51.175389482525));
#4878 = CARTESIAN_POINT('',(1.033739196144,-3.181522174275,
    51.27500038653));
#4879 = DEFINITIONAL_REPRESENTATION('',(#4880),#4883);
#4880 = B_SPLINE_CURVE_WITH_KNOTS('',1,(#4881,#4882),.UNSPECIFIED.,.F.,
  .F.,(2,2),(0.,261.37779760514),.PIECEWISE_BEZIER_KNOTS.);
#4881 = CARTESIAN_POINT('',(0.,0.));
#4882 = CARTESIAN_POINT('',(0.,261.37779760514));
#4883 = ( GEOMETRIC_REPRESENTATION_CONTEXT(2) 
PARAMETRIC_REPRESENTATION_CONTEXT() REPRESENTATION_CONTEXT('2D SPACE',''
  ) );
#4884 = ORIENTED_EDGE('',*,*,#4885,.F.);
#4885 = EDGE_CURVE('',#1219,#3516,#4886,.T.);
#4886 = SURFACE_CURVE('',#4887,(#4890,#4897),.PCURVE_S1.);
#4887 = B_SPLINE_CURVE_WITH_KNOTS('',1,(#4888,#4889),.UNSPECIFIED.,.F.,
  .F.,(2,2),(0.,0.728868986856),.PIECEWISE_BEZIER_KNOTS.);
#4888 = CARTESIAN_POINT('',(1.033738964414,-3.181521461095,
    50.725000386531));
#4889 = CARTESIAN_POINT('',(1.242325599467,-3.823484950592,
    50.99999946622));
#4890 = PCURVE('',#1674,#4891);
#4891 = DEFINITIONAL_REPRESENTATION('',(#4892),#4896);
#4892 = LINE('',#4893,#4894);
#4893 = CARTESIAN_POINT('',(0.,261.37779760514));
#4894 = VECTOR('',#4895,1.);
#4895 = DIRECTION('',(1.,0.));
#4896 = ( GEOMETRIC_REPRESENTATION_CONTEXT(2) 
PARAMETRIC_REPRESENTATION_CONTEXT() REPRESENTATION_CONTEXT('2D SPACE',''
  ) );
#4897 = PCURVE('',#4898,#4903);
#4898 = PLANE('',#4899);
#4899 = AXIS2_PLACEMENT_3D('',#4900,#4901,#4902);
#4900 = CARTESIAN_POINT('',(1.109462230861,-3.414573652341,
    51.00000005243));
#4901 = DIRECTION('',(-0.951056493197,-0.309017065464,6.490805004842E-12
    ));
#4902 = DIRECTION('',(0.309017065464,-0.951056493197,0.));
#4903 = DEFINITIONAL_REPRESENTATION('',(#4904),#4907);
#4904 = B_SPLINE_CURVE_WITH_KNOTS('',1,(#4905,#4906),.UNSPECIFIED.,.F.,
  .F.,(2,2),(0.,0.728868986856),.PIECEWISE_BEZIER_KNOTS.);
#4905 = CARTESIAN_POINT('',(-0.245045581322,-0.274999665899));
#4906 = CARTESIAN_POINT('',(0.429954793618,-5.862104188736E-07));
#4907 = ( GEOMETRIC_REPRESENTATION_CONTEXT(2) 
PARAMETRIC_REPRESENTATION_CONTEXT() REPRESENTATION_CONTEXT('2D SPACE',''
  ) );
#4908 = ADVANCED_FACE('',(#4909),#3978,.F.);
#4909 = FACE_BOUND('',#4910,.F.);
#4910 = EDGE_LOOP('',(#4911,#4912,#4933,#5402));
#4911 = ORIENTED_EDGE('',*,*,#3515,.F.);
#4912 = ORIENTED_EDGE('',*,*,#4913,.T.);
#4913 = EDGE_CURVE('',#3490,#4914,#4916,.T.);
#4914 = VERTEX_POINT('',#4915);
#4915 = CARTESIAN_POINT('',(3.34525,8.881784197001E-16,0.275));
#4916 = SURFACE_CURVE('',#4917,(#4920,#4927),.PCURVE_S1.);
#4917 = B_SPLINE_CURVE_WITH_KNOTS('',1,(#4918,#4919),.UNSPECIFIED.,.F.,
  .F.,(2,2),(0.,0.728868986856),.PIECEWISE_BEZIER_KNOTS.);
#4918 = CARTESIAN_POINT('',(4.02025,0.,-5.551115123126E-17));
#4919 = CARTESIAN_POINT('',(3.34525,8.881784197001E-16,0.275));
#4920 = PCURVE('',#3978,#4921);
#4921 = DEFINITIONAL_REPRESENTATION('',(#4922),#4926);
#4922 = LINE('',#4923,#4924);
#4923 = CARTESIAN_POINT('',(0.,0.));
#4924 = VECTOR('',#4925,1.);
#4925 = DIRECTION('',(1.,0.));
#4926 = ( GEOMETRIC_REPRESENTATION_CONTEXT(2) 
PARAMETRIC_REPRESENTATION_CONTEXT() REPRESENTATION_CONTEXT('2D SPACE',''
  ) );
#4927 = PCURVE('',#3504,#4928);
#4928 = DEFINITIONAL_REPRESENTATION('',(#4929),#4932);
#4929 = B_SPLINE_CURVE_WITH_KNOTS('',1,(#4930,#4931),.UNSPECIFIED.,.F.,
  .F.,(2,2),(0.,0.728868986856),.PIECEWISE_BEZIER_KNOTS.);
#4930 = CARTESIAN_POINT('',(5.551115123126E-17,0.429954793619));
#4931 = CARTESIAN_POINT('',(-0.275,-0.245045206381));
#4932 = ( GEOMETRIC_REPRESENTATION_CONTEXT(2) 
PARAMETRIC_REPRESENTATION_CONTEXT() REPRESENTATION_CONTEXT('2D SPACE',''
  ) );
#4933 = ORIENTED_EDGE('',*,*,#4934,.T.);
#4934 = EDGE_CURVE('',#4914,#4935,#4937,.T.);
#4935 = VERTEX_POINT('',#4936);
#4936 = CARTESIAN_POINT('',(1.033739196144,-3.181522174275,
    51.27500038653));
#4937 = SURFACE_CURVE('',#4938,(#5389,#5396),.PCURVE_S1.);
#4938 = B_SPLINE_CURVE_WITH_KNOTS('',8,(#4939,#4940,#4941,#4942,#4943,
    #4944,#4945,#4946,#4947,#4948,#4949,#4950,#4951,#4952,#4953,#4954,
    #4955,#4956,#4957,#4958,#4959,#4960,#4961,#4962,#4963,#4964,#4965,
    #4966,#4967,#4968,#4969,#4970,#4971,#4972,#4973,#4974,#4975,#4976,
    #4977,#4978,#4979,#4980,#4981,#4982,#4983,#4984,#4985,#4986,#4987,
    #4988,#4989,#4990,#4991,#4992,#4993,#4994,#4995,#4996,#4997,#4998,
    #4999,#5000,#5001,#5002,#5003,#5004,#5005,#5006,#5007,#5008,#5009,
    #5010,#5011,#5012,#5013,#5014,#5015,#5016,#5017,#5018,#5019,#5020,
    #5021,#5022,#5023,#5024,#5025,#5026,#5027,#5028,#5029,#5030,#5031,
    #5032,#5033,#5034,#5035,#5036,#5037,#5038,#5039,#5040,#5041,#5042,
    #5043,#5044,#5045,#5046,#5047,#5048,#5049,#5050,#5051,#5052,#5053,
    #5054,#5055,#5056,#5057,#5058,#5059,#5060,#5061,#5062,#5063,#5064,
    #5065,#5066,#5067,#5068,#5069,#5070,#5071,#5072,#5073,#5074,#5075,
    #5076,#5077,#5078,#5079,#5080,#5081,#5082,#5083,#5084,#5085,#5086,
    #5087,#5088,#5089,#5090,#5091,#5092,#5093,#5094,#5095,#5096,#5097,
    #5098,#5099,#5100,#5101,#5102,#5103,#5104,#5105,#5106,#5107,#5108,
    #5109,#5110,#5111,#5112,#5113,#5114,#5115,#5116,#5117,#5118,#5119,
    #5120,#5121,#5122,#5123,#5124,#5125,#5126,#5127,#5128,#5129,#5130,
    #5131,#5132,#5133,#5134,#5135,#5136,#5137,#5138,#5139,#5140,#5141,
    #5142,#5143,#5144,#5145,#5146,#5147,#5148,#5149,#5150,#5151,#5152,
    #5153,#5154,#5155,#5156,#5157,#5158,#5159,#5160,#5161,#5162,#5163,
    #5164,#5165,#5166,#5167,#5168,#5169,#5170,#5171,#5172,#5173,#5174,
    #5175,#5176,#5177,#5178,#5179,#5180,#5181,#5182,#5183,#5184,#5185,
    #5186,#5187,#5188,#5189,#5190,#5191,#5192,#5193,#5194,#5195,#5196,
    #5197,#5198,#5199,#5200,#5201,#5202,#5203,#5204,#5205,#5206,#5207,
    #5208,#5209,#5210,#5211,#5212,#5213,#5214,#5215,#5216,#5217,#5218,
    #5219,#5220,#5221,#5222,#5223,#5224,#5225,#5226,#5227,#5228,#5229,
    #5230,#5231,#5232,#5233,#5234,#5235,#5236,#5237,#5238,#5239,#5240,
    #5241,#5242,#5243,#5244,#5245,#5246,#5247,#5248,#5249,#5250,#5251,
    #5252,#5253,#5254,#5255,#5256,#5257,#5258,#5259,#5260,#5261,#5262,
    #5263,#5264,#5265,#5266,#5267,#5268,#5269,#5270,#5271,#5272,#5273,
    #5274,#5275,#5276,#5277,#5278,#5279,#5280,#5281,#5282,#5283,#5284,
    #5285,#5286,#5287,#5288,#5289,#5290,#5291,#5292,#5293,#5294,#5295,
    #5296,#5297,#5298,#5299,#5300,#5301,#5302,#5303,#5304,#5305,#5306,
    #5307,#5308,#5309,#5310,#5311,#5312,#5313,#5314,#5315,#5316,#5317,
    #5318,#5319,#5320,#5321,#5322,#5323,#5324,#5325,#5326,#5327,#5328,
    #5329,#5330,#5331,#5332,#5333,#5334,#5335,#5336,#5337,#5338,#5339,
    #5340,#5341,#5342,#5343,#5344,#5345,#5346,#5347,#5348,#5349,#5350,
    #5351,#5352,#5353,#5354,#5355,#5356,#5357,#5358,#5359,#5360,#5361,
    #5362,#5363,#5364,#5365,#5366,#5367,#5368,#5369,#5370,#5371,#5372,
    #5373,#5374,#5375,#5376,#5377,#5378,#5379,#5380,#5381,#5382,#5383,
    #5384,#5385,#5386,#5387,#5388),.UNSPECIFIED.,.F.,.F.,(9,7,7,7,7,7,7,
    7,7,7,7,7,7,7,7,7,7,7,7,7,7,7,7,7,7,7,7,7,7,7,7,7,7,7,7,7,7,7,7,7,7,
    7,7,7,7,7,7,7,7,7,7,7,7,7,7,7,7,7,7,7,7,7,7,7,9),(0.,4.08402808758,
    8.168056175161,12.252084262741,16.336112350322,20.420140437902,
    24.504168525483,28.588196613063,32.672224700643,36.756252788224,
    40.840280875804,44.924308963385,49.008337050965,53.092365138546,
    57.176393226126,61.260421313707,65.344449401287,69.428477488867,
    73.512505576448,77.596533664028,81.680561751609,85.764589839189,
    89.84861792677,93.93264601435,98.01667410193,102.10070218951,
    106.18473027709,110.26875836467,114.35278645225,118.43681453983,
    122.52084262741,126.60487071499,130.68889880257,134.77292689015,
    138.85695497773,142.94098306531,147.02501115289,151.10903924047,
    155.19306732805,159.27709541563,163.36112350321,167.44515159079,
    171.52917967837,175.61320776595,179.69723585353,183.78126394112,
    187.8652920287,191.94932011628,196.03334820386,200.11737629144,
    204.20140437902,208.2854324666,212.36946055418,216.45348864176,
    220.53751672934,224.62154481692,228.7055729045,232.78960099208,
    236.87362907966,240.95765716724,245.04168525482,249.1257133424,
    253.20974142998,257.29376951756,261.37779760514),.UNSPECIFIED.);
#4939 = CARTESIAN_POINT('',(3.34525,8.881784197001E-16,0.275));
#4940 = CARTESIAN_POINT('',(3.345251483835,1.674936185209,0.374610904088
    ));
#4941 = CARTESIAN_POINT('',(2.385720835112,3.349560468125,0.474215397513
    ));
#4942 = CARTESIAN_POINT('',(0.475493856189,4.386231314487,0.573833529085
    ));
#4943 = CARTESIAN_POINT('',(-1.907929234587,4.138621678474,
    0.673433133372));
#4944 = CARTESIAN_POINT('',(-3.644128319821,2.487064833515,
    0.773049369423));
#4945 = CARTESIAN_POINT('',(-4.096425986767,0.361244883078,
    0.872655887401));
#4946 = CARTESIAN_POINT('',(-3.446198617808,-1.455963349764,
    0.972265830034));
#4947 = CARTESIAN_POINT('',(-0.898933786315,-3.631532989603,
    1.17148456541));
#4948 = CARTESIAN_POINT('',(0.99761946391,-3.989480051417,1.271094424341
    ));
#4949 = CARTESIAN_POINT('',(3.026512461601,-3.210204716963,
    1.370701215065));
#4950 = CARTESIAN_POINT('',(4.386133693486,-1.237008039949,
    1.470316910531));
#4951 = CARTESIAN_POINT('',(4.257846695227,1.155788008985,1.569917296368
    ));
#4952 = CARTESIAN_POINT('',(2.935112140323,2.880341662402,1.669534556236
    ));
#4953 = CARTESIAN_POINT('',(1.131002710739,3.566081388913,1.769139813548
    ));
#4954 = CARTESIAN_POINT('',(-2.177627536011,3.042047823689,1.9683605728)
  );
#4955 = CARTESIAN_POINT('',(-3.681530824586,1.832362368768,
    2.067965832028));
#4956 = CARTESIAN_POINT('',(-4.406613113118,-0.216518435954,
    2.167583085641));
#4957 = CARTESIAN_POINT('',(-3.789202522313,-2.531862192403,
    2.267183483892));
#4958 = CARTESIAN_POINT('',(-1.886377654238,-3.988325909019,
    2.366799161393));
#4959 = CARTESIAN_POINT('',(0.284024840601,-4.102503254127,
    2.466405972166));
#4960 = CARTESIAN_POINT('',(1.977142263673,-3.176007362252,
    2.566015813522));
#4961 = CARTESIAN_POINT('',(3.727447017558,-0.319769491909,
    2.765234573033));
#4962 = CARTESIAN_POINT('',(3.784300865623,1.609429280915,2.864844414344
    ));
#4963 = CARTESIAN_POINT('',(2.697230911037,3.491437738327,2.964451225268
    ));
#4964 = CARTESIAN_POINT('',(0.535635941093,4.525643792602,3.064066902466
    ));
#4965 = CARTESIAN_POINT('',(-1.807632311101,4.024620462617,
    3.163667301155));
#4966 = CARTESIAN_POINT('',(-3.304032574214,2.448391330376,
    3.263284554286));
#4967 = CARTESIAN_POINT('',(-3.699104813491,0.559220156576,
    3.362889813927));
#4968 = CARTESIAN_POINT('',(-2.663939168322,-2.62669845157,
    3.562110572624));
#4969 = CARTESIAN_POINT('',(-1.233884642324,-3.922849697685,
    3.661715832257));
#4970 = CARTESIAN_POINT('',(0.903198899725,-4.318489447862,
    3.761333085406));
#4971 = CARTESIAN_POINT('',(3.093452636922,-3.346480643642,
    3.860933484077));
#4972 = CARTESIAN_POINT('',(4.234317478046,-1.239241585171,
    3.960549161283));
#4973 = CARTESIAN_POINT('',(4.007563357353,0.922300925428,4.060155972211
    ));
#4974 = CARTESIAN_POINT('',(2.827612249015,2.449637374197,4.159765813514
    ));
#4975 = CARTESIAN_POINT('',(-0.267268581321,3.731578928835,
    4.358984573037));
#4976 = CARTESIAN_POINT('',(-2.181609617239,3.485939633697,
    4.458594414338));
#4977 = CARTESIAN_POINT('',(-3.870392220711,2.117842327905,
    4.558201225272));
#4978 = CARTESIAN_POINT('',(-4.553717529552,-0.178925291827,
    4.657816902463));
#4979 = CARTESIAN_POINT('',(-3.692294712661,-2.414966706829,
    4.757417301154));
#4980 = CARTESIAN_POINT('',(-1.901383002009,-3.646367238468,
    4.857034554288));
#4981 = CARTESIAN_POINT('',(2.633225414899E-02,-3.741044000958,
    4.956639813925));
#4982 = CARTESIAN_POINT('',(3.011091333572,-2.220235489515,5.15586057263
    ));
#4983 = CARTESIAN_POINT('',(4.067574992255,-0.605024580967,
    5.255465832242));
#4984 = CARTESIAN_POINT('',(4.124030239929,1.567639609047,5.355083085428
    ));
#4985 = CARTESIAN_POINT('',(2.821357305375,3.578872010933,5.45468348406)
  );
#4986 = CARTESIAN_POINT('',(0.561591275361,4.376046097874,5.55429916129)
  );
#4987 = CARTESIAN_POINT('',(-1.537866900487,3.813943950378,5.65390597221
    ));
#4988 = CARTESIAN_POINT('',(-2.861814282697,2.409591937902,
    5.753515813513));
#4989 = CARTESIAN_POINT('',(-3.64382698248,-0.847725615067,
    5.952734573037));
#4990 = CARTESIAN_POINT('',(-3.101742998821,-2.700071484436,
    6.052344414337));
#4991 = CARTESIAN_POINT('',(-1.486305437945,-4.154044801532,
    6.151951225279));
#4992 = CARTESIAN_POINT('',(0.889080790247,-4.469663627996,
    6.251566902447));
#4993 = CARTESIAN_POINT('',(2.962836607415,-3.269052412858,
    6.351167301175));
#4994 = CARTESIAN_POINT('',(3.898916239713,-1.307556313805,
    6.450784554272));
#4995 = CARTESIAN_POINT('',(3.69086626931,0.611236277389,6.550389813932)
  );
#4996 = CARTESIAN_POINT('',(1.721862244413,3.3213411537,6.749610572621)
  );
#4997 = CARTESIAN_POINT('',(-3.873319352604E-02,4.112143091007,
    6.849215832263));
#4998 = CARTESIAN_POINT('',(-2.19347982851,3.828023720625,6.9488330854)
  );
#4999 = CARTESIAN_POINT('',(-3.97616767843,2.226762786689,7.048433484082
    ));
#5000 = CARTESIAN_POINT('',(-4.41002193951,-0.129887275454,
    7.148049161281));
#5001 = CARTESIAN_POINT('',(-3.526412585592,-2.115565488571,
    7.247655972211));
#5002 = CARTESIAN_POINT('',(-1.932239476299,-3.203523825739,
    7.347265813514));
#5003 = CARTESIAN_POINT('',(1.407308830728,-3.466351922648,
    7.546484573037));
#5004 = CARTESIAN_POINT('',(3.152048630662,-2.64117115722,7.646094414339
    ));
#5005 = CARTESIAN_POINT('',(4.335411012866,-0.818170775345,
    7.745701225272));
#5006 = CARTESIAN_POINT('',(4.27555177393,1.577344168939,7.845316902464)
  );
#5007 = CARTESIAN_POINT('',(2.765315193318,3.437751637616,7.944917301155
    ));
#5008 = CARTESIAN_POINT('',(0.681533249605,4.055460983388,8.044534554286
    ));
#5009 = CARTESIAN_POINT('',(-1.181089634898,3.549807160826,
    8.144139813927));
#5010 = CARTESIAN_POINT('',(-3.549808531727,1.181091036323,
    8.343360572624));
#5011 = CARTESIAN_POINT('',(-4.055456579437,-0.681537228251,
    8.442965832258));
#5012 = CARTESIAN_POINT('',(-3.437758552833,-2.765309294846,
    8.542583085406));
#5013 = CARTESIAN_POINT('',(-1.577337977999,-4.275556901545,
    8.642183484077));
#5014 = CARTESIAN_POINT('',(0.818167570481,-4.335408404971,
    8.741799161283));
#5015 = CARTESIAN_POINT('',(2.641171833165,-3.152049239455,
    8.841405972211));
#5016 = CARTESIAN_POINT('',(3.466351980305,-1.407308866055,
    8.941015813514));
#5017 = CARTESIAN_POINT('',(3.203523774317,1.932239432388,9.140234573037
    ));
#5018 = CARTESIAN_POINT('',(2.115564916183,3.526411878554,9.239844414338
    ));
#5019 = CARTESIAN_POINT('',(0.1298900329,4.410025016643,9.339451225275)
  );
#5020 = CARTESIAN_POINT('',(-2.226768099279,3.976161645479,
    9.439066902458));
#5021 = CARTESIAN_POINT('',(-3.828017813264,2.193486736129,
    9.538667301162));
#5022 = CARTESIAN_POINT('',(-4.112146818343,3.872857493978E-02,
    9.638284554281));
#5023 = CARTESIAN_POINT('',(-3.321340018909,-1.721860645787,
    9.73788981393));
#5024 = CARTESIAN_POINT('',(-0.6112374471,-3.690867842561,9.937110572618
    ));
#5025 = CARTESIAN_POINT('',(1.307559554514,-3.898911267595,
    10.036715832276));
#5026 = CARTESIAN_POINT('',(3.269047668824,-2.962844360205,
    10.136333085381));
#5027 = CARTESIAN_POINT('',(4.469667723969,-0.889073873403,
    10.235933484097));
#5028 = CARTESIAN_POINT('',(4.154042727113,1.486301864577,
    10.335549161274));
#5029 = CARTESIAN_POINT('',(2.700071979991,3.101743761681,
    10.435155972212));
#5030 = CARTESIAN_POINT('',(0.847725640938,3.643827044954,
    10.534765813514));
#5031 = CARTESIAN_POINT('',(-2.409591886486,2.861814238777,
    10.733984573037));
#5032 = CARTESIAN_POINT('',(-3.813943162503,1.537866445756,
    10.833594414339));
#5033 = CARTESIAN_POINT('',(-4.376049568492,-0.561589033247,
    10.933201225266));
#5034 = CARTESIAN_POINT('',(-3.57886522116,-2.821361608776,
    11.032816902478));
#5035 = CARTESIAN_POINT('',(-1.567647355767,-4.124025485903,
    11.132417301136));
#5036 = CARTESIAN_POINT('',(0.605029725794,-4.067577951191,11.2320345543
    ));
#5037 = CARTESIAN_POINT('',(2.220233733044,-3.01109046283,
    11.331639813924));
#5038 = CARTESIAN_POINT('',(3.741045737826,-2.633316335185E-02,
    11.53086057262));
#5039 = CARTESIAN_POINT('',(3.646361820599,1.901385425018,
    11.630465832275));
#5040 = CARTESIAN_POINT('',(2.41497510631,3.692291239825,11.730083085382
    ));
#5041 = CARTESIAN_POINT('',(0.17891781938,4.553720493073,11.829683484096
    ));
#5042 = CARTESIAN_POINT('',(-2.117838474017,3.870390730827,
    11.929299161275));
#5043 = CARTESIAN_POINT('',(-3.485940464687,2.181609987355,
    12.028905972212));
#5044 = CARTESIAN_POINT('',(-3.731578994587,0.267268597102,
    12.128515813514));
#5045 = CARTESIAN_POINT('',(-2.449637338862,-2.827612191363,
    12.327734573037));
#5046 = CARTESIAN_POINT('',(-0.922300599544,-4.007562508038,
    12.427344414339));
#5047 = CARTESIAN_POINT('',(1.239239913576,-4.23432125669,
    12.526951225269));
#5048 = CARTESIAN_POINT('',(3.346483831923,-3.093445257526,
    12.62656690247));
#5049 = CARTESIAN_POINT('',(4.318485964207,-0.903207294774,
    12.726167301148));
#5050 = CARTESIAN_POINT('',(3.922851815369,1.233890186691,
    12.825784554288));
#5051 = CARTESIAN_POINT('',(2.626697866322,2.663937297267,
    12.925389813931));
#5052 = CARTESIAN_POINT('',(-0.559219530278,3.699106671201,
    13.124610572607));
#5053 = CARTESIAN_POINT('',(-2.448392876,3.30402684401,13.22421583231));
#5054 = CARTESIAN_POINT('',(-4.024618346527,1.807641150444,
    13.323833085335));
#5055 = CARTESIAN_POINT('',(-4.525645550671,-0.535643785145,
    13.423433484133));
#5056 = CARTESIAN_POINT('',(-3.491436869673,-2.697226871523,
    13.523049161261));
#5057 = CARTESIAN_POINT('',(-1.609429516479,-3.78430174428,
    13.622655972213));
#5058 = CARTESIAN_POINT('',(0.31976948661,-3.727447084972,
    13.722265813515));
#5059 = CARTESIAN_POINT('',(3.17600729978,-1.977142237784,
    13.921484573037));
#5060 = CARTESIAN_POINT('',(4.102502364298,-0.284024651635,
    14.02109441434));
#5061 = CARTESIAN_POINT('',(3.988329902616,1.886376594444,
    14.120701225256));
#5062 = CARTESIAN_POINT('',(2.531854405135,3.789204516761,
    14.220316902502));
#5063 = CARTESIAN_POINT('',(0.216527272583,4.40661098586,14.319917301106
    ));
#5064 = CARTESIAN_POINT('',(-1.832368176138,3.681532048644,
    14.419534554321));
#5065 = CARTESIAN_POINT('',(-3.042045884122,2.177627250833,
    14.519139813916));
#5066 = CARTESIAN_POINT('',(-3.566083321711,-1.131002383121,
    14.718360572625));
#5067 = CARTESIAN_POINT('',(-2.88033576106,-2.935112768661,
    14.817965832264));
#5068 = CARTESIAN_POINT('',(-1.155797070262,-4.257845992532,
    14.917583085396));
#5069 = CARTESIAN_POINT('',(1.237016061992,-4.386134195114,
    15.017183484086));
#5070 = CARTESIAN_POINT('',(3.210200591871,-3.026512245346,
    15.11679916128));
#5071 = CARTESIAN_POINT('',(3.989480955547,-0.997619549521,
    15.216405972211));
#5072 = CARTESIAN_POINT('',(3.63153305744,0.898933784305,15.316015813514
    ));
#5073 = CARTESIAN_POINT('',(1.455963333052,3.446198567915,
    15.515234573036));
#5074 = CARTESIAN_POINT('',(-0.361244925826,4.096424996912,
    15.614844414339));
#5075 = CARTESIAN_POINT('',(-2.487064423013,3.644132629854,
    15.714451225273));
#5076 = CARTESIAN_POINT('',(-4.138622410782,1.90792089452,
    15.814066902459));
#5077 = CARTESIAN_POINT('',(-4.386230620306,-0.475484369664,
    15.913667301161));
#5078 = CARTESIAN_POINT('',(-3.349560744592,-2.385727179799,
    16.013284554279));
#5079 = CARTESIAN_POINT('',(-1.674936225299,-3.345249205351,
    16.112889813934));
#5080 = CARTESIAN_POINT('',(1.674936203717,-3.345251165673,
    16.312110572606));
#5081 = CARTESIAN_POINT('',(3.34956044384,-2.385721252421,
    16.411715832311));
#5082 = CARTESIAN_POINT('',(4.386231339285,-0.475493430301,
    16.511333085334));
#5083 = CARTESIAN_POINT('',(4.138621658867,1.907928897949,
    16.610933484134));
#5084 = CARTESIAN_POINT('',(2.487064845151,3.644128519605,16.71054916126
    ));
#5085 = CARTESIAN_POINT('',(0.36124487834,4.096425905365,16.810155972213
    ));
#5086 = CARTESIAN_POINT('',(-1.455963348842,3.446198633663,
    16.909765813515));
#5087 = CARTESIAN_POINT('',(-3.631532990028,0.898933778996,
    17.108984573037));
#5088 = CARTESIAN_POINT('',(-3.989480050857,-0.997619454304,
    17.20859441434));
#5089 = CARTESIAN_POINT('',(-3.21020471755,-3.026512471422,
    17.308201225253));
#5090 = CARTESIAN_POINT('',(-1.237008039459,-4.386133685697,
    17.407816902509));
#5091 = CARTESIAN_POINT('',(1.155788008671,-4.257846699868,
    17.507417301096));
#5092 = CARTESIAN_POINT('',(2.880341662544,-2.935112138426,
    17.60703455433));
#5093 = CARTESIAN_POINT('',(3.56608138888,-1.131002711106,
    17.706639813911));
#5094 = CARTESIAN_POINT('',(3.042047823707,2.177627536179,
    17.905860572634));
#5095 = CARTESIAN_POINT('',(1.832362368738,3.681530824374,
    18.005465832237));
#5096 = CARTESIAN_POINT('',(-0.216518435919,4.406613113327,
    18.105083085432));
#5097 = CARTESIAN_POINT('',(-2.531862192431,3.789202522151,
    18.204683484057));
#5098 = CARTESIAN_POINT('',(-3.988325909005,1.886377654335,
    18.304299161292));
#5099 = CARTESIAN_POINT('',(-4.102503254131,-0.284024840642,
    18.40390597221));
#5100 = CARTESIAN_POINT('',(-3.176007362252,-1.977142263664,
    18.503515813513));
#5101 = CARTESIAN_POINT('',(-0.319769491909,-3.727447017563,
    18.702734573036));
#5102 = CARTESIAN_POINT('',(1.609429280918,-3.784300865618,
    18.802344414337));
#5103 = CARTESIAN_POINT('',(3.491437738314,-2.697230911034,
    18.901951225284));
#5104 = CARTESIAN_POINT('',(4.525643792625,-0.535635941108,
    19.001566902435));
#5105 = CARTESIAN_POINT('',(4.024620462595,1.807632311122,
    19.101167301191));
#5106 = CARTESIAN_POINT('',(2.448391330387,3.304032574199,19.20078455426
    ));
#5107 = CARTESIAN_POINT('',(0.559220156577,3.699104813495,
    19.300389813936));
#5108 = CARTESIAN_POINT('',(-2.626698451572,2.663939168321,
    19.49961057262));
#5109 = CARTESIAN_POINT('',(-3.922849697679,1.233884642325,
    19.599215832263));
#5110 = CARTESIAN_POINT('',(-4.318489447871,-0.903198899726,
    19.6988330854));
#5111 = CARTESIAN_POINT('',(-3.346480643634,-3.093452636921,
    19.798433484082));
#5112 = CARTESIAN_POINT('',(-1.239241585176,-4.234317478046,
    19.898049161281));
#5113 = CARTESIAN_POINT('',(0.92230092543,-4.007563357354,
    19.997655972211));
#5114 = CARTESIAN_POINT('',(2.449637374197,-2.827612249015,
    20.097265813514));
#5115 = CARTESIAN_POINT('',(3.731578928835,0.267268581321,
    20.296484573037));
#5116 = CARTESIAN_POINT('',(3.485939633698,2.181609617238,
    20.396094414338));
#5117 = CARTESIAN_POINT('',(2.117842327898,3.870392220713,
    20.495701225274));
#5118 = CARTESIAN_POINT('',(-0.178925291813,4.55371752955,
    20.595316902457));
#5119 = CARTESIAN_POINT('',(-2.414966706844,3.692294712662,
    20.694917301163));
#5120 = CARTESIAN_POINT('',(-3.646367238458,1.90138300201,
    20.794534554278));
#5121 = CARTESIAN_POINT('',(-3.741044000962,-2.633225415183E-02,
    20.894139813933));
#5122 = CARTESIAN_POINT('',(-2.220235489507,-3.011091333569,
    21.093360572612));
#5123 = CARTESIAN_POINT('',(-0.605024580992,-4.067574992252,
    21.192965832295));
#5124 = CARTESIAN_POINT('',(1.567639609083,-4.124030239942,
    21.292583085355));
#5125 = CARTESIAN_POINT('',(3.578872010905,-2.821357305357,
    21.392183484118));
#5126 = CARTESIAN_POINT('',(4.376046097884,-0.561591275373,
    21.491799161266));
#5127 = CARTESIAN_POINT('',(3.813943950379,1.537866900491,
    21.591405972213));
#5128 = CARTESIAN_POINT('',(2.4095919379,2.861814282697,21.691015813514)
  );
#5129 = CARTESIAN_POINT('',(-0.847725615065,3.64382698248,
    21.890234573037));
#5130 = CARTESIAN_POINT('',(-2.700071484433,3.101742998824,
    21.98984441434));
#5131 = CARTESIAN_POINT('',(-4.154044801554,1.486305437946,
    22.089451225259));
#5132 = CARTESIAN_POINT('',(-4.46966362795,-0.889080790256,
    22.189066902493));
#5133 = CARTESIAN_POINT('',(-3.269052412908,-2.962836607399,
    22.28866730112));
#5134 = CARTESIAN_POINT('',(-1.307556313777,-3.898916239726,
    22.388284554307));
#5135 = CARTESIAN_POINT('',(0.611236277386,-3.690866269308,
    22.487889813928));
#5136 = CARTESIAN_POINT('',(3.321341153695,-1.721862244401,
    22.687110572597));
#5137 = CARTESIAN_POINT('',(4.112143091009,3.873319347671E-02,
    22.786715832347));
#5138 = CARTESIAN_POINT('',(3.828023720638,2.193479828585,
    22.886333085281));
#5139 = CARTESIAN_POINT('',(2.226762786667,3.976167678367,
    22.985933484176));
#5140 = CARTESIAN_POINT('',(-0.129887275437,4.410021939536,
    23.085549161242));
#5141 = CARTESIAN_POINT('',(-2.115565488577,3.526412585591,
    23.185155972215));
#5142 = CARTESIAN_POINT('',(-3.203523825738,1.932239476296,
    23.284765813515));
#5143 = CARTESIAN_POINT('',(-3.466351922647,-1.407308830726,
    23.483984573038));
#5144 = CARTESIAN_POINT('',(-2.641171157226,-3.152048630658,
    23.583594414344));
#5145 = CARTESIAN_POINT('',(-0.818170775336,-4.335411012898,
    23.683201225231));
#5146 = CARTESIAN_POINT('',(1.577344168936,-4.275551773858,
    23.782816902559));
#5147 = CARTESIAN_POINT('',(3.437751637607,-2.765315193402,
    23.882417301033));
#5148 = CARTESIAN_POINT('',(4.055460983406,-0.681533249551,
    23.982034554377));
#5149 = CARTESIAN_POINT('',(3.549807160813,1.181089634882,
    24.081639813894));
#5150 = CARTESIAN_POINT('',(1.181091036334,3.549808531735,
    24.280860572648));
#5151 = CARTESIAN_POINT('',(-0.681537228281,4.055456579429,
    24.380465832207));
#5152 = CARTESIAN_POINT('',(-2.765309294803,3.437758552836,
    24.480083085471));
#5153 = CARTESIAN_POINT('',(-4.27555690158,1.577337978002,
    24.579683484026));
#5154 = CARTESIAN_POINT('',(-4.335408404956,-0.818167570486,
    24.679299161305));
#5155 = CARTESIAN_POINT('',(-3.152049239457,-2.641171833162,
    24.778905972208));
#5156 = CARTESIAN_POINT('',(-1.407308866056,-3.466351980306,
    24.878515813513));
#5157 = CARTESIAN_POINT('',(1.932239432389,-3.203523774318,
    25.077734573036));
#5158 = CARTESIAN_POINT('',(3.526411878552,-2.115564916181,
    25.177344414336));
#5159 = CARTESIAN_POINT('',(4.41002501664,-0.129890032903,
    25.276951225293));
#5160 = CARTESIAN_POINT('',(3.976161645492,2.226768099279,
    25.376566902415));
#5161 = CARTESIAN_POINT('',(2.19348673611,3.82801781327,25.476167301215)
  );
#5162 = CARTESIAN_POINT('',(3.872857495465E-02,4.112146818334,
    25.575784554244));
#5163 = CARTESIAN_POINT('',(-1.721860645793,3.321340018914,
    25.675389813939));
#5164 = CARTESIAN_POINT('',(-3.690867842565,0.611237447103,
    25.874610572629));
#5165 = CARTESIAN_POINT('',(-3.898911267587,-1.307559554534,
    25.974215832234));
#5166 = CARTESIAN_POINT('',(-2.96284436021,-3.26904766879,
    26.073833085441));
#5167 = CARTESIAN_POINT('',(-0.889073873404,-4.469667723999,
    26.173433484049));
#5168 = CARTESIAN_POINT('',(1.486301864582,-4.154042727101,
    26.273049161295));
#5169 = CARTESIAN_POINT('',(3.101743761678,-2.700071979991,
    26.37265597221));
#5170 = CARTESIAN_POINT('',(3.643827044955,-0.847725640939,
    26.472265813513));
#5171 = CARTESIAN_POINT('',(2.861814238777,2.409591886487,
    26.671484573037));
#5172 = CARTESIAN_POINT('',(1.537866445753,3.813943162506,
    26.771094414336));
#5173 = CARTESIAN_POINT('',(-0.561589033238,4.376049568471,
    26.870701225288));
#5174 = CARTESIAN_POINT('',(-2.821361608791,3.578865221207,
    26.970316902429));
#5175 = CARTESIAN_POINT('',(-4.124025485892,1.567647355711,
    27.069917301199));
#5176 = CARTESIAN_POINT('',(-4.067577951193,-0.605029725756,
    27.16953455425));
#5177 = CARTESIAN_POINT('',(-3.011090462833,-2.220233733058,
    27.269139813947));
#5178 = CARTESIAN_POINT('',(-2.633316334234E-02,-3.741045737811,
    27.468360572588));
#5179 = CARTESIAN_POINT('',(1.901385424979,-3.646361820625,
    27.567965832359));
#5180 = CARTESIAN_POINT('',(3.692291239889,-2.414975106287,
    27.667583085271));
#5181 = CARTESIAN_POINT('',(4.553720493016,-0.17891781939,
    27.767183484182));
#5182 = CARTESIAN_POINT('',(3.870390730853,2.117838474015,27.86679916124
    ));
#5183 = CARTESIAN_POINT('',(2.181609987351,3.485940464692,
    27.966405972215));
#5184 = CARTESIAN_POINT('',(0.2672685971,3.731578994586,28.066015813516)
  );
#5185 = CARTESIAN_POINT('',(-2.82761219136,2.449637338862,
    28.265234573037));
#5186 = CARTESIAN_POINT('',(-4.007562508041,0.922300599547,
    28.364844414343));
#5187 = CARTESIAN_POINT('',(-4.234321256695,-1.239239913586,
    28.46445122524));
#5188 = CARTESIAN_POINT('',(-3.093445257505,-3.346483831908,
    28.564066902538));
#5189 = CARTESIAN_POINT('',(-0.903207294807,-4.318485964217,
    28.663667301063));
#5190 = CARTESIAN_POINT('',(1.233890186718,-3.922851815368,
    28.763284554351));
#5191 = CARTESIAN_POINT('',(2.663937297256,-2.626697866318,
    28.862889813908));
#5192 = CARTESIAN_POINT('',(3.699106671206,0.559219530274,
    29.062110572621));
#5193 = CARTESIAN_POINT('',(3.304026844003,2.448392876013,
    29.161715832281));
#5194 = CARTESIAN_POINT('',(1.80764115045,4.024618346507,29.261333085372
    ));
#5195 = CARTESIAN_POINT('',(-0.535643785147,4.525645550688,
    29.360933484104));
#5196 = CARTESIAN_POINT('',(-2.697226871524,3.491436869666,
    29.460549161273));
#5197 = CARTESIAN_POINT('',(-3.784301744279,1.609429516479,
    29.560155972211));
#5198 = CARTESIAN_POINT('',(-3.727447084973,-0.319769486609,
    29.659765813515));
#5199 = CARTESIAN_POINT('',(-1.977142237784,-3.176007299781,
    29.858984573036));
#5200 = CARTESIAN_POINT('',(-0.284024651632,-4.102502364296,
    29.958594414339));
#5201 = CARTESIAN_POINT('',(1.886376594433,-3.988329902614,
    30.05820122527));
#5202 = CARTESIAN_POINT('',(3.78920451678,-2.531854405146,
    30.157816902468));
#5203 = CARTESIAN_POINT('',(4.406610985843,-0.216527272566,
    30.257417301151));
#5204 = CARTESIAN_POINT('',(3.681532048651,1.832368176125,
    30.357034554288));
#5205 = CARTESIAN_POINT('',(2.177627250834,3.042045884126,
    30.456639813928));
#5206 = CARTESIAN_POINT('',(-1.131002383122,3.566083321709,
    30.65586057262));
#5207 = CARTESIAN_POINT('',(-2.935112768655,2.880335761061,
    30.755465832271));
#5208 = CARTESIAN_POINT('',(-4.257845992541,1.155797070262,
    30.855083085389));
#5209 = CARTESIAN_POINT('',(-4.386134195105,-1.237016061993,
    30.95468348409));
#5210 = CARTESIAN_POINT('',(-3.02651224535,-3.21020059187,
    31.054299161279));
#5211 = CARTESIAN_POINT('',(-0.99761954952,-3.989480955548,
    31.153905972211));
#5212 = CARTESIAN_POINT('',(0.898933784305,-3.63153305744,
    31.253515813514));
#5213 = CARTESIAN_POINT('',(3.446198567915,-1.455963333052,
    31.452734573036));
#5214 = CARTESIAN_POINT('',(4.096424996912,0.361244925827,
    31.552344414339));
#5215 = CARTESIAN_POINT('',(3.644132629851,2.48706442301,31.651951225274
    ));
#5216 = CARTESIAN_POINT('',(1.907920894526,4.138622410788,
    31.751566902458));
#5217 = CARTESIAN_POINT('',(-0.475484369669,4.386230620301,
    31.851167301161));
#5218 = CARTESIAN_POINT('',(-2.385727179797,3.349560744593,
    31.950784554283));
#5219 = CARTESIAN_POINT('',(-3.345249205349,1.674936225299,
    32.050389813925));
#5220 = CARTESIAN_POINT('',(-3.345251165688,-1.674936203714,
    32.249610572635));
#5221 = CARTESIAN_POINT('',(-2.385721252378,-3.349560443867,
    32.349215832221));
#5222 = CARTESIAN_POINT('',(-0.475493430356,-4.386231339231,
    32.448833085458));
#5223 = CARTESIAN_POINT('',(1.907928897988,-4.13862165892,
    32.548433484035));
#5224 = CARTESIAN_POINT('',(3.644128519595,-2.487064845123,
    32.648049161302));
#5225 = CARTESIAN_POINT('',(4.096425905362,-0.361244878345,
    32.747655972208));
#5226 = CARTESIAN_POINT('',(3.446198633666,1.455963348841,
    32.847265813513));
#5227 = CARTESIAN_POINT('',(0.898933778994,3.631532990031,
    33.046484573035));
#5228 = CARTESIAN_POINT('',(-0.997619454311,3.989480050853,
    33.146094414336));
#5229 = CARTESIAN_POINT('',(-3.026512471385,3.210204717537,33.2457012253
    ));
#5230 = CARTESIAN_POINT('',(-4.38613368577,1.237008039505,
    33.345316902397));
#5231 = CARTESIAN_POINT('',(-4.257846699793,-1.155788008737,
    33.44491730124));
#5232 = CARTESIAN_POINT('',(-2.935112138466,-2.880341662489,
    33.544534554221));
#5233 = CARTESIAN_POINT('',(-1.1310027111,-3.566081388905,
    33.644139813954));
#5234 = CARTESIAN_POINT('',(2.17762753618,-3.042047823685,
    33.843360572598));
#5235 = CARTESIAN_POINT('',(3.681530824352,-1.832362368789,
    33.942965832325));
#5236 = CARTESIAN_POINT('',(4.406613113372,0.216518435986,
    34.042583085317));
#5237 = CARTESIAN_POINT('',(3.789202522104,2.53186219238,34.142183484148
    ));
#5238 = CARTESIAN_POINT('',(1.886377654361,3.988325909025,
    34.241799161253));
#5239 = CARTESIAN_POINT('',(-0.284024840648,4.102503254131,
    34.341405972215));
#5240 = CARTESIAN_POINT('',(-1.977142263665,3.17600736225,
    34.441015813515));
#5241 = CARTESIAN_POINT('',(-3.72744701756,0.31976949191,34.640234573038
    ));
#5242 = CARTESIAN_POINT('',(-3.784300865622,-1.60942928091,
    34.739844414341));
#5243 = CARTESIAN_POINT('',(-2.697230911041,-3.491437738352,
    34.839451225245));
#5244 = CARTESIAN_POINT('',(-0.535635941078,-4.525643792553,
    34.939066902528));
#5245 = CARTESIAN_POINT('',(1.807632311078,-4.024620462668,
    35.038667301073));
#5246 = CARTESIAN_POINT('',(3.304032574234,-2.448391330349,
    35.138284554344));
#5247 = CARTESIAN_POINT('',(3.699104813484,-0.559220156579,
    35.237889813913));
#5248 = CARTESIAN_POINT('',(2.663939168314,2.626698451569,
    35.437110572614));
#5249 = CARTESIAN_POINT('',(1.233884642357,3.922849697682,
    35.536715832307));
#5250 = CARTESIAN_POINT('',(-0.903198899776,4.318489447876,
    35.636333085333));
#5251 = CARTESIAN_POINT('',(-3.093452636881,3.346480643625,
    35.735933484137));
#5252 = CARTESIAN_POINT('',(-4.234317478063,1.239241585181,
    35.835549161257));
#5253 = CARTESIAN_POINT('',(-4.007563357353,-0.922300925431,
    35.935155972214));
#5254 = CARTESIAN_POINT('',(-2.827612249013,-2.449637374198,
    36.034765813514));
#5255 = CARTESIAN_POINT('',(0.26726858132,-3.731578928833,
    36.233984573039));
#5256 = CARTESIAN_POINT('',(2.181609617231,-3.485939633699,
    36.333594414341));
#5257 = CARTESIAN_POINT('',(3.870392220751,-2.117842327915,
    36.433201225239));
#5258 = CARTESIAN_POINT('',(4.553717529475,0.17892529186,36.532816902546
    ));
#5259 = CARTESIAN_POINT('',(3.692294712741,2.414966706782,
    36.632417301049));
#5260 = CARTESIAN_POINT('',(1.901383001965,3.646367238506,
    36.732034554363));
#5261 = CARTESIAN_POINT('',(-2.633225414362E-02,3.741044000945,
    36.831639813905));
#5262 = CARTESIAN_POINT('',(-3.01109133357,2.220235489512,37.03086057262
    ));
#5263 = CARTESIAN_POINT('',(-4.067574992256,0.605024580987,
    37.130465832289));
#5264 = CARTESIAN_POINT('',(-4.124030239936,-1.567639609079,
    37.230083085358));
#5265 = CARTESIAN_POINT('',(-2.821357305363,-3.578872010907,
    37.329683484116));
#5266 = CARTESIAN_POINT('',(-0.56159127537,-4.376046097883,
    37.429299161267));
#5267 = CARTESIAN_POINT('',(1.53786690049,-3.81394395038,37.528905972213
    ));
#5268 = CARTESIAN_POINT('',(2.861814282697,-2.4095919379,37.628515813514
    ));
#5269 = CARTESIAN_POINT('',(3.643826982479,0.847725615065,
    37.827734573037));
#5270 = CARTESIAN_POINT('',(3.101742998821,2.700071484431,37.92734441434
    ));
#5271 = CARTESIAN_POINT('',(1.486305437954,4.154044801561,
    38.026951225258));
#5272 = CARTESIAN_POINT('',(-0.889080790272,4.469663627937,
    38.126566902498));
#5273 = CARTESIAN_POINT('',(-2.962836607383,3.269052412921,
    38.226167301112));
#5274 = CARTESIAN_POINT('',(-3.898916239737,1.30755631377,
    38.325784554314));
#5275 = CARTESIAN_POINT('',(-3.690866269305,-0.611236277385,
    38.425389813924));
#5276 = CARTESIAN_POINT('',(-1.721862244405,-3.321341153696,
    38.624610572604));
#5277 = CARTESIAN_POINT('',(3.873319348935E-02,-4.112143091009,
    38.724215832326));
#5278 = CARTESIAN_POINT('',(2.193479828566,-3.828023720634,
    38.823833085311));
#5279 = CARTESIAN_POINT('',(3.976167678384,-2.226762786672,
    38.923433484151));
#5280 = CARTESIAN_POINT('',(4.410021939529,0.129887275441,
    39.023049161254));
#5281 = CARTESIAN_POINT('',(3.526412585592,2.115565488576,
    39.122655972212));
#5282 = CARTESIAN_POINT('',(1.932239476297,3.203523825738,
    39.222265813516));
#5283 = CARTESIAN_POINT('',(-1.407308830726,3.466351922647,
    39.421484573037));
#5284 = CARTESIAN_POINT('',(-3.152048630659,2.641171157223,
    39.521094414344));
#5285 = CARTESIAN_POINT('',(-4.335411012889,0.818170775339,
    39.620701225244));
#5286 = CARTESIAN_POINT('',(-4.275551773881,-1.577344168936,
    39.720316902524));
#5287 = CARTESIAN_POINT('',(-2.765315193373,-3.437751637612,
    39.819917301082));
#5288 = CARTESIAN_POINT('',(-0.681533249572,-4.055460983398,
    39.919534554335));
#5289 = CARTESIAN_POINT('',(1.181089634892,-3.54980716082,
    40.019139813916));
#5290 = CARTESIAN_POINT('',(3.549808531723,-1.181091036319,
    40.218360572612));
#5291 = CARTESIAN_POINT('',(4.055456579444,0.681537228226,
    40.317965832307));
#5292 = CARTESIAN_POINT('',(3.437758552834,2.765309294887,
    40.417583085337));
#5293 = CARTESIAN_POINT('',(1.577337977991,4.275556901508,
    40.517183484131));
#5294 = CARTESIAN_POINT('',(-0.818167570473,4.335408404987,
    40.616799161262));
#5295 = CARTESIAN_POINT('',(-2.641171833169,3.152049239454,
    40.716405972212));
#5296 = CARTESIAN_POINT('',(-3.466351980305,1.407308866054,
    40.816015813515));
#5297 = CARTESIAN_POINT('',(-3.203523774317,-1.932239432386,
    41.015234573037));
#5298 = CARTESIAN_POINT('',(-2.115564916188,-3.526411878551,
    41.114844414341));
#5299 = CARTESIAN_POINT('',(-0.129890032887,-4.410025016663,
    41.214451225252));
#5300 = CARTESIAN_POINT('',(2.226768099261,-3.976161645434,
    41.314066902511));
#5301 = CARTESIAN_POINT('',(3.828017813277,-2.193486736183,
    41.413667301092));
#5302 = CARTESIAN_POINT('',(4.112146818341,-3.87285749023E-02,
    41.513284554338));
#5303 = CARTESIAN_POINT('',(3.321340018903,1.721860645772,
    41.612889813899));
#5304 = CARTESIAN_POINT('',(0.611237447121,3.690867842583,
    41.812110572675));
#5305 = CARTESIAN_POINT('',(-1.307559554599,3.898911267562,
    41.911715832114));
#5306 = CARTESIAN_POINT('',(-3.269047668689,2.962844360226,42.0113330856
    ));
#5307 = CARTESIAN_POINT('',(-4.469667724087,0.889073873406,
    42.110933483924));
#5308 = CARTESIAN_POINT('',(-4.154042727061,-1.486301864592,
    42.210549161348));
#5309 = CARTESIAN_POINT('',(-2.700071979995,-3.10174376167,
    42.310155972204));
#5310 = CARTESIAN_POINT('',(-0.847725640943,-3.643827044957,
    42.409765813511));
#5311 = CARTESIAN_POINT('',(2.409591886491,-2.861814238778,
    42.608984573035));
#5312 = CARTESIAN_POINT('',(3.813943162505,-1.537866445745,
    42.708594414331));
#5313 = CARTESIAN_POINT('',(4.376049568445,0.561589033215,
    42.808201225331));
#5314 = CARTESIAN_POINT('',(3.578865221271,2.82136160882,42.907816902326
    ));
#5315 = CARTESIAN_POINT('',(1.567647355634,4.124025485876,
    43.007417301325));
#5316 = CARTESIAN_POINT('',(-0.605029725708,4.067577951189,
    43.107034554166));
#5317 = CARTESIAN_POINT('',(-2.220233733066,3.011090462841,
    43.206639813962));
#5318 = CARTESIAN_POINT('',(-3.741045737831,2.633316335371E-02,
    43.405860572633));
#5319 = CARTESIAN_POINT('',(-3.64636182058,-1.901385425048,
    43.505465832202));
#5320 = CARTESIAN_POINT('',(-2.414975106327,-3.692291239769,
    43.605083085489));
#5321 = CARTESIAN_POINT('',(-0.178917819376,-4.553720493125,
    43.704683484012));
#5322 = CARTESIAN_POINT('',(2.117838474023,-3.870390730803,
    43.804299161309));
#5323 = CARTESIAN_POINT('',(3.48594046468,-2.181609987356,
    43.903905972209));
#5324 = CARTESIAN_POINT('',(3.731578994589,-0.267268597104,
    44.003515813512));
#5325 = CARTESIAN_POINT('',(2.449637338862,2.827612191365,
    44.202734573036));
#5326 = CARTESIAN_POINT('',(0.922300599541,4.007562508042,
    44.302344414334));
#5327 = CARTESIAN_POINT('',(-1.239239913565,4.234321256656,
    44.401951225298));
#5328 = CARTESIAN_POINT('',(-3.346483831938,3.0934452576,44.501566902406
    ));
#5329 = CARTESIAN_POINT('',(-4.318485964198,0.903207294695,
    44.601167301223));
#5330 = CARTESIAN_POINT('',(-3.922851815368,-1.233890186646,
    44.700784554245));
#5331 = CARTESIAN_POINT('',(-2.626697866323,-2.663937297269,
    44.800389813929));
#5332 = CARTESIAN_POINT('',(0.559219530263,-3.699106671228,
    44.999610572666));
#5333 = CARTESIAN_POINT('',(2.448392876082,-3.304026843939,
    45.09921583212));
#5334 = CARTESIAN_POINT('',(4.024618346382,-1.807641150525,45.1988330856
    ));
#5335 = CARTESIAN_POINT('',(4.525645550807,0.535643785193,
    45.298433483922));
#5336 = CARTESIAN_POINT('',(3.491436869608,2.697226871517,
    45.398049161348));
#5337 = CARTESIAN_POINT('',(1.609429516488,3.78430174427,45.497655972204
    ));
#5338 = CARTESIAN_POINT('',(-0.319769486605,3.727447084977,
    45.597265813511));
#5339 = CARTESIAN_POINT('',(-3.176007299786,1.977142237782,
    45.796484573034));
#5340 = CARTESIAN_POINT('',(-4.102502364293,0.284024651621,
    45.89609441433));
#5341 = CARTESIAN_POINT('',(-3.988329902581,-1.886376594391,
    45.995701225345));
#5342 = CARTESIAN_POINT('',(-2.531854405239,-3.789204516853,
    46.095316902291));
#5343 = CARTESIAN_POINT('',(-0.216527272441,-4.406610985775,
    46.194917301375));
#5344 = CARTESIAN_POINT('',(1.832368176029,-3.681532048679,
    46.29453455412));
#5345 = CARTESIAN_POINT('',(3.042045884165,-2.177627250836,
    46.394139813995));
#5346 = CARTESIAN_POINT('',(3.566083321676,1.131002383134,
    46.593360572556));
#5347 = CARTESIAN_POINT('',(2.880335761129,2.935112768598,
    46.692965832423));
#5348 = CARTESIAN_POINT('',(1.155797070185,4.257845992641,46.79258308519
    ));
#5349 = CARTESIAN_POINT('',(-1.237016061942,4.386134195011,
    46.892183484244));
#5350 = CARTESIAN_POINT('',(-3.210200591883,3.026512245398,
    46.991799161214));
#5351 = CARTESIAN_POINT('',(-3.989480955554,0.997619549511,
    47.091405972218));
#5352 = CARTESIAN_POINT('',(-3.631533057436,-0.898933784308,
    47.191015813516));
#5353 = CARTESIAN_POINT('',(-1.455963333053,-3.446198567911,
    47.390234573039));
#5354 = CARTESIAN_POINT('',(0.361244925817,-4.096424996919,
    47.489844414345));
#5355 = CARTESIAN_POINT('',(2.487064423054,-3.644132629863,
    47.589451225214));
#5356 = CARTESIAN_POINT('',(4.138622410708,-1.907920894474,
    47.689066902602));
#5357 = CARTESIAN_POINT('',(4.386230620379,0.475484369591,
    47.788667300977));
#5358 = CARTESIAN_POINT('',(3.349560744556,2.385727179862,47.88828455442
    ));
#5359 = CARTESIAN_POINT('',(1.674936225301,3.345249205322,
    47.987889813877));
#5360 = CARTESIAN_POINT('',(-1.674936203711,3.3452511657,48.187110572661
    ));
#5361 = CARTESIAN_POINT('',(-3.349560443882,2.385721252361,
    48.286715832177));
#5362 = CARTESIAN_POINT('',(-4.386231339205,0.475493430372,
    48.386333085511));
#5363 = CARTESIAN_POINT('',(-4.138621658945,-1.907928897994,
    48.485933483993));
#5364 = CARTESIAN_POINT('',(-2.487064845109,-3.644128519597,
    48.585549161323));
#5365 = CARTESIAN_POINT('',(-0.361244878349,-4.096425905355,
    48.685155972201));
#5366 = CARTESIAN_POINT('',(1.455963348842,-3.446198633671,
    48.784765813517));
#5367 = CARTESIAN_POINT('',(3.631532990029,-0.898933778986,
    48.983984573027));
#5368 = CARTESIAN_POINT('',(3.989480050864,0.997619454267,49.08359441438
    ));
#5369 = CARTESIAN_POINT('',(3.210204717509,3.026512471492,49.18320122519
    ));
#5370 = CARTESIAN_POINT('',(1.237008039552,4.386133685588,
    49.282816902585));
#5371 = CARTESIAN_POINT('',(-1.155788008795,4.257846700022,
    49.382417300999));
#5372 = CARTESIAN_POINT('',(-2.880341662436,2.935112138242,
    49.482034554462));
#5373 = CARTESIAN_POINT('',(-3.566081388943,1.131002711269,
    49.581639813766));
#5374 = CARTESIAN_POINT('',(-3.04204782361,-2.17762753654,
    49.780860573012));
#5375 = CARTESIAN_POINT('',(-1.832362369217,-3.681530822521,
    49.880465830268));
#5376 = CARTESIAN_POINT('',(0.216518437104,-4.406613117869,
    49.980083090252));
#5377 = CARTESIAN_POINT('',(2.531862190417,-3.789202514499,
    50.079683475962));
#5378 = CARTESIAN_POINT('',(3.988325911568,-1.886377664018,
    50.179299171511));
#5379 = CARTESIAN_POINT('',(4.102503251613,0.284024850131,
    50.278905962207));
#5380 = CARTESIAN_POINT('',(3.176007364173,1.977142256428,
    50.378515821139));
#5381 = CARTESIAN_POINT('',(0.31976948775,3.727447033237,50.577734556517
    ));
#5382 = CARTESIAN_POINT('',(-1.609429259572,3.784300785154,
    50.677344499137));
#5383 = CARTESIAN_POINT('',(-3.491437790698,2.697231108505,
    50.77695101718));
#5384 = CARTESIAN_POINT('',(-4.525643704364,0.535635608386,
    50.87656725307));
#5385 = CARTESIAN_POINT('',(-4.024620574253,-1.807631890198,
    50.976166857603));
#5386 = CARTESIAN_POINT('',(-2.448391220974,-3.304032986647,
    51.075784988924));
#5387 = CARTESIAN_POINT('',(-0.559220239998,-3.69910449903,
    51.175389482525));
#5388 = CARTESIAN_POINT('',(1.033739196144,-3.181522174275,
    51.27500038653));
#5389 = PCURVE('',#3978,#5390);
#5390 = DEFINITIONAL_REPRESENTATION('',(#5391),#5395);
#5391 = LINE('',#5392,#5393);
#5392 = CARTESIAN_POINT('',(0.728868986856,0.));
#5393 = VECTOR('',#5394,1.);
#5394 = DIRECTION('',(0.,1.));
#5395 = ( GEOMETRIC_REPRESENTATION_CONTEXT(2) 
PARAMETRIC_REPRESENTATION_CONTEXT() REPRESENTATION_CONTEXT('2D SPACE',''
  ) );
#5396 = PCURVE('',#2582,#5397);
#5397 = DEFINITIONAL_REPRESENTATION('',(#5398),#5401);
#5398 = B_SPLINE_CURVE_WITH_KNOTS('',1,(#5399,#5400),.UNSPECIFIED.,.F.,
  .F.,(2,2),(0.,261.37779760514),.PIECEWISE_BEZIER_KNOTS.);
#5399 = CARTESIAN_POINT('',(0.,0.));
#5400 = CARTESIAN_POINT('',(0.,261.37779760514));
#5401 = ( GEOMETRIC_REPRESENTATION_CONTEXT(2) 
PARAMETRIC_REPRESENTATION_CONTEXT() REPRESENTATION_CONTEXT('2D SPACE',''
  ) );
#5402 = ORIENTED_EDGE('',*,*,#5403,.F.);
#5403 = EDGE_CURVE('',#3516,#4935,#5404,.T.);
#5404 = SURFACE_CURVE('',#5405,(#5408,#5415),.PCURVE_S1.);
#5405 = B_SPLINE_CURVE_WITH_KNOTS('',1,(#5406,#5407),.UNSPECIFIED.,.F.,
  .F.,(2,2),(0.,0.728868986856),.PIECEWISE_BEZIER_KNOTS.);
#5406 = CARTESIAN_POINT('',(1.242325599467,-3.823484950592,
    50.99999946622));
#5407 = CARTESIAN_POINT('',(1.033739196144,-3.181522174275,
    51.27500038653));
#5408 = PCURVE('',#3978,#5409);
#5409 = DEFINITIONAL_REPRESENTATION('',(#5410),#5414);
#5410 = LINE('',#5411,#5412);
#5411 = CARTESIAN_POINT('',(0.,261.37779760514));
#5412 = VECTOR('',#5413,1.);
#5413 = DIRECTION('',(1.,0.));
#5414 = ( GEOMETRIC_REPRESENTATION_CONTEXT(2) 
PARAMETRIC_REPRESENTATION_CONTEXT() REPRESENTATION_CONTEXT('2D SPACE',''
  ) );
#5415 = PCURVE('',#4898,#5416);
#5416 = DEFINITIONAL_REPRESENTATION('',(#5417),#5420);
#5417 = B_SPLINE_CURVE_WITH_KNOTS('',1,(#5418,#5419),.UNSPECIFIED.,.F.,
  .F.,(2,2),(0.,0.728868986856),.PIECEWISE_BEZIER_KNOTS.);
#5418 = CARTESIAN_POINT('',(0.429954793618,-5.862104188736E-07));
#5419 = CARTESIAN_POINT('',(-0.24504483144,0.2750003341));
#5420 = ( GEOMETRIC_REPRESENTATION_CONTEXT(2) 
PARAMETRIC_REPRESENTATION_CONTEXT() REPRESENTATION_CONTEXT('2D SPACE',''
  ) );
#5421 = ADVANCED_FACE('',(#5422),#2582,.F.);
#5422 = FACE_BOUND('',#5423,.F.);
#5423 = EDGE_LOOP('',(#5424,#5425,#5444,#5445));
#5424 = ORIENTED_EDGE('',*,*,#4934,.F.);
#5425 = ORIENTED_EDGE('',*,*,#5426,.T.);
#5426 = EDGE_CURVE('',#4914,#1217,#5427,.T.);
#5427 = SURFACE_CURVE('',#5428,(#5431,#5438),.PCURVE_S1.);
#5428 = B_SPLINE_CURVE_WITH_KNOTS('',1,(#5429,#5430),.UNSPECIFIED.,.F.,
  .F.,(2,2),(0.,0.55),.PIECEWISE_BEZIER_KNOTS.);
#5429 = CARTESIAN_POINT('',(3.34525,8.881784197001E-16,0.275));
#5430 = CARTESIAN_POINT('',(3.34525,-4.440892098501E-16,-0.275));
#5431 = PCURVE('',#2582,#5432);
#5432 = DEFINITIONAL_REPRESENTATION('',(#5433),#5437);
#5433 = LINE('',#5434,#5435);
#5434 = CARTESIAN_POINT('',(0.,0.));
#5435 = VECTOR('',#5436,1.);
#5436 = DIRECTION('',(1.,0.));
#5437 = ( GEOMETRIC_REPRESENTATION_CONTEXT(2) 
PARAMETRIC_REPRESENTATION_CONTEXT() REPRESENTATION_CONTEXT('2D SPACE',''
  ) );
#5438 = PCURVE('',#3504,#5439);
#5439 = DEFINITIONAL_REPRESENTATION('',(#5440),#5443);
#5440 = B_SPLINE_CURVE_WITH_KNOTS('',1,(#5441,#5442),.UNSPECIFIED.,.F.,
  .F.,(2,2),(0.,0.55),.PIECEWISE_BEZIER_KNOTS.);
#5441 = CARTESIAN_POINT('',(-0.275,-0.245045206381));
#5442 = CARTESIAN_POINT('',(0.275,-0.245045206381));
#5443 = ( GEOMETRIC_REPRESENTATION_CONTEXT(2) 
PARAMETRIC_REPRESENTATION_CONTEXT() REPRESENTATION_CONTEXT('2D SPACE',''
  ) );
#5444 = ORIENTED_EDGE('',*,*,#1216,.T.);
#5445 = ORIENTED_EDGE('',*,*,#5446,.F.);
#5446 = EDGE_CURVE('',#4935,#1219,#5447,.T.);
#5447 = SURFACE_CURVE('',#5448,(#5451,#5458),.PCURVE_S1.);
#5448 = B_SPLINE_CURVE_WITH_KNOTS('',1,(#5449,#5450),.UNSPECIFIED.,.F.,
  .F.,(2,2),(0.,0.55),.PIECEWISE_BEZIER_KNOTS.);
#5449 = CARTESIAN_POINT('',(1.033739196144,-3.181522174275,
    51.27500038653));
#5450 = CARTESIAN_POINT('',(1.033738964414,-3.181521461095,
    50.725000386531));
#5451 = PCURVE('',#2582,#5452);
#5452 = DEFINITIONAL_REPRESENTATION('',(#5453),#5457);
#5453 = LINE('',#5454,#5455);
#5454 = CARTESIAN_POINT('',(0.,261.37779760514));
#5455 = VECTOR('',#5456,1.);
#5456 = DIRECTION('',(1.,0.));
#5457 = ( GEOMETRIC_REPRESENTATION_CONTEXT(2) 
PARAMETRIC_REPRESENTATION_CONTEXT() REPRESENTATION_CONTEXT('2D SPACE',''
  ) );
#5458 = PCURVE('',#4898,#5459);
#5459 = DEFINITIONAL_REPRESENTATION('',(#5460),#5463);
#5460 = B_SPLINE_CURVE_WITH_KNOTS('',1,(#5461,#5462),.UNSPECIFIED.,.F.,
  .F.,(2,2),(0.,0.55),.PIECEWISE_BEZIER_KNOTS.);
#5461 = CARTESIAN_POINT('',(-0.24504483144,0.2750003341));
#5462 = CARTESIAN_POINT('',(-0.245045581322,-0.274999665899));
#5463 = ( GEOMETRIC_REPRESENTATION_CONTEXT(2) 
PARAMETRIC_REPRESENTATION_CONTEXT() REPRESENTATION_CONTEXT('2D SPACE',''
  ) );
#5464 = ADVANCED_FACE('',(#5465),#3504,.T.);
#5465 = FACE_BOUND('',#5466,.T.);
#5466 = EDGE_LOOP('',(#5467,#5468,#5469));
#5467 = ORIENTED_EDGE('',*,*,#3489,.T.);
#5468 = ORIENTED_EDGE('',*,*,#4913,.T.);
#5469 = ORIENTED_EDGE('',*,*,#5426,.T.);
#5470 = ADVANCED_FACE('',(#5471),#4898,.F.);
#5471 = FACE_BOUND('',#5472,.F.);
#5472 = EDGE_LOOP('',(#5473,#5474,#5475));
#5473 = ORIENTED_EDGE('',*,*,#4885,.T.);
#5474 = ORIENTED_EDGE('',*,*,#5403,.T.);
#5475 = ORIENTED_EDGE('',*,*,#5446,.T.);
#5476 = ( GEOMETRIC_REPRESENTATION_CONTEXT(3) 
GLOBAL_UNCERTAINTY_ASSIGNED_CONTEXT((#5480)) 
GLOBAL_UNIT_ASSIGNED_CONTEXT((#5477,#5478,#5479)) REPRESENTATION_CONTEXT
('Context #1','3D Context with UNIT and UNCERTAINTY') );
#5477 = ( LENGTH_UNIT() NAMED_UNIT(*) SI_UNIT(.MILLI.,.METRE.) );
#5478 = ( NAMED_UNIT(*) PLANE_ANGLE_UNIT() SI_UNIT($,.RADIAN.) );
#5479 = ( NAMED_UNIT(*) SI_UNIT($,.STERADIAN.) SOLID_ANGLE_UNIT() );
#5480 = UNCERTAINTY_MEASURE_WITH_UNIT(LENGTH_MEASURE(5.E-05),#5477,
  'distance_accuracy_value','confusion accuracy');
#5481 = CONTEXT_DEPENDENT_SHAPE_REPRESENTATION(#5482,#5484);
#5482 = ( REPRESENTATION_RELATIONSHIP('','',#1209,#10) 
REPRESENTATION_RELATIONSHIP_WITH_TRANSFORMATION(#5483) 
SHAPE_REPRESENTATION_RELATIONSHIP() );
#5483 = ITEM_DEFINED_TRANSFORMATION('','',#11,#19);
#5484 = PRODUCT_DEFINITION_SHAPE('Placement','Placement of an item',
  #5485);
#5485 = NEXT_ASSEMBLY_USAGE_OCCURRENCE('8','','',#5,#1204,$);
#5486 = PRODUCT_RELATED_PRODUCT_CATEGORY('part',$,(#1206));
ENDSEC;
END-ISO-10303-21;
