ISO-10303-21;
HEADER;
FILE_DESCRIPTION(('Open CASCADE Model'),'2;1');
FILE_NAME('Open CASCADE Shape Model','2026-08-17T03:10:09',('Author'),(
    'Open CASCADE'),'Open CASCADE STEP processor 7.9','Open CASCADE 7.9'
  ,'Unknown');
FILE_SCHEMA(('AUTOMOTIVE_DESIGN { 1 0 10303 214 1 1 1 1 }'));
ENDSEC;
DATA;
#1 = APPLICATION_PROTOCOL_DEFINITION('international standard',
  'automotive_design',2000,#2);
#2 = APPLICATION_CONTEXT(
  'core data for automotive mechanical design processes');
#3 = SHAPE_DEFINITION_REPRESENTATION(#4,#10);
#4 = PRODUCT_DEFINITION_SHAPE('','',#5);
#5 = PRODUCT_DEFINITION('design','',#6,#9);
#6 = PRODUCT_DEFINITION_FORMATION('','',#7);
#7 = PRODUCT('Open CASCADE STEP translator 7.9 11',
  'Open CASCADE STEP translator 7.9 11','',(#8));
#8 = PRODUCT_CONTEXT('',#2,'mechanical');
#9 = PRODUCT_DEFINITION_CONTEXT('part definition',#2,'design');
#10 = SHAPE_REPRESENTATION('',(#11,#15,#19,#23),#27);
#11 = AXIS2_PLACEMENT_3D('',#12,#13,#14);
#12 = CARTESIAN_POINT('',(0.,0.,0.));
#13 = DIRECTION('',(0.,0.,1.));
#14 = DIRECTION('',(1.,0.,-0.));
#15 = AXIS2_PLACEMENT_3D('',#16,#17,#18);
#16 = CARTESIAN_POINT('',(0.,0.,0.));
#17 = DIRECTION('',(0.,0.,1.));
#18 = DIRECTION('',(1.,0.,-0.));
#19 = AXIS2_PLACEMENT_3D('',#20,#21,#22);
#20 = CARTESIAN_POINT('',(0.,0.,0.));
#21 = DIRECTION('',(0.,0.,1.));
#22 = DIRECTION('',(1.,0.,-0.));
#23 = AXIS2_PLACEMENT_3D('',#24,#25,#26);
#24 = CARTESIAN_POINT('',(0.,0.,0.));
#25 = DIRECTION('',(0.,0.,1.));
#26 = DIRECTION('',(1.,0.,-0.));
#27 = ( GEOMETRIC_REPRESENTATION_CONTEXT(3) 
GLOBAL_UNCERTAINTY_ASSIGNED_CONTEXT((#31)) GLOBAL_UNIT_ASSIGNED_CONTEXT(
(#28,#29,#30)) REPRESENTATION_CONTEXT('Context #1',
  '3D Context with UNIT and UNCERTAINTY') );
#28 = ( LENGTH_UNIT() NAMED_UNIT(*) SI_UNIT(.MILLI.,.METRE.) );
#29 = ( NAMED_UNIT(*) PLANE_ANGLE_UNIT() SI_UNIT($,.RADIAN.) );
#30 = ( NAMED_UNIT(*) SI_UNIT($,.STERADIAN.) SOLID_ANGLE_UNIT() );
#31 = UNCERTAINTY_MEASURE_WITH_UNIT(LENGTH_MEASURE(5.E-05),#28,
  'distance_accuracy_value','confusion accuracy');
#32 = PRODUCT_RELATED_PRODUCT_CATEGORY('part',$,(#7));
#33 = SHAPE_DEFINITION_REPRESENTATION(#34,#40);
#34 = PRODUCT_DEFINITION_SHAPE('','',#35);
#35 = PRODUCT_DEFINITION('design','',#36,#39);
#36 = PRODUCT_DEFINITION_FORMATION('','',#37);
#37 = PRODUCT('Open CASCADE STEP translator 7.9 11.1',
  'Open CASCADE STEP translator 7.9 11.1','',(#38));
#38 = PRODUCT_CONTEXT('',#2,'mechanical');
#39 = PRODUCT_DEFINITION_CONTEXT('part definition',#2,'design');
#40 = ADVANCED_BREP_SHAPE_REPRESENTATION('',(#11,#41),#139);
#41 = MANIFOLD_SOLID_BREP('',#42);
#42 = CLOSED_SHELL('',(#43,#131,#135));
#43 = ADVANCED_FACE('',(#44),#58,.T.);
#44 = FACE_BOUND('',#45,.F.);
#45 = EDGE_LOOP('',(#46,#76,#103,#104));
#46 = ORIENTED_EDGE('',*,*,#47,.T.);
#47 = EDGE_CURVE('',#48,#50,#52,.T.);
#48 = VERTEX_POINT('',#49);
#49 = CARTESIAN_POINT('',(2.46,0.,0.));
#50 = VERTEX_POINT('',#51);
#51 = CARTESIAN_POINT('',(2.46,0.,46.));
#52 = SEAM_CURVE('',#53,(#57,#69),.PCURVE_S1.);
#53 = LINE('',#54,#55);
#54 = CARTESIAN_POINT('',(2.46,0.,0.));
#55 = VECTOR('',#56,1.);
#56 = DIRECTION('',(0.,0.,1.));
#57 = PCURVE('',#58,#63);
#58 = CYLINDRICAL_SURFACE('',#59,2.46);
#59 = AXIS2_PLACEMENT_3D('',#60,#61,#62);
#60 = CARTESIAN_POINT('',(0.,0.,0.));
#61 = DIRECTION('',(-0.,-0.,-1.));
#62 = DIRECTION('',(1.,0.,0.));
#63 = DEFINITIONAL_REPRESENTATION('',(#64),#68);
#64 = LINE('',#65,#66);
#65 = CARTESIAN_POINT('',(-0.,0.));
#66 = VECTOR('',#67,1.);
#67 = DIRECTION('',(-0.,-1.));
#68 = ( GEOMETRIC_REPRESENTATION_CONTEXT(2) 
PARAMETRIC_REPRESENTATION_CONTEXT() REPRESENTATION_CONTEXT('2D SPACE',''
  ) );
#69 = PCURVE('',#58,#70);
#70 = DEFINITIONAL_REPRESENTATION('',(#71),#75);
#71 = LINE('',#72,#73);
#72 = CARTESIAN_POINT('',(-6.28318530718,0.));
#73 = VECTOR('',#74,1.);
#74 = DIRECTION('',(-0.,-1.));
#75 = ( GEOMETRIC_REPRESENTATION_CONTEXT(2) 
PARAMETRIC_REPRESENTATION_CONTEXT() REPRESENTATION_CONTEXT('2D SPACE',''
  ) );
#76 = ORIENTED_EDGE('',*,*,#77,.T.);
#77 = EDGE_CURVE('',#50,#50,#78,.T.);
#78 = SURFACE_CURVE('',#79,(#84,#91),.PCURVE_S1.);
#79 = CIRCLE('',#80,2.46);
#80 = AXIS2_PLACEMENT_3D('',#81,#82,#83);
#81 = CARTESIAN_POINT('',(0.,0.,46.));
#82 = DIRECTION('',(0.,0.,1.));
#83 = DIRECTION('',(1.,0.,0.));
#84 = PCURVE('',#58,#85);
#85 = DEFINITIONAL_REPRESENTATION('',(#86),#90);
#86 = LINE('',#87,#88);
#87 = CARTESIAN_POINT('',(-0.,-46.));
#88 = VECTOR('',#89,1.);
#89 = DIRECTION('',(-1.,0.));
#90 = ( GEOMETRIC_REPRESENTATION_CONTEXT(2) 
PARAMETRIC_REPRESENTATION_CONTEXT() REPRESENTATION_CONTEXT('2D SPACE',''
  ) );
#91 = PCURVE('',#92,#97);
#92 = PLANE('',#93);
#93 = AXIS2_PLACEMENT_3D('',#94,#95,#96);
#94 = CARTESIAN_POINT('',(-1.389674931443E-16,3.854645561417E-17,46.));
#95 = DIRECTION('',(0.,0.,1.));
#96 = DIRECTION('',(1.,0.,-0.));
#97 = DEFINITIONAL_REPRESENTATION('',(#98),#102);
#98 = CIRCLE('',#99,2.46);
#99 = AXIS2_PLACEMENT_2D('',#100,#101);
#100 = CARTESIAN_POINT('',(1.389674931443E-16,-3.854645561417E-17));
#101 = DIRECTION('',(1.,0.));
#102 = ( GEOMETRIC_REPRESENTATION_CONTEXT(2) 
PARAMETRIC_REPRESENTATION_CONTEXT() REPRESENTATION_CONTEXT('2D SPACE',''
  ) );
#103 = ORIENTED_EDGE('',*,*,#47,.F.);
#104 = ORIENTED_EDGE('',*,*,#105,.F.);
#105 = EDGE_CURVE('',#48,#48,#106,.T.);
#106 = SURFACE_CURVE('',#107,(#112,#119),.PCURVE_S1.);
#107 = CIRCLE('',#108,2.46);
#108 = AXIS2_PLACEMENT_3D('',#109,#110,#111);
#109 = CARTESIAN_POINT('',(0.,0.,0.));
#110 = DIRECTION('',(0.,0.,1.));
#111 = DIRECTION('',(1.,0.,0.));
#112 = PCURVE('',#58,#113);
#113 = DEFINITIONAL_REPRESENTATION('',(#114),#118);
#114 = LINE('',#115,#116);
#115 = CARTESIAN_POINT('',(-0.,0.));
#116 = VECTOR('',#117,1.);
#117 = DIRECTION('',(-1.,0.));
#118 = ( GEOMETRIC_REPRESENTATION_CONTEXT(2) 
PARAMETRIC_REPRESENTATION_CONTEXT() REPRESENTATION_CONTEXT('2D SPACE',''
  ) );
#119 = PCURVE('',#120,#125);
#120 = PLANE('',#121);
#121 = AXIS2_PLACEMENT_3D('',#122,#123,#124);
#122 = CARTESIAN_POINT('',(-1.389674931443E-16,3.854645561417E-17,0.));
#123 = DIRECTION('',(0.,0.,1.));
#124 = DIRECTION('',(1.,0.,-0.));
#125 = DEFINITIONAL_REPRESENTATION('',(#126),#130);
#126 = CIRCLE('',#127,2.46);
#127 = AXIS2_PLACEMENT_2D('',#128,#129);
#128 = CARTESIAN_POINT('',(1.389674931443E-16,-3.854645561417E-17));
#129 = DIRECTION('',(1.,0.));
#130 = ( GEOMETRIC_REPRESENTATION_CONTEXT(2) 
PARAMETRIC_REPRESENTATION_CONTEXT() REPRESENTATION_CONTEXT('2D SPACE',''
  ) );
#131 = ADVANCED_FACE('',(#132),#120,.F.);
#132 = FACE_BOUND('',#133,.F.);
#133 = EDGE_LOOP('',(#134));
#134 = ORIENTED_EDGE('',*,*,#105,.T.);
#135 = ADVANCED_FACE('',(#136),#92,.T.);
#136 = FACE_BOUND('',#137,.T.);
#137 = EDGE_LOOP('',(#138));
#138 = ORIENTED_EDGE('',*,*,#77,.T.);
#139 = ( GEOMETRIC_REPRESENTATION_CONTEXT(3) 
GLOBAL_UNCERTAINTY_ASSIGNED_CONTEXT((#143)) GLOBAL_UNIT_ASSIGNED_CONTEXT
((#140,#141,#142)) REPRESENTATION_CONTEXT('Context #1',
  '3D Context with UNIT and UNCERTAINTY') );
#140 = ( LENGTH_UNIT() NAMED_UNIT(*) SI_UNIT(.MILLI.,.METRE.) );
#141 = ( NAMED_UNIT(*) PLANE_ANGLE_UNIT() SI_UNIT($,.RADIAN.) );
#142 = ( NAMED_UNIT(*) SI_UNIT($,.STERADIAN.) SOLID_ANGLE_UNIT() );
#143 = UNCERTAINTY_MEASURE_WITH_UNIT(LENGTH_MEASURE(1.E-07),#140,
  'distance_accuracy_value','confusion accuracy');
#144 = CONTEXT_DEPENDENT_SHAPE_REPRESENTATION(#145,#147);
#145 = ( REPRESENTATION_RELATIONSHIP('','',#40,#10) 
REPRESENTATION_RELATIONSHIP_WITH_TRANSFORMATION(#146) 
SHAPE_REPRESENTATION_RELATIONSHIP() );
#146 = ITEM_DEFINED_TRANSFORMATION('','',#11,#15);
#147 = PRODUCT_DEFINITION_SHAPE('Placement','Placement of an item',#148
  );
#148 = NEXT_ASSEMBLY_USAGE_OCCURRENCE('21','','',#5,#35,$);
#149 = PRODUCT_RELATED_PRODUCT_CATEGORY('part',$,(#37));
#150 = SHAPE_DEFINITION_REPRESENTATION(#151,#157);
#151 = PRODUCT_DEFINITION_SHAPE('','',#152);
#152 = PRODUCT_DEFINITION('design','',#153,#156);
#153 = PRODUCT_DEFINITION_FORMATION('','',#154);
#154 = PRODUCT('Open CASCADE STEP translator 7.9 11.2',
  'Open CASCADE STEP translator 7.9 11.2','',(#155));
#155 = PRODUCT_CONTEXT('',#2,'mechanical');
#156 = PRODUCT_DEFINITION_CONTEXT('part definition',#2,'design');
#157 = ADVANCED_BREP_SHAPE_REPRESENTATION('',(#11,#158),#2696);
#158 = MANIFOLD_SOLID_BREP('',#159);
#159 = CLOSED_SHELL('',(#160,#2320,#2641,#2684,#2690));
#160 = ADVANCED_FACE('',(#161),#430,.F.);
#161 = FACE_BOUND('',#162,.F.);
#162 = EDGE_LOOP('',(#163,#1476,#1502,#2296));
#163 = ORIENTED_EDGE('',*,*,#164,.F.);
#164 = EDGE_CURVE('',#165,#167,#169,.T.);
#165 = VERTEX_POINT('',#166);
#166 = CARTESIAN_POINT('',(2.4762,-1.110223024625E-15,-0.22));
#167 = VERTEX_POINT('',#168);
#168 = CARTESIAN_POINT('',(-2.476200572126,-3.472847380041E-08,
    26.279999410191));
#169 = SURFACE_CURVE('',#170,(#429,#953),.PCURVE_S1.);
#170 = B_SPLINE_CURVE_WITH_KNOTS('',9,(#171,#172,#173,#174,#175,#176,
    #177,#178,#179,#180,#181,#182,#183,#184,#185,#186,#187,#188,#189,
    #190,#191,#192,#193,#194,#195,#196,#197,#198,#199,#200,#201,#202,
    #203,#204,#205,#206,#207,#208,#209,#210,#211,#212,#213,#214,#215,
    #216,#217,#218,#219,#220,#221,#222,#223,#224,#225,#226,#227,#228,
    #229,#230,#231,#232,#233,#234,#235,#236,#237,#238,#239,#240,#241,
    #242,#243,#244,#245,#246,#247,#248,#249,#250,#251,#252,#253,#254,
    #255,#256,#257,#258,#259,#260,#261,#262,#263,#264,#265,#266,#267,
    #268,#269,#270,#271,#272,#273,#274,#275,#276,#277,#278,#279,#280,
    #281,#282,#283,#284,#285,#286,#287,#288,#289,#290,#291,#292,#293,
    #294,#295,#296,#297,#298,#299,#300,#301,#302,#303,#304,#305,#306,
    #307,#308,#309,#310,#311,#312,#313,#314,#315,#316,#317,#318,#319,
    #320,#321,#322,#323,#324,#325,#326,#327,#328,#329,#330,#331,#332,
    #333,#334,#335,#336,#337,#338,#339,#340,#341,#342,#343,#344,#345,
    #346,#347,#348,#349,#350,#351,#352,#353,#354,#355,#356,#357,#358,
    #359,#360,#361,#362,#363,#364,#365,#366,#367,#368,#369,#370,#371,
    #372,#373,#374,#375,#376,#377,#378,#379,#380,#381,#382,#383,#384,
    #385,#386,#387,#388,#389,#390,#391,#392,#393,#394,#395,#396,#397,
    #398,#399,#400,#401,#402,#403,#404,#405,#406,#407,#408,#409,#410,
    #411,#412,#413,#414,#415,#416,#417,#418,#419,#420,#421,#422,#423,
    #424,#425,#426,#427,#428),.UNSPECIFIED.,.F.,.F.,(10,8,8,8,8,8,8,8,8,
    8,8,8,8,8,8,8,8,8,8,8,8,8,8,8,8,8,8,8,8,8,8,8,10),(0.,5.268750812079
    ,10.537501624158,15.806252436238,21.075003248317,26.343754060396,
    31.612504872475,36.881255684554,42.150006496634,47.418757308713,
    52.687508120792,57.956258932871,63.22500974495,68.49376055703,
    73.762511369109,79.031262181188,84.300012993267,89.568763805346,
    94.837514617425,100.1062654295,105.37501624158,110.64376705366,
    115.91251786574,121.18126867782,126.4500194899,131.71877030198,
    136.98752111405,142.25627192613,147.52502273821,152.79377355029,
    158.06252436237,163.33127517445,168.60002598653),.UNSPECIFIED.);
#171 = CARTESIAN_POINT('',(2.4762,-1.110223024625E-15,-0.22));
#172 = CARTESIAN_POINT('',(2.476202432331,1.431595003303,-0.127988601881
    ));
#173 = CARTESIAN_POINT('',(1.544126035998,2.863983646322,
    -3.596471326105E-02));
#174 = CARTESIAN_POINT('',(-0.312157717061,3.597871302512,
    5.602447448347E-02));
#175 = CARTESIAN_POINT('',(-2.523504704062,2.973327720714,0.148079629086
    ));
#176 = CARTESIAN_POINT('',(-3.811786483623,0.823894774433,0.240045004055
    ));
#177 = CARTESIAN_POINT('',(-3.320205353942,-1.420706965458,
    0.332099376172));
#178 = CARTESIAN_POINT('',(-1.797905306214,-2.711881154861,0.42408977178
    ));
#179 = CARTESIAN_POINT('',(-9.528202981493E-02,-2.858661430768,
    0.516112495512));
#180 = CARTESIAN_POINT('',(2.429827538878,-1.508965923845,0.700136926264
    ));
#181 = CARTESIAN_POINT('',(3.253704456205,-1.172567239211E-02,
    0.792159533809));
#182 = CARTESIAN_POINT('',(3.025888620865,1.971324037593,0.884150329875)
  );
#183 = CARTESIAN_POINT('',(1.432669476253,3.627148791978,0.976203851522)
  );
#184 = CARTESIAN_POINT('',(-1.070253688012,3.75007733215,1.068170563059)
  );
#185 = CARTESIAN_POINT('',(-2.818085488376,2.258442818719,1.160224069305
    ));
#186 = CARTESIAN_POINT('',(-3.239192414164,0.307239092216,1.252214889131
    ));
#187 = CARTESIAN_POINT('',(-2.566029929662,-1.263532440184,
    1.344237473776));
#188 = CARTESIAN_POINT('',(-0.185376368095,-2.854238179014,1.52826193664
    ));
#189 = CARTESIAN_POINT('',(1.52344455135,-2.875038603944,1.620284519017)
  );
#190 = CARTESIAN_POINT('',(3.164946600552,-1.739319785645,1.71227534668)
  );
#191 = CARTESIAN_POINT('',(3.874215372834,0.446324415815,1.804328836246)
  );
#192 = CARTESIAN_POINT('',(2.802758840191,2.71165371214,1.896295574041)
  );
#193 = CARTESIAN_POINT('',(0.663332446053,3.549952086944,1.988349063276)
  );
#194 = CARTESIAN_POINT('',(-1.255984046557,3.001544176798,2.080339891437
    ));
#195 = CARTESIAN_POINT('',(-2.323954262404,1.667411290389,2.172362473349
    ));
#196 = CARTESIAN_POINT('',(-2.6045991587,-1.18199120261,2.356386936844)
  );
#197 = CARTESIAN_POINT('',(-1.817410890244,-2.698841961282,
    2.448409518726));
#198 = CARTESIAN_POINT('',(-4.199760490937E-02,-3.611143378528,
    2.540400347011));
#199 = CARTESIAN_POINT('',(2.219915477781,-3.206357047038,2.632453835944
    ));
#200 = CARTESIAN_POINT('',(3.712676441546,-1.19354790852,2.724420574258)
  );
#201 = CARTESIAN_POINT('',(3.443470983458,1.08842884007,2.816474063156)
  );
#202 = CARTESIAN_POINT('',(2.055058854322,2.52259716876,2.908464891482)
  );
#203 = CARTESIAN_POINT('',(0.375021017583,2.835556922616,3.000487473341)
  );
#204 = CARTESIAN_POINT('',(-2.270222720008,1.739864587298,3.184511936848
    ));
#205 = CARTESIAN_POINT('',(-3.2368876779,0.330588016401,3.276534518721)
  );
#206 = CARTESIAN_POINT('',(-3.204541668047,-1.665242624019,
    3.368525347014));
#207 = CARTESIAN_POINT('',(-1.781293548618,-3.469256913992,
    3.460578835943));
#208 = CARTESIAN_POINT('',(0.697528278892,-3.836922890759,3.552545574257
    ));
#209 = CARTESIAN_POINT('',(2.583149523744,-2.523788480006,3.644599063158
    ));
#210 = CARTESIAN_POINT('',(3.193480122428,-0.623256029432,3.736589891482
    ));
#211 = CARTESIAN_POINT('',(2.677521630255,1.005933270422,3.828612473341)
  );
#212 = CARTESIAN_POINT('',(0.464247994545,2.822324180553,4.012636936848)
  );
#213 = CARTESIAN_POINT('',(-1.234305687431,3.010518185613,4.10465951872)
  );
#214 = CARTESIAN_POINT('',(-2.979223365763,2.041163500552,4.196650347018
    ));
#215 = CARTESIAN_POINT('',(-3.899307410083,-6.443572989121E-02,
    4.288703835937));
#216 = CARTESIAN_POINT('',(-3.055051332515,-2.423877951799,
    4.380670574263));
#217 = CARTESIAN_POINT('',(-1.008094471006,-3.467840147894,
    4.472724063153));
#218 = CARTESIAN_POINT('',(0.955733363341,-3.110198885724,4.564714891484
    ));
#219 = CARTESIAN_POINT('',(2.149328900984,-1.887169600333,4.656737473341
    ));
#220 = CARTESIAN_POINT('',(2.707912699421,0.921004230658,4.840761936848)
  );
#221 = CARTESIAN_POINT('',(2.073192331296,2.507708881306,4.932784518722)
  );
#222 = CARTESIAN_POINT('',(0.395749322257,3.589638250998,5.024775347012)
  );
#223 = CARTESIAN_POINT('',(-1.894948029376,3.40850732838,5.116828835945)
  );
#224 = CARTESIAN_POINT('',(-3.577810736854,1.551706576875,5.208795574256
    ));
#225 = CARTESIAN_POINT('',(-3.533574411837,-0.745668579097,
    5.300849063158));
#226 = CARTESIAN_POINT('',(-2.292420944917,-2.309019181788,
    5.392839891482));
#227 = CARTESIAN_POINT('',(-0.651148369676,-2.785144453291,5.48486247334
    ));
#228 = CARTESIAN_POINT('',(2.088754425688,-1.954007402682,5.668886936849
    ));
#229 = CARTESIAN_POINT('',(3.188897887004,-0.646266618505,5.760909518714
    ));
#230 = CARTESIAN_POINT('',(3.352333243988,1.343124015274,5.852900347029)
  );
#231 = CARTESIAN_POINT('',(2.112762775078,3.277954193963,5.944953835922)
  );
#232 = CARTESIAN_POINT('',(-0.318085280152,3.886816785519,6.036920574278
    ));
#233 = CARTESIAN_POINT('',(-2.323336423139,2.764828678001,6.128974063143
    ));
#234 = CARTESIAN_POINT('',(-3.11701286907,0.933270670602,6.220964891488)
  );
#235 = CARTESIAN_POINT('',(-2.763227334294,-0.738646413408,6.31298747334
    ));
#236 = CARTESIAN_POINT('',(-0.73864865882,-2.763229657374,6.497011936848
    ));
#237 = CARTESIAN_POINT('',(0.933279784712,-3.117004831466,6.589034518721
    ));
#238 = CARTESIAN_POINT('',(2.764808581684,-2.323349695104,6.681025347015
    ));
#239 = CARTESIAN_POINT('',(3.886846985092,-0.318073507364,6.77307883594)
  );
#240 = CARTESIAN_POINT('',(3.277922010663,2.112758921776,6.865045574261)
  );
#241 = CARTESIAN_POINT('',(1.343147995003,3.352331012494,6.957099063155)
  );
#242 = CARTESIAN_POINT('',(-0.646278445333,3.188900679178,7.049089891483
    ));
#243 = CARTESIAN_POINT('',(-1.954004327313,2.088753435394,7.141112473341
    ));
#244 = CARTESIAN_POINT('',(-2.785147560546,-0.651147484492,
    7.325136936847));
#245 = CARTESIAN_POINT('',(-2.309007796885,-2.292425193949,
    7.417159518723));
#246 = CARTESIAN_POINT('',(-0.745689757281,-3.533562944816,
    7.509150347011));
#247 = CARTESIAN_POINT('',(1.551731195551,-3.577831820866,7.601203835947
    ));
#248 = CARTESIAN_POINT('',(3.408488758946,-1.89492146265,7.693170574254)
  );
#249 = CARTESIAN_POINT('',(3.589647586976,0.395727122086,7.78522406316)
  );
#250 = CARTESIAN_POINT('',(2.50770576865,2.073204077857,7.87721489148));
#251 = CARTESIAN_POINT('',(0.921004807015,2.707909520364,7.969237473341)
  );
#252 = CARTESIAN_POINT('',(-1.88717028442,2.149332058612,8.153261936848)
  );
#253 = CARTESIAN_POINT('',(-3.110197266229,0.955721319775,8.245284518721
    ));
#254 = CARTESIAN_POINT('',(-3.467840018214,-1.008070388005,
    8.337275347015));
#255 = CARTESIAN_POINT('',(-2.423884941069,-3.055082983176,
    8.429328835941));
#256 = CARTESIAN_POINT('',(-6.44210537071E-02,-3.899278509843,
    8.52129557426));
#257 = CARTESIAN_POINT('',(2.041148322705,-2.979242064444,8.613349063155
    ));
#258 = CARTESIAN_POINT('',(3.010527077856,-1.234297405026,8.705339891483
    ));
#259 = CARTESIAN_POINT('',(2.822321648569,0.464245987646,8.79736247334)
  );
#260 = CARTESIAN_POINT('',(1.005935732723,2.67752372206,8.98138693685));
#261 = CARTESIAN_POINT('',(-0.623265887477,3.193473016866,9.073409518712
    ));
#262 = CARTESIAN_POINT('',(-2.523767179579,2.583160762018,9.165400347034
    ));
#263 = CARTESIAN_POINT('',(-3.836954098849,0.697519522868,9.257453835915
    ));
#264 = CARTESIAN_POINT('',(-3.469224507972,-1.781292868385,
    9.349420574285));
#265 = CARTESIAN_POINT('',(-1.665266269557,-3.204537096874,
    9.441474063138));
#266 = CARTESIAN_POINT('',(0.330599512598,-3.23689161586,9.533464891491)
  );
#267 = CARTESIAN_POINT('',(1.739861623804,-2.270221433043,9.625487473338
    ));
#268 = CARTESIAN_POINT('',(2.835559928145,0.375019832097,9.80951193685)
  );
#269 = CARTESIAN_POINT('',(2.522586255162,2.055064198803,9.901534518713)
  );
#270 = CARTESIAN_POINT('',(1.088448792299,3.443457495843,9.993525347028)
  );
#271 = CARTESIAN_POINT('',(-1.193570342043,3.712699837064,
    10.085578835925));
#272 = CARTESIAN_POINT('',(-3.206341171026,2.219887218881,
    10.177545574273));
#273 = CARTESIAN_POINT('',(-3.611150493548,-4.197459657153E-02,
    10.269599063148));
#274 = CARTESIAN_POINT('',(-2.69884001498,-1.817422885324,
    10.361589891485));
#275 = CARTESIAN_POINT('',(-1.181991464591,-2.604595938463,
    10.453612473341));
#276 = CARTESIAN_POINT('',(1.667411661681,-2.323957471872,
    10.637636936846));
#277 = CARTESIAN_POINT('',(3.001543745572,-1.255971902287,
    10.729659518728));
#278 = CARTESIAN_POINT('',(3.54994959735,0.663308491838,10.821650347));
#279 = CARTESIAN_POINT('',(2.711663770047,2.802789653173,10.913703835961
    ));
#280 = CARTESIAN_POINT('',(0.446306977604,3.874188050565,11.005670574241
    ));
#281 = CARTESIAN_POINT('',(-1.739302848118,3.164963721181,
    11.097724063168));
#282 = CARTESIAN_POINT('',(-2.875048265161,1.523437180707,
    11.189714891478));
#283 = CARTESIAN_POINT('',(-2.85423546253,-0.185374619241,
    11.281737473341));
#284 = CARTESIAN_POINT('',(-1.263535095621,-2.56603176962,
    11.465761936849));
#285 = CARTESIAN_POINT('',(0.307249599041,-3.23918631138,11.557784518713
    ));
#286 = CARTESIAN_POINT('',(2.258420519889,-2.818094578699,
    11.649775347033));
#287 = CARTESIAN_POINT('',(3.75010924716,-1.070248044059,11.741828835916
    ));
#288 = CARTESIAN_POINT('',(3.627116476781,1.432671990914,11.833795574286
    ));
#289 = CARTESIAN_POINT('',(1.97134711962,3.025881737234,11.925849063137)
  );
#290 = CARTESIAN_POINT('',(-1.173672583859E-02,3.253709516816,
    12.017839891492));
#291 = CARTESIAN_POINT('',(-1.508963101751,2.429825957263,
    12.109862473338));
#292 = CARTESIAN_POINT('',(-2.858664303562,-9.528053371286E-02,
    12.293886936851));
#293 = CARTESIAN_POINT('',(-2.711870828813,-1.797911812012,
    12.385909518713));
#294 = CARTESIAN_POINT('',(-1.420725470447,-3.320189668796,
    12.47790034703));
#295 = CARTESIAN_POINT('',(0.823914753677,-3.811812524267,
    12.569953835922));
#296 = CARTESIAN_POINT('',(2.973314764858,-2.523474247678,
    12.661920574277));
#297 = CARTESIAN_POINT('',(3.597876046815,-0.312182167255,
    12.753974063144));
#298 = CARTESIAN_POINT('',(2.863982956629,1.5441389169,12.845964891488)
  );
#299 = CARTESIAN_POINT('',(1.43159489822,2.47619867386,12.937987473339)
  );
#300 = CARTESIAN_POINT('',(-1.43159495314,2.47620190427,13.12201193685)
  );
#301 = CARTESIAN_POINT('',(-2.863983717833,1.544126788813,
    13.214034518713));
#302 = CARTESIAN_POINT('',(-3.597871221275,-0.312158572327,
    13.306025347031));
#303 = CARTESIAN_POINT('',(-2.973327794554,-2.523503926607,
    13.398078835919));
#304 = CARTESIAN_POINT('',(-0.823894721353,-3.811787042552,
    13.490045574281));
#305 = CARTESIAN_POINT('',(1.420706936322,-3.320205047113,
    13.582099063141));
#306 = CARTESIAN_POINT('',(2.711881166002,-1.797905423551,
    13.674089891489));
#307 = CARTESIAN_POINT('',(2.858661428705,-9.52820080823E-02,
    13.766112473339));
#308 = CARTESIAN_POINT('',(1.50896592483,2.429827528503,13.950136936848)
  );
#309 = CARTESIAN_POINT('',(1.172567098796E-02,3.253704470995,
    14.04215951872));
#310 = CARTESIAN_POINT('',(-1.971324035998,3.025888604061,
    14.134150347016));
#311 = CARTESIAN_POINT('',(-3.627148793426,1.432669491529,
    14.226203835938));
#312 = CARTESIAN_POINT('',(-3.750077331112,-1.070253698994,
    14.318170574265));
#313 = CARTESIAN_POINT('',(-2.258442819288,-2.818085482348,
    14.410224063151));
#314 = CARTESIAN_POINT('',(-0.307239092,-3.239192416468,14.502214891486)
  );
#315 = CARTESIAN_POINT('',(1.263532440144,-2.566029929236,
    14.594237473339));
#316 = CARTESIAN_POINT('',(2.854238179032,-0.185376368298,14.77826193685
    ));
#317 = CARTESIAN_POINT('',(2.875038603921,1.523444551636,14.870284518715
    ));
#318 = CARTESIAN_POINT('',(1.739319785668,3.164946600233,14.962275347028
    ));
#319 = CARTESIAN_POINT('',(-0.446324415833,3.874215373118,
    15.054328835922));
#320 = CARTESIAN_POINT('',(-2.711653712128,2.802758839993,
    15.146295574279));
#321 = CARTESIAN_POINT('',(-3.54995208695,0.663332446158,15.238349063141
    ));
#322 = CARTESIAN_POINT('',(-3.001544176795,-1.255984046596,
    15.33033989149));
#323 = CARTESIAN_POINT('',(-1.667411290389,-2.323954262398,
    15.422362473338));
#324 = CARTESIAN_POINT('',(1.181991202611,-2.604599158702,
    15.606386936851));
#325 = CARTESIAN_POINT('',(2.698841961279,-1.817410890246,
    15.698409518709));
#326 = CARTESIAN_POINT('',(3.611143378536,-4.199760490081E-02,
    15.790400347039));
#327 = CARTESIAN_POINT('',(3.206357047026,2.219915477766,15.88245383591)
  );
#328 = CARTESIAN_POINT('',(1.193547908532,3.712676441561,15.974420574288
    ));
#329 = CARTESIAN_POINT('',(-1.088428840079,3.443470983448,
    16.066474063136));
#330 = CARTESIAN_POINT('',(-2.522597168755,2.055058854326,
    16.158464891492));
#331 = CARTESIAN_POINT('',(-2.835556922618,0.375021017582,
    16.250487473337));
#332 = CARTESIAN_POINT('',(-1.739864587294,-2.270222720006,
    16.434511936853));
#333 = CARTESIAN_POINT('',(-0.330588016415,-3.236887677904,16.5265345187
    ));
#334 = CARTESIAN_POINT('',(1.665242624051,-3.204541668043,
    16.618525347058));
#335 = CARTESIAN_POINT('',(3.469256913949,-1.781293548618,
    16.710578835882));
#336 = CARTESIAN_POINT('',(3.836922890802,0.697528278888,16.802545574319
    ));
#337 = CARTESIAN_POINT('',(2.523788479977,2.583149523752,16.894599063114
    ));
#338 = CARTESIAN_POINT('',(0.623256029445,3.193480122422,16.986589891503
    ));
#339 = CARTESIAN_POINT('',(-1.005933270425,2.677521630258,
    17.078612473335));
#340 = CARTESIAN_POINT('',(-2.822324180549,0.464247994542,
    17.262636936854));
#341 = CARTESIAN_POINT('',(-3.010518185623,-1.234305687419,
    17.354659518701));
#342 = CARTESIAN_POINT('',(-2.041163500537,-2.979223365791,
    17.446650347056));
#343 = CARTESIAN_POINT('',(6.443572987472E-02,-3.899307410042,
    17.538703835884));
#344 = CARTESIAN_POINT('',(2.423877951811,-3.055051332556,
    17.630670574316));
#345 = CARTESIAN_POINT('',(3.467840147888,-1.008094470976,
    17.722724063116));
#346 = CARTESIAN_POINT('',(3.110198885725,0.955733363326,17.814714891502
    ));
#347 = CARTESIAN_POINT('',(1.887169600334,2.149328900988,17.906737473336
    ));
#348 = CARTESIAN_POINT('',(-0.921004230658,2.707912699418,
    18.090761936851));
#349 = CARTESIAN_POINT('',(-2.507708881302,2.073192331307,
    18.182784518711));
#350 = CARTESIAN_POINT('',(-3.589638251008,0.395749322237,
    18.274775347034));
#351 = CARTESIAN_POINT('',(-3.408507328364,-1.89494802935,
    18.366828835915));
#352 = CARTESIAN_POINT('',(-1.551706576894,-3.577810736878,
    18.458795574287));
#353 = CARTESIAN_POINT('',(0.745668579112,-3.533574411821,
    18.550849063135));
#354 = CARTESIAN_POINT('',(2.30901918178,-2.292420944924,18.642839891494
    ));
#355 = CARTESIAN_POINT('',(2.785144453293,-0.651148369675,
    18.734862473336));
#356 = CARTESIAN_POINT('',(1.954007402678,2.088754425687,18.918886936854
    ));
#357 = CARTESIAN_POINT('',(0.646266618518,3.188897887006,19.010909518697
    ));
#358 = CARTESIAN_POINT('',(-1.3431240153,3.352333243989,19.102900347062)
  );
#359 = CARTESIAN_POINT('',(-3.277954193928,2.112762775072,
    19.194953835877));
#360 = CARTESIAN_POINT('',(-3.886816785552,-0.318085280143,
    19.286920574322));
#361 = CARTESIAN_POINT('',(-2.764828677979,-2.323336423148,
    19.378974063112));
#362 = CARTESIAN_POINT('',(-0.933270670612,-3.117012869065,
    19.470964891503));
#363 = CARTESIAN_POINT('',(0.73864641341,-2.763227334296,19.562987473336
    ));
#364 = CARTESIAN_POINT('',(2.763229657373,-0.738648658818,
    19.747011936851));
#365 = CARTESIAN_POINT('',(3.117004831467,0.933279784705,19.839034518712
    ));
#366 = CARTESIAN_POINT('',(2.323349695106,2.764808581696,19.931025347029
    ));
#367 = CARTESIAN_POINT('',(0.318073507359,3.886846985077,20.023078835925
    ));
#368 = CARTESIAN_POINT('',(-2.112758921771,3.277922010675,
    20.115045574273));
#369 = CARTESIAN_POINT('',(-3.352331012497,1.343147994996,
    20.207099063148));
#370 = CARTESIAN_POINT('',(-3.188900679177,-0.64627844533,
    20.299089891486));
#371 = CARTESIAN_POINT('',(-2.088753435394,-1.954004327313,
    20.39111247334));
#372 = CARTESIAN_POINT('',(0.651147484492,-2.785147560544,
    20.575136936849));
#373 = CARTESIAN_POINT('',(2.292425193946,-2.309007796891,
    20.667159518715));
#374 = CARTESIAN_POINT('',(3.533562944823,-0.745689757268,
    20.759150347027));
#375 = CARTESIAN_POINT('',(3.577831820855,1.551731195535,20.851203835924
    ));
#376 = CARTESIAN_POINT('',(1.894921462663,3.408488758961,20.943170574278
    ));
#377 = CARTESIAN_POINT('',(-0.395727122097,3.589647586966,
    21.035224063142));
#378 = CARTESIAN_POINT('',(-2.073204077851,2.507705768654,21.12721489149
    ));
#379 = CARTESIAN_POINT('',(-2.707909520366,0.921004807015,
    21.219237473338));
#380 = CARTESIAN_POINT('',(-2.149332058608,-1.88717028442,
    21.403261936852));
#381 = CARTESIAN_POINT('',(-0.955721319786,-3.110197266228,
    21.495284518707));
#382 = CARTESIAN_POINT('',(1.008070388027,-3.467840018218,
    21.587275347042));
#383 = CARTESIAN_POINT('',(3.055082983146,-2.42388494106,21.679328835906
    ));
#384 = CARTESIAN_POINT('',(3.899278509871,-6.442105371816E-02,
    21.771295574292));
#385 = CARTESIAN_POINT('',(2.979242064427,2.041148322713,21.863349063134
    ));
#386 = CARTESIAN_POINT('',(1.234297405032,3.010527077852,21.955339891492
    ));
#387 = CARTESIAN_POINT('',(-0.464245987647,2.82232164857,22.047362473339
    ));
#388 = CARTESIAN_POINT('',(-2.677523722061,1.005935732724,
    22.231386936848));
#389 = CARTESIAN_POINT('',(-3.193473016862,-0.623265887485,
    22.323409518724));
#390 = CARTESIAN_POINT('',(-2.583160762025,-2.52376717956,
    22.415400347008));
#391 = CARTESIAN_POINT('',(-0.69751952286,-3.836954098877,
    22.507453835953));
#392 = CARTESIAN_POINT('',(1.781292868379,-3.469224507942,
    22.599420574246));
#393 = CARTESIAN_POINT('',(3.204537096876,-1.665266269579,
    22.691474063167));
#394 = CARTESIAN_POINT('',(3.236891615861,0.330599512609,22.783464891476
    ));
#395 = CARTESIAN_POINT('',(2.270221433042,1.739861623801,22.875487473343
    ));
#396 = CARTESIAN_POINT('',(-0.375019832096,2.835559928148,
    23.059511936844));
#397 = CARTESIAN_POINT('',(-2.055064198812,2.522586255151,
    23.151534518737));
#398 = CARTESIAN_POINT('',(-3.443457495822,1.088448792317,
    23.243525346982));
#399 = CARTESIAN_POINT('',(-3.712699837093,-1.193570342063,
    23.335578835986));
#400 = CARTESIAN_POINT('',(-2.219887218855,-3.20634117101,
    23.427545574216));
#401 = CARTESIAN_POINT('',(4.197459655635E-02,-3.611150493556,
    23.519599063187));
#402 = CARTESIAN_POINT('',(1.817422885328,-2.698840014978,
    23.611589891465));
#403 = CARTESIAN_POINT('',(2.604595938465,-1.181991464591,
    23.703612473348));
#404 = CARTESIAN_POINT('',(2.323957471865,1.667411661681,23.887636936835
    ));
#405 = CARTESIAN_POINT('',(1.255971902326,3.001543745576,23.979659518782
    ));
#406 = CARTESIAN_POINT('',(-0.663308491947,3.549949597341,
    24.071650346866));
#407 = CARTESIAN_POINT('',(-2.802789652968,2.711663770061,
    24.163703836195));
#408 = CARTESIAN_POINT('',(-3.874188050856,0.446306977588,
    24.255670573925));
#409 = CARTESIAN_POINT('',(-3.164963720858,-1.739302848105,
    24.347724063508));
#410 = CARTESIAN_POINT('',(-1.523437180991,-2.87504826517,
    24.439714891181));
#411 = CARTESIAN_POINT('',(0.185374619441,-2.854235462525,
    24.531737473549));
#412 = CARTESIAN_POINT('',(2.566031769202,-1.263535095632,
    24.715761936414));
#413 = CARTESIAN_POINT('',(3.239186313637,0.307249599099,24.807784521064
    ));
#414 = CARTESIAN_POINT('',(2.818094572799,2.258420519736,24.899775340883
    ));
#415 = CARTESIAN_POINT('',(1.070248054808,3.75010924744,24.991828847121)
  );
#416 = CARTESIAN_POINT('',(-1.432672005868,3.627116476391,
    25.083795558699));
#417 = CARTESIAN_POINT('',(-3.025881720782,1.971347120047,
    25.175849080284));
#418 = CARTESIAN_POINT('',(-3.253709531299,-1.173672621378E-02,
    25.2678398764));
#419 = CARTESIAN_POINT('',(-2.429825947104,-1.508963101489,
    25.359862483923));
#420 = CARTESIAN_POINT('',(9.528051243114E-02,-2.85866430411,
    25.543886914677));
#421 = CARTESIAN_POINT('',(1.797911926914,-2.711870825857,
    25.635909638425));
#422 = CARTESIAN_POINT('',(3.320189368336,-1.42072547817,25.727900033996
    ));
#423 = CARTESIAN_POINT('',(3.811813071591,0.823914767738,25.819954406148
    ));
#424 = CARTESIAN_POINT('',(2.523473486368,2.973314745305,25.911919781116
    ));
#425 = CARTESIAN_POINT('',(0.312183004757,3.597876068322,26.003974935683
    ));
#426 = CARTESIAN_POINT('',(-1.544139654079,2.8639829377,26.095964123471)
  );
#427 = CARTESIAN_POINT('',(-2.476198156766,1.431594911497,
    26.187988012065));
#428 = CARTESIAN_POINT('',(-2.476200572126,-3.472847357837E-08,
    26.279999410191));
#429 = PCURVE('',#430,#947);
#430 = B_SPLINE_SURFACE_WITH_KNOTS('',1,9,(
    (#431,#432,#433,#434,#435,#436,#437,#438,#439,#440,#441,#442,#443
      ,#444,#445,#446,#447,#448,#449,#450,#451,#452,#453,#454,#455,#456
      ,#457,#458,#459,#460,#461,#462,#463,#464,#465,#466,#467,#468,#469
      ,#470,#471,#472,#473,#474,#475,#476,#477,#478,#479,#480,#481,#482
      ,#483,#484,#485,#486,#487,#488,#489,#490,#491,#492,#493,#494,#495
      ,#496,#497,#498,#499,#500,#501,#502,#503,#504,#505,#506,#507,#508
      ,#509,#510,#511,#512,#513,#514,#515,#516,#517,#518,#519,#520,#521
      ,#522,#523,#524,#525,#526,#527,#528,#529,#530,#531,#532,#533,#534
      ,#535,#536,#537,#538,#539,#540,#541,#542,#543,#544,#545,#546,#547
      ,#548,#549,#550,#551,#552,#553,#554,#555,#556,#557,#558,#559,#560
      ,#561,#562,#563,#564,#565,#566,#567,#568,#569,#570,#571,#572,#573
      ,#574,#575,#576,#577,#578,#579,#580,#581,#582,#583,#584,#585,#586
      ,#587,#588,#589,#590,#591,#592,#593,#594,#595,#596,#597,#598,#599
      ,#600,#601,#602,#603,#604,#605,#606,#607,#608,#609,#610,#611,#612
      ,#613,#614,#615,#616,#617,#618,#619,#620,#621,#622,#623,#624,#625
      ,#626,#627,#628,#629,#630,#631,#632,#633,#634,#635,#636,#637,#638
      ,#639,#640,#641,#642,#643,#644,#645,#646,#647,#648,#649,#650,#651
      ,#652,#653,#654,#655,#656,#657,#658,#659,#660,#661,#662,#663,#664
      ,#665,#666,#667,#668,#669,#670,#671,#672,#673,#674,#675,#676,#677
      ,#678,#679,#680,#681,#682,#683,#684,#685,#686,#687,#688)
    ,(#689,#690,#691,#692,#693,#694,#695,#696,#697,#698,#699,#700,#701
      ,#702,#703,#704,#705,#706,#707,#708,#709,#710,#711,#712,#713,#714
      ,#715,#716,#717,#718,#719,#720,#721,#722,#723,#724,#725,#726,#727
      ,#728,#729,#730,#731,#732,#733,#734,#735,#736,#737,#738,#739,#740
      ,#741,#742,#743,#744,#745,#746,#747,#748,#749,#750,#751,#752,#753
      ,#754,#755,#756,#757,#758,#759,#760,#761,#762,#763,#764,#765,#766
      ,#767,#768,#769,#770,#771,#772,#773,#774,#775,#776,#777,#778,#779
      ,#780,#781,#782,#783,#784,#785,#786,#787,#788,#789,#790,#791,#792
      ,#793,#794,#795,#796,#797,#798,#799,#800,#801,#802,#803,#804,#805
      ,#806,#807,#808,#809,#810,#811,#812,#813,#814,#815,#816,#817,#818
      ,#819,#820,#821,#822,#823,#824,#825,#826,#827,#828,#829,#830,#831
      ,#832,#833,#834,#835,#836,#837,#838,#839,#840,#841,#842,#843,#844
      ,#845,#846,#847,#848,#849,#850,#851,#852,#853,#854,#855,#856,#857
      ,#858,#859,#860,#861,#862,#863,#864,#865,#866,#867,#868,#869,#870
      ,#871,#872,#873,#874,#875,#876,#877,#878,#879,#880,#881,#882,#883
      ,#884,#885,#886,#887,#888,#889,#890,#891,#892,#893,#894,#895,#896
      ,#897,#898,#899,#900,#901,#902,#903,#904,#905,#906,#907,#908,#909
      ,#910,#911,#912,#913,#914,#915,#916,#917,#918,#919,#920,#921,#922
      ,#923,#924,#925,#926,#927,#928,#929,#930,#931,#932,#933,#934,#935
      ,#936,#937,#938,#939,#940,#941,#942,#943,#944,#945,#946
  )),.UNSPECIFIED.,.F.,.F.,.F.,(2,2),(10,8,8,8,8,8,8,8,8,8,8,8,8,8,8,8,8
    ,8,8,8,8,8,8,8,8,8,8,8,8,8,8,8,10),(0.,0.583095189485),(0.,
    5.268750812079,10.537501624158,15.806252436238,21.075003248317,
    26.343754060396,31.612504872475,36.881255684554,42.150006496634,
    47.418757308713,52.687508120792,57.956258932871,63.22500974495,
    68.49376055703,73.762511369109,79.031262181188,84.300012993267,
    89.568763805346,94.837514617425,100.1062654295,105.37501624158,
    110.64376705366,115.91251786574,121.18126867782,126.4500194899,
    131.71877030198,136.98752111405,142.25627192613,147.52502273821,
    152.79377355029,158.06252436237,163.33127517445,168.60002598653),
  .UNSPECIFIED.);
#431 = CARTESIAN_POINT('',(2.4762,-1.110223024625E-15,-0.22));
#432 = CARTESIAN_POINT('',(2.476202432331,1.431595003303,-0.127988601881
    ));
#433 = CARTESIAN_POINT('',(1.544126035998,2.863983646322,
    -3.596471326105E-02));
#434 = CARTESIAN_POINT('',(-0.312157717061,3.597871302512,
    5.602447448347E-02));
#435 = CARTESIAN_POINT('',(-2.523504704062,2.973327720714,0.148079629086
    ));
#436 = CARTESIAN_POINT('',(-3.811786483623,0.823894774433,0.240045004055
    ));
#437 = CARTESIAN_POINT('',(-3.320205353942,-1.420706965458,
    0.332099376172));
#438 = CARTESIAN_POINT('',(-1.797905306214,-2.711881154861,0.42408977178
    ));
#439 = CARTESIAN_POINT('',(-9.528202981493E-02,-2.858661430768,
    0.516112495512));
#440 = CARTESIAN_POINT('',(2.429827538878,-1.508965923845,0.700136926264
    ));
#441 = CARTESIAN_POINT('',(3.253704456205,-1.172567239211E-02,
    0.792159533809));
#442 = CARTESIAN_POINT('',(3.025888620865,1.971324037593,0.884150329875)
  );
#443 = CARTESIAN_POINT('',(1.432669476253,3.627148791978,0.976203851522)
  );
#444 = CARTESIAN_POINT('',(-1.070253688012,3.75007733215,1.068170563059)
  );
#445 = CARTESIAN_POINT('',(-2.818085488376,2.258442818719,1.160224069305
    ));
#446 = CARTESIAN_POINT('',(-3.239192414164,0.307239092216,1.252214889131
    ));
#447 = CARTESIAN_POINT('',(-2.566029929662,-1.263532440184,
    1.344237473776));
#448 = CARTESIAN_POINT('',(-0.185376368095,-2.854238179014,1.52826193664
    ));
#449 = CARTESIAN_POINT('',(1.52344455135,-2.875038603944,1.620284519017)
  );
#450 = CARTESIAN_POINT('',(3.164946600552,-1.739319785645,1.71227534668)
  );
#451 = CARTESIAN_POINT('',(3.874215372834,0.446324415815,1.804328836246)
  );
#452 = CARTESIAN_POINT('',(2.802758840191,2.71165371214,1.896295574041)
  );
#453 = CARTESIAN_POINT('',(0.663332446053,3.549952086944,1.988349063276)
  );
#454 = CARTESIAN_POINT('',(-1.255984046557,3.001544176798,2.080339891437
    ));
#455 = CARTESIAN_POINT('',(-2.323954262404,1.667411290389,2.172362473349
    ));
#456 = CARTESIAN_POINT('',(-2.6045991587,-1.18199120261,2.356386936844)
  );
#457 = CARTESIAN_POINT('',(-1.817410890244,-2.698841961282,
    2.448409518726));
#458 = CARTESIAN_POINT('',(-4.199760490937E-02,-3.611143378528,
    2.540400347011));
#459 = CARTESIAN_POINT('',(2.219915477781,-3.206357047038,2.632453835944
    ));
#460 = CARTESIAN_POINT('',(3.712676441546,-1.19354790852,2.724420574258)
  );
#461 = CARTESIAN_POINT('',(3.443470983458,1.08842884007,2.816474063156)
  );
#462 = CARTESIAN_POINT('',(2.055058854322,2.52259716876,2.908464891482)
  );
#463 = CARTESIAN_POINT('',(0.375021017583,2.835556922616,3.000487473341)
  );
#464 = CARTESIAN_POINT('',(-2.270222720008,1.739864587298,3.184511936848
    ));
#465 = CARTESIAN_POINT('',(-3.2368876779,0.330588016401,3.276534518721)
  );
#466 = CARTESIAN_POINT('',(-3.204541668047,-1.665242624019,
    3.368525347014));
#467 = CARTESIAN_POINT('',(-1.781293548618,-3.469256913992,
    3.460578835943));
#468 = CARTESIAN_POINT('',(0.697528278892,-3.836922890759,3.552545574257
    ));
#469 = CARTESIAN_POINT('',(2.583149523744,-2.523788480006,3.644599063158
    ));
#470 = CARTESIAN_POINT('',(3.193480122428,-0.623256029432,3.736589891482
    ));
#471 = CARTESIAN_POINT('',(2.677521630255,1.005933270422,3.828612473341)
  );
#472 = CARTESIAN_POINT('',(0.464247994545,2.822324180553,4.012636936848)
  );
#473 = CARTESIAN_POINT('',(-1.234305687431,3.010518185613,4.10465951872)
  );
#474 = CARTESIAN_POINT('',(-2.979223365763,2.041163500552,4.196650347018
    ));
#475 = CARTESIAN_POINT('',(-3.899307410083,-6.443572989121E-02,
    4.288703835937));
#476 = CARTESIAN_POINT('',(-3.055051332515,-2.423877951799,
    4.380670574263));
#477 = CARTESIAN_POINT('',(-1.008094471006,-3.467840147894,
    4.472724063153));
#478 = CARTESIAN_POINT('',(0.955733363341,-3.110198885724,4.564714891484
    ));
#479 = CARTESIAN_POINT('',(2.149328900984,-1.887169600333,4.656737473341
    ));
#480 = CARTESIAN_POINT('',(2.707912699421,0.921004230658,4.840761936848)
  );
#481 = CARTESIAN_POINT('',(2.073192331296,2.507708881306,4.932784518722)
  );
#482 = CARTESIAN_POINT('',(0.395749322257,3.589638250998,5.024775347012)
  );
#483 = CARTESIAN_POINT('',(-1.894948029376,3.40850732838,5.116828835945)
  );
#484 = CARTESIAN_POINT('',(-3.577810736854,1.551706576875,5.208795574256
    ));
#485 = CARTESIAN_POINT('',(-3.533574411837,-0.745668579097,
    5.300849063158));
#486 = CARTESIAN_POINT('',(-2.292420944917,-2.309019181788,
    5.392839891482));
#487 = CARTESIAN_POINT('',(-0.651148369676,-2.785144453291,5.48486247334
    ));
#488 = CARTESIAN_POINT('',(2.088754425688,-1.954007402682,5.668886936849
    ));
#489 = CARTESIAN_POINT('',(3.188897887004,-0.646266618505,5.760909518714
    ));
#490 = CARTESIAN_POINT('',(3.352333243988,1.343124015274,5.852900347029)
  );
#491 = CARTESIAN_POINT('',(2.112762775078,3.277954193963,5.944953835922)
  );
#492 = CARTESIAN_POINT('',(-0.318085280152,3.886816785519,6.036920574278
    ));
#493 = CARTESIAN_POINT('',(-2.323336423139,2.764828678001,6.128974063143
    ));
#494 = CARTESIAN_POINT('',(-3.11701286907,0.933270670602,6.220964891488)
  );
#495 = CARTESIAN_POINT('',(-2.763227334294,-0.738646413408,6.31298747334
    ));
#496 = CARTESIAN_POINT('',(-0.73864865882,-2.763229657374,6.497011936848
    ));
#497 = CARTESIAN_POINT('',(0.933279784712,-3.117004831466,6.589034518721
    ));
#498 = CARTESIAN_POINT('',(2.764808581684,-2.323349695104,6.681025347015
    ));
#499 = CARTESIAN_POINT('',(3.886846985092,-0.318073507364,6.77307883594)
  );
#500 = CARTESIAN_POINT('',(3.277922010663,2.112758921776,6.865045574261)
  );
#501 = CARTESIAN_POINT('',(1.343147995003,3.352331012494,6.957099063155)
  );
#502 = CARTESIAN_POINT('',(-0.646278445333,3.188900679178,7.049089891483
    ));
#503 = CARTESIAN_POINT('',(-1.954004327313,2.088753435394,7.141112473341
    ));
#504 = CARTESIAN_POINT('',(-2.785147560546,-0.651147484492,
    7.325136936847));
#505 = CARTESIAN_POINT('',(-2.309007796885,-2.292425193949,
    7.417159518723));
#506 = CARTESIAN_POINT('',(-0.745689757281,-3.533562944816,
    7.509150347011));
#507 = CARTESIAN_POINT('',(1.551731195551,-3.577831820866,7.601203835947
    ));
#508 = CARTESIAN_POINT('',(3.408488758946,-1.89492146265,7.693170574254)
  );
#509 = CARTESIAN_POINT('',(3.589647586976,0.395727122086,7.78522406316)
  );
#510 = CARTESIAN_POINT('',(2.50770576865,2.073204077857,7.87721489148));
#511 = CARTESIAN_POINT('',(0.921004807015,2.707909520364,7.969237473341)
  );
#512 = CARTESIAN_POINT('',(-1.88717028442,2.149332058612,8.153261936848)
  );
#513 = CARTESIAN_POINT('',(-3.110197266229,0.955721319775,8.245284518721
    ));
#514 = CARTESIAN_POINT('',(-3.467840018214,-1.008070388005,
    8.337275347015));
#515 = CARTESIAN_POINT('',(-2.423884941069,-3.055082983176,
    8.429328835941));
#516 = CARTESIAN_POINT('',(-6.44210537071E-02,-3.899278509843,
    8.52129557426));
#517 = CARTESIAN_POINT('',(2.041148322705,-2.979242064444,8.613349063155
    ));
#518 = CARTESIAN_POINT('',(3.010527077856,-1.234297405026,8.705339891483
    ));
#519 = CARTESIAN_POINT('',(2.822321648569,0.464245987646,8.79736247334)
  );
#520 = CARTESIAN_POINT('',(1.005935732723,2.67752372206,8.98138693685));
#521 = CARTESIAN_POINT('',(-0.623265887477,3.193473016866,9.073409518712
    ));
#522 = CARTESIAN_POINT('',(-2.523767179579,2.583160762018,9.165400347034
    ));
#523 = CARTESIAN_POINT('',(-3.836954098849,0.697519522868,9.257453835915
    ));
#524 = CARTESIAN_POINT('',(-3.469224507972,-1.781292868385,
    9.349420574285));
#525 = CARTESIAN_POINT('',(-1.665266269557,-3.204537096874,
    9.441474063138));
#526 = CARTESIAN_POINT('',(0.330599512598,-3.23689161586,9.533464891491)
  );
#527 = CARTESIAN_POINT('',(1.739861623804,-2.270221433043,9.625487473338
    ));
#528 = CARTESIAN_POINT('',(2.835559928145,0.375019832097,9.80951193685)
  );
#529 = CARTESIAN_POINT('',(2.522586255162,2.055064198803,9.901534518713)
  );
#530 = CARTESIAN_POINT('',(1.088448792299,3.443457495843,9.993525347028)
  );
#531 = CARTESIAN_POINT('',(-1.193570342043,3.712699837064,
    10.085578835925));
#532 = CARTESIAN_POINT('',(-3.206341171026,2.219887218881,
    10.177545574273));
#533 = CARTESIAN_POINT('',(-3.611150493548,-4.197459657153E-02,
    10.269599063148));
#534 = CARTESIAN_POINT('',(-2.69884001498,-1.817422885324,
    10.361589891485));
#535 = CARTESIAN_POINT('',(-1.181991464591,-2.604595938463,
    10.453612473341));
#536 = CARTESIAN_POINT('',(1.667411661681,-2.323957471872,
    10.637636936846));
#537 = CARTESIAN_POINT('',(3.001543745572,-1.255971902287,
    10.729659518728));
#538 = CARTESIAN_POINT('',(3.54994959735,0.663308491838,10.821650347));
#539 = CARTESIAN_POINT('',(2.711663770047,2.802789653173,10.913703835961
    ));
#540 = CARTESIAN_POINT('',(0.446306977604,3.874188050565,11.005670574241
    ));
#541 = CARTESIAN_POINT('',(-1.739302848118,3.164963721181,
    11.097724063168));
#542 = CARTESIAN_POINT('',(-2.875048265161,1.523437180707,
    11.189714891478));
#543 = CARTESIAN_POINT('',(-2.85423546253,-0.185374619241,
    11.281737473341));
#544 = CARTESIAN_POINT('',(-1.263535095621,-2.56603176962,
    11.465761936849));
#545 = CARTESIAN_POINT('',(0.307249599041,-3.23918631138,11.557784518713
    ));
#546 = CARTESIAN_POINT('',(2.258420519889,-2.818094578699,
    11.649775347033));
#547 = CARTESIAN_POINT('',(3.75010924716,-1.070248044059,11.741828835916
    ));
#548 = CARTESIAN_POINT('',(3.627116476781,1.432671990914,11.833795574286
    ));
#549 = CARTESIAN_POINT('',(1.97134711962,3.025881737234,11.925849063137)
  );
#550 = CARTESIAN_POINT('',(-1.173672583859E-02,3.253709516816,
    12.017839891492));
#551 = CARTESIAN_POINT('',(-1.508963101751,2.429825957263,
    12.109862473338));
#552 = CARTESIAN_POINT('',(-2.858664303562,-9.528053371286E-02,
    12.293886936851));
#553 = CARTESIAN_POINT('',(-2.711870828813,-1.797911812012,
    12.385909518713));
#554 = CARTESIAN_POINT('',(-1.420725470447,-3.320189668796,
    12.47790034703));
#555 = CARTESIAN_POINT('',(0.823914753677,-3.811812524267,
    12.569953835922));
#556 = CARTESIAN_POINT('',(2.973314764858,-2.523474247678,
    12.661920574277));
#557 = CARTESIAN_POINT('',(3.597876046815,-0.312182167255,
    12.753974063144));
#558 = CARTESIAN_POINT('',(2.863982956629,1.5441389169,12.845964891488)
  );
#559 = CARTESIAN_POINT('',(1.43159489822,2.47619867386,12.937987473339)
  );
#560 = CARTESIAN_POINT('',(-1.43159495314,2.47620190427,13.12201193685)
  );
#561 = CARTESIAN_POINT('',(-2.863983717833,1.544126788813,
    13.214034518713));
#562 = CARTESIAN_POINT('',(-3.597871221275,-0.312158572327,
    13.306025347031));
#563 = CARTESIAN_POINT('',(-2.973327794554,-2.523503926607,
    13.398078835919));
#564 = CARTESIAN_POINT('',(-0.823894721353,-3.811787042552,
    13.490045574281));
#565 = CARTESIAN_POINT('',(1.420706936322,-3.320205047113,
    13.582099063141));
#566 = CARTESIAN_POINT('',(2.711881166002,-1.797905423551,
    13.674089891489));
#567 = CARTESIAN_POINT('',(2.858661428705,-9.52820080823E-02,
    13.766112473339));
#568 = CARTESIAN_POINT('',(1.50896592483,2.429827528503,13.950136936848)
  );
#569 = CARTESIAN_POINT('',(1.172567098796E-02,3.253704470995,
    14.04215951872));
#570 = CARTESIAN_POINT('',(-1.971324035998,3.025888604061,
    14.134150347016));
#571 = CARTESIAN_POINT('',(-3.627148793426,1.432669491529,
    14.226203835938));
#572 = CARTESIAN_POINT('',(-3.750077331112,-1.070253698994,
    14.318170574265));
#573 = CARTESIAN_POINT('',(-2.258442819288,-2.818085482348,
    14.410224063151));
#574 = CARTESIAN_POINT('',(-0.307239092,-3.239192416468,14.502214891486)
  );
#575 = CARTESIAN_POINT('',(1.263532440144,-2.566029929236,
    14.594237473339));
#576 = CARTESIAN_POINT('',(2.854238179032,-0.185376368298,14.77826193685
    ));
#577 = CARTESIAN_POINT('',(2.875038603921,1.523444551636,14.870284518715
    ));
#578 = CARTESIAN_POINT('',(1.739319785668,3.164946600233,14.962275347028
    ));
#579 = CARTESIAN_POINT('',(-0.446324415833,3.874215373118,
    15.054328835922));
#580 = CARTESIAN_POINT('',(-2.711653712128,2.802758839993,
    15.146295574279));
#581 = CARTESIAN_POINT('',(-3.54995208695,0.663332446158,15.238349063141
    ));
#582 = CARTESIAN_POINT('',(-3.001544176795,-1.255984046596,
    15.33033989149));
#583 = CARTESIAN_POINT('',(-1.667411290389,-2.323954262398,
    15.422362473338));
#584 = CARTESIAN_POINT('',(1.181991202611,-2.604599158702,
    15.606386936851));
#585 = CARTESIAN_POINT('',(2.698841961279,-1.817410890246,
    15.698409518709));
#586 = CARTESIAN_POINT('',(3.611143378536,-4.199760490081E-02,
    15.790400347039));
#587 = CARTESIAN_POINT('',(3.206357047026,2.219915477766,15.88245383591)
  );
#588 = CARTESIAN_POINT('',(1.193547908532,3.712676441561,15.974420574288
    ));
#589 = CARTESIAN_POINT('',(-1.088428840079,3.443470983448,
    16.066474063136));
#590 = CARTESIAN_POINT('',(-2.522597168755,2.055058854326,
    16.158464891492));
#591 = CARTESIAN_POINT('',(-2.835556922618,0.375021017582,
    16.250487473337));
#592 = CARTESIAN_POINT('',(-1.739864587294,-2.270222720006,
    16.434511936853));
#593 = CARTESIAN_POINT('',(-0.330588016415,-3.236887677904,16.5265345187
    ));
#594 = CARTESIAN_POINT('',(1.665242624051,-3.204541668043,
    16.618525347058));
#595 = CARTESIAN_POINT('',(3.469256913949,-1.781293548618,
    16.710578835882));
#596 = CARTESIAN_POINT('',(3.836922890802,0.697528278888,16.802545574319
    ));
#597 = CARTESIAN_POINT('',(2.523788479977,2.583149523752,16.894599063114
    ));
#598 = CARTESIAN_POINT('',(0.623256029445,3.193480122422,16.986589891503
    ));
#599 = CARTESIAN_POINT('',(-1.005933270425,2.677521630258,
    17.078612473335));
#600 = CARTESIAN_POINT('',(-2.822324180549,0.464247994542,
    17.262636936854));
#601 = CARTESIAN_POINT('',(-3.010518185623,-1.234305687419,
    17.354659518701));
#602 = CARTESIAN_POINT('',(-2.041163500537,-2.979223365791,
    17.446650347056));
#603 = CARTESIAN_POINT('',(6.443572987472E-02,-3.899307410042,
    17.538703835884));
#604 = CARTESIAN_POINT('',(2.423877951811,-3.055051332556,
    17.630670574316));
#605 = CARTESIAN_POINT('',(3.467840147888,-1.008094470976,
    17.722724063116));
#606 = CARTESIAN_POINT('',(3.110198885725,0.955733363326,17.814714891502
    ));
#607 = CARTESIAN_POINT('',(1.887169600334,2.149328900988,17.906737473336
    ));
#608 = CARTESIAN_POINT('',(-0.921004230658,2.707912699418,
    18.090761936851));
#609 = CARTESIAN_POINT('',(-2.507708881302,2.073192331307,
    18.182784518711));
#610 = CARTESIAN_POINT('',(-3.589638251008,0.395749322237,
    18.274775347034));
#611 = CARTESIAN_POINT('',(-3.408507328364,-1.89494802935,
    18.366828835915));
#612 = CARTESIAN_POINT('',(-1.551706576894,-3.577810736878,
    18.458795574287));
#613 = CARTESIAN_POINT('',(0.745668579112,-3.533574411821,
    18.550849063135));
#614 = CARTESIAN_POINT('',(2.30901918178,-2.292420944924,18.642839891494
    ));
#615 = CARTESIAN_POINT('',(2.785144453293,-0.651148369675,
    18.734862473336));
#616 = CARTESIAN_POINT('',(1.954007402678,2.088754425687,18.918886936854
    ));
#617 = CARTESIAN_POINT('',(0.646266618518,3.188897887006,19.010909518697
    ));
#618 = CARTESIAN_POINT('',(-1.3431240153,3.352333243989,19.102900347062)
  );
#619 = CARTESIAN_POINT('',(-3.277954193928,2.112762775072,
    19.194953835877));
#620 = CARTESIAN_POINT('',(-3.886816785552,-0.318085280143,
    19.286920574322));
#621 = CARTESIAN_POINT('',(-2.764828677979,-2.323336423148,
    19.378974063112));
#622 = CARTESIAN_POINT('',(-0.933270670612,-3.117012869065,
    19.470964891503));
#623 = CARTESIAN_POINT('',(0.73864641341,-2.763227334296,19.562987473336
    ));
#624 = CARTESIAN_POINT('',(2.763229657373,-0.738648658818,
    19.747011936851));
#625 = CARTESIAN_POINT('',(3.117004831467,0.933279784705,19.839034518712
    ));
#626 = CARTESIAN_POINT('',(2.323349695106,2.764808581696,19.931025347029
    ));
#627 = CARTESIAN_POINT('',(0.318073507359,3.886846985077,20.023078835925
    ));
#628 = CARTESIAN_POINT('',(-2.112758921771,3.277922010675,
    20.115045574273));
#629 = CARTESIAN_POINT('',(-3.352331012497,1.343147994996,
    20.207099063148));
#630 = CARTESIAN_POINT('',(-3.188900679177,-0.64627844533,
    20.299089891486));
#631 = CARTESIAN_POINT('',(-2.088753435394,-1.954004327313,
    20.39111247334));
#632 = CARTESIAN_POINT('',(0.651147484492,-2.785147560544,
    20.575136936849));
#633 = CARTESIAN_POINT('',(2.292425193946,-2.309007796891,
    20.667159518715));
#634 = CARTESIAN_POINT('',(3.533562944823,-0.745689757268,
    20.759150347027));
#635 = CARTESIAN_POINT('',(3.577831820855,1.551731195535,20.851203835924
    ));
#636 = CARTESIAN_POINT('',(1.894921462663,3.408488758961,20.943170574278
    ));
#637 = CARTESIAN_POINT('',(-0.395727122097,3.589647586966,
    21.035224063142));
#638 = CARTESIAN_POINT('',(-2.073204077851,2.507705768654,21.12721489149
    ));
#639 = CARTESIAN_POINT('',(-2.707909520366,0.921004807015,
    21.219237473338));
#640 = CARTESIAN_POINT('',(-2.149332058608,-1.88717028442,
    21.403261936852));
#641 = CARTESIAN_POINT('',(-0.955721319786,-3.110197266228,
    21.495284518707));
#642 = CARTESIAN_POINT('',(1.008070388027,-3.467840018218,
    21.587275347042));
#643 = CARTESIAN_POINT('',(3.055082983146,-2.42388494106,21.679328835906
    ));
#644 = CARTESIAN_POINT('',(3.899278509871,-6.442105371816E-02,
    21.771295574292));
#645 = CARTESIAN_POINT('',(2.979242064427,2.041148322713,21.863349063134
    ));
#646 = CARTESIAN_POINT('',(1.234297405032,3.010527077852,21.955339891492
    ));
#647 = CARTESIAN_POINT('',(-0.464245987647,2.82232164857,22.047362473339
    ));
#648 = CARTESIAN_POINT('',(-2.677523722061,1.005935732724,
    22.231386936848));
#649 = CARTESIAN_POINT('',(-3.193473016862,-0.623265887485,
    22.323409518724));
#650 = CARTESIAN_POINT('',(-2.583160762025,-2.52376717956,
    22.415400347008));
#651 = CARTESIAN_POINT('',(-0.69751952286,-3.836954098877,
    22.507453835953));
#652 = CARTESIAN_POINT('',(1.781292868379,-3.469224507942,
    22.599420574246));
#653 = CARTESIAN_POINT('',(3.204537096876,-1.665266269579,
    22.691474063167));
#654 = CARTESIAN_POINT('',(3.236891615861,0.330599512609,22.783464891476
    ));
#655 = CARTESIAN_POINT('',(2.270221433042,1.739861623801,22.875487473343
    ));
#656 = CARTESIAN_POINT('',(-0.375019832096,2.835559928148,
    23.059511936844));
#657 = CARTESIAN_POINT('',(-2.055064198812,2.522586255151,
    23.151534518737));
#658 = CARTESIAN_POINT('',(-3.443457495822,1.088448792317,
    23.243525346982));
#659 = CARTESIAN_POINT('',(-3.712699837093,-1.193570342063,
    23.335578835986));
#660 = CARTESIAN_POINT('',(-2.219887218855,-3.20634117101,
    23.427545574216));
#661 = CARTESIAN_POINT('',(4.197459655635E-02,-3.611150493556,
    23.519599063187));
#662 = CARTESIAN_POINT('',(1.817422885328,-2.698840014978,
    23.611589891465));
#663 = CARTESIAN_POINT('',(2.604595938465,-1.181991464591,
    23.703612473348));
#664 = CARTESIAN_POINT('',(2.323957471865,1.667411661681,23.887636936835
    ));
#665 = CARTESIAN_POINT('',(1.255971902326,3.001543745576,23.979659518782
    ));
#666 = CARTESIAN_POINT('',(-0.663308491947,3.549949597341,
    24.071650346866));
#667 = CARTESIAN_POINT('',(-2.802789652968,2.711663770061,
    24.163703836195));
#668 = CARTESIAN_POINT('',(-3.874188050856,0.446306977588,
    24.255670573925));
#669 = CARTESIAN_POINT('',(-3.164963720858,-1.739302848105,
    24.347724063508));
#670 = CARTESIAN_POINT('',(-1.523437180991,-2.87504826517,
    24.439714891181));
#671 = CARTESIAN_POINT('',(0.185374619441,-2.854235462525,
    24.531737473549));
#672 = CARTESIAN_POINT('',(2.566031769202,-1.263535095632,
    24.715761936414));
#673 = CARTESIAN_POINT('',(3.239186313637,0.307249599099,24.807784521064
    ));
#674 = CARTESIAN_POINT('',(2.818094572799,2.258420519736,24.899775340883
    ));
#675 = CARTESIAN_POINT('',(1.070248054808,3.75010924744,24.991828847121)
  );
#676 = CARTESIAN_POINT('',(-1.432672005868,3.627116476391,
    25.083795558699));
#677 = CARTESIAN_POINT('',(-3.025881720782,1.971347120047,
    25.175849080284));
#678 = CARTESIAN_POINT('',(-3.253709531299,-1.173672621378E-02,
    25.2678398764));
#679 = CARTESIAN_POINT('',(-2.429825947104,-1.508963101489,
    25.359862483923));
#680 = CARTESIAN_POINT('',(9.528051243114E-02,-2.85866430411,
    25.543886914677));
#681 = CARTESIAN_POINT('',(1.797911926914,-2.711870825857,
    25.635909638425));
#682 = CARTESIAN_POINT('',(3.320189368336,-1.42072547817,25.727900033996
    ));
#683 = CARTESIAN_POINT('',(3.811813071591,0.823914767738,25.819954406148
    ));
#684 = CARTESIAN_POINT('',(2.523473486368,2.973314745305,25.911919781116
    ));
#685 = CARTESIAN_POINT('',(0.312183004757,3.597876068322,26.003974935683
    ));
#686 = CARTESIAN_POINT('',(-1.544139654079,2.8639829377,26.095964123471)
  );
#687 = CARTESIAN_POINT('',(-2.476198156766,1.431594911497,
    26.187988012065));
#688 = CARTESIAN_POINT('',(-2.476200572126,-3.472847357837E-08,
    26.279999410191));
#689 = CARTESIAN_POINT('',(3.0162,4.440892098501E-16,5.551115123126E-17)
  );
#690 = CARTESIAN_POINT('',(3.016200002142,1.743781622031,
    9.201732852371E-02));
#691 = CARTESIAN_POINT('',(1.88087476843,3.488588707335,0.18401740826));
#692 = CARTESIAN_POINT('',(-0.380266605619,4.382401342105,0.276065408264
    ));
#693 = CARTESIAN_POINT('',(-3.073752635238,3.621837704116,0.368022311126
    ));
#694 = CARTESIAN_POINT('',(-4.643132589829,1.003485403066,0.460103195505
    ));
#695 = CARTESIAN_POINT('',(-4.044189449397,-1.730484441057,
    0.552061178897));
#696 = CARTESIAN_POINT('',(-2.19002233958,-3.303292722551,0.644107510949
    ));
#697 = CARTESIAN_POINT('',(-0.116051344339,-3.482063909465,
    0.736109199316));
#698 = CARTESIAN_POINT('',(2.959704973527,-1.838037939943,0.920141599182
    ));
#699 = CARTESIAN_POINT('',(3.963298731827,-1.427413977972E-02,
    1.012143448018));
#700 = CARTESIAN_POINT('',(3.685676563611,2.401214918982,1.104189227013)
  );
#701 = CARTESIAN_POINT('',(1.745218663302,4.418130266094,1.196148384902)
  );
#702 = CARTESIAN_POINT('',(-1.303762391556,4.567917122495,1.288227423549
    ));
#703 = CARTESIAN_POINT('',(-3.432568760179,2.750911946216,1.380186602665
    ));
#704 = CARTESIAN_POINT('',(-3.945613469495,0.374265863395,1.472232348893
    ));
#705 = CARTESIAN_POINT('',(-3.125612432334,-1.539085416552,
    1.564234229332));
#706 = CARTESIAN_POINT('',(-0.2258094766,-3.476671839145,1.748266584853)
  );
#707 = CARTESIAN_POINT('',(1.85569742067,-3.502046211844,1.840268468445)
  );
#708 = CARTESIAN_POINT('',(3.855098403741,-2.118551657315,1.932314203806
    ));
#709 = CARTESIAN_POINT('',(4.719133412041,0.543546739826,2.024273405998)
  );
#710 = CARTESIAN_POINT('',(3.413953908008,3.30311700268,2.116352408383)
  );
#711 = CARTESIAN_POINT('',(0.807986028758,4.324026295532,2.208311610991)
  );
#712 = CARTESIAN_POINT('',(-1.529876290665,3.656148126414,2.300357345709
    ));
#713 = CARTESIAN_POINT('',(-2.830755657725,2.031024225117,2.392359229921
    ));
#714 = CARTESIAN_POINT('',(-3.172596674501,-1.439745580878,
    2.576391584572));
#715 = CARTESIAN_POINT('',(-2.213759314339,-3.28743217197,2.668393468846
    ));
#716 = CARTESIAN_POINT('',(-5.111494851417E-02,-4.398571596462,
    2.760439203349));
#717 = CARTESIAN_POINT('',(2.703949519079,-3.905677945916,2.852398406413
    ));
#718 = CARTESIAN_POINT('',(4.522415855219,-1.453759970555,2.944477408084
    ));
#719 = CARTESIAN_POINT('',(4.19433271498,1.325751825603,3.036436611155)
  );
#720 = CARTESIAN_POINT('',(2.503256087128,3.072726728704,3.128482345646)
  );
#721 = CARTESIAN_POINT('',(0.456794472734,3.453921800856,3.220484229933)
  );
#722 = CARTESIAN_POINT('',(-2.765293962652,2.119289101758,3.404516584566
    ));
#723 = CARTESIAN_POINT('',(-3.942815254461,0.402676615061,3.496518468853
    ));
#724 = CARTESIAN_POINT('',(-3.90328924361,-2.028392937248,3.588564203343
    ));
#725 = CARTESIAN_POINT('',(-2.169867452366,-4.225794417398,
    3.680523406419));
#726 = CARTESIAN_POINT('',(0.849750245432,-4.673712415193,3.772602408081
    ));
#727 = CARTESIAN_POINT('',(3.14640348125,-3.074116126662,3.864561611157)
  );
#728 = CARTESIAN_POINT('',(3.889929792489,-0.759201420279,3.956607345646
    ));
#729 = CARTESIAN_POINT('',(3.261418505418,1.225310707235,4.048609229933)
  );
#730 = CARTESIAN_POINT('',(0.565495573783,3.437797514797,4.232641584566)
  );
#731 = CARTESIAN_POINT('',(-1.503501175383,3.667073056642,4.324643468854
    ));
#732 = CARTESIAN_POINT('',(-3.628880676137,2.486215973223,4.41668920334)
  );
#733 = CARTESIAN_POINT('',(-4.74968639186,-7.837345179994E-02,
    4.508648406422));
#734 = CARTESIAN_POINT('',(-3.721276869593,-2.952585592217,
    4.600727408078));
#735 = CARTESIAN_POINT('',(-1.227924047381,-4.224008447067,
    4.692686611159));
#736 = CARTESIAN_POINT('',(1.164144334195,-3.788496872931,4.784732345645
    ));
#737 = CARTESIAN_POINT('',(2.618049609023,-2.298706862879,4.876734229933
    ));
#738 = CARTESIAN_POINT('',(3.298439498994,1.121843958929,5.060766584567)
  );
#739 = CARTESIAN_POINT('',(2.525324158682,3.054615930147,5.152768468852)
  );
#740 = CARTESIAN_POINT('',(0.482004225486,4.372381130891,5.244814203344)
  );
#741 = CARTESIAN_POINT('',(-2.308105879773,4.151904438534,5.336773406417
    ));
#742 = CARTESIAN_POINT('',(-4.358145791735,1.890033988452,5.428852408082
    ));
#743 = CARTESIAN_POINT('',(-4.304082259262,-0.908251469884,
    5.520811611156));
#744 = CARTESIAN_POINT('',(-2.792382111821,-2.812568706472,
    5.612857345646));
#745 = CARTESIAN_POINT('',(-0.793138420334,-3.392516535397,
    5.704859229933));
#746 = CARTESIAN_POINT('',(2.544251659104,-2.380130351862,5.888891584565
    ));
#747 = CARTESIAN_POINT('',(3.884360311044,-0.787201093187,5.980893468859
    ));
#748 = CARTESIAN_POINT('',(4.083311114199,1.636036421302,6.072939203333)
  );
#749 = CARTESIAN_POINT('',(2.573619231909,3.992761859675,6.164898406431)
  );
#750 = CARTESIAN_POINT('',(-0.387554540076,4.734497301511,6.256977408069
    ));
#751 = CARTESIAN_POINT('',(-2.829936616715,3.367714888825,6.348936611165
    ));
#752 = CARTESIAN_POINT('',(-3.79678396516,1.136825452272,6.440982345641)
  );
#753 = CARTESIAN_POINT('',(-3.365815335417,-0.89973558595,6.532984229934
    ));
#754 = CARTESIAN_POINT('',(-0.899735639462,-3.365815321106,
    6.717016584566));
#755 = CARTESIAN_POINT('',(1.136825391883,-3.796783983256,6.809018468856
    ));
#756 = CARTESIAN_POINT('',(3.367714843871,-2.82993667023,6.901064203337)
  );
#757 = CARTESIAN_POINT('',(4.734497295283,-0.387554615386,6.993023406426
    ));
#758 = CARTESIAN_POINT('',(3.992761900666,2.573619168436,7.085102408073)
  );
#759 = CARTESIAN_POINT('',(1.636036486175,4.083311088189,7.177061611162)
  );
#760 = CARTESIAN_POINT('',(-0.7872010314,3.884360323555,7.269107345644)
  );
#761 = CARTESIAN_POINT('',(-2.380130311414,2.544251696951,7.361109229933
    ));
#762 = CARTESIAN_POINT('',(-3.392516548001,-0.793138366394,
    7.545141584567));
#763 = CARTESIAN_POINT('',(-2.812568750895,-2.792382067092,
    7.637143468852));
#764 = CARTESIAN_POINT('',(-0.908251538275,-4.304082244844,
    7.729189203344));
#765 = CARTESIAN_POINT('',(1.890033919104,-4.358145821744,7.821148406416
    ));
#766 = CARTESIAN_POINT('',(4.151904401873,-2.308105945845,7.913227408083
    ));
#767 = CARTESIAN_POINT('',(4.372381138535,0.48200415601,8.005186611155)
  );
#768 = CARTESIAN_POINT('',(3.054615970306,2.525324110089,8.097232345647)
  );
#769 = CARTESIAN_POINT('',(1.121844011374,3.298439481163,8.189234229933)
  );
#770 = CARTESIAN_POINT('',(-2.29870682125,2.618049645566,8.373266584566)
  );
#771 = CARTESIAN_POINT('',(-3.788496854424,1.164144394457,8.465268468853
    ));
#772 = CARTESIAN_POINT('',(-4.224008466592,-1.227923980267,
    8.557314203342));
#773 = CARTESIAN_POINT('',(-2.95258565137,-3.721276822582,8.649273406418
    ));
#774 = CARTESIAN_POINT('',(-7.837352735281E-02,-4.749686390672,
    8.741352408081));
#775 = CARTESIAN_POINT('',(2.486215915555,-3.628880715631,8.833311611156
    ));
#776 = CARTESIAN_POINT('',(3.667073032718,-1.503501233707,8.925357345646
    ));
#777 = CARTESIAN_POINT('',(3.437797523793,0.565495519126,9.017359229933)
  );
#778 = CARTESIAN_POINT('',(1.225310759088,3.261418485931,9.201391584565)
  );
#779 = CARTESIAN_POINT('',(-0.759201358407,3.889929804575,9.293393468859
    ));
#780 = CARTESIAN_POINT('',(-3.074116076679,3.146403530106,9.385439203332
    ));
#781 = CARTESIAN_POINT('',(-4.673712401614,0.849750319763,9.477398406431
    ));
#782 = CARTESIAN_POINT('',(-4.225794451969,-2.169867385176,
    9.569477408068));
#783 = CARTESIAN_POINT('',(-2.02839299926,-3.903289211368,9.661436611166
    ));
#784 = CARTESIAN_POINT('',(0.402676552345,-3.942815260855,9.753482345641
    ));
#785 = CARTESIAN_POINT('',(2.119289057795,-2.765293996352,9.845484229935
    ));
#786 = CARTESIAN_POINT('',(3.453921808113,0.456794417818,10.029516584565
    ));
#787 = CARTESIAN_POINT('',(3.072726768529,2.50325603826,10.121518468856)
  );
#788 = CARTESIAN_POINT('',(1.325751892252,4.194332693928,10.21356420334)
  );
#789 = CARTESIAN_POINT('',(-1.4537598986,4.522415878287,10.30552340642)
  );
#790 = CARTESIAN_POINT('',(-3.905677902957,2.703949581238,
    10.397602408079));
#791 = CARTESIAN_POINT('',(-4.39857159726,-5.111487862296E-02,
    10.489561611158));
#792 = CARTESIAN_POINT('',(-3.287432207174,-2.213759262043,
    10.581607345644));
#793 = CARTESIAN_POINT('',(-1.439745631322,-3.172596651615,
    10.673609229933));
#794 = CARTESIAN_POINT('',(2.031024180106,-2.830755690012,
    10.857641584567));
#795 = CARTESIAN_POINT('',(3.656148102094,-1.529876348823,
    10.949643468852));
#796 = CARTESIAN_POINT('',(4.324026308373,0.807985960053,11.041689203344
    ));
#797 = CARTESIAN_POINT('',(3.30311705696,3.413953855427,11.133648406417)
  );
#798 = CARTESIAN_POINT('',(0.543546814872,4.719133403451,11.225727408083
    ));
#799 = CARTESIAN_POINT('',(-2.118551596026,3.855098437395,
    11.317686611155));
#800 = CARTESIAN_POINT('',(-3.502046182342,1.855697476365,
    11.409732345647));
#801 = CARTESIAN_POINT('',(-3.476671842724,-0.225809421321,
    11.501734229933));
#802 = CARTESIAN_POINT('',(-1.53908546628,-3.125612407864,
    11.685766584565));
#803 = CARTESIAN_POINT('',(0.374265800828,-3.945613475425,
    11.777768468861));
#804 = CARTESIAN_POINT('',(2.750911891185,-3.432568803987,
    11.869814203329));
#805 = CARTESIAN_POINT('',(4.567917102607,-1.303762464041,
    11.961773406436));
#806 = CARTESIAN_POINT('',(4.418130292646,1.745218592827,12.053852408064
    ));
#807 = CARTESIAN_POINT('',(2.40121497893,3.685676525687,12.145811611169)
  );
#808 = CARTESIAN_POINT('',(-1.427407796594E-02,3.963298731831,
    12.237857345639));
#809 = CARTESIAN_POINT('',(-1.838037892028,2.959705002905,
    12.329859229935));
#810 = CARTESIAN_POINT('',(-3.482063913107,-0.116051289288,
    12.513891584564));
#811 = CARTESIAN_POINT('',(-3.30329274766,-2.19002228536,12.60589346886)
  );
#812 = CARTESIAN_POINT('',(-1.730484530776,-4.044189426315,
    12.697939203332));
#813 = CARTESIAN_POINT('',(1.003485375567,-4.643132597715,
    12.789898406432));
#814 = CARTESIAN_POINT('',(3.621837590773,-3.073752704039,
    12.881977408068));
#815 = CARTESIAN_POINT('',(4.382401406999,-0.380266662985,
    12.973936611166));
#816 = CARTESIAN_POINT('',(3.488588674792,1.880874702139,13.065982345641
    ));
#817 = CARTESIAN_POINT('',(1.743781713795,3.016199981995,13.157984229935
    ));
#818 = CARTESIAN_POINT('',(-1.743781665837,3.016200009714,
    13.342016584564));
#819 = CARTESIAN_POINT('',(-3.488588644884,1.880874757634,
    13.434018468861));
#820 = CARTESIAN_POINT('',(-4.382401413056,-0.380266593354,
    13.526064203328));
#821 = CARTESIAN_POINT('',(-3.621837639619,-3.073752646388,
    13.618023406437));
#822 = CARTESIAN_POINT('',(-1.003485449437,-4.643132581813,
    13.710102408063));
#823 = CARTESIAN_POINT('',(1.730484466512,-4.044189453798,13.80206161117
    ));
#824 = CARTESIAN_POINT('',(3.303292712816,-2.190022337897,
    13.894107345639));
#825 = CARTESIAN_POINT('',(3.482063911268,-0.116051344651,
    13.986109229935));
#826 = CARTESIAN_POINT('',(1.838037939083,2.959704973676,14.170141584565
    ));
#827 = CARTESIAN_POINT('',(1.427414100672E-02,3.963298731616,
    14.262143468856));
#828 = CARTESIAN_POINT('',(-2.401214920376,3.685676563851,
    14.354189203337));
#829 = CARTESIAN_POINT('',(-4.418130264827,1.745218663084,
    14.446148406426));
#830 = CARTESIAN_POINT('',(-4.567917123406,-1.3037623914,14.538227408073
    ));
#831 = CARTESIAN_POINT('',(-2.750911945716,-3.432568760265,
    14.630186611162));
#832 = CARTESIAN_POINT('',(-0.374265863587,-3.945613469462,
    14.722232345642));
#833 = CARTESIAN_POINT('',(1.539085416588,-3.12561243234,14.814234229934
    ));
#834 = CARTESIAN_POINT('',(3.476671839128,-0.225809476597,
    14.998266584564));
#835 = CARTESIAN_POINT('',(3.502046211869,1.855697420666,15.090268468861
    ));
#836 = CARTESIAN_POINT('',(2.118551657288,3.855098403747,15.182314203328
    ));
#837 = CARTESIAN_POINT('',(-0.543546739801,4.719133412035,
    15.274273406438));
#838 = CARTESIAN_POINT('',(-3.303117002697,3.413953908013,
    15.366352408062));
#839 = CARTESIAN_POINT('',(-4.324026295523,0.807986028755,15.45831161117
    ));
#840 = CARTESIAN_POINT('',(-3.656148126417,-1.529876290663,
    15.550357345638));
#841 = CARTESIAN_POINT('',(-2.031024225117,-2.830755657725,
    15.642359229935));
#842 = CARTESIAN_POINT('',(1.439745580878,-3.172596674501,
    15.826391584564));
#843 = CARTESIAN_POINT('',(3.287432171969,-2.213759314339,
    15.918393468859));
#844 = CARTESIAN_POINT('',(4.398571596464,-5.111494851305E-02,
    16.010439203334));
#845 = CARTESIAN_POINT('',(3.905677945915,2.703949519077,16.102398406428
    ));
#846 = CARTESIAN_POINT('',(1.453759970556,4.522415855222,16.194477408071
    ));
#847 = CARTESIAN_POINT('',(-1.325751825603,4.194332714978,
    16.286436611164));
#848 = CARTESIAN_POINT('',(-3.072726728704,2.503256087129,
    16.378482345641));
#849 = CARTESIAN_POINT('',(-3.453921800857,0.456794472734,
    16.470484229935));
#850 = CARTESIAN_POINT('',(-2.119289101758,-2.765293962652,
    16.654516584563));
#851 = CARTESIAN_POINT('',(-0.402676615061,-3.94281525446,
    16.746518468864));
#852 = CARTESIAN_POINT('',(2.028392937248,-3.903289243612,
    16.838564203325));
#853 = CARTESIAN_POINT('',(4.225794417398,-2.169867452363,
    16.930523406439));
#854 = CARTESIAN_POINT('',(4.673712415193,0.849750245428,17.022602408061
    ));
#855 = CARTESIAN_POINT('',(3.074116126662,3.146403481253,17.114561611173
    ));
#856 = CARTESIAN_POINT('',(0.759201420278,3.889929792487,17.206607345635
    ));
#857 = CARTESIAN_POINT('',(-1.225310707235,3.261418505419,
    17.298609229937));
#858 = CARTESIAN_POINT('',(-3.437797514797,0.565495573783,
    17.482641584562));
#859 = CARTESIAN_POINT('',(-3.667073056642,-1.503501175381,
    17.574643468867));
#860 = CARTESIAN_POINT('',(-2.486215973225,-3.628880676141,
    17.666689203319));
#861 = CARTESIAN_POINT('',(7.83734518043E-02,-4.749686391855,
    17.758648406448));
#862 = CARTESIAN_POINT('',(2.952585592212,-3.721276869597,
    17.850727408052));
#863 = CARTESIAN_POINT('',(4.224008447071,-1.227924047378,
    17.942686611178));
#864 = CARTESIAN_POINT('',(3.788496872929,1.164144334193,18.034732345634
    ));
#865 = CARTESIAN_POINT('',(2.298706862879,2.618049609023,18.126734229937
    ));
#866 = CARTESIAN_POINT('',(-1.121843958929,3.298439498994,
    18.310766584563));
#867 = CARTESIAN_POINT('',(-3.054615930146,2.525324158683,
    18.402768468862));
#868 = CARTESIAN_POINT('',(-4.372381130892,0.482004225485,
    18.494814203327));
#869 = CARTESIAN_POINT('',(-4.151904438532,-2.308105879771,
    18.586773406439));
#870 = CARTESIAN_POINT('',(-1.890033988454,-4.358145791737,
    18.678852408061));
#871 = CARTESIAN_POINT('',(0.908251469886,-4.304082259261,
    18.770811611171));
#872 = CARTESIAN_POINT('',(2.812568706471,-2.792382111821,
    18.862857345638));
#873 = CARTESIAN_POINT('',(3.392516535397,-0.793138420335,
    18.954859229936));
#874 = CARTESIAN_POINT('',(2.380130351862,2.544251659105,19.138891584561
    ));
#875 = CARTESIAN_POINT('',(0.787201093188,3.884360311042,19.230893468869
    ));
#876 = CARTESIAN_POINT('',(-1.636036421302,4.083311114202,
    19.322939203317));
#877 = CARTESIAN_POINT('',(-3.992761859675,2.573619231905,
    19.414898406449));
#878 = CARTESIAN_POINT('',(-4.734497301511,-0.387554540073,
    19.506977408052));
#879 = CARTESIAN_POINT('',(-3.367714888825,-2.829936616717,
    19.598936611179));
#880 = CARTESIAN_POINT('',(-1.136825452272,-3.79678396516,
    19.690982345633));
#881 = CARTESIAN_POINT('',(0.899735585949,-3.365815335417,
    19.782984229937));
#882 = CARTESIAN_POINT('',(3.365815321106,-0.899735639462,
    19.967016584564));
#883 = CARTESIAN_POINT('',(3.796783983254,1.136825391881,20.059018468857
    ));
#884 = CARTESIAN_POINT('',(2.829936670234,3.367714843874,20.15106420334)
  );
#885 = CARTESIAN_POINT('',(0.387554615381,4.734497295279,20.24302340642)
  );
#886 = CARTESIAN_POINT('',(-2.573619168431,3.992761900669,
    20.335102408079));
#887 = CARTESIAN_POINT('',(-4.083311088191,1.636036486173,
    20.427061611158));
#888 = CARTESIAN_POINT('',(-3.884360323554,-0.787201031399,
    20.519107345644));
#889 = CARTESIAN_POINT('',(-2.544251696951,-2.380130311414,
    20.611109229934));
#890 = CARTESIAN_POINT('',(0.793138366395,-3.392516548001,
    20.795141584565));
#891 = CARTESIAN_POINT('',(2.792382067092,-2.812568750895,
    20.887143468859));
#892 = CARTESIAN_POINT('',(4.304082244844,-0.908251538276,
    20.979189203331));
#893 = CARTESIAN_POINT('',(4.358145821743,1.890033919107,21.071148406434
    ));
#894 = CARTESIAN_POINT('',(2.308105945845,4.151904401871,21.163227408066
    ));
#895 = CARTESIAN_POINT('',(-0.482004156011,4.372381138537,
    21.255186611167));
#896 = CARTESIAN_POINT('',(-2.525324110088,3.054615970305,21.34723234564
    ));
#897 = CARTESIAN_POINT('',(-3.298439481163,1.121844011374,
    21.439234229935));
#898 = CARTESIAN_POINT('',(-2.618049645566,-2.29870682125,
    21.623266584564));
#899 = CARTESIAN_POINT('',(-1.164144394458,-3.788496854423,
    21.715268468861));
#900 = CARTESIAN_POINT('',(1.227923980268,-4.224008466595,
    21.807314203331));
#901 = CARTESIAN_POINT('',(3.721276822581,-2.952585651365,
    21.899273406431));
#902 = CARTESIAN_POINT('',(4.749686390672,-7.837352735786E-02,
    21.991352408069));
#903 = CARTESIAN_POINT('',(3.628880715631,2.486215915558,22.083311611165
    ));
#904 = CARTESIAN_POINT('',(1.503501233707,3.667073032716,22.175357345641
    ));
#905 = CARTESIAN_POINT('',(-0.565495519125,3.437797523794,
    22.267359229934));
#906 = CARTESIAN_POINT('',(-3.261418485931,1.225310759088,
    22.451391584566));
#907 = CARTESIAN_POINT('',(-3.889929804575,-0.759201358407,
    22.543393468854));
#908 = CARTESIAN_POINT('',(-3.146403530107,-3.074116076679,
    22.63543920334));
#909 = CARTESIAN_POINT('',(-0.849750319761,-4.673712401615,
    22.727398406422));
#910 = CARTESIAN_POINT('',(2.169867385174,-4.225794451968,
    22.819477408077));
#911 = CARTESIAN_POINT('',(3.903289211369,-2.028392999262,
    22.911436611158));
#912 = CARTESIAN_POINT('',(3.942815260855,0.402676552346,23.003482345646
    ));
#913 = CARTESIAN_POINT('',(2.765293996352,2.119289057795,23.095484229932
    ));
#914 = CARTESIAN_POINT('',(-0.456794417817,3.453921808113,
    23.279516584568));
#915 = CARTESIAN_POINT('',(-2.503256038262,3.07272676853,23.371518468848
    ));
#916 = CARTESIAN_POINT('',(-4.194332693925,1.325751892251,23.46356420335
    ));
#917 = CARTESIAN_POINT('',(-4.522415878291,-1.453759898599,
    23.55552340641));
#918 = CARTESIAN_POINT('',(-2.703949581234,-3.905677902958,
    23.647602408091));
#919 = CARTESIAN_POINT('',(5.111487862024E-02,-4.398571597259,
    23.739561611145));
#920 = CARTESIAN_POINT('',(2.213759262044,-3.287432207174,
    23.831607345656));
#921 = CARTESIAN_POINT('',(3.172596651615,-1.439745631322,
    23.923609229926));
#922 = CARTESIAN_POINT('',(2.830755690012,2.031024180106,24.10764158458)
  );
#923 = CARTESIAN_POINT('',(1.529876348823,3.65614810209,24.199643468786)
  );
#924 = CARTESIAN_POINT('',(-0.807985960055,4.324026308383,
    24.291689203514));
#925 = CARTESIAN_POINT('',(-3.413953855424,3.303117056943,
    24.383648406112));
#926 = CARTESIAN_POINT('',(-4.719133403455,0.543546814896,
    24.475727408505));
#927 = CARTESIAN_POINT('',(-3.855098437391,-2.118551596052,
    24.56768661069));
#928 = CARTESIAN_POINT('',(-1.855697476369,-3.502046182319,
    24.659732346056));
#929 = CARTESIAN_POINT('',(0.225809421324,-3.476671842741,
    24.751734229646));
#930 = CARTESIAN_POINT('',(3.125612407858,-1.539085466245,
    24.935766585166));
#931 = CARTESIAN_POINT('',(3.945613475457,0.374265800637,25.027768465612
    ));
#932 = CARTESIAN_POINT('',(3.432568803903,2.750911891684,25.119814211825
    ));
#933 = CARTESIAN_POINT('',(1.303762464195,4.567917101698,25.21177339096)
  );
#934 = CARTESIAN_POINT('',(-1.745218593044,4.418130293911,25.30385242959
    ));
#935 = CARTESIAN_POINT('',(-3.685676525447,2.401214977537,
    25.395811587492));
#936 = CARTESIAN_POINT('',(-3.963298732043,-1.427407673975E-02,
    25.487857366478));
#937 = CARTESIAN_POINT('',(-2.959705002756,-1.838037892889,
    25.579859215318));
#938 = CARTESIAN_POINT('',(0.116051288977,-3.482063911305,
    25.763891615183));
#939 = CARTESIAN_POINT('',(2.190022287043,-3.303292757394,25.85589330355
    ));
#940 = CARTESIAN_POINT('',(4.044189421915,-1.730484505324,
    25.947939635602));
#941 = CARTESIAN_POINT('',(4.64313260573,1.003485329201,26.039897618996)
  );
#942 = CARTESIAN_POINT('',(3.073752692891,3.621837655267,26.131978503371
    ));
#943 = CARTESIAN_POINT('',(0.380266675249,4.382401336051,26.223935406238
    ));
#944 = CARTESIAN_POINT('',(-1.880874712933,3.488588737242,
    26.315983406237));
#945 = CARTESIAN_POINT('',(-3.016199974424,1.74378166999,26.407983485977
    ));
#946 = CARTESIAN_POINT('',(-3.016199999999,4.795840091635E-08,
    26.500000814499));
#947 = DEFINITIONAL_REPRESENTATION('',(#948),#952);
#948 = LINE('',#949,#950);
#949 = CARTESIAN_POINT('',(0.,0.));
#950 = VECTOR('',#951,1.);
#951 = DIRECTION('',(0.,1.));
#952 = ( GEOMETRIC_REPRESENTATION_CONTEXT(2) 
PARAMETRIC_REPRESENTATION_CONTEXT() REPRESENTATION_CONTEXT('2D SPACE',''
  ) );
#953 = PCURVE('',#954,#1471);
#954 = B_SPLINE_SURFACE_WITH_KNOTS('',1,9,(
    (#955,#956,#957,#958,#959,#960,#961,#962,#963,#964,#965,#966,#967
      ,#968,#969,#970,#971,#972,#973,#974,#975,#976,#977,#978,#979,#980
      ,#981,#982,#983,#984,#985,#986,#987,#988,#989,#990,#991,#992,#993
      ,#994,#995,#996,#997,#998,#999,#1000,#1001,#1002,#1003,#1004,#1005
      ,#1006,#1007,#1008,#1009,#1010,#1011,#1012,#1013,#1014,#1015,#1016
      ,#1017,#1018,#1019,#1020,#1021,#1022,#1023,#1024,#1025,#1026,#1027
      ,#1028,#1029,#1030,#1031,#1032,#1033,#1034,#1035,#1036,#1037,#1038
      ,#1039,#1040,#1041,#1042,#1043,#1044,#1045,#1046,#1047,#1048,#1049
      ,#1050,#1051,#1052,#1053,#1054,#1055,#1056,#1057,#1058,#1059,#1060
      ,#1061,#1062,#1063,#1064,#1065,#1066,#1067,#1068,#1069,#1070,#1071
      ,#1072,#1073,#1074,#1075,#1076,#1077,#1078,#1079,#1080,#1081,#1082
      ,#1083,#1084,#1085,#1086,#1087,#1088,#1089,#1090,#1091,#1092,#1093
      ,#1094,#1095,#1096,#1097,#1098,#1099,#1100,#1101,#1102,#1103,#1104
      ,#1105,#1106,#1107,#1108,#1109,#1110,#1111,#1112,#1113,#1114,#1115
      ,#1116,#1117,#1118,#1119,#1120,#1121,#1122,#1123,#1124,#1125,#1126
      ,#1127,#1128,#1129,#1130,#1131,#1132,#1133,#1134,#1135,#1136,#1137
      ,#1138,#1139,#1140,#1141,#1142,#1143,#1144,#1145,#1146,#1147,#1148
      ,#1149,#1150,#1151,#1152,#1153,#1154,#1155,#1156,#1157,#1158,#1159
      ,#1160,#1161,#1162,#1163,#1164,#1165,#1166,#1167,#1168,#1169,#1170
      ,#1171,#1172,#1173,#1174,#1175,#1176,#1177,#1178,#1179,#1180,#1181
      ,#1182,#1183,#1184,#1185,#1186,#1187,#1188,#1189,#1190,#1191,#1192
      ,#1193,#1194,#1195,#1196,#1197,#1198,#1199,#1200,#1201,#1202,#1203
      ,#1204,#1205,#1206,#1207,#1208,#1209,#1210,#1211,#1212)
    ,(#1213,#1214,#1215,#1216,#1217,#1218,#1219,#1220,#1221,#1222,#1223
      ,#1224,#1225,#1226,#1227,#1228,#1229,#1230,#1231,#1232,#1233,#1234
      ,#1235,#1236,#1237,#1238,#1239,#1240,#1241,#1242,#1243,#1244,#1245
      ,#1246,#1247,#1248,#1249,#1250,#1251,#1252,#1253,#1254,#1255,#1256
      ,#1257,#1258,#1259,#1260,#1261,#1262,#1263,#1264,#1265,#1266,#1267
      ,#1268,#1269,#1270,#1271,#1272,#1273,#1274,#1275,#1276,#1277,#1278
      ,#1279,#1280,#1281,#1282,#1283,#1284,#1285,#1286,#1287,#1288,#1289
      ,#1290,#1291,#1292,#1293,#1294,#1295,#1296,#1297,#1298,#1299,#1300
      ,#1301,#1302,#1303,#1304,#1305,#1306,#1307,#1308,#1309,#1310,#1311
      ,#1312,#1313,#1314,#1315,#1316,#1317,#1318,#1319,#1320,#1321,#1322
      ,#1323,#1324,#1325,#1326,#1327,#1328,#1329,#1330,#1331,#1332,#1333
      ,#1334,#1335,#1336,#1337,#1338,#1339,#1340,#1341,#1342,#1343,#1344
      ,#1345,#1346,#1347,#1348,#1349,#1350,#1351,#1352,#1353,#1354,#1355
      ,#1356,#1357,#1358,#1359,#1360,#1361,#1362,#1363,#1364,#1365,#1366
      ,#1367,#1368,#1369,#1370,#1371,#1372,#1373,#1374,#1375,#1376,#1377
      ,#1378,#1379,#1380,#1381,#1382,#1383,#1384,#1385,#1386,#1387,#1388
      ,#1389,#1390,#1391,#1392,#1393,#1394,#1395,#1396,#1397,#1398,#1399
      ,#1400,#1401,#1402,#1403,#1404,#1405,#1406,#1407,#1408,#1409,#1410
      ,#1411,#1412,#1413,#1414,#1415,#1416,#1417,#1418,#1419,#1420,#1421
      ,#1422,#1423,#1424,#1425,#1426,#1427,#1428,#1429,#1430,#1431,#1432
      ,#1433,#1434,#1435,#1436,#1437,#1438,#1439,#1440,#1441,#1442,#1443
      ,#1444,#1445,#1446,#1447,#1448,#1449,#1450,#1451,#1452,#1453,#1454
      ,#1455,#1456,#1457,#1458,#1459,#1460,#1461,#1462,#1463,#1464,#1465
      ,#1466,#1467,#1468,#1469,#1470
    )),.UNSPECIFIED.,.F.,.F.,.F.,(2,2),(10,8,8,8,8,8,8,8,8,8,8,8,8,8,8,8
    ,8,8,8,8,8,8,8,8,8,8,8,8,8,8,8,8,10),(0.,0.44),(0.,5.268750812079,
    10.537501624158,15.806252436238,21.075003248317,26.343754060396,
    31.612504872475,36.881255684554,42.150006496634,47.418757308713,
    52.687508120792,57.956258932871,63.22500974495,68.49376055703,
    73.762511369109,79.031262181188,84.300012993267,89.568763805346,
    94.837514617425,100.1062654295,105.37501624158,110.64376705366,
    115.91251786574,121.18126867782,126.4500194899,131.71877030198,
    136.98752111405,142.25627192613,147.52502273821,152.79377355029,
    158.06252436237,163.33127517445,168.60002598653),.UNSPECIFIED.);
#955 = CARTESIAN_POINT('',(2.4762,-8.881784197001E-16,0.22));
#956 = CARTESIAN_POINT('',(2.476197564567,1.431594615466,0.312011398119)
  );
#957 = CARTESIAN_POINT('',(1.544139257116,2.863982297593,0.40403528674)
  );
#958 = CARTESIAN_POINT('',(-0.312182983029,3.597875232733,0.496024474467
    ));
#959 = CARTESIAN_POINT('',(-2.52347294512,2.973314022837,0.588079629131)
  );
#960 = CARTESIAN_POINT('',(-3.811812202309,0.823914523979,0.680045003988
    ));
#961 = CARTESIAN_POINT('',(-3.320188581375,-1.420725196507,0.77209937623
    ));
#962 = CARTESIAN_POINT('',(-1.797911473426,-2.711870224488,0.86408977175
    ));
#963 = CARTESIAN_POINT('',(-9.528045033549E-02,-2.858663644953,
    0.956112495517));
#964 = CARTESIAN_POINT('',(2.429825406867,-1.508962718764,1.140136926262
    ));
#965 = CARTESIAN_POINT('',(3.253708779649,-1.173667787393E-02,
    1.232159533813));
#966 = CARTESIAN_POINT('',(3.025880994099,1.971346707006,1.324150329853)
  );
#967 = CARTESIAN_POINT('',(1.432671623852,3.627115658462,1.416203851571)
  );
#968 = CARTESIAN_POINT('',(-1.070247860006,3.750108365919,1.508170562989
    ));
#969 = CARTESIAN_POINT('',(-2.818093953426,2.258419958455,1.600224069364
    ));
#970 = CARTESIAN_POINT('',(-3.239185569501,0.307249482651,1.692214889101
    ));
#971 = CARTESIAN_POINT('',(-2.566031158607,-1.263534839672,
    1.784237473782));
#972 = CARTESIAN_POINT('',(-0.185374536574,-2.854234805664,
    1.968261936638));
#973 = CARTESIAN_POINT('',(1.523436869304,-2.87504757948,2.060284519022)
  );
#974 = CARTESIAN_POINT('',(3.164963014014,-1.73930240195,2.152275346658)
  );
#975 = CARTESIAN_POINT('',(3.874187149457,0.446306928949,2.244328836295)
  );
#976 = CARTESIAN_POINT('',(2.802788967327,2.711663182695,2.336295573971)
  );
#977 = CARTESIAN_POINT('',(0.663308288943,3.549948786529,2.428349063335)
  );
#978 = CARTESIAN_POINT('',(-1.255971654259,3.00154303441,2.520339891406)
  );
#979 = CARTESIAN_POINT('',(-2.323956958292,1.667411243842,2.612362473355
    ));
#980 = CARTESIAN_POINT('',(-2.604595320104,-1.181991228031,
    2.796386936841));
#981 = CARTESIAN_POINT('',(-1.817422427528,-2.698839416864,
    2.888409518731));
#982 = CARTESIAN_POINT('',(-4.197453629267E-02,-3.611149659857,
    2.980400346989));
#983 = CARTESIAN_POINT('',(2.219886751049,-3.206340398979,3.072453835993
    ));
#984 = CARTESIAN_POINT('',(3.712698995868,-1.193570014262,3.164420574188
    ));
#985 = CARTESIAN_POINT('',(3.443456685056,1.088448589136,3.256474063216)
  );
#986 = CARTESIAN_POINT('',(2.055063688558,2.522585701134,3.348464891452)
  );
#987 = CARTESIAN_POINT('',(0.375019705691,2.835559278249,3.440487473347)
  );
#988 = CARTESIAN_POINT('',(-2.270220932921,1.739861189968,3.624511936845
    ));
#989 = CARTESIAN_POINT('',(-3.236890872568,0.33059939082,3.716534518726)
  );
#990 = CARTESIAN_POINT('',(-3.204536333207,-1.665265929738,
    3.808525346992));
#991 = CARTESIAN_POINT('',(-1.781292408034,-3.469223731418,
    3.900578835993));
#992 = CARTESIAN_POINT('',(0.697519415405,-3.836953202485,3.992545574187
    ));
#993 = CARTESIAN_POINT('',(2.583160200645,-2.523766560287,4.084599063217
    ));
#994 = CARTESIAN_POINT('',(3.193472287727,-0.623265698653,4.176589891451
    ));
#995 = CARTESIAN_POINT('',(2.677523089317,1.005935537845,4.268612473347)
  );
#996 = CARTESIAN_POINT('',(0.464245840794,2.822321002993,4.452636936845)
  );
#997 = CARTESIAN_POINT('',(-1.234297162047,3.010526364921,4.544659518725
    ));
#998 = CARTESIAN_POINT('',(-2.979241404741,2.041147809407,4.636650346996
    ));
#999 = CARTESIAN_POINT('',(-3.899277608006,-6.442109364305E-02,
    4.728703835987));
#1000 = CARTESIAN_POINT('',(-3.05508224328,-2.423884423746,
    4.820670574193));
#1001 = CARTESIAN_POINT('',(-1.00807010649,-3.467839231198,
    4.912724063213));
#1002 = CARTESIAN_POINT('',(0.955721142599,-3.110196534174,
    5.004714891453));
#1003 = CARTESIAN_POINT('',(2.149331588469,-1.887169818255,
    5.096737473346));
#1004 = CARTESIAN_POINT('',(2.707908881791,0.921004632205,5.280761936845
    ));
#1005 = CARTESIAN_POINT('',(2.073203563644,2.507705218285,5.372784518728
    ));
#1006 = CARTESIAN_POINT('',(0.39572698038,3.589646763206,5.46477534699)
  );
#1007 = CARTESIAN_POINT('',(-1.894921072747,3.408487944765,
    5.556828835995));
#1008 = CARTESIAN_POINT('',(-3.577831015843,1.551730786891,
    5.648795574186));
#1009 = CARTESIAN_POINT('',(-3.533562118026,-0.745689634561,
    5.740849063218));
#1010 = CARTESIAN_POINT('',(-2.292424631853,-2.309007295541,
    5.832839891451));
#1011 = CARTESIAN_POINT('',(-0.651147294994,-2.785146926168,
    5.924862473346));
#1012 = CARTESIAN_POINT('',(2.088752980204,-1.954003846548,
    6.108886936847));
#1013 = CARTESIAN_POINT('',(3.1888999514,-0.646278251275,6.200909518719)
  );
#1014 = CARTESIAN_POINT('',(3.352330219195,1.34314773165,6.292900347008)
  );
#1015 = CARTESIAN_POINT('',(2.112758387532,3.277921283001,6.384953835971
    ));
#1016 = CARTESIAN_POINT('',(-0.318073488287,3.886846082481,
    6.476920574208));
#1017 = CARTESIAN_POINT('',(-2.323349197126,2.764807910371,
    6.568974063203));
#1018 = CARTESIAN_POINT('',(-3.117004124352,0.93327952532,6.660964891457
    ));
#1019 = CARTESIAN_POINT('',(-2.763229008575,-0.738648526898,
    6.752987473345));
#1020 = CARTESIAN_POINT('',(-0.738646203985,-2.76322670622,
    6.937011936846));
#1021 = CARTESIAN_POINT('',(0.933270498668,-3.117012135755,
    7.029034518726));
#1022 = CARTESIAN_POINT('',(2.7648280718,-2.323335847646,7.121025346994)
  );
#1023 = CARTESIAN_POINT('',(3.886815891916,-0.318085152019,7.21307883599
    ));
#1024 = CARTESIAN_POINT('',(3.277953406947,2.112762332774,7.305045574191
    ));
#1025 = CARTESIAN_POINT('',(1.343123657957,3.352332488352,7.397099063214
    ));
#1026 = CARTESIAN_POINT('',(-0.646266513929,3.18889714111,7.489089891452
    ));
#1027 = CARTESIAN_POINT('',(-1.954006980497,2.088753915685,
    7.581112473347));
#1028 = CARTESIAN_POINT('',(-2.785143800658,-0.651148258298,
    7.765136936845));
#1029 = CARTESIAN_POINT('',(-2.309018616108,-2.292420447604,
    7.857159518728));
#1030 = CARTESIAN_POINT('',(-0.745668357327,-3.533573605923,
    7.94915034699));
#1031 = CARTESIAN_POINT('',(1.551706268649,-3.577809888376,
    8.041203835996));
#1032 = CARTESIAN_POINT('',(3.408506567293,-1.894947543778,
    8.133170574184));
#1033 = CARTESIAN_POINT('',(3.589637416156,0.395749281168,8.225224063219
    ));
#1034 = CARTESIAN_POINT('',(2.507708272779,2.073191887461,8.31721489145)
  );
#1035 = CARTESIAN_POINT('',(0.921003979892,2.707912086673,8.409237473347
    ));
#1036 = CARTESIAN_POINT('',(-1.887169194458,2.149328377916,
    8.593261936845));
#1037 = CARTESIAN_POINT('',(-3.110198180473,0.955733098886,
    8.685284518726));
#1038 = CARTESIAN_POINT('',(-3.467839332602,-1.008094286684,
    8.777275346994));
#1039 = CARTESIAN_POINT('',(-2.423877348802,-3.055050660716,
    8.86932883599));
#1040 = CARTESIAN_POINT('',(-6.443566040955E-02,-3.899306509953,
    8.961295574191));
#1041 = CARTESIAN_POINT('',(2.041163070776,-2.979222648871,
    9.053349063214));
#1042 = CARTESIAN_POINT('',(3.010517507326,-1.23430535998,9.145339891453
    ));
#1043 = CARTESIAN_POINT('',(2.822323521947,0.464247926852,9.237362473346
    ));
#1044 = CARTESIAN_POINT('',(1.005933000447,2.677521025734,9.421386936847
    ));
#1045 = CARTESIAN_POINT('',(-0.623255930213,3.193479375785,
    9.513409518717));
#1046 = CARTESIAN_POINT('',(-2.523787933108,2.583148891612,
    9.605400347012));
#1047 = CARTESIAN_POINT('',(-3.836922014055,0.697528063781,
    9.697453835965));
#1048 = CARTESIAN_POINT('',(-3.469256087376,-1.781293185582,
    9.789420574215));
#1049 = CARTESIAN_POINT('',(-1.665242194384,-3.204540951072,
    9.881474063198));
#1050 = CARTESIAN_POINT('',(0.330587985451,-3.236886925349,
    9.973464891461));
#1051 = CARTESIAN_POINT('',(1.739864217132,-2.270222171078,
    10.065487473344));
#1052 = CARTESIAN_POINT('',(2.835556262211,0.37502097071,10.249511936848
    ));
#1053 = CARTESIAN_POINT('',(2.522596557054,2.055058414853,
    10.341534518718));
#1054 = CARTESIAN_POINT('',(1.088428540378,3.443470203156,
    10.433525347007));
#1055 = CARTESIAN_POINT('',(-1.193547684948,3.712675566949,
    10.525578835974));
#1056 = CARTESIAN_POINT('',(-3.206356337211,2.219914919918,
    10.617545574204));
#1057 = CARTESIAN_POINT('',(-3.611142543681,-4.199764584817E-02,
    10.709599063207));
#1058 = CARTESIAN_POINT('',(-2.698841312181,-1.817410508187,
    10.801589891455));
#1059 = CARTESIAN_POINT('',(-1.181990892993,-2.604598573486,
    10.893612473347));
#1060 = CARTESIAN_POINT('',(1.667410937738,-2.323953702064,
    11.077636936844));
#1061 = CARTESIAN_POINT('',(3.001543500859,-1.255983714298,
    11.169659518733));
#1062 = CARTESIAN_POINT('',(3.549951257524,0.663332342657,
    11.261650346979));
#1063 = CARTESIAN_POINT('',(2.711653046174,2.802758230506,11.35370383601
    ));
#1064 = CARTESIAN_POINT('',(0.446324258473,3.874214484158,
    11.445670574172));
#1065 = CARTESIAN_POINT('',(-1.739319428242,3.164945844651,
    11.537724063227));
#1066 = CARTESIAN_POINT('',(-2.875037960989,1.523444159284,
    11.629714891447));
#1067 = CARTESIAN_POINT('',(-2.854237516964,-0.185376365486,
    11.721737473347));
#1068 = CARTESIAN_POINT('',(-1.263532112215,-2.566029354087,
    11.905761936847));
#1069 = CARTESIAN_POINT('',(0.30723906644,-3.239191663696,
    11.997784518718));
#1070 = CARTESIAN_POINT('',(2.258442336988,-2.818084799656,
    12.089775347011));
#1071 = CARTESIAN_POINT('',(3.750076479708,-1.070253398983,
    12.181828835966));
#1072 = CARTESIAN_POINT('',(3.627147935209,1.432669211258,
    12.273795574215));
#1073 = CARTESIAN_POINT('',(1.971323538156,3.025887932654,
    12.365849063197));
#1074 = CARTESIAN_POINT('',(-1.172571395021E-02,3.253703719033,
    12.457839891461));
#1075 = CARTESIAN_POINT('',(-1.508965610251,2.429826945935,
    12.549862473344));
#1076 = CARTESIAN_POINT('',(-2.858660766885,-9.528202616625E-02,
    12.733886936848));
#1077 = CARTESIAN_POINT('',(-2.711880514169,-1.797905046154,
    12.825909518718));
#1078 = CARTESIAN_POINT('',(-1.420706561586,-3.32020429995,
    12.917900347009));
#1079 = CARTESIAN_POINT('',(0.823894584577,-3.811786150245,
    13.009953835971));
#1080 = CARTESIAN_POINT('',(2.97332714283,-2.523503301862,
    13.101920574207));
#1081 = CARTESIAN_POINT('',(3.597870394457,-0.312158449753,
    13.193974063204));
#1082 = CARTESIAN_POINT('',(2.863983034411,1.544126472221,
    13.285964891457));
#1083 = CARTESIAN_POINT('',(1.431594587652,2.476201352217,
    13.377987473345));
#1084 = CARTESIAN_POINT('',(-1.431594602189,2.476198081661,
    13.562011936847));
#1085 = CARTESIAN_POINT('',(-2.863982316522,1.544138519937,
    13.654034518718));
#1086 = CARTESIAN_POINT('',(-3.597875211227,-0.312182145529,
    13.746025347009));
#1087 = CARTESIAN_POINT('',(-2.97331404239,-2.523473706426,
    13.838078835969));
#1088 = CARTESIAN_POINT('',(-0.823914509919,-3.811811654991,
    13.930045574211));
#1089 = CARTESIAN_POINT('',(1.420725188786,-3.320188881828,
    14.022099063201));
#1090 = CARTESIAN_POINT('',(2.711870227442,-1.797911358528,
    14.114089891458));
#1091 = CARTESIAN_POINT('',(2.858663644405,-9.528047161638E-02,
    14.206112473345));
#1092 = CARTESIAN_POINT('',(1.508962719025,2.429825417025,
    14.390136936846));
#1093 = CARTESIAN_POINT('',(1.173667750128E-02,3.253708765167,
    14.482159518726));
#1094 = CARTESIAN_POINT('',(-1.971346706581,3.025881010553,
    14.574150346994));
#1095 = CARTESIAN_POINT('',(-3.627115658849,1.432671608894,
    14.666203835988));
#1096 = CARTESIAN_POINT('',(-3.750108365638,-1.070247849253,
    14.758170574194));
#1097 = CARTESIAN_POINT('',(-2.258419958611,-2.818093959328,
    14.850224063211));
#1098 = CARTESIAN_POINT('',(-0.30724948259,-3.239185567245,
    14.942214891455));
#1099 = CARTESIAN_POINT('',(1.26353483966,-2.566031159024,
    15.034237473345));
#1100 = CARTESIAN_POINT('',(2.85423480567,-0.185374536375,
    15.218261936847));
#1101 = CARTESIAN_POINT('',(2.875047579469,1.523436869023,
    15.310284518719));
#1102 = CARTESIAN_POINT('',(1.739302401965,3.16496301433,15.402275347008
    ));
#1103 = CARTESIAN_POINT('',(-0.446306928964,3.874187149175,
    15.49432883597));
#1104 = CARTESIAN_POINT('',(-2.711663182684,2.802788967525,
    15.586295574211));
#1105 = CARTESIAN_POINT('',(-3.549948786535,0.663308288838,
    15.678349063199));
#1106 = CARTESIAN_POINT('',(-3.001543034409,-1.25597165422,
    15.77033989146));
#1107 = CARTESIAN_POINT('',(-1.667411243842,-2.323956958298,
    15.862362473344));
#1108 = CARTESIAN_POINT('',(1.18199122803,-2.604595320102,
    16.046386936849));
#1109 = CARTESIAN_POINT('',(2.698839416866,-1.817422427527,
    16.138409518713));
#1110 = CARTESIAN_POINT('',(3.61114965985,-4.197453629625E-02,
    16.230400347018));
#1111 = CARTESIAN_POINT('',(3.206340398991,2.219886751053,
    16.322453835958));
#1112 = CARTESIAN_POINT('',(1.193570014248,3.712698995864,16.41442057422
    ));
#1113 = CARTESIAN_POINT('',(-1.088448589125,3.443456685059,
    16.506474063195));
#1114 = CARTESIAN_POINT('',(-2.522585701139,2.055063688557,
    16.598464891462));
#1115 = CARTESIAN_POINT('',(-2.835559278247,0.375019705692,
    16.690487473343));
#1116 = CARTESIAN_POINT('',(-1.739861189971,-2.270220932922,
    16.87451193685));
#1117 = CARTESIAN_POINT('',(-0.330599390806,-3.236890872566,
    16.966534518705));
#1118 = CARTESIAN_POINT('',(1.665265929709,-3.204536333206,
    17.058525347036));
#1119 = CARTESIAN_POINT('',(3.469223731459,-1.781292408041,
    17.150578835932));
#1120 = CARTESIAN_POINT('',(3.836953202445,0.697519415416,
    17.242545574247));
#1121 = CARTESIAN_POINT('',(2.523766560316,2.583160200634,
    17.334599063175));
#1122 = CARTESIAN_POINT('',(0.62326569864,3.193472287734,17.426589891472
    ));
#1123 = CARTESIAN_POINT('',(-1.005935537842,2.677523089314,
    17.518612473341));
#1124 = CARTESIAN_POINT('',(-2.822321002996,0.464245840797,
    17.702636936851));
#1125 = CARTESIAN_POINT('',(-3.010526364913,-1.234297162057,
    17.794659518706));
#1126 = CARTESIAN_POINT('',(-2.041147809421,-2.979241404719,
    17.886650347033));
#1127 = CARTESIAN_POINT('',(6.442109365771E-02,-3.899277608037,
    17.978703835936));
#1128 = CARTESIAN_POINT('',(2.423884423737,-3.055082243247,
    18.070670574244));
#1129 = CARTESIAN_POINT('',(3.467839231201,-1.008070106515,
    18.162724063177));
#1130 = CARTESIAN_POINT('',(3.110196534175,0.955721142612,
    18.254714891471));
#1131 = CARTESIAN_POINT('',(1.887169818254,2.149331588466,
    18.346737473342));
#1132 = CARTESIAN_POINT('',(-0.921004632204,2.707908881794,
    18.530761936849));
#1133 = CARTESIAN_POINT('',(-2.507705218289,2.073203563636,
    18.622784518716));
#1134 = CARTESIAN_POINT('',(-3.589646763196,0.395726980394,
    18.714775347013));
#1135 = CARTESIAN_POINT('',(-3.408487944781,-1.894921072763,
    18.806828835963));
#1136 = CARTESIAN_POINT('',(-1.551730786873,-3.577831015829,
    18.898795574218));
#1137 = CARTESIAN_POINT('',(0.745689634545,-3.533562118035,
    18.990849063194));
#1138 = CARTESIAN_POINT('',(2.30900729555,-2.29242463185,19.082839891464
    ));
#1139 = CARTESIAN_POINT('',(2.785146926165,-0.651147294995,
    19.174862473342));
#1140 = CARTESIAN_POINT('',(1.954003846551,2.088752980205,
    19.358886936852));
#1141 = CARTESIAN_POINT('',(0.646278251262,3.1888999514,19.450909518702)
  );
#1142 = CARTESIAN_POINT('',(-1.343147731625,3.352330219192,
    19.542900347042));
#1143 = CARTESIAN_POINT('',(-3.277921283035,2.11275838754,
    19.634953835925));
#1144 = CARTESIAN_POINT('',(-3.886846082449,-0.318073488299,
    19.726920574253));
#1145 = CARTESIAN_POINT('',(-2.764807910392,-2.323349197115,
    19.818974063172));
#1146 = CARTESIAN_POINT('',(-0.933279525311,-3.117004124359,
    19.910964891473));
#1147 = CARTESIAN_POINT('',(0.738648526896,-2.763229008573,
    20.002987473341));
#1148 = CARTESIAN_POINT('',(2.763226706221,-0.738646203987,
    20.187011936849));
#1149 = CARTESIAN_POINT('',(3.117012135752,0.933270498671,
    20.279034518717));
#1150 = CARTESIAN_POINT('',(2.32333584765,2.764828071794,20.371025347008
    ));
#1151 = CARTESIAN_POINT('',(0.318085152016,3.886815891922,
    20.463078835974));
#1152 = CARTESIAN_POINT('',(-2.112762332771,3.277953406942,
    20.555045574203));
#1153 = CARTESIAN_POINT('',(-3.352332488353,1.34312365796,
    20.647099063207));
#1154 = CARTESIAN_POINT('',(-3.188897141109,-0.646266513931,
    20.739089891455));
#1155 = CARTESIAN_POINT('',(-2.088753915685,-1.954006980496,
    20.831112473346));
#1156 = CARTESIAN_POINT('',(0.651148258298,-2.785143800659,
    21.015136936847));
#1157 = CARTESIAN_POINT('',(2.292420447608,-2.309018616102,
    21.10715951872));
#1158 = CARTESIAN_POINT('',(3.533573605914,-0.745668357338,
    21.199150347007));
#1159 = CARTESIAN_POINT('',(3.577809888392,1.551706268664,
    21.291203835971));
#1160 = CARTESIAN_POINT('',(1.894947543761,3.40850656728,21.383170574211
    ));
#1161 = CARTESIAN_POINT('',(-0.395749281154,3.589637416165,
    21.475224063199));
#1162 = CARTESIAN_POINT('',(-2.073191887469,2.507708272775,
    21.567214891461));
#1163 = CARTESIAN_POINT('',(-2.70791208667,0.921003979893,
    21.659237473343));
#1164 = CARTESIAN_POINT('',(-2.149328377919,-1.887169194458,
    21.843261936849));
#1165 = CARTESIAN_POINT('',(-0.955733098876,-3.110198180473,
    21.935284518711));
#1166 = CARTESIAN_POINT('',(1.008094286666,-3.467839332597,
    22.027275347023));
#1167 = CARTESIAN_POINT('',(3.055050660737,-2.423877348812,
    22.119328835952));
#1168 = CARTESIAN_POINT('',(3.899306509935,-6.443566039675E-02,
    22.211295574226));
#1169 = CARTESIAN_POINT('',(2.979222648881,2.041163070766,
    22.303349063191));
#1170 = CARTESIAN_POINT('',(1.234305359976,3.010517507332,
    22.395339891462));
#1171 = CARTESIAN_POINT('',(-0.464247926852,2.822323521946,
    22.487362473345));
#1172 = CARTESIAN_POINT('',(-2.677521025733,1.005933000446,
    22.671386936845));
#1173 = CARTESIAN_POINT('',(-3.193479375789,-0.623255930207,
    22.763409518728));
#1174 = CARTESIAN_POINT('',(-2.583148891606,-2.523787933123,
    22.855400346987));
#1175 = CARTESIAN_POINT('',(-0.697528063785,-3.836922014032,
    22.947453836002));
#1176 = CARTESIAN_POINT('',(1.781293185583,-3.4692560874,23.039420574177
    ));
#1177 = CARTESIAN_POINT('',(3.204540951073,-1.665242194367,
    23.131474063226));
#1178 = CARTESIAN_POINT('',(3.236886925346,0.330587985442,
    23.223464891446));
#1179 = CARTESIAN_POINT('',(2.27022217108,1.739864217135,23.315487473349
    ));
#1180 = CARTESIAN_POINT('',(-0.375020970711,2.835556262207,
    23.499511936841));
#1181 = CARTESIAN_POINT('',(-2.055058414846,2.522596557065,
    23.591534518743));
#1182 = CARTESIAN_POINT('',(-3.443470203172,1.088428540362,
    23.68352534696));
#1183 = CARTESIAN_POINT('',(-3.712675566927,-1.19354768493,
    23.775578836036));
#1184 = CARTESIAN_POINT('',(-2.219914919938,-3.206356337224,
    23.867545574146));
#1185 = CARTESIAN_POINT('',(4.19976458595E-02,-3.611142543674,
    23.959599063247));
#1186 = CARTESIAN_POINT('',(1.817410508185,-2.698841312184,
    24.051589891435));
#1187 = CARTESIAN_POINT('',(2.604598573484,-1.181990892992,
    24.143612473354));
#1188 = CARTESIAN_POINT('',(2.32395370207,1.667410937737,24.327636936832
    ));
#1189 = CARTESIAN_POINT('',(1.255983714257,3.001543500862,
    24.419659518787));
#1190 = CARTESIAN_POINT('',(-0.663332342544,3.549951257515,
    24.511650346844));
#1191 = CARTESIAN_POINT('',(-2.802758230716,2.711653046192,
    24.603703836245));
#1192 = CARTESIAN_POINT('',(-3.874214483862,0.446324258447,
    24.695670573854));
#1193 = CARTESIAN_POINT('',(-3.164945844979,-1.739319428212,
    24.787724063569));
#1194 = CARTESIAN_POINT('',(-1.523444158993,-2.875037961017,
    24.87971489115));
#1195 = CARTESIAN_POINT('',(0.185376365282,-2.854237516944,
    24.971737473555));
#1196 = CARTESIAN_POINT('',(2.566029354514,-1.263532112256,
    25.155761936411));
#1197 = CARTESIAN_POINT('',(3.239191661391,0.307239066659,
    25.247784521069));
#1198 = CARTESIAN_POINT('',(2.818084805683,2.258442336415,
    25.339775340862));
#1199 = CARTESIAN_POINT('',(1.070253388004,3.75007648075,25.431828847169
    ));
#1200 = CARTESIAN_POINT('',(-1.432669195986,3.627147933761,
    25.52379555863));
#1201 = CARTESIAN_POINT('',(-3.025887949456,1.971323539749,
    25.615849080343));
#1202 = CARTESIAN_POINT('',(-3.253703704243,-1.172571535279E-02,
    25.70783987637));
#1203 = CARTESIAN_POINT('',(-2.429826956309,-1.508965609267,
    25.799862483929));
#1204 = CARTESIAN_POINT('',(9.528204789893E-02,-2.858660768948,
    25.983886914674));
#1205 = CARTESIAN_POINT('',(1.797904928817,-2.711880503028,
    26.075909638431));
#1206 = CARTESIAN_POINT('',(3.320204606776,-1.420706590724,
    26.167900033971));
#1207 = CARTESIAN_POINT('',(3.811785591321,0.823894637663,
    26.259954406203));
#1208 = CARTESIAN_POINT('',(2.52350407931,2.973327068983,26.351919781037
    ));
#1209 = CARTESIAN_POINT('',(0.312157594496,3.5978704757,26.443974935751)
  );
#1210 = CARTESIAN_POINT('',(-1.544125719412,2.863982962898,
    26.535964123432));
#1211 = CARTESIAN_POINT('',(-2.476201880276,1.431594637815,
    26.627988012077));
#1212 = CARTESIAN_POINT('',(-2.476199427875,-3.472850355438E-08,
    26.71999941019));
#1213 = CARTESIAN_POINT('',(2.4762,-1.110223024625E-15,-0.22));
#1214 = CARTESIAN_POINT('',(2.476202432331,1.431595003303,
    -0.127988601881));
#1215 = CARTESIAN_POINT('',(1.544126035998,2.863983646322,
    -3.596471326105E-02));
#1216 = CARTESIAN_POINT('',(-0.312157717061,3.597871302512,
    5.602447448347E-02));
#1217 = CARTESIAN_POINT('',(-2.523504704062,2.973327720713,
    0.148079629086));
#1218 = CARTESIAN_POINT('',(-3.811786483623,0.823894774433,
    0.240045004055));
#1219 = CARTESIAN_POINT('',(-3.320205353942,-1.420706965458,
    0.332099376172));
#1220 = CARTESIAN_POINT('',(-1.797905306214,-2.711881154861,
    0.42408977178));
#1221 = CARTESIAN_POINT('',(-9.528202981492E-02,-2.858661430768,
    0.516112495512));
#1222 = CARTESIAN_POINT('',(2.429827538878,-1.508965923845,
    0.700136926264));
#1223 = CARTESIAN_POINT('',(3.253704456205,-1.172567239218E-02,
    0.792159533809));
#1224 = CARTESIAN_POINT('',(3.025888620865,1.971324037593,0.884150329875
    ));
#1225 = CARTESIAN_POINT('',(1.432669476253,3.627148791978,0.976203851522
    ));
#1226 = CARTESIAN_POINT('',(-1.070253688012,3.750077332151,
    1.068170563059));
#1227 = CARTESIAN_POINT('',(-2.818085488376,2.258442818719,
    1.160224069305));
#1228 = CARTESIAN_POINT('',(-3.239192414164,0.307239092216,
    1.252214889131));
#1229 = CARTESIAN_POINT('',(-2.566029929662,-1.263532440184,
    1.344237473776));
#1230 = CARTESIAN_POINT('',(-0.185376368095,-2.854238179014,
    1.52826193664));
#1231 = CARTESIAN_POINT('',(1.52344455135,-2.875038603944,1.620284519017
    ));
#1232 = CARTESIAN_POINT('',(3.164946600552,-1.739319785645,1.71227534668
    ));
#1233 = CARTESIAN_POINT('',(3.874215372834,0.446324415815,1.804328836246
    ));
#1234 = CARTESIAN_POINT('',(2.802758840191,2.71165371214,1.896295574041)
  );
#1235 = CARTESIAN_POINT('',(0.663332446053,3.549952086944,1.988349063276
    ));
#1236 = CARTESIAN_POINT('',(-1.255984046557,3.001544176797,
    2.080339891437));
#1237 = CARTESIAN_POINT('',(-2.323954262404,1.667411290389,
    2.172362473349));
#1238 = CARTESIAN_POINT('',(-2.6045991587,-1.18199120261,2.356386936844)
  );
#1239 = CARTESIAN_POINT('',(-1.817410890244,-2.698841961282,
    2.448409518726));
#1240 = CARTESIAN_POINT('',(-4.199760490943E-02,-3.611143378528,
    2.540400347011));
#1241 = CARTESIAN_POINT('',(2.219915477781,-3.206357047038,
    2.632453835944));
#1242 = CARTESIAN_POINT('',(3.712676441546,-1.19354790852,2.724420574258
    ));
#1243 = CARTESIAN_POINT('',(3.443470983458,1.08842884007,2.816474063156)
  );
#1244 = CARTESIAN_POINT('',(2.055058854321,2.52259716876,2.908464891482)
  );
#1245 = CARTESIAN_POINT('',(0.375021017583,2.835556922616,3.000487473341
    ));
#1246 = CARTESIAN_POINT('',(-2.270222720008,1.739864587298,
    3.184511936848));
#1247 = CARTESIAN_POINT('',(-3.2368876779,0.330588016401,3.276534518721)
  );
#1248 = CARTESIAN_POINT('',(-3.204541668047,-1.66524262402,
    3.368525347014));
#1249 = CARTESIAN_POINT('',(-1.781293548618,-3.469256913992,
    3.460578835943));
#1250 = CARTESIAN_POINT('',(0.697528278892,-3.83692289076,3.552545574257
    ));
#1251 = CARTESIAN_POINT('',(2.583149523744,-2.523788480006,
    3.644599063158));
#1252 = CARTESIAN_POINT('',(3.193480122428,-0.623256029432,
    3.736589891482));
#1253 = CARTESIAN_POINT('',(2.677521630255,1.005933270422,3.828612473341
    ));
#1254 = CARTESIAN_POINT('',(0.464247994545,2.822324180553,4.012636936848
    ));
#1255 = CARTESIAN_POINT('',(-1.234305687431,3.010518185613,4.10465951872
    ));
#1256 = CARTESIAN_POINT('',(-2.979223365764,2.041163500552,
    4.196650347018));
#1257 = CARTESIAN_POINT('',(-3.899307410083,-6.44357298911E-02,
    4.288703835937));
#1258 = CARTESIAN_POINT('',(-3.055051332515,-2.423877951799,
    4.380670574263));
#1259 = CARTESIAN_POINT('',(-1.008094471006,-3.467840147894,
    4.472724063153));
#1260 = CARTESIAN_POINT('',(0.955733363341,-3.110198885724,
    4.564714891484));
#1261 = CARTESIAN_POINT('',(2.149328900984,-1.887169600333,
    4.656737473341));
#1262 = CARTESIAN_POINT('',(2.707912699421,0.921004230658,4.840761936848
    ));
#1263 = CARTESIAN_POINT('',(2.073192331296,2.507708881306,4.932784518722
    ));
#1264 = CARTESIAN_POINT('',(0.395749322257,3.589638250998,5.024775347012
    ));
#1265 = CARTESIAN_POINT('',(-1.894948029376,3.40850732838,5.116828835945
    ));
#1266 = CARTESIAN_POINT('',(-3.577810736853,1.551706576875,
    5.208795574256));
#1267 = CARTESIAN_POINT('',(-3.533574411837,-0.745668579097,
    5.300849063158));
#1268 = CARTESIAN_POINT('',(-2.292420944917,-2.309019181788,
    5.392839891482));
#1269 = CARTESIAN_POINT('',(-0.651148369676,-2.785144453291,
    5.48486247334));
#1270 = CARTESIAN_POINT('',(2.088754425688,-1.954007402682,
    5.668886936849));
#1271 = CARTESIAN_POINT('',(3.188897887004,-0.646266618505,
    5.760909518714));
#1272 = CARTESIAN_POINT('',(3.352333243988,1.343124015274,5.852900347029
    ));
#1273 = CARTESIAN_POINT('',(2.112762775078,3.277954193963,5.944953835922
    ));
#1274 = CARTESIAN_POINT('',(-0.318085280152,3.886816785519,
    6.036920574278));
#1275 = CARTESIAN_POINT('',(-2.323336423139,2.764828678001,
    6.128974063143));
#1276 = CARTESIAN_POINT('',(-3.11701286907,0.933270670602,6.220964891488
    ));
#1277 = CARTESIAN_POINT('',(-2.763227334294,-0.738646413408,
    6.31298747334));
#1278 = CARTESIAN_POINT('',(-0.73864865882,-2.763229657374,
    6.497011936848));
#1279 = CARTESIAN_POINT('',(0.933279784712,-3.117004831466,
    6.589034518721));
#1280 = CARTESIAN_POINT('',(2.764808581684,-2.323349695104,
    6.681025347015));
#1281 = CARTESIAN_POINT('',(3.886846985092,-0.318073507364,6.77307883594
    ));
#1282 = CARTESIAN_POINT('',(3.277922010663,2.112758921776,6.865045574261
    ));
#1283 = CARTESIAN_POINT('',(1.343147995003,3.352331012494,6.957099063155
    ));
#1284 = CARTESIAN_POINT('',(-0.646278445332,3.188900679178,
    7.049089891483));
#1285 = CARTESIAN_POINT('',(-1.954004327313,2.088753435394,
    7.141112473341));
#1286 = CARTESIAN_POINT('',(-2.785147560546,-0.651147484492,
    7.325136936847));
#1287 = CARTESIAN_POINT('',(-2.309007796885,-2.292425193949,
    7.417159518723));
#1288 = CARTESIAN_POINT('',(-0.745689757281,-3.533562944816,
    7.509150347011));
#1289 = CARTESIAN_POINT('',(1.551731195551,-3.577831820866,
    7.601203835947));
#1290 = CARTESIAN_POINT('',(3.408488758946,-1.89492146265,7.693170574254
    ));
#1291 = CARTESIAN_POINT('',(3.589647586976,0.395727122086,7.78522406316)
  );
#1292 = CARTESIAN_POINT('',(2.50770576865,2.073204077858,7.87721489148)
  );
#1293 = CARTESIAN_POINT('',(0.921004807015,2.707909520364,7.969237473341
    ));
#1294 = CARTESIAN_POINT('',(-1.88717028442,2.149332058612,8.153261936848
    ));
#1295 = CARTESIAN_POINT('',(-3.110197266229,0.955721319775,
    8.245284518721));
#1296 = CARTESIAN_POINT('',(-3.467840018214,-1.008070388005,
    8.337275347015));
#1297 = CARTESIAN_POINT('',(-2.423884941069,-3.055082983176,
    8.429328835941));
#1298 = CARTESIAN_POINT('',(-6.442105370693E-02,-3.899278509843,
    8.52129557426));
#1299 = CARTESIAN_POINT('',(2.041148322704,-2.979242064444,
    8.613349063155));
#1300 = CARTESIAN_POINT('',(3.010527077856,-1.234297405026,
    8.705339891483));
#1301 = CARTESIAN_POINT('',(2.822321648569,0.464245987646,8.79736247334)
  );
#1302 = CARTESIAN_POINT('',(1.005935732723,2.67752372206,8.98138693685)
  );
#1303 = CARTESIAN_POINT('',(-0.623265887477,3.193473016866,
    9.073409518712));
#1304 = CARTESIAN_POINT('',(-2.523767179579,2.583160762019,
    9.165400347034));
#1305 = CARTESIAN_POINT('',(-3.836954098849,0.697519522868,
    9.257453835915));
#1306 = CARTESIAN_POINT('',(-3.469224507972,-1.781292868385,
    9.349420574285));
#1307 = CARTESIAN_POINT('',(-1.665266269557,-3.204537096874,
    9.441474063138));
#1308 = CARTESIAN_POINT('',(0.330599512598,-3.23689161586,9.533464891491
    ));
#1309 = CARTESIAN_POINT('',(1.739861623804,-2.270221433043,
    9.625487473338));
#1310 = CARTESIAN_POINT('',(2.835559928145,0.375019832097,9.80951193685)
  );
#1311 = CARTESIAN_POINT('',(2.522586255162,2.055064198803,9.901534518713
    ));
#1312 = CARTESIAN_POINT('',(1.088448792299,3.443457495843,9.993525347028
    ));
#1313 = CARTESIAN_POINT('',(-1.193570342043,3.712699837064,
    10.085578835925));
#1314 = CARTESIAN_POINT('',(-3.206341171026,2.219887218881,
    10.177545574273));
#1315 = CARTESIAN_POINT('',(-3.611150493549,-4.197459657152E-02,
    10.269599063148));
#1316 = CARTESIAN_POINT('',(-2.69884001498,-1.817422885324,
    10.361589891485));
#1317 = CARTESIAN_POINT('',(-1.181991464591,-2.604595938463,
    10.453612473341));
#1318 = CARTESIAN_POINT('',(1.667411661681,-2.323957471872,
    10.637636936846));
#1319 = CARTESIAN_POINT('',(3.001543745573,-1.255971902287,
    10.729659518728));
#1320 = CARTESIAN_POINT('',(3.54994959735,0.663308491838,10.821650347));
#1321 = CARTESIAN_POINT('',(2.711663770048,2.802789653173,
    10.913703835961));
#1322 = CARTESIAN_POINT('',(0.446306977604,3.874188050565,
    11.005670574241));
#1323 = CARTESIAN_POINT('',(-1.739302848118,3.164963721181,
    11.097724063168));
#1324 = CARTESIAN_POINT('',(-2.875048265161,1.523437180707,
    11.189714891478));
#1325 = CARTESIAN_POINT('',(-2.85423546253,-0.185374619241,
    11.281737473341));
#1326 = CARTESIAN_POINT('',(-1.263535095621,-2.56603176962,
    11.465761936849));
#1327 = CARTESIAN_POINT('',(0.307249599041,-3.23918631138,
    11.557784518713));
#1328 = CARTESIAN_POINT('',(2.258420519889,-2.818094578699,
    11.649775347033));
#1329 = CARTESIAN_POINT('',(3.75010924716,-1.070248044059,
    11.741828835916));
#1330 = CARTESIAN_POINT('',(3.627116476781,1.432671990914,
    11.833795574286));
#1331 = CARTESIAN_POINT('',(1.97134711962,3.025881737234,11.925849063137
    ));
#1332 = CARTESIAN_POINT('',(-1.173672583857E-02,3.253709516816,
    12.017839891492));
#1333 = CARTESIAN_POINT('',(-1.508963101751,2.429825957263,
    12.109862473338));
#1334 = CARTESIAN_POINT('',(-2.858664303562,-9.528053371286E-02,
    12.293886936851));
#1335 = CARTESIAN_POINT('',(-2.711870828813,-1.797911812012,
    12.385909518713));
#1336 = CARTESIAN_POINT('',(-1.420725470447,-3.320189668796,
    12.47790034703));
#1337 = CARTESIAN_POINT('',(0.823914753677,-3.811812524267,
    12.569953835922));
#1338 = CARTESIAN_POINT('',(2.973314764858,-2.523474247678,
    12.661920574277));
#1339 = CARTESIAN_POINT('',(3.597876046815,-0.312182167255,
    12.753974063144));
#1340 = CARTESIAN_POINT('',(2.863982956629,1.5441389169,12.845964891488)
  );
#1341 = CARTESIAN_POINT('',(1.43159489822,2.47619867386,12.937987473339)
  );
#1342 = CARTESIAN_POINT('',(-1.43159495314,2.47620190427,13.12201193685)
  );
#1343 = CARTESIAN_POINT('',(-2.863983717833,1.544126788813,
    13.214034518713));
#1344 = CARTESIAN_POINT('',(-3.597871221275,-0.312158572327,
    13.306025347031));
#1345 = CARTESIAN_POINT('',(-2.973327794554,-2.523503926607,
    13.398078835919));
#1346 = CARTESIAN_POINT('',(-0.823894721353,-3.811787042552,
    13.490045574281));
#1347 = CARTESIAN_POINT('',(1.420706936322,-3.320205047113,
    13.582099063141));
#1348 = CARTESIAN_POINT('',(2.711881166002,-1.797905423551,
    13.674089891489));
#1349 = CARTESIAN_POINT('',(2.858661428705,-9.528200808231E-02,
    13.766112473339));
#1350 = CARTESIAN_POINT('',(1.50896592483,2.429827528503,13.950136936848
    ));
#1351 = CARTESIAN_POINT('',(1.172567098793E-02,3.253704470995,
    14.04215951872));
#1352 = CARTESIAN_POINT('',(-1.971324035998,3.025888604061,
    14.134150347016));
#1353 = CARTESIAN_POINT('',(-3.627148793426,1.432669491529,
    14.226203835938));
#1354 = CARTESIAN_POINT('',(-3.750077331112,-1.070253698994,
    14.318170574265));
#1355 = CARTESIAN_POINT('',(-2.258442819288,-2.818085482348,
    14.410224063151));
#1356 = CARTESIAN_POINT('',(-0.307239092,-3.239192416468,14.502214891486
    ));
#1357 = CARTESIAN_POINT('',(1.263532440144,-2.566029929236,
    14.594237473339));
#1358 = CARTESIAN_POINT('',(2.854238179032,-0.185376368298,
    14.77826193685));
#1359 = CARTESIAN_POINT('',(2.875038603921,1.523444551636,
    14.870284518715));
#1360 = CARTESIAN_POINT('',(1.739319785668,3.164946600233,
    14.962275347028));
#1361 = CARTESIAN_POINT('',(-0.446324415833,3.874215373118,
    15.054328835922));
#1362 = CARTESIAN_POINT('',(-2.711653712128,2.802758839993,
    15.146295574279));
#1363 = CARTESIAN_POINT('',(-3.54995208695,0.663332446158,
    15.238349063141));
#1364 = CARTESIAN_POINT('',(-3.001544176795,-1.255984046596,
    15.33033989149));
#1365 = CARTESIAN_POINT('',(-1.667411290389,-2.323954262398,
    15.422362473338));
#1366 = CARTESIAN_POINT('',(1.181991202611,-2.604599158702,
    15.606386936851));
#1367 = CARTESIAN_POINT('',(2.698841961279,-1.817410890246,
    15.698409518709));
#1368 = CARTESIAN_POINT('',(3.611143378536,-4.199760490094E-02,
    15.790400347039));
#1369 = CARTESIAN_POINT('',(3.206357047026,2.219915477767,15.88245383591
    ));
#1370 = CARTESIAN_POINT('',(1.193547908532,3.71267644156,15.974420574288
    ));
#1371 = CARTESIAN_POINT('',(-1.088428840079,3.443470983448,
    16.066474063136));
#1372 = CARTESIAN_POINT('',(-2.522597168755,2.055058854326,
    16.158464891492));
#1373 = CARTESIAN_POINT('',(-2.835556922618,0.375021017582,
    16.250487473337));
#1374 = CARTESIAN_POINT('',(-1.739864587294,-2.270222720006,
    16.434511936853));
#1375 = CARTESIAN_POINT('',(-0.330588016415,-3.236887677904,
    16.5265345187));
#1376 = CARTESIAN_POINT('',(1.665242624051,-3.204541668043,
    16.618525347058));
#1377 = CARTESIAN_POINT('',(3.469256913949,-1.781293548618,
    16.710578835882));
#1378 = CARTESIAN_POINT('',(3.836922890802,0.697528278887,
    16.802545574319));
#1379 = CARTESIAN_POINT('',(2.523788479977,2.583149523752,
    16.894599063114));
#1380 = CARTESIAN_POINT('',(0.623256029445,3.193480122421,
    16.986589891503));
#1381 = CARTESIAN_POINT('',(-1.005933270425,2.677521630258,
    17.078612473335));
#1382 = CARTESIAN_POINT('',(-2.822324180549,0.464247994542,
    17.262636936854));
#1383 = CARTESIAN_POINT('',(-3.010518185622,-1.234305687419,
    17.354659518701));
#1384 = CARTESIAN_POINT('',(-2.041163500537,-2.979223365791,
    17.446650347056));
#1385 = CARTESIAN_POINT('',(6.443572987487E-02,-3.899307410042,
    17.538703835884));
#1386 = CARTESIAN_POINT('',(2.423877951811,-3.055051332556,
    17.630670574316));
#1387 = CARTESIAN_POINT('',(3.467840147888,-1.008094470976,
    17.722724063116));
#1388 = CARTESIAN_POINT('',(3.110198885725,0.955733363326,
    17.814714891502));
#1389 = CARTESIAN_POINT('',(1.887169600334,2.149328900988,
    17.906737473336));
#1390 = CARTESIAN_POINT('',(-0.921004230658,2.707912699418,
    18.090761936851));
#1391 = CARTESIAN_POINT('',(-2.507708881302,2.073192331307,
    18.182784518711));
#1392 = CARTESIAN_POINT('',(-3.589638251008,0.395749322237,
    18.274775347034));
#1393 = CARTESIAN_POINT('',(-3.408507328364,-1.89494802935,
    18.366828835915));
#1394 = CARTESIAN_POINT('',(-1.551706576894,-3.577810736878,
    18.458795574287));
#1395 = CARTESIAN_POINT('',(0.745668579112,-3.533574411821,
    18.550849063135));
#1396 = CARTESIAN_POINT('',(2.30901918178,-2.292420944924,
    18.642839891494));
#1397 = CARTESIAN_POINT('',(2.785144453293,-0.651148369675,
    18.734862473336));
#1398 = CARTESIAN_POINT('',(1.954007402678,2.088754425687,
    18.918886936854));
#1399 = CARTESIAN_POINT('',(0.646266618519,3.188897887006,
    19.010909518697));
#1400 = CARTESIAN_POINT('',(-1.3431240153,3.352333243989,19.102900347062
    ));
#1401 = CARTESIAN_POINT('',(-3.277954193928,2.112762775072,
    19.194953835877));
#1402 = CARTESIAN_POINT('',(-3.886816785552,-0.318085280143,
    19.286920574322));
#1403 = CARTESIAN_POINT('',(-2.764828677979,-2.323336423148,
    19.378974063112));
#1404 = CARTESIAN_POINT('',(-0.933270670612,-3.117012869065,
    19.470964891503));
#1405 = CARTESIAN_POINT('',(0.73864641341,-2.763227334296,
    19.562987473336));
#1406 = CARTESIAN_POINT('',(2.763229657373,-0.738648658818,
    19.747011936851));
#1407 = CARTESIAN_POINT('',(3.117004831467,0.933279784705,
    19.839034518712));
#1408 = CARTESIAN_POINT('',(2.323349695107,2.764808581696,
    19.931025347029));
#1409 = CARTESIAN_POINT('',(0.318073507359,3.886846985077,
    20.023078835925));
#1410 = CARTESIAN_POINT('',(-2.11275892177,3.277922010675,
    20.115045574273));
#1411 = CARTESIAN_POINT('',(-3.352331012497,1.343147994996,
    20.207099063148));
#1412 = CARTESIAN_POINT('',(-3.188900679177,-0.64627844533,
    20.299089891486));
#1413 = CARTESIAN_POINT('',(-2.088753435394,-1.954004327313,
    20.39111247334));
#1414 = CARTESIAN_POINT('',(0.651147484492,-2.785147560544,
    20.575136936849));
#1415 = CARTESIAN_POINT('',(2.292425193946,-2.309007796891,
    20.667159518715));
#1416 = CARTESIAN_POINT('',(3.533562944823,-0.745689757268,
    20.759150347027));
#1417 = CARTESIAN_POINT('',(3.577831820855,1.551731195535,
    20.851203835924));
#1418 = CARTESIAN_POINT('',(1.894921462663,3.408488758961,
    20.943170574278));
#1419 = CARTESIAN_POINT('',(-0.395727122098,3.589647586966,
    21.035224063142));
#1420 = CARTESIAN_POINT('',(-2.073204077851,2.507705768654,
    21.12721489149));
#1421 = CARTESIAN_POINT('',(-2.707909520366,0.921004807015,
    21.219237473338));
#1422 = CARTESIAN_POINT('',(-2.149332058608,-1.88717028442,
    21.403261936852));
#1423 = CARTESIAN_POINT('',(-0.955721319786,-3.110197266228,
    21.495284518707));
#1424 = CARTESIAN_POINT('',(1.008070388027,-3.467840018218,
    21.587275347042));
#1425 = CARTESIAN_POINT('',(3.055082983146,-2.42388494106,
    21.679328835906));
#1426 = CARTESIAN_POINT('',(3.899278509871,-6.442105371827E-02,
    21.771295574292));
#1427 = CARTESIAN_POINT('',(2.979242064427,2.041148322713,
    21.863349063134));
#1428 = CARTESIAN_POINT('',(1.234297405032,3.010527077852,
    21.955339891492));
#1429 = CARTESIAN_POINT('',(-0.464245987647,2.82232164857,
    22.047362473339));
#1430 = CARTESIAN_POINT('',(-2.677523722061,1.005935732724,
    22.231386936848));
#1431 = CARTESIAN_POINT('',(-3.193473016862,-0.623265887485,
    22.323409518724));
#1432 = CARTESIAN_POINT('',(-2.583160762026,-2.52376717956,
    22.415400347008));
#1433 = CARTESIAN_POINT('',(-0.69751952286,-3.836954098878,
    22.507453835953));
#1434 = CARTESIAN_POINT('',(1.781292868379,-3.469224507942,
    22.599420574246));
#1435 = CARTESIAN_POINT('',(3.204537096876,-1.665266269579,
    22.691474063167));
#1436 = CARTESIAN_POINT('',(3.236891615861,0.330599512609,
    22.783464891476));
#1437 = CARTESIAN_POINT('',(2.270221433042,1.7398616238,22.875487473343)
  );
#1438 = CARTESIAN_POINT('',(-0.375019832096,2.835559928148,
    23.059511936844));
#1439 = CARTESIAN_POINT('',(-2.055064198812,2.522586255151,
    23.151534518737));
#1440 = CARTESIAN_POINT('',(-3.443457495822,1.088448792317,
    23.243525346982));
#1441 = CARTESIAN_POINT('',(-3.712699837093,-1.193570342063,
    23.335578835986));
#1442 = CARTESIAN_POINT('',(-2.219887218855,-3.20634117101,
    23.427545574216));
#1443 = CARTESIAN_POINT('',(4.197459655635E-02,-3.611150493556,
    23.519599063187));
#1444 = CARTESIAN_POINT('',(1.817422885328,-2.698840014978,
    23.611589891465));
#1445 = CARTESIAN_POINT('',(2.604595938465,-1.181991464591,
    23.703612473348));
#1446 = CARTESIAN_POINT('',(2.323957471865,1.667411661681,
    23.887636936835));
#1447 = CARTESIAN_POINT('',(1.255971902326,3.001543745576,
    23.979659518782));
#1448 = CARTESIAN_POINT('',(-0.663308491947,3.549949597341,
    24.071650346866));
#1449 = CARTESIAN_POINT('',(-2.802789652968,2.711663770061,
    24.163703836195));
#1450 = CARTESIAN_POINT('',(-3.874188050856,0.446306977588,
    24.255670573925));
#1451 = CARTESIAN_POINT('',(-3.164963720858,-1.739302848105,
    24.347724063508));
#1452 = CARTESIAN_POINT('',(-1.523437180991,-2.87504826517,
    24.439714891181));
#1453 = CARTESIAN_POINT('',(0.185374619441,-2.854235462525,
    24.531737473549));
#1454 = CARTESIAN_POINT('',(2.566031769202,-1.263535095632,
    24.715761936414));
#1455 = CARTESIAN_POINT('',(3.239186313637,0.307249599099,
    24.807784521064));
#1456 = CARTESIAN_POINT('',(2.818094572799,2.258420519736,
    24.899775340883));
#1457 = CARTESIAN_POINT('',(1.070248054808,3.75010924744,24.991828847121
    ));
#1458 = CARTESIAN_POINT('',(-1.432672005868,3.627116476391,
    25.083795558699));
#1459 = CARTESIAN_POINT('',(-3.025881720782,1.971347120047,
    25.175849080284));
#1460 = CARTESIAN_POINT('',(-3.253709531299,-1.173672621378E-02,
    25.2678398764));
#1461 = CARTESIAN_POINT('',(-2.429825947104,-1.508963101489,
    25.359862483923));
#1462 = CARTESIAN_POINT('',(9.528051243116E-02,-2.85866430411,
    25.543886914677));
#1463 = CARTESIAN_POINT('',(1.797911926914,-2.711870825857,
    25.635909638425));
#1464 = CARTESIAN_POINT('',(3.320189368336,-1.42072547817,
    25.727900033996));
#1465 = CARTESIAN_POINT('',(3.811813071591,0.823914767738,
    25.819954406148));
#1466 = CARTESIAN_POINT('',(2.523473486368,2.973314745305,
    25.911919781116));
#1467 = CARTESIAN_POINT('',(0.312183004757,3.597876068322,
    26.003974935683));
#1468 = CARTESIAN_POINT('',(-1.544139654079,2.8639829377,26.095964123471
    ));
#1469 = CARTESIAN_POINT('',(-2.476198156766,1.431594911497,
    26.187988012065));
#1470 = CARTESIAN_POINT('',(-2.476200572126,-3.472847380041E-08,
    26.279999410191));
#1471 = DEFINITIONAL_REPRESENTATION('',(#1472),#1475);
#1472 = B_SPLINE_CURVE_WITH_KNOTS('',1,(#1473,#1474),.UNSPECIFIED.,.F.,
  .F.,(2,2),(0.,168.60002598653),.PIECEWISE_BEZIER_KNOTS.);
#1473 = CARTESIAN_POINT('',(0.44,0.));
#1474 = CARTESIAN_POINT('',(0.44,168.60002598653));
#1475 = ( GEOMETRIC_REPRESENTATION_CONTEXT(2) 
PARAMETRIC_REPRESENTATION_CONTEXT() REPRESENTATION_CONTEXT('2D SPACE',''
  ) );
#1476 = ORIENTED_EDGE('',*,*,#1477,.T.);
#1477 = EDGE_CURVE('',#165,#1478,#1480,.T.);
#1478 = VERTEX_POINT('',#1479);
#1479 = CARTESIAN_POINT('',(3.0162,4.440892098501E-16,5.551115123126E-17
    ));
#1480 = SURFACE_CURVE('',#1481,(#1484,#1491),.PCURVE_S1.);
#1481 = B_SPLINE_CURVE_WITH_KNOTS('',1,(#1482,#1483),.UNSPECIFIED.,.F.,
  .F.,(2,2),(0.,0.583095189485),.PIECEWISE_BEZIER_KNOTS.);
#1482 = CARTESIAN_POINT('',(2.4762,-1.110223024625E-15,-0.22));
#1483 = CARTESIAN_POINT('',(3.0162,4.440892098501E-16,5.551115123126E-17
    ));
#1484 = PCURVE('',#430,#1485);
#1485 = DEFINITIONAL_REPRESENTATION('',(#1486),#1490);
#1486 = LINE('',#1487,#1488);
#1487 = CARTESIAN_POINT('',(0.,0.));
#1488 = VECTOR('',#1489,1.);
#1489 = DIRECTION('',(1.,0.));
#1490 = ( GEOMETRIC_REPRESENTATION_CONTEXT(2) 
PARAMETRIC_REPRESENTATION_CONTEXT() REPRESENTATION_CONTEXT('2D SPACE',''
  ) );
#1491 = PCURVE('',#1492,#1497);
#1492 = PLANE('',#1493);
#1493 = AXIS2_PLACEMENT_3D('',#1494,#1495,#1496);
#1494 = CARTESIAN_POINT('',(2.672236165105,-7.976786257193E-16,
    -7.344160313184E-17));
#1495 = DIRECTION('',(3.610169760866E-15,-1.,-1.79627016542E-15));
#1496 = DIRECTION('',(-1.,-3.610169760866E-15,0.));
#1497 = DEFINITIONAL_REPRESENTATION('',(#1498),#1501);
#1498 = B_SPLINE_CURVE_WITH_KNOTS('',1,(#1499,#1500),.UNSPECIFIED.,.F.,
  .F.,(2,2),(0.,0.583095189485),.PIECEWISE_BEZIER_KNOTS.);
#1499 = CARTESIAN_POINT('',(0.196036165105,0.22));
#1500 = CARTESIAN_POINT('',(-0.343963834895,-1.289527543631E-16));
#1501 = ( GEOMETRIC_REPRESENTATION_CONTEXT(2) 
PARAMETRIC_REPRESENTATION_CONTEXT() REPRESENTATION_CONTEXT('2D SPACE',''
  ) );
#1502 = ORIENTED_EDGE('',*,*,#1503,.T.);
#1503 = EDGE_CURVE('',#1478,#1504,#1506,.T.);
#1504 = VERTEX_POINT('',#1505);
#1505 = CARTESIAN_POINT('',(-3.016199999999,4.795839736363E-08,
    26.500000814499));
#1506 = SURFACE_CURVE('',#1507,(#1766,#1773),.PCURVE_S1.);
#1507 = B_SPLINE_CURVE_WITH_KNOTS('',9,(#1508,#1509,#1510,#1511,#1512,
    #1513,#1514,#1515,#1516,#1517,#1518,#1519,#1520,#1521,#1522,#1523,
    #1524,#1525,#1526,#1527,#1528,#1529,#1530,#1531,#1532,#1533,#1534,
    #1535,#1536,#1537,#1538,#1539,#1540,#1541,#1542,#1543,#1544,#1545,
    #1546,#1547,#1548,#1549,#1550,#1551,#1552,#1553,#1554,#1555,#1556,
    #1557,#1558,#1559,#1560,#1561,#1562,#1563,#1564,#1565,#1566,#1567,
    #1568,#1569,#1570,#1571,#1572,#1573,#1574,#1575,#1576,#1577,#1578,
    #1579,#1580,#1581,#1582,#1583,#1584,#1585,#1586,#1587,#1588,#1589,
    #1590,#1591,#1592,#1593,#1594,#1595,#1596,#1597,#1598,#1599,#1600,
    #1601,#1602,#1603,#1604,#1605,#1606,#1607,#1608,#1609,#1610,#1611,
    #1612,#1613,#1614,#1615,#1616,#1617,#1618,#1619,#1620,#1621,#1622,
    #1623,#1624,#1625,#1626,#1627,#1628,#1629,#1630,#1631,#1632,#1633,
    #1634,#1635,#1636,#1637,#1638,#1639,#1640,#1641,#1642,#1643,#1644,
    #1645,#1646,#1647,#1648,#1649,#1650,#1651,#1652,#1653,#1654,#1655,
    #1656,#1657,#1658,#1659,#1660,#1661,#1662,#1663,#1664,#1665,#1666,
    #1667,#1668,#1669,#1670,#1671,#1672,#1673,#1674,#1675,#1676,#1677,
    #1678,#1679,#1680,#1681,#1682,#1683,#1684,#1685,#1686,#1687,#1688,
    #1689,#1690,#1691,#1692,#1693,#1694,#1695,#1696,#1697,#1698,#1699,
    #1700,#1701,#1702,#1703,#1704,#1705,#1706,#1707,#1708,#1709,#1710,
    #1711,#1712,#1713,#1714,#1715,#1716,#1717,#1718,#1719,#1720,#1721,
    #1722,#1723,#1724,#1725,#1726,#1727,#1728,#1729,#1730,#1731,#1732,
    #1733,#1734,#1735,#1736,#1737,#1738,#1739,#1740,#1741,#1742,#1743,
    #1744,#1745,#1746,#1747,#1748,#1749,#1750,#1751,#1752,#1753,#1754,
    #1755,#1756,#1757,#1758,#1759,#1760,#1761,#1762,#1763,#1764,#1765),
  .UNSPECIFIED.,.F.,.F.,(10,8,8,8,8,8,8,8,8,8,8,8,8,8,8,8,8,8,8,8,8,8,8,
    8,8,8,8,8,8,8,8,8,10),(0.,5.268750812079,10.537501624158,
    15.806252436238,21.075003248317,26.343754060396,31.612504872475,
    36.881255684554,42.150006496634,47.418757308713,52.687508120792,
    57.956258932871,63.22500974495,68.49376055703,73.762511369109,
    79.031262181188,84.300012993267,89.568763805346,94.837514617425,
    100.1062654295,105.37501624158,110.64376705366,115.91251786574,
    121.18126867782,126.4500194899,131.71877030198,136.98752111405,
    142.25627192613,147.52502273821,152.79377355029,158.06252436237,
    163.33127517445,168.60002598653),.UNSPECIFIED.);
#1508 = CARTESIAN_POINT('',(3.0162,4.440892098501E-16,5.551115123126E-17
    ));
#1509 = CARTESIAN_POINT('',(3.016200002142,1.743781622031,
    9.201732852371E-02));
#1510 = CARTESIAN_POINT('',(1.88087476843,3.488588707335,0.18401740826)
  );
#1511 = CARTESIAN_POINT('',(-0.380266605619,4.382401342105,
    0.276065408264));
#1512 = CARTESIAN_POINT('',(-3.073752635238,3.621837704116,
    0.368022311126));
#1513 = CARTESIAN_POINT('',(-4.643132589829,1.003485403066,
    0.460103195505));
#1514 = CARTESIAN_POINT('',(-4.044189449397,-1.730484441057,
    0.552061178897));
#1515 = CARTESIAN_POINT('',(-2.19002233958,-3.303292722551,
    0.644107510949));
#1516 = CARTESIAN_POINT('',(-0.116051344339,-3.482063909465,
    0.736109199316));
#1517 = CARTESIAN_POINT('',(2.959704973527,-1.838037939943,
    0.920141599182));
#1518 = CARTESIAN_POINT('',(3.963298731827,-1.427413977972E-02,
    1.012143448018));
#1519 = CARTESIAN_POINT('',(3.685676563611,2.401214918982,1.104189227013
    ));
#1520 = CARTESIAN_POINT('',(1.745218663302,4.418130266094,1.196148384902
    ));
#1521 = CARTESIAN_POINT('',(-1.303762391556,4.567917122495,
    1.288227423549));
#1522 = CARTESIAN_POINT('',(-3.432568760179,2.750911946216,
    1.380186602665));
#1523 = CARTESIAN_POINT('',(-3.945613469495,0.374265863395,
    1.472232348893));
#1524 = CARTESIAN_POINT('',(-3.125612432334,-1.539085416552,
    1.564234229332));
#1525 = CARTESIAN_POINT('',(-0.2258094766,-3.476671839145,1.748266584853
    ));
#1526 = CARTESIAN_POINT('',(1.85569742067,-3.502046211844,1.840268468445
    ));
#1527 = CARTESIAN_POINT('',(3.855098403741,-2.118551657315,
    1.932314203806));
#1528 = CARTESIAN_POINT('',(4.719133412041,0.543546739826,2.024273405998
    ));
#1529 = CARTESIAN_POINT('',(3.413953908008,3.30311700268,2.116352408383)
  );
#1530 = CARTESIAN_POINT('',(0.807986028758,4.324026295532,2.208311610991
    ));
#1531 = CARTESIAN_POINT('',(-1.529876290665,3.656148126414,
    2.300357345709));
#1532 = CARTESIAN_POINT('',(-2.830755657725,2.031024225117,
    2.392359229921));
#1533 = CARTESIAN_POINT('',(-3.172596674501,-1.439745580878,
    2.576391584572));
#1534 = CARTESIAN_POINT('',(-2.213759314339,-3.28743217197,
    2.668393468846));
#1535 = CARTESIAN_POINT('',(-5.111494851417E-02,-4.398571596462,
    2.760439203349));
#1536 = CARTESIAN_POINT('',(2.703949519079,-3.905677945916,
    2.852398406413));
#1537 = CARTESIAN_POINT('',(4.522415855219,-1.453759970555,
    2.944477408084));
#1538 = CARTESIAN_POINT('',(4.19433271498,1.325751825603,3.036436611155)
  );
#1539 = CARTESIAN_POINT('',(2.503256087128,3.072726728704,3.128482345646
    ));
#1540 = CARTESIAN_POINT('',(0.456794472734,3.453921800856,3.220484229933
    ));
#1541 = CARTESIAN_POINT('',(-2.765293962652,2.119289101758,
    3.404516584566));
#1542 = CARTESIAN_POINT('',(-3.942815254461,0.402676615061,
    3.496518468853));
#1543 = CARTESIAN_POINT('',(-3.90328924361,-2.028392937248,
    3.588564203343));
#1544 = CARTESIAN_POINT('',(-2.169867452366,-4.225794417398,
    3.680523406419));
#1545 = CARTESIAN_POINT('',(0.849750245432,-4.673712415193,
    3.772602408081));
#1546 = CARTESIAN_POINT('',(3.14640348125,-3.074116126662,3.864561611157
    ));
#1547 = CARTESIAN_POINT('',(3.889929792489,-0.759201420279,
    3.956607345646));
#1548 = CARTESIAN_POINT('',(3.261418505418,1.225310707235,4.048609229933
    ));
#1549 = CARTESIAN_POINT('',(0.565495573783,3.437797514797,4.232641584566
    ));
#1550 = CARTESIAN_POINT('',(-1.503501175383,3.667073056642,
    4.324643468854));
#1551 = CARTESIAN_POINT('',(-3.628880676137,2.486215973223,4.41668920334
    ));
#1552 = CARTESIAN_POINT('',(-4.74968639186,-7.837345179994E-02,
    4.508648406422));
#1553 = CARTESIAN_POINT('',(-3.721276869593,-2.952585592217,
    4.600727408078));
#1554 = CARTESIAN_POINT('',(-1.227924047381,-4.224008447067,
    4.692686611159));
#1555 = CARTESIAN_POINT('',(1.164144334195,-3.788496872931,
    4.784732345645));
#1556 = CARTESIAN_POINT('',(2.618049609023,-2.298706862879,
    4.876734229933));
#1557 = CARTESIAN_POINT('',(3.298439498994,1.121843958929,5.060766584567
    ));
#1558 = CARTESIAN_POINT('',(2.525324158682,3.054615930147,5.152768468852
    ));
#1559 = CARTESIAN_POINT('',(0.482004225486,4.372381130891,5.244814203344
    ));
#1560 = CARTESIAN_POINT('',(-2.308105879773,4.151904438534,
    5.336773406417));
#1561 = CARTESIAN_POINT('',(-4.358145791735,1.890033988452,
    5.428852408082));
#1562 = CARTESIAN_POINT('',(-4.304082259262,-0.908251469884,
    5.520811611156));
#1563 = CARTESIAN_POINT('',(-2.792382111821,-2.812568706472,
    5.612857345646));
#1564 = CARTESIAN_POINT('',(-0.793138420334,-3.392516535397,
    5.704859229933));
#1565 = CARTESIAN_POINT('',(2.544251659104,-2.380130351862,
    5.888891584565));
#1566 = CARTESIAN_POINT('',(3.884360311044,-0.787201093187,
    5.980893468859));
#1567 = CARTESIAN_POINT('',(4.083311114199,1.636036421302,6.072939203333
    ));
#1568 = CARTESIAN_POINT('',(2.573619231909,3.992761859675,6.164898406431
    ));
#1569 = CARTESIAN_POINT('',(-0.387554540076,4.734497301511,
    6.256977408069));
#1570 = CARTESIAN_POINT('',(-2.829936616715,3.367714888825,
    6.348936611165));
#1571 = CARTESIAN_POINT('',(-3.79678396516,1.136825452272,6.440982345641
    ));
#1572 = CARTESIAN_POINT('',(-3.365815335417,-0.89973558595,
    6.532984229934));
#1573 = CARTESIAN_POINT('',(-0.899735639462,-3.365815321106,
    6.717016584566));
#1574 = CARTESIAN_POINT('',(1.136825391883,-3.796783983256,
    6.809018468856));
#1575 = CARTESIAN_POINT('',(3.367714843871,-2.82993667023,6.901064203337
    ));
#1576 = CARTESIAN_POINT('',(4.734497295283,-0.387554615386,
    6.993023406426));
#1577 = CARTESIAN_POINT('',(3.992761900666,2.573619168436,7.085102408073
    ));
#1578 = CARTESIAN_POINT('',(1.636036486175,4.083311088189,7.177061611162
    ));
#1579 = CARTESIAN_POINT('',(-0.7872010314,3.884360323555,7.269107345644)
  );
#1580 = CARTESIAN_POINT('',(-2.380130311414,2.544251696951,
    7.361109229933));
#1581 = CARTESIAN_POINT('',(-3.392516548001,-0.793138366394,
    7.545141584567));
#1582 = CARTESIAN_POINT('',(-2.812568750895,-2.792382067092,
    7.637143468852));
#1583 = CARTESIAN_POINT('',(-0.908251538275,-4.304082244844,
    7.729189203344));
#1584 = CARTESIAN_POINT('',(1.890033919104,-4.358145821744,
    7.821148406416));
#1585 = CARTESIAN_POINT('',(4.151904401873,-2.308105945845,
    7.913227408083));
#1586 = CARTESIAN_POINT('',(4.372381138535,0.48200415601,8.005186611155)
  );
#1587 = CARTESIAN_POINT('',(3.054615970306,2.525324110089,8.097232345647
    ));
#1588 = CARTESIAN_POINT('',(1.121844011374,3.298439481163,8.189234229933
    ));
#1589 = CARTESIAN_POINT('',(-2.29870682125,2.618049645566,8.373266584566
    ));
#1590 = CARTESIAN_POINT('',(-3.788496854424,1.164144394457,
    8.465268468853));
#1591 = CARTESIAN_POINT('',(-4.224008466592,-1.227923980267,
    8.557314203342));
#1592 = CARTESIAN_POINT('',(-2.95258565137,-3.721276822582,
    8.649273406418));
#1593 = CARTESIAN_POINT('',(-7.837352735281E-02,-4.749686390672,
    8.741352408081));
#1594 = CARTESIAN_POINT('',(2.486215915555,-3.628880715631,
    8.833311611156));
#1595 = CARTESIAN_POINT('',(3.667073032718,-1.503501233707,
    8.925357345646));
#1596 = CARTESIAN_POINT('',(3.437797523793,0.565495519126,9.017359229933
    ));
#1597 = CARTESIAN_POINT('',(1.225310759088,3.261418485931,9.201391584565
    ));
#1598 = CARTESIAN_POINT('',(-0.759201358407,3.889929804575,
    9.293393468859));
#1599 = CARTESIAN_POINT('',(-3.074116076679,3.146403530106,
    9.385439203332));
#1600 = CARTESIAN_POINT('',(-4.673712401614,0.849750319763,
    9.477398406431));
#1601 = CARTESIAN_POINT('',(-4.225794451969,-2.169867385176,
    9.569477408068));
#1602 = CARTESIAN_POINT('',(-2.02839299926,-3.903289211368,
    9.661436611166));
#1603 = CARTESIAN_POINT('',(0.402676552345,-3.942815260855,
    9.753482345641));
#1604 = CARTESIAN_POINT('',(2.119289057795,-2.765293996352,
    9.845484229935));
#1605 = CARTESIAN_POINT('',(3.453921808113,0.456794417818,
    10.029516584565));
#1606 = CARTESIAN_POINT('',(3.072726768529,2.50325603826,10.121518468856
    ));
#1607 = CARTESIAN_POINT('',(1.325751892252,4.194332693928,10.21356420334
    ));
#1608 = CARTESIAN_POINT('',(-1.4537598986,4.522415878287,10.30552340642)
  );
#1609 = CARTESIAN_POINT('',(-3.905677902957,2.703949581238,
    10.397602408079));
#1610 = CARTESIAN_POINT('',(-4.39857159726,-5.111487862296E-02,
    10.489561611158));
#1611 = CARTESIAN_POINT('',(-3.287432207174,-2.213759262043,
    10.581607345644));
#1612 = CARTESIAN_POINT('',(-1.439745631322,-3.172596651615,
    10.673609229933));
#1613 = CARTESIAN_POINT('',(2.031024180106,-2.830755690012,
    10.857641584567));
#1614 = CARTESIAN_POINT('',(3.656148102094,-1.529876348823,
    10.949643468852));
#1615 = CARTESIAN_POINT('',(4.324026308373,0.807985960053,
    11.041689203344));
#1616 = CARTESIAN_POINT('',(3.30311705696,3.413953855427,11.133648406417
    ));
#1617 = CARTESIAN_POINT('',(0.543546814872,4.719133403451,
    11.225727408083));
#1618 = CARTESIAN_POINT('',(-2.118551596026,3.855098437395,
    11.317686611155));
#1619 = CARTESIAN_POINT('',(-3.502046182342,1.855697476365,
    11.409732345647));
#1620 = CARTESIAN_POINT('',(-3.476671842724,-0.225809421321,
    11.501734229933));
#1621 = CARTESIAN_POINT('',(-1.53908546628,-3.125612407864,
    11.685766584565));
#1622 = CARTESIAN_POINT('',(0.374265800828,-3.945613475425,
    11.777768468861));
#1623 = CARTESIAN_POINT('',(2.750911891185,-3.432568803987,
    11.869814203329));
#1624 = CARTESIAN_POINT('',(4.567917102607,-1.303762464041,
    11.961773406436));
#1625 = CARTESIAN_POINT('',(4.418130292646,1.745218592827,
    12.053852408064));
#1626 = CARTESIAN_POINT('',(2.40121497893,3.685676525687,12.145811611169
    ));
#1627 = CARTESIAN_POINT('',(-1.427407796594E-02,3.963298731831,
    12.237857345639));
#1628 = CARTESIAN_POINT('',(-1.838037892028,2.959705002905,
    12.329859229935));
#1629 = CARTESIAN_POINT('',(-3.482063913107,-0.116051289288,
    12.513891584564));
#1630 = CARTESIAN_POINT('',(-3.30329274766,-2.19002228536,12.60589346886
    ));
#1631 = CARTESIAN_POINT('',(-1.730484530776,-4.044189426315,
    12.697939203332));
#1632 = CARTESIAN_POINT('',(1.003485375567,-4.643132597715,
    12.789898406432));
#1633 = CARTESIAN_POINT('',(3.621837590773,-3.073752704039,
    12.881977408068));
#1634 = CARTESIAN_POINT('',(4.382401406999,-0.380266662985,
    12.973936611166));
#1635 = CARTESIAN_POINT('',(3.488588674792,1.880874702139,
    13.065982345641));
#1636 = CARTESIAN_POINT('',(1.743781713795,3.016199981995,
    13.157984229935));
#1637 = CARTESIAN_POINT('',(-1.743781665837,3.016200009714,
    13.342016584564));
#1638 = CARTESIAN_POINT('',(-3.488588644884,1.880874757634,
    13.434018468861));
#1639 = CARTESIAN_POINT('',(-4.382401413056,-0.380266593354,
    13.526064203328));
#1640 = CARTESIAN_POINT('',(-3.621837639619,-3.073752646388,
    13.618023406437));
#1641 = CARTESIAN_POINT('',(-1.003485449437,-4.643132581813,
    13.710102408063));
#1642 = CARTESIAN_POINT('',(1.730484466512,-4.044189453798,
    13.80206161117));
#1643 = CARTESIAN_POINT('',(3.303292712816,-2.190022337897,
    13.894107345639));
#1644 = CARTESIAN_POINT('',(3.482063911268,-0.116051344651,
    13.986109229935));
#1645 = CARTESIAN_POINT('',(1.838037939083,2.959704973676,
    14.170141584565));
#1646 = CARTESIAN_POINT('',(1.427414100672E-02,3.963298731616,
    14.262143468856));
#1647 = CARTESIAN_POINT('',(-2.401214920376,3.685676563851,
    14.354189203337));
#1648 = CARTESIAN_POINT('',(-4.418130264827,1.745218663084,
    14.446148406426));
#1649 = CARTESIAN_POINT('',(-4.567917123406,-1.3037623914,
    14.538227408073));
#1650 = CARTESIAN_POINT('',(-2.750911945716,-3.432568760265,
    14.630186611162));
#1651 = CARTESIAN_POINT('',(-0.374265863587,-3.945613469462,
    14.722232345642));
#1652 = CARTESIAN_POINT('',(1.539085416588,-3.12561243234,
    14.814234229934));
#1653 = CARTESIAN_POINT('',(3.476671839128,-0.225809476597,
    14.998266584564));
#1654 = CARTESIAN_POINT('',(3.502046211869,1.855697420666,
    15.090268468861));
#1655 = CARTESIAN_POINT('',(2.118551657288,3.855098403747,
    15.182314203328));
#1656 = CARTESIAN_POINT('',(-0.543546739801,4.719133412035,
    15.274273406438));
#1657 = CARTESIAN_POINT('',(-3.303117002697,3.413953908013,
    15.366352408062));
#1658 = CARTESIAN_POINT('',(-4.324026295523,0.807986028755,
    15.45831161117));
#1659 = CARTESIAN_POINT('',(-3.656148126417,-1.529876290663,
    15.550357345638));
#1660 = CARTESIAN_POINT('',(-2.031024225117,-2.830755657725,
    15.642359229935));
#1661 = CARTESIAN_POINT('',(1.439745580878,-3.172596674501,
    15.826391584564));
#1662 = CARTESIAN_POINT('',(3.287432171969,-2.213759314339,
    15.918393468859));
#1663 = CARTESIAN_POINT('',(4.398571596464,-5.111494851305E-02,
    16.010439203334));
#1664 = CARTESIAN_POINT('',(3.905677945915,2.703949519077,
    16.102398406428));
#1665 = CARTESIAN_POINT('',(1.453759970556,4.522415855222,
    16.194477408071));
#1666 = CARTESIAN_POINT('',(-1.325751825603,4.194332714978,
    16.286436611164));
#1667 = CARTESIAN_POINT('',(-3.072726728704,2.503256087129,
    16.378482345641));
#1668 = CARTESIAN_POINT('',(-3.453921800857,0.456794472734,
    16.470484229935));
#1669 = CARTESIAN_POINT('',(-2.119289101758,-2.765293962652,
    16.654516584563));
#1670 = CARTESIAN_POINT('',(-0.402676615061,-3.94281525446,
    16.746518468864));
#1671 = CARTESIAN_POINT('',(2.028392937248,-3.903289243612,
    16.838564203325));
#1672 = CARTESIAN_POINT('',(4.225794417398,-2.169867452363,
    16.930523406439));
#1673 = CARTESIAN_POINT('',(4.673712415193,0.849750245428,
    17.022602408061));
#1674 = CARTESIAN_POINT('',(3.074116126662,3.146403481253,
    17.114561611173));
#1675 = CARTESIAN_POINT('',(0.759201420278,3.889929792487,
    17.206607345635));
#1676 = CARTESIAN_POINT('',(-1.225310707235,3.261418505419,
    17.298609229937));
#1677 = CARTESIAN_POINT('',(-3.437797514797,0.565495573783,
    17.482641584562));
#1678 = CARTESIAN_POINT('',(-3.667073056642,-1.503501175381,
    17.574643468867));
#1679 = CARTESIAN_POINT('',(-2.486215973225,-3.628880676141,
    17.666689203319));
#1680 = CARTESIAN_POINT('',(7.83734518043E-02,-4.749686391855,
    17.758648406448));
#1681 = CARTESIAN_POINT('',(2.952585592212,-3.721276869597,
    17.850727408052));
#1682 = CARTESIAN_POINT('',(4.224008447071,-1.227924047378,
    17.942686611178));
#1683 = CARTESIAN_POINT('',(3.788496872929,1.164144334193,
    18.034732345634));
#1684 = CARTESIAN_POINT('',(2.298706862879,2.618049609023,
    18.126734229937));
#1685 = CARTESIAN_POINT('',(-1.121843958929,3.298439498994,
    18.310766584563));
#1686 = CARTESIAN_POINT('',(-3.054615930146,2.525324158683,
    18.402768468862));
#1687 = CARTESIAN_POINT('',(-4.372381130892,0.482004225485,
    18.494814203327));
#1688 = CARTESIAN_POINT('',(-4.151904438532,-2.308105879771,
    18.586773406439));
#1689 = CARTESIAN_POINT('',(-1.890033988454,-4.358145791737,
    18.678852408061));
#1690 = CARTESIAN_POINT('',(0.908251469886,-4.304082259261,
    18.770811611171));
#1691 = CARTESIAN_POINT('',(2.812568706471,-2.792382111821,
    18.862857345638));
#1692 = CARTESIAN_POINT('',(3.392516535397,-0.793138420335,
    18.954859229936));
#1693 = CARTESIAN_POINT('',(2.380130351862,2.544251659105,
    19.138891584561));
#1694 = CARTESIAN_POINT('',(0.787201093188,3.884360311042,
    19.230893468869));
#1695 = CARTESIAN_POINT('',(-1.636036421302,4.083311114202,
    19.322939203317));
#1696 = CARTESIAN_POINT('',(-3.992761859675,2.573619231905,
    19.414898406449));
#1697 = CARTESIAN_POINT('',(-4.734497301511,-0.387554540073,
    19.506977408052));
#1698 = CARTESIAN_POINT('',(-3.367714888825,-2.829936616717,
    19.598936611179));
#1699 = CARTESIAN_POINT('',(-1.136825452272,-3.79678396516,
    19.690982345633));
#1700 = CARTESIAN_POINT('',(0.899735585949,-3.365815335417,
    19.782984229937));
#1701 = CARTESIAN_POINT('',(3.365815321106,-0.899735639462,
    19.967016584564));
#1702 = CARTESIAN_POINT('',(3.796783983254,1.136825391881,
    20.059018468857));
#1703 = CARTESIAN_POINT('',(2.829936670234,3.367714843874,20.15106420334
    ));
#1704 = CARTESIAN_POINT('',(0.387554615381,4.734497295279,20.24302340642
    ));
#1705 = CARTESIAN_POINT('',(-2.573619168431,3.992761900669,
    20.335102408079));
#1706 = CARTESIAN_POINT('',(-4.083311088191,1.636036486173,
    20.427061611158));
#1707 = CARTESIAN_POINT('',(-3.884360323554,-0.787201031399,
    20.519107345644));
#1708 = CARTESIAN_POINT('',(-2.544251696951,-2.380130311414,
    20.611109229934));
#1709 = CARTESIAN_POINT('',(0.793138366395,-3.392516548001,
    20.795141584565));
#1710 = CARTESIAN_POINT('',(2.792382067092,-2.812568750895,
    20.887143468859));
#1711 = CARTESIAN_POINT('',(4.304082244844,-0.908251538276,
    20.979189203331));
#1712 = CARTESIAN_POINT('',(4.358145821743,1.890033919107,
    21.071148406434));
#1713 = CARTESIAN_POINT('',(2.308105945845,4.151904401871,
    21.163227408066));
#1714 = CARTESIAN_POINT('',(-0.482004156011,4.372381138537,
    21.255186611167));
#1715 = CARTESIAN_POINT('',(-2.525324110088,3.054615970305,
    21.34723234564));
#1716 = CARTESIAN_POINT('',(-3.298439481163,1.121844011374,
    21.439234229935));
#1717 = CARTESIAN_POINT('',(-2.618049645566,-2.29870682125,
    21.623266584564));
#1718 = CARTESIAN_POINT('',(-1.164144394458,-3.788496854423,
    21.715268468861));
#1719 = CARTESIAN_POINT('',(1.227923980268,-4.224008466595,
    21.807314203331));
#1720 = CARTESIAN_POINT('',(3.721276822581,-2.952585651365,
    21.899273406431));
#1721 = CARTESIAN_POINT('',(4.749686390672,-7.837352735786E-02,
    21.991352408069));
#1722 = CARTESIAN_POINT('',(3.628880715631,2.486215915558,
    22.083311611165));
#1723 = CARTESIAN_POINT('',(1.503501233707,3.667073032716,
    22.175357345641));
#1724 = CARTESIAN_POINT('',(-0.565495519125,3.437797523794,
    22.267359229934));
#1725 = CARTESIAN_POINT('',(-3.261418485931,1.225310759088,
    22.451391584566));
#1726 = CARTESIAN_POINT('',(-3.889929804575,-0.759201358407,
    22.543393468854));
#1727 = CARTESIAN_POINT('',(-3.146403530107,-3.074116076679,
    22.63543920334));
#1728 = CARTESIAN_POINT('',(-0.849750319761,-4.673712401615,
    22.727398406422));
#1729 = CARTESIAN_POINT('',(2.169867385174,-4.225794451968,
    22.819477408077));
#1730 = CARTESIAN_POINT('',(3.903289211369,-2.028392999262,
    22.911436611158));
#1731 = CARTESIAN_POINT('',(3.942815260855,0.402676552346,
    23.003482345646));
#1732 = CARTESIAN_POINT('',(2.765293996352,2.119289057795,
    23.095484229932));
#1733 = CARTESIAN_POINT('',(-0.456794417817,3.453921808113,
    23.279516584568));
#1734 = CARTESIAN_POINT('',(-2.503256038262,3.07272676853,
    23.371518468848));
#1735 = CARTESIAN_POINT('',(-4.194332693925,1.325751892251,
    23.46356420335));
#1736 = CARTESIAN_POINT('',(-4.522415878291,-1.453759898599,
    23.55552340641));
#1737 = CARTESIAN_POINT('',(-2.703949581234,-3.905677902958,
    23.647602408091));
#1738 = CARTESIAN_POINT('',(5.111487862024E-02,-4.398571597259,
    23.739561611145));
#1739 = CARTESIAN_POINT('',(2.213759262044,-3.287432207174,
    23.831607345656));
#1740 = CARTESIAN_POINT('',(3.172596651615,-1.439745631322,
    23.923609229926));
#1741 = CARTESIAN_POINT('',(2.830755690012,2.031024180106,24.10764158458
    ));
#1742 = CARTESIAN_POINT('',(1.529876348823,3.65614810209,24.199643468786
    ));
#1743 = CARTESIAN_POINT('',(-0.807985960055,4.324026308383,
    24.291689203514));
#1744 = CARTESIAN_POINT('',(-3.413953855424,3.303117056943,
    24.383648406112));
#1745 = CARTESIAN_POINT('',(-4.719133403455,0.543546814896,
    24.475727408505));
#1746 = CARTESIAN_POINT('',(-3.855098437391,-2.118551596052,
    24.56768661069));
#1747 = CARTESIAN_POINT('',(-1.855697476369,-3.502046182319,
    24.659732346056));
#1748 = CARTESIAN_POINT('',(0.225809421324,-3.476671842741,
    24.751734229646));
#1749 = CARTESIAN_POINT('',(3.125612407858,-1.539085466245,
    24.935766585166));
#1750 = CARTESIAN_POINT('',(3.945613475457,0.374265800637,
    25.027768465612));
#1751 = CARTESIAN_POINT('',(3.432568803903,2.750911891684,
    25.119814211825));
#1752 = CARTESIAN_POINT('',(1.303762464195,4.567917101698,25.21177339096
    ));
#1753 = CARTESIAN_POINT('',(-1.745218593044,4.418130293911,
    25.30385242959));
#1754 = CARTESIAN_POINT('',(-3.685676525447,2.401214977537,
    25.395811587492));
#1755 = CARTESIAN_POINT('',(-3.963298732043,-1.427407673975E-02,
    25.487857366478));
#1756 = CARTESIAN_POINT('',(-2.959705002756,-1.838037892889,
    25.579859215318));
#1757 = CARTESIAN_POINT('',(0.116051288977,-3.482063911305,
    25.763891615183));
#1758 = CARTESIAN_POINT('',(2.190022287043,-3.303292757394,
    25.85589330355));
#1759 = CARTESIAN_POINT('',(4.044189421915,-1.730484505324,
    25.947939635602));
#1760 = CARTESIAN_POINT('',(4.64313260573,1.003485329201,26.039897618996
    ));
#1761 = CARTESIAN_POINT('',(3.073752692891,3.621837655267,
    26.131978503371));
#1762 = CARTESIAN_POINT('',(0.380266675249,4.382401336051,
    26.223935406238));
#1763 = CARTESIAN_POINT('',(-1.880874712933,3.488588737242,
    26.315983406237));
#1764 = CARTESIAN_POINT('',(-3.016199974424,1.74378166999,
    26.407983485977));
#1765 = CARTESIAN_POINT('',(-3.016199999999,4.795840091635E-08,
    26.500000814499));
#1766 = PCURVE('',#430,#1767);
#1767 = DEFINITIONAL_REPRESENTATION('',(#1768),#1772);
#1768 = LINE('',#1769,#1770);
#1769 = CARTESIAN_POINT('',(0.583095189485,0.));
#1770 = VECTOR('',#1771,1.);
#1771 = DIRECTION('',(0.,1.));
#1772 = ( GEOMETRIC_REPRESENTATION_CONTEXT(2) 
PARAMETRIC_REPRESENTATION_CONTEXT() REPRESENTATION_CONTEXT('2D SPACE',''
  ) );
#1773 = PCURVE('',#1774,#2291);
#1774 = B_SPLINE_SURFACE_WITH_KNOTS('',1,9,(
    (#1775,#1776,#1777,#1778,#1779,#1780,#1781,#1782,#1783,#1784,#1785
      ,#1786,#1787,#1788,#1789,#1790,#1791,#1792,#1793,#1794,#1795,#1796
      ,#1797,#1798,#1799,#1800,#1801,#1802,#1803,#1804,#1805,#1806,#1807
      ,#1808,#1809,#1810,#1811,#1812,#1813,#1814,#1815,#1816,#1817,#1818
      ,#1819,#1820,#1821,#1822,#1823,#1824,#1825,#1826,#1827,#1828,#1829
      ,#1830,#1831,#1832,#1833,#1834,#1835,#1836,#1837,#1838,#1839,#1840
      ,#1841,#1842,#1843,#1844,#1845,#1846,#1847,#1848,#1849,#1850,#1851
      ,#1852,#1853,#1854,#1855,#1856,#1857,#1858,#1859,#1860,#1861,#1862
      ,#1863,#1864,#1865,#1866,#1867,#1868,#1869,#1870,#1871,#1872,#1873
      ,#1874,#1875,#1876,#1877,#1878,#1879,#1880,#1881,#1882,#1883,#1884
      ,#1885,#1886,#1887,#1888,#1889,#1890,#1891,#1892,#1893,#1894,#1895
      ,#1896,#1897,#1898,#1899,#1900,#1901,#1902,#1903,#1904,#1905,#1906
      ,#1907,#1908,#1909,#1910,#1911,#1912,#1913,#1914,#1915,#1916,#1917
      ,#1918,#1919,#1920,#1921,#1922,#1923,#1924,#1925,#1926,#1927,#1928
      ,#1929,#1930,#1931,#1932,#1933,#1934,#1935,#1936,#1937,#1938,#1939
      ,#1940,#1941,#1942,#1943,#1944,#1945,#1946,#1947,#1948,#1949,#1950
      ,#1951,#1952,#1953,#1954,#1955,#1956,#1957,#1958,#1959,#1960,#1961
      ,#1962,#1963,#1964,#1965,#1966,#1967,#1968,#1969,#1970,#1971,#1972
      ,#1973,#1974,#1975,#1976,#1977,#1978,#1979,#1980,#1981,#1982,#1983
      ,#1984,#1985,#1986,#1987,#1988,#1989,#1990,#1991,#1992,#1993,#1994
      ,#1995,#1996,#1997,#1998,#1999,#2000,#2001,#2002,#2003,#2004,#2005
      ,#2006,#2007,#2008,#2009,#2010,#2011,#2012,#2013,#2014,#2015,#2016
      ,#2017,#2018,#2019,#2020,#2021,#2022,#2023,#2024,#2025,#2026,#2027
      ,#2028,#2029,#2030,#2031,#2032)
    ,(#2033,#2034,#2035,#2036,#2037,#2038,#2039,#2040,#2041,#2042,#2043
      ,#2044,#2045,#2046,#2047,#2048,#2049,#2050,#2051,#2052,#2053,#2054
      ,#2055,#2056,#2057,#2058,#2059,#2060,#2061,#2062,#2063,#2064,#2065
      ,#2066,#2067,#2068,#2069,#2070,#2071,#2072,#2073,#2074,#2075,#2076
      ,#2077,#2078,#2079,#2080,#2081,#2082,#2083,#2084,#2085,#2086,#2087
      ,#2088,#2089,#2090,#2091,#2092,#2093,#2094,#2095,#2096,#2097,#2098
      ,#2099,#2100,#2101,#2102,#2103,#2104,#2105,#2106,#2107,#2108,#2109
      ,#2110,#2111,#2112,#2113,#2114,#2115,#2116,#2117,#2118,#2119,#2120
      ,#2121,#2122,#2123,#2124,#2125,#2126,#2127,#2128,#2129,#2130,#2131
      ,#2132,#2133,#2134,#2135,#2136,#2137,#2138,#2139,#2140,#2141,#2142
      ,#2143,#2144,#2145,#2146,#2147,#2148,#2149,#2150,#2151,#2152,#2153
      ,#2154,#2155,#2156,#2157,#2158,#2159,#2160,#2161,#2162,#2163,#2164
      ,#2165,#2166,#2167,#2168,#2169,#2170,#2171,#2172,#2173,#2174,#2175
      ,#2176,#2177,#2178,#2179,#2180,#2181,#2182,#2183,#2184,#2185,#2186
      ,#2187,#2188,#2189,#2190,#2191,#2192,#2193,#2194,#2195,#2196,#2197
      ,#2198,#2199,#2200,#2201,#2202,#2203,#2204,#2205,#2206,#2207,#2208
      ,#2209,#2210,#2211,#2212,#2213,#2214,#2215,#2216,#2217,#2218,#2219
      ,#2220,#2221,#2222,#2223,#2224,#2225,#2226,#2227,#2228,#2229,#2230
      ,#2231,#2232,#2233,#2234,#2235,#2236,#2237,#2238,#2239,#2240,#2241
      ,#2242,#2243,#2244,#2245,#2246,#2247,#2248,#2249,#2250,#2251,#2252
      ,#2253,#2254,#2255,#2256,#2257,#2258,#2259,#2260,#2261,#2262,#2263
      ,#2264,#2265,#2266,#2267,#2268,#2269,#2270,#2271,#2272,#2273,#2274
      ,#2275,#2276,#2277,#2278,#2279,#2280,#2281,#2282,#2283,#2284,#2285
      ,#2286,#2287,#2288,#2289,#2290
    )),.UNSPECIFIED.,.F.,.F.,.F.,(2,2),(10,8,8,8,8,8,8,8,8,8,8,8,8,8,8,8
    ,8,8,8,8,8,8,8,8,8,8,8,8,8,8,8,8,10),(0.,0.583095189485),(0.,
    5.268750812079,10.537501624158,15.806252436238,21.075003248317,
    26.343754060396,31.612504872475,36.881255684554,42.150006496634,
    47.418757308713,52.687508120792,57.956258932871,63.22500974495,
    68.49376055703,73.762511369109,79.031262181188,84.300012993267,
    89.568763805346,94.837514617425,100.1062654295,105.37501624158,
    110.64376705366,115.91251786574,121.18126867782,126.4500194899,
    131.71877030198,136.98752111405,142.25627192613,147.52502273821,
    152.79377355029,158.06252436237,163.33127517445,168.60002598653),
  .UNSPECIFIED.);
#1775 = CARTESIAN_POINT('',(3.0162,4.440892098501E-16,5.551115123126E-17
    ));
#1776 = CARTESIAN_POINT('',(3.016200002142,1.743781622032,
    9.201732852372E-02));
#1777 = CARTESIAN_POINT('',(1.88087476843,3.488588707335,0.18401740826)
  );
#1778 = CARTESIAN_POINT('',(-0.380266605619,4.382401342105,
    0.276065408264));
#1779 = CARTESIAN_POINT('',(-3.073752635238,3.621837704116,
    0.368022311126));
#1780 = CARTESIAN_POINT('',(-4.643132589829,1.003485403067,
    0.460103195505));
#1781 = CARTESIAN_POINT('',(-4.044189449398,-1.730484441057,
    0.552061178897));
#1782 = CARTESIAN_POINT('',(-2.19002233958,-3.303292722551,
    0.644107510949));
#1783 = CARTESIAN_POINT('',(-0.116051344339,-3.482063909465,
    0.736109199316));
#1784 = CARTESIAN_POINT('',(2.959704973527,-1.838037939943,
    0.920141599182));
#1785 = CARTESIAN_POINT('',(3.963298731827,-1.427413977971E-02,
    1.012143448018));
#1786 = CARTESIAN_POINT('',(3.685676563611,2.401214918982,1.104189227013
    ));
#1787 = CARTESIAN_POINT('',(1.745218663302,4.418130266094,1.196148384902
    ));
#1788 = CARTESIAN_POINT('',(-1.303762391556,4.567917122495,
    1.288227423549));
#1789 = CARTESIAN_POINT('',(-3.432568760179,2.750911946216,
    1.380186602665));
#1790 = CARTESIAN_POINT('',(-3.945613469495,0.374265863395,
    1.472232348893));
#1791 = CARTESIAN_POINT('',(-3.125612432334,-1.539085416552,
    1.564234229332));
#1792 = CARTESIAN_POINT('',(-0.2258094766,-3.476671839145,1.748266584853
    ));
#1793 = CARTESIAN_POINT('',(1.85569742067,-3.502046211844,1.840268468445
    ));
#1794 = CARTESIAN_POINT('',(3.855098403741,-2.118551657315,
    1.932314203806));
#1795 = CARTESIAN_POINT('',(4.719133412041,0.543546739826,2.024273405998
    ));
#1796 = CARTESIAN_POINT('',(3.413953908008,3.30311700268,2.116352408382)
  );
#1797 = CARTESIAN_POINT('',(0.807986028758,4.324026295532,2.208311610991
    ));
#1798 = CARTESIAN_POINT('',(-1.529876290665,3.656148126414,
    2.300357345709));
#1799 = CARTESIAN_POINT('',(-2.830755657725,2.031024225117,
    2.392359229921));
#1800 = CARTESIAN_POINT('',(-3.172596674501,-1.439745580878,
    2.576391584572));
#1801 = CARTESIAN_POINT('',(-2.213759314339,-3.28743217197,
    2.668393468846));
#1802 = CARTESIAN_POINT('',(-5.111494851404E-02,-4.398571596462,
    2.760439203349));
#1803 = CARTESIAN_POINT('',(2.703949519079,-3.905677945916,
    2.852398406413));
#1804 = CARTESIAN_POINT('',(4.522415855219,-1.453759970555,
    2.944477408084));
#1805 = CARTESIAN_POINT('',(4.19433271498,1.325751825603,3.036436611155)
  );
#1806 = CARTESIAN_POINT('',(2.503256087128,3.072726728705,3.128482345646
    ));
#1807 = CARTESIAN_POINT('',(0.456794472734,3.453921800856,3.220484229933
    ));
#1808 = CARTESIAN_POINT('',(-2.765293962652,2.119289101758,
    3.404516584566));
#1809 = CARTESIAN_POINT('',(-3.942815254461,0.402676615061,
    3.496518468853));
#1810 = CARTESIAN_POINT('',(-3.90328924361,-2.028392937247,
    3.588564203343));
#1811 = CARTESIAN_POINT('',(-2.169867452366,-4.225794417398,
    3.680523406418));
#1812 = CARTESIAN_POINT('',(0.849750245432,-4.673712415193,
    3.772602408081));
#1813 = CARTESIAN_POINT('',(3.14640348125,-3.074116126662,3.864561611156
    ));
#1814 = CARTESIAN_POINT('',(3.889929792489,-0.759201420279,
    3.956607345646));
#1815 = CARTESIAN_POINT('',(3.261418505418,1.225310707235,4.048609229933
    ));
#1816 = CARTESIAN_POINT('',(0.565495573783,3.437797514797,4.232641584566
    ));
#1817 = CARTESIAN_POINT('',(-1.503501175383,3.667073056642,
    4.324643468855));
#1818 = CARTESIAN_POINT('',(-3.628880676137,2.486215973222,4.41668920334
    ));
#1819 = CARTESIAN_POINT('',(-4.749686391859,-7.837345179978E-02,
    4.508648406422));
#1820 = CARTESIAN_POINT('',(-3.721276869593,-2.952585592217,
    4.600727408078));
#1821 = CARTESIAN_POINT('',(-1.227924047381,-4.224008447066,
    4.692686611159));
#1822 = CARTESIAN_POINT('',(1.164144334195,-3.788496872931,
    4.784732345645));
#1823 = CARTESIAN_POINT('',(2.618049609023,-2.298706862879,
    4.876734229933));
#1824 = CARTESIAN_POINT('',(3.298439498994,1.121843958929,5.060766584567
    ));
#1825 = CARTESIAN_POINT('',(2.525324158682,3.054615930147,5.152768468853
    ));
#1826 = CARTESIAN_POINT('',(0.482004225486,4.37238113089,5.244814203344)
  );
#1827 = CARTESIAN_POINT('',(-2.308105879773,4.151904438534,
    5.336773406417));
#1828 = CARTESIAN_POINT('',(-4.358145791735,1.890033988452,
    5.428852408082));
#1829 = CARTESIAN_POINT('',(-4.304082259262,-0.908251469883,
    5.520811611156));
#1830 = CARTESIAN_POINT('',(-2.792382111821,-2.812568706472,
    5.612857345646));
#1831 = CARTESIAN_POINT('',(-0.793138420334,-3.392516535397,
    5.704859229933));
#1832 = CARTESIAN_POINT('',(2.544251659104,-2.380130351862,
    5.888891584565));
#1833 = CARTESIAN_POINT('',(3.884360311044,-0.787201093187,
    5.980893468859));
#1834 = CARTESIAN_POINT('',(4.083311114199,1.636036421302,6.072939203333
    ));
#1835 = CARTESIAN_POINT('',(2.573619231909,3.992761859675,6.164898406431
    ));
#1836 = CARTESIAN_POINT('',(-0.387554540076,4.734497301511,
    6.256977408069));
#1837 = CARTESIAN_POINT('',(-2.829936616715,3.367714888825,
    6.348936611165));
#1838 = CARTESIAN_POINT('',(-3.796783965161,1.136825452272,
    6.440982345641));
#1839 = CARTESIAN_POINT('',(-3.365815335417,-0.89973558595,
    6.532984229934));
#1840 = CARTESIAN_POINT('',(-0.899735639462,-3.365815321106,
    6.717016584566));
#1841 = CARTESIAN_POINT('',(1.136825391883,-3.796783983256,
    6.809018468856));
#1842 = CARTESIAN_POINT('',(3.367714843871,-2.82993667023,6.901064203337
    ));
#1843 = CARTESIAN_POINT('',(4.734497295284,-0.387554615386,
    6.993023406426));
#1844 = CARTESIAN_POINT('',(3.992761900666,2.573619168436,7.085102408073
    ));
#1845 = CARTESIAN_POINT('',(1.636036486175,4.083311088189,7.177061611162
    ));
#1846 = CARTESIAN_POINT('',(-0.7872010314,3.884360323555,7.269107345644)
  );
#1847 = CARTESIAN_POINT('',(-2.380130311414,2.544251696951,
    7.361109229933));
#1848 = CARTESIAN_POINT('',(-3.392516548001,-0.793138366394,
    7.545141584567));
#1849 = CARTESIAN_POINT('',(-2.812568750895,-2.792382067092,
    7.637143468852));
#1850 = CARTESIAN_POINT('',(-0.908251538275,-4.304082244844,
    7.729189203344));
#1851 = CARTESIAN_POINT('',(1.890033919104,-4.358145821743,
    7.821148406416));
#1852 = CARTESIAN_POINT('',(4.151904401873,-2.308105945845,
    7.913227408083));
#1853 = CARTESIAN_POINT('',(4.372381138535,0.48200415601,8.005186611155)
  );
#1854 = CARTESIAN_POINT('',(3.054615970306,2.525324110089,8.097232345647
    ));
#1855 = CARTESIAN_POINT('',(1.121844011374,3.298439481163,8.189234229933
    ));
#1856 = CARTESIAN_POINT('',(-2.29870682125,2.618049645566,8.373266584566
    ));
#1857 = CARTESIAN_POINT('',(-3.788496854424,1.164144394457,
    8.465268468853));
#1858 = CARTESIAN_POINT('',(-4.224008466592,-1.227923980267,
    8.557314203342));
#1859 = CARTESIAN_POINT('',(-2.95258565137,-3.721276822582,
    8.649273406418));
#1860 = CARTESIAN_POINT('',(-7.837352735285E-02,-4.749686390671,
    8.741352408081));
#1861 = CARTESIAN_POINT('',(2.486215915555,-3.628880715632,
    8.833311611156));
#1862 = CARTESIAN_POINT('',(3.667073032718,-1.503501233707,
    8.925357345646));
#1863 = CARTESIAN_POINT('',(3.437797523793,0.565495519125,9.017359229933
    ));
#1864 = CARTESIAN_POINT('',(1.225310759088,3.261418485931,9.201391584565
    ));
#1865 = CARTESIAN_POINT('',(-0.759201358407,3.889929804575,
    9.293393468859));
#1866 = CARTESIAN_POINT('',(-3.074116076679,3.146403530106,
    9.385439203332));
#1867 = CARTESIAN_POINT('',(-4.673712401615,0.849750319763,
    9.477398406431));
#1868 = CARTESIAN_POINT('',(-4.225794451969,-2.169867385176,
    9.569477408068));
#1869 = CARTESIAN_POINT('',(-2.02839299926,-3.903289211368,
    9.661436611166));
#1870 = CARTESIAN_POINT('',(0.402676552345,-3.942815260855,
    9.753482345641));
#1871 = CARTESIAN_POINT('',(2.119289057795,-2.765293996352,
    9.845484229935));
#1872 = CARTESIAN_POINT('',(3.453921808113,0.456794417818,
    10.029516584565));
#1873 = CARTESIAN_POINT('',(3.072726768529,2.50325603826,10.121518468856
    ));
#1874 = CARTESIAN_POINT('',(1.325751892252,4.194332693928,10.21356420334
    ));
#1875 = CARTESIAN_POINT('',(-1.4537598986,4.522415878286,10.30552340642)
  );
#1876 = CARTESIAN_POINT('',(-3.905677902957,2.703949581238,
    10.397602408079));
#1877 = CARTESIAN_POINT('',(-4.39857159726,-5.111487862305E-02,
    10.489561611158));
#1878 = CARTESIAN_POINT('',(-3.287432207173,-2.213759262043,
    10.581607345644));
#1879 = CARTESIAN_POINT('',(-1.439745631322,-3.172596651615,
    10.673609229933));
#1880 = CARTESIAN_POINT('',(2.031024180106,-2.830755690012,
    10.857641584567));
#1881 = CARTESIAN_POINT('',(3.656148102094,-1.529876348823,
    10.949643468852));
#1882 = CARTESIAN_POINT('',(4.324026308373,0.807985960053,
    11.041689203344));
#1883 = CARTESIAN_POINT('',(3.30311705696,3.413953855426,11.133648406417
    ));
#1884 = CARTESIAN_POINT('',(0.543546814872,4.719133403451,
    11.225727408083));
#1885 = CARTESIAN_POINT('',(-2.118551596026,3.855098437395,
    11.317686611155));
#1886 = CARTESIAN_POINT('',(-3.502046182342,1.855697476365,
    11.409732345647));
#1887 = CARTESIAN_POINT('',(-3.476671842724,-0.225809421321,
    11.501734229933));
#1888 = CARTESIAN_POINT('',(-1.53908546628,-3.125612407864,
    11.685766584565));
#1889 = CARTESIAN_POINT('',(0.374265800828,-3.945613475425,
    11.777768468861));
#1890 = CARTESIAN_POINT('',(2.750911891185,-3.432568803987,
    11.869814203329));
#1891 = CARTESIAN_POINT('',(4.567917102607,-1.303762464041,
    11.961773406436));
#1892 = CARTESIAN_POINT('',(4.418130292646,1.745218592827,
    12.053852408064));
#1893 = CARTESIAN_POINT('',(2.40121497893,3.685676525687,12.145811611169
    ));
#1894 = CARTESIAN_POINT('',(-1.42740779659E-02,3.963298731831,
    12.237857345639));
#1895 = CARTESIAN_POINT('',(-1.838037892028,2.959705002905,
    12.329859229935));
#1896 = CARTESIAN_POINT('',(-3.482063913107,-0.116051289288,
    12.513891584564));
#1897 = CARTESIAN_POINT('',(-3.30329274766,-2.19002228536,12.60589346886
    ));
#1898 = CARTESIAN_POINT('',(-1.730484530776,-4.044189426315,
    12.697939203332));
#1899 = CARTESIAN_POINT('',(1.003485375567,-4.643132597715,
    12.789898406432));
#1900 = CARTESIAN_POINT('',(3.621837590773,-3.073752704039,
    12.881977408068));
#1901 = CARTESIAN_POINT('',(4.382401406999,-0.380266662985,
    12.973936611166));
#1902 = CARTESIAN_POINT('',(3.488588674792,1.880874702139,
    13.065982345641));
#1903 = CARTESIAN_POINT('',(1.743781713795,3.016199981995,
    13.157984229935));
#1904 = CARTESIAN_POINT('',(-1.743781665837,3.016200009714,
    13.342016584564));
#1905 = CARTESIAN_POINT('',(-3.488588644884,1.880874757634,
    13.434018468861));
#1906 = CARTESIAN_POINT('',(-4.382401413056,-0.380266593354,
    13.526064203328));
#1907 = CARTESIAN_POINT('',(-3.621837639618,-3.073752646388,
    13.618023406437));
#1908 = CARTESIAN_POINT('',(-1.003485449437,-4.643132581813,
    13.710102408063));
#1909 = CARTESIAN_POINT('',(1.730484466512,-4.044189453798,
    13.80206161117));
#1910 = CARTESIAN_POINT('',(3.303292712816,-2.190022337897,
    13.894107345639));
#1911 = CARTESIAN_POINT('',(3.482063911268,-0.116051344651,
    13.986109229935));
#1912 = CARTESIAN_POINT('',(1.838037939083,2.959704973676,
    14.170141584565));
#1913 = CARTESIAN_POINT('',(1.427414100676E-02,3.963298731616,
    14.262143468856));
#1914 = CARTESIAN_POINT('',(-2.401214920376,3.685676563851,
    14.354189203337));
#1915 = CARTESIAN_POINT('',(-4.418130264827,1.745218663084,
    14.446148406426));
#1916 = CARTESIAN_POINT('',(-4.567917123406,-1.303762391399,
    14.538227408073));
#1917 = CARTESIAN_POINT('',(-2.750911945716,-3.432568760265,
    14.630186611162));
#1918 = CARTESIAN_POINT('',(-0.374265863587,-3.945613469462,
    14.722232345642));
#1919 = CARTESIAN_POINT('',(1.539085416588,-3.12561243234,
    14.814234229934));
#1920 = CARTESIAN_POINT('',(3.476671839128,-0.225809476597,
    14.998266584564));
#1921 = CARTESIAN_POINT('',(3.502046211869,1.855697420666,
    15.090268468861));
#1922 = CARTESIAN_POINT('',(2.118551657287,3.855098403747,
    15.182314203328));
#1923 = CARTESIAN_POINT('',(-0.543546739801,4.719133412035,
    15.274273406438));
#1924 = CARTESIAN_POINT('',(-3.303117002697,3.413953908013,
    15.366352408062));
#1925 = CARTESIAN_POINT('',(-4.324026295523,0.807986028755,
    15.45831161117));
#1926 = CARTESIAN_POINT('',(-3.656148126417,-1.529876290663,
    15.550357345638));
#1927 = CARTESIAN_POINT('',(-2.031024225117,-2.830755657725,
    15.642359229935));
#1928 = CARTESIAN_POINT('',(1.439745580878,-3.172596674501,
    15.826391584564));
#1929 = CARTESIAN_POINT('',(3.287432171969,-2.213759314339,
    15.918393468859));
#1930 = CARTESIAN_POINT('',(4.398571596463,-5.111494851306E-02,
    16.010439203334));
#1931 = CARTESIAN_POINT('',(3.905677945916,2.703949519077,
    16.102398406428));
#1932 = CARTESIAN_POINT('',(1.453759970556,4.522415855222,
    16.194477408071));
#1933 = CARTESIAN_POINT('',(-1.325751825603,4.194332714978,
    16.286436611164));
#1934 = CARTESIAN_POINT('',(-3.072726728704,2.503256087129,
    16.378482345641));
#1935 = CARTESIAN_POINT('',(-3.453921800857,0.456794472734,
    16.470484229935));
#1936 = CARTESIAN_POINT('',(-2.119289101758,-2.765293962652,
    16.654516584563));
#1937 = CARTESIAN_POINT('',(-0.402676615061,-3.94281525446,
    16.746518468864));
#1938 = CARTESIAN_POINT('',(2.028392937248,-3.903289243612,
    16.838564203325));
#1939 = CARTESIAN_POINT('',(4.225794417398,-2.169867452363,
    16.930523406439));
#1940 = CARTESIAN_POINT('',(4.673712415192,0.849750245428,
    17.022602408061));
#1941 = CARTESIAN_POINT('',(3.074116126662,3.146403481253,
    17.114561611173));
#1942 = CARTESIAN_POINT('',(0.759201420278,3.889929792487,
    17.206607345635));
#1943 = CARTESIAN_POINT('',(-1.225310707235,3.261418505419,
    17.298609229937));
#1944 = CARTESIAN_POINT('',(-3.437797514797,0.565495573783,
    17.482641584562));
#1945 = CARTESIAN_POINT('',(-3.667073056642,-1.503501175381,
    17.574643468867));
#1946 = CARTESIAN_POINT('',(-2.486215973225,-3.628880676141,
    17.666689203319));
#1947 = CARTESIAN_POINT('',(7.837345180427E-02,-4.749686391854,
    17.758648406448));
#1948 = CARTESIAN_POINT('',(2.952585592212,-3.721276869598,
    17.850727408052));
#1949 = CARTESIAN_POINT('',(4.224008447071,-1.227924047378,
    17.942686611178));
#1950 = CARTESIAN_POINT('',(3.788496872929,1.164144334193,
    18.034732345634));
#1951 = CARTESIAN_POINT('',(2.298706862879,2.618049609023,
    18.126734229937));
#1952 = CARTESIAN_POINT('',(-1.121843958929,3.298439498994,
    18.310766584563));
#1953 = CARTESIAN_POINT('',(-3.054615930146,2.525324158683,
    18.402768468862));
#1954 = CARTESIAN_POINT('',(-4.372381130892,0.482004225485,
    18.494814203327));
#1955 = CARTESIAN_POINT('',(-4.151904438532,-2.308105879771,
    18.586773406439));
#1956 = CARTESIAN_POINT('',(-1.890033988454,-4.358145791737,
    18.678852408061));
#1957 = CARTESIAN_POINT('',(0.908251469886,-4.304082259261,
    18.770811611171));
#1958 = CARTESIAN_POINT('',(2.812568706471,-2.792382111821,
    18.862857345638));
#1959 = CARTESIAN_POINT('',(3.392516535397,-0.793138420335,
    18.954859229936));
#1960 = CARTESIAN_POINT('',(2.380130351862,2.544251659105,
    19.138891584561));
#1961 = CARTESIAN_POINT('',(0.787201093188,3.884360311042,
    19.230893468869));
#1962 = CARTESIAN_POINT('',(-1.636036421302,4.083311114202,
    19.322939203317));
#1963 = CARTESIAN_POINT('',(-3.992761859675,2.573619231905,
    19.414898406449));
#1964 = CARTESIAN_POINT('',(-4.734497301511,-0.387554540073,
    19.506977408052));
#1965 = CARTESIAN_POINT('',(-3.367714888825,-2.829936616717,
    19.598936611179));
#1966 = CARTESIAN_POINT('',(-1.136825452272,-3.79678396516,
    19.690982345633));
#1967 = CARTESIAN_POINT('',(0.899735585949,-3.365815335417,
    19.782984229937));
#1968 = CARTESIAN_POINT('',(3.365815321106,-0.899735639462,
    19.967016584564));
#1969 = CARTESIAN_POINT('',(3.796783983254,1.136825391881,
    20.059018468857));
#1970 = CARTESIAN_POINT('',(2.829936670234,3.367714843874,20.15106420334
    ));
#1971 = CARTESIAN_POINT('',(0.387554615381,4.734497295279,20.24302340642
    ));
#1972 = CARTESIAN_POINT('',(-2.573619168431,3.992761900669,
    20.335102408079));
#1973 = CARTESIAN_POINT('',(-4.083311088191,1.636036486173,
    20.427061611158));
#1974 = CARTESIAN_POINT('',(-3.884360323554,-0.787201031399,
    20.519107345644));
#1975 = CARTESIAN_POINT('',(-2.544251696951,-2.380130311414,
    20.611109229934));
#1976 = CARTESIAN_POINT('',(0.793138366395,-3.392516548001,
    20.795141584565));
#1977 = CARTESIAN_POINT('',(2.792382067092,-2.812568750895,
    20.887143468859));
#1978 = CARTESIAN_POINT('',(4.304082244844,-0.908251538276,
    20.979189203331));
#1979 = CARTESIAN_POINT('',(4.358145821743,1.890033919107,
    21.071148406434));
#1980 = CARTESIAN_POINT('',(2.308105945845,4.151904401871,
    21.163227408066));
#1981 = CARTESIAN_POINT('',(-0.48200415601,4.372381138537,
    21.255186611167));
#1982 = CARTESIAN_POINT('',(-2.525324110088,3.054615970305,
    21.34723234564));
#1983 = CARTESIAN_POINT('',(-3.298439481163,1.121844011374,
    21.439234229935));
#1984 = CARTESIAN_POINT('',(-2.618049645566,-2.29870682125,
    21.623266584564));
#1985 = CARTESIAN_POINT('',(-1.164144394458,-3.788496854423,
    21.715268468861));
#1986 = CARTESIAN_POINT('',(1.227923980268,-4.224008466595,
    21.807314203331));
#1987 = CARTESIAN_POINT('',(3.721276822581,-2.952585651365,
    21.899273406431));
#1988 = CARTESIAN_POINT('',(4.749686390672,-7.837352735777E-02,
    21.991352408069));
#1989 = CARTESIAN_POINT('',(3.628880715631,2.486215915558,
    22.083311611165));
#1990 = CARTESIAN_POINT('',(1.503501233707,3.667073032716,
    22.175357345641));
#1991 = CARTESIAN_POINT('',(-0.565495519125,3.437797523794,
    22.267359229934));
#1992 = CARTESIAN_POINT('',(-3.261418485931,1.225310759088,
    22.451391584566));
#1993 = CARTESIAN_POINT('',(-3.889929804575,-0.759201358407,
    22.543393468854));
#1994 = CARTESIAN_POINT('',(-3.146403530107,-3.074116076679,
    22.63543920334));
#1995 = CARTESIAN_POINT('',(-0.849750319761,-4.673712401616,
    22.727398406422));
#1996 = CARTESIAN_POINT('',(2.169867385174,-4.225794451967,
    22.819477408077));
#1997 = CARTESIAN_POINT('',(3.903289211369,-2.028392999262,
    22.911436611158));
#1998 = CARTESIAN_POINT('',(3.942815260855,0.402676552346,
    23.003482345646));
#1999 = CARTESIAN_POINT('',(2.765293996352,2.119289057795,
    23.095484229932));
#2000 = CARTESIAN_POINT('',(-0.456794417817,3.453921808113,
    23.279516584568));
#2001 = CARTESIAN_POINT('',(-2.503256038262,3.07272676853,
    23.371518468848));
#2002 = CARTESIAN_POINT('',(-4.194332693925,1.325751892251,
    23.46356420335));
#2003 = CARTESIAN_POINT('',(-4.522415878291,-1.453759898599,
    23.55552340641));
#2004 = CARTESIAN_POINT('',(-2.703949581234,-3.905677902958,
    23.647602408091));
#2005 = CARTESIAN_POINT('',(5.111487862017E-02,-4.398571597259,
    23.739561611145));
#2006 = CARTESIAN_POINT('',(2.213759262044,-3.287432207174,
    23.831607345656));
#2007 = CARTESIAN_POINT('',(3.172596651615,-1.439745631322,
    23.923609229926));
#2008 = CARTESIAN_POINT('',(2.830755690012,2.031024180106,24.10764158458
    ));
#2009 = CARTESIAN_POINT('',(1.529876348823,3.65614810209,24.199643468786
    ));
#2010 = CARTESIAN_POINT('',(-0.807985960055,4.324026308383,
    24.291689203514));
#2011 = CARTESIAN_POINT('',(-3.413953855424,3.303117056943,
    24.383648406112));
#2012 = CARTESIAN_POINT('',(-4.719133403456,0.543546814896,
    24.475727408505));
#2013 = CARTESIAN_POINT('',(-3.85509843739,-2.118551596052,
    24.56768661069));
#2014 = CARTESIAN_POINT('',(-1.855697476369,-3.502046182319,
    24.659732346056));
#2015 = CARTESIAN_POINT('',(0.225809421324,-3.476671842741,
    24.751734229646));
#2016 = CARTESIAN_POINT('',(3.125612407858,-1.539085466245,
    24.935766585166));
#2017 = CARTESIAN_POINT('',(3.945613475457,0.374265800637,
    25.027768465612));
#2018 = CARTESIAN_POINT('',(3.432568803903,2.750911891684,
    25.119814211825));
#2019 = CARTESIAN_POINT('',(1.303762464195,4.567917101698,
    25.211773390959));
#2020 = CARTESIAN_POINT('',(-1.745218593044,4.418130293911,
    25.30385242959));
#2021 = CARTESIAN_POINT('',(-3.685676525447,2.401214977537,
    25.395811587491));
#2022 = CARTESIAN_POINT('',(-3.963298732043,-1.427407673985E-02,
    25.487857366479));
#2023 = CARTESIAN_POINT('',(-2.959705002756,-1.838037892889,
    25.579859215318));
#2024 = CARTESIAN_POINT('',(0.116051288977,-3.482063911305,
    25.763891615183));
#2025 = CARTESIAN_POINT('',(2.190022287043,-3.303292757394,
    25.85589330355));
#2026 = CARTESIAN_POINT('',(4.044189421915,-1.730484505324,
    25.947939635602));
#2027 = CARTESIAN_POINT('',(4.64313260573,1.003485329201,26.039897618997
    ));
#2028 = CARTESIAN_POINT('',(3.07375269289,3.621837655267,26.13197850337)
  );
#2029 = CARTESIAN_POINT('',(0.380266675249,4.382401336051,
    26.223935406239));
#2030 = CARTESIAN_POINT('',(-1.880874712933,3.488588737242,
    26.315983406237));
#2031 = CARTESIAN_POINT('',(-3.016199974424,1.74378166999,
    26.407983485977));
#2032 = CARTESIAN_POINT('',(-3.016199999999,4.795839736363E-08,
    26.500000814499));
#2033 = CARTESIAN_POINT('',(2.4762,-2.6645352591E-15,0.22));
#2034 = CARTESIAN_POINT('',(2.476197564567,1.431594615466,0.312011398119
    ));
#2035 = CARTESIAN_POINT('',(1.544139257115,2.863982297593,0.40403528674)
  );
#2036 = CARTESIAN_POINT('',(-0.312182983028,3.597875232734,
    0.496024474467));
#2037 = CARTESIAN_POINT('',(-2.52347294512,2.973314022837,0.588079629131
    ));
#2038 = CARTESIAN_POINT('',(-3.811812202309,0.82391452398,0.680045003988
    ));
#2039 = CARTESIAN_POINT('',(-3.320188581375,-1.420725196507,
    0.77209937623));
#2040 = CARTESIAN_POINT('',(-1.797911473426,-2.711870224487,
    0.86408977175));
#2041 = CARTESIAN_POINT('',(-9.52804503355E-02,-2.858663644953,
    0.956112495517));
#2042 = CARTESIAN_POINT('',(2.429825406867,-1.508962718764,
    1.140136926262));
#2043 = CARTESIAN_POINT('',(3.253708779649,-1.173667787392E-02,
    1.232159533813));
#2044 = CARTESIAN_POINT('',(3.025880994099,1.971346707006,1.324150329853
    ));
#2045 = CARTESIAN_POINT('',(1.432671623852,3.627115658462,1.416203851571
    ));
#2046 = CARTESIAN_POINT('',(-1.070247860006,3.750108365919,
    1.508170562989));
#2047 = CARTESIAN_POINT('',(-2.818093953426,2.258419958455,
    1.600224069364));
#2048 = CARTESIAN_POINT('',(-3.239185569501,0.307249482651,
    1.692214889101));
#2049 = CARTESIAN_POINT('',(-2.566031158607,-1.263534839672,
    1.784237473782));
#2050 = CARTESIAN_POINT('',(-0.185374536574,-2.854234805664,
    1.968261936638));
#2051 = CARTESIAN_POINT('',(1.523436869304,-2.87504757948,2.060284519022
    ));
#2052 = CARTESIAN_POINT('',(3.164963014014,-1.73930240195,2.152275346658
    ));
#2053 = CARTESIAN_POINT('',(3.874187149457,0.446306928949,2.244328836295
    ));
#2054 = CARTESIAN_POINT('',(2.802788967327,2.711663182695,2.336295573971
    ));
#2055 = CARTESIAN_POINT('',(0.663308288943,3.549948786529,2.428349063335
    ));
#2056 = CARTESIAN_POINT('',(-1.255971654259,3.00154303441,2.520339891406
    ));
#2057 = CARTESIAN_POINT('',(-2.323956958292,1.667411243842,
    2.612362473355));
#2058 = CARTESIAN_POINT('',(-2.604595320104,-1.181991228031,
    2.796386936841));
#2059 = CARTESIAN_POINT('',(-1.817422427528,-2.698839416864,
    2.888409518731));
#2060 = CARTESIAN_POINT('',(-4.197453629274E-02,-3.611149659857,
    2.980400346989));
#2061 = CARTESIAN_POINT('',(2.219886751049,-3.206340398979,
    3.072453835993));
#2062 = CARTESIAN_POINT('',(3.712698995868,-1.193570014262,
    3.164420574188));
#2063 = CARTESIAN_POINT('',(3.443456685057,1.088448589136,3.256474063216
    ));
#2064 = CARTESIAN_POINT('',(2.055063688558,2.522585701134,3.348464891452
    ));
#2065 = CARTESIAN_POINT('',(0.375019705691,2.835559278249,3.440487473347
    ));
#2066 = CARTESIAN_POINT('',(-2.270220932921,1.739861189968,
    3.624511936845));
#2067 = CARTESIAN_POINT('',(-3.236890872568,0.33059939082,3.716534518726
    ));
#2068 = CARTESIAN_POINT('',(-3.204536333207,-1.665265929738,
    3.808525346992));
#2069 = CARTESIAN_POINT('',(-1.781292408034,-3.469223731418,
    3.900578835993));
#2070 = CARTESIAN_POINT('',(0.697519415405,-3.836953202485,
    3.992545574187));
#2071 = CARTESIAN_POINT('',(2.583160200645,-2.523766560287,
    4.084599063217));
#2072 = CARTESIAN_POINT('',(3.193472287727,-0.623265698653,
    4.176589891451));
#2073 = CARTESIAN_POINT('',(2.677523089317,1.005935537845,4.268612473347
    ));
#2074 = CARTESIAN_POINT('',(0.464245840794,2.822321002993,4.452636936845
    ));
#2075 = CARTESIAN_POINT('',(-1.234297162047,3.010526364921,
    4.544659518725));
#2076 = CARTESIAN_POINT('',(-2.97924140474,2.041147809407,4.636650346996
    ));
#2077 = CARTESIAN_POINT('',(-3.899277608006,-6.442109364308E-02,
    4.728703835987));
#2078 = CARTESIAN_POINT('',(-3.05508224328,-2.423884423746,
    4.820670574193));
#2079 = CARTESIAN_POINT('',(-1.00807010649,-3.467839231198,
    4.912724063213));
#2080 = CARTESIAN_POINT('',(0.955721142599,-3.110196534174,
    5.004714891453));
#2081 = CARTESIAN_POINT('',(2.149331588469,-1.887169818255,
    5.096737473346));
#2082 = CARTESIAN_POINT('',(2.707908881791,0.921004632205,5.280761936845
    ));
#2083 = CARTESIAN_POINT('',(2.073203563644,2.507705218285,5.372784518728
    ));
#2084 = CARTESIAN_POINT('',(0.39572698038,3.589646763206,5.46477534699)
  );
#2085 = CARTESIAN_POINT('',(-1.894921072747,3.408487944765,
    5.556828835995));
#2086 = CARTESIAN_POINT('',(-3.577831015843,1.551730786891,
    5.648795574186));
#2087 = CARTESIAN_POINT('',(-3.533562118026,-0.745689634561,
    5.740849063218));
#2088 = CARTESIAN_POINT('',(-2.292424631853,-2.309007295541,
    5.832839891451));
#2089 = CARTESIAN_POINT('',(-0.651147294994,-2.785146926168,
    5.924862473346));
#2090 = CARTESIAN_POINT('',(2.088752980204,-1.954003846548,
    6.108886936847));
#2091 = CARTESIAN_POINT('',(3.1888999514,-0.646278251274,6.200909518719)
  );
#2092 = CARTESIAN_POINT('',(3.352330219195,1.34314773165,6.292900347008)
  );
#2093 = CARTESIAN_POINT('',(2.112758387532,3.277921283002,6.384953835971
    ));
#2094 = CARTESIAN_POINT('',(-0.318073488287,3.88684608248,6.476920574208
    ));
#2095 = CARTESIAN_POINT('',(-2.323349197126,2.764807910372,
    6.568974063203));
#2096 = CARTESIAN_POINT('',(-3.117004124352,0.93327952532,6.660964891457
    ));
#2097 = CARTESIAN_POINT('',(-2.763229008575,-0.738648526898,
    6.752987473345));
#2098 = CARTESIAN_POINT('',(-0.738646203985,-2.76322670622,
    6.937011936846));
#2099 = CARTESIAN_POINT('',(0.933270498668,-3.117012135755,
    7.029034518726));
#2100 = CARTESIAN_POINT('',(2.7648280718,-2.323335847646,7.121025346994)
  );
#2101 = CARTESIAN_POINT('',(3.886815891916,-0.318085152019,7.21307883599
    ));
#2102 = CARTESIAN_POINT('',(3.277953406947,2.112762332774,7.305045574191
    ));
#2103 = CARTESIAN_POINT('',(1.343123657957,3.352332488352,7.397099063214
    ));
#2104 = CARTESIAN_POINT('',(-0.646266513929,3.18889714111,7.489089891452
    ));
#2105 = CARTESIAN_POINT('',(-1.954006980497,2.088753915685,
    7.581112473347));
#2106 = CARTESIAN_POINT('',(-2.785143800658,-0.651148258298,
    7.765136936845));
#2107 = CARTESIAN_POINT('',(-2.309018616108,-2.292420447604,
    7.857159518728));
#2108 = CARTESIAN_POINT('',(-0.745668357327,-3.533573605923,
    7.94915034699));
#2109 = CARTESIAN_POINT('',(1.551706268649,-3.577809888376,
    8.041203835996));
#2110 = CARTESIAN_POINT('',(3.408506567293,-1.894947543778,
    8.133170574184));
#2111 = CARTESIAN_POINT('',(3.589637416157,0.395749281168,8.225224063219
    ));
#2112 = CARTESIAN_POINT('',(2.507708272778,2.073191887461,8.31721489145)
  );
#2113 = CARTESIAN_POINT('',(0.921003979892,2.707912086673,8.409237473347
    ));
#2114 = CARTESIAN_POINT('',(-1.887169194458,2.149328377916,
    8.593261936845));
#2115 = CARTESIAN_POINT('',(-3.110198180473,0.955733098886,
    8.685284518726));
#2116 = CARTESIAN_POINT('',(-3.467839332602,-1.008094286684,
    8.777275346994));
#2117 = CARTESIAN_POINT('',(-2.423877348802,-3.055050660716,
    8.86932883599));
#2118 = CARTESIAN_POINT('',(-6.443566040971E-02,-3.899306509953,
    8.961295574191));
#2119 = CARTESIAN_POINT('',(2.041163070777,-2.979222648871,
    9.053349063214));
#2120 = CARTESIAN_POINT('',(3.010517507326,-1.23430535998,9.145339891453
    ));
#2121 = CARTESIAN_POINT('',(2.822323521947,0.464247926852,9.237362473346
    ));
#2122 = CARTESIAN_POINT('',(1.005933000447,2.677521025734,9.421386936847
    ));
#2123 = CARTESIAN_POINT('',(-0.623255930213,3.193479375785,
    9.513409518717));
#2124 = CARTESIAN_POINT('',(-2.523787933108,2.583148891612,
    9.605400347012));
#2125 = CARTESIAN_POINT('',(-3.836922014054,0.697528063781,
    9.697453835965));
#2126 = CARTESIAN_POINT('',(-3.469256087376,-1.781293185582,
    9.789420574215));
#2127 = CARTESIAN_POINT('',(-1.665242194384,-3.204540951072,
    9.881474063198));
#2128 = CARTESIAN_POINT('',(0.330587985451,-3.236886925348,
    9.973464891461));
#2129 = CARTESIAN_POINT('',(1.739864217132,-2.270222171078,
    10.065487473344));
#2130 = CARTESIAN_POINT('',(2.835556262211,0.37502097071,10.249511936848
    ));
#2131 = CARTESIAN_POINT('',(2.522596557054,2.055058414853,
    10.341534518718));
#2132 = CARTESIAN_POINT('',(1.088428540378,3.443470203157,
    10.433525347007));
#2133 = CARTESIAN_POINT('',(-1.193547684948,3.712675566949,
    10.525578835974));
#2134 = CARTESIAN_POINT('',(-3.206356337211,2.219914919918,
    10.617545574204));
#2135 = CARTESIAN_POINT('',(-3.611142543681,-4.199764584833E-02,
    10.709599063207));
#2136 = CARTESIAN_POINT('',(-2.698841312181,-1.817410508187,
    10.801589891455));
#2137 = CARTESIAN_POINT('',(-1.181990892993,-2.604598573486,
    10.893612473347));
#2138 = CARTESIAN_POINT('',(1.667410937738,-2.323953702064,
    11.077636936844));
#2139 = CARTESIAN_POINT('',(3.001543500859,-1.255983714298,
    11.169659518733));
#2140 = CARTESIAN_POINT('',(3.549951257524,0.663332342657,
    11.261650346979));
#2141 = CARTESIAN_POINT('',(2.711653046175,2.802758230506,11.35370383601
    ));
#2142 = CARTESIAN_POINT('',(0.446324258473,3.874214484158,
    11.445670574172));
#2143 = CARTESIAN_POINT('',(-1.739319428242,3.164945844651,
    11.537724063227));
#2144 = CARTESIAN_POINT('',(-2.875037960989,1.523444159284,
    11.629714891447));
#2145 = CARTESIAN_POINT('',(-2.854237516964,-0.185376365486,
    11.721737473347));
#2146 = CARTESIAN_POINT('',(-1.263532112215,-2.566029354087,
    11.905761936847));
#2147 = CARTESIAN_POINT('',(0.30723906644,-3.239191663696,
    11.997784518718));
#2148 = CARTESIAN_POINT('',(2.258442336988,-2.818084799656,
    12.089775347011));
#2149 = CARTESIAN_POINT('',(3.750076479708,-1.070253398982,
    12.181828835966));
#2150 = CARTESIAN_POINT('',(3.627147935209,1.432669211258,
    12.273795574215));
#2151 = CARTESIAN_POINT('',(1.971323538156,3.025887932654,
    12.365849063197));
#2152 = CARTESIAN_POINT('',(-1.172571395019E-02,3.253703719033,
    12.457839891461));
#2153 = CARTESIAN_POINT('',(-1.508965610251,2.429826945935,
    12.549862473344));
#2154 = CARTESIAN_POINT('',(-2.858660766885,-9.528202616626E-02,
    12.733886936848));
#2155 = CARTESIAN_POINT('',(-2.711880514169,-1.797905046154,
    12.825909518718));
#2156 = CARTESIAN_POINT('',(-1.420706561586,-3.32020429995,
    12.917900347009));
#2157 = CARTESIAN_POINT('',(0.823894584577,-3.811786150244,
    13.009953835971));
#2158 = CARTESIAN_POINT('',(2.97332714283,-2.523503301862,
    13.101920574207));
#2159 = CARTESIAN_POINT('',(3.597870394457,-0.312158449753,
    13.193974063204));
#2160 = CARTESIAN_POINT('',(2.863983034411,1.544126472221,
    13.285964891457));
#2161 = CARTESIAN_POINT('',(1.431594587652,2.476201352217,
    13.377987473345));
#2162 = CARTESIAN_POINT('',(-1.431594602189,2.476198081661,
    13.562011936847));
#2163 = CARTESIAN_POINT('',(-2.863982316522,1.544138519937,
    13.654034518718));
#2164 = CARTESIAN_POINT('',(-3.597875211227,-0.312182145529,
    13.746025347009));
#2165 = CARTESIAN_POINT('',(-2.97331404239,-2.523473706425,
    13.838078835969));
#2166 = CARTESIAN_POINT('',(-0.823914509919,-3.811811654991,
    13.930045574211));
#2167 = CARTESIAN_POINT('',(1.420725188786,-3.320188881828,
    14.022099063201));
#2168 = CARTESIAN_POINT('',(2.711870227442,-1.797911358528,
    14.114089891458));
#2169 = CARTESIAN_POINT('',(2.858663644405,-9.528047161636E-02,
    14.206112473345));
#2170 = CARTESIAN_POINT('',(1.508962719025,2.429825417025,
    14.390136936846));
#2171 = CARTESIAN_POINT('',(1.17366775013E-02,3.253708765167,
    14.482159518726));
#2172 = CARTESIAN_POINT('',(-1.971346706581,3.025881010553,
    14.574150346994));
#2173 = CARTESIAN_POINT('',(-3.627115658849,1.432671608894,
    14.666203835988));
#2174 = CARTESIAN_POINT('',(-3.750108365638,-1.070247849253,
    14.758170574194));
#2175 = CARTESIAN_POINT('',(-2.258419958611,-2.818093959328,
    14.850224063211));
#2176 = CARTESIAN_POINT('',(-0.30724948259,-3.239185567245,
    14.942214891455));
#2177 = CARTESIAN_POINT('',(1.26353483966,-2.566031159024,
    15.034237473345));
#2178 = CARTESIAN_POINT('',(2.85423480567,-0.185374536375,
    15.218261936847));
#2179 = CARTESIAN_POINT('',(2.875047579469,1.523436869023,
    15.310284518719));
#2180 = CARTESIAN_POINT('',(1.739302401965,3.16496301433,15.402275347008
    ));
#2181 = CARTESIAN_POINT('',(-0.446306928964,3.874187149175,
    15.49432883597));
#2182 = CARTESIAN_POINT('',(-2.711663182684,2.802788967525,
    15.586295574211));
#2183 = CARTESIAN_POINT('',(-3.549948786535,0.663308288838,
    15.678349063199));
#2184 = CARTESIAN_POINT('',(-3.001543034409,-1.25597165422,
    15.77033989146));
#2185 = CARTESIAN_POINT('',(-1.667411243842,-2.323956958298,
    15.862362473344));
#2186 = CARTESIAN_POINT('',(1.18199122803,-2.604595320102,
    16.046386936849));
#2187 = CARTESIAN_POINT('',(2.698839416866,-1.817422427527,
    16.138409518713));
#2188 = CARTESIAN_POINT('',(3.61114965985,-4.197453629639E-02,
    16.230400347018));
#2189 = CARTESIAN_POINT('',(3.206340398992,2.219886751053,
    16.322453835958));
#2190 = CARTESIAN_POINT('',(1.193570014248,3.712698995864,16.41442057422
    ));
#2191 = CARTESIAN_POINT('',(-1.088448589125,3.443456685059,
    16.506474063195));
#2192 = CARTESIAN_POINT('',(-2.522585701139,2.055063688557,
    16.598464891462));
#2193 = CARTESIAN_POINT('',(-2.835559278247,0.375019705692,
    16.690487473343));
#2194 = CARTESIAN_POINT('',(-1.739861189971,-2.270220932922,
    16.87451193685));
#2195 = CARTESIAN_POINT('',(-0.330599390806,-3.236890872566,
    16.966534518705));
#2196 = CARTESIAN_POINT('',(1.665265929708,-3.204536333206,
    17.058525347036));
#2197 = CARTESIAN_POINT('',(3.469223731459,-1.781292408041,
    17.150578835932));
#2198 = CARTESIAN_POINT('',(3.836953202445,0.697519415416,
    17.242545574247));
#2199 = CARTESIAN_POINT('',(2.523766560316,2.583160200634,
    17.334599063175));
#2200 = CARTESIAN_POINT('',(0.62326569864,3.193472287734,17.426589891472
    ));
#2201 = CARTESIAN_POINT('',(-1.005935537842,2.677523089314,
    17.518612473341));
#2202 = CARTESIAN_POINT('',(-2.822321002996,0.464245840797,
    17.702636936851));
#2203 = CARTESIAN_POINT('',(-3.010526364913,-1.234297162057,
    17.794659518706));
#2204 = CARTESIAN_POINT('',(-2.041147809421,-2.979241404719,
    17.886650347033));
#2205 = CARTESIAN_POINT('',(6.442109365765E-02,-3.899277608037,
    17.978703835936));
#2206 = CARTESIAN_POINT('',(2.423884423737,-3.055082243247,
    18.070670574244));
#2207 = CARTESIAN_POINT('',(3.467839231201,-1.008070106515,
    18.162724063177));
#2208 = CARTESIAN_POINT('',(3.110196534175,0.955721142612,
    18.254714891471));
#2209 = CARTESIAN_POINT('',(1.887169818254,2.149331588466,
    18.346737473342));
#2210 = CARTESIAN_POINT('',(-0.921004632204,2.707908881794,
    18.530761936849));
#2211 = CARTESIAN_POINT('',(-2.507705218289,2.073203563636,
    18.622784518716));
#2212 = CARTESIAN_POINT('',(-3.589646763196,0.395726980394,
    18.714775347013));
#2213 = CARTESIAN_POINT('',(-3.408487944781,-1.894921072763,
    18.806828835963));
#2214 = CARTESIAN_POINT('',(-1.551730786873,-3.577831015829,
    18.898795574218));
#2215 = CARTESIAN_POINT('',(0.745689634545,-3.533562118035,
    18.990849063194));
#2216 = CARTESIAN_POINT('',(2.30900729555,-2.29242463185,19.082839891464
    ));
#2217 = CARTESIAN_POINT('',(2.785146926165,-0.651147294995,
    19.174862473342));
#2218 = CARTESIAN_POINT('',(1.954003846551,2.088752980205,
    19.358886936852));
#2219 = CARTESIAN_POINT('',(0.646278251262,3.1888999514,19.450909518702)
  );
#2220 = CARTESIAN_POINT('',(-1.343147731625,3.352330219192,
    19.542900347042));
#2221 = CARTESIAN_POINT('',(-3.277921283035,2.11275838754,
    19.634953835925));
#2222 = CARTESIAN_POINT('',(-3.886846082449,-0.318073488299,
    19.726920574253));
#2223 = CARTESIAN_POINT('',(-2.764807910392,-2.323349197115,
    19.818974063172));
#2224 = CARTESIAN_POINT('',(-0.933279525311,-3.117004124359,
    19.910964891473));
#2225 = CARTESIAN_POINT('',(0.738648526896,-2.763229008572,
    20.002987473341));
#2226 = CARTESIAN_POINT('',(2.763226706221,-0.738646203987,
    20.187011936849));
#2227 = CARTESIAN_POINT('',(3.117012135752,0.933270498671,
    20.279034518717));
#2228 = CARTESIAN_POINT('',(2.32333584765,2.764828071794,20.371025347008
    ));
#2229 = CARTESIAN_POINT('',(0.318085152016,3.886815891923,
    20.463078835974));
#2230 = CARTESIAN_POINT('',(-2.112762332771,3.277953406942,
    20.555045574203));
#2231 = CARTESIAN_POINT('',(-3.352332488353,1.34312365796,
    20.647099063207));
#2232 = CARTESIAN_POINT('',(-3.188897141109,-0.646266513931,
    20.739089891455));
#2233 = CARTESIAN_POINT('',(-2.088753915685,-1.954006980496,
    20.831112473346));
#2234 = CARTESIAN_POINT('',(0.651148258298,-2.785143800659,
    21.015136936847));
#2235 = CARTESIAN_POINT('',(2.292420447608,-2.309018616102,
    21.10715951872));
#2236 = CARTESIAN_POINT('',(3.533573605914,-0.745668357338,
    21.199150347007));
#2237 = CARTESIAN_POINT('',(3.577809888392,1.551706268664,
    21.291203835971));
#2238 = CARTESIAN_POINT('',(1.894947543761,3.40850656728,21.383170574211
    ));
#2239 = CARTESIAN_POINT('',(-0.395749281154,3.589637416165,
    21.475224063199));
#2240 = CARTESIAN_POINT('',(-2.073191887469,2.507708272775,
    21.567214891461));
#2241 = CARTESIAN_POINT('',(-2.70791208667,0.921003979893,
    21.659237473343));
#2242 = CARTESIAN_POINT('',(-2.149328377919,-1.887169194458,
    21.843261936849));
#2243 = CARTESIAN_POINT('',(-0.955733098876,-3.110198180473,
    21.935284518711));
#2244 = CARTESIAN_POINT('',(1.008094286666,-3.467839332597,
    22.027275347023));
#2245 = CARTESIAN_POINT('',(3.055050660737,-2.423877348812,
    22.119328835952));
#2246 = CARTESIAN_POINT('',(3.899306509935,-6.443566039669E-02,
    22.211295574226));
#2247 = CARTESIAN_POINT('',(2.979222648881,2.041163070766,
    22.303349063191));
#2248 = CARTESIAN_POINT('',(1.234305359976,3.010517507332,
    22.395339891462));
#2249 = CARTESIAN_POINT('',(-0.464247926852,2.822323521946,
    22.487362473345));
#2250 = CARTESIAN_POINT('',(-2.677521025733,1.005933000446,
    22.671386936845));
#2251 = CARTESIAN_POINT('',(-3.193479375789,-0.623255930207,
    22.763409518728));
#2252 = CARTESIAN_POINT('',(-2.583148891606,-2.523787933123,
    22.855400346987));
#2253 = CARTESIAN_POINT('',(-0.697528063785,-3.836922014032,
    22.947453836002));
#2254 = CARTESIAN_POINT('',(1.781293185583,-3.4692560874,23.039420574177
    ));
#2255 = CARTESIAN_POINT('',(3.204540951073,-1.665242194367,
    23.131474063226));
#2256 = CARTESIAN_POINT('',(3.236886925346,0.330587985442,
    23.223464891446));
#2257 = CARTESIAN_POINT('',(2.27022217108,1.739864217135,23.315487473349
    ));
#2258 = CARTESIAN_POINT('',(-0.375020970711,2.835556262207,
    23.499511936841));
#2259 = CARTESIAN_POINT('',(-2.055058414845,2.522596557065,
    23.591534518743));
#2260 = CARTESIAN_POINT('',(-3.443470203173,1.088428540362,
    23.68352534696));
#2261 = CARTESIAN_POINT('',(-3.712675566927,-1.19354768493,
    23.775578836036));
#2262 = CARTESIAN_POINT('',(-2.219914919938,-3.206356337224,
    23.867545574146));
#2263 = CARTESIAN_POINT('',(4.199764585953E-02,-3.611142543674,
    23.959599063247));
#2264 = CARTESIAN_POINT('',(1.817410508185,-2.698841312184,
    24.051589891435));
#2265 = CARTESIAN_POINT('',(2.604598573484,-1.181990892992,
    24.143612473354));
#2266 = CARTESIAN_POINT('',(2.32395370207,1.667410937737,24.327636936832
    ));
#2267 = CARTESIAN_POINT('',(1.255983714257,3.001543500862,
    24.419659518787));
#2268 = CARTESIAN_POINT('',(-0.663332342544,3.549951257515,
    24.511650346844));
#2269 = CARTESIAN_POINT('',(-2.802758230716,2.711653046192,
    24.603703836245));
#2270 = CARTESIAN_POINT('',(-3.874214483862,0.446324258447,
    24.695670573854));
#2271 = CARTESIAN_POINT('',(-3.164945844979,-1.739319428212,
    24.787724063569));
#2272 = CARTESIAN_POINT('',(-1.523444158993,-2.875037961017,
    24.87971489115));
#2273 = CARTESIAN_POINT('',(0.185376365282,-2.854237516944,
    24.971737473555));
#2274 = CARTESIAN_POINT('',(2.566029354514,-1.263532112256,
    25.155761936411));
#2275 = CARTESIAN_POINT('',(3.239191661391,0.307239066659,
    25.247784521069));
#2276 = CARTESIAN_POINT('',(2.818084805683,2.258442336415,
    25.339775340862));
#2277 = CARTESIAN_POINT('',(1.070253388004,3.75007648075,25.431828847169
    ));
#2278 = CARTESIAN_POINT('',(-1.432669195986,3.627147933761,
    25.52379555863));
#2279 = CARTESIAN_POINT('',(-3.025887949455,1.971323539749,
    25.615849080343));
#2280 = CARTESIAN_POINT('',(-3.253703704243,-1.172571535276E-02,
    25.70783987637));
#2281 = CARTESIAN_POINT('',(-2.429826956309,-1.508965609267,
    25.799862483929));
#2282 = CARTESIAN_POINT('',(9.528204789893E-02,-2.858660768948,
    25.983886914674));
#2283 = CARTESIAN_POINT('',(1.797904928817,-2.711880503028,
    26.075909638431));
#2284 = CARTESIAN_POINT('',(3.320204606776,-1.420706590724,
    26.167900033971));
#2285 = CARTESIAN_POINT('',(3.811785591321,0.823894637663,
    26.259954406203));
#2286 = CARTESIAN_POINT('',(2.52350407931,2.973327068983,26.351919781037
    ));
#2287 = CARTESIAN_POINT('',(0.312157594496,3.5978704757,26.443974935751)
  );
#2288 = CARTESIAN_POINT('',(-1.544125719412,2.863982962898,
    26.535964123432));
#2289 = CARTESIAN_POINT('',(-2.476201880276,1.431594637815,
    26.627988012077));
#2290 = CARTESIAN_POINT('',(-2.476199427875,-3.472850244415E-08,
    26.71999941019));
#2291 = DEFINITIONAL_REPRESENTATION('',(#2292),#2295);
#2292 = B_SPLINE_CURVE_WITH_KNOTS('',1,(#2293,#2294),.UNSPECIFIED.,.F.,
  .F.,(2,2),(0.,168.60002598653),.PIECEWISE_BEZIER_KNOTS.);
#2293 = CARTESIAN_POINT('',(0.,0.));
#2294 = CARTESIAN_POINT('',(0.,168.60002598653));
#2295 = ( GEOMETRIC_REPRESENTATION_CONTEXT(2) 
PARAMETRIC_REPRESENTATION_CONTEXT() REPRESENTATION_CONTEXT('2D SPACE',''
  ) );
#2296 = ORIENTED_EDGE('',*,*,#2297,.F.);
#2297 = EDGE_CURVE('',#167,#1504,#2298,.T.);
#2298 = SURFACE_CURVE('',#2299,(#2302,#2309),.PCURVE_S1.);
#2299 = B_SPLINE_CURVE_WITH_KNOTS('',1,(#2300,#2301),.UNSPECIFIED.,.F.,
  .F.,(2,2),(0.,0.583095189485),.PIECEWISE_BEZIER_KNOTS.);
#2300 = CARTESIAN_POINT('',(-2.476200572126,-3.472847357837E-08,
    26.279999410191));
#2301 = CARTESIAN_POINT('',(-3.016199999999,4.795840091635E-08,
    26.500000814499));
#2302 = PCURVE('',#430,#2303);
#2303 = DEFINITIONAL_REPRESENTATION('',(#2304),#2308);
#2304 = LINE('',#2305,#2306);
#2305 = CARTESIAN_POINT('',(0.,168.60002598653));
#2306 = VECTOR('',#2307,1.);
#2307 = DIRECTION('',(1.,0.));
#2308 = ( GEOMETRIC_REPRESENTATION_CONTEXT(2) 
PARAMETRIC_REPRESENTATION_CONTEXT() REPRESENTATION_CONTEXT('2D SPACE',''
  ) );
#2309 = PCURVE('',#2310,#2315);
#2310 = PLANE('',#2311);
#2311 = AXIS2_PLACEMENT_3D('',#2312,#2313,#2314);
#2312 = CARTESIAN_POINT('',(-2.672236165105,-4.710672894479E-09,
    26.499999919996));
#2313 = DIRECTION('',(1.531238656251E-07,1.,-3.317372408718E-13));
#2314 = DIRECTION('',(1.,-1.531238656251E-07,-6.01853107621E-36));
#2315 = DEFINITIONAL_REPRESENTATION('',(#2316),#2319);
#2316 = B_SPLINE_CURVE_WITH_KNOTS('',1,(#2317,#2318),.UNSPECIFIED.,.F.,
  .F.,(2,2),(0.,0.583095189485),.PIECEWISE_BEZIER_KNOTS.);
#2317 = CARTESIAN_POINT('',(0.196035592979,0.220000509805));
#2318 = CARTESIAN_POINT('',(-0.343963834894,-8.94502242943E-07));
#2319 = ( GEOMETRIC_REPRESENTATION_CONTEXT(2) 
PARAMETRIC_REPRESENTATION_CONTEXT() REPRESENTATION_CONTEXT('2D SPACE',''
  ) );
#2320 = ADVANCED_FACE('',(#2321),#1774,.F.);
#2321 = FACE_BOUND('',#2322,.F.);
#2322 = EDGE_LOOP('',(#2323,#2324,#2345,#2622));
#2323 = ORIENTED_EDGE('',*,*,#1503,.F.);
#2324 = ORIENTED_EDGE('',*,*,#2325,.T.);
#2325 = EDGE_CURVE('',#1478,#2326,#2328,.T.);
#2326 = VERTEX_POINT('',#2327);
#2327 = CARTESIAN_POINT('',(2.4762,-8.881784197001E-16,0.22));
#2328 = SURFACE_CURVE('',#2329,(#2332,#2339),.PCURVE_S1.);
#2329 = B_SPLINE_CURVE_WITH_KNOTS('',1,(#2330,#2331),.UNSPECIFIED.,.F.,
  .F.,(2,2),(0.,0.583095189485),.PIECEWISE_BEZIER_KNOTS.);
#2330 = CARTESIAN_POINT('',(3.0162,4.440892098501E-16,5.551115123126E-17
    ));
#2331 = CARTESIAN_POINT('',(2.4762,-2.6645352591E-15,0.22));
#2332 = PCURVE('',#1774,#2333);
#2333 = DEFINITIONAL_REPRESENTATION('',(#2334),#2338);
#2334 = LINE('',#2335,#2336);
#2335 = CARTESIAN_POINT('',(0.,0.));
#2336 = VECTOR('',#2337,1.);
#2337 = DIRECTION('',(1.,0.));
#2338 = ( GEOMETRIC_REPRESENTATION_CONTEXT(2) 
PARAMETRIC_REPRESENTATION_CONTEXT() REPRESENTATION_CONTEXT('2D SPACE',''
  ) );
#2339 = PCURVE('',#1492,#2340);
#2340 = DEFINITIONAL_REPRESENTATION('',(#2341),#2344);
#2341 = B_SPLINE_CURVE_WITH_KNOTS('',1,(#2342,#2343),.UNSPECIFIED.,.F.,
  .F.,(2,2),(0.,0.583095189485),.PIECEWISE_BEZIER_KNOTS.);
#2342 = CARTESIAN_POINT('',(-0.343963834895,-1.289527543631E-16));
#2343 = CARTESIAN_POINT('',(0.196036165105,-0.22));
#2344 = ( GEOMETRIC_REPRESENTATION_CONTEXT(2) 
PARAMETRIC_REPRESENTATION_CONTEXT() REPRESENTATION_CONTEXT('2D SPACE',''
  ) );
#2345 = ORIENTED_EDGE('',*,*,#2346,.T.);
#2346 = EDGE_CURVE('',#2326,#2347,#2349,.T.);
#2347 = VERTEX_POINT('',#2348);
#2348 = CARTESIAN_POINT('',(-2.476199427875,-3.472850355438E-08,
    26.71999941019));
#2349 = SURFACE_CURVE('',#2350,(#2609,#2616),.PCURVE_S1.);
#2350 = B_SPLINE_CURVE_WITH_KNOTS('',9,(#2351,#2352,#2353,#2354,#2355,
    #2356,#2357,#2358,#2359,#2360,#2361,#2362,#2363,#2364,#2365,#2366,
    #2367,#2368,#2369,#2370,#2371,#2372,#2373,#2374,#2375,#2376,#2377,
    #2378,#2379,#2380,#2381,#2382,#2383,#2384,#2385,#2386,#2387,#2388,
    #2389,#2390,#2391,#2392,#2393,#2394,#2395,#2396,#2397,#2398,#2399,
    #2400,#2401,#2402,#2403,#2404,#2405,#2406,#2407,#2408,#2409,#2410,
    #2411,#2412,#2413,#2414,#2415,#2416,#2417,#2418,#2419,#2420,#2421,
    #2422,#2423,#2424,#2425,#2426,#2427,#2428,#2429,#2430,#2431,#2432,
    #2433,#2434,#2435,#2436,#2437,#2438,#2439,#2440,#2441,#2442,#2443,
    #2444,#2445,#2446,#2447,#2448,#2449,#2450,#2451,#2452,#2453,#2454,
    #2455,#2456,#2457,#2458,#2459,#2460,#2461,#2462,#2463,#2464,#2465,
    #2466,#2467,#2468,#2469,#2470,#2471,#2472,#2473,#2474,#2475,#2476,
    #2477,#2478,#2479,#2480,#2481,#2482,#2483,#2484,#2485,#2486,#2487,
    #2488,#2489,#2490,#2491,#2492,#2493,#2494,#2495,#2496,#2497,#2498,
    #2499,#2500,#2501,#2502,#2503,#2504,#2505,#2506,#2507,#2508,#2509,
    #2510,#2511,#2512,#2513,#2514,#2515,#2516,#2517,#2518,#2519,#2520,
    #2521,#2522,#2523,#2524,#2525,#2526,#2527,#2528,#2529,#2530,#2531,
    #2532,#2533,#2534,#2535,#2536,#2537,#2538,#2539,#2540,#2541,#2542,
    #2543,#2544,#2545,#2546,#2547,#2548,#2549,#2550,#2551,#2552,#2553,
    #2554,#2555,#2556,#2557,#2558,#2559,#2560,#2561,#2562,#2563,#2564,
    #2565,#2566,#2567,#2568,#2569,#2570,#2571,#2572,#2573,#2574,#2575,
    #2576,#2577,#2578,#2579,#2580,#2581,#2582,#2583,#2584,#2585,#2586,
    #2587,#2588,#2589,#2590,#2591,#2592,#2593,#2594,#2595,#2596,#2597,
    #2598,#2599,#2600,#2601,#2602,#2603,#2604,#2605,#2606,#2607,#2608),
  .UNSPECIFIED.,.F.,.F.,(10,8,8,8,8,8,8,8,8,8,8,8,8,8,8,8,8,8,8,8,8,8,8,
    8,8,8,8,8,8,8,8,8,10),(0.,5.268750812079,10.537501624158,
    15.806252436238,21.075003248317,26.343754060396,31.612504872475,
    36.881255684554,42.150006496634,47.418757308713,52.687508120792,
    57.956258932871,63.22500974495,68.49376055703,73.762511369109,
    79.031262181188,84.300012993267,89.568763805346,94.837514617425,
    100.1062654295,105.37501624158,110.64376705366,115.91251786574,
    121.18126867782,126.4500194899,131.71877030198,136.98752111405,
    142.25627192613,147.52502273821,152.79377355029,158.06252436237,
    163.33127517445,168.60002598653),.UNSPECIFIED.);
#2351 = CARTESIAN_POINT('',(2.4762,-2.6645352591E-15,0.22));
#2352 = CARTESIAN_POINT('',(2.476197564567,1.431594615466,0.312011398119
    ));
#2353 = CARTESIAN_POINT('',(1.544139257115,2.863982297593,0.40403528674)
  );
#2354 = CARTESIAN_POINT('',(-0.312182983028,3.597875232734,
    0.496024474467));
#2355 = CARTESIAN_POINT('',(-2.52347294512,2.973314022837,0.588079629131
    ));
#2356 = CARTESIAN_POINT('',(-3.811812202309,0.82391452398,0.680045003988
    ));
#2357 = CARTESIAN_POINT('',(-3.320188581375,-1.420725196507,
    0.77209937623));
#2358 = CARTESIAN_POINT('',(-1.797911473426,-2.711870224487,
    0.86408977175));
#2359 = CARTESIAN_POINT('',(-9.52804503355E-02,-2.858663644953,
    0.956112495517));
#2360 = CARTESIAN_POINT('',(2.429825406867,-1.508962718764,
    1.140136926262));
#2361 = CARTESIAN_POINT('',(3.253708779649,-1.173667787392E-02,
    1.232159533813));
#2362 = CARTESIAN_POINT('',(3.025880994099,1.971346707006,1.324150329853
    ));
#2363 = CARTESIAN_POINT('',(1.432671623852,3.627115658462,1.416203851571
    ));
#2364 = CARTESIAN_POINT('',(-1.070247860006,3.750108365919,
    1.508170562989));
#2365 = CARTESIAN_POINT('',(-2.818093953426,2.258419958455,
    1.600224069364));
#2366 = CARTESIAN_POINT('',(-3.239185569501,0.307249482651,
    1.692214889101));
#2367 = CARTESIAN_POINT('',(-2.566031158607,-1.263534839672,
    1.784237473782));
#2368 = CARTESIAN_POINT('',(-0.185374536574,-2.854234805664,
    1.968261936638));
#2369 = CARTESIAN_POINT('',(1.523436869304,-2.87504757948,2.060284519022
    ));
#2370 = CARTESIAN_POINT('',(3.164963014014,-1.73930240195,2.152275346658
    ));
#2371 = CARTESIAN_POINT('',(3.874187149457,0.446306928949,2.244328836295
    ));
#2372 = CARTESIAN_POINT('',(2.802788967327,2.711663182695,2.336295573971
    ));
#2373 = CARTESIAN_POINT('',(0.663308288943,3.549948786529,2.428349063335
    ));
#2374 = CARTESIAN_POINT('',(-1.255971654259,3.00154303441,2.520339891406
    ));
#2375 = CARTESIAN_POINT('',(-2.323956958292,1.667411243842,
    2.612362473355));
#2376 = CARTESIAN_POINT('',(-2.604595320104,-1.181991228031,
    2.796386936841));
#2377 = CARTESIAN_POINT('',(-1.817422427528,-2.698839416864,
    2.888409518731));
#2378 = CARTESIAN_POINT('',(-4.197453629274E-02,-3.611149659857,
    2.980400346989));
#2379 = CARTESIAN_POINT('',(2.219886751049,-3.206340398979,
    3.072453835993));
#2380 = CARTESIAN_POINT('',(3.712698995868,-1.193570014262,
    3.164420574188));
#2381 = CARTESIAN_POINT('',(3.443456685057,1.088448589136,3.256474063216
    ));
#2382 = CARTESIAN_POINT('',(2.055063688558,2.522585701134,3.348464891452
    ));
#2383 = CARTESIAN_POINT('',(0.375019705691,2.835559278249,3.440487473347
    ));
#2384 = CARTESIAN_POINT('',(-2.270220932921,1.739861189968,
    3.624511936845));
#2385 = CARTESIAN_POINT('',(-3.236890872568,0.33059939082,3.716534518726
    ));
#2386 = CARTESIAN_POINT('',(-3.204536333207,-1.665265929738,
    3.808525346992));
#2387 = CARTESIAN_POINT('',(-1.781292408034,-3.469223731418,
    3.900578835993));
#2388 = CARTESIAN_POINT('',(0.697519415405,-3.836953202485,
    3.992545574187));
#2389 = CARTESIAN_POINT('',(2.583160200645,-2.523766560287,
    4.084599063217));
#2390 = CARTESIAN_POINT('',(3.193472287727,-0.623265698653,
    4.176589891451));
#2391 = CARTESIAN_POINT('',(2.677523089317,1.005935537845,4.268612473347
    ));
#2392 = CARTESIAN_POINT('',(0.464245840794,2.822321002993,4.452636936845
    ));
#2393 = CARTESIAN_POINT('',(-1.234297162047,3.010526364921,
    4.544659518725));
#2394 = CARTESIAN_POINT('',(-2.97924140474,2.041147809407,4.636650346996
    ));
#2395 = CARTESIAN_POINT('',(-3.899277608006,-6.442109364308E-02,
    4.728703835987));
#2396 = CARTESIAN_POINT('',(-3.05508224328,-2.423884423746,
    4.820670574193));
#2397 = CARTESIAN_POINT('',(-1.00807010649,-3.467839231198,
    4.912724063213));
#2398 = CARTESIAN_POINT('',(0.955721142599,-3.110196534174,
    5.004714891453));
#2399 = CARTESIAN_POINT('',(2.149331588469,-1.887169818255,
    5.096737473346));
#2400 = CARTESIAN_POINT('',(2.707908881791,0.921004632205,5.280761936845
    ));
#2401 = CARTESIAN_POINT('',(2.073203563644,2.507705218285,5.372784518728
    ));
#2402 = CARTESIAN_POINT('',(0.39572698038,3.589646763206,5.46477534699)
  );
#2403 = CARTESIAN_POINT('',(-1.894921072747,3.408487944765,
    5.556828835995));
#2404 = CARTESIAN_POINT('',(-3.577831015843,1.551730786891,
    5.648795574186));
#2405 = CARTESIAN_POINT('',(-3.533562118026,-0.745689634561,
    5.740849063218));
#2406 = CARTESIAN_POINT('',(-2.292424631853,-2.309007295541,
    5.832839891451));
#2407 = CARTESIAN_POINT('',(-0.651147294994,-2.785146926168,
    5.924862473346));
#2408 = CARTESIAN_POINT('',(2.088752980204,-1.954003846548,
    6.108886936847));
#2409 = CARTESIAN_POINT('',(3.1888999514,-0.646278251274,6.200909518719)
  );
#2410 = CARTESIAN_POINT('',(3.352330219195,1.34314773165,6.292900347008)
  );
#2411 = CARTESIAN_POINT('',(2.112758387532,3.277921283002,6.384953835971
    ));
#2412 = CARTESIAN_POINT('',(-0.318073488287,3.88684608248,6.476920574208
    ));
#2413 = CARTESIAN_POINT('',(-2.323349197126,2.764807910372,
    6.568974063203));
#2414 = CARTESIAN_POINT('',(-3.117004124352,0.93327952532,6.660964891457
    ));
#2415 = CARTESIAN_POINT('',(-2.763229008575,-0.738648526898,
    6.752987473345));
#2416 = CARTESIAN_POINT('',(-0.738646203985,-2.76322670622,
    6.937011936846));
#2417 = CARTESIAN_POINT('',(0.933270498668,-3.117012135755,
    7.029034518726));
#2418 = CARTESIAN_POINT('',(2.7648280718,-2.323335847646,7.121025346994)
  );
#2419 = CARTESIAN_POINT('',(3.886815891916,-0.318085152019,7.21307883599
    ));
#2420 = CARTESIAN_POINT('',(3.277953406947,2.112762332774,7.305045574191
    ));
#2421 = CARTESIAN_POINT('',(1.343123657957,3.352332488352,7.397099063214
    ));
#2422 = CARTESIAN_POINT('',(-0.646266513929,3.18889714111,7.489089891452
    ));
#2423 = CARTESIAN_POINT('',(-1.954006980497,2.088753915685,
    7.581112473347));
#2424 = CARTESIAN_POINT('',(-2.785143800658,-0.651148258298,
    7.765136936845));
#2425 = CARTESIAN_POINT('',(-2.309018616108,-2.292420447604,
    7.857159518728));
#2426 = CARTESIAN_POINT('',(-0.745668357327,-3.533573605923,
    7.94915034699));
#2427 = CARTESIAN_POINT('',(1.551706268649,-3.577809888376,
    8.041203835996));
#2428 = CARTESIAN_POINT('',(3.408506567293,-1.894947543778,
    8.133170574184));
#2429 = CARTESIAN_POINT('',(3.589637416157,0.395749281168,8.225224063219
    ));
#2430 = CARTESIAN_POINT('',(2.507708272778,2.073191887461,8.31721489145)
  );
#2431 = CARTESIAN_POINT('',(0.921003979892,2.707912086673,8.409237473347
    ));
#2432 = CARTESIAN_POINT('',(-1.887169194458,2.149328377916,
    8.593261936845));
#2433 = CARTESIAN_POINT('',(-3.110198180473,0.955733098886,
    8.685284518726));
#2434 = CARTESIAN_POINT('',(-3.467839332602,-1.008094286684,
    8.777275346994));
#2435 = CARTESIAN_POINT('',(-2.423877348802,-3.055050660716,
    8.86932883599));
#2436 = CARTESIAN_POINT('',(-6.443566040971E-02,-3.899306509953,
    8.961295574191));
#2437 = CARTESIAN_POINT('',(2.041163070777,-2.979222648871,
    9.053349063214));
#2438 = CARTESIAN_POINT('',(3.010517507326,-1.23430535998,9.145339891453
    ));
#2439 = CARTESIAN_POINT('',(2.822323521947,0.464247926852,9.237362473346
    ));
#2440 = CARTESIAN_POINT('',(1.005933000447,2.677521025734,9.421386936847
    ));
#2441 = CARTESIAN_POINT('',(-0.623255930213,3.193479375785,
    9.513409518717));
#2442 = CARTESIAN_POINT('',(-2.523787933108,2.583148891612,
    9.605400347012));
#2443 = CARTESIAN_POINT('',(-3.836922014054,0.697528063781,
    9.697453835965));
#2444 = CARTESIAN_POINT('',(-3.469256087376,-1.781293185582,
    9.789420574215));
#2445 = CARTESIAN_POINT('',(-1.665242194384,-3.204540951072,
    9.881474063198));
#2446 = CARTESIAN_POINT('',(0.330587985451,-3.236886925348,
    9.973464891461));
#2447 = CARTESIAN_POINT('',(1.739864217132,-2.270222171078,
    10.065487473344));
#2448 = CARTESIAN_POINT('',(2.835556262211,0.37502097071,10.249511936848
    ));
#2449 = CARTESIAN_POINT('',(2.522596557054,2.055058414853,
    10.341534518718));
#2450 = CARTESIAN_POINT('',(1.088428540378,3.443470203157,
    10.433525347007));
#2451 = CARTESIAN_POINT('',(-1.193547684948,3.712675566949,
    10.525578835974));
#2452 = CARTESIAN_POINT('',(-3.206356337211,2.219914919918,
    10.617545574204));
#2453 = CARTESIAN_POINT('',(-3.611142543681,-4.199764584833E-02,
    10.709599063207));
#2454 = CARTESIAN_POINT('',(-2.698841312181,-1.817410508187,
    10.801589891455));
#2455 = CARTESIAN_POINT('',(-1.181990892993,-2.604598573486,
    10.893612473347));
#2456 = CARTESIAN_POINT('',(1.667410937738,-2.323953702064,
    11.077636936844));
#2457 = CARTESIAN_POINT('',(3.001543500859,-1.255983714298,
    11.169659518733));
#2458 = CARTESIAN_POINT('',(3.549951257524,0.663332342657,
    11.261650346979));
#2459 = CARTESIAN_POINT('',(2.711653046175,2.802758230506,11.35370383601
    ));
#2460 = CARTESIAN_POINT('',(0.446324258473,3.874214484158,
    11.445670574172));
#2461 = CARTESIAN_POINT('',(-1.739319428242,3.164945844651,
    11.537724063227));
#2462 = CARTESIAN_POINT('',(-2.875037960989,1.523444159284,
    11.629714891447));
#2463 = CARTESIAN_POINT('',(-2.854237516964,-0.185376365486,
    11.721737473347));
#2464 = CARTESIAN_POINT('',(-1.263532112215,-2.566029354087,
    11.905761936847));
#2465 = CARTESIAN_POINT('',(0.30723906644,-3.239191663696,
    11.997784518718));
#2466 = CARTESIAN_POINT('',(2.258442336988,-2.818084799656,
    12.089775347011));
#2467 = CARTESIAN_POINT('',(3.750076479708,-1.070253398982,
    12.181828835966));
#2468 = CARTESIAN_POINT('',(3.627147935209,1.432669211258,
    12.273795574215));
#2469 = CARTESIAN_POINT('',(1.971323538156,3.025887932654,
    12.365849063197));
#2470 = CARTESIAN_POINT('',(-1.172571395019E-02,3.253703719033,
    12.457839891461));
#2471 = CARTESIAN_POINT('',(-1.508965610251,2.429826945935,
    12.549862473344));
#2472 = CARTESIAN_POINT('',(-2.858660766885,-9.528202616626E-02,
    12.733886936848));
#2473 = CARTESIAN_POINT('',(-2.711880514169,-1.797905046154,
    12.825909518718));
#2474 = CARTESIAN_POINT('',(-1.420706561586,-3.32020429995,
    12.917900347009));
#2475 = CARTESIAN_POINT('',(0.823894584577,-3.811786150244,
    13.009953835971));
#2476 = CARTESIAN_POINT('',(2.97332714283,-2.523503301862,
    13.101920574207));
#2477 = CARTESIAN_POINT('',(3.597870394457,-0.312158449753,
    13.193974063204));
#2478 = CARTESIAN_POINT('',(2.863983034411,1.544126472221,
    13.285964891457));
#2479 = CARTESIAN_POINT('',(1.431594587652,2.476201352217,
    13.377987473345));
#2480 = CARTESIAN_POINT('',(-1.431594602189,2.476198081661,
    13.562011936847));
#2481 = CARTESIAN_POINT('',(-2.863982316522,1.544138519937,
    13.654034518718));
#2482 = CARTESIAN_POINT('',(-3.597875211227,-0.312182145529,
    13.746025347009));
#2483 = CARTESIAN_POINT('',(-2.97331404239,-2.523473706425,
    13.838078835969));
#2484 = CARTESIAN_POINT('',(-0.823914509919,-3.811811654991,
    13.930045574211));
#2485 = CARTESIAN_POINT('',(1.420725188786,-3.320188881828,
    14.022099063201));
#2486 = CARTESIAN_POINT('',(2.711870227442,-1.797911358528,
    14.114089891458));
#2487 = CARTESIAN_POINT('',(2.858663644405,-9.528047161636E-02,
    14.206112473345));
#2488 = CARTESIAN_POINT('',(1.508962719025,2.429825417025,
    14.390136936846));
#2489 = CARTESIAN_POINT('',(1.17366775013E-02,3.253708765167,
    14.482159518726));
#2490 = CARTESIAN_POINT('',(-1.971346706581,3.025881010553,
    14.574150346994));
#2491 = CARTESIAN_POINT('',(-3.627115658849,1.432671608894,
    14.666203835988));
#2492 = CARTESIAN_POINT('',(-3.750108365638,-1.070247849253,
    14.758170574194));
#2493 = CARTESIAN_POINT('',(-2.258419958611,-2.818093959328,
    14.850224063211));
#2494 = CARTESIAN_POINT('',(-0.30724948259,-3.239185567245,
    14.942214891455));
#2495 = CARTESIAN_POINT('',(1.26353483966,-2.566031159024,
    15.034237473345));
#2496 = CARTESIAN_POINT('',(2.85423480567,-0.185374536375,
    15.218261936847));
#2497 = CARTESIAN_POINT('',(2.875047579469,1.523436869023,
    15.310284518719));
#2498 = CARTESIAN_POINT('',(1.739302401965,3.16496301433,15.402275347008
    ));
#2499 = CARTESIAN_POINT('',(-0.446306928964,3.874187149175,
    15.49432883597));
#2500 = CARTESIAN_POINT('',(-2.711663182684,2.802788967525,
    15.586295574211));
#2501 = CARTESIAN_POINT('',(-3.549948786535,0.663308288838,
    15.678349063199));
#2502 = CARTESIAN_POINT('',(-3.001543034409,-1.25597165422,
    15.77033989146));
#2503 = CARTESIAN_POINT('',(-1.667411243842,-2.323956958298,
    15.862362473344));
#2504 = CARTESIAN_POINT('',(1.18199122803,-2.604595320102,
    16.046386936849));
#2505 = CARTESIAN_POINT('',(2.698839416866,-1.817422427527,
    16.138409518713));
#2506 = CARTESIAN_POINT('',(3.61114965985,-4.197453629639E-02,
    16.230400347018));
#2507 = CARTESIAN_POINT('',(3.206340398992,2.219886751053,
    16.322453835958));
#2508 = CARTESIAN_POINT('',(1.193570014248,3.712698995864,16.41442057422
    ));
#2509 = CARTESIAN_POINT('',(-1.088448589125,3.443456685059,
    16.506474063195));
#2510 = CARTESIAN_POINT('',(-2.522585701139,2.055063688557,
    16.598464891462));
#2511 = CARTESIAN_POINT('',(-2.835559278247,0.375019705692,
    16.690487473343));
#2512 = CARTESIAN_POINT('',(-1.739861189971,-2.270220932922,
    16.87451193685));
#2513 = CARTESIAN_POINT('',(-0.330599390806,-3.236890872566,
    16.966534518705));
#2514 = CARTESIAN_POINT('',(1.665265929708,-3.204536333206,
    17.058525347036));
#2515 = CARTESIAN_POINT('',(3.469223731459,-1.781292408041,
    17.150578835932));
#2516 = CARTESIAN_POINT('',(3.836953202445,0.697519415416,
    17.242545574247));
#2517 = CARTESIAN_POINT('',(2.523766560316,2.583160200634,
    17.334599063175));
#2518 = CARTESIAN_POINT('',(0.62326569864,3.193472287734,17.426589891472
    ));
#2519 = CARTESIAN_POINT('',(-1.005935537842,2.677523089314,
    17.518612473341));
#2520 = CARTESIAN_POINT('',(-2.822321002996,0.464245840797,
    17.702636936851));
#2521 = CARTESIAN_POINT('',(-3.010526364913,-1.234297162057,
    17.794659518706));
#2522 = CARTESIAN_POINT('',(-2.041147809421,-2.979241404719,
    17.886650347033));
#2523 = CARTESIAN_POINT('',(6.442109365765E-02,-3.899277608037,
    17.978703835936));
#2524 = CARTESIAN_POINT('',(2.423884423737,-3.055082243247,
    18.070670574244));
#2525 = CARTESIAN_POINT('',(3.467839231201,-1.008070106515,
    18.162724063177));
#2526 = CARTESIAN_POINT('',(3.110196534175,0.955721142612,
    18.254714891471));
#2527 = CARTESIAN_POINT('',(1.887169818254,2.149331588466,
    18.346737473342));
#2528 = CARTESIAN_POINT('',(-0.921004632204,2.707908881794,
    18.530761936849));
#2529 = CARTESIAN_POINT('',(-2.507705218289,2.073203563636,
    18.622784518716));
#2530 = CARTESIAN_POINT('',(-3.589646763196,0.395726980394,
    18.714775347013));
#2531 = CARTESIAN_POINT('',(-3.408487944781,-1.894921072763,
    18.806828835963));
#2532 = CARTESIAN_POINT('',(-1.551730786873,-3.577831015829,
    18.898795574218));
#2533 = CARTESIAN_POINT('',(0.745689634545,-3.533562118035,
    18.990849063194));
#2534 = CARTESIAN_POINT('',(2.30900729555,-2.29242463185,19.082839891464
    ));
#2535 = CARTESIAN_POINT('',(2.785146926165,-0.651147294995,
    19.174862473342));
#2536 = CARTESIAN_POINT('',(1.954003846551,2.088752980205,
    19.358886936852));
#2537 = CARTESIAN_POINT('',(0.646278251262,3.1888999514,19.450909518702)
  );
#2538 = CARTESIAN_POINT('',(-1.343147731625,3.352330219192,
    19.542900347042));
#2539 = CARTESIAN_POINT('',(-3.277921283035,2.11275838754,
    19.634953835925));
#2540 = CARTESIAN_POINT('',(-3.886846082449,-0.318073488299,
    19.726920574253));
#2541 = CARTESIAN_POINT('',(-2.764807910392,-2.323349197115,
    19.818974063172));
#2542 = CARTESIAN_POINT('',(-0.933279525311,-3.117004124359,
    19.910964891473));
#2543 = CARTESIAN_POINT('',(0.738648526896,-2.763229008572,
    20.002987473341));
#2544 = CARTESIAN_POINT('',(2.763226706221,-0.738646203987,
    20.187011936849));
#2545 = CARTESIAN_POINT('',(3.117012135752,0.933270498671,
    20.279034518717));
#2546 = CARTESIAN_POINT('',(2.32333584765,2.764828071794,20.371025347008
    ));
#2547 = CARTESIAN_POINT('',(0.318085152016,3.886815891923,
    20.463078835974));
#2548 = CARTESIAN_POINT('',(-2.112762332771,3.277953406942,
    20.555045574203));
#2549 = CARTESIAN_POINT('',(-3.352332488353,1.34312365796,
    20.647099063207));
#2550 = CARTESIAN_POINT('',(-3.188897141109,-0.646266513931,
    20.739089891455));
#2551 = CARTESIAN_POINT('',(-2.088753915685,-1.954006980496,
    20.831112473346));
#2552 = CARTESIAN_POINT('',(0.651148258298,-2.785143800659,
    21.015136936847));
#2553 = CARTESIAN_POINT('',(2.292420447608,-2.309018616102,
    21.10715951872));
#2554 = CARTESIAN_POINT('',(3.533573605914,-0.745668357338,
    21.199150347007));
#2555 = CARTESIAN_POINT('',(3.577809888392,1.551706268664,
    21.291203835971));
#2556 = CARTESIAN_POINT('',(1.894947543761,3.40850656728,21.383170574211
    ));
#2557 = CARTESIAN_POINT('',(-0.395749281154,3.589637416165,
    21.475224063199));
#2558 = CARTESIAN_POINT('',(-2.073191887469,2.507708272775,
    21.567214891461));
#2559 = CARTESIAN_POINT('',(-2.70791208667,0.921003979893,
    21.659237473343));
#2560 = CARTESIAN_POINT('',(-2.149328377919,-1.887169194458,
    21.843261936849));
#2561 = CARTESIAN_POINT('',(-0.955733098876,-3.110198180473,
    21.935284518711));
#2562 = CARTESIAN_POINT('',(1.008094286666,-3.467839332597,
    22.027275347023));
#2563 = CARTESIAN_POINT('',(3.055050660737,-2.423877348812,
    22.119328835952));
#2564 = CARTESIAN_POINT('',(3.899306509935,-6.443566039669E-02,
    22.211295574226));
#2565 = CARTESIAN_POINT('',(2.979222648881,2.041163070766,
    22.303349063191));
#2566 = CARTESIAN_POINT('',(1.234305359976,3.010517507332,
    22.395339891462));
#2567 = CARTESIAN_POINT('',(-0.464247926852,2.822323521946,
    22.487362473345));
#2568 = CARTESIAN_POINT('',(-2.677521025733,1.005933000446,
    22.671386936845));
#2569 = CARTESIAN_POINT('',(-3.193479375789,-0.623255930207,
    22.763409518728));
#2570 = CARTESIAN_POINT('',(-2.583148891606,-2.523787933123,
    22.855400346987));
#2571 = CARTESIAN_POINT('',(-0.697528063785,-3.836922014032,
    22.947453836002));
#2572 = CARTESIAN_POINT('',(1.781293185583,-3.4692560874,23.039420574177
    ));
#2573 = CARTESIAN_POINT('',(3.204540951073,-1.665242194367,
    23.131474063226));
#2574 = CARTESIAN_POINT('',(3.236886925346,0.330587985442,
    23.223464891446));
#2575 = CARTESIAN_POINT('',(2.27022217108,1.739864217135,23.315487473349
    ));
#2576 = CARTESIAN_POINT('',(-0.375020970711,2.835556262207,
    23.499511936841));
#2577 = CARTESIAN_POINT('',(-2.055058414845,2.522596557065,
    23.591534518743));
#2578 = CARTESIAN_POINT('',(-3.443470203173,1.088428540362,
    23.68352534696));
#2579 = CARTESIAN_POINT('',(-3.712675566927,-1.19354768493,
    23.775578836036));
#2580 = CARTESIAN_POINT('',(-2.219914919938,-3.206356337224,
    23.867545574146));
#2581 = CARTESIAN_POINT('',(4.199764585953E-02,-3.611142543674,
    23.959599063247));
#2582 = CARTESIAN_POINT('',(1.817410508185,-2.698841312184,
    24.051589891435));
#2583 = CARTESIAN_POINT('',(2.604598573484,-1.181990892992,
    24.143612473354));
#2584 = CARTESIAN_POINT('',(2.32395370207,1.667410937737,24.327636936832
    ));
#2585 = CARTESIAN_POINT('',(1.255983714257,3.001543500862,
    24.419659518787));
#2586 = CARTESIAN_POINT('',(-0.663332342544,3.549951257515,
    24.511650346844));
#2587 = CARTESIAN_POINT('',(-2.802758230716,2.711653046192,
    24.603703836245));
#2588 = CARTESIAN_POINT('',(-3.874214483862,0.446324258447,
    24.695670573854));
#2589 = CARTESIAN_POINT('',(-3.164945844979,-1.739319428212,
    24.787724063569));
#2590 = CARTESIAN_POINT('',(-1.523444158993,-2.875037961017,
    24.87971489115));
#2591 = CARTESIAN_POINT('',(0.185376365282,-2.854237516944,
    24.971737473555));
#2592 = CARTESIAN_POINT('',(2.566029354514,-1.263532112256,
    25.155761936411));
#2593 = CARTESIAN_POINT('',(3.239191661391,0.307239066659,
    25.247784521069));
#2594 = CARTESIAN_POINT('',(2.818084805683,2.258442336415,
    25.339775340862));
#2595 = CARTESIAN_POINT('',(1.070253388004,3.75007648075,25.431828847169
    ));
#2596 = CARTESIAN_POINT('',(-1.432669195986,3.627147933761,
    25.52379555863));
#2597 = CARTESIAN_POINT('',(-3.025887949455,1.971323539749,
    25.615849080343));
#2598 = CARTESIAN_POINT('',(-3.253703704243,-1.172571535276E-02,
    25.70783987637));
#2599 = CARTESIAN_POINT('',(-2.429826956309,-1.508965609267,
    25.799862483929));
#2600 = CARTESIAN_POINT('',(9.528204789893E-02,-2.858660768948,
    25.983886914674));
#2601 = CARTESIAN_POINT('',(1.797904928817,-2.711880503028,
    26.075909638431));
#2602 = CARTESIAN_POINT('',(3.320204606776,-1.420706590724,
    26.167900033971));
#2603 = CARTESIAN_POINT('',(3.811785591321,0.823894637663,
    26.259954406203));
#2604 = CARTESIAN_POINT('',(2.52350407931,2.973327068983,26.351919781037
    ));
#2605 = CARTESIAN_POINT('',(0.312157594496,3.5978704757,26.443974935751)
  );
#2606 = CARTESIAN_POINT('',(-1.544125719412,2.863982962898,
    26.535964123432));
#2607 = CARTESIAN_POINT('',(-2.476201880276,1.431594637815,
    26.627988012077));
#2608 = CARTESIAN_POINT('',(-2.476199427875,-3.472850244415E-08,
    26.71999941019));
#2609 = PCURVE('',#1774,#2610);
#2610 = DEFINITIONAL_REPRESENTATION('',(#2611),#2615);
#2611 = LINE('',#2612,#2613);
#2612 = CARTESIAN_POINT('',(0.583095189485,0.));
#2613 = VECTOR('',#2614,1.);
#2614 = DIRECTION('',(0.,1.));
#2615 = ( GEOMETRIC_REPRESENTATION_CONTEXT(2) 
PARAMETRIC_REPRESENTATION_CONTEXT() REPRESENTATION_CONTEXT('2D SPACE',''
  ) );
#2616 = PCURVE('',#954,#2617);
#2617 = DEFINITIONAL_REPRESENTATION('',(#2618),#2621);
#2618 = B_SPLINE_CURVE_WITH_KNOTS('',1,(#2619,#2620),.UNSPECIFIED.,.F.,
  .F.,(2,2),(0.,168.60002598653),.PIECEWISE_BEZIER_KNOTS.);
#2619 = CARTESIAN_POINT('',(0.,0.));
#2620 = CARTESIAN_POINT('',(0.,168.60002598653));
#2621 = ( GEOMETRIC_REPRESENTATION_CONTEXT(2) 
PARAMETRIC_REPRESENTATION_CONTEXT() REPRESENTATION_CONTEXT('2D SPACE',''
  ) );
#2622 = ORIENTED_EDGE('',*,*,#2623,.F.);
#2623 = EDGE_CURVE('',#1504,#2347,#2624,.T.);
#2624 = SURFACE_CURVE('',#2625,(#2628,#2635),.PCURVE_S1.);
#2625 = B_SPLINE_CURVE_WITH_KNOTS('',1,(#2626,#2627),.UNSPECIFIED.,.F.,
  .F.,(2,2),(0.,0.583095189485),.PIECEWISE_BEZIER_KNOTS.);
#2626 = CARTESIAN_POINT('',(-3.016199999999,4.795839736363E-08,
    26.500000814499));
#2627 = CARTESIAN_POINT('',(-2.476199427875,-3.472850244415E-08,
    26.71999941019));
#2628 = PCURVE('',#1774,#2629);
#2629 = DEFINITIONAL_REPRESENTATION('',(#2630),#2634);
#2630 = LINE('',#2631,#2632);
#2631 = CARTESIAN_POINT('',(0.,168.60002598653));
#2632 = VECTOR('',#2633,1.);
#2633 = DIRECTION('',(1.,0.));
#2634 = ( GEOMETRIC_REPRESENTATION_CONTEXT(2) 
PARAMETRIC_REPRESENTATION_CONTEXT() REPRESENTATION_CONTEXT('2D SPACE',''
  ) );
#2635 = PCURVE('',#2310,#2636);
#2636 = DEFINITIONAL_REPRESENTATION('',(#2637),#2640);
#2637 = B_SPLINE_CURVE_WITH_KNOTS('',1,(#2638,#2639),.UNSPECIFIED.,.F.,
  .F.,(2,2),(0.,0.583095189485),.PIECEWISE_BEZIER_KNOTS.);
#2638 = CARTESIAN_POINT('',(-0.343963834894,-8.94502242943E-07));
#2639 = CARTESIAN_POINT('',(0.19603673723,-0.219999490193));
#2640 = ( GEOMETRIC_REPRESENTATION_CONTEXT(2) 
PARAMETRIC_REPRESENTATION_CONTEXT() REPRESENTATION_CONTEXT('2D SPACE',''
  ) );
#2641 = ADVANCED_FACE('',(#2642),#954,.F.);
#2642 = FACE_BOUND('',#2643,.F.);
#2643 = EDGE_LOOP('',(#2644,#2645,#2664,#2665));
#2644 = ORIENTED_EDGE('',*,*,#2346,.F.);
#2645 = ORIENTED_EDGE('',*,*,#2646,.T.);
#2646 = EDGE_CURVE('',#2326,#165,#2647,.T.);
#2647 = SURFACE_CURVE('',#2648,(#2651,#2658),.PCURVE_S1.);
#2648 = B_SPLINE_CURVE_WITH_KNOTS('',1,(#2649,#2650),.UNSPECIFIED.,.F.,
  .F.,(2,2),(0.,0.44),.PIECEWISE_BEZIER_KNOTS.);
#2649 = CARTESIAN_POINT('',(2.4762,-8.881784197001E-16,0.22));
#2650 = CARTESIAN_POINT('',(2.4762,-1.110223024625E-15,-0.22));
#2651 = PCURVE('',#954,#2652);
#2652 = DEFINITIONAL_REPRESENTATION('',(#2653),#2657);
#2653 = LINE('',#2654,#2655);
#2654 = CARTESIAN_POINT('',(0.,0.));
#2655 = VECTOR('',#2656,1.);
#2656 = DIRECTION('',(1.,0.));
#2657 = ( GEOMETRIC_REPRESENTATION_CONTEXT(2) 
PARAMETRIC_REPRESENTATION_CONTEXT() REPRESENTATION_CONTEXT('2D SPACE',''
  ) );
#2658 = PCURVE('',#1492,#2659);
#2659 = DEFINITIONAL_REPRESENTATION('',(#2660),#2663);
#2660 = B_SPLINE_CURVE_WITH_KNOTS('',1,(#2661,#2662),.UNSPECIFIED.,.F.,
  .F.,(2,2),(0.,0.44),.PIECEWISE_BEZIER_KNOTS.);
#2661 = CARTESIAN_POINT('',(0.196036165105,-0.22));
#2662 = CARTESIAN_POINT('',(0.196036165105,0.22));
#2663 = ( GEOMETRIC_REPRESENTATION_CONTEXT(2) 
PARAMETRIC_REPRESENTATION_CONTEXT() REPRESENTATION_CONTEXT('2D SPACE',''
  ) );
#2664 = ORIENTED_EDGE('',*,*,#164,.T.);
#2665 = ORIENTED_EDGE('',*,*,#2666,.F.);
#2666 = EDGE_CURVE('',#2347,#167,#2667,.T.);
#2667 = SURFACE_CURVE('',#2668,(#2671,#2678),.PCURVE_S1.);
#2668 = B_SPLINE_CURVE_WITH_KNOTS('',1,(#2669,#2670),.UNSPECIFIED.,.F.,
  .F.,(2,2),(0.,0.44),.PIECEWISE_BEZIER_KNOTS.);
#2669 = CARTESIAN_POINT('',(-2.476199427875,-3.472850355438E-08,
    26.71999941019));
#2670 = CARTESIAN_POINT('',(-2.476200572126,-3.472847380041E-08,
    26.279999410191));
#2671 = PCURVE('',#954,#2672);
#2672 = DEFINITIONAL_REPRESENTATION('',(#2673),#2677);
#2673 = LINE('',#2674,#2675);
#2674 = CARTESIAN_POINT('',(0.,168.60002598653));
#2675 = VECTOR('',#2676,1.);
#2676 = DIRECTION('',(1.,0.));
#2677 = ( GEOMETRIC_REPRESENTATION_CONTEXT(2) 
PARAMETRIC_REPRESENTATION_CONTEXT() REPRESENTATION_CONTEXT('2D SPACE',''
  ) );
#2678 = PCURVE('',#2310,#2679);
#2679 = DEFINITIONAL_REPRESENTATION('',(#2680),#2683);
#2680 = B_SPLINE_CURVE_WITH_KNOTS('',1,(#2681,#2682),.UNSPECIFIED.,.F.,
  .F.,(2,2),(0.,0.44),.PIECEWISE_BEZIER_KNOTS.);
#2681 = CARTESIAN_POINT('',(0.19603673723,-0.219999490193));
#2682 = CARTESIAN_POINT('',(0.196035592979,0.220000509805));
#2683 = ( GEOMETRIC_REPRESENTATION_CONTEXT(2) 
PARAMETRIC_REPRESENTATION_CONTEXT() REPRESENTATION_CONTEXT('2D SPACE',''
  ) );
#2684 = ADVANCED_FACE('',(#2685),#1492,.T.);
#2685 = FACE_BOUND('',#2686,.T.);
#2686 = EDGE_LOOP('',(#2687,#2688,#2689));
#2687 = ORIENTED_EDGE('',*,*,#1477,.T.);
#2688 = ORIENTED_EDGE('',*,*,#2325,.T.);
#2689 = ORIENTED_EDGE('',*,*,#2646,.T.);
#2690 = ADVANCED_FACE('',(#2691),#2310,.F.);
#2691 = FACE_BOUND('',#2692,.F.);
#2692 = EDGE_LOOP('',(#2693,#2694,#2695));
#2693 = ORIENTED_EDGE('',*,*,#2297,.T.);
#2694 = ORIENTED_EDGE('',*,*,#2623,.T.);
#2695 = ORIENTED_EDGE('',*,*,#2666,.T.);
#2696 = ( GEOMETRIC_REPRESENTATION_CONTEXT(3) 
GLOBAL_UNCERTAINTY_ASSIGNED_CONTEXT((#2700)) 
GLOBAL_UNIT_ASSIGNED_CONTEXT((#2697,#2698,#2699)) REPRESENTATION_CONTEXT
('Context #1','3D Context with UNIT and UNCERTAINTY') );
#2697 = ( LENGTH_UNIT() NAMED_UNIT(*) SI_UNIT(.MILLI.,.METRE.) );
#2698 = ( NAMED_UNIT(*) PLANE_ANGLE_UNIT() SI_UNIT($,.RADIAN.) );
#2699 = ( NAMED_UNIT(*) SI_UNIT($,.STERADIAN.) SOLID_ANGLE_UNIT() );
#2700 = UNCERTAINTY_MEASURE_WITH_UNIT(LENGTH_MEASURE(5.E-05),#2697,
  'distance_accuracy_value','confusion accuracy');
#2701 = CONTEXT_DEPENDENT_SHAPE_REPRESENTATION(#2702,#2704);
#2702 = ( REPRESENTATION_RELATIONSHIP('','',#157,#10) 
REPRESENTATION_RELATIONSHIP_WITH_TRANSFORMATION(#2703) 
SHAPE_REPRESENTATION_RELATIONSHIP() );
#2703 = ITEM_DEFINED_TRANSFORMATION('','',#11,#19);
#2704 = PRODUCT_DEFINITION_SHAPE('Placement','Placement of an item',
  #2705);
#2705 = NEXT_ASSEMBLY_USAGE_OCCURRENCE('22','','',#5,#152,$);
#2706 = PRODUCT_RELATED_PRODUCT_CATEGORY('part',$,(#154));
#2707 = SHAPE_DEFINITION_REPRESENTATION(#2708,#2714);
#2708 = PRODUCT_DEFINITION_SHAPE('','',#2709);
#2709 = PRODUCT_DEFINITION('design','',#2710,#2713);
#2710 = PRODUCT_DEFINITION_FORMATION('','',#2711);
#2711 = PRODUCT('Open CASCADE STEP translator 7.9 11.3',
  'Open CASCADE STEP translator 7.9 11.3','',(#2712));
#2712 = PRODUCT_CONTEXT('',#2,'mechanical');
#2713 = PRODUCT_DEFINITION_CONTEXT('part definition',#2,'design');
#2714 = ADVANCED_BREP_SHAPE_REPRESENTATION('',(#11,#2715),#3672);
#2715 = MANIFOLD_SOLID_BREP('',#2716);
#2716 = CLOSED_SHELL('',(#2717,#3471,#3617,#3660,#3666));
#2717 = ADVANCED_FACE('',(#2718),#2811,.F.);
#2718 = FACE_BOUND('',#2719,.F.);
#2719 = EDGE_LOOP('',(#2720,#3154,#3180,#3447));
#2720 = ORIENTED_EDGE('',*,*,#2721,.F.);
#2721 = EDGE_CURVE('',#2722,#2724,#2726,.T.);
#2722 = VERTEX_POINT('',#2723);
#2723 = CARTESIAN_POINT('',(2.4762,2.6645352591E-15,35.78));
#2724 = VERTEX_POINT('',#2725);
#2725 = CARTESIAN_POINT('',(2.476199733179,-1.619643685835E-08,
    45.780000275069));
#2726 = SURFACE_CURVE('',#2727,(#2810,#2982),.PCURVE_S1.);
#2727 = B_SPLINE_CURVE_WITH_KNOTS('',11,(#2728,#2729,#2730,#2731,#2732,
    #2733,#2734,#2735,#2736,#2737,#2738,#2739,#2740,#2741,#2742,#2743,
    #2744,#2745,#2746,#2747,#2748,#2749,#2750,#2751,#2752,#2753,#2754,
    #2755,#2756,#2757,#2758,#2759,#2760,#2761,#2762,#2763,#2764,#2765,
    #2766,#2767,#2768,#2769,#2770,#2771,#2772,#2773,#2774,#2775,#2776,
    #2777,#2778,#2779,#2780,#2781,#2782,#2783,#2784,#2785,#2786,#2787,
    #2788,#2789,#2790,#2791,#2792,#2793,#2794,#2795,#2796,#2797,#2798,
    #2799,#2800,#2801,#2802,#2803,#2804,#2805,#2806,#2807,#2808,#2809),
  .UNSPECIFIED.,.F.,.F.,(12,10,10,10,10,10,10,10,12),(0.,7.952831414459,
    15.905662828918,23.858494243377,31.811325657837,39.764157072296,
    47.716988486755,55.669819901214,63.622651315673),.UNSPECIFIED.);
#2728 = CARTESIAN_POINT('',(2.4762,-2.6645352591E-15,35.78));
#2729 = CARTESIAN_POINT('',(2.476198441799,1.76800127939,35.893637956364
    ));
#2730 = CARTESIAN_POINT('',(1.089714794225,3.537374529246,
    36.007266325775));
#2731 = CARTESIAN_POINT('',(-1.704024190273,4.083878855979,
    36.120927271047));
#2732 = CARTESIAN_POINT('',(-4.612869120355,2.249925740826,
    36.234511437799));
#2733 = CARTESIAN_POINT('',(-5.595272027885,-1.985764940575,
    36.348228447514));
#2734 = CARTESIAN_POINT('',(-1.985725840376,-5.595223185153,
    36.461771972398));
#2735 = CARTESIAN_POINT('',(2.24990401208,-4.612912300446,
    36.575488463633));
#2736 = CARTESIAN_POINT('',(4.083886531545,-1.703997488738,
    36.689073462592));
#2737 = CARTESIAN_POINT('',(3.537373163828,1.08970377408,36.80273354807)
  );
#2738 = CARTESIAN_POINT('',(1.768001303995,2.476201013657,
    36.916362588002));
#2739 = CARTESIAN_POINT('',(-1.768001291749,2.476198715326,
    37.143637682927));
#2740 = CARTESIAN_POINT('',(-3.537374509215,1.08971435084,
    37.257266769013));
#2741 = CARTESIAN_POINT('',(-4.083878882675,-1.704023599292,
    37.370926680261));
#2742 = CARTESIAN_POINT('',(-2.249925711242,-4.6128697752,
    37.484512092434));
#2743 = CARTESIAN_POINT('',(1.985764913257,-5.595271423445,
    37.598227843253));
#2744 = CARTESIAN_POINT('',(5.595223206034,-1.985726302082,
    37.711772433986));
#2745 = CARTESIAN_POINT('',(4.612912287469,2.249904298732,37.82548817704
    ));
#2746 = CARTESIAN_POINT('',(1.703997495042,4.083886392425,
    37.939073601691));
#2747 = CARTESIAN_POINT('',(-1.089703776259,3.537373211875,
    38.052733500027));
#2748 = CARTESIAN_POINT('',(-2.476201013284,1.768001295799,
    38.166362596199));
#2749 = CARTESIAN_POINT('',(-2.476198715514,-1.768001287633,
    38.393637678808));
#2750 = CARTESIAN_POINT('',(-1.08971435053,-3.537374515882,
    38.507266775697));
#2751 = CARTESIAN_POINT('',(1.704023598869,-4.083878873796,
    38.620926671347));
#2752 = CARTESIAN_POINT('',(4.612869775681,-2.249925721075,
    38.734512102309));
#2753 = CARTESIAN_POINT('',(5.595271422988,1.985764922335,
    38.848227834155));
#2754 = CARTESIAN_POINT('',(1.98572630244,5.595223199091,38.961772440911
    ));
#2755 = CARTESIAN_POINT('',(-2.249904298958,4.612912291791,
    39.075488172762));
#2756 = CARTESIAN_POINT('',(-4.083886392314,1.703997492937,
    39.189073603756));
#2757 = CARTESIAN_POINT('',(-3.537373211913,-1.089703775529,
    39.302733499317));
#2758 = CARTESIAN_POINT('',(-1.768001295792,-2.476201013409,
    39.416362596319));
#2759 = CARTESIAN_POINT('',(1.768001287629,-2.476198715452,
    39.643637678747));
#2760 = CARTESIAN_POINT('',(3.537374515893,-1.089714350627,
    39.757266775799));
#2761 = CARTESIAN_POINT('',(4.083878873766,1.70402359899,39.870926671205
    ));
#2762 = CARTESIAN_POINT('',(2.249925721138,4.612869775564,
    39.984512102475));
#2763 = CARTESIAN_POINT('',(-1.98576492243,5.595271423077,
    40.098227833991));
#2764 = CARTESIAN_POINT('',(-5.595223198987,1.985726302389,
    40.211772441044));
#2765 = CARTESIAN_POINT('',(-4.612912291872,-2.249904298934,
    40.325488172675));
#2766 = CARTESIAN_POINT('',(-1.703997492894,-4.083886392324,
    40.439073603798));
#2767 = CARTESIAN_POINT('',(1.089703775515,-3.537373211909,
    40.552733499305));
#2768 = CARTESIAN_POINT('',(2.476201013411,-1.768001295794,
    40.666362596319));
#2769 = CARTESIAN_POINT('',(2.476198715446,1.76800128763,40.893637678752
    ));
#2770 = CARTESIAN_POINT('',(1.08971435066,3.537374515886,41.007266775768
    ));
#2771 = CARTESIAN_POINT('',(-1.70402359907,4.083878873799,
    41.120926671272));
#2772 = CARTESIAN_POINT('',(-4.612869775434,2.249925721054,
    41.234512102394));
#2773 = CARTESIAN_POINT('',(-5.595271423224,-1.985764922291,
    41.348227834041));
#2774 = CARTESIAN_POINT('',(-1.98572630227,-5.59522319915,
    41.461772441055));
#2775 = CARTESIAN_POINT('',(2.249904298868,-4.612912291736,
    41.575488172623));
#2776 = CARTESIAN_POINT('',(4.083886392347,-1.703997492973,
    41.689073603849));
#2777 = CARTESIAN_POINT('',(3.537373211905,1.089703775545,
    41.802733499279));
#2778 = CARTESIAN_POINT('',(1.768001295794,2.476201013407,
    41.916362596325));
#2779 = CARTESIAN_POINT('',(-1.76800128763,2.476198715449,42.14363767875
    ));
#2780 = CARTESIAN_POINT('',(-3.537374515882,1.089714350654,
    42.257266775765));
#2781 = CARTESIAN_POINT('',(-4.083878873815,-1.704023599061,
    42.370926671293));
#2782 = CARTESIAN_POINT('',(-2.249925721012,-4.612869775445,
    42.484512102336));
#2783 = CARTESIAN_POINT('',(1.985764922208,-5.595271423215,
    42.598227834151));
#2784 = CARTESIAN_POINT('',(5.595223199274,-1.985726302273,42.7117724409
    ));
#2785 = CARTESIAN_POINT('',(4.612912291595,2.249904298865,
    42.825488172795));
#2786 = CARTESIAN_POINT('',(1.7039974931,4.083886392354,42.939073603697)
  );
#2787 = CARTESIAN_POINT('',(-1.089703775639,3.537373211898,
    43.052733499388));
#2788 = CARTESIAN_POINT('',(-2.476201013349,1.768001295799,
    43.166362596261));
#2789 = CARTESIAN_POINT('',(-2.476198715567,-1.76800128764,
    43.393637678876));
#2790 = CARTESIAN_POINT('',(-1.089714349958,-3.537374515823,
    43.507266775036));
#2791 = CARTESIAN_POINT('',(1.704023597043,-4.083878873984,
    43.620926673399));
#2792 = CARTESIAN_POINT('',(4.612869779607,-2.249925720665,
    43.734512098002));
#2793 = CARTESIAN_POINT('',(5.595271416505,1.985764921658,
    43.848227841121));
#2794 = CARTESIAN_POINT('',(1.985726311067,5.595223199981,
    43.961772431785));
#2795 = CARTESIAN_POINT('',(-2.249904308404,4.61291229084,
    44.075488182661));
#2796 = CARTESIAN_POINT('',(-4.083886383736,1.703997493774,
    44.189073594798));
#2797 = CARTESIAN_POINT('',(-3.53737321837,-1.089703776141,
    44.302733506062));
#2798 = CARTESIAN_POINT('',(-1.768001291804,-2.47620101304,
    44.416362592144));
#2799 = CARTESIAN_POINT('',(1.768001279688,-2.47619871618,
    44.643637687071));
#2800 = CARTESIAN_POINT('',(3.537374562435,-1.089714346365,
    44.757266726999));
#2801 = CARTESIAN_POINT('',(4.083878739028,1.70402358664,44.870926812478
    ));
#2802 = CARTESIAN_POINT('',(2.249925998718,4.61286980104,44.98451181146)
  );
#2803 = CARTESIAN_POINT('',(-1.985765369479,5.595271381982,
    45.098228302617));
#2804 = CARTESIAN_POINT('',(-5.595222613751,1.985726356267,
    45.211771827643));
#2805 = CARTESIAN_POINT('',(-4.61291292594,-2.249904357378,
    45.325488837183));
#2806 = CARTESIAN_POINT('',(-1.703996920611,-4.083886339532,
    45.439073004091));
#2807 = CARTESIAN_POINT('',(1.089703346116,-3.537373251537,
    45.552733949261));
#2808 = CARTESIAN_POINT('',(2.476201278332,-1.768001271341,
    45.66636231872));
#2809 = CARTESIAN_POINT('',(2.476199733179,-1.619643863471E-08,
    45.780000275069));
#2810 = PCURVE('',#2811,#2976);
#2811 = B_SPLINE_SURFACE_WITH_KNOTS('',1,11,(
    (#2812,#2813,#2814,#2815,#2816,#2817,#2818,#2819,#2820,#2821,#2822
      ,#2823,#2824,#2825,#2826,#2827,#2828,#2829,#2830,#2831,#2832,#2833
      ,#2834,#2835,#2836,#2837,#2838,#2839,#2840,#2841,#2842,#2843,#2844
      ,#2845,#2846,#2847,#2848,#2849,#2850,#2851,#2852,#2853,#2854,#2855
      ,#2856,#2857,#2858,#2859,#2860,#2861,#2862,#2863,#2864,#2865,#2866
      ,#2867,#2868,#2869,#2870,#2871,#2872,#2873,#2874,#2875,#2876,#2877
      ,#2878,#2879,#2880,#2881,#2882,#2883,#2884,#2885,#2886,#2887,#2888
      ,#2889,#2890,#2891,#2892,#2893)
    ,(#2894,#2895,#2896,#2897,#2898,#2899,#2900,#2901,#2902,#2903,#2904
      ,#2905,#2906,#2907,#2908,#2909,#2910,#2911,#2912,#2913,#2914,#2915
      ,#2916,#2917,#2918,#2919,#2920,#2921,#2922,#2923,#2924,#2925,#2926
      ,#2927,#2928,#2929,#2930,#2931,#2932,#2933,#2934,#2935,#2936,#2937
      ,#2938,#2939,#2940,#2941,#2942,#2943,#2944,#2945,#2946,#2947,#2948
      ,#2949,#2950,#2951,#2952,#2953,#2954,#2955,#2956,#2957,#2958,#2959
      ,#2960,#2961,#2962,#2963,#2964,#2965,#2966,#2967,#2968,#2969,#2970
      ,#2971,#2972,#2973,#2974,#2975
    )),.UNSPECIFIED.,.F.,.F.,.F.,(2,2),(12,10,10,10,10,10,10,10,12),(0.,
    0.583095189485),(0.,7.952831414459,15.905662828918,23.858494243377,
    31.811325657837,39.764157072296,47.716988486755,55.669819901214,
    63.622651315673),.UNSPECIFIED.);
#2812 = CARTESIAN_POINT('',(2.4762,-2.6645352591E-15,35.78));
#2813 = CARTESIAN_POINT('',(2.476198441799,1.76800127939,35.893637956364
    ));
#2814 = CARTESIAN_POINT('',(1.089714794225,3.537374529246,
    36.007266325775));
#2815 = CARTESIAN_POINT('',(-1.704024190273,4.083878855979,
    36.120927271047));
#2816 = CARTESIAN_POINT('',(-4.612869120355,2.249925740826,
    36.234511437799));
#2817 = CARTESIAN_POINT('',(-5.595272027885,-1.985764940575,
    36.348228447514));
#2818 = CARTESIAN_POINT('',(-1.985725840376,-5.595223185153,
    36.461771972398));
#2819 = CARTESIAN_POINT('',(2.24990401208,-4.612912300446,
    36.575488463633));
#2820 = CARTESIAN_POINT('',(4.083886531545,-1.703997488738,
    36.689073462592));
#2821 = CARTESIAN_POINT('',(3.537373163828,1.08970377408,36.80273354807)
  );
#2822 = CARTESIAN_POINT('',(1.768001303995,2.476201013657,
    36.916362588002));
#2823 = CARTESIAN_POINT('',(-1.768001291749,2.476198715326,
    37.143637682927));
#2824 = CARTESIAN_POINT('',(-3.537374509215,1.08971435084,
    37.257266769013));
#2825 = CARTESIAN_POINT('',(-4.083878882675,-1.704023599292,
    37.370926680261));
#2826 = CARTESIAN_POINT('',(-2.249925711242,-4.6128697752,
    37.484512092434));
#2827 = CARTESIAN_POINT('',(1.985764913257,-5.595271423445,
    37.598227843253));
#2828 = CARTESIAN_POINT('',(5.595223206034,-1.985726302082,
    37.711772433986));
#2829 = CARTESIAN_POINT('',(4.612912287469,2.249904298732,37.82548817704
    ));
#2830 = CARTESIAN_POINT('',(1.703997495042,4.083886392425,
    37.939073601691));
#2831 = CARTESIAN_POINT('',(-1.089703776259,3.537373211875,
    38.052733500027));
#2832 = CARTESIAN_POINT('',(-2.476201013284,1.768001295799,
    38.166362596199));
#2833 = CARTESIAN_POINT('',(-2.476198715514,-1.768001287633,
    38.393637678808));
#2834 = CARTESIAN_POINT('',(-1.08971435053,-3.537374515882,
    38.507266775697));
#2835 = CARTESIAN_POINT('',(1.704023598869,-4.083878873796,
    38.620926671347));
#2836 = CARTESIAN_POINT('',(4.612869775681,-2.249925721075,
    38.734512102309));
#2837 = CARTESIAN_POINT('',(5.595271422988,1.985764922335,
    38.848227834155));
#2838 = CARTESIAN_POINT('',(1.98572630244,5.595223199091,38.961772440911
    ));
#2839 = CARTESIAN_POINT('',(-2.249904298958,4.612912291791,
    39.075488172762));
#2840 = CARTESIAN_POINT('',(-4.083886392314,1.703997492937,
    39.189073603756));
#2841 = CARTESIAN_POINT('',(-3.537373211913,-1.089703775529,
    39.302733499317));
#2842 = CARTESIAN_POINT('',(-1.768001295792,-2.476201013409,
    39.416362596319));
#2843 = CARTESIAN_POINT('',(1.768001287629,-2.476198715452,
    39.643637678747));
#2844 = CARTESIAN_POINT('',(3.537374515893,-1.089714350627,
    39.757266775799));
#2845 = CARTESIAN_POINT('',(4.083878873766,1.70402359899,39.870926671205
    ));
#2846 = CARTESIAN_POINT('',(2.249925721138,4.612869775564,
    39.984512102475));
#2847 = CARTESIAN_POINT('',(-1.98576492243,5.595271423077,
    40.098227833991));
#2848 = CARTESIAN_POINT('',(-5.595223198987,1.985726302389,
    40.211772441044));
#2849 = CARTESIAN_POINT('',(-4.612912291872,-2.249904298934,
    40.325488172675));
#2850 = CARTESIAN_POINT('',(-1.703997492894,-4.083886392324,
    40.439073603798));
#2851 = CARTESIAN_POINT('',(1.089703775515,-3.537373211909,
    40.552733499305));
#2852 = CARTESIAN_POINT('',(2.476201013411,-1.768001295794,
    40.666362596319));
#2853 = CARTESIAN_POINT('',(2.476198715446,1.76800128763,40.893637678752
    ));
#2854 = CARTESIAN_POINT('',(1.08971435066,3.537374515886,41.007266775768
    ));
#2855 = CARTESIAN_POINT('',(-1.70402359907,4.083878873799,
    41.120926671272));
#2856 = CARTESIAN_POINT('',(-4.612869775434,2.249925721054,
    41.234512102394));
#2857 = CARTESIAN_POINT('',(-5.595271423224,-1.985764922291,
    41.348227834041));
#2858 = CARTESIAN_POINT('',(-1.98572630227,-5.59522319915,
    41.461772441055));
#2859 = CARTESIAN_POINT('',(2.249904298868,-4.612912291736,
    41.575488172623));
#2860 = CARTESIAN_POINT('',(4.083886392347,-1.703997492973,
    41.689073603849));
#2861 = CARTESIAN_POINT('',(3.537373211905,1.089703775545,
    41.802733499279));
#2862 = CARTESIAN_POINT('',(1.768001295794,2.476201013407,
    41.916362596325));
#2863 = CARTESIAN_POINT('',(-1.76800128763,2.476198715449,42.14363767875
    ));
#2864 = CARTESIAN_POINT('',(-3.537374515882,1.089714350654,
    42.257266775765));
#2865 = CARTESIAN_POINT('',(-4.083878873815,-1.704023599061,
    42.370926671293));
#2866 = CARTESIAN_POINT('',(-2.249925721012,-4.612869775445,
    42.484512102336));
#2867 = CARTESIAN_POINT('',(1.985764922208,-5.595271423215,
    42.598227834151));
#2868 = CARTESIAN_POINT('',(5.595223199274,-1.985726302273,42.7117724409
    ));
#2869 = CARTESIAN_POINT('',(4.612912291595,2.249904298865,
    42.825488172795));
#2870 = CARTESIAN_POINT('',(1.7039974931,4.083886392354,42.939073603697)
  );
#2871 = CARTESIAN_POINT('',(-1.089703775639,3.537373211898,
    43.052733499388));
#2872 = CARTESIAN_POINT('',(-2.476201013349,1.768001295799,
    43.166362596261));
#2873 = CARTESIAN_POINT('',(-2.476198715567,-1.76800128764,
    43.393637678876));
#2874 = CARTESIAN_POINT('',(-1.089714349958,-3.537374515823,
    43.507266775036));
#2875 = CARTESIAN_POINT('',(1.704023597043,-4.083878873984,
    43.620926673399));
#2876 = CARTESIAN_POINT('',(4.612869779607,-2.249925720665,
    43.734512098002));
#2877 = CARTESIAN_POINT('',(5.595271416505,1.985764921658,
    43.848227841121));
#2878 = CARTESIAN_POINT('',(1.985726311067,5.595223199981,
    43.961772431785));
#2879 = CARTESIAN_POINT('',(-2.249904308404,4.61291229084,
    44.075488182661));
#2880 = CARTESIAN_POINT('',(-4.083886383736,1.703997493774,
    44.189073594798));
#2881 = CARTESIAN_POINT('',(-3.53737321837,-1.089703776141,
    44.302733506062));
#2882 = CARTESIAN_POINT('',(-1.768001291804,-2.47620101304,
    44.416362592144));
#2883 = CARTESIAN_POINT('',(1.768001279688,-2.47619871618,
    44.643637687071));
#2884 = CARTESIAN_POINT('',(3.537374562435,-1.089714346365,
    44.757266726999));
#2885 = CARTESIAN_POINT('',(4.083878739028,1.70402358664,44.870926812478
    ));
#2886 = CARTESIAN_POINT('',(2.249925998718,4.61286980104,44.98451181146)
  );
#2887 = CARTESIAN_POINT('',(-1.985765369479,5.595271381982,
    45.098228302617));
#2888 = CARTESIAN_POINT('',(-5.595222613751,1.985726356267,
    45.211771827643));
#2889 = CARTESIAN_POINT('',(-4.61291292594,-2.249904357378,
    45.325488837183));
#2890 = CARTESIAN_POINT('',(-1.703996920611,-4.083886339532,
    45.439073004091));
#2891 = CARTESIAN_POINT('',(1.089703346116,-3.537373251537,
    45.552733949261));
#2892 = CARTESIAN_POINT('',(2.476201278332,-1.768001271341,
    45.66636231872));
#2893 = CARTESIAN_POINT('',(2.476199733179,-1.619643863471E-08,
    45.780000275069));
#2894 = CARTESIAN_POINT('',(3.0162,4.884981308351E-15,36.));
#2895 = CARTESIAN_POINT('',(3.016200001013,2.153563563578,
    36.113634164154));
#2896 = CARTESIAN_POINT('',(1.327351127268,4.308774571323,
    36.227281567437));
#2897 = CARTESIAN_POINT('',(-2.075628402483,4.974521162177,
    36.340883985006));
#2898 = CARTESIAN_POINT('',(-5.61881528872,2.74049991558,36.454592430039
    ));
#2899 = CARTESIAN_POINT('',(-6.815501873835,-2.418711087384,
    36.568117425325));
#2900 = CARTESIAN_POINT('',(-2.418711096793,-6.815501943073,
    36.681881994783));
#2901 = CARTESIAN_POINT('',(2.740500017536,-5.618815230413,
    36.795407706107));
#2902 = CARTESIAN_POINT('',(4.974521125763,-2.075628390034,
    36.90911500185));
#2903 = CARTESIAN_POINT('',(4.308774599121,1.327351172924,
    37.022718606788));
#2904 = CARTESIAN_POINT('',(2.153563518458,3.016200010291,37.1363650841)
  );
#2905 = CARTESIAN_POINT('',(-2.153563540915,3.016199995335,
    37.363634541759));
#2906 = CARTESIAN_POINT('',(-4.308774608057,1.327351136466,
    37.477280955348));
#2907 = CARTESIAN_POINT('',(-4.974521113221,-2.075628414736,
    37.590884800846));
#2908 = CARTESIAN_POINT('',(-2.740499969814,-5.61881527515,
    37.704591526033));
#2909 = CARTESIAN_POINT('',(2.418711137429,-6.815501886357,
    37.818118259762));
#2910 = CARTESIAN_POINT('',(6.815501904858,-2.418711087227,
    37.931881357371));
#2911 = CARTESIAN_POINT('',(5.618815254133,2.740500011594,
    38.045408101864));
#2912 = CARTESIAN_POINT('',(2.075628378524,4.974521128649,
    38.159114809768));
#2913 = CARTESIAN_POINT('',(-1.327351168949,4.308774598123,
    38.27271867313));
#2914 = CARTESIAN_POINT('',(-3.016200010969,2.153563518629,
    38.386365072781));
#2915 = CARTESIAN_POINT('',(-3.016199994994,-2.153563541001,
    38.613634547446));
#2916 = CARTESIAN_POINT('',(-1.327351137021,-4.308774607914,
    38.727280946124));
#2917 = CARTESIAN_POINT('',(2.075628415478,-4.974521113418,
    38.840884813147));
#2918 = CARTESIAN_POINT('',(5.618815274325,-2.740499969587,
    38.954591512401));
#2919 = CARTESIAN_POINT('',(6.815501887121,2.41871113721,39.068118272339
    ));
#2920 = CARTESIAN_POINT('',(2.418711086643,6.81550190503,39.181881347777
    ));
#2921 = CARTESIAN_POINT('',(-2.74050001123,5.618815254025,
    39.295408107807));
#2922 = CARTESIAN_POINT('',(-4.974521128825,2.075628378576,
    39.409114806893));
#2923 = CARTESIAN_POINT('',(-4.308774598062,-1.327351168966,
    39.522718674119));
#2924 = CARTESIAN_POINT('',(-2.153563518639,-3.016200010966,
    39.636365072613));
#2925 = CARTESIAN_POINT('',(2.153563541006,-3.016199994996,
    39.86363454753));
#2926 = CARTESIAN_POINT('',(4.308774607909,-1.327351137015,
    39.97728094599));
#2927 = CARTESIAN_POINT('',(4.974521113412,2.075628415463,
    40.090884813322));
#2928 = CARTESIAN_POINT('',(2.740499969621,5.618815274352,
    40.204591512211));
#2929 = CARTESIAN_POINT('',(-2.41871113728,6.815501887084,
    40.318118272512));
#2930 = CARTESIAN_POINT('',(-6.815501904942,2.41871108668,
    40.431881347643));
#2931 = CARTESIAN_POINT('',(-5.618815254099,-2.740500011258,
    40.545408107892));
#2932 = CARTESIAN_POINT('',(-2.075628378535,-4.974521128811,
    40.65911480685));
#2933 = CARTESIAN_POINT('',(1.327351168953,-4.308774598067,
    40.772718674133));
#2934 = CARTESIAN_POINT('',(3.016200010967,-2.153563518639,
    40.886365072613));
#2935 = CARTESIAN_POINT('',(3.016199994995,2.153563541005,
    41.113634547526));
#2936 = CARTESIAN_POINT('',(1.327351137021,4.308774607914,
    41.227280946012));
#2937 = CARTESIAN_POINT('',(-2.075628415477,4.974521113406,
    41.340884813274));
#2938 = CARTESIAN_POINT('',(-5.618815274335,2.740499969617,
    41.454591512271));
#2939 = CARTESIAN_POINT('',(-6.815501887093,-2.418711137255,
    41.568118272469));
#2940 = CARTESIAN_POINT('',(-2.418711086687,-6.815501904985,
    41.681881347649));
#2941 = CARTESIAN_POINT('',(2.740500011275,-5.618815254056,
    41.795408107915));
#2942 = CARTESIAN_POINT('',(4.974521128795,-2.075628378562,
    41.909114806822));
#2943 = CARTESIAN_POINT('',(4.308774598075,1.327351168962,
    42.022718674149));
#2944 = CARTESIAN_POINT('',(2.153563518637,3.016200010966,
    42.136365072609));
#2945 = CARTESIAN_POINT('',(-2.153563541003,3.016199994995,
    42.363634547526));
#2946 = CARTESIAN_POINT('',(-4.308774607917,1.327351137021,
    42.477280946019));
#2947 = CARTESIAN_POINT('',(-4.974521113402,-2.075628415477,
    42.590884813245));
#2948 = CARTESIAN_POINT('',(-2.740499969615,-5.618815274339,
    42.704591512343));
#2949 = CARTESIAN_POINT('',(2.418711137241,-6.815501887082,
    42.818118272342));
#2950 = CARTESIAN_POINT('',(6.815501905009,-2.418711086705,
    42.931881347826));
#2951 = CARTESIAN_POINT('',(5.618815254033,2.740500011295,
    43.045408107716));
#2952 = CARTESIAN_POINT('',(2.075628378574,4.97452112878,43.159114807006
    ));
#2953 = CARTESIAN_POINT('',(-1.327351168966,4.308774598084,
    43.272718674009));
#2954 = CARTESIAN_POINT('',(-3.016200010966,2.153563518632,
    43.386365072696));
#2955 = CARTESIAN_POINT('',(-3.016199994997,-2.153563540993,
    43.613634547355));
#2956 = CARTESIAN_POINT('',(-1.327351137007,-4.308774607975,
    43.727280947021));
#2957 = CARTESIAN_POINT('',(2.075628415437,-4.974521113235,
    43.840884810348));
#2958 = CARTESIAN_POINT('',(5.618815274419,-2.740499969958,
    43.954591518308));
#2959 = CARTESIAN_POINT('',(6.815501886955,2.418711137795,
    44.068118262736));
#2960 = CARTESIAN_POINT('',(2.418711086872,6.815501904279,
    44.181881360401));
#2961 = CARTESIAN_POINT('',(-2.740500011481,5.618815254831,
    44.295408094094));
#2962 = CARTESIAN_POINT('',(-4.974521128604,2.075628377848,
    44.409114819298));
#2963 = CARTESIAN_POINT('',(-4.308774598221,-1.327351168418,
    44.52271866479));
#2964 = CARTESIAN_POINT('',(-2.153563518546,-3.016200011306,
    44.636365078382));
#2965 = CARTESIAN_POINT('',(2.153563540823,-3.016199994319,
    44.863634536036));
#2966 = CARTESIAN_POINT('',(4.308774608975,-1.327351140987,
    44.977281013365));
#2967 = CARTESIAN_POINT('',(4.974521110341,2.075628426961,
    45.090884618259));
#2968 = CARTESIAN_POINT('',(2.740499975921,5.618815250677,
    45.204591914071));
#2969 = CARTESIAN_POINT('',(-2.418711147394,6.815501925193,
    45.318117625332));
#2970 = CARTESIAN_POINT('',(-6.815501891718,2.418711036815,
    45.431882194807));
#2971 = CARTESIAN_POINT('',(-5.618815268432,-2.740499957245,
    45.545407190135));
#2972 = CARTESIAN_POINT('',(-2.075628365578,-4.974521177557,
    45.659115635093));
#2973 = CARTESIAN_POINT('',(1.327351159214,-4.308774561488,
    45.772718052731));
#2974 = CARTESIAN_POINT('',(3.016200016984,-2.153563541209,
    45.886365455971));
#2975 = CARTESIAN_POINT('',(3.0162,2.236620133544E-08,45.999999620144));
#2976 = DEFINITIONAL_REPRESENTATION('',(#2977),#2981);
#2977 = LINE('',#2978,#2979);
#2978 = CARTESIAN_POINT('',(0.,0.));
#2979 = VECTOR('',#2980,1.);
#2980 = DIRECTION('',(0.,1.));
#2981 = ( GEOMETRIC_REPRESENTATION_CONTEXT(2) 
PARAMETRIC_REPRESENTATION_CONTEXT() REPRESENTATION_CONTEXT('2D SPACE',''
  ) );
#2982 = PCURVE('',#2983,#3148);
#2983 = B_SPLINE_SURFACE_WITH_KNOTS('',1,11,(
    (#2984,#2985,#2986,#2987,#2988,#2989,#2990,#2991,#2992,#2993,#2994
      ,#2995,#2996,#2997,#2998,#2999,#3000,#3001,#3002,#3003,#3004,#3005
      ,#3006,#3007,#3008,#3009,#3010,#3011,#3012,#3013,#3014,#3015,#3016
      ,#3017,#3018,#3019,#3020,#3021,#3022,#3023,#3024,#3025,#3026,#3027
      ,#3028,#3029,#3030,#3031,#3032,#3033,#3034,#3035,#3036,#3037,#3038
      ,#3039,#3040,#3041,#3042,#3043,#3044,#3045,#3046,#3047,#3048,#3049
      ,#3050,#3051,#3052,#3053,#3054,#3055,#3056,#3057,#3058,#3059,#3060
      ,#3061,#3062,#3063,#3064,#3065)
    ,(#3066,#3067,#3068,#3069,#3070,#3071,#3072,#3073,#3074,#3075,#3076
      ,#3077,#3078,#3079,#3080,#3081,#3082,#3083,#3084,#3085,#3086,#3087
      ,#3088,#3089,#3090,#3091,#3092,#3093,#3094,#3095,#3096,#3097,#3098
      ,#3099,#3100,#3101,#3102,#3103,#3104,#3105,#3106,#3107,#3108,#3109
      ,#3110,#3111,#3112,#3113,#3114,#3115,#3116,#3117,#3118,#3119,#3120
      ,#3121,#3122,#3123,#3124,#3125,#3126,#3127,#3128,#3129,#3130,#3131
      ,#3132,#3133,#3134,#3135,#3136,#3137,#3138,#3139,#3140,#3141,#3142
      ,#3143,#3144,#3145,#3146,#3147
    )),.UNSPECIFIED.,.F.,.F.,.F.,(2,2),(12,10,10,10,10,10,10,10,12),(0.,
    0.44),(0.,7.952831414459,15.905662828918,23.858494243377,
    31.811325657837,39.764157072296,47.716988486755,55.669819901214,
    63.622651315673),.UNSPECIFIED.);
#2984 = CARTESIAN_POINT('',(2.4762,-2.22044604925E-16,36.22));
#2985 = CARTESIAN_POINT('',(2.476201556735,1.768001445658,
    36.333637956364));
#2986 = CARTESIAN_POINT('',(1.089703486636,3.537373625578,
    36.447266325775));
#2987 = CARTESIAN_POINT('',(-1.703997077439,4.083886790739,
    36.560927271041));
#2988 = CARTESIAN_POINT('',(-4.612913408389,2.249904630002,
    36.674511437821));
#2989 = CARTESIAN_POINT('',(-5.59522322957,-1.985726533675,
    36.78822844747));
#2990 = CARTESIAN_POINT('',(-1.985765620097,-5.595271971867,
    36.901771972457));
#2991 = CARTESIAN_POINT('',(2.24992621099,-4.612870312865,37.01548846358
    ));
#2992 = CARTESIAN_POINT('',(4.083879167955,-1.704023796941,
    37.129073462624));
#2993 = CARTESIAN_POINT('',(3.537374950726,1.089714440639,
    37.242733548057));
#2994 = CARTESIAN_POINT('',(1.768001486398,2.476198971441,
    37.356362588004));
#2995 = CARTESIAN_POINT('',(-1.768001466121,2.476201291431,
    37.583637682926));
#2996 = CARTESIAN_POINT('',(-3.537373592409,1.089703916687,
    37.697266769015));
#2997 = CARTESIAN_POINT('',(-4.08388683495,-1.703997650644,
    37.810926680254));
#2998 = CARTESIAN_POINT('',(-2.24990458101,-4.612912773236,
    37.924512092458));
#2999 = CARTESIAN_POINT('',(1.985726488444,-5.595223815852,
    38.038227843207));
#3000 = CARTESIAN_POINT('',(5.595272006429,-1.985765172235,
    38.151772434046));
#3001 = CARTESIAN_POINT('',(4.612870291398,2.249925932913,
    38.265488176986));
#3002 = CARTESIAN_POINT('',(1.704023807363,4.083879302925,
    38.379073601723));
#3003 = CARTESIAN_POINT('',(-1.089714444238,3.537374904109,
    38.492733500015));
#3004 = CARTESIAN_POINT('',(-2.476198970828,1.768001494352,
    38.606362596201));
#3005 = CARTESIAN_POINT('',(-2.476201291737,-1.768001470117,
    38.833637678807));
#3006 = CARTESIAN_POINT('',(-1.089703916196,-3.537373585923,
    38.947266775698));
#3007 = CARTESIAN_POINT('',(1.703997650002,-4.083886843614,
    39.060926671339));
#3008 = CARTESIAN_POINT('',(4.612912773935,-2.249904571378,
    39.174512102333));
#3009 = CARTESIAN_POINT('',(5.595223815217,1.985726479519,
    39.288227834108));
#3010 = CARTESIAN_POINT('',(1.985765172719,5.595272013273,
    39.401772440971));
#3011 = CARTESIAN_POINT('',(-2.249925933216,4.612870287136,
    39.515488172708));
#3012 = CARTESIAN_POINT('',(-4.083879302773,1.704023809435,
    39.629073603788));
#3013 = CARTESIAN_POINT('',(-3.537374904164,-1.089714444954,
    39.742733499305));
#3014 = CARTESIAN_POINT('',(-1.768001494342,-2.476198970706,
    39.856362596321));
#3015 = CARTESIAN_POINT('',(1.768001470112,-2.476201291799,
    40.083637678746));
#3016 = CARTESIAN_POINT('',(3.537373585937,-1.089703916094,
    40.197266775801));
#3017 = CARTESIAN_POINT('',(4.08388684358,1.703997649856,40.310926671197
    ));
#3018 = CARTESIAN_POINT('',(2.249904571449,4.612912774114,
    40.424512102501));
#3019 = CARTESIAN_POINT('',(-1.98572647963,5.595223815028,
    40.538227833943));
#3020 = CARTESIAN_POINT('',(-5.595272013146,1.985765172882,
    40.651772441107));
#3021 = CARTESIAN_POINT('',(-4.612870287237,-2.249925933327,
    40.76548817262));
#3022 = CARTESIAN_POINT('',(-1.704023809381,-4.083879302719,
    40.879073603831));
#3023 = CARTESIAN_POINT('',(1.089714444939,-3.537374904181,
    40.992733499292));
#3024 = CARTESIAN_POINT('',(2.476198970705,-1.76800149434,
    41.106362596321));
#3025 = CARTESIAN_POINT('',(2.476201291802,1.768001470111,
    41.333637678751));
#3026 = CARTESIAN_POINT('',(1.089703916075,3.537373585943,41.44726677577
    ));
#3027 = CARTESIAN_POINT('',(-1.703997649809,4.083886843562,
    41.560926671264));
#3028 = CARTESIAN_POINT('',(-4.612912774192,2.249904571485,
    41.674512102417));
#3029 = CARTESIAN_POINT('',(-5.595223814934,-1.985726479679,
    41.788227833995));
#3030 = CARTESIAN_POINT('',(-1.985765172965,-5.595272013096,
    41.901772441115));
#3031 = CARTESIAN_POINT('',(2.249925933381,-4.612870287278,
    42.015488172569));
#3032 = CARTESIAN_POINT('',(4.083879302693,-1.704023809355,
    42.129073603881));
#3033 = CARTESIAN_POINT('',(3.537374904189,1.089714444926,
    42.242733499267));
#3034 = CARTESIAN_POINT('',(1.768001494338,2.476198970709,
    42.356362596326));
#3035 = CARTESIAN_POINT('',(-1.768001470108,2.476201291799,
    42.583637678749));
#3036 = CARTESIAN_POINT('',(-3.537373585955,1.089703916084,
    42.697266775767));
#3037 = CARTESIAN_POINT('',(-4.083886843532,-1.703997649828,
    42.810926671283));
#3038 = CARTESIAN_POINT('',(-2.249904571536,-4.612912774162,
    42.924512102362));
#3039 = CARTESIAN_POINT('',(1.985726479752,-5.595223814971,
    43.038227834101));
#3040 = CARTESIAN_POINT('',(5.595272013003,-1.98576517293,
    43.151772440964));
#3041 = CARTESIAN_POINT('',(4.612870287387,2.249925933356,
    43.265488172738));
#3042 = CARTESIAN_POINT('',(1.704023809243,4.083879302708,
    43.379073603731));
#3043 = CARTESIAN_POINT('',(-1.089714444832,3.537374904182,
    43.492733499375));
#3044 = CARTESIAN_POINT('',(-2.476198970771,1.768001494341,
    43.606362596262));
#3045 = CARTESIAN_POINT('',(-2.476201291676,-1.768001470114,
    43.833637678875));
#3046 = CARTESIAN_POINT('',(-1.089703916806,-3.537373585921,
    43.947266775038));
#3047 = CARTESIAN_POINT('',(1.703997651922,-4.083886843631,
    44.060926673391));
#3048 = CARTESIAN_POINT('',(4.612912769841,-2.249904571331,
    44.174512098027));
#3049 = CARTESIAN_POINT('',(5.595223821937,1.98572647942,44.288227841073
    ));
#3050 = CARTESIAN_POINT('',(1.985765163809,5.595272013436,
    44.401772431846));
#3051 = CARTESIAN_POINT('',(-2.249925923477,4.612870286921,
    44.515488182606));
#3052 = CARTESIAN_POINT('',(-4.083879311615,1.704023809659,
    44.629073594831));
#3053 = CARTESIAN_POINT('',(-3.537374897504,-1.08971444514,
    44.74273350605));
#3054 = CARTESIAN_POINT('',(-1.768001498459,-2.476198970583,
    44.856362592146));
#3055 = CARTESIAN_POINT('',(1.768001478312,-2.476201292048,
    45.08363768707));
#3056 = CARTESIAN_POINT('',(3.537373537869,-1.08970391463,
    45.197266727002));
#3057 = CARTESIAN_POINT('',(4.083886982754,1.703997645621,
    45.310926812468));
#3058 = CARTESIAN_POINT('',(2.249904284694,4.612912782825,
    45.424511811488));
#3059 = CARTESIAN_POINT('',(-1.985726017765,5.595223801026,
    45.538228302566));
#3060 = CARTESIAN_POINT('',(-5.595272617791,1.985765191173,
    45.651771827709));
#3061 = CARTESIAN_POINT('',(-4.612869632167,-2.249925953106,
    45.765488837123));
#3062 = CARTESIAN_POINT('',(-1.704024400574,-4.083879284893,
    45.879073004128));
#3063 = CARTESIAN_POINT('',(1.089714888492,-3.537374917542,
    45.992733949246));
#3064 = CARTESIAN_POINT('',(2.476198697068,-1.768001486101,
    46.106362318724));
#3065 = CARTESIAN_POINT('',(2.476200266821,-1.61958915168E-08,
    46.220000275068));
#3066 = CARTESIAN_POINT('',(2.4762,2.6645352591E-15,35.78));
#3067 = CARTESIAN_POINT('',(2.476198441799,1.76800127939,35.893637956364
    ));
#3068 = CARTESIAN_POINT('',(1.089714794225,3.537374529246,
    36.007266325775));
#3069 = CARTESIAN_POINT('',(-1.704024190273,4.08387885598,
    36.120927271047));
#3070 = CARTESIAN_POINT('',(-4.612869120356,2.249925740824,
    36.234511437799));
#3071 = CARTESIAN_POINT('',(-5.595272027884,-1.985764940573,
    36.348228447514));
#3072 = CARTESIAN_POINT('',(-1.985725840377,-5.595223185155,
    36.461771972398));
#3073 = CARTESIAN_POINT('',(2.249904012081,-4.612912300444,
    36.575488463633));
#3074 = CARTESIAN_POINT('',(4.083886531544,-1.703997488739,
    36.689073462592));
#3075 = CARTESIAN_POINT('',(3.537373163829,1.089703774081,36.80273354807
    ));
#3076 = CARTESIAN_POINT('',(1.768001303995,2.476201013657,
    36.916362588002));
#3077 = CARTESIAN_POINT('',(-1.768001291749,2.476198715326,
    37.143637682927));
#3078 = CARTESIAN_POINT('',(-3.537374509216,1.08971435084,
    37.257266769013));
#3079 = CARTESIAN_POINT('',(-4.083878882675,-1.704023599291,
    37.370926680262));
#3080 = CARTESIAN_POINT('',(-2.249925711243,-4.612869775201,
    37.484512092434));
#3081 = CARTESIAN_POINT('',(1.985764913258,-5.595271423444,
    37.598227843253));
#3082 = CARTESIAN_POINT('',(5.595223206034,-1.985726302083,
    37.711772433986));
#3083 = CARTESIAN_POINT('',(4.61291228747,2.249904298732,37.825488177041
    ));
#3084 = CARTESIAN_POINT('',(1.703997495042,4.083886392424,
    37.939073601691));
#3085 = CARTESIAN_POINT('',(-1.089703776259,3.537373211875,
    38.052733500027));
#3086 = CARTESIAN_POINT('',(-2.476201013284,1.768001295799,
    38.166362596199));
#3087 = CARTESIAN_POINT('',(-2.476198715514,-1.768001287633,
    38.393637678808));
#3088 = CARTESIAN_POINT('',(-1.08971435053,-3.537374515882,
    38.507266775696));
#3089 = CARTESIAN_POINT('',(1.70402359887,-4.083878873796,
    38.620926671348));
#3090 = CARTESIAN_POINT('',(4.612869775679,-2.249925721075,
    38.734512102308));
#3091 = CARTESIAN_POINT('',(5.595271422991,1.985764922335,
    38.848227834156));
#3092 = CARTESIAN_POINT('',(1.985726302438,5.595223199091,38.96177244091
    ));
#3093 = CARTESIAN_POINT('',(-2.249904298956,4.612912291791,
    39.075488172763));
#3094 = CARTESIAN_POINT('',(-4.083886392315,1.703997492937,
    39.189073603755));
#3095 = CARTESIAN_POINT('',(-3.537373211913,-1.089703775529,
    39.302733499318));
#3096 = CARTESIAN_POINT('',(-1.768001295792,-2.476201013409,
    39.416362596319));
#3097 = CARTESIAN_POINT('',(1.768001287629,-2.476198715452,
    39.643637678747));
#3098 = CARTESIAN_POINT('',(3.537374515893,-1.089714350627,
    39.757266775799));
#3099 = CARTESIAN_POINT('',(4.083878873767,1.704023598989,
    39.870926671205));
#3100 = CARTESIAN_POINT('',(2.249925721136,4.612869775565,
    39.984512102475));
#3101 = CARTESIAN_POINT('',(-1.985764922428,5.595271423075,
    40.098227833991));
#3102 = CARTESIAN_POINT('',(-5.595223198989,1.98572630239,
    40.211772441045));
#3103 = CARTESIAN_POINT('',(-4.612912291871,-2.249904298935,
    40.325488172675));
#3104 = CARTESIAN_POINT('',(-1.703997492895,-4.083886392323,
    40.439073603798));
#3105 = CARTESIAN_POINT('',(1.089703775516,-3.537373211909,
    40.552733499305));
#3106 = CARTESIAN_POINT('',(2.476201013411,-1.768001295794,
    40.666362596319));
#3107 = CARTESIAN_POINT('',(2.476198715446,1.76800128763,40.893637678752
    ));
#3108 = CARTESIAN_POINT('',(1.08971435066,3.537374515886,41.007266775768
    ));
#3109 = CARTESIAN_POINT('',(-1.70402359907,4.083878873799,
    41.120926671272));
#3110 = CARTESIAN_POINT('',(-4.612869775434,2.249925721054,
    41.234512102392));
#3111 = CARTESIAN_POINT('',(-5.595271423225,-1.985764922291,
    41.348227834043));
#3112 = CARTESIAN_POINT('',(-1.985726302269,-5.59522319915,
    41.461772441053));
#3113 = CARTESIAN_POINT('',(2.249904298867,-4.612912291736,
    41.575488172624));
#3114 = CARTESIAN_POINT('',(4.083886392348,-1.703997492973,
    41.689073603848));
#3115 = CARTESIAN_POINT('',(3.537373211905,1.089703775545,
    41.802733499279));
#3116 = CARTESIAN_POINT('',(1.768001295794,2.476201013407,
    41.916362596325));
#3117 = CARTESIAN_POINT('',(-1.768001287631,2.476198715449,
    42.14363767875));
#3118 = CARTESIAN_POINT('',(-3.537374515882,1.089714350654,
    42.257266775765));
#3119 = CARTESIAN_POINT('',(-4.083878873815,-1.70402359906,
    42.370926671293));
#3120 = CARTESIAN_POINT('',(-2.249925721012,-4.612869775446,
    42.484512102336));
#3121 = CARTESIAN_POINT('',(1.985764922208,-5.595271423214,
    42.598227834151));
#3122 = CARTESIAN_POINT('',(5.595223199274,-1.985726302274,42.7117724409
    ));
#3123 = CARTESIAN_POINT('',(4.612912291595,2.249904298866,
    42.825488172795));
#3124 = CARTESIAN_POINT('',(1.7039974931,4.083886392354,42.939073603697)
  );
#3125 = CARTESIAN_POINT('',(-1.089703775639,3.537373211898,
    43.052733499388));
#3126 = CARTESIAN_POINT('',(-2.476201013349,1.768001295799,
    43.166362596261));
#3127 = CARTESIAN_POINT('',(-2.476198715567,-1.76800128764,
    43.393637678876));
#3128 = CARTESIAN_POINT('',(-1.089714349958,-3.537374515823,
    43.507266775036));
#3129 = CARTESIAN_POINT('',(1.704023597043,-4.083878873984,
    43.620926673399));
#3130 = CARTESIAN_POINT('',(4.612869779607,-2.249925720666,
    43.734512098002));
#3131 = CARTESIAN_POINT('',(5.595271416505,1.985764921658,
    43.848227841121));
#3132 = CARTESIAN_POINT('',(1.985726311068,5.59522319998,43.961772431785
    ));
#3133 = CARTESIAN_POINT('',(-2.249904308404,4.612912290841,
    44.075488182661));
#3134 = CARTESIAN_POINT('',(-4.083886383735,1.703997493774,
    44.189073594798));
#3135 = CARTESIAN_POINT('',(-3.53737321837,-1.089703776141,
    44.302733506062));
#3136 = CARTESIAN_POINT('',(-1.768001291804,-2.47620101304,
    44.416362592144));
#3137 = CARTESIAN_POINT('',(1.768001279688,-2.47619871618,
    44.643637687071));
#3138 = CARTESIAN_POINT('',(3.537374562435,-1.089714346365,
    44.757266726999));
#3139 = CARTESIAN_POINT('',(4.083878739027,1.70402358664,44.870926812478
    ));
#3140 = CARTESIAN_POINT('',(2.249925998719,4.61286980104,44.98451181146)
  );
#3141 = CARTESIAN_POINT('',(-1.98576536948,5.595271381983,
    45.098228302617));
#3142 = CARTESIAN_POINT('',(-5.595222613749,1.985726356266,
    45.211771827643));
#3143 = CARTESIAN_POINT('',(-4.612912925942,-2.249904357378,
    45.325488837183));
#3144 = CARTESIAN_POINT('',(-1.703996920611,-4.083886339532,
    45.439073004091));
#3145 = CARTESIAN_POINT('',(1.089703346116,-3.537373251537,
    45.552733949261));
#3146 = CARTESIAN_POINT('',(2.476201278332,-1.768001271341,
    45.66636231872));
#3147 = CARTESIAN_POINT('',(2.476199733179,-1.619643685835E-08,
    45.780000275069));
#3148 = DEFINITIONAL_REPRESENTATION('',(#3149),#3153);
#3149 = LINE('',#3150,#3151);
#3150 = CARTESIAN_POINT('',(0.44,0.));
#3151 = VECTOR('',#3152,1.);
#3152 = DIRECTION('',(0.,1.));
#3153 = ( GEOMETRIC_REPRESENTATION_CONTEXT(2) 
PARAMETRIC_REPRESENTATION_CONTEXT() REPRESENTATION_CONTEXT('2D SPACE',''
  ) );
#3154 = ORIENTED_EDGE('',*,*,#3155,.T.);
#3155 = EDGE_CURVE('',#2722,#3156,#3158,.T.);
#3156 = VERTEX_POINT('',#3157);
#3157 = CARTESIAN_POINT('',(3.0162,4.884981308351E-15,36.));
#3158 = SURFACE_CURVE('',#3159,(#3162,#3169),.PCURVE_S1.);
#3159 = B_SPLINE_CURVE_WITH_KNOTS('',1,(#3160,#3161),.UNSPECIFIED.,.F.,
  .F.,(2,2),(0.,0.583095189485),.PIECEWISE_BEZIER_KNOTS.);
#3160 = CARTESIAN_POINT('',(2.4762,-2.6645352591E-15,35.78));
#3161 = CARTESIAN_POINT('',(3.0162,4.884981308351E-15,36.));
#3162 = PCURVE('',#2811,#3163);
#3163 = DEFINITIONAL_REPRESENTATION('',(#3164),#3168);
#3164 = LINE('',#3165,#3166);
#3165 = CARTESIAN_POINT('',(0.,0.));
#3166 = VECTOR('',#3167,1.);
#3167 = DIRECTION('',(1.,0.));
#3168 = ( GEOMETRIC_REPRESENTATION_CONTEXT(2) 
PARAMETRIC_REPRESENTATION_CONTEXT() REPRESENTATION_CONTEXT('2D SPACE',''
  ) );
#3169 = PCURVE('',#3170,#3175);
#3170 = PLANE('',#3171);
#3171 = AXIS2_PLACEMENT_3D('',#3172,#3173,#3174);
#3172 = CARTESIAN_POINT('',(2.672236165105,1.825811616418E-15,36.));
#3173 = DIRECTION('',(8.893870173493E-15,-1.,2.068029948605E-15));
#3174 = DIRECTION('',(-1.,-8.893870173493E-15,0.));
#3175 = DEFINITIONAL_REPRESENTATION('',(#3176),#3179);
#3176 = B_SPLINE_CURVE_WITH_KNOTS('',1,(#3177,#3178),.UNSPECIFIED.,.F.,
  .F.,(2,2),(0.,0.583095189485),.PIECEWISE_BEZIER_KNOTS.);
#3177 = CARTESIAN_POINT('',(0.196036165105,0.22));
#3178 = CARTESIAN_POINT('',(-0.343963834895,0.));
#3179 = ( GEOMETRIC_REPRESENTATION_CONTEXT(2) 
PARAMETRIC_REPRESENTATION_CONTEXT() REPRESENTATION_CONTEXT('2D SPACE',''
  ) );
#3180 = ORIENTED_EDGE('',*,*,#3181,.T.);
#3181 = EDGE_CURVE('',#3156,#3182,#3184,.T.);
#3182 = VERTEX_POINT('',#3183);
#3183 = CARTESIAN_POINT('',(3.0162,2.236620133544E-08,45.999999620144));
#3184 = SURFACE_CURVE('',#3185,(#3268,#3275),.PCURVE_S1.);
#3185 = B_SPLINE_CURVE_WITH_KNOTS('',11,(#3186,#3187,#3188,#3189,#3190,
    #3191,#3192,#3193,#3194,#3195,#3196,#3197,#3198,#3199,#3200,#3201,
    #3202,#3203,#3204,#3205,#3206,#3207,#3208,#3209,#3210,#3211,#3212,
    #3213,#3214,#3215,#3216,#3217,#3218,#3219,#3220,#3221,#3222,#3223,
    #3224,#3225,#3226,#3227,#3228,#3229,#3230,#3231,#3232,#3233,#3234,
    #3235,#3236,#3237,#3238,#3239,#3240,#3241,#3242,#3243,#3244,#3245,
    #3246,#3247,#3248,#3249,#3250,#3251,#3252,#3253,#3254,#3255,#3256,
    #3257,#3258,#3259,#3260,#3261,#3262,#3263,#3264,#3265,#3266,#3267),
  .UNSPECIFIED.,.F.,.F.,(12,10,10,10,10,10,10,10,12),(0.,7.952831414459,
    15.905662828918,23.858494243377,31.811325657837,39.764157072296,
    47.716988486755,55.669819901214,63.622651315673),.UNSPECIFIED.);
#3186 = CARTESIAN_POINT('',(3.0162,4.884981308351E-15,36.));
#3187 = CARTESIAN_POINT('',(3.016200001013,2.153563563578,
    36.113634164154));
#3188 = CARTESIAN_POINT('',(1.327351127268,4.308774571323,
    36.227281567437));
#3189 = CARTESIAN_POINT('',(-2.075628402483,4.974521162177,
    36.340883985006));
#3190 = CARTESIAN_POINT('',(-5.61881528872,2.74049991558,36.454592430039
    ));
#3191 = CARTESIAN_POINT('',(-6.815501873835,-2.418711087384,
    36.568117425325));
#3192 = CARTESIAN_POINT('',(-2.418711096793,-6.815501943073,
    36.681881994783));
#3193 = CARTESIAN_POINT('',(2.740500017536,-5.618815230413,
    36.795407706107));
#3194 = CARTESIAN_POINT('',(4.974521125763,-2.075628390034,
    36.90911500185));
#3195 = CARTESIAN_POINT('',(4.308774599121,1.327351172924,
    37.022718606788));
#3196 = CARTESIAN_POINT('',(2.153563518458,3.016200010291,37.1363650841)
  );
#3197 = CARTESIAN_POINT('',(-2.153563540915,3.016199995335,
    37.363634541759));
#3198 = CARTESIAN_POINT('',(-4.308774608057,1.327351136466,
    37.477280955348));
#3199 = CARTESIAN_POINT('',(-4.974521113221,-2.075628414736,
    37.590884800846));
#3200 = CARTESIAN_POINT('',(-2.740499969814,-5.61881527515,
    37.704591526033));
#3201 = CARTESIAN_POINT('',(2.418711137429,-6.815501886357,
    37.818118259762));
#3202 = CARTESIAN_POINT('',(6.815501904858,-2.418711087227,
    37.931881357371));
#3203 = CARTESIAN_POINT('',(5.618815254133,2.740500011594,
    38.045408101864));
#3204 = CARTESIAN_POINT('',(2.075628378524,4.974521128649,
    38.159114809768));
#3205 = CARTESIAN_POINT('',(-1.327351168949,4.308774598123,
    38.27271867313));
#3206 = CARTESIAN_POINT('',(-3.016200010969,2.153563518629,
    38.386365072781));
#3207 = CARTESIAN_POINT('',(-3.016199994994,-2.153563541001,
    38.613634547446));
#3208 = CARTESIAN_POINT('',(-1.327351137021,-4.308774607914,
    38.727280946124));
#3209 = CARTESIAN_POINT('',(2.075628415478,-4.974521113418,
    38.840884813147));
#3210 = CARTESIAN_POINT('',(5.618815274325,-2.740499969587,
    38.954591512401));
#3211 = CARTESIAN_POINT('',(6.815501887121,2.41871113721,39.068118272339
    ));
#3212 = CARTESIAN_POINT('',(2.418711086643,6.81550190503,39.181881347777
    ));
#3213 = CARTESIAN_POINT('',(-2.74050001123,5.618815254025,
    39.295408107807));
#3214 = CARTESIAN_POINT('',(-4.974521128825,2.075628378576,
    39.409114806893));
#3215 = CARTESIAN_POINT('',(-4.308774598062,-1.327351168966,
    39.522718674119));
#3216 = CARTESIAN_POINT('',(-2.153563518639,-3.016200010966,
    39.636365072613));
#3217 = CARTESIAN_POINT('',(2.153563541006,-3.016199994996,
    39.86363454753));
#3218 = CARTESIAN_POINT('',(4.308774607909,-1.327351137015,
    39.97728094599));
#3219 = CARTESIAN_POINT('',(4.974521113412,2.075628415463,
    40.090884813322));
#3220 = CARTESIAN_POINT('',(2.740499969621,5.618815274352,
    40.204591512211));
#3221 = CARTESIAN_POINT('',(-2.41871113728,6.815501887084,
    40.318118272512));
#3222 = CARTESIAN_POINT('',(-6.815501904942,2.41871108668,
    40.431881347643));
#3223 = CARTESIAN_POINT('',(-5.618815254099,-2.740500011258,
    40.545408107892));
#3224 = CARTESIAN_POINT('',(-2.075628378535,-4.974521128811,
    40.65911480685));
#3225 = CARTESIAN_POINT('',(1.327351168953,-4.308774598067,
    40.772718674133));
#3226 = CARTESIAN_POINT('',(3.016200010967,-2.153563518639,
    40.886365072613));
#3227 = CARTESIAN_POINT('',(3.016199994995,2.153563541005,
    41.113634547526));
#3228 = CARTESIAN_POINT('',(1.327351137021,4.308774607914,
    41.227280946012));
#3229 = CARTESIAN_POINT('',(-2.075628415477,4.974521113406,
    41.340884813274));
#3230 = CARTESIAN_POINT('',(-5.618815274335,2.740499969617,
    41.454591512271));
#3231 = CARTESIAN_POINT('',(-6.815501887093,-2.418711137255,
    41.568118272469));
#3232 = CARTESIAN_POINT('',(-2.418711086687,-6.815501904985,
    41.681881347649));
#3233 = CARTESIAN_POINT('',(2.740500011275,-5.618815254056,
    41.795408107915));
#3234 = CARTESIAN_POINT('',(4.974521128795,-2.075628378562,
    41.909114806822));
#3235 = CARTESIAN_POINT('',(4.308774598075,1.327351168962,
    42.022718674149));
#3236 = CARTESIAN_POINT('',(2.153563518637,3.016200010966,
    42.136365072609));
#3237 = CARTESIAN_POINT('',(-2.153563541003,3.016199994995,
    42.363634547526));
#3238 = CARTESIAN_POINT('',(-4.308774607917,1.327351137021,
    42.477280946019));
#3239 = CARTESIAN_POINT('',(-4.974521113402,-2.075628415477,
    42.590884813245));
#3240 = CARTESIAN_POINT('',(-2.740499969615,-5.618815274339,
    42.704591512343));
#3241 = CARTESIAN_POINT('',(2.418711137241,-6.815501887082,
    42.818118272342));
#3242 = CARTESIAN_POINT('',(6.815501905009,-2.418711086705,
    42.931881347826));
#3243 = CARTESIAN_POINT('',(5.618815254033,2.740500011295,
    43.045408107716));
#3244 = CARTESIAN_POINT('',(2.075628378574,4.97452112878,43.159114807006
    ));
#3245 = CARTESIAN_POINT('',(-1.327351168966,4.308774598084,
    43.272718674009));
#3246 = CARTESIAN_POINT('',(-3.016200010966,2.153563518632,
    43.386365072696));
#3247 = CARTESIAN_POINT('',(-3.016199994997,-2.153563540993,
    43.613634547355));
#3248 = CARTESIAN_POINT('',(-1.327351137007,-4.308774607975,
    43.727280947021));
#3249 = CARTESIAN_POINT('',(2.075628415437,-4.974521113235,
    43.840884810348));
#3250 = CARTESIAN_POINT('',(5.618815274419,-2.740499969958,
    43.954591518308));
#3251 = CARTESIAN_POINT('',(6.815501886955,2.418711137795,
    44.068118262736));
#3252 = CARTESIAN_POINT('',(2.418711086872,6.815501904279,
    44.181881360401));
#3253 = CARTESIAN_POINT('',(-2.740500011481,5.618815254831,
    44.295408094094));
#3254 = CARTESIAN_POINT('',(-4.974521128604,2.075628377848,
    44.409114819298));
#3255 = CARTESIAN_POINT('',(-4.308774598221,-1.327351168418,
    44.52271866479));
#3256 = CARTESIAN_POINT('',(-2.153563518546,-3.016200011306,
    44.636365078382));
#3257 = CARTESIAN_POINT('',(2.153563540823,-3.016199994319,
    44.863634536036));
#3258 = CARTESIAN_POINT('',(4.308774608975,-1.327351140987,
    44.977281013365));
#3259 = CARTESIAN_POINT('',(4.974521110341,2.075628426961,
    45.090884618259));
#3260 = CARTESIAN_POINT('',(2.740499975921,5.618815250677,
    45.204591914071));
#3261 = CARTESIAN_POINT('',(-2.418711147394,6.815501925193,
    45.318117625332));
#3262 = CARTESIAN_POINT('',(-6.815501891718,2.418711036815,
    45.431882194807));
#3263 = CARTESIAN_POINT('',(-5.618815268432,-2.740499957245,
    45.545407190135));
#3264 = CARTESIAN_POINT('',(-2.075628365578,-4.974521177557,
    45.659115635093));
#3265 = CARTESIAN_POINT('',(1.327351159214,-4.308774561488,
    45.772718052731));
#3266 = CARTESIAN_POINT('',(3.016200016984,-2.153563541209,
    45.886365455971));
#3267 = CARTESIAN_POINT('',(3.0162,2.236620133544E-08,45.999999620144));
#3268 = PCURVE('',#2811,#3269);
#3269 = DEFINITIONAL_REPRESENTATION('',(#3270),#3274);
#3270 = LINE('',#3271,#3272);
#3271 = CARTESIAN_POINT('',(0.583095189485,0.));
#3272 = VECTOR('',#3273,1.);
#3273 = DIRECTION('',(0.,1.));
#3274 = ( GEOMETRIC_REPRESENTATION_CONTEXT(2) 
PARAMETRIC_REPRESENTATION_CONTEXT() REPRESENTATION_CONTEXT('2D SPACE',''
  ) );
#3275 = PCURVE('',#3276,#3441);
#3276 = B_SPLINE_SURFACE_WITH_KNOTS('',1,11,(
    (#3277,#3278,#3279,#3280,#3281,#3282,#3283,#3284,#3285,#3286,#3287
      ,#3288,#3289,#3290,#3291,#3292,#3293,#3294,#3295,#3296,#3297,#3298
      ,#3299,#3300,#3301,#3302,#3303,#3304,#3305,#3306,#3307,#3308,#3309
      ,#3310,#3311,#3312,#3313,#3314,#3315,#3316,#3317,#3318,#3319,#3320
      ,#3321,#3322,#3323,#3324,#3325,#3326,#3327,#3328,#3329,#3330,#3331
      ,#3332,#3333,#3334,#3335,#3336,#3337,#3338,#3339,#3340,#3341,#3342
      ,#3343,#3344,#3345,#3346,#3347,#3348,#3349,#3350,#3351,#3352,#3353
      ,#3354,#3355,#3356,#3357,#3358)
    ,(#3359,#3360,#3361,#3362,#3363,#3364,#3365,#3366,#3367,#3368,#3369
      ,#3370,#3371,#3372,#3373,#3374,#3375,#3376,#3377,#3378,#3379,#3380
      ,#3381,#3382,#3383,#3384,#3385,#3386,#3387,#3388,#3389,#3390,#3391
      ,#3392,#3393,#3394,#3395,#3396,#3397,#3398,#3399,#3400,#3401,#3402
      ,#3403,#3404,#3405,#3406,#3407,#3408,#3409,#3410,#3411,#3412,#3413
      ,#3414,#3415,#3416,#3417,#3418,#3419,#3420,#3421,#3422,#3423,#3424
      ,#3425,#3426,#3427,#3428,#3429,#3430,#3431,#3432,#3433,#3434,#3435
      ,#3436,#3437,#3438,#3439,#3440
    )),.UNSPECIFIED.,.F.,.F.,.F.,(2,2),(12,10,10,10,10,10,10,10,12),(0.,
    0.583095189485),(0.,7.952831414459,15.905662828918,23.858494243377,
    31.811325657837,39.764157072296,47.716988486755,55.669819901214,
    63.622651315673),.UNSPECIFIED.);
#3277 = CARTESIAN_POINT('',(3.0162,4.884981308351E-15,36.));
#3278 = CARTESIAN_POINT('',(3.016200001013,2.153563563578,
    36.113634164154));
#3279 = CARTESIAN_POINT('',(1.327351127268,4.308774571323,
    36.227281567438));
#3280 = CARTESIAN_POINT('',(-2.075628402483,4.974521162177,
    36.340883985005));
#3281 = CARTESIAN_POINT('',(-5.61881528872,2.74049991558,36.45459243004)
  );
#3282 = CARTESIAN_POINT('',(-6.815501873835,-2.418711087384,
    36.568117425325));
#3283 = CARTESIAN_POINT('',(-2.418711096793,-6.815501943073,
    36.681881994783));
#3284 = CARTESIAN_POINT('',(2.740500017536,-5.618815230413,
    36.795407706106));
#3285 = CARTESIAN_POINT('',(4.974521125763,-2.075628390034,
    36.90911500185));
#3286 = CARTESIAN_POINT('',(4.308774599121,1.327351172924,
    37.022718606788));
#3287 = CARTESIAN_POINT('',(2.153563518458,3.016200010291,37.1363650841)
  );
#3288 = CARTESIAN_POINT('',(-2.153563540915,3.016199995335,
    37.363634541759));
#3289 = CARTESIAN_POINT('',(-4.308774608057,1.327351136466,
    37.477280955348));
#3290 = CARTESIAN_POINT('',(-4.974521113221,-2.075628414736,
    37.590884800846));
#3291 = CARTESIAN_POINT('',(-2.740499969814,-5.61881527515,
    37.704591526034));
#3292 = CARTESIAN_POINT('',(2.418711137429,-6.815501886357,
    37.818118259761));
#3293 = CARTESIAN_POINT('',(6.815501904858,-2.418711087227,
    37.931881357371));
#3294 = CARTESIAN_POINT('',(5.618815254133,2.740500011594,
    38.045408101864));
#3295 = CARTESIAN_POINT('',(2.075628378524,4.974521128649,
    38.159114809768));
#3296 = CARTESIAN_POINT('',(-1.327351168949,4.308774598123,
    38.27271867313));
#3297 = CARTESIAN_POINT('',(-3.016200010969,2.153563518629,
    38.386365072781));
#3298 = CARTESIAN_POINT('',(-3.016199994994,-2.153563541001,
    38.613634547446));
#3299 = CARTESIAN_POINT('',(-1.327351137021,-4.308774607914,
    38.727280946124));
#3300 = CARTESIAN_POINT('',(2.075628415478,-4.974521113418,
    38.840884813147));
#3301 = CARTESIAN_POINT('',(5.618815274325,-2.740499969587,
    38.954591512401));
#3302 = CARTESIAN_POINT('',(6.815501887121,2.41871113721,39.068118272339
    ));
#3303 = CARTESIAN_POINT('',(2.418711086643,6.81550190503,39.181881347777
    ));
#3304 = CARTESIAN_POINT('',(-2.74050001123,5.618815254025,
    39.295408107807));
#3305 = CARTESIAN_POINT('',(-4.974521128825,2.075628378576,
    39.409114806892));
#3306 = CARTESIAN_POINT('',(-4.308774598062,-1.327351168966,
    39.522718674119));
#3307 = CARTESIAN_POINT('',(-2.153563518639,-3.016200010966,
    39.636365072613));
#3308 = CARTESIAN_POINT('',(2.153563541006,-3.016199994996,
    39.86363454753));
#3309 = CARTESIAN_POINT('',(4.308774607909,-1.327351137015,
    39.977280945989));
#3310 = CARTESIAN_POINT('',(4.974521113412,2.075628415463,
    40.090884813322));
#3311 = CARTESIAN_POINT('',(2.740499969621,5.618815274352,
    40.204591512211));
#3312 = CARTESIAN_POINT('',(-2.41871113728,6.815501887084,
    40.318118272512));
#3313 = CARTESIAN_POINT('',(-6.815501904942,2.41871108668,
    40.431881347643));
#3314 = CARTESIAN_POINT('',(-5.618815254099,-2.740500011258,
    40.545408107892));
#3315 = CARTESIAN_POINT('',(-2.075628378535,-4.974521128811,
    40.65911480685));
#3316 = CARTESIAN_POINT('',(1.327351168953,-4.308774598067,
    40.772718674133));
#3317 = CARTESIAN_POINT('',(3.016200010967,-2.153563518639,
    40.886365072613));
#3318 = CARTESIAN_POINT('',(3.016199994995,2.153563541005,
    41.113634547526));
#3319 = CARTESIAN_POINT('',(1.327351137021,4.308774607914,
    41.227280946012));
#3320 = CARTESIAN_POINT('',(-2.075628415477,4.974521113406,
    41.340884813274));
#3321 = CARTESIAN_POINT('',(-5.618815274335,2.740499969617,
    41.454591512271));
#3322 = CARTESIAN_POINT('',(-6.815501887093,-2.418711137255,
    41.568118272469));
#3323 = CARTESIAN_POINT('',(-2.418711086687,-6.815501904985,
    41.681881347649));
#3324 = CARTESIAN_POINT('',(2.740500011275,-5.618815254056,
    41.795408107915));
#3325 = CARTESIAN_POINT('',(4.974521128795,-2.075628378562,
    41.909114806822));
#3326 = CARTESIAN_POINT('',(4.308774598075,1.327351168962,
    42.022718674149));
#3327 = CARTESIAN_POINT('',(2.153563518637,3.016200010966,
    42.136365072609));
#3328 = CARTESIAN_POINT('',(-2.153563541003,3.016199994995,
    42.363634547526));
#3329 = CARTESIAN_POINT('',(-4.308774607917,1.327351137021,
    42.477280946019));
#3330 = CARTESIAN_POINT('',(-4.974521113402,-2.075628415477,
    42.590884813245));
#3331 = CARTESIAN_POINT('',(-2.740499969615,-5.618815274339,
    42.704591512343));
#3332 = CARTESIAN_POINT('',(2.418711137241,-6.815501887082,
    42.818118272342));
#3333 = CARTESIAN_POINT('',(6.815501905009,-2.418711086705,
    42.931881347826));
#3334 = CARTESIAN_POINT('',(5.618815254033,2.740500011295,
    43.045408107716));
#3335 = CARTESIAN_POINT('',(2.075628378574,4.97452112878,43.159114807006
    ));
#3336 = CARTESIAN_POINT('',(-1.327351168966,4.308774598084,
    43.272718674009));
#3337 = CARTESIAN_POINT('',(-3.016200010966,2.153563518632,
    43.386365072696));
#3338 = CARTESIAN_POINT('',(-3.016199994997,-2.153563540993,
    43.613634547355));
#3339 = CARTESIAN_POINT('',(-1.327351137007,-4.308774607975,
    43.727280947021));
#3340 = CARTESIAN_POINT('',(2.075628415437,-4.974521113235,
    43.840884810348));
#3341 = CARTESIAN_POINT('',(5.618815274419,-2.740499969958,
    43.954591518308));
#3342 = CARTESIAN_POINT('',(6.815501886955,2.418711137794,
    44.068118262736));
#3343 = CARTESIAN_POINT('',(2.418711086872,6.81550190428,44.181881360401
    ));
#3344 = CARTESIAN_POINT('',(-2.740500011481,5.61881525483,
    44.295408094094));
#3345 = CARTESIAN_POINT('',(-4.974521128604,2.075628377849,
    44.409114819298));
#3346 = CARTESIAN_POINT('',(-4.308774598221,-1.327351168418,
    44.52271866479));
#3347 = CARTESIAN_POINT('',(-2.153563518546,-3.016200011306,
    44.636365078382));
#3348 = CARTESIAN_POINT('',(2.153563540823,-3.016199994319,
    44.863634536036));
#3349 = CARTESIAN_POINT('',(4.308774608975,-1.327351140987,
    44.977281013365));
#3350 = CARTESIAN_POINT('',(4.974521110341,2.075628426961,
    45.090884618259));
#3351 = CARTESIAN_POINT('',(2.740499975921,5.618815250677,
    45.204591914071));
#3352 = CARTESIAN_POINT('',(-2.418711147394,6.815501925192,
    45.318117625332));
#3353 = CARTESIAN_POINT('',(-6.815501891718,2.418711036815,
    45.431882194807));
#3354 = CARTESIAN_POINT('',(-5.618815268432,-2.740499957246,
    45.545407190135));
#3355 = CARTESIAN_POINT('',(-2.075628365578,-4.974521177557,
    45.659115635093));
#3356 = CARTESIAN_POINT('',(1.327351159214,-4.308774561489,
    45.772718052731));
#3357 = CARTESIAN_POINT('',(3.016200016984,-2.153563541209,
    45.886365455971));
#3358 = CARTESIAN_POINT('',(3.0162,2.236620133544E-08,45.999999620144));
#3359 = CARTESIAN_POINT('',(2.4762,1.110223024625E-15,36.22));
#3360 = CARTESIAN_POINT('',(2.476201556735,1.768001445658,
    36.333637956364));
#3361 = CARTESIAN_POINT('',(1.089703486636,3.537373625578,
    36.447266325775));
#3362 = CARTESIAN_POINT('',(-1.703997077439,4.08388679074,
    36.560927271041));
#3363 = CARTESIAN_POINT('',(-4.612913408388,2.249904630001,
    36.674511437821));
#3364 = CARTESIAN_POINT('',(-5.595223229571,-1.985726533673,
    36.78822844747));
#3365 = CARTESIAN_POINT('',(-1.985765620096,-5.595271971868,
    36.901771972457));
#3366 = CARTESIAN_POINT('',(2.249926210989,-4.612870312864,
    37.01548846358));
#3367 = CARTESIAN_POINT('',(4.083879167955,-1.704023796942,
    37.129073462624));
#3368 = CARTESIAN_POINT('',(3.537374950726,1.089714440639,
    37.242733548057));
#3369 = CARTESIAN_POINT('',(1.768001486398,2.476198971441,
    37.356362588004));
#3370 = CARTESIAN_POINT('',(-1.768001466121,2.476201291431,
    37.583637682926));
#3371 = CARTESIAN_POINT('',(-3.537373592409,1.089703916686,
    37.697266769015));
#3372 = CARTESIAN_POINT('',(-4.083886834949,-1.703997650643,
    37.810926680254));
#3373 = CARTESIAN_POINT('',(-2.249904581011,-4.612912773237,
    37.924512092458));
#3374 = CARTESIAN_POINT('',(1.985726488445,-5.595223815851,
    38.038227843206));
#3375 = CARTESIAN_POINT('',(5.595272006428,-1.985765172235,
    38.151772434047));
#3376 = CARTESIAN_POINT('',(4.612870291399,2.249925932913,
    38.265488176986));
#3377 = CARTESIAN_POINT('',(1.704023807362,4.083879302925,
    38.379073601724));
#3378 = CARTESIAN_POINT('',(-1.089714444238,3.537374904109,
    38.492733500014));
#3379 = CARTESIAN_POINT('',(-2.476198970828,1.768001494352,
    38.606362596201));
#3380 = CARTESIAN_POINT('',(-2.476201291737,-1.768001470117,
    38.833637678807));
#3381 = CARTESIAN_POINT('',(-1.089703916197,-3.537373585923,
    38.947266775698));
#3382 = CARTESIAN_POINT('',(1.703997650002,-4.083886843614,
    39.060926671339));
#3383 = CARTESIAN_POINT('',(4.612912773934,-2.249904571378,
    39.174512102333));
#3384 = CARTESIAN_POINT('',(5.595223815217,1.985726479519,
    39.288227834108));
#3385 = CARTESIAN_POINT('',(1.985765172718,5.595272013273,
    39.401772440972));
#3386 = CARTESIAN_POINT('',(-2.249925933216,4.612870287136,
    39.515488172708));
#3387 = CARTESIAN_POINT('',(-4.083879302773,1.704023809435,
    39.629073603789));
#3388 = CARTESIAN_POINT('',(-3.537374904164,-1.089714444954,
    39.742733499305));
#3389 = CARTESIAN_POINT('',(-1.768001494342,-2.476198970706,
    39.856362596321));
#3390 = CARTESIAN_POINT('',(1.768001470112,-2.476201291799,
    40.083637678746));
#3391 = CARTESIAN_POINT('',(3.537373585937,-1.089703916094,
    40.197266775801));
#3392 = CARTESIAN_POINT('',(4.08388684358,1.703997649856,40.310926671195
    ));
#3393 = CARTESIAN_POINT('',(2.249904571449,4.612912774113,
    40.424512102502));
#3394 = CARTESIAN_POINT('',(-1.985726479631,5.595223815029,
    40.53822783394));
#3395 = CARTESIAN_POINT('',(-5.595272013145,1.985765172881,
    40.651772441109));
#3396 = CARTESIAN_POINT('',(-4.612870287238,-2.249925933326,
    40.765488172618));
#3397 = CARTESIAN_POINT('',(-1.704023809381,-4.083879302719,
    40.879073603832));
#3398 = CARTESIAN_POINT('',(1.089714444939,-3.537374904181,
    40.992733499292));
#3399 = CARTESIAN_POINT('',(2.476198970705,-1.76800149434,
    41.106362596321));
#3400 = CARTESIAN_POINT('',(2.476201291802,1.768001470111,
    41.333637678751));
#3401 = CARTESIAN_POINT('',(1.089703916075,3.537373585942,41.44726677577
    ));
#3402 = CARTESIAN_POINT('',(-1.703997649809,4.083886843562,
    41.560926671264));
#3403 = CARTESIAN_POINT('',(-4.612912774192,2.249904571484,
    41.674512102417));
#3404 = CARTESIAN_POINT('',(-5.595223814935,-1.985726479677,
    41.788227833996));
#3405 = CARTESIAN_POINT('',(-1.985765172965,-5.595272013098,
    41.901772441115));
#3406 = CARTESIAN_POINT('',(2.249925933381,-4.612870287276,
    42.015488172569));
#3407 = CARTESIAN_POINT('',(4.083879302693,-1.704023809357,
    42.129073603882));
#3408 = CARTESIAN_POINT('',(3.537374904189,1.089714444927,
    42.242733499267));
#3409 = CARTESIAN_POINT('',(1.768001494338,2.476198970709,
    42.356362596326));
#3410 = CARTESIAN_POINT('',(-1.768001470108,2.4762012918,42.583637678749
    ));
#3411 = CARTESIAN_POINT('',(-3.537373585955,1.089703916083,
    42.697266775767));
#3412 = CARTESIAN_POINT('',(-4.083886843532,-1.703997649826,
    42.810926671284));
#3413 = CARTESIAN_POINT('',(-2.249904571536,-4.612912774164,
    42.92451210236));
#3414 = CARTESIAN_POINT('',(1.985726479752,-5.595223814968,
    43.038227834103));
#3415 = CARTESIAN_POINT('',(5.595272013002,-1.985765172933,
    43.151772440962));
#3416 = CARTESIAN_POINT('',(4.612870287388,2.249925933358,
    43.265488172739));
#3417 = CARTESIAN_POINT('',(1.704023809243,4.083879302706,
    43.379073603731));
#3418 = CARTESIAN_POINT('',(-1.089714444832,3.537374904182,
    43.492733499375));
#3419 = CARTESIAN_POINT('',(-2.476198970771,1.768001494341,
    43.606362596262));
#3420 = CARTESIAN_POINT('',(-2.476201291676,-1.768001470114,
    43.833637678874));
#3421 = CARTESIAN_POINT('',(-1.089703916806,-3.537373585921,
    43.947266775039));
#3422 = CARTESIAN_POINT('',(1.703997651922,-4.083886843631,
    44.060926673389));
#3423 = CARTESIAN_POINT('',(4.612912769841,-2.24990457133,
    44.174512098031));
#3424 = CARTESIAN_POINT('',(5.595223821937,1.985726479419,
    44.288227841068));
#3425 = CARTESIAN_POINT('',(1.985765163809,5.595272013438,
    44.401772431851));
#3426 = CARTESIAN_POINT('',(-2.249925923477,4.61287028692,
    44.515488182603));
#3427 = CARTESIAN_POINT('',(-4.083879311616,1.704023809659,
    44.629073594833));
#3428 = CARTESIAN_POINT('',(-3.537374897504,-1.08971444514,
    44.742733506049));
#3429 = CARTESIAN_POINT('',(-1.768001498459,-2.476198970583,
    44.856362592146));
#3430 = CARTESIAN_POINT('',(1.768001478312,-2.476201292048,
    45.08363768707));
#3431 = CARTESIAN_POINT('',(3.537373537869,-1.08970391463,
    45.197266727001));
#3432 = CARTESIAN_POINT('',(4.083886982755,1.70399764562,45.310926812472
    ));
#3433 = CARTESIAN_POINT('',(2.249904284693,4.612912782826,
    45.424511811482));
#3434 = CARTESIAN_POINT('',(-1.985726017763,5.595223801026,
    45.538228302574));
#3435 = CARTESIAN_POINT('',(-5.595272617793,1.985765191174,
    45.651771827701));
#3436 = CARTESIAN_POINT('',(-4.612869632166,-2.249925953107,
    45.765488837129));
#3437 = CARTESIAN_POINT('',(-1.704024400575,-4.083879284892,
    45.879073004124));
#3438 = CARTESIAN_POINT('',(1.089714888492,-3.537374917543,
    45.992733949247));
#3439 = CARTESIAN_POINT('',(2.476198697067,-1.768001486101,
    46.106362318723));
#3440 = CARTESIAN_POINT('',(2.476200266821,-1.61958935152E-08,
    46.220000275068));
#3441 = DEFINITIONAL_REPRESENTATION('',(#3442),#3446);
#3442 = LINE('',#3443,#3444);
#3443 = CARTESIAN_POINT('',(0.,0.));
#3444 = VECTOR('',#3445,1.);
#3445 = DIRECTION('',(0.,1.));
#3446 = ( GEOMETRIC_REPRESENTATION_CONTEXT(2) 
PARAMETRIC_REPRESENTATION_CONTEXT() REPRESENTATION_CONTEXT('2D SPACE',''
  ) );
#3447 = ORIENTED_EDGE('',*,*,#3448,.F.);
#3448 = EDGE_CURVE('',#2724,#3182,#3449,.T.);
#3449 = SURFACE_CURVE('',#3450,(#3453,#3460),.PCURVE_S1.);
#3450 = B_SPLINE_CURVE_WITH_KNOTS('',1,(#3451,#3452),.UNSPECIFIED.,.F.,
  .F.,(2,2),(0.,0.583095189485),.PIECEWISE_BEZIER_KNOTS.);
#3451 = CARTESIAN_POINT('',(2.476199733179,-1.619643863471E-08,
    45.780000275069));
#3452 = CARTESIAN_POINT('',(3.0162,2.236620133544E-08,45.999999620144));
#3453 = PCURVE('',#2811,#3454);
#3454 = DEFINITIONAL_REPRESENTATION('',(#3455),#3459);
#3455 = LINE('',#3456,#3457);
#3456 = CARTESIAN_POINT('',(0.,63.622651315673));
#3457 = VECTOR('',#3458,1.);
#3458 = DIRECTION('',(1.,0.));
#3459 = ( GEOMETRIC_REPRESENTATION_CONTEXT(2) 
PARAMETRIC_REPRESENTATION_CONTEXT() REPRESENTATION_CONTEXT('2D SPACE',''
  ) );
#3460 = PCURVE('',#3461,#3466);
#3461 = PLANE('',#3462);
#3462 = AXIS2_PLACEMENT_3D('',#3463,#3464,#3465);
#3463 = CARTESIAN_POINT('',(2.672236165105,-2.196871808843E-09,
    46.000000037311));
#3464 = DIRECTION('',(7.141178999904E-08,-1.,1.152515066249E-12));
#3465 = DIRECTION('',(-1.,-7.141178999904E-08,-1.203706215242E-35));
#3466 = DEFINITIONAL_REPRESENTATION('',(#3467),#3470);
#3467 = B_SPLINE_CURVE_WITH_KNOTS('',1,(#3468,#3469),.UNSPECIFIED.,.F.,
  .F.,(2,2),(0.,0.583095189485),.PIECEWISE_BEZIER_KNOTS.);
#3468 = CARTESIAN_POINT('',(0.196036431926,0.219999762242));
#3469 = CARTESIAN_POINT('',(-0.343963834895,4.17167591138E-07));
#3470 = ( GEOMETRIC_REPRESENTATION_CONTEXT(2) 
PARAMETRIC_REPRESENTATION_CONTEXT() REPRESENTATION_CONTEXT('2D SPACE',''
  ) );
#3471 = ADVANCED_FACE('',(#3472),#3276,.F.);
#3472 = FACE_BOUND('',#3473,.F.);
#3473 = EDGE_LOOP('',(#3474,#3475,#3496,#3598));
#3474 = ORIENTED_EDGE('',*,*,#3181,.F.);
#3475 = ORIENTED_EDGE('',*,*,#3476,.T.);
#3476 = EDGE_CURVE('',#3156,#3477,#3479,.T.);
#3477 = VERTEX_POINT('',#3478);
#3478 = CARTESIAN_POINT('',(2.4762,-2.22044604925E-16,36.22));
#3479 = SURFACE_CURVE('',#3480,(#3483,#3490),.PCURVE_S1.);
#3480 = B_SPLINE_CURVE_WITH_KNOTS('',1,(#3481,#3482),.UNSPECIFIED.,.F.,
  .F.,(2,2),(0.,0.583095189485),.PIECEWISE_BEZIER_KNOTS.);
#3481 = CARTESIAN_POINT('',(3.0162,4.884981308351E-15,36.));
#3482 = CARTESIAN_POINT('',(2.4762,1.110223024625E-15,36.22));
#3483 = PCURVE('',#3276,#3484);
#3484 = DEFINITIONAL_REPRESENTATION('',(#3485),#3489);
#3485 = LINE('',#3486,#3487);
#3486 = CARTESIAN_POINT('',(0.,0.));
#3487 = VECTOR('',#3488,1.);
#3488 = DIRECTION('',(1.,0.));
#3489 = ( GEOMETRIC_REPRESENTATION_CONTEXT(2) 
PARAMETRIC_REPRESENTATION_CONTEXT() REPRESENTATION_CONTEXT('2D SPACE',''
  ) );
#3490 = PCURVE('',#3170,#3491);
#3491 = DEFINITIONAL_REPRESENTATION('',(#3492),#3495);
#3492 = B_SPLINE_CURVE_WITH_KNOTS('',1,(#3493,#3494),.UNSPECIFIED.,.F.,
  .F.,(2,2),(0.,0.583095189485),.PIECEWISE_BEZIER_KNOTS.);
#3493 = CARTESIAN_POINT('',(-0.343963834895,0.));
#3494 = CARTESIAN_POINT('',(0.196036165105,-0.22));
#3495 = ( GEOMETRIC_REPRESENTATION_CONTEXT(2) 
PARAMETRIC_REPRESENTATION_CONTEXT() REPRESENTATION_CONTEXT('2D SPACE',''
  ) );
#3496 = ORIENTED_EDGE('',*,*,#3497,.T.);
#3497 = EDGE_CURVE('',#3477,#3498,#3500,.T.);
#3498 = VERTEX_POINT('',#3499);
#3499 = CARTESIAN_POINT('',(2.476200266821,-1.61958915168E-08,
    46.220000275068));
#3500 = SURFACE_CURVE('',#3501,(#3584,#3591),.PCURVE_S1.);
#3501 = B_SPLINE_CURVE_WITH_KNOTS('',11,(#3502,#3503,#3504,#3505,#3506,
    #3507,#3508,#3509,#3510,#3511,#3512,#3513,#3514,#3515,#3516,#3517,
    #3518,#3519,#3520,#3521,#3522,#3523,#3524,#3525,#3526,#3527,#3528,
    #3529,#3530,#3531,#3532,#3533,#3534,#3535,#3536,#3537,#3538,#3539,
    #3540,#3541,#3542,#3543,#3544,#3545,#3546,#3547,#3548,#3549,#3550,
    #3551,#3552,#3553,#3554,#3555,#3556,#3557,#3558,#3559,#3560,#3561,
    #3562,#3563,#3564,#3565,#3566,#3567,#3568,#3569,#3570,#3571,#3572,
    #3573,#3574,#3575,#3576,#3577,#3578,#3579,#3580,#3581,#3582,#3583),
  .UNSPECIFIED.,.F.,.F.,(12,10,10,10,10,10,10,10,12),(0.,7.952831414459,
    15.905662828918,23.858494243377,31.811325657837,39.764157072296,
    47.716988486755,55.669819901214,63.622651315673),.UNSPECIFIED.);
#3502 = CARTESIAN_POINT('',(2.4762,1.110223024625E-15,36.22));
#3503 = CARTESIAN_POINT('',(2.476201556735,1.768001445658,
    36.333637956364));
#3504 = CARTESIAN_POINT('',(1.089703486636,3.537373625578,
    36.447266325775));
#3505 = CARTESIAN_POINT('',(-1.703997077439,4.08388679074,
    36.560927271041));
#3506 = CARTESIAN_POINT('',(-4.612913408388,2.249904630001,
    36.674511437821));
#3507 = CARTESIAN_POINT('',(-5.595223229571,-1.985726533673,
    36.78822844747));
#3508 = CARTESIAN_POINT('',(-1.985765620096,-5.595271971868,
    36.901771972457));
#3509 = CARTESIAN_POINT('',(2.249926210989,-4.612870312864,
    37.01548846358));
#3510 = CARTESIAN_POINT('',(4.083879167955,-1.704023796942,
    37.129073462624));
#3511 = CARTESIAN_POINT('',(3.537374950726,1.089714440639,
    37.242733548057));
#3512 = CARTESIAN_POINT('',(1.768001486398,2.476198971441,
    37.356362588004));
#3513 = CARTESIAN_POINT('',(-1.768001466121,2.476201291431,
    37.583637682926));
#3514 = CARTESIAN_POINT('',(-3.537373592409,1.089703916686,
    37.697266769015));
#3515 = CARTESIAN_POINT('',(-4.083886834949,-1.703997650643,
    37.810926680254));
#3516 = CARTESIAN_POINT('',(-2.249904581011,-4.612912773237,
    37.924512092458));
#3517 = CARTESIAN_POINT('',(1.985726488445,-5.595223815851,
    38.038227843206));
#3518 = CARTESIAN_POINT('',(5.595272006428,-1.985765172235,
    38.151772434047));
#3519 = CARTESIAN_POINT('',(4.612870291399,2.249925932913,
    38.265488176986));
#3520 = CARTESIAN_POINT('',(1.704023807362,4.083879302925,
    38.379073601724));
#3521 = CARTESIAN_POINT('',(-1.089714444238,3.537374904109,
    38.492733500014));
#3522 = CARTESIAN_POINT('',(-2.476198970828,1.768001494352,
    38.606362596201));
#3523 = CARTESIAN_POINT('',(-2.476201291737,-1.768001470117,
    38.833637678807));
#3524 = CARTESIAN_POINT('',(-1.089703916197,-3.537373585923,
    38.947266775698));
#3525 = CARTESIAN_POINT('',(1.703997650002,-4.083886843614,
    39.060926671339));
#3526 = CARTESIAN_POINT('',(4.612912773934,-2.249904571378,
    39.174512102333));
#3527 = CARTESIAN_POINT('',(5.595223815217,1.985726479519,
    39.288227834108));
#3528 = CARTESIAN_POINT('',(1.985765172718,5.595272013273,
    39.401772440972));
#3529 = CARTESIAN_POINT('',(-2.249925933216,4.612870287136,
    39.515488172708));
#3530 = CARTESIAN_POINT('',(-4.083879302773,1.704023809435,
    39.629073603789));
#3531 = CARTESIAN_POINT('',(-3.537374904164,-1.089714444954,
    39.742733499305));
#3532 = CARTESIAN_POINT('',(-1.768001494342,-2.476198970706,
    39.856362596321));
#3533 = CARTESIAN_POINT('',(1.768001470112,-2.476201291799,
    40.083637678746));
#3534 = CARTESIAN_POINT('',(3.537373585937,-1.089703916094,
    40.197266775801));
#3535 = CARTESIAN_POINT('',(4.08388684358,1.703997649856,40.310926671195
    ));
#3536 = CARTESIAN_POINT('',(2.249904571449,4.612912774113,
    40.424512102502));
#3537 = CARTESIAN_POINT('',(-1.985726479631,5.595223815029,
    40.53822783394));
#3538 = CARTESIAN_POINT('',(-5.595272013145,1.985765172881,
    40.651772441109));
#3539 = CARTESIAN_POINT('',(-4.612870287238,-2.249925933326,
    40.765488172618));
#3540 = CARTESIAN_POINT('',(-1.704023809381,-4.083879302719,
    40.879073603832));
#3541 = CARTESIAN_POINT('',(1.089714444939,-3.537374904181,
    40.992733499292));
#3542 = CARTESIAN_POINT('',(2.476198970705,-1.76800149434,
    41.106362596321));
#3543 = CARTESIAN_POINT('',(2.476201291802,1.768001470111,
    41.333637678751));
#3544 = CARTESIAN_POINT('',(1.089703916075,3.537373585942,41.44726677577
    ));
#3545 = CARTESIAN_POINT('',(-1.703997649809,4.083886843562,
    41.560926671264));
#3546 = CARTESIAN_POINT('',(-4.612912774192,2.249904571484,
    41.674512102417));
#3547 = CARTESIAN_POINT('',(-5.595223814935,-1.985726479677,
    41.788227833996));
#3548 = CARTESIAN_POINT('',(-1.985765172965,-5.595272013098,
    41.901772441115));
#3549 = CARTESIAN_POINT('',(2.249925933381,-4.612870287276,
    42.015488172569));
#3550 = CARTESIAN_POINT('',(4.083879302693,-1.704023809357,
    42.129073603882));
#3551 = CARTESIAN_POINT('',(3.537374904189,1.089714444927,
    42.242733499267));
#3552 = CARTESIAN_POINT('',(1.768001494338,2.476198970709,
    42.356362596326));
#3553 = CARTESIAN_POINT('',(-1.768001470108,2.4762012918,42.583637678749
    ));
#3554 = CARTESIAN_POINT('',(-3.537373585955,1.089703916083,
    42.697266775767));
#3555 = CARTESIAN_POINT('',(-4.083886843532,-1.703997649826,
    42.810926671284));
#3556 = CARTESIAN_POINT('',(-2.249904571536,-4.612912774164,
    42.92451210236));
#3557 = CARTESIAN_POINT('',(1.985726479752,-5.595223814968,
    43.038227834103));
#3558 = CARTESIAN_POINT('',(5.595272013002,-1.985765172933,
    43.151772440962));
#3559 = CARTESIAN_POINT('',(4.612870287388,2.249925933358,
    43.265488172739));
#3560 = CARTESIAN_POINT('',(1.704023809243,4.083879302706,
    43.379073603731));
#3561 = CARTESIAN_POINT('',(-1.089714444832,3.537374904182,
    43.492733499375));
#3562 = CARTESIAN_POINT('',(-2.476198970771,1.768001494341,
    43.606362596262));
#3563 = CARTESIAN_POINT('',(-2.476201291676,-1.768001470114,
    43.833637678874));
#3564 = CARTESIAN_POINT('',(-1.089703916806,-3.537373585921,
    43.947266775039));
#3565 = CARTESIAN_POINT('',(1.703997651922,-4.083886843631,
    44.060926673389));
#3566 = CARTESIAN_POINT('',(4.612912769841,-2.24990457133,
    44.174512098031));
#3567 = CARTESIAN_POINT('',(5.595223821937,1.985726479419,
    44.288227841068));
#3568 = CARTESIAN_POINT('',(1.985765163809,5.595272013438,
    44.401772431851));
#3569 = CARTESIAN_POINT('',(-2.249925923477,4.61287028692,
    44.515488182603));
#3570 = CARTESIAN_POINT('',(-4.083879311616,1.704023809659,
    44.629073594833));
#3571 = CARTESIAN_POINT('',(-3.537374897504,-1.08971444514,
    44.742733506049));
#3572 = CARTESIAN_POINT('',(-1.768001498459,-2.476198970583,
    44.856362592146));
#3573 = CARTESIAN_POINT('',(1.768001478312,-2.476201292048,
    45.08363768707));
#3574 = CARTESIAN_POINT('',(3.537373537869,-1.08970391463,
    45.197266727001));
#3575 = CARTESIAN_POINT('',(4.083886982755,1.70399764562,45.310926812472
    ));
#3576 = CARTESIAN_POINT('',(2.249904284693,4.612912782826,
    45.424511811482));
#3577 = CARTESIAN_POINT('',(-1.985726017763,5.595223801026,
    45.538228302574));
#3578 = CARTESIAN_POINT('',(-5.595272617793,1.985765191174,
    45.651771827701));
#3579 = CARTESIAN_POINT('',(-4.612869632166,-2.249925953107,
    45.765488837129));
#3580 = CARTESIAN_POINT('',(-1.704024400575,-4.083879284892,
    45.879073004124));
#3581 = CARTESIAN_POINT('',(1.089714888492,-3.537374917543,
    45.992733949247));
#3582 = CARTESIAN_POINT('',(2.476198697067,-1.768001486101,
    46.106362318723));
#3583 = CARTESIAN_POINT('',(2.476200266821,-1.61958935152E-08,
    46.220000275068));
#3584 = PCURVE('',#3276,#3585);
#3585 = DEFINITIONAL_REPRESENTATION('',(#3586),#3590);
#3586 = LINE('',#3587,#3588);
#3587 = CARTESIAN_POINT('',(0.583095189485,0.));
#3588 = VECTOR('',#3589,1.);
#3589 = DIRECTION('',(0.,1.));
#3590 = ( GEOMETRIC_REPRESENTATION_CONTEXT(2) 
PARAMETRIC_REPRESENTATION_CONTEXT() REPRESENTATION_CONTEXT('2D SPACE',''
  ) );
#3591 = PCURVE('',#2983,#3592);
#3592 = DEFINITIONAL_REPRESENTATION('',(#3593),#3597);
#3593 = LINE('',#3594,#3595);
#3594 = CARTESIAN_POINT('',(0.,0.));
#3595 = VECTOR('',#3596,1.);
#3596 = DIRECTION('',(0.,1.));
#3597 = ( GEOMETRIC_REPRESENTATION_CONTEXT(2) 
PARAMETRIC_REPRESENTATION_CONTEXT() REPRESENTATION_CONTEXT('2D SPACE',''
  ) );
#3598 = ORIENTED_EDGE('',*,*,#3599,.F.);
#3599 = EDGE_CURVE('',#3182,#3498,#3600,.T.);
#3600 = SURFACE_CURVE('',#3601,(#3604,#3611),.PCURVE_S1.);
#3601 = B_SPLINE_CURVE_WITH_KNOTS('',1,(#3602,#3603),.UNSPECIFIED.,.F.,
  .F.,(2,2),(0.,0.583095189485),.PIECEWISE_BEZIER_KNOTS.);
#3602 = CARTESIAN_POINT('',(3.0162,2.236620133544E-08,45.999999620144));
#3603 = CARTESIAN_POINT('',(2.476200266821,-1.61958935152E-08,
    46.220000275068));
#3604 = PCURVE('',#3276,#3605);
#3605 = DEFINITIONAL_REPRESENTATION('',(#3606),#3610);
#3606 = LINE('',#3607,#3608);
#3607 = CARTESIAN_POINT('',(0.,63.622651315673));
#3608 = VECTOR('',#3609,1.);
#3609 = DIRECTION('',(1.,0.));
#3610 = ( GEOMETRIC_REPRESENTATION_CONTEXT(2) 
PARAMETRIC_REPRESENTATION_CONTEXT() REPRESENTATION_CONTEXT('2D SPACE',''
  ) );
#3611 = PCURVE('',#3461,#3612);
#3612 = DEFINITIONAL_REPRESENTATION('',(#3613),#3616);
#3613 = B_SPLINE_CURVE_WITH_KNOTS('',1,(#3614,#3615),.UNSPECIFIED.,.F.,
  .F.,(2,2),(0.,0.583095189485),.PIECEWISE_BEZIER_KNOTS.);
#3614 = CARTESIAN_POINT('',(-0.343963834895,4.17167591138E-07));
#3615 = CARTESIAN_POINT('',(0.196035898284,-0.220000237757));
#3616 = ( GEOMETRIC_REPRESENTATION_CONTEXT(2) 
PARAMETRIC_REPRESENTATION_CONTEXT() REPRESENTATION_CONTEXT('2D SPACE',''
  ) );
#3617 = ADVANCED_FACE('',(#3618),#2983,.F.);
#3618 = FACE_BOUND('',#3619,.F.);
#3619 = EDGE_LOOP('',(#3620,#3621,#3640,#3641));
#3620 = ORIENTED_EDGE('',*,*,#3497,.F.);
#3621 = ORIENTED_EDGE('',*,*,#3622,.T.);
#3622 = EDGE_CURVE('',#3477,#2722,#3623,.T.);
#3623 = SURFACE_CURVE('',#3624,(#3627,#3634),.PCURVE_S1.);
#3624 = B_SPLINE_CURVE_WITH_KNOTS('',1,(#3625,#3626),.UNSPECIFIED.,.F.,
  .F.,(2,2),(0.,0.44),.PIECEWISE_BEZIER_KNOTS.);
#3625 = CARTESIAN_POINT('',(2.4762,-2.22044604925E-16,36.22));
#3626 = CARTESIAN_POINT('',(2.4762,2.6645352591E-15,35.78));
#3627 = PCURVE('',#2983,#3628);
#3628 = DEFINITIONAL_REPRESENTATION('',(#3629),#3633);
#3629 = LINE('',#3630,#3631);
#3630 = CARTESIAN_POINT('',(0.,0.));
#3631 = VECTOR('',#3632,1.);
#3632 = DIRECTION('',(1.,0.));
#3633 = ( GEOMETRIC_REPRESENTATION_CONTEXT(2) 
PARAMETRIC_REPRESENTATION_CONTEXT() REPRESENTATION_CONTEXT('2D SPACE',''
  ) );
#3634 = PCURVE('',#3170,#3635);
#3635 = DEFINITIONAL_REPRESENTATION('',(#3636),#3639);
#3636 = B_SPLINE_CURVE_WITH_KNOTS('',1,(#3637,#3638),.UNSPECIFIED.,.F.,
  .F.,(2,2),(0.,0.44),.PIECEWISE_BEZIER_KNOTS.);
#3637 = CARTESIAN_POINT('',(0.196036165105,-0.22));
#3638 = CARTESIAN_POINT('',(0.196036165105,0.22));
#3639 = ( GEOMETRIC_REPRESENTATION_CONTEXT(2) 
PARAMETRIC_REPRESENTATION_CONTEXT() REPRESENTATION_CONTEXT('2D SPACE',''
  ) );
#3640 = ORIENTED_EDGE('',*,*,#2721,.T.);
#3641 = ORIENTED_EDGE('',*,*,#3642,.F.);
#3642 = EDGE_CURVE('',#3498,#2724,#3643,.T.);
#3643 = SURFACE_CURVE('',#3644,(#3647,#3654),.PCURVE_S1.);
#3644 = B_SPLINE_CURVE_WITH_KNOTS('',1,(#3645,#3646),.UNSPECIFIED.,.F.,
  .F.,(2,2),(0.,0.44),.PIECEWISE_BEZIER_KNOTS.);
#3645 = CARTESIAN_POINT('',(2.476200266821,-1.61958915168E-08,
    46.220000275068));
#3646 = CARTESIAN_POINT('',(2.476199733179,-1.619643685835E-08,
    45.780000275069));
#3647 = PCURVE('',#2983,#3648);
#3648 = DEFINITIONAL_REPRESENTATION('',(#3649),#3653);
#3649 = LINE('',#3650,#3651);
#3650 = CARTESIAN_POINT('',(0.,63.622651315673));
#3651 = VECTOR('',#3652,1.);
#3652 = DIRECTION('',(1.,0.));
#3653 = ( GEOMETRIC_REPRESENTATION_CONTEXT(2) 
PARAMETRIC_REPRESENTATION_CONTEXT() REPRESENTATION_CONTEXT('2D SPACE',''
  ) );
#3654 = PCURVE('',#3461,#3655);
#3655 = DEFINITIONAL_REPRESENTATION('',(#3656),#3659);
#3656 = B_SPLINE_CURVE_WITH_KNOTS('',1,(#3657,#3658),.UNSPECIFIED.,.F.,
  .F.,(2,2),(0.,0.44),.PIECEWISE_BEZIER_KNOTS.);
#3657 = CARTESIAN_POINT('',(0.196035898284,-0.220000237757));
#3658 = CARTESIAN_POINT('',(0.196036431926,0.219999762242));
#3659 = ( GEOMETRIC_REPRESENTATION_CONTEXT(2) 
PARAMETRIC_REPRESENTATION_CONTEXT() REPRESENTATION_CONTEXT('2D SPACE',''
  ) );
#3660 = ADVANCED_FACE('',(#3661),#3170,.T.);
#3661 = FACE_BOUND('',#3662,.T.);
#3662 = EDGE_LOOP('',(#3663,#3664,#3665));
#3663 = ORIENTED_EDGE('',*,*,#3155,.T.);
#3664 = ORIENTED_EDGE('',*,*,#3476,.T.);
#3665 = ORIENTED_EDGE('',*,*,#3622,.T.);
#3666 = ADVANCED_FACE('',(#3667),#3461,.F.);
#3667 = FACE_BOUND('',#3668,.F.);
#3668 = EDGE_LOOP('',(#3669,#3670,#3671));
#3669 = ORIENTED_EDGE('',*,*,#3448,.T.);
#3670 = ORIENTED_EDGE('',*,*,#3599,.T.);
#3671 = ORIENTED_EDGE('',*,*,#3642,.T.);
#3672 = ( GEOMETRIC_REPRESENTATION_CONTEXT(3) 
GLOBAL_UNCERTAINTY_ASSIGNED_CONTEXT((#3676)) 
GLOBAL_UNIT_ASSIGNED_CONTEXT((#3673,#3674,#3675)) REPRESENTATION_CONTEXT
('Context #1','3D Context with UNIT and UNCERTAINTY') );
#3673 = ( LENGTH_UNIT() NAMED_UNIT(*) SI_UNIT(.MILLI.,.METRE.) );
#3674 = ( NAMED_UNIT(*) PLANE_ANGLE_UNIT() SI_UNIT($,.RADIAN.) );
#3675 = ( NAMED_UNIT(*) SI_UNIT($,.STERADIAN.) SOLID_ANGLE_UNIT() );
#3676 = UNCERTAINTY_MEASURE_WITH_UNIT(LENGTH_MEASURE(5.E-05),#3673,
  'distance_accuracy_value','confusion accuracy');
#3677 = CONTEXT_DEPENDENT_SHAPE_REPRESENTATION(#3678,#3680);
#3678 = ( REPRESENTATION_RELATIONSHIP('','',#2714,#10) 
REPRESENTATION_RELATIONSHIP_WITH_TRANSFORMATION(#3679) 
SHAPE_REPRESENTATION_RELATIONSHIP() );
#3679 = ITEM_DEFINED_TRANSFORMATION('','',#11,#23);
#3680 = PRODUCT_DEFINITION_SHAPE('Placement','Placement of an item',
  #3681);
#3681 = NEXT_ASSEMBLY_USAGE_OCCURRENCE('23','','',#5,#2709,$);
#3682 = PRODUCT_RELATED_PRODUCT_CATEGORY('part',$,(#2711));
ENDSEC;
END-ISO-10303-21;
